<?xml version="1.0" encoding="utf-8"?>
<COLLADA xmlns="http://www.collada.org/2005/11/COLLADASchema" version="1.4.1" xmlns:xsi="http://www.w3.org/2001/XMLSchema-instance">
  <asset>
    <contributor>
      <author>Blender User</author>
      <authoring_tool>Blender 4.4.3 commit date:2025-04-29, commit time:14:09, hash:802179c51ccc</authoring_tool>
    </contributor>
    <created>2026-01-13T15:02:15</created>
    <modified>2026-01-13T15:02:15</modified>
    <unit name="meter" meter="1"/>
    <up_axis>Z_UP</up_axis>
  </asset>
  <library_images/>
  <library_geometries>
    <geometry id="base_003-mesh" name="base.003">
      <mesh>
        <source id="base_003-mesh-positions">
          <float_array id="base_003-mesh-positions-array" count="17787">-0.01382243 -0.08737975 0.08146667 -0.01370328 -0.08739888 0.08135128 -0.01478064 -0.08846384 0.08049994 -0.01350194 -0.08743029 0.08094769 -0.01342803 -0.0874415 0.08049994 -0.0149464 -0.08826839 0.08147865 -0.0143451 -0.08729588 0.08197265 -0.01478987 -0.08722066 0.08218228 -0.01540213 -0.08773106 0.08220887 -0.01541119 -0.08772033 0.08221316 -0.01514559 -0.08716052 0.08234989 -0.01601827 -0.08700424 0.08249813 0.005039274 0.08832275 0.08146667 0.004918754 0.08832979 0.08135122 0.005884587 0.08949702 0.08049994 0.004715323 0.08834093 0.08094769 0.004640638 0.08834481 0.08049994 0.006069004 0.08931905 0.08147865 0.005567669 0.08829134 0.08197265 0.006017744 0.08826082 0.08218228 0.006576061 0.08882969 0.08220893 0.006586134 0.08881992 0.08221316 0.006377637 0.08823657 0.08234989 0.007261574 0.0881682 0.08249813 -0.1178792 0.01967406 0.01949739 -0.1192294 0.01062899 0.01949739 -0.1185873 0.01057177 0.02538675 -0.04825419 0.1095459 0.01949739 -0.06087183 0.1030696 0.01949739 -0.06054401 0.1025146 0.02538675 0.04808139 0.1096107 0.01949739 0.0349611 0.1144843 0.01949739 0.03477281 0.1138677 0.02538675 0.0608738 0.1030696 0.01949739 0.04825615 0.1095459 0.01949739 0.04799628 0.1089558 0.02538675 0.04800051 -0.109429 0.01949739 0.05466097 -0.1064949 0.01949739 0.05436658 -0.1059214 0.02538675 0.02936583 -0.1159732 0.01949739 0.04168182 -0.1122123 0.01949739 0.04145735 -0.1116079 0.02538675 -0.08903568 0.03010129 0.09190833 -0.08687508 0.02937072 0.1008621 -0.0827915 0.03943979 0.1008621 0.09066444 -0.02477389 0.09190833 0.08846443 -0.02417284 0.1008621 0.08498448 -0.0344659 0.1008621 -0.05271768 -0.07403928 0.1073 -0.0594058 -0.0689336 0.1073 -0.05986708 -0.06946885 0.1008621 -0.0908792 -3.54193e-6 0.1073 -0.09063953 0.008080303 0.1073 -0.09134334 0.008143007 0.1008621 -0.05271214 0.07401937 0.1073 -0.04627531 0.07835495 0.1073 -0.04663467 0.07896333 0.1008621 -0.004328966 0.0908401 0.1073 0.005391836 0.0908401 0.1073 0.005433678 0.0915454 0.1008621 0.02971649 0.08586668 0.1073 0.03668516 0.08327817 0.1073 0.03697001 0.08392488 0.1008621 0.07147347 0.05621057 0.1073 0.07695019 0.04857784 0.1073 0.07754766 0.04895508 0.1008621 0.0871762 0.02559971 0.1073 0.08904957 0.01874399 0.1073 0.08974105 0.01888948 0.1008621 0.0714159 -0.05615854 0.1073 0.06714373 -0.06142354 0.1073 0.0676651 -0.06190049 0.1008621 0.02973544 -0.0859012 0.1073 0.02137559 -0.08845406 0.1073 0.02154153 -0.08914095 0.1008621 0.09831666 -0.03970968 0.06140249 0.09977352 -0.03931188 0.05860137 0.1034797 -0.02827572 0.05858159 -7.27752e-4 -0.09497094 0.08887416 9.53674e-7 -0.09495955 0.08891165 9.76562e-7 -0.0939874 0.09190833 -0.08185994 -0.05887252 0.07370799 -0.08393031 -0.06674987 0.05860137 -0.07914811 -0.07240706 0.05858159 0.006110727 0.09674751 0.08339029 0.005728483 0.09651219 0.08408045 0.005568802 0.09382224 0.09190833 0.1128475 0.03578209 0.02853494 0.1112948 0.03619599 0.03323566 0.1145775 0.02411741 0.0332483 0.08548516 0.07262814 0.04687839 0.08589041 0.07415133 0.04347771 0.0790643 0.08144199 0.0434854 0.08635336 0.07589119 0.0395931 0.08700644 0.07833069 0.03324443 0.08155828 0.08401095 0.0332483 -0.1196444 0.002319157 0.02048778 -0.1196517 -5.36009e-4 0.02073007 -0.1190053 -0.003528177 0.02538675 -0.1195979 0.004997193 0.01949739 -0.1196168 0.003911733 0.01989883 -0.1196411 0.002506792 0.02041834 -0.119647 -0.001262187 0.02059382 -0.1196337 -0.003353834 0.02020132 -0.1196295 -0.003546953 0.02011859 0.08706188 0.0785377 0.0327059 0.08741253 0.07983678 0.02853494 0.08293133 0.08542525 0.02538675 0.0874893 0.07989978 0.02811902 0.08756208 0.07989001 0.02791684 0.08765572 0.07985204 0.02772712 0.08788454 0.07970565 0.02741342 0.08816921 0.07946848 0.02717775 0.08851456 0.07913023 0.02703487 0.0887283 0.07889831 0.02701103 0.09245282 0.07501733 0.02538675 0.08447867 0.06882846 0.05461478 0.07472163 0.07696861 0.05858159 0.08439344 0.06850403 0.05523669 0.08330047 0.06759095 0.05858159 0.07650941 0.06208044 0.0792942 0.08393228 0.06674963 0.05860137 0.08109599 0.05595874 0.07929599 0.08093148 0.05109143 0.08675438 0.08078688 0.05184614 0.08596348 0.07298433 0.05922019 0.09190833 0.08073979 0.05237984 0.08527493 0.08082395 0.0546239 0.08178848 0.08107388 0.05587434 0.07945752 0.08441609 0.04475879 0.08721208 0.08353191 0.04565674 0.08822709 0.08485251 0.04042065 0.09190833 0.0848788 0.04436117 0.08657836 0.08882546 0.04231297 0.07964754 0.08684176 0.04308247 0.08339029 0.08638381 0.04332995 0.08419048 0.08261245 0.04685419 0.08887416 0.0820446 0.04780346 0.08893102 0.07947623 0.05017244 0.09190833 0.08158683 0.04876804 0.0886479 0.08111202 0.05014902 0.08774167 0.09333807 0.03155517 0.0792942 0.1016229 0.03435605 0.05858159 0.08901017 0.04225093 0.07929599 0.0997706 0.03931272 0.05860227 0.1090117 0.0368089 0.03909647 0.1071642 0.03730624 0.04347753 0.1075291 0.03635275 0.0434854 0.106585 0.03746199 0.04485076 0.1019517 0.03871715 0.05440765 0.1128681 0.03678828 0.02711021 0.1129597 0.03633409 0.02735054 0.1165065 0.02452343 0.02538675 0.1129809 0.03613865 0.02752751 0.1129819 0.03597813 0.02773815 0.112966 0.03587585 0.02793884 0.1129347 0.03580927 0.02815246 0.1026643 0.05927681 0.02701103 0.1071928 0.0510627 0.02701103 0.1074868 0.05120283 0.02538675 0.1081992 0.048581 0.02701103 0.1127883 0.03813081 0.02538675 0.1124798 0.03802645 0.02701103 0.1126926 0.03739082 0.02701103 0.100401 0.06338232 0.02701103 0.1006764 0.06355613 0.02538675 0.09610503 0.06936949 0.02701103 0.09219986 0.07481199 0.02701103 -0.02543401 0.115619 0.02853494 -0.02545011 0.115717 0.02811902 -0.03477084 0.1138677 0.02538675 -0.02448421 0.1146657 0.0327059 -0.03419518 0.1119824 0.0332483 -0.0243327 0.1145143 0.03324443 -0.02540528 0.1157752 0.02791684 -0.02532565 0.1158373 0.02772712 -0.02508443 0.1159622 0.02741342 -0.0247367 0.1160901 0.02717775 -0.02427107 0.1162202 0.02703487 -0.02105933 0.117181 0.02538675 -0.02254658 0.1127289 0.0395931 -0.03314948 0.108558 0.0434854 -0.02127122 0.1114581 0.04347771 -0.03132861 0.1025953 0.05858159 -0.01977598 0.1099689 0.04792976 -0.02015477 0.1103456 0.04687839 -0.01736736 0.1075739 0.05461478 -0.01897442 0.1055807 0.05858159 -0.01584029 0.1060615 0.05860143 -0.01742744 0.09697312 0.0792942 -0.007913172 0.09820967 0.07929599 -0.005730807 0.09657615 0.08392006 -0.006893336 0.09730672 0.08178848 -0.01662445 0.09250521 0.09190833 -0.007851302 0.0981484 0.07945752 0.003446221 0.09548509 0.08721208 0.002226412 0.09516829 0.08822709 0.005667507 0.09647458 0.08419048 0.004021883 0.09568685 0.08657836 7.29698e-4 0.09497082 0.08887416 -3.76289e-4 0.09495359 0.08893102 -0.005566835 0.09382224 0.09190833 -0.001440405 0.09503942 0.0886479 -0.002873837 0.09531873 0.08774167 -0.004506289 0.09588575 0.08596348 -0.004991888 0.09611165 0.08527493 0.01897639 0.1055807 0.05858159 0.007915139 0.09820967 0.07929599 0.01742941 0.09697312 0.0792942 0.007853269 0.0981484 0.07945752 0.01662641 0.09250521 0.09190833 0.01980572 0.1099971 0.04778248 0.01744627 0.1076505 0.05440765 0.01583993 0.1060594 0.05860227 0.02127432 0.1114591 0.04347753 0.03315138 0.108558 0.0434854 0.02380293 0.1139819 0.03529858 0.03419709 0.1119824 0.0332483 0.02430099 0.1144813 0.03323566 0.02396523 0.1162892 0.02701103 0.02457481 0.11614 0.02711021 0.02501404 0.1159922 0.02735054 0.02519387 0.1159127 0.02752751 0.02533334 0.1158335 0.02773815 0.02541393 0.1157686 0.02793884 0.02545595 0.1157081 0.02815246 0.02543592 0.115619 0.02853494 0.02100366 0.1168605 0.02701103 0.02106124 0.117181 0.02538675 0.01202255 0.1179302 0.02701103 0.00705403 0.1188495 0.02538675 0.007034778 0.1185243 0.02701103 9.76562e-7 0.1185243 0.02701103 -0.007052123 0.1188495 0.02538675 -0.007032811 0.1185243 0.02701103 -0.02396333 0.1162892 0.02701103 -0.02100169 0.1168605 0.02701103 -0.01202064 0.1179302 0.02701103 -0.1128455 0.03578209 0.02853494 -0.1165046 0.02452343 0.02538675 -0.1115451 0.03612804 0.0327059 -0.1145756 0.02411741 0.0332483 -0.1129385 0.03581708 0.02811902 -0.1129664 0.03588509 0.02791684 -0.1129804 0.03598511 0.02772712 -0.112968 0.03625643 0.02741342 -0.1129049 0.03662157 0.02717769 -0.1127864 0.03813081 0.02538675 -0.1127847 0.03708982 0.02703487 -0.111072 0.02337986 0.0434854 -0.1089358 0.03682774 0.03949731 -0.1113382 0.03618359 0.03324443 -0.1016209 0.03435605 0.05858159 -0.105639 0.03771728 0.04687839 -0.1075271 0.03635275 0.0434854 -0.1071607 0.0373066 0.04347771 -0.108899 0.03683763 0.0395931 -0.08892422 0.04227375 0.07945752 -0.08900827 0.04225093 0.07929599 -0.0933361 0.03155517 0.0792942 -0.09977161 0.03931176 0.05860137 -0.101845 0.03874546 0.05461478 -0.0808559 0.05132567 0.08657836 -0.08090323 0.05107456 0.08684366 -0.07947432 0.05017244 0.09190833 -0.08096885 0.05072617 0.08721208 -0.08130449 0.04951131 0.08822709 -0.08188182 0.04811644 0.08887416 -0.08241993 0.04715001 0.08893102 -0.08302634 0.04627132 0.0886479 -0.08485054 0.04042065 0.09190833 -0.08398491 0.04516953 0.08774167 -0.08529222 0.04403942 0.08596348 -0.08573079 0.04373192 0.08527493 -0.08771628 0.04268258 0.08178848 -0.08881729 0.04231005 0.07966387 -0.08439427 0.06851416 0.05521166 -0.08392965 0.06674659 0.05860227 -0.08329856 0.06759095 0.05858159 -0.08109408 0.05595874 0.07929599 -0.0765075 0.06208044 0.0792942 -0.08107191 0.05587434 0.07945752 -0.07298243 0.05922019 0.09190833 -0.08073008 0.05366504 0.08339029 -0.08071529 0.05314463 0.08419048 -0.07906234 0.08144199 0.0434854 -0.08573424 0.07357335 0.04485076 -0.07471966 0.07696861 0.05858159 -0.08450448 0.0689333 0.05440765 -0.08155632 0.08401095 0.0332483 -0.08680933 0.07760411 0.03529858 -0.0858888 0.07415282 0.04347753 -0.09245085 0.07501733 0.02538675 -0.09219795 0.07481199 0.02701103 -0.0887264 0.07889831 0.02701103 -0.08292937 0.08542525 0.02538675 -0.08829236 0.07935154 0.02711021 -0.08794468 0.07965797 0.02735054 -0.08778601 0.07977402 0.02752751 -0.08764755 0.0798552 0.02773815 -0.08755099 0.07989245 0.02793884 -0.08747768 0.07989865 0.02815246 -0.08741056 0.07983678 0.02853494 -0.08699274 0.07828503 0.03323566 -0.09610313 0.06936949 0.02701103 -0.1006745 0.06355613 0.02538675 -0.1003991 0.06338232 0.02701103 -0.1074848 0.05120283 0.02538675 -0.1071908 0.0510627 0.02701103 -0.1026624 0.05927681 0.02701103 -0.1126907 0.03739082 0.02701103 -0.1124778 0.03802645 0.02701103 -0.1081973 0.048581 0.02701103 -0.08741056 -0.07983702 0.02853494 -0.08638995 -0.07903206 0.0332483 -0.08705991 -0.07853782 0.0327059 -0.08700454 -0.07833093 0.03324443 -0.08784437 -0.08036255 0.02538675 -0.08748739 -0.0798999 0.02811902 -0.08756017 -0.07989013 0.02791684 -0.08765375 -0.07985228 0.02772712 -0.08788257 -0.07970577 0.02741342 -0.08816725 -0.0794686 0.02717769 -0.08851265 -0.07913047 0.02703487 -0.0887264 -0.07889842 0.02701103 -0.09673255 -0.06940877 0.02538675 -0.0844767 -0.06882858 0.05461478 -0.08548319 -0.07262825 0.04687839 -0.08374816 -0.07661533 0.0434854 -0.0858885 -0.07415133 0.04347771 -0.08635139 -0.07589131 0.0395931 -0.08352994 -0.04565697 0.08822709 -0.08331769 -0.0459333 0.08837646 -0.08230698 -0.04537642 0.09190833 -0.08261054 -0.04685437 0.08887416 -0.08204263 -0.04780369 0.08893102 -0.08158493 -0.04876816 0.0886479 -0.07636249 -0.0547927 0.09190833 -0.08111006 -0.05014914 0.08774167 -0.08078491 -0.05184638 0.08596342 -0.08073788 -0.05237996 0.08527487 -0.08082199 -0.05462414 0.08178848 -0.08005082 -0.0574392 0.0792942 -0.08107191 -0.05587458 0.07945752 -0.08487683 -0.04436129 0.08657836 -0.08441418 -0.04475891 0.08721202 -0.08709609 -0.03532308 0.09190833 -0.08638185 -0.04333007 0.08419048 -0.09832239 -0.03970772 0.0613836 -0.08900827 -0.04225105 0.07929599 -0.09130287 -0.03702914 0.0792942 -0.08892422 -0.04227399 0.07945752 -0.08683985 -0.04308271 0.08339029 -0.1094918 -0.02991902 0.0434854 -0.1065831 -0.03746223 0.04485076 -0.1034777 -0.02827572 0.05858159 -0.1019498 -0.03871726 0.05440765 -0.1129457 -0.03086274 0.0332483 -0.1106113 -0.0363779 0.03529858 -0.1071622 -0.03730624 0.04347753 -0.1103293 -0.04474556 0.02538675 -0.1100276 -0.04462313 0.02701103 -0.1126907 -0.03739106 0.02701103 -0.1148471 -0.03138232 0.02538675 -0.1128662 -0.0367884 0.02711021 -0.1129578 -0.03633421 0.02735054 -0.1129789 -0.03613877 0.02752751 -0.11298 -0.03597837 0.02773815 -0.112964 -0.03587609 0.02793884 -0.1129327 -0.03580957 0.02815246 -0.1128455 -0.03578221 0.02853494 -0.1112928 -0.03619629 0.03323566 -0.1042628 -0.05748057 0.02538675 -0.1039776 -0.05732333 0.02701103 -0.1081555 -0.04855293 0.02701103 -0.09625887 -0.06948035 0.02701103 -0.09646791 -0.06921887 0.02701103 -0.1027268 -0.05930465 0.02701103 0.02543592 -0.1156193 0.02853494 0.02545207 -0.1157171 0.02811902 0.02796614 -0.1157278 0.02538675 0.02448612 -0.1146659 0.0327059 0.02750313 -0.1138117 0.0332483 0.0243346 -0.1145145 0.03324443 0.02540719 -0.1157754 0.02791684 0.02532756 -0.1158375 0.02772712 0.0250864 -0.1159624 0.02741342 0.0247386 -0.1160903 0.02717769 0.02427303 -0.1162203 0.02703487 0.02396523 -0.1162894 0.02701103 0.02254855 -0.1127291 0.0395931 0.02666217 -0.1103314 0.0434854 0.02127319 -0.1114583 0.04347771 0.02519774 -0.1042714 0.05858159 0.01736927 -0.1075741 0.05461478 0.02015668 -0.1103457 0.04687839 0.02314352 -0.09577047 0.0792942 0.01240104 -0.1026532 0.06758505 0.01584219 -0.1060616 0.05860137 3.78235e-4 -0.09495383 0.08893102 0.001442372 -0.09503966 0.0886479 0.0111171 -0.09332776 0.09190833 0.002875804 -0.09531897 0.08774167 0.004508256 -0.09588587 0.08596342 0.004993855 -0.09611195 0.08527487 0.006895244 -0.09730684 0.08178848 0.01165401 -0.09783542 0.0792942 0.007853269 -0.09814852 0.07945752 0.007915139 -0.09820979 0.07929599 -0.002224504 -0.09516847 0.08822709 -0.004019916 -0.09568697 0.08657836 -0.003444254 -0.09548521 0.08721202 -0.01111519 -0.09332776 0.09190833 -0.0056656 -0.0964747 0.08419048 -0.01240277 -0.1026569 0.06757259 -0.007913172 -0.09820979 0.07929599 -0.01165211 -0.09783542 0.0792942 -0.007851302 -0.09814852 0.07945752 -0.00610876 -0.09674781 0.08339029 -0.02314162 -0.09577047 0.0792942 -0.02519577 -0.1042714 0.05858159 -0.01583796 -0.1060596 0.05860227 -0.0266602 -0.1103314 0.0434854 -0.02084785 -0.1110358 0.04485076 -0.01744437 -0.1076506 0.05440765 -0.02750122 -0.1138117 0.0332483 -0.02380102 -0.113982 0.03529858 -0.02127242 -0.1114592 0.04347753 -0.02796423 -0.1157278 0.02538675 -0.01408046 -0.118223 0.02538675 -0.0140419 -0.1178995 0.02701103 -0.02396333 -0.1162894 0.02701103 -0.02457284 -0.1161401 0.02711021 -0.02501207 -0.1159923 0.02735054 -0.0251919 -0.1159129 0.02752751 -0.02533137 -0.1158336 0.02773815 -0.02541202 -0.1157686 0.02793884 -0.02545398 -0.1157082 0.02815246 -0.02543401 -0.1156193 0.02853494 -0.02429908 -0.1144814 0.03323566 0.01404386 -0.1178995 0.02701103 0.01408237 -0.118223 0.02538675 0.01203918 -0.1180185 0.02701103 9.76562e-7 -0.1190587 0.02538675 9.76562e-7 -0.1187329 0.02701103 -0.01203721 -0.1180185 0.02701103 0.1129476 -0.03086274 0.0332483 0.1113402 -0.03618371 0.03324443 0.1115471 -0.03612816 0.0327059 0.1128475 -0.03578221 0.02853494 0.1129404 -0.03581726 0.02811902 0.1148491 -0.03138232 0.02538675 0.1129683 -0.03588521 0.02791684 0.1129823 -0.03598523 0.02772712 0.1129699 -0.03625655 0.02741342 0.1129069 -0.03662168 0.02717769 0.1127867 -0.03708994 0.02703487 0.101847 -0.03874558 0.05461478 0.1056409 -0.03771752 0.04687839 0.1094937 -0.02991902 0.0434854 0.1071627 -0.03730672 0.04347771 0.108901 -0.03683787 0.0395931 0.08332157 -0.04593443 0.08837062 0.08398687 -0.04516965 0.08774167 0.087098 -0.03532308 0.09190833 0.08529418 -0.04403954 0.08596342 0.08573269 -0.04373204 0.08527487 0.08771824 -0.0426827 0.08178848 0.08130639 -0.04951155 0.08822709 0.08188372 -0.04811656 0.08887416 0.08230894 -0.04537642 0.09190833 0.08085787 -0.05132579 0.08657836 0.08097082 -0.05072629 0.08721202 0.07636439 -0.0547927 0.09190833 0.0807172 -0.05314475 0.08419048 0.08186256 -0.05887508 0.07370197 0.08109599 -0.05595886 0.07929599 0.08005273 -0.0574392 0.0792942 0.08107388 -0.05587458 0.07945752 0.08073204 -0.05366516 0.08339029 0.08242183 -0.04715013 0.08893102 0.08302825 -0.04627156 0.0886479 0.08375012 -0.07661533 0.0434854 0.08573621 -0.07357347 0.04485076 0.07915008 -0.07240706 0.05858159 0.08450639 -0.06893342 0.05440765 0.08639192 -0.07903206 0.0332483 0.0868113 -0.07760423 0.03529858 0.08589076 -0.07415294 0.04347753 0.1027287 -0.05930465 0.02701103 0.09646987 -0.06921887 0.02701103 0.09673446 -0.06940877 0.02538675 0.09626078 -0.06948035 0.02701103 0.08784633 -0.08036255 0.02538675 0.0887283 -0.07889842 0.02701103 0.08829426 -0.07935166 0.02711021 0.08794659 -0.07965821 0.02735054 0.08778798 -0.07977414 0.02752751 0.08764952 -0.07985532 0.02773815 0.0875529 -0.07989269 0.02793884 0.08747965 -0.07989877 0.02815246 0.08741253 -0.07983702 0.02853494 0.08699464 -0.07828527 0.03323566 0.1039795 -0.05732333 0.02701103 0.1042647 -0.05748057 0.02538675 0.1081575 -0.04855293 0.02701103 0.1103313 -0.04474556 0.02538675 0.1100295 -0.04462313 0.02701103 0.1126926 -0.03739106 0.02701103 0.01076382 -0.09036129 0.1073 9.76562e-7 -0.09100008 0.1073 9.76562e-7 -0.09170663 0.1008621 0.04155421 -0.08095884 0.1073 0.03168725 -0.08530515 0.1073 0.03193336 -0.08596765 0.1008621 0.05083781 -0.07547593 0.1073 0.04542195 -0.07867455 0.1073 0.04187685 -0.08158749 0.1008621 0.0900036 -0.0134359 0.1073 0.08778274 -0.02398645 0.1073 0.08723378 -0.02561032 0.1073 0.08432966 -0.03420031 0.1073 0.08078128 -0.04164928 0.1073 0.09096097 -0.002696633 0.1073 0.09043145 -0.008636057 0.1073 0.09070247 -0.01354026 0.1008621 0.09064149 0.008080303 0.1073 0.09100091 0 0.1073 0.09166729 -0.002717614 0.1008621 0.08215552 0.03913581 0.1073 0.08620762 0.02914452 0.1073 0.08687704 0.02937072 0.1008621 0.06338709 0.06529307 0.1073 0.07066458 0.05733799 0.1073 0.0712133 0.05778306 0.1008621 0.05521976 0.07233166 0.1073 0.05948913 0.06865233 0.1073 0.06387931 0.06580001 0.1008621 0.01609796 0.08956491 0.1073 0.02657812 0.08703243 0.1073 0.02678447 0.08770823 0.1008621 -0.01609599 0.08956491 0.1073 -0.005389869 0.0908401 0.1073 -0.005431771 0.0915454 0.1008621 -0.03668326 0.08327817 0.1073 -0.02657616 0.08703243 0.1073 -0.02678251 0.08770823 0.1008621 -0.06338512 0.06529307 0.1073 -0.0552178 0.07233166 0.1073 -0.05564659 0.07289332 0.1008621 -0.07754576 0.04895508 0.1008621 -0.07694822 0.04857784 0.1073 -0.07652008 0.04917454 0.1073 -0.08215355 0.03913581 0.1073 -0.08433324 0.03376144 0.1073 -0.08620566 0.02914452 0.1073 -0.08904761 0.01874399 0.1073 -0.09000164 -0.0134359 0.1073 -0.09095901 -0.002696633 0.1073 -0.09166532 -0.002717614 0.1008621 -0.08778083 -0.02398645 0.1073 -0.08921104 -0.01719176 0.1073 -0.0907005 -0.01354026 0.1008621 -0.07969087 -0.04393404 0.1073 -0.08432775 -0.03420031 0.1073 -0.08498257 -0.0344659 0.1008621 -0.06714183 -0.06142354 0.1073 -0.07393527 -0.05305123 0.1073 -0.07450944 -0.0534631 0.1008621 -0.04155224 -0.08095884 0.1073 -0.05083584 -0.07547593 0.1073 -0.0512306 -0.07606214 0.1008621 -0.03168535 -0.08530515 0.1073 -0.03774064 -0.0826379 0.1073 -0.04187494 -0.08158749 0.1008621 -0.01076185 -0.09036129 0.1073 -0.02137362 -0.08845406 0.1073 -0.02153962 -0.08914095 0.1008621 0.01293319 -0.08997142 0.1073 0.01084738 -0.09106296 0.1008621 0.07451134 -0.0534631 0.1008621 0.08031159 -0.04427522 0.1008621 0.07969278 -0.04393404 0.1073 0.07393723 -0.05305123 0.1073 0.09295821 -0.01387691 0.09190833 0.09744799 -0.01454722 0.0792942 0.08077591 0.04163825 0.1073 0.08279347 0.03943979 0.1008621 0.08903759 0.03010129 0.09190833 0.08892619 0.04227375 0.07945752 0.01293587 0.08994162 0.1073 0.01622295 0.09026038 0.1008621 -0.02141553 0.08827942 0.1073 -0.01622098 0.09026038 0.1008621 -0.07121139 0.05778306 0.1008621 -0.07066267 0.05733799 0.1073 -0.07642042 -0.04911458 0.1073 -0.08030968 -0.04427522 0.1008621 -0.004319846 -0.09074366 0.1073 -0.01084542 -0.09106296 0.1008621 0.02207726 -0.09135788 0.09190833 0.06934791 -0.0634399 0.09190833 0.07269734 -0.066504 0.0792942 0.08393162 -0.06674671 0.05860227 0.09504348 -0.02597045 0.0792942 0.09130477 -0.03702914 0.0792942 0.08892619 -0.04227399 0.07945752 0.09394699 -0.002785265 0.09190833 0.09848457 -0.002919793 0.0792942 0.1072262 -0.003178775 0.05858159 -0.08445841 -0.03381383 0.1073 -0.08846247 -0.02417284 0.1008621 -0.09066253 -0.02477389 0.09190833 -0.09504151 -0.02597045 0.0792942 -0.09976869 -0.03931283 0.05860227 -0.0657947 -0.06273132 0.1073 -0.06766319 -0.06190049 0.1008621 -0.06934601 -0.0634399 0.09190833 -0.07269543 -0.066504 0.0792942 -0.061356 -0.07119649 0.09190833 -0.06431955 -0.07463526 0.0792942 -0.07002878 -0.08126014 0.05858159 -0.02207529 -0.09135788 0.09190833 0.09055715 0.008645236 0.1073 0.09134531 0.008143007 0.1008621 0.09361702 0.008345544 0.09190833 0.09813863 0.008748769 0.0792942 0.1068496 0.009525239 0.05858159 0.1130595 0.01007884 0.0434854 0.06546789 0.06743651 0.09190833 0.06862998 0.07069373 0.0792942 0.02745056 0.08988952 0.09190833 0.0287764 0.09423106 0.0792942 0.03133058 0.1025953 0.05858159 0.02084982 0.1110355 0.04485076 -0.02744865 0.08988952 0.09190833 -0.02877444 0.09423106 0.0792942 -0.06575518 0.06270235 0.1073 -0.06387734 0.06580001 0.1008621 -0.06546598 0.06743651 0.09190833 -0.06862801 0.07069373 0.0792942 -0.05250471 -0.07795369 0.09190833 -0.05504071 -0.08171886 0.0792942 -0.05992639 -0.08897238 0.05858159 -0.06340926 -0.09414339 0.0434854 0.09197288 0.01935935 0.09190833 0.09641504 0.02029442 0.0792942 0.104973 0.02209579 0.05858159 0.1110739 0.02337986 0.0434854 0.1106133 0.03637778 0.03529858 0.04627728 0.07835495 0.1073 0.0556485 0.07289332 0.1008621 0.05703246 0.07470613 0.09190833 0.05978709 0.07831454 0.0792942 0.06509381 0.08526587 0.05858159 0.06887698 0.0902214 0.0434854 0.07104957 0.09306734 0.0332483 -0.08927661 0.01721006 0.1073 -0.08973908 0.01888948 0.1008621 -0.09197092 0.01935935 0.09190833 -0.09641313 0.02029442 0.0792942 -0.1049711 0.02209579 0.05858159 -0.04291635 -0.08361655 0.09190833 -0.04498922 -0.08765512 0.0792942 -0.04898267 -0.09543579 0.05858159 -0.05182957 -0.1009823 0.0434854 -0.05346453 -0.1041677 0.0332483 0.1158051 -0.01728755 0.0332483 0.1166259 0.01039683 0.0332483 0.113458 -0.003363609 0.0434854 0.1060976 -0.0158385 0.05858159 0.04547864 0.07876473 0.1073 0.04663658 0.07896333 0.1008621 0.04779642 0.08092713 0.09190833 0.05010491 0.08483582 0.0792942 0.05455231 0.09236609 0.05858159 0.05772274 0.09773421 0.0434854 0.05954349 0.1008172 0.0332483 0.06054598 0.1025146 0.02538675 -0.07643622 -0.08869504 0.0332483 -0.02145165 -0.08843028 0.1073 -0.0319314 -0.08596765 0.1008621 -0.03272557 -0.08810567 0.09190833 -0.03430622 -0.09236109 0.0792942 -0.03735142 -0.1005593 0.05858159 -0.03952229 -0.1064037 0.0434854 -0.04076904 -0.10976 0.0332483 -0.04145538 -0.1116079 0.02538675 0.05958336 -0.06876319 0.1073 0.05986905 -0.06946885 0.1008621 0.06135797 -0.07119649 0.09190833 0.06432145 -0.07463526 0.0792942 0.07003074 -0.08126014 0.05858159 0.07410079 -0.08598279 0.0434854 0.07643818 -0.08869504 0.0332483 0.07772505 -0.0901882 0.02538675 0.1190072 -0.003528177 0.02538675 0.1177547 -0.0175786 0.02538675 -0.05703055 0.07470613 0.09190833 -0.05978512 0.07831454 0.0792942 -0.0650919 0.08526587 0.05858159 -0.06887501 0.0902214 0.0434854 -0.07104766 0.09306734 0.0332483 -0.07224375 0.09463411 0.02538675 -0.09394508 -0.002785265 0.09190833 -0.09361505 0.008345544 0.09190833 -0.0984826 -0.002919793 0.0792942 -0.09813672 0.008748769 0.0792942 -0.1072242 -0.003178775 0.05858159 -0.1068477 0.009525239 0.05858159 -0.1134561 -0.003363609 0.0434854 -0.1130576 0.01007884 0.0434854 -0.117035 -0.003469705 0.0332483 -0.1166239 0.01039683 0.0332483 -0.09295624 -0.01387691 0.09190833 -0.09744602 -0.01454722 0.0792942 -0.1060957 -0.0158385 0.05858159 -0.1122619 -0.01675885 0.0434854 -0.1158031 -0.01728755 0.0332483 -0.1177527 -0.0175786 0.02538675 -0.1195979 -0.004997432 0.01949739 -0.06651067 -0.09874802 0.02538675 -0.07772308 -0.0901882 0.02538675 0.0141586 -0.1188632 0.01949739 0.02811759 -0.1163545 0.01949739 0.04077094 -0.10976 0.0332483 0.03952425 -0.1064037 0.0434854 0.03735333 -0.1005593 0.05858159 0.03430813 -0.09236109 0.0792942 0.03272747 -0.08810567 0.09190833 0.05346649 -0.1041677 0.0332483 0.05183154 -0.1009823 0.0434854 0.04898464 -0.09543579 0.05858159 0.04499119 -0.08765512 0.0792942 0.04291832 -0.08361655 0.09190833 0.06542778 -0.1001361 0.01949739 0.06651264 -0.09874802 0.02538675 0.06541144 -0.09711301 0.0332483 0.06341123 -0.09414339 0.0434854 0.05992829 -0.08897238 0.05858159 0.05504268 -0.08171886 0.0792942 0.05250668 -0.07795369 0.09190833 0.05123251 -0.07606214 0.1008621 0.05940777 -0.0689336 0.1073 0.06687277 -0.09928256 0.01949739 0.07814592 -0.0906766 0.01949739 0.08095663 -0.08794796 0.01949739 0.08832204 -0.08079785 0.01949739 0.09431952 -0.07340633 0.01949739 0.09725826 -0.06978464 0.01949739 0.1109287 -0.04498791 0.01949739 0.1052302 -0.05695027 0.01949739 0.1048293 -0.05779182 0.01949739 0.1130205 -0.03880077 0.01949739 0.115471 -0.03155231 0.01949739 0.1179698 -0.01968115 0.01949739 0.1183923 -0.01767379 0.01949739 0.1196517 -0.00354731 0.01949739 0.1195467 -4.7588e-6 0.01949739 0.1122639 -0.01675885 0.0434854 0.1170369 -0.003469705 0.0332483 0.1185892 0.01057177 0.02538675 0.1192314 0.01062899 0.01949739 0.08901017 -0.04225105 0.07929599 0.1178811 0.01967406 0.01949739 0.1171374 0.02465623 0.01949739 0.1080688 0.05148005 0.01949739 0.1131889 0.03885543 0.01949739 0.113399 0.03833729 0.01949739 0.1050959 0.05687266 0.01949739 0.1012216 0.06390023 0.01949739 0.09436678 0.07345372 0.01949739 0.09295338 0.07542359 0.01949739 0.0833804 0.0858879 0.01949739 0.08097845 0.08795797 0.01949739 0.07224571 0.09463411 0.02538675 0.0726369 0.09514659 0.01949739 0.06536155 0.100047 0.01949739 0.04720163 0.1071519 0.0332483 0.04575824 0.1038752 0.0434854 0.04324495 0.0981698 0.05858159 0.03971946 0.09016638 0.0792942 0.03788942 0.08601194 0.09190833 0.02933865 0.1158429 0.01949739 0.02117532 0.1178156 0.01949739 0.009870231 0.119162 0.01949739 0.007092237 0.119493 0.01949739 -0.00709027 0.119493 0.01949739 -0.009868264 0.119162 0.01949739 -0.02117335 0.1178156 0.01949739 -0.02933669 0.1158429 0.01949739 -0.03495913 0.1144843 0.01949739 -0.04807949 0.1096107 0.01949739 -0.04799431 0.1089558 0.02538675 -0.04719966 0.1071519 0.0332483 -0.04575628 0.1038752 0.0434854 -0.04324299 0.0981698 0.05858159 -0.03971749 0.09016638 0.0792942 -0.03788751 0.08601194 0.09190833 -0.03696811 0.08392488 0.1008621 -0.03777235 0.0827192 0.1073 -0.05954158 0.1008172 0.0332483 -0.05772078 0.09773421 0.0434854 -0.05455034 0.09236609 0.05858159 -0.050103 0.08483582 0.0792942 -0.04779452 0.08092713 0.09190833 -0.06535965 0.100047 0.01949739 -0.07263499 0.09514659 0.01949739 -0.08097648 0.08795797 0.01949739 -0.08337843 0.0858879 0.01949739 -0.09295147 0.07542359 0.01949739 -0.09436488 0.07345372 0.01949739 -0.1012196 0.06390023 0.01949739 -0.105094 0.05687266 0.01949739 -0.1171354 0.02465623 0.01949739 -0.1133971 0.03833729 0.01949739 -0.1131869 0.03885543 0.01949739 -0.1080669 0.05148005 0.01949739 -0.1183904 -0.01767379 0.01949739 -0.1179679 -0.01968115 0.01949739 -0.115469 -0.03155231 0.01949739 -0.1130185 -0.03880077 0.01949739 -0.1109268 -0.04498791 0.01949739 -0.1052283 -0.05695027 0.01949739 -0.1048274 -0.05779182 0.01949739 -0.09725636 -0.06978464 0.01949739 -0.09431755 -0.07340633 0.01949739 -0.08832007 -0.08079785 0.01949739 -0.08095473 -0.08794796 0.01949739 -0.07814395 -0.0906766 0.01949739 -0.06687086 -0.09928256 0.01949739 -0.06542587 -0.1001361 0.01949739 -0.07409882 -0.08598279 0.0434854 -0.06540948 -0.09711301 0.0332483 -0.05436462 -0.1059214 0.02538675 -0.054659 -0.1064949 0.01949739 -0.08109408 -0.05595886 0.07929599 -0.0479986 -0.109429 0.01949739 -0.04167985 -0.1122123 0.01949739 -0.02936387 -0.1159732 0.01949739 -0.02811563 -0.1163545 0.01949739 -0.01415669 -0.1188632 0.01949739 -0.009873509 -0.1191174 0.01949739 9.76562e-7 -0.1197035 0.01949739 0.009875476 -0.1191174 0.01949739 -0.1193815 0.01068013 0.01055669 -0.1193686 0.01037472 0.01283365 -0.1194921 0.01017749 0.006713271 -0.1194684 0.01036947 0.007162213 -0.118127 0.01971691 0.002999901 -0.11962 0.009418308 0.002999901 -0.1196273 0.00926584 0.003261208 -0.1196345 0.009114086 0.003521203 -0.1196323 0.009106814 0.003681004 -0.1196265 0.009088337 0.004089057 -0.119626 0.009086787 0.004123628 -0.1196072 0.009241163 0.004524409 -0.1193847 0.01075547 0.009994685 -0.1193826 0.01003271 0.01363682 -0.1194148 0.009248375 0.01547843 -0.1194736 0.008022189 0.01701956 -0.1195008 0.00745505 0.01773226 -0.1195937 0.005123734 0.0194301 -0.1195234 -0.00689584 0.01815396 -0.1195057 -0.007346153 0.01783531 -0.1194189 -0.009164631 0.01561683 -0.1194102 -0.009370684 0.01515311 -0.1193698 -0.01032954 0.01299399 -0.1193735 -0.01045966 0.01212483 -0.1193819 -0.01075458 0.01015442 -0.118127 -0.01971715 0.002999901 -0.1194372 -0.01051729 0.008203804 -0.1194626 -0.01040816 0.007305264 -0.1195994 -0.009314417 0.004648685 -0.1196072 -0.009241282 0.004524409 -0.1196181 -0.009159386 0.004256844 -0.1196327 -0.009176254 0.003355085 -0.11962 -0.009418427 0.002999901 -0.1196327 -0.009175777 0.003357589 -0.1196312 -0.009090185 0.003810703 -0.1196308 -0.009064555 0.003946661 -0.09440171 -0.07349157 0.002999901 -0.1026389 -0.06215268 0.002999901 -0.1052183 -0.05695581 0.002999901 -0.1115669 -0.04416477 0.002999901 -0.1131669 -0.03886401 0.002999901 -0.1173698 -0.02493977 0.002999901 -0.06541603 -0.1001477 0.002999901 -0.07648909 -0.09245103 0.002999901 -0.08101254 -0.08802086 0.002999901 -0.0908361 -0.07839977 0.002999901 -0.009866833 -0.119192 0.002999901 -0.02248781 -0.1178651 0.002999901 -0.02935147 -0.1159484 0.002999901 -0.04182952 -0.1124638 0.002999901 -0.0480377 -0.1095422 0.002999901 -0.05999958 -0.1039127 0.002999901 0.02936524 -0.1159282 0.002999901 0.01752579 -0.1187047 0.002999901 0.009884834 -0.119185 0.002999901 -0.002516269 -0.119965 0.002999901 0.0809921 -0.08797323 0.002999901 0.07254552 -0.09557825 0.002999901 0.06541007 -0.1001062 0.002999901 0.05558979 -0.1063381 0.002999901 0.04804337 -0.1095101 0.002999901 0.037077 -0.1141196 0.002999901 0.1051636 -0.05690819 0.002999901 0.09994333 -0.06640356 0.002999901 0.09436476 -0.07344174 0.002999901 0.08746939 -0.08214133 0.002999901 0.1195713 0 0.002999901 0.1195713 -0.01004087 0.002999901 0.117941 -0.01967978 0.002999901 0.1162223 -0.0298413 0.002999901 0.1130944 -0.03882306 0.002999901 0.109618 -0.04880601 0.002999901 0.1130944 0.038823 0.002999901 0.1162223 0.02984118 0.002999901 0.117941 0.01967966 0.002999901 0.1195713 0.01004076 0.002999901 0.0809921 0.08797311 0.002999901 0.08746939 0.0821411 0.002999901 0.09436476 0.07344162 0.002999901 0.09994333 0.06640332 0.002999901 0.1051636 0.05690795 0.002999901 0.109618 0.04880577 0.002999901 0.04804337 0.10951 0.002999901 0.05558979 0.106338 0.002999901 0.06541007 0.1001061 0.002999901 0.07254552 0.09557801 0.002999901 -0.009866833 0.119192 0.002999901 -0.002516269 0.1199648 0.002999901 0.009884834 0.1191849 0.002999901 0.01752579 0.1187045 0.002999901 0.02936524 0.115928 0.002999901 0.037077 0.1141195 0.002999901 -0.0480377 0.1095421 0.002999901 -0.04182952 0.1124637 0.002999901 -0.02935147 0.1159483 0.002999901 -0.02248781 0.1178649 0.002999901 -0.09440171 0.07349145 0.002999901 -0.0908361 0.07839965 0.002999901 -0.08101254 0.08802062 0.002999901 -0.07648909 0.09245079 0.002999901 -0.06541603 0.1001476 0.002999901 -0.05999958 0.1039126 0.002999901 -0.1131669 0.03886389 0.002999901 -0.1115669 0.04416465 0.002999901 -0.1052183 0.05695569 0.002999901 -0.1026389 0.06215256 0.002999901 -0.1173698 0.02493953 0.002999901 0.090128 0.0375216 0.06019759 0.09081047 0.03733235 0.06052565 0.08815264 0.03763389 0.06633454 0.07971358 0.04254442 0.08049994 0.08003079 0.04222911 0.08008658 0.07979983 0.04241633 0.08074057 0.08121079 0.04103451 0.07901251 0.07985377 0.04226386 0.08097624 0.07987433 0.04209005 0.08120214 0.08132958 0.04080832 0.07925415 0.08139884 0.04054844 0.07948058 0.08222156 0.04008787 0.07799696 0.08231794 0.03978097 0.07822322 0.08407014 0.03888756 0.07504409 0.0810461 0.04121994 0.07876324 0.08185142 0.04056197 0.07749593 0.08206403 0.04035156 0.07775139 0.08352077 0.03945958 0.0745207 0.08383268 0.03921651 0.07479012 0.08526313 0.03861302 0.07106548 0.08567726 0.03835815 0.07135021 0.08578389 0.03844857 0.06994569 0.08760547 0.03787386 0.06602883 0.09137266 0.03686767 0.06080377 0.08858817 0.03720128 0.0666058 0.08599853 0.03797656 0.07161235 0.09401303 0.03625303 0.05600106 0.09172892 0.03619855 0.06098955 0.08886313 0.03662484 0.06681209 0.08620136 0.03749841 0.07183104 0.08604604 0.03757637 0.07210046 0.08421957 0.03849202 0.07526808 0.09456306 0.0362662 0.05479973 0.09411996 0.03701561 0.05464214 0.09342765 0.03748947 0.05436116 0.09262162 0.03759521 0.05401182 0.07918125 -0.06216514 0.05436116 0.07911694 -0.06300169 0.05464214 0.07761526 -0.06069636 0.06080377 0.07670193 -0.04776096 0.08049994 0.07658749 -0.04819333 0.08008658 0.07663416 -0.04789978 0.08074057 0.07614284 -0.04981261 0.07901251 0.07652908 -0.04802268 0.08097624 0.07638877 -0.04812741 0.08120214 0.07600641 -0.05002844 0.07925415 0.07581591 -0.05021846 0.07948058 0.07582843 -0.05116111 0.07799696 0.07561081 -0.05139815 0.07822322 0.07571333 -0.0533623 0.07504409 0.07544541 -0.05368942 0.07526808 0.0762211 -0.04957723 0.07876324 0.07605397 -0.05060362 0.07749593 0.0759781 -0.05089294 0.07775139 0.07593393 -0.05260056 0.0745207 0.07587927 -0.05299216 0.07479012 0.07607197 -0.05453282 0.07106548 0.07605832 -0.05501878 0.07135021 0.07619005 -0.05506587 0.06994569 0.07666867 -0.05752462 0.06633454 0.07556563 -0.05572897 0.07210046 0.07588845 -0.05548787 0.07161235 0.07557588 -0.05590254 0.07183104 0.07651191 -0.05811828 0.0666058 0.07615017 -0.05864453 0.06681209 0.07721388 -0.06133943 0.06098955 0.07660293 -0.05693089 0.06602883 0.07755917 -0.0592916 0.06019759 0.07773655 -0.05997717 0.06052565 0.07886976 -0.0614143 0.05401182 0.07868945 -0.0637601 0.05479973 0.07758694 -0.06195139 0.05942475 0.03721666 -0.1054441 0.02521866 0.03432071 -0.1065676 0.02521866 0.0339626 -0.1054556 0.02986466 0.08121603 -0.07154428 0.03761434 0.08109563 -0.07271909 0.03559952 0.07662045 -0.07746005 0.03559786 0.08093947 -0.07424265 0.03298652 0.08029538 -0.07630831 0.02986842 0.07791227 -0.0787661 0.02986466 0.0209282 -0.1081229 0.03205412 0.01895016 -0.1072766 0.03559923 0.0210548 -0.1068988 0.03559786 0.01803702 -0.1068099 0.03737056 0.01582425 -0.1051298 0.04266482 0.02053421 -0.1042556 0.04280585 0.01101517 -0.09523057 0.06739681 0.01000082 -0.09337049 0.072106 0.0181446 -0.09212255 0.07209986 0.01198828 -0.09833091 0.05995416 0.01407176 -0.1031123 0.04820311 0.01315128 -0.1014762 0.05233001 0.01977545 -0.100403 0.05233168 0.01278555 -0.1008262 0.05396962 0.01854795 -0.1071045 0.03632014 0.02132391 -0.1082128 0.03148871 0.03339946 -0.1037071 0.03559786 0.02245748 -0.1084701 0.02986896 0.02826958 -0.1083301 0.02521866 0.02721875 -0.1085582 0.02540516 0.02683854 -0.1086186 0.02555978 0.02539086 -0.1087451 0.0265125 0.02388012 -0.1087068 0.02800935 0.02313548 -0.1086241 0.02890014 0.07789129 -0.08036094 0.02542406 0.07710736 -0.0811733 0.02521866 0.06817662 -0.08732908 0.02986466 0.08015078 -0.07677209 0.0291683 0.07970982 -0.0777086 0.02792692 0.07876342 -0.07926046 0.02621132 0.07868421 -0.07937109 0.02611202 0.0786063 -0.07946836 0.02604442 0.08067756 -0.06778699 0.04501718 0.08087086 -0.06889075 0.04280364 0.07472592 -0.07554465 0.04280585 0.08119118 -0.07071959 0.03913611 0.07196462 -0.07275301 0.05233174 0.07928776 -0.064691 0.05233108 0.07954335 -0.06508874 0.05127662 0.07337617 -0.058582 0.07209986 0.07055699 -0.05633103 0.08120214 0.07105267 -0.05563378 0.08120214 0.07601481 -0.04865342 0.08120214 0.009455382 -0.09237021 0.074638 0.007478833 -0.08997458 0.08120214 0.01459997 -0.08898055 0.08120214 0.04598909 -0.1020405 0.02521866 0.04605025 -0.1007657 0.02986466 0.04653584 -0.1018283 0.02521866 0.054331 -0.09769845 0.02521866 0.05750721 -0.0946958 0.02986466 0.05811363 -0.09569442 0.02521866 0.06997907 -0.08731615 0.02521866 0.06889551 -0.08824998 0.02521866 0.0623309 -0.09278243 0.02521866 0.04528671 -0.09909492 0.03559786 0.05655372 -0.0931257 0.03559786 0.06704622 -0.08588099 0.03559786 0.03257364 -0.1011428 0.04280585 0.04416698 -0.09664475 0.04280585 0.05515539 -0.09082311 0.04280585 0.06538844 -0.08375746 0.04280585 0.03136998 -0.09740525 0.05233174 0.04253488 -0.09307336 0.05233174 0.05311727 -0.08746689 0.05233174 0.06297212 -0.08066231 0.05233174 0.01744753 -0.08858311 0.08120214 0.02162265 -0.08750367 0.08120214 0.02878296 -0.08937203 0.07209986 0.02767705 -0.08593821 0.08120214 0.02982932 -0.08510315 0.08120214 0.03902703 -0.08539742 0.07209986 0.04536581 -0.0779637 0.08120214 0.04873669 -0.0802533 0.07209986 0.03779816 -0.08197313 0.08120214 0.03752762 -0.0821163 0.08120214 0.04686415 -0.07716989 0.08120214 0.05251485 -0.07326829 0.08120214 0.05777883 -0.07401001 0.07209986 0.05555891 -0.07116639 0.08120214 0.05921006 -0.06795519 0.08120214 0.06602966 -0.06675302 0.07209986 0.06349271 -0.06418836 0.08120214 0.06540375 -0.06206274 0.08120214 0.1114185 0.008790493 0.02521866 0.1119585 0 0.02521866 0.1107902 0 0.02986466 0.08048963 -0.04142206 0.08057266 0.07987433 -0.04209017 0.08120214 0.08380949 -0.03343075 0.08120214 0.1066246 -0.03094273 0.02903664 0.1062334 -0.03138571 0.02986848 0.1074709 -0.02691572 0.02986466 0.1023845 -0.03466635 0.0379979 0.1000928 -0.03564631 0.04280531 0.1030757 -0.02581506 0.04280585 0.09983152 -0.03575813 0.04335349 0.09926676 -0.02486103 0.05233174 0.09720247 -0.03628379 0.04895985 0.09567946 -0.03627365 0.05232965 0.103051 -0.03426903 0.0366007 0.105689 -0.02646958 0.03559786 0.1035256 -0.03389722 0.03559947 0.1051142 -0.03265279 0.03224843 0.1085383 -0.02728134 0.02542662 0.108408 -0.02765148 0.02559167 0.1078237 -0.02899628 0.02658122 0.1070598 -0.03031957 0.02812081 0.1114185 -0.008790612 0.02521866 0.1111168 -0.01370286 0.02521866 0.1099573 -0.01355993 0.02986466 0.1104239 -0.01752305 0.02521866 0.1088522 -0.02618956 0.02521866 0.1085647 -0.02718967 0.02540916 0.1074709 0.0269156 0.02986466 0.108565 0.02718967 0.02540796 0.1088522 0.02618944 0.02521866 0.1065624 0.0310257 0.02916836 0.1071529 0.0301755 0.02792698 0.1085407 0.02727437 0.02542406 0.1080799 0.02845603 0.02611202 0.1080238 0.02858006 0.02621132 0.105689 0.02646946 0.03559786 0.1047661 0.03297346 0.03298652 0.1062331 0.03138279 0.02986842 0.100097 0.03559005 0.04280364 0.101841 0.03495299 0.03913617 0.1030757 0.02581477 0.04280585 0.1025676 0.03456223 0.03761434 0.1035248 0.03387057 0.03559952 0.09904438 0.03597444 0.04501718 0.09926676 0.02486091 0.05233174 0.09614062 0.03634142 0.05127662 0.09566843 0.03631883 0.05233114 0.08760356 0.03378659 0.07209986 0.09108018 0.02281063 0.07209986 0.08380949 0.03343063 0.08120214 0.08423769 0.0324884 0.08120214 0.08824169 -0.03678584 0.06801927 0.08602672 -0.03762328 0.07210266 0.08760356 -0.03378671 0.07209986 0.08541524 -0.03785461 0.07323002 0.08423769 -0.03248864 0.08120214 0.08313548 -0.03918176 0.07700312 0.08210903 -0.03994625 0.07852059 0.09390014 -0.03621435 0.05628275 0.09354746 -0.03618675 0.05707186 0.09030753 -0.03634679 0.06392955 0.1104239 0.01752293 0.02521866 0.1111168 0.01370275 0.02521866 0.1099573 0.01355981 0.02986466 0.108134 -0.01333504 0.03559786 0.1054604 -0.01300537 0.04280585 0.1015633 -0.01252478 0.05233174 0.09108018 -0.02281075 0.07209986 0.09318727 -0.01149177 0.07209986 0.1089532 0 0.03559786 0.108134 0.01333492 0.03559786 0.1062592 0 0.04280585 0.1054604 0.01300519 0.04280585 0.1023326 0 0.05233174 0.1015633 0.01252448 0.05233174 0.09389317 0 0.07209986 0.09318727 0.01149153 0.07209986 0.08651077 -0.02531248 0.08120214 0.09456306 -0.03626632 0.05479973 0.08758074 -0.02193444 0.08120214 0.088499 -0.0170018 0.08120214 0.08960694 -0.01105028 0.08120214 0.08976066 -0.008547604 0.08120214 0.09028571 0 0.08120214 0.08976066 0.008547306 0.08120214 0.08960694 0.01105016 0.08120214 0.088499 0.01700156 0.08120214 0.08651077 0.02531224 0.08120214 0.08758074 0.02193421 0.08120214 -0.09063947 -0.03733772 0.06090801 -0.09119343 -0.03687447 0.06118583 -0.08875453 -0.03716707 0.06626701 -0.07979792 -0.04241663 0.08074057 -0.07971167 -0.04254466 0.08049994 -0.07988655 -0.04235094 0.08030426 -0.07985186 -0.04226416 0.08097624 -0.07998299 -0.04221409 0.08054584 -0.07987236 -0.04209017 0.08120214 -0.08004552 -0.04205089 0.08078223 -0.08007282 -0.04186499 0.08100825 -0.08145809 -0.0406965 0.07907873 -0.08153146 -0.04042929 0.07930517 -0.08345019 -0.03924959 0.07607471 -0.08358222 -0.03888267 0.07629978 -0.08399981 -0.038926 0.07516002 -0.08414733 -0.03853356 0.07538414 -0.08116197 -0.0411179 0.07858639 -0.08133363 -0.0409283 0.07883656 -0.08296066 -0.03979331 0.0755589 -0.08323943 -0.03955858 0.07582348 -0.08345705 -0.03949511 0.07463747 -0.08376526 -0.03925275 0.07490634 -0.0838446 -0.03931099 0.07386445 -0.0860157 -0.03823131 0.0706852 -0.08558291 -0.03848618 0.07039761 -0.08775591 -0.03784018 0.06568819 -0.08831143 -0.03760212 0.06599527 -0.08996534 -0.03753125 0.06058138 -0.08635252 -0.03784137 0.07094871 -0.08602869 -0.03761178 0.07210201 -0.08656519 -0.03734898 0.07116609 -0.08903425 -0.03658467 0.06647229 -0.09154433 -0.03621089 0.06137311 -0.0775572 0.05929148 0.06019759 -0.07773458 0.05997717 0.06052565 -0.07666671 0.0575245 0.06633454 -0.07652711 0.04802244 0.08097624 -0.07663226 0.04789948 0.08074057 -0.07614094 0.04981237 0.07901251 -0.07669997 0.04776084 0.08049994 -0.07631349 0.0492208 0.07910394 -0.0763868 0.04812729 0.08120214 -0.07600444 0.05002844 0.07925415 -0.07581394 0.05021822 0.07948058 -0.07582652 0.05116111 0.07799696 -0.07560884 0.05139803 0.07822322 -0.07571136 0.05336201 0.07504409 -0.07621914 0.04957711 0.07876324 -0.07605201 0.0506035 0.07749593 -0.07597619 0.05089282 0.07775139 -0.07593196 0.05260032 0.0745207 -0.07587736 0.05299204 0.07479012 -0.07607001 0.05453258 0.07106548 -0.07605636 0.05501866 0.07135021 -0.07630288 0.05558431 0.06885641 -0.07660102 0.05693078 0.06602883 -0.07761335 0.06069612 0.06080377 -0.07650995 0.05811804 0.0666058 -0.07588654 0.05548763 0.07161235 -0.07802647 0.06267541 0.0575729 -0.07721197 0.06133931 0.06098955 -0.07614827 0.05864441 0.06681209 -0.07557392 0.05590242 0.07183104 -0.07556372 0.05572897 0.07210046 -0.0754435 0.0536893 0.07526808 -0.07868754 0.06375998 0.05479973 -0.07911503 0.06300145 0.05464214 -0.07917928 0.06216502 0.05436116 -0.07886779 0.06141418 0.05401182 -0.02045762 0.09365671 0.06739687 -0.02750033 0.08977413 0.07209986 -0.02173507 0.09664463 0.05995416 -0.02997231 0.09784358 0.05233174 -0.02277731 0.09904783 0.05396962 -0.02320605 0.09965819 0.05233001 -0.02428519 0.1011943 0.04820317 -0.03112238 0.101598 0.04280585 -0.02623015 0.1030269 0.04266482 -0.03191149 0.1041737 0.03559786 -0.02913719 0.1047201 0.03632014 -0.02859944 0.104478 0.03737056 -0.03236138 0.1055895 0.03099513 -0.03160721 0.105496 0.03205412 -0.0295546 0.1048512 0.03559923 -0.04409098 0.09963172 0.03559786 -0.03316342 0.1056889 0.02986901 -0.04483443 0.1013115 0.02986466 -0.03385347 0.1057745 0.02890014 -0.03753745 0.1053997 0.02555978 -0.0379098 0.1053016 0.02540516 -0.03893262 0.1049697 0.02521866 -0.03610968 0.1056699 0.0265125 -0.03460258 0.1057825 0.02800935 -0.07788932 0.08036071 0.02542406 -0.0771054 0.08117318 0.02521866 -0.07750248 0.07916736 0.02986466 -0.07876151 0.07926046 0.02621132 -0.07970786 0.07770848 0.02792698 -0.08014881 0.07677197 0.02916836 -0.07868224 0.07937109 0.02611202 -0.07824027 0.07992261 0.02572852 -0.07621735 0.07785457 0.03559786 -0.08093756 0.07424241 0.03298652 -0.08029341 0.07630819 0.02986842 -0.08086895 0.06889063 0.04280364 -0.08118921 0.07071948 0.03913617 -0.07433277 0.07592952 0.04280585 -0.08121412 0.07154417 0.03761434 -0.08109372 0.07271897 0.03559952 -0.0806756 0.06778675 0.04501718 -0.07158589 0.07312375 0.05233174 -0.07954144 0.06508862 0.05127662 -0.07928586 0.06469088 0.05233114 -0.07320505 0.05879306 0.07209986 -0.06568199 0.06709313 0.07209986 -0.0711627 0.05545371 0.08120214 -0.07039237 0.05653417 0.08120214 -0.01641458 0.08877974 0.08120214 -0.02336907 0.08707761 0.08120214 -0.01862031 0.09096628 0.074638 -0.01926273 0.09190708 0.072106 -0.05260443 0.09861487 0.02521866 -0.04589885 0.1020747 0.02521866 -0.04530721 0.1023799 0.02521866 -0.07137095 0.08607774 0.02521866 -0.06823438 0.08876049 0.02521866 -0.06752234 0.08783423 0.02986466 -0.06540757 0.0906766 0.02521866 -0.05916059 0.09491121 0.02521866 -0.05658107 0.09525084 0.02986466 -0.05717778 0.09625524 0.02521866 -0.04300075 0.0971682 0.04280585 -0.04141169 0.0935775 0.05233174 -0.03799635 0.08585995 0.07209986 -0.0556429 0.09367138 0.03559786 -0.06640273 0.08637779 0.03559786 -0.05426704 0.09135532 0.04280585 -0.0647608 0.08424192 0.04280585 -0.05226165 0.08797937 0.05233174 -0.06236767 0.08112889 0.05233174 -0.04795145 0.08072364 0.07209986 -0.05722403 0.07443821 0.07209986 -0.02644371 0.08632504 0.08120214 -0.03018367 0.0849303 0.08120214 -0.03653645 0.08256113 0.08120214 -0.0380932 0.0817579 0.08120214 -0.04567724 0.07784485 0.08120214 -0.04610908 0.07762205 0.08120214 -0.05277007 0.07310682 0.08120214 -0.05502533 0.07157808 0.08120214 -0.05940967 0.06777071 0.08120214 -0.0655533 0.06187289 0.08120214 -0.06315839 0.06451535 0.08120214 -0.08976054 -0.008517444 0.08120214 -0.08960497 -0.01105028 0.08120214 -0.0931853 -0.01149177 0.07209986 -0.1015613 -0.01252478 0.05233174 -0.1023307 0 0.05233174 -0.09389126 0 0.07209986 -0.08048766 0.04142194 0.08057266 -0.07987236 0.04209005 0.08120214 -0.08385753 0.03332078 0.08120214 -0.09321099 0.03594481 0.05799448 -0.09154433 0.03621065 0.06137311 -0.0876016 0.03378659 0.07209986 -0.09030556 0.03634667 0.06392955 -0.08823972 0.0367856 0.06801927 -0.09803676 0.03392696 0.0489853 -0.09616404 0.03497701 0.05233228 -0.0992648 0.02486091 0.05233174 -0.09593123 0.03510749 0.05274832 -0.1034775 0.02591598 0.04174381 -0.103417 0.02617478 0.0417329 -0.1028931 0.027812 0.04196959 -0.1020569 0.02955758 0.04282194 -0.1017262 0.03010505 0.04323506 -0.1005343 0.03169941 0.04491811 -0.09895873 0.03323239 0.0474236 -0.1038348 0.01280647 0.04683798 -0.1038264 0.01775777 0.04511469 -0.1038159 0.02296406 0.04263305 -0.103775 0.02398031 0.04216384 -0.1035097 0.02577853 0.04174965 -0.1038445 0 0.04865348 -0.1038447 0.002461612 0.04866737 -0.103841 0.007923185 0.04802012 -0.1015613 0.01252448 0.05233174 -0.1038355 0.01241743 0.04697334 -0.1038408 -0.008162438 0.04797613 -0.1038445 -0.002956628 0.04863679 -0.1038235 -0.01923704 0.04447871 -0.1038334 -0.01374483 0.04657447 -0.1038346 -0.01280808 0.04680967 -0.1034482 -0.02590888 0.0418117 -0.1036492 -0.02503943 0.04185402 -0.0992648 -0.02486103 0.05233174 -0.1036971 -0.02471321 0.0419296 -0.1038159 -0.02296423 0.04263305 -0.09447139 -0.03565782 0.05549961 -0.09617948 -0.03491771 0.05233287 -0.09707182 -0.03453111 0.05067837 -0.09919798 -0.03303074 0.04702854 -0.1000807 -0.03219467 0.04561388 -0.1014429 -0.0305317 0.04361128 -0.1032355 -0.02682906 0.041767 -0.1026046 -0.02849131 0.04222232 -0.1017452 -0.03007543 0.04321062 -0.0876016 -0.03378671 0.07209986 -0.09313905 -0.03590953 0.05817317 -0.09107822 -0.02281075 0.07209986 -0.08032667 -0.04109042 0.08120214 -0.08385753 -0.0333209 0.08120214 -0.08423572 -0.03248864 0.08120214 -0.08602482 0.03762316 0.07210272 -0.08541327 0.03785437 0.07323002 -0.08423572 0.0324884 0.08120214 -0.08313357 0.03918147 0.07700312 -0.08210706 0.03994613 0.07852059 -0.09107822 0.02281063 0.07209986 -0.0931853 0.01149153 0.07209986 -0.08653616 0.02522581 0.08120214 -0.09375482 0.03585803 0.05689197 -0.08757883 0.02193421 0.08120214 -0.08850812 0.01694226 0.08120214 -0.08960497 0.01105016 0.08120214 -0.08976054 0.008517205 0.08120214 -0.09028375 0 0.08120214 -0.08850812 -0.01694238 0.08120214 -0.08653616 -0.02522605 0.08120214 -0.08757883 -0.02193444 0.08120214 -0.05975818 -0.1034946 0.002499938 -0.06546902 -0.09952515 0.002499938 -0.05236017 -0.09952515 0.002499938 -0.05294632 -0.09926158 0.002499938 -0.1170142 -0.009350895 0.002499938 -0.1168488 -0.009236514 0.002499938 -0.1077585 -0.009236514 0.002499938 -0.0138961 0.09974986 0.002499997 -0.0416612 0.1120113 0.002499997 -0.01224899 0.1013969 0.002499997 -0.02239733 0.1173907 0.002499997 -0.009998977 0.102 0.002499997 -0.005473971 0.11917 0.002499997 -0.007749021 0.1013969 0.002499997 -0.005499005 0.09249997 0.002499997 -0.005499005 0.09377491 0.002499997 -0.005473971 0.09377491 0.002499997 -0.005499005 0.09749996 0.002499997 -0.006101846 0.09974986 0.002499997 -0.01788926 0.09377491 0.002499997 -0.01894772 0.09560436 0.002499997 -0.014499 0.09749996 0.002499997 -0.021981 0.1010544 0.002499997 -0.02691698 0.1048676 0.002499997 -0.01576185 0.0900979 0.002499997 -0.01224899 0.08860278 0.002499997 -0.01053941 0.08646506 0.002499997 -0.009998977 0.08799988 0.002499997 -0.005473971 0.08559924 0.002499997 -0.007749021 0.08860278 0.002499997 -0.006101846 0.09024983 0.002499997 -0.014499 0.09377491 0.002499997 -0.014499 0.09249997 0.002499997 -0.0138961 0.09024983 0.002499997 -0.0862118 -0.049775 0.002499938 -0.07678335 -0.04932564 0.002499938 -0.08548164 -0.05249994 0.002499938 -0.07674366 -0.05549192 0.002499938 -0.0862118 -0.05522507 0.002499938 -0.07926994 -0.06111717 0.002499938 -0.08820664 -0.0572198 0.002499938 -0.08172363 -0.06612694 0.002499938 -0.09093165 -0.05795001 0.002499938 -0.09327429 -0.07422506 0.002499938 -0.09365665 -0.0572198 0.002499938 -0.104499 -0.02256232 0.002499938 -0.1034128 -0.02826243 0.002499938 -0.1077585 -0.05075556 0.002499938 -0.0956515 -0.05522507 0.002499938 -0.102226 -0.0619027 0.002499938 -0.09638166 -0.05249994 0.002499938 -0.0956515 -0.049775 0.002499938 -0.09365665 -0.04778009 0.002499938 -0.1003066 -0.03316366 0.002499938 -0.09561574 -0.03657907 0.002499938 -0.09093165 -0.04704999 0.002499938 -0.08999752 -0.03803014 0.002499938 -0.08820664 -0.04778009 0.002499938 -0.08406913 -0.03972691 0.002499938 -0.07938182 -0.04373347 0.002499938 -0.104499 -0.009236514 0.002499938 -0.111118 -0.04398703 0.002499938 -0.117299 -0.009423553 0.002499938 -0.1168976 -0.02483958 0.002499938 -0.1191354 -0.009423553 0.002499938 -0.08224487 -0.07168078 0.002499938 -0.08154541 -0.07422506 0.002499938 -0.09047067 -0.07808434 0.002499938 -0.08076614 -0.07705968 0.002499938 -0.07618129 -0.0920791 0.002499938 -0.077479 -0.08156663 0.002499938 -0.06581008 -0.09124231 0.002499938 -0.04999029 -0.1080917 0.002499938 -0.04999029 -0.1005907 0.002499938 -0.0416612 -0.1120114 0.002499938 -0.03912127 -0.1054785 0.002499938 -0.02239733 -0.1173908 0.002499938 9.76562e-7 -0.09955 0.002499938 -0.002723991 -0.1002801 0.002499938 -0.005473971 -0.09952515 0.002499938 -0.00471884 -0.102275 0.002499938 -0.005448997 -0.105 0.002499938 -0.005473971 -0.1191701 0.002499938 -0.00471884 -0.1077251 0.002499938 -0.002723991 -0.1097198 0.002499938 -0.002506136 -0.1194823 0.002499938 9.76562e-7 -0.11045 0.002499938 0.01745527 -0.1182271 0.002499938 0.002725958 -0.1097198 0.002499938 0.004720807 -0.1077251 0.002499938 0.0104022 -0.09952515 0.002499938 0.004720807 -0.102275 0.002499938 0.002725958 -0.1002801 0.002499938 0.005450963 -0.105 0.002499938 0.01632404 -0.1070297 0.002499938 0.01179307 -0.1027433 0.002499938 0.02217787 -0.1091832 0.002499938 0.03692787 -0.1136605 0.002499938 0.02840656 -0.1088548 0.002499938 0.04546725 -0.110071 0.002499938 0.08154737 -0.07422506 0.002499938 0.09312999 -0.07422506 0.002499938 0.0807681 -0.07705968 0.002499938 0.08711749 -0.08181077 0.002499938 0.07748091 -0.08156663 0.002499938 0.06273722 -0.09338319 0.002499938 0.04546725 -0.1028326 0.002499938 0.04622381 -0.1025657 0.002499938 0.05536615 -0.1059103 0.002499938 0.05169188 -0.09952515 0.002499938 0.06542813 -0.09952515 0.002499938 0.07225364 -0.09519356 0.002499938 0.09954124 -0.06613636 0.002499938 0.09093362 -0.05795001 0.002499938 0.08820861 -0.0572198 0.002499938 0.08172553 -0.06612694 0.002499938 0.08224678 -0.07168078 0.002499938 0.09365856 -0.0572198 0.002499938 0.09565341 -0.05522507 0.002499938 0.1091769 -0.04860961 0.002499938 0.09638357 -0.05249994 0.002499938 0.1157547 -0.02972126 0.002499938 0.09565341 -0.049775 0.002499938 0.09365856 -0.04778009 0.002499938 0.1032013 -0.03538668 0.002499938 0.08621376 -0.05522507 0.002499938 0.07927185 -0.06111717 0.002499938 0.08548361 -0.05249994 0.002499938 0.07664853 -0.05498725 0.002499938 0.08621376 -0.049775 0.002499938 0.07704573 -0.04833149 0.002499938 0.08037954 -0.04255712 0.002499938 0.08820861 -0.04778009 0.002499938 0.08594506 -0.03888523 0.002499938 0.09093362 -0.04704999 0.002499938 0.09256535 -0.03809213 0.002499938 0.09813076 -0.03771227 0.002499938 0.10712 0.03141647 0.002499938 0.09365856 0.04778015 0.002499997 0.09565341 0.049775 0.002499997 0.09954124 0.06613624 0.002499997 0.1091769 0.04860949 0.002499997 0.09638357 0.05249983 0.002499997 0.1157547 0.02972102 0.002499938 0.1032013 0.03538656 0.002499938 0.09813076 0.03771203 0.002499938 0.09093362 0.04704988 0.002499997 0.09256535 0.03809201 0.002499938 0.08820861 0.04778015 0.002499997 0.08594506 0.03888511 0.002499938 0.08621376 0.049775 0.002499997 0.08037954 0.042557 0.002499938 0.07704573 0.04833126 0.002499997 0.08548361 0.05249983 0.002499997 0.07664853 0.05498719 0.002499997 0.08621376 0.05522483 0.002499997 0.07927185 0.06111705 0.002499997 0.08820861 0.05721968 0.002499997 0.08172553 0.06612682 0.002499997 0.09093362 0.05794984 0.002499997 0.0941208 0.07297486 0.002499997 0.09365856 0.05721968 0.002499997 0.09565341 0.05522483 0.002499997 0.10712 -0.03141659 0.002499938 0.1093796 -0.0263164 0.002499938 0.1190903 -0.01000046 0.002499938 0.1121526 -0.00884509 0.002499938 0.1190903 0 0.002499938 0.1121526 0 0.002499938 0.1190903 0.01000034 0.002499938 0.1121526 0.008844971 0.002499938 0.1093796 0.02631628 0.002499938 0.08224678 0.07168078 0.002499997 0.081891 0.07297486 0.002499997 0.08711749 0.08181053 0.002499997 0.0807681 0.07705944 0.002499997 0.07748091 0.08156639 0.002499997 0.07382923 0.09377491 0.002499997 0.06273722 0.09338301 0.002499997 0.06203252 0.09377491 0.002499997 -0.002723991 0.10028 0.002499997 9.76562e-7 0.09954988 0.002499997 -0.002723991 0.1097197 0.002499997 -0.00471884 0.1077249 0.002499997 -0.005448997 0.1049998 0.002499997 -0.00471884 0.1022749 0.002499997 9.76562e-7 0.1104499 0.002499997 -0.002506136 0.1194821 0.002499997 0.002725958 0.1097197 0.002499997 0.01745527 0.118227 0.002499997 0.004720807 0.1077249 0.002499997 0.02217787 0.109183 0.002499997 0.01632404 0.1070296 0.002499997 0.005450963 0.1049998 0.002499997 0.01179307 0.1027431 0.002499997 0.004720807 0.1022749 0.002499997 0.00931853 0.09701758 0.002499997 0.002725958 0.10028 0.002499997 0.007852494 0.09377491 0.002499997 0.02840656 0.1088547 0.002499997 0.03692787 0.1136603 0.002499997 0.04546725 0.1028325 0.002499997 0.04546725 0.1100709 0.002499997 0.04622381 0.1025655 0.002499997 0.05536615 0.1059101 0.002499997 0.07225364 0.09519344 0.002499997 -0.03295642 0.1064263 0.002499997 -0.03912127 0.1054784 0.002499997 -0.04999029 0.1080914 0.002499997 -0.04999029 0.1005907 0.002499997 -0.05975818 0.1034945 0.002499997 -0.05294632 0.09926134 0.002499997 -0.07374131 0.09377491 0.002499997 -0.06174725 0.09377491 0.002499997 -0.06581008 0.09124219 0.002499997 -0.07618129 0.09207886 0.002499997 -0.077479 0.08156639 0.002499997 -0.09047067 0.07808423 0.002499997 -0.08076614 0.07705944 0.002499997 -0.09418237 0.07297486 0.002499997 -0.1077585 0.0507555 0.002499997 -0.0956515 0.049775 0.002499997 -0.09365665 0.04778015 0.002499997 -0.09561574 0.03657895 0.002499938 -0.08999752 0.03803002 0.002499938 -0.09093165 0.04704988 0.002499997 -0.08406913 0.03972667 0.002499938 -0.08820664 0.04778015 0.002499997 -0.07938182 0.04373335 0.002499997 -0.0862118 0.049775 0.002499997 -0.07678335 0.04932552 0.002499997 -0.08548164 0.05249983 0.002499997 -0.07674366 0.05549192 0.002499997 -0.07926994 0.06111705 0.002499997 -0.0862118 0.05522483 0.002499997 -0.08172363 0.06612682 0.002499997 -0.104499 0.009236395 0.002499938 -0.1077585 0.009236395 0.002499938 -0.104499 0.0225622 0.002499938 -0.1034128 0.02826219 0.002499938 -0.1003066 0.03316354 0.002499938 -0.08188903 0.07297486 0.002499997 -0.08224487 0.07168078 0.002499997 -0.08820664 0.05721968 0.002499997 -0.09093165 0.05794984 0.002499997 -0.09365665 0.05721968 0.002499997 -0.102226 0.06190246 0.002499997 -0.0956515 0.05522483 0.002499997 -0.09638166 0.05249983 0.002499997 -0.1168488 0.009236395 0.002499938 -0.1171751 0.009409904 0.002499938 -0.111118 0.04398691 0.002499997 -0.1168976 0.02483934 0.002499938 -0.117299 0.009423434 0.002499938 -0.1191354 0.009423434 0.002499938 -0.004268646 0.0853933 0.002499997 0.001863837 0.08708518 0.002499997 0.006697833 0.09122079 0.002499997 -0.005473971 -0.08559948 0.002499938 -0.004268646 -0.08539342 0.002499938 0.001863837 -0.08708542 0.002499938 0.00931853 -0.09701782 0.002499938 0.006697833 -0.09122091 0.002499938 -0.009998977 -0.09950011 0.002499938 -0.007749021 -0.09889721 0.002499938 -0.01576185 -0.09009802 0.002499938 -0.0138961 -0.09275013 0.002499938 -0.01894772 -0.09560459 0.002499938 -0.014499 -0.09499996 0.002499938 -0.02112972 -0.09952515 0.002499938 -0.0138961 -0.0972501 0.002499938 -0.01224899 -0.09889721 0.002499938 -0.007749021 -0.09110301 0.002499938 -0.01053941 -0.08646517 0.002499938 -0.009998977 -0.09049999 0.002499938 -0.01224899 -0.09110301 0.002499938 -0.03295642 -0.1064265 0.002499938 -0.02691698 -0.1048676 0.002499938 -0.021981 -0.1010546 0.002499938 -0.006101846 -0.0972501 0.002499938 -0.005499005 -0.09499996 0.002499938 -0.006101846 -0.09275013 0.002499938 0.08568358 0.05249983 0.01729995 0.08568358 0.05249983 0.002699971 0.08638697 0.05512499 0.01729995 0.08638697 0.05512499 0.002699971 0.08830857 0.05704647 0.01729995 0.08830857 0.05704647 0.002699971 0.09093362 0.05774998 0.01729995 0.09093362 0.05774998 0.002699971 0.0935586 0.05704647 0.01729995 0.0935586 0.05704647 0.002699971 0.0954802 0.05512499 0.01729995 0.0954802 0.05512499 0.002699971 0.09618359 0.05249983 0.01729995 0.09618359 0.05249983 0.002699971 0.0954802 0.04987484 0.01729995 0.0954802 0.04987484 0.002699971 0.0935586 0.04795336 0.01729995 0.0935586 0.04795336 0.002699971 0.09093362 0.04724985 0.01729995 0.09093362 0.04724985 0.002699971 0.08830857 0.04795336 0.01729995 0.08830857 0.04795336 0.002699971 0.08638697 0.04987484 0.01729995 0.08638697 0.04987484 0.002699971 -0.005248963 0.1049998 0.01729995 -0.005248963 0.1049998 0.002699971 -0.004545629 0.1076248 0.01729995 -0.004545629 0.1076248 0.002699971 -0.002623975 0.1095465 0.01729995 -0.002623975 0.1095465 0.002699971 9.76562e-7 0.11025 0.01729995 9.76562e-7 0.11025 0.002699971 0.002625942 0.1095465 0.01729995 0.002625942 0.1095465 0.002699971 0.004547595 0.1076248 0.01729995 0.004547595 0.1076248 0.002699971 0.00525093 0.1049998 0.01729995 0.00525093 0.1049998 0.002699971 0.004547595 0.1023749 0.01729995 0.004547595 0.1023749 0.002699971 0.002625942 0.1004532 0.01729995 0.002625942 0.1004532 0.002699971 9.76562e-7 0.09974986 0.01729995 9.76562e-7 0.09974986 0.002699971 -0.002623975 0.1004532 0.01729995 -0.002623975 0.1004532 0.002699971 -0.004545629 0.1023749 0.01729995 -0.004545629 0.1023749 0.002699971 -0.09618163 0.05249983 0.01729995 -0.09618163 0.05249983 0.002699971 -0.09547829 0.05512499 0.01729995 -0.09547829 0.05512499 0.002699971 -0.09355664 0.05704647 0.01729995 -0.09355664 0.05704647 0.002699971 -0.09093165 0.05774998 0.01729995 -0.09093165 0.05774998 0.002699971 -0.08830666 0.05704647 0.01729995 -0.08830666 0.05704647 0.002699971 -0.08638501 0.05512499 0.01729995 -0.08638501 0.05512499 0.002699971 -0.08568167 0.05249983 0.01729995 -0.08568167 0.05249983 0.002699971 -0.08638501 0.04987484 0.01729995 -0.08638501 0.04987484 0.002699971 -0.08830666 0.04795336 0.01729995 -0.08830666 0.04795336 0.002699971 -0.09093165 0.04724985 0.01729995 -0.09093165 0.04724985 0.002699971 -0.09355664 0.04795336 0.01729995 -0.09355664 0.04795336 0.002699971 -0.09547829 0.04987484 0.01729995 -0.09547829 0.04987484 0.002699971 -0.09618163 -0.05249994 0.01729995 -0.09618163 -0.05249994 0.002699971 -0.09547829 -0.04987496 0.01729995 -0.09547829 -0.04987496 0.002699971 -0.09355664 -0.04795336 0.01729995 -0.09355664 -0.04795336 0.002699971 -0.09093165 -0.04724997 0.01729995 -0.09093165 -0.04724997 0.002699971 -0.08830666 -0.04795336 0.01729995 -0.08830666 -0.04795336 0.002699971 -0.08638501 -0.04987496 0.01729995 -0.08638501 -0.04987496 0.002699971 -0.08568167 -0.05249994 0.01729995 -0.08568167 -0.05249994 0.002699971 -0.08638501 -0.05512499 0.01729995 -0.08638501 -0.05512499 0.002699971 -0.08830666 -0.05704659 0.01729995 -0.08830666 -0.05704659 0.002699971 -0.09093165 -0.0577501 0.01729995 -0.09093165 -0.0577501 0.002699971 -0.09355664 -0.05704659 0.01729995 -0.09355664 -0.05704659 0.002699971 -0.09547829 -0.05512499 0.01729995 -0.09547829 -0.05512499 0.002699971 -0.005248963 -0.105 0.01729995 -0.005248963 -0.105 0.002699971 -0.004545629 -0.102375 0.01729995 -0.004545629 -0.102375 0.002699971 -0.002623975 -0.1004533 0.01729995 -0.002623975 -0.1004533 0.002699971 9.76562e-7 -0.0997501 0.01729995 9.76562e-7 -0.0997501 0.002699971 0.002625942 -0.1004533 0.01729995 0.002625942 -0.1004533 0.002699971 0.004547595 -0.102375 0.01729995 0.004547595 -0.102375 0.002699971 0.00525093 -0.105 0.01729995 0.00525093 -0.105 0.002699971 0.004547595 -0.107625 0.01729995 0.004547595 -0.107625 0.002699971 0.002625942 -0.1095466 0.01729995 0.002625942 -0.1095466 0.002699971 9.76562e-7 -0.1102501 0.01729995 9.76562e-7 -0.1102501 0.002699971 -0.002623975 -0.1095466 0.01729995 -0.002623975 -0.1095466 0.002699971 -0.004545629 -0.107625 0.01729995 -0.004545629 -0.107625 0.002699971 0.08568358 -0.05249994 0.01729995 0.08568358 -0.05249994 0.002699971 0.08638697 -0.04987496 0.01729995 0.08638697 -0.04987496 0.002699971 0.08830857 -0.04795336 0.01729995 0.08830857 -0.04795336 0.002699971 0.09093362 -0.04724997 0.01729995 0.09093362 -0.04724997 0.002699971 0.0935586 -0.04795336 0.01729995 0.0935586 -0.04795336 0.002699971 0.0954802 -0.04987496 0.01729995 0.0954802 -0.04987496 0.002699971 0.09618359 -0.05249994 0.01729995 0.09618359 -0.05249994 0.002699971 0.0954802 -0.05512499 0.01729995 0.0954802 -0.05512499 0.002699971 0.0935586 -0.05704659 0.01729995 0.0935586 -0.05704659 0.002699971 0.09093362 -0.0577501 0.01729995 0.09093362 -0.0577501 0.002699971 0.08830857 -0.05704659 0.01729995 0.08830857 -0.05704659 0.002699971 0.08638697 -0.05512499 0.01729995 0.08638697 -0.05512499 0.002699971 -0.005998969 0.09249997 0.0115 -0.005998969 0.09249997 0.002999961 -0.006534874 0.09049999 0.0115 -0.006534874 0.09049999 0.002999961 -0.007999002 0.08903586 0.0115 -0.007999002 0.08903586 0.002999961 -0.009998977 0.08849984 0.0115 -0.009998977 0.08849984 0.002999961 -0.01199901 0.08903586 0.0115 -0.01199901 0.08903586 0.002999961 -0.01346307 0.09049999 0.0115 -0.01346307 0.09049999 0.002999961 -0.01399898 0.09249997 0.0115 -0.01399898 0.09249997 0.002999961 -0.005998969 0.09749996 0.0115 -0.005998969 0.09749996 0.002999961 -0.01399898 0.09749996 0.0115 -0.01399898 0.09749996 0.002999961 -0.01346307 0.09949988 0.0115 -0.01346307 0.09949988 0.002999961 -0.01199901 0.100964 0.0115 -0.01199901 0.100964 0.002999961 -0.009998977 0.1014999 0.0115 -0.009998977 0.1014999 0.002999961 -0.007999002 0.100964 0.0115 -0.007999002 0.100964 0.002999961 -0.006534874 0.09949988 0.0115 -0.006534874 0.09949988 0.002999961 -0.01174896 0.08946883 0.01199996 -0.01303011 0.09074997 0.01199996 -0.01349902 0.09249997 0.01199996 -0.006498992 0.09249997 0.01199996 -0.006967902 0.09074997 0.01199996 -0.008248984 0.08946883 0.01199996 -0.01349902 0.09749996 0.01199996 -0.01303011 0.09924983 0.01199996 -0.006498992 0.09749996 0.01199996 -0.01174896 0.100531 0.01199996 -0.009998977 0.08899998 0.01199996 -0.009998977 0.1009998 0.01199996 -0.008248984 0.100531 0.01199996 -0.006967902 0.09924983 0.01199996 -0.01399898 -0.09499996 0.01149994 -0.01399898 -0.09499996 0.002999961 -0.01346307 -0.09300011 0.01149994 -0.01346307 -0.09300011 0.002999961 -0.01199901 -0.09153586 0.01149994 -0.01199901 -0.09153586 0.002999961 -0.009998977 -0.09100008 0.01149994 -0.009998977 -0.09100008 0.002999961 -0.007999002 -0.09153586 0.01149994 -0.007999002 -0.09153586 0.002999961 -0.006534874 -0.09300011 0.01149994 -0.006534874 -0.09300011 0.002999961 -0.005998969 -0.09499996 0.01149994 -0.005998969 -0.09499996 0.002999961 -0.006534874 -0.097 0.01149994 -0.006534874 -0.097 0.002999961 -0.007999002 -0.09846407 0.01149994 -0.007999002 -0.09846407 0.002999961 -0.009998977 -0.09900009 0.01149994 -0.009998977 -0.09900009 0.002999961 -0.01199901 -0.09846407 0.01149994 -0.01199901 -0.09846407 0.002999961 -0.01346307 -0.097 0.01149994 -0.01346307 -0.097 0.002999961 -0.01174896 -0.0980311 0.01199996 -0.01303011 -0.09674996 0.01199996 -0.009998977 -0.09499996 0.01199996 -0.01349902 -0.09499996 0.01199996 -0.01303011 -0.09324997 0.01199996 -0.006967902 -0.09674996 0.01199996 -0.008248984 -0.0980311 0.01199996 -0.009998977 -0.09850001 0.01199996 -0.008248984 -0.09196895 0.01199996 -0.006967902 -0.09324997 0.01199996 -0.006498992 -0.09499996 0.01199996 -0.01174896 -0.09196895 0.01199996 -0.009998977 -0.0915001 0.01199996 0.08127433 -0.05508822 0.07908904 0.08127433 -0.05508822 0.02829998 0.08095091 -0.05308824 0.08303791 0.08093363 -0.05249994 0.02829998 0.08093428 -0.05261766 0.08384197 0.08105081 -0.05097347 0.08624291 0.08127433 -0.04991185 0.02829998 0.08114975 -0.0504322 0.08688044 0.08244812 -0.04720896 0.08861082 0.08196407 -0.04807883 0.08855354 0.08227336 -0.04749995 0.02829998 0.08144736 -0.04933601 0.08790206 0.08128988 -0.04991596 0.08736151 0.08299517 -0.04641878 0.08832573 0.08386212 -0.04542928 0.08741343 0.08386254 -0.04542893 0.02829998 0.08593356 -0.04383981 0.02829998 0.0883454 -0.04284077 0.02829998 0.0883454 -0.04284077 0.07908904 0.08724772 -0.04320406 0.08142894 0.08544474 -0.04414111 0.08493202 0.08504694 -0.04441636 0.08562445 0.08475887 -0.06809276 0.05401748 0.08599567 -0.07270848 0.04448562 0.08706831 -0.07671165 0.03498888 0.08766072 -0.07892256 0.02829998 0.1012454 -0.03938424 0.05422431 0.1050257 -0.03837132 0.04650598 0.1121798 -0.03645443 0.02829998 0.1108943 -0.03679883 0.03241991 0.1082689 -0.03750228 0.03925335 0.1074267 -0.04822921 0.02779996 0.09993362 -0.05249994 0.02779996 0.1019801 -0.05887776 0.02779996 0.09962695 -0.05482941 0.02779996 0.08799785 -0.07824885 0.02779996 0.08860421 -0.06119334 0.02779996 0.08643358 -0.06029427 0.02779996 0.09548151 -0.06891882 0.02779996 0.09326297 -0.06119334 0.02779996 0.09093362 -0.06150007 0.02779996 0.08847481 -0.04332369 0.02779996 0.09093362 -0.04350012 0.02779996 0.1117649 -0.03708308 0.02779996 0.09326297 -0.04380661 0.02779996 0.09543359 -0.04470592 0.02779996 0.09729754 -0.04613608 0.02779996 0.09872782 -0.04800009 0.02779996 0.09962695 -0.05017066 0.02779996 0.09872782 -0.0570001 0.02779996 0.09729754 -0.05886399 0.02779996 0.09543359 -0.06029427 0.02779996 0.08456963 -0.05886399 0.02779996 0.08313935 -0.0570001 0.02779996 0.0817573 -0.05495882 0.02779996 0.08224028 -0.05482941 0.02779996 0.08143359 -0.05249994 0.02779996 0.08193361 -0.05249994 0.02779996 0.0817573 -0.05004137 0.02779996 0.08224028 -0.05017066 0.02779996 0.08270633 -0.04774999 0.02779996 0.08313935 -0.04800009 0.02779996 0.08421605 -0.04578256 0.02779996 0.08456963 -0.04613608 0.02779996 0.0861836 -0.04427278 0.02779996 0.08643358 -0.04470592 0.02779996 0.08860421 -0.04380661 0.02779996 -0.01670116 -0.09041756 0.07388687 -0.01609098 -0.08979684 0.07598793 -0.01612979 -0.08975952 0.002999961 -0.01342803 -0.0874415 0.02249997 -0.01072883 -0.0860024 0.002999961 -0.01942461 -0.09545421 0.002999961 -0.01942461 -0.09545421 0.0591619 -0.01830524 -0.0928092 0.06661516 0.009808063 -0.0969159 0.0591619 0.009808063 -0.0969159 0.002999961 0.008958101 -0.09417235 0.06661516 0.007097721 -0.09092086 0.002999961 0.002098441 -0.08664375 0.02249997 0.004640638 -0.08834505 0.02249997 0.004640638 -0.08834505 0.08049994 0.005884587 -0.08949714 0.08049994 0.007055401 -0.09095418 0.07598793 0.007600605 -0.09163266 0.07388687 -0.01072883 -0.0860024 0.02249997 -0.004243671 -0.084894 0.02249997 -0.004243671 -0.084894 0.002999961 0.002098441 -0.08664375 0.002999961 0.007600605 0.09163254 0.07388687 0.007055401 0.09095406 0.07598793 0.007097721 0.09092074 0.002999961 0.004640638 0.08834481 0.02249997 0.002098441 0.08664363 0.002999961 0.009808063 0.09691566 0.002999961 0.009808063 0.09691566 0.0591619 0.008958101 0.09417223 0.06661516 -0.01942461 0.09545409 0.0591619 -0.01942461 0.09545409 0.002999961 -0.01830524 0.09280908 0.06661516 -0.01612979 0.08975929 0.002999961 -0.01072883 0.08600229 0.02249997 -0.01342803 0.08744138 0.02249997 -0.01342803 0.08744138 0.08049994 -0.01478064 0.08846372 0.08049994 -0.01609098 0.08979672 0.07598793 -0.01670116 0.09041744 0.07388687 0.002098441 0.08664363 0.02249997 -0.004243671 0.08489388 0.02249997 -0.004243671 0.08489388 0.002999961 -0.01072883 0.08600229 0.002999961 -0.03404235 0.1059426 0.02750509 -0.03574919 0.1058094 0.02605509 -0.03298139 0.1059269 0.002999961 -0.03319388 0.1059361 0.02837145 -0.0389474 0.1050095 0.02480888 -0.0389474 0.1050095 0.002999961 -0.03778815 0.1053867 0.02498805 -0.03736633 0.1054986 0.02513664 -0.02723711 0.1044671 0.03668922 -0.0278474 0.1047437 0.0356521 -0.0271368 0.1044185 0.002999961 -0.03064858 0.1056256 0.03145444 -0.03298318 0.1059104 0.02862662 -0.02236002 0.1007284 0.002999961 -0.02454638 0.102805 0.04193162 -0.02714252 0.1044087 0.03687351 -0.02061653 0.09822654 0.05318331 -0.02233457 0.1006987 0.04743605 -0.02236282 0.1007255 0.04736584 -0.0771346 0.08120381 0.02480888 -0.0771346 0.08120381 0.002999961 -0.07148855 0.08621615 0.02480888 -0.0655176 0.09083664 0.002999961 -0.0655176 0.09083664 0.02480888 -0.05924892 0.09504431 0.02480888 -0.052711 0.09882014 0.002999961 -0.052711 0.09882014 0.02480888 -0.04593354 0.1021469 0.02480888 -0.08149427 0.07336068 0.03236967 -0.08166927 0.07162952 0.03494733 -0.08174675 0.07163709 0.002999961 -0.08177268 0.06936007 0.03843486 -0.08121639 0.06626754 0.04383426 -0.08124232 0.0662623 0.002999961 -0.07985615 0.06293648 0.05049753 -0.07886779 0.06141418 0.002999961 -0.08117175 0.06601953 0.04426747 -0.08180391 0.07029783 0.03693008 -0.08031576 0.07684236 0.002999961 -0.08030563 0.07683748 0.02793461 -0.0805962 0.07622522 0.0286327 -0.07802408 0.0802837 0.02500617 -0.07892543 0.07916414 0.02566856 -0.07901567 0.07903903 0.02576434 -0.08009356 0.07728439 0.02742511 -0.08996534 0.03753107 0.06058138 -0.08996534 0.03753113 0.002999961 -0.08887493 0.03764158 0.06314045 -0.0838325 0.03928625 0.002999961 -0.08705657 0.0380091 0.0672394 -0.08456975 0.03891587 0.07247126 -0.07766395 0.04550218 0.08049994 -0.07906079 0.04348444 0.08049994 -0.07898354 0.04343116 0.002999961 -0.07971167 0.04254442 0.08049994 -0.08024889 0.04197007 0.07986474 -0.08166635 0.04070359 0.07779556 -0.08256673 0.04004895 0.076267 -0.08385229 0.03932178 0.07383084 -0.07629549 0.04921615 0.002999961 -0.07625442 0.05559498 0.002999961 -0.1035505 0.02620285 0.04100722 -0.1036555 0.02575349 0.04102385 -0.103999 0.0225622 0.002999961 -0.1039546 0.02371472 0.04143458 -0.103999 0.0225622 0.04190009 -0.0999419 0.03282153 0.002999961 -0.09991908 0.03279817 0.04465252 -0.1002683 0.03246188 0.044169 -0.1016274 0.03065681 0.04249757 -0.1020041 0.03003662 0.04208749 -0.1029479 0.02807837 0.002999961 -0.1029465 0.02807772 0.04125005 -0.1029556 0.0280587 0.04124194 -0.09846895 0.03419494 0.04666024 -0.0954023 0.03612679 0.002999961 -0.09741473 0.03497898 0.04821479 -0.09250676 0.03714632 0.05610114 -0.09500378 0.03630781 0.05196493 -0.09538638 0.03609704 0.05136978 -0.103999 -0.0188989 0.04373246 -0.103999 -0.02256232 0.04190009 -0.103999 -0.00597763 0.01705908 -0.103999 0.007806122 0.004047989 -0.103999 0.008116304 0.003502309 -0.103999 0.007746458 0.004672825 -0.103999 0.008622646 0.00313127 -0.103999 0.007947504 0.005267381 -0.103999 0.009236395 0.002999961 -0.103999 -0.008116304 0.003502309 -0.103999 -0.007806241 0.004047989 -0.103999 -0.008622765 0.00313127 -0.103999 -0.007746577 0.004672825 -0.103999 -0.009236514 0.002999961 -0.103999 -0.007947742 0.005267381 -0.103999 -0.02256232 0.002999961 -0.103999 -0.009228229 0.00936532 -0.103999 -0.008520722 0.01359999 -0.103999 -0.01350206 0.04581558 -0.103999 -0.00214672 0.01899743 -0.103999 -0.008017659 0.04721015 -0.103999 0.01219797 0.04621237 -0.103999 0.007782697 0.0472539 -0.103999 0.002146601 0.01899743 -0.103999 0.002417802 0.04789817 -0.103999 -0.002903997 0.04786777 -0.103999 0.01744526 0.04436433 -0.103999 0.005977511 0.01705908 -0.103999 0.008520603 0.01359999 -0.103999 0.009227991 0.00936532 -0.09874236 -0.03396701 0.04626727 -0.09631043 -0.03565979 0.0499013 -0.0954023 -0.03612691 0.002999961 -0.0953722 -0.03605759 0.05141496 -0.08996534 -0.03753119 0.002999961 -0.09332942 -0.0369237 0.0547105 -0.1029479 -0.02807861 0.002999961 -0.1029174 -0.02806687 0.04131001 -0.0999419 -0.03282165 0.002999961 -0.1026275 -0.02882844 0.04149258 -0.101649 -0.03062313 0.04247325 -0.1013045 -0.03113996 0.04287099 -0.09992659 -0.03280884 0.04463511 -0.09975057 -0.03302204 0.04486048 -0.1038672 -0.02454572 0.04120224 -0.1038132 -0.02491575 0.04112732 -0.1033446 -0.02694481 0.04104101 -0.07625442 -0.05559521 0.002999961 -0.07627815 -0.05559128 0.06889468 -0.07632547 -0.05591464 0.06826537 -0.07886779 -0.0614143 0.05401182 -0.07886779 -0.0614143 0.002999961 -0.07863461 -0.06108969 0.05502963 -0.07723188 -0.05860877 0.06198304 -0.0759595 -0.05341368 0.07313281 -0.07629549 -0.04921627 0.002999961 -0.07598108 -0.05128318 0.0765556 -0.07898354 -0.04343122 0.002999961 -0.07898354 -0.04343128 0.08049994 -0.07766395 -0.0455023 0.08049994 -0.07669997 -0.04776096 0.08049994 -0.07629746 -0.04920762 0.07917153 -0.07629609 -0.04921638 0.07916057 -0.0838325 -0.03928637 0.002999961 -0.07931196 -0.07860803 0.02612143 -0.08031576 -0.07684248 0.002999961 -0.08018249 -0.07711201 0.0276134 -0.0803107 -0.0768401 0.02792453 -0.0771346 -0.08120411 0.02480888 -0.0771346 -0.08120411 0.002999961 -0.07802951 -0.0802778 0.02500867 -0.07831943 -0.07994067 0.02516734 -0.08054959 -0.07633334 0.02850437 -0.08174675 -0.07163733 0.002999961 -0.08137643 -0.07388436 0.03164505 -0.08124232 -0.06626242 0.002999961 -0.08119094 -0.06627929 0.04384785 -0.08141165 -0.06692039 0.04261511 -0.08180153 -0.07005858 0.03730916 -0.08179146 -0.07094043 0.03592902 -0.08169418 -0.07163047 0.0349248 -0.08041357 -0.06402146 0.0481894 -0.0389474 -0.1050096 0.02480888 -0.0389474 -0.1050096 0.002999961 -0.04593354 -0.1021471 0.02480888 -0.052711 -0.09882026 0.002999961 -0.052711 -0.09882026 0.02480888 -0.05924892 -0.09504455 0.02480888 -0.0655176 -0.09083676 0.002999961 -0.0655176 -0.09083676 0.02480888 -0.07148855 -0.08621627 0.02480888 -0.0299859 -0.1054708 0.03236967 -0.02713835 -0.1044147 0.03686845 -0.0271368 -0.1044187 0.002999961 -0.01972323 -0.09631055 0.05735152 -0.02627128 -0.1039595 0.03843486 -0.02348327 -0.1018995 0.04439765 -0.02236002 -0.1007285 0.002999961 -0.02243328 -0.1006659 0.04741412 -0.02128088 -0.09931212 0.05072474 -0.02709937 -0.1044002 0.03693008 -0.03298139 -0.1059271 0.002999961 -0.03298139 -0.105926 0.02860361 -0.0329532 -0.1059256 0.0286327 -0.03772956 -0.1054032 0.02500617 -0.03632748 -0.1057195 0.02566856 -0.03617542 -0.1057454 0.02576434 -0.03412544 -0.1059406 0.02742511 0.02330672 -0.10881 0.02750509 0.02501827 -0.1088479 0.02605509 0.02225255 -0.1086888 0.002999961 0.02246308 -0.1087191 0.02837145 0.02828031 -0.1083711 0.02480888 0.02828031 -0.1083711 0.002999961 0.02708923 -0.1086307 0.02498805 0.02665835 -0.1086999 0.02513664 0.01668256 -0.1066632 0.03668922 0.01726216 -0.1069992 0.0356521 0.01658755 -0.1066049 0.002999961 0.01996141 -0.1081562 0.03145444 0.02225595 -0.1086724 0.02862662 0.01220273 -0.1024566 0.002999961 0.01417106 -0.1047409 0.04193162 0.01659423 -0.1065958 0.03687345 0.01071751 -0.09979331 0.05318331 0.01218038 -0.1024247 0.04743605 0.01220577 -0.1024542 0.04736584 0.07713657 -0.08120411 0.02480888 0.07713657 -0.08120411 0.002999961 0.07004487 -0.08739489 0.02480888 0.06245839 -0.0929681 0.002999961 0.06245839 -0.0929681 0.02480888 0.0544306 -0.09788477 0.02480888 0.04601836 -0.1021099 0.002999961 0.04601836 -0.1021099 0.02480888 0.03728103 -0.1056135 0.02480888 0.08149617 -0.07336091 0.03236967 0.08167123 -0.07162964 0.03494733 0.08174872 -0.07163733 0.002999961 0.08177465 -0.06936019 0.03843486 0.0812183 -0.06626766 0.04383426 0.08124428 -0.06626242 0.002999961 0.07985812 -0.0629366 0.05049753 0.07886976 -0.0614143 0.002999961 0.08117371 -0.06601965 0.04426747 0.08180588 -0.07029795 0.03693008 0.08031767 -0.07684248 0.002999961 0.0803076 -0.07683765 0.02793461 0.08059817 -0.07622545 0.0286327 0.07802605 -0.08028393 0.02500617 0.07892739 -0.07916426 0.02566856 0.07901757 -0.07903915 0.02576434 0.08009552 -0.07728451 0.02742511 0.09262162 -0.03759545 0.05401182 0.09262162 -0.03759545 0.002999961 0.09172827 -0.03752112 0.05628079 0.08577305 -0.03841561 0.002999961 0.0888769 -0.03764182 0.06314045 0.08705848 -0.03800922 0.0672394 0.08025079 -0.04197019 0.07986474 0.08166825 -0.04070371 0.07779556 0.08001565 -0.04221433 0.002999961 0.0825687 -0.04004907 0.076267 0.08457171 -0.03891599 0.07247126 0.08579307 -0.03847068 0.06990164 0.0779432 -0.04500007 0.08049994 0.07656681 -0.04818773 0.002999961 0.07971358 -0.04254466 0.08049994 0.08001935 -0.04221773 0.08013844 0.0761559 -0.05507296 0.002999961 0.1077339 -0.02938318 0.02612149 0.1067068 -0.0311352 0.002999961 0.1068736 -0.03088498 0.0276134 0.1067022 -0.03113192 0.02792453 0.1088935 -0.02619946 0.02480888 0.1088935 -0.02619946 0.002999961 0.1085388 -0.02743762 0.02500867 0.1083918 -0.02785712 0.02516734 0.1063829 -0.03159224 0.02850437 0.1029144 -0.03497701 0.002999961 0.1046754 -0.03353267 0.03164505 0.0980075 -0.03722763 0.002999961 0.09799641 -0.03717464 0.04384785 0.09866195 -0.03704535 0.04261511 0.1015747 -0.0358138 0.03730916 0.1023333 -0.03536421 0.03592902 0.1028823 -0.03493505 0.0349248 0.0956524 -0.03763049 0.0481894 0.1088935 0.02619934 0.02480888 0.1088935 0.02619934 0.002999961 0.1106163 0.01755684 0.02480888 0.1116542 0.008805632 0.002999961 0.1116542 0.008805632 0.02480888 0.112001 0 0.02480888 0.1116542 -0.008805751 0.002999961 0.1116542 -0.008805751 0.02480888 0.1106163 -0.01755696 0.02480888 0.104281 0.03389644 0.03236967 0.1028691 0.03491365 0.03494733 0.1029144 0.03497701 0.002999961 0.1009555 0.03613793 0.03843486 0.09799915 0.03720247 0.04383426 0.0980075 0.03722763 0.002999961 0.0944342 0.03769004 0.05049753 0.09262162 0.03759521 0.002999961 0.09776192 0.03728783 0.04426747 0.1017831 0.03569614 0.03693008 0.1067068 0.03113496 0.002999961 0.1066976 0.03112876 0.02793461 0.1063126 0.03168648 0.0286327 0.1085413 0.02742981 0.02500617 0.1080223 0.02877014 0.02566856 0.1079591 0.02891087 0.02576434 0.1069786 0.03072166 0.02742511 0.07886976 0.06141418 0.05401182 0.07886976 0.06141418 0.002999961 0.07835882 0.06067758 0.05628079 0.0761559 0.05507284 0.002999961 0.07703757 0.05814778 0.06314045 0.07644665 0.05638939 0.0672394 0.07647311 0.04851329 0.07986474 0.07608497 0.05037415 0.07779556 0.07656681 0.04818761 0.002999961 0.07596826 0.05148118 0.076267 0.07598853 0.05378246 0.07247126 0.07621353 0.05506271 0.06990164 0.0765717 0.04818892 0.08013844 0.0779432 0.04499983 0.08049994 0.07670193 0.04776084 0.08049994 0.08001565 0.04221409 0.002999961 0.08577305 0.03841561 0.002999961 0.07931393 0.07860791 0.02612149 0.08031767 0.07684236 0.002999961 0.0801844 0.07711189 0.0276134 0.0803126 0.07683992 0.02792453 0.07713657 0.08120381 0.02480888 0.07713657 0.08120381 0.002999961 0.07803142 0.08027768 0.02500867 0.07832139 0.07994055 0.02516734 0.0805515 0.07633322 0.02850437 0.08174872 0.07163709 0.002999961 0.08137834 0.07388424 0.03164505 0.08124428 0.0662623 0.002999961 0.08119285 0.06627917 0.04384785 0.08141362 0.06692028 0.04261511 0.0818035 0.07005846 0.03730916 0.08179342 0.07094019 0.03592902 0.08169615 0.07163035 0.0349248 0.08041548 0.06402134 0.0481894 0.02828031 0.108371 0.02480888 0.02828031 0.108371 0.002999961 0.03728103 0.1056133 0.02480888 0.04601836 0.1021096 0.002999961 0.04601836 0.1021096 0.02480888 0.0544306 0.09788465 0.02480888 0.06245839 0.09296798 0.002999961 0.06245839 0.09296798 0.02480888 0.07004487 0.08739465 0.02480888 0.0193175 0.1079359 0.03236967 0.01658952 0.1066009 0.03686851 0.01658755 0.1066048 0.002999961 0.01001977 0.09779757 0.05735152 0.01577222 0.1060615 0.03843486 0.01320356 0.1037337 0.04439765 0.01220273 0.1024565 0.002999961 0.01228189 0.1024016 0.04741412 0.01127028 0.1009395 0.05072474 0.01655215 0.1065828 0.03693008 0.02225255 0.1086887 0.002999961 0.02225267 0.1086876 0.02860367 0.02222466 0.1086845 0.0286327 0.02702927 0.108641 0.02500617 0.02560263 0.1088159 0.02566856 0.02544879 0.1088265 0.02576434 0.02338957 0.1088163 0.02742511 0.04598909 0.1020404 0.02521866 0.04653584 0.1018282 0.02521866 0.04605025 0.1007656 0.02986466 0.07611787 0.04899412 0.08057266 0.07638877 0.04812729 0.08120214 0.07105267 0.05563366 0.08120214 0.02036017 0.1079282 0.03298652 0.02133023 0.1081795 0.03154247 0.0210548 0.1068986 0.03559786 0.08010983 0.07686728 0.02903664 0.08029788 0.07630711 0.02986848 0.07791227 0.07876598 0.02986466 0.07196462 0.07275301 0.05233174 0.07925409 0.06472313 0.05232971 0.07868945 0.06375998 0.05479973 0.08121454 0.07133358 0.0379979 0.08091747 0.06885886 0.04280531 0.07472592 0.07554453 0.04280585 0.08088362 0.06857663 0.04335349 0.08002442 0.06603699 0.04895985 0.08120369 0.07210946 0.0366007 0.07662045 0.07745993 0.03559786 0.08111906 0.0727064 0.03559952 0.08083575 0.07470422 0.03224843 0.07859426 0.07945919 0.02609407 0.07902377 0.07887899 0.02658122 0.07978779 0.07755589 0.02812081 0.06817662 0.08732885 0.02986466 0.06889551 0.08824974 0.02521866 0.06997907 0.08731603 0.02521866 0.07710736 0.08117318 0.02521866 0.07789599 0.08035534 0.02542662 0.07815122 0.0800575 0.02559167 0.02245479 0.108471 0.02986842 0.02292507 0.1085928 0.02916836 0.0339626 0.1054555 0.02986466 0.02395325 0.1087124 0.02792698 0.0257709 0.1087274 0.02621132 0.02590674 0.1087185 0.02611202 0.02716588 0.1085671 0.02542406 0.01585465 0.105044 0.04280346 0.01723474 0.106283 0.03913617 0.02053421 0.1042554 0.04280585 0.0179221 0.1067392 0.03761434 0.0189836 0.1072568 0.03559952 0.01217341 0.0990951 0.05814337 0.01313465 0.1014822 0.05233073 0.01977545 0.1004028 0.05233174 0.01327127 0.1018214 0.05150455 0.01497232 0.1042518 0.04514825 0.0181446 0.09212243 0.07209986 0.01000082 0.09337019 0.072106 0.01101517 0.09523046 0.06739687 0.01198828 0.09833067 0.05995416 0.01744753 0.08858299 0.08120214 0.01459997 0.08898043 0.08120214 0.009455382 0.09237009 0.074638 0.007478833 0.08997446 0.08120214 0.07564944 0.05113434 0.07852059 0.07550048 0.05240571 0.07700312 0.07055699 0.05633103 0.08120214 0.07549107 0.05504369 0.07323002 0.07337617 0.05858176 0.07209986 0.07559657 0.05568879 0.07210272 0.07763963 0.06199848 0.05926203 0.07663142 0.06003439 0.06392955 0.07597869 0.05802571 0.06801927 0.054331 0.09769833 0.02521866 0.05811363 0.0956943 0.02521866 0.05750721 0.09469568 0.02986466 0.0623309 0.09278231 0.02521866 0.03721666 0.1054439 0.02521866 0.02826958 0.1083299 0.02521866 0.03432071 0.1065675 0.02521866 0.06704622 0.08588081 0.03559786 0.06538844 0.08375716 0.04280585 0.06297212 0.08066219 0.05233174 0.06602966 0.06675291 0.07209986 0.05777883 0.07400989 0.07209986 0.04528671 0.0990948 0.03559786 0.03339946 0.1037069 0.03559786 0.04416698 0.09664463 0.04280585 0.03257364 0.1011425 0.04280585 0.04253488 0.09307324 0.05233174 0.03136998 0.09740501 0.05233174 0.03902703 0.0853973 0.07209986 0.02878296 0.08937191 0.07209986 0.06540375 0.06206262 0.08120214 0.07811272 0.06292027 0.05707186 0.06349271 0.06418824 0.08120214 0.05921006 0.06795495 0.08120214 0.05555891 0.07116621 0.08120214 0.05251485 0.07326817 0.08120214 0.04873669 0.08025318 0.07209986 0.05311727 0.08746665 0.05233174 0.05515539 0.09082287 0.04280585 0.05655372 0.09312558 0.03559786 0.04686415 0.07716977 0.08120214 0.04536581 0.07796359 0.08120214 0.03779816 0.08197289 0.08120214 0.03752762 0.08211618 0.08120214 0.02982932 0.08510303 0.08120214 0.02767705 0.08593809 0.08120214 0.02162265 0.08750355 0.08120214 -0.0310226 -0.1053592 0.03298652 -0.03236383 -0.1055669 0.03103077 -0.03191149 -0.1041739 0.03559786 -0.08010792 -0.0768674 0.02903664 -0.08029592 -0.07630735 0.02986848 -0.07750248 -0.07916748 0.02986466 -0.07158589 -0.07312375 0.05233174 -0.07925218 -0.06472325 0.05232965 -0.07868754 -0.0637601 0.05479973 -0.08121258 -0.0713337 0.0379979 -0.08091557 -0.06885898 0.04280531 -0.07433277 -0.07592982 0.04280585 -0.08088165 -0.06857675 0.04335349 -0.08002245 -0.06603723 0.04895985 -0.08120173 -0.07210958 0.0366007 -0.07621735 -0.07785469 0.03559786 -0.08111709 -0.07270652 0.03559947 -0.08083379 -0.07470446 0.03224843 -0.0782454 -0.07992786 0.02570068 -0.07902187 -0.07887911 0.02658122 -0.07978588 -0.07755601 0.02812081 -0.07137095 -0.08607798 0.02521866 -0.0771054 -0.0811733 0.02521866 -0.07789409 -0.08035558 0.02542662 -0.07814931 -0.08005762 0.02559167 -0.03316092 -0.1056904 0.02986842 -0.03364104 -0.1057646 0.0291683 -0.04483443 -0.1013118 0.02986466 -0.03467595 -0.1057811 0.02792692 -0.03648608 -0.1056147 0.02621132 -0.03662031 -0.1055923 0.02611202 -0.03785806 -0.105316 0.02542406 -0.02625191 -0.102939 0.04280346 -0.02774864 -0.104034 0.03913611 -0.03112238 -0.101598 0.04280585 -0.02847808 -0.1044194 0.03761434 -0.02958595 -0.1048286 0.03559952 -0.02199554 -0.09738671 0.05814337 -0.02319014 -0.09966599 0.05233073 -0.02997231 -0.0978437 0.05233174 -0.02335989 -0.09998995 0.05150455 -0.02529489 -0.1022386 0.04514819 -0.02750033 -0.08977437 0.07209986 -0.01926273 -0.0919072 0.072106 -0.02045762 -0.09365683 0.06739681 -0.02173507 -0.09664475 0.05995416 -0.02644371 -0.08632516 0.08120214 -0.02336907 -0.08707773 0.08120214 -0.01862031 -0.0909664 0.074638 -0.01641458 -0.08877986 0.08120214 -0.07039237 -0.05653417 0.08120214 -0.07320505 -0.05879318 0.07209986 -0.07560461 -0.05567526 0.07210338 -0.07546335 -0.05462121 0.07388812 -0.07551825 -0.05217844 0.0772897 -0.0711627 -0.05545395 0.08120214 -0.07590836 -0.0497933 0.07988548 -0.0763868 -0.04812741 0.08120214 -0.07802659 -0.06267648 0.05757337 -0.0768482 -0.0605604 0.06277364 -0.07584685 -0.05748325 0.06904196 -0.05916059 -0.09491133 0.02521866 -0.06540757 -0.09067672 0.02521866 -0.06752234 -0.08783435 0.02986466 -0.06823438 -0.08876049 0.02521866 -0.04589885 -0.1020747 0.02521866 -0.05260443 -0.0986151 0.02521866 -0.05658107 -0.09525096 0.02986466 -0.05717778 -0.09625548 0.02521866 -0.03893262 -0.1049698 0.02521866 -0.04530721 -0.10238 0.02521866 -0.06640273 -0.08637803 0.03559786 -0.0647608 -0.08424216 0.04280585 -0.06236767 -0.08112913 0.05233174 -0.06568199 -0.06709325 0.07209986 -0.05722403 -0.07443833 0.07209986 -0.0556429 -0.09367161 0.03559786 -0.04409098 -0.09963196 0.03559786 -0.05426704 -0.09135544 0.04280585 -0.04300075 -0.09716832 0.04280585 -0.05226165 -0.08797961 0.05233174 -0.04141169 -0.09357762 0.05233174 -0.04795145 -0.08072376 0.07209986 -0.03799635 -0.08586007 0.07209986 -0.0655533 -0.06187301 0.08120214 -0.07842415 -0.06339013 0.05581915 -0.06315839 -0.06451547 0.08120214 -0.05940967 -0.06777083 0.08120214 -0.05502533 -0.0715782 0.08120214 -0.05277007 -0.07310706 0.08120214 -0.04610908 -0.07762217 0.08120214 -0.04567724 -0.07784497 0.08120214 -0.0380932 -0.08175802 0.08120214 -0.03653645 -0.08256125 0.08120214 -0.03018367 -0.08493041 0.08120214 0.1122615 -0.03645211 0.02816337 0.1122764 -0.03647297 0.02809703 0.1122738 -0.03649938 0.02805042 0.08836275 -0.0429055 0.02804994 0.08841013 -0.04308223 0.02786695 0.1119038 -0.03695482 0.02780777 0.1122729 -0.03650814 0.0280348 0.1122158 -0.03661203 0.02793186 0.1121183 -0.03673142 0.02786928 0.1120953 -0.03675937 0.02785462 0.08151578 -0.05502355 0.02786695 0.08118361 -0.05249994 0.02786695 0.08151578 -0.04997652 0.02786695 0.08248984 -0.04762512 0.02786695 0.08403933 -0.04560583 0.02786695 0.08605861 -0.04405623 0.02786695 0.08133906 -0.05507087 0.02804994 0.08100056 -0.05249994 0.02804994 0.08133906 -0.0499292 0.02804994 0.08233135 -0.04753357 0.02804994 0.08390986 -0.04547631 0.02804994 0.08596712 -0.04389792 0.02804994 0.08791017 -0.07860666 0.02783244 0.08772218 -0.07899791 0.02810424 0.08774667 -0.07898181 0.02805036 0.0877521 -0.07897812 0.02803838 0.08779048 -0.07892394 0.0279693 0.08783066 -0.07884007 0.02791124 0.08786982 -0.07872498 0.02787244 0.08769589 -0.07899194 0.02817434 0.1016246 -0.03915548 0.05444687 0.105415 -0.03813642 0.04671901 0.1126821 -0.0360682 0.02846789 0.1124606 -0.03629112 0.02838993 0.1126 -0.03621006 0.02843457 0.1113065 -0.036556 0.03258389 0.1086691 -0.03726279 0.03944814 0.08870005 -0.04263716 0.07929486 0.1125717 -0.03640156 0.02797776 0.1125116 -0.03733104 0.0274173 0.1121801 -0.03722089 0.02769923 0.1126046 -0.03709667 0.02741116 0.1124436 -0.03677427 0.02772343 0.1122921 -0.03704881 0.02768474 0.1125345 -0.03655844 0.02782505 0.1127272 -0.03672617 0.02748686 0.112796 -0.03643518 0.02764528 0.1128167 -0.03622102 0.02787148 0.112808 -0.03614461 0.02801173 0.1127859 -0.03609555 0.02816241 0.1125692 -0.03634738 0.0280739 0.1125515 -0.03631466 0.02817773 0.08753627 -0.04300254 0.08162456 0.08562296 -0.04396772 0.08511197 0.08520066 -0.04425412 0.08580112 0.08302485 -0.04635387 0.08848941 0.08394354 -0.04531383 0.08758163 0.08244633 -0.04718637 0.08877313 0.081936 -0.04810422 0.08871614 0.08139455 -0.04943186 0.08806782 0.08108681 -0.05058979 0.08705121 0.08098649 -0.05116146 0.08641666 0.0808801 -0.05289655 0.08402681 0.08090347 -0.0533927 0.08322638 0.0812754 -0.05549716 0.07929486 0.08832472 -0.07853966 0.02769923 0.09583616 -0.06917488 0.02769923 0.08858573 -0.07877171 0.0274173 0.0961194 -0.06937938 0.0274173 0.1026614 -0.05927109 0.0274173 0.1081444 -0.04855149 0.0274173 0.1023589 -0.05909639 0.02769923 0.1078257 -0.04840844 0.02769923 0.08475035 -0.06853574 0.05423992 0.08598721 -0.07316613 0.04469466 0.08706271 -0.07718551 0.03516644 0.08757746 -0.07955074 0.02846789 0.08765929 -0.0794087 0.02843457 0.08765977 -0.07924753 0.02838993 0.08764606 -0.07962536 0.02818739 0.08775812 -0.07931458 0.02808511 0.08772075 -0.07931238 0.02819496 0.08769971 -0.07962352 0.02802807 0.08777242 -0.07959336 0.02787959 0.0878781 -0.07952463 0.02772635 0.08799976 -0.07942479 0.02760148 0.08780783 -0.0792905 0.02798324 0.087879 -0.07923042 0.02787923 0.08795946 -0.0791406 0.0277962 0.08812975 -0.07889831 0.0277 0.08826458 -0.07915991 0.0274465 0.08506458 -0.05836898 0.01749998 0.08820861 -0.0572198 0.01749998 0.08621376 -0.05522507 0.01749998 0.08548361 -0.05249994 0.01749998 0.08291643 -0.05464828 0.01749998 0.08374559 -0.05664998 0.01749998 0.09680259 -0.04663109 0.01749998 0.09365856 -0.04778009 0.01749998 0.09565341 -0.049775 0.01749998 0.09638357 -0.05249994 0.01749998 0.0989508 -0.05035191 0.01749998 0.09812158 -0.04835009 0.01749998 0.09680259 -0.05836898 0.01749998 0.09565341 -0.05522507 0.01749998 0.09365856 -0.0572198 0.01749998 0.09093362 -0.05795001 0.01749998 0.09308177 -0.06051719 0.01749998 0.09508359 -0.05968809 0.01749998 0.08678358 -0.05968809 0.01749998 0.0887854 -0.06051719 0.01749998 0.09093362 -0.06080001 0.01749998 0.08621376 -0.049775 0.01749998 0.08291643 -0.05035191 0.01749998 0.08263361 -0.05249994 0.01749998 0.08820861 -0.04778009 0.01749998 0.08506458 -0.04663109 0.01749998 0.08374559 -0.04835009 0.01749998 0.09093362 -0.04704999 0.01749998 0.0887854 -0.04448288 0.01749998 0.08678358 -0.04531198 0.01749998 0.09812158 -0.05664998 0.01749998 0.0989508 -0.05464828 0.01749998 0.09923356 -0.05249994 0.01749998 0.09508359 -0.04531198 0.01749998 0.09308177 -0.04448288 0.01749998 0.09093362 -0.04420006 0.01749998 0.0827232 -0.05470007 0.02729994 0.0827232 -0.05470007 0.01769995 0.08243358 -0.05249994 0.02729994 0.08243358 -0.05249994 0.01769995 0.0827232 -0.05030012 0.02729994 0.0827232 -0.05030012 0.01769995 0.08357238 -0.04825007 0.02729994 0.08357238 -0.04825007 0.01769995 0.0849232 -0.04648959 0.02729994 0.0849232 -0.04648959 0.01769995 0.08668363 -0.04513889 0.02729994 0.08668363 -0.04513889 0.01769995 0.08873361 -0.04428964 0.02729994 0.08873361 -0.04428964 0.01769995 0.09093362 -0.04399996 0.02729994 0.09093362 -0.04399996 0.01769995 0.09313356 -0.04428964 0.02729994 0.09313356 -0.04428964 0.01769995 0.09518361 -0.04513889 0.02729994 0.09518361 -0.04513889 0.01769995 0.09694403 -0.04648959 0.02729994 0.09694403 -0.04648959 0.01769995 0.09829479 -0.04825007 0.02729994 0.09829479 -0.04825007 0.01769995 0.09914398 -0.05030012 0.02729994 0.09914398 -0.05030012 0.01769995 0.0994336 -0.05249994 0.02729994 0.0994336 -0.05249994 0.01769995 0.09914398 -0.05470007 0.02729994 0.09914398 -0.05470007 0.01769995 0.09829479 -0.05675011 0.02729994 0.09829479 -0.05675011 0.01769995 0.09694403 -0.05851048 0.02729994 0.09694403 -0.05851048 0.01769995 0.09518361 -0.0598613 0.02729994 0.09518361 -0.0598613 0.01769995 0.09313356 -0.06071043 0.02729994 0.09313356 -0.06071043 0.01769995 0.09093362 -0.0610001 0.02729994 0.09093362 -0.0610001 0.01769995 0.08873361 -0.06071043 0.02729994 0.08873361 -0.06071043 0.01769995 0.08668363 -0.0598613 0.02729994 0.08668363 -0.0598613 0.01769995 0.0849232 -0.05851048 0.02729994 0.0849232 -0.05851048 0.01769995 0.08357238 -0.05675011 0.02729994 0.08357238 -0.05675011 0.01769995 -0.007070064 -0.09792906 0.07908904 -0.007070064 -0.09792906 0.02829998 -0.00549972 -0.09664893 0.08303791 -0.004998981 -0.09633982 0.02829998 -0.005100488 -0.09639912 0.08384197 -0.003618419 -0.09567809 0.08624291 -0.002587199 -0.09534078 0.02829998 -0.003100156 -0.09549301 0.08688044 3.40515e-4 -0.09500586 0.08861082 -6.54899e-4 -0.0950216 0.08855354 9.76562e-7 -0.09499996 0.02829998 -0.00200206 -0.09520274 0.08790206 -0.002583086 -0.09535628 0.08736151 0.001298248 -0.0950846 0.08832573 0.002589106 -0.09534078 0.08741277 0.002589106 -0.09534078 0.02829998 0.005000948 -0.09633982 0.02829998 0.007072031 -0.09792906 0.02829998 0.007072031 -0.09792906 0.07908904 0.006208539 -0.09716016 0.08142894 0.00449562 -0.09606713 0.08493202 0.004058361 -0.09586006 0.08562445 -0.01658993 -0.1074488 0.05401748 -0.01996892 -0.110828 0.04448562 -0.02289956 -0.1137584 0.03498888 -0.02451807 -0.115377 0.02829998 0.01651543 -0.1073724 0.05422431 0.01928281 -0.1101399 0.04650598 0.02451997 -0.115377 0.02829998 0.02357894 -0.1144359 0.03241991 0.02165699 -0.112514 0.03925335 0.008694291 -0.1073293 0.02779996 0.007795155 -0.1095001 0.02779996 0.02376794 -0.115332 0.02779996 9.76562e-7 -0.1140001 0.02779996 -0.002328395 -0.1136934 0.02779996 9.76562e-7 -0.1177556 0.02779996 0.01194608 -0.1171481 0.02779996 -0.01194411 -0.1171481 0.02779996 0.006364881 -0.111364 0.02779996 0.004500925 -0.1127943 0.02779996 0.002330303 -0.1136934 0.02779996 0.007795155 -0.1005001 0.02779996 0.006718456 -0.09828257 0.02779996 0.008694291 -0.1026706 0.02779996 0.009000957 -0.105 0.02779996 -0.004499018 -0.1127943 0.02779996 -0.006362974 -0.111364 0.02779996 -0.02376604 -0.115332 0.02779996 -0.007793247 -0.1095001 0.02779996 -0.008692324 -0.1073293 0.02779996 -0.00899899 -0.105 0.02779996 -0.008692324 -0.1026706 0.02779996 -0.007793247 -0.1005001 0.02779996 -0.006716489 -0.09828257 0.02779996 -0.006362974 -0.0986362 0.02779996 -0.004749 -0.09677278 0.02779996 -0.004499018 -0.09720593 0.02779996 -0.002457797 -0.0958237 0.02779996 -0.002328395 -0.09630674 0.02779996 9.76562e-7 -0.09550011 0.02779996 9.76562e-7 -0.09600013 0.02779996 0.002459704 -0.0958237 0.02779996 0.002330303 -0.09630674 0.02779996 0.004750967 -0.09677278 0.02779996 0.004500925 -0.09720593 0.02779996 0.006364881 -0.0986362 0.02779996 -0.08834344 -0.04284077 0.07908904 -0.08834344 -0.04284077 0.02829998 -0.08644968 -0.04356074 0.08303791 -0.08484405 -0.04456651 0.02829998 -0.08603382 -0.04378157 0.08384197 -0.08261799 -0.04694283 0.08855354 -0.08344846 -0.04586666 0.08790206 -0.08227139 -0.04749995 0.02829998 -0.08424896 -0.04506087 0.08688044 -0.08466827 -0.04470455 0.08624291 -0.08485311 -0.04457956 0.08591783 -0.08228099 -0.04750573 0.08859133 -0.08169591 -0.04866588 0.08832573 -0.08210664 -0.04779696 0.08861082 -0.08127236 -0.05508822 0.02829998 -0.08127236 -0.05508822 0.07908904 -0.08101719 -0.05119478 0.02829998 -0.08103823 -0.05395603 0.08142894 -0.08094811 -0.05192613 0.08493202 -0.08098757 -0.05144393 0.08562445 -0.08103334 -0.05119758 0.08591192 -0.08127254 -0.04991126 0.08741343 -0.1013479 -0.03935617 0.05401748 -0.1059637 -0.03811949 0.04448562 -0.1099669 -0.03704673 0.03498888 -0.1121779 -0.03645443 0.02829998 -0.08472895 -0.06798815 0.05422431 -0.08574187 -0.07176852 0.04650598 -0.08765882 -0.07892256 0.02829998 -0.08731436 -0.07763707 0.03241991 -0.08661085 -0.07501173 0.03925335 -0.093261 -0.04380661 0.02779996 -0.09093165 -0.04350012 0.02779996 -0.111763 -0.03708308 0.02779996 -0.08270442 -0.04774999 0.02779996 -0.08223831 -0.05017066 0.02779996 -0.08151292 -0.05126011 0.02779996 -0.08193165 -0.05249994 0.02779996 -0.08175534 -0.05495882 0.02779996 -0.0884729 -0.04332369 0.02779996 -0.09729564 -0.05886399 0.02779996 -0.1019782 -0.05887776 0.02779996 -0.09543168 -0.06029427 0.02779996 -0.09547954 -0.06891882 0.02779996 -0.09872585 -0.04800009 0.02779996 -0.09962499 -0.05017066 0.02779996 -0.1074247 -0.04822921 0.02779996 -0.09729564 -0.04613608 0.02779996 -0.09543168 -0.04470592 0.02779996 -0.08223831 -0.05482941 0.02779996 -0.08313745 -0.0570001 0.02779996 -0.08799594 -0.07824885 0.02779996 -0.08456772 -0.05886399 0.02779996 -0.08643162 -0.06029427 0.02779996 -0.0886023 -0.06119334 0.02779996 -0.09093165 -0.06150007 0.02779996 -0.093261 -0.06119334 0.02779996 -0.09872585 -0.0570001 0.02779996 -0.09962499 -0.05482941 0.02779996 -0.09993165 -0.05249994 0.02779996 -0.0886023 -0.04380661 0.02779996 -0.08643162 -0.04470592 0.02779996 -0.08514845 -0.04496324 0.02779996 -0.08456772 -0.04613608 0.02779996 -0.08313745 -0.04800009 0.02779996 -0.08127236 0.0550881 0.07908904 -0.08127236 0.0550881 0.02829998 -0.08094894 0.053088 0.08303791 -0.08093166 0.05249983 0.02829998 -0.08093237 0.05261754 0.08384197 -0.08104884 0.05097335 0.08624291 -0.08127236 0.04991173 0.02829998 -0.08114778 0.05043196 0.08688044 -0.08244615 0.04720872 0.08861082 -0.0819621 0.04807859 0.0885536 -0.08227139 0.04749983 0.02829998 -0.08144539 0.04933589 0.08790206 -0.08128792 0.04991585 0.08736151 -0.08299326 0.04641866 0.08832573 -0.08386063 0.04542881 0.08741277 -0.08386057 0.04542881 0.02829998 -0.08593165 0.04383969 0.02829998 -0.08834344 0.04284065 0.02829998 -0.08834344 0.04284065 0.07908904 -0.08724582 0.04320394 0.08142894 -0.08544284 0.04414087 0.08493202 -0.08504498 0.04441612 0.08562445 -0.08475691 0.06809252 0.05401748 -0.0859937 0.07270836 0.04448562 -0.08706641 0.07671165 0.03498888 -0.08765882 0.07892245 0.02829998 -0.1012434 0.03938412 0.05422431 -0.1050238 0.0383712 0.04650598 -0.1121779 0.03645431 0.02829998 -0.1108923 0.03679865 0.03241991 -0.1082669 0.03750216 0.03925341 -0.0884729 0.04332357 0.02779996 -0.09093165 0.04349982 0.02779996 -0.111763 0.03708308 0.02779996 -0.093261 0.04380661 0.02779996 -0.09543168 0.04470568 0.02779996 -0.08799594 0.07824862 0.02779996 -0.0886023 0.06119322 0.02779996 -0.08643162 0.06029415 0.02779996 -0.08456772 0.05886387 0.02779996 -0.08313745 0.05699986 0.02779996 -0.08175534 0.05495858 0.02779996 -0.08223831 0.05482929 0.02779996 -0.08143168 0.05249983 0.02779996 -0.08193165 0.05249983 0.02779996 -0.08175534 0.05004113 0.02779996 -0.08223831 0.05017048 0.02779996 -0.08270442 0.04774999 0.02779996 -0.08313745 0.04799997 0.02779996 -0.08421415 0.04578244 0.02779996 -0.08456772 0.04613596 0.02779996 -0.08618164 0.04427254 0.02779996 -0.08643162 0.04470568 0.02779996 -0.0886023 0.04380661 0.02779996 -0.09962499 0.05482929 0.02779996 -0.1019782 0.05887764 0.02779996 -0.09993165 0.05249983 0.02779996 -0.1074247 0.04822921 0.02779996 -0.09872585 0.05699986 0.02779996 -0.09729564 0.05886387 0.02779996 -0.09547954 0.0689187 0.02779996 -0.09543168 0.06029415 0.02779996 -0.093261 0.06119322 0.02779996 -0.09093165 0.06149983 0.02779996 -0.09729564 0.04613596 0.02779996 -0.09872585 0.04799997 0.02779996 -0.09962499 0.05017048 0.02779996 0.007072031 0.09792882 0.07908904 0.007072031 0.09792882 0.02829998 0.005501687 0.09664881 0.08303791 0.005000948 0.0963397 0.02829998 0.005102396 0.096399 0.08384197 0.003620386 0.09567797 0.08624291 0.002589106 0.09534066 0.02829998 0.003102123 0.09549289 0.08688044 -3.38562e-4 0.09500575 0.08861082 6.56845e-4 0.09502148 0.0885536 9.76562e-7 0.09499984 0.02829998 0.002004027 0.0952025 0.08790206 0.002584993 0.09535616 0.08736151 -0.001296341 0.0950843 0.08832573 -0.002587199 0.09534066 0.08741277 -0.002587199 0.09534066 0.02829998 -0.004998981 0.0963397 0.02829998 -0.007070064 0.09792882 0.02829998 -0.007070064 0.09792882 0.07908904 -0.006206572 0.09715992 0.08142894 -0.004493713 0.09606689 0.08493208 -0.004056394 0.09585994 0.08562445 0.0165919 0.1074488 0.05401748 0.01997089 0.1108278 0.04448562 0.02290147 0.1137583 0.03498888 0.02451997 0.1153768 0.02829998 -0.01651346 0.1073722 0.05422431 -0.01928091 0.1101397 0.04650598 -0.02451807 0.1153768 0.02829998 -0.02357697 0.1144358 0.03241991 -0.02165502 0.1125138 0.03925341 0.02376794 0.1153318 0.02779996 0.008500933 0.1049998 0.02779996 0.007362186 0.10075 0.02779996 -0.002457797 0.09582358 0.02779996 9.76562e-7 0.09549999 0.02779996 9.76562e-7 0.09649986 0.02779996 0.002459704 0.09582358 0.02779996 0.004250943 0.09763866 0.02779996 0.004750967 0.09677267 0.02779996 0.006718456 0.09828245 0.02779996 -0.004749 0.09677267 0.02779996 -0.004248976 0.09763866 0.02779996 -0.006716489 0.09828245 0.02779996 -0.007360219 0.10075 0.02779996 -0.02376604 0.1153318 0.02779996 -0.008499026 0.1049998 0.02779996 -0.007360219 0.1092499 0.02779996 -0.01194411 0.1171479 0.02779996 -0.004248976 0.1123611 0.02779996 9.76562e-7 0.1177554 0.02779996 9.76562e-7 0.1135 0.02779996 0.01194608 0.1171479 0.02779996 0.004250943 0.1123611 0.02779996 0.007362186 0.1092499 0.02779996 0.0883454 0.04284065 0.07908904 0.0883454 0.04284065 0.02829998 0.08645164 0.0435605 0.08303791 0.08593356 0.04383969 0.02829998 0.08603578 0.04378145 0.08384197 0.08467024 0.04470443 0.08624291 0.08386254 0.04542881 0.02829998 0.08425086 0.04506075 0.08688044 0.08210855 0.04779684 0.08861082 0.0826199 0.04694259 0.0885536 0.08227336 0.04749983 0.02829998 0.08345037 0.04586654 0.08790206 0.08387392 0.04544013 0.08736151 0.08169788 0.04866576 0.08832573 0.0812745 0.04991108 0.08741343 0.08127433 0.04991173 0.02829998 0.08093363 0.05249983 0.02829998 0.08127433 0.0550881 0.02829998 0.08127433 0.0550881 0.07908904 0.08104014 0.05395591 0.08142894 0.08095008 0.05192601 0.08493202 0.08098953 0.05144381 0.08562445 0.1013498 0.03935605 0.05401748 0.1059656 0.03811925 0.04448562 0.1099689 0.03704661 0.03498888 0.1121798 0.03645431 0.02829998 0.08473086 0.06798815 0.05422431 0.08574378 0.0717684 0.04650598 0.08766072 0.07892245 0.02829998 0.08731627 0.07763695 0.03241991 0.08661282 0.07501161 0.03925341 0.09518361 0.04513865 0.02779996 0.09093362 0.04399985 0.02779996 0.1117649 0.03708308 0.02779996 0.08799785 0.07824862 0.02779996 0.09093362 0.06099998 0.02779996 0.09548151 0.0689187 0.02779996 0.09518361 0.05986118 0.02779996 0.1019801 0.05887764 0.02779996 0.09829479 0.05674988 0.02779996 0.1074267 0.04822921 0.02779996 0.0994336 0.05249983 0.02779996 0.09829479 0.04824984 0.02779996 0.08243358 0.05249983 0.02779996 0.08143359 0.05249983 0.02779996 0.0817573 0.05004113 0.02779996 0.08357238 0.04824984 0.02779996 0.0817573 0.05495858 0.02779996 0.08357238 0.05674988 0.02779996 0.08668363 0.05986118 0.02779996 0.08270633 0.04774999 0.02779996 0.08421605 0.04578244 0.02779996 0.08668363 0.04513865 0.02779996 0.0861836 0.04427254 0.02779996 0.08847481 0.04332357 0.02779996 0.007024645 -0.09797632 0.02804994 0.006959915 -0.09804111 0.02795845 0.02441996 -0.1154867 0.02794796 0.02456271 -0.1154465 0.02816337 0.007036387 -0.0979647 0.02811193 0.02451986 -0.1154845 0.0280348 0.02455216 -0.1154699 0.02809703 0.02455407 -0.1154658 0.02810889 0.006851434 -0.09814953 0.02785032 0.0239486 -0.1153882 0.02780777 0.0241425 -0.115438 0.02784204 0.006895244 -0.09810584 0.02786695 0.02421361 -0.1154564 0.02785462 0.02440148 -0.115487 0.02793186 0.004967451 -0.09639781 0.02804994 0.004875957 -0.09655624 0.02786695 0.002524435 -0.09558224 0.02786695 9.76562e-7 -0.09525001 0.02786695 -0.002522468 -0.09558224 0.02786695 -0.004873991 -0.09655624 0.02786695 -0.006893277 -0.09810584 0.02786695 0.002571821 -0.09540551 0.02804994 9.76562e-7 -0.09506702 0.02804994 -0.002569854 -0.09540551 0.02804994 -0.004965484 -0.09639781 0.02804994 -0.007022678 -0.09797632 0.02804994 -0.02411979 -0.115435 0.02783244 -0.02455246 -0.1154677 0.02810424 -0.02452629 -0.1154811 0.02805036 -0.02452051 -0.1154839 0.02803838 -0.02445429 -0.11549 0.0279693 -0.02436149 -0.1154828 0.02791124 -0.02424234 -0.1154592 0.02787244 -0.02456045 -0.115442 0.02817434 -0.08769774 -0.07899451 0.02816337 -0.08772325 -0.07899707 0.02809703 -0.08774477 -0.07898157 0.02805042 -0.08133709 -0.05507087 0.02804994 -0.08151388 -0.05502355 0.02786695 -0.08795416 -0.07843345 0.02780777 -0.08775198 -0.07897633 0.0280348 -0.08781337 -0.078875 0.02793186 -0.08786785 -0.07873082 0.02786928 -0.08788067 -0.07869702 0.02785462 -0.08836078 -0.0429055 0.02804994 -0.08488482 -0.04461973 0.02804994 -0.08232939 -0.04753357 0.02804994 -0.08108359 -0.05120348 0.02804994 -0.08840817 -0.04308223 0.02786695 -0.08499622 -0.04476487 0.02786695 -0.08248788 -0.04762512 0.02786695 -0.08126509 -0.05122739 0.02786695 -0.112029 -0.03682821 0.02783244 -0.1122737 -0.03647005 0.02810424 -0.112272 -0.03649926 0.02805036 -0.1122717 -0.03650569 0.02803838 -0.1122438 -0.03656613 0.0279693 -0.1121912 -0.0366429 0.02791124 -0.1121112 -0.03673434 0.02787244 -0.1122554 -0.03645026 0.02817434 -0.1122595 0.03645199 0.02816337 -0.1122745 0.03647285 0.02809703 -0.1122718 0.03649926 0.02805042 -0.08836078 0.04290539 0.02804994 -0.08840817 0.04308211 0.02786695 -0.1119018 0.03695458 0.02780777 -0.1122709 0.03650814 0.0280348 -0.1122139 0.03661191 0.02793186 -0.1121163 0.03673118 0.02786928 -0.1120933 0.03675925 0.02785462 -0.08151388 0.05502343 0.02786695 -0.08118164 0.05249983 0.02786695 -0.08151388 0.0499764 0.02786695 -0.08248788 0.04762482 0.02786695 -0.08403736 0.04560554 0.02786695 -0.08605664 0.04405611 0.02786695 -0.08133709 0.05507063 0.02804994 -0.08099865 0.05249983 0.02804994 -0.08133709 0.04992908 0.02804994 -0.08232939 0.04753327 0.02804994 -0.08390796 0.04547619 0.02804994 -0.08596515 0.04389768 0.02804994 -0.0879082 0.07860654 0.0278325 -0.08772027 0.07899767 0.02810424 -0.08774477 0.07898157 0.02805036 -0.08775019 0.078978 0.02803838 -0.08778852 0.07892382 0.0279693 -0.08782869 0.07883983 0.0279113 -0.08786791 0.07872486 0.02787244 -0.08769398 0.07899171 0.02817434 -0.007022678 0.0979762 0.02804994 -0.006958007 0.09804087 0.02795845 -0.02441799 0.1154865 0.02794796 -0.0245608 0.1154464 0.02816337 -0.00703442 0.09796446 0.02811193 -0.02451795 0.1154843 0.0280348 -0.02455019 0.1154699 0.02809703 -0.0245521 0.1154658 0.02810889 -0.006849467 0.09814941 0.02785032 -0.0239467 0.115388 0.02780777 -0.02414059 0.1154379 0.02784204 -0.006893277 0.09810554 0.02786695 -0.0242117 0.1154562 0.02785462 -0.02439951 0.1154868 0.02793186 -0.004965484 0.09639769 0.02804994 -0.004873991 0.09655612 0.02786695 0.007036387 0.09796446 0.02811193 0.007024645 0.0979762 0.02804994 0.004967451 0.09639769 0.02804994 0.006959915 0.09804087 0.02795845 0.006895244 0.09810554 0.02786695 0.004875957 0.09655612 0.02786695 0.006851434 0.09814941 0.02785032 -0.002522468 0.09558212 0.02786695 9.76562e-7 0.09524989 0.02786695 0.002524435 0.09558212 0.02786695 -0.002569854 0.09540528 0.02804994 9.76562e-7 0.0950669 0.02804994 0.002571821 0.09540528 0.02804994 0.02412176 0.1154348 0.0278325 0.02414458 0.1154394 0.02783995 0.02436345 0.1154826 0.0279113 0.02442157 0.1154872 0.0279476 0.02445626 0.1154898 0.0279693 0.02452242 0.1154838 0.02803838 0.02455443 0.1154676 0.02810424 0.0245549 0.115466 0.02810871 0.02456241 0.1154419 0.02817434 0.08133906 0.05507063 0.02804994 0.08142745 0.05504709 0.02795845 0.08780568 0.07889062 0.02794796 0.08769971 0.07899439 0.02816337 0.08132302 0.05507504 0.02811193 0.08775395 0.07897603 0.0280348 0.08772522 0.07899683 0.02809703 0.08772069 0.0789963 0.02810889 0.08157569 0.05500727 0.02785032 0.08795607 0.07843321 0.02780777 0.08790236 0.07862609 0.02784204 0.08151578 0.05502343 0.02786695 0.08788263 0.07869678 0.02785462 0.08781528 0.07887476 0.02793186 0.08100056 0.05249983 0.02804994 0.08118361 0.05249983 0.02786695 0.08835846 0.04288923 0.02811193 0.08836275 0.04290539 0.02804994 0.08596712 0.04389768 0.02804994 0.08838641 0.04299372 0.02795845 0.08841013 0.04308211 0.02786695 0.08605861 0.04405611 0.02786695 0.08842617 0.04314196 0.02785032 0.08151578 0.0499764 0.02786695 0.08248984 0.04762482 0.02786695 0.08403933 0.04560554 0.02786695 0.08133906 0.04992908 0.02804994 0.08233135 0.04753327 0.02804994 0.08390986 0.04547619 0.02804994 0.1120309 0.0368281 0.02783244 0.1120463 0.03681063 0.02783995 0.1121932 0.03664278 0.02791124 0.1122261 0.03659456 0.0279476 0.1122457 0.03656601 0.0279693 0.1122736 0.03650557 0.02803838 0.1122757 0.03646993 0.02810424 0.1122745 0.03646862 0.02810871 0.1122574 0.03645002 0.02817434 0.01690316 -0.1075864 0.05444687 0.01968079 -0.1103596 0.04671901 0.02510559 -0.115619 0.02846789 0.02480179 -0.1155385 0.02838993 0.02494168 -0.1156188 0.02843457 0.02399533 -0.1146715 0.03258389 0.0220645 -0.1127408 0.03944814 0.007425606 -0.09813439 0.07929486 0.02460736 -0.1157362 0.02782505 0.02385628 -0.1157605 0.02769923 0.02392673 -0.1161025 0.0274173 0.02417618 -0.116066 0.02741116 0.02406138 -0.1157715 0.02768474 0.0243749 -0.1157653 0.02772343 0.02476161 -0.1156901 0.02797776 0.02480733 -0.1156607 0.0280739 0.02455836 -0.1159869 0.02748686 0.02484482 -0.115901 0.02764528 0.0250405 -0.1158119 0.02787148 0.02510237 -0.1157661 0.02801173 0.02513378 -0.1157224 0.02816241 0.02482682 -0.1156291 0.02817773 0.006527423 -0.09730905 0.08162456 0.004734814 -0.09613472 0.08511197 0.004275679 -0.09591221 0.08580112 0.002729356 -0.09535336 0.08758157 0.001369357 -0.09507775 0.08848941 3.59169e-4 -0.09499305 0.08877313 -6.90918e-4 -0.09500998 0.08871614 -0.002111494 -0.09520494 0.08806782 -0.003268122 -0.09551745 0.08705121 -0.003813326 -0.09571641 0.08641666 -0.005369126 -0.09649169 0.08402681 -0.005787134 -0.09675997 0.08322638 -0.007423639 -0.09813439 0.07929486 -0.02385431 -0.1157605 0.02769923 -0.01198852 -0.1175832 0.02769923 -0.02392482 -0.1161025 0.0274173 -0.01202392 -0.1179307 0.0274173 0.01202589 -0.1179307 0.0274173 9.76562e-7 -0.1185422 0.0274173 9.76562e-7 -0.118193 0.02769923 0.01199042 -0.1175832 0.02769923 -0.0169779 -0.107663 0.05423992 -0.02036958 -0.1110494 0.04469466 -0.02331262 -0.1139906 0.03516644 -0.02510368 -0.115619 0.02846789 -0.02493971 -0.1156188 0.02843457 -0.02479982 -0.1155385 0.02838993 -0.02513396 -0.1157157 0.02818739 -0.02480882 -0.1156573 0.02808511 -0.02482545 -0.1156238 0.02819496 -0.02510547 -0.1157612 0.02802807 -0.02504312 -0.1158091 0.02787959 -0.02493077 -0.1158662 0.02772635 -0.02478343 -0.1159216 0.02760148 -0.0247631 -0.1156883 0.02798324 -0.02467554 -0.1157199 0.02787923 -0.02455753 -0.1157447 0.0277962 -0.02426248 -0.115771 0.0277 -0.02442151 -0.1160185 0.0274465 -0.08472043 -0.0684309 0.05444687 -0.08573317 -0.07222312 0.04671901 -0.08757549 -0.07955074 0.02846789 -0.08765786 -0.07924753 0.02838993 -0.08765739 -0.0794087 0.02843457 -0.08731013 -0.07811558 0.03258389 -0.08660358 -0.07547813 0.03944814 -0.08127349 -0.05549716 0.07929486 -0.08780908 -0.0792883 0.02797776 -0.08858376 -0.07877171 0.0274173 -0.08832281 -0.07853966 0.02769923 -0.08842742 -0.07896935 0.02741116 -0.08806771 -0.07899117 0.02772343 -0.08822971 -0.07872277 0.02768474 -0.0879262 -0.07917785 0.02782505 -0.08816784 -0.07926082 0.02748686 -0.08795017 -0.07946604 0.02764528 -0.08777523 -0.07959079 0.02787148 -0.08770459 -0.07962155 0.02801173 -0.08765107 -0.07962691 0.02816241 -0.08776086 -0.07931345 0.0280739 -0.08772373 -0.07931429 0.02817773 -0.08100783 -0.05430662 0.08162456 -0.08088713 -0.05216711 0.08511197 -0.08092403 -0.05165815 0.08580112 -0.08121317 -0.05003952 0.08758163 -0.08165448 -0.04872411 0.08848941 -0.0820862 -0.04780673 0.08877313 -0.08262592 -0.04690587 0.08871614 -0.08350509 -0.04577302 0.08806782 -0.08435398 -0.04492759 0.08705121 -0.08479893 -0.04455476 0.08641666 -0.08624827 -0.04359519 0.08402681 -0.08668965 -0.04336738 0.08322638 -0.08869814 -0.04263716 0.07929486 -0.1121781 -0.03722089 0.02769923 -0.1078237 -0.04840844 0.02769923 -0.1125096 -0.03733104 0.0274173 -0.1081424 -0.04855149 0.0274173 -0.1026595 -0.05927109 0.0274173 -0.09611743 -0.06937938 0.0274173 -0.102357 -0.05909639 0.02769923 -0.09583425 -0.06917488 0.02769923 -0.1017273 -0.03912729 0.05423992 -0.1103745 -0.03680503 0.0351665 -0.1063559 -0.03788328 0.04469466 -0.1126801 -0.0360682 0.02846789 -0.1125981 -0.03621006 0.02843457 -0.1124587 -0.03629112 0.02838993 -0.1127792 -0.03609031 0.02818739 -0.112566 -0.03634274 0.02808517 -0.1125453 -0.0363115 0.02819496 -0.1128042 -0.0361377 0.02802807 -0.1128146 -0.03621578 0.02787959 -0.1128079 -0.03634166 0.02772635 -0.1127822 -0.03649693 0.02760148 -0.1125701 -0.03639781 0.02798324 -0.1125535 -0.03648948 0.02787923 -0.1125161 -0.0366041 0.0277962 -0.1123913 -0.0368728 0.0277 -0.1126852 -0.03685861 0.0274465 -0.1124587 0.036291 0.02838993 -0.1125981 0.03621006 0.02843457 -0.1113045 0.03655588 0.03258389 -0.1126801 0.03606808 0.02846789 -0.1086671 0.03726267 0.03944814 -0.105413 0.03813642 0.04671901 -0.1016226 0.03915536 0.05444687 -0.08869814 0.04263716 0.07929486 -0.1125698 0.03640145 0.02797776 -0.1125096 0.0373308 0.0274173 -0.1121781 0.03722077 0.02769923 -0.1126027 0.03709644 0.02741116 -0.1124417 0.03677415 0.02772343 -0.1122902 0.03704869 0.02768474 -0.1125326 0.03655821 0.02782505 -0.1127253 0.03672593 0.02748686 -0.1127941 0.03643488 0.02764528 -0.1128147 0.0362209 0.02787148 -0.112806 0.03614449 0.02801173 -0.1127839 0.03609544 0.02816241 -0.1125673 0.03634738 0.0280739 -0.1125496 0.03631454 0.02817773 -0.08753436 0.0430023 0.08162456 -0.08562099 0.04396748 0.08511197 -0.08519876 0.044254 0.08580112 -0.08394157 0.04531371 0.08758163 -0.08302295 0.04635363 0.08848941 -0.08244442 0.04718625 0.08877313 -0.08193409 0.0481041 0.08871614 -0.08139258 0.04943174 0.08806782 -0.08098459 0.05116134 0.08641666 -0.08108484 0.05058956 0.08705121 -0.08087813 0.05289644 0.08402687 -0.08090156 0.05339252 0.08322638 -0.08127349 0.05549705 0.07929486 -0.08832281 0.07853943 0.02769923 -0.09583425 0.06917476 0.02769923 -0.08858376 0.07877159 0.0274173 -0.09611743 0.06937915 0.0274173 -0.1026595 0.05927097 0.0274173 -0.1081424 0.04855126 0.0274173 -0.102357 0.05909627 0.02769923 -0.1078237 0.04840821 0.02769923 -0.08474838 0.0685355 0.05423992 -0.08598524 0.07316601 0.04469466 -0.0870608 0.07718539 0.0351665 -0.08757549 0.07955062 0.02846789 -0.08765739 0.07940852 0.02843457 -0.08765786 0.07924729 0.02838993 -0.08764415 0.07962524 0.02818739 -0.08775615 0.07931458 0.02808517 -0.08771884 0.07931214 0.02819496 -0.08769774 0.07962328 0.02802807 -0.08777046 0.07959324 0.02787959 -0.08787614 0.07952451 0.02772635 -0.08799779 0.07942456 0.02760148 -0.08780592 0.0792905 0.0279833 -0.08787703 0.07923018 0.02787923 -0.0879575 0.07914048 0.0277962 -0.08812779 0.07889819 0.0277 -0.08826261 0.07915967 0.0274465 -0.02510368 0.1156188 0.02846789 -0.02479982 0.1155384 0.02838993 -0.02493971 0.1156187 0.02843457 -0.02399343 0.1146713 0.03258389 -0.01967889 0.1103594 0.04671901 -0.02206254 0.1127407 0.03944814 -0.01690119 0.1075862 0.05444687 -0.007423639 0.09813427 0.07929486 -0.02460539 0.115736 0.02782505 -0.02385431 0.1157603 0.02769923 -0.02392482 0.1161024 0.0274173 -0.02417427 0.1160658 0.02741122 -0.02405941 0.1157712 0.02768474 -0.02437293 0.1157652 0.02772343 -0.02475965 0.1156899 0.02797776 -0.02480536 0.1156606 0.0280739 -0.02455645 0.1159868 0.02748686 -0.02484285 0.1159009 0.02764528 -0.02503854 0.1158118 0.02787154 -0.0251004 0.1157659 0.02801173 -0.02513188 0.1157222 0.02816241 -0.02482485 0.1156289 0.02817773 0.007425606 0.09813427 0.07929486 0.005789041 0.09675985 0.08322638 -0.006525456 0.09730893 0.08162456 -0.004732906 0.0961346 0.08511197 -0.004273712 0.09591209 0.08580112 -0.002727389 0.09535324 0.08758163 -0.001367449 0.09507763 0.08848941 -3.57223e-4 0.09499275 0.08877313 6.92863e-4 0.09500986 0.08871614 0.002113401 0.09520483 0.08806782 0.00327003 0.09551721 0.08705121 0.003815293 0.09571617 0.08641666 0.005371093 0.09649157 0.08402687 0.02385628 0.1157603 0.02769923 0.01199042 0.1175831 0.02769923 0.02392673 0.1161024 0.0274173 0.01202589 0.1179305 0.0274173 9.76562e-7 0.118542 0.0274173 -0.01202392 0.1179305 0.0274173 9.76562e-7 0.1181927 0.02769923 -0.01198852 0.1175831 0.02769923 0.01697987 0.1076629 0.05423992 0.02037155 0.1110492 0.04469466 0.02331459 0.1139904 0.0351665 0.02510559 0.1156188 0.02846789 0.02494168 0.1156187 0.02843457 0.02480179 0.1155384 0.02838993 0.02455943 0.1157445 0.0277962 0.02513593 0.1157155 0.02818739 0.02482742 0.1156236 0.02819496 0.02510738 0.1157611 0.02802807 0.02504503 0.1158089 0.02787959 0.02493268 0.115866 0.02772635 0.02481079 0.1156572 0.02808517 0.02476507 0.1156882 0.0279833 0.02467751 0.1157197 0.02787923 0.02478539 0.1159214 0.02760148 0.02426445 0.1157708 0.0277 0.02442348 0.1160184 0.0274465 0.08472234 0.0684309 0.05444687 0.08573514 0.07222288 0.04671901 0.08757746 0.07955062 0.02846789 0.08765977 0.07924729 0.02838993 0.08765929 0.07940852 0.02843457 0.0873121 0.07811546 0.03258389 0.08660554 0.07547789 0.03944814 0.0812754 0.05549705 0.07929486 0.08792811 0.07917773 0.02782505 0.08832472 0.07853943 0.02769923 0.08858573 0.07877159 0.0274173 0.08842939 0.07896935 0.02741122 0.08823168 0.07872253 0.02768474 0.08806967 0.07899105 0.02772343 0.08781105 0.07928818 0.02797776 0.08776283 0.07931321 0.0280739 0.08816981 0.0792607 0.02748686 0.08795213 0.0794658 0.02764528 0.08777713 0.07959079 0.02787154 0.08770656 0.07962143 0.02801173 0.08765304 0.07962679 0.02816241 0.08772563 0.07931417 0.02817773 0.0810098 0.05430662 0.08162456 0.0808891 0.05216681 0.08511197 0.080926 0.05165791 0.08580112 0.08121514 0.05003941 0.08758163 0.08165645 0.04872387 0.08848941 0.08208817 0.04780662 0.08877313 0.08262789 0.04690575 0.08871614 0.083507 0.04577279 0.08806782 0.08870005 0.04263716 0.07929486 0.08669161 0.04336714 0.08322638 0.08625024 0.04359507 0.08402687 0.08480083 0.04455476 0.08641666 0.08435589 0.04492747 0.08705121 0.1121801 0.03722077 0.02769923 0.1078257 0.04840821 0.02769923 0.1125116 0.0373308 0.0274173 0.1081444 0.04855126 0.0274173 0.1026614 0.05927097 0.0274173 0.0961194 0.06937915 0.0274173 0.1023589 0.05909627 0.02769923 0.09583616 0.06917476 0.02769923 0.1017292 0.03912717 0.05423992 0.1103764 0.03680491 0.0351665 0.1063578 0.03788316 0.04469466 0.1126821 0.03606808 0.02846789 0.1126 0.03621006 0.02843457 0.1124606 0.036291 0.02838993 0.112518 0.03660386 0.0277962 0.1127811 0.03609019 0.02818739 0.1125472 0.03631138 0.02819496 0.1128062 0.0361377 0.02802807 0.1128165 0.03621566 0.02787959 0.1128098 0.03634154 0.02772635 0.112568 0.03634262 0.02808517 0.112572 0.03639769 0.02798324 0.1125555 0.03648936 0.02787923 0.1127842 0.03649669 0.02760148 0.1123933 0.03687256 0.0277 0.1126871 0.03685861 0.0274465 0.09565341 0.05522483 0.01749998 0.09829479 0.05674988 0.01749998 0.09365856 0.05721968 0.01749998 0.09518361 0.05986118 0.01749998 0.09093362 0.05794984 0.01749998 0.09093362 0.06099998 0.01749998 0.08820861 0.05721968 0.01749998 0.08668363 0.05986118 0.01749998 0.08621376 0.05522483 0.01749998 0.08357238 0.05674988 0.01749998 0.08548361 0.05249983 0.01749998 0.08243358 0.05249983 0.01749998 0.08621376 0.049775 0.01749998 0.08357238 0.04824984 0.01749998 0.08820861 0.04778015 0.01749998 0.08668363 0.04513865 0.01749998 0.09093362 0.04704988 0.01749998 0.09093362 0.04399985 0.01749998 0.09365856 0.04778015 0.01749998 0.09518361 0.04513865 0.01749998 0.09565341 0.049775 0.01749998 0.09829479 0.04824984 0.01749998 0.09638357 0.05249983 0.01749998 0.0994336 0.05249983 0.01749998 0.004720807 0.1077249 0.01749998 0.007362186 0.1092499 0.01749998 0.002725958 0.1097197 0.01749998 0.004250943 0.1123611 0.01749998 9.76562e-7 0.1104499 0.01749998 9.76562e-7 0.1135 0.01749998 -0.002723991 0.1097197 0.01749998 -0.004248976 0.1123611 0.01749998 -0.00471884 0.1077249 0.01749998 -0.007360219 0.1092499 0.01749998 -0.005448997 0.1049998 0.01749998 -0.008499026 0.1049998 0.01749998 -0.00471884 0.1022749 0.01749998 -0.007360219 0.10075 0.01749998 -0.002723991 0.10028 0.01749998 -0.004248976 0.09763866 0.01749998 9.76562e-7 0.09954988 0.01749998 9.76562e-7 0.09649986 0.01749998 0.002725958 0.10028 0.01749998 0.004250943 0.09763866 0.01749998 0.004720807 0.1022749 0.01749998 0.007362186 0.10075 0.01749998 0.005450963 0.1049998 0.01749998 0.008500933 0.1049998 0.01749998 -0.08548164 0.05249983 0.01749998 -0.0862118 0.049775 0.01749998 -0.08291447 0.05035167 0.01749998 -0.08878344 0.04448264 0.01749998 -0.08820664 0.04778015 0.01749998 -0.09093165 0.04704988 0.01749998 -0.09365665 0.04778015 0.01749998 -0.09307986 0.04448264 0.01749998 -0.09093165 0.04419994 0.01749998 -0.0956515 0.049775 0.01749998 -0.09680062 0.04663097 0.01749998 -0.09508168 0.04531186 0.01749998 -0.09638166 0.05249983 0.01749998 -0.09894883 0.05035167 0.01749998 -0.09811967 0.04834997 0.01749998 -0.08678168 0.04531186 0.01749998 -0.08506268 0.04663097 0.01749998 -0.08374363 0.04834997 0.01749998 -0.0956515 0.05522483 0.01749998 -0.09894883 0.05464816 0.01749998 -0.09923166 0.05249983 0.01749998 -0.09365665 0.05721968 0.01749998 -0.09680062 0.05836886 0.01749998 -0.09811967 0.05664986 0.01749998 -0.09093165 0.05794984 0.01749998 -0.09307986 0.06051707 0.01749998 -0.09508168 0.05968797 0.01749998 -0.08820664 0.05721968 0.01749998 -0.08878344 0.06051707 0.01749998 -0.09093165 0.06079989 0.01749998 -0.0862118 0.05522483 0.01749998 -0.08506268 0.05836886 0.01749998 -0.08678168 0.05968797 0.01749998 -0.08263164 0.05249983 0.01749998 -0.08291447 0.05464816 0.01749998 -0.08374363 0.05664986 0.01749998 -0.09914201 0.05029988 0.0273 -0.09914201 0.05029988 0.01769995 -0.09943163 0.05249983 0.0273 -0.09943163 0.05249983 0.01769995 -0.09914201 0.05469977 0.0273 -0.09914201 0.05469983 0.01769995 -0.09829288 0.05674988 0.0273 -0.09829288 0.05674988 0.01769995 -0.09694206 0.05851024 0.0273 -0.09694206 0.05851024 0.01769995 -0.09518164 0.05986118 0.0273 -0.09518164 0.05986118 0.01769995 -0.0931316 0.06071031 0.0273 -0.0931316 0.06071031 0.01769995 -0.09093165 0.06099998 0.0273 -0.09093165 0.06099998 0.01769995 -0.0887317 0.06071031 0.0273 -0.0887317 0.06071031 0.01769995 -0.08668166 0.05986118 0.0273 -0.08668166 0.05986118 0.01769995 -0.08492124 0.05851024 0.0273 -0.08492124 0.05851024 0.01769995 -0.08357042 0.05674988 0.0273 -0.08357042 0.05674988 0.01769995 -0.08272129 0.05469977 0.0273 -0.08272129 0.05469983 0.01769995 -0.08243167 0.05249983 0.0273 -0.08243167 0.05249983 0.01769995 -0.08272129 0.05029988 0.0273 -0.08272129 0.05029988 0.01769995 -0.08357042 0.04824984 0.0273 -0.08357042 0.04824984 0.01769995 -0.08492124 0.04648959 0.0273 -0.08492124 0.04648959 0.01769995 -0.08668166 0.04513865 0.0273 -0.08668166 0.04513865 0.01769995 -0.0887317 0.04428952 0.0273 -0.0887317 0.04428952 0.01769995 -0.09093165 0.04399985 0.0273 -0.09093165 0.04399985 0.01769995 -0.0931316 0.04428952 0.0273 -0.0931316 0.04428952 0.01769995 -0.09518164 0.04513865 0.0273 -0.09518164 0.04513865 0.01769995 -0.09694206 0.04648959 0.0273 -0.09694206 0.04648959 0.01769995 -0.09829288 0.04824984 0.0273 -0.09829288 0.04824984 0.01769995 -0.08291447 -0.05464828 0.01749998 -0.08548164 -0.05249994 0.01749998 -0.0862118 -0.05522507 0.01749998 -0.08820664 -0.0572198 0.01749998 -0.08506268 -0.05836898 0.01749998 -0.08374363 -0.05664998 0.01749998 -0.09093165 -0.05795001 0.01749998 -0.08878344 -0.06051719 0.01749998 -0.08678168 -0.05968809 0.01749998 -0.09365665 -0.0572198 0.01749998 -0.09307986 -0.06051719 0.01749998 -0.09093165 -0.06080001 0.01749998 -0.0956515 -0.05522507 0.01749998 -0.09680062 -0.05836898 0.01749998 -0.09508168 -0.05968809 0.01749998 -0.09638166 -0.05249994 0.01749998 -0.09894883 -0.05464828 0.01749998 -0.09811967 -0.05664998 0.01749998 -0.09307986 -0.04448288 0.01749998 -0.09365665 -0.04778009 0.01749998 -0.09093165 -0.04704999 0.01749998 -0.08820664 -0.04778009 0.01749998 -0.08878344 -0.04448288 0.01749998 -0.09093165 -0.04420006 0.01749998 -0.0862118 -0.049775 0.01749998 -0.08506268 -0.04663109 0.01749998 -0.08678168 -0.04531198 0.01749998 -0.08263164 -0.05249994 0.01749998 -0.08291447 -0.05035191 0.01749998 -0.08374363 -0.04835009 0.01749998 -0.0956515 -0.049775 0.01749998 -0.09894883 -0.05035191 0.01749998 -0.09923166 -0.05249994 0.01749998 -0.09508168 -0.04531198 0.01749998 -0.09680062 -0.04663109 0.01749998 -0.09811967 -0.04835009 0.01749998 -0.09914201 -0.05470007 0.02729994 -0.09914201 -0.05470007 0.01769995 -0.09943163 -0.05249994 0.02729994 -0.09943163 -0.05249994 0.01769995 -0.09914201 -0.05030012 0.02729994 -0.09914201 -0.05030012 0.01769995 -0.09829288 -0.04825007 0.02729994 -0.09829288 -0.04825007 0.01769995 -0.09694206 -0.04648959 0.02729994 -0.09694206 -0.04648959 0.01769995 -0.09518164 -0.04513889 0.02729994 -0.09518164 -0.04513889 0.01769995 -0.0931316 -0.04428964 0.02729994 -0.0931316 -0.04428964 0.01769995 -0.09093165 -0.04399996 0.02729994 -0.09093165 -0.04399996 0.01769995 -0.0887317 -0.04428964 0.02729994 -0.0887317 -0.04428964 0.01769995 -0.08668166 -0.04513889 0.02729994 -0.08668166 -0.04513889 0.01769995 -0.08492124 -0.04648959 0.02729994 -0.08492124 -0.04648959 0.01769995 -0.08357042 -0.04825007 0.02729994 -0.08357042 -0.04825007 0.01769995 -0.08272129 -0.05030012 0.02729994 -0.08272129 -0.05030012 0.01769995 -0.08243167 -0.05249994 0.02729994 -0.08243167 -0.05249994 0.01769995 -0.08272129 -0.05470007 0.02729994 -0.08272129 -0.05470007 0.01769995 -0.08357042 -0.05675011 0.02729994 -0.08357042 -0.05675011 0.01769995 -0.08492124 -0.05851048 0.02729994 -0.08492124 -0.05851048 0.01769995 -0.08668166 -0.0598613 0.02729994 -0.08668166 -0.0598613 0.01769995 -0.0887317 -0.06071043 0.02729994 -0.0887317 -0.06071043 0.01769995 -0.09093165 -0.0610001 0.02729994 -0.09093165 -0.0610001 0.01769995 -0.0931316 -0.06071043 0.02729994 -0.0931316 -0.06071043 0.01769995 -0.09518164 -0.0598613 0.02729994 -0.09518164 -0.0598613 0.01769995 -0.09694206 -0.05851048 0.02729994 -0.09694206 -0.05851048 0.01769995 -0.09829288 -0.05675011 0.02729994 -0.09829288 -0.05675011 0.01769995 0.008018136 -0.1028519 0.01749998 0.004720807 -0.102275 0.01749998 0.005450963 -0.105 0.01749998 0.002149164 -0.09698289 0.01749998 9.76562e-7 -0.09955 0.01749998 0.002725958 -0.1002801 0.01749998 0.007188975 -0.1008501 0.01749998 0.005869925 -0.0991311 0.01749998 0.004150927 -0.09781211 0.01749998 -0.008016169 -0.1028519 0.01749998 -0.005448997 -0.105 0.01749998 -0.00471884 -0.102275 0.01749998 -0.002723991 -0.1002801 0.01749998 -0.005867958 -0.0991311 0.01749998 -0.007187008 -0.1008501 0.01749998 9.76562e-7 -0.09670007 0.01749998 -0.002147197 -0.09698289 0.01749998 -0.004149019 -0.09781211 0.01749998 0.004720807 -0.1077251 0.01749998 0.008018136 -0.1071483 0.01749998 0.00830096 -0.105 0.01749998 0.002725958 -0.1097198 0.01749998 0.005869925 -0.110869 0.01749998 0.007188975 -0.10915 0.01749998 -0.002723991 -0.1097198 0.01749998 -0.00471884 -0.1077251 0.01749998 -0.005867958 -0.110869 0.01749998 -0.008298993 -0.105 0.01749998 -0.008016169 -0.1071483 0.01749998 -0.007187008 -0.10915 0.01749998 9.76562e-7 -0.11045 0.01749998 0.002149164 -0.1130172 0.01749998 0.004150927 -0.1121881 0.01749998 -0.004149019 -0.1121881 0.01749998 -0.002147197 -0.1130172 0.01749998 9.76562e-7 -0.1133 0.01749998 -0.008209347 -0.1072 0.02729994 -0.008209347 -0.1072 0.01769995 -0.008499026 -0.105 0.02729994 -0.008499026 -0.105 0.01769995 -0.008209347 -0.1028001 0.02729994 -0.008209347 -0.1028001 0.01769995 -0.007360219 -0.1007501 0.02729994 -0.007360219 -0.1007501 0.01769995 -0.006009399 -0.0989896 0.02729994 -0.006009399 -0.0989896 0.01769995 -0.004248976 -0.0976389 0.02729994 -0.004248976 -0.0976389 0.01769995 -0.002198934 -0.09678977 0.02729994 -0.002198934 -0.09678977 0.01769995 9.76562e-7 -0.09650009 0.02729994 9.76562e-7 -0.09650009 0.01769995 0.002200901 -0.09678977 0.02729994 0.002200901 -0.09678977 0.01769995 0.004250943 -0.0976389 0.02729994 0.004250943 -0.0976389 0.01769995 0.006011366 -0.0989896 0.02729994 0.006011366 -0.0989896 0.01769995 0.007362186 -0.1007501 0.02729994 0.007362186 -0.1007501 0.01769995 0.008211314 -0.1028001 0.02729994 0.008211314 -0.1028001 0.01769995 0.008500933 -0.105 0.02729994 0.008500933 -0.105 0.01769995 0.008211314 -0.1072 0.02729994 0.008211314 -0.1072 0.01769995 0.007362186 -0.1092501 0.02729994 0.007362186 -0.1092501 0.01769995 0.006011366 -0.1110105 0.02729994 0.006011366 -0.1110105 0.01769995 0.004250943 -0.1123613 0.02729994 0.004250943 -0.1123613 0.01769995 0.002200901 -0.1132104 0.02729994 0.002200901 -0.1132104 0.01769995 9.76562e-7 -0.1135 0.02729994 9.76562e-7 -0.1135 0.01769995 -0.002198934 -0.1132104 0.02729994 -0.002198934 -0.1132104 0.01769995 -0.004248976 -0.1123613 0.02729994 -0.004248976 -0.1123613 0.01769995 -0.006009399 -0.1110105 0.02729994 -0.006009399 -0.1110105 0.01769995 -0.007360219 -0.1092501 0.02729994 -0.007360219 -0.1092501 0.01769995 0.09940677 -0.05249994 0.01759994 0.09911805 -0.05030697 0.01759994 0.0982716 -0.04826343 0.01759994 0.09692507 -0.04650849 0.01759994 0.09517019 -0.04516208 0.01759994 0.09312665 -0.04431551 0.01759994 0.09093362 -0.04402685 0.01759994 0.08874058 -0.04431551 0.01759994 0.08669698 -0.04516208 0.01759994 0.08494216 -0.04650849 0.01759994 0.08359557 -0.04826343 0.01759994 0.08274912 -0.05030697 0.01759994 0.0824604 -0.05249994 0.01759994 0.08274912 -0.0546931 0.01759994 0.08359557 -0.05673664 0.01759994 0.08494216 -0.0584914 0.01759994 0.08669698 -0.05983811 0.01759994 0.08874058 -0.06068456 0.01759994 0.09093362 -0.06097322 0.01759994 0.09312665 -0.06068456 0.01759994 0.09517019 -0.05983811 0.01759994 0.09692507 -0.0584914 0.01759994 0.0982716 -0.05673664 0.01759994 0.09911805 -0.0546931 0.01759994 0.09933358 -0.05249994 0.01752674 0.09904736 -0.05032604 0.01752674 0.09820818 -0.04830002 0.01752674 0.09687328 -0.0465604 0.01752674 0.0951336 -0.04522544 0.01752674 0.0931077 -0.0443862 0.01752674 0.09093362 -0.04410004 0.01752674 0.08875954 -0.0443862 0.01752674 0.08673357 -0.04522544 0.01752674 0.08499389 -0.0465604 0.01752674 0.08365899 -0.04830002 0.01752674 0.08281981 -0.05032604 0.01752674 0.08253359 -0.05249994 0.01752674 0.08281981 -0.05467414 0.01752674 0.08365899 -0.05670005 0.01752674 0.08499389 -0.05843967 0.01752674 0.08673357 -0.05977463 0.01752674 0.08875954 -0.06061387 0.01752674 0.09093362 -0.06090009 0.01752674 0.0931077 -0.06061387 0.01752674 0.0951336 -0.05977463 0.01752674 0.09687328 -0.05843967 0.01752674 0.09820818 -0.05670005 0.01752674 0.09904736 -0.05467414 0.01752674 -0.08245843 0.05249983 0.01759999 -0.08274716 0.05469298 0.01759999 -0.08359366 0.05673652 0.01759999 -0.08494019 0.05849128 0.01759999 -0.08669507 0.05983787 0.01759999 -0.08873862 0.06068444 0.01759999 -0.09093165 0.0609731 0.01759999 -0.09312468 0.06068444 0.01759999 -0.09516823 0.05983787 0.01759999 -0.09692311 0.05849128 0.01759999 -0.09826964 0.05673652 0.01759999 -0.09911614 0.05469298 0.01759999 -0.09940487 0.05249983 0.01759999 -0.09911614 0.05030685 0.01759999 -0.09826964 0.04826331 0.01759999 -0.09692311 0.04650843 0.01759999 -0.09516823 0.04516196 0.01759999 -0.09312468 0.04431539 0.01759999 -0.09093165 0.04402673 0.01759999 -0.08873862 0.04431539 0.01759999 -0.08669507 0.04516196 0.01759999 -0.08494019 0.04650843 0.01759999 -0.08359366 0.04826331 0.01759999 -0.08274716 0.05030685 0.01759999 -0.08253163 0.05249983 0.01752674 -0.08281785 0.05467391 0.01752674 -0.08365702 0.05669993 0.01752674 -0.08499193 0.05843955 0.01752674 -0.08673167 0.05977451 0.01752674 -0.08875757 0.06061375 0.01752674 -0.09093165 0.06089991 0.01752674 -0.09310573 0.06061375 0.01752674 -0.09513163 0.05977451 0.01752674 -0.09687137 0.05843955 0.01752674 -0.09820628 0.05669993 0.01752674 -0.09904545 0.05467391 0.01752674 -0.09933167 0.05249983 0.01752674 -0.09904545 0.05032581 0.01752674 -0.09820628 0.0482999 0.01752674 -0.09687137 0.04656028 0.01752674 -0.09513163 0.04522532 0.01752674 -0.09310573 0.04438608 0.01752674 -0.09093165 0.0440998 0.01752674 -0.08875757 0.04438608 0.01752674 -0.08673167 0.04522532 0.01752674 -0.08499193 0.04656028 0.01752674 -0.08365702 0.0482999 0.01752674 -0.08281785 0.05032581 0.01752674 -0.08245843 -0.05249994 0.01759994 -0.08274716 -0.05030697 0.01759994 -0.08359366 -0.04826343 0.01759994 -0.08494019 -0.04650849 0.01759994 -0.08669507 -0.04516208 0.01759994 -0.08873862 -0.04431551 0.01759994 -0.09093165 -0.04402685 0.01759994 -0.09312468 -0.04431551 0.01759994 -0.09516823 -0.04516208 0.01759994 -0.09692311 -0.04650849 0.01759994 -0.09826964 -0.04826343 0.01759994 -0.09911614 -0.05030697 0.01759994 -0.09940487 -0.05249994 0.01759994 -0.09911614 -0.0546931 0.01759994 -0.09826964 -0.05673664 0.01759994 -0.09692311 -0.0584914 0.01759994 -0.09516823 -0.05983811 0.01759994 -0.09312468 -0.06068456 0.01759994 -0.09093165 -0.06097322 0.01759994 -0.08873862 -0.06068456 0.01759994 -0.08669507 -0.05983811 0.01759994 -0.08494019 -0.0584914 0.01759994 -0.08359366 -0.05673664 0.01759994 -0.08274716 -0.0546931 0.01759994 -0.08253163 -0.05249994 0.01752674 -0.08281785 -0.05032604 0.01752674 -0.08365702 -0.04830002 0.01752674 -0.08499193 -0.0465604 0.01752674 -0.08673167 -0.04522544 0.01752674 -0.08875757 -0.0443862 0.01752674 -0.09093165 -0.04410004 0.01752674 -0.09310573 -0.0443862 0.01752674 -0.09513163 -0.04522544 0.01752674 -0.09687137 -0.0465604 0.01752674 -0.09820628 -0.04830002 0.01752674 -0.09904545 -0.05032604 0.01752674 -0.09933167 -0.05249994 0.01752674 -0.09904545 -0.05467414 0.01752674 -0.09820628 -0.05670005 0.01752674 -0.09687137 -0.05843967 0.01752674 -0.09513163 -0.05977463 0.01752674 -0.09310573 -0.06061387 0.01752674 -0.09093165 -0.06090009 0.01752674 -0.08875757 -0.06061387 0.01752674 -0.08673167 -0.05977463 0.01752674 -0.08499193 -0.05843967 0.01752674 -0.08365702 -0.05670005 0.01752674 -0.08281785 -0.05467414 0.01752674 0.008474171 -0.105 0.01759994 0.008185446 -0.1028071 0.01759994 0.007338941 -0.1007634 0.01759994 0.005992412 -0.09900856 0.01759994 0.004237532 -0.09766209 0.01759994 0.002193987 -0.09681552 0.01759994 9.76562e-7 -0.09652686 0.01759994 -0.00219202 -0.09681552 0.01759994 -0.004235625 -0.09766209 0.01759994 -0.005990445 -0.09900856 0.01759994 -0.007337033 -0.1007634 0.01759994 -0.008183479 -0.1028071 0.01759994 -0.008472204 -0.105 0.01759994 -0.008183479 -0.1071931 0.01759994 -0.007337033 -0.1092367 0.01759994 -0.005990445 -0.1109914 0.01759994 -0.004235625 -0.1123381 0.01759994 -0.00219202 -0.1131846 0.01759994 9.76562e-7 -0.1134732 0.01759994 0.002193987 -0.1131846 0.01759994 0.004237532 -0.1123381 0.01759994 0.005992412 -0.1109914 0.01759994 0.007338941 -0.1092367 0.01759994 0.008185446 -0.1071931 0.01759994 0.008400917 -0.105 0.01752674 0.008114695 -0.102826 0.01752674 0.007275581 -0.1008 0.01752674 0.005940616 -0.09906041 0.01752674 0.004200935 -0.09772545 0.01752674 0.002175033 -0.09688633 0.01752674 9.76562e-7 -0.09660005 0.01752674 -0.002173066 -0.09688633 0.01752674 -0.004198968 -0.09772545 0.01752674 -0.005938708 -0.09906041 0.01752674 -0.007273614 -0.1008 0.01752674 -0.008112788 -0.102826 0.01752674 -0.008399009 -0.105 0.01752674 -0.008112788 -0.1071742 0.01752674 -0.007273614 -0.1092001 0.01752674 -0.005938708 -0.1109398 0.01752674 -0.004198968 -0.1122747 0.01752674 -0.002173066 -0.1131139 0.01752674 9.76562e-7 -0.1134001 0.01752674 0.002175033 -0.1131139 0.01752674 0.004200935 -0.1122747 0.01752674 0.005940616 -0.1109398 0.01752674 0.007275581 -0.1092001 0.01752674 0.008114695 -0.1071742 0.01752674 -0.01324659 -0.0931251 0.01193296 -0.01187402 -0.0917524 0.01193296 -0.009998977 -0.09125012 0.01193296 -0.008123993 -0.0917524 0.01193296 -0.006751418 -0.0931251 0.01193296 -0.00624901 -0.09499996 0.01193296 -0.006751418 -0.09687513 0.01193296 -0.008123993 -0.09824764 0.01193296 -0.009998977 -0.09875011 0.01193296 -0.01187402 -0.09824764 0.01193296 -0.01324659 -0.09687513 0.01193296 -0.013749 -0.09499996 0.01193296 -0.01340508 -0.09303355 0.01174998 -0.01196551 -0.09159398 0.01174998 -0.009998977 -0.09106713 0.01174998 -0.0080325 -0.09159398 0.01174998 -0.006592929 -0.09303355 0.01174998 -0.006065964 -0.09499996 0.01174998 -0.006592929 -0.09696656 0.01174998 -0.0080325 -0.09840625 0.01174998 -0.009998977 -0.0989331 0.01174998 -0.01196551 -0.09840625 0.01174998 -0.01340508 -0.09696656 0.01174998 -0.01393198 -0.09499996 0.01174998 -0.01393198 0.09249997 0.01174998 -0.01393198 0.09749996 0.01174998 -0.013749 0.09249997 0.01193296 -0.013749 0.09749996 0.01193296 -0.01324659 0.09937489 0.01193296 -0.01187402 0.1007475 0.01193296 -0.009998977 0.1012499 0.01193296 -0.008123993 0.1007475 0.01193296 -0.006751418 0.09937489 0.01193296 -0.00624901 0.09749996 0.01193296 -0.01340508 0.09946644 0.01174998 -0.01196551 0.100906 0.01174998 -0.009998977 0.1014329 0.01174998 -0.0080325 0.100906 0.01174998 -0.006592929 0.09946644 0.01174998 -0.006065964 0.09749996 0.01174998 -0.00624901 0.09249997 0.01193296 -0.006751418 0.09062486 0.01193296 -0.008123993 0.08925229 0.01193296 -0.009998977 0.08874988 0.01193296 -0.01187402 0.08925229 0.01193296 -0.01324659 0.09062486 0.01193296 -0.006065964 0.09249997 0.01174998 -0.006592929 0.09053343 0.01174998 -0.0080325 0.08909374 0.01174998 -0.009998977 0.08856689 0.01174998 -0.01196551 0.08909374 0.01174998 -0.01340508 0.09053343 0.01174998 -0.08636182 0.05513828 0.01739996 -0.08829325 0.05706965 0.01739996 -0.09093165 0.05777657 0.01739996 -0.09357005 0.05706965 0.01739996 -0.09550148 0.05513828 0.01739996 -0.09620845 0.05249983 0.01739996 -0.09550148 0.04986155 0.01739996 -0.09357005 0.04793006 0.01739996 -0.09093165 0.04722315 0.01739996 -0.08829325 0.04793006 0.01739996 -0.08636182 0.04986155 0.01739996 -0.08565485 0.05249983 0.01739996 -0.0862984 0.05517488 0.01747316 -0.08825665 0.05713313 0.01747316 -0.09093165 0.05784994 0.01747316 -0.09360665 0.05713313 0.01747316 -0.0955649 0.05517488 0.01747316 -0.09628164 0.05249983 0.01747316 -0.0955649 0.04982495 0.01747316 -0.09360665 0.0478667 0.01747316 -0.09093165 0.04714989 0.01747316 -0.08825665 0.0478667 0.01747316 -0.0862984 0.04982495 0.01747316 -0.08558166 0.05249983 0.01747316 -0.0862984 0.05517488 0.00252676 -0.08825665 0.05713313 0.00252676 -0.09093165 0.05784994 0.00252676 -0.09360665 0.05713313 0.00252676 -0.0955649 0.05517488 0.00252676 -0.09628164 0.05249983 0.00252676 -0.0955649 0.04982495 0.00252676 -0.09360665 0.0478667 0.00252676 -0.09093165 0.04714989 0.00252676 -0.08825665 0.0478667 0.00252676 -0.0862984 0.04982495 0.00252676 -0.08558166 0.05249983 0.00252676 -0.08636182 0.05513828 0.002599954 -0.08829325 0.05706965 0.002599954 -0.09093165 0.05777657 0.002599954 -0.09357005 0.05706965 0.002599954 -0.09550148 0.05513828 0.002599954 -0.09620845 0.05249983 0.002599954 -0.09550148 0.04986155 0.002599954 -0.09357005 0.04793006 0.002599954 -0.09093165 0.04722315 0.002599954 -0.08829325 0.04793006 0.002599954 -0.08636182 0.04986155 0.002599954 -0.08565485 0.05249983 0.002599954 -0.08636182 -0.04986166 0.01739996 -0.08829325 -0.0479303 0.01739996 -0.09093165 -0.04722326 0.01739996 -0.09357005 -0.0479303 0.01739996 -0.09550148 -0.04986166 0.01739996 -0.09620845 -0.05249994 0.01739996 -0.09550148 -0.05513852 0.01739996 -0.09357005 -0.05706989 0.01739996 -0.09093165 -0.0577768 0.01739996 -0.08829325 -0.05706989 0.01739996 -0.08636182 -0.05513852 0.01739996 -0.08565485 -0.05249994 0.01739996 -0.0862984 -0.04982507 0.01747316 -0.08825665 -0.04786682 0.01747316 -0.09093165 -0.04715001 0.01747316 -0.09360665 -0.04786682 0.01747316 -0.0955649 -0.04982507 0.01747316 -0.09628164 -0.05249994 0.01747316 -0.0955649 -0.055175 0.01747316 -0.09360665 -0.05713325 0.01747316 -0.09093165 -0.05784994 0.01747316 -0.08825665 -0.05713325 0.01747316 -0.0862984 -0.055175 0.01747316 -0.08558166 -0.05249994 0.01747316 -0.0862984 -0.04982507 0.00252676 -0.08825665 -0.04786682 0.00252676 -0.09093165 -0.04715001 0.00252676 -0.09360665 -0.04786682 0.00252676 -0.0955649 -0.04982507 0.00252676 -0.09628164 -0.05249994 0.00252676 -0.0955649 -0.055175 0.00252676 -0.09360665 -0.05713325 0.00252676 -0.09093165 -0.05784994 0.00252676 -0.08825665 -0.05713325 0.00252676 -0.0862984 -0.055175 0.00252676 -0.08558166 -0.05249994 0.00252676 -0.08636182 -0.04986166 0.002599954 -0.08829325 -0.0479303 0.002599954 -0.09093165 -0.04722326 0.002599954 -0.09357005 -0.0479303 0.002599954 -0.09550148 -0.04986166 0.002599954 -0.09620845 -0.05249994 0.002599954 -0.09550148 -0.05513852 0.002599954 -0.09357005 -0.05706989 0.002599954 -0.09093165 -0.0577768 0.002599954 -0.08829325 -0.05706989 0.002599954 -0.08636182 -0.05513852 0.002599954 -0.08565485 -0.05249994 0.002599954 0.004570782 -0.1023617 0.01739996 0.002639353 -0.1004303 0.01739996 9.76562e-7 -0.09972327 0.01739996 -0.002637386 -0.1004303 0.01739996 -0.004568815 -0.1023617 0.01739996 -0.005275785 -0.105 0.01739996 -0.004568815 -0.1076385 0.01739996 -0.002637386 -0.1095699 0.01739996 9.76562e-7 -0.1102768 0.01739996 0.002639353 -0.1095699 0.01739996 0.004570782 -0.1076385 0.01739996 0.005277752 -0.105 0.01739996 0.004634201 -0.102325 0.01747316 0.00267595 -0.1003668 0.01747316 9.76562e-7 -0.09965002 0.01747316 -0.002673983 -0.1003668 0.01747316 -0.004632234 -0.102325 0.01747316 -0.00534898 -0.105 0.01747316 -0.004632234 -0.107675 0.01747316 -0.002673983 -0.1096333 0.01747316 9.76562e-7 -0.11035 0.01747316 0.00267595 -0.1096333 0.01747316 0.004634201 -0.107675 0.01747316 0.005350947 -0.105 0.01747316 0.004634201 -0.102325 0.00252676 0.00267595 -0.1003668 0.00252676 9.76562e-7 -0.09965002 0.00252676 -0.002673983 -0.1003668 0.00252676 -0.004632234 -0.102325 0.00252676 -0.00534898 -0.105 0.00252676 -0.004632234 -0.107675 0.00252676 -0.002673983 -0.1096333 0.00252676 9.76562e-7 -0.11035 0.00252676 0.00267595 -0.1096333 0.00252676 0.004634201 -0.107675 0.00252676 0.005350947 -0.105 0.00252676 0.004570782 -0.1023617 0.002599954 0.002639353 -0.1004303 0.002599954 9.76562e-7 -0.09972327 0.002599954 -0.002637386 -0.1004303 0.002599954 -0.004568815 -0.1023617 0.002599954 -0.005275785 -0.105 0.002599954 -0.004568815 -0.1076385 0.002599954 -0.002637386 -0.1095699 0.002599954 9.76562e-7 -0.1102768 0.002599954 0.002639353 -0.1095699 0.002599954 0.004570782 -0.1076385 0.002599954 0.005277752 -0.105 0.002599954 0.09550344 0.05513828 0.01739996 0.09357202 0.05706965 0.01739996 0.09093362 0.05777657 0.01739996 0.08829522 0.05706965 0.01739996 0.08636379 0.05513828 0.01739996 0.08565682 0.05249983 0.01739996 0.08636379 0.04986155 0.01739996 0.08829522 0.04793006 0.01739996 0.09093362 0.04722315 0.01739996 0.09357202 0.04793006 0.01739996 0.09550344 0.04986155 0.01739996 0.09621036 0.05249983 0.01739996 0.09556686 0.05517488 0.01747316 0.09360861 0.05713313 0.01747316 0.09093362 0.05784994 0.01747316 0.08825862 0.05713313 0.01747316 0.08630037 0.05517488 0.01747316 0.08558356 0.05249983 0.01747316 0.08630037 0.04982495 0.01747316 0.08825862 0.0478667 0.01747316 0.09093362 0.04714989 0.01747316 0.09360861 0.0478667 0.01747316 0.09556686 0.04982495 0.01747316 0.09628361 0.05249983 0.01747316 0.09556686 0.05517488 0.00252676 0.09360861 0.05713313 0.00252676 0.09093362 0.05784994 0.00252676 0.08825862 0.05713313 0.00252676 0.08630037 0.05517488 0.00252676 0.08558356 0.05249983 0.00252676 0.08630037 0.04982495 0.00252676 0.08825862 0.0478667 0.00252676 0.09093362 0.04714989 0.00252676 0.09360861 0.0478667 0.00252676 0.09556686 0.04982495 0.00252676 0.09628361 0.05249983 0.00252676 0.09550344 0.05513828 0.002599954 0.09357202 0.05706965 0.002599954 0.09093362 0.05777657 0.002599954 0.08829522 0.05706965 0.002599954 0.08636379 0.05513828 0.002599954 0.08565682 0.05249983 0.002599954 0.08636379 0.04986155 0.002599954 0.08829522 0.04793006 0.002599954 0.09093362 0.04722315 0.002599954 0.09357202 0.04793006 0.002599954 0.09550344 0.04986155 0.002599954 0.09621036 0.05249983 0.002599954 0.004570782 0.1076383 0.01739996 0.002639353 0.1095697 0.01739996 9.76562e-7 0.1102766 0.01739996 -0.002637386 0.1095697 0.01739996 -0.004568815 0.1076383 0.01739996 -0.005275785 0.1049998 0.01739996 -0.004568815 0.1023615 0.01739996 -0.002637386 0.10043 0.01739996 9.76562e-7 0.09972298 0.01739996 0.002639353 0.10043 0.01739996 0.004570782 0.1023615 0.01739996 0.005277752 0.1049998 0.01739996 0.004634201 0.1076749 0.01747316 0.00267595 0.1096332 0.01747316 9.76562e-7 0.1103498 0.01747316 -0.002673983 0.1096332 0.01747316 -0.004632234 0.1076749 0.01747316 -0.00534898 0.1049998 0.01747316 -0.004632234 0.1023249 0.01747316 -0.002673983 0.1003667 0.01747316 9.76562e-7 0.0996499 0.01747316 0.00267595 0.1003667 0.01747316 0.004634201 0.1023249 0.01747316 0.005350947 0.1049998 0.01747316 0.004634201 0.1076749 0.00252676 0.00267595 0.1096332 0.00252676 9.76562e-7 0.1103498 0.00252676 -0.002673983 0.1096332 0.00252676 -0.004632234 0.1076749 0.00252676 -0.00534898 0.1049998 0.00252676 -0.004632234 0.1023249 0.00252676 -0.002673983 0.1003667 0.00252676 9.76562e-7 0.0996499 0.00252676 0.00267595 0.1003667 0.00252676 0.004634201 0.1023249 0.00252676 0.005350947 0.1049998 0.00252676 0.004570782 0.1076383 0.002599954 0.002639353 0.1095697 0.002599954 9.76562e-7 0.1102766 0.002599954 -0.002637386 0.1095697 0.002599954 -0.004568815 0.1076383 0.002599954 -0.005275785 0.1049998 0.002599954 -0.004568815 0.1023615 0.002599954 -0.002637386 0.10043 0.002599954 9.76562e-7 0.09972298 0.002599954 0.002639353 0.10043 0.002599954 0.004570782 0.1023615 0.002599954 0.005277752 0.1049998 0.002599954 0.09550344 -0.04986166 0.01739996 0.09357202 -0.0479303 0.01739996 0.09093362 -0.04722326 0.01739996 0.08829522 -0.0479303 0.01739996 0.08636379 -0.04986166 0.01739996 0.08565682 -0.05249994 0.01739996 0.08636379 -0.05513852 0.01739996 0.08829522 -0.05706989 0.01739996 0.09093362 -0.0577768 0.01739996 0.09357202 -0.05706989 0.01739996 0.09550344 -0.05513852 0.01739996 0.09621036 -0.05249994 0.01739996 0.09556686 -0.04982507 0.01747316 0.09360861 -0.04786682 0.01747316 0.09093362 -0.04715001 0.01747316 0.08825862 -0.04786682 0.01747316 0.08630037 -0.04982507 0.01747316 0.08558356 -0.05249994 0.01747316 0.08630037 -0.055175 0.01747316 0.08825862 -0.05713325 0.01747316 0.09093362 -0.05784994 0.01747316 0.09360861 -0.05713325 0.01747316 0.09556686 -0.055175 0.01747316 0.09628361 -0.05249994 0.01747316 0.09556686 -0.04982507 0.00252676 0.09360861 -0.04786682 0.00252676 0.09093362 -0.04715001 0.00252676 0.08825862 -0.04786682 0.00252676 0.08630037 -0.04982507 0.00252676 0.08558356 -0.05249994 0.00252676 0.08630037 -0.055175 0.00252676 0.08825862 -0.05713325 0.00252676 0.09093362 -0.05784994 0.00252676 0.09360861 -0.05713325 0.00252676 0.09556686 -0.055175 0.00252676 0.09628361 -0.05249994 0.00252676 0.09550344 -0.04986166 0.002599954 0.09357202 -0.0479303 0.002599954 0.09093362 -0.04722326 0.002599954 0.08829522 -0.0479303 0.002599954 0.08636379 -0.04986166 0.002599954 0.08565682 -0.05249994 0.002599954 0.08636379 -0.05513852 0.002599954 0.08829522 -0.05706989 0.002599954 0.09093362 -0.0577768 0.002599954 0.09357202 -0.05706989 0.002599954 0.09550344 -0.05513852 0.002599954 0.09621036 -0.05249994 0.002599954 -0.09938353 0.05476462 0.02773296 -0.09850937 0.05687499 0.02773296 -0.09711885 0.05868697 0.02773296 -0.09530663 0.0600776 0.02773296 -0.09319633 0.06095176 0.02773296 -0.09093165 0.06124997 0.02773296 -0.08866697 0.06095176 0.02773296 -0.08655667 0.0600776 0.02773296 -0.08474445 0.05868697 0.02773296 -0.08335393 0.05687499 0.02773296 -0.08247983 0.05476462 0.02773296 -0.08218163 0.05249983 0.02773296 -0.08247983 0.05023521 0.02773296 -0.08335393 0.04812484 0.02773296 -0.08474445 0.04631274 0.02773296 -0.08655667 0.04492223 0.02773296 -0.08866697 0.04404807 0.02773296 -0.09093165 0.04374986 0.02773296 -0.09319633 0.04404807 0.02773296 -0.09530663 0.04492223 0.02773296 -0.09711885 0.04631274 0.02773296 -0.09850937 0.04812484 0.02773296 -0.09938353 0.05023521 0.02773296 -0.09968167 0.05249983 0.02773296 -0.09920674 0.05471724 0.02754998 -0.09835088 0.05678343 0.02754998 -0.09698945 0.05855768 0.02754998 -0.09521514 0.05991905 0.02754998 -0.09314894 0.06077498 0.02754998 -0.09093165 0.06106698 0.02754998 -0.08871436 0.06077498 0.02754998 -0.08664816 0.05991905 0.02754998 -0.08487385 0.05855768 0.02754998 -0.08351242 0.05678343 0.02754998 -0.08265656 0.05471724 0.02754998 -0.08236467 0.05249983 0.02754998 -0.08265656 0.05028259 0.02754998 -0.08351242 0.0482164 0.02754998 -0.08487385 0.04644209 0.02754998 -0.08664816 0.04508066 0.02754998 -0.08871436 0.04422485 0.02754998 -0.09093165 0.04393285 0.02754998 -0.09314894 0.04422485 0.02754998 -0.09521514 0.04508066 0.02754998 -0.09698945 0.04644209 0.02754998 -0.09835088 0.0482164 0.02754998 -0.09920674 0.05028259 0.02754998 -0.09949862 0.05249983 0.02754998 0.08248174 -0.05023545 0.02773296 0.08335584 -0.04812496 0.02773296 0.08474642 -0.04631298 0.02773296 0.08655858 -0.04492235 0.02773296 0.08866894 -0.04404819 0.02773296 0.09093362 -0.0437501 0.02773296 0.09319823 -0.04404819 0.02773296 0.0953086 -0.04492235 0.02773296 0.09712076 -0.04631298 0.02773296 0.09851133 -0.04812496 0.02773296 0.09938544 -0.05023545 0.02773296 0.09968358 -0.05249994 0.02773296 0.09938544 -0.05476474 0.02773296 0.09851133 -0.0568751 0.02773296 0.09712076 -0.05868721 0.02773296 0.0953086 -0.06007772 0.02773296 0.09319823 -0.060952 0.02773296 0.09093362 -0.06125009 0.02773296 0.08866894 -0.060952 0.02773296 0.08655858 -0.06007772 0.02773296 0.08474642 -0.05868721 0.02773296 0.08335584 -0.0568751 0.02773296 0.08248174 -0.05476474 0.02773296 0.08218359 -0.05249994 0.02773296 0.08265852 -0.05028271 0.02754998 0.08351439 -0.04821652 0.02754998 0.08487582 -0.04644221 0.02754998 0.08665007 -0.04508078 0.02754998 0.08871632 -0.04422497 0.02754998 0.09093362 -0.04393309 0.02754998 0.09315091 -0.04422497 0.02754998 0.0952171 -0.04508078 0.02754998 0.09699136 -0.04644221 0.02754998 0.09835284 -0.04821652 0.02754998 0.09920871 -0.05028271 0.02754998 0.09950059 -0.05249994 0.02754998 0.09920871 -0.05471724 0.02754998 0.09835284 -0.05678355 0.02754998 0.09699136 -0.05855786 0.02754998 0.0952171 -0.05991929 0.02754998 0.09315091 -0.0607751 0.02754998 0.09093362 -0.06106698 0.02754998 0.08871632 -0.0607751 0.02754998 0.08665007 -0.05991929 0.02754998 0.08487582 -0.05855786 0.02754998 0.08351439 -0.05678355 0.02754998 0.08265852 -0.05471724 0.02754998 0.08236664 -0.05249994 0.02754998 -0.008450865 -0.1027355 0.02773296 -0.007576704 -0.100625 0.02773296 -0.006186187 -0.09881287 0.02773296 -0.004374027 -0.09742236 0.02773296 -0.002263665 -0.09654819 0.02773296 9.76562e-7 -0.09625011 0.02773296 0.002265632 -0.09654819 0.02773296 0.004375934 -0.09742236 0.02773296 0.006188154 -0.09881287 0.02773296 0.00757867 -0.100625 0.02773296 0.008452773 -0.1027355 0.02773296 0.008750975 -0.105 0.02773296 0.008452773 -0.1072648 0.02773296 0.00757867 -0.109375 0.02773296 0.006188154 -0.1111872 0.02773296 0.004375934 -0.1125777 0.02773296 0.002265632 -0.113452 0.02773296 9.76562e-7 -0.1137501 0.02773296 -0.002263665 -0.113452 0.02773296 -0.004374027 -0.1125777 0.02773296 -0.006186187 -0.1111872 0.02773296 -0.007576704 -0.109375 0.02773296 -0.008450865 -0.1072648 0.02773296 -0.008749008 -0.105 0.02773296 -0.008274078 -0.1027827 0.02754998 -0.007418215 -0.1007165 0.02754998 -0.006056785 -0.09894222 0.02754998 -0.004282474 -0.09758079 0.02754998 -0.002216279 -0.09672498 0.02754998 9.76562e-7 -0.0964331 0.02754998 0.002218246 -0.09672498 0.02754998 0.004284441 -0.09758079 0.02754998 0.006058692 -0.09894222 0.02754998 0.007420182 -0.1007165 0.02754998 0.008276045 -0.1027827 0.02754998 0.008567929 -0.105 0.02754998 0.008276045 -0.1072173 0.02754998 0.007420182 -0.1092836 0.02754998 0.006058692 -0.1110578 0.02754998 0.004284441 -0.1124193 0.02754998 0.002218246 -0.1132751 0.02754998 9.76562e-7 -0.113567 0.02754998 -0.002216279 -0.1132751 0.02754998 -0.004282474 -0.1124193 0.02754998 -0.006056785 -0.1110578 0.02754998 -0.007418215 -0.1092836 0.02754998 -0.008274078 -0.1072173 0.02754998 -0.008565962 -0.105 0.02754998 -0.09938353 -0.05023545 0.02773296 -0.09850937 -0.04812496 0.02773296 -0.09711885 -0.04631298 0.02773296 -0.09530663 -0.04492235 0.02773296 -0.09319633 -0.04404819 0.02773296 -0.09093165 -0.0437501 0.02773296 -0.08866697 -0.04404819 0.02773296 -0.08655667 -0.04492235 0.02773296 -0.08474445 -0.04631298 0.02773296 -0.08335393 -0.04812496 0.02773296 -0.08247983 -0.05023545 0.02773296 -0.08218163 -0.05249994 0.02773296 -0.08247983 -0.05476474 0.02773296 -0.08335393 -0.0568751 0.02773296 -0.08474445 -0.05868721 0.02773296 -0.08655667 -0.06007772 0.02773296 -0.08866697 -0.060952 0.02773296 -0.09093165 -0.06125009 0.02773296 -0.09319633 -0.060952 0.02773296 -0.09530663 -0.06007772 0.02773296 -0.09711885 -0.05868721 0.02773296 -0.09850937 -0.0568751 0.02773296 -0.09938353 -0.05476474 0.02773296 -0.09968167 -0.05249994 0.02773296 -0.09920674 -0.05028271 0.02754998 -0.09835088 -0.04821652 0.02754998 -0.09698945 -0.04644221 0.02754998 -0.09521514 -0.04508078 0.02754998 -0.09314894 -0.04422497 0.02754998 -0.09093165 -0.04393309 0.02754998 -0.08871436 -0.04422497 0.02754998 -0.08664816 -0.04508078 0.02754998 -0.08487385 -0.04644221 0.02754998 -0.08351242 -0.04821652 0.02754998 -0.08265656 -0.05028271 0.02754998 -0.08236467 -0.05249994 0.02754998 -0.08265656 -0.05471724 0.02754998 -0.08351242 -0.05678355 0.02754998 -0.08487385 -0.05855786 0.02754998 -0.08664816 -0.05991929 0.02754998 -0.08871436 -0.0607751 0.02754998 -0.09093165 -0.06106698 0.02754998 -0.09314894 -0.0607751 0.02754998 -0.09521514 -0.05991929 0.02754998 -0.09698945 -0.05855786 0.02754998 -0.09835088 -0.05678355 0.02754998 -0.09920674 -0.05471724 0.02754998 -0.09949862 -0.05249994 0.02754998 -0.104499 0.008539676 0.002649068 -0.1168066 0.009183108 0.002500653 -0.1165738 0.008661985 0.002584218 -0.1165593 0.008543193 0.002643525 -0.116499 0.008050739 0.002889335 -0.104499 0.008418083 0.002675056 -0.116499 0.007790625 0.003157317 -0.104499 0.0077762 0.003145337 -0.116499 0.007591009 0.003362894 -0.104499 0.007742881 0.003169715 -0.116499 0.00734204 0.00394833 -0.104499 0.007329344 0.003897309 -0.104499 0.00732541 0.003938436 -0.116499 0.007276117 0.004103481 -0.104499 0.007249593 0.004730463 -0.116499 0.007278323 0.004855513 -0.104499 0.007289648 0.004848301 -0.116499 0.007278561 0.004908263 -0.104499 0.007518053 0.005523204 -0.116499 0.007518053 0.005523204 -0.116499 -0.00727868 0.004908263 -0.116499 -0.007518172 0.005523204 -0.104499 -0.007518172 0.005523204 -0.116499 -0.007278382 0.004855513 -0.104499 -0.007289767 0.004848301 -0.104499 -0.007249832 0.004730463 -0.116499 -0.007276237 0.004103481 -0.104499 -0.00732553 0.003938436 -0.116499 -0.007342278 0.00394833 -0.116499 -0.007591247 0.003362894 -0.104499 -0.007329463 0.003897309 -0.116499 -0.007790744 0.003157317 -0.116607 -0.008777201 0.002553462 -0.104499 -0.008539736 0.002649068 -0.104499 -0.007743 0.003169715 -0.104499 -0.007776319 0.003145337 -0.116499 -0.008050739 0.002889335 -0.104499 -0.008418083 0.002675056 -0.1164992 -0.008084833 0.002864837 -0.1165714 -0.008548319 0.0026564 -0.11659 -0.008667826 0.002602577 -0.116499 0.008729338 0.009399652 -0.104499 0.008729338 0.009399652 -0.116499 0.008060038 0.01340538 -0.104499 0.008060038 0.01340538 -0.116499 0.005654394 0.01667749 -0.104499 0.005654394 0.01667749 -0.116499 0.002030611 0.01851105 -0.104499 0.002030611 0.01851105 -0.116499 -0.00203073 0.01851105 -0.104499 -0.00203073 0.01851105 -0.116499 -0.005654394 0.01667749 -0.104499 -0.005654394 0.01667749 -0.116499 -0.008060157 0.01340538 -0.104499 -0.008060157 0.01340538 -0.116499 -0.008729457 0.009399652 -0.104499 -0.008729457 0.009399652 -0.090999 0 0.119 -0.08935451 -0.01722192 0.119 -0.08448046 -0.0338214 0.119 -0.07655304 -0.04919832 0.119 -0.06585878 -0.06279724 0.119 -0.0527842 -0.07412642 0.119 -0.03780174 -0.0827766 0.119 -0.02145308 -0.08843493 0.119 -0.004328966 -0.09089696 0.119 0.01295161 -0.09007382 0.119 0.02976411 -0.08599507 0.119 0.04550093 -0.07880848 0.119 0.05959326 -0.06877332 0.119 0.07153177 -0.05625241 0.119 0.08088493 -0.04169869 0.119 0.08731478 -0.0256378 0.119 0.09058886 -0.008650124 0.119 0.09058886 0.008650004 0.119 0.08731478 0.02563756 0.119 0.08088493 0.04169857 0.119 0.07153177 0.0562523 0.119 0.05959326 0.06877303 0.119 0.04550093 0.07880818 0.119 0.02976411 0.08599495 0.119 0.01295161 0.0900737 0.119 -0.004328966 0.09089684 0.119 -0.02145308 0.08843481 0.119 -0.03780174 0.08277636 0.119 -0.0527842 0.0741263 0.119 -0.06585878 0.06279712 0.119 -0.07655304 0.04919821 0.119 -0.08448046 0.03382116 0.119 -0.08935451 0.01722174 0.119 -0.08886355 0.01712703 0.1195 -0.08401626 0.03363537 0.1195 -0.07613241 0.04892784 0.1195 -0.06549692 0.06245201 0.1195 -0.05249416 0.07371896 0.1195 -0.03759407 0.08232164 0.1195 -0.02133518 0.08794885 0.1195 -0.004305124 0.09039741 0.1195 0.01288044 0.08957874 0.1195 0.02960062 0.08552247 0.1195 0.04525095 0.07837522 0.1195 0.05926585 0.06839525 0.1195 0.07113873 0.05594331 0.1195 0.08044052 0.04146945 0.1195 0.08683508 0.02549666 0.1195 0.0900911 0.00860238 0.1195 0.0900911 -0.008602619 0.1195 0.08683508 -0.02549678 0.1195 0.08044052 -0.04146957 0.1195 0.07113873 -0.05594348 0.1195 0.05926585 -0.06839537 0.1195 0.04525095 -0.07837533 0.1195 0.02960062 -0.08552271 0.1195 0.01288044 -0.08957886 0.1195 -0.004305124 -0.09039759 0.1195 -0.02133518 -0.08794909 0.1195 -0.03759407 -0.08232176 0.1195 -0.05249416 -0.07371908 0.1195 -0.06549692 -0.06245225 0.1195 -0.07613241 -0.04892808 0.1195 -0.08401626 -0.03363549 0.1195 -0.08886355 -0.01712727 0.1195 -0.09049898 0 0.1195 0.008732974 0.09236812 0.0744543 0.006338357 0.08982789 0.08076775 0.008084714 0.09211045 0.0741918 0.006887495 0.0899924 0.08100962 0.006640315 0.08991831 0.08090078 0.009430885 0.09481519 0.06695783 0.01016259 0.09519153 0.06723588 0.01101523 0.09823751 0.05982869 0.01022452 0.09772425 0.0595414 0.02827912 0.1083663 0.02494633 0.02827554 0.1083527 0.02508312 0.02712267 0.1086025 0.02528607 0.01123613 0.09902232 0.05800557 0.01045984 0.09855467 0.05772012 0.01176351 0.1015045 0.05105572 0.01369684 0.1041164 0.04469352 0.01247006 0.1018159 0.0513311 0.01431083 0.1042962 0.04495406 0.01671701 0.1063582 0.03893542 0.01744312 0.1068192 0.03741431 0.01621639 0.1062823 0.03869539 0.01697576 0.1067658 0.03718084 0.01965522 0.1080152 0.03258734 0.02000772 0.1080127 0.0327959 0.02269357 0.108667 0.02899652 0.02245831 0.1086978 0.02881664 0.02357918 0.108814 0.02759605 0.02555853 0.1088107 0.02591508 0.02570635 0.1087998 0.02581804 0.02707701 0.1086272 0.02514654 0.02580803 0.1087673 0.02596628 0.02566623 0.1087777 0.02606451 0.02376806 0.1087791 0.02776426 0.07712358 0.08119016 0.02508312 0.07713329 0.08120042 0.02494633 0.07799428 0.08031111 0.02514904 0.0779491 0.08033716 0.02528864 0.07821696 0.08002698 0.02545171 0.08029198 0.07671338 0.02886569 0.07994735 0.07742798 0.0279566 0.07913625 0.07880175 0.0264306 0.07827377 0.07998788 0.02530997 0.07923328 0.07871103 0.02627682 0.08008033 0.07727915 0.02778649 0.08044028 0.07653415 0.028687 0.08108133 0.07446753 0.0320605 0.08171308 0.07137048 0.03617298 0.08126455 0.07419067 0.03185677 0.08153945 0.07095992 0.03779757 0.08151227 0.07176852 0.03640168 0.08056932 0.06470471 0.04850637 0.08144098 0.06750684 0.0429008 0.08174055 0.07052451 0.03756237 0.08043217 0.06541138 0.0487765 0.08125782 0.06807935 0.04315596 0.07911694 0.06300145 0.05464214 0.07918125 0.06216502 0.05436116 0.07663416 0.04789948 0.08074057 0.07652908 0.04802244 0.08097624 0.07627928 0.04885375 0.08034646 0.07633 0.05752509 0.06780952 0.07853233 0.06220322 0.05690318 0.07861959 0.06140804 0.05662268 0.0770148 0.05944895 0.06373262 0.07715642 0.05879122 0.06345748 0.07649159 0.05695992 0.06754016 0.07595658 0.05423253 0.07274985 0.07589906 0.05181586 0.07652831 0.07600808 0.05065137 0.0780496 0.07639867 0.0486921 0.08010852 0.07578676 0.05466306 0.07300883 0.07574069 0.05212903 0.07677751 0.07586109 0.0509079 0.07829427 0.1088889 0.0261982 0.02494633 0.1088751 0.02619493 0.02508312 0.1085515 0.02732932 0.02528607 0.09515964 0.03751778 0.05082726 0.09576183 0.03704184 0.05110216 0.09877353 0.0365765 0.04482275 0.09832853 0.03703218 0.04456257 0.1013599 0.03585046 0.03869539 0.101663 0.03544491 0.03893542 0.102412 0.03502207 0.03741431 0.1046744 0.03332418 0.03279584 0.1021444 0.03540903 0.03718084 0.1045104 0.03363621 0.03258734 0.1070659 0.03055334 0.02759605 0.1064347 0.03148669 0.02881664 0.1065185 0.0312649 0.02899652 0.1071244 0.03037035 0.02776426 0.1080186 0.028696 0.02606451 0.1080764 0.028566 0.02596628 0.107997 0.0288065 0.02591508 0.1080572 0.02867114 0.02581804 0.1085516 0.02738106 0.02514648 0.1088751 -0.02619504 0.02508312 0.1088889 -0.02619832 0.02494633 0.1085492 -0.02738863 0.02514904 0.1085491 -0.02733665 0.02528864 0.1084144 -0.02772361 0.02545171 0.107813 -0.02913242 0.0264306 0.1070288 -0.03052157 0.0279566 0.1065824 -0.03117734 0.02886569 0.108409 -0.02779233 0.02530997 0.1077829 -0.0292617 0.02627682 0.1069664 -0.03071117 0.02778649 0.1065012 -0.03139549 0.028687 0.105032 -0.03298383 0.0320605 0.1026656 -0.03507953 0.03617298 0.1048838 -0.03328096 0.03185677 0.1022233 -0.03513437 0.03779757 0.10291 -0.03470665 0.03640168 0.09632116 -0.037422 0.04850637 0.09918367 -0.0367757 0.0429008 0.1019468 -0.03552621 0.03756237 0.09686464 -0.03694981 0.0487765 0.09958785 -0.03633093 0.04315596 0.09411996 -0.03701573 0.05464214 0.09342765 -0.03748959 0.05436116 0.07979983 -0.04241663 0.08074057 0.07985377 -0.04226416 0.08097624 0.08044868 -0.04163217 0.08034646 0.09249132 -0.0373817 0.05662268 0.09313637 -0.03690856 0.05690318 0.08999228 -0.03697139 0.06373262 0.08798378 -0.0373404 0.06780952 0.08949339 -0.03742307 0.06345748 0.08757513 -0.03776293 0.06754016 0.08494555 -0.03866332 0.07274985 0.08282405 -0.03982174 0.07652831 0.08186995 -0.04049849 0.0780496 0.08036845 -0.04181641 0.08010852 0.08201867 -0.04024291 0.07829427 0.08301597 -0.03952807 0.07677751 0.0852335 -0.03830099 0.07300883 0.08007168 -0.06365096 0.0508272 0.07996064 -0.0644105 0.05110216 0.08106344 -0.06725144 0.04482275 0.08123564 -0.06663817 0.04456257 0.08172792 -0.06985425 0.03869533 0.08153665 -0.07117956 0.03741431 0.08152818 -0.07031959 0.03893542 0.08119732 -0.0739879 0.03279584 0.08173787 -0.07075423 0.03718084 0.08138549 -0.07368969 0.03258734 0.07999348 -0.07744443 0.02759605 0.08048617 -0.07643103 0.02881664 0.07894629 -0.07912415 0.02591508 0.08033597 -0.07661461 0.02899652 0.0798642 -0.07758653 0.02776426 0.07886129 -0.07919812 0.02606451 0.07877773 -0.07931309 0.02596622 0.07713329 -0.08120065 0.02494633 0.0779891 -0.08031713 0.02514648 0.07885903 -0.07924389 0.02581804 0.07794409 -0.08034288 0.02528607 0.07712358 -0.0811904 0.02508312 0.02827912 -0.1083664 0.02494633 0.02827554 -0.1083528 0.02508312 0.01268005 -0.102894 0.04774886 0.02713465 -0.1086172 0.02512812 0.02717787 -0.108593 0.02526742 0.02678084 -0.1086575 0.02542018 0.0252695 -0.108799 0.02636259 0.02369165 -0.108774 0.02784603 0.02291351 -0.1086969 0.02873015 0.0267207 -0.1086848 0.02527886 0.02514487 -0.1088335 0.02620959 0.02349948 -0.1088087 0.02767699 0.02268779 -0.1087287 0.02855265 0.02027708 -0.1082176 0.03166455 0.02060335 -0.1082064 0.03186696 0.0146501 -0.105055 0.04221332 0.01710247 -0.1068404 0.03693836 0.01766544 -0.1071513 0.03589421 0.01810288 -0.1071871 0.03612148 0.01756435 -0.1068905 0.0371707 0.01522052 -0.1051891 0.04246628 0.01334184 -0.1031348 0.04801726 0.0111972 -0.10043 0.05352795 0.01193279 -0.1007975 0.05380767 0.01101523 -0.09823763 0.05982869 0.01022452 -0.09772449 0.05954134 0.009430885 -0.09481543 0.06695783 0.006640315 -0.08991843 0.08090078 0.006887495 -0.08999252 0.08100962 0.008732974 -0.09236836 0.0744543 0.01016259 -0.09519177 0.06723588 0.008084714 -0.09211057 0.0741918 0.006338357 -0.08982801 0.08076775 -0.0179013 -0.09103673 0.0744543 -0.01526516 -0.08874791 0.08076775 -0.01723051 -0.09084481 0.0741918 -0.01582801 -0.08885669 0.08100962 -0.01557469 -0.0888077 0.08090078 -0.01883977 -0.09340184 0.06695783 -0.01960539 -0.09370321 0.06723588 -0.02075761 -0.09664905 0.05982869 -0.01991963 -0.09621715 0.05954134 -0.03894573 -0.1050052 0.02494633 -0.03894078 -0.1049919 0.02508312 -0.03781861 -0.1053556 0.02528607 -0.02105569 -0.09740793 0.05800557 -0.02023661 -0.09702003 0.05772012 -0.02182805 -0.09982508 0.05105572 -0.02401226 -0.102231 0.04469352 -0.02256214 -0.1000644 0.05133104 -0.02464115 -0.1023489 0.04495406 -0.02724099 -0.1041604 0.03893542 -0.02800947 -0.1045466 0.03741431 -0.0267353 -0.1041349 0.03869533 -0.02753913 -0.1045401 0.03718084 -0.03032988 -0.1055162 0.03258734 -0.03068035 -0.1054784 0.03279584 -0.03341805 -0.1058616 0.02899652 -0.03318709 -0.1059156 0.02881664 -0.03431385 -0.1059195 0.02759605 -0.03628307 -0.1057187 0.02591508 -0.03642904 -0.1056931 0.02581804 -0.03777569 -0.1053846 0.02514648 -0.03652697 -0.1056506 0.02596622 -0.0363869 -0.1056752 0.02606451 -0.03449839 -0.105866 0.02776426 -0.07712161 -0.0811904 0.02508312 -0.07713139 -0.08120065 0.02494633 -0.07799237 -0.08031123 0.02514904 -0.07794713 -0.08033728 0.02528864 -0.078215 -0.0800271 0.02545171 -0.07913428 -0.07880187 0.0264306 -0.07994538 -0.0774281 0.0279566 -0.08029001 -0.07671362 0.02886569 -0.07827186 -0.079988 0.02530997 -0.07923132 -0.07871115 0.02627682 -0.08007836 -0.07727926 0.02778649 -0.08043831 -0.07653427 0.028687 -0.08107942 -0.07446765 0.0320605 -0.08171111 -0.0713706 0.03617298 -0.08126258 -0.07419091 0.03185677 -0.08153748 -0.07096004 0.03779757 -0.0815103 -0.07176864 0.03640168 -0.08056735 -0.06470495 0.04850637 -0.08143901 -0.06750708 0.04290074 -0.08173859 -0.07052463 0.03756237 -0.08043026 -0.06541162 0.0487765 -0.08125585 -0.06807947 0.04315596 -0.07911503 -0.06300169 0.05464214 -0.07917928 -0.06216514 0.05436116 -0.07663226 -0.04789978 0.08074057 -0.07652711 -0.04802268 0.08097624 -0.07608884 -0.04962033 0.0796591 -0.07618874 -0.05700486 0.06882947 -0.0788483 -0.06265026 0.05565649 -0.07892316 -0.06183212 0.05537563 -0.07723909 -0.05995202 0.06258094 -0.07737326 -0.0592696 0.06230449 -0.0763536 -0.05646431 0.06856191 -0.07591968 -0.05384582 0.07340848 -0.07591003 -0.05160778 0.07681554 -0.07621979 -0.04942333 0.07941883 -0.07575345 -0.05191075 0.07706391 -0.07575058 -0.05425745 0.07366591 -0.1039783 -0.02270007 0.04215127 -0.1039169 -0.02283507 0.04239732 -0.1037855 -0.02466344 0.04169392 -0.09383833 -0.03666025 0.0550152 -0.09423279 -0.03622287 0.05528777 -0.09666574 -0.03537935 0.05018717 -0.09896951 -0.03371018 0.04653805 -0.09992444 -0.03278768 0.04512518 -0.1013969 -0.03096103 0.04312676 -0.1017237 -0.03046101 0.04272717 -0.1026533 -0.02872884 0.04174184 -0.1033375 -0.02691465 0.04128807 -0.09692573 -0.034994 0.05045253 -0.09912383 -0.03339302 0.0467959 -0.1000359 -0.03250825 0.04537963 -0.1014435 -0.03075647 0.04337573 -0.101756 -0.03027695 0.04297488 -0.1026456 -0.02861571 0.04198658 -0.103301 -0.02687585 0.04153132 -0.1037895 -0.02496284 0.0413748 -0.1038424 -0.0246073 0.04145014 -0.1037346 -0.02500438 0.04161834 -0.1039382 0.02269577 0.04214358 -0.1038767 0.02283054 0.04238957 -0.09063947 0.0373376 0.06090801 -0.09119343 0.03687435 0.06118583 -0.09348964 0.03644859 0.05668526 -0.1039295 0.02380818 0.04168355 -0.1038693 0.02389717 0.04192811 -0.1035876 0.0257771 0.04151403 -0.1036365 0.02576863 0.04127085 -0.1035352 0.02620077 0.0412541 -0.1029659 0.02798706 0.04149001 -0.1020608 0.02989441 0.04233956 -0.1017032 0.03049361 0.04275155 -0.1004149 0.03224277 0.04443061 -0.09871059 0.03393334 0.04693275 -0.1034905 0.02619123 0.04149723 -0.102945 0.02790439 0.04173392 -0.1020785 0.02973347 0.0425862 -0.1017364 0.03030818 0.04299938 -0.1005046 0.0319857 0.04468321 -0.09887665 0.033607 0.0471915 -0.09792363 0.03434664 0.04875588 -0.09542703 0.03602927 0.05225896 -0.09771203 0.03470456 0.04849374 -0.09574532 0.03561741 0.05252778 -0.09305697 0.03689521 0.05641108 -0.07979792 0.04241633 0.08074057 -0.07985186 0.04226386 0.08097624 -0.08044677 0.04163205 0.08034646 -0.08949148 0.03742283 0.06345748 -0.08999031 0.03697127 0.06373262 -0.08798182 0.03734016 0.06780952 -0.08757317 0.0377627 0.06754016 -0.08494365 0.03866308 0.07274985 -0.08282208 0.03982162 0.07652831 -0.08186799 0.04049837 0.0780496 -0.08036649 0.04181611 0.08010852 -0.08201676 0.04024279 0.07829427 -0.08301401 0.03952783 0.07677751 -0.08523154 0.03830087 0.07300883 -0.08006978 0.06365084 0.05082726 -0.07995873 0.06441026 0.05110216 -0.08106148 0.06725132 0.04482275 -0.08123368 0.06663793 0.04456257 -0.08172595 0.06985414 0.03869539 -0.08153468 0.07117933 0.03741431 -0.08152627 0.07031929 0.03893542 -0.08119535 0.07398766 0.0327959 -0.0817359 0.07075411 0.03718084 -0.08138352 0.07368957 0.03258734 -0.07999151 0.07744431 0.02759605 -0.08048427 0.07643091 0.02881664 -0.07894432 0.07912391 0.02591508 -0.080334 0.07661449 0.02899652 -0.07986223 0.07758641 0.02776426 -0.07885938 0.079198 0.02606451 -0.07877576 0.07931286 0.02596628 -0.07885706 0.07924377 0.02581804 -0.07798719 0.08031702 0.02514654 -0.07794213 0.08034276 0.02528607 -0.07712161 0.08119016 0.02508312 -0.07713139 0.08120042 0.02494633 -0.03894078 0.1049919 0.02508312 -0.03894573 0.1050051 0.02494633 -0.02287858 0.1011161 0.04774886 -0.03783196 0.1053687 0.02512812 -0.03787261 0.1053403 0.02526742 -0.03748399 0.1054441 0.02542018 -0.03599429 0.1057358 0.02636259 -0.03442186 0.1058682 0.02784603 -0.03363984 0.105869 0.02873015 -0.03742682 0.1054772 0.02527886 -0.03587371 0.1057823 0.02620959 -0.03423404 0.1059218 0.02767699 -0.03341847 0.1059232 0.02855271 -0.03096878 0.1056551 0.03166455 -0.03129225 0.1056115 0.03186696 -0.02505439 0.1030696 0.04221332 -0.02767264 0.1046015 0.03693836 -0.0282638 0.1048548 0.03589421 -0.02870267 0.1048468 0.03612148 -0.0281372 0.1046051 0.0371707 -0.02563536 0.1031461 0.04246628 -0.02356106 0.1012894 0.04801726 -0.02115738 0.0988121 0.05352801 -0.02192592 0.09910422 0.05380767 -0.02075761 0.09664893 0.05982869 -0.01991963 0.09621703 0.0595414 -0.01883977 0.09340161 0.06695783 -0.01557469 0.08880758 0.08090078 -0.01582801 0.08885657 0.08100962 -0.0179013 0.09103649 0.0744543 -0.01960539 0.09370309 0.06723588 -0.01723051 0.09084469 0.0741918 -0.01526516 0.08874768 0.08076775 -0.01581013 -0.0879299 0.08221668 -0.01562535 -0.08862388 0.08147877 -0.01625728 -0.08792906 0.08219039 -0.01622313 -0.08774435 0.08232432 -0.01605433 -0.0869978 0.08249872 -0.01608401 -0.08699232 0.0824992 -0.0163393 -0.08837252 0.08186858 -0.01638555 -0.08862268 0.08145934 -0.07565468 -0.04766613 0.08219039 -0.07549583 -0.04756599 0.08232432 -0.07038587 -0.05484509 0.08232432 -0.07625156 -0.04804223 0.08145934 -0.07603627 -0.04790645 0.08186858 -0.07088977 -0.05523765 0.08186858 -0.04548031 -0.07751244 0.08186858 -0.03795838 -0.08146029 0.08186858 -0.02329158 -0.08679968 0.08186858 -0.03009736 -0.08468049 0.08186858 -0.05259579 -0.07287168 0.08186858 -0.05924135 -0.06757992 0.08186858 -0.06535756 -0.06168442 0.08186858 -0.064893 -0.06124597 0.08232432 -0.05882024 -0.06709957 0.08232432 -0.05222195 -0.07235372 0.08232432 -0.04515701 -0.07696139 0.08232432 -0.03768861 -0.08088135 0.08232432 -0.02988344 -0.08407872 0.08232432 -0.023126 -0.08618259 0.08232432 -0.02292776 -0.08544385 0.0824992 -0.02962726 -0.08335787 0.0824992 -0.03736549 -0.08018809 0.0824992 -0.04476988 -0.07630163 0.0824992 -0.05177426 -0.07173353 0.0824992 -0.05831599 -0.06652438 0.0824992 -0.06433665 -0.06072092 0.0824992 -0.06978249 -0.05437499 0.0824992 -0.07484865 -0.04715818 0.0824992 0.006069004 -0.08931922 0.08147865 0.005563437 -0.0882917 0.08196985 0.006576061 -0.08882993 0.08220887 0.006017863 -0.08826094 0.08218222 0.006586134 -0.08882004 0.08221316 0.006374835 -0.08823692 0.082349 0.007261574 -0.08816844 0.08249813 0.004714012 -0.08834117 0.08094376 0.004916429 -0.0883302 0.08134782 0.005039811 -0.08832275 0.08146643 -0.07645446 -0.04767918 0.08147799 -0.0748558 -0.04714697 0.0824992 -0.0757718 -0.04745203 0.0822193 -0.07577502 -0.0474531 0.08221578 -0.07645165 -0.04767835 0.08148902 0.006709098 -0.08974057 0.08147877 0.007328271 -0.08816283 0.0824992 0.007391631 -0.08892518 0.08232432 0.007298111 -0.08816528 0.08249872 0.00696212 -0.08906871 0.08221668 0.0074656 -0.08981531 0.08145934 0.0074445 -0.08956176 0.08186858 0.007407128 -0.08911228 0.08219039 -0.0787751 -0.04327291 0.08148902 -0.07898247 -0.04189753 0.08221578 -0.0789799 -0.04189527 0.0822193 -0.07820433 -0.04283982 0.0822193 -0.07679867 -0.04504597 0.0822193 -0.07762914 -0.04238486 0.08248227 -0.07633394 -0.04471397 0.08244735 -0.07629376 -0.04478013 0.08244878 -0.07825773 -0.04125452 0.0824992 -0.07951593 -0.04237097 0.08148902 -0.07951807 -0.04237276 0.08147799 -0.07743251 -0.04538023 0.08148902 0.01444536 -0.08805489 0.08232432 0.01454871 -0.08868527 0.08186858 0.03763282 -0.08161228 0.08186858 0.04519647 -0.07767933 0.08186858 0.07076209 -0.05540364 0.08186858 0.07569336 -0.04844957 0.08186858 0.07625353 -0.04804223 0.08145934 0.07603824 -0.04790645 0.08186858 0.07565659 -0.04766613 0.08219039 0.06519407 -0.06185925 0.08186858 0.05903941 -0.06775814 0.08186858 0.0523535 -0.07304733 0.08186858 0.02973049 -0.08481079 0.08186858 0.02156066 -0.08724617 0.08186858 0.02140742 -0.08662611 0.08232432 0.0295192 -0.08420789 0.08232432 0.03736531 -0.08103221 0.08232432 0.04487526 -0.07712703 0.08232432 0.05198138 -0.07252818 0.08232432 0.05861979 -0.06727659 0.08232432 0.0647307 -0.06141954 0.08232432 0.07025915 -0.05500984 0.08232432 0.07515537 -0.04810506 0.08232432 0.0754978 -0.04756599 0.08232432 0.07485055 -0.04715818 0.0824992 0.07451111 -0.04769271 0.0824992 0.06965684 -0.0545383 0.0824992 0.06417578 -0.06089305 0.0824992 0.05811727 -0.06669968 0.0824992 0.05153578 -0.0719065 0.0824992 0.04449057 -0.0764659 0.0824992 0.037045 -0.0803374 0.0824992 0.02926611 -0.08348608 0.0824992 0.0212239 -0.08588337 0.0824992 0.0143215 -0.08730006 0.0824992 -0.07973098 -0.04201573 0.08145934 -0.07826399 -0.04124265 0.0824992 -0.07894074 -0.04159921 0.08232432 -0.0791068 -0.04168677 0.08219039 -0.07950586 -0.04189705 0.08186858 0.07645636 -0.04767918 0.08147799 0.07485771 -0.04714697 0.0824992 0.07577371 -0.04745203 0.0822193 0.07577699 -0.0474531 0.08221578 0.07645362 -0.04767835 0.08148902 -0.0791068 0.04168659 0.08219039 -0.07894074 0.04159909 0.08232432 -0.08292335 0.03295201 0.08232432 -0.07973098 0.04201549 0.08145934 -0.07950586 0.04189693 0.08186858 -0.08351695 0.03318798 0.08186858 -0.08351695 -0.0331881 0.08186858 -0.08001023 -0.04092562 0.08186858 -0.08627748 -0.02515417 0.08186858 -0.08826702 -0.01689523 0.08186858 -0.08946794 -0.008485555 0.08186858 -0.08986943 0 0.08186858 -0.08946794 0.008485436 0.08186858 -0.08826702 0.01689511 0.08186858 -0.08627748 0.02515393 0.08186858 -0.08566421 0.02497506 0.08232432 -0.08763962 0.01677513 0.08232432 -0.08883202 0.008425116 0.08232432 -0.08923065 0 0.08232432 -0.08883202 -0.008425295 0.08232432 -0.08763962 -0.01677525 0.08232432 -0.08566421 -0.02497529 0.08232432 -0.08292335 -0.03295224 0.08232432 -0.07944154 -0.04063475 0.08232432 -0.0787605 -0.04028648 0.0824992 -0.08221244 -0.03266978 0.0824992 -0.08492982 -0.02476119 0.0824992 -0.08688837 -0.01663142 0.0824992 -0.08807051 -0.008353114 0.0824992 -0.08846575 0 0.0824992 -0.08807051 0.008352994 0.0824992 -0.08688837 0.0166313 0.0824992 -0.08492982 0.02476108 0.0824992 -0.08221244 0.03266966 0.0824992 -0.07871425 0.04026484 0.0824992 -0.07826399 0.04124242 0.0824992 0.07686311 -0.04380148 0.08244687 0.0782597 -0.04125452 0.0824992 0.07898187 -0.04189527 0.0822193 0.07709598 -0.04451096 0.0822193 0.07660663 -0.04422932 0.08245354 0.07952004 -0.04237276 0.08147799 0.07771658 -0.04486924 0.08148902 0.07951784 -0.04237097 0.08148902 0.07898443 -0.04189753 0.08221578 -0.07951807 0.04237264 0.08147799 -0.07825773 0.0412544 0.0824992 -0.0789799 0.04189509 0.0822193 -0.07898247 0.04189729 0.08221578 -0.07951593 0.04237067 0.08148908 0.07826596 -0.04124265 0.0824992 0.07894265 -0.04159921 0.08232432 0.07910877 -0.04168677 0.08219039 0.07950782 -0.04189705 0.08186858 0.07973289 -0.04201573 0.08145934 -0.07645446 0.04767918 0.08147799 -0.07645165 0.04767817 0.08148908 -0.07743251 0.04538011 0.08148908 -0.07679867 0.04504573 0.0822193 -0.07627665 0.04477632 0.08246213 -0.0768612 0.04380136 0.08244687 -0.0748558 0.04714667 0.0824992 -0.0757718 0.04745173 0.0822193 -0.07577502 0.04745286 0.08221578 0.08288109 -0.03306335 0.08232432 0.08347439 -0.03329992 0.08186858 0.07973289 0.04201549 0.08145934 0.07910877 0.04168659 0.08219039 0.07950782 0.04189693 0.08186858 0.08347439 0.0332998 0.08186858 0.08625411 0.0252406 0.08186858 0.08825767 0.01695418 0.08186858 0.08946704 0.008515477 0.08186858 0.0898714 0 0.08186858 0.08946704 -0.008515596 0.08186858 0.08825767 -0.01695442 0.08186858 0.08625411 -0.02524083 0.08186858 0.08564102 -0.02506136 0.08232432 0.08763033 -0.01683396 0.08232432 0.08883112 -0.008455038 0.08232432 0.08923262 0 0.08232432 0.08883112 0.008454918 0.08232432 0.08763033 0.01683372 0.08232432 0.08564102 0.02506124 0.08232432 0.08288109 0.03306311 0.08232432 0.07894265 0.04159909 0.08232432 0.07826596 0.04124242 0.0824992 0.08217054 0.03277963 0.0824992 0.08490687 0.02484643 0.0824992 0.08687913 0.01668953 0.0824992 0.08806961 0.008382439 0.0824992 0.08846765 0 0.0824992 0.08806961 -0.008382558 0.0824992 0.08687913 -0.01668965 0.0824992 0.08490687 -0.02484643 0.0824992 0.08217054 -0.03277975 0.0824992 -0.07625156 0.04804199 0.08145934 -0.07484865 0.04715806 0.0824992 -0.07549583 0.04756587 0.08232432 -0.07565468 0.04766589 0.08219039 -0.07603627 0.04790633 0.08186858 0.07952219 0.04237461 0.08147877 0.0782597 0.0412544 0.0824992 0.07898157 0.04189485 0.08221805 0.07898509 0.04189807 0.08221668 0.07951623 0.04236936 0.08148694 -0.01625728 0.08792883 0.08219039 -0.01622313 0.08774435 0.08232432 -0.023126 0.08618247 0.08232432 -0.01638555 0.08862268 0.08145934 -0.0163393 0.0883724 0.08186858 -0.02329158 0.08679944 0.08186858 -0.07088977 0.05523753 0.08186858 -0.06535756 0.06168419 0.08186858 -0.05924135 0.0675798 0.08186858 -0.05259579 0.07287156 0.08186858 -0.04548031 0.0775122 0.08186858 -0.03795838 0.08146017 0.08186858 -0.03009736 0.08468037 0.08186858 -0.02988344 0.08407849 0.08232432 -0.03768861 0.08088123 0.08232432 -0.04515701 0.07696127 0.08232432 -0.05222195 0.0723536 0.08232432 -0.05882024 0.06709957 0.08232432 -0.064893 0.06124567 0.08232432 -0.07038587 0.05484497 0.08232432 -0.06978249 0.05437475 0.0824992 -0.06433665 0.0607208 0.0824992 -0.05831599 0.06652426 0.0824992 -0.05177426 0.07173323 0.0824992 -0.04476988 0.07630139 0.0824992 -0.03736549 0.08018785 0.0824992 -0.02962726 0.08335775 0.0824992 -0.02292776 0.08544373 0.0824992 -0.01608401 0.08699202 0.0824992 0.0763359 0.04471385 0.08244735 0.07709598 0.04451084 0.0822193 0.07660657 0.044227 0.08245468 0.07771658 0.044869 0.08148908 0.07645362 0.04767817 0.08148908 0.07645636 0.04767918 0.08147799 0.07577699 0.04745286 0.08221578 0.07577371 0.04745173 0.0822193 0.07485771 0.04714667 0.0824992 -0.01562535 0.08862376 0.08147877 -0.01605433 0.08699756 0.08249872 -0.01581013 0.0879299 0.08221668 -0.01601827 0.08700412 0.08249813 -0.01541119 0.08772009 0.08221316 -0.01540213 0.08773082 0.08220893 -0.0149464 0.08826828 0.08147865 0.07485055 0.04715806 0.0824992 0.0754978 0.04756587 0.08232432 0.07565659 0.04766589 0.08219039 0.07603824 0.04790633 0.08186858 0.07625353 0.04804199 0.08145934 -0.01350063 0.08743029 0.08094376 -0.01370096 0.087399 0.08134782 -0.01382297 0.08737951 0.08146643 -0.01434093 0.08729636 0.08196985 -0.01478999 0.08722054 0.08218222 -0.01514273 0.08716088 0.082349 0.07025915 0.0550096 0.08232432 0.07076209 0.05540353 0.08186858 0.007407128 0.08911216 0.08219039 0.0074445 0.08956152 0.08186858 0.01454871 0.08868515 0.08186858 0.0074656 0.08981502 0.08145934 0.02973049 0.08481055 0.08186858 0.02156066 0.08724606 0.08186858 0.03763282 0.08161205 0.08186858 0.04519647 0.07767903 0.08186858 0.0523535 0.07304722 0.08186858 0.05903941 0.06775802 0.08186858 0.06519407 0.06185913 0.08186858 0.0647307 0.06141942 0.08232432 0.05861979 0.06727647 0.08232432 0.05198138 0.07252794 0.08232432 0.04487526 0.07712703 0.08232432 0.03736531 0.08103197 0.08232432 0.0295192 0.08420777 0.08232432 0.02140742 0.08662581 0.08232432 0.01444536 0.08805477 0.08232432 0.007391631 0.08892488 0.08232432 0.007328271 0.0881626 0.0824992 0.0143215 0.08729988 0.0824992 0.0212239 0.08588314 0.0824992 0.02926611 0.08348596 0.0824992 0.037045 0.0803374 0.0824992 0.04449057 0.07646578 0.0824992 0.05153578 0.0719062 0.0824992 0.05811727 0.06669968 0.0824992 0.06417578 0.06089293 0.0824992 0.06965684 0.05453807 0.0824992 0.07448655 0.04767525 0.0824992 0.00696212 0.08906847 0.08221668 0.006709098 0.08974045 0.08147877 0.007298111 0.08816516 0.08249872 -0.1191773 0.008806765 0.004755795 -0.117299 0.008806765 0.004755795 -0.1190626 0.009696006 0.006850302 -0.117299 0.009973824 0.007637202 -0.1190377 0.009889364 0.007305443 -0.1190275 0.009932935 0.007642447 -0.1189534 0.01024949 0.01009142 -0.117299 0.01024669 0.0102564 -0.1189513 0.01018553 0.01052558 -0.117299 0.00984323 0.01285868 -0.1189403 0.00984162 0.01285851 -0.117299 0.007156491 0.01733791 -0.1190681 0.007152438 0.01733464 -0.1190429 0.007654905 0.01671391 -0.117299 0.008790016 0.01527231 -0.1189911 0.008690655 0.01543438 -0.1189522 0.009569287 0.01347339 -0.1189402 0.009840071 0.01286941 -0.1192058 0.002594232 0.01982915 -0.1191989 0.003462731 0.0196473 -0.117299 0.002611398 0.0199117 -0.1191918 0.003751575 0.0195204 -0.117299 0.005050778 0.01891916 -0.1191671 0.004762291 0.0190764 -0.1190695 0.007125079 0.01736843 -0.1192075 0.002378165 0.01987439 -0.117299 0 0.02024996 -0.1192209 6.98366e-4 0.02022612 -0.117299 -0.002611637 0.0199117 -0.1192145 -0.002112507 0.0200299 -0.1192166 -0.001209914 0.0200929 -0.117299 -0.005050897 0.01891916 -0.1191671 -0.00476253 0.0190764 -0.119206 -0.002592146 0.01985734 -0.1190682 -0.007149636 0.01733219 -0.1190705 -0.007102489 0.01739037 -0.117299 -0.00715661 0.01733791 -0.1190929 -0.006563544 0.01778155 -0.119165 -0.004824817 0.0190435 -0.1189902 -0.00870943 0.01540452 -0.117299 -0.008790135 0.01527231 -0.1189807 -0.008925139 0.01491922 -0.117299 -0.009843349 0.01285868 -0.1189402 -0.009841859 0.01285809 -0.117299 -0.009973943 0.007637202 -0.1190277 -0.009931147 0.007642805 -0.1190084 -0.01001423 0.00827676 -0.117299 -0.01024693 0.0102564 -0.1189537 -0.01024985 0.01007068 -0.1189441 -0.009965896 0.01202511 -0.1189401 -0.009846389 0.01284801 -0.117299 -0.008807003 0.004755795 -0.1191773 -0.008807003 0.004755795 -0.1190385 -0.009884238 0.007286071 -0.1191892 0.009069919 0.002646446 -0.117299 0.009069919 0.002646446 -0.119199 0.00881505 0.003013014 -0.117299 0.008681356 0.003241181 -0.1192027 0.008720338 0.003149151 -0.117299 0.008680284 0.003250241 -0.1192024 0.00870043 0.003254175 -0.1192017 0.008633017 0.003608345 -0.1192009 0.008565664 0.003963649 -0.117299 0.008574664 0.004070281 -0.1191977 0.008597373 0.004067838 -0.117299 0.008576035 0.004074275 -0.1191954 0.008621931 0.004148542 -0.1191895 -0.008671104 0.004395186 -0.117299 -0.008576154 0.004074275 -0.1191965 -0.008592128 0.004185318 -0.117299 -0.008574783 0.004070281 -0.1192005 -0.008616685 0.003774881 -0.1191976 -0.008598744 0.004075944 -0.117299 -0.009069919 0.002646446 -0.1191892 -0.009069919 0.002646446 -0.117299 -0.008681476 0.003241181 -0.1192007 -0.008749008 0.003177344 -0.117299 -0.008680403 0.003250241 -0.1192024 -0.008697867 0.003261864 -0.1192044 -0.008641839 0.00335443 -0.116999 0.0082767 0.004104912 -0.116999 0.008347153 0.003291964 -0.116999 0.008002281 0.003647148 -0.116999 -0.008549153 0.004909276 -0.116999 -0.009682118 0.007706344 -0.116999 -0.009228229 0.00936532 -0.116999 -0.009947001 0.01024889 -0.116999 -0.008520722 0.01359999 -0.116999 -0.008002519 0.003647148 -0.116999 -0.008347272 0.003291964 -0.116999 -0.007766187 0.004202604 -0.116999 -0.00827682 0.004104912 -0.116999 -0.007768154 0.00480616 -0.116999 -0.007947742 0.005267381 -0.116999 0.007766187 0.004202604 -0.116999 0.007768034 0.00480616 -0.116999 0.008549034 0.004909276 -0.116999 0.007947504 0.005267381 -0.116999 0.00968188 0.007706344 -0.116999 0.009227991 0.00936532 -0.116999 0.008520603 0.01359999 -0.116999 0.005977511 0.01705908 -0.116999 0.00694698 0.01712316 -0.116999 0.008532702 0.015118 -0.116999 0.009555041 0.01277506 -0.116999 0.009946763 0.01024889 -0.116999 -0.00214672 0.01899743 -0.116999 0 0.01994997 -0.116999 0.002146601 0.01899743 -0.116999 0.002534985 0.01962161 -0.116999 0.004902899 0.0186581 -0.116999 -0.00597763 0.01705908 -0.116999 -0.004902899 0.0186581 -0.116999 -0.002535223 0.01962161 -0.116999 -0.00955528 0.01277506 -0.116999 -0.008532941 0.015118 -0.116999 -0.0069471 0.01712316 -0.1172758 -0.009066998 0.002648234 -0.1170175 -0.008638381 0.004856169 -0.1170175 -0.008379995 0.004092931 -0.1170448 -0.008675038 0.004834353 -0.1170868 -0.008487522 0.004080414 -0.1170868 -0.008731544 0.004800736 -0.1171951 -0.008556365 0.004072427 -0.1171526 -0.008767545 0.004779219 -0.1171951 -0.008790969 0.004765272 -0.1171951 -0.00866425 0.003234446 -0.1170883 -0.008825421 0.00279951 -0.1170897 -0.00883311 0.002791702 -0.1171302 -0.008917331 0.002737343 -0.117054 -0.008641958 0.002988576 -0.1170868 -0.008599698 0.003209233 -0.117197 -0.009002149 0.00268656 -0.1172288 -0.00904268 0.00266236 -0.1170402 -0.008568227 0.003064572 -0.1170175 -0.008498728 0.003169894 -0.1170215 -0.008467614 0.003168046 -0.117149 -0.009934902 0.007646441 -0.1170392 -0.00982809 0.007671773 -0.1171975 0.0087834 0.004769682 -0.117149 0.008772194 0.004776358 -0.117149 0.009934782 0.007646441 -0.1170941 0.008725047 0.004804432 -0.1170392 0.008677959 0.004832506 -0.1170392 0.009827971 0.007671773 -0.1170262 0.008636176 0.004857301 -0.1170392 -0.0100969 0.01025265 -0.1170392 -0.009699165 0.0128169 -0.1170392 -0.008661448 0.01519519 -0.1170392 -0.007051944 0.01723051 -0.1170392 -0.004976868 0.01878863 -0.1170392 -0.002573311 0.01976662 -0.1170392 0 0.02009999 -0.1170392 0.002573311 0.01976662 -0.1170392 0.004976809 0.01878863 -0.1170392 0.007051706 0.01723051 -0.1170392 0.008661329 0.01519519 -0.1170392 0.009699165 0.0128169 -0.1170392 0.01009678 0.01025265 -0.117149 -0.01020663 0.01025539 -0.117149 -0.009804666 0.01284748 -0.117149 -0.008755683 0.01525163 -0.117149 -0.007128655 0.01730912 -0.117149 -0.005030989 0.01888418 -0.117149 -0.002601385 0.01987284 -0.117149 0 0.02020978 -0.117149 0.002601146 0.01987284 -0.117149 0.00503087 0.01888418 -0.117149 0.007128417 0.01730912 -0.117149 0.008755445 0.01525163 -0.117149 0.009804546 0.01284748 -0.117149 0.01020652 0.01025539 -0.1171951 0.008664011 0.003234446 -0.1171951 0.008556246 0.004072427 -0.1170868 0.008487403 0.004080414 -0.1170175 0.008379757 0.004092931 -0.1170123 0.008532822 0.003050386 -0.1170066 0.008453249 0.003153979 -0.1170175 0.008498609 0.003169894 -0.1171302 0.008917212 0.002737343 -0.1170868 0.008599579 0.003209233 -0.1170408 0.008625686 0.002974748 -0.1170221 0.008564889 0.00302428 -0.1172605 0.009061515 0.002651274 -0.1171951 0.009010612 0.002681195 -0.06982737 0.0153703 0.1225 -0.07149899 0 0.1225 -0.07107985 0 0.1252 -0.07107985 0.007730424 0.1252 -0.06941801 0.01528024 0.1252 -0.06489062 0.03002196 0.1225 -0.06775617 0.02282994 0.1252 -0.06451022 0.02984607 0.1252 -0.05691963 0.04326987 0.1225 -0.06126427 0.03686189 0.1252 -0.05658596 0.04301607 0.1252 -0.04628711 0.0544945 0.1225 -0.05190765 0.04917037 0.1252 -0.04601573 0.05417513 0.1252 -0.03349018 0.06317102 0.1225 -0.04012387 0.05917966 0.1252 -0.0332939 0.06280076 0.1252 -0.01912724 0.06889379 0.1225 -0.02646386 0.06642174 0.1252 -0.01901513 0.06848984 0.1252 -0.00386995 0.07139497 0.1225 -0.0115664 0.07055807 0.1252 -0.003847241 0.07097655 0.1252 0.01156836 0.07055807 0.1225 0.003871858 0.07139497 0.1252 0.01150053 0.07014441 0.1252 0.02646583 0.06642174 0.1225 0.01912921 0.06889379 0.1252 0.02631068 0.06603235 0.1252 0.04012584 0.05917966 0.1225 0.03349214 0.06317102 0.1252 0.03989058 0.05883276 0.1252 0.05190962 0.04917037 0.1225 0.04628908 0.0544945 0.1252 0.05160534 0.04888218 0.1252 0.06126624 0.03686189 0.1225 0.0569216 0.04326987 0.1252 0.06090706 0.03664594 0.1252 0.06775814 0.02282994 0.1225 0.06489259 0.03002196 0.1252 0.06736093 0.02269613 0.1252 0.07108181 0.007730424 0.1225 0.06982928 0.0153703 0.1252 0.07066512 0.007685124 0.1252 0.07108181 -0.007730543 0.1225 0.07150095 0 0.1252 0.07066512 -0.007685303 0.1252 0.06775814 -0.02283018 0.1225 0.06982928 -0.01537048 0.1252 0.06736093 -0.02269625 0.1252 0.06126624 -0.03686213 0.1225 0.06489259 -0.0300222 0.1252 0.06090706 -0.03664594 0.1252 0.05190962 -0.04917061 0.1225 0.0569216 -0.04326999 0.1252 0.05160534 -0.04888242 0.1252 0.04012584 -0.05917978 0.1225 0.04628908 -0.05449461 0.1252 0.03989058 -0.05883288 0.1252 0.02646583 -0.06642186 0.1225 0.03349214 -0.06317114 0.1252 0.02631068 -0.06603258 0.1252 0.01156836 -0.07055819 0.1225 0.01912921 -0.0688939 0.1252 0.01150053 -0.07014453 0.1252 -0.00386995 -0.07139509 0.1225 0.003871858 -0.07139509 0.1252 -0.003847241 -0.07097667 0.1252 -0.01912724 -0.0688939 0.1225 -0.0115664 -0.07055819 0.1252 -0.01901513 -0.06848996 0.1252 -0.03349018 -0.06317114 0.1225 -0.02646386 -0.06642186 0.1252 -0.0332939 -0.06280088 0.1252 -0.04628711 -0.05449461 0.1225 -0.04012387 -0.05917978 0.1252 -0.04601573 -0.05417513 0.1252 -0.05691963 -0.04326999 0.1225 -0.05190765 -0.04917061 0.1252 -0.05658596 -0.04301631 0.1252 -0.06489062 -0.0300222 0.1225 -0.06126427 -0.03686213 0.1252 -0.06451022 -0.02984619 0.1252 -0.06982737 -0.01537048 0.1225 -0.06775617 -0.02283018 0.1252 -0.06941801 -0.01528036 0.1252 -0.07107985 -0.007730543 0.1252 0.06953632 0.01530587 0.1255 0.0712009 0 0.1255 0.06462031 0.02989596 0.1255 0.04609483 0.05426585 0.1255 0.05668276 0.04308825 0.1255 0.01904898 0.0686047 0.1255 0.0333516 0.06290596 0.1255 -0.01151788 0.07026195 0.1255 0.003855645 0.07109546 0.1255 -0.03995549 0.05893123 0.1255 -0.02635282 0.06614303 0.1255 -0.0610072 0.03670734 0.1255 -0.05168986 0.04896408 0.1255 -0.07078158 0.007697939 0.1255 -0.06747192 0.0227341 0.1255 -0.06747192 -0.02273422 0.1255 -0.07078158 -0.007698237 0.1255 -0.0610072 -0.03670752 0.1255 -0.03995549 -0.05893152 0.1255 -0.05168986 -0.0489642 0.1255 -0.02635282 -0.06614315 0.1255 0.003855645 -0.07109558 0.1255 -0.01151788 -0.07026207 0.1255 0.0333516 -0.06290608 0.1255 0.01904898 -0.06860482 0.1255 0.05668276 -0.04308849 0.1255 0.04609483 -0.05426597 0.1255 0.06953632 -0.01530599 0.1255 0.06462031 -0.02989608 0.1255 -0.0900892 -0.008602619 0.1225 -0.09049898 0 0.1225 -0.090999 0 0.122 -0.0905869 0.008650004 0.122 -0.0900892 0.00860238 0.1225 -0.08683311 0.02549666 0.1225 -0.08731281 0.02563756 0.122 -0.08043861 0.04146945 0.1225 -0.08088302 0.04169857 0.122 -0.07113677 0.05594331 0.1225 -0.0715298 0.0562523 0.122 -0.05926388 0.06839525 0.1225 -0.05959129 0.06877303 0.122 -0.04524898 0.07837522 0.1225 -0.04549902 0.07880818 0.122 -0.02959865 0.08552247 0.1225 -0.0297622 0.08599495 0.122 -0.01287847 0.08957874 0.1225 -0.01294964 0.0900737 0.122 0.004307091 0.09039741 0.1225 0.004330873 0.09089684 0.122 0.02133715 0.08794885 0.1225 0.02145498 0.08843481 0.122 0.03759598 0.08232164 0.1225 0.0378037 0.08277636 0.122 0.05249607 0.07371896 0.1225 0.05278611 0.0741263 0.122 0.06549888 0.06245201 0.1225 0.06586074 0.06279712 0.122 0.07613438 0.04892784 0.1225 0.07655501 0.04919821 0.122 0.08401823 0.03363537 0.1225 0.08448243 0.03382116 0.122 0.08886545 0.01712703 0.1225 0.08935648 0.01722174 0.122 0.09050095 0 0.1225 0.09100091 0 0.122 0.08886545 -0.01712727 0.1225 0.08935648 -0.01722192 0.122 0.08401823 -0.03363549 0.1225 0.08448243 -0.0338214 0.122 0.07613438 -0.04892808 0.1225 0.07655501 -0.04919832 0.122 0.06549888 -0.06245225 0.1225 0.06586074 -0.06279724 0.122 0.05249607 -0.07371908 0.1225 0.05278611 -0.07412642 0.122 0.03759598 -0.08232176 0.1225 0.0378037 -0.0827766 0.122 0.02133715 -0.08794909 0.1225 0.02145498 -0.08843493 0.122 0.004307091 -0.09039759 0.1225 0.004330873 -0.09089696 0.122 -0.01287847 -0.08957886 0.1225 -0.01294964 -0.09007382 0.122 -0.02959865 -0.08552271 0.1225 -0.0297622 -0.08599507 0.122 -0.04524898 -0.07837533 0.1225 -0.04549902 -0.07880848 0.122 -0.05926388 -0.06839537 0.1225 -0.05959129 -0.06877332 0.122 -0.07113677 -0.05594348 0.1225 -0.0715298 -0.05625241 0.122 -0.08043861 -0.04146957 0.1225 -0.08088302 -0.04169869 0.122 -0.08683311 -0.02549678 0.1225 -0.08731281 -0.0256378 0.122 -0.0905869 -0.008650124 0.122 0.09058886 0.008650004 0.12 0.08895182 0.01714378 0.12 0.08731478 0.02563756 0.12 0.08409988 0.03366792 0.12 0.08088493 0.04169857 0.12 0.05959326 0.06877303 0.12 0.07620835 0.04897546 0.12 0.07153177 0.0562523 0.12 0.06556248 0.06251269 0.12 0.02976411 0.08599495 0.12 0.05254709 0.0737906 0.12 0.04550093 0.07880818 0.12 0.03763252 0.08240157 0.12 -0.004328966 0.09089684 0.12 0.02135783 0.08803439 0.12 0.01295161 0.0900737 0.12 0.004311323 0.09048533 0.12 -0.03780174 0.08277636 0.12 -0.01289099 0.08966588 0.12 -0.02145308 0.08843481 0.12 -0.02962744 0.08560556 0.12 -0.06585878 0.06279712 0.12 -0.04529297 0.07845139 0.12 -0.0527842 0.0741263 0.12 -0.05932146 0.06846177 0.12 -0.08448046 0.03382116 0.12 -0.07120591 0.05599766 0.12 -0.07655304 0.04919821 0.12 -0.08051675 0.04150974 0.12 -0.08691745 0.02552145 0.12 -0.08935451 0.01722174 0.12 -0.09017676 0.008610785 0.12 -0.090999 0 0.12 -0.09017676 -0.008610963 0.12 -0.08935451 -0.01722192 0.12 -0.08691745 -0.02552157 0.12 -0.08448046 -0.0338214 0.12 -0.08051675 -0.04150986 0.12 -0.07655304 -0.04919832 0.12 -0.07120591 -0.0559979 0.12 -0.06585878 -0.06279724 0.12 -0.05932146 -0.06846189 0.12 -0.0527842 -0.07412642 0.12 -0.04529297 -0.07845151 0.12 -0.03780174 -0.0827766 0.12 -0.02962744 -0.08560568 0.12 -0.02145308 -0.08843493 0.12 -0.01289099 -0.08966588 0.12 -0.004328966 -0.09089696 0.12 0.004311323 -0.09048545 0.12 0.01295161 -0.09007382 0.12 0.02135783 -0.08803451 0.12 0.02976411 -0.08599507 0.12 0.03763252 -0.08240169 0.12 0.04550093 -0.07880848 0.12 0.05254709 -0.07379072 0.12 0.05959326 -0.06877332 0.12 0.06556248 -0.06251293 0.12 0.07153177 -0.05625241 0.12 0.08731478 -0.0256378 0.12 0.07620835 -0.04897558 0.12 0.08088493 -0.04169869 0.12 0.08409988 -0.03366822 0.12 0.08895182 -0.01714402 0.12 0.09058886 -0.008650124 0.12 0.09058886 0 0.12 9.76562e-7 0 0.1255 -0.02962726 0.08335775 0.02249997 0.01846367 -0.06649678 0.02249997 0.003737211 -0.06891125 0.02249997 -0.01116394 -0.06810325 0.02249997 -0.02554309 -0.06411081 0.02249997 -0.03872781 -0.0571208 0.02249997 0.003737211 0.06891101 0.02249997 -0.05913269 0.03557944 0.02249997 -0.06978249 0.05437475 0.02249997 -0.05010157 0.04745972 0.02249997 -0.05831599 0.06652426 0.02249997 -0.03872781 0.05712056 0.02249997 -0.04476988 0.07630139 0.02249997 -0.02554309 0.06411069 0.02249997 -0.01116394 0.06810301 0.02249997 -0.02962726 -0.08335787 0.02249997 -0.04476988 -0.07630163 0.02249997 -0.05010157 -0.04745972 0.02249997 -0.05831599 -0.06652438 0.02249997 -0.06978249 -0.05437499 0.02249997 -0.05913269 -0.03557956 0.02249997 -0.0787605 -0.04028648 0.02249997 -0.06539869 -0.02203583 0.02249997 -0.08492982 -0.02476119 0.02249997 -0.06860673 -0.007461488 0.02249997 -0.08807051 -0.008353114 0.02249997 -0.06860673 0.007461428 0.02249997 -0.08807051 0.008352994 0.02249997 -0.06539869 0.02203559 0.02249997 -0.08492982 0.02476108 0.02249997 -0.0787605 0.04028624 0.02249997 0.0212239 -0.08588337 0.02249997 0.037045 -0.0803374 0.02249997 0.03232687 -0.06097322 0.02249997 0.05153578 -0.0719065 0.02249997 0.04467856 -0.05259859 0.02249997 0.06417578 -0.06089305 0.02249997 0.05494111 -0.04176449 0.02249997 0.07451111 -0.04769271 0.02249997 0.08217054 -0.03277975 0.02249997 0.06263482 -0.02897751 0.02249997 0.08687913 -0.01668965 0.02249997 0.06739974 -0.01483565 0.02249997 0.08846765 0 0.02249997 0.06901323 0 0.02249997 0.08687913 0.01668953 0.02249997 0.06739974 0.01483553 0.02249997 0.08217054 0.03277963 0.02249997 0.06263482 0.02897751 0.02249997 0.07451111 0.04769259 0.02249997 0.05494111 0.04176437 0.02249997 0.06417578 0.06089293 0.02249997 0.04467856 0.05259847 0.02249997 0.05153578 0.0719062 0.02249997 0.037045 0.0803374 0.02249997 0.03232687 0.0609731 0.02249997 0.0212239 0.08588314 0.02249997 0.01846367 0.06649667 0.02249997 0.06901323 0 0.002499938 0.06739974 -0.01483565 0.002499938 9.76562e-7 0 0.002499938 0.06739974 0.01483553 0.002499938 0.04467856 0.05259847 0.002499997 0.05494111 0.04176437 0.002499938 0.06263482 0.02897751 0.002499938 0.003737211 0.06891101 0.002499997 0.01846367 0.06649667 0.002499997 0.03232687 0.0609731 0.002499997 -0.03872781 0.05712056 0.002499997 -0.02554309 0.06411069 0.002499997 -0.01116394 0.06810301 0.002499997 -0.06539869 0.02203559 0.002499938 -0.05913269 0.03557944 0.002499938 -0.05010157 0.04745972 0.002499997 -0.06539869 -0.02203583 0.002499938 -0.06860673 -0.007461488 0.002499938 -0.06860673 0.007461428 0.002499938 -0.03872781 -0.0571208 0.002499938 -0.05010157 -0.04745966 0.002499938 -0.05913269 -0.03557956 0.002499938 0.003737211 -0.06891125 0.002499938 -0.01116394 -0.06810325 0.002499938 -0.02554309 -0.06411081 0.002499938 0.04467856 -0.05259859 0.002499938 0.03232687 -0.06097322 0.002499938 0.01846367 -0.06649678 0.002499938 0.06263482 -0.02897751 0.002499938 0.05494111 -0.04176449 0.002499938</float_array>
          <technique_common>
            <accessor source="#base_003-mesh-positions-array" count="5929" stride="3">
              <param name="X" type="float"/>
              <param name="Y" type="float"/>
              <param name="Z" type="float"/>
            </accessor>
          </technique_common>
        </source>
        <source id="base_003-mesh-normals">
          <float_array id="base_003-mesh-normals-array" count="35634">-0.3674533 0.7785022 -0.5088343 -0.5240911 0.788166 -0.3226807 -0.5986959 0.7921243 -0.1187532 -0.601669 0.757557 -0.2531832 -0.4941993 0.6167732 -0.6126646 -0.2720035 0.5641633 -0.7795729 -0.4784218 0.5377072 -0.6942504 -0.2100614 0.2020879 -0.9565744 -0.3430618 0.3733356 -0.8619334 -0.1106503 0.2850774 -0.9520964 0.4436165 -0.7379549 -0.5085538 0.6001652 -0.731912 -0.3226555 0.6747274 -0.7284226 -0.1189261 0.674233 -0.6937555 -0.2532059 0.5532408 -0.5643726 -0.6127057 0.3268738 -0.5341826 -0.7796169 0.5296037 -0.4872822 -0.6943169 0.2287762 -0.1797485 -0.9567403 0.3786411 -0.3373467 -0.8618748 0.1385449 -0.2726871 -0.9520752 -0.9831876 0.1467713 0.1086291 -0.4539313 0.8843913 0.1086201 0.3461434 0.9318718 0.108627 0.45393 0.8843892 0.1086426 0.400754 -0.9097244 0.1086169 0.2903316 -0.9507401 0.108631 -0.8981108 0.3642323 0.2464386 0.9181109 -0.3103966 0.2464272 -0.6031848 -0.79013 0.1089162 -0.9936144 0.02945679 0.1089152 -0.5553289 0.8244684 0.1089116 0 0.9940518 0.1089072 0.3461293 0.9318422 0.1089249 0.8076518 0.5795142 0.1089124 0.9588967 0.2620204 0.1089148 0.7719044 -0.6263399 0.1089129 0.2903184 -0.950711 0.1089212 0.8653256 -0.2898612 0.4088915 -0.00105834 -0.9511961 0.3085855 -0.6978964 -0.5913642 0.404016 0.004651844 0.94568 0.3250654 0.92533 0.2517905 0.2834888 0.6795787 0.6358931 0.3658045 0.6833536 0.6552125 0.322063 -0.9890344 0.01500612 0.146921 -0.991944 0.06490153 0.108788 -0.9917063 0.05935341 0.1139988 -0.9917054 0.05934208 0.1140124 -0.9924427 -0.02871155 0.1193027 -0.9924425 -0.02870577 0.1193054 -0.9904483 -0.07197421 0.1176092 0.6704567 0.6905169 0.27143 0.6912618 0.6845883 0.2312921 0.6971842 0.6829261 0.218051 0.7007777 0.6819642 0.2093694 0.705526 0.6807699 0.1969402 0.7122347 0.679367 0.1765851 0.7219184 0.6773468 0.1415452 0.7371243 0.6721161 0.07005494 0.7355353 0.6728858 0.07881963 0.661714 0.6353205 0.3981239 0.6786932 0.6277161 0.3812453 0.6766906 0.6106598 0.4113203 0.7322942 0.5590637 0.3888354 0.7371768 0.5524303 0.3890902 0.7709124 0.5252448 0.3602944 0.7707283 0.5280312 0.3565965 0.7708647 0.5270125 0.3578065 0.7610853 0.5535095 0.338196 0.7412741 0.5551244 0.3772926 0.7370786 0.5523568 0.3893805 0.832232 0.4436627 0.3324954 0.8335426 0.4422602 0.331078 0.8171824 0.4676151 0.3369705 0.8275848 0.4510071 0.3342098 0.8319355 0.4442077 0.3325099 0.8180756 0.4695302 0.3321049 0.8157715 0.481267 0.3207783 0.8136259 0.4875781 0.3166708 0.8542278 0.3455846 0.3884149 0.8586068 0.3191842 0.4011432 0.8798848 0.3394604 0.3325195 0.8798738 0.3394565 0.3325529 0.880907 0.2798887 0.3816609 0.8729357 0.3013444 0.3836336 0.8586065 0.3191841 0.401144 0.9548898 0.2642204 0.1355466 0.951183 0.2573086 0.1704207 0.948875 0.253305 0.1883421 0.9468613 0.2497398 0.202691 0.9442861 0.2336971 0.231753 0.8586986 0.4733992 0.1962903 0.9086648 0.3685106 0.1962863 0.9086591 0.3685174 0.1962999 0.9086592 0.3685175 0.1962997 0.9297147 0.3113961 0.1966291 0.796684 0.5716416 0.1962661 0.7966836 0.5716365 0.1962831 0.7966725 0.5716397 0.1963188 0.7472322 0.6348151 0.1966059 -0.2540977 0.939146 0.2311688 -0.2651697 0.925093 0.2718232 -0.2457152 0.9383813 0.243032 -0.2351486 0.916456 0.3237491 -0.2505451 0.9437097 0.2159608 -0.248369 0.9465608 0.2057562 -0.2452805 0.9506871 0.1898195 -0.2410712 0.956625 0.1635647 -0.2343455 0.9653157 0.1150989 -0.2335002 0.966307 0.1082983 -0.2351382 0.9164162 0.3238694 -0.2382308 0.9134636 0.3298944 -0.2203221 0.9033922 0.3678869 -0.2213819 0.8975826 0.3812291 -0.2265781 0.8881267 0.3998666 -0.2203239 0.9033995 0.3678678 -0.1415467 0.9063603 0.3980898 -0.1420871 0.9102613 0.3888903 -0.1186626 0.9124342 0.3916414 -0.08115345 0.9284512 0.3624809 -0.1096467 0.9347173 0.3380551 -0.1190577 0.9172345 0.3801396 -0.1186686 0.91248 0.3915328 0.02401411 0.945747 0.3240153 0.003258883 0.945694 0.3250418 0.0192672 0.9454605 0.3251664 0.02479851 0.9458371 0.3236927 0.004071652 0.9323996 0.3614063 -0.01316583 0.9421104 0.3350443 -0.02162462 0.9452864 0.3255242 -0.02435141 0.9457662 0.3239341 -0.02027523 0.9456293 0.3246138 0.1188293 0.9137166 0.3885892 0.1186678 0.9124692 0.3915583 0.1203192 0.9333348 0.3382448 0.1776323 0.9060144 0.3841677 0.1409798 0.9065463 0.3978675 0.1409798 0.9065469 0.397866 0.2221051 0.910254 0.3494382 0.2406762 0.912811 0.3299259 0.2345659 0.9303432 0.2818518 0.2273948 0.9716676 0.06444889 0.2393954 0.9589053 0.1522842 0.243695 0.9529933 0.1800458 0.2461625 0.9495347 0.194391 0.248503 0.9463801 0.2064239 0.250934 0.9432061 0.2177024 0.2569289 0.9353488 0.2431257 0.2639327 0.9362761 0.2317898 0.2345695 0.9303569 0.2818034 0.11597 0.9736678 0.1962704 0.1159767 0.9736586 0.1963117 0.1159762 0.9736583 0.1963133 0 0.9805411 0.1963142 0 0.980541 0.1963142 0 0.9805411 0.1963142 -0.2035682 0.9649169 0.1658174 -0.1856911 0.9627424 0.1965856 -0.1159779 0.973667 0.196269 -0.1159687 0.9736552 0.1963333 -0.1159756 0.9736583 0.1963139 -0.934825 0.2275887 0.2725909 -0.9379095 0.2476221 0.2429177 -0.942469 0.2417277 0.2309111 -0.9452367 0.2467916 0.2135921 -0.9470217 0.2500193 0.201594 -0.9496042 0.2546598 0.182757 -0.9534906 0.2615067 0.1498998 -0.9527785 0.2603456 0.1563116 -0.9356666 0.2979303 0.1891176 -0.9123412 0.2427063 0.329738 -0.9131836 0.2451153 0.3255985 -0.9131959 0.2451186 0.3255612 -0.8830746 0.2730523 0.381604 -0.8735056 0.3383337 0.3500261 -0.8735036 0.3383329 0.3500317 -0.8518896 0.3446363 0.3943474 -0.8519648 0.3446668 0.3941585 -0.863671 0.3207501 0.3888341 -0.8586622 0.3188312 0.4013054 -0.8705271 0.3047564 0.3864016 -0.8136703 0.4876626 0.3164265 -0.8135242 0.4879052 0.3164285 -0.8129507 0.4889022 0.3163635 -0.8147839 0.4847589 0.318019 -0.8173233 0.4743276 0.3271026 -0.8194263 0.4519492 0.3525372 -0.829793 0.4458047 0.3357108 -0.8332703 0.4425892 0.3313236 -0.8323966 0.4437507 0.3319657 -0.8269836 0.4514542 0.3350929 -0.8112772 0.4780545 0.3365908 -0.732651 0.5571799 0.3908621 -0.7326524 0.557181 0.3908578 -0.7372969 0.5525202 0.3887348 -0.737078 0.5523564 0.3893821 -0.7537854 0.5633019 0.3383765 -0.772005 0.5231484 0.3610043 -0.770883 0.5273807 0.3572237 -0.6713644 0.6354402 0.3814258 -0.6780254 0.6231645 0.3898046 -0.6754541 0.6594231 0.3300349 -0.6846109 0.6407746 0.3474419 -0.6846117 0.6407753 0.3474391 -0.7472319 0.6348175 0.1965993 -0.7355353 0.6728858 0.07881963 -0.7297325 0.6750884 0.10838 -0.7147077 0.6788502 0.1683903 -0.7082741 0.6802146 0.1888275 -0.7042334 0.6811105 0.2003595 -0.7003076 0.682085 0.2105454 -0.6967474 0.6830447 0.2190731 -0.6908896 0.6847118 0.2320377 -0.6852712 0.6864868 0.2431859 -0.6965043 0.6606647 0.2800066 -0.6965088 0.6606691 0.2799851 -0.7966736 0.5716404 0.1963118 -0.7966842 0.5716375 0.1962777 -0.7966845 0.571641 0.1962661 -0.8586972 0.4734002 0.1962941 -0.8587015 0.4734001 0.1962753 -0.858704 0.4733985 0.1962685 -0.931806 0.3064471 0.1944933 -0.9297196 0.3113868 0.1966209 -0.9086608 0.3685176 0.1962916 -0.9086587 0.3685179 0.1963008 -0.9086631 0.3685126 0.1962903 -0.7021074 -0.6609604 0.2649085 -0.7149451 -0.6248896 0.3136346 -0.6732695 -0.7095046 0.2081138 -0.6963478 -0.6873353 0.2065672 -0.7111575 -0.6726133 0.2045637 -0.7200824 -0.6639596 0.2015913 -0.7262818 -0.6583599 0.1976789 -0.7315927 -0.6540563 0.1923084 -0.7683414 -0.6234531 0.1447682 -0.6698632 -0.6282497 0.395709 -0.705465 -0.6116698 0.3580212 -0.7054578 -0.6116634 0.3580464 -0.8275213 -0.4677215 0.3105563 -0.8275935 -0.4675934 0.3105568 -0.7915487 -0.4848559 0.3719752 -0.7934795 -0.5002754 0.3465759 -0.7928193 -0.5066981 0.3386659 -0.7927747 -0.5068354 0.3385648 -0.7948166 -0.5013692 0.3418998 -0.787285 -0.5154651 0.338346 -0.7604495 -0.5347681 0.3684288 -0.8390856 -0.4140838 0.352803 -0.8401938 -0.4133239 0.3510527 -0.8444421 -0.3709308 0.3864297 -0.8444431 -0.3709312 0.3864272 -0.8608844 -0.3798807 0.3384801 -0.8351304 -0.4189005 0.3564823 -0.8391756 -0.4143791 0.3522418 -0.8835342 -0.2716326 0.3815535 -0.877013 -0.2834243 0.3879678 -0.9070817 -0.2612035 0.3301146 -0.8949273 -0.2825888 0.3453242 -0.8949363 -0.2825917 0.3452984 -0.9200997 -0.3388192 0.1965149 -0.9448176 -0.3194192 0.07274049 -0.942983 -0.2987691 0.1466975 -0.9405199 -0.2863467 0.1828326 -0.9394533 -0.2802326 0.1972239 -0.9388412 -0.2762025 0.2056439 -0.9383325 -0.2720504 0.2133558 -0.9378861 -0.267684 0.2207148 -0.9372192 -0.2602723 0.2321175 -0.9366468 -0.252076 0.2432087 -0.9173638 -0.2849519 0.2779316 -0.9173617 -0.2849513 0.2779393 -0.8852368 -0.4217021 0.1962729 -0.885236 -0.4217009 0.1962794 -0.8852359 -0.4216988 0.1962841 -0.7657477 -0.6124364 0.1963473 -0.7658444 -0.6123045 0.1963813 -0.829145 -0.5234349 0.1963021 -0.8291495 -0.5234439 0.1962587 -0.8291524 -0.5234346 0.1962717 0.2471542 -0.94102 0.2310762 0.3067666 -0.9103024 0.2779278 0.2234901 -0.9438771 0.2432038 0.2049325 -0.9257292 0.3178493 0.2355402 -0.946541 0.2204112 0.2297021 -0.9493399 0.214454 0.2234823 -0.9524092 0.2072977 0.2173117 -0.9557805 0.1981394 0.2109312 -0.9596699 0.1858537 0.2035492 -0.9645698 0.1678478 0.2049232 -0.9256878 0.3179758 0.222328 -0.9173726 0.3301482 0.1903663 -0.9128687 0.3611527 0.1884451 -0.9049365 0.3815472 0.2082463 -0.8945438 0.3955061 0.1903667 -0.9128705 0.3611483 0.1584004 -0.9078189 0.3882964 0.1725507 -0.8972084 0.4065014 0.1725521 -0.8972162 0.4064837 0.03033673 -0.9192007 0.3926191 0.0444681 -0.9327405 0.3577957 0.05146789 -0.9368529 0.3459159 0.052594 -0.9371971 0.3448121 0.049084 -0.9363253 0.3476862 0.07315021 -0.9381657 0.3383698 0.09207183 -0.9238793 0.3714428 0.0921849 -0.9187934 0.3838237 -0.008672893 -0.9506225 0.3102284 -0.05196923 -0.9369589 0.3455537 -0.0522986 -0.9370821 0.3451698 -0.09218436 -0.9187921 0.3838268 -0.09218496 -0.9187982 0.3838123 -0.09169572 -0.9364688 0.3385527 -0.04113185 -0.9353334 0.351368 -0.04942297 -0.9365658 0.3469898 -0.1737707 -0.9048681 0.3886096 -0.1990331 -0.902625 0.3816464 -0.1859018 -0.9034773 0.3862244 -0.1723647 -0.897305 0.406367 -0.2251229 -0.9166914 0.3301463 -0.1919785 -0.9195153 0.3429809 -0.1919838 -0.9195399 0.3429117 -0.1734471 -0.9650785 0.1963145 -0.159964 -0.9856889 0.05318683 -0.2068912 -0.9622407 0.1768862 -0.2153977 -0.9568775 0.1949082 -0.220786 -0.9538746 0.2034127 -0.2251603 -0.951581 0.2092759 -0.2303324 -0.9490224 0.2151821 -0.2358862 -0.9463691 0.2207785 -0.2480842 -0.940595 0.2318089 -0.2623621 -0.9338587 0.2430517 -0.1957684 -0.9412723 0.2751019 -0.1957669 -0.9412655 0.2751266 0.1570682 -0.9678461 0.196478 0.05811107 -0.9788173 0.1963157 0.05809044 -0.9788236 0.1962905 0.05808335 -0.9788146 0.1963376 -0.05808985 -0.9788141 0.1963375 -0.05808389 -0.9788256 0.1962823 -0.05811113 -0.9788174 0.1963154 0.9068226 -0.2741827 0.320151 0.9372513 -0.2608215 0.2313704 0.9379402 -0.2682458 0.2198006 0.9383724 -0.2723909 0.212745 0.9390031 -0.2775951 0.2030127 0.940101 -0.2840765 0.1884425 0.9417954 -0.292424 0.1658598 0.879776 -0.2620944 0.3966114 0.8882761 -0.2806636 0.3635843 0.8882659 -0.2806603 0.3636119 0.829893 -0.4183966 0.3690824 0.8387259 -0.4144691 0.3532058 0.840417 -0.4131365 0.3507387 0.83879 -0.4145881 0.3529137 0.8105639 -0.4866158 0.32587 0.792672 -0.5070888 0.3384258 0.7928584 -0.5063871 0.3390393 0.7554386 -0.5328442 0.3812998 0.7554308 -0.5328387 0.3813233 0.7713953 -0.5387974 0.338595 0.7999957 -0.4907328 0.3452364 0.7948247 -0.501896 0.3411073 0.8213365 -0.4758343 0.3146236 0.8260427 -0.4698699 0.3112488 0.8287565 -0.4654731 0.3106405 0.6861165 -0.6193076 0.3817096 0.6942553 -0.6083025 0.3846786 0.6659032 -0.6691724 0.32982 0.7102636 -0.6163655 0.3400284 0.7102631 -0.6163651 0.3400299 0.8291428 -0.5234397 0.1962985 0.7658343 -0.6123183 0.1963778 0.7616301 -0.6180073 0.1949011 0.7735192 -0.6186507 0.1376207 0.7293275 -0.6557652 0.1950722 0.7222506 -0.6619245 0.200524 0.715356 -0.6685468 0.2032513 0.7081425 -0.6756523 0.2050076 0.6953878 -0.6882775 0.2066633 0.6671004 -0.7152324 0.2083737 0.1406564 -0.9732171 0.1818353 -0.04827463 -0.9862619 0.1579784 0.7523654 -0.602722 0.2658429 0.7523624 -0.6027193 0.2658576 0.8852388 -0.4217015 0.1962651 0.8852367 -0.4217021 0.1962735 0.8852367 -0.4216992 0.1962801 0.9201005 -0.3388194 0.1965108 0.05889475 -0.992306 0.1089043 0.4007185 -0.909703 0.1089273 0.5055064 -0.8559203 0.108921 0.972734 -0.2047546 0.1089225 0.9416912 -0.3183599 0.108925 0.9416888 -0.3183678 0.1089227 0.9416903 -0.3183649 0.1089183 0.897428 -0.4275038 0.1089193 0.9901245 -0.08826637 0.1089156 0.9954525 0.04428267 0.08434098 0.9211773 0.3735914 0.1089119 0.7334427 0.6709714 0.1089001 0.6489354 0.7530091 0.1089043 0.233487 0.9662413 0.1089113 -0.1175649 0.9870753 0.1089072 -0.3461331 0.9318423 0.1089114 -0.6489376 0.7530058 0.1089137 -0.8076344 0.5795384 0.1089131 -0.921176 0.3735921 0.1089199 -0.9211785 0.3735874 0.1089153 -0.9211764 0.3735942 0.1089098 -0.9588973 0.2620195 0.1089118 -0.9901243 -0.08826768 0.1089161 -0.9727348 -0.2047544 0.1089158 -0.8974263 -0.4275078 0.1089192 -0.7719049 -0.62634 0.1089082 -0.5055072 -0.8559187 0.1089299 -0.4007083 -0.9097111 0.1088968 -0.1758409 -0.9783742 0.1089216 0.1758386 -0.9783753 0.1089157 0.05888801 -0.9923052 0.1089155 0.05741339 -0.9674567 0.2464371 0.05741173 -0.9674572 0.2464353 0.05622893 -0.9475253 0.3146969 -0.001404643 -0.9511957 0.3085853 0.7931877 -0.5043416 0.3413105 0.793214 -0.5007603 0.3464835 0.8195157 -0.5173646 0.2464304 0.8582767 -0.4088542 0.3101601 0.8749554 -0.4167993 0.2464373 0.8195176 -0.5173579 0.2464382 0.8405662 -0.5306458 0.1089197 0.8405702 -0.5306414 0.1089102 0.9901245 -0.08826631 0.1089156 0.9727354 -0.2047511 0.1089163 0.9483785 -0.1996242 0.2464315 0.9483787 -0.1996269 0.2464284 0.9209319 -0.1938496 0.3380929 0.8705163 0.4799358 0.1089178 0.9211779 0.3735886 0.1089168 0.8981115 0.3642339 0.2464333 0.8981094 0.3642366 0.2464371 0.8723854 0.353804 0.3372927 0.871769 0.3545773 0.3380736 0.8564649 0.3467003 0.3824484 0.8519303 0.344654 0.394244 0.8705291 0.4799138 0.1089125 0.870523 0.4799218 0.1089246 0.8487268 0.4679055 0.246429 0.8487244 0.4679079 0.2464328 0.8193815 0.451731 0.3529207 0.8254743 0.4488275 0.342266 0.8076765 0.5794817 0.1089023 0.8076515 0.5795149 0.1089114 0.7874266 0.5650029 0.2464369 0.7874329 0.5649979 0.246428 0.7707911 0.553057 0.316242 0.813606 0.4876165 0.3166628 0.1175534 0.9870767 0.1089074 0.1175643 0.9870768 0.1088948 0.1146199 0.9623548 0.2464455 0.1146216 0.9623552 0.2464435 0.1116804 0.9376605 0.3291204 0.07842564 0.9276285 0.3651778 0 0.9940519 0.1089072 0 0.9940519 0.1089072 0 0.9691566 0.2464455 0 0.9691566 0.2464455 0 0.9352343 0.3540296 0.01771473 0.9441156 0.3291383 -0.2335028 0.9662378 0.1089082 -0.1175642 0.9870753 0.1089082 -0.11462 0.9623553 0.2464436 -0.1146216 0.9623547 0.2464455 -0.1118113 0.93876 0.3259261 -0.003465831 0.9453699 0.3259813 -0.7707732 0.5278837 0.3567177 -0.7700045 0.5524913 0.3191341 -0.7874317 0.5649957 0.2464368 -0.8196249 0.4518646 0.3521838 -0.8487257 0.467908 0.2464277 -0.7874287 0.5650044 0.2464267 -0.8076511 0.5795145 0.1089166 -0.8076575 0.579508 0.1089025 -0.856307 0.3466295 0.382866 -0.8717389 0.3546533 0.3380716 -0.8724077 0.3538149 0.3372237 -0.8981101 0.3642388 0.2464312 -0.8487264 0.4679053 0.2464309 -0.8705235 0.4799221 0.1089209 -0.8705263 0.4799185 0.1089134 -0.8405678 -0.5306434 0.1089189 -0.897426 -0.4275083 0.1089183 -0.8749538 -0.4168031 0.2464367 -0.8749559 -0.4168008 0.2464333 -0.8566337 -0.4080727 0.3156827 -0.8352436 -0.4162377 0.3593248 -0.8405723 -0.5306383 0.1089093 -0.8405665 -0.530646 0.1089161 -0.8195191 -0.5173588 0.2464309 -0.8195147 -0.5173627 0.2464374 -0.7955762 -0.5022502 0.3388266 -0.8231785 -0.4736683 0.3130742 -0.05889993 -0.9923057 0.1089043 -0.05888801 -0.9923055 0.1089122 -0.05741339 -0.9674572 0.2464352 -0.05741167 -0.9674568 0.2464372 -0.05580639 -0.9404054 0.3354451 -0.04860579 -0.9353691 0.3503171 0.1758416 -0.9783741 0.1089215 0.1758376 -0.9783754 0.1089161 0.1714347 -0.9538769 0.2464325 0.1714383 -0.9538751 0.246437 0.1664769 -0.9262705 0.3380952 0.1664731 -0.9262724 0.3380919 0.1633069 -0.9086554 0.3842866 0.0921815 -0.9187592 0.3839064 0.7719051 -0.6263397 0.1089091 0.7719061 -0.6263381 0.1089102 0.7525777 -0.6106546 0.2464302 0.7525778 -0.6106542 0.2464306 0.7307981 -0.5929818 0.3380926 0.730797 -0.5929846 0.3380904 0.7176983 -0.582356 0.3817992 0.7178834 -0.5777989 0.3883193 0.6981241 -0.5912023 0.4038594 0.69812 -0.5911989 0.4038718 0.8915413 -0.3014105 0.3380914 0.8549819 -0.3931357 0.3383048 0.8488039 -0.3732815 0.3744233 0.9939223 -0.01473009 0.109094 0.9901242 -0.08826726 0.1089171 0.9653317 -0.08605706 0.2464321 0.9653317 -0.086057 0.2464323 0.9373955 -0.08356654 0.3380923 0.9373953 -0.08356618 0.3380926 0.9178518 -0.08182394 0.388398 -0.9416882 -0.3183711 0.1089183 -0.9416897 -0.3183668 0.108918 -0.9181099 -0.3103949 0.2464331 -0.9181117 -0.3103922 0.2464295 -0.8915418 -0.3014096 0.338091 -0.8915418 -0.3014095 0.3380909 -0.8736751 -0.2953692 0.3865863 -0.8719889 -0.2980489 0.3883327 -0.8653218 -0.2900308 0.4087791 -0.8653233 -0.2900314 0.4087754 -0.6924039 -0.7132426 0.1089116 -0.771906 -0.626338 0.108912 -0.7525775 -0.6106545 0.2464312 -0.7525779 -0.6106542 0.2464307 -0.7307987 -0.5929824 0.3380903 -0.7307963 -0.592984 0.3380926 -0.6924049 -0.713241 0.1089162 -0.692407 -0.7132396 0.1089129 -0.675069 -0.69538 0.2464312 -0.6750693 -0.6953799 0.2464309 -0.6555337 -0.6752566 0.3380893 -0.6555326 -0.675257 0.3380901 -0.6418642 -0.6611773 0.3884006 -0.05889117 -0.992305 0.1089154 -0.1758373 -0.9783754 0.1089155 -0.1714342 -0.9538758 0.2464372 -0.1714385 -0.9538762 0.2464324 -0.1664772 -0.9262717 0.3380917 -0.1664728 -0.9262713 0.3380951 -0.1633115 -0.9086815 0.3842231 -0.1450749 -0.9054004 0.399003 0.9831572 0.1467632 0.1089153 0.9936145 0.02945667 0.1089152 0.9687345 0.02871906 0.2464316 0.9687345 0.02871912 0.2464317 0.9406994 0.027888 0.3380932 0.9406997 0.02788704 0.3380924 0.9210872 0.02730566 0.3883978 0.9210869 0.02730709 0.3883985 0.92411 0.02739673 0.3811432 0.6489409 0.7530034 0.1089106 0.7334464 0.6709655 0.1089113 0.7150804 0.654164 0.2464336 0.7150773 0.6541659 0.2464376 0.6943838 0.6352351 0.338094 0.6943904 0.635231 0.338088 0.6799123 0.6219863 0.388397 0.6799066 0.6219906 0.3884004 0.678968 0.621132 0.3914047 0.7313888 0.5584446 0.3914206 0.1175926 0.9870718 0.108909 0.2334858 0.9662417 0.1089093 0.2276386 0.9420437 0.2464432 0.2276498 0.9420443 0.2464308 0.221062 0.9147834 0.3380871 0.2210623 0.9147835 0.3380869 0.216453 0.8957095 0.3883973 0.2164452 0.8957098 0.3884012 0.216903 0.8976043 0.3837441 0.2195751 0.8980419 0.3811923 0.2233169 0.8910579 0.3951526 0.2221079 0.9102654 0.3494065 -0.2334713 0.9662451 0.1089111 -0.2334852 0.9662404 0.1089231 -0.227639 0.9420468 0.2464309 -0.2276489 0.9420412 0.2464435 -0.2210619 0.9147836 0.3380867 -0.2210624 0.9147832 0.3380872 -0.2164527 0.8957079 0.3884013 -0.2164458 0.8957113 0.3883975 -0.2167067 0.8967909 0.3857516 -0.1708107 0.9064321 0.3862699 -0.7334428 0.6709713 0.1089001 -0.7334461 0.6709666 0.1089065 -0.7150789 0.654164 0.2464376 -0.7150776 0.6541668 0.2464342 -0.6943851 0.6352369 0.3380879 -0.6943886 0.63523 0.3380939 -0.6799108 0.6219856 0.3884006 -0.6799075 0.6219914 0.3883973 -0.6790949 0.621248 0.3910002 -0.6768315 0.6106372 0.4111221 -0.6031985 -0.7901178 0.1089288 -0.6031931 -0.7901216 0.1089313 -0.5880906 -0.770339 0.2464289 -0.5880889 -0.7703397 0.246431 -0.5710697 -0.7480463 0.3380919 -0.5710728 -0.7480451 0.3380893 -0.559166 -0.7324482 0.388398 -0.5591609 -0.7324507 0.3884008 -0.5609964 -0.7348549 0.3811447 0.9831563 0.1467685 0.1089156 0.9831565 0.146768 0.1089148 0.9585379 0.1430929 0.2464334 0.9585386 0.1430915 0.2464316 0.9307991 0.1389505 0.3380913 0.9307978 0.1389536 0.3380939 0.9113916 0.1360566 0.3883993 0.9113928 0.1360532 0.3883975 0.9143843 0.1364998 0.381142 0.9143836 0.1365014 0.3811432 0.9337641 0.1393945 0.3296267 0.9588975 0.2620177 0.108914 0.9588968 0.2620199 0.1089153 0.9348853 0.2554587 0.2464354 0.9348859 0.2554578 0.2464342 0.9078313 0.2480651 0.3380919 0.9078316 0.2480646 0.3380914 0.8889039 0.2428926 0.3883982 0.8889029 0.2428944 0.3883992 0.8918207 0.2436918 0.3811432 0.8918222 0.2436894 0.3811413 0.9095504 0.2485336 0.3330901 0.9110463 0.2476391 0.3296502 0.9051958 0.2332772 0.3552495 0.9253339 0.2517915 0.2834752 0.5553297 0.8244675 0.1089137 0.6489391 0.7530047 0.1089137 0.6326891 0.7341489 0.2464346 0.6326895 0.7341486 0.2464341 0.6143789 0.7129017 0.3380972 0.6143824 0.7129001 0.3380944 0.6015743 0.6980382 0.3883956 0.6015716 0.6980397 0.388397 0.6035457 0.7003303 0.3811431 0.6035434 0.7003313 0.3811448 0.6163364 0.7151758 0.329626 -0.9831583 0.1467564 0.1089144 -0.9588968 0.2620206 0.1089137 -0.9348852 0.2554594 0.2464348 -0.9348852 0.2554576 0.2464369 -0.9078313 0.2480651 0.3380919 -0.9078313 0.2480657 0.3380914 -0.8889034 0.2428936 0.3883987 -0.8889033 0.242894 0.3883985 -0.8918217 0.2436915 0.3811412 -0.8918216 0.2436897 0.3811424 -0.9040654 0.2470353 0.3487684 -0.9300088 0.1295676 0.3439416 -0.4007378 -0.9096956 0.1089183 -0.5055019 -0.8559234 0.1089181 -0.4928444 -0.8344915 0.2464311 -0.4928465 -0.834491 0.2464286 -0.4785841 -0.8103418 0.3380877 -0.4785789 -0.8103432 0.3380919 -0.4685997 -0.7934461 0.3884039 -0.4686107 -0.7934424 0.3883982 -0.4701498 -0.7960485 0.3811377 -0.4701402 -0.7960508 0.3811448 -0.4801048 -0.8129229 0.3296296 0.9238665 -0.1944674 0.329626 0.9064588 -0.2633692 0.3301047 0.906822 -0.2741825 0.3201531 0.945001 0.2463651 0.2151219 0.9403553 0.2380571 0.2430239 0.9594419 0.1432292 0.2428097 0.9337633 0.1393958 0.3296283 0.9436964 0.02797788 0.3296278 0.9241099 0.02739715 0.3811436 0.9208638 -0.08209204 0.3811439 0.9178518 -0.08182352 0.3883982 0.9017314 -0.1898084 0.3883983 0.9209319 -0.19385 0.3380926 0.8915414 -0.3014094 0.3380923 0.9181111 -0.310392 0.2464323 0.8749547 -0.4168036 0.2464326 0.8974266 -0.4275085 0.1089131 0.897419 -0.4275228 0.1089195 0.4538164 0.8844145 0.1089112 0.5553291 0.8244681 0.1089122 0.5414242 0.8038244 0.2464268 0.5414174 0.8038265 0.2464347 0.5257502 0.7805657 0.3380886 0.5257388 0.7805694 0.3380976 0.5147784 0.7642963 0.3883998 0.5147868 0.7642928 0.3883953 0.5164763 0.7668013 0.3811403 0.5164726 0.7668024 0.381143 0.5274184 0.7830536 0.3296311 0.5274232 0.7830528 0.3296259 0.5419262 0.804585 0.2428147 -0.6576198 -0.6774087 0.3296263 -0.6765132 -0.6583523 0.3300032 -0.7149366 -0.6248821 0.3136687 -0.2903235 -0.9507088 0.1089268 -0.4007233 -0.909701 0.1089264 -0.3906891 -0.8869218 0.246438 -0.3906953 -0.886921 0.2464311 -0.3793895 -0.8612557 0.3380859 -0.3793876 -0.861256 0.3380874 -0.3714767 -0.8432973 0.3884004 -0.3714695 -0.8432987 0.388404 -0.37269 -0.8460693 0.3811416 -0.3726956 -0.8460687 0.3811376 -0.3805948 -0.8640009 0.3296209 -0.3805869 -0.8640012 0.3296296 -0.3910527 -0.8877603 0.2428159 0.69241 -0.7132366 0.1089125 0.6924074 -0.7132402 0.1089056 0.6750692 -0.6953802 0.2464304 0.6750698 -0.6953792 0.2464317 0.655534 -0.6752557 0.3380902 0.655533 -0.6752575 0.3380886 0.6418645 -0.6611776 0.3883996 0.6418659 -0.6611754 0.3884009 0.6439731 -0.6633459 0.3811441 0.6439701 -0.6633515 0.3811395 0.6576181 -0.6774103 0.3296268 0.6576187 -0.6774086 0.3296288 0.675705 -0.6960391 0.2428008 0.6757063 -0.6960362 0.2428058 0.9662421 -0.08613818 0.2428092 0.9492722 -0.1998152 0.2428088 0.9492723 -0.1998157 0.2428079 0.9308755 -0.2726506 0.2431715 0.9342855 -0.2302607 0.2721962 -0.7334408 0.6709718 0.1089106 -0.6489396 0.7530046 0.1089099 -0.6326895 0.7341485 0.2464346 -0.6326895 0.7341485 0.2464346 -0.6143796 0.7129025 0.3380942 -0.6143816 0.7128995 0.338097 -0.6015737 0.6980378 0.3883973 -0.6015717 0.6980403 0.3883957 -0.603545 0.70033 0.3811449 -0.6035436 0.700332 0.3811432 -0.6163365 0.7151765 0.3296237 -0.6163376 0.7151745 0.3296264 -0.6332871 0.734842 0.2428058 -0.6332871 0.7348421 0.2428057 -0.9936145 0.02945679 0.108915 -0.9936146 0.02945667 0.1089151 -0.9687343 0.02871906 0.2464324 -0.9687344 0.02871912 0.2464323 -0.9406997 0.027888 0.3380924 -0.9406997 0.02788823 0.3380922 -0.9210868 0.02730679 0.3883985 -0.9210869 0.02730715 0.3883984 -0.92411 0.02739673 0.3811431 -0.92411 0.02739667 0.3811433 -0.9436969 0.02797734 0.3296262 -0.9436968 0.0279771 0.3296265 -0.9696479 0.02874648 0.2428097 -0.969648 0.0287466 0.2428095 -0.9861064 0.02923458 0.1635222 -0.9917059 0.05934578 0.1140065 -0.9727352 -0.2047517 0.1089174 -0.9901242 -0.08826726 0.1089167 -0.9653317 -0.08605706 0.2464323 -0.9653315 -0.0860576 0.2464329 -0.9373956 -0.0835672 0.3380917 -0.9373953 -0.08356803 0.3380923 -0.9178513 -0.08182567 0.3883988 -0.9178518 -0.08182406 0.3883979 -0.9208644 -0.08209264 0.3811426 -0.9208639 -0.08209389 0.3811436 -0.9403818 -0.08383387 0.329627 -0.9403822 -0.08383309 0.329626 -0.966242 -0.08613842 0.2428101 -0.9662418 -0.08613866 0.2428105 -0.9886738 -0.08813846 0.1214736 -0.9904513 -0.07193195 0.1176095 -0.9416901 -0.3183645 0.1089217 -0.9727348 -0.2047523 0.1089192 -0.9483784 -0.1996255 0.2464306 -0.9483781 -0.1996262 0.2464314 -0.9209326 -0.1938491 0.3380911 -0.9209321 -0.19385 0.3380919 -0.901731 -0.1898083 0.3883996 -0.9017314 -0.189807 0.3883988 -0.9046914 -0.1904301 0.3811429 -0.9046919 -0.190429 0.381142 -0.9238671 -0.1944652 0.3296253 -0.923866 -0.1944668 0.3296274 -0.9492723 -0.1998146 0.2428088 -0.949272 -0.1998151 0.2428097 -0.5886487 -0.771063 0.2428055 -0.6757047 -0.6960377 0.2428058 -0.6757069 -0.6960368 0.2428022 0.04827249 -0.9862619 0.1579786 -0.3130515 -0.9288287 0.1981815 -0.2900704 -0.9507865 0.108923 -0.2903187 -0.9507113 0.1089181 -0.2830492 -0.9269058 0.2464324 -0.2830439 -0.9269058 0.2464383 -0.2748529 -0.9000819 0.3380952 -0.274865 -0.9000818 0.3380858 -0.2691335 -0.881313 0.3883998 -0.2691318 -0.8813133 0.3884006 -0.270016 -0.8842084 0.3811391 -0.2700127 -0.8842084 0.3811414 -0.2757349 -0.902947 0.3296315 -0.2757446 -0.902948 0.3296209 -0.2833272 -0.9277779 0.2428044 -0.2833198 -0.9277771 0.2428159 0.1760901 -0.979784 0.09494984 0.1758423 -0.9784049 0.1086431 0.175845 -0.9784051 0.1086367 0.2903604 -0.9507307 0.1086366 0.290332 -0.9507401 0.1086302 0.2833205 -0.9277799 0.2428043 0.2833263 -0.927775 0.242816 0.2757436 -0.9029445 0.3296312 0.2757361 -0.9029507 0.3296206 0.270013 -0.8842092 0.3811391 0.2700158 -0.8842074 0.3811415 0.269132 -0.8813135 0.3884 0.2691335 -0.8813127 0.3884009 0.2748642 -0.9000786 0.338095 0.2748543 -0.9000852 0.3380858 0.2830447 -0.9269071 0.2464327 0.2830485 -0.9269046 0.2464377 0.2903182 -0.950711 0.1089215 0.290336 -0.9507049 0.1089276 0.4007294 -0.9097337 0.1086307 0.4007359 -0.9097297 0.1086395 0.3910575 -0.8877581 0.2428157 0.3910533 -0.8877626 0.2428063 0.3805878 -0.8640041 0.3296209 0.3805935 -0.8639981 0.32963 0.372695 -0.8460672 0.3811415 0.3726906 -0.8460709 0.3811374 0.3714701 -0.8433 0.3884007 0.371476 -0.8432957 0.3884043 0.3793878 -0.8612564 0.3380862 0.3793887 -0.8612557 0.3380871 0.390694 -0.88692 0.246437 0.3906898 -0.8869234 0.246431 0.4007236 -0.9097018 0.1089186 0.5055095 -0.8559188 0.1089187 0.5055158 -0.8559533 0.1086172 0.5055174 -0.8559517 0.1086218 0.4933084 -0.8352794 0.2428068 0.4933126 -0.8352738 0.2428175 0.4801103 -0.8129196 0.3296298 0.4801064 -0.8129249 0.3296226 0.470142 -0.7960531 0.381138 0.4701485 -0.7960459 0.3811448 0.4686096 -0.7934402 0.3884038 0.4686008 -0.7934484 0.388398 0.4785795 -0.8103447 0.3380873 0.4785839 -0.8103401 0.3380922 0.4928467 -0.8344901 0.246431 0.4928452 -0.8344917 0.2464286 0.5055018 -0.8559219 0.108929 0.6031871 -0.7901266 0.1089279 0.5055708 -0.8559225 0.1086051 0.603218 -0.7901471 0.1086065 0.588647 -0.7710607 0.2428169 0.5886434 -0.7710672 0.2428054 0.5728893 -0.7504309 0.3296229 0.5728921 -0.750426 0.3296291 0.5610018 -0.734851 0.3811444 0.5609975 -0.734857 0.381139 0.5591613 -0.7324517 0.3883981 0.5591654 -0.7324469 0.3884012 0.5710725 -0.748044 0.3380921 0.5710699 -0.7480477 0.3380886 0.5880886 -0.7703406 0.2464289 0.58809 -0.7703388 0.2464315 0.6031937 -0.7901232 0.1089156 0.6922199 -0.7134204 0.108917 0.6032069 -0.7901519 0.1086342 0.6924272 -0.7132625 0.1086336 0.6924282 -0.7132613 0.1086347 0.6924222 -0.7132653 0.108647 0.771925 -0.6263609 0.108645 0.7719346 -0.6263539 0.1086179 0.7719243 -0.6263646 0.1086294 0.8405935 -0.5306623 0.1086292 0.8291517 -0.5234392 0.1962622 0.8291522 -0.5234376 0.1962643 0.8974552 -0.4275209 0.1086282 0.8974542 -0.4275221 0.1086316 0.897454 -0.4275225 0.1086316 0.8405926 -0.530663 0.1086319 0.9417203 -0.3183752 0.108628 0.9417209 -0.3183723 0.1086312 0.9448179 -0.3194193 0.0727362 0.9440549 -0.3047054 0.1261548 0.9417195 -0.3183752 0.1086353 0.9727653 -0.2047595 0.1086331 0.9727654 -0.2047609 0.1086304 0.9727669 -0.2047544 0.1086282 0.9901558 -0.08827006 0.1086276 0.9901556 -0.0882706 0.1086289 0.9936461 0.02945327 0.1086277 0.8653266 -0.2898616 0.408889 0.8804042 -0.2818025 0.3814128 0.9046918 -0.1904296 0.3811421 0.9238661 -0.1944656 0.329628 0.9403817 -0.0838325 0.3296276 0.9662421 -0.08613789 0.2428097 0.9696482 0.02874559 0.2428089 0.9936457 0.02945703 0.10863 0.9936459 0.02945756 0.108629 0.8444434 -0.3709301 0.3864275 0.8444144 -0.3709174 0.3865032 0.8736525 -0.2953627 0.3866422 0.8720198 -0.2979556 0.3883346 0.9017314 -0.1898065 0.3883992 0.9046918 -0.1904296 0.381142 0.9208642 -0.08209389 0.3811426 0.9403821 -0.08383387 0.329626 0.9436969 0.02797663 0.3296262 0.969648 0.02874594 0.2428095 0.9594425 0.1432282 0.242808 0.9831874 0.1467729 0.1086291 0.9831873 0.146772 0.1086312 0.9831871 0.1467745 0.1086291 0.9589278 0.2620254 0.1086295 0.9524253 0.2602486 0.1586087 0.9330009 0.3035779 0.1932608 0.9212064 0.3736028 0.1086269 0.9212059 0.3736059 0.1086198 0.9211956 0.3736306 0.1086222 0.9589276 0.2620281 0.1086232 0.8705558 0.4799302 0.1086263 0.8705518 0.4799357 0.1086331 0.8586994 0.4734014 0.1962817 0.858704 0.4733985 0.1962684 0.8705501 0.4799407 0.1086261 0.8076818 0.5795261 0.1086255 0.8076806 0.5795272 0.1086285 0.807684 0.5795221 0.108631 0.7334643 0.6709914 0.1086317 0.7334653 0.6709895 0.1086365 0.6489717 0.7530164 0.1086378 0.6833258 0.6551857 0.3221762 0.6959356 0.6757011 0.2431088 0.6332867 0.7348422 0.2428064 0.6489582 0.7530267 0.1086466 0.648952 0.7530345 0.1086286 0.6795808 0.635895 0.365797 0.6771063 0.6577365 0.3300147 0.6163378 0.7151752 0.3296241 0.6332868 0.7348421 0.2428062 0.5419318 0.8045839 0.2428058 0.5553435 0.8244958 0.108629 0.5553469 0.8244919 0.1086407 0.5553291 0.8245068 0.1086199 0.4539224 0.884396 0.1086194 0.4429585 0.8630347 0.2428146 0.4429695 0.8630338 0.2427976 0.4311119 0.8399319 0.3296315 0.4311103 0.839932 0.3296334 0.422164 0.8225021 0.3811402 0.4221649 0.8225019 0.3811395 0.4207829 0.8198094 0.3883997 0.4207833 0.8198093 0.3883994 0.429744 0.8372672 0.3380884 0.4297347 0.837269 0.3380957 0.4425429 0.8622238 0.2464264 0.4425508 0.8622223 0.2464175 0.4539144 0.8843622 0.1089271 0.4539164 0.8843616 0.108924 0.3460363 0.9319097 0.1086428 0.3461481 0.9318685 0.1086398 0.3377896 0.9093666 0.2427973 0.337778 0.9093661 0.2428153 0.3287375 0.8850272 0.3296336 0.3287427 0.8850275 0.3296279 0.3219202 0.8666604 0.3811393 0.3219175 0.8666605 0.3811414 0.3208639 0.8638241 0.3883996 0.3208606 0.8638246 0.3884012 0.3276928 0.8822181 0.3380957 0.3277041 0.8822172 0.3380869 0.3374711 0.9085109 0.2464169 0.3374586 0.9085118 0.2464307 0.3461253 0.9318442 0.1089197 0.3461405 0.9318396 0.1089114 0.2334867 0.9662733 0.1086267 0.2334923 0.9662727 0.1086212 0.2333774 0.9657972 0.1130074 0.1856905 0.962742 0.196588 0.2335034 0.9662681 0.108638 0.1175639 0.987105 0.1086384 0.1175785 0.9871064 0.1086109 0.1175913 0.9871041 0.1086169 0 0.9940837 0.1086169 0 0.9940837 0.1086169 -0.1175913 0.9871041 0.1086169 -0.1175787 0.9871064 0.108611 -0.1175639 0.987105 0.1086387 -0.2334914 0.9662709 0.1086386 -0.2335044 0.9662711 0.108609 -0.2334863 0.9662734 0.1086264 -0.3461436 0.9318718 0.1086266 -0.3461483 0.9318684 0.1086394 -0.3377882 0.9093623 0.2428154 -0.3377798 0.9093702 0.2427976 -0.3287385 0.885029 0.329628 -0.3287423 0.8850255 0.3296337 -0.3219202 0.8666595 0.3811414 -0.3219177 0.8666614 0.3811391 -0.3208636 0.8638237 0.3884011 -0.3208606 0.8638255 0.3883994 -0.3276936 0.8822212 0.3380869 -0.3277029 0.8822142 0.3380959 -0.3374698 0.9085075 0.2464308 -0.3374593 0.9085153 0.2464164 -0.3461245 0.9318439 0.1089257 -0.4538764 0.884382 0.1089254 -0.3460103 0.9319193 0.1086431 -0.4539214 0.8843936 0.1086433 -0.4429606 0.8630381 0.2427983 -0.442967 0.8630306 0.2428137 -0.431111 0.8399316 0.3296333 -0.43111 0.8399329 0.3296316 -0.4221637 0.8225026 0.3811393 -0.4221647 0.8225017 0.3811404 -0.420783 0.8198095 0.3883993 -0.4207834 0.8198092 0.3883996 -0.4297428 0.837265 0.3380955 -0.4297358 0.8372715 0.3380882 -0.4425439 0.8622258 0.2464173 -0.4425502 0.8622198 0.2464269 -0.4539155 0.8843629 0.1089169 -0.4539124 0.8843653 0.1089113 -0.5553284 0.8245071 0.1086207 -0.5553427 0.8244952 0.1086374 -0.5419305 0.8045825 0.2428134 -0.5419276 0.8045869 0.2428053 -0.5274222 0.7830511 0.3296312 -0.5274197 0.7830549 0.3296262 -0.5164734 0.7668032 0.3811405 -0.5164757 0.7668004 0.3811431 -0.5147858 0.7642915 0.3883994 -0.5147799 0.7642976 0.3883953 -0.5257411 0.7805718 0.3380888 -0.5257486 0.7805628 0.3380977 -0.5414187 0.8038278 0.2464272 -0.5414231 0.8038226 0.2464348 -0.5553292 0.8244682 0.1089112 -0.5553334 0.8244651 0.1089137 -0.5553476 0.824493 0.1086297 -0.648952 0.7530345 0.1086295 -0.6489583 0.7530264 0.1086481 -0.648974 0.7530143 0.1086378 -0.7334639 0.670991 0.1086364 -0.7334653 0.6709901 0.1086326 -0.807684 0.579522 0.108632 -0.8076804 0.5795276 0.1086294 -0.8076822 0.5795258 0.1086246 -0.8705527 0.4799361 0.108625 -0.870549 0.4799401 0.1086374 -0.9589272 0.2620275 0.1086295 -0.958928 0.262026 0.1086256 -0.9211908 0.3736419 0.1086244 -0.9212059 0.3736054 0.108621 -0.9212062 0.3736033 0.1086258 -0.8705558 0.4799303 0.1086252 -0.9831871 0.1467745 0.1086291 -0.9831873 0.1467724 0.1086309 -0.9594422 0.1432276 0.2428097 -0.9594424 0.1432287 0.242808 -0.933764 0.1393954 0.3296267 -0.9337639 0.139395 0.3296271 -0.914384 0.136502 0.381142 -0.9143837 0.1365002 0.3811432 -0.9113923 0.1360537 0.3883987 -0.9113923 0.136055 0.3883981 -0.9307987 0.138952 0.3380918 -0.9307985 0.1389505 0.3380931 -0.9585379 0.1430914 0.246434 -0.9585382 0.143093 0.2464323 -0.9831563 0.146768 0.1089172 -0.9831563 0.1467695 0.1089152 -0.9895986 -0.09427028 0.1086643 -0.9727669 -0.2047544 0.1086282 -0.9727655 -0.2047603 0.1086302 -0.9727655 -0.2047589 0.1086332 -0.9417206 -0.3183722 0.1086353 -0.9417203 -0.3183755 0.1086277 -0.9417206 -0.3183742 0.1086292 -0.8974546 -0.4275218 0.1086294 -0.8974543 -0.4275222 0.1086305 -0.8974541 -0.4275225 0.1086305 -0.8405932 -0.5306622 0.1086309 -0.8405931 -0.5306628 0.1086292 -0.7719235 -0.6263656 0.1086294 -0.7719267 -0.6263623 0.1086258 -0.7719327 -0.6263516 0.1086449 -0.6924273 -0.7132603 0.1086471 -0.6924235 -0.7132666 0.10863 -0.6924272 -0.7132625 0.1086336 -0.6032162 -0.7901448 0.1086342 -0.6032088 -0.7901543 0.1086066 -0.5055668 -0.8559247 0.108605 -0.6978999 -0.5913673 0.4040054 -0.6940603 -0.6104261 0.3816547 -0.643969 -0.6633499 0.3811442 -0.6576178 -0.6774095 0.3296288 -0.572888 -0.7504292 0.329629 -0.5886415 -0.7710648 0.2428169 -0.4933069 -0.8352772 0.2428175 -0.5055172 -0.855952 0.1086207 -0.5055162 -0.8559529 0.1086179 -0.7554429 -0.5328434 0.3812926 -0.7554194 -0.532827 0.3813619 -0.7176832 -0.5823438 0.3818463 -0.7178642 -0.5778226 0.3883196 -0.6418664 -0.6611759 0.3883993 -0.6439743 -0.6633471 0.3811399 -0.561003 -0.7348525 0.3811397 -0.5728935 -0.7504277 0.3296228 -0.480111 -0.8129221 0.3296227 -0.4933134 -0.8352763 0.2428073 -0.3910584 -0.8877602 0.2428069 -0.400737 -0.909732 0.1086173 -0.400752 -0.90972 0.1086614 -0.4007294 -0.9097336 0.1086312 -0.2903314 -0.9507402 0.1086314 -0.2903321 -0.9507402 0.1086299 -0.2903593 -0.9507312 0.1086359 -0.1758423 -0.9784056 0.1086363 -0.175845 -0.9784045 0.1086431 -0.05888289 -0.9923353 0.1086432 -0.0588923 -0.9923355 0.1086366 -0.05889534 -0.9923347 0.1086416 0.0588923 -0.992335 0.1086416 0.0588954 -0.9923356 0.1086344 0.05888301 -0.9923354 0.1086432 -0.9897125 0.1409561 0.02450335 -0.9902844 0.1388652 -0.007296085 -0.9880902 0.1432498 0.05619025 -0.9880881 0.1432503 0.05622518 -0.9896961 0.1417191 0.02043163 -0.9896994 0.141712 0.02031481 -0.9896978 0.141717 0.02036541 -0.9902806 0.13891 -0.006963849 -0.990285 0.1388605 -0.007308483 -0.9897115 0.1409648 0.02449429 -0.9906249 0.131074 0.03849774 -0.9906249 0.131073 0.03849941 -0.9890276 0.147643 -0.005095779 -0.9970629 0.07374835 0.02065974 -0.997063 0.0737468 0.02066135 -0.9972203 0.06555724 0.03541165 -0.9960233 0.06516844 0.06075042 -0.9924178 -0.0945388 0.07854557 -0.9924181 -0.09453952 0.0785405 -0.9940046 -0.1003724 0.04336112 -0.9609526 -0.2022676 -0.1888332 -0.9916882 -0.1234456 0.03627228 -0.9916877 -0.1234582 0.03624236 -0.9865912 -0.160738 0.02830386 -0.9891424 -0.1466087 0.01015639 -0.9891399 -0.1466242 0.0101844 -0.9902507 -0.1391537 -0.006312549 -0.9903644 -0.1372773 -0.01825296 -0.9902073 -0.1395875 -0.002226233 -0.9967177 -0.07884562 0.01836574 -0.9877289 -0.1431956 0.06234341 -0.9893653 -0.1423309 0.02996838 -0.9900266 -0.1406928 0.007272303 -0.9969394 -0.07619905 0.01748126 -0.8090256 -0.5877199 -0.007930397 -0.8452432 -0.5335985 0.02892339 -0.8957376 -0.4445813 -0.001305043 -0.9027967 -0.4300675 -4.02288e-4 -0.8957389 -0.4445804 -3.93189e-4 -0.902714 -0.4300271 0.01356548 -0.9570906 -0.2888968 0.02271658 -0.9472815 -0.3202542 0.009744763 -0.9572933 -0.2889551 0.009714782 -0.9471511 -0.3202115 -0.01922142 -0.9880768 -0.1432499 0.0564239 -0.9785088 -0.2059679 0.009888827 -0.9896776 -0.1429728 0.009859085 -0.990977 -0.1318665 0.02399843 -0.5707328 -0.8211036 -0.007272779 -0.6066143 -0.7946152 0.02461522 -0.6996859 -0.7144196 0.006653487 -0.6965385 -0.7174975 0.005610764 -0.6996936 -0.714421 0.005608201 -0.6965441 -0.7175114 0.001933157 -0.8084664 -0.587319 0.03792726 -0.776509 -0.6300649 0.00721544 -0.7764984 -0.6300778 0.00721544 -0.1045556 -0.9944918 -0.007370948 -0.1768136 -0.9837942 0.0297662 -0.2689533 -0.9631466 -0.003555953 -0.2920875 -0.9563902 -0.001656711 -0.2689682 -0.9631477 -0.001649439 -0.2920164 -0.9562581 0.01723152 -0.4257475 -0.9046697 0.01765781 -0.4031044 -0.9151254 0.007239401 -0.4258099 -0.9047839 0.007222235 -0.4031064 -0.9150646 -0.01273077 -0.5698644 -0.8198174 0.05615991 -0.5085248 -0.8610472 3.01669e-4 -0.5085751 -0.8610177 3.01644e-4 0.2283101 -0.9735565 -0.007888674 0.1768292 -0.9838811 0.02663409 0.06274145 -0.9980246 0.003212749 0.05923312 -0.9982357 0.004125714 0.06276518 -0.9980198 0.004126846 0.05924469 -0.9982205 0.006781518 -0.1045259 -0.9940167 0.03170371 -0.0592454 -0.9982334 0.004488825 -0.05923295 -0.9982341 0.004488825 0.6690998 -0.7431455 -0.00633955 0.6065221 -0.7944944 0.03015989 0.5357906 -0.844334 -0.005352437 0.5085779 -0.8610135 -0.002107024 0.5358122 -0.8443346 -0.00210601 0.5084182 -0.8608676 0.0204454 0.3874596 -0.9217942 0.01305651 0.4031329 -0.9151246 0.005550563 0.3874856 -0.9218591 0.005543053 0.4031059 -0.9151287 -0.006713211 0.2280566 -0.9724256 0.04877108 0.292059 -0.9563968 -0.00262171 0.2920881 -0.9563878 -0.00262165 0.8762711 -0.4817514 -0.008046746 0.8452603 -0.5336098 0.02820765 0.7836849 -0.6211585 2.43244e-4 0.7765148 -0.6300895 0.003480613 0.7836827 -0.6211518 0.00348109 0.7764803 -0.6300424 0.01117902 0.6688893 -0.7429097 0.025931 0.696543 -0.7175103 0.002597153 0.6965472 -0.7175064 0.002597093 0.9999881 0 -0.004867494 0.9955989 -0.08875584 0.03008884 0.9859732 -0.1667692 -0.00669372 0.9785561 -0.205973 -0.001723945 0.9859938 -0.166773 -0.00173372 0.9782933 -0.2059231 0.02319288 0.9443368 -0.3288601 0.008895993 0.9473158 -0.3202672 0.004679799 0.9443645 -0.3288674 0.004678189 0.9473256 -0.3202702 -0.001146435 0.8755346 -0.4813409 0.04183518 0.9027874 -0.430061 -0.004740774 0.9027866 -0.4300627 -0.004740774 0.9443458 0.328863 -0.007754027 0.9642207 0.2634744 0.0293219 0.9859927 0.1667728 -0.002277731 0.9890334 0.1476473 0.003639638 0.9859888 0.1667719 0.003635108 0.9889273 0.1476289 0.01511424 0.9997878 0 0.0206021 0.9995598 0.02963286 0.001505434 0.9995599 0.02962857 0.001505434 0.6691189 0.7431496 -0.00293523 0.7375096 0.6746893 0.02956414 0.7836605 0.6211432 -0.007580161 0.8124921 0.5829721 -5.2795e-4 0.7836902 0.6211515 -5.5234e-4 0.8122255 0.5827863 0.02548909 0.8762874 0.4817609 0.005197525 0.8757227 0.4827923 0.004625439 0.8762925 0.4817574 0.004625558 0.8757308 0.4827833 0.003969967 0.9437835 0.3286693 0.03534269 0.9266731 0.3758199 -0.006044149 0.9266617 0.3758476 -0.006044149 0.387477 0.9218528 -0.007005989 0.4564276 0.8892553 0.02998304 0.5358083 0.8443285 -0.004342496 0.5586284 0.8294053 0.004612982 0.5358026 0.8443308 0.004599332 0.558557 0.8292577 0.01859098 0.6690248 0.7430738 0.01572555 0.6528146 0.7575168 0.001235783 0.652835 0.7574992 0.001235783 -0.1045705 0.9945173 -5.47321e-4 0 0.9995912 0.02859067 0.06276434 0.9979962 -0.008010387 0.118291 0.9929779 0.001482427 0.06274849 0.9980283 0.001440227 0.1182196 0.9926113 0.02733159 0.2283167 0.973585 0.001951158 0.2348902 0.9720069 0.005395054 0.2283179 0.9735717 0.005392551 0.2348678 0.971989 0.008630216 0.3873299 0.9214755 0.02930158 0.3481965 0.9373989 -0.006532013 0.3480892 0.9374386 -0.006531953 -0.4258027 0.904803 -0.004844367 -0.3480454 0.9369918 0.03017967 -0.2689638 0.9631319 -0.005955457 -0.2348713 0.9720053 0.006420373 -0.2689495 0.963133 0.006394088 -0.234839 0.9717938 0.02161645 -0.104561 0.9944542 0.0113039 -0.1182637 0.9929807 0.001789927 -0.1182909 0.9929773 0.001789927 -0.809046 0.5877409 0.002288222 -0.7375599 0.6747358 0.02714776 -0.6996782 0.7144135 -0.007986485 -0.6528317 0.7574907 0.004300534 -0.6996951 0.714429 0.00423938 -0.6525459 0.757205 0.02871358 -0.5707536 0.8211209 -8.38773e-4 -0.55864 0.829381 0.006965816 -0.5707506 0.8210941 0.006956636 -0.5585876 0.8293462 0.01284199 -0.4257012 0.9045531 0.02371084 -0.4566243 0.8896381 -0.006197273 -0.3480666 0.9374576 -0.004783391 -0.9573373 0.288971 -0.001015484 -0.9262745 0.3756588 0.02993267 -0.8957163 0.4445693 -0.007107019 -0.875702 0.4827674 0.009026885 -0.8957022 0.4445637 0.00898534 -0.8754759 0.4826563 0.02418661 -0.8090291 0.5877227 0.007339835 -0.8124858 0.5829725 0.003149628 -0.8124883 0.5829693 0.003149628 -0.9892223 0.146123 0.009345054 -0.9884746 0.1506181 0.01523846 -0.9895386 0.1434618 0.01523584 -0.9889038 0.147628 0.01658517 -0.9571744 0.2889166 0.01856082 -0.9646233 0.2635839 -0.005047559 -0.9266736 0.3758658 -9.33874e-4 -0.2400114 -0.9689435 -0.05952423 -0.7523711 -0.6540595 -0.07838219 -0.7404671 -0.6684306 -0.07006359 -0.7957732 -0.5750539 -0.1898899 -0.8241999 -0.4806447 -0.2994586 -0.8202918 -0.4840849 -0.3046033 -0.8207947 -0.4828048 -0.3052796 -0.8156498 -0.4867125 -0.3127722 -0.7254276 -0.6875408 -0.03228706 -0.6961649 -0.71431 -0.0715236 -0.6700574 -0.7404612 -0.05234706 -0.6485375 -0.7565849 -0.08353692 -0.590318 -0.8059899 -0.04364526 -0.5659992 -0.8200638 -0.08449959 -0.4978395 -0.8657733 -0.05091571 -0.4750429 -0.8750959 -0.09242081 -0.4453412 -0.890707 -0.09117138 -0.3815724 -0.9233856 -0.04197001 -0.3538994 -0.9302512 -0.0968911 -0.5575605 -0.802219 -0.2134738 -0.6020273 -0.759886 -0.2452275 -0.6251589 -0.7545501 -0.1995759 -0.6603619 -0.7145597 -0.2309255 -0.6828101 -0.7054259 -0.1901176 -0.7045904 -0.6757701 -0.2165342 -0.7265391 -0.6632023 -0.1797323 -0.7431869 -0.6364004 -0.2065616 -0.7622849 -0.6220307 -0.1788837 -0.7674939 -0.6108371 -0.1945024 -0.7856121 -0.5947532 -0.1705355 -0.8234534 -0.4833787 -0.2971019 -0.7775486 -0.5144291 -0.3616364 -0.7838967 -0.5140744 -0.3481861 -0.7904025 -0.5024541 -0.3504338 -0.7977429 -0.5007621 -0.3359221 -0.8009837 -0.4943043 -0.3377696 -0.8085641 -0.4912007 -0.3239535 -0.8085626 -0.4912022 -0.3239549 -0.8090544 -0.4897429 -0.3249351 -0.8160329 -0.4857617 -0.3132505 -0.7688679 -0.5298941 -0.3578471 -0.7712847 -0.5272479 -0.3565523 -0.4821719 -0.8439005 -0.235249 -0.5404791 -0.8033769 -0.2499359 -0.1006917 -0.9925881 -0.06804519 -0.220654 -0.9701611 -0.1004953 -0.971925 -0.004326462 -0.235251 -0.9426916 0.3243529 -0.07827949 -0.9491019 0.3070769 -0.07006609 -0.8958308 0.4017338 -0.189993 -0.8283663 0.47345 -0.2994233 -0.8293926 0.4683377 -0.304578 -0.8285475 0.4693983 -0.3052447 -0.829361 0.4629641 -0.3127695 -0.8285994 0.4639368 -0.3133459 -0.9581446 0.2844644 -0.03223198 -0.9667013 0.2457171 -0.07149595 -0.9763344 0.2098642 -0.05223184 -0.979537 0.1831616 -0.08342075 -0.9931356 0.1084754 -0.04375761 -0.9931669 0.08037149 -0.08461636 -0.9987018 -0.001819431 -0.05090534 -0.9953705 -0.02625679 -0.09245616 -0.994049 -0.05955177 -0.09121525 -0.8285583 0.4559231 -0.3250002 -0.8295748 0.4547697 -0.3240219 -0.8296782 0.4544031 -0.3242713 -0.8286002 0.4464794 -0.3377542 -0.8325136 0.4405333 -0.3359339 -0.8303081 0.4333263 -0.3504519 -0.8370998 0.4219157 -0.3482112 -0.9904623 -0.1312523 -0.04192066 -0.9825658 -0.1586754 -0.0968852 -0.9591299 -0.276635 -0.05952143 -0.9505044 -0.2940111 -0.1004935 -0.9099377 -0.4091261 -0.06803846 -0.9660057 0.06622159 -0.2498954 -0.9735474 0.08159804 -0.2134184 -0.9591236 0.141299 -0.2451868 -0.966074 0.1640099 -0.1995038 -0.9490138 0.2145922 -0.2309178 -0.9523284 0.2385857 -0.1901253 -0.9376487 0.2720388 -0.2163558 -0.9377375 0.2973631 -0.1795091 -0.922643 0.3255734 -0.2067166 -0.9197485 0.3492872 -0.1790561 -0.9127027 0.3593277 -0.1945698 -0.9078288 0.3830632 -0.1706149 -0.8303301 0.4714676 -0.2971033 -0.8438074 0.4016395 -0.3559142 -0.8342449 0.4162285 -0.3616479 -0.8342335 0.4162412 -0.3616597 -0.3508134 0.9042453 -0.2434552 -0.6848409 0.6465662 -0.336073 -0.6849089 0.664557 -0.2987703 -0.1678048 0.9336295 -0.3165081 -0.1599649 0.9196467 -0.3586935 -0.1397835 0.9102847 -0.3896695 -0.1347566 0.9083141 -0.3959876 -0.1469867 0.9078434 -0.3927026 -0.1469864 0.9078413 -0.3927077 -0.184241 0.9194256 -0.3474361 -0.2336744 0.9215758 -0.3099908 -0.237989 0.9204926 -0.309927 -0.2370755 0.9200026 -0.3120743 -0.2712066 0.9311442 -0.243757 -0.249746 0.9300819 -0.2693968 -0.25461 0.930736 -0.2624962 -0.2543383 0.9306924 -0.2629139 -0.2488613 0.9286914 -0.2749554 -0.244827 0.9250335 -0.2904696 -0.6644552 0.7043367 -0.2498181 -0.6368573 0.724072 -0.2648251 -0.6849166 0.6645644 -0.2987363 -0.6859908 0.6768633 -0.2669694 -0.6775962 0.6911324 -0.2513948 -0.6663926 0.7023323 -0.2503002 -0.6637255 0.7049011 -0.2501657 -0.6633237 0.7052804 -0.2501624 -0.6815932 0.6293299 -0.3733291 -0.6815875 0.6293246 -0.3733486 -0.6792829 0.617002 -0.3973453 -0.7307492 0.5608807 -0.3891251 -0.7305387 0.5606325 -0.3898775 -0.7333496 0.5559543 -0.3912969 -0.7365336 0.5516982 -0.3913403 -0.6858673 0.6137593 -0.3910061 -0.6767393 0.6165056 -0.4024236 -0.6792945 0.6170126 -0.3973088 -0.7308228 0.5609372 -0.3889053 -0.7464961 0.5541942 -0.3682558 -0.751117 0.5414113 -0.3777528 -0.7505716 0.5336059 -0.3897525 -0.75062 0.5385332 -0.3828207 -0.7480677 0.5317835 -0.39699 -0.7480758 0.5317771 -0.3969833 -0.1397814 0.9102704 -0.3897038 -0.1358178 0.9168187 -0.3754957 -0.1285484 0.9209189 -0.3679453 -0.350831 0.9042351 -0.2434676 -0.3508358 0.9042286 -0.2434847 -0.350845 0.9042254 -0.2434836 -0.4540686 0.8570517 -0.243483 -0.4540686 0.8570519 -0.2434828 -0.4540621 0.8570536 -0.2434884 -0.6331406 0.7347103 -0.2435852 -0.6331734 0.7346778 -0.243598 -0.551079 0.7981428 -0.2434748 -0.5510743 0.7981545 -0.243447 -0.5511009 0.798124 -0.2434871 -0.2407035 0.9182461 -0.3144615 -0.2415049 0.9213187 -0.3047085 -0.3445265 0.8879674 -0.304656 -0.3445263 0.8879677 -0.3046555 -0.4459027 0.8416388 -0.3046556 -0.4458999 0.8416436 -0.3046461 -0.5411689 0.7837898 -0.3046471 -0.5411747 0.7837757 -0.304673 -0.6290385 0.7151824 -0.3046718 -0.6290363 0.7151898 -0.3046585 -0.6806408 0.6660665 -0.3050961 -0.6848418 0.6465671 -0.3360695 -0.1678032 0.9336204 -0.3165361 -0.1763504 0.9199661 -0.35009 -0.2345223 0.9070842 -0.3495676 -0.2345257 0.9070808 -0.349574 -0.3389002 0.8734673 -0.3495735 -0.3388951 0.8734736 -0.3495627 -0.4386189 0.8279005 -0.349563 -0.4386202 0.8278985 -0.3495662 -0.532342 0.7709833 -0.3495664 -0.5323438 0.7709795 -0.3495721 -0.6187653 0.703512 -0.3495719 -0.618767 0.7035067 -0.3495794 -0.6782268 0.6461652 -0.3499699 -0.680395 0.6395963 -0.357742 -0.1576277 0.9107613 -0.381664 -0.1570155 0.9111402 -0.3810113 -0.2314853 0.8953211 -0.3805451 -0.2314795 0.8953258 -0.3805378 -0.3345012 0.8621485 -0.3805378 -0.3345062 0.8621434 -0.3805449 -0.4329326 0.817163 -0.3805446 -0.4329283 0.8171684 -0.3805377 -0.5254437 0.7609862 -0.3805378 -0.5254435 0.7609865 -0.3805374 -0.6107486 0.6943901 -0.3805372 -0.6107493 0.6943886 -0.3805388 -0.6780204 0.6287167 -0.3807935 -0.6809284 0.6195766 -0.3904629 -0.1285415 0.9209207 -0.3679432 -0.2327607 0.900265 -0.367893 -0.2327591 0.9002651 -0.3678937 -0.2327701 0.9002593 -0.3679011 -0.3363599 0.8668974 -0.3679008 -0.3363486 0.8669006 -0.3679036 -0.4353276 0.8216711 -0.3678947 -0.435324 0.8216753 -0.3678895 -0.4349746 0.8218517 -0.3679088 -0.3363459 0.8669027 -0.367901 -0.4353175 0.8216775 -0.3678925 -0.5283377 0.7651889 -0.367893 -0.5283365 0.7651892 -0.3678938 -0.5283529 0.765174 -0.367902 -0.6140988 0.6982343 -0.3679016 -0.6141183 0.6982228 -0.3678909 -0.6141213 0.6982188 -0.3678936 -0.6914901 0.6216878 -0.3678936 -0.1479374 0.9056746 -0.3973261 -0.1422864 0.9087297 -0.3923835 -0.2302705 0.89065 -0.3920688 -0.2302729 0.8906489 -0.3920701 -0.3327602 0.8576432 -0.39207 -0.3327574 0.8576449 -0.3920685 -0.4306675 0.8129009 -0.3920686 -0.430673 0.8128963 -0.392072 -0.5226987 0.7570112 -0.3920716 -0.5226936 0.7570165 -0.3920681 -0.6075602 0.6907629 -0.392068 -0.6075587 0.6907648 -0.3920668 -0.6840917 0.6150625 -0.3920671 -0.6914752 0.621701 -0.3678993 -0.6914802 0.6216903 -0.3679078 -0.9680916 -0.05946749 -0.2434384 -0.8299736 0.3771725 -0.410956 -0.9202641 0.2545349 -0.2971968 -0.889403 0.2698712 -0.3689604 -0.8894111 0.2698736 -0.3689393 -0.8850625 0.2678062 -0.3807152 -0.8804901 0.2734354 -0.38726 -0.8757203 0.2753353 -0.3966163 -0.8978332 0.2622521 -0.3537221 -0.9001363 0.2594593 -0.3499079 -0.9058448 0.2637601 -0.3314751 -0.9178768 0.2538671 -0.3050468 -0.9207816 0.2484783 -0.3006989 -0.9058456 0.2637603 -0.3314729 -0.9434809 0.2228946 -0.245279 -0.942007 0.2283772 -0.2458998 -0.9357714 0.243636 -0.2548989 -0.9293243 0.251017 -0.2708263 -0.9680916 0.05946934 -0.2434377 -0.954334 0.1730742 -0.2434995 -0.9512049 0.1725059 -0.2558337 -0.9431168 0.2243854 -0.2453199 -0.9430559 0.2246401 -0.2453206 -0.9431141 -0.2244005 -0.2453167 -0.9294834 -0.2512277 -0.2700837 -0.9429458 -0.2244693 -0.2459 -0.943014 -0.2248192 -0.2453179 -0.9416677 -0.2288532 -0.2467552 -0.9373238 -0.2410342 -0.2516476 -0.9181815 -0.2527533 -0.3050548 -0.9186237 -0.2543089 -0.3024193 -0.9186174 -0.2543072 -0.3024399 -0.886839 -0.2703223 -0.3747565 -0.8948248 -0.2651357 -0.3591542 -0.8999962 -0.2599474 -0.349906 -0.9031811 -0.2640289 -0.3384562 -0.9031862 -0.2640303 -0.3384416 -0.8868342 -0.2703208 -0.374769 -0.8849263 -0.2682719 -0.3807039 -0.8781954 -0.2750946 -0.3912748 -0.8735365 -0.2730633 -0.4029518 -0.875316 -0.2749118 -0.3978008 -0.8753103 -0.27491 -0.3978146 -0.8517381 -0.3499755 -0.3899478 -0.8518081 -0.3500043 -0.3897691 -0.8514359 -0.3499275 -0.3906503 -0.8769085 -0.2781447 -0.3920038 -0.8771128 -0.2778244 -0.3917738 -0.8481437 -0.3560987 -0.3922323 -0.8492497 -0.3535991 -0.3921003 -0.834617 -0.3792827 -0.3994488 -0.8420265 -0.3782104 -0.3846405 -0.8375241 -0.3806171 -0.3920254 -0.8516898 0.3497509 -0.3902547 -0.8517065 0.3497578 -0.3902122 -0.857589 0.3590061 -0.3683148 -0.8455467 0.376642 -0.3784067 -0.8391774 0.3814166 -0.3876891 -0.8441511 0.3771333 -0.3810243 -0.8392792 0.3793478 -0.3894942 -0.8502843 0.35084 -0.3923365 -0.8479856 0.3563858 -0.392313 -0.8501389 0.3519672 -0.3916411 -0.954334 -0.1730742 -0.2434995 -0.9680916 -0.05946934 -0.2434377 -0.9526557 0.1773445 -0.2469736 -0.9363901 0.1743165 -0.3046103 -0.9363895 0.1743152 -0.3046128 -0.9211047 0.1714698 -0.34952 -0.9211056 0.1714721 -0.3495166 -0.9091681 0.1692498 -0.3804839 -0.9091681 0.1692504 -0.3804832 -0.9044219 0.1683669 -0.3920122 -0.9044218 0.1683639 -0.3920137 -0.9680914 -0.05946791 -0.2434391 -0.9506844 -0.0583986 -0.3046127 -0.9506844 -0.05839854 -0.3046125 -0.9351668 -0.05744534 -0.3495182 -0.9351674 -0.05744451 -0.3495168 -0.9230479 -0.05670005 -0.3804837 -0.9230477 -0.05670017 -0.3804838 -0.9182291 -0.05640417 -0.3920126 -0.9182286 -0.05640614 -0.3920136 -0.88648 0.2807918 -0.3678438 -0.8864802 0.2807915 -0.3678436 -0.8771003 0.2778205 -0.3918046 -0.876924 0.2780941 -0.392005 -0.8744013 0.2739588 -0.400461 -0.8757211 0.2753356 -0.3966141 -0.8864797 0.2807949 -0.3678424 -0.9141831 0.1701784 -0.3678432 -0.9141821 0.1701808 -0.3678445 -0.9141822 0.170183 -0.3678432 -0.9281381 0.05701655 -0.3678433 -0.9281387 0.05701369 -0.3678426 -0.918229 0.056405 -0.3920125 -0.9182288 0.0564031 -0.3920136 -0.9230478 0.05669909 -0.3804836 -0.9230481 0.05669951 -0.3804832 -0.935167 0.05744397 -0.3495182 -0.9351674 0.05744487 -0.3495168 -0.9506844 0.058398 -0.3046127 -0.9506844 0.05839812 -0.3046125 -0.9680917 0.05946737 -0.2434384 -0.9680912 0.05946666 -0.2434403 -0.928138 0.05701148 -0.3678444 -0.928138 -0.05701309 -0.3678444 -0.9281384 -0.05701494 -0.3678429 -0.9281386 -0.05701375 -0.3678426 -0.9141824 -0.1701865 -0.3678412 -0.914182 -0.170179 -0.3678455 -0.9044229 -0.1683623 -0.3920121 -0.9044216 -0.1683651 -0.3920137 -0.909169 -0.1692489 -0.380482 -0.9091672 -0.1692513 -0.380485 -0.921103 -0.1714733 -0.3495227 -0.921106 -0.17147 -0.3495166 -0.9363903 -0.1743153 -0.3046102 -0.9363892 -0.1743164 -0.3046129 -0.9506195 -0.1769654 -0.2549625 -0.9543343 -0.1730734 -0.2434988 -0.8449201 -0.3773033 -0.3791467 -0.8544341 -0.3665392 -0.3682273 -0.8864789 -0.2807914 -0.367847 -0.886479 -0.2807912 -0.3678469 -0.8864784 -0.2807946 -0.3678456 -0.9141823 -0.1701782 -0.3678452 0.5577486 0.7998681 -0.2216472 0.7708007 0.6341351 -0.06114673 0.8061776 0.5635981 -0.1800968 0.8257197 0.480496 -0.2954835 0.8230556 0.4833894 -0.2981851 0.823847 0.4806571 -0.300408 0.8178755 0.4857767 -0.308384 0.8184613 0.4842001 -0.3093077 0.8138937 0.4871007 -0.3167174 0.8140085 0.4868867 -0.3167513 0.7643392 0.6421436 -0.05862849 0.7451161 0.6623853 -0.07776665 0.7144985 0.6985427 -0.0391165 0.6799588 0.7282673 -0.08533871 0.6222131 0.7819204 -0.03809511 0.6038645 0.7941569 -0.06828182 0.5819782 0.8107308 -0.0633794 0.5664363 0.8192948 -0.08891606 0.5439477 0.8344864 -0.08805269 0.488505 0.8717534 -0.03753489 0.4598083 0.8833444 -0.09098869 0.3672838 0.9284673 -0.05523538 0.3477395 0.9328663 -0.09400945 0.2470881 0.9669549 -0.06281518 0.6030625 0.7618676 -0.2363753 0.6202942 0.7579221 -0.2019637 0.6533651 0.7208095 -0.2314038 0.6765891 0.711839 -0.1884472 0.7039983 0.6754856 -0.21933 0.7210106 0.6659781 -0.1913554 0.7246062 0.6587949 -0.2023244 0.7415567 0.6477826 -0.1745606 0.7577155 0.6199197 -0.2038795 0.7835298 0.597805 -0.1694409 0.7901767 0.5818052 -0.1926743 0.803884 0.5672192 -0.1789769 0.8254843 0.4809884 -0.2953404 0.8085238 0.4900168 -0.3258416 0.8079463 0.4917016 -0.3247344 0.8076585 0.4921664 -0.3247461 0.7999032 0.4951488 -0.3390907 0.7966353 0.5015358 -0.3373931 0.790143 0.5029628 -0.3502891 0.784367 0.5131511 -0.3484885 0.9591404 0.2765957 -0.05953544 0.8958328 -0.4017308 -0.1899891 0.9446282 -0.3175034 -0.08287972 0.9581274 -0.2845141 -0.03230643 0.828192 -0.4736151 -0.2996445 0.8292157 -0.4685229 -0.3047748 0.8284434 -0.4694915 -0.3053838 0.8292509 -0.4631122 -0.312842 0.9581301 -0.2845093 -0.03227001 0.9666899 -0.2457532 -0.07152587 0.9763395 -0.2098417 -0.05222725 0.9795408 -0.1831479 -0.08340626 0.9931406 -0.1084393 -0.04373419 0.9931709 -0.08033889 -0.08460038 0.9987018 0.001820325 -0.05090504 0.9953718 0.02624619 -0.09244465 0.9933735 0.08315217 -0.0793389 0.9904637 0.131241 -0.04192268 0.9825669 0.1586655 -0.09688955 0.973541 -0.081631 -0.2134344 0.9591179 -0.1413217 -0.2451956 0.9660674 -0.1640369 -0.199513 0.9489988 -0.2146378 -0.230937 0.9523115 -0.2386313 -0.1901521 0.9376151 -0.2721151 -0.2164054 0.9377018 -0.2974407 -0.1795673 0.9226862 -0.3255044 -0.2066321 0.9197975 -0.3491893 -0.1789954 0.912795 -0.359173 -0.1944227 0.9079267 -0.3829045 -0.1704502 0.8304477 -0.4713381 -0.2969797 0.834279 -0.4161772 -0.3616285 0.8371438 -0.4218475 -0.3481879 0.8303589 -0.4332494 -0.350427 0.8325663 -0.4404593 -0.3359004 0.8286479 -0.4464142 -0.3377234 0.8297389 -0.4544332 -0.3240739 0.8296843 -0.4546265 -0.3239423 0.8286362 -0.4558163 -0.3249517 0.8286786 -0.4638432 -0.3132752 0.8433389 -0.4009118 -0.3578398 0.8400598 -0.4081042 -0.3574221 0.9719244 0.004326045 -0.2352536 0.966001 -0.06625235 -0.2499053 0.9099301 0.4091429 -0.06804001 0.9505157 0.2939692 -0.100509 0.2261155 -0.8899385 -0.3960822 0.2335922 -0.8896515 -0.3923708 0.238759 -0.8860461 -0.397387 0.2381032 -0.8882161 -0.3929108 0.238106 -0.8882268 -0.3928853 0.2481681 -0.8906502 -0.3809918 0.2489534 -0.8900248 -0.3819398 0.2679037 -0.8975927 -0.3500785 0.274936 -0.8965052 -0.3474025 0.2521162 -0.8985996 -0.3591046 0.3199579 -0.8963243 -0.3069685 0.2621203 -0.9113024 -0.3175231 0.2621226 -0.9113107 -0.317497 0.3294641 -0.8906775 -0.3132844 0.3345814 -0.8917587 -0.3046664 0.3333044 -0.8883426 -0.3158413 0.3472884 -0.8994004 -0.2654613 0.3416325 -0.8990317 -0.2739144 0.3473168 -0.8994028 -0.2654159 0.342135 -0.8979074 -0.2769583 0.3379401 -0.8946475 -0.2922369 0.6653256 -0.7044157 -0.2472659 0.6778033 -0.6909967 -0.2512096 0.6843141 -0.6779884 -0.2684137 0.6679797 -0.7016069 -0.2480945 0.6649128 -0.7047922 -0.2473033 0.665074 -0.7046397 -0.2473042 0.6794393 -0.6672965 -0.3050864 0.6822984 -0.666428 -0.3005705 0.6823083 -0.6664377 -0.3005266 0.6796674 -0.6310026 -0.3740162 0.6788265 -0.6408851 -0.3584145 0.6767747 -0.647706 -0.3499329 0.6826475 -0.648291 -0.337211 0.6826556 -0.6482987 -0.3371793 0.679663 -0.6309984 -0.3740311 0.6765106 -0.6303675 -0.3807495 0.679241 -0.6211891 -0.3908397 0.6750901 -0.6181377 -0.4026899 0.6776218 -0.6187005 -0.3975404 0.6776106 -0.6186903 -0.3975754 0.7298033 -0.5618624 -0.3894842 0.7298126 -0.5618694 -0.3894565 0.7295748 -0.5615966 -0.3902946 0.6822078 -0.6171766 -0.3920276 0.6818115 -0.6179836 -0.3914454 0.7341457 -0.5545109 -0.3918519 0.7319664 -0.5574615 -0.3917421 0.7468429 -0.5325404 -0.3982793 0.749356 -0.539482 -0.3839594 0.7493922 -0.5342925 -0.391079 0.2204724 -0.9007853 -0.3741359 0.2266647 -0.9010367 -0.3698052 0.2311009 -0.8914097 -0.3898476 0.2311024 -0.8914154 -0.3898336 0.4447283 -0.8619372 -0.2434768 0.4446431 -0.8619846 -0.2434651 0.3650442 -0.8985109 -0.2437642 0.6304119 -0.73706 -0.243564 0.5442061 -0.8028468 -0.2434682 0.5442164 -0.8028394 -0.2434696 0.5441927 -0.8028599 -0.243455 0.4447221 -0.8619468 -0.243454 0.3325671 -0.8917797 -0.3068032 0.3273777 -0.8778644 -0.3495393 0.3273812 -0.8778603 -0.3495467 0.3231374 -0.8664807 -0.3805174 0.3231373 -0.8664808 -0.3805171 0.3214494 -0.8619549 -0.3920512 0.3214431 -0.8619589 -0.3920475 0.5442144 -0.8028431 -0.2434621 0.5344249 -0.7884011 -0.3046535 0.5344231 -0.7884056 -0.3046452 0.5257015 -0.7755392 -0.3495382 0.5257067 -0.7755284 -0.3495544 0.5188923 -0.7654757 -0.380523 0.5188893 -0.7654807 -0.380517 0.5161807 -0.7614849 -0.392044 0.5161758 -0.7614899 -0.3920405 0.2210724 -0.9032002 -0.3679079 0.324926 -0.8712638 -0.3678622 0.324914 -0.8712662 -0.367867 0.3249215 -0.8712609 -0.3678729 0.426362 -0.8263685 -0.3678731 0.4447197 -0.8619474 -0.2434565 0.436722 -0.8464465 -0.3046347 0.4367277 -0.8464363 -0.3046547 0.4296004 -0.8326228 -0.3495467 0.4295966 -0.8326286 -0.3495373 0.4240263 -0.8218324 -0.380517 0.4240303 -0.8218272 -0.3805237 0.4218174 -0.8175383 -0.3920474 0.4218115 -0.8175431 -0.3920437 0.4263644 -0.8263674 -0.3678725 0.4263723 -0.8263592 -0.3678819 0.4263272 -0.8263841 -0.3678785 0.5217537 -0.7697 -0.367879 0.5217432 -0.7697032 -0.3678872 0.5217284 -0.7697158 -0.3678818 0.6097005 -0.7020884 -0.3678819 0.6097066 -0.7020851 -0.367878 0.6031966 -0.6945888 -0.3920464 0.6031902 -0.6945973 -0.3920412 0.606356 -0.6982429 -0.3805121 0.6063579 -0.6982386 -0.3805168 0.6143207 -0.707408 -0.3495484 0.614322 -0.7074043 -0.3495537 0.6245171 -0.7191442 -0.3046473 0.6245167 -0.7191455 -0.3046451 0.6330253 -0.7289432 -0.2606159 0.6304026 -0.737072 -0.2435518 0.7500963 -0.5423003 -0.3785049 0.7454953 -0.5555537 -0.3682348 0.6889728 -0.6244868 -0.3678759 0.688977 -0.6244783 -0.3678824 0.6890006 -0.6244587 -0.3678715 0.6096984 -0.7020959 -0.3678715 0.9281376 0.05701756 -0.3678446 0.9182292 0.05640363 -0.3920126 0.8299704 -0.3771739 -0.410961 0.8504438 -0.3509416 -0.3918995 0.848392 -0.3555552 -0.392188 0.8501327 -0.3519796 -0.3916437 0.8741534 -0.267924 -0.4050586 0.874141 -0.2679202 -0.405088 0.8971804 -0.2259554 -0.3794885 0.8956611 -0.2317108 -0.3796067 0.8924208 -0.2413625 -0.3812208 0.8896151 -0.2478564 -0.3836043 0.886416 -0.2545639 -0.3866055 0.8810648 -0.2627896 -0.3932766 0.8772296 -0.2662734 -0.3994581 0.8952416 -0.1478265 -0.4203448 0.9029371 -0.1863955 -0.3872484 0.8999947 -0.2120401 -0.3808522 0.8986297 -0.2200021 -0.3795571 0.8971168 -0.2262081 -0.3794883 0.9247382 0.00217843 -0.3805976 0.9042904 -0.05083233 -0.4238809 0.9173305 -0.09138691 -0.3874962 0.913012 -0.1354673 -0.3847827 0.9064528 0.05568027 -0.4186205 0.9083599 0.0532788 -0.4147813 0.9247382 0.00217396 -0.3805976 0.9082619 0.150599 -0.3903592 0.9185373 0.09741699 -0.3831438 0.9185373 0.09741675 -0.3831439 0.8972805 0.2258566 -0.3793104 0.8985424 0.2200444 -0.3797395 0.8997334 0.2140738 -0.3803318 0.8727647 0.2677161 -0.4081788 0.8727611 0.267715 -0.4081873 0.8763857 0.2672495 -0.4006567 0.8806481 0.2630054 -0.3940649 0.8849011 0.2572476 -0.3882959 0.8853184 0.2244861 -0.4072067 0.89564 0.2322953 -0.3792994 0.8910087 0.2448706 -0.3822851 0.8883045 0.2506256 -0.3848401 0.8517321 0.3500132 -0.3899272 0.8517314 0.3500129 -0.3899288 0.8512911 0.350113 -0.3907998 0.8491894 0.3537656 -0.3920807 0.8517678 0.34793 -0.3917096 0.8773435 0.2778987 -0.3912042 0.826907 0.3757733 -0.4183529 0.8362621 0.3743989 -0.4006137 0.8351429 0.3795256 -0.3981162 0.8437204 0.377839 -0.3812786 0.8398895 0.3816951 -0.3858684 0.8516951 -0.3497467 -0.3902469 0.8516921 -0.3497454 -0.3902547 0.8575854 -0.3590105 -0.3683188 0.8455477 -0.3766397 -0.3784068 0.8392597 -0.3813542 -0.3875721 0.8441495 -0.3772128 -0.3809488 0.8392767 -0.3793753 -0.3894725 0.9076267 -0.1689612 -0.3842732 0.9044222 -0.1683647 -0.3920124 0.9044222 -0.1683627 -0.3920135 0.8864785 -0.2807928 -0.367847 0.8864787 -0.2807923 -0.3678466 0.8772692 -0.2778751 -0.3913878 0.8767664 -0.2786071 -0.3919933 0.8723556 -0.2673653 -0.4092817 0.8722187 -0.2671055 -0.4097429 0.8864783 -0.2807952 -0.3678456 0.9141814 -0.1701831 -0.3678453 0.9141827 -0.1701797 -0.3678435 0.9141828 -0.1701812 -0.3678426 0.928138 -0.05701488 -0.3678439 0.9089885 -0.05583709 -0.4130645 0.9182288 -0.0564047 -0.3920133 0.9182291 -0.05640619 -0.3920126 0.928138 -0.05701488 -0.3678439 0.9281377 -0.05701357 -0.367845 0.9281377 0.0570119 -0.367845 0.9281383 0.05701369 -0.3678436 0.9182288 0.05640494 -0.3920133 0.9044215 0.1683663 -0.3920134 0.8999792 0.1675392 -0.4024527 0.9022617 0.1928155 -0.3856759 0.9141821 0.1701811 -0.3678445 0.9141821 0.1701814 -0.3678444 0.9044222 0.1683645 -0.3920124 0.8766967 0.2788338 -0.391988 0.8723025 0.2671042 -0.4095652 0.8456274 0.3765173 -0.3783503 0.8542864 0.3668923 -0.3682183 0.8864797 0.2807932 -0.3678439 0.8864799 0.2807927 -0.3678433 0.8864794 0.2807956 -0.3678424 0.914183 0.1701793 -0.3678432 0 0 -1 0 0 -1 0 0 -1 0 0 -1 0 0 -1 0 0 -1 0 0 -1 0 0 -1 0 0 -1 0 0 -1 0 0 -1 0 0 -1 0 0 -1 0 0 -1 0 0 -1 0 0 -1 0 0 -1 0 0 -1 0 0 -1 0 0 -1 0 0 -1 0 0 -1 0 0 -1 0 0 -1 0 0 -1 0 0 -1 0 0 -1 0 0 -1 0 0 -1 0 0 -1 0 0 -1 0 0 -1 0 0 -1 0 0 -1 0 0 -1 0 0 -1 0 0 -1 8.63162e-7 1.64475e-7 -1 0 0 -1 0 0 -1 0 0 -1 0 0 -1 0 0 -1 0 3.36503e-7 -1 -2.54516e-7 2.54511e-7 -1 2.85112e-6 1.80691e-6 -1 5.54977e-7 7.62236e-7 -1 -1.70239e-7 6.35393e-7 -1 2.07782e-7 8.04498e-7 -1 2.15337e-7 8.03715e-7 -1 2.30848e-7 8.06564e-7 -1 6.11173e-7 6.11163e-7 -1 -8.08372e-7 9.13872e-7 -1 0 0 -1 0 0 -1 7.33638e-7 1.7945e-7 -1 0 1.7945e-7 -1 6.59652e-7 3.27405e-7 -1 0 2.06159e-7 -1 -1.4108e-6 0 -1 0 0 -1 0 0 -1 0 0 -1 0 0 -1 0 0 -1 0 0 -1 0 0 -1 0 0 -1 0 0 -1 0 0 -1 0 0 -1 0 0 -1 0 0 -1 0 0 -1 0 0 -1 0 0 -1 0 0 -1 0 0 -1 0 0 -1 0 0 -1 0 0 -1 0 0 -1 0 0 -1 0 0 -1 0 0 -1 0 0 -1 0 0 -1 0 0 -1 0 0 -1 0 0 -1 0 0 -1 0 0 -1 0 0 -1 0 0 -1 0 0 -1 0 0 -1 0 0 -1 0 0 -1 0 0 -1 0 0 -1 0 0 -1 0 0 -1 0 0 -1 0 0 -1 0 0 -1 0 0 -1 0 0 -1 0 0 -1 0 0 -1 0 0 -1 0 0 -1 0 0 -1 0 0 -1 0 0 -1 0 0 -1 0 0 -1 0 0 -1 -1.34159e-7 4.41175e-7 -1 2.9247e-7 0 -1 1.85547e-7 1.85544e-7 -1 -4.15797e-7 9.21326e-7 -1 0 0 -1 0 0 -1 0 0 -1 0 0 -1 0 0 -1 0 0 -1 1.86223e-7 1.18276e-6 -1 -5.70841e-7 5.70827e-7 -1 -4.73185e-7 7.17209e-7 -1 -2.10097e-7 7.84159e-7 -1 0 8.50289e-7 -1 2.12475e-7 7.9303e-7 -1 0 7.63175e-7 -1 -4.26258e-7 9.29381e-7 -1 -2.49811e-7 2.49807e-7 -1 0 0 -1 0 0 -1 0 4.06657e-7 -1 0 4.62567e-7 -1 2.76895e-6 2.73317e-6 -1 4.26216e-7 9.29339e-7 -1 -1.77211e-7 6.61302e-7 -1 0 8.4221e-7 -1 2.34319e-7 8.74418e-7 -1 0 8.12834e-7 -1 6.67713e-7 6.67697e-7 -1 4.44158e-7 6.73214e-7 -1 -1.86255e-7 1.18277e-6 -1 0 0 -1 0 0 -1 0 0 -1 0 0 -1 0 0 -1 0 0 -1 0 0 -1 0 0 -1 0 0 -1 0 0 -1 0 0 -1 0 0 -1 0 0 -1 0 0 -1 0 0 -1 0 0 -1 0 0 -1 0 0 -1 0 0 -1 0 0 -1 0 0 -1 0 0 -1 0 0 -1 0 0 -1 0 0 -1 0 0 -1 0 0 -1 0 0 -1 0 0 -1 0 0 -1 0 0 -1 0 0 -1 0 0 -1 0 0 -1 0 0 -1 0 0 -1 0 0 -1 0 0 -1 0 0 -1 0 0 -1 0 0 -1 0 0 -1 0 0 -1 0 0 -1 0 0 -1 0 0 -1 0 0 -1 0 0 -1 0 0 -1 0 0 -1 0 0 -1 0 0 -1 0 0 -1 0 0 -1 0 0 -1 0 0 -1 0 0 -1 0 0 -1 0 0 -1 0 0 -1 0 0 -1 0 0 -1 0 0 -1 0 0 -1 0 0 -1 0 0 -1 0 0 -1 0 0 -1 0 0 -1 0 0 -1 0 0 -1 0 0 -1 0 0 -1 0 0 -1 0 0 -1 -1.79922e-7 6.9663e-7 -1 2.27668e-7 8.49594e-7 -1 -2.29593e-7 8.02239e-7 -1 -2.17911e-7 8.13186e-7 -1 5.54987e-7 1.21027e-6 -1 0 0 -1 0 0 -1 0 0 -1 0 0 -1 0 0 -1 0 0 -1 0 0 -1 0 0 -1 -7.33638e-7 1.7945e-7 -1 -8.6315e-7 1.64476e-7 -1 0 3.45312e-7 -1 -2.85131e-6 1.80698e-6 -1 -5.5497e-7 7.62226e-7 -1 0 0 -1 0 0 -1 0 0 -1 0 0 -1 0 0 -1 0 0 -1 0 0 -1 0 0 -1 0 0 -1 0 0 -1 0 0 -1 0 0 -1 0 1.7945e-7 -1 0 1.60741e-7 -1 -6.70953e-7 3.33014e-7 -1 1.37078e-6 0 -1 0 0 -1 0 0 -1 0 0 -1 0 0 -1 0 0 -1 0 0 -1 0 0 -1 0 0 -1 0 0 -1 0 0 -1 0 0 -1 0 0 -1 0 0 -1 0 0 -1 0 0 -1 0 0 -1 0 0 -1 0 0 -1 0 0 -1 0 0 -1 0 0 -1 0 0 -1 0 0 -1 0 0 -1 0 0 -1 0 0 -1 0 0 -1 0 0 -1 0 0 -1 0 0 -1 0 0 -1 0 0 -1 0 0 -1 0 0 -1 0 0 -1 0 0 -1 0 0 -1 0 0 -1 0 0 -1 0 0 -1 0.9659304 -0.2588019 0 0.9659304 -0.2588019 0 0.7070814 -0.7071321 0 0.7070814 -0.7071321 0 0.2588615 -0.9659144 0 0.2588615 -0.9659144 0 -0.2588615 -0.9659144 0 -0.2588615 -0.9659144 0 -0.7070856 -0.7071281 0 -0.7070856 -0.7071281 0 -0.9659283 -0.2588096 0 -0.9659283 -0.2588096 0 -0.9659254 0.258821 0 -0.9659254 0.258821 0 -0.7070856 0.7071281 0 -0.7070856 0.7071281 0 -0.2588615 0.9659144 0 -0.2588615 0.9659144 0 0.2588615 0.9659144 0 0.2588615 0.9659144 0 0.7070814 0.7071321 0 0.7070814 0.7071321 0 0.9659274 0.2588133 0 0.9659274 0.2588133 0 0.9659262 -0.2588176 0 0.9659262 -0.2588176 0 0.707107 -0.7071065 0 0.707107 -0.7071065 0 0.2588612 -0.9659146 0 0.2588612 -0.9659146 0 -0.2588618 -0.9659143 0 -0.2588618 -0.9659143 0 -0.7071084 -0.7071052 0 -0.7071084 -0.7071052 0 -0.9659241 -0.2588254 0 -0.9659241 -0.2588254 0 -0.9659244 0.2588247 0 -0.9659244 0.2588247 0 -0.7071084 0.7071052 0 -0.7071084 0.7071052 0 -0.2588184 0.965926 0 -0.2588184 0.965926 0 0.2588177 0.9659262 0 0.2588177 0.9659262 0 0.707107 0.7071065 0 0.707107 0.7071065 0 0.9659264 0.2588169 0 0.9659264 0.2588169 0 0.965929 -0.2588071 0 0.965929 -0.2588071 0 0.7070841 -0.7071294 0 0.7070841 -0.7071294 0 0.2588615 -0.9659144 0 0.2588615 -0.9659144 0 -0.2588608 -0.9659146 0 -0.2588608 -0.9659146 0 -0.7070841 -0.7071294 0 -0.7070841 -0.7071294 0 -0.9659298 -0.2588045 0 -0.9659298 -0.2588045 0 -0.9659267 0.2588158 0 -0.9659267 0.2588158 0 -0.7070841 0.7071294 0 -0.7070841 0.7071294 0 -0.2588608 0.9659146 0 -0.2588608 0.9659146 0 0.2588615 0.9659144 0 0.2588615 0.9659144 0 0.7070841 0.7071294 0 0.7070841 0.7071294 0 0.9659261 0.2588184 0 0.9659261 0.2588184 0 0.9659261 -0.2588184 0 0.9659261 -0.2588184 0 0.7071068 -0.7071068 0 0.7071068 -0.7071068 0 0.2588194 -0.9659258 0 0.2588194 -0.9659258 0 -0.2588186 -0.9659259 0 -0.2588186 -0.9659259 0 -0.7071068 -0.7071068 0 -0.7071068 -0.7071068 0 -0.9659267 -0.2588158 0 -0.9659267 -0.2588158 0 -0.9659267 0.2588158 0 -0.9659267 0.2588158 0 -0.7071068 0.7071068 0 -0.7071068 0.7071068 0 -0.2588608 0.9659146 0 -0.2588608 0.9659146 0 0.2588615 0.9659144 0 0.2588615 0.9659144 0 0.7071068 0.7071068 0 0.7071068 0.7071068 0 0.9659261 0.2588184 0 0.9659261 0.2588184 0 0.9659262 -0.2588176 0 0.9659262 -0.2588176 0 0.707107 -0.7071065 0 0.707107 -0.7071065 0 0.2587794 -0.9659364 0 0.2587794 -0.9659364 0 -0.25878 -0.9659363 0 -0.25878 -0.9659363 0 -0.7071083 -0.7071052 0 -0.7071083 -0.7071052 0 -0.9659242 -0.2588254 0 -0.9659242 -0.2588254 0 -0.9659243 0.2588248 0 -0.9659243 0.2588248 0 -0.7071083 0.7071052 0 -0.7071083 0.7071052 0 -0.2588619 0.9659144 0 -0.2588619 0.9659144 0 0.2588612 0.9659146 0 0.2588612 0.9659146 0 0.707107 0.7071065 0 0.707107 0.7071065 0 0.9659264 0.2588169 0 0.9659264 0.2588169 0 0.9659274 -0.2588133 0 0.9659274 -0.2588133 0 0.707104 -0.7071095 0 0.707104 -0.7071095 0 0.2588194 -0.9659258 0 0.2588194 -0.9659258 0 -0.2588194 -0.9659258 0 -0.2588194 -0.9659258 0 -0.7071081 -0.7071054 0 -0.7071081 -0.7071054 0 -0.9659253 -0.258821 0 -0.9659253 -0.258821 0 -0.9659253 0.258821 0 -0.9659253 0.258821 0 -0.7071081 0.7071054 0 -0.7071081 0.7071054 0 -0.2588615 0.9659144 0 -0.2588615 0.9659144 0 0.2588615 0.9659144 0 0.2588615 0.9659144 0 0.707104 0.7071095 0 0.707104 0.7071095 0 0.9659274 0.2588133 0 0.9659274 0.2588133 0 -0.965926 0.2588186 0 -0.965926 0.2588186 0 -0.7071073 0.7071062 0 -0.7071073 0.7071062 0 -0.2588703 0.9659121 0 -0.2588703 0.9659121 0 0.2588682 0.9659127 0 0.2588682 0.9659127 0 0.7071111 0.7071025 0 0.7071111 0.7071025 0 0.9659259 0.2588188 0 0.9659259 0.2588188 0 -1 0 0 -1 0 0 0.965922 -0.2588332 0 0.965922 -0.2588332 0 0.7071111 -0.7071025 0 0.7071111 -0.7071025 0 0.2588145 -0.9659271 0 0.2588145 -0.9659271 0 -0.2588165 -0.9659265 0 -0.2588165 -0.9659265 0 -0.7071073 -0.7071062 0 -0.7071073 -0.7071062 0 -0.9659221 -0.258833 0 -0.9659221 -0.258833 0 1 0 0 1 0 0 0 0 -1 0 0 -1 0 0 -1 0 0 -1 0 0 -1 0 0 -1 0 0 -1 0 0 -1 0 0 -1 0 0 -1 0 0 -1 0 0 -1 0.965922 -0.2588332 0 0.965922 -0.2588332 0 0.7071399 -0.7070738 0 0.7071399 -0.7070738 0 0.2587608 -0.9659414 0 0.2587608 -0.9659414 0 -0.2587628 -0.9659408 0 -0.2587628 -0.9659408 0 -0.7071362 -0.7070775 0 -0.7071362 -0.7070775 0 -0.9659221 -0.258833 0 -0.9659221 -0.258833 0 -0.965926 0.2588186 0 -0.965926 0.2588186 0 -0.7071073 0.7071062 0 -0.7071073 0.7071062 0 -0.2588703 0.9659121 0 -0.2588703 0.9659121 0 0.2588682 0.9659127 0 0.2588682 0.9659127 0 0.7071111 0.7071025 0 0.7071111 0.7071025 0 0.9659259 0.2588188 0 0.9659259 0.2588188 0 0 0 -1 0 0 -1 0 0 -1 0 0 -1 0 0 -1 0 0 -1 0 0 -1 0 0 -1 0 0 -1 0 0 -1 0 0 -1 0 0 -1 0.9871752 0.1596409 0 0.9914445 0.1305239 0.001089036 0.999381 0.03517919 6.1931e-5 0.9975165 -0.07043367 -1.61803e-4 0.9914433 -0.13053 0.00143367 0.9835966 -0.1803816 4.9003e-4 0.8738239 -0.4862425 -1.85801e-4 0.9247248 -0.3806349 0.001090049 0.9238823 -0.3826756 0.001015484 0.9651207 -0.2618054 -2.71878e-4 0.9651408 -0.2617309 -2.71878e-4 0.834214 -0.4790413 0.2731416 0.7831887 -0.6217837 7.30851e-4 0.7933529 -0.6087621 1.53974e-6 0.3826879 -0.9238777 0 0.3207225 -0.9471671 0.003400623 0.4599927 -0.8879224 -7.53166e-4 0.6087446 -0.7933656 0.001033723 0.5721148 -0.8201692 0.002666652 0.6498283 -0.760081 -3.52866e-7 0.9659265 0.2588163 0 0.9659256 0.2588199 2.00563e-6 0.9659255 0.2588201 2.28587e-6 0.9659259 0.2588189 -2.2207e-6 0.2588197 -0.9659257 0 0.2588196 -0.9659256 0 0.258817 -0.9659264 2.10777e-5 0.2588207 -0.9659254 -7.03216e-7 0.2588211 -0.9659253 -1.43473e-6 0 0 1 0 0 1 0 0 1 0 0 1 0 0 1 0 0 1 0 0 1 2.24118e-6 -7.27547e-6 1 -2.14525e-7 -5.17803e-7 1 -2.83658e-7 -3.69691e-7 1 -3.47933e-7 -2.66975e-7 1 0 -6.61663e-7 1 0 0 1 0 0 1 0 0 1 0 0 1 0 0 1 0 0 1 0 0 1 0 0 1 0 0 1 0 0 1 0 0 1 0 0 1 0 0 1 0 0 1 0 0 1 0 0 1 0 0 1 0 0 1 0 0 1 0 0 1 0 0 1 -2.62433e-6 -1.51481e-6 1 5.75331e-6 -1.38868e-5 1 -1.12853e-6 -1.57309e-5 1 -0.7143945 0.6997427 7.37724e-4 -0.6018592 0.7963094 -0.06047195 -0.6625173 0.7490466 0 -0.654197 0.7563238 7.34687e-4 -0.5709567 0.8207727 -0.01845949 -0.8655638 0.5007987 0 -0.9092127 0.4161828 -0.01114058 -0.8284141 0.5601142 -0.001477539 0.9552071 0.2959381 0 0.9111889 0.4119511 -0.005591392 0.5557343 0.8304131 -0.03966671 0.6795099 0.7336664 0 0.7734243 0.6338762 -0.003996372 0.72636 0.6873141 7.35064e-4 0.7806141 0.6250128 7.38081e-4 0.8801555 0.4746832 -0.001477539 -0.4704651 0.8824186 0 -0.1684714 0.9857066 0 -0.1684714 0.9857066 0 0.2659541 0.9639858 0 0.2659541 0.9639858 0 0.6500922 0.7598554 0 0.7806175 -0.6250087 7.38017e-4 0.6783071 -0.7322872 -0.06045651 0.7339325 -0.6792225 0 0.7263765 -0.6872966 7.34996e-4 0.6499814 -0.7597259 -0.0184589 0.9111998 -0.4119648 0 0.9461891 -0.3234224 -0.01113981 0.8801555 -0.4746832 -0.001477539 -0.9209221 -0.3897468 0 -0.8655548 -0.500783 -0.005590915 -0.4700946 -0.8817239 -0.03967404 -0.6029626 -0.7977694 0 -0.7063477 -0.7078538 -0.003995954 -0.6541833 -0.7563357 7.35998e-4 -0.7143924 -0.6997449 7.38938e-4 -0.8284162 -0.5601111 -0.001476645 0.5561434 -0.8310863 0 0.2659541 -0.9639857 0 0.2659541 -0.9639857 0 -0.1684703 -0.9857068 0 -0.1684703 -0.9857068 0 -0.5710418 -0.820921 0 0.07449626 -0.9972139 0.003861188 -0.007854938 -0.9999691 2.97464e-4 0.3094254 -0.9509238 0 0.1519824 -0.9883427 0.008942246 0.2464553 -0.9686873 0.03007775 0.1796264 -0.9835957 0.01655149 -0.4129468 -0.9107552 8.38894e-5 -0.3042022 -0.9526032 0.002867162 -0.2498866 -0.968221 0.01023322 -0.1203151 -0.9927355 -6.49121e-4 -0.1205702 -0.9927046 -6.49119e-4 -0.6113235 -0.7913416 0.007878541 -0.5250675 -0.8510605 -3.35718e-4 -0.5249843 -0.8511118 -3.35721e-4 -0.9186974 -0.3949621 0 -0.8327209 -0.5535876 0.01080554 -0.8737876 -0.4863077 1.75489e-4 -0.6893957 -0.724385 -8.90165e-5 -0.6895053 -0.7242807 -8.90168e-5 0.6638879 -0.7478322 0 0.6382594 -0.7697329 0.01166832 0.6119923 -0.7908637 0 0.5573135 -0.8303022 0 0.5289815 -0.8485532 0.0116648 0.5001209 -0.8659556 0 0.4406383 -0.8976848 0 0.4100998 -0.911966 0.01166874 0.3791511 -0.9253348 0 0.9945546 -0.1041883 -0.002436399 0.9844 0.1759439 -6.4837e-4 0.8387371 0.5445365 0 0.8980667 0.4398589 -6.27389e-4 0.9736712 0.2260883 0.02912884 0.9152103 0.4029299 0.00612992 0.9956222 0.09343886 -0.002392172 0.9976044 -0.06479895 0.02421832 0.9986824 0.05021822 0.01055645 0.9642261 -0.2650808 -4.42068e-4 0.9160252 -0.3999613 0.03047472 0.9573608 -0.2887639 0.008715569 0.8079296 -0.5892789 0 0.722124 -0.6909831 0.03285509 0.7833144 -0.6214299 0.0156064 0.8145489 -0.5800181 0.009449243 0.8527728 -0.5222793 0.001694738 0.9032331 -0.42915 -4.49551e-4 0.1008022 -0.9949065 0 0.2751385 -0.9613992 -0.003222346 0.2165707 -0.9762296 -0.008538544 0.3450526 -0.9385824 -0.001341819 0.8221957 -0.5692037 0.001210987 0.8221719 -0.569238 0.001210987 0.7308396 -0.6825487 -9.43459e-4 0.668802 -0.743434 -0.003121972 0.5967363 -0.8023989 -0.007857084 0.6497639 -0.7601289 -0.003312408 0.4915135 -0.8708698 5.74255e-4 0.4915708 -0.8708374 5.74254e-4 0.9980053 -0.06309568 -0.002086937 0.9869519 -0.1610155 -2.27322e-4 0.9667557 -0.2557016 2.44139e-4 0.9068798 -0.4213894 2.40072e-4 0.9633684 -0.2678451 -0.01342278 0.9197235 -0.3925328 -0.005170762 0.9122314 0.4096753 0 0.8666806 0.4987069 -0.01248985 0.9291729 0.3696355 -0.002724945 0.976023 0.217666 7.53404e-4 0.999979 -0.006436824 7.3488e-4 0.983297 0.1811741 -0.01740849 0.9983219 0.05738204 -0.007789254 0.9737641 -0.2273277 0.01028412 0.9894971 -0.1445169 0.003191828 0.9992608 -0.03844416 0 0.6941969 -0.7197847 -7.83336e-4 0.7983989 -0.602128 0.001070618 0.8524186 -0.5228029 0.007723271 0.8446426 -0.535292 0.006423175 0.9011425 -0.433523 -3.95506e-5 0.9823251 -0.1871825 -3.85705e-5 0.8945575 -0.4451969 0.039581 0.9514475 -0.3072722 0.01820516 0.6942884 -0.7196965 -7.83337e-4 0.5886021 -0.8084037 0.005572497 0.5911982 -0.8065053 0.005838871 0.1496915 -0.9887328 0 0.3067129 -0.9517703 0.007782816 0.2500783 -0.9682244 0.001544117 0.4834094 -0.8753942 -6.98208e-4 0.4835664 -0.8753073 -6.98206e-4 1 0 0 1 0 0 1 0 0 1 0 0 1 0 0 1 0 0 1 0 0 1 0 0 1 0 0 1 0 0 1 0 0 1 0 0 1 0 0 1 0 0 1 0 0 1 0 0 1 0 0 1 0 0 1 0 0 1 0 0 1 0 0 1 0 0 1 0 0 1 0 0 1 0 0 1 0 0 1 0 0 1 0 0 1 0 0 1 0 0 0.5684478 0.8227145 0.00281161 0.3925018 0.9197499 -0.001561522 0.2500783 0.9682243 -0.00154227 0.3720522 0.9281166 0.01330012 0.1777207 0.9840809 0 0.8446532 0.5353133 -8.36582e-4 0.9320057 0.3613963 0.02753317 0.8754125 0.4832528 0.01094359 0.8303368 0.5572406 0.004873454 0.7713739 0.6363821 -4.79482e-4 0.5886116 0.8084158 -4.65209e-4 0.7551268 0.6548982 0.02986371 0.6725618 0.7398892 0.01498341 0.9978021 0.06626468 0 0.9896135 0.1436961 0.004048287 0.9823034 0.1871742 0.00676757 0.9743702 0.2249242 0.003455996 0.934634 0.3556101 -8.53294e-4 0.9893603 -0.1454858 3.64686e-4 0.8121686 -0.5834227 0 0.9122271 -0.409682 -0.001532256 0.881627 -0.4718513 -0.009497404 0.9481613 -0.317789 -5.23537e-4 0.98936 -0.145488 3.64686e-4 0.9999696 0.006436645 -0.004405617 0.9998604 0.01626843 -0.003816664 0.8433498 0.5373649 0 0.9197236 0.3925322 -0.005170762 0.9602511 0.2788478 -0.01271617 0.9068799 0.4213892 -2.46952e-5 0.9885661 0.150788 8.18088e-6 0.9885841 0.1506699 8.18083e-6 0.7713055 0.6334068 -0.0623188 0.7672708 0.6413233 0 0.6963762 0.7176744 -0.00189501 0.6007457 0.7994081 -0.007152616 0.2751399 0.9614042 0 0.1663812 0.9859844 -0.01233267 0.2924371 0.9562774 -0.003758072 0.4280567 0.9037519 3.87781e-4 0.6497671 0.7601333 3.7575e-4 0.461103 0.8871223 -0.01994937 0.5328545 0.8461037 -0.013215 0.8646783 0.5023253 8.18739e-4 0.9044314 0.4266191 -2.25544e-4 0.7191992 0.694804 0 0.8079116 0.5892487 0.008049368 0.7630188 0.6460162 0.0215736 0.8054662 0.5925526 0.01027876 0.9044099 0.4266645 -2.25544e-4 0.9642184 0.2650852 0.003548443 0.9518526 0.3063316 0.01172345 0.946306 -0.3232697 -0.001324594 0.9919211 -0.1268379 0.002132773 0.9998158 -0.01201868 0.01496565 0.9956197 -0.09343641 0.003329277 0.9898689 0.1419745 -0.001660645 0.9898682 0.1419798 -0.001660645 0.9463071 -0.3232665 -0.001324594 0.8980542 -0.4398524 0.005341827 0.8601815 -0.509988 0 0.3791503 0.9253352 0 0.4100998 0.911966 0.01166903 0.440639 0.8976843 0 0.5001084 0.8659628 0 0.5289815 0.8485532 0.01166975 0.557325 0.8302945 0 0.6119917 0.7908642 0 0.6382545 0.7697371 0.01166635 0.663879 0.7478401 0 -0.3475739 0.9376526 -1.27366e-4 -0.9442427 0.3292501 0 -0.6027992 0.7978687 0.006213605 -0.758889 0.6512165 -0.002169907 -0.8737853 0.4863072 -0.002126872 -0.7844638 0.619865 0.0195958 -0.8896681 0.4566019 0.002306222 -0.6113486 0.7913614 -1.22115e-4 -0.4044391 0.9135829 0.04237186 -0.5024812 0.8642731 0.02334129 -0.2499009 0.9682714 -4.19192e-5 -0.05939847 0.9972128 0.04514837 -0.1740687 0.9845619 0.01838445 0.1519994 0.9883806 0 0.3010209 0.9526804 0.04226779 0.2100709 0.9774374 0.02205461 0.1596693 0.9870637 0.01452678 0.09092319 0.9958463 0.004811048 -0.01275813 0.9999186 -4.30751e-5 0.02536725 0.9996708 0.003853857 0.1074832 0.9942069 2.94424e-4 -0.2129878 0.9770548 0 -0.05263841 0.9985736 0.008939921 -0.1484211 0.9884681 0.03003585 -0.08063662 0.9966062 0.01654899 0.5016815 0.8650524 8.08489e-5 0.3977199 0.9175025 0.002862036 0.3452151 0.9384678 0.0102306 0.2187327 0.9757846 -6.52011e-4 0.2188964 0.9757479 -6.5201e-4 0.6872221 0.7264047 0.007876992 0.6073842 0.7944082 -3.34579e-4 0.6062645 0.7952631 -3.34592e-4 0.9535103 0.3013604 0 0.8837984 0.4677431 0.0108034 0.9179387 0.3967223 1.76292e-4 0.7582736 0.6519365 -8.76922e-5 0.7582993 0.6519065 -8.76923e-5 -0.6576358 0.753336 0 -0.6252886 0.7801828 0.0181393 -0.5920414 0.8059076 0 -0.522283 0.8527722 0 -0.4859039 0.8738241 0.01813691 -0.4488258 0.8936192 0 -0.3721883 0.9281573 0 -0.3328 0.942823 0.01813632 -0.292933 0.956133 0 -0.9945557 0.1041776 -0.002436816 -0.9843992 -0.1759484 -6.48402e-4 -0.8387404 -0.5445315 0 -0.898068 -0.4398564 -6.2747e-4 -0.9736778 -0.2260594 0.02913224 -0.9152098 -0.4029311 0.006129562 -0.9956222 -0.09343808 -0.002391815 -0.9976038 0.06480747 0.02421998 -0.998682 -0.05022579 0.01055622 -0.9642241 0.2650881 -4.41989e-4 -0.9160012 0.4000157 0.03048533 -0.9573594 0.2887678 0.008716046 -0.8079378 0.5892677 0 -0.7221243 0.6909825 0.03285896 -0.7833448 0.6213915 0.01560086 -0.8145643 0.5799964 0.009446263 -0.8527719 0.5222807 0.001694917 -0.9032332 0.4291499 -4.49423e-4 0.08293008 0.9965553 0 -0.1189097 0.9928992 -0.003379046 -0.06505668 0.9978366 -0.009481132 -0.2026894 0.9792407 -0.002138614 -0.6665452 0.7454647 -3.28289e-4 -0.5916198 0.8062108 -0.003210604 -0.5037484 0.8638136 -0.007974922 -0.5507198 0.8346828 -0.003511369 -0.3409162 0.9400933 8.75809e-4 -0.340952 0.9400804 8.75808e-4 -0.9120554 0.4100664 -6.6845e-4 -0.8111102 0.5848138 -0.009648621 -0.8660215 0.5000054 -0.001243829 -0.730333 0.6830912 6.5305e-5 -0.7303815 0.6830395 6.5305e-5 -0.997744 0.06696879 -0.004697263 -0.9866957 0.162571 -0.001520812 -0.9667668 0.2556596 2.77366e-4 -0.9667766 0.2556228 2.77367e-4 -0.9193479 -0.3934456 0 -0.869785 -0.4932019 -0.01503747 -0.9304143 -0.3664854 -0.004204034 -0.9761244 -0.217212 5.20288e-4 -0.9982237 0.05957543 5.02298e-4 -0.9851927 -0.1699013 -0.02300137 -0.9986775 -0.05001127 -0.01192319 -0.8673655 0.497671 8.17476e-4 -0.8216458 0.5699984 -2.27675e-4 -0.9613172 0.2754438 0 -0.914263 0.4050412 0.008049309 -0.9409963 0.3377279 0.02158367 -0.9158958 0.4012844 0.01027709 -0.8217568 0.5698384 -2.27674e-4 -0.7116621 0.702513 0.003548324 -0.7411947 0.6711878 0.01172184 -0.1930283 0.9811924 -0.001325011 -0.3861397 0.9224379 0.002135515 -0.4895058 0.8718716 0.01496636 -0.4168997 0.9089464 0.003330409 -0.617785 0.7863453 -0.001656591 -0.6179279 0.786233 -0.001656591 -0.1932452 0.9811496 -0.001325011 -0.06812959 0.9976621 0.005342781 0.01155841 0.9999332 0 -0.9807052 -0.1954924 0 -0.9875123 -0.1567383 0.01589524 -0.9930396 -0.1177814 0 -0.9992258 -0.03934246 0 -0.9998736 0 0.01589542 -0.9992258 0.03934192 0 -0.9930396 0.1177813 0 -0.9875123 0.1567383 0.01589524 -0.9807052 0.1954924 0 -0.5874865 -0.8092304 -0.002438187 -0.3398467 -0.9404806 -6.49077e-4 0.05225777 -0.9986336 0 -0.06808519 -0.9976793 -6.28527e-4 -0.290848 -0.9563265 0.02910494 -0.1086716 -0.9940589 0.006131947 -0.4169008 -0.9089488 -0.00239396 -0.5549297 -0.8315447 0.02421689 -0.4558737 -0.8899819 0.01055669 -0.7116891 -0.7024944 -4.38434e-4 -0.804393 -0.5933153 0.03047704 -0.728756 -0.6847179 0.008715927 -0.9142889 -0.4050628 0 -0.9594691 -0.2798917 0.03285801 -0.9298092 -0.3677113 0.01559925 -0.9097017 -0.415154 0.009482979 -0.878698 -0.4773751 0.001698255 -0.8232713 -0.5676479 -4.46012e-4 -0.8216598 0.5699783 0 -0.9193427 0.3934434 -0.003377199 -0.8966732 0.4425916 -0.009484469 -0.9493998 0.3140628 -0.002139925 -0.9788636 -0.2045141 -3.27367e-4 -0.9940074 -0.1092665 -0.003209292 -0.9999588 -0.004335045 -0.007974922 -0.9982177 -0.05957508 -0.003511667 -0.9846058 0.1747872 8.743e-4 -0.9846106 0.1747599 8.743e-4 -0.9567933 -0.2907689 6.50178e-5 -0.9186475 -0.3950782 6.4435e-5 -0.9010241 -0.4050887 -0.1551087 -0.5568855 -0.830576 -0.004696428 -0.6341333 -0.7732222 -0.001520872 -0.7047584 -0.7094475 2.76546e-4 -0.8660264 -0.4999982 2.67437e-4 -0.7187598 -0.6949284 -0.02141737 -0.8111102 -0.5848138 -0.009649634 -0.1189455 -0.9929008 0 -0.007784187 -0.9998566 -0.01503586 -0.1478384 -0.9890026 -0.004202604 -0.2998655 -0.9539813 5.1832e-4 -0.5506986 -0.834704 5.00363e-4 -0.3456246 -0.9380914 -0.02298474 -0.4560091 -0.8898952 -0.0119248 -0.8646784 -0.5023251 8.18999e-4 -0.9044454 -0.4265893 -2.25672e-4 -0.7191545 -0.6948503 0 -0.8079035 -0.5892599 0.008051753 -0.7630122 -0.6460239 0.02157527 -0.8054643 -0.5925552 0.01027935 -0.9044047 -0.4266756 -2.25672e-4 -0.9642198 -0.2650805 0.003548741 -0.951853 -0.3063303 0.01172465 -0.9463048 0.3232731 -0.001324594 -0.9919205 0.1268424 0.002132713 -0.999816 0.0120061 0.0149675 -0.9956194 0.09343999 0.003329098 -0.9898724 -0.14195 -0.001660346 -0.9898687 -0.1419761 -0.001660346 -0.9463083 0.3232627 -0.001324594 -0.8980551 0.4398505 0.005341947 -0.8601822 0.5099868 0 -0.2929381 -0.9561315 0 -0.3328056 -0.942821 0.01813668 -0.3721944 -0.9281548 0 -0.4488151 -0.8936246 0 -0.4858987 -0.8738269 0.01813942 -0.522283 -0.8527722 0 -0.5920501 -0.8059012 0 -0.6252927 -0.7801796 0.01813703 -0.6576358 -0.753336 0 0.4393806 -0.898301 -1.27099e-4 0.9723832 -0.2333903 0 0.6793686 -0.7337709 0.006214082 0.8200501 -0.5722876 -0.002169132 0.9179399 -0.3967137 -0.002126455 0.8424123 -0.5384772 0.01959067 0.9307714 -0.3655945 0.002307295 0.6872376 -0.7264328 -1.21767e-4 0.4932214 -0.8688681 0.04243731 0.5862479 -0.8097958 0.02332872 0.3452342 -0.9385166 -4.00681e-5 0.1565781 -0.9866117 0.04561477 0.2714236 -0.9622844 0.01838451 -0.05263191 -0.998614 0 -0.204425 -0.9779698 0.0422548 -0.1115335 -0.9935157 0.02205771 -0.05988419 -0.9981008 0.01445043 0.008805394 -0.9999496 0.004817247 0.1124652 -0.9936557 -4.10781e-5 -0.350845 -0.9042254 -0.2434836 -0.7440675 -0.5289393 -0.4081506 -0.2174927 -0.9263964 -0.3073864 -0.6859068 -0.6659204 -0.2933969 -0.6799206 -0.6171285 -0.3960561 -0.6823834 -0.631922 -0.3674612 -0.6823708 -0.6319103 -0.3675044 -0.6778206 -0.6289336 -0.380791 -0.6804713 -0.6226518 -0.3863463 -0.6799273 -0.6171346 -0.3960349 -0.679037 -0.6440154 -0.3523536 -0.6780139 -0.6463874 -0.3499723 -0.6858156 -0.6491465 -0.3290377 -0.6832686 -0.6633792 -0.3050773 -0.6772959 -0.6719841 -0.2995123 -0.6858187 -0.6491495 -0.3290253 -0.6661619 -0.7027648 -0.2496997 -0.6798983 -0.6879705 -0.2538404 -0.6856936 -0.6768366 -0.2677996 -0.633124 -0.7347201 -0.2435988 -0.6287252 -0.7295858 -0.2690898 -0.6645032 -0.7043012 -0.2497903 -0.6621973 -0.706223 -0.250487 -0.6660092 -0.7029098 -0.2496988 -0.2401846 -0.916194 -0.3207799 -0.244471 -0.9247874 -0.2915511 -0.2495834 -0.9292025 -0.2725635 -0.253999 -0.9305218 -0.2638442 -0.2550255 -0.930796 -0.2618792 -0.1543373 -0.916976 -0.367879 -0.1720296 -0.9195259 -0.3533805 -0.1785733 -0.919536 -0.3500929 -0.1614508 -0.9320125 -0.3244785 -0.1614492 -0.9320037 -0.3245046 -0.1472217 -0.906161 -0.3964822 -0.1472254 -0.9061836 -0.3964291 -0.1505212 -0.9122644 -0.3809424 -0.1637683 -0.906024 -0.3902568 -0.1543373 -0.9169757 -0.3678799 -0.1397684 -0.9102784 -0.3896895 -0.1376844 -0.9094685 -0.3923135 -0.1471673 -0.9060887 -0.3966674 -0.1480413 -0.9056118 -0.3974306 -0.1285415 -0.9209207 -0.3679432 -0.1397702 -0.9102902 -0.3896614 -0.1341791 -0.9194407 -0.3696278 -0.1282222 -0.9185821 -0.373853 -0.7503106 -0.5356675 -0.3874201 -0.7506955 -0.5408242 -0.3794277 -0.752019 -0.5345407 -0.38566 -0.7508642 -0.5421665 -0.3771717 -0.7414584 -0.5608672 -0.3683305 -0.7304688 -0.5610369 -0.3894264 -0.7359268 -0.5524408 -0.3914343 -0.7320608 -0.5579473 -0.3908731 -0.7304659 -0.5610347 -0.3894351 -0.4540619 -0.8570534 -0.2434897 -0.5511007 -0.7981238 -0.2434883 -0.350824 -0.9042329 -0.243486 -0.2499552 -0.9300971 -0.2691499 -0.2711962 -0.9311439 -0.2437695 -0.3508285 -0.9042361 -0.2434673 -0.6400834 -0.7277505 -0.246318 -0.6290358 -0.7151898 -0.3046597 -0.6290363 -0.7151898 -0.3046587 -0.6187636 -0.7035101 -0.3495786 -0.618761 -0.7035107 -0.3495821 -0.610745 -0.6943967 -0.3805309 -0.6107467 -0.6943962 -0.3805291 -0.6075544 -0.6907666 -0.3920704 -0.607558 -0.6907647 -0.3920684 -0.3508327 -0.9042337 -0.2434702 -0.3445222 -0.8879691 -0.3046558 -0.344517 -0.8879681 -0.304665 -0.3388935 -0.8734738 -0.3495634 -0.3388864 -0.8734728 -0.349573 -0.3344931 -0.862149 -0.3805438 -0.3344987 -0.8621493 -0.3805382 -0.3327518 -0.857647 -0.3920687 -0.3327579 -0.8576459 -0.3920658 -0.691478 -0.6217017 -0.3678931 -0.6914806 -0.6216962 -0.3678975 -0.6844128 -0.6153417 -0.3910673 -0.6849785 -0.6140907 -0.3920422 -0.674409 -0.6171151 -0.4053905 -0.677944 -0.6167407 -0.4000286 -0.6914894 -0.6216884 -0.3678941 -0.6141102 -0.6982284 -0.3678938 -0.6141158 -0.6982207 -0.367899 -0.6141117 -0.6982231 -0.3679013 -0.5283529 -0.765174 -0.367902 -0.5283366 -0.7651892 -0.3678938 -0.5226936 -0.7570165 -0.392068 -0.5226929 -0.7570169 -0.3920685 -0.5254368 -0.7609908 -0.3805382 -0.5254462 -0.7609891 -0.3805286 -0.5323432 -0.7709779 -0.3495768 -0.5323385 -0.7709782 -0.3495831 -0.5411794 -0.7837824 -0.3046472 -0.5411729 -0.7837827 -0.3046584 -0.5510863 -0.7981404 -0.2434664 -0.5510808 -0.7981416 -0.2434748 -0.5283384 -0.7651885 -0.3678925 -0.4353176 -0.8216776 -0.3678919 -0.4353174 -0.8216778 -0.3678918 -0.4353224 -0.821672 -0.3678989 -0.4306735 -0.8128975 -0.3920688 -0.4306752 -0.8128971 -0.392068 -0.4329348 -0.8171622 -0.3805437 -0.4329402 -0.8171618 -0.3805383 -0.4386272 -0.8278959 -0.3495635 -0.4386168 -0.8278955 -0.3495774 -0.4458989 -0.8416405 -0.304656 -0.4459044 -0.8416411 -0.3046467 -0.4540689 -0.8570516 -0.243483 -0.4540685 -0.8570516 -0.243484 -0.4352761 -0.8216953 -0.3679014 -0.336346 -0.866903 -0.3679004 -0.3363487 -0.8669008 -0.367903 -0.3363573 -0.8668984 -0.3679008 -0.2327712 -0.9002591 -0.3679012 -0.2401797 -0.9161753 -0.3208373 -0.2392704 -0.9219111 -0.3046796 -0.2382152 -0.921348 -0.3071992 -0.2345264 -0.907081 -0.3495731 -0.2345306 -0.9070822 -0.3495675 -0.2314901 -0.8953227 -0.3805383 -0.2314886 -0.8953225 -0.3805398 -0.2302802 -0.8906489 -0.3920658 -0.2302736 -0.8906492 -0.392069 -0.2327598 -0.9002651 -0.3678935 -0.2327607 -0.900265 -0.367893 0.3056207 0.9018682 -0.3053354 0.683323 0.6677951 -0.2951598 0.6782088 0.6188346 -0.3963289 0.6805171 0.6335206 -0.3681688 0.6805046 0.6335088 -0.3682121 0.6762397 0.6306457 -0.38077 0.6788552 0.6241537 -0.3867658 0.6782092 0.618835 -0.3963277 0.6776551 0.6451288 -0.3529767 0.6764967 0.6479994 -0.3499272 0.6836876 0.6507957 -0.3302062 0.6810852 0.6656228 -0.3050726 0.6765797 0.6724823 -0.3000127 0.6836876 0.6507957 -0.3302063 0.6677594 0.7020797 -0.247349 0.6796602 0.6881166 -0.2540822 0.68404 0.6779477 -0.2692143 0.6271087 0.7332029 -0.2629606 0.6652464 0.7044786 -0.2472998 0.6638747 0.7056993 -0.2475056 0.667577 0.7022535 -0.2473481 0.3325818 0.8863851 -0.3220416 0.3375723 0.8944364 -0.2933061 0.3428575 0.8983491 -0.2746224 0.3472082 0.8993231 -0.2658278 0.3478175 0.8994413 -0.2646289 0.2466143 0.8963937 -0.3683202 0.263468 0.8975324 -0.3535819 0.2697596 0.8970272 -0.3501027 0.2564058 0.9100109 -0.3257853 0.256406 0.9100116 -0.3257834 0.2381498 0.8865668 -0.3965905 0.2381491 0.8865645 -0.3965959 0.2419975 0.8923785 -0.380917 0.2541995 0.8848499 -0.3904141 0.2466084 0.896372 -0.3683769 0.2310913 0.8914194 -0.3898311 0.2291297 0.890845 -0.3922944 0.238115 0.8864995 -0.3967616 0.2387603 0.8860455 -0.3973875 0.2210715 0.9031963 -0.3679181 0.2310893 0.8914115 -0.3898501 0.2266539 0.9010367 -0.369812 0.2204725 0.9007857 -0.3741351 0.7365489 0.5672643 -0.3683842 0.7507248 0.5411013 -0.3789744 0.7498731 0.5430477 -0.3778749 0.7505772 0.535259 -0.3874683 0.7498021 0.5395122 -0.3830447 0.74562 0.5316592 -0.4017331 0.7344509 0.5540763 -0.3918945 0.7305194 0.5595931 -0.391404 0.7296421 0.5619727 -0.3896268 0.544218 0.8028417 -0.2434583 0.5442321 0.8028353 -0.243448 0.6303815 0.7370921 -0.2435457 0.4447013 0.8619461 -0.2434948 0.4447196 0.8619419 -0.2434761 0.5442251 0.8028319 -0.243475 0.3419239 0.8990394 -0.2735255 0.3650464 0.8985163 -0.2437412 0.444783 0.8619192 -0.2434408 0.6349365 0.731144 -0.2495675 0.6245161 0.7191448 -0.3046478 0.6245253 0.7191437 -0.3046318 0.6143307 0.7074045 -0.3495377 0.6143196 0.7074067 -0.3495531 0.6063549 0.6982352 -0.3805279 0.6063653 0.6982321 -0.3805168 0.6032004 0.6945877 -0.3920426 0.6031967 0.6945896 -0.3920446 0.4447297 0.8619487 -0.2434335 0.4367288 0.846442 -0.3046373 0.4367306 0.8464422 -0.3046341 0.4295998 0.8326215 -0.3495502 0.4295934 0.8326212 -0.3495588 0.4240271 0.8218328 -0.380515 0.4240243 0.821833 -0.3805178 0.4218102 0.8175418 -0.3920477 0.4218108 0.8175417 -0.3920475 0.6889775 0.6244772 -0.3678835 0.6889771 0.6244781 -0.3678827 0.6817952 0.6179686 -0.3914973 0.682155 0.617236 -0.3920259 0.6739678 0.6183314 -0.4042693 0.6767313 0.6185102 -0.3993493 0.6890015 0.6244578 -0.3678715 0.6096975 0.7020965 -0.3678714 0.6097062 0.7020854 -0.3678783 0.6097005 0.7020884 -0.3678819 0.5217562 0.7696967 -0.3678825 0.5442132 0.8028421 -0.2434676 0.5344284 0.7884074 -0.304631 0.5344248 0.7884074 -0.3046374 0.5256987 0.7755342 -0.3495534 0.5257012 0.775534 -0.3495501 0.5188873 0.765482 -0.3805173 0.5188893 0.7654816 -0.3805151 0.51618 0.7614848 -0.3920446 0.5161741 0.7614873 -0.3920478 0.5217452 0.769706 -0.3678784 0.5217449 0.7697061 -0.3678787 0.4263272 0.8263842 -0.3678779 0.4263717 0.8263597 -0.3678813 0.4263644 0.8263674 -0.3678725 0.4263652 0.8263671 -0.3678724 0.3249216 0.8712611 -0.3678723 0.3325567 0.8863181 -0.322252 0.3329745 0.8923701 -0.3046368 0.3327543 0.8922932 -0.3051024 0.3273714 0.8778589 -0.3495593 0.3273714 0.8778589 -0.3495594 0.3231292 0.8664835 -0.3805178 0.3231385 0.8664842 -0.3805083 0.3214499 0.8619563 -0.3920475 0.3214519 0.861956 -0.3920466 0.324922 0.8712609 -0.3678725 0.324923 0.8712607 -0.3678721 0.6204513 -0.6971486 0.359199 0.253212 -0.945008 0.2069869 0.2308402 -0.8525874 0.4688364 0.2499673 -0.9330261 0.2588022 0.06698876 -0.2500036 0.9659248 0.02556139 -0.08839315 0.9957576 0.6248446 -0.6952265 0.3552877 0.2028946 -0.7573511 0.6206877 0.1497566 -0.5522084 0.8201457 0.1829117 -0.6830854 0.7070627 0.1479156 -0.5524843 0.8202939 0.08275508 -0.3081473 0.9477325 0.258667 0.03405219 0.9653661 0.258668 0.03405243 0.9653659 0.258668 -0.03405398 0.9653658 0.2586506 -0.0340535 0.9653705 0.2409975 -0.09982758 0.9653779 0.2410894 -0.0998547 0.9653522 0.2070457 -0.1588733 0.9653452 0.2069956 -0.1588426 0.9653611 0.1588449 -0.2069971 0.9653603 0.1588103 -0.2069607 0.9653738 0.09982585 -0.2410084 0.9653754 0.09984576 -0.2410449 0.9653643 0.7040786 0.0926907 0.7040467 0.7040629 0.09268629 0.7040629 0.7040625 -0.09269297 0.7040625 0.7040781 -0.09269285 0.7040469 0.6560966 -0.271767 0.7040454 0.6560607 -0.2717578 0.7040824 0.5633642 -0.4322704 0.7041045 0.5632748 -0.43222 0.704207 0.4321671 -0.5632769 0.7042378 0.4324844 -0.5635875 0.7037943 0.2719026 -0.6563531 0.7037539 0.2717673 -0.6561246 0.7040191 0.9582198 0.1261499 0.2567119 0.958215 0.1261473 0.2567311 0.9582141 -0.1261551 0.2567308 0.9582193 -0.1261539 0.256712 0.8929216 -0.3698516 0.2567115 0.8928893 -0.3698508 0.256825 0.7667283 -0.5883322 0.2568907 0.766771 -0.5883448 0.2567346 0.5883411 -0.766774 0.2567344 0.5882596 -0.7667244 0.2570685 0.3698235 -0.8928227 0.2570958 0.3698934 -0.8928959 0.2567408 0.174157 0.04666537 0.9836116 0.2501522 0.06641399 0.965926 0.858288 0.2300117 0.4587335 0.8578478 0.2298937 0.4596151 0.7768501 0.208101 0.5943046 0.6690816 0.1785234 0.7214286 0.6831781 0.182457 0.7070906 0.4807054 0.1290705 0.8673311 0.4807444 0.129081 0.8673077 0.9330229 0.2500025 0.25878 0.9584121 0.2553551 0.1274367 0.9145477 0.2447105 0.3220549 0.7771567 -0.5482833 0.3088897 0.8233241 -0.5260611 0.213066 0.4824198 -0.8724915 0.07764977 0.8232132 -0.5263626 0.2127498 0.4825387 -0.8724265 0.07764256 0.824328 -0.5243677 0.2133588 0.8093978 -0.5282778 0.2565106 0.8093288 -0.5283595 0.2565601 0.8090264 -0.5289341 0.2563299 0.7944914 -0.5329016 0.2912033 0.7931895 -0.5351153 0.2906924 0.7921271 -0.5372981 0.2895608 0.7817822 -0.5401067 0.3116108 0.7702952 -0.550131 0.3224922 0.770259 -0.5501925 0.3224738 0.7630348 -0.5626965 0.3180419 0.7429323 -0.5976068 0.3015255 0.742952 -0.5976226 0.3014458 0.4828304 -0.8722531 0.07777786 0.4774286 -0.8736839 0.09347921 0.4773633 -0.8737221 0.09345602 0.4720621 -0.8751555 0.106114 0.4707065 -0.8759562 0.1055278 0.4669933 -0.8769574 0.1134155 0.4642518 -0.8785831 0.1120807 0.4617732 -0.8792493 0.1169877 0.4468921 -0.8879953 0.1084064 0.3717356 -0.7483764 0.5493135 0.8539632 -0.3002522 0.4249652 0.5905398 -0.2141796 0.7780681 0.2574401 -0.6065472 0.7522134 0.2905936 -0.4827063 0.8261659 0.2336455 -0.2607716 0.9367006 0.2222448 -0.2972396 0.9285774 0.2167795 -0.05923855 0.9744216 0.2579319 -0.605396 0.7529721 0.3489764 -0.5155726 0.7825602 0.3304189 -0.6973919 0.6359779 0.8527106 -0.3279988 0.4065728 0.8485715 -0.341233 0.4043346 0.8544841 -0.3593487 0.375134 0.849268 -0.3819985 0.3644462 0.855405 -0.3886124 0.3424363 0.8523917 -0.4116821 0.3224068 0.8567241 -0.4114131 0.3110678 0.8575929 -0.426232 0.2878555 0.8583359 -0.4262613 0.2855883 0.8604708 -0.4350376 0.2652021 0.8593845 -0.4354993 0.2679525 0.8654492 -0.444661 0.230812 0.7877618 -0.529385 0.3149334 0.7875587 -0.5297107 0.3148936 0.5942332 -0.3250851 0.7356674 0.5880867 -0.3440641 0.7319658 0.6193538 -0.4338424 0.6543559 0.6069589 -0.4858598 0.6289206 0.6355772 -0.5314888 0.5599655 0.626833 -0.5936933 0.5045875 0.6470482 -0.6050093 0.4639961 0.6498349 -0.649733 0.3944131 0.6536408 -0.6519085 0.3844075 0.6603819 -0.6800846 0.3184034 0.6568698 -0.679798 0.3261851 0.6794666 -0.7153782 0.16297 0.4161411 -0.8668928 0.2744513 0.3749731 -0.8169961 0.4380782 0.3762657 -0.8029339 0.4623 0.3834882 -0.8131842 0.4377995 0.3936176 -0.8554183 0.3366373 0.3859963 -0.8514945 0.3549141 0.4015677 -0.8753855 0.2691534 0.4288397 -0.8704532 0.2416766 0.4564695 -0.885257 0.08919352 0.5174058 -0.848513 0.1109827 0.5413959 -0.8382495 0.06502664 0.6286464 -0.7686964 0.1179391 0.6497747 -0.7554444 0.08424186 0.6704268 -0.7361813 0.09254807 0.8046643 -0.5389786 0.2490332 0.7965704 -0.5449928 0.2616459 0.7939413 -0.5494777 0.2602527 0.7839885 -0.5559134 0.2762648 0.7726297 -0.5761638 0.2666057 0.7609003 -0.5809615 0.2889885 0.7512323 -0.595375 0.2849187 0.8226114 -0.5117059 0.2479266 0.8222059 -0.5153681 0.2416053 0.8092054 -0.5284008 0.256864 0.6947352 -0.7172358 0.05399912 0.7282422 -0.6761447 0.1117666 0.773249 -0.6313321 0.05921041 0.7910076 -0.6041687 0.09636932 0.8301098 -0.5533015 0.06910264 0.8332923 -0.5462401 0.08512288 0.869317 -0.4881519 0.07743275 0.8693763 -0.4886292 0.07366305 0.905633 -0.4140595 0.0915625 0.9127507 -0.4045565 0.05674648 0.8226122 -0.5117087 0.2479181 0.833341 -0.4977312 0.2404298 0.8334152 -0.4963167 0.2430817 0.8417741 -0.4828996 0.2412971 0.8418752 -0.4830268 0.2406893 0.8504586 -0.465563 0.2448901 0.8525769 -0.4645787 0.2393308 0.858433 -0.4471499 0.2512962 0.8619366 -0.4440024 0.2448005 0.8642901 -0.4331456 0.2557096 0.8665664 -0.431101 0.2514253 0.8686047 -0.4175009 0.2668686 0.8769295 -0.4066458 0.256191 0.876924 -0.3953417 0.27333 0.8798133 -0.3920742 0.2687126 0.8789457 -0.3790959 0.2893798 0.8922145 -0.3575969 0.2758218 0.9335665 -0.3447648 0.09793239 0.9435328 -0.3213697 0.0804193 0.9477501 -0.3132959 0.06012821 0.9561712 -0.276066 0.09759187 0.962397 -0.2617046 0.07281929 0.9679174 -0.2218522 0.1179725 0.9864556 -0.153667 0.05737352 0.9869433 -0.1223942 0.1047025 0.9912404 -0.1040294 0.08136594 0.9885979 -0.07217276 0.1321567 0.9973388 0.03486078 0.06403034 0.1752652 -0.1405801 0.9744328 0.4903411 -0.3933062 0.7777376 0.7070924 -0.5655234 0.4245041 0.717421 -0.5754487 0.3926398 0.7183092 -0.5743199 0.3926684 0.7480361 -0.4841253 0.4539434 0.8316169 -0.5250016 0.1810706 0.8316206 -0.5249959 0.1810708 0.727585 -0.3721479 0.5763037 0.8495036 -0.3128229 0.4248359 0.7217038 -0.2809014 0.6326438 0.9023732 -0.4298624 0.03067606 0.9023726 -0.4298635 0.03067606 0.4902945 -0.393265 0.7777878 0.5276625 -0.3415005 0.7777851 0.5276634 -0.3415012 0.7777842 0.5595849 -0.2862187 0.7777812 0.5596005 -0.2862276 0.7777667 0.5857496 -0.2279853 0.7777661 0.5857222 -0.2279731 0.7777903 0.1752634 -0.1405786 0.9744334 0.1886236 -0.1220763 0.9744324 0.1886605 -0.1221022 0.974422 0.20007 -0.102333 0.9744228 0.2000524 -0.1023231 0.9744276 0.2094021 -0.08150333 0.974427 0.2093918 -0.08149892 0.9744296 0.8889352 -0.3447502 0.3015654 0.861388 -0.3923696 0.3225784 0.8889431 -0.3447533 0.301538 0.8823994 -0.3559913 0.3076386 0.9925166 0.05697876 0.1080017 0.8614302 -0.3922954 0.322556 0.8636668 -0.400769 0.3057183 0.8578975 -0.4098016 0.3099589 0.8618993 -0.4251263 0.2764002 0.8615712 -0.4255506 0.2767702 0.8597285 -0.4286891 0.2776556 0.8650136 -0.448493 0.2249566 0.8661987 -0.4464867 0.2243868 0.8661974 -0.4464889 0.2243872 0.8654062 -0.4479089 0.22461 0.9964545 0.01975911 0.08177989 0.9923019 0.03977811 0.1172799 0.9931529 0.03658145 0.1109461 0.9930642 0.03314614 0.1128039 0.9945414 0.02756118 0.1006374 0.9945121 0.02619802 0.1012889 0.9964501 0.01895582 0.08202391 0.9964589 0.01968455 0.08174467 0.8516077 -0.4159008 0.3190469 0.8662247 -0.4465587 0.2241434 0.9990603 -0.0142526 -0.04093122 0.9431172 0.09363448 0.3190025 0.9708254 0.08956933 0.2224305 0.958525 0.07341003 0.2753918 0.7866091 -0.5211544 0.3311259 0.8089857 -0.5259902 0.2624434 0.806742 -0.527952 0.265394 0.7983595 -0.5301051 0.285676 0.7997538 -0.5287247 0.2843309 0.7855011 -0.5357637 0.3097503 0.7902628 -0.5302435 0.3071265 0.7698425 -0.5440467 0.3337002 0.7781417 -0.5335029 0.3314664 0.9061797 -0.2248234 0.35818 0.9236534 -0.2277837 0.3081868 0.9193456 -0.2324561 0.3174396 0.8902122 -0.2398511 0.3872901 0.8942546 -0.2349532 0.3809273 0.8455506 -0.2587265 0.4670169 0.860297 -0.2370713 0.4513162 0.7903694 -0.2843272 0.5426547 0.8149145 -0.244521 0.5254749 0.6835517 0.01356732 0.729776 0.7614901 0.08011817 0.643206 0.7168132 0.00208652 0.6972622 0.8410453 0.08591043 0.5340995 0.8131418 0.04260581 0.5805043 0.8975993 0.08373999 0.4327852 0.8886138 0.07778322 0.4520125 0.8990458 0.07596683 0.4312143 0.9352965 0.08537578 0.3434116 0.5849104 0.07348406 0.8077623 0.533843 -0.0397734 0.8446478 0.7223148 -0.2518562 0.6440728 0.7015048 -0.3324651 0.6303635 0.7561377 -0.5375 0.3732954 0.744731 -0.5599288 0.3631191 0.3042108 0.01195508 0.9525297 0.3268562 -0.175721 0.9285941 0.5614773 -0.3036217 0.7697774 0.5601086 -0.4092804 0.7202554 0.7130874 -0.5581046 0.4242942 0.7046289 -0.5878244 0.3974426 0 0 1 0 0 1 0 0 1 0 0 1 0 0 1 0 0 1 0 0 1 0 0 1 0 0 1 0 0 1 0 0 1 0 0 1 0 0 1 0 0 1 0 0 1 0 0 1 0 0 1 0 0 1 0 0 1 0 0 1 0 0 1 0 0 1 0 0 1 0 0 1 0 0 1 0 0 1 0 0 1 0 0 1 0 0 1 0 0 1 0 0 1 0 0 1 0 0 1 0 0 1 0 0 1 0 0 1 0.9914451 0.1305244 0 0.9914451 0.1305244 0 0.9914432 -0.1305387 0 0.9914432 -0.1305387 0 0.9238797 -0.3826831 -1.48501e-7 0.9238797 -0.3826831 -1.49434e-7 0.7933675 -0.608743 -2.36223e-7 0.7933675 -0.608743 -2.34818e-7 0.6087329 -0.7933753 -3.0787e-7 0.6087329 -0.7933753 -3.09551e-7 0.3827196 -0.9238646 -3.58507e-7 0.3827196 -0.9238646 -3.57571e-7 0.1305437 -0.9914425 -3.8473e-7 0.1305437 -0.9914425 -3.84257e-7 -0.1305437 -0.9914425 -3.8473e-7 -0.1305437 -0.9914425 -3.84257e-7 -0.382722 -0.9238635 -3.58506e-7 -0.382722 -0.9238635 -3.57573e-7 -0.6087297 -0.7933777 -3.07871e-7 -0.6087297 -0.7933777 -3.09549e-7 -0.7933675 -0.6087431 -2.36223e-7 -0.7933675 -0.608743 -2.34818e-7 -0.923882 -0.3826774 -1.48498e-7 -0.923882 -0.3826774 -1.49434e-7 -0.9914432 -0.1305388 0 -0.9914432 -0.1305387 0 -0.9914451 0.1305244 0 -0.9914451 0.1305244 0 -0.923882 0.3826774 1.48498e-7 -0.923882 0.3826774 1.49434e-7 -0.7933469 0.6087698 2.36234e-7 -0.793347 0.6087698 2.34828e-7 -0.6087646 0.7933509 3.07861e-7 -0.6087646 0.7933509 3.09539e-7 -0.3826748 0.9238831 3.58514e-7 -0.3826747 0.9238831 3.57581e-7 -0.1305437 0.9914425 3.8473e-7 -0.1305437 0.9914425 3.84257e-7 0.1305437 0.9914425 3.8473e-7 0.1305437 0.9914425 3.84257e-7 0.3826723 0.9238841 3.58514e-7 0.3826723 0.9238841 3.57579e-7 0.6087678 0.7933485 3.0786e-7 0.6087678 0.7933484 2.98867e-7 0.793347 0.6087698 2.36234e-7 0.793347 0.6087698 2.34828e-7 0.9238797 0.3826831 1.48501e-7 0.9238797 0.3826831 1.49434e-7 0.6318528 -0.7750883 0 0.6087719 -0.7933446 0.001089096 0.5302577 -0.8478366 6.32088e-5 0.4377092 -0.8991166 -1.60639e-4 0.3826899 -0.9238758 0.001433014 0.3357396 -0.9419549 4.92226e-4 0.01583176 -0.9998747 -1.86217e-4 0.1327504 -0.9911489 0.001089572 0.1305551 -0.9914406 0.001014828 0.255767 -0.9667384 -2.71626e-4 0.2558552 -0.9667151 -2.71626e-4 0.002212941 -0.9619812 0.2731066 -0.146956 -0.9891428 7.31289e-4 -0.1305555 -0.991441 0 -0.6087722 -0.7933451 0 -0.6598839 -0.7513598 0.003397941 -0.5390164 -0.842295 -7.53337e-4 -0.3826912 -0.9238757 0.001034259 -0.4244356 -0.9054542 0.002675831 -0.3332406 -0.9428418 0 0.707103 -0.7071105 0 0.7071129 -0.7071008 7.21152e-6 0.7071021 -0.7071115 -9.85502e-6 0.7071048 -0.7071087 3.10788e-6 -0.707104 -0.7071095 0 -0.7071094 -0.7071042 3.91297e-6 -0.7071044 -0.7071092 -4.31216e-6 -0.7071041 -0.7071095 -6.20111e-6 -0.7071064 -0.7071071 0 0 0 1 0 0 1 0 0 1 0 0 1 0 0 1 0 0 1 0 0 1 0 0 1 0 0 1 0 0 1 0 0 1 0 0 1 0 0 1 0 0 1 0 0 1 0 0 1 0 0 1 0 0 1 0 0 1 0 0 1 0 0 1 0 0 1 0 0 1 0 0 1 0 0 1 0 0 1 0 0 1 0 0 1 0 0 1 0 0 1 0 0 1 0 0 1 0 0 1 0 0 1 0 0 1 0 0 1 -0.3553619 -0.9347288 0 -0.4422821 -0.8968691 0.00350511 -0.4724928 -0.8813314 0.002333462 -0.7920033 -0.6105157 0.001089334 -0.7126814 -0.701469 0.005148231 -0.6556816 -0.7549803 0.00930047 -0.7518327 -0.6593536 7.09671e-4 -0.5597982 -0.828629 -2.7622e-4 -0.5596282 -0.8287438 -2.76219e-4 -0.8579576 -0.5137205 -1.85016e-4 -0.8929107 -0.4502336 -1.84521e-4 -0.8348549 -0.4819025 0.266059 -0.997859 0.06540143 0 -0.9828286 0.1842919 0.009189486 -0.9991449 0.04131007 0.001751959 -0.9966523 -0.08175772 1.59703e-4 -0.9832178 -0.1824356 -2.84805e-4 -0.9469324 -0.3214324 -2.8139e-4 -0.9812338 -0.1926245 0.008722782 -0.9461576 -0.3236942 0.002783715 -0.2588261 -0.965924 0 -0.2588127 -0.9659275 7.21159e-6 -0.2588242 -0.9659245 -6.1688e-6 -0.2588171 -0.9659263 1.82505e-5 -0.9659253 0.258821 0 -0.9659261 0.258818 -1.63633e-6 -0.9659256 0.2588197 -1.43142e-7 -0.9659256 0.2588199 1.17203e-6 -0.9659259 0.2588191 -5.95363e-7 -2.24118e-6 -7.27547e-6 1 0 0 1 0 0 1 0 0 1 0 0 1 0 0 1 0 0 1 4.24311e-7 -1.75764e-7 1 -1.84229e-7 -7.40151e-7 1 3.47935e-7 -2.66972e-7 1 2.83657e-7 -3.69692e-7 1 2.14525e-7 -5.17803e-7 1 0 0 1 0 0 1 0 0 1 0 0 1 0 0 1 0 0 1 0 0 1 0 0 1 0 0 1 0 0 1 0 0 1 0 0 1 0 0 1 0 0 1 0 0 1 1.12854e-6 -1.57309e-5 1 -5.75328e-6 -1.38868e-5 1 -1.53572e-6 -7.65832e-6 1 0 0 1 0 0 1 0 0 1 0 0 1 -0.9871773 -0.159628 0 -0.9914453 -0.1305183 0.001088857 -0.9993807 -0.03518807 6.20863e-5 -0.9975159 0.07044267 -1.61693e-4 -0.9914441 0.1305244 0.001433372 -0.9836061 0.1803296 4.90641e-4 -0.8738207 0.4862483 -1.84881e-4 -0.9247381 0.3806026 0.001091182 -0.9238813 0.382678 0.001015365 -0.9651266 0.2617835 -2.72243e-4 -0.9651216 0.2618017 -2.72243e-4 -0.8341951 0.4791513 0.273007 -0.783138 0.6218475 7.32477e-4 -0.7933501 0.6087657 -3.99304e-7 -0.3826879 0.9238777 0 -0.3207225 0.9471671 0.003400623 -0.4599485 0.8879452 -7.518e-4 -0.6087446 0.7933655 0.001035392 -0.5721099 0.8201727 0.002668619 -0.6498742 0.7600418 -3.27059e-7 -0.9659256 -0.2588201 0 -0.9659261 -0.2588181 -1.05711e-6 -0.9659261 -0.2588182 -1.00669e-6 -0.9659256 -0.2588198 4.51855e-6 -0.2588197 0.9659257 0 -0.2588196 0.9659257 0 -0.2588171 0.9659263 2.06572e-5 -0.2588208 0.9659254 -6.7125e-7 -0.2588213 0.9659252 -1.60065e-6 0 0 1 0 0 1 0 0 1 0 0 1 0 0 1 0 0 1 0 0 1 0 0 1 0 0 1 0 0 1 0 0 1 0 0 1 0 0 1 0 0 1 0 0 1 0 0 1 0 0 1 0 0 1 0 0 1 0 0 1 0 0 1 0 0 1 0 0 1 0 0 1 0 0 1 0 0 1 0 0 1 0 0 1 0 0 1 0 0 1 0 0 1 0 0 1 0 0 1 0 0 1 0 0 1 0 0 1 -0.6318193 0.7751157 0 -0.6087431 0.7933667 0.001088798 -0.5302464 0.8478437 6.31426e-5 -0.4377093 0.8991166 -1.60698e-4 -0.3826886 0.9238764 0.001433014 -0.3357513 0.9419505 4.92459e-4 -0.01582443 0.9998747 -1.863e-4 -0.1326639 0.9911605 0.001088619 -0.1305583 0.9914401 0.001016914 -0.2559554 0.9666885 -2.71504e-4 -0.2558551 0.9667151 -2.71504e-4 -0.0024935 0.9618411 0.2735974 0.1469556 0.9891428 7.31164e-4 0.130558 0.9914407 0 0.6087436 0.7933671 0 0.6598786 0.7513646 0.003399372 0.5390123 0.8422976 -7.5166e-4 0.3826876 0.9238772 0.001036167 0.4242404 0.9055457 0.002670049 0.333239 0.9428424 0 -0.7071092 0.7071045 0 -0.7071074 0.7071061 -1.27433e-6 -0.7071061 0.7071075 -3.3304e-6 -0.7071068 0.7071067 3.41646e-7 0.7071071 0.7071065 0 0.7071099 0.7071036 2.13435e-6 0.7071074 0.7071061 -4.41952e-6 0.7071078 0.7071058 -1.3425e-6 0.7071081 0.7071055 -3.51362e-7 0 0 1 0 0 1 0 0 1 0 0 1 0 0 1 0 0 1 0 0 1 0 0 1 0 0 1 0 0 1 0 0 1 0 0 1 0 0 1 0 0 1 0 0 1 0 0 1 0 0 1 0 0 1 0 0 1 0 0 1 0 0 1 0 0 1 0 0 1 0 0 1 0.3553117 0.9347479 0 0.3826877 0.9238771 0.001090049 0.4692701 0.8830546 6.24437e-5 0.5597922 0.8286331 -1.61136e-4 0.6087443 0.7933652 0.001432538 0.6479584 0.7616756 4.89751e-4 0.8580195 0.513617 -1.85069e-4 0.7919703 0.6105588 0.001091361 0.7933524 0.6087617 0.001014828 0.7092916 0.7049151 -2.726e-4 0.7092253 0.7049818 -2.726e-4 0.8320442 0.4828677 0.2730222 0.930088 0.3673361 7.32186e-4 0.9238827 0.3826757 1.62662e-6 0.9914452 -0.130524 0 0.9806347 -0.1958163 0.003399848 0.9989584 -0.04562485 -7.53025e-4 0.9914439 0.1305301 0.00103408 0.9963485 0.08533704 0.002669632 0.9831517 0.1827917 -5.89063e-7 0.2588257 0.9659241 0 0.2588247 0.9659243 5.5028e-7 0.2588208 0.9659253 4.98803e-6 0.258817 0.9659264 1.8234e-5 0.9659264 -0.2588172 0 0.9659256 -0.25882 1.52963e-6 0.9659258 -0.2588189 -1.62825e-6 0.9659257 -0.2588195 1.66215e-6 0.9659259 -0.2588188 2.63522e-7 0 0 1 0 0 1 0 0 1 0 0 1 0 0 1 0 0 1 0 0 1 0 0 1 0 0 1 0 0 1 0 0 1 0 0 1 0 0 1 0 0 1 0 0 1 0 0 1 0 0 1 0 0 1 0 0 1 0 0 1 0 0 1 0 0 1 0 0 1 0 0 1 -0.4993464 -0.500187 0.7074363 -0.7003676 -0.7003725 0.1377081 -0.6825125 -0.6834893 0.2588806 -0.5436622 -0.5438145 0.6392943 -0.6243973 -0.6243425 0.4693874 -0.6829922 -0.6836215 0.2572613 -0.664734 -0.6654224 0.33962 -0.6643362 -0.6650244 0.3411744 -0.1829608 -0.1829616 0.9659454 -0.0634523 -0.06539052 0.9958403 -0.2254533 -0.2259432 0.9476922 -0.1829781 -0.1834703 0.9658456 -0.2260475 -0.2263024 0.9474648 -0.5002411 -0.4998163 0.7070662 -0.4036095 -0.4047579 0.8205306 -0.5437159 -0.5445517 0.6386207 -0.5883536 -0.7667358 0.2568194 -0.4320732 -0.5631066 0.7044314 -0.1590387 -0.2072486 0.9652743 -0.1587768 -0.2069177 0.9653885 -0.1588003 -0.2069539 0.9653769 -0.0998286 -0.2409954 0.9653784 -0.09984886 -0.241064 0.9653593 -0.03404796 -0.2586967 0.9653583 -0.03404432 -0.258553 0.965397 0.03402894 -0.2585532 0.9653975 0.03406268 -0.258693 0.9653589 0.09985619 -0.241062 0.9653589 0.09982329 -0.2410015 0.9653774 0.1588059 -0.2069557 0.9653756 0.1588447 -0.2069965 0.9653604 -0.4323453 -0.5634032 0.7040273 -0.4323719 -0.5634436 0.7039786 -0.2717873 -0.6561729 0.7039664 -0.2717743 -0.6561223 0.7040187 -0.09271115 -0.7041037 0.7040189 -0.09271085 -0.704133 0.7039897 0.09271472 -0.7041328 0.7039895 0.09270679 -0.7041046 0.7040186 0.271768 -0.6561244 0.7040191 0.2717946 -0.6561694 0.7039669 0.4323737 -0.5634424 0.7039784 0.432195 -0.5632674 0.7042282 -0.5886223 -0.7671319 0.2550145 -0.588393 -0.7667647 0.2566426 -0.3698662 -0.8929376 0.2566351 -0.3698656 -0.8929129 0.2567217 -0.1261652 -0.9582167 0.256716 -0.1261751 -0.9581759 0.2568633 0.1261597 -0.9581778 0.2568638 0.1261798 -0.9582147 0.2567164 0.3698583 -0.8929159 0.2567218 0.3698711 -0.8929293 0.2566566 0.5883531 -0.7667837 0.2566778 0.5884233 -0.7668264 0.2563889 0.1275216 -0.1275222 0.9836038 0.1826059 -0.1834455 0.9659207 0.6278722 -0.6278199 0.4600202 0.6300426 -0.6299903 0.4540468 0.5684834 -0.5685584 0.5946158 0.4891603 -0.4901911 0.7214117 0.4994856 -0.5003054 0.7072544 0.3522293 -0.3518676 0.8672506 0.3521469 -0.3517853 0.8673175 0.6830713 -0.6830751 0.2584998 0.7003549 -0.7023364 0.1273837 0.669183 -0.669649 0.3221248 -0.9143376 -0.1870936 0.3591415 -0.9449424 0.2531973 0.207304 -0.8537149 0.2263621 0.4689681 -0.9329935 0.2500323 0.2588568 -0.2499988 0.06698703 0.9659262 -0.08919411 0.02202141 0.9957708 -0.9140992 -0.18937 0.3585551 -0.7573669 0.2029737 0.6206424 -0.5534731 0.146513 0.8198789 -0.682999 0.1831268 0.7070905 -0.5516303 0.1479288 0.820866 -0.3082914 0.08241844 0.9477149 -0.4277629 -0.8674279 0.2541413 -0.4277474 -0.8673522 0.2544255 -0.7271057 -0.6376681 0.2543551 -0.7271043 -0.6376659 0.254365 -0.9158082 -0.3108674 0.2542771 -0.9158524 -0.3108965 0.2540824 -0.965083 0.06325322 0.2541928 -0.9650779 0.06325423 0.2542119 -0.3157909 -0.6403357 0.700176 -0.3158109 -0.6403883 0.7001188 -0.5368082 -0.4707774 0.7001469 -0.5367304 -0.4706949 0.700262 -0.6760295 -0.2294859 0.7002288 -0.676031 -0.2294866 0.7002272 -0.7124213 0.04669427 0.7001969 -0.712419 0.04669433 0.7001991 -0.1165637 -0.2363632 0.9646478 -0.1165547 -0.236341 0.9646543 -0.1981294 -0.173753 0.9646526 -0.1981996 -0.1738238 0.9646254 -0.2495934 -0.08472734 0.9646369 -0.2495282 -0.08470004 0.9646562 -0.2629803 0.01723659 0.9646472 -0.2629731 0.01723664 0.9646492 -0.04665422 -0.1741147 0.9836196 -0.0675618 -0.2498483 0.9659251 -0.2300875 -0.8588247 0.4576898 -0.2300108 -0.8585385 0.4582648 -0.2080801 -0.7763542 0.5949596 -0.1798985 -0.6685709 0.7215605 -0.1835803 -0.6829024 0.7070662 -0.1286218 -0.4810204 0.8672231 -0.1288104 -0.4817243 0.8668043 -0.2500004 -0.9330213 0.2587874 -0.2580487 -0.9576554 0.1276987 -0.2453552 -0.9144124 0.3219484 -0.6204001 0.697193 0.3592014 -0.2532117 0.9450061 0.2069959 -0.2308369 0.8525737 0.468863 -0.2499682 0.9330298 0.2587882 -0.06698697 0.250002 0.9659253 -0.02550047 0.08815777 0.9957801 -0.6161398 0.6989551 0.3630889 -0.2028945 0.7573511 0.6206877 -0.1498879 0.5527132 0.8197816 -0.1829141 0.6830809 0.7070664 -0.147351 0.5503665 0.8218178 -0.08281803 0.3083832 0.9476503 -0.2586512 -0.03405088 0.9653704 -0.258668 -0.03405487 0.9653658 -0.258668 0.03405475 0.9653658 -0.2586663 0.03405469 0.9653663 -0.2410415 0.09984058 0.9653657 -0.2409992 0.09982806 0.9653775 -0.2069299 0.1587828 0.9653849 -0.2069438 0.1587913 0.9653806 -0.1587792 0.2069286 0.9653858 -0.1588751 0.2070295 0.9653484 -0.09986972 0.2411069 0.9653463 -0.09983593 0.2410447 0.9653654 -0.7040944 -0.0926972 0.70403 -0.7040628 -0.09268838 0.7040628 -0.7040625 0.09269297 0.7040625 -0.7040635 0.09269297 0.7040615 -0.6560875 0.2717493 0.7040607 -0.6560532 0.2717405 0.7040961 -0.5633414 0.4322788 0.7041176 -0.5633988 0.4323111 0.7040517 -0.4323053 0.5634111 0.7040455 -0.4323367 0.5634418 0.7040017 -0.2717854 0.6561497 0.7039888 -0.2717672 0.6561188 0.7040247 -0.958188 -0.1261402 0.2568354 -0.958211 -0.1261528 0.2567433 -0.9582115 0.1261493 0.2567433 -0.958202 0.1261516 0.2567777 -0.8929059 0.3698478 0.2567717 -0.8929292 0.3698484 0.2566897 -0.7667767 0.5883749 0.2566487 -0.7667569 0.5883691 0.256721 -0.5883433 0.766777 0.2567201 -0.588352 0.7667823 0.2566843 -0.3698691 0.8929288 0.2566611 -0.3698572 0.8929164 0.2567214 -0.1741278 -0.04665744 0.983617 -0.2501229 -0.06640589 0.9659341 -0.8583222 -0.2300207 0.4586648 -0.8585975 -0.2300945 0.4581122 -0.7769084 -0.2081158 0.5942231 -0.6689032 -0.1784735 0.7216063 -0.6832234 -0.1824694 0.7070436 -0.480871 -0.1291146 0.8672327 -0.4807448 -0.1290808 0.8673076 -0.9329769 -0.2499911 0.2589569 -0.9583982 -0.2553514 0.1275484 -0.9144879 -0.244695 0.3222364 0.4995712 0.5004112 0.707119 0.7003863 0.7003851 0.1375493 0.6825147 0.6834869 0.2588806 0.543737 0.5438913 0.6391654 0.6247743 0.6247207 0.4683814 0.6827481 0.6833711 0.2585708 0.664714 0.6653954 0.339712 0.6641493 0.6648306 0.3419151 0.1829352 0.1829367 0.9659548 0.06345218 0.06539022 0.9958403 0.2255811 0.2260704 0.9476314 0.1828052 0.1832967 0.9659112 0.2255333 0.2257891 0.9477098 0.5002412 0.499816 0.7070664 0.4035805 0.404729 0.8205591 0.5439066 0.544742 0.6382961 0.5883261 0.7667574 0.2568182 0.4322889 0.5633898 0.7040727 0.158855 0.2070268 0.9653522 -0.5883957 0.7668365 0.2564222 -0.4323381 0.5634399 0.7040023 -0.1587553 0.2068887 0.9653983 0.1587553 0.2068887 0.9653982 0.1588038 0.2069636 0.9653742 0.09983164 0.2410046 0.9653759 0.09984916 0.241064 0.9653592 0.0340479 0.2586968 0.9653583 0.0340442 0.258553 0.965397 -0.03402906 0.2585532 0.9653974 -0.03406274 0.2586929 0.9653588 -0.09985542 0.2410621 0.965359 -0.09982454 0.2410053 0.9653764 -0.1588014 0.2069599 0.9653754 -0.1588554 0.2070265 0.9653523 0.4323264 0.5634268 0.70402 0.4323402 0.5634477 0.7039948 0.2717825 0.6561594 0.7039809 0.2717164 0.6559017 0.7042465 0.09267908 0.7038622 0.7042646 0.09267646 0.7041066 0.7040206 -0.09271121 0.7041043 0.7040184 -0.09264546 0.7038689 0.7042624 -0.2716801 0.6559141 0.704249 -0.2718155 0.656143 0.7039834 -0.4323423 0.5634462 0.7039947 -0.4322792 0.5633751 0.7040904 0.5883837 0.7668236 0.2564883 0.5883558 0.7667791 0.2566848 0.3699017 0.8929133 0.2566683 0.3699041 0.8930153 0.2563098 0.1261392 0.9583386 0.2562735 0.126178 0.9581794 0.2568489 -0.1261196 0.9581866 0.2568509 -0.1261982 0.9583303 0.2562754 -0.3699373 0.8930019 0.2563085 -0.369871 0.8929324 0.256646 -0.5883634 0.7667848 0.2566508 -0.588326 0.7667574 0.2568179 -0.1275219 0.127523 0.9836036 -0.1825163 0.1833552 0.9659548 -0.3526229 0.3532098 0.8665448 -0.3522971 0.3528841 0.86681 -0.183801 0.1823018 0.9659106 -0.4892595 0.4899858 0.7214839 -0.4996015 0.500481 0.7070482 -0.4885466 0.4894259 0.7223466 -0.4995175 0.5004361 0.7071393 -0.5686733 0.568748 0.5942527 -0.6282454 0.6281974 0.4589943 -0.6827247 0.6834185 0.2585076 -0.6692028 0.6699125 0.3215352 -0.6830018 0.6830016 0.2588772 -0.7006109 0.7021042 0.1272553 -0.6690733 0.6697831 0.3220737 0.6832457 -0.1824601 0.7070244 0.9567064 -0.2563486 0.1378349 0.9331933 -0.2493377 0.2588071 0.7431166 -0.1990057 0.6388854 0.852786 -0.2285424 0.4696004 0.9330542 -0.2495527 0.2591012 0.9088491 -0.243025 0.3390165 0.9082136 -0.2428547 0.3408366 0.24997 -0.06697946 0.9659341 0.08826535 -0.02223134 0.9958489 0.3085768 -0.08232432 0.9476302 0.2500579 -0.06664264 0.9659347 0.3083399 -0.08243215 0.947698 0.6829789 -0.1833148 0.7070612 0.5524162 -0.1471796 0.8204721 0.7429412 -0.1984587 0.6392593 0.9582161 -0.1261494 0.256726 0.7040827 -0.09269565 0.704042 0.2586706 -0.03405267 0.9653652 0.3697384 0.8926324 0.2578774 0.2717587 0.6560985 0.7040469 0.09982514 0.2410178 0.9653732 0.2586446 -0.03405106 0.9653722 0.258668 -0.03405225 0.9653659 0.258668 0.0340541 0.9653658 0.2586666 0.0340538 0.9653663 0.2410402 0.09984505 0.9653655 0.2410015 0.09982401 0.9653773 0.2069301 0.1587824 0.9653849 0.2069417 0.1587935 0.9653806 0.15879 0.2069179 0.9653863 0.1588627 0.2070367 0.9653488 0.09987038 0.2411065 0.9653463 0.09988111 0.2411344 0.9653382 0.7041075 -0.09269219 0.7040176 0.7040485 -0.09268867 0.7040771 0.7040485 0.09268891 0.7040771 0.7040635 0.09269315 0.7040615 0.6560859 0.271754 0.7040604 0.6560555 0.271736 0.7040956 0.5633448 0.4322738 0.704118 0.5633745 0.4323042 0.7040755 0.4323002 0.5633922 0.7040638 0.4323306 0.563446 0.7040021 0.2717847 0.6561501 0.7039887 0.2717839 0.656148 0.7039911 0.9581841 -0.1261492 0.2568454 0.9582184 -0.1261504 0.2567167 0.9582181 0.1261537 0.2567166 0.9582228 0.1261563 0.2566978 0.8929274 0.3698476 0.2566974 0.892939 0.3698588 0.2566404 0.7667812 0.5883878 0.2566058 0.7667642 0.5883598 0.2567206 0.5883449 0.7667758 0.2567201 0.5883464 0.766781 0.2567008 0.3698897 0.8929171 0.2566722 0.3698989 0.8930007 0.2563682 0.0466243 0.1740064 0.9836402 0.06755352 0.2498185 0.9659334 0.1301127 0.4839857 0.8653488 0.1295038 0.4817119 0.8667078 0.06598991 0.2503749 0.9658975 0.179327 0.667302 0.7228761 0.1836227 0.6828755 0.7070813 0.1803106 0.6705148 0.7196513 0.1836544 0.6829056 0.7070438 0.2080801 0.7763537 0.5949603 0.2300841 0.8588132 0.4577129 0.2503891 0.9325952 0.259945 0.2442706 0.9097082 0.3358018 0.2500253 0.9331151 0.2584251 0.2577568 0.9578834 0.1265735 0.2454598 0.9141441 0.3226299 -0.08622688 -0.9471752 0.3089077 -0.04397708 -0.9760435 0.2130848 -0.5144247 -0.8540129 0.07764768 -0.04464721 -0.9761059 0.212659 -0.5145751 -0.853935 0.07750898 -0.0418787 -0.9760676 0.2133969 -0.05270332 -0.9651235 0.256435 -0.05294471 -0.9650801 0.2565487 -0.05342608 -0.965099 0.2563779 -0.06411969 -0.954504 0.2912229 -0.06683492 -0.9544824 0.2906829 -0.06907522 -0.9546411 0.289636 -0.07667613 -0.9470903 0.3116738 -0.09125047 -0.9421655 0.3224866 -0.09142661 -0.942164 0.3224412 -0.1193259 -0.9422556 0.312915 -0.1458868 -0.9422041 0.3016097 -0.1458916 -0.9422345 0.3015124 -0.5139451 -0.8542881 0.07779681 -0.5178825 -0.8503279 0.09348958 -0.517922 -0.8503053 0.09347569 -0.5218151 -0.8464303 0.1061356 -0.5233204 -0.8455811 0.1054921 -0.5260464 -0.8428634 0.1133868 -0.5287378 -0.8413509 0.1120939 -0.5305511 -0.8395404 0.116993 -0.5456205 -0.8309946 0.1083803 -0.3840208 -0.6132992 0.6902117 0.109628 -0.6186365 0.7779914 -0.2515683 -0.3620989 0.897551 -0.1462383 -0.3410788 0.9285902 0.0571022 -0.2173359 0.9744251 -0.2523324 -0.3618577 0.8974338 -0.1019344 -0.4334456 0.8953962 -0.2937176 -0.4994223 0.8150505 -0.4893876 -0.6524961 0.5785747 -0.4358127 -0.6393212 0.6335105 -0.4622347 -0.69603 0.5494372 -0.5083578 -0.7262237 0.4627867 -0.5125353 -0.7385283 0.438045 0.01563954 -0.6771569 0.7356724 -0.003875315 -0.6813256 0.7319702 -0.06599545 -0.7533137 0.6543416 -0.1172503 -0.7685953 0.6288987 -0.1424315 -0.8161566 0.5600016 -0.2008396 -0.8397489 0.5044652 -0.2005255 -0.8631512 0.4634217 -0.2374646 -0.8876594 0.394552 -0.2374451 -0.8920382 0.3845618 -0.2585245 -0.912026 0.3183923 -0.2599147 -0.9090951 0.325562 -0.539233 -0.7640647 0.354165 -0.5448909 -0.7681828 0.3361384 -0.5446376 -0.7595688 0.3555629 0.04749256 -0.9718906 0.230593 0.05243718 -0.9619789 0.2680425 0.05331271 -0.9626387 0.2654892 0.05982869 -0.9564149 0.2858164 0.05949223 -0.9557741 0.2880217 0.07184433 -0.947645 0.3111388 0.06946808 -0.9440612 0.3223704 0.09108716 -0.9350861 0.3425157 0.0937485 -0.9264588 0.3645343 0.1160573 -0.9196264 0.3752574 0.1287598 -0.9054793 0.4043862 0.1420475 -0.902503 0.4065845 0.166791 -0.8896769 0.4250363 -0.5397539 -0.8063121 0.2419228 -0.557642 -0.7851508 0.2693949 -0.5427559 -0.7936677 0.2747862 -0.2793076 -0.9462411 0.1631405 -0.06528812 -0.9470027 0.3145211 -0.0645706 -0.9470271 0.3145955 -0.1397953 -0.9482905 0.2849604 -0.5384833 -0.8378984 0.08922982 -0.4757161 -0.8725438 0.1111825 -0.4548506 -0.8881723 0.06527471 -0.3513317 -0.9287849 0.1180031 -0.3292774 -0.9404634 0.08429098 -0.3026888 -0.948593 0.09247052 -0.1230559 -0.9494192 0.2888951 -0.1130051 -0.9572031 0.2664431 -0.08946877 -0.9569161 0.2762371 -0.07895576 -0.9622995 0.2602799 -0.07358539 -0.9623348 0.2617193 -0.06428897 -0.9663537 0.2490535 -0.05347377 -0.9650735 0.2564638 -0.03617459 -0.9696945 0.241628 -0.03131288 -0.9684745 0.2471368 -0.01444828 -0.9706895 0.2399023 -0.01331591 -0.9701144 0.2422826 0.002391219 -0.9706419 0.2405173 0.002603232 -0.9705131 0.2410345 -0.2739869 -0.9602314 0.05372989 -0.221417 -0.9687534 0.1117642 -0.159979 -0.9853252 0.05950826 -0.1275741 -0.9871083 0.09665447 -0.0639953 -0.9955348 0.06939065 -0.05646187 -0.9947757 0.08504945 0.01190942 -0.9969321 0.07736021 0.01153826 -0.9972127 0.07371401 0.09423267 -0.9913258 0.0916152 0.1060172 -0.9927401 0.05680984 0.002741992 -0.9706272 0.240573 0.02209734 -0.9693308 0.2447642 0.02392566 -0.9706147 0.2394467 0.04192626 -0.9669781 0.2513869 0.04640358 -0.9684392 0.2448924 0.05685108 -0.9650923 0.2556653 0.05950099 -0.9659582 0.2517626 0.07228296 -0.9609321 0.267179 0.08629381 -0.9627774 0.2561503 0.09612834 -0.9570916 0.2733771 0.1005271 -0.9579848 0.2686254 0.1113362 -0.9507417 0.2893 0.1364227 -0.9514759 0.2758308 0.1681229 -0.9808869 0.09795647 0.1936388 -0.9777848 0.08025538 0.2028329 -0.9773885 0.05975329 0.2393294 -0.9660536 0.09727233 0.254611 -0.9642901 0.0729236 0.2917904 -0.9491807 0.1179596 0.3601368 -0.9311357 0.05733966 0.3874766 -0.9159162 0.1046875 0.4053913 -0.9105003 0.08152961 0.4316304 -0.8923013 0.1322628 0.5287817 -0.8463351 0.0640853 -0.03411382 -0.2220751 0.9744327 -0.14502 -0.8936048 0.4247822 -0.1256485 -0.8179559 0.5613915 -0.09544438 -0.6213307 0.7777137 0.14502 -0.8936055 0.4247805 0.1256486 -0.817957 0.56139 0.05790597 -0.9753623 0.2128742 0.04963016 -0.9758541 0.2127099 0.05364179 -0.9039663 0.4242258 -0.04599159 -0.9043117 0.4243879 -0.05787849 -0.9753638 0.2128745 -0.05790597 -0.975362 0.2128751 -0.09544748 -0.6213461 0.777701 -0.03192991 -0.6278236 0.7777005 -0.0319274 -0.6277981 0.7777211 0.03192865 -0.6277981 0.7777211 0.03192871 -0.6278238 0.7777004 0.0954467 -0.6213464 0.7777008 0.09544503 -0.6213307 0.7777135 -0.03411674 -0.2220902 0.9744291 -0.01141238 -0.2244052 0.9744291 -0.01141494 -0.2244338 0.9744225 0.01141381 -0.2244338 0.9744225 0.01141345 -0.2244051 0.9744291 0.03411614 -0.2220903 0.9744291 0.03411436 -0.2220744 0.9744327 0.145893 -0.9422285 0.3015305 0.09099811 -0.9421699 0.3225449 0.145892 -0.9422249 0.3015421 0.1191097 -0.9422754 0.3129379 0.5455254 -0.8311001 0.1080499 0.09086138 -0.9421707 0.3225809 0.08464854 -0.9483373 0.305763 0.07406777 -0.9478622 0.3099534 0.06277239 -0.9590129 0.2763223 0.06203371 -0.9589126 0.2768365 0.05835658 -0.9588848 0.2777307 0.04384976 -0.9733612 0.2250449 0.04627913 -0.9733892 0.2244366 0.04701143 -0.9733829 0.2243115 0.04469132 -0.9734188 0.2246295 0.5152691 -0.8531162 0.08179605 0.5307108 -0.8394091 0.1172119 0.5283696 -0.8417429 0.1108806 0.5251138 -0.8435121 0.1128839 0.5210117 -0.847588 0.1007041 0.5201347 -0.8480697 0.1011823 0.5148397 -0.853361 0.08194619 0.5153628 -0.8530672 0.08171629 0.066154 -0.9455169 0.3187811 0.04620218 -0.9734802 0.2240573 0.4871582 -0.8723591 -0.04082268 0.5527986 -0.7698585 0.3189538 0.5631485 -0.7959247 0.2221884 0.5429314 -0.7933537 0.2753459 -0.05809479 -0.9418587 0.3309491 -0.05106991 -0.9637126 0.2620115 -0.05424165 -0.9626311 0.2653288 -0.0603652 -0.9563711 0.2858503 -0.05797052 -0.9570264 0.2841476 -0.07133173 -0.9481117 0.3098325 -0.06386631 -0.9495326 0.3070974 -0.08599036 -0.9387775 0.3336204 -0.07298541 -0.940651 0.3314346 0.2585259 -0.897171 0.3581183 0.2646611 -0.9136778 0.3084596 0.2583478 -0.9122555 0.3178778 0.2375953 -0.8909586 0.3869641 0.2436065 -0.8919664 0.3808567 0.1987169 -0.8617151 0.4668605 0.2245034 -0.8636357 0.4513663 0.1487559 -0.8267521 0.5425428 0.1956207 -0.82811 0.525325 0.3535357 -0.5850971 0.7298451 0.450253 -0.6193795 0.6431496 0.3603024 -0.6196976 0.6972496 0.4948065 -0.6852877 0.5343661 0.4434132 -0.6827721 0.5806953 0.5237399 -0.7368102 0.4275596 0.511524 -0.7307667 0.4520212 0.5148966 -0.7399628 0.432824 0.5417005 -0.7672057 0.3434474 0.3560236 -0.4698109 0.8077902 0.2325614 -0.482188 0.844636 0.143182 -0.7514674 0.6440464 0.0626803 -0.7738453 0.6302656 -0.0874961 -0.9235873 0.3732706 -0.1126018 -0.9249196 0.3631039 0.1625023 -0.2574363 0.9525332 0.01128631 -0.3709805 0.9285721 0.01785755 -0.6381095 0.7697384 -0.07430529 -0.6897605 0.7202147 -0.1266508 -0.8965709 0.4244057 -0.1567765 -0.9041457 0.3974189 -0.8635048 -0.3987262 0.3088312 -0.8673654 -0.4497772 0.2130208 -0.9968093 0.01856243 0.07763159 -0.8673495 -0.4499146 0.2127951 -0.9968156 0.01852494 0.07755994 -0.8662855 -0.4516987 0.2133486 -0.8622052 -0.4368055 0.2565214 -0.8622311 -0.4367336 0.2565569 -0.8624467 -0.4363918 0.2564136 -0.8586189 -0.4218262 0.2912666 -0.8599702 -0.4194429 0.2907217 -0.8612892 -0.4174913 0.2896239 -0.8585512 -0.4071351 0.311658 -0.8616746 -0.3918657 0.3224255 -0.8617076 -0.3918073 0.3224081 -0.8823451 -0.3560488 0.3077279 -0.8889276 -0.3447472 0.3015908 -0.888946 -0.3447545 0.3015282 -0.9968075 0.01789021 0.07781291 -0.9953464 0.02328008 0.09350734 -0.9953474 0.02348166 0.09344553 -0.9939389 0.02878642 0.1060982 -0.9939552 0.03044366 0.1054812 -0.9929654 0.03416001 0.1133698 -0.9930012 0.03723227 0.1120831 -0.9923391 0.03971087 0.116988 -0.9924722 0.05716884 0.1083081 -0.8342339 0.0523405 0.5489209 -0.6871951 -0.5892426 0.4249189 -0.4807313 -0.4044753 0.7780085 -0.6534908 0.07972121 0.7527245 -0.5633881 -0.01029539 0.8261283 -0.342623 -0.07197129 0.9367122 -0.3683781 -0.04400199 0.9286341 -0.1596456 -0.1581279 0.9744274 -0.6534074 0.07960993 0.7528088 -0.620989 -0.0446909 0.7825441 -0.7696467 0.06259977 0.6353938 -0.7102023 -0.5745364 0.4068424 -0.7196962 -0.5642284 0.4045785 -0.7385112 -0.5602565 0.3751186 -0.7554239 -0.5444982 0.364495 -0.7643237 -0.5465284 0.3422222 -0.7827558 -0.5324034 0.3222419 -0.78464 -0.5361928 0.3111871 -0.7978307 -0.5295801 0.2881166 -0.7982631 -0.5302646 0.2856494 -0.80702 -0.5276983 0.2650532 -0.8068747 -0.5265075 0.2678489 -0.817849 -0.5271756 0.2306706 -0.8524445 -0.4172912 0.3149706 -0.8524078 -0.4173598 0.3149787 -0.5786709 -0.352195 0.735594 -0.5921043 -0.3373 0.7318752 -0.6853548 -0.3195174 0.6543679 -0.7242727 -0.2827125 0.62889 -0.7778657 -0.284681 0.5602516 -0.827638 -0.2458049 0.5045743 -0.8477656 -0.2577844 0.4635092 -0.8874575 -0.2380514 0.3946527 -0.8914451 -0.2403769 0.3841153 -0.9191526 -0.2321428 0.3182267 -0.9170305 -0.2290729 0.3264666 -0.9592438 -0.2308648 0.1629498 -0.9587767 0.07324498 0.274559 -0.8938149 0.08303433 0.4406816 -0.8833054 0.07562565 0.4626579 -0.895913 0.07448607 0.4379403 -0.9376798 0.08686774 0.3364676 -0.9305288 0.09147328 0.3546109 -0.9588404 0.0899412 0.2693246 -0.9681025 0.06419008 0.2421923 -0.8911446 -0.3530676 0.2849642 -0.8837183 -0.3681971 0.2889166 -0.8854341 -0.3807881 0.2664711 -0.8734369 -0.4009928 0.2762477 -0.8728399 -0.412825 0.260242 -0.8702215 -0.4174298 0.2616619 -0.9791212 -0.1850162 0.0842064 -0.9800357 -0.160059 0.1179451 -0.9966273 -0.04992222 0.06512945 -0.9935235 -0.02402424 0.1110579 -0.9948842 0.04752928 0.08914238 -0.9685609 -0.2428887 0.05380332 -0.9685542 -0.2429021 0.05386525 -0.9728125 -0.2123392 0.09245544 -0.8577201 -0.4536616 0.2418826 -0.8540231 -0.4574729 0.2477158 -0.8476233 -0.4729052 0.2406145 -0.8466944 -0.4735088 0.2426891 -0.8690605 -0.4274327 0.2490684 -0.8623576 -0.4364059 0.2566888 -0.9496237 -0.2927332 0.1119033 -0.9333294 -0.3540818 0.05935031 -0.9187577 -0.3828948 0.09631174 -0.8942615 -0.4421908 0.06902015 -0.8576831 -0.50838 0.07700407 -0.8577352 -0.508251 0.0772736 -0.8897786 -0.4484254 0.08490437 -0.8288193 -0.5031241 0.2447953 -0.8283073 -0.5062527 0.2400317 -0.8282225 -0.506469 0.239868 -0.8164867 -0.5197615 0.251391 -0.8154957 -0.5244515 0.2447804 -0.8072874 -0.5319027 0.2556688 -0.8066556 -0.5348924 0.2513898 -0.8391931 -0.4875717 0.2408915 -0.8392324 -0.4875775 0.2407431 -0.8575364 -0.5090993 0.07381838 -0.8113939 -0.5772789 0.09159123 -0.8066992 -0.5882446 0.05660831 -0.7607156 -0.641003 0.1021124 -0.7452083 -0.6641182 0.06009608 -0.7172029 -0.6900057 0.09753024 -0.6820977 -0.7229322 0.1100537 -0.6822369 -0.7227995 0.1100623 -0.708014 -0.7024045 0.07310312 -0.7807711 -0.5619176 0.2732126 -0.779428 -0.565926 0.2687374 -0.7677723 -0.5716561 0.2893702 -0.7557171 -0.5940222 0.2757341 -0.7958538 -0.5434949 0.2668895 -0.7905533 -0.5562771 0.2560886 -0.6224618 -0.7800034 0.06431198 -0.5994232 -0.7935544 0.1047051 -0.5857387 -0.8063933 0.08148694 -0.5568847 -0.8200039 0.132186 -0.4686256 -0.8810681 0.06410187 -0.2093949 -0.08150053 0.9744288 -0.8494924 -0.3128188 0.4248614 -0.7216997 -0.2808989 0.6326494 -0.5857362 -0.2279793 0.7777779 -0.9023731 -0.4298624 0.03067606 -0.9023724 -0.4298641 0.03067606 -0.7275812 -0.372147 0.5763091 -0.8316174 -0.5249907 0.1811004 -0.825669 -0.5343683 0.1808901 -0.7506946 -0.4739151 0.4602848 -0.7183117 -0.5743014 0.3926911 -0.718217 -0.5744218 0.392688 -0.706283 -0.5665149 0.4245293 -0.5857502 -0.227984 0.7777661 -0.5596006 -0.2862274 0.7777667 -0.5595973 -0.286226 0.7777696 -0.527675 -0.3415083 0.7777732 -0.5276682 -0.3415043 0.7777796 -0.4902976 -0.3932714 0.7777827 -0.4903531 -0.3933116 0.7777273 -0.209399 -0.08150196 0.9744278 -0.2000492 -0.1023223 0.9744283 -0.2000735 -0.1023335 0.9744221 -0.1886639 -0.1221024 0.9744214 -0.1886225 -0.1220778 0.9744325 -0.1752634 -0.1405786 0.9744333 -0.1752607 -0.1405766 0.9744341 -0.7429639 -0.5976034 0.3014547 -0.7703564 -0.5500522 0.3224804 -0.7429589 -0.5975989 0.3014757 -0.763012 -0.5627818 0.3179454 -0.4470538 -0.8879528 0.108087 -0.8011016 -0.5302336 0.2776483 -0.7993815 -0.5332639 0.2768008 -0.7991349 -0.5338662 0.2763517 -0.7838397 -0.5380697 0.3099619 -0.7788347 -0.54771 0.305664 -0.7703823 -0.5500079 0.3224939 -0.819862 -0.5267443 0.2244257 -0.8197448 -0.5269432 0.2243863 -0.8209324 -0.5248977 0.2248387 -0.8197201 -0.5270685 0.2241826 -0.481275 -0.8727411 0.08183848 -0.4616693 -0.8792679 0.1172572 -0.4648591 -0.8784078 0.110931 -0.4678298 -0.876589 0.1128142 -0.4734086 -0.8750751 0.1006377 -0.4744995 -0.8744137 0.1012473 -0.4817352 -0.8724719 0.08200049 -0.4813374 -0.872708 0.08182322 -0.7858606 -0.5297452 0.3190504 -0.8198606 -0.5267446 0.2244301 -0.5119639 -0.8580438 -0.04066669 -0.3906487 -0.8633714 0.3193485 -0.408058 -0.8853741 0.2227137 -0.4158555 -0.8667339 0.2753842 -0.844588 -0.4206997 0.331184 -0.8600111 -0.4377207 0.2622626 -0.8604999 -0.4352548 0.2647512 -0.8580985 -0.4266175 0.2857702 -0.8578266 -0.4276543 0.2850356 -0.856817 -0.4122825 0.3096573 -0.8543972 -0.4192264 0.3070092 -0.8561394 -0.3946576 0.3335726 -0.8511087 -0.4072379 0.3313174 -0.6476969 -0.6725093 0.3580778 -0.6590762 -0.6862651 0.3076668 -0.6612075 -0.679427 0.3180938 -0.6529975 -0.6504445 0.3879642 -0.6504966 -0.6571514 0.380797 -0.6467472 -0.6030203 0.4669951 -0.6354044 -0.6265301 0.451355 -0.6413662 -0.5424339 0.5426001 -0.6192894 -0.5833603 0.5255203 -0.3300533 -0.5988448 0.7296915 -0.3114429 -0.6994966 0.6432013 -0.3566685 -0.6217674 0.6972754 -0.3462674 -0.7709342 0.5345646 -0.3696419 -0.7254465 0.5805965 -0.3762479 -0.8193907 0.4324771 -0.3769197 -0.8085612 0.451841 -0.3839689 -0.8169951 0.4302173 -0.3938269 -0.8526594 0.3433254 -0.2283934 -0.5437501 0.8075719 -0.3013567 -0.4423532 0.8446939 -0.5795329 -0.499584 0.6438614 -0.6387199 -0.4414723 0.6301897 -0.8433828 -0.3863621 0.3734028 -0.8573133 -0.364949 0.3630787 -0.1417179 -0.2693756 0.9525507 -0.3155015 -0.1952627 0.9286179 -0.5435545 -0.3345741 0.7698109 -0.6347256 -0.2803629 0.7200834 -0.8399081 -0.3383365 0.4243617 -0.8612911 -0.3162845 0.3976705 -0.48192 0.8727816 0.07749474 -0.8233788 0.526067 0.2128402 -0.4825213 0.8724368 0.0776354 -0.80909 0.5288128 0.2563791 -0.8093236 0.5283692 0.2565568 -0.8094167 0.5282589 0.2564898 -0.8243376 0.5243505 0.2133641 -0.8233143 0.5260767 0.2130656 -0.8091174 0.5288187 0.2562807 -0.794555 0.5327945 0.2912257 -0.7932079 0.5350854 0.2906971 -0.7922306 0.5370941 0.2896559 -0.7818959 0.5398991 0.3116855 -0.7771537 0.5482841 0.3088958 -0.7702961 0.5501309 0.3224905 -0.7658994 0.5575267 0.3202532 -0.7430083 0.5974836 0.3015827 -0.7429133 0.5974085 0.3019651 -0.4828301 0.8722531 0.07777857 -0.4774287 0.8736839 0.09347915 -0.4773645 0.8737214 0.09345638 -0.4720681 0.8751536 0.1061033 -0.4705549 0.8760471 0.1054489 -0.4668391 0.877049 0.1133412 -0.4642639 0.8785759 0.1120874 -0.4617869 0.8792416 0.1169913 -0.4467086 0.8881009 0.1082966 -0.37203 0.7487268 0.5486363 -0.8539059 0.3003836 0.4249876 -0.5905914 0.2142168 0.7780187 -0.2579556 0.6048616 0.7533932 -0.2905399 0.4829419 0.8260471 -0.2335727 0.2607266 0.9367313 -0.2223129 0.2967236 0.928726 -0.2167935 0.05925619 0.9744174 -0.257595 0.6057062 0.7528378 -0.3491597 0.5153874 0.7826005 -0.330607 0.6976314 0.6356173 -0.8526557 0.3279958 0.4066904 -0.8485116 0.3412405 0.4044539 -0.8544281 0.3593693 0.3752417 -0.849202 0.3820486 0.3645474 -0.8553363 0.3886602 0.3425539 -0.8523132 0.4117777 0.3224925 -0.8567312 0.4115031 0.3109288 -0.8575929 0.426232 0.2878555 -0.8583214 0.4262608 0.2856327 -0.860461 0.4350547 0.2652065 -0.8594251 0.435495 0.2678294 -0.8654697 0.4446282 0.2307983 -0.787739 0.5293998 0.3149654 -0.7877324 0.5294103 0.3149641 -0.5943023 0.3251562 0.7355803 -0.5881747 0.3440883 0.7318838 -0.6194505 0.4338541 0.6542567 -0.6070765 0.4858359 0.6288256 -0.6356014 0.5312929 0.560124 -0.6268074 0.5938592 0.5044242 -0.6470818 0.6052089 0.4636889 -0.6498461 0.6497085 0.3944349 -0.6539409 0.6520476 0.3836603 -0.6606052 0.6799229 0.3182855 -0.6566946 0.679602 0.3269453 -0.6794668 0.7154453 0.1626745 -0.4156531 0.8671873 0.2742604 -0.375246 0.8143265 0.4427898 -0.3762289 0.8033934 0.4615309 -0.3831804 0.8132628 0.4379228 -0.3932403 0.8552303 0.3375545 -0.3859963 0.8514945 0.3549141 -0.4015698 0.8753885 0.2691406 -0.4288181 0.870461 0.241687 -0.7514725 0.5950877 0.2848855 -0.7531557 0.5937736 0.2831771 -0.4562492 0.885374 0.08916002 -0.5176076 0.8483746 0.1110989 -0.541583 0.8381177 0.06516671 -0.6286602 0.7686793 0.1179769 -0.6498541 0.7553836 0.08417403 -0.6702466 0.7363666 0.09237807 -0.6945972 0.7173863 0.05377346 -0.7282274 0.676164 0.1117448 -0.7733168 0.6312234 0.05948257 -0.7910978 0.6039975 0.09670269 -0.8301774 0.5531612 0.06941235 -0.8332144 0.5464253 0.08469563 -0.8693534 0.4881517 0.07702338 -0.8694114 0.4886281 0.07325547 -0.9057204 0.4139392 0.09124076 -0.9127672 0.4045202 0.05674076 -0.7593929 0.5816612 0.291535 -0.7725469 0.5763189 0.2665107 -0.7838755 0.5561333 0.2761425 -0.7938463 0.5496848 0.2601052 -0.7966063 0.5449774 0.2615684 -0.8046588 0.5389929 0.2490199 -0.8091977 0.5284211 0.2568467 -0.8217739 0.5158263 0.2420967 -0.823132 0.5110493 0.2475526 -0.8333654 0.4977033 0.2404031 -0.833442 0.4962399 0.2431468 -0.8417589 0.482889 0.2413718 -0.8418707 0.4830297 0.240699 -0.8504411 0.4655935 0.2448929 -0.8524748 0.4646493 0.2395578 -0.858327 0.4472404 0.2514973 -0.8666003 0.4303716 0.252555 -0.8642008 0.4340301 0.2545094 -0.862054 0.443892 0.2445871 -0.8667241 0.4301367 0.2525309 -0.8686048 0.4174994 0.2668702 -0.8769312 0.4066424 0.2561906 -0.8769255 0.3953472 0.2733172 -0.8797818 0.3921171 0.2687528 -0.8789147 0.3791508 0.2894022 -0.8921826 0.3576565 0.2758479 -0.933579 0.3447346 0.0979197 -0.9434947 0.3214617 0.08049803 -0.947739 0.313338 0.06008368 -0.9561747 0.2760461 0.09761404 -0.9623892 0.2617141 0.07288855 -0.9679037 0.2218944 0.1180048 -0.9864558 0.1536677 0.05736804 -0.9869437 0.1223819 0.1047128 -0.9912509 0.1039693 0.0813151 -0.9886069 0.07211214 0.1321227 -0.997339 -0.03488856 0.0640133 -0.1752476 0.1405677 0.9744378 -0.4902941 0.3932632 0.777789 -0.6898961 0.5861074 0.4248782 -0.6468086 0.4186161 0.6374945 -0.5969425 0.4788055 0.6437429 -0.8117501 0.5824583 -0.04247522 -0.8117536 0.5824534 -0.04247552 -0.8756602 0.4827464 0.0132364 -0.8756589 0.4827486 0.0132364 -0.7192104 0.3678612 0.5894188 -0.9160719 0.3715173 0.1509547 -0.9212574 0.3585703 0.1507059 -0.8047451 0.3263745 0.4958478 -0.858312 0.2874706 0.4250427 -0.4903724 0.3933324 0.7777047 -0.5277377 0.3415532 0.777711 -0.5276833 0.3415141 0.7777651 -0.5596078 0.2862278 0.7777613 -0.5596108 0.2862295 0.7777587 -0.5857595 0.2279878 0.777758 -0.5857811 0.2279975 0.7777388 -0.1752501 0.14057 0.974437 -0.1886103 0.1220677 0.9744361 -0.1886489 0.1220948 0.9744251 -0.2000586 0.1023259 0.9744259 -0.2000831 0.1023396 0.9744195 -0.2094243 0.08151161 0.9744215 -0.2094148 0.08150744 0.9744239 -0.8888794 0.3447155 0.3017689 -0.861469 0.3922352 0.3225255 -0.8889498 0.3447437 0.3015295 -0.865836 0.3844777 0.3201638 -0.9925165 -0.05700737 0.1079868 -0.861487 0.392191 0.3225311 -0.8637271 0.4006708 0.3056769 -0.8578856 0.4098172 0.3099712 -0.8618881 0.4251477 0.2764026 -0.8615516 0.4255828 0.276782 -0.8597117 0.4287161 0.2776659 -0.8649995 0.4485282 0.224941 -0.8661395 0.4465864 0.2244169 -0.8661728 0.4465277 0.2244054 -0.8653413 0.4480198 0.2246394 -0.9964542 -0.01970672 0.0817961 -0.9923012 -0.03975152 0.1172947 -0.9931523 -0.03655451 0.1109601 -0.9930647 -0.03315848 0.1127967 -0.9945415 -0.02757441 0.100632 -0.9945127 -0.02623313 0.1012731 -0.9964503 -0.01899063 0.0820136 -0.9964587 -0.01969015 0.08174556 -0.8515826 0.4159458 0.3190552 -0.8661548 0.4466289 0.2242735 -0.99906 0.01428884 -0.04092663 -0.9431901 -0.09367674 0.3187744 -0.970839 -0.08961564 0.2223523 -0.9585255 -0.07342892 0.2753856 -0.7866226 0.5211325 0.3311284 -0.8090756 0.5259823 0.2621818 -0.8068717 0.5279112 0.2650809 -0.7982698 0.5301216 0.285896 -0.7995439 0.5288613 0.2846671 -0.7854793 0.5358015 0.3097403 -0.7902824 0.5302333 0.3070935 -0.7699668 0.5439711 0.3335366 -0.7783166 0.5333569 0.3312909 -0.906192 0.2247868 0.3581717 -0.9236986 0.227751 0.3080751 -0.9191429 0.2326894 0.3178553 -0.8900861 0.2400608 0.38745 -0.8942297 0.2350408 0.380932 -0.8455755 0.2587974 0.4669326 -0.8605667 0.2367638 0.4509631 -0.7904433 0.2841657 0.5426317 -0.8147473 0.2447571 0.5256242 -0.6835418 -0.01358783 0.7297849 -0.7614433 -0.08007907 0.6432663 -0.7167488 -0.002031803 0.6973286 -0.8410892 -0.08595865 0.5340227 -0.8131706 -0.04260176 0.5804643 -0.8977221 -0.08377605 0.4325236 -0.8886083 -0.07773762 0.452031 -0.899101 -0.07591128 0.4311089 -0.9352287 -0.08527737 0.3436207 -0.5848932 -0.07349383 0.8077738 -0.5338279 0.03975868 0.844658 -0.7223557 0.2519119 0.644005 -0.7015516 0.3325378 0.630273 -0.756141 0.5373833 0.3734566 -0.7446379 0.5600002 0.3631999 -0.3041816 -0.01195913 0.952539 -0.326873 0.1756874 0.9285946 -0.5614879 0.3035362 0.7698032 -0.5601142 0.4094139 0.7201752 -0.7130091 0.5582087 0.4242889 -0.7046077 0.5877238 0.3976292 0.04399424 0.9760466 0.2130672 0.5144848 0.8539777 0.07763659 0.04392164 0.9761001 0.212837 0.5145182 0.8539673 0.07753062 0.06678533 0.9544789 0.2907057 0.04187458 0.976071 0.2133825 0.05270457 0.9651216 0.2564421 0.05292689 0.9650816 0.2565468 0.05331623 0.9650969 0.2564086 0.06401228 0.9545007 0.2912572 0.06919032 0.9546492 0.289582 0.07680964 0.9470787 0.3116765 0.07811963 0.9469506 0.3117402 0.08613133 0.9473633 0.3083571 0.09134924 0.9421639 0.3224633 0.09995174 0.9420536 0.320226 0.1458903 0.9422067 0.3016001 0.1458953 0.9422404 0.3014921 0.5138627 0.8543347 0.07783001 0.5178003 0.8503745 0.09351986 0.5179955 0.8502632 0.0934509 0.5218867 0.84639 0.1061053 0.5233297 0.8455758 0.1054884 0.5260552 0.8428586 0.1133813 0.5287373 0.8413513 0.1120928 0.5305505 0.839541 0.1169915 0.5458112 0.830884 0.1082685 0.3839958 0.6132815 0.6902412 -0.1097594 0.618556 0.7780368 0.251722 0.3621592 0.8974836 0.146247 0.3411086 0.9285778 -0.05715483 0.2173097 0.9744279 0.251762 0.3621466 0.8974775 0.1020008 0.4333982 0.8954116 0.2936341 0.4993245 0.8151405 0.4896326 0.652567 0.5782873 0.4359377 0.6393747 0.6333705 0.4623675 0.696076 0.5492673 0.5085238 0.7262771 0.4625203 0.5128529 0.7390391 0.4368101 -0.01582163 0.6770622 0.7357558 0.003992617 0.681295 0.731998 0.06612932 0.7532747 0.6543731 0.1173202 0.7685317 0.6289634 0.1424061 0.8159148 0.5603602 0.2011783 0.8396508 0.5044937 0.2008734 0.8630779 0.4634074 0.2374681 0.8873662 0.3952091 0.2374466 0.8922324 0.38411 0.2584657 0.9121503 0.318084 0.2601091 0.9086806 0.3265621 0.5390895 0.7641269 0.3542492 0.5445277 0.7680894 0.3369397 0.5442691 0.7594524 0.356375 -0.04752475 0.9718256 0.2308599 -0.05238765 0.9620784 0.2676953 -0.05324208 0.9627215 0.2652031 -0.06005638 0.9562075 0.2864619 -0.05983346 0.955783 0.2879218 -0.07202756 0.947758 0.3107518 -0.06959336 0.9440899 0.3222593 -0.09118276 0.9351266 0.3423798 -0.09384691 0.9264891 0.3644319 -0.1159645 0.9197165 0.3750652 -0.1288151 0.9054061 0.4045324 -0.1422442 0.9023961 0.4067528 -0.166619 0.8897598 0.4249299 0.5396823 0.8063819 0.2418499 0.5574463 0.7853823 0.2691248 0.5427914 0.7937679 0.2744264 0.2796847 0.9461807 0.1628448 0.06463038 0.9469084 0.3149404 0.06465947 0.9469074 0.3149374 -0.1364406 0.9514761 0.2758212 0.1398068 0.9482889 0.2849604 0.5386751 0.837787 0.08911883 0.1230524 0.9494187 0.2888985 0.1130024 0.9572021 0.2664479 0.09983521 0.9573711 0.2710602 0.4759301 0.8724417 0.1110678 0.4550592 0.8880757 0.06513494 0.3516346 0.9286927 0.1178256 0.3295597 0.9403844 0.08406817 0.3026284 0.9486238 0.09235292 0.2739992 0.9602286 0.05371743 0.2214175 0.9687532 0.1117647 0.1599794 0.985325 0.05950862 0.1280517 0.9870994 0.09611254 0.06429767 0.9955589 0.06876194 0.05611163 0.994733 0.08577698 -0.01198649 0.9968721 0.07811695 -0.01153433 0.9972156 0.07367438 -0.09424346 0.991328 0.09158068 -0.1062145 0.9927526 0.05622112 0.09048014 0.9561791 0.278451 0.07856732 0.9623041 0.2603802 0.07357859 0.962336 0.2617169 0.06431549 0.966341 0.2490957 0.05302834 0.9650012 0.2568281 0.03585273 0.9695886 0.2421005 0.03092759 0.9683482 0.2476797 0.01427048 0.9705352 0.2405365 0.01342374 0.9701045 0.242316 -0.002739787 0.9706456 0.2404989 -0.002745032 0.9706323 0.2405523 -0.02209991 0.9693361 0.2447429 -0.02392184 0.9706154 0.2394441 -0.04193174 0.966977 0.2513905 -0.04670798 0.9685333 0.2444615 -0.05724179 0.9651592 0.2553256 -0.05984222 0.9660067 0.2514953 -0.07264465 0.9609714 0.2669397 -0.08628708 0.9627649 0.2562 -0.09630751 0.9569662 0.2737529 -0.09593671 0.9577978 0.2709605 -0.1011184 0.9574011 0.2704777 -0.1110441 0.9507285 0.2894554 -0.1686506 0.9808326 0.09759247 -0.1934015 0.9778182 0.08042097 -0.2025091 0.9774335 0.06011599 -0.2389767 0.9661077 0.09760075 -0.2542849 0.9643539 0.07321667 -0.2914626 0.9492463 0.1182414 -0.3601245 0.9311398 0.05734878 -0.3874642 0.9159201 0.1046988 -0.4053986 0.9104983 0.08151543 -0.4316418 0.8922972 0.132254 -0.5289252 0.8462535 0.06397718 0.03411245 0.2220587 0.9744364 0.1714349 0.8888315 0.4249571 0.1213561 0.7900391 0.600925 0.09543311 0.6212779 0.7777573 0.1182703 0.99298 -0.001710295 0.1182775 0.9929791 -0.001710355 0.03897571 0.7663525 0.6412369 -0.1714352 0.8888306 0.4249591 -0.121356 0.7900376 0.6009271 0 0.9990458 -0.04367488 0 0.9990458 -0.04367488 -0.03897571 0.7663528 0.6412366 -0.118277 0.9929791 -0.001706063 -0.1182704 0.99298 -0.001705944 0.09546178 0.6214193 0.7776407 0.03193414 0.6278985 0.7776399 0.03191798 0.6277354 0.7777721 -0.03192579 0.6277353 0.7777719 -0.03192627 0.6278991 0.7776396 -0.09545499 0.62142 0.777641 -0.09543991 0.6212766 0.7777574 0.03411 0.2220461 0.9744393 0.01140791 0.2243607 0.9744395 0.01141303 0.2244181 0.9744261 -0.01141077 0.2244181 0.9744262 -0.01141005 0.2243605 0.9744394 -0.03411048 0.2220461 0.9744393 -0.03411203 0.2220594 0.9744362 -0.5456727 0.831015 0.1079603 -0.07731544 0.9479677 0.3088357 -0.14591 0.94223 0.3015179 -0.1459092 0.942225 0.3015335 -0.09990054 0.9420733 0.3201842 -0.09097176 0.9421697 0.3225528 -0.08475291 0.9483429 0.3057166 -0.07391417 0.948029 0.3094798 -0.06278914 0.9590017 0.2763572 -0.06214976 0.9589149 0.2768023 -0.05846232 0.9588876 0.2776992 -0.04395949 0.9733621 0.2250193 -0.04629671 0.9733948 0.2244087 -0.04626798 0.9733949 0.2244136 -0.04477107 0.9734177 0.2246187 -0.5152813 0.8531084 0.08179974 -0.5305711 0.8394851 0.1172995 -0.5282258 0.8418228 0.110959 -0.5251743 0.8434808 0.1128365 -0.5210781 0.8475511 0.100673 -0.5200566 0.8481118 0.1012298 -0.5147578 0.8534068 0.08198285 -0.5153856 0.8530543 0.08170694 -0.3535553 0.5852051 0.7297489 -0.06542199 0.9455416 0.3188591 -0.04625368 0.9734457 0.2241964 -0.4870663 0.8723923 -0.04120767 -0.5429336 0.7934381 0.2750985 0.05788773 0.9418793 0.3309262 0.05094081 0.9635112 0.2627761 0.05381345 0.9625307 0.2657793 0.05971819 0.9564996 0.285556 0.05812382 0.9569355 0.2844224 0.07126128 0.9481687 0.3096742 0.0637176 0.9496034 0.3069097 -0.2583813 0.8972998 0.3578996 -0.2644464 0.9136241 0.3088027 -0.2583149 0.9122406 0.3179473 -0.237495 0.8908697 0.3872303 -0.2437909 0.8919258 0.380834 -0.1989541 0.8617233 0.4667442 -0.2245126 0.8636241 0.4513839 -0.4341197 0.6584202 0.6148357 -0.4950757 0.685391 0.5339843 -0.4433397 0.6828685 0.5806382 -0.5211043 0.7354068 0.4331597 -0.5084722 0.7333131 0.4513401 -0.5416914 0.7673481 0.3431434 -0.5481448 0.7730416 0.3192866 -0.5492457 0.7622835 0.3424224 -0.5630072 0.7959886 0.2223179 -0.4502658 0.6194847 0.6430392 -0.3663206 0.6097171 0.7028899 -0.1955973 0.8281072 0.525338 -0.1487916 0.8267509 0.542535 0.0728414 0.940626 0.3315372 0.08612221 0.9387125 0.333769 -0.356475 0.4699095 0.8075337 -0.24044 0.4500936 0.8600025 -0.1431994 0.7514682 0.6440416 -0.0626868 0.773851 0.6302578 0.08741563 0.9235402 0.373406 0.1125107 0.9248757 0.3632442 -0.1624979 0.2574228 0.9525376 -0.01126915 0.3709745 0.9285747 -0.01784199 0.6380516 0.7697868 0.07438331 0.6897324 0.7202336 0.1267722 0.8966041 0.4242992 0.1566507 0.9041169 0.397534 0.8634498 0.3988239 0.3088592 0.8672699 0.4499483 0.2130481 0.9968094 -0.01859557 0.07762157 0.8673638 0.4498901 0.2127887 0.9968157 -0.01852917 0.07755708 0.8662981 0.4516772 0.2133431 0.8622069 0.4367507 0.2566092 0.8621894 0.4367992 0.2565852 0.8624953 0.4363143 0.2563821 0.8586669 0.4217554 0.2912277 0.8600669 0.419285 0.2906629 0.8613489 0.4173878 0.2895955 0.8586109 0.407038 0.3116205 0.8616076 0.3919158 0.3225437 0.8615536 0.3920642 0.3225074 0.8657566 0.3845663 0.3202725 0.8889279 0.3447443 0.3015934 0.8888716 0.3447222 0.3017845 0.9968075 -0.01788961 0.07781195 0.9953464 -0.02327954 0.09350693 0.9953475 -0.02348709 0.09344327 0.9939389 -0.02879303 0.1060954 0.9939554 -0.03046566 0.1054726 0.9929658 -0.03418248 0.1133599 0.9930013 -0.03724431 0.1120777 0.9923394 -0.0397225 0.1169818 0.9924723 -0.05713969 0.1083222 0.7231929 -0.02598285 0.6901572 0.4807842 0.4042755 0.7780796 0.4394285 -0.03695851 0.897517 0.3683357 0.04400652 0.9286508 0.1596477 0.1581097 0.97443 0.4394263 -0.03694844 0.8975185 0.4262287 0.1283563 0.8954629 0.579246 -0.004684567 0.8151393 0.8094656 -0.09729117 0.5790509 0.7715811 -0.05782926 0.6334971 0.8342616 -0.05233186 0.5488797 0.8831308 -0.07701069 0.4627627 0.8958293 -0.0744847 0.4381117 0.5785821 0.3520888 0.7357149 0.5919354 0.3372938 0.7320146 0.6854448 0.3194683 0.6542977 0.7242453 0.2827721 0.6288948 0.7778672 0.284743 0.5602179 0.8277187 0.2457879 0.5044502 0.8477404 0.257701 0.4636015 0.8874465 0.2379722 0.3947253 0.8913723 0.2402611 0.3843564 0.9191672 0.2320091 0.3182821 0.9171034 0.2290245 0.3262959 0.931307 -0.08483469 0.3542179 0.9375633 -0.08761066 0.3365998 0.9304528 -0.09144639 0.354817 0.8177832 0.5272126 0.2308192 0.8068423 0.5265434 0.267876 0.8069877 0.5277348 0.2650792 0.7981343 0.5303262 0.2858946 0.7978168 0.5298232 0.2877075 0.7847244 0.5363995 0.3106174 0.7827063 0.5323384 0.3224695 0.764232 0.5464867 0.3424933 0.755434 0.5444782 0.3645035 0.7383689 0.5603752 0.3752212 0.7198385 0.5642896 0.4042398 0.7105122 0.5744233 0.4064607 0.687031 0.5894391 0.4249118 0.9680948 -0.06421482 0.2422167 0.9588559 -0.08991175 0.2692787 0.9587898 -0.07323563 0.2745152 0.9592588 0.2308124 0.1629356 0.8524174 0.4173356 0.3149852 0.8523555 0.4174515 0.3149988 0.8911003 0.3531492 0.2850016 0.9948837 -0.04750269 0.08916163 0.9935223 0.0240314 0.1110676 0.996627 0.04992437 0.06513214 0.980023 0.1601139 0.1179766 0.9791064 0.1850743 0.08425009 0.9727916 0.2124121 0.09250736 0.8836256 0.3683711 0.2889783 0.8853358 0.3809545 0.2665598 0.8735327 0.4008316 0.2761785 0.872939 0.4126528 0.2601827 0.870231 0.4174166 0.2616517 0.8690659 0.4274497 0.2490205 0.8665355 0.4312425 0.2512893 0.9685279 0.2429972 0.05390948 0.9496136 0.2927615 0.1119138 0.9333283 0.3540784 0.05938607 0.918681 0.3830249 0.09652501 0.8941887 0.4422963 0.06928628 0.8897646 0.4484442 0.08495265 0.8574054 0.5088109 0.07724946 0.8578763 0.5086109 0.07323408 0.8113391 0.5774297 0.09112554 0.8067529 0.5881366 0.05696505 0.7549888 0.5940616 0.2776377 0.756294 0.5930504 0.2762439 0.7677757 0.5716381 0.2893969 0.779471 0.5658882 0.2686923 0.7808071 0.5619004 0.2731449 0.7905622 0.5562751 0.2560654 0.7959402 0.5433002 0.2670281 0.806684 0.5347468 0.2516084 0.8072807 0.5319201 0.2556535 0.8154693 0.5244868 0.2447925 0.8164611 0.5197941 0.2514066 0.8286418 0.5059861 0.2394387 0.8284339 0.5036546 0.2450087 0.8392155 0.4875696 0.240818 0.8391023 0.4875528 0.2412458 0.8465471 0.473603 0.2430189 0.8477343 0.4728317 0.2403679 0.8541563 0.4573365 0.2475083 0.8577168 0.4536646 0.2418889 0.8626518 0.4352312 0.2576931 0.7654519 0.6359681 0.09812247 0.7501042 0.6563985 0.08052808 0.7451957 0.6641291 0.06013208 0.7171537 0.6900449 0.09761476 0.7078559 0.7025839 0.07290977 0.6761406 0.7272611 0.1180058 0.6262974 0.7774733 0.05733126 0.5994773 0.7935239 0.1046273 0.58579 0.8063645 0.08140182 0.5568649 0.8200111 0.1322243 0.4684329 0.881177 0.06401532 0.2094115 0.0815066 0.9744247 0.8583204 0.2874835 0.4250169 0.8172124 0.3180749 0.4806165 0.5857672 0.2279917 0.777751 0.9160696 0.3715229 0.1509547 0.9160729 0.3715149 0.1509546 0.7192076 0.3678588 0.5894236 0.6898973 0.586106 0.4248782 0.596951 0.4788123 0.6437301 0.875659 0.4827495 0.01320433 0.8756605 0.4827466 0.01320427 0.6468163 0.4186215 0.637483 0.8117522 0.5824534 -0.04250568 0.8117491 0.5824576 -0.04250526 0.5857591 0.2279889 0.777758 0.5596111 0.2862287 0.7777587 0.5595949 0.2862214 0.777773 0.52767 0.3415096 0.777776 0.5277339 0.3415468 0.7777163 0.4903704 0.3933244 0.7777099 0.4902808 0.3932594 0.7777993 0.2094278 0.08151221 0.9744207 0.2000865 0.1023402 0.9744187 0.2000551 0.1023256 0.9744268 0.1886473 0.1220916 0.9744259 0.1886094 0.1220691 0.9744361 0.1752502 0.14057 0.974437 0.175252 0.1405713 0.9744365 0.7429449 0.5974166 0.3018712 0.7430296 0.5974836 0.3015301 0.7658426 0.5576751 0.3201305 0.4468717 0.8880581 0.1079736 0.8011008 0.5302395 0.2776393 0.8002337 0.5317052 0.2773367 0.7703839 0.5500047 0.3224958 0.7788394 0.5477057 0.3056594 0.7838993 0.537958 0.310005 0.7991598 0.5337651 0.276475 0.7991113 0.5338836 0.2763866 0.8198672 0.5267295 0.2244409 0.8200684 0.5263875 0.2245087 0.8209283 0.5249051 0.2248362 0.8199207 0.5267104 0.2242908 0.4807095 0.8730713 0.08163893 0.461668 0.8792688 0.1172566 0.464858 0.8784086 0.11093 0.4676691 0.8766879 0.1127119 0.4732393 0.8751762 0.1005549 0.4744942 0.8744155 0.1012561 0.4817338 0.8724727 0.08199936 0.4813547 0.8726978 0.08183044 0.3302261 0.5990426 0.729451 0.7860901 0.5293854 0.3190822 0.8199194 0.5267202 0.2242724 0.5115485 0.8582503 -0.04152882 0.4158599 0.8667215 0.2754167 0.8446621 0.420557 0.3311765 0.8600921 0.4375765 0.2622372 0.8606433 0.4347886 0.265051 0.8582815 0.4263237 0.2856589 0.8579087 0.4277468 0.2846497 0.8568781 0.4120727 0.309768 0.8544014 0.4191833 0.3070567 0.6477063 0.6724739 0.3581277 0.658989 0.6861103 0.3081981 0.6610037 0.6796453 0.3180508 0.6528614 0.650827 0.3875515 0.6504967 0.6571618 0.3807787 0.6467438 0.6029928 0.4670354 0.6354103 0.6264867 0.4514068 0.3531125 0.7076866 0.6119569 0.3462603 0.770935 0.5345682 0.3696471 0.7254205 0.5806255 0.3762588 0.8196829 0.4319134 0.3810229 0.8070261 0.4511436 0.3926404 0.8479489 0.3561125 0.3953642 0.8611369 0.3195785 0.3853917 0.8566568 0.3429468 0.4079028 0.8856897 0.2217406 0.3119008 0.6984977 0.6440644 0.3447147 0.622445 0.7026622 0.6191978 0.5837563 0.5251883 0.6413632 0.5426832 0.5423543 0.8510086 0.4075115 0.3312382 0.8561379 0.3946908 0.3335374 0.2281277 0.5450539 0.8067676 0.2695944 0.4331103 0.8600781 0.5793116 0.4995539 0.6440837 0.6387308 0.4412437 0.6303387 0.8435095 0.3861216 0.3733657 0.857261 0.3649829 0.3631682 0.1418018 0.2693452 0.9525468 0.3155745 0.1952384 0.9285982 0.5436444 0.334511 0.7697748 0.6345819 0.2804392 0.7201803 0.8398709 0.3384677 0.4243307 0.8613294 0.3163317 0.3975501 0 0 1 0 0 1 0 0 1 0 0 1 0 0 1 0 0 1 0 0 1 0 0 1 0 0 1 0 0 1 0 0 1 0 0 1 0 0 1 0 0 1 0 0 1 0 0 1 0 0 1 0 0 1 0 0 1 0 0 1 0 0 1 0 0 1 0 0 1 0 0 1 0.9659249 -0.2588221 0 0.965925 -0.2588221 0 0.7071191 -0.7070945 -2.55741e-7 0.7071191 -0.7070945 -2.40819e-7 0.2588215 -0.9659252 -3.49355e-7 0.2588215 -0.9659252 -3.51201e-7 -0.2588223 -0.9659249 -3.49355e-7 -0.2588223 -0.9659249 -3.51202e-7 -0.7071173 -0.7070962 -2.55742e-7 -0.7071174 -0.7070962 -2.60887e-7 -0.9659259 -0.258819 0 -0.9659259 -0.258819 0 -0.9659258 0.2588192 0 -0.9659258 0.2588192 0 -0.7071034 0.7071102 2.55747e-7 -0.7071034 0.7071101 2.40823e-7 -0.2588223 0.9659249 3.49355e-7 -0.2588223 0.9659249 3.51202e-7 0.2588215 0.9659252 3.49355e-7 0.2588215 0.9659252 3.51201e-7 0.7071051 0.7071084 2.55746e-7 0.7071051 0.7071084 2.60893e-7 0.9659249 0.2588223 0 0.9659249 0.2588223 0 0 0 1 0 0 1 0 0 1 0 0 1 0 0 1 0 0 1 0 0 1 0 0 1 0 0 1 0 0 1 0 0 1 0 0 1 0 0 1 0 0 1 0 0 1 0 0 1 0 0 1 0 0 1 0 0 1 0 0 1 0 0 1 0 0 1 0 0 1 0 0 1 0.9659267 -0.2588159 0 0.9659267 -0.2588159 0 0.7071051 -0.7071086 0 0.7071051 -0.7071086 0 0.2588348 -0.9659216 0 0.2588348 -0.9659216 0 -0.2588348 -0.9659216 0 -0.2588348 -0.9659216 0 -0.7071051 -0.7071086 0 -0.7071051 -0.7071086 0 -0.9659279 -0.2588111 0 -0.9659279 -0.2588111 0 -0.9659252 0.2588213 0 -0.9659252 0.2588213 0 -0.7071194 0.7070941 0 -0.7071194 0.7070941 0 -0.2588207 0.9659254 0 -0.2588207 0.9659254 0 0.2588207 0.9659254 0 0.2588207 0.9659254 0 0.7071194 0.7070941 0 0.7071194 0.7070941 0 0.965924 0.2588261 0 0.965924 0.2588261 0 0 0 1 0 0 1 0 0 1 0 0 1 0 0 1 0 0 1 0 0 1 0 0 1 0 0 1 0 0 1 0 0 1 0 0 1 0 0 1 0 0 1 0 0 1 0 0 1 0 0 1 0 0 1 0 0 1 0 0 1 0 0 1 0 0 1 0 0 1 0 0 1 0 0 1 0 0 1 0 0 1 0 0 1 0 0 1 0 0 1 0 0 1 0 0 1 0 0 1 0 0 1 0 0 1 0 0 1 0.9914445 0.1305283 0 0.9914445 0.1305283 0 0.9914445 -0.1305283 0 0.9914445 -0.1305283 0 0.9238796 -0.3826831 -1.48501e-7 0.9238796 -0.3826831 -1.49433e-7 0.7933486 -0.6087677 -2.36233e-7 0.7933486 -0.6087677 -2.34828e-7 0.6088011 -0.7933229 -3.0785e-7 0.6088011 -0.7933229 -2.98856e-7 0.3826712 -0.9238846 -3.58514e-7 0.3826712 -0.9238846 -3.57577e-7 0.1305462 -0.9914422 -3.8473e-7 0.1305462 -0.9914422 -3.86928e-7 -0.1305458 -0.9914423 -3.8473e-7 -0.1305458 -0.9914423 -3.84258e-7 -0.3826724 -0.9238841 -3.58514e-7 -0.3826723 -0.9238841 -3.57578e-7 -0.6088011 -0.7933229 -3.0785e-7 -0.6088011 -0.7933229 -3.09529e-7 -0.793347 -0.6087698 -2.36234e-7 -0.793347 -0.6087698 -2.34828e-7 -0.9238808 -0.3826802 -1.48499e-7 -0.9238808 -0.3826802 -1.44097e-7 -0.9914441 -0.1305316 0 -0.9914441 -0.1305316 0 -0.9914441 0.1305316 0 -0.9914441 0.1305316 0 -0.9238806 0.3826809 1.485e-7 -0.9238806 0.3826809 1.49434e-7 -0.793327 0.6087958 2.36244e-7 -0.793327 0.6087958 2.34838e-7 -0.6088 0.7933238 3.0785e-7 -0.6088 0.7933238 2.98856e-7 -0.3826738 0.9238836 3.58514e-7 -0.3826738 0.9238836 3.62915e-7 -0.1305441 0.9914425 3.8473e-7 -0.1305441 0.9914425 3.86927e-7 0.1305446 0.9914425 3.8473e-7 0.1305446 0.9914425 3.8426e-7 0.3826726 0.923884 3.58514e-7 0.3826726 0.923884 3.57577e-7 0.6088 0.7933238 3.0785e-7 0.6088 0.7933238 3.09529e-7 0.7933287 0.6087936 2.36243e-7 0.7933287 0.6087936 2.34838e-7 0.9238795 0.3826837 1.48501e-7 0.9238795 0.3826837 1.49434e-7 0 0 1 0 0 1 0 0 1 0 0 1 0 0 1 0 0 1 0 0 1 0 0 1 0 0 1 0 0 1 0 0 1 0 0 1 0 0 1 0 0 1 0 0 1 0 0 1 0 0 1 0 0 1 0 0 1 0 0 1 0 0 1 0 0 1 0 0 1 0 0 1 0 0 1 0 0 1 0 0 1 0 0 1 0 0 1 0 0 1 0 0 1 0 0 1 0 0 1 0 0 1 0 0 1 0 0 1 0.9914456 0.1305211 0 0.9914456 0.1305211 0 0.9914436 -0.1305354 0 0.9914436 -0.1305354 0 0.9238797 -0.3826831 -1.48501e-7 0.9238797 -0.3826831 -1.49434e-7 0.7933691 -0.6087409 -2.36223e-7 0.7933691 -0.6087409 -2.34818e-7 0.6087313 -0.7933764 -3.07871e-7 0.6087313 -0.7933764 -3.0955e-7 0.3827185 -0.923865 -3.58507e-7 0.3827185 -0.923865 -3.62907e-7 0.1305446 -0.9914425 -3.8473e-7 0.1305446 -0.9914425 -3.8426e-7 -0.1305441 -0.9914425 -3.8473e-7 -0.1305441 -0.9914425 -3.86927e-7 -0.3827196 -0.9238646 -3.58507e-7 -0.3827196 -0.9238646 -3.57571e-7 -0.6087313 -0.7933764 -3.07871e-7 -0.6087313 -0.7933764 -3.0955e-7 -0.7933675 -0.6087431 -2.36223e-7 -0.7933675 -0.608743 -2.34818e-7 -0.9238808 -0.3826803 -1.485e-7 -0.9238809 -0.3826802 -1.44097e-7 -0.9914432 -0.1305388 0 -0.9914432 -0.1305387 0 -0.9914451 0.1305244 0 -0.9914451 0.1305244 0 -0.9238808 0.3826803 1.485e-7 -0.9238809 0.3826802 1.44097e-7 -0.7933469 0.6087698 2.36234e-7 -0.793347 0.6087698 2.34828e-7 -0.6087662 0.7933498 3.0786e-7 -0.6087662 0.7933498 2.98866e-7 -0.3826724 0.9238841 3.58514e-7 -0.3826723 0.9238841 3.57579e-7 -0.1305441 0.9914425 3.8473e-7 -0.1305441 0.9914425 3.86927e-7 0.1305446 0.9914425 3.8473e-7 0.1305446 0.9914425 3.8426e-7 0.3826711 0.9238846 3.58514e-7 0.3826711 0.9238846 3.57578e-7 0.6087661 0.7933498 3.0786e-7 0.6087662 0.7933498 3.0954e-7 0.7933486 0.6087677 2.36233e-7 0.7933486 0.6087677 2.34828e-7 0.9238797 0.3826831 1.48501e-7 0.9238797 0.3826831 1.49434e-7 0 0 1 0 0 1 0 0 1 0 0 1 0 0 1 0 0 1 0 0 1 0 0 1 0 0 1 0 0 1 0 0 1 0 0 1 0 0 1 0 0 1 0 0 1 0 0 1 0 0 1 0 0 1 0 0 1 0 0 1 0 0 1 0 0 1 0 0 1 0 0 1 0 0 1 0 0 1 0 0 1 0 0 1 0 0 1 0 0 1 0 0 1 0 0 1 0 0 1 0 0 1 0 0 1 0 0 1 0.9914456 0.1305211 0 0.9914456 0.1305211 0 0.9914436 -0.1305354 0 0.9914436 -0.1305354 0 0.9238808 -0.3826804 0 0.9238808 -0.3826804 0 0.7933669 -0.6087437 0 0.7933669 -0.6087437 0 0.6087334 -0.793375 0 0.6087334 -0.793375 0 0.3826714 -0.9238845 0 0.3826714 -0.9238845 0 0.130544 -0.9914425 0 0.130544 -0.9914425 0 -0.1305444 -0.9914425 0 -0.1305444 -0.9914425 0 -0.3826702 -0.9238851 0 -0.3826702 -0.9238851 0 -0.6087316 -0.7933762 0 -0.6087316 -0.7933762 0 -0.7933687 -0.6087415 0 -0.7933687 -0.6087415 0 -0.9238808 -0.3826804 0 -0.9238808 -0.3826804 0 -0.991445 -0.1305255 0 -0.991445 -0.1305255 0 -0.9914469 0.1305112 0 -0.9914469 0.1305112 0 -0.9238808 0.3826804 0 -0.9238808 0.3826804 0 -0.7933487 0.6087675 0 -0.7933487 0.6087675 0 -0.6087654 0.7933503 0 -0.6087654 0.7933503 0 -0.3826702 0.9238851 0 -0.3826702 0.9238851 0 -0.1304916 0.9914495 0 -0.1304916 0.9914495 0 0.1304911 0.9914495 0 0.1304911 0.9914495 0 0.3826714 0.9238845 0 0.3826714 0.9238845 0 0.6087672 0.793349 0 0.6087672 0.793349 0 0.793347 0.6087697 0 0.793347 0.6087697 0 0.9238808 0.3826804 0 0.9238808 0.3826804 0 -0.7071077 0 -0.7071058 -0.7071077 0 -0.7071058 -0.7071077 0 -0.7071058 -0.6947476 0.1861567 -0.6947456 -0.6947243 0.1861375 -0.6947741 -0.5085422 0.5085414 -0.6948168 -0.5085474 0.5085552 -0.6948029 -0.1861747 0.6946663 -0.6948221 -0.1861623 0.6947407 -0.694751 0.186192 0.6947367 -0.6947471 0.1861462 0.6946811 -0.694815 0.5085607 0.5085546 -0.6947936 0.5085385 0.5085462 -0.6948161 0.6947195 0.1861493 -0.6947757 0.6947436 0.1861453 -0.6947526 0.6947408 -0.1861662 -0.6947498 0.6947375 -0.1861634 -0.6947539 0.5085874 -0.5085813 -0.6947546 0.5085957 -0.5086035 -0.6947323 0.1861582 -0.6947649 -0.694728 0.1861763 -0.694656 -0.694832 -0.1861321 -0.6946619 -0.6948378 -0.1862002 -0.6947445 -0.694737 -0.5085951 -0.5085943 -0.6947395 -0.5085813 -0.5085891 -0.6947533 -0.6947368 -0.1861649 -0.6947541 -0.6947467 -0.1861633 -0.6947448 0.7071021 0 -0.7071114 0.7071022 0 -0.7071114 0.7071022 0 -0.7071114 0.5086091 -0.5085616 -0.6947531 0.5086423 -0.5086501 -0.6946641 0.1861436 -0.6948652 -0.6946315 0.1861777 -0.694661 -0.6948267 -0.1860935 -0.6946722 -0.6948378 -0.1862229 -0.6948295 -0.694646 -0.508665 -0.5086227 -0.6946675 -0.508585 -0.5085928 -0.6947479 -0.6947419 -0.1861662 -0.6947488 -0.6947517 -0.1861646 -0.6947394 -0.6947526 0.186158 -0.6947402 -0.6947293 0.1861389 -0.6947687 -0.5085459 0.5085451 -0.6948115 -0.5085511 0.5085588 -0.6947976 -0.1861761 0.6946712 -0.6948169 -0.1861637 0.6947457 -0.6947457 0.1861934 0.6947417 -0.6947417 0.1861476 0.6946861 -0.6948097 0.5085644 0.5085583 -0.6947882 0.5085421 0.5085499 -0.6948107 0.6947245 0.1861507 -0.6947703 0.6947486 0.1861466 -0.6947473 0.6947458 -0.1861675 -0.6947445 0.6947425 -0.1861647 -0.6947486 -0.9581982 -0.1261544 0.2567902 -0.9582359 -0.1261665 0.2566435 -0.8929902 -0.3698908 0.2564165 -0.8929514 -0.3698658 0.2565873 -0.7668433 -0.5884049 0.2563807 -0.766803 -0.5883604 0.2566031 -0.588354 -0.7668228 0.2565587 -0.5883516 -0.7668183 0.2565775 -0.3699008 -0.8929342 0.2565971 -0.3698916 -0.8928918 0.2567576 -0.1261416 -0.9582143 0.2567368 -0.1261488 -0.958065 0.2572897 0.1261215 -0.9580683 0.2572908 0.1261686 -0.9582151 0.2567203 0.369892 -0.8929064 0.2567062 0.3699004 -0.8929196 0.2566483 0.5883377 -0.7668017 0.2566596 0.5883577 -0.7668197 0.2565594 0.7667933 -0.588373 0.2566033 0.7668722 -0.5884135 0.2562747 0.8929788 -0.369886 0.2564629 0.892991 -0.3698887 0.2564164 0.9582378 -0.1261531 0.2566431 0.9581623 -0.1261568 0.2569234 0.9581648 0.1261364 0.256924 0.9581997 0.1261476 0.2567878 0.892886 0.3698476 0.2568413 0.8928754 0.3698408 0.2568878 0.7667006 0.5883432 0.2569484 0.7666407 0.5882769 0.2572787 0.5882786 0.7665846 0.2574417 0.5883755 0.7667731 0.2566577 0.3698521 0.8929399 0.256647 0.3698486 0.8929239 0.256708 0.1261413 0.958219 0.2567192 0.1261488 0.958065 0.2572897 -0.1261223 0.9580682 0.2572907 -0.126168 0.9582105 0.2567378 -0.3698384 0.8929133 0.2567594 -0.3698623 0.8929504 0.2565957 -0.588419 0.7667676 0.2565749 -0.5882456 0.7666103 0.2574406 -0.7666339 0.5882854 0.2572796 -0.7666877 0.5883131 0.2570558 -0.892844 0.3698302 0.2570119 -0.892889 0.3698399 0.2568417 -0.9581998 0.1261475 0.2567879 -0.9581991 0.1261475 0.2567904 -0.7040622 -0.0926966 0.7040622 -0.7040439 -0.09269297 0.7040811 -0.6559582 -0.2716941 0.7042025 -0.6561347 -0.2717814 0.7040044 -0.5634064 -0.4323337 0.7040319 -0.5631582 -0.4321157 0.7043641 -0.4320643 -0.5630618 0.7044728 -0.4323864 -0.5635448 0.7038887 -0.2718555 -0.6562591 0.7038598 -0.2718468 -0.6562337 0.7038869 -0.09268641 -0.70424 0.7038858 -0.09266579 -0.703921 0.7042075 0.09264522 -0.7039223 0.7042089 0.09270417 -0.7042174 0.7039062 0.2718222 -0.6561836 0.7039431 0.2718588 -0.6562576 0.7038599 0.4324159 -0.5635247 0.7038868 0.432062 -0.563122 0.704426 0.5631917 -0.4321642 0.7043076 0.563371 -0.4322837 0.7040909 0.656077 -0.2717482 0.704071 0.655954 -0.2717065 0.7042016 0.7040437 -0.09269416 0.7040811 0.7041336 -0.0927 0.7039905 0.704134 0.09269559 0.7039906 0.7041231 0.09269338 0.7040019 0.6561626 0.2718002 0.7039711 0.656073 0.2717559 0.7040717 0.563363 0.4322956 0.70409 0.5634734 0.4323926 0.7039421 0.4323768 0.5634738 0.7039515 0.4321502 0.563134 0.7043623 0.271643 0.6557511 0.704415 0.2717927 0.6561936 0.7039452 0.09272217 0.7042137 0.7039074 0.09273999 0.7044895 0.7036291 -0.0927577 0.7044883 0.703628 -0.09270721 0.7042358 0.7038872 -0.2718451 0.6562341 0.7038871 -0.2716136 0.6557658 0.7044126 -0.4321303 0.5631479 0.7043635 -0.4323705 0.5634211 0.7039974 -0.5634317 0.4323531 0.7039996 -0.5634053 0.4323356 0.7040315 -0.6561339 0.2717834 0.7040043 -0.6561649 0.2717939 0.7039714 -0.7041229 0.0926941 0.704002 -0.7040627 0.09269022 0.7040627 -0.2586411 -0.03405195 0.9653731 -0.2586534 -0.03405421 0.9653698 -0.2410281 -0.09983575 0.9653695 -0.2409721 -0.09980928 0.9653862 -0.2069052 -0.1587628 0.9653936 -0.2069963 -0.15884 0.9653612 -0.1588509 -0.2070068 0.9653572 -0.1588948 -0.2070701 0.9653365 -0.09987986 -0.241154 0.9653335 -0.09976339 -0.2408289 0.9654267 -0.03402632 -0.2584342 0.9654294 -0.03404855 -0.2587041 0.9653564 0.03406184 -0.258704 0.9653559 0.03401428 -0.2584422 0.9654278 0.09975242 -0.2408463 0.9654235 0.09989398 -0.241146 0.965334 0.1588979 -0.207068 0.9653363 0.158834 -0.2069926 0.965363 0.2069775 -0.1588182 0.9653689 0.206903 -0.1587666 0.9653933 0.2409706 -0.09981191 0.9653863 0.2409973 -0.0998215 0.9653786 0.2586171 -0.03405064 0.9653796 0.2586411 -0.03405261 0.9653731 0.2586412 0.03404986 0.9653732 0.2586184 0.03404575 0.9653795 0.2409954 0.09982836 0.9653784 0.2409685 0.0998156 0.9653865 0.2069052 0.1587628 0.9653936 0.2069744 0.1588214 0.965369 0.1588374 0.2069891 0.9653632 0.1588938 0.2070705 0.9653365 0.09987986 0.241154 0.9653335 0.0997681 0.2408421 0.9654229 0.03402692 0.258439 0.9654282 0.03402513 0.2584168 0.9654341 -0.03402405 0.2584168 0.9654341 -0.03402715 0.258434 0.9654295 -0.09974706 0.2408335 0.9654273 -0.09989458 0.2411456 0.9653341 -0.1588979 0.207068 0.9653363 -0.1588483 0.2070095 0.9653571 -0.2070004 0.1588359 0.9653611 -0.2069021 0.1587678 0.9653934 -0.2409678 0.09981685 0.9653865 -0.2410274 0.09983825 0.9653694 -0.2586545 0.03404986 0.9653696 -0.2586411 0.03404873 0.9653732 -0.9581772 -0.1261413 0.2568752 -0.9582322 -0.126159 0.2566612 -0.8929869 -0.3698861 0.2564345 -0.8929765 -0.3698794 0.2564804 -0.7668408 -0.5884474 0.2562906 -0.7667905 -0.5883919 0.2565686 -0.5883897 -0.7668027 0.2565369 -0.588269 -0.7665678 0.2575139 -0.3697931 -0.8926711 0.2576658 -0.3698468 -0.8929195 0.2567259 -0.1261427 -0.958214 0.2567371 -0.1261502 -0.9580599 0.2573079 0.1261233 -0.9580633 0.2573086 0.1261704 -0.9582101 0.256738 0.3698878 -0.892903 0.2567241 0.3697501 -0.8926892 0.2576642 0.5882329 -0.766595 0.2575153 0.5884203 -0.766765 0.2565789 0.766771 -0.5883939 0.2566221 0.7668505 -0.5884347 0.2562906 0.8929744 -0.3698842 0.2564808 0.8929866 -0.3698868 0.2564343 0.958234 -0.1261455 0.2566607 0.9581763 -0.1261484 0.256875 0.9581767 0.126145 0.256875 0.9581944 0.1261507 0.2568061 0.8928816 0.3698457 0.2568591 0.892874 0.3698408 0.2568926 0.7667225 0.5883154 0.2569469 0.7669036 0.5885154 0.2559463 0.5884932 0.7670043 0.2556955 0.5882723 0.7665742 0.2574874 0.3697952 0.8926792 0.2576346 0.3698471 0.8929195 0.2567254 0.1261416 0.9582142 0.2567371 0.1261491 0.9580602 0.2573076 -0.1261213 0.9580636 0.2573087 -0.1261684 0.9582104 0.256738 -0.369889 0.8929026 0.2567241 -0.3697558 0.8926959 0.2576329 -0.5882016 0.7666275 0.2574902 -0.588568 0.7669596 0.2556573 -0.7669445 0.5884858 0.2558917 -0.7666918 0.588356 0.2569452 -0.8928745 0.3698396 0.2568926 -0.8928834 0.3698415 0.2568592 -0.9581946 0.1261506 0.256806 -0.9581759 0.1261515 0.2568749 -0.7040981 -0.09269607 0.7040265 -0.7040454 -0.09268552 0.7040807 -0.6559575 -0.2716963 0.7042024 -0.6560741 -0.2717539 0.7040714 -0.5633619 -0.4322972 0.7040898 -0.5634288 -0.432356 0.7040001 -0.4323518 -0.5634373 0.703996 -0.4324198 -0.5635392 0.7038727 -0.271861 -0.656275 0.7038428 -0.2718434 -0.6562231 0.703898 -0.09268659 -0.7042486 0.7038772 -0.0926643 -0.7039031 0.7042255 0.09264135 -0.7039047 0.704227 0.09271013 -0.7042487 0.7038739 0.2718453 -0.656237 0.7038843 0.2718635 -0.656274 0.7038428 0.4324278 -0.5635339 0.703872 0.4323469 -0.5634418 0.7039954 0.5634317 -0.4323531 0.7039996 0.5633814 -0.4323197 0.7040605 0.6561088 -0.2717589 0.7040371 0.655954 -0.2717065 0.7042016 0.7040448 -0.09268903 0.7040808 0.7041341 -0.09269481 0.7039907 0.7041336 0.09270077 0.7039903 0.704122 0.09269845 0.7040023 0.6561632 0.2717985 0.7039712 0.6560977 0.2717661 0.7040448 0.5633749 0.4323095 0.7040719 0.5631482 0.4321104 0.7043755 0.4320563 0.5630497 0.7044873 0.4323864 0.5635448 0.7038887 0.2718546 0.6562596 0.7038597 0.2718415 0.6562207 0.7039009 0.09272372 0.7042278 0.7038931 0.09274059 0.7044895 0.7036291 -0.09275799 0.7044883 0.7036279 -0.09270566 0.7042266 0.7038968 -0.2718336 0.6562089 0.7039151 -0.2718579 0.6562578 0.70386 -0.4324179 0.5635233 0.7038866 -0.4320254 0.5630766 0.7044848 -0.5631362 0.4321241 0.7043765 -0.5633633 0.4322754 0.7041022 -0.6560647 0.2717577 0.7040789 -0.6561655 0.2717918 0.7039716 -0.7041219 0.09269922 0.7040023 -0.704098 0.09269767 0.7040264 -0.2586412 -0.03404897 0.9653732 -0.2586749 -0.03405511 0.9653639 -0.2411178 -0.09987813 0.9653427 -0.2409874 -0.0998165 0.9653817 -0.2069163 -0.1587722 0.9653896 -0.2069852 -0.1588307 0.9653652 -0.1588438 -0.2069983 0.9653602 -0.1588832 -0.2070553 0.9653415 -0.09987455 -0.2411394 0.9653377 -0.09976524 -0.2408342 0.9654252 -0.03402566 -0.25843 0.9654306 -0.03404819 -0.2587041 0.9653564 0.03406184 -0.258704 0.9653559 0.03401225 -0.258431 0.9654307 0.09974682 -0.240832 0.9654276 0.09988838 -0.2411315 0.9653382 0.1588863 -0.2070537 0.9653413 0.1588484 -0.2070091 0.9653571 0.2070004 -0.1588359 0.9653611 0.2069021 -0.1587678 0.9653934 0.2409678 -0.09981685 0.9653865 0.2411198 -0.09987133 0.9653429 0.2586755 -0.03405261 0.9653639 0.2586232 -0.03404831 0.9653781 0.2586232 0.03404766 0.9653781 0.2586358 0.03404998 0.9653746 0.241011 0.09983479 0.9653739 0.240972 0.09981638 0.9653855 0.2069095 0.1587661 0.965392 0.2070007 0.1588434 0.9653598 0.158855 0.2070129 0.9653552 0.1588882 0.2070609 0.9653395 0.09988945 0.2411406 0.9653359 0.09987229 0.2410927 0.9653496 0.03405088 0.2587366 0.9653475 0.03402382 0.2584078 0.9654366 -0.03400748 0.258408 0.9654371 -0.03406691 0.258735 0.9653475 -0.09987288 0.2410997 0.9653478 -0.09989166 0.2411394 0.9653359 -0.1588907 0.2070595 0.9653394 -0.1588458 0.2070065 0.9653581 -0.2069929 0.158831 0.9653635 -0.2069185 0.1587794 0.9653879 -0.240987 0.09982395 0.965381 -0.2410116 0.09983277 0.9653739 -0.2586358 0.03405022 0.9653746 -0.2586411 0.03405064 0.9653731 -0.9581811 -0.1261488 0.256857 -0.9582359 -0.1261665 0.2566435 -0.8929913 -0.369888 0.2564166 -0.8929809 -0.3698812 0.2564626 -0.7668642 -0.5884242 0.2562739 -0.7668143 -0.5883691 0.2565495 -0.588359 -0.7668327 0.2565177 -0.5883466 -0.7668084 0.2566189 -0.3698993 -0.8929273 0.2566229 -0.3698945 -0.8929054 0.2567061 -0.1261417 -0.9582189 0.2567192 -0.1261492 -0.9580649 0.2572898 0.1261223 -0.9580682 0.2572907 0.1261695 -0.958215 0.2567202 0.3698896 -0.8929074 0.2567062 0.3699018 -0.8929262 0.256623 0.5883443 -0.7668102 0.2566186 0.5883563 -0.766821 0.2565587 0.7667949 -0.588371 0.2566031 0.7668738 -0.5884115 0.2562742 0.8929788 -0.369886 0.2564629 0.892991 -0.3698887 0.2564164 0.9582378 -0.1261531 0.2566431 0.9581803 -0.1261559 0.2568567 0.9581823 0.1261387 0.2568574 0.9582002 0.1261444 0.2567877 0.892886 0.3698476 0.2568413 0.8928754 0.3698408 0.2568878 0.7667022 0.5883411 0.2569485 0.7666422 0.5882748 0.2572792 0.5882786 0.7665846 0.2574417 0.5883805 0.7667828 0.2566173 0.3698524 0.8929473 0.2566212 0.3698475 0.8929244 0.2567077 0.1261422 0.9582189 0.2567192 0.1261497 0.9580649 0.2572897 -0.1261219 0.9580682 0.2572908 -0.126169 0.9582151 0.2567201 -0.3698448 0.8929256 0.2567079 -0.3698574 0.8929451 0.2566215 -0.5884107 0.7667601 0.2566159 -0.5882538 0.7666178 0.2573997 -0.7666436 0.5882961 0.2572264 -0.7667102 0.5883303 0.2569495 -0.8928758 0.3698401 0.2568876 -0.892888 0.3698427 0.2568414 -0.9582002 0.1261443 0.2567878 -0.9581815 0.1261453 0.256857 -0.7040978 -0.09270131 0.7040261 -0.7040444 -0.09269064 0.7040809 -0.6559575 -0.2716963 0.7042024 -0.6560741 -0.2717539 0.7040714 -0.5633619 -0.4322972 0.7040898 -0.5631569 -0.4321171 0.7043644 -0.4320632 -0.5630627 0.7044727 -0.4323852 -0.5635456 0.7038887 -0.2718546 -0.6562596 0.7038597 -0.2718371 -0.6562076 0.7039149 -0.09268546 -0.7042306 0.7038953 -0.09266549 -0.703921 0.7042076 0.09264492 -0.7039224 0.7042089 0.09270662 -0.7042311 0.703892 0.2718389 -0.6562216 0.7039012 0.2718572 -0.6562585 0.7038597 0.4324182 -0.5635231 0.7038865 0.4320354 -0.5630872 0.7044702 0.5631437 -0.4321322 0.7043656 0.5633949 -0.4322997 0.7040619 0.6561088 -0.2717589 0.7040371 0.655954 -0.2717065 0.7042016 0.7040437 -0.09269416 0.7040811 0.7041336 -0.0927 0.7039905 0.704134 0.09269559 0.7039906 0.7041231 0.09269338 0.7040019 0.6561633 0.271798 0.7039713 0.6561039 0.2717686 0.704038 0.5633836 0.4323163 0.7040609 0.5634288 0.432356 0.7040001 0.4323521 0.5634369 0.703996 0.4321502 0.563134 0.7043623 0.2716438 0.6557507 0.7044151 0.2718069 0.6562326 0.7039033 0.09272372 0.7042278 0.7038931 0.09274059 0.7044895 0.7036291 -0.09275799 0.7044883 0.7036279 -0.09270566 0.7042266 0.7038968 -0.2718336 0.6562089 0.7039151 -0.2716143 0.6557652 0.704413 -0.4321292 0.5631486 0.7043636 -0.4323693 0.5634219 0.7039975 -0.5634329 0.4323517 0.7039995 -0.5633589 0.4323023 0.7040892 -0.6560712 0.2717599 0.7040718 -0.6561655 0.2717918 0.7039716 -0.7041229 0.0926941 0.704002 -0.7040984 0.09269255 0.7040267 -0.2586411 -0.0340529 0.9653731 -0.2586354 -0.03405183 0.9653747 -0.2410128 -0.09982848 0.9653741 -0.2409874 -0.0998165 0.9653817 -0.2069163 -0.1587722 0.9653896 -0.2069852 -0.1588307 0.9653652 -0.1588438 -0.2069983 0.9653602 -0.1588875 -0.2070614 0.9653395 -0.09987777 -0.2411472 0.9653354 -0.09976845 -0.2408419 0.9654229 -0.03402686 -0.258439 0.9654281 -0.03404867 -0.2587041 0.9653564 0.03406184 -0.258704 0.9653559 0.03401386 -0.2584399 0.9654283 0.0997501 -0.2408398 0.9654254 0.09989166 -0.2411394 0.9653359 0.1588907 -0.2070595 0.9653394 0.1588483 -0.2070095 0.9653571 0.2070004 -0.1588359 0.9653611 0.2069021 -0.1587678 0.9653934 0.2409706 -0.09981191 0.9653863 0.2410131 -0.09982711 0.9653741 0.2586356 -0.03405123 0.9653747 0.2586232 -0.03405022 0.965378 0.2586233 0.03404575 0.9653781 0.2586363 0.03404808 0.9653745 0.241011 0.09983479 0.9653739 0.2409689 0.09981489 0.9653864 0.2069052 0.1587628 0.9653936 0.2069963 0.15884 0.9653612 0.1588506 0.2070071 0.9653573 0.1588879 0.2070611 0.9653394 0.09987747 0.2411473 0.9653354 0.09976577 0.2408355 0.9654248 0.03402662 0.2584366 0.9654288 0.03402501 0.2584168 0.9654341 -0.03402394 0.2584168 0.9654341 -0.03402787 0.2584387 0.9654281 -0.09975308 0.2408462 0.9654235 -0.09989166 0.2411394 0.9653359 -0.1588907 0.2070595 0.9653394 -0.1588411 0.207001 0.96536 -0.2069885 0.1588276 0.965365 -0.206914 0.158776 0.9653894 -0.2409838 0.09982264 0.9653819 -0.2410116 0.09983259 0.9653739 -0.2586363 0.03404831 0.9653745 -0.2586411 0.03404873 0.9653732 -0.9582464 -0.1261621 0.2566068 -0.9582085 -0.1261499 0.2567545 -0.8929018 -0.3698304 0.2568109 -0.8929807 -0.3698813 0.256463 -0.7668606 -0.588429 0.2562736 -0.7667809 -0.588341 0.2567136 -0.5883406 -0.7668009 0.2566546 -0.5883393 -0.7667984 0.2566652 -0.3698946 -0.892921 0.2566517 -0.3699485 -0.8931708 0.255703 -0.1261801 -0.9585062 0.2556256 -0.1261877 -0.9583546 0.2561897 0.1261602 -0.958358 0.2561905 0.1262067 -0.9585025 0.2556263 0.3699923 -0.8931532 0.2557014 0.3698534 -0.892938 0.2566519 0.5883368 -0.7667996 0.2566672 0.5883569 -0.7668178 0.256567 0.7667935 -0.588374 0.2566004 0.7668717 -0.5884141 0.2562745 0.8929885 -0.3698631 0.2564621 0.8928803 -0.3698397 0.2568724 0.9581894 -0.1261578 0.2568216 0.9581934 -0.1261577 0.2568067 0.958195 0.1261444 0.2568072 0.9581915 0.1261433 0.256821 0.8928802 0.3698398 0.2568725 0.8928797 0.3698395 0.2568747 0.7667052 0.5883463 0.2569279 0.7666456 0.5882804 0.257256 0.5882799 0.7665897 0.2574238 0.5883736 0.766772 0.2566655 0.3698514 0.8929388 0.2566518 0.3698488 0.8929268 0.2566977 0.1261428 0.9582259 0.256693 0.1261361 0.9583609 0.2561913 -0.1261606 0.9583579 0.2561904 -0.1261192 0.9582291 0.2566922 -0.3698455 0.8929281 0.2566977 -0.3698524 0.8929389 0.2566502 -0.5884051 0.7667491 0.2566619 -0.5882353 0.7665953 0.2575092 -0.7666102 0.5882768 0.2573699 -0.7667164 0.5883314 0.2569283 -0.8928785 0.3698424 0.2568747 -0.8928955 0.3698461 0.2568104 -0.9582093 0.126143 0.2567544 -0.9582489 0.1261411 0.2566074 -0.7040534 -0.09269618 0.7040713 -0.7040389 -0.09269326 0.7040861 -0.6561022 -0.2717534 0.7040454 -0.6560669 -0.2717359 0.7040851 -0.5633491 -0.4322938 0.7041022 -0.5631356 -0.4321063 0.7043882 -0.4320564 -0.563045 0.704491 -0.4323942 -0.5635516 0.7038785 -0.271826 -0.6562893 0.7038429 -0.2716325 -0.6557174 0.7044506 -0.09264796 -0.7036436 0.7044872 -0.09266591 -0.703921 0.7042075 0.09268438 -0.7039198 0.7042064 0.09262889 -0.7036423 0.7044909 0.271589 -0.655717 0.7044677 0.2718633 -0.656272 0.7038447 0.4324261 -0.5635318 0.7038748 0.4320383 -0.5630903 0.7044659 0.5631484 -0.4321349 0.7043601 0.5633603 -0.4322762 0.704104 0.6560636 -0.2717422 0.7040857 0.6561962 -0.2717871 0.7039448 0.7041457 -0.09270596 0.7039775 0.7040887 -0.09270226 0.7040351 0.7040897 0.09268808 0.7040359 0.704147 0.09269952 0.7039772 0.6561883 0.2718108 0.703943 0.6560487 0.2717419 0.7040997 0.5633478 0.4322564 0.7041262 0.563703 0.4325684 0.7036501 0.4326015 0.5638138 0.7035411 0.4321475 0.563133 0.7043649 0.2716433 0.6557491 0.7044169 0.2717987 0.6562086 0.7039288 0.09272217 0.704207 0.7039142 0.09274041 0.7044894 0.7036291 -0.09275919 0.7044882 0.7036279 -0.09270465 0.7042154 0.7039081 -0.2718348 0.6562113 0.7039123 -0.2716132 0.655763 0.7044155 -0.432104 0.5631604 0.7043696 -0.4326301 0.5637592 0.7035671 -0.5636982 0.4325302 0.7036775 -0.5633293 0.4322842 0.704124 -0.6560459 0.2717471 0.7041004 -0.6560985 0.2717649 0.7040445 -0.7040408 0.09268403 0.7040855 -0.7040541 0.09268492 0.704072 -0.2586658 -0.03405672 0.9653663 -0.2586544 -0.03405463 0.9653695 -0.2410268 -0.09983551 0.9653698 -0.2409621 -0.09980499 0.9653891 -0.2068958 -0.1587555 0.9653967 -0.2070063 -0.1588492 0.9653576 -0.1588506 -0.207026 0.9653532 -0.1587375 -0.2068627 0.9654068 -0.0997793 -0.2408737 0.9654139 -0.0998609 -0.2411014 0.9653486 -0.03406584 -0.2587409 0.9653459 -0.03406208 -0.258695 0.9653583 0.0340597 -0.258695 0.9653584 0.0340684 -0.2587428 0.9653453 0.09987509 -0.2411049 0.9653462 0.09977161 -0.240886 0.9654116 0.1587359 -0.2068765 0.965404 0.1588496 -0.2070106 0.9653566 0.2069987 -0.1588353 0.9653615 0.2069158 -0.158778 0.9653888 0.2409924 -0.09981948 0.9653801 0.2409961 -0.09982085 0.9653791 0.2586183 -0.03405046 0.9653793 0.2586479 -0.03405284 0.9653713 0.2586479 0.03405046 0.9653713 0.2586196 0.03404527 0.9653791 0.2409945 0.09982633 0.9653788 0.2409961 0.09982711 0.9653784 0.2069269 0.1587809 0.9653859 0.2068516 0.1587171 0.9654125 0.1587021 0.2068126 0.9654233 0.1588829 0.2070737 0.9653376 0.09987944 0.2411522 0.965334 0.09976738 0.2408393 0.9654237 0.03402674 0.258438 0.9654284 0.03402429 0.2584078 0.9654366 -0.03402292 0.2584079 0.9654366 -0.03402787 0.2584353 0.9654291 -0.0997489 0.240837 0.9654262 -0.09989094 0.2411376 0.9653365 -0.1588896 0.2070569 0.9653401 -0.158699 0.2068322 0.9654197 -0.206861 0.1587295 0.9654084 -0.2069058 0.1587605 0.9653938 -0.2409641 0.09981554 0.9653875 -0.2410261 0.09983772 0.9653698 -0.2586552 0.03405141 0.9653694 -0.2586659 0.03405225 0.9653665 0.189074 -0.1890861 -0.9635857 0.1889977 -0.1889853 -0.9636204 0.06916803 -0.2581598 -0.963623 0.06917369 -0.2582053 -0.9636104 -0.06918019 -0.2582052 -0.96361 -0.06916308 -0.2581648 -0.963622 -0.1889864 -0.1889983 -0.9636201 -0.1890832 -0.1890715 -0.9635868 -0.2582326 -0.06919306 -0.9636017 -0.2582095 -0.0691902 -0.9636081 -0.2582095 0.06918692 -0.9636083 -0.258174 0.06917184 -0.9636189 -0.1889584 0.1889527 -0.9636346 -0.1889909 0.1889956 -0.9636198 -0.0691685 0.2581617 -0.9636224 -0.06915879 0.2580836 -0.9636441 0.06914764 0.2580838 -0.9636449 0.0691775 0.2581546 -0.9636237 0.1889934 0.1889879 -0.9636207 0.1889545 0.1889585 -0.9636341 0.2581709 0.06917661 -0.9636195 0.2581954 0.06917965 -0.9636127 0.2581952 -0.06918311 -0.9636124 0.2582296 -0.06919765 -0.9636022 0.5085645 -0.508531 -0.6948081 0.5086416 -0.5086429 -0.6946699 0.1861504 -0.6948454 -0.6946495 0.1861472 -0.6948045 -0.6946913 -0.1861404 -0.6948054 -0.6946922 -0.1861564 -0.6948389 -0.6946543 -0.5086526 -0.5086213 -0.6946775 -0.5085575 -0.5085557 -0.6947952 -0.6947418 -0.186164 -0.6947495 -0.694735 -0.1861635 -0.6947563 -0.6947383 0.1861395 -0.6947596 -0.6948041 0.1861707 -0.6946854 -0.5086683 0.5086811 -0.6946223 -0.5085427 0.5084987 -0.6948477 -0.1861339 0.6946057 -0.6948936 -0.1861508 0.6948181 -0.6946767 0.1861886 0.694813 -0.6946716 0.1860988 0.6946241 -0.6948846 0.5085192 0.5085299 -0.6948422 0.5086848 0.5086439 -0.6946374 0.6947942 0.18616 -0.6946982 0.6947642 0.1861575 -0.6947289 0.6947618 -0.1861749 -0.6947265 0.6947293 -0.1861595 -0.6947631 0.6845708 -0.6845726 -0.2504457 0.6845383 -0.6844742 -0.2508038 0.2505103 -0.9350435 -0.2508749 0.2504988 -0.9350997 -0.2506771 -0.2505237 -0.9350934 -0.2506754 -0.2504886 -0.935054 -0.2508577 -0.6845148 -0.6845123 -0.2507636 -0.6845963 -0.6845394 -0.2504675 -0.9351125 -0.2505759 -0.2505521 -0.9351098 -0.2505764 -0.2505614 -0.9351137 0.250561 -0.2505624 -0.9351161 0.2505632 -0.2505513 -0.6845973 0.6845382 -0.2504677 -0.6846261 0.6846249 -0.2501517 -0.2505674 0.9352563 -0.2500233 -0.2506052 0.935073 -0.25067 0.2505237 0.9350934 -0.2506754 0.2506451 0.9352298 -0.2500445 0.6846456 0.6845906 -0.2501924 0.6845759 0.6845676 -0.250446 0.9351239 0.2505604 -0.2505248 0.9351133 0.2505626 -0.2505623 0.9351109 -0.2505721 -0.2505617 0.9351187 -0.2505789 -0.2505261 0.9659279 0 -0.2588114 0.9659279 0 -0.2588114 0.7071104 0 -0.7071031 0.7071104 0 -0.7071031 0.2588154 0 -0.9659268 0.2588154 0 -0.9659268 0.2581952 -0.06918781 -0.9636121 0.2581989 -0.06918942 -0.963611 0.1890193 -0.1890138 -0.9636107 0.1889977 -0.1889853 -0.9636204 0.06916803 -0.2581598 -0.963623 0.06917369 -0.2582053 -0.9636104 -0.06918019 -0.2582052 -0.96361 -0.06916308 -0.2581648 -0.963622 -0.1889974 -0.1889917 -0.9636192 -0.1890218 -0.1890102 -0.9636108 -0.2581997 -0.06918895 -0.9636108 -0.2582095 -0.0691902 -0.9636081 0.6947482 -0.1861712 -0.6947411 0.6947157 -0.1861559 -0.6947777 0.5085545 -0.508521 -0.6948227 0.5086374 -0.5086413 -0.6946741 0.1861504 -0.6948454 -0.6946495 0.186146 -0.6947905 -0.6947056 -0.1861367 -0.6947917 -0.6947069 -0.1861587 -0.694838 -0.6946547 -0.50865 -0.5086186 -0.6946814 -0.5085464 -0.5085472 -0.6948095 -0.6947281 -0.1861604 -0.6947641 -0.6947214 -0.1861598 -0.6947709 0.9351127 -0.2505726 -0.2505548 0.9351204 -0.2505794 -0.2505191 0.6845703 -0.6845756 -0.2504386 0.6845636 -0.6845554 -0.2505127 0.2505403 -0.9351422 -0.2504764 0.2505515 -0.9350883 -0.2506666 -0.2505275 -0.9350943 -0.2506682 -0.2505671 -0.9351388 -0.2504624 -0.6845667 -0.6845679 -0.25047 -0.68457 -0.684569 -0.2504581 -0.9351143 -0.2505763 -0.2505451 -0.9351117 -0.2505769 -0.2505544 -0.2582095 0.06918692 -0.9636083 -0.258174 0.06917184 -0.9636189 -0.1889584 0.1889527 -0.9636346 -0.1889909 0.1889956 -0.9636198 -0.0691685 0.2581617 -0.9636224 -0.06915968 0.2580907 -0.9636421 0.06914955 0.2580909 -0.9636428 0.06917661 0.2581551 -0.9636236 0.1889934 0.1889879 -0.9636207 0.1889545 0.1889585 -0.9636341 0.2581709 0.06917661 -0.9636195 0.2581954 0.06917965 -0.9636127 -0.6947247 0.1861358 -0.6947742 -0.6947904 0.186167 -0.6947001 -0.5086583 0.5086711 -0.694637 -0.5085327 0.5084887 -0.6948624 -0.1861277 0.6945931 -0.6949079 -0.1861435 0.6947908 -0.6947059 0.1861786 0.6947861 -0.6947012 0.1860952 0.6946105 -0.6948993 0.5085092 0.5085199 -0.6948568 0.5086748 0.508634 -0.6946521 0.6947806 0.1861563 -0.6947128 0.6947505 0.1861539 -0.6947435 -0.9351155 0.2505615 -0.2505555 -0.9351179 0.2505636 -0.2505443 -0.6845985 0.6845394 -0.2504607 -0.6846273 0.6846263 -0.2501447 -0.2505678 0.935258 -0.2500163 -0.2506057 0.9350747 -0.2506629 0.2505242 0.9350951 -0.2506685 0.2506456 0.9352315 -0.2500375 0.6846469 0.684592 -0.2501854 0.6845771 0.6845689 -0.2504389 0.9351257 0.2505609 -0.2505178 0.935115 0.2505631 -0.2505552 -0.9659279 0 -0.2588114 -0.9659279 0 -0.2588114 -0.7070816 0 -0.707132 -0.7070816 0 -0.707132 -0.2588298 0 -0.9659229 -0.2588298 0 -0.9659229 -0.9351964 -0.25057 0.2502447 -0.684665 -0.6846768 0.2499027 -0.6845437 -0.6845876 0.2504791 -0.2505542 -0.9351445 0.2504546 -0.25071 -0.9355003 0.2489649 0.2506541 -0.9355144 0.2489687 0.2506109 -0.9351282 0.2504584 0.68456 -0.6845718 0.2504776 0.6846494 -0.6846931 0.2499013 0.9351933 -0.250581 0.2502454 0.9351391 -0.2505574 0.2504712 0.9351342 0.2505772 0.2504699 0.9351947 0.250584 0.2502368 0.6846914 0.6846584 0.2498809 0.6843993 0.6844431 0.2512676 0.2504813 0.9348748 0.2515316 0.2506409 0.93524 0.2500105 -0.2505824 0.9352546 0.2500144 -0.2505379 0.9348586 0.2515353 -0.6844382 0.6844052 0.251264 -0.6846537 0.6846975 0.2498774 -0.935193 0.2505903 0.2502373 -0.9351369 0.2505658 0.2504706 -0.9351376 -0.2505635 0.2504708 -0.6947151 -0.1861439 0.6947815 -0.5085407 -0.5085359 0.6948221 -0.5084056 -0.5084145 0.6950097 -0.1860644 -0.6943717 0.695146 -0.185948 -0.6940147 0.6955335 0.185968 -0.6940121 0.6955308 0.1860437 -0.69437 0.6951532 0.508395 -0.5083902 0.6950352 0.5085164 -0.5085253 0.6948475 0.6946802 -0.1861366 0.6948184 0.6946787 -0.1861361 0.6948201 0.6946775 0.1861445 0.6948189 0.6946724 0.1861434 0.6948243 0.5085128 0.5085089 0.6948621 0.508717 0.5086925 0.6945782 0.1862183 0.6949424 0.6945343 0.1860939 0.6945606 0.6949494 -0.1861152 0.6945577 0.6949465 -0.1862003 0.6949599 0.6945216 -0.5087237 0.5087199 0.6945534 -0.5085402 0.5085156 0.6948373 -0.6947066 0.1861522 0.6947878 -0.6946777 0.1861429 0.6948192 -0.6946786 -0.1861362 0.6948201 -0.2582826 -0.0692057 0.9635875 -0.1891382 -0.1891351 0.9635635 -0.1891191 -0.1891172 0.9635708 -0.06922733 -0.2583798 0.9635598 -0.06929105 -0.2585867 0.9634997 0.06928277 -0.2585869 0.9635003 0.06923454 -0.2583758 0.9635604 0.1891199 -0.1891167 0.9635707 0.1891378 -0.1891359 0.9635635 0.2582817 -0.06920725 0.9635875 0.258238 -0.06919378 0.9636002 0.2582379 0.0691986 0.9635999 0.258281 0.0692085 0.9635876 0.1891382 0.1891351 0.9635635 0.189114 0.1891126 0.9635727 0.06923478 0.2583654 0.9635631 0.0692147 0.2583004 0.9635819 -0.06921732 0.2583004 0.9635818 -0.06923246 0.2583667 0.9635629 -0.1891151 0.1891119 0.9635726 -0.1891376 0.1891362 0.9635635 -0.2582802 0.06920999 0.9635878 -0.2582379 0.06919693 0.9636 -0.2582379 -0.0691955 0.9636001 -0.258215 -0.06918936 -0.9636067 -0.189089 -0.1890872 -0.9635826 -0.1890711 -0.1890679 -0.9635898 -0.06921666 -0.2583091 -0.9635795 -0.06926488 -0.2585201 -0.9635195 0.06927317 -0.25852 -0.9635189 0.06920945 -0.2583131 -0.9635789 0.1890702 -0.1890684 -0.96359 0.1890894 -0.1890863 -0.9635826 0.2582159 -0.06918781 -0.9636065 0.2581713 -0.06917762 -0.9636192 0.2581712 0.06917905 -0.9636191 0.2582135 0.06919211 -0.9636068 0.1890888 0.1890873 -0.9635826 0.1890663 0.1890631 -0.9635918 0.06921458 0.2583 -0.963582 0.06919944 0.2582337 -0.9636009 -0.06919687 0.2582337 -0.9636011 -0.0692169 0.2582987 -0.9635823 -0.1890652 0.1890638 -0.9635918 -0.1890894 0.1890863 -0.9635826 -0.2582144 0.06919062 -0.9636068 -0.2581712 0.06918078 -0.9636191 -0.2581713 -0.06917589 -0.9636194 -0.6947485 -0.1861549 -0.6947453 -0.5085598 -0.5085685 -0.6947842 -0.5084383 -0.5084335 -0.6949718 -0.1860549 -0.6944136 -0.6951068 -0.1859772 -0.6940463 -0.6954943 0.1859577 -0.6940488 -0.6954968 0.1860711 -0.6943968 -0.6951193 0.5084124 -0.5084211 -0.6949999 0.5085474 -0.5085425 -0.6948122 0.6947144 -0.1861457 -0.6947817 0.6947128 -0.1861454 -0.6947835 0.6947116 0.1861539 -0.6947823 0.6947066 0.1861523 -0.6947878 0.5085468 0.5085223 -0.6948274 0.5087304 0.5087265 -0.6945436 0.1862075 0.6949847 -0.6944948 0.1861243 0.6945919 -0.6949099 -0.1861025 0.6945948 -0.6949129 -0.1862298 0.6949857 -0.6944879 -0.5087603 0.5087358 -0.6945148 -0.5085561 0.5085522 -0.6947987 -0.6947413 0.1861599 -0.6947509 -0.6947116 0.1861536 -0.6947824 -0.6947131 -0.1861434 -0.6947838 -0.9351897 -0.2505774 -0.2502627 -0.6846461 -0.6846899 -0.2499187 -0.6845567 -0.6845687 -0.2504951 -0.2506091 -0.935124 -0.2504758 -0.2506522 -0.9355103 -0.2489861 0.2507095 -0.935496 -0.2489823 0.2505537 -0.9351399 -0.2504721 0.6845405 -0.6845843 -0.2504966 0.6846619 -0.6846737 -0.2499202 0.9351913 -0.2505713 -0.2502623 0.9351326 -0.2505647 -0.2504882 0.935132 0.2505672 -0.250488 0.9351879 0.2505916 -0.2502549 0.6846505 0.6846943 -0.2498948 0.6844351 0.6844021 -0.2512816 0.2505375 0.9348541 -0.2515529 0.2505819 0.9352501 -0.2500318 -0.250639 0.9352358 -0.250028 -0.2504795 0.9348706 -0.251549 -0.684396 0.6844398 -0.2512852 -0.6846883 0.6846553 -0.2498984 -0.935191 0.2505803 -0.2502542 -0.9351304 0.2505735 -0.2504876 -0.9351354 -0.2505537 -0.2504889 -0.9351976 -0.2505821 0.2502279 -0.6846682 -0.6846801 0.2498853 -0.6847133 -0.6847133 0.2496706 -0.2506666 -0.9354062 0.2493618 -0.2506003 -0.9352548 0.2499958 0.2506251 -0.9352486 0.2499942 0.2506434 -0.935413 0.2493603 0.6847072 -0.6847192 0.2496712 0.684674 -0.684674 0.2498858 0.9351944 -0.250593 0.2502287 0.9351407 -0.2505695 0.250453 0.935144 0.2505565 0.2504539 0.9350548 0.2505465 0.2507967 0.6843845 0.684395 0.2514386 0.6844247 0.6844248 0.2512481 0.2504825 0.9348793 0.251514 0.2506421 0.9352444 0.249993 -0.2505836 0.9352591 0.249997 -0.2505392 0.9348631 0.2515178 -0.6844194 0.68443 0.2512485 -0.6843897 0.6843897 0.2514392 -0.9350592 0.2505311 0.2507957 -0.9351414 0.250567 0.2504532 -0.9351392 -0.2505756 0.2504526 -0.6947119 -0.1861518 0.6947826 -0.5085403 -0.5085364 0.694822 -0.5084148 -0.5084236 0.6949964 -0.1860698 -0.6943885 0.6951279 -0.1861246 -0.6945565 0.6949453 0.1861152 -0.6945577 0.6949465 0.1860766 -0.6943755 0.695139 0.5084037 -0.5083997 0.6950219 0.5085164 -0.5085253 0.6948475 0.694677 -0.1861444 0.6948195 0.6946775 -0.1861445 0.6948189 0.6946786 0.1861362 0.6948201 0.6948297 0.1861682 0.6946604 0.5088147 0.5088108 0.69442 0.5086988 0.5087066 0.6945813 0.1861895 0.6949542 0.6945302 0.1862447 0.6951238 0.6943455 -0.1862353 0.6951251 0.6943469 -0.1862003 0.6949599 0.6945216 -0.5087237 0.5087199 0.6945534 -0.5088279 0.5088358 0.6943922 -0.6948606 0.186185 0.6946249 -0.6946799 0.1861261 0.6948214 -0.6946775 -0.1861445 0.6948189 -0.2581353 -0.06916946 0.9636294 -0.1889315 -0.1889283 0.9636446 -0.1889073 -0.1889058 0.9636538 -0.06912779 -0.2580097 0.9636662 -0.06919687 -0.2582337 0.9636011 0.06918787 -0.2582339 0.9636017 0.06913566 -0.2580053 0.9636667 0.1889084 -0.1889052 0.9636537 0.1889308 -0.1889294 0.9636445 0.258136 -0.06916821 0.9636294 0.2581712 -0.06917905 0.9636191 0.2581713 0.06917452 0.9636194 0.2581369 0.06916666 0.9636292 0.1889271 0.1889356 0.963644 0.1890652 0.1890637 0.9635918 0.0692169 0.2582987 0.9635823 0.06910616 0.2579395 0.9636865 -0.06912052 0.2579392 0.9636855 -0.06920427 0.2583057 0.9635813 -0.189059 0.1890675 0.9635923 -0.1889308 0.1889294 0.9636445 -0.2581376 0.06916552 0.9636292 -0.2581713 0.06917589 0.9636194 -0.2581713 -0.06917762 0.9636192 -0.258136 -0.06916821 -0.9636294 -0.1889308 -0.1889294 -0.9636445 -0.1889083 -0.1889052 -0.9636537 -0.06913566 -0.2580053 -0.9636667 -0.06918787 -0.2582339 -0.9636017 0.06919687 -0.2582337 -0.9636011 0.06912779 -0.2580097 -0.9636662 0.1889073 -0.1889058 -0.9636538 0.1889315 -0.1889283 -0.9636446 0.2581353 -0.06916946 -0.9636294 0.2581713 -0.06917762 -0.9636192 0.2581713 0.06917589 -0.9636194 0.2581376 0.06916552 -0.9636292 0.1889308 0.1889294 -0.9636445 0.189059 0.1890675 -0.9635923 0.06920427 0.2583057 -0.9635814 0.06912052 0.2579392 -0.9636855 -0.06910616 0.2579395 -0.9636865 -0.0692169 0.2582987 -0.9635823 -0.1890652 0.1890638 -0.9635918 -0.1889271 0.1889356 -0.963644 -0.2581369 0.06916666 -0.9636292 -0.2581713 0.06917452 -0.9636194 -0.2581712 -0.06917905 -0.9636191 -0.6947453 -0.1861626 -0.6947463 -0.5085598 -0.5085685 -0.6947842 -0.5084469 -0.5084431 -0.6949586 -0.1860877 -0.694419 -0.6950926 -0.1861243 -0.6945919 -0.6949099 0.1861342 -0.6945906 -0.6949086 0.1860765 -0.6944134 -0.695101 0.5084215 -0.5084303 -0.6949866 0.508547 -0.5085431 -0.6948122 0.6947112 -0.1861535 -0.6947829 0.6947116 -0.1861536 -0.6947824 0.6947138 0.1861371 -0.6947846 0.6948607 0.186185 -0.694625 0.5088346 0.5088424 -0.6943823 0.5087304 0.5087265 -0.6945436 0.1862075 0.6949847 -0.6944948 0.1862444 0.6951592 -0.6943102 -0.1862534 0.695158 -0.6943091 -0.186201 0.6949974 -0.6944838 -0.5087421 0.5087499 -0.6945179 -0.508858 0.5088541 -0.6943567 -0.6948987 0.1861847 -0.694587 -0.6947128 0.1861454 -0.6947835 -0.694712 -0.1861518 -0.6947826 -0.9351909 -0.2505894 -0.250246 -0.6846709 -0.6846709 -0.2499033 -0.6847041 -0.6847159 -0.2496886 -0.2506416 -0.9354087 -0.2493776 -0.2506232 -0.9352445 -0.2500117 0.2505998 -0.9352503 -0.2500132 0.2506661 -0.9354017 -0.2493793 0.6847101 -0.6847101 -0.249688 0.684665 -0.6846768 -0.2499027 0.9351925 -0.2505834 -0.2502456 0.9351342 -0.2505769 -0.2504699 0.9351364 0.2505683 -0.2504705 0.9350541 0.2505324 -0.2508133 0.6843864 0.6843864 -0.2514567 0.6844162 0.6844267 -0.2512661 0.2505387 0.9348585 -0.2515354 0.2505831 0.9352545 -0.2500144 -0.2506402 0.9352402 -0.2500106 -0.2504807 0.9348751 -0.2515315 -0.6844215 0.6844215 -0.2512656 -0.6843813 0.6843918 -0.2514562 -0.9350511 0.2505428 -0.250814 -0.9351402 0.2505528 -0.2504715 -0.9351369 -0.2505658 -0.2504706 -0.935146 -0.2505782 0.2504245 -0.6846405 -0.6846555 0.2500286 -0.6847091 -0.6847061 0.2497019 -0.2506652 -0.9353972 0.2493973 -0.2504928 -0.9350031 0.251043 0.2505547 -0.9349876 0.2510389 0.2506026 -0.9354152 0.2493931 0.6847013 -0.6847137 0.2497026 0.6846656 -0.6846652 0.2499337 0.9351782 -0.2505887 0.250294 0.9351195 -0.250563 0.2505388 0.9351227 0.2505505 0.2505396 0.9350411 0.2505413 0.2508532 0.6843792 0.6843916 0.2514625 0.684428 0.6844276 0.2512316 0.2504854 0.9348865 0.2514841 0.2506417 0.9352445 0.249993 -0.2505857 0.9352585 0.2499968 -0.2505421 0.9348702 0.251488 -0.6844201 0.6844351 0.2512323 -0.6843692 0.6843662 0.2515587 -0.9350118 0.2505207 0.2509829 -0.9351351 0.2505746 0.2504689 -0.9351345 -0.250577 0.2504688 -0.6947304 -0.1861587 0.6947623 -0.5085514 -0.5085456 0.6948071 -0.5083837 -0.5083948 0.6950401 -0.1860609 -0.6943618 0.6951569 -0.1861298 -0.6945735 0.6949269 0.1861175 -0.6945751 0.6949287 0.1860714 -0.6943573 0.6951584 0.5083945 -0.5083866 0.6950383 0.508546 -0.5085552 0.694804 0.6947318 -0.1861608 0.6947603 0.694701 -0.1861508 0.6947938 0.6947019 0.186144 0.6947947 0.6948852 0.1861828 0.6946009 0.5088453 0.5088394 0.6943767 0.5086957 0.5087049 0.6945847 0.1861897 0.6949529 0.6945315 0.1862454 0.6951237 0.6943455 -0.1862363 0.6951249 0.6943467 -0.1861991 0.694949 0.6945328 -0.5087032 0.5086992 0.6945835 -0.5088368 0.5088479 0.6943768 -0.6948808 0.1861878 0.694604 -0.6947736 0.1861529 0.6947206 -0.6947717 -0.1861674 0.6947187 -0.2581434 -0.06917077 0.9636272 -0.1889322 -0.1889287 0.9636445 -0.1889146 -0.1889125 0.9636511 -0.0691325 -0.258026 0.9636614 -0.06919378 -0.2582248 0.9636037 0.06918585 -0.258225 0.9636043 0.06914061 -0.258027 0.9636605 0.1889245 -0.1889218 0.9636472 0.1889218 -0.1889189 0.9636483 0.2581248 -0.06916511 0.9636327 0.258179 -0.06918185 0.9636169 0.2581791 0.06917643 0.9636172 0.2581253 0.06916415 0.9636325 0.1889172 0.1889265 0.9636478 0.1890774 0.1890752 0.9635872 0.06922084 0.2583107 0.9635788 0.06910634 0.2579394 0.9636865 -0.06912124 0.2579392 0.9636855 -0.06920665 0.2583131 0.9635792 -0.1890611 0.1890696 0.9635915 -0.1889314 0.18893 0.9636443 -0.2581456 0.06916677 0.9636269 -0.258178 0.06917673 0.9636175 -0.2581779 -0.06917864 0.9636173 -0.2581441 -0.06916958 -0.9636271 -0.1889317 -0.1889296 -0.9636443 -0.1889154 -0.188912 -0.963651 -0.06913948 -0.2580221 -0.9636619 -0.06918585 -0.258225 -0.9636043 0.0691936 -0.2582248 -0.9636037 0.06913381 -0.2580308 -0.9636601 0.1889246 -0.1889218 -0.9636473 0.1889218 -0.188919 -0.9636483 0.2581237 -0.06916701 -0.9636327 0.2581791 -0.06917965 -0.963617 0.2581791 0.06917858 -0.963617 0.2581263 0.0691623 -0.9636324 0.1889216 0.1889194 -0.9636484 0.1890702 0.1890795 -0.9635878 0.06920778 0.258318 -0.9635778 0.06912124 0.2579392 -0.9636855 -0.06910657 0.2579395 -0.9636865 -0.06921952 0.258306 -0.9635802 -0.1890673 0.1890659 -0.963591 -0.1889277 0.1889362 -0.9636438 -0.258145 0.06916791 -0.9636269 -0.258178 0.06917548 -0.9636176 -0.2581779 -0.06918001 -0.9636173 -0.6947654 -0.1861657 -0.6947255 -0.5085691 -0.5085802 -0.6947689 -0.5084183 -0.5084125 -0.6950019 -0.1860811 -0.6943914 -0.695122 -0.1861271 -0.6946092 -0.6948919 0.1861385 -0.6946076 -0.6948904 0.1860696 -0.6943961 -0.6951202 0.5084098 -0.508419 -0.6950033 0.5085784 -0.5085706 -0.694769 0.6947666 -0.1861684 -0.6947234 0.6947349 -0.1861617 -0.694757 0.6947373 0.1861432 -0.6947595 0.6949155 0.1862013 -0.6945657 0.5088637 0.5088729 -0.6943386 0.5087292 0.5087233 -0.6945468 0.1862078 0.6949833 -0.6944961 0.186245 0.6951591 -0.6943101 -0.186255 0.6951578 -0.6943088 -0.1861993 0.6949868 -0.6944949 -0.5087196 0.5087307 -0.6945483 -0.5088683 0.5088644 -0.6943415 -0.6949173 0.1861914 -0.6945667 -0.694807 0.1861681 -0.6946832 -0.6948055 -0.1861788 -0.6946818 -0.9351413 -0.2505787 -0.250442 -0.6846462 -0.6846431 -0.2500469 -0.6846967 -0.6847118 -0.2497202 -0.250602 -0.9354106 -0.2494105 -0.2505542 -0.934983 -0.2510564 0.250491 -0.9349988 -0.2510606 0.2506634 -0.9353931 -0.2494147 0.6847046 -0.6847041 -0.2497194 0.684656 -0.6846684 -0.2499505 0.9351764 -0.2505783 -0.2503108 0.9351128 -0.2505711 -0.2505556 0.9351153 0.2505612 -0.2505563 0.93504 0.2505283 -0.2508698 0.6843822 0.6843818 -0.2514805 0.6844183 0.6844306 -0.2512497 0.2505403 0.934866 -0.2515055 0.2505839 0.9352543 -0.2500143 -0.2506412 0.9352399 -0.2500105 -0.2504848 0.934882 -0.2515017 -0.6844261 0.684423 -0.251249 -0.6843571 0.6843721 -0.2515754 -0.9350019 0.2505389 -0.2510017 -0.9351356 0.2505539 -0.2504877 -0.9351305 -0.2505741 -0.2504864 -0.935195 -0.250575 0.250245 -0.6846663 -0.6846756 0.2499029 -0.684545 -0.6845863 0.250479 -0.2505549 -0.9351442 0.2504546 -0.2507106 -0.9355003 0.2489649 0.2506541 -0.9355144 0.2489687 0.2506109 -0.9351282 0.2504584 0.6845586 -0.6845731 0.2504777 0.6846554 -0.6847046 0.2498532 0.9352095 -0.2505854 0.2501801 0.935124 -0.250548 0.2505369 0.9351179 0.2505728 0.2505353 0.9352124 0.2505834 0.2501712 0.6846989 0.6846685 0.249833 0.6843965 0.6844456 0.2512679 0.2504813 0.9348748 0.2515316 0.2506409 0.93524 0.2500105 -0.2505831 0.9352545 0.2500144 -0.2505387 0.9348585 0.2515354 -0.6844397 0.684404 0.2512639 -0.684655 0.6846962 0.2498775 -0.9351922 0.2505927 0.2502374 -0.9351521 0.2505752 0.250405 -0.9351533 -0.2505703 0.2504054 -0.694612 -0.1861183 0.6948915 -0.5084859 -0.508481 0.6949024 -0.5083701 -0.508377 0.695063 -0.186059 -0.6943536 0.6951655 -0.1859486 -0.6940147 0.6955334 0.1859685 -0.694012 0.6955307 0.1860462 -0.6943792 0.6951434 0.5084133 -0.5084085 0.6950085 0.5085521 -0.5085629 0.6947938 0.694747 -0.1861584 0.6947457 0.6946787 -0.1861361 0.6948201 0.694677 0.1861482 0.6948184 0.6947406 0.1861616 0.6947512 0.5085495 0.5085455 0.6948086 0.5087342 0.5087117 0.6945515 0.1862212 0.6949514 0.6945245 0.1860939 0.6945606 0.6949494 -0.1861147 0.6945579 0.6949466 -0.1861959 0.6949414 0.6945412 -0.5086871 0.5086832 0.6946069 -0.5084862 0.5084596 0.6949177 -0.6946057 0.1861214 0.694897 -0.6946775 0.1861447 0.6948189 -0.6946791 -0.1861325 0.6948205 -0.258319 -0.06921404 0.9635771 -0.1891574 -0.1891543 0.9635559 -0.1891382 -0.1891364 0.9635633 -0.06923007 -0.2583893 0.963557 -0.06929087 -0.2585867 0.9634997 0.06928259 -0.2585869 0.9635003 0.06923216 -0.2583661 0.9635631 0.1891016 -0.1890971 0.9635782 0.1891378 -0.1891359 0.9635635 0.258281 -0.06920844 0.9635876 0.258238 -0.06919521 0.9636001 0.2582379 0.06920003 0.9635999 0.2582803 0.06920975 0.9635878 0.1891388 0.1891342 0.9635636 0.1890949 0.1890934 0.9635802 0.06923204 0.2583559 0.9635658 0.06921494 0.2583004 0.963582 -0.0692175 0.2583004 0.9635818 -0.06923484 0.2583764 0.9635601 -0.1891342 0.1891311 0.9635651 -0.1891568 0.1891553 0.9635558 -0.2583159 0.06921952 0.9635775 -0.2582379 0.0691955 0.9636001 -0.2582379 -0.0691955 0.9636001 -0.2582507 -0.06919896 -0.9635964 -0.1891081 -0.1891063 -0.9635751 -0.1890902 -0.189087 -0.9635823 -0.06921911 -0.2583188 -0.9635767 -0.06926506 -0.2585201 -0.9635195 0.06927341 -0.25852 -0.9635189 0.06920671 -0.2583036 -0.9635817 0.189051 -0.1890493 -0.9635975 0.18909 -0.1890854 -0.9635826 0.2582152 -0.06918913 -0.9636067 0.2581713 -0.06917905 -0.9636192 0.2581712 0.06918048 -0.9636191 0.2582128 0.0691933 -0.963607 0.1890888 0.1890873 -0.9635826 0.189048 0.1890434 -0.9635992 0.06921219 0.2582903 -0.9635848 0.06919926 0.2582337 -0.963601 -0.06919664 0.2582337 -0.9636011 -0.06921958 0.2583082 -0.9635795 -0.1890844 0.1890829 -0.9635844 -0.1891086 0.1891055 -0.9635751 -0.2582507 0.0691989 -0.9635965 -0.2581712 0.06918078 -0.9636191 -0.2581713 -0.06917446 -0.9636195 -0.6946476 -0.186124 -0.6948544 -0.5085058 -0.5085126 -0.6948646 -0.5084018 -0.5083969 -0.6950254 -0.1860505 -0.6943951 -0.6951264 -0.1859767 -0.6940464 -0.6954944 0.1859577 -0.6940488 -0.6954968 0.186074 -0.6944057 -0.6951095 0.5084295 -0.5084403 -0.6949734 0.508584 -0.5085792 -0.6947587 0.6947827 -0.186164 -0.6947087 0.6947123 -0.1861491 -0.694783 0.6947116 0.1861539 -0.6947823 0.6947735 0.186174 -0.6947152 0.5085825 0.50856 -0.6947737 0.5087487 0.5087448 -0.6945168 0.1862099 0.6949938 -0.694485 0.1861248 0.6945918 -0.6949099 -0.186103 0.6945947 -0.6949127 -0.1862245 0.6949676 -0.6945074 -0.5087249 0.5086984 -0.6945682 -0.5085013 0.5084974 -0.6948791 -0.6946383 0.1861342 -0.6948609 -0.6947121 0.1861498 -0.6947829 -0.6947128 -0.1861453 -0.6947835 -0.9351889 -0.2505798 -0.2502629 -0.6846475 -0.6846886 -0.2499188 -0.684558 -0.6845673 -0.250495 -0.2506098 -0.9351239 -0.2504759 -0.2506529 -0.9355101 -0.248986 0.2507095 -0.935496 -0.2489823 0.2505537 -0.9351399 -0.2504721 0.6845378 -0.684587 -0.2504968 0.6846693 -0.6846837 -0.2498722 0.935209 -0.2505708 -0.2501967 0.9351163 -0.2505604 -0.2505534 0.9351169 0.2505578 -0.2505536 0.9352042 0.2505959 -0.2501896 0.6846566 0.6847057 -0.2498468 0.6844338 0.6844034 -0.2512817 0.2505375 0.9348541 -0.2515529 0.2505819 0.9352501 -0.2500318 -0.2506397 0.9352357 -0.250028 -0.2504802 0.9348704 -0.2515491 -0.6843973 0.6844385 -0.251285 -0.6846896 0.6846538 -0.2498985 -0.9351896 0.2505853 -0.2502545 -0.935146 0.2505804 -0.2504221 -0.9351504 -0.250563 -0.2504233 -0.9350673 -0.2505571 0.2507394 -0.6844977 -0.6844943 0.2508596 -0.6844962 -0.6844931 0.2508668 -0.2505199 -0.9350129 0.2509796 -0.2506761 -0.9353701 0.2494878 0.2506188 -0.9353845 0.2494916 0.2505754 -0.9349969 0.2509834 0.6844977 -0.6844916 0.2508667 0.6845137 -0.6845133 0.2507639 0.9351026 -0.2505564 0.2506082 0.9351151 -0.2505618 0.2505562 0.9351143 0.2505652 0.2505561 0.9351417 0.2505682 0.2504507 0.6845965 0.6845878 0.2503341 0.6845648 0.6845645 0.2504845 0.2505935 0.9351325 0.2504599 0.2505239 0.9349731 0.2511234 -0.2505498 0.9349668 0.2511216 -0.2505691 0.9351394 0.2504583 -0.6845677 0.6845616 0.2504843 -0.6845763 0.6845732 0.2504295 -0.935108 0.2505635 0.2505816 -0.9351308 0.2505735 0.2504864 -0.9351329 -0.2505645 0.250487 -0.6947337 -0.1861506 0.6947612 -0.5085506 -0.5085467 0.6948069 -0.5085378 -0.5085352 0.6948247 -0.1861061 -0.6946462 0.6948606 -0.1861727 -0.6948505 0.6946383 0.1861608 -0.6948521 0.69464 0.1861163 -0.694642 0.694862 0.5085397 -0.5085337 0.6948244 0.508552 -0.5085475 0.6948053 0.6947351 -0.1861529 0.6947591 0.6947022 -0.1861422 0.694795 0.6947008 0.186152 0.6947937 0.6948075 0.1861746 0.694681 0.5086989 0.508693 0.6945911 0.5087046 0.5086981 0.6945832 0.1862176 0.6949414 0.6945355 0.1862757 0.6951197 0.6943414 -0.1862663 0.6951209 0.6943427 -0.1862273 0.6949374 0.6945368 -0.5087032 0.5086992 0.6945835 -0.5086972 0.5086926 0.6945927 -0.6948046 0.1861757 0.6946836 -0.694772 0.1861651 0.694719 -0.6947728 -0.1861589 0.6947198 -0.258293 -0.0692076 0.9635845 -0.1891437 -0.1891403 0.9635614 -0.1891161 -0.1891146 0.9635719 -0.06923186 -0.2583758 0.9635605 -0.06916195 -0.2581488 0.9636264 0.06917101 -0.2581486 0.9636257 0.06922501 -0.2583851 0.9635586 0.1891265 -0.1891238 0.963568 0.1891331 -0.1891309 0.9635653 0.2582728 -0.06920474 0.96359 0.2582458 -0.06919646 0.9635979 0.2582457 0.06919753 0.9635978 0.2581952 0.06918597 0.9636122 0.1889804 0.188977 0.9636255 0.1889634 0.1889612 0.9636319 0.06914627 0.2580799 0.9636459 0.06921696 0.2583094 0.9635794 -0.06920778 0.2583096 0.96358 -0.06915318 0.2580706 0.9636479 -0.1889551 0.188951 0.9636356 -0.1889898 0.1889883 0.9636214 -0.2582156 0.06918871 0.9636067 -0.2582446 0.06919765 0.9635981 -0.2582446 -0.06919652 0.9635983 -0.2582255 -0.06919139 -0.9636038 -0.1890942 -0.1890928 -0.9635804 -0.1890686 -0.1890651 -0.9635909 -0.06920605 -0.2583134 -0.9635791 -0.06915318 -0.258082 -0.9636449 0.06914389 -0.2580822 -0.9636455 0.06921529 -0.2583138 -0.9635784 0.1890774 -0.1890752 -0.9635872 0.1890845 -0.1890817 -0.9635844 0.2582067 -0.06918597 -0.9636092 0.2581791 -0.06917965 -0.963617 0.2581791 0.06918162 -0.963617 0.2581295 0.06916642 -0.9636313 0.1889311 0.1889289 -0.9636446 0.1889154 0.188912 -0.963651 0.06913644 0.2580088 -0.9636657 0.0691899 0.2582429 -0.9635992 -0.06919932 0.2582427 -0.9635985 -0.06912714 0.2580085 -0.9636665 -0.1889046 0.1889032 -0.9636548 -0.188942 0.1889379 -0.9636406 -0.2581483 0.0691719 -0.9636258 -0.2581779 0.06917864 -0.9636173 -0.258178 -0.06917673 -0.9636175 -0.6947687 -0.1861578 -0.6947244 -0.508575 -0.5085724 -0.6947702 -0.5085635 -0.5085596 -0.6947879 -0.1861259 -0.6946759 -0.6948255 -0.1861704 -0.6948862 -0.6946033 0.1861813 -0.6948848 -0.6946018 0.1861148 -0.6946805 -0.6948239 0.5085638 -0.5085594 -0.6947879 0.5085776 -0.5085717 -0.6947689 0.6947699 -0.1861603 -0.6947224 0.694736 -0.1861532 -0.6947581 0.6947357 0.1861554 -0.6947578 0.6948392 0.1861891 -0.6946452 0.5087242 0.5087177 -0.6945546 0.5087292 0.5087233 -0.6945468 0.186236 0.6949717 -0.6945002 0.1862749 0.6951552 -0.6943061 -0.1862853 0.6951537 -0.6943048 -0.1862272 0.6949753 -0.6944989 -0.5087285 0.5087239 -0.6945469 -0.5087219 0.508718 -0.6945561 -0.6948394 0.1861832 -0.6946467 -0.6948059 0.1861761 -0.6946822 -0.6948067 -0.1861702 -0.6946829 -0.9350656 -0.2505465 -0.2507562 -0.6844943 -0.6844912 -0.2508772 -0.6844933 -0.6844897 -0.2508843 -0.2505749 -0.9349924 -0.251001 -0.2506183 -0.9353801 -0.249509 0.2506743 -0.935366 -0.2495052 0.2505181 -0.9350087 -0.2509971 0.6844916 -0.6844912 -0.2508844 0.6845133 -0.6845072 -0.2507817 0.9350977 -0.2505571 -0.2506258 0.9351113 -0.2505587 -0.2505739 0.9351109 0.25056 -0.2505738 0.9351362 0.250571 -0.2504686 0.6845892 0.6845889 -0.2503512 0.6845659 0.6845571 -0.2505016 0.2505673 0.9351353 -0.2504758 0.250548 0.9349625 -0.2511392 -0.2505234 0.9349687 -0.2511409 -0.250593 0.935128 -0.2504775 -0.684563 0.68456 -0.2505019 -0.6845746 0.6845684 -0.250447 -0.9351025 0.2505659 -0.2505994 -0.9351273 0.2505686 -0.2505041 -0.9351262 -0.2505729 -0.2505038 -0.9351962 -0.2505871 0.2502283 -0.6846694 -0.6846787 0.2498854 -0.6847146 -0.684712 0.2496705 -0.2506673 -0.9354062 0.2493619 -0.250601 -0.9352546 0.2499958 0.2506251 -0.9352486 0.2499942 0.2506434 -0.935413 0.2493603 0.6847059 -0.6847204 0.2496713 0.6846801 -0.6846854 0.2498378 0.9352108 -0.2505974 0.2501634 0.9351257 -0.2505602 0.2505186 0.9351277 0.2505521 0.2505192 0.9350726 0.2505459 0.2507311 0.6843919 0.6844051 0.2513908 0.684422 0.6844273 0.2512483 0.2504825 0.9348793 0.251514 0.2506421 0.9352444 0.249993 -0.2505843 0.9352589 0.2499969 -0.2505398 0.9348629 0.2515178 -0.6844207 0.6844286 0.2512484 -0.6843909 0.6843883 0.2514392 -0.9350585 0.2505336 0.2507958 -0.9351564 0.2505764 0.2503876 -0.9351549 -0.2505824 0.2503871 -0.6946088 -0.1861261 0.6948926 -0.5084854 -0.5084816 0.6949023 -0.5083792 -0.5083861 0.6950497 -0.1860644 -0.6943703 0.6951473 -0.1861251 -0.6945564 0.6949452 0.1861157 -0.6945577 0.6949465 0.186079 -0.6943846 0.6951292 0.508422 -0.508418 0.6949952 0.5085521 -0.5085629 0.6947938 0.6947439 -0.1861661 0.6947468 0.6946775 -0.1861445 0.6948189 0.6946781 0.18614 0.6948195 0.694898 0.1861865 0.6945872 0.5088513 0.5088474 0.6943664 0.508716 0.5087258 0.6945546 0.1861924 0.6949632 0.6945204 0.1862447 0.6951238 0.6943455 -0.1862348 0.6951252 0.6943469 -0.1861959 0.6949414 0.6945412 -0.5086871 0.5086832 0.6946069 -0.5087738 0.5087797 0.6944727 -0.6947597 0.1861541 0.6947342 -0.6946797 0.186128 0.6948211 -0.694678 -0.1861407 0.6948195 -0.2581717 -0.06917774 0.9636191 -0.1889506 -0.1889474 0.9636371 -0.1889264 -0.188925 0.9636463 -0.06913053 -0.2580191 0.9636633 -0.06919664 -0.2582337 0.9636011 0.0691877 -0.2582339 0.9636018 0.06913328 -0.2579957 0.9636695 0.1888901 -0.1888855 0.9636611 0.1889308 -0.1889294 0.9636445 0.2581354 -0.06916946 0.9636294 0.2581712 -0.06918048 0.9636191 0.2581713 0.06917595 0.9636194 0.2581362 0.06916791 0.9636293 0.1889277 0.1889347 0.9636442 0.189046 0.1890446 0.9635993 0.06921416 0.2582892 0.963585 0.06910634 0.2579394 0.9636864 -0.0691207 0.2579392 0.9636854 -0.06920665 0.2583154 0.9635786 -0.1890782 0.1890866 0.9635848 -0.18895 0.1889485 0.9636371 -0.2581733 0.06917506 0.9636189 -0.2581713 0.06917446 0.9636195 -0.2581713 -0.06917762 0.9636192 -0.2581717 -0.0691778 -0.9636191 -0.18895 -0.1889485 -0.9636371 -0.1889275 -0.1889243 -0.9636462 -0.06913805 -0.258015 -0.963664 -0.06918805 -0.2582339 -0.9636017 0.06919705 -0.2582337 -0.9636011 0.06912505 -0.2580002 -0.9636689 0.1888881 -0.1888867 -0.9636613 0.188932 -0.1889274 -0.9636448 0.2581347 -0.06917071 -0.9636296 0.2581713 -0.06917905 -0.9636192 0.2581713 0.06917732 -0.9636192 0.2581369 0.06916671 -0.9636293 0.1889308 0.1889294 -0.9636445 0.1890407 0.1890478 -0.9635998 0.06920188 0.258296 -0.9635841 0.06912034 0.2579392 -0.9636855 -0.06910598 0.2579395 -0.9636865 -0.06921958 0.2583082 -0.9635795 -0.1890844 0.1890829 -0.9635844 -0.1889463 0.1889547 -0.9636365 -0.2581734 0.069175 -0.9636189 -0.2581713 0.06917452 -0.9636194 -0.2581713 -0.06917762 -0.9636192 -0.6946444 -0.1861317 -0.6948555 -0.5085058 -0.5085126 -0.6948646 -0.5084103 -0.5084064 -0.6950121 -0.1860833 -0.6944004 -0.6951122 -0.1861239 -0.6945919 -0.6949101 0.1861342 -0.6945906 -0.6949086 0.1860794 -0.6944224 -0.6950914 0.5084387 -0.5084494 -0.69496 0.5085835 -0.5085797 -0.6947586 0.6947795 -0.1861718 -0.6947097 0.6947112 -0.1861574 -0.6947819 0.6947138 0.1861371 -0.6947846 0.6949275 0.1862068 -0.6945523 0.5088703 0.5088801 -0.6943286 0.5087487 0.5087448 -0.6945168 0.1862099 0.6949938 -0.694485 0.1862449 0.6951592 -0.6943102 -0.1862539 0.6951579 -0.6943089 -0.1861957 0.6949794 -0.6945033 -0.5087066 0.5087125 -0.6945713 -0.5088031 0.5087991 -0.6944371 -0.6947955 0.186159 -0.694697 -0.6947134 0.1861416 -0.694784 -0.6947117 -0.1861537 -0.6947824 -0.9351902 -0.2505918 -0.2502461 -0.6846722 -0.6846695 -0.2499034 -0.6847054 -0.6847147 -0.2496885 -0.2506422 -0.9354087 -0.2493777 -0.2506239 -0.9352443 -0.2500116 0.2505998 -0.9352503 -0.2500132 0.2506661 -0.9354017 -0.2493793 0.6847074 -0.6847127 -0.2496883 0.6846724 -0.6846869 -0.2498548 0.9352104 -0.2505828 -0.25018 0.9351179 -0.2505725 -0.2505352 0.9351213 0.250559 -0.2505362 0.9350704 0.2505367 -0.250748 0.6843926 0.6843979 -0.2514086 0.6844148 0.684428 -0.2512663 0.2505387 0.9348585 -0.2515354 0.2505831 0.9352545 -0.2500144 -0.2506409 0.93524 -0.2500105 -0.2504813 0.9348748 -0.2515316 -0.6844229 0.6844202 -0.2512655 -0.6843826 0.6843905 -0.2514563 -0.9350497 0.2505478 -0.2508144 -0.9351559 0.2505597 -0.250406 -0.9351521 -0.2505752 -0.250405 0.2586741 -0.03405344 0.9653642 0.2410473 -0.09984457 0.9653638 0.2410837 -0.09986478 0.9653526 0.2070406 -0.158882 0.9653449 0.2069469 -0.1587913 0.9653798 0.1587879 -0.206924 0.9653853 0.1588077 -0.2069571 0.965375 0.09982866 -0.2410036 0.9653763 0.09984749 -0.2410694 0.965358 0.03406578 -0.2586964 0.9653578 0.03406733 -0.2587866 0.9653335 -0.03407764 -0.2587865 0.9653333 -0.03405553 -0.2586981 0.9653577 -0.09985333 -0.2410649 0.9653586 -0.09982287 -0.2410101 0.9653753 -0.1588151 -0.2069579 0.9653736 -0.1587851 -0.2069268 0.9653852 -0.2069359 -0.1588025 0.9653804 -0.2070478 -0.1588696 0.9653453 -0.2410864 -0.09985995 0.9653524 -0.2410462 -0.09984844 0.9653636 -0.2586741 -0.03405356 0.9653642 -0.2586608 -0.03405338 0.9653678 -0.2586608 0.03405368 0.9653678 -0.2586732 0.03405678 0.9653643 -0.2410475 0.0998438 0.9653638 -0.241084 0.09986412 0.9653526 -0.2070445 0.1588754 0.9653451 -0.2070029 0.1588351 0.9653607 -0.158837 0.2070048 0.9653599 -0.1588091 0.2069581 0.9653745 -0.09982824 0.2410033 0.9653765 -0.09984636 0.2410668 0.9653587 -0.03406566 0.2586955 0.9653581 -0.0340653 0.2586715 0.9653645 0.0340625 0.2586715 0.9653646 0.03406858 0.2586957 0.9653578 0.09985542 0.2410672 0.9653577 0.09982055 0.2410044 0.9653769 0.1588001 0.2069583 0.965376 0.1588411 0.2070008 0.9653602 0.2069988 0.1588394 0.9653609 0.2070482 0.1588691 0.9653453 0.241086 0.0998606 0.9653525 0.241046 0.09984916 0.9653636 0.2586736 0.03405535 0.9653642 0.2586752 0.03405541 0.9653638 0.2586752 -0.03405374 0.965364 0.7040646 -0.09268778 0.704061 0.6560827 -0.2717635 0.7040597 0.6560515 -0.2717441 0.7040964 0.563348 -0.4322688 0.7041183 0.5634903 -0.4324199 0.7039117 0.4324024 -0.5635694 0.7038591 0.4322487 -0.563284 0.7041819 0.2717329 -0.6559367 0.7042075 0.2717732 -0.6561075 0.7040328 0.09271991 -0.7040874 0.7040342 0.09271919 -0.704111 0.7040106 -0.09272295 -0.7041107 0.7040103 -0.09271615 -0.7040881 0.7040338 -0.271799 -0.6560988 0.7040311 -0.2717039 -0.6559448 0.7042112 -0.4322014 -0.5633051 0.7041941 -0.4324436 -0.5635333 0.7038627 -0.5635123 -0.4323949 0.7039095 -0.5633195 -0.432291 0.7041276 -0.6560365 -0.2717443 0.7041102 -0.6560853 -0.2717558 0.7040603 -0.7040641 -0.09268981 0.7040612 -0.7040771 -0.09268945 0.7040483 -0.7040766 0.0926966 0.7040479 -0.7040637 0.09269273 0.7040615 -0.6560827 0.2717635 0.7040597 -0.65604 0.2717371 0.7041097 -0.5633389 0.4322619 0.7041299 -0.5633924 0.4323186 0.7040524 -0.4323144 0.5634031 0.7040463 -0.4323356 0.5634424 0.7040017 -0.2717828 0.656151 0.7039886 -0.2717726 0.6561077 0.7040329 -0.09271991 0.7040874 0.7040342 -0.09271919 0.704111 0.7040106 0.09272295 0.7041107 0.7040103 0.09271615 0.7040881 0.7040338 0.2717667 0.6561098 0.7040333 0.2717929 0.6561522 0.7039836 0.4323458 0.5634463 0.7039926 0.4323069 0.5634096 0.7040457 0.5634006 0.4323092 0.7040516 0.5633421 0.4322777 0.7041177 0.6560488 0.2717494 0.7040967 0.6560847 0.2717579 0.7040601 0.7040637 0.09269255 0.7040614 0.7040625 0.09269255 0.7040625 0.7040629 -0.0926873 0.7040629 0.958191 -0.1261423 0.2568231 0.8928648 -0.3698364 0.2569308 0.892876 -0.3698483 0.2568748 0.7667152 -0.5883309 0.2569332 0.7667024 -0.5883069 0.2570265 0.5883353 -0.7666541 0.2571051 0.5883856 -0.7668693 0.2563473 0.3698925 -0.893033 0.2562646 0.369897 -0.8928953 0.2567377 0.1261706 -0.9582119 0.2567312 0.1261807 -0.9581788 0.2568498 -0.1261661 -0.9581806 0.2568503 -0.1261849 -0.9582109 0.2567281 -0.3698465 -0.8929187 0.2567292 -0.3699426 -0.8930088 0.2562767 -0.5884556 -0.766811 0.2563607 -0.588265 -0.7667089 0.2571022 -0.7666938 -0.5883177 0.257027 -0.7667264 -0.5883254 0.2569122 -0.8928859 -0.3698419 0.2568497 -0.8928623 -0.3698426 0.2569306 -0.9581895 -0.1261533 0.2568234 -0.9582079 -0.1261478 0.2567577 -0.9582068 0.1261556 0.2567574 -0.9582049 0.1261544 0.2567654 -0.8929075 0.3698515 0.2567611 -0.8929226 0.3698676 0.2566852 -0.7667544 0.588404 0.2566487 -0.7667024 0.5883069 0.2570265 -0.5883342 0.7666549 0.2571051 -0.5883602 0.7667659 0.2567145 -0.3698523 0.8929288 0.2566851 -0.3698527 0.8929162 0.256729 -0.1261688 0.9582131 0.2567276 -0.1261802 0.9581753 0.2568632 0.1261644 0.9581772 0.2568637 0.1261848 0.9582099 0.2567316 0.3698456 0.892916 0.2567394 0.3698593 0.8929289 0.2566751 0.5884003 0.766741 0.2566966 0.5882957 0.7666851 0.2571035 0.766676 0.5883406 0.2570279 0.7667772 0.5883643 0.2566715 0.8929188 0.3698594 0.2567098 0.892904 0.3698599 0.2567607 0.9582052 0.1261522 0.2567654 0.9582074 0.1261515 0.2567576 0.9582072 -0.1261524 0.2567574 0.2586507 -0.03405296 0.9653705 0.2410005 -0.09981685 0.9653783 0.2410845 -0.09986346 0.9653526 0.2070394 -0.158884 0.9653447 0.2069438 -0.1587914 0.9653805 0.1587876 -0.2069203 0.9653862 0.1588633 -0.2070466 0.9653467 0.0998727 -0.2411115 0.9653449 0.09982776 -0.2409543 0.9653887 0.03403639 -0.2585795 0.9653902 0.03403836 -0.2586985 0.9653581 -0.03405201 -0.2586984 0.9653577 -0.03402358 -0.2585847 0.9653892 -0.0998125 -0.2409644 0.9653878 -0.09988641 -0.2410975 0.965347 -0.1588716 -0.2070315 0.9653486 -0.1587755 -0.2069322 0.9653856 -0.2069345 -0.1588008 0.9653809 -0.2070334 -0.1588602 0.96535 -0.24107 -0.09984815 0.9653578 -0.2409976 -0.09982746 0.965378 -0.2586501 -0.03405499 0.9653705 -0.258668 -0.03405529 0.9653658 -0.258668 0.03405362 0.9653658 -0.2586667 0.03405332 0.9653661 -0.2410411 0.09984201 0.9653657 -0.2410269 0.09983414 0.96537 -0.2069746 0.1588209 0.9653691 -0.2069963 0.1588419 0.9653609 -0.158837 0.2070048 0.9653599 -0.1588091 0.2069581 0.9653745 -0.09983986 0.2409967 0.9653769 -0.09989011 0.2411724 0.9653278 -0.03406786 0.2588185 0.965325 -0.03406536 0.2586715 0.9653645 0.03404849 0.2586716 0.9653651 0.03408372 0.2588124 0.9653261 0.09990757 0.2411618 0.9653286 0.0998243 0.2410119 0.9653748 0.15881 0.2069678 0.9653723 0.1588415 0.2070004 0.9653602 0.2069973 0.1588408 0.9653608 0.2069866 0.1588345 0.9653643 0.2410458 0.09984141 0.9653645 0.2410416 0.09984022 0.9653657 0.2586666 0.03405344 0.9653662 0.258668 0.0340535 0.9653659 0.258668 -0.03405731 0.9653657 0.7041072 -0.09270578 0.704016 0.6561803 -0.2718039 0.7039532 0.656037 -0.2717154 0.7041209 0.5633343 -0.4322535 0.7041389 0.5635194 -0.4324499 0.70387 0.4324491 -0.5635786 0.7038232 0.432372 -0.5634354 0.7039851 0.2717875 -0.6561647 0.7039741 0.2717772 -0.6561213 0.7040185 0.09268373 -0.7041091 0.7040171 0.09268313 -0.7041277 0.7039986 -0.09268611 -0.7041275 0.7039985 -0.09268081 -0.7041098 0.7040169 -0.2717722 -0.6561231 0.7040188 -0.2717955 -0.6561607 0.7039747 -0.4323503 -0.5634499 0.7039869 -0.4324558 -0.5635492 0.7038425 -0.5635247 -0.4324091 0.7038909 -0.5633587 -0.4323198 0.7040785 -0.6560868 -0.2717651 0.7040554 -0.6562116 -0.2717946 0.7039276 -0.7041381 -0.09269762 0.7039864 -0.704062 -0.09269982 0.704062 -0.7040628 0.09268772 0.7040628 -0.7040759 0.0926916 0.7040493 -0.6560411 0.2717301 0.7041113 -0.6560894 0.2717598 0.704055 -0.5633755 0.4322946 0.7040805 -0.563405 0.4323259 0.7040378 -0.4323232 0.5634145 0.7040319 -0.4323443 0.5634539 0.7039873 -0.2717891 0.6561639 0.7039743 -0.271728 0.6559058 0.7042382 -0.09265285 0.7038748 0.7042555 -0.09265232 0.7038933 0.7042371 0.09265524 0.703893 0.7042369 0.09264993 0.7038753 0.7042553 0.2716861 0.65592 0.7042411 0.2718256 0.6561458 0.7039769 0.4323503 0.5634499 0.7039869 0.4323306 0.5634313 0.7040138 0.5634327 0.432329 0.7040137 0.5633231 0.4322701 0.7041375 0.6560317 0.2717261 0.7041217 0.6560156 0.2717224 0.7041382 0.704047 0.09269034 0.7040783 0.7040627 0.09268987 0.7040627 0.7040625 -0.09269237 0.7040625 0.9582041 -0.1261511 0.25677 0.892877 -0.3698415 0.2568811 0.8928883 -0.3698534 0.2568251 0.7667422 -0.5883138 0.2568914 0.7667579 -0.5883432 0.2567775 0.5883242 -0.766776 0.2567666 0.5883049 -0.7666939 0.257056 0.3698561 -0.8928125 0.2570844 0.3698526 -0.8929191 0.2567187 0.1261684 -0.9582141 0.2567241 0.1261432 -0.9582976 0.2564247 -0.1261789 -0.9582931 0.2564235 -0.1261329 -0.9582191 0.2567229 -0.3698957 -0.8929017 0.2567172 -0.3698179 -0.8928287 0.2570831 -0.5882741 -0.7667172 0.2570573 -0.5883569 -0.7667616 0.256735 -0.7667754 -0.5883392 0.2567343 -0.7667189 -0.588326 0.2569334 -0.892881 -0.3698366 0.2568744 -0.8928501 -0.3698375 0.2569803 -0.9581744 -0.1261584 0.256877 -0.9582152 -0.1261461 0.2567311 -0.9582148 0.1261496 0.256731 -0.9582074 0.1261451 0.2567605 -0.8929383 0.3698604 0.256641 -0.8929256 0.3698468 0.2567043 -0.7667706 0.5883767 0.2566629 -0.7667607 0.5883581 0.2567351 -0.5883599 0.7667593 0.2567352 -0.588362 0.7667682 0.2567039 -0.3698545 0.8929316 0.2566728 -0.3698549 0.8929182 0.2567186 -0.1261684 0.9582141 0.2567241 -0.1261432 0.9582976 0.2564247 0.1261789 0.9582931 0.2564235 0.1261329 0.9582191 0.2567229 0.3698475 0.8929212 0.2567189 0.3698573 0.8929304 0.2566729 0.5883681 0.7667635 0.2567036 0.5883516 0.7667547 0.2567678 0.7667464 0.588358 0.2567781 0.766791 0.5883684 0.2566208 0.8929325 0.3698645 0.256655 0.8929656 0.3698633 0.2565419 0.9582351 0.1261523 0.256654 0.9582285 0.1261543 0.2566775 0.9582271 -0.1261653 0.2566772 0.2586534 -0.03405308 0.9653697 0.2410025 -0.09981906 0.9653776 0.2410836 -0.09986406 0.9653527 0.2070443 -0.1588751 0.9653452 0.2070535 -0.158884 0.9653418 0.1588932 -0.2070784 0.9653348 0.1588663 -0.2070336 0.9653489 0.0998708 -0.2411056 0.9653465 0.09985738 -0.2410587 0.9653596 0.03405195 -0.2586947 0.9653587 0.03405165 -0.2586752 0.965364 -0.03404939 -0.2586752 0.965364 -0.03405439 -0.2586951 0.9653586 -0.09985369 -0.2410626 0.965359 -0.09987455 -0.2411001 0.9653475 -0.1588578 -0.2070332 0.9653505 -0.1588975 -0.2070742 0.9653351 -0.207055 -0.1588824 0.9653417 -0.2070336 -0.1588697 0.9653484 -0.2410756 -0.09985017 0.9653562 -0.2409999 -0.09982854 0.9653773 -0.2586528 -0.03405529 0.9653698 -0.2586725 -0.03405559 0.9653646 -0.2586725 0.03405416 0.9653646 -0.2586837 0.03405696 0.9653615 -0.2410822 0.09986418 0.9653531 -0.2409934 0.09981489 0.9653803 -0.2069264 0.1587734 0.9653872 -0.2069965 0.1588411 0.965361 -0.1588363 0.2070052 0.96536 -0.1588069 0.2069563 0.9653753 -0.09983992 0.2409965 0.965377 -0.09988981 0.2411709 0.9653282 -0.03406816 0.2588179 0.9653252 -0.03406578 0.258675 0.9653635 0.03404939 0.2586752 0.965364 0.03408384 0.2588129 0.965326 0.09990817 0.2411629 0.9653283 0.09982293 0.2410095 0.9653754 0.1588047 0.2069631 0.9653742 0.158841 0.2070006 0.9653602 0.2070039 0.1588336 0.9653607 0.2069305 0.1587896 0.9653836 0.241001 0.09982967 0.9653769 0.2410851 0.09985375 0.9653534 0.2586842 0.03405487 0.9653614 0.2586653 0.03405457 0.9653666 0.2586653 -0.03405606 0.9653666 0.7041069 -0.09270334 0.7040168 0.6561811 -0.271805 0.703952 0.6560524 -0.2717255 0.7041026 0.5633453 -0.4322652 0.7041227 0.5634027 -0.4323262 0.7040393 0.4323228 -0.5634134 0.704033 0.4323478 -0.5634598 0.7039805 0.2717905 -0.6561714 0.7039666 0.2717785 -0.6561209 0.7040184 0.09268373 -0.7041091 0.7040171 0.09268337 -0.7041205 0.7040058 -0.09268522 -0.7041203 0.7040057 -0.09268194 -0.7041095 0.7040169 -0.2717724 -0.6561229 0.7040188 -0.2717996 -0.6561669 0.7039673 -0.4323535 -0.5634559 0.70398 -0.4323153 -0.5634198 0.7040324 -0.5634116 -0.4323161 0.7040385 -0.5633479 -0.4322819 0.7041104 -0.6560541 -0.2717524 0.7040908 -0.6561882 -0.2717841 0.7039535 -0.7041078 -0.09269893 0.7040165 -0.7040656 -0.09270018 0.7040585 -0.7040661 0.09269344 0.704059 -0.7040467 0.09268766 0.704079 -0.6560174 0.2717205 0.7041372 -0.656133 0.2717919 0.7040019 -0.5634661 0.4323579 0.7039691 -0.5634189 0.4323078 0.7040377 -0.4323202 0.5634156 0.7040328 -0.4323396 0.5634514 0.7039921 -0.271789 0.6561572 0.7039804 -0.2717309 0.6559118 0.7042315 -0.09265381 0.7038819 0.7042483 -0.09265345 0.7038931 0.704237 0.0926553 0.703893 0.7042369 0.09265202 0.7038822 0.7042482 0.271691 0.6559255 0.7042342 0.2718236 0.6561402 0.703983 0.4323462 0.5634471 0.7039917 0.4323164 0.5634188 0.7040325 0.5634116 0.4323161 0.7040385 0.5634621 0.4323433 0.7039813 0.6561303 0.2717673 0.704014 0.656011 0.2717391 0.7041359 0.704046 0.09269082 0.7040793 0.7040807 0.09268981 0.7040448 0.7040802 -0.09269529 0.7040444 0.9581935 -0.1261504 0.25681 0.8928689 -0.369835 0.2569185 0.8928865 -0.3698537 0.2568309 0.7667415 -0.5883142 0.2568926 0.7667603 -0.5883494 0.2567563 0.5883272 -0.7667793 0.2567503 0.588308 -0.7666969 0.25704 0.3698101 -0.8928333 0.2570785 0.3698106 -0.892817 0.2571343 0.1261534 -0.9580976 0.257166 0.126128 -0.9581817 0.2568649 -0.1261643 -0.9581773 0.2568637 -0.1261174 -0.9581016 0.2571684 -0.3698021 -0.8928173 0.2571448 -0.3698207 -0.8928349 0.2570575 -0.588284 -0.7667263 0.2570075 -0.5883585 -0.7667662 0.2567176 -0.7667813 -0.5883414 0.2567116 -0.7667362 -0.5883308 0.2568707 -0.8928967 -0.3698465 0.2568057 -0.8928711 -0.3698473 0.2568933 -0.9582009 -0.1261489 0.2567832 -0.958195 -0.1261507 0.2568042 -0.958197 0.1261343 0.2568047 -0.958231 0.1261554 0.2566674 -0.8929584 0.3698721 0.2565539 -0.8929412 0.3698537 0.2566406 -0.7667839 0.5883831 0.2566082 -0.7667695 0.5883564 0.2567122 -0.5883635 0.7667622 0.2567178 -0.5883684 0.7667832 0.2566435 -0.369854 0.8929427 0.2566347 -0.3698551 0.89291 0.2567467 -0.1261175 0.9582163 0.2567412 -0.126128 0.9581817 0.2568649 0.1261128 0.9581835 0.2568654 0.1261324 0.9582151 0.2567381 0.3698448 0.8929172 0.2567368 0.369862 0.8929332 0.2566563 0.5883718 0.7667696 0.256677 0.5883526 0.7667593 0.2567514 0.7667509 0.5883613 0.2567567 0.7667869 0.5883697 0.25663 0.8929309 0.3698607 0.2566658 0.8929563 0.3698599 0.2565791 0.9582249 0.1261477 0.2566938 0.958209 0.1261525 0.2567508 0.9582082 -0.1261596 0.2567506 0.2586581 -0.03405314 0.9653686 0.2410061 -0.09982174 0.9653764 0.2410837 -0.09986478 0.9653526 0.2070405 -0.1588822 0.9653449 0.2069451 -0.15879 0.9653805 0.1587861 -0.2069218 0.9653861 0.1588547 -0.2070363 0.9653502 0.09987038 -0.2411033 0.9653472 0.09982931 -0.2409597 0.9653872 0.03403663 -0.2585814 0.9653896 0.03403854 -0.2586985 0.9653581 -0.03405201 -0.2586984 0.9653577 -0.03402334 -0.2585839 0.9653894 -0.09981107 -0.2409619 0.9653885 -0.09988641 -0.2410975 0.965347 -0.1588716 -0.2070315 0.9653486 -0.1587755 -0.2069322 0.9653856 -0.206934 -0.1588014 0.965381 -0.2070478 -0.1588696 0.9653453 -0.2410891 -0.09985524 0.9653523 -0.2410036 -0.0998308 0.9653761 -0.2586575 -0.03405511 0.9653686 -0.2586607 -0.03405517 0.9653677 -0.2586608 0.03405183 0.9653679 -0.2586737 0.03405505 0.9653643 -0.2410475 0.0998438 0.9653638 -0.2410452 0.09984254 0.9653645 -0.206988 0.158832 0.9653643 -0.2069972 0.158841 0.9653609 -0.158837 0.2070048 0.9653599 -0.1588091 0.2069581 0.9653745 -0.09983962 0.2409968 0.9653769 -0.09988903 0.2411698 0.9653286 -0.03406769 0.2588176 0.9653252 -0.0340653 0.2586715 0.9653645 0.03404849 0.2586716 0.9653651 0.0340842 0.2588143 0.9653256 0.09991067 0.2411667 0.9653272 0.09982055 0.2410044 0.9653769 0.1588001 0.2069583 0.965376 0.1588411 0.2070008 0.9653602 0.2069988 0.1588394 0.9653609 0.2069876 0.1588327 0.9653644 0.2410447 0.0998435 0.9653645 0.2410474 0.09984427 0.9653639 0.2586741 0.03405356 0.9653642 0.2586752 0.03405362 0.965364 0.2586752 -0.03405743 0.9653638 0.7041077 -0.09270358 0.7040159 0.6561803 -0.2718039 0.7039532 0.6560711 -0.2717365 0.7040809 0.5633594 -0.4322776 0.7041039 0.5635048 -0.4324318 0.7038928 0.4324373 -0.5635655 0.7038408 0.4323726 -0.5634455 0.7039766 0.2717912 -0.656169 0.7039687 0.2717797 -0.6561204 0.7040183 0.09268373 -0.7041091 0.7040171 0.09268313 -0.7041277 0.7039986 -0.09268611 -0.7041275 0.7039985 -0.09268081 -0.7041098 0.7040169 -0.2717713 -0.6561233 0.7040188 -0.2717947 -0.6561611 0.7039746 -0.4323503 -0.5634499 0.7039869 -0.4324558 -0.5635492 0.7038425 -0.5635272 -0.4324063 0.7038906 -0.5633304 -0.4323003 0.7041131 -0.6560497 -0.2717498 0.7040958 -0.6561876 -0.2717824 0.7039547 -0.7041083 -0.09270077 0.7040157 -0.7040907 -0.09270131 0.7040333 -0.7040908 0.09269851 0.7040335 -0.7040479 0.09268563 0.704078 -0.6560165 0.2717198 0.7041383 -0.6560533 0.2717426 0.7040953 -0.5633503 0.4322705 0.7041155 -0.5634038 0.4323273 0.7040379 -0.4323232 0.5634145 0.7040319 -0.4323443 0.5634539 0.7039873 -0.2717883 0.6561642 0.7039741 -0.2717273 0.6559061 0.7042383 -0.09265285 0.7038748 0.7042555 -0.09265232 0.7038933 0.7042371 0.09265524 0.703893 0.7042369 0.09264993 0.7038753 0.7042553 0.2716879 0.6559194 0.704241 0.2718302 0.6561498 0.7039715 0.4323545 0.5634577 0.7039781 0.4323157 0.563421 0.7040312 0.563412 0.4323179 0.7040371 0.5633535 0.4322864 0.7041032 0.6560687 0.2717415 0.7040812 0.6560136 0.2717285 0.7041378 0.704047 0.09269034 0.7040783 0.704077 0.09268945 0.7040483 0.7040767 -0.09269428 0.704048 0.9581901 -0.1261492 0.2568233 0.8928648 -0.3698364 0.2569308 0.892876 -0.3698483 0.2568748 0.7667348 -0.5883048 0.2569342 0.7667593 -0.5883506 0.2567563 0.5883253 -0.7667807 0.2567502 0.5883061 -0.7666985 0.2570397 0.3698559 -0.8928155 0.2570741 0.3698529 -0.8929132 0.2567393 0.1261691 -0.9582121 0.2567312 0.1261432 -0.9582976 0.2564247 -0.1261793 -0.9582932 0.2564235 -0.1261327 -0.9582182 0.2567264 -0.3698924 -0.8929001 0.2567276 -0.3698167 -0.8928292 0.257083 -0.5882756 -0.766716 0.2570572 -0.5883542 -0.7667581 0.2567514 -0.7667709 -0.5883358 0.2567557 -0.7667264 -0.5883254 0.2569122 -0.8928859 -0.3698419 0.2568497 -0.8928623 -0.3698426 0.2569306 -0.9581885 -0.1261603 0.2568236 -0.958207 -0.1261547 0.2567574 -0.9582077 0.1261487 0.2567576 -0.9582201 0.1261564 0.2567075 -0.8929494 0.3698682 0.2565912 -0.8929318 0.3698494 0.2566794 -0.7667751 0.58838 0.2566415 -0.7667593 0.5883506 0.2567563 -0.5883588 0.7667546 0.2567516 -0.588362 0.7667682 0.2567039 -0.3698522 0.8929325 0.2566727 -0.3698527 0.8929162 0.256729 -0.1261688 0.9582131 0.2567276 -0.1261432 0.9582976 0.2564247 0.1261797 0.9582931 0.2564235 0.1261326 0.9582173 0.2567299 0.3698443 0.8929166 0.2567395 0.3698606 0.8929319 0.2566627 0.5883692 0.7667682 0.2566873 0.5883527 0.7667593 0.2567514 0.7667524 0.5883594 0.2567567 0.766779 0.5883656 0.2566633 0.8929203 0.3698594 0.2567047 0.8929533 0.3698583 0.2565916 0.9582214 0.1261472 0.2567072 0.9582074 0.1261515 0.2567576 0.9582064 -0.1261594 0.2567573 0 -0.2092194 -0.9778687 0 -0.01326739 -0.999912 8.53884e-4 -0.1579361 -0.9874489 0.02041262 -0.4445855 -0.8955038 3.86909e-4 -0.2074883 -0.9782374 2.78512e-4 -0.4465743 -0.8947466 -0.01104843 -0.2093562 -0.9777771 0.00952804 -0.7175159 -0.6964769 -0.001515269 -0.5910003 -0.80667 -0.001557111 -0.7174844 -0.6965729 -0.005504846 -0.5909955 -0.8066561 0.00534439 -0.9201937 -0.3914269 -0.003018915 -0.8693661 -0.4941595 -0.001454889 -0.9955182 -0.09455841 -0.001594245 -0.9203872 -0.3910049 0.002780795 -0.9954468 -0.0952782 -0.002360045 -0.999993 0.002921938 0.001088619 -0.9468547 0.3216599 9.48795e-4 -0.9999889 0.004627585 0.002477586 -0.947228 0.3205511 0 -0.9318285 0.3628988 0 0.9318288 0.3628982 0.01971727 0.999795 0.00462675 0.001088321 0.9472306 0.3205513 0.00108838 0.9471529 0.3207807 -0.002349913 0.999993 0.002921938 0.002782881 0.9954614 -0.09512513 -0.001603722 0.9201287 -0.391613 -0.001603722 0.9202056 -0.391432 -0.01750826 0.9953668 -0.09454405 0.01535153 0.7176135 -0.6962723 0 0.1156287 -0.9932925 0 0.2092194 -0.9778687 -0.002946078 0.8693662 -0.4941595 -0.001515269 0.5910038 -0.8066675 -0.001557111 0.717711 -0.6963394 0.003691315 0.5910701 -0.8066118 0.003353953 0.5833255 -0.8122316 -0.009655773 0.2091585 -0.9778341 -8.44235e-4 0.4103214 -0.9119406 -7.43849e-4 0.2125455 -0.9771509 0.01569342 0.4083747 -0.9126795 0.01565146 0.4077716 -0.9129499 0 -0.9544854 0.2982577 0 -0.9544854 0.2982577 0 -0.9863265 -0.1648029 0 -0.9863265 -0.1648029 0 -0.8056896 -0.592338 0 -0.8056896 -0.592338 0 -0.4514768 -0.8922829 0 -0.4514768 -0.8922829 0 0 -1 0 0 -1 0 0.4514889 -0.8922767 0 0.4514889 -0.8922767 0 0.8056753 -0.5923575 0 0.8056753 -0.5923575 0 0.9863266 -0.1648024 0 0.9863266 -0.1648024 0 0.9544854 0.2982577 0 0.9544854 0.2982577 -0.9995084 0.02963149 -0.01024365 -0.9959049 -0.08878302 0.01706117 -0.9951782 -0.09502744 0.02429395 -0.9473245 -0.3202693 -0.001994013 -0.9589446 -0.2815703 0.03381395 -0.9784796 -0.2059636 -0.01252663 -0.9784801 -0.205961 -0.01252663 -0.8455225 -0.5337713 -0.01340568 -0.888374 -0.457991 0.03218311 -0.9027951 -0.4300654 0.002142667 -0.9473222 -0.3202759 -0.001994013 -0.8455262 -0.5337656 -0.01340568 -0.7760819 -0.6297293 0.03373342 -0.78598 -0.6181018 0.01362204 -0.6965259 -0.7174885 -0.007856249 -0.654841 -0.755726 -0.007843434 -0.6945585 -0.7154594 0.07554042 -0.6067681 -0.7948238 -0.009369432 -0.6067827 -0.7948125 -0.009369432 -0.5084789 -0.8609501 0.01462882 -0.4998365 -0.8657377 0.02572119 -0.2920613 -0.9563995 -4.14675e-4 -0.3268868 -0.9444791 0.03323084 -0.4030717 -0.9150767 -0.01295077 -0.4031023 -0.9150633 -0.01295077 -0.05923849 -0.9981576 -0.01312667 -0.1422355 -0.9892855 0.03291296 -0.1768933 -0.9842299 4.10994e-4 -0.2918066 -0.9564772 -4.14675e-4 -0.05924725 -0.998157 -0.01312667 0.05921924 -0.9977725 0.03071218 0.04757314 -0.9987453 0.01564443 0.2920458 -0.9563676 -0.008388876 0.2356159 -0.9712089 0.03518885 0.176887 -0.984191 -0.008893072 0.1768839 -0.9841915 -0.008893072 0.50849 -0.8609654 -0.01328831 0.4152571 -0.9093019 0.02704578 0.4030866 -0.9150792 0.01229482 0.2920637 -0.9563621 -0.008388876 0.5084871 -0.8609671 -0.01328831 0.6060289 -0.7938492 0.05032187 0.5800583 -0.8145727 0.001962006 0.6963621 -0.7176895 -0.00120908 0.7237368 -0.690075 -0.001208245 0.6954684 -0.7163872 0.0557956 0.7764606 -0.6300369 -0.01274496 0.776461 -0.6300364 -0.0127449 0.8452737 -0.5336108 0.02778512 0.8411216 -0.5405606 0.0175718 0.9473008 -0.3202618 -0.007312059 0.9277951 -0.371434 0.03511428 0.9027556 -0.4300418 -0.009818971 0.9027465 -0.4300608 -0.009818971 0.9959591 -0.08878642 -0.01350522 0.9815362 -0.1891743 0.02827882 0.9785066 -0.2059697 0.01006674 0.9473025 -0.3202568 -0.007312059 0.9959592 -0.08878654 -0.01350522 0.9995961 -0.01481413 0.02425086 0.9993805 0 0.03519582 0.9990093 0.04444092 0.002326786 0.9890372 0.1476409 -0.002743065 0.981925 0.1892505 -0.002740681 0.9872851 0.1473849 0.0595476 0.9645625 0.2635685 -0.01227599 0.9645633 0.2635659 -0.01227599 0.9264013 0.3757101 0.02494937 0.9281937 0.3715909 0.01940667 0.8124697 0.5829712 -0.006127476 0.8407377 0.5403138 0.03494411 0.8756889 0.4827583 -0.01065123 0.8756766 0.4827808 -0.01065123 0.6527636 0.7574391 -0.01362431 0.7234211 0.6897804 0.02941095 0.7378076 0.6749644 0.007947623 0.8124936 0.5829378 -0.006127476 0.6527576 0.7574443 -0.01362431 0.5581268 0.8286201 0.04339736 0.5800455 0.8145546 0.006932079 0.4565282 0.8896992 -0.00417453 0.4154111 0.9096242 -0.004170238 0.4557144 0.8878647 0.06340873 0.3481773 0.9373557 -0.01169621 0.348188 0.9373518 -0.01169621 0.2348261 0.9717832 0.02222621 0.2357097 0.9715936 0.02113628 0 0.9999883 -0.004851043 0.04754996 0.9982672 0.03466367 0.1182492 0.9929189 -0.01136761 0.1182886 0.9929141 -0.01136761 -0.234878 0.9719288 -0.0136618 -0.1422467 0.9893632 0.03043502 -0.1182663 0.9929643 0.005907177 0 0.9999883 -0.004851043 -0.2348465 0.9719365 -0.0136618 -0.3479247 0.9366655 0.04007935 -0.3270595 0.9449583 0.009263753 -0.4565863 0.8896622 -0.005490779 -0.499989 0.8660144 -0.005484402 -0.4555916 0.8876367 0.06736034 -0.5586182 0.8293518 -0.01102 -0.5586228 0.8293486 -0.01102 -0.6526958 0.7573668 0.01958882 -0.6546917 0.7555532 0.02276635 -0.812485 0.5829718 -0.003471314 -0.7855907 0.6177955 0.03429573 -0.7377777 0.6749371 -0.01199728 -0.7377766 0.6749383 -0.01199728 -0.926604 0.3757935 -0.01357918 -0.8883988 0.4580001 0.03136122 -0.8757289 0.4827867 0.003979086 -0.8124626 0.5830029 -0.003471314 -0.9266033 0.3757951 -0.01357918 -0.9639802 0.2634084 0.03685444 -0.9594295 0.2817147 0.01148772 -0.9890196 0.1476312 -0.006733119 -0.9954494 0.09505397 -0.006723284 -0.9865158 0.147271 0.07140028 -0.9995085 0.02963155 -0.01024365 -0.7054845 0.06736564 0.7055165 -0.6799741 0.1996571 0.7055298 -0.6800035 0.1996676 0.7054985 -0.6299319 0.3247541 0.7054933 -0.6298978 0.3247339 0.7055329 -0.5570529 0.4380709 0.7055395 -0.5570569 0.4380744 0.7055342 -0.4640812 0.5355777 0.7055389 -0.4640795 0.5355754 0.7055419 -0.3543347 0.6137188 0.7055466 -0.3543835 0.6138159 0.7054377 -0.2318165 0.6697961 0.7054319 -0.2317874 0.669693 0.7055394 -0.1008563 0.7014554 0.7055411 -0.1008619 0.7015213 0.7054749 0.03372579 0.7079333 0.7054736 0.03371632 0.7078436 0.705564 0.1670704 0.6886726 0.7055618 0.1670818 0.6887102 0.7055224 0.2943993 0.6446495 0.7055183 0.2944144 0.6446781 0.7054859 0.4110997 0.5773073 0.7054879 0.4111138 0.5773249 0.7054655 0.5129383 0.4890871 0.7054703 0.5129536 0.4891 0.7054499 0.5962358 0.3831772 0.7054631 0.5961911 0.383152 0.7055146 0.6579307 0.2633954 0.705514 0.6579452 0.2634003 0.7054987 0.6959052 0.1341233 0.7054977 0.6958822 0.1341203 0.7055209 0.7086996 0 0.7055103 0.7086996 0 0.7055103 0.6958983 -0.134123 0.7055045 0.6958891 -0.1341207 0.705514 0.6579154 -0.2633892 0.7055307 0.6579304 -0.2633962 0.705514 0.5961924 -0.3831493 0.7055147 0.5962425 -0.3831857 0.7054527 0.5129604 -0.4891083 0.7054393 0.5129069 -0.489051 0.7055181 0.4110788 -0.5772783 0.7055239 0.4110645 -0.5772557 0.7055508 0.2943874 -0.6446121 0.7055575 0.2944332 -0.6447299 0.7054306 0.1670966 -0.6888023 0.705429 0.1670748 -0.6886825 0.7055512 0.03372234 -0.7078536 0.7055537 0.03372138 -0.7079437 0.7054634 -0.1008627 -0.7015318 0.7054643 -0.1008652 -0.7015442 0.7054516 -0.2318138 -0.6697741 0.7054537 -0.2317937 -0.6697253 0.7055067 -0.3543552 -0.613755 0.705505 -0.3543407 -0.6137329 0.7055315 -0.4640857 -0.5355889 0.7055274 -0.4641325 -0.5356369 0.7054603 -0.557109 -0.438115 0.7054678 -0.5571032 -0.438111 0.7054748 -0.6299426 -0.324757 0.7054822 -0.6298972 -0.3247368 0.7055321 -0.6799808 -0.1996605 0.7055224 -0.6799975 -0.1996644 0.7055051 -0.7054927 -0.06736612 0.7055081 -0.7054952 -0.06736618 0.7055057 -0.7054951 0.06736731 0.7055057 0.09121853 -0.932755 -0.34878 0.6248506 -0.7739589 -0.1027105 0.7146432 -0.6983408 -0.04006558 0.7146489 -0.6983354 -0.04005891 0.08374768 -0.9439514 -0.319284 0.07580989 -0.9441036 -0.3208132 0.3688074 -0.9023146 -0.2231807 0.7301607 -0.6759518 -0.09977239 0.8192975 -0.570146 -0.06070488 0.5102998 -0.8323643 -0.2162491 0.1077443 -0.9323622 -0.3450969 0.09716784 -0.9332683 -0.3457871 0.4431558 -0.8611522 -0.249058 0.4296137 -0.8815823 -0.1955627 0.3664921 -0.904823 -0.216746 0.1353013 -0.9207833 -0.3658575 0.1114677 -0.9235374 -0.366952 0.5892971 -0.7688086 -0.2483189 0.5185374 -0.813418 -0.2635719 0.9000986 -0.4296596 -0.07221513 0.8275592 -0.5508193 -0.1083689 -0.2278853 -0.9682562 -0.1027045 0.1263923 -0.9184533 -0.3747913 0.9027616 -0.4187276 -0.09843081 0.5913708 -0.759836 -0.2700549 0.8803715 -0.4640799 -0.09785664 0.8756867 -0.4789074 -0.06181067 0.7813744 -0.6127356 -0.1183598 0.7664201 -0.6404922 -0.04868507 0.7110407 -0.6995453 -0.07111567 0.1246036 -0.9248958 -0.3592238 0.0921489 -0.9244884 -0.3699051 0.0856595 -0.9265534 -0.3662804 0.08027732 -0.9365909 -0.3411058 0.03922998 -0.9367871 -0.347694 0.02746599 -0.9501225 -0.310665 0.01523131 -0.9477581 -0.3186259 -0.01185607 -0.9459639 -0.3240551 -0.02243798 -0.953772 -0.2996923 -0.03334063 -0.9531031 -0.3008037 0.6548825 -0.744679 -0.1287713 0.625502 -0.7794452 -0.03482019 0.4917163 -0.8643328 -0.1055649 0.4723611 -0.8793739 -0.05980485 0.4307614 -0.8996553 -0.07116889 0.4076249 -0.9128738 -0.02243739 0.402214 -0.9154325 -0.01439619 -0.04688626 -0.9612579 -0.2716338 -0.05637991 -0.9586184 -0.2790558 -0.07512319 -0.9555563 -0.2850767 -0.1033055 -0.965866 -0.2375518 -0.1082609 -0.9640811 -0.2425431 -0.1223654 -0.9606295 -0.2494348 0.2913509 -0.9507851 -0.1054633 0.2356314 -0.971776 -0.01136112 0.1245229 -0.9884502 -0.08637326 0.08003681 -0.9963618 -0.02928072 0.07581597 -0.9968037 -0.02518439 0.04582703 -0.9968538 -0.06467163 -0.003319919 -0.9999423 -0.0102176 -0.0558651 -0.9963962 -0.0638259 -0.09196442 -0.9950596 -0.03740251 -0.09837794 -0.9944028 -0.03853541 -0.1293023 -0.9914637 -0.01675629 -0.1474317 -0.9879556 -0.04698491 -0.2144052 -0.9764723 -0.02306807 -0.2174701 -0.9754475 -0.03476792 -0.226553 -0.969098 -0.09758412 -0.1791471 -0.9771364 -0.1145022 -0.1728396 -0.9802044 -0.09657174 -0.1473895 -0.9824272 -0.114512 -0.1483301 -0.9827764 -0.1102217 -0.1155664 -0.9841993 -0.1341494 -0.09187519 -0.9905622 -0.1017138 -0.05409055 -0.9881488 -0.1436529 -0.03671526 -0.9918125 -0.1223109 0.004467964 -0.9845725 -0.1749199 0.06616401 -0.9901089 -0.123721 0.1113284 -0.9734789 -0.1998623 0.1850792 -0.9714699 -0.1482964 0.2094756 -0.9570499 -0.200438 0.2310618 -0.9562502 -0.1794323 0.2538357 -0.9389086 -0.2324177 0.3452637 -0.9215297 -0.1776965 0.369687 -0.8936172 -0.2545187 0.4601317 -0.8642554 -0.2033256 0.4757547 -0.8349827 -0.2765162 0.5626361 -0.7944951 -0.2285131 0.5673755 -0.7790974 -0.2666314 0.1363545 -0.9158307 -0.3777058 -0.1225292 -0.9605987 -0.2494727 -0.1480451 -0.9648932 -0.2169418 -0.1538841 -0.9632339 -0.2202274 -0.1759979 -0.9647458 -0.1956791 -0.1811279 -0.9628397 -0.2003307 -0.1998 -0.9618867 -0.1866923 -0.1996238 -0.9619271 -0.1866722 -0.2123878 -0.9608955 -0.1776834 -0.2135634 -0.9602974 -0.1794981 -0.2373105 -0.9562603 -0.1710262 -0.2373256 -0.9562461 -0.1710842 -0.643256 -0.7464476 -0.1704046 -0.6485888 -0.7541624 -0.1028171 -0.6572496 -0.7528937 -0.03426223 -0.6356765 -0.7328305 -0.2426412 -0.6332787 -0.7348996 -0.2426531 -0.5919179 -0.8057212 0.0211296 -0.4979279 -0.7211591 -0.4816611 -0.4979475 -0.7211455 -0.481661 -0.5175173 -0.8449909 0.1347816 -0.4161151 -0.7854277 -0.4582048 -0.3989549 -0.7943492 -0.4580878 -0.4681011 -0.8835381 -0.01555067 -0.3558011 -0.9169983 -0.1803323 -0.3660892 -0.9129301 -0.180381 -0.3308045 -0.8526334 -0.4044562 -0.3308071 -0.8526324 -0.4044562 -0.2755116 -0.9459604 -0.171033 -0.2828907 -0.9459053 0.1588582 -0.292341 -0.9507899 -0.1026414 -0.2927612 -0.955554 -0.0347492 -0.7150274 -0.6982561 -0.03426837 -0.7028 -0.703903 -0.1029211 -0.6871043 -0.7061052 -0.1711815 -0.6971367 -0.6948674 -0.1765212 -0.7383279 -0.6372072 -0.2209954 -0.7297927 -0.6538373 -0.1997484 -0.7259182 -0.6564772 -0.2051351 -0.7109128 -0.6792579 -0.1822409 -0.7105531 -0.6794025 -0.1831026 -0.7092434 -0.6803383 -0.1846989 -0.6972428 -0.6949226 -0.1758837 -0.715648 -0.6980876 -0.02283835 -0.7482041 -0.6622628 -0.03998535 -0.7487162 -0.662216 -0.02990138 -0.781711 -0.6212536 -0.05451536 -0.7954779 -0.6058875 -0.01073837 -0.8321499 -0.5505474 -0.06651365 -0.8547291 -0.5189212 -0.01260584 -0.8743634 -0.4814738 -0.060593 -0.8772048 -0.4780195 -0.0448243 -0.8876503 -0.4591473 -0.03550636 -0.9034938 -0.4192473 -0.08905446 -0.753856 -0.6104916 -0.2429017 -0.7495052 -0.6150789 -0.2447856 -0.7409234 -0.6354715 -0.2172753 -0.9849587 -0.1713421 -0.02231693 -0.9524219 -0.2908578 -0.09107387 -0.9394075 -0.3426823 -0.009076654 -0.7877723 -0.5395223 -0.2972044 -0.7868213 -0.557099 -0.2656183 -0.7835414 -0.5595599 -0.2701033 -0.7684356 -0.5761392 -0.2785145 -0.7616828 -0.6039749 -0.2346351 -0.969399 0.2406696 -0.0484116 -0.9873731 0.1320306 -0.08753496 -0.9869278 0.1054414 -0.121884 -0.9980499 0.05792826 -0.02325588 -0.9907992 -0.07135027 -0.1150046 -0.9929695 -0.1088065 -0.04661107 -0.9870569 -0.1383172 -0.08116084 -0.9849663 -0.1712999 -0.02230805 -0.9723338 -0.1098959 -0.2061308 -0.9513408 -0.1997976 -0.2345882 -0.9572491 -0.2254945 -0.1811804 -0.9256106 -0.3109289 -0.2157969 -0.9264255 -0.3294228 -0.1822537 -0.9161196 -0.3543785 -0.1874585 -0.9147324 -0.3751577 -0.1500712 -0.8770467 -0.4421625 -0.1878342 -0.8679928 -0.4795686 -0.1288509 -0.8341037 -0.5266268 -0.1641195 -0.8231608 -0.5530728 -0.1285182 -0.8117963 -0.5673442 -0.1382289 -0.8003243 -0.5893948 -0.1099761 -0.7813456 -0.6096496 -0.1335158 -0.7583156 -0.6444054 -0.09848415 -0.7463916 -0.6548356 -0.118701 -0.7262303 -0.6795696 -0.103802 -0.7237905 -0.6815947 -0.1074984 -0.7034751 -0.7041072 -0.09672552 -0.6871979 -0.7061519 -0.1706123 -0.8267207 -0.4338929 -0.3581479 -0.8322322 -0.445874 -0.3295236 -0.8108586 -0.4735445 -0.3438951 -0.8153291 -0.4927299 -0.3040653 -0.813251 -0.4936456 -0.3081182 -0.7933061 -0.5199752 -0.3166881 -0.7937441 -0.5343587 -0.2905699 -0.8451872 -0.4034731 -0.3505254 -0.8371631 -0.4137639 -0.3577112 -0.9756544 -0.001316249 -0.2193099 -0.9605574 -0.08522135 -0.2647017 -0.9154725 0.4000194 -0.04352712 -0.9527085 0.2747161 -0.1299138 -0.8935852 -0.4088837 -0.1852555 -0.829836 -0.4369525 -0.3470515 -0.8411353 -0.4090205 -0.3538271 -0.838935 -0.4056068 -0.3628652 -0.9091026 0.4103906 -0.07149803 -0.9709495 0.00573194 -0.2392162 -0.8411136 -0.4090685 -0.3538231 -0.8320943 -0.425041 -0.3563132 -0.8344644 -0.4309034 -0.3434988 -0.9206468 0.3766838 -0.1025617 -0.933268 0.3558901 -0.04850786 -0.9648673 0.2355629 -0.1163669 -0.9770894 0.206286 -0.05236715 -0.9861133 0.131311 -0.1016764 -0.9944186 0.09841442 -0.03802919 -0.995802 0.05356717 -0.0742225 -0.9955334 -0.01278644 -0.09353953 -0.9981746 -0.04913097 -0.03512406 -0.9869777 -0.1282691 -0.09706789 -0.9847791 -0.1675735 -0.04614204 -0.977064 -0.1970276 -0.08078402 -0.9704535 -0.239029 -0.03294497 -0.955908 -0.2808223 -0.08590006 -0.9436758 -0.3273679 -0.04802465 -0.8429608 -0.4003937 -0.3593077 -0.9666619 -0.015922 -0.2555605 -0.9735066 -0.02671396 -0.2270931 -0.9635562 -0.1044561 -0.2462687 -0.968839 -0.1173697 -0.2181175 -0.9591626 -0.1646098 -0.2300233 -0.9631342 -0.18015 -0.1997962 -0.9452245 -0.2390821 -0.2222399 -0.9470508 -0.2609678 -0.1870576 -0.9295312 -0.3040543 -0.2086209 -0.9284216 -0.3219293 -0.1854587 -0.9196656 -0.3408637 -0.1950057 -0.9167689 -0.3598246 -0.1733812 -0.9033283 -0.3830178 -0.19312 -0.8971457 -0.4057859 -0.1745491 -0.9428657 -0.3277829 -0.05968815 -0.9374151 -0.3417167 -0.06695187 -0.8318461 -0.4445589 -0.3322644 -0.8293142 -0.4483744 -0.3334639 -0.8284097 -0.4492043 -0.3345934 -0.829249 -0.4590364 -0.3187972 -0.8289641 -0.4593551 -0.3190792 -0.8284888 -0.4665138 -0.3097921 -0.8290395 -0.4660185 -0.3090637 -0.8282658 -0.4713274 -0.3030284 -0.8299951 -0.4698482 -0.3005841 -0.8288161 -0.4741377 -0.2970815 -0.829644 -0.4737699 -0.2953521 -0.961221 -0.2558646 -0.1028946 -0.09688448 -0.9923319 -0.0767517 -0.4793861 -0.8436616 -0.2417107 -0.7800764 -0.5115732 -0.3602411 -0.7889633 -0.5114632 -0.340503 -0.8082525 -0.4756798 -0.3470688 -0.1868619 -0.977343 -0.09941411 -0.2096241 -0.9765574 -0.0489211 -0.3603326 -0.9262595 -0.1104711 -0.3954326 -0.917799 -0.03575009 -0.4095861 -0.911843 -0.02795642 -0.8253266 -0.471573 -0.310572 -0.8286867 -0.4604623 -0.3182026 -0.8397919 -0.4359128 -0.3236194 -0.851473 -0.4303561 -0.2996456 -0.8560305 -0.4204236 -0.3007584 -0.8696085 -0.412329 -0.2715987 -0.8717424 -0.402805 -0.2789503 -0.8779383 -0.3846916 -0.2850208 -0.5227929 -0.8439936 -0.1198433 -0.5524981 -0.8313668 -0.05979311 -0.5898967 -0.8043405 -0.07112163 -0.6120669 -0.790463 -0.02329027 -0.6519782 -0.7569793 -0.04366713 -0.7006566 -0.7056881 -0.1052842 -0.7454565 -0.6664608 -0.01116061 -0.857309 -0.5107218 -0.06468939 -0.8428571 -0.5375637 -0.02484542 -0.8128675 -0.5759919 -0.0864858 -0.9003253 -0.3647084 -0.2374915 -0.9030119 -0.3506191 -0.2482656 -0.9047482 -0.3451742 -0.2495705 -0.9206177 -0.3246466 -0.216951 -0.9218888 -0.3188102 -0.2201841 -0.9336486 -0.3000403 -0.1956431 -0.9343584 -0.2948477 -0.2000979 -0.9423323 -0.2779296 -0.1864535 -0.9424586 -0.2774649 -0.1865072 -0.9474002 -0.266109 -0.1778174 -0.9474267 -0.264825 -0.1795841 -0.8573129 -0.5107125 -0.06470918 -0.8832169 -0.4688523 -0.01026266 -0.9048984 -0.4208002 -0.0639218 -0.9207994 -0.3882411 -0.037382 -0.9231638 -0.3824762 -0.03847575 -0.9351641 -0.3538208 -0.01670384 -0.9406912 -0.3359463 -0.04733067 -0.9621183 -0.271624 -0.02342653 -0.962627 -0.2686382 -0.0343917 -0.9613515 -0.2576854 -0.09696197 -0.9460473 -0.3033577 -0.1138798 -0.9457878 -0.3099902 -0.09690934 -0.9357833 -0.3333675 -0.114785 -0.9365246 -0.3327133 -0.1105596 -0.9223394 -0.3622377 -0.1344383 -0.9167445 -0.3862869 -0.1017939 -0.8967661 -0.4184963 -0.1437751 -0.8916721 -0.4359556 -0.1219162 -0.8658334 -0.4688894 -0.1745718 -0.8418232 -0.5253504 -0.1238579 -0.8058545 -0.5573203 -0.1999818 -0.7692305 -0.6215168 -0.1483283 -0.7450107 -0.6362182 -0.2004631 -0.7341098 -0.6548941 -0.1794344 -0.7084246 -0.6666567 -0.2317402 -0.6513226 -0.7376576 -0.1778762 -0.6156755 -0.7460772 -0.253599 -0.5484765 -0.8111624 -0.202951 -0.5273008 -0.8118869 -0.2505864 -0.7748778 -0.5173272 -0.3632313 -0.7696921 -0.5299807 -0.3559415 -0.9550895 -0.2419111 -0.1711229 -0.9551213 -0.2419317 -0.1709166 -0.9550333 -0.2421197 -0.1711417 -0.980125 -0.1953767 -0.03439211 -0.9694789 0.1758199 -0.1708743 -0.978932 0.1764439 -0.1027607 -0.980125 0.1953768 -0.03439211 -0.8865278 0.1703712 -0.4301651 -0.8882438 0.1610883 -0.4302017 -0.9876012 0.1171363 0.1045128 -0.864766 0.0531221 -0.4993574 -0.8657908 0.03408825 -0.4992439 -0.9928308 0.06098634 -0.1027994 -0.9939204 -0.0391336 -0.1029122 -0.9694789 -0.1758199 -0.1708743 -0.9789317 -0.1764439 -0.1027631 -0.8865278 -0.1703711 -0.430165 -0.8882438 -0.1610884 -0.4302017 -0.9876012 -0.1171363 0.104513 -0.864766 -0.0531221 -0.4993574 -0.8647661 -0.05312043 -0.4993575 -0.9622044 0.2701483 -0.03438961 -0.9609914 0.2567285 -0.1028888 -0.9550048 0.2422099 -0.1711729 -0.9503297 0.2563723 -0.1764842 -0.9504845 0.2564712 -0.1755044 -0.9436708 0.274635 -0.1845562 -0.9437317 0.2759847 -0.1822168 -0.9314834 0.3004091 -0.2051661 -0.9311365 0.3050611 -0.1998068 -0.9210295 0.3207311 -0.2209894 -0.9623728 0.270786 -0.02266079 -0.9476453 0.3168327 -0.03981679 -0.9478562 0.3172904 -0.02992391 -0.9288722 0.3663661 -0.05451893 -0.922461 0.3859387 -0.01081633 -0.8928838 0.4453381 -0.06657761 -0.8767864 0.4807133 -0.01266151 -0.8541754 0.5164349 -0.06065791 -0.8526011 0.5206345 -0.04484564 -0.8415248 0.5390468 -0.03556084 -0.8148671 0.5727514 -0.08914893 -0.9056258 0.3476173 -0.2429075 -0.9074025 0.3416254 -0.2447708 -0.9208183 0.3239307 -0.2171694 -0.6409987 0.767215 -0.02240157 -0.7280061 0.6795065 -0.09098327 -0.7663893 0.6423138 -0.008967638 -0.861087 0.4125845 -0.2971585 -0.8758423 0.4029656 -0.2655539 -0.8763373 0.3988686 -0.2700679 -0.8831543 0.3774651 -0.2784932 -0.9038872 0.3576996 -0.2346037 -0.2763007 0.9598516 -0.04840344 -0.379303 0.9211259 -0.08750015 -0.4022072 0.9073838 -0.122 -0.4489474 0.8932543 -0.02330094 -0.5572314 0.8223531 -0.1150158 -0.5907341 0.805516 -0.0466597 -0.6133025 0.7856676 -0.0811575 -0.6408065 0.767377 -0.02234941 -0.5813692 0.7870942 -0.2061371 -0.6486766 0.7240132 -0.234571 -0.6738898 0.7162784 -0.181156 -0.7320955 0.6461176 -0.2157965 -0.7485109 0.6375803 -0.1822711 -0.7649419 0.6162146 -0.1874653 -0.7822493 0.604621 -0.1500651 -0.8214511 0.5384535 -0.1878457 -0.8493214 0.5119084 -0.1288527 -0.8730593 0.4592053 -0.1640055 -0.8905012 0.4364979 -0.1283634 -0.8972474 0.4193518 -0.1381708 -0.9105877 0.3984222 -0.1099537 -0.9185922 0.3720337 -0.1333395 -0.9371991 0.3346601 -0.09828829 -0.9403153 0.3188953 -0.1187973 -0.95164 0.2891054 -0.1039201 -0.9521564 0.2860816 -0.1074967 -0.9615013 0.2572067 -0.09674823 -0.9550945 0.2420243 -0.170935 -0.9550778 0.2419576 -0.1711227 -0.7891729 0.4989172 -0.3581727 -0.8022975 0.4976999 -0.3295659 -0.8155139 0.4654986 -0.3438725 -0.8343919 0.459769 -0.3039779 -0.834141 0.4574663 -0.3081125 -0.8469223 0.4271481 -0.3166497 -0.859601 0.420332 -0.2905293 -0.772021 0.5302196 -0.3505008 -0.7769547 0.5180406 -0.3577363 -0.4889303 0.8443084 -0.2192955 -0.5541039 0.7892322 -0.264729 -0.1114605 0.9928113 -0.04361724 -0.2384676 0.962421 -0.1299201 -0.800904 0.5694654 -0.1850998 -0.7646291 0.640976 -0.06702405 -0.0992847 0.992479 -0.07160919 -0.4804815 0.8437582 -0.2391857 -0.7707387 0.5237558 -0.3628249 -0.7754999 0.5239836 -0.3521946 -0.7832131 0.5082255 -0.3581678 -0.7904057 0.5072266 -0.3434821 -0.7933233 0.500211 -0.3470261 -0.1341173 0.9856442 -0.102557 -0.1584347 0.9861775 -0.04850119 -0.2784379 0.9533798 -0.1163584 -0.3098977 0.9493259 -0.05238056 -0.3793113 0.9196665 -0.1016683 -0.4119553 0.9104106 -0.03801554 -0.4514887 0.8891854 -0.07421052 -0.5087588 0.8558157 -0.09350901 -0.5415699 0.8399242 -0.03506445 -0.6045246 0.7906562 -0.09702014 -0.6374548 0.7691073 -0.04610085 -0.6590985 0.7477111 -0.08073109 -0.6921781 0.7209776 -0.03287559 -0.721092 0.6875054 -0.08580607 -0.7554072 0.6535095 -0.04780453 -0.7553606 0.6525737 -0.05981528 -0.800019 0.5740052 -0.1746074 -0.7833939 0.5907431 -0.1931752 -0.7699977 0.6140356 -0.1733892 -0.7550209 0.6260272 -0.1950215 -0.7430573 0.643 -0.185518 -0.7281408 0.6528936 -0.2086645 -0.6995364 0.6896784 -0.1870629 -0.6796673 0.6990412 -0.2222471 -0.637568 0.7440361 -0.1997931 -0.6221258 0.7483668 -0.2300146 -0.5861556 0.7802789 -0.2181432 -0.5723273 0.7821613 -0.246303 -0.5098923 0.8297196 -0.227102 -0.4971259 0.8291879 -0.2555646 -0.770523 0.5259332 -0.3601231 -0.7672571 0.529724 -0.3615372 -0.800899 0.4981535 -0.3322708 -0.8029926 0.4939422 -0.3335027 -0.8032453 0.4928057 -0.3345738 -0.8121677 0.4886218 -0.3187986 -0.8122878 0.4882561 -0.3190523 -0.8182484 0.4842657 -0.3097681 -0.8181051 0.4849414 -0.3090888 -0.8223131 0.4816204 -0.3030562 -0.8218994 0.4838435 -0.3006272 -0.8250717 0.480631 -0.29707 -0.8251498 0.4813652 -0.2956609 -0.8437966 0.4016246 -0.3559566 -0.9078198 -0.412284 -0.07671463 -0.9703246 -0.006620645 -0.2417153 -0.8330277 0.4198575 -0.360256 -0.8373748 0.4276087 -0.3405205 -0.9398226 -0.3268925 -0.09937196 -0.9505184 -0.3067959 -0.04889994 -0.9823324 -0.1510529 -0.1104814 -0.9925676 -0.1163635 -0.0356251 -0.9944645 -0.1012966 -0.02791577 -0.7983788 0.5222754 -0.2996993 -0.7973521 0.5093908 -0.323652 -0.8130716 0.4874863 -0.3182322 -0.8211029 0.4789257 -0.3105159 -0.8161172 0.4620632 -0.3470595 -0.7846437 0.5536216 -0.2789934 -0.7918446 0.5469951 -0.2716221 -0.7920636 0.5311766 -0.30081 -0.9923225 0.03067928 -0.1198121 -0.9962406 0.06270742 -0.05976951 -0.9915236 0.108727 -0.07112884 -0.9905897 0.1348661 -0.02330929 -0.9815382 0.1862069 -0.04370105 -0.9614466 0.2540205 -0.1053285 -0.9498728 0.3124352 -0.0112248 -0.871111 0.4868519 -0.06435006 -0.8870234 0.4610613 -0.0247395 -0.9053205 0.4158474 -0.08640426 -0.8710651 0.4869137 -0.06450325 -0.8477561 0.5302916 -0.01002454 -0.8170702 0.5730223 -0.06357496 -0.8354195 0.412456 -0.363255 -0.9667715 0.05065232 -0.2505739 -0.9767366 0.06936031 -0.2029158 -0.9539433 0.1602069 -0.2536255 -0.9644752 0.1952858 -0.1779074 -0.9315352 0.2802271 -0.2317649 -0.9341915 0.3083308 -0.1794947 -0.9235399 0.3269861 -0.2003849 -0.9229174 0.3553118 -0.1482468 -0.8856458 0.4191302 -0.1999036 -0.8759498 0.4662564 -0.1237625 -0.8389506 0.5154281 -0.1746305 -0.823356 0.5542641 -0.1219671 -0.8108139 0.5673716 -0.1437719 -0.7929043 0.6007856 -0.1017816 -0.7747339 0.6177791 -0.1346716 -0.7563929 0.6446397 -0.1109475 -0.7118218 0.6770641 -0.1867989 -0.72235 0.6618957 -0.2002615 -0.7267166 0.6585112 -0.1955653 -0.7371203 0.6388917 -0.2201614 -0.7413765 0.6350207 -0.2170473 -0.7512025 0.6110603 -0.2495996 -0.7551544 0.6067202 -0.2482589 -0.7659757 0.5973811 -0.2375226 -0.7720893 0.5680024 -0.2850463 -0.7040256 0.6875663 -0.1777647 -0.7040927 0.6873468 -0.1783478 -0.711323 0.6775665 -0.1868777 -0.7139878 0.699319 -0.0342704 -0.7162818 0.6974161 -0.02347916 -0.7739195 0.6330573 -0.01694434 -0.7613 0.6466701 -0.04733145 -0.7357116 0.6676344 -0.1139855 -0.703832 0.7037059 -0.09704911 -0.702206 0.7044953 -0.1029231 -0.796908 0.6029564 -0.03716331 -0.7924971 0.6086636 -0.03843086 -0.7565444 0.6438925 -0.1142064 -0.7414757 0.6639962 -0.0965557 -0.7033809 0.6878235 -0.1793158 -0.6871652 0.7061614 -0.1707046 -0.6869893 0.7062087 -0.1712158 -0.6572496 0.7528937 -0.03426223 -0.3403956 0.8488732 -0.4044072 -0.3307918 0.8526383 -0.4044563 -0.2927556 0.9555538 -0.03480094 -0.2923352 0.9507917 -0.1026414 -0.2828935 0.9459238 0.158743 -0.2755433 0.9460332 -0.1705785 -0.3557671 0.9169575 -0.1806064 -0.3557828 0.9169514 -0.1806064 -0.448329 0.8926301 -0.04703652 -0.4161204 0.7854248 -0.4582048 -0.4161151 0.7854277 -0.4582048 -0.5175173 0.8449909 0.1347816 -0.6431835 0.7463644 -0.171042 -0.6485813 0.7541692 -0.1028169 -0.635639 0.7327924 -0.2428546 -0.6332932 0.7348167 -0.2428667 -0.5919088 0.805727 0.02116745 -0.4979184 0.7211656 -0.4816611 -0.4979475 0.7211455 -0.481661 0.6994195 0.7131562 -0.04712253 -0.2178569 0.9753594 -0.03482121 -0.2284122 0.9681319 -0.1027059 -0.2379168 0.956135 -0.1708842 -0.2235589 0.9587064 -0.1757937 -0.2235634 0.9588242 -0.1751443 -0.2045664 0.961456 -0.1837258 -0.2035044 0.9621029 -0.181505 -0.1763506 0.9629949 -0.203817 -0.172266 0.9648281 -0.1985726 -0.1537405 0.9634511 -0.2193762 -0.1510035 0.964708 -0.2157232 -0.2175609 0.9757547 -0.02387428 -0.1717586 0.9843451 -0.03954464 -0.1716437 0.9847151 -0.02957385 -0.1192562 0.9914345 -0.05325144 -0.1001846 0.9949114 -0.0106936 -0.03348934 0.9972867 -0.06555575 0.004031062 0.9999154 -0.01236617 0.04622548 0.9971473 -0.05966818 0.0665248 0.9973516 -0.02939862 0.1138077 0.989558 -0.0884459 0.1167038 0.9905331 -0.07227975 -0.1289423 0.9613908 -0.2431082 -0.1226274 0.9627828 -0.2408565 -0.1138539 0.9657629 -0.2331078 0.5618524 0.8265413 -0.03393113 0.4416596 0.8919703 -0.09657055 0.4426124 0.889538 -0.1132099 0.4126306 0.9096121 -0.04839271 0.3923599 0.9165242 -0.07769834 0.3597533 0.932956 -0.01306277 0.2545837 0.9617232 -0.1013686 0.2010057 0.9794641 -0.01570773 -0.2379164 0.9561812 -0.1706262 -0.228331 0.9687215 -0.0971781 -0.1995905 0.9740175 -0.1070224 -0.1970902 0.9748668 -0.103876 -0.1653648 0.9791229 -0.1182065 -0.1509128 0.9836396 -0.09837847 -0.1091627 0.9851227 -0.1327277 -0.08255481 0.990575 -0.1092972 -0.05777144 0.9888672 -0.1371284 -0.03975921 0.991062 -0.1273398 -0.01137262 0.9866189 -0.1626464 0.04514473 0.9907777 -0.1277558 0.081927 0.9790505 -0.1864081 0.1572355 0.9762523 -0.1490246 0.174607 0.9673192 -0.1838634 0.1956998 0.9637292 -0.1814601 0.2106517 0.9540119 -0.2132771 0.2992728 0.9373909 -0.1781411 0.3188868 0.9189216 -0.2321513 0.06192302 0.9324808 -0.3558721 0.05413258 0.9436036 -0.326622 0.01999336 0.9398326 -0.3410499 0.005277633 0.9537796 -0.3004607 -0.02762204 0.9480795 -0.3168318 -0.04115808 0.9566608 -0.2882813 -0.04622685 0.954788 -0.2936716 -0.06098651 0.9626297 -0.2638649 -0.06342113 0.9614377 -0.2676103 -0.0865426 0.9570356 -0.276755 -0.1138888 0.9657428 -0.2331739 0.7205523 0.6813784 -0.1285602 0.8088898 0.5864237 -0.0424813 0.502833 0.8341453 -0.2266291 0.09744203 0.9324399 -0.3479382 0.08916467 0.9309544 -0.3540814 0.4190077 0.87279 -0.2503399 0.4064184 0.8908225 -0.2031238 0.6940913 0.7190976 -0.0337029 0.5929151 0.7961815 -0.1206099 0.1354134 0.9207624 -0.3658685 0.1023745 0.9209704 -0.3759428 0.5882227 0.7726259 -0.2388375 0.5123975 0.8111072 -0.2820528 0.8975272 0.4379011 -0.05184155 0.8254976 0.5473132 -0.1378476 0.5883415 0.772196 -0.2399325 0.3688114 0.90231 -0.2231928 0.07604867 0.9438312 -0.3215576 0.08344513 0.9441739 -0.3187046 0.09108299 0.9327411 -0.3488523 0.09718006 0.9332677 -0.3457854 0.1076079 0.9323749 -0.3451051 0.1117863 0.9224289 -0.3696334 0.1351981 0.9217441 -0.3634684 0.5200201 0.8093655 -0.2729589 0.5115911 0.8297287 -0.2232146 0.4413422 0.8643543 -0.2410573 0.4297342 0.8815331 -0.1955196 0.3665101 0.9048173 -0.2167394 0.6209426 0.7786362 -0.09031027 0.692878 0.7180961 -0.06525427 0.7146484 0.698336 -0.040057 0.7334247 0.6701299 -0.11408 0.8168367 0.5748451 -0.04827976 0.8299044 0.5438343 -0.1245102 0.8983312 0.4354925 -0.05785578 0.002507925 0.9371732 -0.3488553 -0.5446849 0.8323378 -0.1026262 -0.6414346 0.7661309 -0.04006308 -0.6414325 0.7661325 -0.04006534 0.01106297 0.9475711 -0.3193535 0.01865381 0.9469564 -0.3208203 -0.2766084 0.9346672 -0.2233491 -0.6590963 0.7454114 -0.09976959 -0.7583766 0.6489854 -0.06068718 -0.4246512 0.8791434 -0.2162832 -0.01410412 0.9384616 -0.3450953 -0.003515541 0.9383078 -0.3457835 -0.3552022 0.9010206 -0.2489843 -0.3396989 0.9199906 -0.1955043 -0.274257 0.9369016 -0.2167908 -0.04288738 0.9296796 -0.365864 -0.01869392 0.9300457 -0.3669679 -0.5096907 0.8237447 -0.2483146 -0.4347351 0.8611198 -0.2635869 -0.8527262 0.5173404 -0.07222747 -0.7685244 0.6305786 -0.1083553 0.3234484 0.9406084 -0.1031361 -0.03400433 0.9265093 -0.3747321 -0.8564652 0.506734 -0.09842842 -0.5126504 0.8150202 -0.2700586 -0.8297049 0.5495583 -0.09785425 -0.8235652 0.5638442 -0.06180709 -0.7162995 0.6876755 -0.1183946 -0.6986413 0.7138133 -0.04869472 -0.6377772 0.7669345 -0.07107615 -0.03159397 0.9327072 -0.3592479 6.13276e-4 0.9290662 -0.3699131 0.007183074 0.9304537 -0.3663392 0.01355016 0.9399209 -0.3411233 0.05453735 0.936007 -0.3477307 0.06755858 0.948089 -0.3107462 0.07924515 0.9445913 -0.3185395 0.1058805 0.9401332 -0.3239428 0.1171708 0.9468391 -0.299611 0.1281184 0.9450613 -0.3007403 -0.5773599 0.8062713 -0.1287716 -0.5446578 0.8379355 -0.0348131 -0.4029497 0.9091076 -0.1056173 -0.382173 0.9221528 -0.05981785 -0.3389901 0.9380978 -0.07112038 -0.3147727 0.9488973 -0.02262568 -0.308973 0.9509624 -0.01435512 0.1423986 0.9518198 -0.2715911 0.1514363 0.9483059 -0.2788959 0.1696913 0.9434208 -0.2848895 0.1988027 0.9508798 -0.2372869 0.2060838 0.9476078 -0.2440674 0.2173203 0.9437202 -0.2493274 -0.1953474 0.9750688 -0.105263 -0.1377974 0.9903979 -0.01112681 -0.02527344 0.9959447 -0.08634495 0.01866072 0.9993551 -0.030676 0.02408665 0.9993861 -0.02543908 0.05339437 0.9965066 -0.06421589 0.1026114 0.9946737 -0.009754359 0.1551713 0.9858115 -0.06401234 0.191286 0.9808241 -0.03733688 0.1975836 0.9795311 -0.03846663 0.2276457 0.973596 -0.01698213 0.2454063 0.9682639 -0.04733693 0.310854 0.9501689 -0.02342933 0.3135259 0.9489696 -0.03403353 0.321968 0.941765 -0.09703177 0.2754915 0.9545223 -0.1139803 0.2696596 0.9581114 -0.09646993 0.244952 0.9627945 -0.1141286 0.245894 0.9630391 -0.1099631 0.213157 0.967772 -0.134095 0.1905249 0.9763594 -0.1020908 0.1526581 0.9777224 -0.1440645 0.1351814 0.983278 -0.1220254 0.09347176 0.9801832 -0.174654 0.03329074 0.9917227 -0.1240066 -0.01328629 0.9796853 -0.2001006 -0.08716344 0.9850886 -0.1483338 -0.1128898 0.9731679 -0.2004995 -0.1343929 0.9745259 -0.1795488 -0.1587657 0.9595541 -0.2324848 -0.2517669 0.9513546 -0.1775888 -0.2788636 0.926007 -0.2544528 -0.371636 0.9058368 -0.2033379 -0.3900954 0.8782745 -0.2765133 -0.4806197 0.846639 -0.2284888 -0.4868755 0.8317789 -0.2666384 -0.04442965 0.9248539 -0.3777186 0.2179198 0.9435443 -0.2494696 0.2436777 0.9452655 -0.2170118 0.2489961 0.9431615 -0.2201076 0.2711884 0.9424592 -0.1955187 0.2762576 0.939976 -0.2003169 0.2950345 0.9371166 -0.1864591 0.2947936 0.9371981 -0.1864309 0.3071134 0.9349468 -0.1776396 0.3083057 0.9341816 -0.1795889 0.3315807 0.9277824 -0.1710967 0.3316262 0.9277303 -0.1712908 0.6404089 0.7487533 -0.1710116 0.6455886 0.75674 -0.1027612 0.6634882 0.7473998 -0.03430896 0.6019056 0.6882743 -0.4049544 0.5942658 0.6948627 -0.4049864 0.6112198 0.7898668 0.05020791 0.5070652 0.7480078 -0.4282164 0.503645 0.7503228 -0.4282026 0.5227606 0.7711874 -0.3633061 0.5227697 0.7711812 -0.3633061 0.4998635 0.8655389 0.03128725 0.3993348 0.7739785 -0.4914153 0.3837874 0.7818642 -0.4913202 0.4499533 0.8721258 -0.1921939 0.4500298 0.8720865 -0.1921931 0.3708402 0.912777 -0.1712185 0.3780843 0.9242776 -0.05256676 0.3782957 0.9199254 -0.1031002 0.3789305 0.9247988 -0.03404176 0.7150676 0.6982131 -0.034307 0.7028552 0.7038534 -0.1028831 0.6872095 0.7061486 -0.1705796 0.6973658 0.6947713 -0.1759937 0.7094256 0.6801913 -0.1845399 0.7091858 0.6804099 -0.1846563 0.6973689 0.6947729 -0.1759755 0.7109948 0.6791421 -0.1823526 0.7259246 0.6564709 -0.2051329 0.7298274 0.6538114 -0.1997064 0.7383421 0.6372238 -0.2209004 0.7156875 0.6980453 -0.02289474 0.7482026 0.6622623 -0.04001808 0.7487147 0.662216 -0.02993845 0.7817007 0.6212638 -0.05454653 0.7954779 0.6058875 -0.01073837 0.8321498 0.5505476 -0.06651347 0.8547214 0.5189334 -0.01262575 0.874348 0.4815019 -0.06059151 0.8771847 0.4780541 -0.04484963 0.8876528 0.4591421 -0.0355122 0.9034946 0.4192456 -0.08905315 0.7538762 0.6104663 -0.2429025 0.7493318 0.6152566 -0.2448698 0.7407642 0.6356043 -0.2174293 0.9849508 0.1713843 -0.02234447 0.9524497 0.2907796 -0.09103202 0.9394348 0.3426096 -0.009002923 0.7877799 0.5395187 -0.2971909 0.786829 0.5570878 -0.2656186 0.7835546 0.5595448 -0.2700962 0.7685239 0.5760444 -0.2784669 0.7617744 0.6038889 -0.2345591 0.9694076 -0.2406302 -0.04843568 0.9873759 -0.131998 -0.08755302 0.986929 -0.1054149 -0.1218966 0.9980506 -0.0579102 -0.02326738 0.9908009 0.07134079 -0.1149967 0.992971 0.1087999 -0.04659557 0.9870439 0.1383748 -0.08121991 0.9849517 0.1713792 -0.02234339 0.9723373 0.1098789 -0.2061234 0.9513328 0.1998273 -0.2345953 0.9572388 0.2255274 -0.1811939 0.9256142 0.3109202 -0.2157936 0.9264295 0.3294199 -0.1822391 0.9161249 0.3543728 -0.1874434 0.9147384 0.3751416 -0.1500747 0.8769869 0.4422531 -0.1879001 0.8679271 0.479668 -0.1289234 0.8342263 0.52647 -0.1639993 0.8232765 0.5529394 -0.1283501 0.8117719 0.5673906 -0.1381813 0.800322 0.5893968 -0.1099822 0.7813588 0.6096355 -0.1335026 0.7583253 0.644397 -0.09846407 0.7463729 0.654852 -0.1187285 0.7262264 0.6795679 -0.1038391 0.7237851 0.6815943 -0.1075376 0.7035194 0.7040544 -0.09678727 0.6871049 0.7060965 -0.1712155 0.8267139 0.4338941 -0.3581621 0.8322292 0.4458835 -0.3295185 0.8108652 0.473542 -0.3438832 0.8153345 0.492723 -0.3040621 0.813256 0.4936389 -0.3081158 0.793307 0.5199741 -0.3166875 0.7937446 0.5343613 -0.2905642 0.8451604 0.4035197 -0.3505364 0.8371304 0.4138171 -0.3577262 0.9756545 0.001314222 -0.2193095 0.9605606 0.08520424 -0.2646951 0.9154694 -0.4000282 -0.04351192 0.9527183 -0.2746711 -0.1299377 0.8957063 0.4021365 -0.1897274 0.8290501 0.438089 -0.3474968 0.8424311 0.4048092 -0.355583 0.8405308 0.4020635 -0.3631156 0.9078614 -0.4122287 -0.07651996 0.9700962 -0.006942451 -0.2426212 0.8424638 0.4047281 -0.355598 0.8330053 0.4218539 -0.3579687 0.8359805 0.4286069 -0.3426843 0.9111367 -0.400116 -0.0986768 0.9228437 -0.3819291 -0.04989588 0.9579015 -0.2620084 -0.1173722 0.9725946 -0.2286303 -0.04228359 0.9876063 -0.1106182 -0.1113439 0.9967038 -0.07159632 -0.03815305 0.9963954 -0.06562101 -0.05375957 0.9952207 0.03313755 -0.09185636 0.9969751 0.06865 -0.03643965 0.9856203 0.1399384 -0.09470981 0.9813706 0.189496 -0.03166866 0.96559 0.2440409 -0.0898897 0.9642295 0.2515943 -0.08343702 0.9532106 0.299933 -0.03781145 0.942921 0.3235752 -0.07873427 0.9037474 0.392623 -0.1705512 0.9101639 0.364227 -0.1973332 0.9258666 0.3345618 -0.1756122 0.9279357 0.3103291 -0.2064732 0.9442623 0.2712489 -0.1865282 0.9430051 0.2500799 -0.2195484 0.9606174 0.195105 -0.1978588 0.9561222 0.1755839 -0.2345224 0.9714673 0.1048283 -0.2127494 0.9645069 0.08892261 -0.2486349 0.9731206 0.01008039 -0.2300752 0.9670369 0.001093566 -0.2546342 0.8427061 0.400128 -0.3602 0.8312183 0.4474066 -0.3300051 0.8295952 0.4498835 -0.3307215 0.8283749 0.4511798 -0.3320116 0.8289443 0.4605716 -0.3173723 0.8289498 0.4605656 -0.3173667 0.8282663 0.4688923 -0.3067816 0.8299856 0.4672648 -0.3046104 0.8285765 0.4735471 -0.2986872 0.8299594 0.4725918 -0.2963519 0.9761821 0.1354038 -0.1695122 0.2548788 0.9658736 -0.04609721 0.5617178 0.7994367 -0.2130121 0.8052239 0.4736974 -0.3566864 0.4021264 0.908479 -0.1138435 0.4413664 0.8965233 -0.0379672 0.5212685 0.8496482 -0.07985591 0.550931 0.8251949 -0.1246138 0.6030236 0.7970703 -0.03227186 0.687285 0.7187395 -0.1051331 0.720376 0.6916554 -0.05168473 0.7532236 0.6525019 -0.08303862 0.7862318 0.6171984 -0.03009837 0.7938261 0.6074187 -0.02971082 0.8171865 0.5673548 -0.1015619 0.8507074 0.5224293 -0.05800461 0.859709 0.5059663 -0.06998902 0.8854191 0.4634529 -0.03527563 0.8967053 0.4351632 -0.08094787 0.9370326 0.3467741 -0.04144436 0.9385811 0.3413019 -0.05077999 0.8181896 0.4697407 -0.3315259 0.8246781 0.4478284 -0.345479 0.8319976 0.4322598 -0.3477523 0.8459888 0.4244549 -0.3227086 0.8558946 0.3918343 -0.3375061 0.8670069 0.3824762 -0.3193917 0.8708615 0.3678889 -0.3259724 0.8821113 0.3562189 -0.3082006 0.8848055 0.3360069 -0.322829 0.8939323 0.3231454 -0.3105834 0.8949012 0.3179574 -0.3131372 0.9035149 0.3042508 -0.3018149 0.9029501 0.2947253 -0.3127589 0.9159215 0.266489 -0.3001189 0.9147309 0.2632173 -0.3065682 0.9377166 0.3406566 -0.06812214 0.9723391 0.2269507 -0.05522704 0.9725155 0.2274171 -0.04995107 0.9854836 0.1569997 -0.06460046 0.985464 0.1592813 -0.05907607 0.992758 0.09277886 -0.07631266 0.9958211 0.0840708 -0.03567141 0.9707331 0.140717 -0.1946176 0.9658252 0.1827731 -0.183782 0.9648768 0.1853393 -0.186178 0.957101 0.2294874 -0.1768988 0.9563391 0.229935 -0.1804036 0.933482 0.3048281 -0.188921 0.9359006 0.3076409 -0.1716016 0.9062129 0.3722388 -0.2005407 0.9071653 0.3856859 -0.1682189 0.8853518 0.420985 -0.1972913 0.8865684 0.4247261 -0.1833142 0.8619701 0.4587144 -0.2158437 0.8533792 0.4934647 -0.1680376 0.8240718 0.5242345 -0.2146715 0.8165995 0.5470514 -0.1841195 0.7856811 0.5726336 -0.2340854 0.7548861 0.6314288 -0.1773265 0.7163061 0.6528803 -0.246278 0.6677489 0.720019 -0.188902 0.6374778 0.7294939 -0.2479131 0.7939949 0.4937844 -0.3546112 0.7865976 0.5129752 -0.3436869 0.9252747 0.2286397 -0.3026395 0.9255818 0.2284545 -0.3018391 0.9257402 0.2286383 -0.3012136 0.9294105 0.206561 -0.3058247 0.9296833 0.2071974 -0.3045623 0.9323182 0.186285 -0.3099686 0.9359676 0.1842383 -0.3000347 0.9767128 0.08786845 -0.1957327 0.9360327 0.157691 -0.3146052 0.9790185 0.0508399 -0.1973274 0.9790049 0.0742129 -0.1898466 0.9777494 0.0755397 -0.1957032 0.9778181 0.08494567 -0.1914574 0.997415 0.03214406 -0.06426566 0.9790183 0.05084049 -0.1973279 0.9799512 0.04909914 -0.1930927 0.979959 0.02540755 -0.1975721 0.9800071 -0.04567933 -0.1936477 0.9799859 -0.02406668 -0.1976065 0.9804438 -0.02346611 -0.1953957 0.9804434 0.001144647 -0.1967978 0.9804314 0.001125216 -0.1968575 0.9804219 0.001138627 -0.196905 0.9804246 0.02546966 -0.195241 0.9781218 -0.09026312 -0.1874312 0.9781264 -0.06985974 -0.1959297 0.9791918 -0.06741321 -0.1914125 0.9792672 -0.06806892 -0.1907944 0.9793014 -0.04706382 -0.1968599 0.9767979 -0.09374064 -0.1925575 0.9767878 -0.09376496 -0.1925975 0.9767979 -0.09374302 -0.1925569 0.5624765 -0.7993422 -0.2113579 0.9768044 -0.1114388 -0.1828514 0.9767085 -0.08841997 -0.1955056 0.9335528 -0.1805192 -0.3096646 0.9315125 -0.2056539 -0.2999846 0.9245745 -0.2291848 -0.3043624 0.9245634 -0.2294453 -0.3041996 0.9291809 -0.2075363 -0.3058621 0.9955236 -0.04260706 -0.08436423 0.9872896 -0.1532908 -0.04196602 0.9847221 -0.1611076 -0.06608152 0.9714233 -0.229416 -0.06086915 0.9712093 -0.2300312 -0.06195229 0.9527124 -0.2976103 -0.06137716 0.9535088 -0.2977613 -0.0464667 0.9117321 -0.4031847 -0.07865566 0.9136043 -0.3992441 -0.07701468 0.9062121 -0.4214567 -0.03396856 0.8735202 -0.48099 -0.07490694 0.8727603 -0.4854429 -0.05132937 0.8362331 -0.5397084 -0.09710282 0.816496 -0.5767813 -0.02564221 0.7625848 -0.6379637 -0.1070824 0.7594285 -0.6455112 -0.08114033 0.7167567 -0.6965363 -0.03312325 0.6802003 -0.726886 -0.09467971 0.9245734 -0.2291809 -0.3043685 0.9190583 -0.2506486 -0.3041499 0.9201031 -0.2509357 -0.3007349 0.9067835 -0.2846282 -0.3110155 0.9092204 -0.2894413 -0.2992356 0.8979397 -0.309352 -0.3130586 0.8992676 -0.311286 -0.3072765 0.8878247 -0.3288452 -0.3219133 0.8886691 -0.3424887 -0.3049076 0.8712124 -0.362295 -0.331257 0.8692163 -0.3836701 -0.3118659 0.8556709 -0.3947928 -0.3346132 0.8542876 -0.4070083 -0.323322 0.5297316 -0.8472057 -0.04033577 0.6206214 -0.7772943 -0.1031633 0.654171 -0.7549796 -0.04545593 0.8434612 -0.4142844 -0.3419675 0.8327872 -0.4432883 -0.3316037 0.8336182 -0.4453054 -0.3267779 0.8189212 -0.4517201 -0.3540015 0.8088569 -0.4813962 -0.337651 0.5295975 -0.8472889 -0.04034823 0.4870561 -0.8652771 -0.1186246 0.3980402 -0.9166603 -0.03602725 0.3546203 -0.9270772 -0.1215412 0.2563828 -0.9656257 -0.04283541 0.6115317 -0.7489777 -0.2550714 0.6357217 -0.7434136 -0.2078319 0.6881975 -0.6859842 -0.2362412 0.7110698 -0.6759073 -0.193724 0.7551062 -0.6142536 -0.2291443 0.7736712 -0.6020298 -0.1974665 0.792453 -0.5717406 -0.2124406 0.8124951 -0.5549837 -0.1784512 0.8359026 -0.5043751 -0.2165006 0.8648892 -0.4713549 -0.1726013 0.8762117 -0.4347909 -0.2078704 0.8946327 -0.4069109 -0.1845424 0.8979262 -0.3953839 -0.1933909 0.9174755 -0.3601186 -0.1689773 0.9184101 -0.3440011 -0.1954126 0.9444943 -0.2778811 -0.17525 0.9436056 -0.2750196 -0.1843168 0.9552452 -0.23104 -0.1847352 0.9552946 -0.2315104 -0.1838892 0.9649361 -0.1837088 -0.1874817 0.967999 -0.1828933 -0.1718368 0.9740633 -0.09551268 -0.2051293 0.9767581 -0.09078866 -0.1941674 0.7832114 -0.5131688 -0.3510527 0.7994297 -0.4837056 -0.3562875 0.7994408 -0.4836903 -0.3562839 0.8008669 -0.5695064 -0.1851348 0.2468029 -0.9669887 -0.06341272 0.5566908 -0.7999669 -0.2239382 0.7854832 -0.5079209 -0.3535993 0.7904028 -0.5072198 -0.343499 0.7933074 -0.5002358 -0.3470269 0.287775 -0.9526972 -0.09774285 0.3099138 -0.9493217 -0.05236089 0.3794565 -0.9195985 -0.1017422 0.4120918 -0.9103453 -0.0381006 0.5021346 -0.8583796 -0.1050968 0.5417147 -0.8398275 -0.03514385 0.5588079 -0.8271132 -0.06014686 0.610893 -0.7868632 -0.08749836 0.637455 -0.7691072 -0.04610055 0.6591002 -0.7477093 -0.080733 0.6921768 -0.7209786 -0.03287935 0.7212001 -0.6873649 -0.08602237 0.7554517 -0.653438 -0.0480774 0.7603912 -0.6455764 -0.07096832 0.7999595 -0.5741527 -0.1743949 0.7832849 -0.5909412 -0.1930109 0.7699998 -0.6140319 -0.1733934 0.7550235 -0.626023 -0.195025 0.7431732 -0.6428393 -0.1856106 0.7282586 -0.6527321 -0.2087589 0.6994514 -0.6897807 -0.1870034 0.6795818 -0.6991443 -0.2221842 0.6375796 -0.7440291 -0.1997818 0.6221305 -0.7483621 -0.2300173 0.5860549 -0.7803636 -0.2181109 0.5745411 -0.7819889 -0.2416524 0.7834395 -0.5131524 -0.3505669 0.8008947 -0.4981753 -0.3322483 0.8029803 -0.4939805 -0.3334755 0.8032599 -0.4927231 -0.3346605 0.8121958 -0.4885339 -0.3188613 0.8122797 -0.488279 -0.3190382 0.8182595 -0.4842755 -0.3097234 0.8181191 -0.4849375 -0.3090579 0.8223108 -0.481629 -0.3030485 0.8218968 -0.4838541 -0.3006176 0.8250399 -0.4806711 -0.2970935 0.8251278 -0.4814993 -0.2955041 0.843823 -0.401578 -0.3559464 0.9078135 0.4122987 -0.07670992 0.9703245 0.006619572 -0.2417157 0.8330599 -0.4198058 -0.3602422 0.8374071 -0.4275547 -0.3405088 0.9398222 0.3268939 -0.09937089 0.9505183 0.3067963 -0.04889869 0.9823308 0.1510685 -0.1104744 0.9925653 0.1163797 -0.03563469 0.9944648 0.1012935 -0.02791792 0.798461 -0.5221785 -0.2996489 0.7974327 -0.5092924 -0.3236083 0.813106 -0.4874475 -0.3182035 0.8210564 -0.4789733 -0.3105652 0.8160768 -0.4621266 -0.3470701 0.7847386 -0.5535203 -0.2789275 0.7919318 -0.5468987 -0.2715617 0.7921487 -0.5310786 -0.3007593 0.9923252 -0.03065448 -0.1197951 0.9962432 -0.06268477 -0.05975079 0.9915275 -0.1087039 -0.07110989 0.9905936 -0.1348384 -0.02329796 0.9815373 -0.1862115 -0.04370242 0.961466 -0.2539681 -0.1052773 0.9498975 -0.3123621 -0.01116669 0.8710625 -0.4869173 -0.0645107 0.8870885 -0.4609426 -0.02461498 0.9053826 -0.4157322 -0.08630841 0.8710649 -0.486914 -0.06450277 0.8477566 -0.5302908 -0.01002568 0.8168705 -0.5732708 -0.06389975 0.8354511 -0.4124039 -0.3632416 0.9667695 -0.05066794 -0.2505782 0.9767338 -0.06937766 -0.2029234 0.9539515 -0.1601828 -0.25361 0.9644847 -0.1952564 -0.1778882 0.9315011 -0.280302 -0.2318115 0.934156 -0.3084098 -0.1795438 0.9235087 -0.3270534 -0.2004191 0.922884 -0.3553793 -0.1482926 0.885606 -0.4191941 -0.1999458 0.8759057 -0.4663209 -0.12383 0.8389491 -0.5154293 -0.1746339 0.8233519 -0.5542716 -0.121962 0.8107803 -0.5674083 -0.1438166 0.7928752 -0.6008148 -0.1018356 0.7749385 -0.6176002 -0.1343147 0.7563626 -0.6447915 -0.1102709 0.7041902 -0.6875387 -0.1772192 0.7117384 -0.6773332 -0.1861404 0.7118088 -0.6772624 -0.1861293 0.7226239 -0.6616848 -0.1999699 0.7267425 -0.6584905 -0.1955388 0.7371469 -0.6388699 -0.2201355 0.7413679 -0.6350309 -0.217047 0.7511987 -0.6110603 -0.2496111 0.7551614 -0.6067083 -0.2482666 0.7659736 -0.5973774 -0.2375391 0.7720841 -0.5680181 -0.2850291 0.7738931 -0.6330901 -0.01692199 0.7614769 -0.6464977 -0.04683524 0.7356703 -0.667662 -0.1140911 0.7030259 -0.6880782 -0.1797304 0.7035848 -0.687699 -0.1789937 0.74132 -0.6641023 -0.09702056 0.7565767 -0.6437345 -0.1148802 0.7927199 -0.6083561 -0.03870576 0.796735 -0.6031612 -0.03754973 0.6872035 -0.7061465 -0.1706123 0.6869896 -0.7062041 -0.1712337 0.7021697 -0.704537 -0.1028853 0.7037621 -0.7037642 -0.09713369 0.7139289 -0.6993771 -0.03430914 0.7163559 -0.6973598 -0.02288252 0.663497 -0.7473919 -0.03430896 0.3708147 -0.9127142 -0.1716082 0.3756975 -0.9210382 -0.1026641 0.3789307 -0.9247969 -0.03409183 0.4998775 -0.865534 0.03120231 0.5227812 -0.7712709 -0.3630991 0.5192748 -0.773631 -0.3631098 0.3789334 -0.9238415 -0.05409622 0.4499142 -0.8722031 -0.1919344 0.43244 -0.880983 -0.1920016 0.3992958 -0.7738835 -0.4915967 0.3992879 -0.7738875 -0.4915967 0.640472 -0.7488452 -0.170372 0.6455887 -0.7567401 -0.1027607 0.6018623 -0.6882138 -0.4051216 0.5942486 -0.694779 -0.4051553 0.6112132 -0.7898569 0.05044347 0.5070436 -0.7480224 -0.4282165 0.5070534 -0.7480157 -0.4282165 -0.6249083 -0.7792825 -0.04699152 0.3140059 -0.948809 -0.03408551 0.3237988 -0.9405377 -0.1026808 0.3321609 -0.9275479 -0.1712429 0.3180992 -0.9315465 -0.1761646 0.3181369 -0.9318175 -0.1746565 0.2992915 -0.9363837 -0.1833311 0.2985789 -0.9369218 -0.1817361 0.2716869 -0.9405115 -0.2040202 0.2677206 -0.9427935 -0.1986607 0.2491283 -0.9432709 -0.2194886 0.2464919 -0.9448175 -0.2157816 0.3137673 -0.9491991 -0.02389693 0.2692619 -0.9622568 -0.03949546 0.2691974 -0.9625871 -0.03096425 0.2181797 -0.9743885 -0.05444961 0.1992795 -0.9798781 -0.01125156 0.1332377 -0.9888809 -0.06604743 0.09618985 -0.9952796 -0.01288515 0.05392539 -0.9967294 -0.06018829 0.03347891 -0.9990035 -0.02951484 -0.01440006 -0.9959608 -0.0886268 -0.01719701 -0.9972286 -0.07238477 0.224279 -0.9437208 -0.243084 0.2179147 -0.9458075 -0.2407516 0.2096263 -0.9495813 -0.2331354 -0.4765208 -0.8785073 -0.03395485 -0.3506259 -0.9315323 -0.0964834 -0.3518705 -0.9290922 -0.113907 -0.3197581 -0.9462564 -0.04851263 -0.2989348 -0.9510996 -0.07776582 -0.2648272 -0.9642071 -0.01308846 -0.1572266 -0.9823368 -0.1014601 -0.1021624 -0.9946418 -0.01582765 0.3321536 -0.9274682 -0.1716877 0.3237775 -0.9411139 -0.09732723 0.2957083 -0.9492478 -0.1071689 0.2929813 -0.9504889 -0.1035989 0.26205 -0.9578345 -0.1178259 0.2480257 -0.9637976 -0.0978651 0.2064897 -0.9694595 -0.1323263 0.1807687 -0.9774573 -0.1090865 0.1558785 -0.9782318 -0.1369832 0.1385511 -0.9821264 -0.1274025 0.1098475 -0.9805377 -0.1627247 0.05386561 -0.9903448 -0.1277331 0.01611155 -0.9823495 -0.1863597 -0.05916136 -0.9870741 -0.1489445 -0.07742172 -0.9798821 -0.1839485 -0.09851527 -0.9784304 -0.1815728 -0.1143229 -0.970273 -0.2133082 -0.2043567 -0.9625592 -0.1780956 -0.2257214 -0.9461328 -0.2321258 0.0313071 -0.9340171 -0.3558537 0.04017293 -0.944314 -0.3265846 0.07394033 -0.9371191 -0.3410874 0.08997529 -0.9495283 -0.3005003 0.1218833 -0.9406488 -0.31674 0.1361976 -0.9478328 -0.2882066 0.1413066 -0.9453406 -0.2938767 0.1568655 -0.9517089 -0.2639002 0.1591904 -0.950266 -0.2676807 0.1814261 -0.9436773 -0.2766909 0.2095471 -0.9496229 -0.2330372 -0.6491128 -0.7497658 -0.1284668 -0.746311 -0.6642371 -0.04253286 -0.417027 -0.8801703 -0.2266908 -0.004075646 -0.9375103 -0.3479338 0.003986239 -0.9352151 -0.3540577 -0.3296803 -0.9102748 -0.2504212 -0.3153458 -0.926969 -0.2031883 -0.6190267 -0.7846509 -0.03359884 -0.5104728 -0.8513856 -0.1206648 -0.04287999 -0.9296809 -0.3658617 -0.01011693 -0.9266064 -0.3758966 -0.5083131 -0.8274077 -0.2387764 -0.4288396 -0.8582072 -0.2820941 -0.8493488 -0.5252777 -0.05186432 -0.7667382 -0.6269763 -0.1378882 -0.5084789 -0.8269799 -0.2399027 -0.2766039 -0.9346716 -0.2233366 0.01837831 -0.9467213 -0.3215293 0.01109623 -0.9477931 -0.3186929 0.002363204 -0.9371871 -0.3488189 -0.003596961 -0.938309 -0.3457794 -0.01410436 -0.9384614 -0.3450963 -0.01925635 -0.9289765 -0.3696375 -0.04257094 -0.9306268 -0.3634853 -0.4367177 -0.8571856 -0.272966 -0.4262955 -0.8766153 -0.223199 -0.3528382 -0.9040976 -0.241066 -0.3395766 -0.920027 -0.1955456 -0.2745444 -0.9368384 -0.2167007 -0.5402166 -0.8366673 -0.09029823 -0.6178104 -0.7836153 -0.06524837 -0.6414318 -0.7661334 -0.04006284 -0.6629212 -0.7399491 -0.1140645 -0.7553506 -0.653537 -0.04832112 -0.7714508 -0.6239798 -0.1245513 -0.8503876 -0.5229646 -0.05786973 -0.1440722 0.2580323 -0.9553337 -0.3080819 0.898473 -0.312781 -0.3080524 0.8984829 -0.3127815 0.04894036 0.5804072 -0.8128545 0.03733432 0.2983372 -0.9537301 -0.1352816 0.2542878 -0.9576203 0.02444016 0.2221657 -0.9747025 0.04893106 0.5806396 -0.8126891 -0.1319191 0.7054057 -0.6964197 0.01474922 0.8524433 -0.5226117 0.0129289 0.8934736 -0.4489296 -0.05750912 0.8546269 -0.5160479 -0.5895515 0.7670751 -0.2530314 -0.4322584 0.8254808 -0.3629521 -0.336503 0.6424813 -0.6884645 -0.3300009 0.6501699 -0.6843819 -0.1438338 0.2575759 -0.9554928 0.4757453 0.3339759 -0.8137115 0.6952838 0.4880915 -0.5275863 0.4173921 0.7952573 -0.4397153 0.2019848 0.8252506 -0.5274122 0.1282303 0.5667941 -0.8138191 0.1874568 0.8285821 -0.5275525 0.2121485 0.8928628 -0.3972268 0.2181776 0.8913732 -0.3973065 0.2405362 0.7724977 -0.5876986 0.3248139 0.8709678 -0.368661 0.3524301 0.8603388 -0.3682531 0.2725474 0.7308225 -0.6257928 0.4117817 0.7981019 -0.4398512 0.3968256 0.7690958 -0.50102 0.396784 0.769118 -0.5010188 0.4573275 0.7012044 -0.5469588 0.5137588 0.7579246 -0.401998 0.5137706 0.7579165 -0.4019982 0.4977084 0.6250385 -0.6013428 0.6125329 0.7053501 -0.3567697 0.6125273 0.7053551 -0.3567696 0.5503035 0.5709043 -0.6092901 0.6861319 0.621857 -0.377514 0.7028487 0.6031405 -0.3771274 0.6918041 0.4932861 -0.527329 0.7233074 0.5126703 -0.4625964 0.7218019 0.5147386 -0.4626513 0.591759 0.53636 -0.6017801 0.4757636 0.3339876 -0.813696 0.4757511 0.3339802 -0.8137065 0.4410858 0.3785121 -0.8137395 0.4410585 0.3784936 -0.8137629 0.4033486 0.418448 -0.8137636 0.4033523 0.4184512 -0.8137601 0.3620426 0.4546648 -0.8137598 0.3620477 0.45467 -0.8137546 0.3175057 0.4868204 -0.8137543 0.3174721 0.4867798 -0.8137918 0.2700807 0.5145848 -0.813793 0.2701136 0.5146332 -0.8137513 0.2203201 0.537837 -0.8137508 0.2203388 0.5378711 -0.8137233 0.1727663 0.5548506 -0.8138136 0.1727182 0.5547474 -0.8138942 0.1282168 0.5666877 -0.8138953 0.1281874 0.5665783 -0.8139761 0.04923456 0.2176017 -0.9747951 0.04922735 0.2175812 -0.9748001 0.06631773 0.2129947 -0.9748001 0.06630825 0.2129732 -0.9748054 0.08457821 0.2064759 -0.9747893 0.08459901 0.2065154 -0.9747791 0.1037198 0.197604 -0.9747794 0.1036986 0.1975715 -0.9747882 0.1218908 0.1868972 -0.9747882 0.1218981 0.1869063 -0.9747856 0.1390008 0.1745614 -0.9747857 0.1390013 0.1745619 -0.9747856 0.1548618 0.1606577 -0.9747856 0.1548459 0.160644 -0.9747903 0.169322 0.1453052 -0.9747905 0.1693338 0.1453135 -0.9747872 0.1826504 0.1282187 -0.9747815 0.1826276 0.1282055 -0.9747874 0.459326 0.5568503 -0.692053 0.3806099 0.3329637 -0.8627116 0.2285234 0.1793404 -0.9568772 0.3795942 0.3381973 -0.8611218 0.139054 0.2722363 -0.9521299 0.6574112 0.7098064 -0.2529535 0.609476 0.7854552 -0.1076996 0.6348751 0.6952785 -0.3369294 0.5540029 0.5646878 -0.6117259 0.554236 0.5649339 -0.6112873 0.8588072 0.356162 -0.3682374 0.9276601 0.2315928 -0.292936 0.9680542 0.04460018 -0.2467424 0.2426227 0.1507418 -0.9583377 0.317691 -0.09979295 -0.9429283 0.4885704 0.591896 -0.6410602 0.4603569 0.3570984 -0.8127436 0.5963035 0.4186809 -0.6849296 0.6603371 -0.04484307 -0.7496293 0.6124313 0.761412 -0.2125552 0.7295128 0.4348539 -0.527933 0.7295663 0.4348789 -0.5278386 0.3965151 0.8631048 -0.3127715 0.3963387 0.8631845 -0.312775 -0.001737654 0.2234931 -0.974704 0.1599193 0.2394636 -0.9576445 -0.0212115 0.4189605 -0.9077567 0.1658513 0.2371242 -0.9572176 0.1681166 0.2405673 -0.9559624 0.3934459 0.6137816 -0.6844506 0.3989253 0.6058049 -0.6883742 0.5124182 0.7783017 -0.3628696 0.6629846 0.7045683 -0.2530512 0.1423501 0.8447063 -0.5159533 0.0763626 0.8902302 -0.4490647 0.07045727 0.8496099 -0.5226843 0.2015843 0.688847 -0.6963143 0.00899285 0.5826008 -0.8127087 0.008973658 0.5824639 -0.812807 0.815464 0.5195966 -0.2550252 0.549549 0.4512189 -0.7031341 0.2568823 0.1096358 -0.9602039 0.3189445 0.1912673 -0.9282733 0.3274284 0.1790399 -0.9277583 0.3273727 0.179145 -0.9277576 0.2404282 0.1480634 -0.9593079 0.551757 0.4531471 -0.7001585 0.7481999 0.6144818 -0.2502179 0.7471347 0.6135358 -0.255663 0.7471203 0.6135457 -0.2556816 0.657559 0.2806429 -0.6991822 0.2609024 0.2142195 -0.9412969 0.2859733 0.1822105 -0.9407542 0.602953 0.3841772 -0.699182 0.6575546 0.2806405 -0.6991873 0.6569607 0.2798571 -0.700059 0.8893324 0.3795615 -0.2549921 0.5518483 0.4531289 -0.7000983 0.6029722 0.3841781 -0.6991651 0.8154918 0.5195832 -0.2549635 0.8893389 0.3795654 -0.2549641 0.8895062 0.3806926 -0.2526893 -0.07113754 0.5766047 -0.8139204 -0.104014 0.8430851 -0.5276255 -0.4133192 0.7948723 -0.4442356 -0.7085561 0.502452 -0.4954697 -0.6925169 0.4922825 -0.5273312 -0.7177876 0.4888712 -0.4957681 -0.7168974 0.4551931 -0.5280696 -0.490327 0.3113325 -0.8140341 -0.712512 0.5065078 -0.4855681 -0.7124927 0.5065344 -0.4855689 -0.6274079 0.5411491 -0.5599259 -0.6811261 0.6123812 -0.4013184 -0.6811317 0.6123751 -0.4013183 -0.5517945 0.5757156 -0.6033857 -0.6150727 0.6993005 -0.364231 -0.6150524 0.6993185 -0.3642311 -0.4914432 0.6212192 -0.6103854 -0.5256605 0.7612749 -0.3796599 -0.5027391 0.7767994 -0.3792573 -0.4452338 0.64483 -0.6212577 -0.4193858 0.7916057 -0.4443826 -0.4024009 0.7595227 -0.5110762 -0.4020741 0.7596895 -0.5110855 -0.3157452 0.780094 -0.5401465 -0.3282848 0.8461259 -0.419881 -0.3282985 0.8461207 -0.4198808 -0.2295251 0.769961 -0.5953808 -0.1174616 0.841493 -0.5273447 -0.120557 0.9041357 -0.4098837 -0.1260885 0.9033467 -0.4099592 -0.1628206 0.7933415 -0.5865994 -0.2326289 0.8997552 -0.3692214 -0.2326391 0.8997525 -0.3692213 -0.07115405 0.5767386 -0.8138241 -0.07115292 0.5766983 -0.8138528 -0.1168208 0.5692076 -0.8138524 -0.1168219 0.5692246 -0.8138403 -0.1660399 0.5569947 -0.8137491 -0.16603 0.5569393 -0.8137891 -0.2180438 0.5387085 -0.8137875 -0.2180568 0.5387554 -0.813753 -0.268136 0.5156641 -0.8137528 -0.2681101 0.5155967 -0.813804 -0.3157528 0.4878804 -0.8138015 -0.3157905 0.4879562 -0.8137414 -0.3606085 0.4558348 -0.8137421 -0.3606095 0.4558366 -0.8137407 -0.4021794 0.4196144 -0.8137417 -0.4021719 0.4196047 -0.8137503 -0.4401213 0.3796116 -0.8137495 -0.4401227 0.379613 -0.8137481 -0.4741115 0.3362024 -0.8137482 -0.4740785 0.3361729 -0.8137797 -0.4902256 0.3113583 -0.8140853 -0.4902558 0.3114038 -0.8140497 -0.1881414 0.1194844 -0.9748467 -0.1881436 0.1195062 -0.9748437 -0.1820107 0.1290653 -0.9747893 -0.1820101 0.1290647 -0.9747896 -0.1689612 0.1457313 -0.9747895 -0.1689634 0.1457337 -0.9747887 -0.1543931 0.1610904 -0.9747886 -0.154379 0.1610725 -0.9747937 -0.138424 0.1749707 -0.9747943 -0.1384498 0.1750105 -0.9747835 -0.1212431 0.1873436 -0.9747833 -0.1212433 0.187344 -0.9747833 -0.1029484 0.1979892 -0.974783 -0.1029276 0.1979378 -0.9747956 -0.08370661 0.2067987 -0.9747961 -0.08372461 0.2068594 -0.9747817 -0.06375086 0.2138618 -0.9747815 -0.06374347 0.2138243 -0.9747902 -0.04484391 0.2184978 -0.9748065 -0.04484516 0.2185118 -0.9748033 -0.02731359 0.2213875 -0.9748033 -0.02731359 0.2213903 -0.9748027 0.5229806 0.6976742 -0.4896347 0.5227616 0.8159565 -0.2468509 0.1955968 0.1069234 -0.9748381 0.07770103 0.3242461 -0.9427763 0.5411151 0.2167196 -0.8125436 0.6588509 0.3057458 -0.6873391 0.5393772 0.2201651 -0.8127728 0.462684 0.5482075 -0.6967008 0.7453633 0.4070606 -0.5279538 0.8379878 0.4866597 -0.2468578 0.7865507 0.4465939 -0.4264878 0.664229 0.6877519 -0.2929115 -0.8657518 0.1035634 -0.4896412 -0.9680474 0.04467952 -0.2467548 -0.1897779 0.1168865 -0.9748445 -0.3196581 -0.09486705 -0.942772 -0.4581619 0.3603315 -0.812557 -0.5964794 0.418737 -0.684742 -0.460394 0.3571006 -0.8127216 -0.7061272 0.1266264 -0.6966708 -0.7251967 0.4419019 -0.5280268 -0.8400161 0.4822165 -0.2486773 -0.7800678 0.4578661 -0.4264422 -0.9276592 0.2316041 -0.2929298 0.5280107 -0.2431865 -0.8136737 0.7717168 -0.3554307 -0.527373 0.8032507 0.3640404 -0.4714478 0.7735911 0.3515447 -0.5272315 0.7952064 0.3808696 -0.4717894 0.7537127 0.3913385 -0.5279879 0.5154211 0.2676141 -0.8140786 0.7984929 0.3628702 -0.4803484 0.7984884 0.3628801 -0.4803481 0.7824264 0.2688441 -0.5617222 0.8843153 0.2801076 -0.3735321 0.8843146 0.2801098 -0.3735321 0.7714407 0.1858423 -0.6085572 0.9224579 0.1717197 -0.3458088 0.929023 0.1326652 -0.345422 0.7284111 0.1355986 -0.6715879 0.9132006 0.05609995 -0.4036303 0.9140132 0.0432474 -0.4033725 0.8481175 0.0520966 -0.5272406 0.8485859 -0.04015225 -0.5275319 0.9132047 -0.05609625 -0.4036216 0.9132046 -0.0560975 -0.4036216 0.7928961 -0.1132261 -0.5987452 0.9224578 -0.1717216 -0.3458083 0.9224574 -0.1717238 -0.3458083 0.7714467 -0.1858465 -0.6085485 0.8843146 -0.2801098 -0.3735321 0.8774179 -0.3014789 -0.3731601 0.7735194 -0.3515202 -0.5273531 0.7978032 -0.3644368 -0.4803082 0.7985075 -0.3628367 -0.4803491 0.7768712 -0.2460745 -0.5795849 0.5280051 -0.243184 -0.8136782 0.5280058 -0.2431844 -0.8136777 0.5496607 -0.1888622 -0.8137593 0.5496667 -0.188865 -0.8137546 0.5650457 -0.1361231 -0.8137529 0.5650599 -0.1361283 -0.8137423 0.5753836 -0.08216518 -0.813746 0.5753797 -0.08216416 -0.8137488 0.5805664 -0.02747046 -0.8137494 0.5805618 -0.02746969 -0.8137527 0.5805618 0.02746981 -0.8137527 0.5805665 0.02746951 -0.8137493 0.5753797 0.08216464 -0.8137488 0.5753837 0.08216476 -0.813746 0.5650607 0.1361247 -0.8137423 0.5650457 0.1361229 -0.813753 0.549666 0.1888669 -0.8137546 0.5496825 0.1888705 -0.8137426 0.5293968 0.2399274 -0.8137407 0.5293812 0.2399224 -0.8137523 0.5154414 0.2676483 -0.8140544 0.5154724 0.2676554 -0.8140325 0.1978142 0.1027174 -0.9748429 0.1978197 0.1027165 -0.9748419 0.2032318 0.09210652 -0.9747889 0.2032251 0.09210425 -0.9747904 0.2110134 0.0725038 -0.9747905 0.2110106 0.07250308 -0.9747911 0.2169137 0.0522561 -0.9747911 0.2169167 0.05225652 -0.9747904 0.2208815 0.0315417 -0.9747905 0.2208801 0.03154164 -0.9747908 0.2228693 0.01054525 -0.9747912 0.2228717 0.01054519 -0.9747908 0.2228717 -0.01054555 -0.9747908 0.2228693 -0.01054519 -0.9747913 0.2208801 -0.03154152 -0.9747908 0.2208814 -0.03154182 -0.9747905 0.2169166 -0.05225676 -0.9747905 0.2169213 -0.05225837 -0.9747893 0.211021 -0.07250636 -0.9747887 0.2110235 -0.0725075 -0.974788 0.2027316 -0.09337455 -0.9747723 0.2027137 -0.09336411 -0.9747771 0.2027075 -0.09336537 -0.9747782 -0.2383891 0.1504207 -0.9594499 -0.3510064 0.1578097 -0.9229792 -0.2485095 0.1339614 -0.9593212 -0.7844114 0.5655639 -0.2546295 -0.8820103 0.3965579 -0.2545578 -0.784428 0.5655722 -0.2545602 -0.7866821 0.5648701 -0.2491049 -0.334909 0.1863351 -0.9236423 -0.2860724 0.2062486 -0.9357479 -0.5804198 0.4184632 -0.698571 -0.5773131 0.4178606 -0.7014999 -0.5803941 0.418464 -0.6985919 -0.8820017 0.3965626 -0.2545803 -0.8824418 0.3967527 -0.2527523 -0.6526117 0.2934194 -0.6985721 -0.6526314 0.2934192 -0.6985538 -0.6531108 0.2936335 -0.6980155 0.7378767 -0.5656678 -0.3681818 0.6643485 -0.6876705 -0.2928315 0.5229092 -0.8158887 -0.2467619 0.2516102 -0.1350256 -0.9583634 0.07241261 -0.3249642 -0.94295 0.7613294 -0.1249818 -0.6362053 0.5393278 -0.220319 -0.8127639 0.6605688 -0.3072618 -0.6850103 0.2912502 -0.5943511 -0.7496134 0.9635189 -0.1545967 -0.2184745 0.7414966 -0.414268 -0.5277923 0.7414415 -0.4142295 -0.5279001 -0.7379006 0.5655145 -0.3683695 -0.6642356 0.6877474 -0.2929071 -0.522782 0.815943 -0.2468525 -0.250702 0.1361059 -0.9584486 -0.0724523 0.3249971 -0.9429356 -0.7566068 0.1274546 -0.6413279 -0.5394483 0.2201945 -0.8127176 -0.6606844 0.3070885 -0.6849766 -0.2913168 0.5942519 -0.749666 -0.9644294 0.1524775 -0.215932 -0.7413775 0.4143565 -0.5278903 -0.7414545 0.4144102 -0.5277401 0.8889242 -0.379389 -0.2566665 0.3339914 -0.1857681 -0.9240887 0.2484969 -0.1339616 -0.9593245 0.3521602 -0.1502999 -0.9237928 0.6581524 -0.2808956 -0.6985221 0.6575304 -0.2806311 -0.6992138 0.6575314 -0.2806326 -0.6992122 0.5889032 -0.4077107 -0.6978288 0.2691178 -0.1863162 -0.9449136 0.2383784 -0.1504149 -0.9594535 0.5949479 -0.4091398 -0.6918394 0.5889043 -0.4077008 -0.6978337 0.7950091 -0.550388 -0.2550164 0.8893438 -0.379567 -0.2549438 0.8893427 -0.3795588 -0.2549604 0.795224 -0.5505312 -0.2540363 0.7952234 -0.5505403 -0.2540179 0.795197 -0.5505617 -0.2540545 -0.5278814 0.2435617 -0.8136455 -0.7714214 0.3559218 -0.5274738 -0.7735297 -0.3515222 -0.5273369 -0.5278294 -0.2435324 -0.8136879 -0.7714649 -0.355942 -0.5273966 -0.8006133 -0.3659678 -0.4744322 -0.8013938 -0.3641973 -0.4744769 -0.7796275 -0.2689012 -0.5655733 -0.8852553 -0.2804038 -0.371075 -0.8852544 -0.2804068 -0.371075 -0.7705337 -0.1863075 -0.6095632 -0.9223229 -0.1716937 -0.3461818 -0.9288207 -0.1331145 -0.3457928 -0.7298712 -0.1358746 -0.6699449 -0.9127 -0.05606544 -0.4047659 -0.913503 -0.04337596 -0.404513 -0.8481175 -0.05209761 -0.5272406 -0.848581 0.04029268 -0.5275289 -0.9126964 0.05606293 -0.4047745 -0.912696 0.05606788 -0.4047746 -0.7929398 0.113639 -0.598609 -0.922322 0.1716983 -0.3461818 -0.9223229 0.1716937 -0.3461818 -0.7705337 0.1863075 -0.6095632 -0.8852543 0.2804068 -0.371075 -0.8779972 0.3028346 -0.3706915 -0.7735981 0.3515533 -0.5272156 -0.8006144 0.365963 -0.4744341 -0.8013761 0.3642354 -0.4744775 -0.7720673 0.2445516 -0.5866059 -0.5278133 0.2435247 -0.8137007 -0.527876 0.2435594 -0.8136497 -0.5494809 0.1895243 -0.8137268 -0.5494485 0.1895089 -0.8137522 -0.5649349 0.1365957 -0.8137507 -0.5649407 0.1365979 -0.8137463 -0.5753404 0.08245408 -0.8137474 -0.5753356 0.08245283 -0.8137509 -0.5805608 0.02756643 -0.8137501 -0.5805648 0.02756708 -0.8137474 -0.5805647 -0.02756702 -0.8137473 -0.5805608 -0.02756726 -0.8137501 -0.5753353 -0.0824545 -0.8137509 -0.5753403 -0.08245468 -0.8137474 -0.5649408 -0.1365972 -0.8137463 -0.5649521 -0.1365986 -0.8137383 -0.549471 -0.189518 -0.813735 -0.5494585 -0.1895152 -0.813744 -0.5278491 -0.2435432 -0.8136719 -0.5278461 -0.2435419 -0.8136742 -0.2026392 -0.0934956 -0.97478 -0.2026422 -0.09349668 -0.9747792 -0.210922 -0.07274985 -0.974792 -0.2109237 -0.07275027 -0.9747915 -0.216868 -0.05243736 -0.9747915 -0.2168815 -0.05243933 -0.9747884 -0.2208707 -0.03165322 -0.9747894 -0.2208631 -0.03165286 -0.9747911 -0.2228693 -0.01058292 -0.9747909 -0.2228716 -0.0105828 -0.9747903 -0.2228716 0.01058286 -0.9747904 -0.2228693 0.0105825 -0.9747909 -0.2208632 0.03165221 -0.9747911 -0.2208658 0.0316528 -0.9747904 -0.2168733 0.05243945 -0.9747903 -0.2168605 0.05243498 -0.9747934 -0.2109137 0.07274585 -0.974794 -0.2109122 0.0727452 -0.9747945 -0.20263 0.09349 -0.9747824 -0.2026521 0.09350264 -0.9747766 0.8657546 -0.1033678 -0.4896774 0.9680534 -0.04464894 -0.246737 0.1903083 -0.1160413 -0.9748421 0.3196208 0.09477311 -0.9427941 0.4582753 -0.3603668 -0.8124774 0.5966603 -0.4187896 -0.6845523 0.4603666 -0.3570489 -0.8127599 0.7061118 -0.1266145 -0.6966885 0.7251718 -0.4420753 -0.527916 0.8387518 -0.4820894 -0.2531507 0.779943 -0.4581325 -0.4263843 0.927654 -0.2316883 -0.2928799 -0.5222604 -0.6981676 -0.4897001 -0.5270696 -0.813962 -0.244261 -0.195986 -0.1061502 -0.9748444 -0.07530719 -0.3283597 -0.9415459 -0.5389448 -0.2211393 -0.8127951 -0.3111721 -0.06404489 -0.9481931 -0.5415691 -0.2156757 -0.8125189 -0.4630166 -0.5519649 -0.6935058 -0.7421158 -0.4131276 -0.527816 -0.6425769 -0.33977 -0.6867687 -0.7907617 -0.4409127 -0.4246081 -0.6683905 -0.6849001 -0.2901139 0.1283059 -0.5670561 -0.8136245 0.187445 -0.8284671 -0.5277373 0.6917141 -0.4932305 -0.527499 0.4757289 -0.3339632 -0.8137264 0.6953359 -0.4881281 -0.5274837 0.7233406 -0.5126907 -0.4625221 0.7218899 -0.514684 -0.4625747 0.6215084 -0.5333496 -0.5738166 0.6860739 -0.6218593 -0.3776158 0.6861004 -0.6218302 -0.3776154 0.5502893 -0.5708781 -0.6093274 0.6125262 -0.7053524 -0.3567766 0.5820178 -0.7309159 -0.3563947 0.4813486 -0.5542875 -0.6790205 0.5137713 -0.7579765 -0.401884 0.5137954 -0.7579599 -0.4018844 0.4572892 -0.7011648 -0.5470416 0.3967566 -0.7690651 -0.5011218 0.4021378 -0.76617 -0.5012671 0.4117887 -0.7980945 -0.4398582 0.4117771 -0.7981003 -0.4398585 0.3076431 -0.7510047 -0.5842497 0.2020256 -0.8254172 -0.527136 0.2121546 -0.8927975 -0.3973701 0.2181629 -0.8913131 -0.3974491 0.2405114 -0.7724645 -0.5877524 0.3248166 -0.8709704 -0.3686526 0.3248136 -0.8709716 -0.3686526 0.1282217 -0.5667127 -0.813877 0.128229 -0.5667699 -0.813836 0.1727476 -0.5548233 -0.8138362 0.1727435 -0.5547992 -0.8138535 0.2203146 -0.5378224 -0.813762 0.2203235 -0.5378539 -0.8137388 0.2701218 -0.5146477 -0.8137395 0.2701237 -0.5146524 -0.8137359 0.3175128 -0.4868447 -0.813737 0.317506 -0.4868311 -0.8137478 0.362053 -0.4546773 -0.8137482 0.362083 -0.4547253 -0.8137081 0.4034033 -0.4184964 -0.8137116 0.4033595 -0.4184393 -0.8137627 0.4410585 -0.3784959 -0.8137618 0.4410801 -0.3785191 -0.8137393 0.475753 -0.3339776 -0.8137064 0.4758295 -0.3340349 -0.8136381 0.1826283 -0.1282055 -0.9747872 0.1826329 -0.1282092 -0.9747859 0.1693174 -0.1452984 -0.9747923 0.1693379 -0.1453197 -0.9747855 0.1548639 -0.1606597 -0.9747849 0.154836 -0.1606246 -0.9747952 0.1389719 -0.1745293 -0.9747955 0.1389714 -0.1745285 -0.9747957 0.1218722 -0.1868686 -0.974796 0.1218659 -0.1868568 -0.974799 0.1036791 -0.197526 -0.9747995 0.1036944 -0.1975636 -0.9747903 0.08457922 -0.206471 -0.9747902 0.08458352 -0.2064853 -0.9747868 0.06631422 -0.2129833 -0.9748029 0.06631308 -0.2129773 -0.9748042 0.04922217 -0.2175638 -0.9748042 0.04921728 -0.2175189 -0.9748144 -0.3296723 -0.1971288 -0.9232856 -0.3130698 -0.2252221 -0.9226388 -0.2415127 -0.148668 -0.9589419 -0.881456 -0.3962923 -0.2568808 -0.784427 -0.5655752 -0.2545565 -0.8820212 -0.3965365 -0.2545536 -0.8820234 -0.3965462 -0.2545306 -0.6526035 -0.2934029 -0.6985868 -0.652632 -0.2934356 -0.6985464 -0.6544649 -0.294255 -0.6964839 -0.3193954 -0.1436038 -0.9366774 -0.2494744 -0.1311448 -0.95946 -0.7844544 -0.5668083 -0.2517136 -0.5837141 -0.4196701 -0.6950934 -0.5809652 -0.417688 -0.6985816 -0.5825377 -0.4204902 -0.6955844 -0.2267448 -0.1629819 -0.9602207 -0.3080489 -0.8984877 -0.3127712 -0.3083806 -0.8983761 -0.3127648 0.02442449 -0.2220812 -0.9747222 -0.1353565 -0.2542046 -0.9576318 0.06003856 -0.4126631 -0.908903 -0.1413432 -0.2525105 -0.957215 -0.143506 -0.2566459 -0.9557923 -0.3302555 -0.6499359 -0.6844813 -0.3365145 -0.6425322 -0.6884115 -0.4322743 -0.8255262 -0.3628296 -0.5894267 -0.7671746 -0.2530205 -0.05740594 -0.8548015 -0.5157701 0.01278728 -0.8935055 -0.4488701 0.01462006 -0.8523337 -0.5227939 -0.1318522 -0.705479 -0.696358 0.04922729 -0.5805101 -0.8127636 0.04921287 -0.5808755 -0.8125033 -0.8588682 -0.3561888 -0.3680691 -0.9276531 -0.2316994 -0.2928737 -0.9680466 -0.04472827 -0.2467492 -0.2431418 -0.1492273 -0.9584432 -0.3176389 0.09969329 -0.9429564 -0.4888969 -0.5953108 -0.6376401 -0.4604951 -0.3570944 -0.8126671 -0.5962917 -0.4186117 -0.684982 -0.6603459 0.04477196 -0.7496258 -0.6174188 -0.754629 -0.2221012 -0.7294192 -0.4350949 -0.5278635 -0.7293641 -0.4350691 -0.527961 -0.5987622 -0.792212 -0.1178299 -0.5249863 -0.788174 -0.3212025 -0.5714678 -0.7807513 -0.2526898 -0.4951928 -0.6175138 -0.6111144 -0.4950973 -0.6173904 -0.6113164 -0.40147 -0.599875 -0.6920778 -0.3455498 -0.3694449 -0.8626157 -0.209525 -0.2013244 -0.9568531 -0.3438809 -0.3743464 -0.8611682 -0.1111614 -0.284714 -0.9521455 -0.4754539 -0.3346085 -0.8136221 -0.6947675 -0.4889412 -0.5274795 -0.0711584 -0.5768576 -0.8137394 -0.1039992 -0.8430867 -0.5276258 -0.1891607 -0.7315927 -0.6549735 -0.2655504 -0.8907647 -0.3688104 -0.2326289 -0.8997552 -0.3692214 -0.1628206 -0.7933415 -0.5865994 -0.1260885 -0.9033467 -0.4099592 -0.1205412 -0.9041379 -0.4098834 -0.1174359 -0.841309 -0.5276437 -0.3282737 -0.8460646 -0.4200133 -0.3282626 -0.8460687 -0.4200135 -0.31572 -0.7800316 -0.5402515 -0.4023541 -0.7595466 -0.5110775 -0.3964953 -0.7625174 -0.5112326 -0.4193575 -0.791553 -0.4445034 -0.4193577 -0.7915528 -0.4445034 -0.4413315 -0.6819339 -0.5832605 -0.5256441 -0.7612863 -0.3796596 -0.5256605 -0.7612749 -0.3796598 -0.4914436 -0.6212207 -0.6103836 -0.615095 -0.6993411 -0.3641158 -0.6150916 -0.699344 -0.3641158 -0.5517961 -0.5757169 -0.603383 -0.6811312 -0.6123757 -0.4013183 -0.693699 -0.5983262 -0.4009831 -0.692426 -0.4922286 -0.5275009 -0.7134549 -0.5052133 -0.4855324 -0.7125356 -0.5064756 -0.4855673 -0.6087421 -0.5473147 -0.5743516 -0.4753613 -0.3345345 -0.8137065 -0.4753328 -0.3345175 -0.8137301 -0.440086 -0.3795811 -0.8137829 -0.440125 -0.3796077 -0.8137493 -0.4021712 -0.4196056 -0.8137503 -0.4021902 -0.4196214 -0.8137327 -0.3606173 -0.4558466 -0.8137316 -0.3605781 -0.4558071 -0.8137711 -0.3157689 -0.4879178 -0.8137728 -0.3158308 -0.4879932 -0.8137035 -0.2681694 -0.5157284 -0.813701 -0.2681357 -0.5156782 -0.813744 -0.2180665 -0.5387648 -0.8137441 -0.2180755 -0.5387812 -0.8137308 -0.1660551 -0.5570168 -0.8137309 -0.1660211 -0.5569369 -0.8137925 -0.1168116 -0.5691632 -0.8138848 -0.116831 -0.5692185 -0.8138433 -0.07115435 -0.5767108 -0.8138438 -0.07109761 -0.5763649 -0.8140938 -0.02730798 -0.2213726 -0.9748069 -0.02730691 -0.2213683 -0.9748079 -0.04484611 -0.2184913 -0.9748078 -0.04484295 -0.2184816 -0.9748102 -0.06373238 -0.2138105 -0.974794 -0.06374686 -0.2138462 -0.9747852 -0.08372145 -0.2068434 -0.9747854 -0.08372074 -0.206842 -0.9747858 -0.1029451 -0.1979765 -0.9747859 -0.1029253 -0.1979457 -0.9747943 -0.1212198 -0.1873027 -0.9747941 -0.1212367 -0.187324 -0.9747879 -0.138437 -0.1749954 -0.974788 -0.1384236 -0.1749815 -0.9747924 -0.1543833 -0.1610766 -0.9747923 -0.1543959 -0.1610875 -0.9747886 -0.1689651 -0.145732 -0.9747887 -0.1689628 -0.1457304 -0.9747894 -0.182501 -0.1284353 -0.9747809 -0.1824799 -0.1284232 -0.9747864 -0.1824814 -0.1284406 -0.9747839 0.1691996 -0.2423374 -0.9553241 0.3963171 -0.8631979 -0.3127655 0.3965122 -0.8631097 -0.3127616 0.009123563 -0.5822262 -0.8129757 -0.009230494 -0.3011299 -0.9535384 0.1599437 -0.2394834 -0.9576355 -0.002614617 -0.2234054 -0.9747221 0.009194552 -0.5827307 -0.8126132 0.2015054 -0.688811 -0.6963728 0.07031524 -0.849615 -0.5226949 0.07621186 -0.8902232 -0.4491041 0.1424608 -0.8445109 -0.5162425 0.6629849 -0.7045676 -0.2530527 0.5124185 -0.7783012 -0.3628697 0.39889 -0.6057649 -0.6884298 0.3933963 -0.6137617 -0.6844968 0.1685962 -0.2414197 -0.955663 0 -0.92047 0.3908131 -0.02149134 -0.9266396 0.3753362 -0.03017479 -0.9193714 0.3922319 0.02384847 -0.9915544 0.1274797 0.02384847 -0.9915598 0.127438 -0.01202017 -0.9945469 0.1035948 0.01286202 -0.9892312 -0.1457947 0.01161599 -0.9881281 -0.1531924 9.76417e-4 -0.9893091 -0.1458306 0.002938389 -0.7773293 -0.629087 -0.002214789 -0.7843607 -0.6203011 -0.01467442 -0.7768771 -0.6294814 0.01444995 -0.9125915 -0.408617 0.003155767 -0.9165337 -0.3999451 -8.96288e-4 -0.9125112 -0.4090509 9.76426e-4 -0.989566 -0.1440768 0.04415798 -0.2050898 -0.9777465 -0.05222928 -0.4006359 -0.9147475 -0.03551584 -0.3766398 -0.9256787 -0.01502168 -0.4018302 -0.915591 0.02540212 -0.6002842 -0.7993834 -0.003581225 -0.5857365 -0.8104937 0.002938389 -0.7773314 -0.6290844 0.04415798 -0.2050099 -0.9777633 0.03505319 -0.1283872 -0.9911045 -0.06203895 -0.2040768 -0.9769871 -0.02772873 0.128405 -0.9913341 0.0376929 0.06965935 -0.9968585 0.0376811 0.069678 -0.9968577 -0.01979058 0.3768199 -0.9260751 0.03025382 0.3388928 -0.9403385 0.03025388 0.3388473 -0.9403548 0.005099534 0.7773235 -0.6290804 -0.006043612 0.5872096 -0.8094124 7.58781e-4 0.6004778 -0.7996411 0.0173211 0.5877613 -0.8088489 -0.002264559 0.4674401 -0.8840218 0.005099534 0.7774682 -0.6289017 -0.01106083 0.7843147 -0.6202646 0.01186889 0.9138175 -0.4059514 0.01038926 0.9164888 -0.3999256 9.66817e-4 0.9137057 -0.4063755 0.02499157 0.9913005 0.1292238 0.01534205 0.9944969 0.1036366 -0.01642251 0.9912877 0.1306877 0.01438939 0.9894989 -0.1438229 0.004032313 0.9881797 -0.1532467 -9.02778e-4 0.9896183 -0.1437184 9.66765e-4 0.9128082 -0.4083873 0 0.9268672 0.3753892 -0.03192687 0.9189809 0.3930073 0.02499157 0.9912665 0.1294841 0 -0.8210003 -0.5709277 0.006792902 -0.8371443 -0.5469399 0.0107969 -0.8210017 -0.5708237 -0.01446968 -0.9925839 -0.1206975 -0.01078444 -0.9824689 -0.1861146 -0.0107845 -0.9823226 -0.1868847 -0.01066797 -0.9824386 -0.1862811 0.0118674 -0.9917418 -0.1277004 -0.01180845 -0.9564259 0.2917365 -0.01174521 -0.948486 0.3166011 -0.01175016 -0.9566175 0.2911099 -0.01036399 -0.9471431 0.3206441 0 -0.9566695 0.2911759 0 0.9357758 0.3525957 0.006878614 0.94712 0.3208058 0.01270323 0.9359809 0.3518216 -0.0699042 0.9462308 0.3158491 -0.01192522 0.9981647 -0.05937206 -0.01192533 0.9981243 -0.0600472 0 0.8372423 -0.5468322 -0.0129953 0.8555815 -0.5175051 -0.03117024 0.9922055 -0.1206517 -0.01100498 0.8553445 -0.5179428 -0.009874701 0.9917632 -0.1277031 0.1612095 0.8459355 -0.508335 -0.01272249 0.9981423 -0.05958354 -1 0 0 -1 0 0 -1 0 0 -1 0 0 -1 0 0 -1 0 0 -1 0 0 -1 0 0 -1 0 0 -1 0 0 -1 0 0 -1 0 0 -1 0 0 -1 0 0 -1 0 0 -1 0 0 -1 0 0 -1 0 0 -1 0 0 -1 0 0 -1 0 0 -1 0 0 -1 0 0 -1 0 0 -1 0 0 -1 0 0 -1 0 0 -1 0 0 -1 0 0 -1 0 0 -1 0 0 -1 0 0 -1 0 0 -1 0 0 -1 0 0 -0.06488668 0.8354779 -0.5456798 -0.8369098 0.5184284 0.175539 -0.8366107 0.5188504 0.1757179 -0.8368563 0.5184807 0.1756397 -0.1708939 0.9772216 -0.1258307 -0.1723308 0.9343603 0.311886 -0.5294641 0.8034815 0.2721861 -0.5305219 0.8028966 0.2718522 -0.530862 0.8026861 0.2718098 -0.172008 0.9330518 0.3159549 -0.1725568 0.9329348 0.3160011 -0.169891 0.978257 -0.1189554 -0.6195815 0.613594 -0.489511 -0.9007703 0.3816895 -0.2071857 -0.7718369 0.5580205 -0.3047637 -0.5333997 0.7235827 -0.4380787 -0.5647066 0.7032914 -0.4318423 -0.1725443 0.8386439 -0.5166284 -0.511949 0.699508 -0.498595 -0.2553611 0.8060251 -0.5339609 -0.9006598 0.3819338 -0.207216 -0.8416842 0.5160237 -0.1590201 -0.9559571 -0.104098 0.2744262 -0.983734 0.1701425 0.05760997 -0.9837319 0.1701539 0.05761224 -0.9837874 0.1786692 -0.01548016 -0.1707802 0.9772392 -0.1258477 -0.5276125 0.8425276 -0.1084997 -0.5276315 0.8425164 -0.1084949 -0.8346629 0.5462506 -0.07034331 -0.8348689 0.5459475 -0.07025182 -0.9906516 0.1353015 -0.01741039 -0.9559687 -0.104102 0.2743842 -0.1743364 0.9126734 0.3696405 -0.5337229 0.7829996 0.3194551 -0.8397216 0.5024831 0.2058598 -0.2572025 -0.8956657 0.3628084 -0.702651 -0.6594892 0.2671247 -0.9651225 -0.2426534 0.09827464 -0.9840704 0.1647762 0.06674158 -0.9652839 0.2431851 0.09533154 -0.9653937 0.2593933 0.02702444 -0.9653557 0.2595335 0.02703028 -0.9653559 0.2578548 -0.03998512 -0.965323 0.2579737 -0.04001116 -0.9653278 0.2392559 -0.1043977 -0.9653395 0.2392174 -0.104378 -0.965345 0.2046967 -0.1618897 -0.965422 0.2044841 -0.161699 -0.9654118 0.1565567 -0.2084949 -0.9653972 0.1565863 -0.2085399 -0.9653919 0.09830158 -0.2415686 -0.9653552 0.09834498 -0.2416975 -0.9653695 0.03351086 -0.2587254 -0.9653821 0.03350776 -0.2586787 -0.9653822 -0.03350806 -0.2586787 -0.9653834 -0.0335071 -0.2586739 -0.9653958 -0.0982874 -0.2415586 -0.9653714 -0.09832662 -0.2416402 -0.9653645 -0.1566677 -0.2086303 -0.9653795 -0.1566317 -0.2085881 -0.9653798 -0.2046015 -0.1618019 -0.9653875 -0.2045783 -0.1617859 -0.965389 -0.2390484 -0.1043072 -0.9654263 -0.2389184 -0.1042598 -0.9654293 -0.2575864 -0.03994351 -0.9654093 -0.2576603 -0.03995031 -0.9654091 -0.2593364 0.0270183 -0.9654468 -0.2591983 0.02699518 -0.9652245 -0.2422997 0.09814578 -0.9652664 -0.2421573 0.09808528 -0.8396615 0.5025694 0.2058947 -0.7031142 0.6603043 0.2638725 -0.7040347 0.706345 0.07356554 -0.7040619 0.706318 0.073565 -0.7040556 0.7017546 -0.1088407 -0.7042198 0.7015958 -0.1088021 -0.7042135 0.65074 -0.2839381 -0.7043643 0.650608 -0.2838667 -0.7043315 0.5568156 -0.4403107 -0.7041416 0.5569534 -0.4404399 -0.7041456 0.4263494 -0.5678074 -0.7040898 0.4263789 -0.5678545 -0.7041095 0.267625 -0.6577285 -0.704289 0.2675718 -0.6575579 -0.7042104 0.09120625 -0.7041088 -0.7041594 0.09120851 -0.7041594 -0.7041592 -0.09121274 -0.7041592 -0.7041085 -0.09122341 -0.7042084 -0.7039893 -0.2676815 -0.6578341 -0.7041096 -0.2676272 -0.6577274 -0.7040882 -0.4263996 -0.5678408 -0.7041476 -0.4263603 -0.5677967 -0.7041437 -0.5569453 -0.4404469 -0.7040184 -0.5570493 -0.4405158 -0.7040026 -0.6509193 -0.2840497 -0.7038506 -0.6510627 -0.2840984 -0.7038282 -0.7019823 -0.1088426 -0.7040565 -0.7017559 -0.1088267 -0.7040621 -0.7063181 0.07356226 -0.7040349 -0.7063446 0.07356727 -0.7028629 -0.6592923 0.267053 -0.7026702 -0.6594663 0.2671308 -0.5350867 0.7822003 0.3191314 -0.2558931 0.8970668 0.3602636 -0.256554 0.9613298 0.1001252 -0.2574496 0.9610872 0.100155 -0.2574468 0.9548786 -0.1480808 -0.2574215 0.9548851 -0.1480833 -0.2573739 0.8856803 -0.3864311 -0.2566146 0.8858468 -0.3865544 -0.2566611 0.7581003 -0.5995073 -0.2563274 0.7581571 -0.5995782 -0.2564464 0.5803602 -0.7729278 -0.2572011 0.5802766 -0.7727398 -0.2570827 0.3642395 -0.895119 -0.2568463 0.3642498 -0.8951827 -0.2568247 0.1241464 -0.9584512 -0.2568131 0.1241461 -0.9584543 -0.2568126 -0.1241583 -0.9584529 -0.256825 -0.1241571 -0.9584497 -0.2568463 -0.3642475 -0.8951836 -0.2570818 -0.3642106 -0.8951311 -0.2572016 -0.5802613 -0.7727511 -0.2568888 -0.5803265 -0.7728062 -0.2569029 -0.7580499 -0.5994675 -0.2572363 -0.7579677 -0.5994284 -0.2572874 -0.8856849 -0.3864784 -0.257367 -0.8856635 -0.3864744 -0.2574159 -0.9548869 -0.1480817 -0.2567227 -0.9550755 -0.1480681 -0.2567212 -0.9612857 0.10012 -0.2565543 -0.9613288 0.1001347 -0.2557855 -0.896023 0.3629275 -0.2555879 -0.8960689 0.3629536 -0.171007 -0.9780653 -0.1189321 -0.2530224 -0.9163727 0.3102271 -0.2540398 -0.9198679 0.2988422 -0.5296577 -0.8005536 0.2803156 -0.6973506 -0.683013 0.2172449 -0.6973354 -0.683027 0.2172496 -0.8360284 -0.5169287 0.18396 -0.963896 -0.2555503 0.07482451 -0.9840509 -0.1717112 0.04646676 -0.9644063 -0.2504581 0.08480238 -0.9747126 -0.1998724 -0.09993219 -0.9747121 -0.199867 -0.09994739 -0.5328111 -0.7238675 -0.4383243 -0.8678005 -0.4454609 -0.2201971 -0.8420382 -0.4923561 -0.2203568 -0.9020963 -0.402782 -0.1548833 -0.9023795 -0.4022449 -0.1546299 -0.1144546 -0.8316622 -0.5433582 -0.3630067 -0.772306 -0.5213153 -0.1732652 -0.8346608 -0.5228006 -0.6044353 -0.6751532 -0.4228784 -0.1729012 -0.9366614 0.304583 -0.1723308 -0.9343603 0.311886 -0.1708939 -0.9772216 -0.1258307 -0.1718768 -0.9770681 -0.1256834 -0.5269328 -0.8429615 -0.1084328 -0.5276129 -0.8425278 -0.1084964 -0.8348747 -0.5459319 -0.0703023 -0.8349519 -0.5458134 -0.07030671 -0.990649 -0.1353173 -0.0174303 -0.9837495 -0.178876 -0.01549804 -0.6881583 -0.5930861 -0.4179559 -0.6528735 -0.4007502 -0.6427717 -0.4561735 -0.717617 -0.5262429 -0.5100573 -0.6314538 -0.5840442 -0.5888338 -0.4175942 -0.6920188 -0.4625831 -0.640859 -0.612631 -0.5775875 -0.3743987 -0.725409 -0.03827995 -0.6380326 -0.7690573 -0.3804831 -0.3120158 -0.8705623 -0.7530139 -0.5897305 0.2918701 -0.75358 -0.5892266 0.2914262 -0.7535604 -0.5891513 0.291629 -0.7536066 -0.5891371 0.2915384 -0.7556875 -0.6462254 0.1064385 -0.7572606 -0.6437621 0.1101216 -0.7666375 -0.6334229 0.1050825 -0.7504137 -0.6556575 -0.08362102 -0.7542022 -0.6501343 -0.09221905 -0.7542002 -0.6501291 -0.09227257 -0.7752572 -0.6266018 -0.07966595 -0.7745666 -0.6264117 -0.08749395 -0.7415902 -0.612442 -0.2737863 -0.7504689 -0.5974016 -0.2826798 -0.7511078 -0.6025557 -0.2697476 -0.7768018 -0.5687986 -0.2702728 -0.7307969 -0.5203038 -0.4418369 -0.7427662 -0.5053832 -0.4391881 -0.7427664 -0.5053967 -0.4391722 -0.7483865 -0.5047837 -0.4302456 -0.7490927 -0.4998091 -0.4348 -0.7480007 -0.3709739 -0.5503394 -0.7572741 -0.3617588 -0.5437523 -0.7451494 -0.2935786 -0.5988022 0.03121113 -0.3826688 -0.9233583 -0.04256498 -0.3891789 -0.9201782 0.09071332 -0.4153282 -0.9051373 -0.2101159 -0.3952463 -0.8942213 -0.07480585 -0.5517655 -0.8306377 -0.7020881 -0.6636322 0.2581948 -0.7021998 -0.5108802 -0.4959001 -0.702171 -0.5108327 -0.4959897 -0.7021643 -0.5108602 -0.4959709 -0.6997174 -0.6574138 -0.2796471 -0.6998282 -0.6573934 -0.2794181 -0.6998193 -0.6574518 -0.2793029 -0.699797 -0.7143387 0.002087235 -0.69985 -0.7142865 0.002166748 -0.6999052 -0.7142282 0.003305196 -0.7022275 -0.6634178 0.2583668 -0.7406374 -0.2217592 -0.6342547 -0.6951687 -0.2747966 -0.6642494 -0.6951689 -0.2748427 -0.6642302 -0.6791067 -0.2442088 -0.6922255 -0.7899684 -0.1196355 -0.6013628 -0.7899779 -0.1195799 -0.6013614 -0.7886428 -0.2012733 -0.5809747 -0.8114877 -0.0473507 -0.5824479 -0.4961011 -0.1741608 -0.8506184 -0.8553936 0.09026688 -0.5100526 -0.7400691 0.2159377 -0.6369212 -0.7599444 0.04355108 -0.6485275 -0.7599442 0.04354411 -0.648528 -0.6815872 0.1307671 -0.7199575 -0.7987597 0.1909651 -0.5705395 -0.814238 0.2135198 -0.5398387 -0.8142149 0.2134975 -0.5398823 -0.7458097 -0.5661976 -0.3509816 -0.7659676 -0.5180414 -0.3806924 -0.7659611 -0.5179878 -0.3807783 -0.7758461 -0.5353051 -0.3339332 -0.7257085 -0.6762673 -0.1265295 -0.6987602 -0.7149883 -0.02293133 -0.743706 -0.6570217 -0.1233854 -0.7437129 -0.6570916 -0.12297 -0.7773622 -0.6288107 -0.01747465 -0.7488614 -0.6274669 0.2132883 -0.7302369 -0.6471616 0.2189426 -0.7303231 -0.6472173 0.2184903 -0.7328391 -0.6800795 -0.02094882 -0.7113561 -0.6439667 0.2815659 0 -0.3828553 -0.9238084 0 -0.3828553 -0.9238083 -0.6972284 0.6842219 0.2138057 -0.6972232 0.6842271 0.213806 -0.6972213 0.7070541 -0.1181396 -0.6972482 0.7070292 -0.1181291 -0.6972467 0.5775332 -0.4246203 -0.6973298 0.5774796 -0.4245569 -0.6972978 0.323619 -0.6395676 -0.6972319 0.3236342 -0.6396317 -0.6972548 0 -0.7168233 -0.6972548 0 -0.7168233 -0.6972312 -0.3236395 -0.6396297 -0.6972554 -0.3236238 -0.6396113 -0.6972576 -0.577535 -0.4246001 -0.6972491 -0.5775429 -0.4246034 -0.6972491 -0.7070274 -0.1181355 -0.6971357 -0.7071405 -0.1181276 -0.6971372 -0.6843066 0.2138322 -0.6971423 -0.6843023 0.2138296 -0.7450892 0.2916296 -0.5998286 -0.7384741 0.3699408 -0.5637373 -0.7540497 0.3650348 -0.5460391 -0.7535663 0.3597401 -0.5502042 -0.7577194 0.3624485 -0.5426715 -0.7377927 0.5097483 -0.4425139 -0.7386545 0.5068579 -0.4443925 -0.7477807 0.5010179 -0.4356663 -0.7606301 0.5878541 -0.275444 -0.7602804 0.5879339 -0.276238 -0.7602838 0.5878652 -0.2763749 -0.7581174 0.590601 -0.2764931 -0.7579423 0.5898953 -0.2784727 -0.7578435 0.6457136 -0.09341871 -0.7604692 0.6431527 -0.08967351 -0.7605634 0.6425821 -0.09290593 -0.7667435 0.6358095 -0.08860421 -0.7503644 0.6533067 0.1007161 -0.7642838 0.6359742 0.1068037 -0.7642852 0.6359938 0.1066768 -0.7691022 0.631496 0.09846109 -0.7710273 0.6279184 0.1059975 -0.739022 0.608706 0.288658 -0.7653608 0.5759745 0.2871868 -0.7513006 0.5469442 0.369323 -0.7057598 -0.1767759 -0.6860419 -0.7021905 0.663452 0.2583796 -0.7022491 0.5109615 -0.4957465 -0.7022082 0.5108941 -0.4958738 -0.7022338 0.663439 0.2582952 -0.6999052 0.7142282 0.003305196 -0.6998571 0.7142792 0.00231111 -0.6997081 0.7144259 0.002087473 -0.699689 0.6573845 -0.2797873 -0.6996836 0.6574202 -0.2797172 -0.6997174 0.6574138 -0.2796471 -0.7021825 0.5109989 -0.4958022 -0.7494846 0.6238303 0.2216045 -0.7466208 0.5620913 -0.3558241 -0.7213919 0.5599721 -0.4074617 -0.723739 0.6776788 -0.1302051 -0.7616032 0.5974982 0.2509114 -0.7616189 0.5975816 0.2506652 -0.770708 0.5998356 0.2149567 -0.7270561 0.6857135 -0.0344454 -0.7081207 0.694265 -0.1286904 -0.74053 0.6712125 -0.03300088 -0.7405319 0.6712037 -0.03313988 -0.7752659 0.6211027 -0.1148658 -0.7267291 0.5807053 -0.3669417 -0.7267118 0.5806723 -0.3670282 -0.7146407 -0.1036047 -0.6917765 -0.7132908 -0.1035406 -0.6931779 -0.7132949 0.103542 -0.6931735 -0.7146406 0.103606 -0.6917764 -0.712648 0.1033186 -0.6938718 -0.6898465 0.2082255 -0.6933643 -0.6898051 0.208216 -0.6934083 -0.6898085 0.2082178 -0.6934042 -0.6454185 0.3203404 -0.6934098 -0.6454129 0.3203367 -0.6934166 -0.6454085 0.3203353 -0.6934213 -0.6454095 0.320336 -0.6934202 -0.5829431 0.4234824 -0.6934263 -0.5829352 0.4234758 -0.693437 -0.5829375 0.423474 -0.6934362 -0.1937983 0.6939932 -0.6934087 -0.5829646 0.4235014 -0.6933966 -0.504174 0.514792 -0.6933959 -0.5041792 0.5147966 -0.6933887 -0.5041779 0.5147946 -0.6933912 -0.4112662 0.5916684 -0.6933892 -0.4112683 0.5916756 -0.6933818 -0.4112836 0.5916937 -0.6933572 -0.4112631 0.5916519 -0.6934051 -0.306823 0.6519575 -0.6934054 -0.3068176 0.6519427 -0.6934217 -0.3068196 0.6519446 -0.693419 -0.3068429 0.6520212 -0.6933368 -0.1938236 0.6940628 -0.6933319 -0.1938025 0.6940247 -0.693376 -0.07534909 0.7166267 -0.6933748 -0.07533967 0.716576 -0.6934282 -0.07534295 0.7165492 -0.6934557 -0.07534658 0.716557 -0.6934471 0.04522365 0.7190873 -0.6934467 0.04522156 0.7192029 -0.6933269 0.04521638 0.7191764 -0.6933547 0.1645246 0.7015635 -0.6933545 0.1645172 0.701514 -0.6934062 0.164514 0.7015054 -0.6934158 0.2792053 0.6642447 -0.6934142 0.2792099 0.6642531 -0.6934044 0.2792105 0.6642681 -0.6933898 0.279201 0.6642517 -0.6934093 0.3860779 0.6083828 -0.6934078 0.3860946 0.6084149 -0.6933703 0.3860881 0.608407 -0.6933808 0.482138 0.535503 -0.6933826 0.4821394 0.5355036 -0.6933813 0.4820823 0.5354244 -0.6934822 0.4821043 0.5354438 -0.6934519 0.5646508 0.4475517 -0.6934458 0.5646466 0.4475489 -0.6934511 0.5646454 0.4475497 -0.6934514 0.6804801 0.2369731 -0.6933906 0.5647219 0.4475976 -0.6933583 0.6314487 0.3471547 -0.6933658 0.6314326 0.3471438 -0.6933858 0.6314514 0.3471516 -0.6933649 0.6804956 0.2369802 -0.693373 0.6804784 0.2369727 -0.6933924 0.7104759 0.1201713 -0.6933851 0.7104687 0.1201694 -0.6933928 0.7104635 0.1201691 -0.6933982 0.7205555 0 -0.6933974 0.7205554 0 -0.6933973 0.7205555 0 -0.6933974 0.7205554 0 -0.6933973 0.7104635 -0.1201691 -0.6933982 0.7104757 -0.1201698 -0.6933856 0.7104905 -0.1201738 -0.6933698 0.6805059 -0.2369824 -0.6933622 0.6804999 -0.236981 -0.6933686 0.6804742 -0.2369692 -0.6933978 0.6314185 -0.3471337 -0.6934037 0.6314015 -0.3471266 -0.6934227 0.6314148 -0.3471356 -0.6934063 0.5646788 -0.4475693 -0.6934115 0.5646915 -0.4475815 -0.6933934 0.5646921 -0.447584 -0.6933912 0.5646579 -0.4475514 -0.6934401 0.4821023 -0.5354527 -0.6934463 0.4820998 -0.5354503 -0.6934499 0.4821035 -0.5354554 -0.6934435 0.3860613 -0.6083435 -0.6934515 0.3861312 -0.6084908 -0.6932833 0.3861342 -0.6084901 -0.6932823 0.3860806 -0.6083871 -0.6934024 0.2792074 -0.6642544 -0.6934041 0.2791953 -0.6642331 -0.6934295 0.2791951 -0.6642273 -0.6934351 0.2792291 -0.6642889 -0.6933625 0.164531 -0.7015548 -0.6933617 0.1645188 -0.7015221 -0.6933976 0.1645258 -0.7015685 -0.6933491 0.04521185 -0.719182 -0.6933492 0.04522466 -0.7192475 -0.6932805 0.04522657 -0.7191405 -0.6933913 -0.07536643 -0.7166091 -0.6933912 -0.07535165 -0.7165763 -0.6934267 -0.07534545 -0.7166276 -0.6933744 -0.07533854 -0.7165904 -0.6934136 -0.1937927 -0.6939898 -0.6934136 -0.1937905 -0.693973 -0.693431 -0.193825 -0.6940678 -0.6933265 -0.3068496 -0.652024 -0.6933311 -0.3068458 -0.6520113 -0.6933448 -0.3068529 -0.6520177 -0.6933356 -0.3068315 -0.6519588 -0.6934004 -0.4112542 -0.5916638 -0.6934003 -0.4113251 -0.59174 -0.6932932 -0.4113158 -0.5917423 -0.6932968 -0.4112631 -0.5916772 -0.6933835 -0.5041816 -0.5147984 -0.6933857 -0.5041723 -0.5147854 -0.693402 -0.5041803 -0.5147924 -0.693391 -0.5829673 -0.4235064 -0.6933913 -0.5829803 -0.4235123 -0.6933766 -0.5829795 -0.4235088 -0.6933796 -0.5829899 -0.4235153 -0.6933669 -0.6454493 -0.3203557 -0.6933739 -0.6454331 -0.3203439 -0.6933946 -0.645417 -0.3203386 -0.6934119 -0.6454241 -0.3203434 -0.6934031 -0.6898145 -0.2082188 -0.693398 -0.6898189 -0.208221 -0.6933931 -0.689846 -0.2082272 -0.6933643 -0.712648 -0.1033186 -0.6938718 -0.3875505 0.3052511 -0.8698428 -0.6918756 0.5766439 -0.4344996 -0.6691198 0.4365027 -0.6014516 -0.6829128 0.5817928 -0.4417546 -0.6109021 0.4019154 -0.6821016 -0.5076299 0.6625387 -0.5507763 -0.5698314 0.4094803 -0.7124732 -0.4451397 0.681544 -0.580817 -0.4456978 0.4236438 -0.7885934 -0.3819081 0.693427 -0.610987 -0.4025387 0.6249909 -0.6688415 -0.7057677 0.1767166 -0.6860491 -0.09715139 0.380932 -0.9194849 0.007057547 0.467912 -0.8837469 -0.0721141 0.5534709 -0.8297407 -0.245073 0.3543785 -0.9024162 0.04108554 0.4880218 -0.871864 0.01884263 0.4763286 -0.8790654 0 0.3827425 -0.923855 0 0.3827426 -0.9238551 0.451848 -0.5449231 -0.706323 0.2903108 -0.6455818 -0.7063596 0.290313 -0.6455879 -0.7063531 0.4518576 -0.5449364 -0.7063066 0.3744924 -0.6007384 -0.7063065 0.3745018 -0.6007483 -0.7062931 0.3744969 -0.6007384 -0.7063041 0.2903459 -0.6456251 -0.7063055 0.1085674 -0.7060145 -0.6998263 0.1085669 -0.7060601 -0.6997802 -0.1785176 -0.6916916 -0.6997815 -0.1785044 -0.6916617 -0.6998144 -0.4367008 -0.5652974 -0.699808 -0.4367462 -0.5653399 -0.6997454 -0.6242196 -0.3474103 -0.6997541 -0.6242084 -0.3474063 -0.6997662 0.5759649 -0.4200807 -0.7012822 0.5759971 -0.4201144 -0.7012355 0.687404 -0.1889773 -0.7012584 0.687407 -0.1889789 -0.7012551 0.6402345 0.3135767 -0.7012628 0.6402398 0.3135782 -0.7012573 0.7097813 0.06661278 -0.7012655 0.7097832 0.0666126 -0.7012634 0.6873747 -0.1889927 -0.7012829 0.1903216 -0.6898458 -0.6984916 0.4652115 -0.5437711 -0.6984922 0.4652505 -0.5438046 -0.6984401 0.6521007 -0.2948109 -0.6984636 0.6520674 -0.2948078 -0.6984958 0.6520634 -0.2948045 -0.698501 -0.1205847 -0.7054489 -0.6984276 -0.1205109 -0.7053791 -0.6985109 0.1903165 -0.6898345 -0.698504 -0.1205556 -0.705362 -0.6985205 -0.4086338 -0.5874457 -0.6985169 -0.4086219 -0.5874214 -0.6985444 -0.6193878 -0.3583651 -0.6985222 -0.6194125 -0.3583728 -0.6984964 -0.6194152 -0.3583766 -0.6984919 0.6524635 0.2930157 -0.69888 0.652493 0.293035 -0.6988443 0.7152159 -0.004603803 -0.6988883 0.7152187 -0.004603385 -0.6988856 0.6486537 -0.3014025 -0.6988598 0.6486423 -0.3013992 -0.6988717 0.4647523 -0.5436924 -0.698859 0.4647502 -0.5436906 -0.6988618 0.1967961 -0.6876525 -0.69886 0.1968052 -0.687672 -0.6988383 0.6557421 -0.2833976 -0.6997772 0.6557721 -0.2834168 -0.6997413 0.4909735 -0.5189752 -0.6997211 0.4909654 -0.5189633 -0.6997357 0.2466387 -0.6704855 -0.6997274 0.246632 -0.6704505 -0.6997635 -0.03759884 -0.7133841 -0.6997638 -0.03760296 -0.713403 -0.6997444 0.7007743 -0.1335328 -0.7007743 0.7007852 -0.133537 -0.7007625 0.602582 -0.3818862 -0.7007552 0.6025531 -0.3818598 -0.7007945 0.4198848 -0.5766823 -0.7008097 0.419901 -0.5767154 -0.700773 0.1784023 -0.6907178 -0.7007721 0.1784055 -0.6907577 -0.7007319 -0.4430023 -0.5527353 -0.7058561 -0.442989 -0.5527204 -0.7058759 -0.2357895 -0.6679794 -0.7058377 -0.2357812 -0.6679594 -0.7058594 -0.2357586 -0.6679522 -0.7058738 -0.3442374 -0.6190671 -0.7058729 -0.3442505 -0.6190879 -0.7058482 -0.3442381 -0.6190859 -0.7058562 0.7071068 0 -0.7071068 0.7071068 0 -0.7071068 -0.7097833 0.06661397 -0.7012634 -0.7097812 0.06661337 -0.7012655 -0.64024 0.3135775 -0.7012574 -0.6402435 0.31358 -0.701253 -0.5759593 -0.4200869 -0.7012829 -0.5759974 -0.4201053 -0.7012407 -0.6873985 -0.1889775 -0.7012637 -0.6874147 -0.188979 -0.7012474 -0.6873741 -0.1889964 -0.7012826 0.6990423 -0.6773461 0.2292205 0.6991485 -0.6773026 0.2290252 0.6991688 -0.6769605 0.229973 0.6992529 -0.7116221 -0.06811219 0.6991621 -0.7117227 -0.06799274 0.699137 -0.7117841 -0.06760817 0.6991791 -0.6215531 -0.3532992 0.6991798 -0.6215521 -0.3532997 0.6991673 -0.4225434 -0.576734 0.6991689 -0.4225626 -0.576718 0.6991509 -0.1495865 -0.6991509 0.6991596 -0.1495984 -0.6991395 0.6991577 -0.1496922 -0.6991215 0.6991491 -0.4225515 -0.5767503 -0.08524107 -0.7115519 -0.6974439 -0.08524113 -0.7115502 -0.6974456 -0.3946532 -0.598183 -0.6974424 -0.3946465 -0.5981689 -0.6974584 -0.6206251 -0.3583164 -0.6974482 -0.6206448 -0.358332 -0.6974226 -0.7153654 -0.04269403 -0.697445 -0.7153511 -0.04269099 -0.6974599 -0.6588491 0.2819621 -0.6974348 -0.6588526 0.2819631 -0.697431 0.6971423 -0.6843019 0.2138307 0.6971374 -0.6843068 0.2138311 0.6971326 -0.7071391 -0.1181541 0.6972459 -0.7070348 -0.11811 0.6972488 -0.5775418 -0.4246051 0.6972573 -0.5775364 -0.4245986 0.697256 -0.3236286 -0.6396081 0.6972319 -0.3236342 -0.6396317 0.6972548 0 -0.7168233 0.6972548 0 -0.7168233 0.6972301 0.3236486 -0.6396263 0.697296 0.323606 -0.6395761 0.697332 0.5774663 -0.4245711 0.6972491 0.5775429 -0.4246034 0.6972491 0.7070276 -0.1181352 0.6972221 0.7070544 -0.1181333 0.6972231 0.6842269 0.2138072 0.6972283 0.6842224 0.2138046 -0.04853779 -0.7112439 -0.7012676 -0.04857331 -0.7113839 -0.7011232 -0.2972642 -0.6481107 -0.7011323 -0.2971884 -0.6480023 -0.7012647 -0.507361 -0.5008062 -0.7012689 -0.5073617 -0.5008066 -0.7012681 -0.6517961 -0.288769 -0.7012662 -0.6518134 -0.2887732 -0.7012484 0.6991509 0.1495864 -0.6991509 0.6991596 0.1495985 -0.6991396 0.6991606 0.1495479 -0.6991494 0.6991949 0.4225772 -0.5766758 0.6991109 0.4225299 -0.5768123 0.6991146 0.4225738 -0.5767756 0.6991022 0.6216185 -0.3533364 0.6991927 0.6216013 -0.3531876 0.6991376 0.7117835 -0.06760811 0.6991628 0.7117221 -0.06799268 0.699127 0.6772678 0.2291935 0.6991512 0.6772579 0.2291491 0.6991556 0.677186 0.2293485 0.699176 0.7117077 -0.06800991 -0.6994593 -0.1110184 -0.7059968 -0.6994591 0.1110187 -0.7059971 -0.6994537 0.1110175 -0.7060025 -0.7082087 0 -0.7060031 -0.7082087 0 -0.7060031 -0.7082087 0 -0.7060031 -0.6994536 -0.1110178 -0.7060027 0.7071068 0 -0.7071068 0.7071068 0 -0.7071068 -0.651814 0.2887698 -0.7012493 -0.6518297 0.2887804 -0.7012303 -0.50739 0.5008671 -0.7012044 -0.5073181 0.5007644 -0.7013297 -0.2971768 0.6479203 -0.7013454 -0.2971892 0.647969 -0.7012951 -0.04856783 0.7112083 -0.7013016 -0.048554 0.7113313 -0.7011778 0.178413 0.6907591 -0.7007287 0.1783964 0.6907225 -0.7007689 0.4199081 0.5767136 -0.70077 0.41988 0.5766866 -0.7008091 0.6025437 0.3818722 -0.700796 0.6025813 0.3818877 -0.7007549 0.7007867 0.1335322 -0.700762 0.7007743 0.1335321 -0.7007743 -0.6588572 -0.2819656 -0.6974258 -0.658854 -0.2819636 -0.6974295 -0.7153564 0.04269349 -0.6974543 -0.7153658 0.04269266 -0.6974447 -0.620611 0.3583163 -0.6974608 -0.6206628 0.3583368 -0.6974041 -0.3947002 0.5982162 -0.6973873 -0.3946163 0.5981224 -0.6975154 -0.08520597 0.711472 -0.6975296 -0.08525133 0.7116387 -0.697354 0.1968026 0.6876751 -0.698836 0.1967892 0.6875647 -0.6989484 0.4647069 0.5436397 -0.6989302 0.4647488 0.5437082 -0.698849 0.6486513 0.3014021 -0.6988621 0.6486578 0.3014065 -0.6988542 0.7152239 0.004603743 -0.6988803 0.7152223 0.004603505 -0.6988819 0.652432 -0.2930077 -0.6989127 0.6524684 -0.2930176 -0.6988746 -0.575969 0.4200839 -0.701277 -0.5759624 0.4200769 -0.7012864 -0.687383 0.1889696 -0.701281 -0.6874029 0.1889833 -0.701258 -0.6402487 -0.3135815 -0.7012476 -0.6402468 -0.3135809 -0.7012495 -0.7097871 -0.06661278 -0.7012596 -0.7097721 -0.06661403 -0.7012746 -0.6874293 0.1889805 -0.7012327 0.5759701 0.4200826 -0.7012768 0.64024 -0.3135776 -0.7012574 0.6402462 -0.3135823 -0.7012495 0.7097868 -0.06661444 -0.7012597 0.7097722 -0.06661033 -0.7012749 0.6874296 0.1889786 -0.7012329 0.6874005 0.1889817 -0.7012606 0.6873874 0.1889727 -0.701276 0.5759653 0.4200803 -0.701282 -0.4429904 0.5527265 -0.7058703 -0.2357918 0.6679894 -0.7058275 -0.2358075 0.6680431 -0.7057713 -0.4429993 0.5527389 -0.7058551 -0.3442506 0.6190789 -0.7058561 -0.3442392 0.6190617 -0.7058768 -0.3442566 0.6191096 -0.7058262 -0.2357292 0.6680178 -0.7058215 0.2903466 0.6456629 -0.7062706 0.2903189 0.6455841 -0.7063541 0.4518471 0.5449309 -0.7063176 0.4518581 0.5449424 -0.7063016 0.3745016 0.6007386 -0.7063014 0.3744586 0.6006788 -0.7063751 0.2902823 0.6455711 -0.706381 0.2902633 0.6455688 -0.706391 0.6557484 0.2834017 -0.6997696 0.6557354 0.2834011 -0.6997819 -0.03760659 0.7134131 -0.6997339 -0.0376091 0.7133898 -0.6997575 0.2466273 0.670457 -0.6997588 0.246667 0.6705272 -0.6996775 0.4909957 0.5189902 -0.6996945 0.4909541 0.5189586 -0.6997472 0.6557574 0.2834193 -0.6997541 -0.6241773 0.3473873 -0.6998034 0.1085684 0.7060195 -0.6998209 0.108583 0.7060645 -0.6997733 -0.1785342 0.6916943 -0.6997746 -0.1785424 0.6917843 -0.6996836 -0.4367645 0.5653823 -0.6996997 -0.4367436 0.5653437 -0.699744 -0.6242102 0.3474284 -0.6997537 -0.6241946 0.347401 -0.6997811 -0.619381 0.358362 -0.6985298 -0.6194366 0.3583837 -0.6984694 -0.4086723 0.5874824 -0.6984636 -0.4086399 0.5874483 -0.6985113 -0.1205543 0.7053677 -0.6985149 -0.1205546 0.7053509 -0.6985318 -0.1205852 0.7053798 -0.6984974 0.1903198 0.6898393 -0.6984985 0.1903108 0.6897622 -0.6985771 0.4651767 0.5437183 -0.6985565 0.4652388 0.5438187 -0.6984369 0.6521008 0.2948167 -0.698461 0.652073 0.2947986 -0.6984944 -0.9825066 0.1068549 0.1525213 -0.9071462 0 -0.4208157 -0.9650626 0.2124253 0.1533939 -0.9365664 0.3155668 0.1525152 -0.8859421 0.1950136 -0.4208044 -0.8968373 0.4149157 0.1533874 -0.8468348 0.509522 0.1525061 -0.8233123 0.3809114 -0.420789 -0.7866666 0.5980108 0.1534242 -0.7174977 0.679651 0.1525501 -0.722173 0.5489736 -0.4208256 -0.6397367 0.753137 0.1533679 -0.5546239 0.8180099 0.1524869 -0.5872732 0.6914064 -0.4207937 -0.4628724 0.8730552 0.1533748 -0.3658131 0.9181099 0.1524957 -0.4249163 0.8014906 -0.4207837 -0.2643594 0.9521424 0.1534237 -0.1598826 0.9752781 0.1525461 -0.2426914 0.8740512 -0.4208745 -0.0534898 0.986719 0.1533769 0.05349761 0.9868547 0.1524989 -0.04910624 0.9058409 -0.4207621 0.1598606 0.9751436 0.1534261 0.2644029 0.9522712 0.1525472 0.1467523 0.8951841 -0.4208435 0.3657678 0.9179756 0.1534101 0.4629272 0.8731739 0.1525312 0.335767 0.8427187 -0.4208154 0.5545441 0.817893 0.1534008 0.6398129 0.753244 0.1525223 0.5090782 0.7508342 -0.4208174 0.7174029 0.6795619 0.1533907 0.7867812 0.5980928 0.1525135 0.6585803 0.6238397 -0.4208279 0.8467169 0.5094574 0.1533743 0.8969594 0.4149785 0.1525011 0.777305 0.4676817 -0.4207979 0.9364371 0.3155247 0.1533943 0.9651948 0.2124556 0.1525176 0.8596618 0.2896533 -0.4208117 0.9823724 0.1068422 0.1533926 0.9883011 0 0.1525154 0.901827 0.09807956 -0.4208188 0.9823728 -0.1068378 0.1533925 0.9651958 -0.2124541 0.1525133 0.901835 -0.09808301 -0.4208011 0.9364358 -0.3155215 0.1534081 0.896955 -0.4149764 0.1525328 0.8596593 -0.2896503 -0.4208191 0.8467084 -0.5094582 0.1534188 0.7867774 -0.59809 0.1525437 0.777301 -0.467682 -0.420805 0.717411 -0.6795532 0.1533916 0.6398093 -0.7532489 0.1525124 0.6585866 -0.6238611 -0.4207863 0.5545449 -0.8178925 0.1534008 0.4629276 -0.8731751 0.1525229 0.5090799 -0.7508389 -0.4208072 0.3657695 -0.9179816 0.1533706 0.2644047 -0.9522796 0.1524915 0.3357697 -0.8427259 -0.4207988 0.1598605 -0.9751436 0.1534261 0.05349719 -0.9868471 0.152548 0.1467556 -0.8952035 -0.4208008 -0.05348974 -0.9867194 0.1533743 -0.1598839 -0.9752857 0.1524963 -0.04910439 -0.9058057 -0.4208382 -0.2643734 -0.9521386 0.1534238 -0.36581 -0.9181031 0.1525445 -0.2426843 -0.8740786 -0.4208217 -0.4628602 -0.8730617 0.1533748 -0.5546228 -0.8180086 0.1524977 -0.4249235 -0.801478 -0.4208005 -0.6397249 -0.7531401 0.1534014 -0.7175006 -0.679654 0.1525231 -0.5872531 -0.6913841 -0.4208585 -0.786675 -0.5980061 0.1533984 -0.8468311 -0.5095242 0.1525197 -0.7221743 -0.5489848 -0.4208086 -0.8968328 -0.4149188 0.1534056 -0.9365656 -0.315564 0.1525262 -0.8233 -0.3809008 -0.4208227 -0.9650624 -0.2124262 0.1533938 -0.9825075 -0.1068542 0.152516 -0.8859381 -0.1950087 -0.420815 -0.9881643 0 0.1533995 0.7050215 0.07667595 0.7050287 0.7050437 0.07668012 0.7050061 0.6720857 0.2264516 0.7049968 0.6720561 0.2264442 0.7050274 0.514841 0.4876805 0.7050577 0.6720505 0.2264418 0.7050335 0.6076617 0.3656123 0.7050354 0.6076069 0.3655849 0.7050969 0.6076376 0.3656067 0.7050591 0.5148242 0.4876669 0.7050795 0.2625313 0.6588998 0.7049314 0.514866 0.4877082 0.7050203 0.3979893 0.5869903 0.7050155 0.3979976 0.5870007 0.7050022 0.3980085 0.5870198 0.7049801 0.2625114 0.6588593 0.7049767 -0.03839004 0.7080919 0.705076 0.2625042 0.6588129 0.7050228 0.1147291 0.6998432 0.7050225 0.1147288 0.6998422 0.7050236 0.1147286 0.6998398 0.7050259 -0.03838884 0.7081419 0.7050257 -0.3321399 0.6264724 0.7051351 -0.03838235 0.708034 0.7051345 -0.1897076 0.6832305 0.7051292 -0.1897321 0.6833556 0.7050013 -0.1897299 0.6833497 0.7050076 -0.3321895 0.6265863 0.7050105 -0.5646483 0.429236 0.7049317 -0.3321415 0.6264749 0.7051321 -0.45905 0.5404471 0.705117 -0.4590191 0.5404043 0.70517 -0.4591315 0.5405176 0.7050099 -0.5645889 0.4291831 0.7050116 -0.6925794 0.1524486 0.7050484 -0.5646468 0.4292351 0.7049335 -0.6436922 0.2978088 0.7049612 -0.6436154 0.2977657 0.7050495 -0.6436312 0.2977716 0.7050326 -0.6926032 0.1524559 0.7050234 -0.6925939 -0.1524531 0.7050332 -0.6925933 0.1524506 0.7050343 -0.709182 0 0.7050255 -0.709182 0 0.7050254 -0.709182 0 0.7050255 -0.6926236 -0.1524572 0.7050031 -0.6925738 -0.152447 0.7050542 -0.6435751 -0.2977508 0.7050926 -0.6436162 -0.297766 0.7050486 -0.4591413 -0.5405415 0.7049853 -0.6436407 -0.2977798 0.7050205 -0.564579 -0.4291835 0.7050193 -0.5645806 -0.4291846 0.7050173 -0.5645322 -0.4291414 0.7050824 -0.4590585 -0.5404582 0.705103 -0.4591399 -0.5405396 0.7049875 -0.3322096 -0.6266039 0.7049853 -0.3321724 -0.6265451 0.705055 -0.03839099 -0.7081093 0.7050584 -0.332194 -0.6265949 0.7050007 -0.1897317 -0.6833586 0.7049986 -0.1897382 -0.6833764 0.7049794 -0.1897146 -0.6832556 0.7051029 -0.03838443 -0.7080602 0.7051081 0.2624894 -0.6587947 0.7050454 -0.03838956 -0.7081682 0.7049994 0.1147328 -0.6998656 0.7049996 0.114733 -0.699868 0.7049973 0.1147333 -0.699869 0.7049962 0.2625035 -0.6588402 0.7049976 0.5148169 -0.4876631 0.7050874 0.2625271 -0.6588713 0.7049596 0.398018 -0.5870344 0.7049626 0.3980063 -0.5870137 0.7049865 0.3979991 -0.5870047 0.704998 0.5148733 -0.4877255 0.7050031 0.6720563 -0.2264443 0.7050271 0.5149007 -0.4877309 0.7049794 0.6077049 -0.3656405 0.7049835 0.6077037 -0.3656396 0.7049851 0.6075932 -0.3655843 0.705109 0.6720085 -0.2264239 0.7050793 0.6720857 -0.2264516 0.7049968 0.7050437 -0.07668012 0.7050061 0.7050138 -0.07667452 0.7050366 0.7050252 -0.07667487 0.7050252 0.7050251 0.07667607 0.7050251 -0.7067112 -0.03366428 0.7067008 -0.7067112 0.03366565 0.7067007 -0.7067145 0.03366541 0.7066975 -0.6959027 0.1341235 0.7055 -0.6959152 0.1341267 0.7054872 -0.6579548 0.2634047 0.7054882 -0.6579409 0.2633982 0.7055034 -0.5962013 0.383155 0.7055042 -0.5962465 0.3831878 0.7054482 -0.5129632 0.489111 0.7054355 -0.5129442 0.4890906 0.7054635 -0.4111171 0.5773318 0.7054579 -0.4111051 0.5773128 0.7054805 -0.2944161 0.6446865 0.7054774 -0.2944035 0.6446538 0.7055127 -0.1670815 0.6887183 0.7055146 -0.1670748 0.6886812 0.7055524 -0.03372198 0.7078534 0.705554 -0.03372108 0.7079433 0.7054638 0.1008676 0.7015329 0.7054625 0.1008542 0.7014673 0.7055296 0.2317855 0.6697063 0.7055274 0.2318257 0.6698038 0.7054218 0.3543943 0.6138222 0.7054268 0.3543367 0.6137347 0.7055318 0.4640895 0.5355874 0.7055261 0.4640927 0.5355907 0.7055215 0.5570719 0.4380858 0.7055152 0.5570607 0.438078 0.7055289 0.6299062 0.3247403 0.7055224 0.6299423 0.3247563 0.7054828 0.680014 0.1996694 0.7054879 0.6799836 0.1996624 0.7055191 0.7054949 0.06736725 0.705506 0.7055162 0.06736809 0.7054846 0.7055162 -0.06736832 0.7054846 0.7055034 -0.06736636 0.7054976 0.6800073 -0.1996689 0.7054945 0.679991 -0.1996631 0.7055118 0.6299077 -0.3247391 0.7055217 0.6299325 -0.3247537 0.7054928 0.5570952 -0.4381042 0.7054854 0.5571067 -0.4381143 0.7054701 0.4641272 -0.5356369 0.7054637 0.4640853 -0.5355825 0.7055326 0.3543387 -0.6137264 0.7055381 0.3543488 -0.6137465 0.7055156 0.2317931 -0.6697143 0.7055174 0.231808 -0.6697667 0.7054627 0.1008632 -0.7015346 0.7054614 0.1008622 -0.7015228 0.7054734 -0.03372609 -0.7079328 0.7054741 -0.03371661 -0.7078433 0.7055643 -0.1670652 -0.6886724 0.7055633 -0.1671003 -0.6887874 0.7054427 -0.2944335 -0.6447132 0.7054458 -0.2943757 -0.6446038 0.7055699 -0.4110553 -0.5772455 0.7055644 -0.4110721 -0.5772664 0.7055376 -0.5128931 -0.4890443 0.7055327 -0.5129588 -0.4891 0.7054463 -0.5962391 -0.38318 0.7054587 -0.5961998 -0.3831579 0.7055041 -0.6579406 -0.263399 0.7055035 -0.6579249 -0.2633937 0.7055201 -0.6958991 -0.1341238 0.7055035 -0.6959189 -0.1341264 0.7054836 -0.7067186 -0.03366547 0.7066934 0.9749947 0.09309995 0.2017862 0.9617281 0.1853579 -0.2017955 0.9617281 0.1853579 -0.2017955 0.939755 0.2759386 0.2017877 0.9092677 0.3640196 -0.2017967 0.9092715 0.3640101 -0.2017967 0.8705491 0.4487971 0.2018058 0.6413931 0.740206 0.2017671 0.8239447 0.5295222 -0.2017951 0.8239452 0.5295217 -0.2017951 0.7698856 0.6054457 0.2017714 0.7088415 0.6758806 -0.2018142 0.7088435 0.6758787 -0.2018143 0.3203448 0.9255583 0.2017943 0.5681251 0.7978147 -0.2018057 0.5681249 0.7978149 -0.2018057 0.4897099 0.84821 0.2018018 0.4068713 0.8909249 -0.2017636 0.4068715 0.8909248 -0.2017636 -0.04659992 0.9783225 0.2017765 0.2309203 0.9518225 -0.2017668 0.2309068 0.9518257 -0.2017668 0.1393846 0.9694561 0.2018085 0.04660737 0.9783282 -0.2017467 0.04659301 0.9783288 -0.2017467 -0.4068717 0.890925 0.2017624 -0.1393784 0.9694631 -0.2017793 -0.1393924 0.9694612 -0.2017793 -0.2309122 0.9518184 0.2017956 -0.320345 0.9255581 -0.2017952 -0.3203448 0.9255581 -0.2017952 -0.7088432 0.6758797 0.201812 -0.4897074 0.8482171 -0.201778 -0.489717 0.8482116 -0.201778 -0.5681247 0.7978146 0.2018077 -0.6413922 0.7402134 -0.2017429 -0.6414006 0.7402061 -0.201743 -0.9092729 0.3640158 0.2017802 -0.7698864 0.6054455 -0.2017687 -0.7698864 0.6054455 -0.2017687 -0.8239453 0.5295224 0.2017925 -0.8705492 0.4488006 -0.2017977 -0.8705511 0.4487968 -0.2017976 -0.9397558 0.2759376 -0.2017861 -0.9397555 0.2759384 -0.2017861 -0.9617281 0.1853579 0.2017955 -0.9749946 0.09309971 -0.2017873 -0.9783651 0.04660642 -0.2015677 -0.9954718 0.09505724 0 -0.9988673 -0.04758238 0 -0.9749945 -0.09310054 -0.2017874 -0.9749946 -0.09309971 -0.2017874 -0.9617294 -0.1853569 0.2017898 -0.9397523 -0.2759374 -0.2018021 -0.9397536 -0.2759329 -0.2018021 -0.90927 -0.3640173 0.2017908 -0.8705482 -0.4488022 -0.2017976 -0.8705493 -0.4488003 -0.2017976 -0.8239455 -0.5295225 0.2017911 -0.7698974 -0.6054435 -0.2017326 -0.769887 -0.6054569 -0.2017326 -0.7088495 -0.6758795 0.2017905 -0.6413943 -0.7401998 -0.2017865 -0.6413864 -0.7402066 -0.2017865 -0.5681306 -0.7978229 0.2017579 -0.4897128 -0.8482029 -0.2018251 -0.4897127 -0.8482029 -0.2018251 -0.406864 -0.890923 0.2017865 -0.3203329 -0.9255626 -0.2017937 -0.3203451 -0.9255584 -0.2017937 -0.2309117 -0.9518184 0.2017959 -0.1393768 -0.9694522 -0.2018333 -0.1393908 -0.9694501 -0.2018333 -0.04660034 -0.9783223 0.2017768 0.04659384 -0.9783284 -0.2017487 0.04660737 -0.9783278 -0.2017487 0.1393848 -0.9694572 0.2018036 0.2309067 -0.9518254 -0.2017688 0.2309194 -0.9518222 -0.2017687 0.3203407 -0.9255659 0.2017664 0.4068677 -0.8909146 -0.2018163 0.406855 -0.8909205 -0.2018163 0.4897128 -0.8482025 0.2018261 0.5681346 -0.7978084 -0.2018042 0.5681158 -0.7978217 -0.2018042 0.6413872 -0.7401996 0.2018093 0.7088493 -0.6758852 -0.2017718 0.7088545 -0.6758797 -0.2017718 0.7698857 -0.6054459 0.2017706 0.9397541 -0.2759363 0.2017957 0.8239454 -0.5295215 -0.2017946 0.8239449 -0.5295222 -0.2017945 0.87055 -0.4488011 0.2017929 0.9092698 -0.3640149 -0.2017961 0.909268 -0.3640195 -0.2017961 0.9617304 -0.1853584 -0.2017846 0.9617308 -0.1853559 -0.2017845 0.9749942 -0.09309923 0.2017891 0.9794299 0 -0.2017851 0.9794299 0 -0.2017851 -0.7054965 0.06736743 -0.7055043 -0.7054846 0.06736487 -0.7055164 -0.6799736 0.1996591 -0.7055297 -0.6799916 0.1996622 -0.7055116 -0.6800037 0.1996673 -0.7054985 -0.6299334 0.3247507 -0.7054934 -0.6299033 0.3247393 -0.7055255 -0.6299059 0.3247411 -0.7055225 -0.557061 0.4380777 -0.705529 -0.5570632 0.438079 -0.7055263 -0.5570651 0.4380809 -0.7055236 -0.4640911 0.5355827 -0.7055286 -0.4640644 0.5355583 -0.7055646 -0.4640832 0.5355858 -0.7055315 -0.354338 0.6137291 -0.705536 -0.3543499 0.6137452 -0.7055163 -0.3543851 0.6138269 -0.7054274 -0.2318257 0.6698037 -0.7054216 -0.2318027 0.6697558 -0.7054749 -0.2317909 0.669703 -0.7055289 -0.1008591 0.7014656 -0.7055306 -0.1008562 0.7014546 -0.705542 -0.1008583 0.7015321 -0.7054646 0.0337159 0.7079437 -0.7054636 0.03372204 0.7078537 -0.7055537 0.03372204 0.7078536 -0.7055538 0.1670702 0.6886834 -0.7055514 0.1670672 0.6886597 -0.7055751 0.1670892 0.688719 -0.7055121 0.2944055 0.6446584 -0.7055076 0.2944106 0.6446743 -0.705491 0.2944187 0.6446877 -0.7054753 0.4111069 0.5773153 -0.7054773 0.4111119 0.5773245 -0.7054669 0.41112 0.5773333 -0.7054549 0.5129474 0.4890928 -0.7054595 0.5129594 0.4891073 -0.7054409 0.5129606 0.4891081 -0.7054393 0.596243 0.3831851 -0.7054527 0.5962241 0.3831697 -0.705477 0.5961903 0.3831531 -0.7055146 0.6579326 0.2633912 -0.7055138 0.6579677 0.2634102 -0.705474 0.657944 0.2634037 -0.7054985 0.6959048 0.1341246 -0.7054978 0.6958937 0.1341212 -0.7055094 0.6958822 0.1341203 -0.7055209 0.7086996 0 -0.7055103 0.7086996 0 -0.7055103 0.7086997 0 -0.7055103 0.6958985 -0.1341215 -0.7055045 0.6958858 -0.1341207 -0.7055173 0.6958889 -0.1341216 -0.7055141 0.6579144 -0.2633917 -0.7055306 0.6579372 -0.2633979 -0.7055071 0.5129076 -0.4890579 -0.7055128 0.6579311 -0.2633946 -0.705514 0.5961909 -0.3831523 -0.7055146 0.5962166 -0.3831648 -0.7054859 0.5962344 -0.3831794 -0.7054631 0.5129576 -0.4890956 -0.7054502 0.5128973 -0.4890456 -0.7055287 0.4110673 -0.577274 -0.7055342 0.4111068 -0.5773178 -0.7054753 0.4110655 -0.5772426 -0.7055609 0.294372 -0.6446081 -0.7055675 0.2944275 -0.6446999 -0.7054605 0.03372198 -0.7078458 -0.7055615 0.2944335 -0.6447185 -0.7054409 0.1671054 -0.6887888 -0.7054402 0.1670702 -0.6886931 -0.705542 0.1670677 -0.6886731 -0.705562 0.0337215 -0.7078431 -0.7055643 0.03371602 -0.7079333 -0.7054741 -0.100867 -0.7015208 -0.7054746 -0.1008684 -0.7015716 -0.705424 -0.1008587 -0.7015347 -0.7054619 -0.231812 -0.6697638 -0.7054642 -0.2318149 -0.6697773 -0.7054503 -0.4640793 -0.5355815 -0.7055371 -0.231786 -0.6697172 -0.705517 -0.3543485 -0.6137465 -0.7055156 -0.3543432 -0.6137341 -0.7055291 -0.3543354 -0.6137236 -0.7055421 -0.4640789 -0.5355809 -0.705538 -0.4641283 -0.5356264 -0.705471 -0.5570964 -0.4381135 -0.7054787 -0.5570563 -0.4380736 -0.7055352 -0.6800032 -0.1996671 -0.7054989 -0.5570985 -0.4380995 -0.7054857 -0.6299327 -0.3247535 -0.7054929 -0.6299222 -0.3247464 -0.7055054 -0.629897 -0.324737 -0.7055322 -0.6799817 -0.1996579 -0.7055222 -0.6799972 -0.199666 -0.705505 -0.7054929 -0.0673657 -0.7055081 -0.7054966 -0.06736648 -0.7055044 -0.7054952 -0.06736654 -0.7055057 -0.7054951 0.06736743 -0.7055056 0 0 1 0 0 1 0 0 1 0 0 1 0 0 1 0 0 1 0 0 1 0 0 1 0 0 1 0 0 1 0 0 1 0 0 1 0 0 1 0 0 1 0 0 1 0 0 1 0 0 1 0 0 1 0 0 1 0 0 1 0 0 1 0 -1.08279e-6 1 0 -1.25806e-6 1 0 0 1 0 0 1 0 0 1 0 0 1 0 0 1 0 0 1 0 0 1 0 0 1 0 0 1 0 0 1 0 0 1 0 0 1 0 0 1 0 0 1 0 0 1 0 0 1 0 0 1 0 0 1 0 0 1 0 0 1 0 0 1 0 0 1 0 0 1 0 0 1 0 0 1 0 0 1 0 0 1 0 0 1 0 0 1 0 0 1 0 0 1 0 0 1 0 0 1 -6.78863e-7 -6.94587e-7 1 6.11784e-7 -4.81112e-7 1 7.28647e-7 -3.37109e-7 1 -4.82292e-7 -7.25765e-7 1 0 0 1 0 0 1 0 0 1 0 0 1 0 0 1 0 0 1 0 0 1 0 0 1 0 0 1 0 0 1 0 0 1 0 0 1 0 0 1 0 0 1 0 0 1 0 0 1 0 0 1 0 0 1 0 0 1 0 0 1 0 0 1 0 0 1 0 0 1 0 0 1 0 0 1 0 0 1 0 0 1 0 0 1 0 0 1 0 0 1 0 0 1 0 0 1 0 0 -1 0 0 -1 0 0 -1 0 0 -1 0 0 -1 0 0 -1 0 0 -1 0 0 -1 0 0 -1 0 0 -1 0 0 -1 0 0 -1 0 0 -1 0 0 -1 0 0 -1 0 0 -1 0 0 -1 0 0 -1 0 0 -1 0 0 -1 0 0 -1 0 0 -1 0 0 -1 0 0 -1 0 0 -1 0 0 -1 0 0 -1 0 0 -1 0 0 -1 0 0 -1 0 0 -1 0 0 -1 0 0 -1 0 0 -1 0 0 -1 0 0 -1 0 0 -1 0 0 -1 0 0 -1 0 0 -1 0 0 -1 0 0 -1 0 0 -1 0 0 -1 0 0 -1 0 0 -1 0 0 -1 0 0 -1 0 0 -1 0 0 -1 0 0 -1 0 0 -1 0 0 -1 0 0 -1 0 0 -1 0 0 -1 0 0 -1 0 0 -1 0 0 -1 0 0 -1 0 0 -1 0 0 -1 0 0 -1 0 0 -1 0 0 -1 0 0 -1 0 0 -1 0 0 -1 -0.220656 0.9753076 -0.009269297 -0.2444386 0.9696583 -0.003558874 -0.1817604 0.9833426 -6.81792e-4 -0.1798248 0.9836984 -5.94432e-4 -0.1762893 0.9843383 -4.37136e-4 -0.1669325 0.9859684 -1.61419e-4 -0.166512 0.9860394 -1.5156e-4 -0.1585025 0.9873586 -2.53947e-5 -0.1616567 0.9868397 -0.00381726 -0.1572257 0.9875622 -0.00101453 -0.154803 0.9879453 0 -0.8863388 0.4630374 -4.45196e-5 -0.8768422 0.4807783 -4.10362e-4 -0.8576547 0.5142174 -0.00297904 -0.8576788 0.5141774 -0.002975046 -0.8460965 0.5329973 -0.005880713 -0.8433019 0.5374 -0.00656718 -0.854636 -0.519214 -0.003753364 -0.8545868 -0.5192948 -0.00376141 -0.8739593 -0.4859989 -5.18076e-4 -0.8739657 -0.4859873 -5.17552e-4 -0.8843626 -0.4668006 -1.20874e-4 -0.1744745 -0.9845143 -0.01703619 -0.1631685 -0.986587 -0.004704833 -0.1837499 -0.9828122 -0.01778286 -0.2100703 -0.9776335 -0.01016038 -0.2444401 -0.9696644 0 -0.1764687 -0.9841066 -0.01982271 -0.1759208 -0.9842019 -0.01996511 -0.1793555 -0.983599 -0.01909571 -0.1767588 -0.9840568 -0.01971256 -0.1820227 -0.9831209 -0.01846498 -0.2206723 -0.975304 -0.009267389 -0.2972821 -0.9547897 0 -0.3790582 -0.9253728 0 -0.4223701 -0.9063994 -0.006588399 -0.4647557 -0.885439 0 -0.546272 -0.8376078 0 -0.5852385 -0.8108345 -0.006587386 -0.6229221 -0.7822839 0 -0.6940008 -0.7199743 0 -0.7272349 -0.6863571 -0.006586492 -0.7588755 -0.6512358 0 -0.8433202 -0.5374115 0 -0.8184028 -0.5745103 -0.01243972 -0.843378 -0.5372808 -0.006547451 -0.8874847 -0.460837 0 -0.9108244 -0.412794 0 -0.9292959 -0.3692772 -0.006586968 -0.9457308 -0.3249511 0 -0.9721868 -0.2342069 0 -0.9821484 -0.1879922 -0.006587147 -0.9899575 -0.1413653 0 -0.9988825 -0.0472632 0 -0.9999783 0 -0.006587207 -0.9988825 0.04726386 0 -0.9899575 0.1413652 0 -0.9821484 0.1879922 -0.006587088 -0.9721868 0.2342069 0 -0.9457308 0.3249511 0 -0.9292949 0.3692799 -0.006587326 -0.9082893 0.4183416 8.49271e-4 -0.908286 0.4183489 8.49273e-4 -0.8184614 0.5745615 0 -0.7588817 0.6512285 0 -0.7272385 0.6863533 -0.006587207 -0.694001 0.7199741 0 -0.6229128 0.7822913 0 -0.5852336 0.8108381 -0.006586492 -0.546272 0.8376078 0 -0.4647563 0.8854386 0 -0.422376 0.9063968 -0.006587624 -0.3790696 0.9253681 0 -0.2972821 0.9547897 0 0.146834 -0.9891611 0 0.1224409 -0.9924318 -0.009346306 0.08117091 -0.9965179 -0.01905953 0.08680617 -0.9960674 -0.01773446 0.08020341 -0.9965919 -0.01929098 0.07659882 -0.9968574 -0.02019578 0.07687515 -0.9968376 -0.02012455 0.07806622 -0.9967514 -0.01980745 0.07894718 -0.9966868 -0.01956295 0.0880416 -0.9959716 -0.01701307 0.1128091 -0.9935673 -0.009915351 0.8768618 -0.4807319 -0.003198742 0.8576794 -0.5141848 -2.74701e-4 0.8577067 -0.5141391 -2.78299e-4 0.8436615 -0.5368755 9.66159e-6 0.8463718 0.5325924 -4.38323e-5 0.8546161 0.5192602 -2.12762e-4 0.8739926 0.485933 -0.002458572 0.8739686 0.4859762 -0.002455234 0.8861067 0.463447 -0.005631089 0.8895125 0.4568639 -0.006551921 0.07555878 0.996995 -0.0170843 0.06243753 0.9980409 -0.003997504 0.08471363 0.9962434 -0.01796519 0.1122802 0.9936255 -0.01006901 0.1468336 0.9891612 0 0.07762831 0.9967831 -0.01993221 0.07667171 0.9968522 -0.02017873 0.08030211 0.9965844 -0.01926761 0.08359146 0.9963285 -0.0184924 0.08507323 0.9962095 -0.01814395 0.1224243 0.9924338 -0.009350121 0.201062 0.9795785 0 0.2856585 0.9583315 0 0.3307892 0.9436814 -0.006634593 0.3751895 0.9269481 0 0.4613435 0.8872216 0 0.50289 0.8643249 -0.006633102 0.5433271 0.8395212 0 0.6204246 0.7842661 0 0.6569111 0.7539387 -0.006633996 0.6919478 0.7219475 0 0.7572494 0.6531258 0 0.7873536 0.6164659 -0.006632924 0.8177882 0.5755192 5.0108e-4 0.8177476 0.5755768 5.01082e-4 0.9080108 0.4189468 0 0.9453479 0.3260633 0 0.9597281 0.2808521 -0.006633698 0.9719902 0.2350214 0 0.9898864 0.1418619 0 0.9954789 0.09475153 -0.00663352 0.9988745 0.04743146 0 0.9988745 -0.04743075 0 0.9954789 -0.09475088 -0.006633639 0.9898864 -0.141862 0 0.9719893 -0.2350247 0 0.9597281 -0.2808521 -0.006633162 0.9453495 -0.3260589 0 0.8895315 -0.4568738 0 0.90795 -0.4189126 -0.01178663 0.8841292 -0.4672148 -0.00510329 0.8441526 -0.5361029 0 0.815726 -0.5784385 0 0.7873537 -0.6164658 -0.006634175 0.7572433 -0.6531329 0 0.6919401 -0.7219549 0 0.6569154 -0.7539352 -0.006631672 0.6204427 -0.7842519 0 0.543317 -0.8395276 0 0.502879 -0.8643313 -0.006633162 0.4613316 -0.8872278 0 0.3752017 -0.9269433 0 0.3308019 -0.943677 -0.006634593 0.2856715 -0.9583276 0 0.2010467 -0.9795816 0 0 0 -1 0 0 -1 -3.03924e-7 3.99805e-7 -1 0 0 -1 0 0 -1 0 0 -1 0 0 -1 0 0 -1 0 0 -1 0 0 -1 0 0 -1 0 0 -1 2.58914e-7 4.3032e-7 -1 0 0 -1 0 0 -1 0 0 -1 0 0 -1 0 0 -1 -2.58917e-7 4.30322e-7 -1 0 0 -1 0 0 -1 0 0 -1 0 0 -1 0 0 -1 0 0 -1 0 0 -1 0 0 -1 0 0 -1 3.03924e-7 3.99805e-7 -1 0.9941379 0.1081196 0 0.9476537 0.3193001 0 0.9476537 0.3193 0 0.8568558 0.5155562 0 0.8568558 0.5155563 0 0.7259963 0.6876987 1.28094e-7 0.7259963 0.6876987 1.28094e-7 0.5611869 0.8276892 1.54169e-7 0.5611869 0.8276892 1.54169e-7 0.3701353 0.9289779 1.73036e-7 0.3701355 0.9289777 0 0.1617835 0.9868263 0 0.1617835 0.9868263 0 -0.0541433 0.9985331 0 -0.0541433 0.9985331 0 -0.267526 0.9635507 0 -0.267526 0.9635507 0 -0.4684089 0.8835118 0 -0.4684091 0.8835117 1.64567e-7 -0.6473823 0.7621655 1.41964e-7 -0.6473823 0.7621655 1.41964e-7 -0.796095 0.6051718 0 -0.796095 0.6051717 0 -0.9075759 0.4198879 0 -0.9075759 0.419888 0 -0.9766206 0.2149703 0 -0.9766206 0.2149703 0 -1 0 0 -1 0 0 -0.976621 -0.2149686 0 -0.976621 -0.2149686 0 -0.9075745 -0.4198911 0 -0.9075745 -0.419891 0 -0.7960919 -0.6051757 0 -0.7960919 -0.6051757 0 -0.6473917 -0.7621574 -1.41963e-7 -0.6473917 -0.7621574 -1.41963e-7 -0.4684033 -0.8835148 -1.64567e-7 -0.4684031 -0.8835149 0 -0.2675334 -0.9635486 0 -0.2675334 -0.9635486 0 -0.0541433 -0.9985331 0 -0.0541433 -0.9985331 0 0.1617918 -0.986825 0 0.1617918 -0.986825 0 0.3701357 -0.9289776 0 0.3701356 -0.9289778 -1.73036e-7 0.5611867 -0.8276892 -1.54169e-7 0.5611867 -0.8276892 -1.54169e-7 0.7259963 -0.6876987 -1.28094e-7 0.7259963 -0.6876987 -1.28094e-7 0.8568579 -0.5155526 0 0.856858 -0.5155525 0 0.9476529 -0.3193024 0 0.9476528 -0.3193024 0 0.994138 -0.1081188 0 0.994138 -0.1081188 0 0.9941379 0.1081196 0</float_array>
          <technique_common>
            <accessor source="#base_003-mesh-normals-array" count="11878" stride="3">
              <param name="X" type="float"/>
              <param name="Y" type="float"/>
              <param name="Z" type="float"/>
            </accessor>
          </technique_common>
        </source>
        <vertices id="base_003-mesh-vertices">
          <input semantic="POSITION" source="#base_003-mesh-positions"/>
        </vertices>
        <triangles count="11878">
          <input semantic="VERTEX" source="#base_003-mesh-vertices" offset="0"/>
          <input semantic="NORMAL" source="#base_003-mesh-normals" offset="1"/>
          <p>0 0 1 0 2 0 2 1 1 1 3 1 2 2 3 2 4 2 2 3 5 3 0 3 0 4 5 4 6 4 6 5 5 5 7 5 5 6 8 6 7 6 7 7 8 7 9 7 7 8 9 8 10 8 10 9 9 9 11 9 12 10 13 10 14 10 14 11 13 11 15 11 14 12 15 12 16 12 14 13 17 13 12 13 12 14 17 14 18 14 18 15 17 15 19 15 17 16 20 16 19 16 19 17 20 17 21 17 19 18 21 18 22 18 22 19 21 19 23 19 24 20 25 20 26 20 27 21 28 21 29 21 30 22 31 22 32 22 33 23 34 23 35 23 36 24 37 24 38 24 39 25 40 25 41 25 42 26 43 26 44 26 45 27 46 27 47 27 48 28 49 28 50 28 51 29 52 29 53 29 54 30 55 30 56 30 57 31 58 31 59 31 60 32 61 32 62 32 63 33 64 33 65 33 66 34 67 34 68 34 69 35 70 35 71 35 72 36 73 36 74 36 75 37 76 37 77 37 78 38 79 38 80 38 81 39 82 39 83 39 84 40 85 40 86 40 87 41 88 41 89 41 90 42 91 42 92 42 93 43 94 43 95 43 96 44 97 44 98 44 25 45 99 45 26 45 26 46 99 46 100 46 26 47 100 47 101 47 97 48 102 48 98 48 98 49 102 49 103 49 98 50 103 50 104 50 105 51 106 51 107 51 107 52 106 52 108 52 107 53 108 53 109 53 109 54 110 54 107 54 107 55 110 55 111 55 107 56 111 56 112 56 112 57 113 57 107 57 107 58 113 58 114 58 107 59 114 59 115 59 90 60 92 60 116 60 116 61 92 61 117 61 116 62 117 62 118 62 119 63 120 63 121 63 121 64 120 64 122 64 123 65 124 65 125 65 124 66 126 66 125 66 125 67 126 67 127 67 125 68 127 68 120 68 120 69 127 69 128 69 120 70 128 70 122 70 129 71 130 71 131 71 129 72 131 72 132 72 133 73 134 73 131 73 131 74 134 74 135 74 131 75 135 75 132 75 136 76 137 76 138 76 138 77 137 77 139 77 138 78 139 78 140 78 141 79 142 79 143 79 143 80 142 80 144 80 145 81 146 81 147 81 147 82 146 82 148 82 147 83 148 83 142 83 142 84 148 84 149 84 142 85 149 85 144 85 150 86 151 86 152 86 151 87 153 87 152 87 152 88 153 88 154 88 152 89 154 89 155 89 87 90 89 90 156 90 157 91 158 91 159 91 159 92 158 92 160 92 159 93 160 93 161 93 161 94 160 94 162 94 161 95 162 95 163 95 164 96 165 96 166 96 166 97 165 97 115 97 166 98 115 98 167 98 167 99 115 99 114 99 168 100 169 100 170 100 168 101 170 101 171 101 171 102 170 102 172 102 171 103 172 103 173 103 169 104 174 104 170 104 170 105 174 105 175 105 170 106 175 106 176 106 176 107 177 107 170 107 170 108 177 108 178 108 170 109 178 109 179 109 173 110 172 110 180 110 180 111 172 111 181 111 180 112 181 112 182 112 183 113 184 113 181 113 181 114 184 114 185 114 181 115 185 115 182 115 186 116 187 116 188 116 188 117 187 117 189 117 188 118 189 118 190 118 191 119 192 119 193 119 193 120 192 120 189 120 189 121 192 121 194 121 189 122 194 122 190 122 195 123 196 123 86 123 85 124 197 124 86 124 86 125 197 125 198 125 86 126 198 126 195 126 199 127 200 127 201 127 201 128 200 128 202 128 202 129 203 129 201 129 201 130 203 130 204 130 201 131 204 131 205 131 206 132 207 132 208 132 208 133 207 133 209 133 208 134 209 134 210 134 211 135 212 135 206 135 206 136 212 136 213 136 206 137 213 137 207 137 214 138 215 138 216 138 216 139 215 139 217 139 216 140 217 140 218 140 219 141 220 141 32 141 220 142 221 142 32 142 32 143 221 143 222 143 32 144 222 144 223 144 223 145 224 145 32 145 32 146 224 146 225 146 32 147 225 147 217 147 217 148 225 148 226 148 217 149 226 149 218 149 227 150 228 150 229 150 229 151 228 151 230 151 229 152 230 152 231 152 231 153 230 153 232 153 232 154 230 154 233 154 232 155 233 155 234 155 178 156 235 156 179 156 179 157 235 157 236 157 179 158 236 158 233 158 233 159 236 159 237 159 233 160 237 160 234 160 238 161 239 161 240 161 240 162 239 162 241 162 238 163 242 163 239 163 239 164 242 164 243 164 239 165 243 165 244 165 244 166 245 166 239 166 239 167 245 167 246 167 239 168 246 168 247 168 247 169 246 169 248 169 249 170 250 170 241 170 241 171 250 171 251 171 241 172 251 172 240 172 252 173 253 173 254 173 254 174 253 174 255 174 254 175 255 175 256 175 257 176 258 176 259 176 259 177 258 177 260 177 259 178 260 178 252 178 252 179 260 179 261 179 252 180 261 180 253 180 262 181 263 181 264 181 264 182 263 182 265 182 265 183 266 183 264 183 264 184 266 184 267 184 264 185 267 185 268 185 268 186 269 186 270 186 270 187 269 187 271 187 270 188 271 188 272 188 272 189 273 189 270 189 270 190 273 190 274 190 270 191 274 191 275 191 276 192 277 192 278 192 278 193 277 193 279 193 278 194 279 194 280 194 280 195 279 195 281 195 280 196 281 196 282 196 282 197 281 197 283 197 282 198 283 198 284 198 285 199 286 199 287 199 287 200 286 200 288 200 289 201 290 201 285 201 285 202 290 202 291 202 285 203 291 203 286 203 292 204 293 204 294 204 292 205 294 205 295 205 295 206 294 206 296 206 295 207 296 207 297 207 297 208 298 208 295 208 295 209 298 209 299 209 295 210 299 210 300 210 300 211 301 211 295 211 295 212 301 212 302 212 295 213 302 213 289 213 289 214 302 214 303 214 289 215 303 215 290 215 293 216 292 216 304 216 304 217 292 217 305 217 304 218 305 218 306 218 307 219 308 219 305 219 305 220 308 220 309 220 305 221 309 221 306 221 248 222 310 222 247 222 247 223 310 223 311 223 247 224 311 224 307 224 307 225 311 225 312 225 307 226 312 226 308 226 313 227 314 227 315 227 315 228 314 228 316 228 317 229 318 229 319 229 319 230 320 230 317 230 317 231 320 231 321 231 317 232 321 232 322 232 322 233 323 233 317 233 317 234 323 234 324 234 317 235 324 235 325 235 326 236 327 236 328 236 328 237 327 237 329 237 328 238 329 238 330 238 331 239 332 239 333 239 333 240 332 240 334 240 335 241 336 241 337 241 337 242 336 242 338 242 337 243 338 243 339 243 339 244 340 244 337 244 337 245 340 245 341 245 337 246 341 246 342 246 342 247 341 247 343 247 344 248 345 248 346 248 344 249 346 249 347 249 348 250 349 250 350 250 350 251 349 251 351 251 350 252 351 252 346 252 346 253 351 253 352 253 346 254 352 254 347 254 353 255 354 255 355 255 355 256 354 256 356 256 357 257 358 257 353 257 353 258 358 258 359 258 353 259 359 259 354 259 360 260 361 260 362 260 360 261 362 261 363 261 363 262 362 262 364 262 363 263 364 263 365 263 365 264 366 264 363 264 363 265 366 265 367 265 363 266 367 266 368 266 368 267 369 267 363 267 363 268 369 268 370 268 363 269 370 269 357 269 357 270 370 270 371 270 357 271 371 271 358 271 372 272 373 272 360 272 360 273 373 273 374 273 360 274 374 274 361 274 324 275 375 275 325 275 325 276 375 276 376 276 325 277 376 277 372 277 372 278 376 278 377 278 372 279 377 279 373 279 378 280 379 280 380 280 378 281 380 281 381 281 381 282 380 282 382 282 381 283 382 283 383 283 379 284 384 284 380 284 380 285 384 285 385 285 380 286 385 286 386 286 386 287 387 287 380 287 380 288 387 288 388 288 380 289 388 289 389 289 383 290 382 290 390 290 390 291 382 291 391 291 390 292 391 292 392 292 393 293 394 293 391 293 391 294 394 294 395 294 391 295 395 295 392 295 396 296 397 296 393 296 393 297 397 297 398 297 393 298 398 298 394 298 399 299 400 299 401 299 401 300 400 300 402 300 401 301 402 301 403 301 403 302 404 302 401 302 401 303 404 303 405 303 401 304 405 304 406 304 406 305 405 305 407 305 406 306 407 306 408 306 78 307 80 307 409 307 410 308 411 308 412 308 410 309 412 309 413 309 414 310 415 310 416 310 416 311 415 311 417 311 416 312 417 312 412 312 412 313 417 313 418 313 412 314 418 314 413 314 419 315 420 315 421 315 422 316 423 316 420 316 420 317 423 317 424 317 420 318 424 318 421 318 425 319 426 319 422 319 422 320 426 320 427 320 422 321 427 321 423 321 428 322 429 322 430 322 430 323 431 323 428 323 428 324 431 324 432 324 428 325 432 325 433 325 433 326 434 326 428 326 428 327 434 327 435 327 428 328 435 328 436 328 436 329 437 329 428 329 428 330 437 330 438 330 428 331 438 331 425 331 425 332 438 332 439 332 425 333 439 333 426 333 389 334 440 334 441 334 441 335 440 335 442 335 441 336 442 336 443 336 443 337 442 337 444 337 443 338 444 338 429 338 429 339 444 339 445 339 429 340 445 340 430 340 446 341 447 341 448 341 449 342 450 342 451 342 451 343 450 343 452 343 451 344 452 344 453 344 453 345 454 345 451 345 451 346 454 346 455 346 451 347 455 347 456 347 457 348 458 348 459 348 459 349 458 349 460 349 459 350 460 350 461 350 462 351 463 351 464 351 463 352 465 352 464 352 464 353 465 353 466 353 464 354 466 354 467 354 468 355 469 355 470 355 471 356 472 356 473 356 471 357 473 357 474 357 475 358 476 358 477 358 477 359 476 359 478 359 477 360 478 360 473 360 473 361 478 361 479 361 473 362 479 362 474 362 469 363 480 363 470 363 470 364 480 364 481 364 470 365 481 365 462 365 482 366 483 366 484 366 484 367 483 367 485 367 486 368 487 368 482 368 482 369 487 369 488 369 482 370 488 370 483 370 489 371 490 371 491 371 491 372 490 372 492 372 491 373 492 373 493 373 492 374 494 374 493 374 493 375 494 375 495 375 493 376 495 376 496 376 496 377 497 377 493 377 493 378 497 378 498 378 493 379 498 379 499 379 499 380 500 380 493 380 493 381 500 381 501 381 493 382 501 382 486 382 486 383 501 383 502 383 486 384 502 384 487 384 503 385 504 385 505 385 505 386 504 386 506 386 505 387 506 387 507 387 507 388 506 388 508 388 509 389 510 389 511 389 512 390 513 390 514 390 515 391 516 391 517 391 518 392 519 392 46 392 46 393 519 393 520 393 46 394 520 394 47 394 47 395 520 395 521 395 47 396 521 396 522 396 523 397 524 397 525 397 526 398 527 398 528 398 529 399 530 399 531 399 532 400 533 400 534 400 535 401 536 401 537 401 538 402 539 402 540 402 541 403 542 403 543 403 544 404 545 404 546 404 547 405 548 405 549 405 550 406 551 406 552 406 553 407 44 407 554 407 554 408 44 408 43 408 554 409 43 409 555 409 555 410 43 410 556 410 557 411 558 411 559 411 560 412 561 412 562 412 563 413 564 413 565 413 566 414 567 414 568 414 569 415 570 415 571 415 572 416 573 416 574 416 575 417 576 417 577 417 578 418 509 418 579 418 579 419 509 419 511 419 579 420 511 420 401 420 401 421 511 421 80 421 401 422 80 422 399 422 399 423 80 423 79 423 472 424 468 424 473 424 473 425 468 425 470 425 473 426 470 426 580 426 462 427 464 427 470 427 470 428 464 428 581 428 470 429 581 429 580 429 580 430 581 430 582 430 580 431 582 431 583 431 524 432 518 432 525 432 525 433 518 433 46 433 525 434 46 434 584 434 584 435 46 435 45 435 584 436 45 436 585 436 586 437 529 437 587 437 587 438 529 438 531 438 587 439 531 439 131 439 131 440 531 440 588 440 131 441 588 441 133 441 133 442 588 442 141 442 133 443 141 443 589 443 589 444 141 444 143 444 64 445 586 445 65 445 65 446 586 446 587 446 65 447 587 447 138 447 138 448 587 448 131 448 138 449 131 449 136 449 136 450 131 450 130 450 533 451 63 451 534 451 534 452 63 452 65 452 534 453 65 453 125 453 125 454 65 454 138 454 125 455 138 455 123 455 123 456 138 456 140 456 58 457 590 457 59 457 59 458 590 458 591 458 59 459 591 459 86 459 86 460 591 460 210 460 86 461 210 461 84 461 84 462 210 462 209 462 542 463 57 463 543 463 543 464 57 464 59 464 543 465 59 465 201 465 201 466 59 466 86 466 201 467 86 467 199 467 199 468 86 468 196 468 592 469 541 469 593 469 593 470 541 470 543 470 593 471 543 471 193 471 193 472 543 472 201 472 193 473 201 473 191 473 191 474 201 474 205 474 284 475 262 475 282 475 282 476 262 476 264 476 282 477 264 477 594 477 268 478 270 478 264 478 264 479 270 479 550 479 264 480 550 480 594 480 594 481 550 481 552 481 594 482 552 482 595 482 257 483 259 483 275 483 275 484 259 484 42 484 275 485 42 485 270 485 270 486 42 486 44 486 270 487 44 487 550 487 550 488 44 488 553 488 550 489 553 489 551 489 596 490 563 490 597 490 597 491 563 491 565 491 597 492 565 492 333 492 333 493 565 493 346 493 333 494 346 494 331 494 331 495 346 495 345 495 567 496 596 496 568 496 568 497 596 497 597 497 568 498 597 498 337 498 337 499 597 499 333 499 337 500 333 500 335 500 335 501 333 501 334 501 510 502 598 502 511 502 511 503 598 503 599 503 511 504 599 504 80 504 80 505 599 505 412 505 80 506 412 506 409 506 409 507 412 507 411 507 73 508 578 508 74 508 74 509 578 509 579 509 74 510 579 510 600 510 600 511 579 511 401 511 600 512 401 512 396 512 396 513 401 513 406 513 396 514 406 514 397 514 397 515 406 515 408 515 583 516 69 516 580 516 580 517 69 517 71 517 580 518 71 518 473 518 473 519 71 519 601 519 473 520 601 520 477 520 477 521 601 521 602 521 477 522 602 522 475 522 475 523 602 523 484 523 475 524 484 524 603 524 603 525 484 525 485 525 604 526 464 526 605 526 605 527 464 527 467 527 605 528 467 528 606 528 527 529 523 529 528 529 528 530 523 530 525 530 528 531 525 531 607 531 607 532 525 532 584 532 607 533 584 533 608 533 608 534 584 534 585 534 608 535 585 535 609 535 564 536 610 536 565 536 565 537 610 537 611 537 565 538 611 538 346 538 346 539 611 539 612 539 346 540 612 540 350 540 350 541 612 541 613 541 350 542 613 542 348 542 348 543 613 543 355 543 348 544 355 544 614 544 614 545 355 545 356 545 615 546 566 546 616 546 616 547 566 547 568 547 616 548 568 548 617 548 617 549 568 549 337 549 617 550 337 550 618 550 618 551 337 551 342 551 49 552 615 552 50 552 50 553 615 553 616 553 50 554 616 554 619 554 619 555 616 555 617 555 619 556 617 556 620 556 620 557 617 557 618 557 620 558 618 558 621 558 598 559 575 559 599 559 599 560 575 560 577 560 599 561 577 561 412 561 412 562 577 562 622 562 412 563 622 563 416 563 416 564 622 564 419 564 416 565 419 565 414 565 414 566 419 566 421 566 623 567 526 567 624 567 624 568 526 568 528 568 624 569 528 569 625 569 625 570 528 570 607 570 625 571 607 571 626 571 626 572 607 572 608 572 626 573 608 573 627 573 627 574 608 574 609 574 627 575 609 575 628 575 536 576 532 576 537 576 537 577 532 577 534 577 537 578 534 578 629 578 629 579 534 579 125 579 629 580 125 580 630 580 630 581 125 581 120 581 630 582 120 582 117 582 117 583 120 583 119 583 117 584 119 584 118 584 118 585 119 585 121 585 590 586 538 586 591 586 591 587 538 587 540 587 591 588 540 588 210 588 210 589 540 589 631 589 210 590 631 590 208 590 208 591 631 591 632 591 208 592 632 592 206 592 206 593 632 593 633 593 206 594 633 594 211 594 211 595 633 595 215 595 211 596 215 596 634 596 634 597 215 597 214 597 545 598 592 598 546 598 546 599 592 599 593 599 546 600 593 600 635 600 635 601 593 601 193 601 635 602 193 602 636 602 636 603 193 603 189 603 636 604 189 604 183 604 183 605 189 605 187 605 183 606 187 606 184 606 184 607 187 607 186 607 595 608 637 608 594 608 594 609 637 609 638 609 594 610 638 610 282 610 282 611 638 611 639 611 282 612 639 612 280 612 280 613 639 613 640 613 280 614 640 614 278 614 278 615 640 615 287 615 278 616 287 616 276 616 276 617 287 617 288 617 570 618 48 618 571 618 571 619 48 619 50 619 571 620 50 620 641 620 641 621 50 621 619 621 641 622 619 622 642 622 642 623 619 623 620 623 642 624 620 624 643 624 643 625 620 625 621 625 643 626 621 626 644 626 67 627 623 627 68 627 68 628 623 628 624 628 68 629 624 629 645 629 645 630 624 630 625 630 645 631 625 631 646 631 646 632 625 632 626 632 646 633 626 633 647 633 647 634 626 634 627 634 647 635 627 635 648 635 648 636 627 636 628 636 648 637 628 637 89 637 530 638 66 638 531 638 531 639 66 639 68 639 531 640 68 640 588 640 588 641 68 641 645 641 588 642 645 642 141 642 141 643 645 643 646 643 141 644 646 644 142 644 142 645 646 645 647 645 142 646 647 646 147 646 147 647 647 647 648 647 147 648 648 648 145 648 145 649 648 649 89 649 145 650 89 650 649 650 649 651 89 651 88 651 650 652 535 652 651 652 651 653 535 653 537 653 651 654 537 654 652 654 652 655 537 655 629 655 652 656 629 656 653 656 653 657 629 657 630 657 653 658 630 658 654 658 654 659 630 659 117 659 654 660 117 660 655 660 655 661 117 661 92 661 655 662 92 662 656 662 657 663 556 663 658 663 658 664 556 664 43 664 658 665 43 665 659 665 659 666 43 666 42 666 659 667 42 667 660 667 660 668 42 668 259 668 660 669 259 669 661 669 661 670 259 670 252 670 661 671 252 671 249 671 249 672 252 672 254 672 249 673 254 673 250 673 250 674 254 674 256 674 573 675 569 675 574 675 574 676 569 676 571 676 574 677 571 677 662 677 662 678 571 678 641 678 662 679 641 679 663 679 663 680 641 680 642 680 663 681 642 681 664 681 664 682 642 682 643 682 664 683 643 683 665 683 665 684 643 684 644 684 665 685 644 685 666 685 667 686 459 686 446 686 446 687 459 687 461 687 446 688 461 688 447 688 155 689 156 689 152 689 152 690 156 690 89 690 152 691 89 691 668 691 668 692 89 692 628 692 668 693 628 693 669 693 669 694 628 694 609 694 669 695 609 695 670 695 670 696 609 696 585 696 670 697 585 697 604 697 604 698 585 698 45 698 604 699 45 699 464 699 464 700 45 700 47 700 464 701 47 701 581 701 581 702 47 702 522 702 581 703 522 703 582 703 671 704 650 704 672 704 672 705 650 705 651 705 672 706 651 706 673 706 673 707 651 707 652 707 673 708 652 708 674 708 674 709 652 709 653 709 674 710 653 710 675 710 675 711 653 711 654 711 675 712 654 712 676 712 676 713 654 713 655 713 676 714 655 714 677 714 677 715 655 715 656 715 677 716 656 716 678 716 679 717 328 717 314 717 314 718 328 718 330 718 314 719 330 719 316 719 680 720 572 720 681 720 681 721 572 721 574 721 681 722 574 722 682 722 682 723 574 723 662 723 682 724 662 724 683 724 683 725 662 725 663 725 683 726 663 726 684 726 684 727 663 727 664 727 684 728 664 728 685 728 685 729 664 729 665 729 685 730 665 730 686 730 686 731 665 731 666 731 686 732 666 732 687 732 70 733 688 733 71 733 71 734 688 734 689 734 71 735 689 735 601 735 601 736 689 736 690 736 601 737 690 737 602 737 602 738 690 738 691 738 602 739 691 739 484 739 484 740 691 740 692 740 484 741 692 741 482 741 482 742 692 742 693 742 482 743 693 743 486 743 486 744 693 744 694 744 486 745 694 745 493 745 493 746 694 746 695 746 696 747 667 747 697 747 697 748 667 748 446 748 697 749 446 749 451 749 451 750 446 750 448 750 451 751 448 751 449 751 637 752 547 752 638 752 638 753 547 753 549 753 638 754 549 754 639 754 639 755 549 755 698 755 639 756 698 756 640 756 640 757 698 757 699 757 640 758 699 758 287 758 287 759 699 759 700 759 287 760 700 760 285 760 285 761 700 761 701 761 285 762 701 762 289 762 289 763 701 763 702 763 289 764 702 764 295 764 295 765 702 765 703 765 558 766 51 766 559 766 559 767 51 767 53 767 559 768 53 768 704 768 704 769 53 769 705 769 704 770 705 770 706 770 706 771 705 771 707 771 706 772 707 772 708 772 708 773 707 773 709 773 708 774 709 774 710 774 710 775 709 775 711 775 710 776 711 776 712 776 712 777 711 777 713 777 712 778 713 778 98 778 98 779 713 779 26 779 98 780 26 780 96 780 96 781 26 781 101 781 561 782 557 782 562 782 562 783 557 783 559 783 562 784 559 784 714 784 714 785 559 785 704 785 714 786 704 786 715 786 715 787 704 787 706 787 715 788 706 788 716 788 716 789 706 789 708 789 716 790 708 790 717 790 717 791 708 791 710 791 717 792 710 792 718 792 718 793 710 793 712 793 718 794 712 794 719 794 719 795 712 795 98 795 719 796 98 796 720 796 720 797 98 797 104 797 610 798 560 798 611 798 611 799 560 799 562 799 611 800 562 800 612 800 612 801 562 801 714 801 612 802 714 802 613 802 613 803 714 803 715 803 613 804 715 804 355 804 355 805 715 805 716 805 355 806 716 806 353 806 353 807 716 807 717 807 353 808 717 808 357 808 357 809 717 809 718 809 357 810 718 810 363 810 363 811 718 811 719 811 721 812 679 812 722 812 722 813 679 813 314 813 722 814 314 814 317 814 317 815 314 815 313 815 317 816 313 816 318 816 576 817 680 817 577 817 577 818 680 818 681 818 577 819 681 819 622 819 622 820 681 820 682 820 622 821 682 821 419 821 419 822 682 822 683 822 419 823 683 823 420 823 420 824 683 824 684 824 420 825 684 825 422 825 422 826 684 826 685 826 422 827 685 827 425 827 425 828 685 828 686 828 425 829 686 829 428 829 428 830 686 830 687 830 389 831 441 831 380 831 380 832 441 832 723 832 380 833 723 833 724 833 724 834 39 834 380 834 380 835 39 835 41 835 380 836 41 836 382 836 382 837 41 837 725 837 382 838 725 838 391 838 391 839 725 839 726 839 391 840 726 840 393 840 393 841 726 841 727 841 393 842 727 842 396 842 396 843 727 843 728 843 396 844 728 844 600 844 600 845 728 845 729 845 600 846 729 846 74 846 74 847 729 847 514 847 74 848 514 848 72 848 72 849 514 849 513 849 40 850 36 850 41 850 41 851 36 851 38 851 41 852 38 852 725 852 725 853 38 853 730 853 725 854 730 854 726 854 726 855 730 855 731 855 726 856 731 856 727 856 727 857 731 857 732 857 727 858 732 858 728 858 728 859 732 859 733 859 728 860 733 860 729 860 729 861 733 861 734 861 729 862 734 862 514 862 514 863 734 863 517 863 514 864 517 864 512 864 512 865 517 865 516 865 37 866 735 866 38 866 38 867 735 867 736 867 38 868 736 868 730 868 730 869 736 869 737 869 730 870 737 870 731 870 731 871 737 871 738 871 731 872 738 872 732 872 732 873 738 873 739 873 732 874 739 874 733 874 733 875 739 875 740 875 733 876 740 876 734 876 734 877 740 877 741 877 734 878 741 878 517 878 517 879 741 879 742 879 517 880 742 880 515 880 515 881 742 881 743 881 735 882 744 882 736 882 736 883 744 883 695 883 736 884 695 884 737 884 737 885 695 885 694 885 737 886 694 886 738 886 738 887 694 887 693 887 738 888 693 888 739 888 739 889 693 889 692 889 739 890 692 890 740 890 740 891 692 891 691 891 740 892 691 892 741 892 741 893 691 893 690 893 741 894 690 894 742 894 742 895 690 895 689 895 742 896 689 896 743 896 743 897 689 897 688 897 744 898 745 898 695 898 695 899 745 899 746 899 695 900 746 900 493 900 493 901 746 901 747 901 493 902 747 902 491 902 491 903 747 903 748 903 748 904 749 904 491 904 491 905 749 905 504 905 491 906 504 906 489 906 489 907 504 907 503 907 750 908 506 908 751 908 751 909 506 909 504 909 751 910 504 910 752 910 752 911 504 911 749 911 750 912 753 912 506 912 506 913 753 913 451 913 506 914 451 914 508 914 508 915 451 915 456 915 753 916 754 916 451 916 451 917 754 917 755 917 451 918 755 918 697 918 697 919 755 919 756 919 697 920 756 920 696 920 696 921 756 921 757 921 696 922 757 922 758 922 76 923 457 923 77 923 77 924 457 924 459 924 77 925 459 925 759 925 759 926 459 926 667 926 759 927 667 927 760 927 760 928 667 928 696 928 760 929 696 929 761 929 761 930 696 930 758 930 761 931 758 931 762 931 606 932 763 932 605 932 605 933 763 933 75 933 605 934 75 934 604 934 604 935 75 935 77 935 604 936 77 936 670 936 670 937 77 937 759 937 670 938 759 938 669 938 669 939 759 939 760 939 669 940 760 940 668 940 668 941 760 941 761 941 668 942 761 942 152 942 152 943 761 943 762 943 152 944 762 944 764 944 764 945 765 945 152 945 152 946 765 946 161 946 152 947 161 947 150 947 150 948 161 948 163 948 766 949 159 949 767 949 767 950 159 950 161 950 767 951 161 951 768 951 768 952 161 952 765 952 766 953 769 953 159 953 159 954 769 954 165 954 159 955 165 955 157 955 157 956 165 956 164 956 769 957 770 957 165 957 165 958 770 958 771 958 165 959 771 959 115 959 115 960 771 960 772 960 115 961 772 961 107 961 107 962 772 962 773 962 107 963 773 963 774 963 94 964 105 964 95 964 95 965 105 965 107 965 95 966 107 966 775 966 775 967 107 967 774 967 775 968 774 968 776 968 91 969 93 969 92 969 92 970 93 970 95 970 92 971 95 971 656 971 656 972 95 972 775 972 656 973 775 973 678 973 678 974 775 974 776 974 678 975 776 975 777 975 777 976 33 976 678 976 678 977 33 977 35 977 678 978 35 978 677 978 677 979 35 979 778 979 677 980 778 980 676 980 676 981 778 981 779 981 676 982 779 982 675 982 675 983 779 983 780 983 675 984 780 984 674 984 674 985 780 985 781 985 674 986 781 986 673 986 673 987 781 987 782 987 673 988 782 988 672 988 672 989 782 989 62 989 672 990 62 990 671 990 671 991 62 991 61 991 34 992 30 992 35 992 35 993 30 993 32 993 35 994 32 994 778 994 778 995 32 995 217 995 778 996 217 996 779 996 779 997 217 997 215 997 779 998 215 998 780 998 780 999 215 999 633 999 780 1000 633 1000 781 1000 781 1001 633 1001 632 1001 781 1002 632 1002 782 1002 782 1003 632 1003 631 1003 782 1004 631 1004 62 1004 62 1005 631 1005 540 1005 62 1006 540 1006 60 1006 60 1007 540 1007 539 1007 31 1008 783 1008 32 1008 32 1009 783 1009 228 1009 32 1010 228 1010 219 1010 219 1011 228 1011 227 1011 783 1012 784 1012 228 1012 228 1013 784 1013 785 1013 228 1014 785 1014 230 1014 230 1015 785 1015 786 1015 230 1016 786 1016 233 1016 786 1017 787 1017 233 1017 233 1018 787 1018 788 1018 233 1019 788 1019 179 1019 179 1020 788 1020 789 1020 179 1021 789 1021 170 1021 170 1022 789 1022 790 1022 170 1023 790 1023 791 1023 791 1024 792 1024 170 1024 170 1025 792 1025 793 1025 170 1026 793 1026 172 1026 172 1027 793 1027 794 1027 172 1028 794 1028 181 1028 181 1029 794 1029 795 1029 181 1030 795 1030 183 1030 183 1031 795 1031 796 1031 183 1032 796 1032 636 1032 636 1033 796 1033 797 1033 636 1034 797 1034 635 1034 635 1035 797 1035 798 1035 635 1036 798 1036 546 1036 546 1037 798 1037 799 1037 546 1038 799 1038 544 1038 544 1039 799 1039 800 1039 792 1040 27 1040 793 1040 793 1041 27 1041 29 1041 793 1042 29 1042 794 1042 794 1043 29 1043 801 1043 794 1044 801 1044 795 1044 795 1045 801 1045 802 1045 795 1046 802 1046 796 1046 796 1047 802 1047 803 1047 796 1048 803 1048 797 1048 797 1049 803 1049 804 1049 797 1050 804 1050 798 1050 798 1051 804 1051 805 1051 798 1052 805 1052 799 1052 799 1053 805 1053 56 1053 799 1054 56 1054 800 1054 800 1055 56 1055 55 1055 28 1056 806 1056 29 1056 29 1057 806 1057 703 1057 29 1058 703 1058 801 1058 801 1059 703 1059 702 1059 801 1060 702 1060 802 1060 802 1061 702 1061 701 1061 802 1062 701 1062 803 1062 803 1063 701 1063 700 1063 803 1064 700 1064 804 1064 804 1065 700 1065 699 1065 804 1066 699 1066 805 1066 805 1067 699 1067 698 1067 805 1068 698 1068 56 1068 56 1069 698 1069 549 1069 56 1070 549 1070 54 1070 54 1071 549 1071 548 1071 806 1072 807 1072 703 1072 703 1073 807 1073 808 1073 703 1074 808 1074 295 1074 295 1075 808 1075 809 1075 295 1076 809 1076 292 1076 809 1077 810 1077 292 1077 292 1078 810 1078 811 1078 292 1079 811 1079 305 1079 305 1080 811 1080 812 1080 305 1081 812 1081 307 1081 307 1082 812 1082 813 1082 814 1083 239 1083 815 1083 815 1084 239 1084 247 1084 815 1085 247 1085 816 1085 816 1086 247 1086 307 1086 816 1087 307 1087 817 1087 817 1088 307 1088 813 1088 814 1089 24 1089 239 1089 239 1090 24 1090 26 1090 239 1091 26 1091 241 1091 241 1092 26 1092 713 1092 241 1093 713 1093 249 1093 249 1094 713 1094 711 1094 249 1095 711 1095 661 1095 661 1096 711 1096 709 1096 661 1097 709 1097 660 1097 660 1098 709 1098 707 1098 660 1099 707 1099 659 1099 659 1100 707 1100 705 1100 659 1101 705 1101 658 1101 658 1102 705 1102 53 1102 658 1103 53 1103 657 1103 657 1104 53 1104 52 1104 720 1105 818 1105 719 1105 719 1106 818 1106 819 1106 719 1107 819 1107 363 1107 363 1108 819 1108 820 1108 363 1109 820 1109 360 1109 360 1110 820 1110 821 1110 821 1111 822 1111 360 1111 360 1112 822 1112 823 1112 360 1113 823 1113 372 1113 372 1114 823 1114 824 1114 372 1115 824 1115 325 1115 824 1116 825 1116 325 1116 325 1117 825 1117 826 1117 325 1118 826 1118 317 1118 317 1119 826 1119 827 1119 317 1120 827 1120 722 1120 827 1121 828 1121 722 1121 722 1122 828 1122 829 1122 722 1123 829 1123 721 1123 721 1124 829 1124 830 1124 721 1125 830 1125 831 1125 82 1126 326 1126 83 1126 83 1127 326 1127 328 1127 83 1128 328 1128 832 1128 832 1129 328 1129 679 1129 832 1130 679 1130 833 1130 833 1131 679 1131 721 1131 833 1132 721 1132 834 1132 834 1133 721 1133 831 1133 834 1134 831 1134 835 1134 343 1135 836 1135 342 1135 342 1136 836 1136 81 1136 342 1137 81 1137 618 1137 618 1138 81 1138 83 1138 618 1139 83 1139 621 1139 621 1140 83 1140 832 1140 621 1141 832 1141 644 1141 644 1142 832 1142 833 1142 644 1143 833 1143 666 1143 666 1144 833 1144 834 1144 666 1145 834 1145 687 1145 687 1146 834 1146 835 1146 687 1147 835 1147 837 1147 837 1148 838 1148 687 1148 687 1149 838 1149 839 1149 687 1150 839 1150 428 1150 428 1151 839 1151 840 1151 428 1152 840 1152 429 1152 840 1153 841 1153 429 1153 429 1154 841 1154 842 1154 429 1155 842 1155 443 1155 443 1156 842 1156 843 1156 443 1157 843 1157 441 1157 441 1158 843 1158 844 1158 441 1159 844 1159 723 1159 845 1160 846 1160 24 1160 847 1161 848 1161 849 1161 849 1162 850 1162 851 1162 851 1163 852 1163 849 1163 849 1164 852 1164 853 1164 849 1165 853 1165 854 1165 854 1166 855 1166 849 1166 849 1167 855 1167 856 1167 849 1168 856 1168 847 1168 845 1169 24 1169 857 1169 846 1170 858 1170 24 1170 24 1171 858 1171 859 1171 24 1172 859 1172 25 1172 25 1173 859 1173 860 1173 860 1174 861 1174 25 1174 25 1175 861 1175 862 1175 25 1176 862 1176 99 1176 818 1177 720 1177 863 1177 863 1178 864 1178 818 1178 818 1179 864 1179 865 1179 818 1180 865 1180 819 1180 819 1181 865 1181 866 1181 819 1182 866 1182 867 1182 868 1183 869 1183 870 1183 870 1184 869 1184 871 1184 870 1185 871 1185 872 1185 872 1186 873 1186 870 1186 870 1187 873 1187 874 1187 870 1188 874 1188 875 1188 876 1189 877 1189 878 1189 878 1190 877 1190 870 1190 878 1191 870 1191 879 1191 879 1192 870 1192 875 1192 879 1193 875 1193 880 1193 881 1194 825 1194 882 1194 882 1195 825 1195 824 1195 882 1196 824 1196 883 1196 883 1197 824 1197 823 1197 883 1198 823 1198 884 1198 884 1199 823 1199 822 1199 884 1200 822 1200 885 1200 885 1201 822 1201 821 1201 885 1202 821 1202 886 1202 886 1203 821 1203 820 1203 886 1204 820 1204 870 1204 870 1205 820 1205 819 1205 870 1206 819 1206 868 1206 868 1207 819 1207 867 1207 887 1208 830 1208 888 1208 888 1209 830 1209 829 1209 888 1210 829 1210 889 1210 889 1211 829 1211 828 1211 889 1212 828 1212 890 1212 890 1213 828 1213 827 1213 890 1214 827 1214 881 1214 881 1215 827 1215 826 1215 881 1216 826 1216 825 1216 891 1217 841 1217 892 1217 892 1218 841 1218 840 1218 892 1219 840 1219 893 1219 893 1220 840 1220 839 1220 893 1221 839 1221 894 1221 894 1222 839 1222 838 1222 894 1223 838 1223 895 1223 895 1224 838 1224 837 1224 895 1225 837 1225 896 1225 896 1226 837 1226 835 1226 896 1227 835 1227 887 1227 887 1228 835 1228 831 1228 887 1229 831 1229 830 1229 897 1230 724 1230 898 1230 898 1231 724 1231 723 1231 898 1232 723 1232 899 1232 899 1233 723 1233 844 1233 899 1234 844 1234 900 1234 900 1235 844 1235 843 1235 900 1236 843 1236 891 1236 891 1237 843 1237 842 1237 891 1238 842 1238 841 1238 901 1239 745 1239 902 1239 902 1240 745 1240 744 1240 902 1241 744 1241 903 1241 903 1242 744 1242 735 1242 903 1243 735 1243 904 1243 904 1244 735 1244 37 1244 904 1245 37 1245 905 1245 905 1246 37 1246 36 1246 905 1247 36 1247 906 1247 906 1248 36 1248 40 1248 906 1249 40 1249 897 1249 897 1250 40 1250 39 1250 897 1251 39 1251 724 1251 907 1252 752 1252 908 1252 908 1253 752 1253 749 1253 908 1254 749 1254 909 1254 909 1255 749 1255 748 1255 909 1256 748 1256 910 1256 910 1257 748 1257 747 1257 910 1258 747 1258 901 1258 901 1259 747 1259 746 1259 901 1260 746 1260 745 1260 911 1261 757 1261 912 1261 912 1262 757 1262 756 1262 912 1263 756 1263 913 1263 913 1264 756 1264 755 1264 913 1265 755 1265 914 1265 914 1266 755 1266 754 1266 914 1267 754 1267 915 1267 915 1268 754 1268 753 1268 915 1269 753 1269 916 1269 916 1270 753 1270 750 1270 916 1271 750 1271 907 1271 907 1272 750 1272 751 1272 907 1273 751 1273 752 1273 917 1274 768 1274 918 1274 918 1275 768 1275 765 1275 918 1276 765 1276 919 1276 919 1277 765 1277 764 1277 919 1278 764 1278 920 1278 920 1279 764 1279 762 1279 920 1280 762 1280 911 1280 911 1281 762 1281 758 1281 911 1282 758 1282 757 1282 921 1283 773 1283 922 1283 922 1284 773 1284 772 1284 922 1285 772 1285 923 1285 923 1286 772 1286 771 1286 923 1287 771 1287 924 1287 924 1288 771 1288 770 1288 924 1289 770 1289 925 1289 925 1290 770 1290 769 1290 925 1291 769 1291 926 1291 926 1292 769 1292 766 1292 926 1293 766 1293 917 1293 917 1294 766 1294 767 1294 917 1295 767 1295 768 1295 927 1296 34 1296 928 1296 928 1297 34 1297 33 1297 928 1298 33 1298 929 1298 929 1299 33 1299 777 1299 929 1300 777 1300 930 1300 930 1301 777 1301 776 1301 930 1302 776 1302 921 1302 921 1303 776 1303 774 1303 921 1304 774 1304 773 1304 931 1305 787 1305 932 1305 932 1306 787 1306 786 1306 932 1307 786 1307 933 1307 933 1308 786 1308 785 1308 933 1309 785 1309 934 1309 934 1310 785 1310 784 1310 934 1311 784 1311 935 1311 935 1312 784 1312 783 1312 935 1313 783 1313 936 1313 936 1314 783 1314 31 1314 936 1315 31 1315 927 1315 927 1316 31 1316 30 1316 927 1317 30 1317 34 1317 937 1318 792 1318 938 1318 938 1319 792 1319 791 1319 938 1320 791 1320 939 1320 939 1321 791 1321 790 1321 939 1322 790 1322 940 1322 940 1323 790 1323 789 1323 940 1324 789 1324 931 1324 931 1325 789 1325 788 1325 931 1326 788 1326 787 1326 941 1327 810 1327 942 1327 942 1328 810 1328 809 1328 942 1329 809 1329 943 1329 943 1330 809 1330 808 1330 943 1331 808 1331 944 1331 944 1332 808 1332 807 1332 944 1333 807 1333 945 1333 945 1334 807 1334 806 1334 945 1335 806 1335 946 1335 946 1336 806 1336 28 1336 946 1337 28 1337 937 1337 937 1338 28 1338 27 1338 937 1339 27 1339 792 1339 947 1340 816 1340 948 1340 948 1341 816 1341 817 1341 948 1342 817 1342 949 1342 949 1343 817 1343 813 1343 949 1344 813 1344 950 1344 950 1345 813 1345 812 1345 950 1346 812 1346 941 1346 941 1347 812 1347 811 1347 941 1348 811 1348 810 1348 848 1349 857 1349 849 1349 849 1350 857 1350 24 1350 849 1351 24 1351 951 1351 951 1352 24 1352 814 1352 951 1353 814 1353 947 1353 947 1354 814 1354 815 1354 947 1355 815 1355 816 1355 952 1356 953 1356 954 1356 955 1357 956 1357 957 1357 957 1358 956 1358 958 1358 957 1359 958 1359 959 1359 960 1360 961 1360 962 1360 962 1361 961 1361 963 1361 962 1362 963 1362 964 1362 964 1363 963 1363 965 1363 956 1364 966 1364 958 1364 958 1365 966 1365 967 1365 958 1366 967 1366 968 1366 968 1367 967 1367 969 1367 968 1368 969 1368 970 1368 970 1369 969 1369 971 1369 970 1370 971 1370 972 1370 972 1371 971 1371 973 1371 972 1372 973 1372 954 1372 954 1373 973 1373 974 1373 954 1374 974 1374 952 1374 953 1375 975 1375 954 1375 954 1376 975 1376 976 1376 954 1377 976 1377 972 1377 972 1378 976 1378 977 1378 972 1379 977 1379 970 1379 970 1380 977 1380 965 1380 970 1381 965 1381 968 1381 968 1382 965 1382 963 1382 968 1383 963 1383 958 1383 958 1384 963 1384 961 1384 958 1385 961 1385 959 1385 959 1386 961 1386 960 1386 978 1387 979 1387 975 1387 975 1388 979 1388 980 1388 975 1389 980 1389 976 1389 976 1390 980 1390 981 1390 976 1391 981 1391 977 1391 977 1392 981 1392 982 1392 977 1393 982 1393 965 1393 965 1394 982 1394 983 1394 965 1395 983 1395 964 1395 984 1396 978 1396 985 1396 985 1397 978 1397 975 1397 985 1398 975 1398 986 1398 986 1399 975 1399 953 1399 986 1400 953 1400 987 1400 987 1401 953 1401 952 1401 988 1402 989 1402 990 1402 991 1403 992 1403 993 1403 993 1404 992 1404 994 1404 993 1405 994 1405 995 1405 996 1406 997 1406 998 1406 998 1407 997 1407 999 1407 998 1408 999 1408 1000 1408 1000 1409 999 1409 1001 1409 1000 1410 1001 1410 1002 1410 992 1411 1003 1411 994 1411 994 1412 1003 1412 1004 1412 994 1413 1004 1413 1005 1413 1005 1414 1004 1414 1006 1414 1005 1415 1006 1415 1007 1415 1007 1416 1006 1416 1008 1416 1007 1417 1008 1417 1009 1417 1009 1418 1008 1418 1010 1418 1009 1419 1010 1419 1011 1419 1002 1420 1001 1420 1012 1420 1012 1421 1001 1421 1013 1421 1012 1422 1013 1422 1014 1422 1014 1423 1013 1423 1015 1423 1014 1424 1015 1424 1016 1424 1016 1425 1015 1425 990 1425 1016 1426 990 1426 1017 1426 1010 1427 1018 1427 1011 1427 1011 1428 1018 1428 1019 1428 1011 1429 1019 1429 1020 1429 1020 1430 1019 1430 1021 1430 1021 1431 988 1431 1020 1431 1020 1432 988 1432 990 1432 1020 1433 990 1433 1011 1433 1011 1434 990 1434 1015 1434 1011 1435 1015 1435 1009 1435 1009 1436 1015 1436 1013 1436 1009 1437 1013 1437 1007 1437 1007 1438 1013 1438 1001 1438 1007 1439 1001 1439 1005 1439 1005 1440 1001 1440 999 1440 1005 1441 999 1441 994 1441 994 1442 999 1442 997 1442 994 1443 997 1443 995 1443 995 1444 997 1444 996 1444 989 1445 1022 1445 990 1445 990 1446 1022 1446 1023 1446 990 1447 1023 1447 1017 1447 1024 1448 1025 1448 1026 1448 1027 1449 1028 1449 1029 1449 1030 1450 1031 1450 1032 1450 1033 1451 1034 1451 1035 1451 1036 1452 1037 1452 1038 1452 1039 1453 1040 1453 1041 1453 1039 1454 1041 1454 1042 1454 1043 1455 1044 1455 1045 1455 1045 1456 1044 1456 1046 1456 1036 1457 1038 1457 1047 1457 1033 1458 1035 1458 1048 1458 1048 1459 1035 1459 1049 1459 1048 1460 1049 1460 1050 1460 1025 1461 1051 1461 1026 1461 1026 1462 1051 1462 1052 1462 1026 1463 1052 1463 1053 1463 1053 1464 1054 1464 1026 1464 1026 1465 1054 1465 1055 1465 1026 1466 1055 1466 1056 1466 1057 1467 1058 1467 1032 1467 1032 1468 1058 1468 1059 1468 1031 1469 1060 1469 1032 1469 1032 1470 1060 1470 1061 1470 1032 1471 1061 1471 1062 1471 1062 1472 1063 1472 1032 1472 1032 1473 1063 1473 1064 1473 1032 1474 1064 1474 1057 1474 1065 1475 1066 1475 1067 1475 1067 1476 1066 1476 1068 1476 1069 1477 1070 1477 1071 1477 1012 1478 1014 1478 1072 1478 1072 1479 1014 1479 1016 1479 1016 1480 1017 1480 1072 1480 1072 1481 1017 1481 1023 1481 1072 1482 1023 1482 1069 1482 1069 1483 1023 1483 1022 1483 1069 1484 1022 1484 1070 1484 1012 1485 1072 1485 1002 1485 1002 1486 1072 1486 1073 1486 1002 1487 1073 1487 1000 1487 1000 1488 1073 1488 1074 1488 1000 1489 1074 1489 998 1489 998 1490 1074 1490 1075 1490 998 1491 1075 1491 996 1491 1040 1492 1076 1492 1041 1492 1041 1493 1076 1493 1077 1493 1041 1494 1077 1494 1078 1494 1024 1495 1026 1495 1079 1495 1079 1496 1026 1496 1080 1496 1079 1497 1080 1497 1081 1497 1081 1498 1080 1498 1082 1498 1082 1499 1080 1499 1083 1499 1082 1500 1083 1500 1084 1500 1058 1501 1085 1501 1059 1501 1059 1502 1085 1502 1086 1502 1059 1503 1086 1503 1083 1503 1083 1504 1086 1504 1087 1504 1083 1505 1087 1505 1084 1505 1056 1506 1050 1506 1026 1506 1026 1507 1050 1507 1049 1507 1026 1508 1049 1508 1080 1508 1080 1509 1049 1509 1088 1509 1080 1510 1088 1510 1083 1510 1083 1511 1088 1511 1089 1511 1083 1512 1089 1512 1059 1512 1059 1513 1089 1513 1090 1513 1059 1514 1090 1514 1032 1514 1032 1515 1090 1515 1029 1515 1032 1516 1029 1516 1030 1516 1030 1517 1029 1517 1028 1517 1034 1518 1047 1518 1035 1518 1035 1519 1047 1519 1038 1519 1035 1520 1038 1520 1049 1520 1049 1521 1038 1521 1091 1521 1049 1522 1091 1522 1088 1522 1088 1523 1091 1523 1092 1523 1088 1524 1092 1524 1089 1524 1089 1525 1092 1525 1093 1525 1089 1526 1093 1526 1090 1526 1090 1527 1093 1527 1094 1527 1090 1528 1094 1528 1029 1528 1029 1529 1094 1529 1067 1529 1029 1530 1067 1530 1027 1530 1027 1531 1067 1531 1068 1531 1037 1532 1043 1532 1038 1532 1038 1533 1043 1533 1045 1533 1038 1534 1045 1534 1091 1534 1091 1535 1045 1535 1095 1535 1091 1536 1095 1536 1092 1536 1092 1537 1095 1537 1096 1537 1092 1538 1096 1538 1093 1538 1093 1539 1096 1539 1097 1539 1093 1540 1097 1540 1094 1540 1094 1541 1097 1541 1098 1541 1094 1542 1098 1542 1067 1542 1067 1543 1098 1543 1069 1543 1067 1544 1069 1544 1065 1544 1065 1545 1069 1545 1071 1545 1078 1546 1099 1546 1041 1546 1041 1547 1099 1547 1100 1547 1041 1548 1100 1548 1101 1548 1100 1549 1102 1549 1101 1549 1101 1550 1102 1550 1103 1550 1101 1551 1103 1551 1104 1551 1105 1552 1106 1552 1107 1552 1107 1553 1106 1553 1104 1553 1107 1554 1104 1554 1108 1554 1108 1555 1104 1555 1103 1555 1105 1556 1109 1556 1106 1556 1106 1557 1109 1557 1110 1557 1106 1558 1110 1558 1111 1558 1110 1559 1112 1559 1111 1559 1111 1560 1112 1560 1113 1560 1111 1561 1113 1561 1114 1561 1114 1562 1113 1562 1115 1562 1114 1563 1115 1563 1116 1563 1046 1564 1042 1564 1045 1564 1045 1565 1042 1565 1041 1565 1045 1566 1041 1566 1095 1566 1095 1567 1041 1567 1101 1567 1095 1568 1101 1568 1096 1568 1096 1569 1101 1569 1104 1569 1096 1570 1104 1570 1097 1570 1097 1571 1104 1571 1106 1571 1097 1572 1106 1572 1098 1572 1098 1573 1106 1573 1111 1573 1098 1574 1111 1574 1069 1574 1069 1575 1111 1575 1114 1575 1069 1576 1114 1576 1072 1576 1072 1577 1114 1577 1116 1577 1072 1578 1116 1578 1073 1578 1117 1579 1118 1579 1119 1579 1120 1580 1121 1580 1122 1580 1123 1581 1124 1581 1125 1581 1126 1582 1127 1582 1128 1582 1128 1583 1127 1583 1129 1583 1128 1584 1129 1584 1130 1584 1130 1585 1129 1585 1131 1585 1130 1586 1131 1586 1132 1586 1126 1587 1128 1587 1133 1587 1133 1588 1128 1588 1134 1588 1133 1589 1134 1589 1135 1589 1125 1590 1124 1590 1134 1590 1134 1591 1124 1591 1136 1591 1134 1592 1136 1592 1135 1592 1137 1593 1138 1593 1125 1593 1138 1594 1139 1594 1125 1594 1125 1595 1139 1595 1140 1595 1125 1596 1140 1596 1123 1596 1141 1597 1142 1597 1143 1597 1143 1598 1142 1598 1144 1598 1144 1599 1145 1599 1125 1599 1125 1600 1145 1600 1146 1600 1125 1601 1146 1601 1137 1601 1147 1602 1148 1602 1149 1602 1147 1603 1150 1603 1151 1603 1152 1604 1148 1604 1153 1604 1153 1605 1148 1605 1147 1605 1153 1606 1147 1606 1154 1606 1154 1607 1147 1607 1151 1607 1155 1608 1156 1608 1147 1608 1147 1609 1156 1609 1157 1609 1147 1610 1157 1610 1150 1610 1158 1611 1159 1611 1160 1611 1160 1612 1159 1612 1161 1612 1160 1613 1161 1613 1155 1613 1155 1614 1161 1614 1162 1614 1155 1615 1162 1615 1156 1615 1158 1616 1160 1616 1163 1616 1163 1617 1160 1617 1164 1617 1163 1618 1164 1618 1165 1618 978 1619 984 1619 1164 1619 1164 1620 984 1620 1166 1620 1164 1621 1166 1621 1165 1621 983 1622 982 1622 1167 1622 1167 1623 982 1623 981 1623 1167 1624 981 1624 980 1624 1164 1625 1168 1625 978 1625 978 1626 1168 1626 1167 1626 978 1627 1167 1627 979 1627 979 1628 1167 1628 980 1628 960 1629 962 1629 1169 1629 1169 1630 962 1630 964 1630 1169 1631 964 1631 1170 1631 1171 1632 1172 1632 1173 1632 1173 1633 1172 1633 1174 1633 1173 1634 1174 1634 1175 1634 1175 1635 1174 1635 1176 1635 1175 1636 1176 1636 1122 1636 1122 1637 1176 1637 1177 1637 1122 1638 1177 1638 1120 1638 1178 1639 1179 1639 1173 1639 1173 1640 1179 1640 1180 1640 1173 1641 1180 1641 1171 1641 1181 1642 1182 1642 1183 1642 1183 1643 1182 1643 1117 1643 1144 1644 1125 1644 1143 1644 1143 1645 1125 1645 1134 1645 1143 1646 1134 1646 1184 1646 1184 1647 1134 1647 1128 1647 1184 1648 1128 1648 1185 1648 1185 1649 1128 1649 1130 1649 1185 1650 1130 1650 1186 1650 1186 1651 1130 1651 1187 1651 1186 1652 1187 1652 1188 1652 1117 1653 1119 1653 1183 1653 1183 1654 1119 1654 1189 1654 1183 1655 1189 1655 1190 1655 1190 1656 1189 1656 1191 1656 1190 1657 1191 1657 1192 1657 1192 1658 1191 1658 1193 1658 1192 1659 1193 1659 1194 1659 1194 1660 1193 1660 1195 1660 1194 1661 1195 1661 1196 1661 1175 1662 1197 1662 1173 1662 1173 1663 1197 1663 1187 1663 1173 1664 1187 1664 1178 1664 1178 1665 1187 1665 1130 1665 1178 1666 1130 1666 1198 1666 1198 1667 1130 1667 1132 1667 1197 1668 1199 1668 1187 1668 1187 1669 1199 1669 1200 1669 1187 1670 1200 1670 1188 1670 1188 1671 1200 1671 1201 1671 1188 1672 1201 1672 1202 1672 1202 1673 1195 1673 1188 1673 1188 1674 1195 1674 1193 1674 1188 1675 1193 1675 1186 1675 1186 1676 1193 1676 1191 1676 1186 1677 1191 1677 1185 1677 1185 1678 1191 1678 1189 1678 1185 1679 1189 1679 1184 1679 1184 1680 1189 1680 1119 1680 1184 1681 1119 1681 1143 1681 1143 1682 1119 1682 1118 1682 1143 1683 1118 1683 1141 1683 1202 1684 1203 1684 1195 1684 1195 1685 1203 1685 1204 1685 1195 1686 1204 1686 1196 1686 1196 1687 1204 1687 1205 1687 1196 1688 1205 1688 1206 1688 1206 1689 1168 1689 1196 1689 1196 1690 1168 1690 1164 1690 1196 1691 1164 1691 1194 1691 1194 1692 1164 1692 1160 1692 1194 1693 1160 1693 1192 1693 1192 1694 1160 1694 1155 1694 1192 1695 1155 1695 1190 1695 1190 1696 1155 1696 1147 1696 1190 1697 1147 1697 1183 1697 1183 1698 1147 1698 1149 1698 1183 1699 1149 1699 1181 1699 964 1700 983 1700 1170 1700 1170 1701 983 1701 1167 1701 1170 1702 1167 1702 1207 1702 1207 1703 1167 1703 1168 1703 1207 1704 1168 1704 1208 1704 1208 1705 1168 1705 1206 1705 1209 1706 1210 1706 1211 1706 1212 1707 1213 1707 1214 1707 1215 1708 1212 1708 1216 1708 1217 1709 1218 1709 1219 1709 1219 1710 1218 1710 1220 1710 1219 1711 1220 1711 1221 1711 1221 1712 1220 1712 1222 1712 1221 1713 1222 1713 1223 1713 1223 1714 1222 1714 1224 1714 1223 1715 1224 1715 1225 1715 1212 1716 1214 1716 1216 1716 1216 1717 1214 1717 1226 1717 1216 1718 1226 1718 1227 1718 1227 1719 1226 1719 1228 1719 1227 1720 1228 1720 1229 1720 1229 1721 1228 1721 1230 1721 1229 1722 1230 1722 1231 1722 1231 1723 1230 1723 1232 1723 1231 1724 1232 1724 1233 1724 1232 1725 1234 1725 1233 1725 1233 1726 1234 1726 1235 1726 1233 1727 1235 1727 1236 1727 1236 1728 1235 1728 1237 1728 1237 1729 1209 1729 1236 1729 1236 1730 1209 1730 1211 1730 1236 1731 1211 1731 1233 1731 1233 1732 1211 1732 1238 1732 1233 1733 1238 1733 1231 1733 1231 1734 1238 1734 1224 1734 1231 1735 1224 1735 1229 1735 1229 1736 1224 1736 1222 1736 1229 1737 1222 1737 1227 1737 1227 1738 1222 1738 1220 1738 1227 1739 1220 1739 1216 1739 1216 1740 1220 1740 1218 1740 1216 1741 1218 1741 1215 1741 1215 1742 1218 1742 1217 1742 1225 1743 1224 1743 1239 1743 1239 1744 1224 1744 1238 1744 1239 1745 1238 1745 1240 1745 1240 1746 1238 1746 1211 1746 1240 1747 1211 1747 1241 1747 1241 1748 1211 1748 1210 1748 1241 1749 1210 1749 1242 1749 1243 1750 1244 1750 1245 1750 1246 1751 1247 1751 1248 1751 1248 1752 1247 1752 1249 1752 1248 1753 1249 1753 1250 1753 1251 1754 1252 1754 1253 1754 1253 1755 1252 1755 1254 1755 1253 1756 1254 1756 1255 1756 1255 1757 1254 1757 1256 1757 1250 1758 1257 1758 1248 1758 1248 1759 1257 1759 1258 1759 1248 1760 1258 1760 1259 1760 1259 1761 1258 1761 1260 1761 1259 1762 1260 1762 1261 1762 1261 1763 1260 1763 1262 1763 1261 1764 1262 1764 1263 1764 1263 1765 1262 1765 1264 1765 1263 1766 1264 1766 1245 1766 1245 1767 1264 1767 1265 1767 1245 1768 1265 1768 1243 1768 1244 1769 1266 1769 1245 1769 1245 1770 1266 1770 1267 1770 1245 1771 1267 1771 1263 1771 1263 1772 1267 1772 1268 1772 1263 1773 1268 1773 1261 1773 1261 1774 1268 1774 1256 1774 1261 1775 1256 1775 1259 1775 1259 1776 1256 1776 1254 1776 1259 1777 1254 1777 1248 1777 1248 1778 1254 1778 1252 1778 1248 1779 1252 1779 1246 1779 1246 1780 1252 1780 1251 1780 1269 1781 1270 1781 1266 1781 1266 1782 1270 1782 1271 1782 1266 1783 1271 1783 1267 1783 1267 1784 1271 1784 1272 1784 1267 1785 1272 1785 1268 1785 1268 1786 1272 1786 1273 1786 1268 1787 1273 1787 1256 1787 1256 1788 1273 1788 1274 1788 1256 1789 1274 1789 1255 1789 1275 1790 1269 1790 1276 1790 1276 1791 1269 1791 1266 1791 1276 1792 1266 1792 1277 1792 1277 1793 1266 1793 1244 1793 1277 1794 1244 1794 1278 1794 1278 1795 1244 1795 1243 1795 1279 1796 1280 1796 1281 1796 1281 1797 1280 1797 1282 1797 1281 1798 1282 1798 1283 1798 1283 1799 1282 1799 1284 1799 1284 1800 1282 1800 1285 1800 1285 1801 1282 1801 1286 1801 1285 1802 1286 1802 1287 1802 1288 1803 1289 1803 1286 1803 1286 1804 1289 1804 1290 1804 1286 1805 1290 1805 1287 1805 1291 1806 1292 1806 1288 1806 1288 1807 1292 1807 1293 1807 1288 1808 1293 1808 1289 1808 1291 1809 1294 1809 1295 1809 1295 1810 1294 1810 1296 1810 1295 1811 1296 1811 1297 1811 1298 1812 1296 1812 1299 1812 1299 1813 1296 1813 1300 1813 1298 1814 1301 1814 1296 1814 1296 1815 1301 1815 1302 1815 1296 1816 1302 1816 1297 1816 1303 1817 1304 1817 1305 1817 1306 1818 1305 1818 1307 1818 1307 1819 1305 1819 1308 1819 1306 1820 1309 1820 1305 1820 1305 1821 1309 1821 1310 1821 1305 1822 1310 1822 1303 1822 1311 1823 1312 1823 1305 1823 1305 1824 1312 1824 1313 1824 1305 1825 1313 1825 1308 1825 1314 1826 1315 1826 1316 1826 1316 1827 1315 1827 1317 1827 1316 1828 1317 1828 1311 1828 1311 1829 1317 1829 1318 1829 1311 1830 1318 1830 1312 1830 1314 1831 1316 1831 1319 1831 1319 1832 1316 1832 1320 1832 1319 1833 1320 1833 1321 1833 1269 1834 1275 1834 1320 1834 1320 1835 1275 1835 1322 1835 1320 1836 1322 1836 1321 1836 1274 1837 1273 1837 1323 1837 1323 1838 1273 1838 1272 1838 1323 1839 1272 1839 1271 1839 1320 1840 1324 1840 1269 1840 1269 1841 1324 1841 1323 1841 1269 1842 1323 1842 1270 1842 1270 1843 1323 1843 1271 1843 1251 1844 1253 1844 1325 1844 1325 1845 1253 1845 1255 1845 1325 1846 1255 1846 1326 1846 1327 1847 1328 1847 1329 1847 1329 1848 1328 1848 1280 1848 1329 1849 1280 1849 1330 1849 1330 1850 1280 1850 1279 1850 1331 1851 1332 1851 1296 1851 1296 1852 1332 1852 1333 1852 1296 1853 1333 1853 1300 1853 1334 1854 1335 1854 1336 1854 1336 1855 1335 1855 1337 1855 1337 1856 1338 1856 1339 1856 1339 1857 1338 1857 1340 1857 1339 1858 1340 1858 1331 1858 1291 1859 1288 1859 1294 1859 1294 1860 1288 1860 1286 1860 1294 1861 1286 1861 1341 1861 1341 1862 1286 1862 1282 1862 1341 1863 1282 1863 1342 1863 1342 1864 1282 1864 1280 1864 1342 1865 1280 1865 1343 1865 1337 1866 1339 1866 1336 1866 1336 1867 1339 1867 1344 1867 1336 1868 1344 1868 1345 1868 1345 1869 1344 1869 1346 1869 1345 1870 1346 1870 1347 1870 1347 1871 1346 1871 1348 1871 1347 1872 1348 1872 1349 1872 1349 1873 1348 1873 1350 1873 1349 1874 1350 1874 1351 1874 1328 1875 1352 1875 1280 1875 1280 1876 1352 1876 1353 1876 1280 1877 1353 1877 1343 1877 1343 1878 1353 1878 1354 1878 1343 1879 1354 1879 1355 1879 1331 1880 1296 1880 1339 1880 1339 1881 1296 1881 1294 1881 1339 1882 1294 1882 1344 1882 1344 1883 1294 1883 1341 1883 1344 1884 1341 1884 1346 1884 1346 1885 1341 1885 1342 1885 1346 1886 1342 1886 1348 1886 1348 1887 1342 1887 1343 1887 1348 1888 1343 1888 1350 1888 1350 1889 1343 1889 1355 1889 1350 1890 1355 1890 1356 1890 1356 1891 1357 1891 1350 1891 1350 1892 1357 1892 1358 1892 1350 1893 1358 1893 1351 1893 1351 1894 1358 1894 1359 1894 1351 1895 1359 1895 1360 1895 1360 1896 1324 1896 1351 1896 1351 1897 1324 1897 1320 1897 1351 1898 1320 1898 1349 1898 1349 1899 1320 1899 1316 1899 1349 1900 1316 1900 1347 1900 1347 1901 1316 1901 1311 1901 1347 1902 1311 1902 1345 1902 1345 1903 1311 1903 1305 1903 1345 1904 1305 1904 1336 1904 1336 1905 1305 1905 1304 1905 1336 1906 1304 1906 1334 1906 1255 1907 1274 1907 1326 1907 1326 1908 1274 1908 1323 1908 1326 1909 1323 1909 1361 1909 1361 1910 1323 1910 1324 1910 1361 1911 1324 1911 1362 1911 1362 1912 1324 1912 1360 1912 1363 1913 1364 1913 1365 1913 1366 1914 1367 1914 1368 1914 1369 1915 1370 1915 1371 1915 1372 1916 1373 1916 1374 1916 1374 1917 1373 1917 1375 1917 1374 1918 1375 1918 1376 1918 1377 1919 1378 1919 1379 1919 1379 1920 1378 1920 1380 1920 1379 1921 1381 1921 1382 1921 1382 1922 1383 1922 1379 1922 1379 1923 1383 1923 1384 1923 1379 1924 1384 1924 1385 1924 1385 1925 1386 1925 1379 1925 1379 1926 1386 1926 1387 1926 1379 1927 1387 1927 1377 1927 1388 1928 1389 1928 1379 1928 1379 1929 1389 1929 1390 1929 1390 1930 1391 1930 1379 1930 1379 1931 1391 1931 1392 1931 1379 1932 1392 1932 1381 1932 1367 1933 1393 1933 1394 1933 1394 1934 1395 1934 1396 1934 1396 1935 1395 1935 1397 1935 1396 1936 1397 1936 1388 1936 1366 1937 1398 1937 1367 1937 1367 1938 1398 1938 1399 1938 1367 1939 1399 1939 1393 1939 1400 1940 1401 1940 1366 1940 1366 1941 1401 1941 1402 1941 1366 1942 1402 1942 1398 1942 1403 1943 1404 1943 1405 1943 1405 1944 1404 1944 1406 1944 1405 1945 1406 1945 1407 1945 1408 1946 1409 1946 1405 1946 1405 1947 1409 1947 1410 1947 1410 1948 1411 1948 1405 1948 1405 1949 1411 1949 1412 1949 1405 1950 1412 1950 1413 1950 1414 1951 1403 1951 1415 1951 1415 1952 1403 1952 1405 1952 1415 1953 1405 1953 1416 1953 1416 1954 1405 1954 1413 1954 1225 1955 1239 1955 1417 1955 1417 1956 1239 1956 1240 1956 1417 1957 1240 1957 1241 1957 1241 1958 1242 1958 1417 1958 1417 1959 1242 1959 1418 1959 1417 1960 1418 1960 1419 1960 1217 1961 1219 1961 1420 1961 1420 1962 1219 1962 1221 1962 1420 1963 1221 1963 1421 1963 1421 1964 1221 1964 1223 1964 1421 1965 1223 1965 1422 1965 1376 1966 1423 1966 1374 1966 1374 1967 1423 1967 1424 1967 1374 1968 1424 1968 1425 1968 1425 1969 1424 1969 1426 1969 1425 1970 1426 1970 1371 1970 1371 1971 1426 1971 1427 1971 1371 1972 1427 1972 1369 1972 1388 1973 1379 1973 1396 1973 1396 1974 1379 1974 1428 1974 1396 1975 1428 1975 1429 1975 1425 1976 1430 1976 1374 1976 1374 1977 1430 1977 1428 1977 1374 1978 1428 1978 1372 1978 1372 1979 1428 1979 1379 1979 1372 1980 1379 1980 1431 1980 1431 1981 1379 1981 1380 1981 1430 1982 1432 1982 1428 1982 1428 1983 1432 1983 1433 1983 1428 1984 1433 1984 1429 1984 1429 1985 1433 1985 1434 1985 1429 1986 1434 1986 1435 1986 1394 1987 1396 1987 1367 1987 1367 1988 1396 1988 1429 1988 1367 1989 1429 1989 1368 1989 1368 1990 1429 1990 1435 1990 1368 1991 1435 1991 1436 1991 1436 1992 1363 1992 1368 1992 1368 1993 1363 1993 1365 1993 1368 1994 1365 1994 1366 1994 1366 1995 1365 1995 1405 1995 1366 1996 1405 1996 1400 1996 1400 1997 1405 1997 1407 1997 1364 1998 1437 1998 1365 1998 1365 1999 1437 1999 1419 1999 1365 2000 1419 2000 1405 2000 1405 2001 1419 2001 1418 2001 1405 2002 1418 2002 1408 2002 1223 2003 1225 2003 1422 2003 1422 2004 1225 2004 1417 2004 1422 2005 1417 2005 1438 2005 1438 2006 1417 2006 1419 2006 1438 2007 1419 2007 1439 2007 1439 2008 1419 2008 1437 2008 1440 2009 1441 2009 1442 2009 1442 2010 1441 2010 1443 2010 1444 2011 1445 2011 1446 2011 1447 2012 1448 2012 1449 2012 1449 2013 1448 2013 1450 2013 1449 2014 1450 2014 1451 2014 1451 2015 1450 2015 1452 2015 1451 2016 1452 2016 1453 2016 1454 2017 1455 2017 1456 2017 1456 2018 1455 2018 1457 2018 1456 2019 1457 2019 1452 2019 1452 2020 1457 2020 1458 2020 1452 2021 1458 2021 1453 2021 1459 2022 1460 2022 1461 2022 1461 2023 1460 2023 1462 2023 1461 2024 1462 2024 1447 2024 1447 2025 1462 2025 1463 2025 1447 2026 1463 2026 1448 2026 1464 2027 1465 2027 1466 2027 1466 2028 1465 2028 1467 2028 1466 2029 1467 2029 1468 2029 1468 2030 1467 2030 1469 2030 1468 2031 1469 2031 1470 2031 1461 2032 1471 2032 1459 2032 1459 2033 1471 2033 1472 2033 1459 2034 1472 2034 1464 2034 1464 2035 1472 2035 1473 2035 1464 2036 1473 2036 1465 2036 1474 2037 1475 2037 1476 2037 1476 2038 1475 2038 1477 2038 1476 2039 1477 2039 1478 2039 1478 2040 1477 2040 1479 2040 1478 2041 1479 2041 1480 2041 1480 2042 1479 2042 1481 2042 1480 2043 1481 2043 1482 2043 1482 2044 1481 2044 1483 2044 1482 2045 1483 2045 1484 2045 1485 2046 1486 2046 1487 2046 1484 2047 1483 2047 1488 2047 1488 2048 1483 2048 1489 2048 1488 2049 1489 2049 1490 2049 1490 2050 1489 2050 1487 2050 1490 2051 1487 2051 1491 2051 1491 2052 1487 2052 1486 2052 1491 2053 1486 2053 1492 2053 1486 2054 1493 2054 1492 2054 1492 2055 1493 2055 1494 2055 1492 2056 1494 2056 1495 2056 1495 2057 1494 2057 1496 2057 1495 2058 1496 2058 1497 2058 1497 2059 1496 2059 1498 2059 1497 2060 1498 2060 1474 2060 1474 2061 1498 2061 1499 2061 1474 2062 1499 2062 1475 2062 1500 2063 1485 2063 1446 2063 1446 2064 1485 2064 1487 2064 1446 2065 1487 2065 1444 2065 1444 2066 1487 2066 1501 2066 1444 2067 1501 2067 1502 2067 1502 2068 1501 2068 1503 2068 1502 2069 1503 2069 1504 2069 1481 2070 1505 2070 1483 2070 1483 2071 1505 2071 1506 2071 1483 2072 1506 2072 1507 2072 1507 2073 1506 2073 1508 2073 1507 2074 1508 2074 1509 2074 1509 2075 1508 2075 1510 2075 1509 2076 1510 2076 1441 2076 1441 2077 1510 2077 1511 2077 1441 2078 1511 2078 1443 2078 1440 2079 1442 2079 1512 2079 1512 2080 1442 2080 1513 2080 1512 2081 1513 2081 1514 2081 1514 2082 1513 2082 1515 2082 1514 2083 1515 2083 1516 2083 1517 2084 1518 2084 1519 2084 1518 2085 1520 2085 1519 2085 1519 2086 1520 2086 1521 2086 1519 2087 1521 2087 1522 2087 1521 2088 1523 2088 1522 2088 1522 2089 1523 2089 1524 2089 1522 2090 1524 2090 1525 2090 1525 2091 1524 2091 1526 2091 1525 2092 1526 2092 1527 2092 1527 2093 1526 2093 1528 2093 1527 2094 1528 2094 1529 2094 1530 2095 1531 2095 1532 2095 1529 2096 1533 2096 1534 2096 1531 2097 1530 2097 1533 2097 1533 2098 1530 2098 1535 2098 1533 2099 1535 2099 1534 2099 1529 2100 1534 2100 1527 2100 1527 2101 1534 2101 1536 2101 1527 2102 1536 2102 1537 2102 1537 2103 1536 2103 1538 2103 1537 2104 1538 2104 1539 2104 1540 2105 1541 2105 1542 2105 1542 2106 1541 2106 1543 2106 1542 2107 1543 2107 1544 2107 1544 2108 1543 2108 1545 2108 1538 2109 1546 2109 1539 2109 1539 2110 1546 2110 1547 2110 1539 2111 1547 2111 1548 2111 1548 2112 1547 2112 1549 2112 1548 2113 1549 2113 1550 2113 1550 2114 1549 2114 1545 2114 1550 2115 1545 2115 1551 2115 1551 2116 1545 2116 1543 2116 1552 2117 1541 2117 1553 2117 1554 2118 1553 2118 1555 2118 1555 2119 1553 2119 1541 2119 1555 2120 1541 2120 1556 2120 1556 2121 1541 2121 1540 2121 1553 2122 1557 2122 1552 2122 1552 2123 1557 2123 1558 2123 1552 2124 1558 2124 1559 2124 1559 2125 1558 2125 1560 2125 1559 2126 1560 2126 1561 2126 1560 2127 1562 2127 1561 2127 1561 2128 1562 2128 1563 2128 1561 2129 1563 2129 1564 2129 1554 2130 1555 2130 1565 2130 1565 2131 1555 2131 1566 2131 1565 2132 1566 2132 1567 2132 1567 2133 1566 2133 1568 2133 1567 2134 1568 2134 1569 2134 1568 2135 1570 2135 1569 2135 1569 2136 1570 2136 1571 2136 1569 2137 1571 2137 1572 2137 1572 2138 1571 2138 1573 2138 1572 2139 1573 2139 1574 2139 1574 2140 1573 2140 1575 2140 1574 2141 1575 2141 1563 2141 1563 2142 1575 2142 1576 2142 1563 2143 1576 2143 1564 2143 1577 2144 1578 2144 1579 2144 1580 2145 1581 2145 1582 2145 1582 2146 1581 2146 1579 2146 1579 2147 1581 2147 1583 2147 1579 2148 1583 2148 1577 2148 1577 2149 1584 2149 1578 2149 1578 2150 1584 2150 1585 2150 1578 2151 1585 2151 1586 2151 1586 2152 1585 2152 1587 2152 1586 2153 1587 2153 1588 2153 1588 2154 1587 2154 1589 2154 1588 2155 1589 2155 1590 2155 1589 2156 1591 2156 1590 2156 1590 2157 1591 2157 1592 2157 1590 2158 1592 2158 1593 2158 1593 2159 1592 2159 1594 2159 1593 2160 1594 2160 1595 2160 1595 2161 1594 2161 1596 2161 1595 2162 1596 2162 1597 2162 1597 2163 1596 2163 1598 2163 1597 2164 1598 2164 1599 2164 1599 2165 1598 2165 1600 2165 1599 2166 1600 2166 1601 2166 1601 2167 1600 2167 1580 2167 1601 2168 1580 2168 1602 2168 1602 2169 1580 2169 1582 2169 1564 2170 1603 2170 1561 2170 1561 2171 1603 2171 1604 2171 1561 2172 1604 2172 1605 2172 1605 2173 1604 2173 1606 2173 1605 2174 1606 2174 1607 2174 1607 2175 1606 2175 1608 2175 1607 2176 1608 2176 1609 2176 1609 2177 1608 2177 1610 2177 1609 2178 1610 2178 1583 2178 1583 2179 1610 2179 1611 2179 1583 2180 1611 2180 1577 2180 1598 2181 1612 2181 1600 2181 1600 2182 1612 2182 1613 2182 1600 2183 1613 2183 1614 2183 1613 2184 1615 2184 1614 2184 1614 2185 1615 2185 1616 2185 1614 2186 1616 2186 1617 2186 1617 2187 1616 2187 1618 2187 1617 2188 1618 2188 1619 2188 1456 2189 1620 2189 1621 2189 1622 2190 1623 2190 1452 2190 1452 2191 1623 2191 1624 2191 1452 2192 1624 2192 1456 2192 1456 2193 1624 2193 1625 2193 1456 2194 1625 2194 1620 2194 1622 2195 1452 2195 1626 2195 1626 2196 1452 2196 1627 2196 1626 2197 1627 2197 1628 2197 1628 2198 1627 2198 1629 2198 1628 2199 1629 2199 1630 2199 1631 2200 1632 2200 1633 2200 1633 2201 1632 2201 1634 2201 1633 2202 1634 2202 1635 2202 1635 2203 1634 2203 1636 2203 1635 2204 1636 2204 1637 2204 1637 2205 1636 2205 1638 2205 1637 2206 1638 2206 1621 2206 1633 2207 1630 2207 1631 2207 1631 2208 1630 2208 1629 2208 1631 2209 1629 2209 1639 2209 1639 2210 1629 2210 1640 2210 1639 2211 1640 2211 1641 2211 1641 2212 1640 2212 1642 2212 1641 2213 1642 2213 1643 2213 1643 2214 1642 2214 1644 2214 1643 2215 1644 2215 1619 2215 1619 2216 1644 2216 1645 2216 1619 2217 1645 2217 1617 2217 1463 2218 1646 2218 1448 2218 1448 2219 1646 2219 1647 2219 1448 2220 1647 2220 1648 2220 1648 2221 1647 2221 1649 2221 1648 2222 1649 2222 1650 2222 1650 2223 1649 2223 1651 2223 1650 2224 1651 2224 1652 2224 1651 2225 1653 2225 1652 2225 1652 2226 1653 2226 1654 2226 1652 2227 1654 2227 1655 2227 1655 2228 1654 2228 1656 2228 1655 2229 1656 2229 1657 2229 1657 2230 1656 2230 1658 2230 1657 2231 1658 2231 1659 2231 1660 2232 1661 2232 1662 2232 1663 2233 1662 2233 1664 2233 1664 2234 1662 2234 1665 2234 1664 2235 1665 2235 1666 2235 1666 2236 1665 2236 1667 2236 1666 2237 1667 2237 1668 2237 1668 2238 1667 2238 1669 2238 1668 2239 1669 2239 1670 2239 1670 2240 1669 2240 1671 2240 1670 2241 1671 2241 1672 2241 1672 2242 1671 2242 1673 2242 1673 2243 1671 2243 1674 2243 1673 2244 1674 2244 1675 2244 1676 2245 1677 2245 1678 2245 1678 2246 1677 2246 1660 2246 1678 2247 1660 2247 1679 2247 1679 2248 1660 2248 1662 2248 1679 2249 1662 2249 1680 2249 1680 2250 1662 2250 1663 2250 1658 2251 1681 2251 1659 2251 1659 2252 1681 2252 1682 2252 1659 2253 1682 2253 1675 2253 1674 2254 1683 2254 1675 2254 1675 2255 1683 2255 1684 2255 1675 2256 1684 2256 1659 2256 1659 2257 1684 2257 1685 2257 1659 2258 1685 2258 1686 2258 1686 2259 1685 2259 1687 2259 1686 2260 1687 2260 1660 2260 1660 2261 1687 2261 1688 2261 1660 2262 1688 2262 1661 2262 1677 2263 1689 2263 1660 2263 1660 2264 1689 2264 1690 2264 1660 2265 1690 2265 1691 2265 1691 2266 1690 2266 1692 2266 1692 2267 1690 2267 1693 2267 1692 2268 1693 2268 1694 2268 1470 2269 1454 2269 1468 2269 1468 2270 1454 2270 1456 2270 1468 2271 1456 2271 1695 2271 1695 2272 1456 2272 1696 2272 1621 2273 1638 2273 1456 2273 1456 2274 1638 2274 1697 2274 1456 2275 1697 2275 1696 2275 1698 2276 1699 2276 1519 2276 1519 2277 1699 2277 1700 2277 1532 2278 1517 2278 1530 2278 1530 2279 1517 2279 1519 2279 1530 2280 1519 2280 1701 2280 1701 2281 1519 2281 1700 2281 1701 2282 1700 2282 1702 2282 1703 2283 1704 2283 1519 2283 1705 2284 1706 2284 1707 2284 1707 2285 1706 2285 1708 2285 1707 2286 1708 2286 1709 2286 1709 2287 1708 2287 1710 2287 1709 2288 1710 2288 1711 2288 1698 2289 1712 2289 1713 2289 1713 2290 1712 2290 1714 2290 1713 2291 1714 2291 1705 2291 1705 2292 1714 2292 1715 2292 1705 2293 1715 2293 1706 2293 1515 2294 1716 2294 1516 2294 1516 2295 1716 2295 1717 2295 1516 2296 1717 2296 1522 2296 1522 2297 1717 2297 1718 2297 1522 2298 1718 2298 1519 2298 1519 2299 1718 2299 1709 2299 1519 2300 1709 2300 1703 2300 1703 2301 1709 2301 1711 2301 1704 2302 1719 2302 1519 2302 1519 2303 1719 2303 1720 2303 1519 2304 1720 2304 1698 2304 1698 2305 1720 2305 1721 2305 1698 2306 1721 2306 1712 2306 1722 2307 1723 2307 1724 2307 1724 2308 1723 2308 1725 2308 1724 2309 1725 2309 1726 2309 1726 2310 1725 2310 1727 2310 1726 2311 1727 2311 1728 2311 1728 2312 1727 2312 1729 2312 1728 2313 1729 2313 1730 2313 1730 2314 1729 2314 1731 2314 1730 2315 1731 2315 1732 2315 1732 2316 1731 2316 1733 2316 1732 2317 1733 2317 1734 2317 1734 2318 1733 2318 1735 2318 1734 2319 1735 2319 1736 2319 1736 2320 1735 2320 1737 2320 1736 2321 1737 2321 1738 2321 1738 2322 1737 2322 1739 2322 1738 2323 1739 2323 1740 2323 1740 2324 1739 2324 1741 2324 1740 2325 1741 2325 1742 2325 1742 2326 1741 2326 1743 2326 1742 2327 1743 2327 1744 2327 1744 2328 1743 2328 1745 2328 1744 2329 1745 2329 1722 2329 1722 2330 1745 2330 1723 2330 1746 2331 1747 2331 1748 2331 1748 2332 1747 2332 1749 2332 1748 2333 1749 2333 1750 2333 1750 2334 1749 2334 1751 2334 1750 2335 1751 2335 1752 2335 1752 2336 1751 2336 1753 2336 1752 2337 1753 2337 1754 2337 1754 2338 1753 2338 1755 2338 1754 2339 1755 2339 1756 2339 1756 2340 1755 2340 1757 2340 1756 2341 1757 2341 1758 2341 1758 2342 1757 2342 1759 2342 1758 2343 1759 2343 1760 2343 1760 2344 1759 2344 1761 2344 1760 2345 1761 2345 1762 2345 1762 2346 1761 2346 1763 2346 1762 2347 1763 2347 1764 2347 1764 2348 1763 2348 1765 2348 1764 2349 1765 2349 1766 2349 1766 2350 1765 2350 1767 2350 1766 2351 1767 2351 1768 2351 1768 2352 1767 2352 1769 2352 1768 2353 1769 2353 1746 2353 1746 2354 1769 2354 1747 2354 1770 2355 1771 2355 1772 2355 1772 2356 1771 2356 1773 2356 1772 2357 1773 2357 1774 2357 1774 2358 1773 2358 1775 2358 1774 2359 1775 2359 1776 2359 1776 2360 1775 2360 1777 2360 1776 2361 1777 2361 1778 2361 1778 2362 1777 2362 1779 2362 1778 2363 1779 2363 1780 2363 1780 2364 1779 2364 1781 2364 1780 2365 1781 2365 1782 2365 1782 2366 1781 2366 1783 2366 1782 2367 1783 2367 1784 2367 1784 2368 1783 2368 1785 2368 1784 2369 1785 2369 1786 2369 1786 2370 1785 2370 1787 2370 1786 2371 1787 2371 1788 2371 1788 2372 1787 2372 1789 2372 1788 2373 1789 2373 1790 2373 1790 2374 1789 2374 1791 2374 1790 2375 1791 2375 1792 2375 1792 2376 1791 2376 1793 2376 1792 2377 1793 2377 1770 2377 1770 2378 1793 2378 1771 2378 1794 2379 1795 2379 1796 2379 1796 2380 1795 2380 1797 2380 1796 2381 1797 2381 1798 2381 1798 2382 1797 2382 1799 2382 1798 2383 1799 2383 1800 2383 1800 2384 1799 2384 1801 2384 1800 2385 1801 2385 1802 2385 1802 2386 1801 2386 1803 2386 1802 2387 1803 2387 1804 2387 1804 2388 1803 2388 1805 2388 1804 2389 1805 2389 1806 2389 1806 2390 1805 2390 1807 2390 1806 2391 1807 2391 1808 2391 1808 2392 1807 2392 1809 2392 1808 2393 1809 2393 1810 2393 1810 2394 1809 2394 1811 2394 1810 2395 1811 2395 1812 2395 1812 2396 1811 2396 1813 2396 1812 2397 1813 2397 1814 2397 1814 2398 1813 2398 1815 2398 1814 2399 1815 2399 1816 2399 1816 2400 1815 2400 1817 2400 1816 2401 1817 2401 1794 2401 1794 2402 1817 2402 1795 2402 1818 2403 1819 2403 1820 2403 1820 2404 1819 2404 1821 2404 1820 2405 1821 2405 1822 2405 1822 2406 1821 2406 1823 2406 1822 2407 1823 2407 1824 2407 1824 2408 1823 2408 1825 2408 1824 2409 1825 2409 1826 2409 1826 2410 1825 2410 1827 2410 1826 2411 1827 2411 1828 2411 1828 2412 1827 2412 1829 2412 1828 2413 1829 2413 1830 2413 1830 2414 1829 2414 1831 2414 1830 2415 1831 2415 1832 2415 1832 2416 1831 2416 1833 2416 1832 2417 1833 2417 1834 2417 1834 2418 1833 2418 1835 2418 1834 2419 1835 2419 1836 2419 1836 2420 1835 2420 1837 2420 1836 2421 1837 2421 1838 2421 1838 2422 1837 2422 1839 2422 1838 2423 1839 2423 1840 2423 1840 2424 1839 2424 1841 2424 1840 2425 1841 2425 1818 2425 1818 2426 1841 2426 1819 2426 1842 2427 1843 2427 1844 2427 1844 2428 1843 2428 1845 2428 1844 2429 1845 2429 1846 2429 1846 2430 1845 2430 1847 2430 1846 2431 1847 2431 1848 2431 1848 2432 1847 2432 1849 2432 1848 2433 1849 2433 1850 2433 1850 2434 1849 2434 1851 2434 1850 2435 1851 2435 1852 2435 1852 2436 1851 2436 1853 2436 1852 2437 1853 2437 1854 2437 1854 2438 1853 2438 1855 2438 1854 2439 1855 2439 1856 2439 1856 2440 1855 2440 1857 2440 1856 2441 1857 2441 1858 2441 1858 2442 1857 2442 1859 2442 1858 2443 1859 2443 1860 2443 1860 2444 1859 2444 1861 2444 1860 2445 1861 2445 1862 2445 1862 2446 1861 2446 1863 2446 1862 2447 1863 2447 1864 2447 1864 2448 1863 2448 1865 2448 1864 2449 1865 2449 1842 2449 1842 2450 1865 2450 1843 2450 1866 2451 1867 2451 1868 2451 1868 2452 1867 2452 1869 2452 1868 2453 1869 2453 1870 2453 1870 2454 1869 2454 1871 2454 1870 2455 1871 2455 1872 2455 1872 2456 1871 2456 1873 2456 1872 2457 1873 2457 1874 2457 1874 2458 1873 2458 1875 2458 1874 2459 1875 2459 1876 2459 1876 2460 1875 2460 1877 2460 1876 2461 1877 2461 1878 2461 1878 2462 1877 2462 1879 2462 1880 2463 1881 2463 1866 2463 1866 2464 1881 2464 1867 2464 1882 2465 1883 2465 1884 2465 1884 2466 1883 2466 1885 2466 1884 2467 1885 2467 1886 2467 1886 2468 1885 2468 1887 2468 1886 2469 1887 2469 1888 2469 1888 2470 1887 2470 1889 2470 1888 2471 1889 2471 1890 2471 1890 2472 1889 2472 1891 2472 1890 2473 1891 2473 1892 2473 1892 2474 1891 2474 1893 2474 1892 2475 1893 2475 1880 2475 1880 2476 1893 2476 1881 2476 1878 2477 1879 2477 1882 2477 1882 2478 1879 2478 1883 2478 1894 2479 1895 2479 1896 2479 1897 2480 1898 2480 1899 2480 1900 2481 1901 2481 1902 2481 1902 2482 1901 2482 1903 2482 1900 2483 1902 2483 1896 2483 1896 2484 1902 2484 1897 2484 1896 2485 1897 2485 1894 2485 1894 2486 1897 2486 1899 2486 1894 2487 1899 2487 1904 2487 1903 2488 1905 2488 1902 2488 1902 2489 1905 2489 1906 2489 1902 2490 1906 2490 1907 2490 1908 2491 1909 2491 1910 2491 1910 2492 1909 2492 1911 2492 1910 2493 1911 2493 1912 2493 1912 2494 1911 2494 1913 2494 1912 2495 1913 2495 1914 2495 1914 2496 1913 2496 1915 2496 1914 2497 1915 2497 1916 2497 1916 2498 1915 2498 1917 2498 1916 2499 1917 2499 1918 2499 1918 2500 1917 2500 1919 2500 1918 2501 1919 2501 1920 2501 1920 2502 1919 2502 1921 2502 1920 2503 1921 2503 1922 2503 1922 2504 1921 2504 1923 2504 1922 2505 1923 2505 1924 2505 1924 2506 1923 2506 1925 2506 1924 2507 1925 2507 1926 2507 1926 2508 1925 2508 1927 2508 1926 2509 1927 2509 1928 2509 1928 2510 1927 2510 1929 2510 1928 2511 1929 2511 1930 2511 1930 2512 1929 2512 1931 2512 1930 2513 1931 2513 1908 2513 1908 2514 1931 2514 1909 2514 1932 2515 1933 2515 1934 2515 1934 2516 1933 2516 1935 2516 1934 2517 1935 2517 1936 2517 1937 2518 1938 2518 1934 2518 1934 2519 1938 2519 1939 2519 1934 2520 1939 2520 1932 2520 1940 2521 1941 2521 1934 2521 1934 2522 1941 2522 1942 2522 1934 2523 1942 2523 1937 2523 1936 2524 1943 2524 1934 2524 1934 2525 1943 2525 1944 2525 1934 2526 1944 2526 1940 2526 1945 2527 1946 2527 1947 2527 1947 2528 1946 2528 1948 2528 1947 2529 1948 2529 1949 2529 1949 2530 1948 2530 1950 2530 1950 2531 1948 2531 1951 2531 1950 2532 1951 2532 1952 2532 1953 2533 1954 2533 1955 2533 1955 2534 1954 2534 1956 2534 1955 2535 1956 2535 1951 2535 1951 2536 1956 2536 1957 2536 1951 2537 1957 2537 1952 2537 1958 2538 1953 2538 1959 2538 1959 2539 1953 2539 1955 2539 1959 2540 1955 2540 1960 2540 1961 2541 1962 2541 1963 2541 1963 2542 1964 2542 1961 2542 1961 2543 1964 2543 1965 2543 1961 2544 1965 2544 1960 2544 1960 2545 1965 2545 1966 2545 1960 2546 1966 2546 1959 2546 1946 2547 1945 2547 1967 2547 1967 2548 1968 2548 1946 2548 1946 2549 1968 2549 1969 2549 1946 2550 1969 2550 1970 2550 1971 2551 1963 2551 1962 2551 1971 2552 1962 2552 1972 2552 1973 2553 1974 2553 1962 2553 1962 2554 1974 2554 1975 2554 1962 2555 1975 2555 1972 2555 1976 2556 1977 2556 1978 2556 1978 2557 1977 2557 1979 2557 1980 2558 1981 2558 1982 2558 1983 2559 1984 2559 1980 2559 1980 2560 1984 2560 1985 2560 1980 2561 1985 2561 1981 2561 1986 2562 1987 2562 1988 2562 1988 2563 1987 2563 1989 2563 1988 2564 1989 2564 1990 2564 1990 2565 1991 2565 1988 2565 1988 2566 1991 2566 1992 2566 1988 2567 1992 2567 1976 2567 1976 2568 1992 2568 1993 2568 1976 2569 1993 2569 1977 2569 1979 2570 1994 2570 1978 2570 1978 2571 1994 2571 1995 2571 1978 2572 1995 2572 1983 2572 1983 2573 1995 2573 1996 2573 1983 2574 1996 2574 1984 2574 1982 2575 1997 2575 1980 2575 1980 2576 1997 2576 1998 2576 1980 2577 1998 2577 1999 2577 1999 2578 1998 2578 2000 2578 1999 2579 2000 2579 2001 2579 2001 2580 2000 2580 2002 2580 2001 2581 2002 2581 2003 2581 2003 2582 2002 2582 2004 2582 2003 2583 2004 2583 2005 2583 2005 2584 2004 2584 2006 2584 2005 2585 2006 2585 2007 2585 2007 2586 2006 2586 2008 2586 2007 2587 2008 2587 2009 2587 2009 2588 2008 2588 2010 2588 2009 2589 2010 2589 1986 2589 1986 2590 2010 2590 2011 2590 1986 2591 2011 2591 1987 2591 2012 2592 2013 2592 2014 2592 2 2593 4 2593 2013 2593 2013 2594 4 2594 2015 2594 2013 2595 2015 2595 2014 2595 2014 2596 2015 2596 2016 2596 2017 2597 2018 2597 2014 2597 2014 2598 2018 2598 2019 2598 2014 2599 2019 2599 2012 2599 2020 2600 2021 2600 2022 2600 2022 2601 2021 2601 2023 2601 2024 2602 2025 2602 2023 2602 2026 2603 2027 2603 2025 2603 2025 2604 2027 2604 2028 2604 2025 2605 2028 2605 2023 2605 2023 2606 2028 2606 2029 2606 2023 2607 2029 2607 2022 2607 2015 2608 2030 2608 2016 2608 2016 2609 2030 2609 2031 2609 2016 2610 2031 2610 2032 2610 2032 2611 2031 2611 2024 2611 2032 2612 2024 2612 2033 2612 2033 2613 2024 2613 2023 2613 2034 2614 2035 2614 2036 2614 14 2615 16 2615 2035 2615 2035 2616 16 2616 2037 2616 2035 2617 2037 2617 2036 2617 2036 2618 2037 2618 2038 2618 2039 2619 2040 2619 2036 2619 2036 2620 2040 2620 2041 2620 2036 2621 2041 2621 2034 2621 2042 2622 2043 2622 2044 2622 2044 2623 2043 2623 2045 2623 2046 2624 2047 2624 2045 2624 2048 2625 2049 2625 2047 2625 2047 2626 2049 2626 2050 2626 2047 2627 2050 2627 2045 2627 2045 2628 2050 2628 2051 2628 2045 2629 2051 2629 2044 2629 2037 2630 2052 2630 2038 2630 2038 2631 2052 2631 2053 2631 2038 2632 2053 2632 2054 2632 2054 2633 2053 2633 2046 2633 2054 2634 2046 2634 2055 2634 2055 2635 2046 2635 2045 2635 2056 2636 2057 2636 2058 2636 2056 2637 2058 2637 2059 2637 2060 2638 2061 2638 2062 2638 2062 2639 2061 2639 2058 2639 2062 2640 2058 2640 2063 2640 2063 2641 2058 2641 2057 2641 2064 2642 2065 2642 2066 2642 2066 2643 2065 2643 2067 2643 2066 2644 2067 2644 2058 2644 2058 2645 2067 2645 2068 2645 2058 2646 2068 2646 2059 2646 2069 2647 2070 2647 2066 2647 2066 2648 2070 2648 2071 2648 2066 2649 2071 2649 2064 2649 2042 2650 2072 2650 2043 2650 2043 2651 2072 2651 2073 2651 2043 2652 2073 2652 2069 2652 2069 2653 2073 2653 2074 2653 2069 2654 2074 2654 2070 2654 2075 2655 2076 2655 2077 2655 2077 2656 2076 2656 2078 2656 2077 2657 2078 2657 2079 2657 2079 2658 2078 2658 2080 2658 2080 2659 2078 2659 2081 2659 2080 2660 2081 2660 2082 2660 2082 2661 2081 2661 2083 2661 2083 2662 2081 2662 2061 2662 2083 2663 2061 2663 2060 2663 2084 2664 2085 2664 2086 2664 2087 2665 2088 2665 2089 2665 2090 2666 1278 2666 2091 2666 2089 2667 2088 2667 2091 2667 2091 2668 2088 2668 2092 2668 2091 2669 2092 2669 2090 2669 2086 2670 2085 2670 2089 2670 2089 2671 2085 2671 2093 2671 2089 2672 2093 2672 2087 2672 2094 2673 2095 2673 2086 2673 2086 2674 2095 2674 2096 2674 2086 2675 2096 2675 2084 2675 2076 2676 2075 2676 2094 2676 2094 2677 2075 2677 2097 2677 2094 2678 2097 2678 2098 2678 2098 2679 2099 2679 2094 2679 2094 2680 2099 2680 2100 2680 2094 2681 2100 2681 2095 2681 2101 2682 2102 2682 2103 2682 2103 2683 2102 2683 2104 2683 2103 2684 2104 2684 2105 2684 2105 2685 2104 2685 2106 2685 2107 2686 2108 2686 2109 2686 2109 2687 2108 2687 2110 2687 2109 2688 2110 2688 2111 2688 2111 2689 2112 2689 2109 2689 2109 2690 2112 2690 2113 2690 2109 2691 2113 2691 2104 2691 2104 2692 2113 2692 2114 2692 2104 2693 2114 2693 2106 2693 2115 2694 1260 2694 1258 2694 1258 2695 1257 2695 2115 2695 2115 2696 1257 2696 1250 2696 2115 2697 1250 2697 2109 2697 2109 2698 1250 2698 1249 2698 2109 2699 1249 2699 2107 2699 2091 2700 1278 2700 2116 2700 2116 2701 1278 2701 1243 2701 1243 2702 1265 2702 2116 2702 2116 2703 1265 2703 1264 2703 2116 2704 1264 2704 2115 2704 2115 2705 1264 2705 1262 2705 2115 2706 1262 2706 1260 2706 2117 2707 2118 2707 2119 2707 2119 2708 2118 2708 2120 2708 2119 2709 2120 2709 2121 2709 2122 2710 2123 2710 2124 2710 2124 2711 2125 2711 2122 2711 2122 2712 2125 2712 2126 2712 2122 2713 2126 2713 2127 2713 2127 2714 2126 2714 2128 2714 2127 2715 2128 2715 2119 2715 2119 2716 2128 2716 2129 2716 2119 2717 2129 2717 2117 2717 2123 2718 2122 2718 2130 2718 2130 2719 2122 2719 2131 2719 2130 2720 2131 2720 2132 2720 2101 2721 2133 2721 2102 2721 2102 2722 2133 2722 2134 2722 2102 2723 2134 2723 2131 2723 2131 2724 2134 2724 2135 2724 2131 2725 2135 2725 2132 2725 2136 2726 2137 2726 2138 2726 2139 2727 2140 2727 2141 2727 2141 2728 2140 2728 2142 2728 2141 2729 2142 2729 2143 2729 2143 2730 2142 2730 2144 2730 2143 2731 2144 2731 2119 2731 2145 2732 2146 2732 2147 2732 2147 2733 2146 2733 2148 2733 2147 2734 2148 2734 2149 2734 2149 2735 2148 2735 2150 2735 2149 2736 2150 2736 2151 2736 2151 2737 2150 2737 2152 2737 2151 2738 2152 2738 2137 2738 2137 2739 2152 2739 2153 2739 2137 2740 2153 2740 2138 2740 2136 2741 2138 2741 2154 2741 2154 2742 2138 2742 2155 2742 2154 2743 2155 2743 2156 2743 2157 2744 2158 2744 2159 2744 2159 2745 2158 2745 2160 2745 2159 2746 2160 2746 2155 2746 2155 2747 2160 2747 2161 2747 2155 2748 2161 2748 2156 2748 2157 2749 2159 2749 2162 2749 2162 2750 2159 2750 2163 2750 2162 2751 2163 2751 2121 2751 2121 2752 2163 2752 2164 2752 2121 2753 2164 2753 2119 2753 2119 2754 2164 2754 2165 2754 2119 2755 2165 2755 2143 2755 2166 2756 2167 2756 2168 2756 2168 2757 2167 2757 2169 2757 2168 2758 2169 2758 2170 2758 2170 2759 2169 2759 2171 2759 2170 2760 2171 2760 1237 2760 2172 2761 2173 2761 2174 2761 2174 2762 2173 2762 2175 2762 2174 2763 2175 2763 2176 2763 2176 2764 2177 2764 2174 2764 2174 2765 2177 2765 2178 2765 2174 2766 2178 2766 2168 2766 2168 2767 2178 2767 2179 2767 2168 2768 2179 2768 2166 2768 2137 2769 2180 2769 2151 2769 2151 2770 2180 2770 2181 2770 2151 2771 2181 2771 2172 2771 2172 2772 2181 2772 2182 2772 2172 2773 2182 2773 2173 2773 2183 2774 2184 2774 2185 2774 2186 2775 2187 2775 2188 2775 2188 2776 2187 2776 2183 2776 2188 2777 2183 2777 2189 2777 2189 2778 2183 2778 2185 2778 2184 2779 2183 2779 2190 2779 2190 2780 2183 2780 2191 2780 2190 2781 2191 2781 2192 2781 2193 2782 2194 2782 2195 2782 2195 2783 2196 2783 2193 2783 2193 2784 2196 2784 2197 2784 2193 2785 2197 2785 2191 2785 2191 2786 2197 2786 2198 2786 2191 2787 2198 2787 2192 2787 1213 2788 2194 2788 1214 2788 1214 2789 2194 2789 2193 2789 1214 2790 2193 2790 1226 2790 1226 2791 2193 2791 1228 2791 2170 2792 1237 2792 2199 2792 2199 2793 1237 2793 1235 2793 1235 2794 1234 2794 2199 2794 2199 2795 1234 2795 1232 2795 2199 2796 1232 2796 2193 2796 2193 2797 1232 2797 1230 2797 2193 2798 1230 2798 1228 2798 2200 2799 2201 2799 2202 2799 2202 2800 2201 2800 2203 2800 2204 2801 2205 2801 2206 2801 2206 2802 2205 2802 2201 2802 2206 2803 2201 2803 2207 2803 2207 2804 2201 2804 2200 2804 2203 2805 2201 2805 2208 2805 2208 2806 2201 2806 2209 2806 2208 2807 2209 2807 2210 2807 2211 2808 2212 2808 2213 2808 2213 2809 2214 2809 2211 2809 2211 2810 2214 2810 2215 2810 2211 2811 2215 2811 2209 2811 2209 2812 2215 2812 2216 2812 2209 2813 2216 2813 2210 2813 2212 2814 2211 2814 2217 2814 2217 2815 2211 2815 2187 2815 2217 2816 2187 2816 2186 2816 2218 2817 2219 2817 2220 2817 2220 2818 2219 2818 2221 2818 2220 2819 2221 2819 2222 2819 2222 2820 2221 2820 2223 2820 2223 2821 2221 2821 2224 2821 2223 2822 2224 2822 2225 2822 2225 2823 2224 2823 2226 2823 2226 2824 2224 2824 2205 2824 2226 2825 2205 2825 2204 2825 2227 2826 2228 2826 2229 2826 2230 2827 2018 2827 2017 2827 2231 2828 2232 2828 2233 2828 2233 2829 2232 2829 2234 2829 2233 2830 2234 2830 2017 2830 2017 2831 2234 2831 2235 2831 2017 2832 2235 2832 2230 2832 2229 2833 2228 2833 2233 2833 2233 2834 2228 2834 2236 2834 2233 2835 2236 2835 2231 2835 2237 2836 2238 2836 2229 2836 2229 2837 2238 2837 2239 2837 2229 2838 2239 2838 2227 2838 2219 2839 2218 2839 2237 2839 2237 2840 2218 2840 2240 2840 2237 2841 2240 2841 2241 2841 2241 2842 2242 2842 2237 2842 2237 2843 2242 2843 2243 2843 2237 2844 2243 2844 2238 2844 2244 2845 2245 2845 2246 2845 2244 2846 2246 2846 2247 2846 2248 2847 2249 2847 2250 2847 2250 2848 2249 2848 2246 2848 2250 2849 2246 2849 2251 2849 2251 2850 2246 2850 2245 2850 2252 2851 2253 2851 2254 2851 2254 2852 2253 2852 2255 2852 2254 2853 2255 2853 2246 2853 2246 2854 2255 2854 2256 2854 2246 2855 2256 2855 2247 2855 2257 2856 2258 2856 2254 2856 2254 2857 2258 2857 2259 2857 2254 2858 2259 2858 2252 2858 2020 2859 2260 2859 2021 2859 2021 2860 2260 2860 2261 2860 2021 2861 2261 2861 2257 2861 2257 2862 2261 2862 2262 2862 2257 2863 2262 2863 2258 2863 2263 2864 2264 2864 2265 2864 2265 2865 2264 2865 2266 2865 2265 2866 2266 2866 2267 2866 2267 2867 2266 2867 2268 2867 2268 2868 2266 2868 2269 2868 2268 2869 2269 2869 2270 2869 2270 2870 2269 2870 2271 2870 2271 2871 2269 2871 2249 2871 2271 2872 2249 2872 2248 2872 2272 2873 2273 2873 2274 2873 2275 2874 2276 2874 2277 2874 2278 2875 1021 2875 2279 2875 2277 2876 2276 2876 2279 2876 2279 2877 2276 2877 2280 2877 2279 2878 2280 2878 2278 2878 2274 2879 2273 2879 2277 2879 2277 2880 2273 2880 2281 2880 2277 2881 2281 2881 2275 2881 2282 2882 2283 2882 2274 2882 2274 2883 2283 2883 2284 2883 2274 2884 2284 2884 2272 2884 2264 2885 2263 2885 2282 2885 2282 2886 2263 2886 2285 2886 2282 2887 2285 2887 2286 2887 2286 2888 2287 2888 2282 2888 2282 2889 2287 2889 2288 2889 2282 2890 2288 2890 2283 2890 2289 2891 2290 2891 2291 2891 2291 2892 2290 2892 2292 2892 2291 2893 2292 2893 2293 2893 2293 2894 2292 2894 2294 2894 2295 2895 2296 2895 2297 2895 2296 2896 2298 2896 2297 2896 2297 2897 2298 2897 2299 2897 2297 2898 2299 2898 2292 2898 2292 2899 2299 2899 2300 2899 2292 2900 2300 2900 2294 2900 991 2901 2301 2901 2302 2901 2302 2902 2301 2902 2303 2902 2302 2903 2303 2903 2297 2903 2297 2904 2303 2904 2304 2904 2297 2905 2304 2905 2295 2905 2302 2906 1006 2906 1004 2906 1004 2907 1003 2907 2302 2907 2302 2908 1003 2908 992 2908 2302 2909 992 2909 991 2909 2279 2910 1021 2910 2305 2910 2305 2911 1021 2911 1019 2911 1019 2912 1018 2912 2305 2912 2305 2913 1018 2913 1010 2913 2305 2914 1010 2914 2302 2914 2302 2915 1010 2915 1008 2915 2302 2916 1008 2916 1006 2916 2306 2917 2307 2917 2308 2917 2308 2918 2307 2918 2309 2918 2310 2919 2311 2919 2312 2919 2312 2920 2311 2920 2307 2920 2312 2921 2307 2921 2313 2921 2313 2922 2307 2922 2306 2922 2309 2923 2307 2923 2314 2923 2314 2924 2307 2924 2315 2924 2314 2925 2315 2925 2316 2925 2317 2926 2318 2926 2319 2926 2319 2927 2320 2927 2317 2927 2317 2928 2320 2928 2321 2928 2317 2929 2321 2929 2315 2929 2315 2930 2321 2930 2322 2930 2315 2931 2322 2931 2316 2931 2318 2932 2317 2932 2323 2932 2323 2933 2317 2933 2290 2933 2323 2934 2290 2934 2289 2934 2324 2935 2325 2935 2326 2935 2326 2936 2325 2936 2327 2936 2326 2937 2327 2937 2328 2937 2328 2938 2327 2938 2329 2938 2329 2939 2327 2939 2330 2939 2329 2940 2330 2940 2331 2940 2331 2941 2330 2941 2332 2941 2332 2942 2330 2942 2311 2942 2332 2943 2311 2943 2310 2943 2333 2944 2334 2944 2335 2944 2336 2945 2337 2945 2338 2945 2339 2946 987 2946 2340 2946 2338 2947 2337 2947 2340 2947 2340 2948 2337 2948 2341 2948 2340 2949 2341 2949 2339 2949 2335 2950 2334 2950 2338 2950 2338 2951 2334 2951 2342 2951 2338 2952 2342 2952 2336 2952 2343 2953 2344 2953 2335 2953 2335 2954 2344 2954 2345 2954 2335 2955 2345 2955 2333 2955 2325 2956 2324 2956 2343 2956 2343 2957 2324 2957 2346 2957 2343 2958 2346 2958 2347 2958 2347 2959 2348 2959 2343 2959 2343 2960 2348 2960 2349 2960 2343 2961 2349 2961 2344 2961 2350 2962 2351 2962 2352 2962 2352 2963 2351 2963 2353 2963 2352 2964 2353 2964 2354 2964 2354 2965 2353 2965 2355 2965 2356 2966 2357 2966 2358 2966 2357 2967 2359 2967 2358 2967 2358 2968 2359 2968 2360 2968 2358 2969 2360 2969 2353 2969 2353 2970 2360 2970 2361 2970 2353 2971 2361 2971 2355 2971 2356 2972 2358 2972 2362 2972 2362 2973 2358 2973 2363 2973 2362 2974 2363 2974 2364 2974 2365 2975 969 2975 967 2975 967 2976 966 2976 2365 2976 2365 2977 966 2977 956 2977 2365 2978 956 2978 2358 2978 2358 2979 956 2979 955 2979 2358 2980 955 2980 2363 2980 2340 2981 987 2981 2366 2981 2366 2982 987 2982 952 2982 952 2983 974 2983 2366 2983 2366 2984 974 2984 973 2984 2366 2985 973 2985 2365 2985 2365 2986 973 2986 971 2986 2365 2987 971 2987 969 2987 2367 2988 2368 2988 2369 2988 2369 2989 2368 2989 2370 2989 2371 2990 2372 2990 2373 2990 2373 2991 2372 2991 2368 2991 2373 2992 2368 2992 2374 2992 2374 2993 2368 2993 2367 2993 2370 2994 2368 2994 2375 2994 2375 2995 2368 2995 2376 2995 2375 2996 2376 2996 2377 2996 2378 2997 2379 2997 2380 2997 2380 2998 2381 2998 2378 2998 2378 2999 2381 2999 2382 2999 2378 3000 2382 3000 2376 3000 2376 3001 2382 3001 2383 3001 2376 3002 2383 3002 2377 3002 2379 3003 2378 3003 2384 3003 2384 3004 2378 3004 2351 3004 2384 3005 2351 3005 2350 3005 2385 3006 2386 3006 2387 3006 2387 3007 2386 3007 2388 3007 2387 3008 2388 3008 2389 3008 2389 3009 2388 3009 2390 3009 2390 3010 2388 3010 2391 3010 2390 3011 2391 3011 2392 3011 2392 3012 2391 3012 2393 3012 2393 3013 2391 3013 2372 3013 2393 3014 2372 3014 2371 3014 2394 3015 2395 3015 2396 3015 2397 3016 2040 3016 2039 3016 2398 3017 2399 3017 2400 3017 2400 3018 2399 3018 2401 3018 2400 3019 2401 3019 2039 3019 2039 3020 2401 3020 2402 3020 2039 3021 2402 3021 2397 3021 2396 3022 2395 3022 2400 3022 2400 3023 2395 3023 2403 3023 2400 3024 2403 3024 2398 3024 2404 3025 2405 3025 2396 3025 2396 3026 2405 3026 2406 3026 2396 3027 2406 3027 2394 3027 2386 3028 2385 3028 2404 3028 2404 3029 2385 3029 2407 3029 2404 3030 2407 3030 2408 3030 2408 3031 2409 3031 2404 3031 2404 3032 2409 3032 2410 3032 2404 3033 2410 3033 2405 3033 2411 3034 2412 3034 2413 3034 2414 3035 2415 3035 2416 3035 2417 3036 2418 3036 2419 3036 2420 3037 2421 3037 2422 3037 2423 3038 2424 3038 2425 3038 2426 3039 2427 3039 2428 3039 2428 3040 2427 3040 2429 3040 2428 3041 2429 3041 2423 3041 2423 3042 2429 3042 2430 3042 2423 3043 2430 3043 2424 3043 2426 3044 2428 3044 2431 3044 2431 3045 2428 3045 2432 3045 2431 3046 2432 3046 2433 3046 2422 3047 2421 3047 2432 3047 2432 3048 2421 3048 2434 3048 2432 3049 2434 3049 2433 3049 2435 3050 2436 3050 2422 3050 2422 3051 2436 3051 2437 3051 2422 3052 2437 3052 2420 3052 2438 3053 2439 3053 2440 3053 2440 3054 2441 3054 2422 3054 2441 3055 2442 3055 2422 3055 2422 3056 2442 3056 2443 3056 2422 3057 2443 3057 2435 3057 2444 3058 2445 3058 2446 3058 2446 3059 2445 3059 2447 3059 2447 3060 2448 3060 2446 3060 2446 3061 2448 3061 2449 3061 2446 3062 2449 3062 2450 3062 2451 3063 2452 3063 2453 3063 2453 3064 2452 3064 2454 3064 2453 3065 2454 3065 2419 3065 2419 3066 2454 3066 2455 3066 2419 3067 2455 3067 2417 3067 2456 3068 2457 3068 2458 3068 2458 3069 2457 3069 2459 3069 2458 3070 2459 3070 2453 3070 2453 3071 2459 3071 2460 3071 2453 3072 2460 3072 2451 3072 2461 3073 2462 3073 2463 3073 2461 3074 2463 3074 2458 3074 2458 3075 2463 3075 2464 3075 2458 3076 2464 3076 2456 3076 2461 3077 2465 3077 2466 3077 2462 3078 2461 3078 2467 3078 2467 3079 2461 3079 2466 3079 2467 3080 2466 3080 2468 3080 2414 3081 2416 3081 2469 3081 2469 3082 2416 3082 2470 3082 2470 3083 2416 3083 2471 3083 2470 3084 2471 3084 2472 3084 2472 3085 2471 3085 2473 3085 2472 3086 2473 3086 2474 3086 2475 3087 2476 3087 2473 3087 2473 3088 2476 3088 2477 3088 2473 3089 2477 3089 2474 3089 2478 3090 2479 3090 2480 3090 2480 3091 2479 3091 2481 3091 2411 3092 2413 3092 2482 3092 2450 3093 2483 3093 2446 3093 2446 3094 2483 3094 2484 3094 2446 3095 2484 3095 2482 3095 2440 3096 2422 3096 2438 3096 2438 3097 2422 3097 2432 3097 2438 3098 2432 3098 2485 3098 2485 3099 2432 3099 2428 3099 2485 3100 2428 3100 2486 3100 2486 3101 2428 3101 2423 3101 2486 3102 2423 3102 2487 3102 2487 3103 2423 3103 2488 3103 2487 3104 2488 3104 2489 3104 2482 3105 2413 3105 2446 3105 2446 3106 2413 3106 2490 3106 2446 3107 2490 3107 2491 3107 2491 3108 2490 3108 2492 3108 2491 3109 2492 3109 2493 3109 2493 3110 2492 3110 2494 3110 2493 3111 2494 3111 2495 3111 2495 3112 2494 3112 2496 3112 2495 3113 2496 3113 2497 3113 2471 3114 2498 3114 2473 3114 2473 3115 2498 3115 2488 3115 2473 3116 2488 3116 2475 3116 2475 3117 2488 3117 2423 3117 2475 3118 2423 3118 2499 3118 2499 3119 2423 3119 2425 3119 2498 3120 2500 3120 2488 3120 2488 3121 2500 3121 2501 3121 2488 3122 2501 3122 2489 3122 2489 3123 2501 3123 2502 3123 2489 3124 2502 3124 2503 3124 2503 3125 2504 3125 2489 3125 2489 3126 2504 3126 2505 3126 2489 3127 2505 3127 2487 3127 2487 3128 2505 3128 2506 3128 2487 3129 2506 3129 2486 3129 2486 3130 2506 3130 2507 3130 2486 3131 2507 3131 2485 3131 2485 3132 2507 3132 2480 3132 2485 3133 2480 3133 2438 3133 2438 3134 2480 3134 2481 3134 2438 3135 2481 3135 2439 3135 2503 3136 2508 3136 2504 3136 2504 3137 2508 3137 2509 3137 2504 3138 2509 3138 2510 3138 2510 3139 2496 3139 2504 3139 2504 3140 2496 3140 2494 3140 2504 3141 2494 3141 2505 3141 2505 3142 2494 3142 2492 3142 2505 3143 2492 3143 2506 3143 2506 3144 2492 3144 2490 3144 2506 3145 2490 3145 2507 3145 2507 3146 2490 3146 2413 3146 2507 3147 2413 3147 2480 3147 2480 3148 2413 3148 2412 3148 2480 3149 2412 3149 2478 3149 2510 3150 2511 3150 2496 3150 2496 3151 2511 3151 2512 3151 2496 3152 2512 3152 2497 3152 2497 3153 2512 3153 2513 3153 2497 3154 2513 3154 2514 3154 2444 3155 2446 3155 2418 3155 2418 3156 2446 3156 2491 3156 2418 3157 2491 3157 2419 3157 2419 3158 2491 3158 2493 3158 2419 3159 2493 3159 2453 3159 2453 3160 2493 3160 2495 3160 2453 3161 2495 3161 2458 3161 2458 3162 2495 3162 2497 3162 2458 3163 2497 3163 2461 3163 2461 3164 2497 3164 2514 3164 2461 3165 2514 3165 2465 3165 2515 3166 2516 3166 2517 3166 2518 3167 2519 3167 2520 3167 2521 3168 2522 3168 2523 3168 2524 3169 2525 3169 2526 3169 2526 3170 2525 3170 2527 3170 2526 3171 2527 3171 2521 3171 2521 3172 2527 3172 2528 3172 2521 3173 2528 3173 2522 3173 2524 3174 2526 3174 2529 3174 2529 3175 2526 3175 2530 3175 2529 3176 2530 3176 2531 3176 2520 3177 2519 3177 2530 3177 2530 3178 2519 3178 2532 3178 2530 3179 2532 3179 2531 3179 2533 3180 2534 3180 2520 3180 2520 3181 2534 3181 2535 3181 2520 3182 2535 3182 2518 3182 2536 3183 2537 3183 2520 3183 2537 3184 2538 3184 2520 3184 2520 3185 2538 3185 2539 3185 2520 3186 2539 3186 2533 3186 2540 3187 2541 3187 2542 3187 2542 3188 2541 3188 2543 3188 2543 3189 2544 3189 2542 3189 2542 3190 2544 3190 2545 3190 2542 3191 2545 3191 2546 3191 2547 3192 2548 3192 2549 3192 2549 3193 2548 3193 2550 3193 2549 3194 2550 3194 2517 3194 2517 3195 2550 3195 2551 3195 2517 3196 2551 3196 2515 3196 2552 3197 2553 3197 2554 3197 2554 3198 2553 3198 2555 3198 2554 3199 2555 3199 2549 3199 2549 3200 2555 3200 2556 3200 2549 3201 2556 3201 2547 3201 2557 3202 2558 3202 2559 3202 2557 3203 2559 3203 2554 3203 2554 3204 2559 3204 2560 3204 2554 3205 2560 3205 2552 3205 2557 3206 2561 3206 2562 3206 2558 3207 2557 3207 2563 3207 2563 3208 2557 3208 2562 3208 2563 3209 2562 3209 2564 3209 2565 3210 2566 3210 2567 3210 2567 3211 2568 3211 2565 3211 2565 3212 2568 3212 2569 3212 2565 3213 2569 3213 2570 3213 2570 3214 2569 3214 2571 3214 2570 3215 2571 3215 2572 3215 2573 3216 2574 3216 2566 3216 2566 3217 2574 3217 2575 3217 2566 3218 2575 3218 2567 3218 2576 3219 2577 3219 2578 3219 2578 3220 2577 3220 2579 3220 2578 3221 2579 3221 2536 3221 2580 3222 2581 3222 2582 3222 2582 3223 2581 3223 2583 3223 2582 3224 2583 3224 2576 3224 2546 3225 2584 3225 2542 3225 2542 3226 2584 3226 2585 3226 2542 3227 2585 3227 2580 3227 2536 3228 2520 3228 2578 3228 2578 3229 2520 3229 2530 3229 2578 3230 2530 3230 2586 3230 2586 3231 2530 3231 2526 3231 2586 3232 2526 3232 2587 3232 2587 3233 2526 3233 2521 3233 2587 3234 2521 3234 2588 3234 2588 3235 2521 3235 2589 3235 2588 3236 2589 3236 2590 3236 2580 3237 2582 3237 2542 3237 2542 3238 2582 3238 2591 3238 2542 3239 2591 3239 2592 3239 2592 3240 2591 3240 2593 3240 2592 3241 2593 3241 2594 3241 2594 3242 2593 3242 2595 3242 2594 3243 2595 3243 2596 3243 2596 3244 2595 3244 2597 3244 2596 3245 2597 3245 2598 3245 2565 3246 2599 3246 2566 3246 2566 3247 2599 3247 2589 3247 2566 3248 2589 3248 2573 3248 2573 3249 2589 3249 2521 3249 2573 3250 2521 3250 2600 3250 2600 3251 2521 3251 2523 3251 2599 3252 2601 3252 2589 3252 2589 3253 2601 3253 2602 3253 2589 3254 2602 3254 2590 3254 2590 3255 2602 3255 2603 3255 2590 3256 2603 3256 2604 3256 2576 3257 2578 3257 2582 3257 2582 3258 2578 3258 2586 3258 2582 3259 2586 3259 2591 3259 2591 3260 2586 3260 2587 3260 2591 3261 2587 3261 2593 3261 2593 3262 2587 3262 2588 3262 2593 3263 2588 3263 2595 3263 2595 3264 2588 3264 2590 3264 2595 3265 2590 3265 2597 3265 2597 3266 2590 3266 2604 3266 2597 3267 2604 3267 2605 3267 2605 3268 2606 3268 2597 3268 2597 3269 2606 3269 2607 3269 2597 3270 2607 3270 2598 3270 2598 3271 2607 3271 2608 3271 2598 3272 2608 3272 2609 3272 2540 3273 2542 3273 2516 3273 2516 3274 2542 3274 2592 3274 2516 3275 2592 3275 2517 3275 2517 3276 2592 3276 2594 3276 2517 3277 2594 3277 2549 3277 2549 3278 2594 3278 2596 3278 2549 3279 2596 3279 2554 3279 2554 3280 2596 3280 2598 3280 2554 3281 2598 3281 2557 3281 2557 3282 2598 3282 2609 3282 2557 3283 2609 3283 2561 3283 2610 3284 1973 3284 2611 3284 2611 3285 1973 3285 1962 3285 2611 3286 1962 3286 2612 3286 2612 3287 1962 3287 2613 3287 1986 3288 1988 3288 2614 3288 2614 3289 1988 3289 2615 3289 2616 3290 2612 3290 2617 3290 2617 3291 2612 3291 2613 3291 2617 3292 2613 3292 2618 3292 2618 3293 2613 3293 2614 3293 2618 3294 2614 3294 2619 3294 2619 3295 2614 3295 2615 3295 2620 3296 1999 3296 2621 3296 2621 3297 1999 3297 2001 3297 2621 3298 2001 3298 2622 3298 2622 3299 2001 3299 2003 3299 2622 3300 2003 3300 2623 3300 2623 3301 2003 3301 2005 3301 2623 3302 2005 3302 2624 3302 2624 3303 2005 3303 2007 3303 2624 3304 2007 3304 2625 3304 2625 3305 2007 3305 2009 3305 2625 3306 2009 3306 2614 3306 2614 3307 2009 3307 1986 3307 2626 3308 2620 3308 2627 3308 2627 3309 2620 3309 2621 3309 2627 3310 2621 3310 2628 3310 2628 3311 2621 3311 2622 3311 2628 3312 2622 3312 2629 3312 2629 3313 2622 3313 2623 3313 2629 3314 2623 3314 2630 3314 2630 3315 2623 3315 2624 3315 2630 3316 2624 3316 2631 3316 2631 3317 2624 3317 2625 3317 2631 3318 2625 3318 2613 3318 2613 3319 2625 3319 2614 3319 1946 3320 2626 3320 1948 3320 1948 3321 2626 3321 2627 3321 1948 3322 2627 3322 1951 3322 1951 3323 2627 3323 2628 3323 1951 3324 2628 3324 1955 3324 1955 3325 2628 3325 2629 3325 1955 3326 2629 3326 1960 3326 1960 3327 2629 3327 2630 3327 1960 3328 2630 3328 1961 3328 1961 3329 2630 3329 2631 3329 1961 3330 2631 3330 1962 3330 1962 3331 2631 3331 2613 3331 1980 3332 1999 3332 2632 3332 2632 3333 1999 3333 2620 3333 2633 3334 2634 3334 2626 3334 2626 3335 2634 3335 2635 3335 2635 3336 2636 3336 2626 3336 2626 3337 2636 3337 2637 3337 2626 3338 2637 3338 2620 3338 2620 3339 2637 3339 2638 3339 2620 3340 2638 3340 2632 3340 1946 3341 1970 3341 2626 3341 2626 3342 1970 3342 2639 3342 2626 3343 2639 3343 2633 3343 457 3344 2640 3344 2641 3344 2642 3345 449 3345 448 3345 2643 3346 2644 3346 2645 3346 2645 3347 2644 3347 2642 3347 1974 3348 1973 3348 2643 3348 2642 3349 448 3349 2645 3349 2645 3350 448 3350 447 3350 2645 3351 447 3351 2646 3351 447 3352 461 3352 2646 3352 2646 3353 461 3353 460 3353 2646 3354 460 3354 2641 3354 2641 3355 460 3355 458 3355 2641 3356 458 3356 457 3356 457 3357 76 3357 2640 3357 2640 3358 76 3358 75 3358 2640 3359 75 3359 2647 3359 2647 3360 75 3360 763 3360 2647 3361 763 3361 606 3361 2643 3362 2645 3362 1974 3362 1974 3363 2645 3363 2646 3363 1974 3364 2646 3364 1975 3364 1975 3365 2646 3365 2641 3365 1975 3366 2641 3366 1972 3366 1972 3367 2641 3367 2640 3367 1972 3368 2640 3368 1971 3368 1971 3369 2640 3369 2647 3369 1971 3370 2647 3370 1963 3370 2648 3371 2616 3371 2617 3371 2649 3372 508 3372 456 3372 2650 3373 2649 3373 2651 3373 2618 3374 2619 3374 2652 3374 2652 3375 2619 3375 2615 3375 2652 3376 2615 3376 2653 3376 2653 3377 2615 3377 1988 3377 2653 3378 1988 3378 2650 3378 2618 3379 2652 3379 2617 3379 2617 3380 2652 3380 2654 3380 2617 3381 2654 3381 2648 3381 2649 3382 456 3382 2651 3382 2651 3383 456 3383 455 3383 2651 3384 455 3384 2655 3384 2655 3385 455 3385 454 3385 2655 3386 454 3386 2656 3386 2656 3387 454 3387 453 3387 2656 3388 453 3388 2657 3388 2657 3389 453 3389 452 3389 2657 3390 452 3390 2658 3390 2658 3391 452 3391 450 3391 2658 3392 450 3392 2659 3392 450 3393 449 3393 2659 3393 2659 3394 449 3394 2642 3394 2659 3395 2642 3395 2644 3395 2650 3396 2651 3396 2653 3396 2653 3397 2651 3397 2655 3397 2653 3398 2655 3398 2652 3398 2652 3399 2655 3399 2656 3399 2652 3400 2656 3400 2654 3400 2654 3401 2656 3401 2657 3401 2654 3402 2657 3402 2648 3402 2648 3403 2657 3403 2658 3403 2648 3404 2658 3404 2660 3404 2660 3405 2658 3405 2659 3405 2660 3406 2659 3406 2661 3406 2661 3407 2659 3407 2644 3407 2661 3408 2644 3408 2643 3408 2616 3409 2648 3409 2612 3409 2612 3410 2648 3410 2660 3410 2612 3411 2660 3411 2611 3411 2611 3412 2660 3412 2661 3412 2611 3413 2661 3413 2610 3413 2610 3414 2661 3414 2643 3414 2610 3415 2643 3415 1973 3415 1963 3416 2647 3416 2662 3416 1963 3417 2662 3417 1964 3417 1964 3418 2662 3418 2663 3418 1964 3419 2663 3419 1965 3419 1965 3420 2663 3420 2664 3420 1965 3421 2664 3421 1966 3421 463 3422 2664 3422 465 3422 465 3423 2664 3423 2663 3423 465 3424 2663 3424 466 3424 466 3425 2663 3425 2662 3425 466 3426 2662 3426 467 3426 467 3427 2662 3427 2647 3427 467 3428 2647 3428 606 3428 462 3429 2665 3429 463 3429 463 3430 2665 3430 2666 3430 463 3431 2666 3431 2664 3431 1966 3432 2664 3432 1959 3432 1959 3433 2664 3433 2666 3433 1959 3434 2666 3434 2665 3434 1959 3435 2665 3435 1958 3435 1958 3436 2665 3436 2667 3436 1958 3437 2667 3437 1953 3437 1953 3438 2667 3438 2668 3438 1953 3439 2668 3439 1954 3439 1954 3440 2668 3440 2669 3440 1954 3441 2669 3441 1956 3441 462 3442 481 3442 2665 3442 2665 3443 481 3443 480 3443 2665 3444 480 3444 2667 3444 2667 3445 480 3445 469 3445 2667 3446 469 3446 2668 3446 2668 3447 469 3447 468 3447 2668 3448 468 3448 2669 3448 2669 3449 468 3449 472 3449 2669 3450 472 3450 2670 3450 2670 3451 472 3451 471 3451 2670 3452 471 3452 2671 3452 2671 3453 471 3453 474 3453 2671 3454 474 3454 2672 3454 2672 3455 474 3455 479 3455 2672 3456 479 3456 2673 3456 2673 3457 479 3457 478 3457 2673 3458 478 3458 2674 3458 1956 3459 2669 3459 1957 3459 1957 3460 2669 3460 2670 3460 1957 3461 2670 3461 1952 3461 1952 3462 2670 3462 2671 3462 1952 3463 2671 3463 1950 3463 1950 3464 2671 3464 2672 3464 1950 3465 2672 3465 1949 3465 1949 3466 2672 3466 2673 3466 1949 3467 2673 3467 1947 3467 1947 3468 2673 3468 2674 3468 1947 3469 2674 3469 1945 3469 1980 3470 2675 3470 2676 3470 2675 3471 2677 3471 2678 3471 2677 3472 494 3472 492 3472 2677 3473 492 3473 2678 3473 2678 3474 492 3474 490 3474 2678 3475 490 3475 2679 3475 490 3476 489 3476 2679 3476 2679 3477 489 3477 503 3477 2679 3478 503 3478 2680 3478 508 3479 2649 3479 507 3479 507 3480 2649 3480 2680 3480 507 3481 2680 3481 505 3481 505 3482 2680 3482 503 3482 2675 3483 2678 3483 2676 3483 2676 3484 2678 3484 2679 3484 2676 3485 2679 3485 2681 3485 2681 3486 2679 3486 2680 3486 2681 3487 2680 3487 2682 3487 2682 3488 2680 3488 2649 3488 2682 3489 2649 3489 2650 3489 1980 3490 2676 3490 1983 3490 1983 3491 2676 3491 2681 3491 1983 3492 2681 3492 1978 3492 1978 3493 2681 3493 2682 3493 1978 3494 2682 3494 1976 3494 1976 3495 2682 3495 2650 3495 1976 3496 2650 3496 1988 3496 2674 3497 478 3497 476 3497 475 3498 603 3498 2683 3498 476 3499 475 3499 2674 3499 2674 3500 475 3500 2683 3500 2674 3501 2683 3501 1945 3501 603 3502 485 3502 2683 3502 2683 3503 485 3503 483 3503 2683 3504 483 3504 2684 3504 2684 3505 483 3505 488 3505 2684 3506 488 3506 2685 3506 2685 3507 488 3507 487 3507 2685 3508 487 3508 502 3508 501 3509 2686 3509 502 3509 502 3510 2686 3510 2687 3510 502 3511 2687 3511 2685 3511 2685 3512 2687 3512 2688 3512 1945 3513 2683 3513 1967 3513 1967 3514 2683 3514 2684 3514 1967 3515 2684 3515 1968 3515 1968 3516 2684 3516 2685 3516 1968 3517 2685 3517 1969 3517 1969 3518 2685 3518 2688 3518 1969 3519 2688 3519 1970 3519 2687 3520 2686 3520 2689 3520 2686 3521 501 3521 500 3521 2687 3522 2689 3522 2688 3522 2690 3523 2639 3523 2691 3523 2691 3524 2639 3524 1970 3524 2691 3525 1970 3525 2688 3525 2686 3526 500 3526 2689 3526 2689 3527 500 3527 499 3527 2689 3528 499 3528 2692 3528 2692 3529 499 3529 498 3529 2692 3530 498 3530 2693 3530 2693 3531 498 3531 497 3531 2693 3532 497 3532 2694 3532 2694 3533 497 3533 496 3533 2694 3534 496 3534 2695 3534 2688 3535 2689 3535 2691 3535 2691 3536 2689 3536 2692 3536 2691 3537 2692 3537 2690 3537 2690 3538 2692 3538 2693 3538 2690 3539 2693 3539 2696 3539 2696 3540 2693 3540 2694 3540 2696 3541 2694 3541 2697 3541 2697 3542 2694 3542 2695 3542 2697 3543 2695 3543 2698 3543 2638 3544 2637 3544 2698 3544 2698 3545 2637 3545 2636 3545 2698 3546 2636 3546 2697 3546 2697 3547 2636 3547 2635 3547 2697 3548 2635 3548 2696 3548 2696 3549 2635 3549 2634 3549 2696 3550 2634 3550 2690 3550 2690 3551 2634 3551 2633 3551 2690 3552 2633 3552 2639 3552 2632 3553 2638 3553 2699 3553 2699 3554 2638 3554 2698 3554 2699 3555 2698 3555 2700 3555 2700 3556 2698 3556 2695 3556 2700 3557 2695 3557 495 3557 495 3558 2695 3558 496 3558 1980 3559 2632 3559 2675 3559 2675 3560 2632 3560 2699 3560 2675 3561 2699 3561 2677 3561 2677 3562 2699 3562 2700 3562 2677 3563 2700 3563 494 3563 494 3564 2700 3564 495 3564 2701 3565 2702 3565 2703 3565 2704 3566 2705 3566 2703 3566 2703 3567 2705 3567 2706 3567 2703 3568 2706 3568 2701 3568 2707 3569 2708 3569 2709 3569 2710 3570 2711 3570 2709 3570 2709 3571 2711 3571 2712 3571 2709 3572 2712 3572 2707 3572 2713 3573 2714 3573 2715 3573 2716 3574 2717 3574 2715 3574 2715 3575 2717 3575 2718 3575 2715 3576 2718 3576 2713 3576 2701 3577 2719 3577 2702 3577 2702 3578 2719 3578 2720 3578 2702 3579 2720 3579 2716 3579 2716 3580 2720 3580 2721 3580 2716 3581 2721 3581 2717 3581 2722 3582 2723 3582 2704 3582 2704 3583 2723 3583 2724 3583 2704 3584 2724 3584 2705 3584 2725 3585 2726 3585 2722 3585 2722 3586 2726 3586 2727 3586 2722 3587 2727 3587 2723 3587 2728 3588 2729 3588 2725 3588 2725 3589 2729 3589 2730 3589 2725 3590 2730 3590 2726 3590 2713 3591 2731 3591 2714 3591 2714 3592 2731 3592 2732 3592 2714 3593 2732 3593 2710 3593 2710 3594 2732 3594 2733 3594 2710 3595 2733 3595 2711 3595 2707 3596 2734 3596 2708 3596 2708 3597 2734 3597 2735 3597 2708 3598 2735 3598 2728 3598 2728 3599 2735 3599 2736 3599 2728 3600 2736 3600 2729 3600 2737 3601 2738 3601 2739 3601 2739 3602 2738 3602 2740 3602 2739 3603 2740 3603 2741 3603 2741 3604 2740 3604 2742 3604 2741 3605 2742 3605 2743 3605 2743 3606 2742 3606 2744 3606 2743 3607 2744 3607 2745 3607 2745 3608 2744 3608 2746 3608 2745 3609 2746 3609 2747 3609 2747 3610 2746 3610 2748 3610 2747 3611 2748 3611 2749 3611 2749 3612 2748 3612 2750 3612 2749 3613 2750 3613 2751 3613 2751 3614 2750 3614 2752 3614 2751 3615 2752 3615 2753 3615 2753 3616 2752 3616 2754 3616 2753 3617 2754 3617 2755 3617 2755 3618 2754 3618 2756 3618 2755 3619 2756 3619 2757 3619 2757 3620 2756 3620 2758 3620 2757 3621 2758 3621 2759 3621 2759 3622 2758 3622 2760 3622 2759 3623 2760 3623 2761 3623 2761 3624 2760 3624 2762 3624 2761 3625 2762 3625 2763 3625 2763 3626 2762 3626 2764 3626 2763 3627 2764 3627 2765 3627 2765 3628 2764 3628 2766 3628 2765 3629 2766 3629 2767 3629 2767 3630 2766 3630 2768 3630 2767 3631 2768 3631 2769 3631 2769 3632 2768 3632 2770 3632 2769 3633 2770 3633 2771 3633 2771 3634 2770 3634 2772 3634 2771 3635 2772 3635 2773 3635 2773 3636 2772 3636 2774 3636 2773 3637 2774 3637 2775 3637 2775 3638 2774 3638 2776 3638 2775 3639 2776 3639 2777 3639 2777 3640 2776 3640 2778 3640 2777 3641 2778 3641 2779 3641 2779 3642 2778 3642 2780 3642 2779 3643 2780 3643 2781 3643 2781 3644 2780 3644 2782 3644 2781 3645 2782 3645 2783 3645 2783 3646 2782 3646 2784 3646 2783 3647 2784 3647 2737 3647 2737 3648 2784 3648 2738 3648 2785 3649 2786 3649 2787 3649 2787 3650 2786 3650 2788 3650 2787 3651 2788 3651 2789 3651 2789 3652 2788 3652 2790 3652 2790 3653 2788 3653 2791 3653 2790 3654 2791 3654 2792 3654 2793 3655 2794 3655 2795 3655 2795 3656 2794 3656 2796 3656 2795 3657 2796 3657 2791 3657 2791 3658 2796 3658 2797 3658 2791 3659 2797 3659 2792 3659 2798 3660 2793 3660 2799 3660 2799 3661 2793 3661 2795 3661 2799 3662 2795 3662 2800 3662 2801 3663 2802 3663 2803 3663 2803 3664 2804 3664 2801 3664 2801 3665 2804 3665 2805 3665 2801 3666 2805 3666 2800 3666 2800 3667 2805 3667 2806 3667 2800 3668 2806 3668 2799 3668 2786 3669 2785 3669 2807 3669 2807 3670 2808 3670 2786 3670 2786 3671 2808 3671 2809 3671 2786 3672 2809 3672 2810 3672 2811 3673 2803 3673 2802 3673 2811 3674 2802 3674 2812 3674 2813 3675 2814 3675 2802 3675 2802 3676 2814 3676 2815 3676 2802 3677 2815 3677 2812 3677 2816 3678 2817 3678 2818 3678 2819 3679 2820 3679 2821 3679 2818 3680 2817 3680 2822 3680 2821 3681 2820 3681 2823 3681 2817 3682 2824 3682 2822 3682 2822 3683 2824 3683 2825 3683 2822 3684 2825 3684 2821 3684 2821 3685 2825 3685 2826 3685 2821 3686 2826 3686 2819 3686 2827 3687 2818 3687 2828 3687 2827 3688 2829 3688 2818 3688 2818 3689 2829 3689 2830 3689 2818 3690 2830 3690 2816 3690 2820 3691 2831 3691 2823 3691 2823 3692 2831 3692 2832 3692 2823 3693 2832 3693 2833 3693 2832 3694 2834 3694 2833 3694 2833 3695 2834 3695 2835 3695 2833 3696 2835 3696 2836 3696 2836 3697 2837 3697 2833 3697 2833 3698 2837 3698 2838 3698 2833 3699 2838 3699 2839 3699 2839 3700 2838 3700 2840 3700 2839 3701 2840 3701 2841 3701 2841 3702 2840 3702 2842 3702 2841 3703 2842 3703 2843 3703 2843 3704 2842 3704 2844 3704 2843 3705 2844 3705 2845 3705 2845 3706 2844 3706 2846 3706 2845 3707 2846 3707 2847 3707 2847 3708 2846 3708 2848 3708 2847 3709 2848 3709 2849 3709 2849 3710 2848 3710 2850 3710 2849 3711 2850 3711 2828 3711 2828 3712 2850 3712 2851 3712 2828 3713 2851 3713 2827 3713 2852 3714 2853 3714 2854 3714 2854 3715 2853 3715 2855 3715 2854 3716 2855 3716 2856 3716 2857 3717 2858 3717 2859 3717 2858 3718 2860 3718 2859 3718 2859 3719 2860 3719 2861 3719 2859 3720 2861 3720 2855 3720 2855 3721 2861 3721 2862 3721 2855 3722 2862 3722 2856 3722 2857 3723 2859 3723 2863 3723 2863 3724 2859 3724 2864 3724 2863 3725 2864 3725 2865 3725 2866 3726 2867 3726 2868 3726 2868 3727 2867 3727 2869 3727 2868 3728 2869 3728 2870 3728 2870 3729 2871 3729 2868 3729 2868 3730 2871 3730 2872 3730 2868 3731 2872 3731 2859 3731 2859 3732 2872 3732 2873 3732 2859 3733 2873 3733 2864 3733 2853 3734 2852 3734 2874 3734 2874 3735 2875 3735 2853 3735 2853 3736 2875 3736 2876 3736 2853 3737 2876 3737 2877 3737 2878 3738 2867 3738 2866 3738 2878 3739 2866 3739 2879 3739 2880 3740 2881 3740 2866 3740 2866 3741 2881 3741 2882 3741 2866 3742 2882 3742 2879 3742 2883 3743 2884 3743 2885 3743 2886 3744 2887 3744 2888 3744 2888 3745 2887 3745 2889 3745 2888 3746 2889 3746 2890 3746 2885 3747 2884 3747 2891 3747 2892 3748 2893 3748 2894 3748 2894 3749 2893 3749 2895 3749 2896 3750 2885 3750 2897 3750 2897 3751 2885 3751 2898 3751 2896 3752 2899 3752 2885 3752 2885 3753 2899 3753 2900 3753 2885 3754 2900 3754 2883 3754 2889 3755 2901 3755 2890 3755 2890 3756 2901 3756 2902 3756 2890 3757 2902 3757 2903 3757 2903 3758 2902 3758 2904 3758 2903 3759 2904 3759 2905 3759 2905 3760 2906 3760 2903 3760 2903 3761 2906 3761 2907 3761 2903 3762 2907 3762 2895 3762 2895 3763 2907 3763 2908 3763 2895 3764 2908 3764 2894 3764 2892 3765 2909 3765 2893 3765 2893 3766 2909 3766 2910 3766 2893 3767 2910 3767 2898 3767 2898 3768 2910 3768 2911 3768 2898 3769 2911 3769 2897 3769 2884 3770 2912 3770 2891 3770 2891 3771 2912 3771 2913 3771 2891 3772 2913 3772 2914 3772 2914 3773 2913 3773 2915 3773 2914 3774 2915 3774 2886 3774 2886 3775 2915 3775 2916 3775 2886 3776 2916 3776 2887 3776 2917 3777 2918 3777 2919 3777 2919 3778 2918 3778 2920 3778 2919 3779 2920 3779 2921 3779 2921 3780 2920 3780 2922 3780 2922 3781 2920 3781 2923 3781 2922 3782 2923 3782 2924 3782 2925 3783 2926 3783 2927 3783 2927 3784 2926 3784 2928 3784 2927 3785 2928 3785 2923 3785 2923 3786 2928 3786 2929 3786 2923 3787 2929 3787 2924 3787 2930 3788 2925 3788 2931 3788 2931 3789 2925 3789 2927 3789 2931 3790 2927 3790 2932 3790 2933 3791 2934 3791 2935 3791 2935 3792 2936 3792 2933 3792 2933 3793 2936 3793 2937 3793 2933 3794 2937 3794 2932 3794 2932 3795 2937 3795 2938 3795 2932 3796 2938 3796 2931 3796 2918 3797 2917 3797 2939 3797 2939 3798 2940 3798 2918 3798 2918 3799 2940 3799 2941 3799 2918 3800 2941 3800 2942 3800 2943 3801 2935 3801 2934 3801 2943 3802 2934 3802 2944 3802 2945 3803 2946 3803 2934 3803 2934 3804 2946 3804 2947 3804 2934 3805 2947 3805 2944 3805 2948 3806 2949 3806 2950 3806 2950 3807 2949 3807 2951 3807 2950 3808 2951 3808 2952 3808 2953 3809 2954 3809 2955 3809 2955 3810 2956 3810 2953 3810 2953 3811 2956 3811 2957 3811 2953 3812 2957 3812 2958 3812 2958 3813 2957 3813 2959 3813 2958 3814 2959 3814 2960 3814 2960 3815 2959 3815 2961 3815 2960 3816 2961 3816 2962 3816 2962 3817 2961 3817 2963 3817 2962 3818 2963 3818 2964 3818 2964 3819 2963 3819 2965 3819 2964 3820 2965 3820 2966 3820 2966 3821 2965 3821 2967 3821 2966 3822 2967 3822 2968 3822 2968 3823 2967 3823 2969 3823 2968 3824 2969 3824 2948 3824 2948 3825 2969 3825 2970 3825 2948 3826 2970 3826 2949 3826 2971 3827 2972 3827 2973 3827 2973 3828 2972 3828 2974 3828 2971 3829 2975 3829 2972 3829 2972 3830 2975 3830 2976 3830 2972 3831 2976 3831 2977 3831 2976 3832 2978 3832 2977 3832 2977 3833 2978 3833 2979 3833 2977 3834 2979 3834 2953 3834 2953 3835 2979 3835 2980 3835 2953 3836 2980 3836 2954 3836 2952 3837 2981 3837 2950 3837 2950 3838 2981 3838 2982 3838 2950 3839 2982 3839 2974 3839 2974 3840 2982 3840 2983 3840 2974 3841 2983 3841 2973 3841 2984 3842 2985 3842 2986 3842 2986 3843 2985 3843 2987 3843 2986 3844 2987 3844 2988 3844 2988 3845 2987 3845 2989 3845 2989 3846 2987 3846 2990 3846 2989 3847 2990 3847 2991 3847 2992 3848 2993 3848 2994 3848 2994 3849 2993 3849 2995 3849 2994 3850 2995 3850 2990 3850 2990 3851 2995 3851 2996 3851 2990 3852 2996 3852 2991 3852 2997 3853 2992 3853 2998 3853 2998 3854 2992 3854 2994 3854 2998 3855 2994 3855 2999 3855 3000 3856 3001 3856 3002 3856 3002 3857 3003 3857 3000 3857 3000 3858 3003 3858 3004 3858 3000 3859 3004 3859 2999 3859 2999 3860 3004 3860 3005 3860 2999 3861 3005 3861 2998 3861 2985 3862 2984 3862 3006 3862 3006 3863 3007 3863 2985 3863 2985 3864 3007 3864 3008 3864 2985 3865 3008 3865 3009 3865 3010 3866 3002 3866 3001 3866 3010 3867 3001 3867 3011 3867 3012 3868 3013 3868 3001 3868 3001 3869 3013 3869 3014 3869 3001 3870 3014 3870 3011 3870 3015 3871 3016 3871 3017 3871 3018 3872 3019 3872 3020 3872 3020 3873 3019 3873 3021 3873 3020 3874 3021 3874 3022 3874 3022 3875 3021 3875 3023 3875 3022 3876 3023 3876 3017 3876 3017 3877 3023 3877 3024 3877 3017 3878 3024 3878 3015 3878 3018 3879 3020 3879 3025 3879 3025 3880 3020 3880 3026 3880 3025 3881 3026 3881 3027 3881 3027 3882 3026 3882 3028 3882 3027 3883 3028 3883 3029 3883 3028 3884 3030 3884 3029 3884 3029 3885 3030 3885 3031 3885 3029 3886 3031 3886 3032 3886 3032 3887 3031 3887 3033 3887 3032 3888 3033 3888 3034 3888 3034 3889 3033 3889 3035 3889 3034 3890 3035 3890 3036 3890 3036 3891 3035 3891 3037 3891 3036 3892 3037 3892 3015 3892 3015 3893 3037 3893 3038 3893 3015 3894 3038 3894 3016 3894 3039 3895 3040 3895 3041 3895 3041 3896 3040 3896 3042 3896 3041 3897 3042 3897 3043 3897 3043 3898 3042 3898 3044 3898 3044 3899 3042 3899 3045 3899 3044 3900 3045 3900 3046 3900 3047 3901 3048 3901 3049 3901 3049 3902 3048 3902 3050 3902 3049 3903 3050 3903 3045 3903 3045 3904 3050 3904 3051 3904 3045 3905 3051 3905 3046 3905 3052 3906 3047 3906 3053 3906 3053 3907 3047 3907 3049 3907 3053 3908 3049 3908 3054 3908 3055 3909 3056 3909 3057 3909 3057 3910 3058 3910 3055 3910 3055 3911 3058 3911 3059 3911 3055 3912 3059 3912 3054 3912 3054 3913 3059 3913 3060 3913 3054 3914 3060 3914 3053 3914 3040 3915 3039 3915 3061 3915 3061 3916 3062 3916 3040 3916 3040 3917 3062 3917 3063 3917 3040 3918 3063 3918 3064 3918 3065 3919 3057 3919 3056 3919 3065 3920 3056 3920 3066 3920 3067 3921 3068 3921 3056 3921 3056 3922 3068 3922 3069 3922 3056 3923 3069 3923 3066 3923 3070 3924 3071 3924 3072 3924 3073 3925 3074 3925 3075 3925 3075 3926 3074 3926 3076 3926 3075 3927 3076 3927 3077 3927 3077 3928 3076 3928 3078 3928 3077 3929 3078 3929 3079 3929 3079 3930 3078 3930 3080 3930 3079 3931 3080 3931 3072 3931 3072 3932 3080 3932 3081 3932 3072 3933 3081 3933 3070 3933 3082 3934 3083 3934 3084 3934 3082 3935 3084 3935 3085 3935 3083 3936 3082 3936 3086 3936 3086 3937 3082 3937 3087 3937 3086 3938 3087 3938 3073 3938 3073 3939 3087 3939 3088 3939 3073 3940 3088 3940 3074 3940 3084 3941 3089 3941 3085 3941 3085 3942 3089 3942 3090 3942 3085 3943 3090 3943 3091 3943 3091 3944 3090 3944 3092 3944 3091 3945 3092 3945 3071 3945 3071 3946 3092 3946 3093 3946 3071 3947 3093 3947 3072 3947 3094 3948 3095 3948 3096 3948 2813 3949 2802 3949 3097 3949 3097 3950 2802 3950 3098 3950 3096 3951 3099 3951 3094 3951 3094 3952 3099 3952 3100 3952 3094 3953 3100 3953 3098 3953 3098 3954 3100 3954 3101 3954 3098 3955 3101 3955 3097 3955 3102 3956 2828 3956 2818 3956 2818 3957 3103 3957 3102 3957 3102 3958 3103 3958 3104 3958 3102 3959 3104 3959 3105 3959 3105 3960 3104 3960 3106 3960 3105 3961 3106 3961 3095 3961 3095 3962 3106 3962 3107 3962 3095 3963 3107 3963 3096 3963 3098 3964 2802 3964 2801 3964 3095 3965 3094 3965 3108 3965 3102 3966 3105 3966 3109 3966 2828 3967 3102 3967 2849 3967 2849 3968 3102 3968 3109 3968 2849 3969 3109 3969 2847 3969 2847 3970 3109 3970 3110 3970 2847 3971 3110 3971 2845 3971 2845 3972 3110 3972 3111 3972 2845 3973 3111 3973 2843 3973 2843 3974 3111 3974 3112 3974 2843 3975 3112 3975 2841 3975 2841 3976 3112 3976 3113 3976 2841 3977 3113 3977 2839 3977 2839 3978 3113 3978 3114 3978 3105 3979 3095 3979 3109 3979 3109 3980 3095 3980 3108 3980 3109 3981 3108 3981 3110 3981 3110 3982 3108 3982 3115 3982 3110 3983 3115 3983 3111 3983 3111 3984 3115 3984 3116 3984 3111 3985 3116 3985 3112 3985 3112 3986 3116 3986 3117 3986 3112 3987 3117 3987 3113 3987 3113 3988 3117 3988 3118 3988 3113 3989 3118 3989 3114 3989 3114 3990 3118 3990 3119 3990 3094 3991 3098 3991 3108 3991 3108 3992 3098 3992 2801 3992 3108 3993 2801 3993 3115 3993 3115 3994 2801 3994 2800 3994 3115 3995 2800 3995 3116 3995 3116 3996 2800 3996 2795 3996 3116 3997 2795 3997 3117 3997 3117 3998 2795 3998 2791 3998 3117 3999 2791 3999 3118 3999 3118 4000 2791 4000 2788 4000 3118 4001 2788 4001 3119 4001 3119 4002 2788 4002 2786 4002 2833 4003 2839 4003 3120 4003 3120 4004 2839 4004 3114 4004 3121 4005 3122 4005 3119 4005 3119 4006 3122 4006 3123 4006 3123 4007 3124 4007 3119 4007 3119 4008 3124 4008 3125 4008 3119 4009 3125 4009 3114 4009 3114 4010 3125 4010 3126 4010 3114 4011 3126 4011 3120 4011 2786 4012 2810 4012 3119 4012 3119 4013 2810 4013 3127 4013 3119 4014 3127 4014 3121 4014 3128 4015 2880 4015 3129 4015 3129 4016 2880 4016 2866 4016 3129 4017 2866 4017 3130 4017 3130 4018 2866 4018 3131 4018 2890 4019 2903 4019 3132 4019 3132 4020 2903 4020 3133 4020 3134 4021 3130 4021 3135 4021 3135 4022 3130 4022 3131 4022 3135 4023 3131 4023 3136 4023 3136 4024 3131 4024 3132 4024 3136 4025 3132 4025 3137 4025 3137 4026 3132 4026 3133 4026 2853 4027 3138 4027 2855 4027 2855 4028 3138 4028 3139 4028 2855 4029 3139 4029 2859 4029 2859 4030 3139 4030 3140 4030 2859 4031 3140 4031 2868 4031 2868 4032 3140 4032 3141 4032 2868 4033 3141 4033 2866 4033 2866 4034 3141 4034 3131 4034 3138 4035 3142 4035 3139 4035 3139 4036 3142 4036 3143 4036 3139 4037 3143 4037 3140 4037 3140 4038 3143 4038 3144 4038 3140 4039 3144 4039 3141 4039 3141 4040 3144 4040 3145 4040 3141 4041 3145 4041 3131 4041 3131 4042 3145 4042 3132 4042 3142 4043 2891 4043 3143 4043 3143 4044 2891 4044 2914 4044 3143 4045 2914 4045 3144 4045 3144 4046 2914 4046 2886 4046 3144 4047 2886 4047 3145 4047 3145 4048 2886 4048 2888 4048 3145 4049 2888 4049 3132 4049 3132 4050 2888 4050 2890 4050 2885 4051 2891 4051 3146 4051 3146 4052 2891 4052 3142 4052 3147 4053 3148 4053 3138 4053 3138 4054 3148 4054 3149 4054 3149 4055 3150 4055 3138 4055 3138 4056 3150 4056 3151 4056 3138 4057 3151 4057 3142 4057 3142 4058 3151 4058 3152 4058 3142 4059 3152 4059 3146 4059 2853 4060 2877 4060 3138 4060 3138 4061 2877 4061 3153 4061 3138 4062 3153 4062 3147 4062 3154 4063 2945 4063 3155 4063 3155 4064 2945 4064 2934 4064 3155 4065 2934 4065 3156 4065 3156 4066 2934 4066 3157 4066 2948 4067 2950 4067 3158 4067 3158 4068 2950 4068 3159 4068 3160 4069 3156 4069 3161 4069 3161 4070 3156 4070 3157 4070 3161 4071 3157 4071 3162 4071 3162 4072 3157 4072 3158 4072 3162 4073 3158 4073 3163 4073 3163 4074 3158 4074 3159 4074 3164 4075 2958 4075 3165 4075 3165 4076 2958 4076 2960 4076 3165 4077 2960 4077 3166 4077 3166 4078 2960 4078 2962 4078 3166 4079 2962 4079 3167 4079 3167 4080 2962 4080 2964 4080 3167 4081 2964 4081 3168 4081 3168 4082 2964 4082 2966 4082 3168 4083 2966 4083 3169 4083 3169 4084 2966 4084 2968 4084 3169 4085 2968 4085 3158 4085 3158 4086 2968 4086 2948 4086 3170 4087 3164 4087 3171 4087 3171 4088 3164 4088 3165 4088 3171 4089 3165 4089 3172 4089 3172 4090 3165 4090 3166 4090 3172 4091 3166 4091 3173 4091 3173 4092 3166 4092 3167 4092 3173 4093 3167 4093 3174 4093 3174 4094 3167 4094 3168 4094 3174 4095 3168 4095 3175 4095 3175 4096 3168 4096 3169 4096 3175 4097 3169 4097 3157 4097 3157 4098 3169 4098 3158 4098 2918 4099 3170 4099 2920 4099 2920 4100 3170 4100 3171 4100 2920 4101 3171 4101 2923 4101 2923 4102 3171 4102 3172 4102 2923 4103 3172 4103 2927 4103 2927 4104 3172 4104 3173 4104 2927 4105 3173 4105 2932 4105 2932 4106 3173 4106 3174 4106 2932 4107 3174 4107 2933 4107 2933 4108 3174 4108 3175 4108 2933 4109 3175 4109 2934 4109 2934 4110 3175 4110 3157 4110 2953 4111 2958 4111 3176 4111 3176 4112 2958 4112 3164 4112 3177 4113 3178 4113 3170 4113 3170 4114 3178 4114 3179 4114 3179 4115 3180 4115 3170 4115 3170 4116 3180 4116 3181 4116 3170 4117 3181 4117 3164 4117 3164 4118 3181 4118 3182 4118 3164 4119 3182 4119 3176 4119 2918 4120 2942 4120 3170 4120 3170 4121 2942 4121 3183 4121 3170 4122 3183 4122 3177 4122 3184 4123 3185 4123 3186 4123 3012 4124 3001 4124 3187 4124 3187 4125 3001 4125 3188 4125 3186 4126 3189 4126 3184 4126 3184 4127 3189 4127 3190 4127 3184 4128 3190 4128 3188 4128 3188 4129 3190 4129 3191 4129 3188 4130 3191 4130 3187 4130 3192 4131 3027 4131 3029 4131 3029 4132 3193 4132 3192 4132 3192 4133 3193 4133 3194 4133 3192 4134 3194 4134 3195 4134 3195 4135 3194 4135 3196 4135 3195 4136 3196 4136 3185 4136 3185 4137 3196 4137 3197 4137 3185 4138 3197 4138 3186 4138 3188 4139 3001 4139 3000 4139 3185 4140 3184 4140 3198 4140 3192 4141 3195 4141 3199 4141 3200 4142 3201 4142 3202 4142 3203 4143 3204 4143 3205 4143 3206 4144 3024 4144 3023 4144 3027 4145 3192 4145 3025 4145 3025 4146 3192 4146 3199 4146 3025 4147 3199 4147 3018 4147 3018 4148 3199 4148 3207 4148 3018 4149 3207 4149 3019 4149 3019 4150 3207 4150 3208 4150 3019 4151 3208 4151 3021 4151 3021 4152 3208 4152 3209 4152 3021 4153 3209 4153 3023 4153 3023 4154 3209 4154 3205 4154 3023 4155 3205 4155 3206 4155 3206 4156 3205 4156 3204 4156 3195 4157 3185 4157 3199 4157 3199 4158 3185 4158 3198 4158 3199 4159 3198 4159 3207 4159 3207 4160 3198 4160 3210 4160 3207 4161 3210 4161 3208 4161 3208 4162 3210 4162 3211 4162 3208 4163 3211 4163 3209 4163 3209 4164 3211 4164 3212 4164 3209 4165 3212 4165 3205 4165 3205 4166 3212 4166 3202 4166 3205 4167 3202 4167 3203 4167 3203 4168 3202 4168 3201 4168 3184 4169 3188 4169 3198 4169 3198 4170 3188 4170 3000 4170 3198 4171 3000 4171 3210 4171 3210 4172 3000 4172 2999 4172 3210 4173 2999 4173 3211 4173 3211 4174 2999 4174 2994 4174 3211 4175 2994 4175 3212 4175 3212 4176 2994 4176 2990 4176 3212 4177 2990 4177 3202 4177 3202 4178 2990 4178 2987 4178 3202 4179 2987 4179 3200 4179 3200 4180 2987 4180 2985 4180 3015 4181 3024 4181 3213 4181 3213 4182 3024 4182 3206 4182 3213 4183 3206 4183 3214 4183 3214 4184 3206 4184 3215 4184 3215 4185 3206 4185 3204 4185 3215 4186 3204 4186 3216 4186 3216 4187 3204 4187 3203 4187 3216 4188 3203 4188 3217 4188 3217 4189 3203 4189 3201 4189 3217 4190 3201 4190 3218 4190 3218 4191 3201 4191 3219 4191 3219 4192 3201 4192 3200 4192 3219 4193 3200 4193 3220 4193 2985 4194 3009 4194 3200 4194 3200 4195 3009 4195 3221 4195 3200 4196 3221 4196 3220 4196 3222 4197 3223 4197 3224 4197 3067 4198 3056 4198 3225 4198 3225 4199 3056 4199 3226 4199 3224 4200 3227 4200 3222 4200 3222 4201 3227 4201 3228 4201 3222 4202 3228 4202 3226 4202 3226 4203 3228 4203 3229 4203 3226 4204 3229 4204 3225 4204 3230 4205 3086 4205 3073 4205 3073 4206 3231 4206 3230 4206 3230 4207 3231 4207 3232 4207 3230 4208 3232 4208 3233 4208 3233 4209 3232 4209 3234 4209 3233 4210 3234 4210 3223 4210 3223 4211 3234 4211 3235 4211 3223 4212 3235 4212 3224 4212 3226 4213 3056 4213 3055 4213 3223 4214 3222 4214 3236 4214 3230 4215 3233 4215 3237 4215 3238 4216 3239 4216 3240 4216 3241 4217 3242 4217 3243 4217 3244 4218 3093 4218 3092 4218 3086 4219 3230 4219 3083 4219 3083 4220 3230 4220 3237 4220 3083 4221 3237 4221 3084 4221 3084 4222 3237 4222 3245 4222 3084 4223 3245 4223 3089 4223 3089 4224 3245 4224 3246 4224 3089 4225 3246 4225 3090 4225 3090 4226 3246 4226 3247 4226 3090 4227 3247 4227 3092 4227 3092 4228 3247 4228 3243 4228 3092 4229 3243 4229 3244 4229 3244 4230 3243 4230 3242 4230 3233 4231 3223 4231 3237 4231 3237 4232 3223 4232 3236 4232 3237 4233 3236 4233 3245 4233 3245 4234 3236 4234 3248 4234 3245 4235 3248 4235 3246 4235 3246 4236 3248 4236 3249 4236 3246 4237 3249 4237 3247 4237 3247 4238 3249 4238 3250 4238 3247 4239 3250 4239 3243 4239 3243 4240 3250 4240 3240 4240 3243 4241 3240 4241 3241 4241 3241 4242 3240 4242 3239 4242 3222 4243 3226 4243 3236 4243 3236 4244 3226 4244 3055 4244 3236 4245 3055 4245 3248 4245 3248 4246 3055 4246 3054 4246 3248 4247 3054 4247 3249 4247 3249 4248 3054 4248 3049 4248 3249 4249 3049 4249 3250 4249 3250 4250 3049 4250 3045 4250 3250 4251 3045 4251 3240 4251 3240 4252 3045 4252 3042 4252 3240 4253 3042 4253 3238 4253 3238 4254 3042 4254 3040 4254 3072 4255 3093 4255 3251 4255 3251 4256 3093 4256 3244 4256 3251 4257 3244 4257 3252 4257 3252 4258 3244 4258 3253 4258 3253 4259 3244 4259 3242 4259 3253 4260 3242 4260 3254 4260 3254 4261 3242 4261 3241 4261 3254 4262 3241 4262 3255 4262 3255 4263 3241 4263 3239 4263 3255 4264 3239 4264 3256 4264 3256 4265 3239 4265 3257 4265 3257 4266 3239 4266 3238 4266 3257 4267 3238 4267 3258 4267 3040 4268 3064 4268 3238 4268 3238 4269 3064 4269 3259 4269 3238 4270 3259 4270 3258 4270 394 4271 3260 4271 3261 4271 3262 4272 378 4272 381 4272 3263 4273 3264 4273 3265 4273 3265 4274 3264 4274 3262 4274 2814 4275 2813 4275 3263 4275 3262 4276 381 4276 3265 4276 3265 4277 381 4277 383 4277 3265 4278 383 4278 3266 4278 383 4279 390 4279 3266 4279 3266 4280 390 4280 392 4280 3266 4281 392 4281 3261 4281 3261 4282 392 4282 395 4282 3261 4283 395 4283 394 4283 394 4284 398 4284 3260 4284 3260 4285 398 4285 397 4285 3260 4286 397 4286 3267 4286 3267 4287 397 4287 408 4287 3267 4288 408 4288 407 4288 3263 4289 3265 4289 2814 4289 2814 4290 3265 4290 3266 4290 2814 4291 3266 4291 2815 4291 2815 4292 3266 4292 3261 4292 2815 4293 3261 4293 2812 4293 2812 4294 3261 4294 3260 4294 2812 4295 3260 4295 2811 4295 2811 4296 3260 4296 3267 4296 2811 4297 3267 4297 2803 4297 3268 4298 3107 4298 3106 4298 3269 4299 3270 4299 3271 4299 3104 4300 3103 4300 3272 4300 3272 4301 3103 4301 2818 4301 3272 4302 2818 4302 3269 4302 3104 4303 3272 4303 3106 4303 3106 4304 3272 4304 3273 4304 3106 4305 3273 4305 3268 4305 3107 4306 3268 4306 3096 4306 3096 4307 3268 4307 3274 4307 3096 4308 3274 4308 3099 4308 3099 4309 3274 4309 3275 4309 3099 4310 3275 4310 3100 4310 3269 4311 3271 4311 3272 4311 3272 4312 3271 4312 3276 4312 3272 4313 3276 4313 3273 4313 3273 4314 3276 4314 3277 4314 3273 4315 3277 4315 3268 4315 3268 4316 3277 4316 3278 4316 3268 4317 3278 4317 3274 4317 3274 4318 3278 4318 3279 4318 3274 4319 3279 4319 3275 4319 3275 4320 3279 4320 3280 4320 3275 4321 3280 4321 3281 4321 3100 4322 3275 4322 3101 4322 3101 4323 3275 4323 3281 4323 3101 4324 3281 4324 3097 4324 378 4325 3280 4325 379 4325 379 4326 3280 4326 3279 4326 379 4327 3279 4327 384 4327 384 4328 3279 4328 3278 4328 384 4329 3278 4329 385 4329 385 4330 3278 4330 3277 4330 385 4331 3277 4331 386 4331 386 4332 3277 4332 3276 4332 386 4333 3276 4333 387 4333 387 4334 3276 4334 3271 4334 387 4335 3271 4335 388 4335 388 4336 3271 4336 3270 4336 388 4337 3270 4337 389 4337 2813 4338 3097 4338 3263 4338 3263 4339 3097 4339 3281 4339 3263 4340 3281 4340 3264 4340 3264 4341 3281 4341 3280 4341 3264 4342 3280 4342 3262 4342 3262 4343 3280 4343 378 4343 3267 4344 407 4344 405 4344 2803 4345 3267 4345 3282 4345 2803 4346 3282 4346 2804 4346 2804 4347 3282 4347 3283 4347 2804 4348 3283 4348 2805 4348 2805 4349 3283 4349 3284 4349 2805 4350 3284 4350 2806 4350 3267 4351 405 4351 3282 4351 3282 4352 405 4352 404 4352 3282 4353 404 4353 3283 4353 3283 4354 404 4354 403 4354 3283 4355 403 4355 3284 4355 3284 4356 403 4356 402 4356 3284 4357 402 4357 3285 4357 3285 4358 402 4358 400 4358 3285 4359 400 4359 3286 4359 3286 4360 400 4360 399 4360 3286 4361 399 4361 3287 4361 3287 4362 399 4362 79 4362 3287 4363 79 4363 3288 4363 2806 4364 3284 4364 2799 4364 2799 4365 3284 4365 3285 4365 2799 4366 3285 4366 3286 4366 2799 4367 3286 4367 2798 4367 2798 4368 3286 4368 3287 4368 2798 4369 3287 4369 2793 4369 2793 4370 3287 4370 3288 4370 2793 4371 3288 4371 2794 4371 2794 4372 3288 4372 3289 4372 2794 4373 3289 4373 2796 4373 79 4374 78 4374 3288 4374 3288 4375 78 4375 409 4375 3288 4376 409 4376 3289 4376 3289 4377 409 4377 411 4377 3289 4378 411 4378 3290 4378 3290 4379 411 4379 410 4379 3290 4380 410 4380 3291 4380 3291 4381 410 4381 413 4381 3291 4382 413 4382 3292 4382 3292 4383 413 4383 418 4383 3292 4384 418 4384 3293 4384 3293 4385 418 4385 417 4385 3293 4386 417 4386 3294 4386 2796 4387 3289 4387 2797 4387 2797 4388 3289 4388 3290 4388 2797 4389 3290 4389 2792 4389 2792 4390 3290 4390 3291 4390 2792 4391 3291 4391 2790 4391 2790 4392 3291 4392 3292 4392 2790 4393 3292 4393 2789 4393 2789 4394 3292 4394 3293 4394 2789 4395 3293 4395 2787 4395 2787 4396 3293 4396 3294 4396 2787 4397 3294 4397 2785 4397 2833 4398 3295 4398 3296 4398 431 4399 430 4399 3297 4399 3297 4400 430 4400 3298 4400 3297 4401 3298 4401 3295 4401 389 4402 3270 4402 440 4402 440 4403 3270 4403 3299 4403 440 4404 3299 4404 442 4404 442 4405 3299 4405 3300 4405 442 4406 3300 4406 444 4406 444 4407 3300 4407 3298 4407 444 4408 3298 4408 445 4408 445 4409 3298 4409 430 4409 3295 4410 3298 4410 3296 4410 3296 4411 3298 4411 3300 4411 3296 4412 3300 4412 3301 4412 3301 4413 3300 4413 3299 4413 3301 4414 3299 4414 3302 4414 3302 4415 3299 4415 3270 4415 3302 4416 3270 4416 3269 4416 2833 4417 3296 4417 2823 4417 2823 4418 3296 4418 3301 4418 2823 4419 3301 4419 2821 4419 2821 4420 3301 4420 3302 4420 2821 4421 3302 4421 2822 4421 2822 4422 3302 4422 3269 4422 2822 4423 3269 4423 2818 4423 3294 4424 417 4424 415 4424 414 4425 421 4425 3303 4425 415 4426 414 4426 3294 4426 3294 4427 414 4427 3303 4427 3294 4428 3303 4428 2785 4428 421 4429 424 4429 3303 4429 3303 4430 424 4430 423 4430 3303 4431 423 4431 3304 4431 3304 4432 423 4432 427 4432 3304 4433 427 4433 3305 4433 3305 4434 427 4434 426 4434 3305 4435 426 4435 439 4435 438 4436 3306 4436 439 4436 439 4437 3306 4437 3307 4437 439 4438 3307 4438 3305 4438 3305 4439 3307 4439 3308 4439 2785 4440 3303 4440 2807 4440 2807 4441 3303 4441 3304 4441 2807 4442 3304 4442 2808 4442 2808 4443 3304 4443 3305 4443 2808 4444 3305 4444 2809 4444 2809 4445 3305 4445 3308 4445 2809 4446 3308 4446 2810 4446 3307 4447 3306 4447 3309 4447 3306 4448 438 4448 437 4448 3307 4449 3309 4449 3308 4449 3310 4450 3127 4450 3311 4450 3311 4451 3127 4451 2810 4451 3311 4452 2810 4452 3308 4452 3306 4453 437 4453 3309 4453 3309 4454 437 4454 436 4454 3309 4455 436 4455 3312 4455 3312 4456 436 4456 435 4456 3312 4457 435 4457 3313 4457 3313 4458 435 4458 434 4458 3313 4459 434 4459 3314 4459 3314 4460 434 4460 433 4460 3314 4461 433 4461 3315 4461 3308 4462 3309 4462 3311 4462 3311 4463 3309 4463 3312 4463 3311 4464 3312 4464 3310 4464 3310 4465 3312 4465 3313 4465 3310 4466 3313 4466 3316 4466 3316 4467 3313 4467 3314 4467 3316 4468 3314 4468 3317 4468 3317 4469 3314 4469 3315 4469 3317 4470 3315 4470 3318 4470 3126 4471 3125 4471 3318 4471 3318 4472 3125 4472 3124 4472 3318 4473 3124 4473 3317 4473 3317 4474 3124 4474 3123 4474 3317 4475 3123 4475 3316 4475 3316 4476 3123 4476 3122 4476 3316 4477 3122 4477 3310 4477 3310 4478 3122 4478 3121 4478 3310 4479 3121 4479 3127 4479 3120 4480 3126 4480 3319 4480 3319 4481 3126 4481 3318 4481 3319 4482 3318 4482 3320 4482 3320 4483 3318 4483 3315 4483 3320 4484 3315 4484 432 4484 432 4485 3315 4485 433 4485 2833 4486 3120 4486 3295 4486 3295 4487 3120 4487 3319 4487 3295 4488 3319 4488 3297 4488 3297 4489 3319 4489 3320 4489 3297 4490 3320 4490 431 4490 431 4491 3320 4491 432 4491 326 4492 3321 4492 3322 4492 3323 4493 313 4493 315 4493 3324 4494 3325 4494 3326 4494 3326 4495 3325 4495 3323 4495 2881 4496 2880 4496 3324 4496 3323 4497 315 4497 3326 4497 3326 4498 315 4498 316 4498 3326 4499 316 4499 3327 4499 316 4500 330 4500 3327 4500 3327 4501 330 4501 329 4501 3327 4502 329 4502 3322 4502 3322 4503 329 4503 327 4503 3322 4504 327 4504 326 4504 326 4505 82 4505 3321 4505 3321 4506 82 4506 81 4506 3321 4507 81 4507 3328 4507 3328 4508 81 4508 836 4508 3328 4509 836 4509 343 4509 3324 4510 3326 4510 2881 4510 2881 4511 3326 4511 3327 4511 2881 4512 3327 4512 2882 4512 2882 4513 3327 4513 3322 4513 2882 4514 3322 4514 2879 4514 2879 4515 3322 4515 3321 4515 2879 4516 3321 4516 2878 4516 2878 4517 3321 4517 3328 4517 2878 4518 3328 4518 2867 4518 3329 4519 3134 4519 3135 4519 3330 4520 324 4520 323 4520 3331 4521 3330 4521 3332 4521 3136 4522 3137 4522 3333 4522 3333 4523 3137 4523 3133 4523 3333 4524 3133 4524 3334 4524 3334 4525 3133 4525 2903 4525 3334 4526 2903 4526 3331 4526 3136 4527 3333 4527 3135 4527 3135 4528 3333 4528 3335 4528 3135 4529 3335 4529 3329 4529 3330 4530 323 4530 3332 4530 3332 4531 323 4531 322 4531 3332 4532 322 4532 3336 4532 3336 4533 322 4533 321 4533 3336 4534 321 4534 3337 4534 3337 4535 321 4535 320 4535 3337 4536 320 4536 3338 4536 3338 4537 320 4537 319 4537 3338 4538 319 4538 3339 4538 3339 4539 319 4539 318 4539 3339 4540 318 4540 3340 4540 318 4541 313 4541 3340 4541 3340 4542 313 4542 3323 4542 3340 4543 3323 4543 3325 4543 3331 4544 3332 4544 3334 4544 3334 4545 3332 4545 3336 4545 3334 4546 3336 4546 3333 4546 3333 4547 3336 4547 3337 4547 3333 4548 3337 4548 3335 4548 3335 4549 3337 4549 3338 4549 3335 4550 3338 4550 3329 4550 3329 4551 3338 4551 3339 4551 3329 4552 3339 4552 3341 4552 3341 4553 3339 4553 3340 4553 3341 4554 3340 4554 3342 4554 3342 4555 3340 4555 3325 4555 3342 4556 3325 4556 3324 4556 3134 4557 3329 4557 3130 4557 3130 4558 3329 4558 3341 4558 3130 4559 3341 4559 3129 4559 3129 4560 3341 4560 3342 4560 3129 4561 3342 4561 3128 4561 3128 4562 3342 4562 3324 4562 3128 4563 3324 4563 2880 4563 3328 4564 343 4564 341 4564 3328 4565 341 4565 3343 4565 3343 4566 341 4566 340 4566 3343 4567 340 4567 3344 4567 3344 4568 340 4568 339 4568 3344 4569 339 4569 3345 4569 3345 4570 2870 4570 3344 4570 3344 4571 2870 4571 2869 4571 3344 4572 2869 4572 3343 4572 3343 4573 2869 4573 2867 4573 3343 4574 2867 4574 3328 4574 2873 4575 2872 4575 3345 4575 3345 4576 2872 4576 2871 4576 3345 4577 2871 4577 2870 4577 3346 4578 338 4578 336 4578 3346 4579 336 4579 3347 4579 3347 4580 336 4580 335 4580 3347 4581 335 4581 3348 4581 339 4582 338 4582 3345 4582 3345 4583 338 4583 3346 4583 3345 4584 3346 4584 2873 4584 2873 4585 3346 4585 3347 4585 2873 4586 3347 4586 2864 4586 2864 4587 3347 4587 3348 4587 2857 4588 2863 4588 3348 4588 3348 4589 2863 4589 2865 4589 3348 4590 2865 4590 2864 4590 3349 4591 334 4591 3350 4591 3350 4592 334 4592 332 4592 332 4593 331 4593 3350 4593 3350 4594 331 4594 345 4594 3350 4595 345 4595 3351 4595 3351 4596 345 4596 344 4596 3351 4597 344 4597 3352 4597 335 4598 334 4598 3348 4598 3348 4599 334 4599 3349 4599 3348 4600 3349 4600 2857 4600 2857 4601 3349 4601 3350 4601 2857 4602 3350 4602 2858 4602 2858 4603 3350 4603 3351 4603 2858 4604 3351 4604 2860 4604 2860 4605 3351 4605 3352 4605 2856 4606 2862 4606 3352 4606 3352 4607 2862 4607 2861 4607 3352 4608 2861 4608 2860 4608 3353 4609 347 4609 352 4609 3353 4610 352 4610 3354 4610 3354 4611 352 4611 351 4611 3354 4612 351 4612 3355 4612 344 4613 347 4613 3352 4613 3352 4614 347 4614 3353 4614 3352 4615 3353 4615 2856 4615 2856 4616 3353 4616 3354 4616 2856 4617 3354 4617 2854 4617 2854 4618 3354 4618 3355 4618 2854 4619 3355 4619 2852 4619 2885 4620 3356 4620 3357 4620 362 4621 361 4621 3358 4621 3358 4622 361 4622 3359 4622 3358 4623 3359 4623 3356 4623 361 4624 374 4624 3359 4624 3359 4625 374 4625 373 4625 3359 4626 373 4626 3360 4626 3360 4627 373 4627 377 4627 3360 4628 377 4628 3361 4628 3361 4629 377 4629 376 4629 376 4630 375 4630 3361 4630 3361 4631 375 4631 324 4631 3361 4632 324 4632 3330 4632 3356 4633 3359 4633 3357 4633 3357 4634 3359 4634 3360 4634 3357 4635 3360 4635 3362 4635 3362 4636 3360 4636 3361 4636 3362 4637 3361 4637 3363 4637 3363 4638 3361 4638 3330 4638 3363 4639 3330 4639 3331 4639 2885 4640 3357 4640 2898 4640 2898 4641 3357 4641 3362 4641 2898 4642 3362 4642 2893 4642 2893 4643 3362 4643 3363 4643 2893 4644 3363 4644 2895 4644 2895 4645 3363 4645 3331 4645 2895 4646 3331 4646 2903 4646 3355 4647 351 4647 349 4647 3364 4648 348 4648 614 4648 349 4649 348 4649 3355 4649 3355 4650 348 4650 3364 4650 3355 4651 3364 4651 2852 4651 358 4652 3365 4652 359 4652 359 4653 3365 4653 3366 4653 359 4654 3366 4654 354 4654 354 4655 3366 4655 3364 4655 354 4656 3364 4656 356 4656 356 4657 3364 4657 614 4657 370 4658 3367 4658 371 4658 371 4659 3367 4659 358 4659 358 4660 3367 4660 3365 4660 3365 4661 3367 4661 3368 4661 3365 4662 3368 4662 3369 4662 2852 4663 3364 4663 2874 4663 2874 4664 3364 4664 3366 4664 2874 4665 3366 4665 2875 4665 2875 4666 3366 4666 3365 4666 2875 4667 3365 4667 2876 4667 2876 4668 3365 4668 3369 4668 2876 4669 3369 4669 2877 4669 3368 4670 3367 4670 3370 4670 3367 4671 370 4671 369 4671 3368 4672 3370 4672 3369 4672 3371 4673 3153 4673 3372 4673 3372 4674 3153 4674 2877 4674 3372 4675 2877 4675 3369 4675 3367 4676 369 4676 3370 4676 3370 4677 369 4677 368 4677 3370 4678 368 4678 3373 4678 3373 4679 368 4679 367 4679 3373 4680 367 4680 3374 4680 3374 4681 367 4681 366 4681 3374 4682 366 4682 3375 4682 3375 4683 366 4683 365 4683 3375 4684 365 4684 3376 4684 3369 4685 3370 4685 3372 4685 3372 4686 3370 4686 3373 4686 3372 4687 3373 4687 3371 4687 3371 4688 3373 4688 3374 4688 3371 4689 3374 4689 3377 4689 3377 4690 3374 4690 3375 4690 3377 4691 3375 4691 3378 4691 3378 4692 3375 4692 3376 4692 3378 4693 3376 4693 3379 4693 3152 4694 3151 4694 3379 4694 3379 4695 3151 4695 3150 4695 3379 4696 3150 4696 3378 4696 3378 4697 3150 4697 3149 4697 3378 4698 3149 4698 3377 4698 3377 4699 3149 4699 3148 4699 3377 4700 3148 4700 3371 4700 3371 4701 3148 4701 3147 4701 3371 4702 3147 4702 3153 4702 3146 4703 3152 4703 3380 4703 3380 4704 3152 4704 3379 4704 3380 4705 3379 4705 3381 4705 3381 4706 3379 4706 3376 4706 3381 4707 3376 4707 364 4707 364 4708 3376 4708 365 4708 2885 4709 3146 4709 3356 4709 3356 4710 3146 4710 3380 4710 3356 4711 3380 4711 3358 4711 3358 4712 3380 4712 3381 4712 3358 4713 3381 4713 362 4713 362 4714 3381 4714 364 4714 3382 4715 3383 4715 3384 4715 3384 4716 3383 4716 3385 4716 2946 4717 2945 4717 3382 4717 250 4718 3386 4718 251 4718 251 4719 3386 4719 3384 4719 251 4720 3384 4720 240 4720 240 4721 3384 4721 3385 4721 240 4722 3385 4722 238 4722 250 4723 256 4723 3386 4723 3386 4724 256 4724 255 4724 3386 4725 255 4725 3387 4725 255 4726 253 4726 3387 4726 3387 4727 253 4727 261 4727 3387 4728 261 4728 3388 4728 3388 4729 261 4729 260 4729 3388 4730 260 4730 3389 4730 3389 4731 260 4731 258 4731 3389 4732 258 4732 257 4732 3382 4733 3384 4733 2946 4733 2946 4734 3384 4734 3386 4734 2946 4735 3386 4735 2947 4735 2947 4736 3386 4736 3387 4736 2947 4737 3387 4737 2944 4737 2944 4738 3387 4738 3388 4738 2944 4739 3388 4739 2943 4739 2943 4740 3388 4740 3389 4740 2943 4741 3389 4741 2935 4741 3390 4742 3160 4742 3161 4742 3391 4743 310 4743 248 4743 3392 4744 3391 4744 3393 4744 3162 4745 3163 4745 3394 4745 3394 4746 3163 4746 3159 4746 3394 4747 3159 4747 3395 4747 3395 4748 3159 4748 2950 4748 3395 4749 2950 4749 3392 4749 3162 4750 3394 4750 3161 4750 3161 4751 3394 4751 3396 4751 3161 4752 3396 4752 3390 4752 3391 4753 248 4753 3393 4753 3393 4754 248 4754 246 4754 3393 4755 246 4755 3397 4755 3397 4756 246 4756 245 4756 3397 4757 245 4757 3398 4757 3398 4758 245 4758 244 4758 3398 4759 244 4759 3399 4759 3399 4760 244 4760 243 4760 3399 4761 243 4761 3400 4761 3400 4762 243 4762 242 4762 3400 4763 242 4763 3401 4763 242 4764 238 4764 3401 4764 3401 4765 238 4765 3385 4765 3401 4766 3385 4766 3383 4766 3392 4767 3393 4767 3395 4767 3395 4768 3393 4768 3397 4768 3395 4769 3397 4769 3394 4769 3394 4770 3397 4770 3398 4770 3394 4771 3398 4771 3396 4771 3396 4772 3398 4772 3399 4772 3396 4773 3399 4773 3390 4773 3390 4774 3399 4774 3400 4774 3390 4775 3400 4775 3402 4775 3402 4776 3400 4776 3401 4776 3402 4777 3401 4777 3403 4777 3403 4778 3401 4778 3383 4778 3403 4779 3383 4779 3382 4779 3160 4780 3390 4780 3156 4780 3156 4781 3390 4781 3402 4781 3156 4782 3402 4782 3155 4782 3155 4783 3402 4783 3403 4783 3155 4784 3403 4784 3154 4784 3154 4785 3403 4785 3382 4785 3154 4786 3382 4786 2945 4786 257 4787 275 4787 3389 4787 3389 4788 275 4788 3404 4788 3389 4789 3404 4789 2935 4789 2935 4790 3404 4790 2936 4790 2936 4791 3404 4791 3405 4791 2936 4792 3405 4792 2937 4792 2937 4793 3405 4793 3406 4793 2937 4794 3406 4794 2938 4794 2938 4795 3406 4795 2931 4795 2931 4796 3406 4796 3407 4796 2931 4797 3407 4797 3408 4797 2931 4798 3408 4798 2930 4798 2930 4799 3408 4799 3409 4799 2930 4800 3409 4800 2925 4800 2925 4801 3409 4801 3410 4801 2925 4802 3410 4802 2926 4802 2926 4803 3410 4803 3411 4803 2926 4804 3411 4804 2928 4804 275 4805 274 4805 3404 4805 3404 4806 274 4806 273 4806 3404 4807 273 4807 3405 4807 3405 4808 273 4808 272 4808 3405 4809 272 4809 3406 4809 3406 4810 272 4810 271 4810 3406 4811 271 4811 3407 4811 3407 4812 271 4812 269 4812 3407 4813 269 4813 3408 4813 3408 4814 269 4814 268 4814 3408 4815 268 4815 3409 4815 3409 4816 268 4816 267 4816 3409 4817 267 4817 3410 4817 3410 4818 267 4818 266 4818 3410 4819 266 4819 3411 4819 3411 4820 266 4820 265 4820 263 4821 3412 4821 265 4821 265 4822 3412 4822 3413 4822 265 4823 3413 4823 3411 4823 263 4824 262 4824 3412 4824 3412 4825 262 4825 284 4825 3412 4826 284 4826 3414 4826 3414 4827 284 4827 283 4827 3414 4828 283 4828 3415 4828 3415 4829 283 4829 281 4829 3415 4830 281 4830 3416 4830 2928 4831 3411 4831 2929 4831 2929 4832 3411 4832 3413 4832 2929 4833 3413 4833 2924 4833 2924 4834 3413 4834 3412 4834 2924 4835 3412 4835 2922 4835 2922 4836 3412 4836 3414 4836 2922 4837 3414 4837 2921 4837 2921 4838 3414 4838 3415 4838 2921 4839 3415 4839 2919 4839 2919 4840 3415 4840 3416 4840 2919 4841 3416 4841 2917 4841 2953 4842 3417 4842 3418 4842 3417 4843 3419 4843 3420 4843 3419 4844 294 4844 293 4844 306 4845 3421 4845 3420 4845 3419 4846 293 4846 3420 4846 3420 4847 293 4847 304 4847 3420 4848 304 4848 306 4848 306 4849 309 4849 3421 4849 3421 4850 309 4850 308 4850 3421 4851 308 4851 3422 4851 3422 4852 308 4852 312 4852 3422 4853 312 4853 3391 4853 3391 4854 312 4854 311 4854 3391 4855 311 4855 310 4855 3417 4856 3420 4856 3418 4856 3418 4857 3420 4857 3421 4857 3418 4858 3421 4858 3423 4858 3423 4859 3421 4859 3422 4859 3423 4860 3422 4860 3424 4860 3424 4861 3422 4861 3391 4861 3424 4862 3391 4862 3392 4862 2953 4863 3418 4863 2977 4863 2977 4864 3418 4864 3423 4864 2977 4865 3423 4865 2972 4865 2972 4866 3423 4866 3424 4866 2972 4867 3424 4867 2974 4867 2974 4868 3424 4868 3392 4868 2974 4869 3392 4869 2950 4869 3416 4870 281 4870 279 4870 3425 4871 277 4871 276 4871 279 4872 277 4872 3416 4872 3416 4873 277 4873 3425 4873 3416 4874 3425 4874 2917 4874 276 4875 288 4875 3425 4875 3425 4876 288 4876 286 4876 3425 4877 286 4877 3426 4877 3426 4878 286 4878 291 4878 3426 4879 291 4879 3427 4879 3427 4880 291 4880 290 4880 3427 4881 290 4881 303 4881 302 4882 3428 4882 303 4882 303 4883 3428 4883 3429 4883 303 4884 3429 4884 3427 4884 3427 4885 3429 4885 3430 4885 2917 4886 3425 4886 2939 4886 2939 4887 3425 4887 3426 4887 2939 4888 3426 4888 2940 4888 2940 4889 3426 4889 3427 4889 2940 4890 3427 4890 2941 4890 2941 4891 3427 4891 3430 4891 2941 4892 3430 4892 2942 4892 3429 4893 3428 4893 3431 4893 3428 4894 302 4894 301 4894 3429 4895 3431 4895 3430 4895 3432 4896 3183 4896 3433 4896 3433 4897 3183 4897 2942 4897 3433 4898 2942 4898 3430 4898 3428 4899 301 4899 3431 4899 3431 4900 301 4900 300 4900 3431 4901 300 4901 3434 4901 3434 4902 300 4902 299 4902 3434 4903 299 4903 3435 4903 3435 4904 299 4904 298 4904 3435 4905 298 4905 3436 4905 3436 4906 298 4906 297 4906 3436 4907 297 4907 3437 4907 3430 4908 3431 4908 3433 4908 3433 4909 3431 4909 3434 4909 3433 4910 3434 4910 3432 4910 3432 4911 3434 4911 3435 4911 3432 4912 3435 4912 3438 4912 3438 4913 3435 4913 3436 4913 3438 4914 3436 4914 3439 4914 3439 4915 3436 4915 3437 4915 3439 4916 3437 4916 3440 4916 3182 4917 3181 4917 3440 4917 3440 4918 3181 4918 3180 4918 3440 4919 3180 4919 3439 4919 3439 4920 3180 4920 3179 4920 3439 4921 3179 4921 3438 4921 3438 4922 3179 4922 3178 4922 3438 4923 3178 4923 3432 4923 3432 4924 3178 4924 3177 4924 3432 4925 3177 4925 3183 4925 3176 4926 3182 4926 3441 4926 3441 4927 3182 4927 3440 4927 3441 4928 3440 4928 3442 4928 3442 4929 3440 4929 3437 4929 3442 4930 3437 4930 296 4930 296 4931 3437 4931 297 4931 2953 4932 3176 4932 3417 4932 3417 4933 3176 4933 3441 4933 3417 4934 3441 4934 3419 4934 3419 4935 3441 4935 3442 4935 3419 4936 3442 4936 294 4936 294 4937 3442 4937 296 4937 3443 4938 168 4938 171 4938 3444 4939 3445 4939 3446 4939 3446 4940 3445 4940 3443 4940 3013 4941 3012 4941 3444 4941 182 4942 3447 4942 3448 4942 3443 4943 171 4943 3446 4943 3446 4944 171 4944 173 4944 3446 4945 173 4945 3448 4945 3448 4946 173 4946 180 4946 3448 4947 180 4947 182 4947 182 4948 185 4948 3447 4948 3447 4949 185 4949 184 4949 3447 4950 184 4950 3449 4950 184 4951 186 4951 3449 4951 3449 4952 186 4952 188 4952 3449 4953 188 4953 3450 4953 3450 4954 188 4954 190 4954 3450 4955 190 4955 194 4955 3444 4956 3446 4956 3013 4956 3013 4957 3446 4957 3448 4957 3013 4958 3448 4958 3014 4958 3014 4959 3448 4959 3447 4959 3014 4960 3447 4960 3011 4960 3011 4961 3447 4961 3449 4961 3011 4962 3449 4962 3010 4962 3010 4963 3449 4963 3450 4963 3010 4964 3450 4964 3002 4964 3451 4965 3197 4965 3196 4965 3452 4966 3453 4966 3454 4966 3194 4967 3193 4967 3455 4967 3455 4968 3193 4968 3029 4968 3455 4969 3029 4969 3452 4969 3194 4970 3455 4970 3196 4970 3196 4971 3455 4971 3456 4971 3196 4972 3456 4972 3451 4972 3197 4973 3451 4973 3186 4973 3186 4974 3451 4974 3457 4974 3186 4975 3457 4975 3189 4975 3189 4976 3457 4976 3458 4976 3189 4977 3458 4977 3190 4977 3452 4978 3454 4978 3455 4978 3455 4979 3454 4979 3459 4979 3455 4980 3459 4980 3456 4980 3456 4981 3459 4981 3460 4981 3456 4982 3460 4982 3451 4982 3451 4983 3460 4983 3461 4983 3451 4984 3461 4984 3457 4984 3457 4985 3461 4985 3462 4985 3457 4986 3462 4986 3458 4986 3458 4987 3462 4987 3463 4987 3458 4988 3463 4988 3464 4988 3190 4989 3458 4989 3191 4989 3191 4990 3458 4990 3464 4990 3191 4991 3464 4991 3187 4991 168 4992 3463 4992 169 4992 169 4993 3463 4993 3462 4993 169 4994 3462 4994 174 4994 174 4995 3462 4995 3461 4995 174 4996 3461 4996 175 4996 175 4997 3461 4997 3460 4997 175 4998 3460 4998 176 4998 176 4999 3460 4999 3459 4999 176 5000 3459 5000 177 5000 177 5001 3459 5001 3454 5001 177 5002 3454 5002 178 5002 178 5003 3454 5003 3453 5003 178 5004 3453 5004 235 5004 3012 5005 3187 5005 3444 5005 3444 5006 3187 5006 3464 5006 3444 5007 3464 5007 3445 5007 3445 5008 3464 5008 3463 5008 3445 5009 3463 5009 3443 5009 3443 5010 3463 5010 168 5010 209 5011 3465 5011 3466 5011 3450 5012 194 5012 192 5012 3002 5013 3450 5013 3467 5013 3450 5014 192 5014 3467 5014 3467 5015 192 5015 191 5015 3467 5016 191 5016 3468 5016 3002 5017 3467 5017 3003 5017 3003 5018 3467 5018 3468 5018 3003 5019 3468 5019 3004 5019 3004 5020 3468 5020 3469 5020 3004 5021 3469 5021 3005 5021 3005 5022 3469 5022 2998 5022 2998 5023 3469 5023 3470 5023 2998 5024 3470 5024 3471 5024 2998 5025 3471 5025 2997 5025 2997 5026 3471 5026 3472 5026 2997 5027 3472 5027 2992 5027 2992 5028 3472 5028 3473 5028 2992 5029 3473 5029 2993 5029 2993 5030 3473 5030 3474 5030 2993 5031 3474 5031 2995 5031 191 5032 205 5032 3468 5032 3468 5033 205 5033 204 5033 3468 5034 204 5034 3469 5034 3469 5035 204 5035 203 5035 3469 5036 203 5036 3470 5036 3470 5037 203 5037 202 5037 3470 5038 202 5038 3471 5038 3471 5039 202 5039 200 5039 3471 5040 200 5040 3472 5040 3472 5041 200 5041 199 5041 3472 5042 199 5042 3473 5042 3473 5043 199 5043 196 5043 3473 5044 196 5044 3474 5044 3474 5045 196 5045 195 5045 3474 5046 195 5046 3475 5046 3475 5047 195 5047 198 5047 3475 5048 198 5048 3476 5048 3476 5049 198 5049 197 5049 3476 5050 197 5050 3477 5050 3477 5051 197 5051 85 5051 3477 5052 85 5052 3466 5052 3466 5053 85 5053 84 5053 3466 5054 84 5054 209 5054 2995 5055 3474 5055 2996 5055 2996 5056 3474 5056 3475 5056 2996 5057 3475 5057 2991 5057 2991 5058 3475 5058 3476 5058 2991 5059 3476 5059 2989 5059 2989 5060 3476 5060 3477 5060 2989 5061 3477 5061 2988 5061 2988 5062 3477 5062 3466 5062 2988 5063 3466 5063 2986 5063 2986 5064 3466 5064 3465 5064 2986 5065 3465 5065 2984 5065 3015 5066 3478 5066 3479 5066 219 5067 227 5067 3480 5067 3480 5068 227 5068 3481 5068 3480 5069 3481 5069 3478 5069 227 5070 229 5070 3481 5070 3481 5071 229 5071 231 5071 3481 5072 231 5072 3482 5072 235 5073 3453 5073 236 5073 236 5074 3453 5074 3483 5074 231 5075 232 5075 3482 5075 3482 5076 232 5076 234 5076 3482 5077 234 5077 3483 5077 3483 5078 234 5078 237 5078 3483 5079 237 5079 236 5079 3478 5080 3481 5080 3479 5080 3479 5081 3481 5081 3482 5081 3479 5082 3482 5082 3484 5082 3484 5083 3482 5083 3483 5083 3484 5084 3483 5084 3485 5084 3485 5085 3483 5085 3453 5085 3485 5086 3453 5086 3452 5086 3015 5087 3479 5087 3036 5087 3036 5088 3479 5088 3484 5088 3036 5089 3484 5089 3034 5089 3034 5090 3484 5090 3485 5090 3034 5091 3485 5091 3032 5091 3032 5092 3485 5092 3452 5092 3032 5093 3452 5093 3029 5093 2984 5094 3465 5094 3486 5094 211 5095 3487 5095 3486 5095 209 5096 207 5096 3465 5096 3465 5097 207 5097 213 5097 3465 5098 213 5098 3486 5098 3486 5099 213 5099 212 5099 3486 5100 212 5100 211 5100 211 5101 634 5101 3487 5101 3487 5102 634 5102 214 5102 3487 5103 214 5103 3488 5103 3488 5104 214 5104 216 5104 3488 5105 216 5105 218 5105 226 5106 3489 5106 218 5106 218 5107 3489 5107 3490 5107 218 5108 3490 5108 3488 5108 3488 5109 3490 5109 3491 5109 2984 5110 3486 5110 3006 5110 3006 5111 3486 5111 3487 5111 3006 5112 3487 5112 3007 5112 3007 5113 3487 5113 3488 5113 3007 5114 3488 5114 3008 5114 3008 5115 3488 5115 3491 5115 3008 5116 3491 5116 3009 5116 3214 5117 3215 5117 3492 5117 3490 5118 3489 5118 3493 5118 3489 5119 226 5119 225 5119 3490 5120 3493 5120 3491 5120 3009 5121 3491 5121 3494 5121 3489 5122 225 5122 3493 5122 3493 5123 225 5123 224 5123 3493 5124 224 5124 3495 5124 3495 5125 224 5125 223 5125 3495 5126 223 5126 3496 5126 3496 5127 223 5127 222 5127 3496 5128 222 5128 3497 5128 3491 5129 3493 5129 3494 5129 3494 5130 3493 5130 3495 5130 3494 5131 3495 5131 3498 5131 3498 5132 3495 5132 3496 5132 3498 5133 3496 5133 3499 5133 3499 5134 3496 5134 3497 5134 3499 5135 3497 5135 3500 5135 3216 5136 3217 5136 3500 5136 3500 5137 3217 5137 3218 5137 3500 5138 3218 5138 3499 5138 3499 5139 3218 5139 3219 5139 3499 5140 3219 5140 3498 5140 3498 5141 3219 5141 3220 5141 3498 5142 3220 5142 3494 5142 3494 5143 3220 5143 3221 5143 3494 5144 3221 5144 3009 5144 3215 5145 3216 5145 3492 5145 3492 5146 3216 5146 3500 5146 3492 5147 3500 5147 3501 5147 3501 5148 3500 5148 3497 5148 3501 5149 3497 5149 221 5149 221 5150 3497 5150 222 5150 3213 5151 3214 5151 3502 5151 3502 5152 3214 5152 3492 5152 3502 5153 3492 5153 3503 5153 3503 5154 3492 5154 3501 5154 3503 5155 3501 5155 220 5155 220 5156 3501 5156 221 5156 3015 5157 3213 5157 3478 5157 3478 5158 3213 5158 3502 5158 3478 5159 3502 5159 3480 5159 3480 5160 3502 5160 3503 5160 3480 5161 3503 5161 219 5161 219 5162 3503 5162 220 5162 116 5163 3504 5163 3505 5163 3506 5164 106 5164 105 5164 3507 5165 3508 5165 3509 5165 3509 5166 3508 5166 3506 5166 3068 5167 3067 5167 3507 5167 3506 5168 105 5168 3509 5168 3509 5169 105 5169 94 5169 3509 5170 94 5170 3510 5170 94 5171 93 5171 3510 5171 3510 5172 93 5172 91 5172 3510 5173 91 5173 3505 5173 3505 5174 91 5174 90 5174 3505 5175 90 5175 116 5175 116 5176 118 5176 3504 5176 3504 5177 118 5177 121 5177 3504 5178 121 5178 3511 5178 3511 5179 121 5179 122 5179 3511 5180 122 5180 128 5180 3507 5181 3509 5181 3068 5181 3068 5182 3509 5182 3510 5182 3068 5183 3510 5183 3069 5183 3069 5184 3510 5184 3505 5184 3069 5185 3505 5185 3066 5185 3066 5186 3505 5186 3504 5186 3066 5187 3504 5187 3065 5187 3065 5188 3504 5188 3511 5188 3065 5189 3511 5189 3057 5189 3512 5190 3235 5190 3234 5190 3513 5191 3514 5191 3515 5191 3232 5192 3231 5192 3516 5192 3516 5193 3231 5193 3073 5193 3516 5194 3073 5194 3513 5194 3232 5195 3516 5195 3234 5195 3234 5196 3516 5196 3517 5196 3234 5197 3517 5197 3512 5197 3235 5198 3512 5198 3224 5198 3224 5199 3512 5199 3518 5199 3224 5200 3518 5200 3227 5200 3227 5201 3518 5201 3519 5201 3227 5202 3519 5202 3228 5202 3513 5203 3515 5203 3516 5203 3516 5204 3515 5204 3520 5204 3516 5205 3520 5205 3517 5205 3517 5206 3520 5206 3521 5206 3517 5207 3521 5207 3512 5207 3512 5208 3521 5208 3522 5208 3512 5209 3522 5209 3518 5209 3518 5210 3522 5210 3523 5210 3518 5211 3523 5211 3519 5211 3519 5212 3523 5212 3524 5212 3519 5213 3524 5213 3525 5213 3228 5214 3519 5214 3229 5214 3229 5215 3519 5215 3525 5215 3229 5216 3525 5216 3225 5216 106 5217 3524 5217 108 5217 108 5218 3524 5218 3523 5218 108 5219 3523 5219 109 5219 109 5220 3523 5220 3522 5220 109 5221 3522 5221 110 5221 110 5222 3522 5222 3521 5222 110 5223 3521 5223 111 5223 111 5224 3521 5224 3520 5224 111 5225 3520 5225 112 5225 112 5226 3520 5226 3515 5226 112 5227 3515 5227 113 5227 113 5228 3515 5228 3514 5228 113 5229 3514 5229 114 5229 3067 5230 3225 5230 3507 5230 3507 5231 3225 5231 3525 5231 3507 5232 3525 5232 3508 5232 3508 5233 3525 5233 3524 5233 3508 5234 3524 5234 3506 5234 3506 5235 3524 5235 106 5235 3511 5236 128 5236 127 5236 3057 5237 3511 5237 3526 5237 3057 5238 3526 5238 3058 5238 3058 5239 3526 5239 3527 5239 3058 5240 3527 5240 3059 5240 3059 5241 3527 5241 3528 5241 3059 5242 3528 5242 3060 5242 3511 5243 127 5243 3526 5243 3526 5244 127 5244 126 5244 3526 5245 126 5245 3527 5245 3527 5246 126 5246 124 5246 3527 5247 124 5247 3528 5247 3528 5248 124 5248 123 5248 3528 5249 123 5249 3529 5249 3060 5250 3528 5250 3053 5250 3053 5251 3528 5251 3529 5251 3053 5252 3529 5252 3530 5252 3053 5253 3530 5253 3052 5253 3052 5254 3530 5254 3531 5254 3052 5255 3531 5255 3047 5255 3047 5256 3531 5256 3532 5256 3047 5257 3532 5257 3048 5257 3048 5258 3532 5258 3533 5258 3048 5259 3533 5259 3050 5259 589 5260 3534 5260 133 5260 133 5261 3534 5261 3535 5261 133 5262 3535 5262 134 5262 134 5263 3535 5263 3536 5263 134 5264 3536 5264 135 5264 135 5265 3536 5265 3537 5265 135 5266 3537 5266 132 5266 132 5267 3537 5267 3538 5267 132 5268 3538 5268 129 5268 129 5269 3538 5269 3533 5269 129 5270 3533 5270 130 5270 130 5271 3533 5271 3532 5271 130 5272 3532 5272 136 5272 136 5273 3532 5273 3531 5273 136 5274 3531 5274 137 5274 137 5275 3531 5275 3530 5275 137 5276 3530 5276 139 5276 139 5277 3530 5277 3529 5277 139 5278 3529 5278 140 5278 140 5279 3529 5279 123 5279 3050 5280 3533 5280 3051 5280 3051 5281 3533 5281 3538 5281 3051 5282 3538 5282 3046 5282 3046 5283 3538 5283 3537 5283 3046 5284 3537 5284 3044 5284 3044 5285 3537 5285 3536 5285 3044 5286 3536 5286 3043 5286 3043 5287 3536 5287 3535 5287 3043 5288 3535 5288 3041 5288 3041 5289 3535 5289 3534 5289 3041 5290 3534 5290 3039 5290 3072 5291 3539 5291 3540 5291 163 5292 162 5292 3541 5292 3541 5293 162 5293 3542 5293 3541 5294 3542 5294 3539 5294 162 5295 160 5295 3542 5295 3542 5296 160 5296 158 5296 3542 5297 158 5297 3543 5297 114 5298 3514 5298 167 5298 167 5299 3514 5299 3544 5299 158 5300 157 5300 3543 5300 3543 5301 157 5301 164 5301 3543 5302 164 5302 3544 5302 3544 5303 164 5303 166 5303 3544 5304 166 5304 167 5304 3539 5305 3542 5305 3540 5305 3540 5306 3542 5306 3543 5306 3540 5307 3543 5307 3545 5307 3545 5308 3543 5308 3544 5308 3545 5309 3544 5309 3546 5309 3546 5310 3544 5310 3514 5310 3546 5311 3514 5311 3513 5311 3072 5312 3540 5312 3079 5312 3079 5313 3540 5313 3545 5313 3079 5314 3545 5314 3077 5314 3077 5315 3545 5315 3546 5315 3077 5316 3546 5316 3075 5316 3075 5317 3546 5317 3513 5317 3075 5318 3513 5318 3073 5318 3534 5319 589 5319 143 5319 143 5320 144 5320 3534 5320 3534 5321 144 5321 3547 5321 3534 5322 3547 5322 3039 5322 649 5323 3548 5323 145 5323 145 5324 3548 5324 3549 5324 144 5325 149 5325 3547 5325 3547 5326 149 5326 148 5326 3547 5327 148 5327 3549 5327 3549 5328 148 5328 146 5328 3549 5329 146 5329 145 5329 87 5330 3550 5330 88 5330 88 5331 3550 5331 649 5331 649 5332 3550 5332 3548 5332 3548 5333 3550 5333 3551 5333 3548 5334 3551 5334 3552 5334 3039 5335 3547 5335 3061 5335 3061 5336 3547 5336 3549 5336 3061 5337 3549 5337 3062 5337 3062 5338 3549 5338 3548 5338 3062 5339 3548 5339 3063 5339 3063 5340 3548 5340 3552 5340 3063 5341 3552 5341 3064 5341 3252 5342 3253 5342 3553 5342 3551 5343 3550 5343 3554 5343 3550 5344 87 5344 156 5344 3551 5345 3554 5345 3552 5345 3064 5346 3552 5346 3555 5346 3550 5347 156 5347 3554 5347 3554 5348 156 5348 155 5348 3554 5349 155 5349 3556 5349 3556 5350 155 5350 154 5350 3556 5351 154 5351 3557 5351 3557 5352 154 5352 153 5352 3557 5353 153 5353 3558 5353 3552 5354 3554 5354 3555 5354 3555 5355 3554 5355 3556 5355 3555 5356 3556 5356 3559 5356 3559 5357 3556 5357 3557 5357 3559 5358 3557 5358 3560 5358 3560 5359 3557 5359 3558 5359 3560 5360 3558 5360 3561 5360 3254 5361 3255 5361 3561 5361 3561 5362 3255 5362 3256 5362 3561 5363 3256 5363 3560 5363 3560 5364 3256 5364 3257 5364 3560 5365 3257 5365 3559 5365 3559 5366 3257 5366 3258 5366 3559 5367 3258 5367 3555 5367 3555 5368 3258 5368 3259 5368 3555 5369 3259 5369 3064 5369 3253 5370 3254 5370 3553 5370 3553 5371 3254 5371 3561 5371 3553 5372 3561 5372 3562 5372 3562 5373 3561 5373 3558 5373 3562 5374 3558 5374 151 5374 151 5375 3558 5375 153 5375 3251 5376 3252 5376 3563 5376 3563 5377 3252 5377 3553 5377 3563 5378 3553 5378 3564 5378 3564 5379 3553 5379 3562 5379 3564 5380 3562 5380 150 5380 150 5381 3562 5381 151 5381 3072 5382 3251 5382 3539 5382 3539 5383 3251 5383 3563 5383 3539 5384 3563 5384 3541 5384 3541 5385 3563 5385 3564 5385 3541 5386 3564 5386 163 5386 163 5387 3564 5387 150 5387 3565 5388 3566 5388 3567 5388 3567 5389 3566 5389 3568 5389 3567 5390 3568 5390 3569 5390 3569 5391 3568 5391 3570 5391 3569 5392 3570 5392 3571 5392 3571 5393 3570 5393 3572 5393 3571 5394 3572 5394 3573 5394 3573 5395 3572 5395 3574 5395 3573 5396 3574 5396 3575 5396 3575 5397 3574 5397 3576 5397 3575 5398 3576 5398 3577 5398 3577 5399 3576 5399 3578 5399 3577 5400 3578 5400 3579 5400 3579 5401 3578 5401 3580 5401 3579 5402 3580 5402 3581 5402 3581 5403 3580 5403 3582 5403 3581 5404 3582 5404 3583 5404 3583 5405 3582 5405 3584 5405 3583 5406 3584 5406 3585 5406 3585 5407 3584 5407 3586 5407 3585 5408 3586 5408 3587 5408 3587 5409 3586 5409 3588 5409 3587 5410 3588 5410 3565 5410 3565 5411 3588 5411 3566 5411 3082 5412 3576 5412 3087 5412 3087 5413 3576 5413 3574 5413 3087 5414 3574 5414 3088 5414 3088 5415 3574 5415 3572 5415 3088 5416 3572 5416 3074 5416 3074 5417 3572 5417 3570 5417 3074 5418 3570 5418 3076 5418 3076 5419 3570 5419 3568 5419 3076 5420 3568 5420 3078 5420 3078 5421 3568 5421 3566 5421 3078 5422 3566 5422 3080 5422 3080 5423 3566 5423 3588 5423 3080 5424 3588 5424 3081 5424 3081 5425 3588 5425 3586 5425 3081 5426 3586 5426 3070 5426 3070 5427 3586 5427 3584 5427 3070 5428 3584 5428 3071 5428 3071 5429 3584 5429 3582 5429 3071 5430 3582 5430 3091 5430 3091 5431 3582 5431 3580 5431 3091 5432 3580 5432 3085 5432 3085 5433 3580 5433 3578 5433 3085 5434 3578 5434 3082 5434 3082 5435 3578 5435 3576 5435 3589 5436 3590 5436 3591 5436 3591 5437 3590 5437 3592 5437 3591 5438 3592 5438 3593 5438 3593 5439 3592 5439 3594 5439 3593 5440 3594 5440 3595 5440 3595 5441 3594 5441 3596 5441 3595 5442 3596 5442 3597 5442 3597 5443 3596 5443 3598 5443 3597 5444 3598 5444 3599 5444 3599 5445 3598 5445 3600 5445 3599 5446 3600 5446 3601 5446 3601 5447 3600 5447 3602 5447 3601 5448 3602 5448 3603 5448 3603 5449 3602 5449 3604 5449 3603 5450 3604 5450 3605 5450 3605 5451 3604 5451 3606 5451 3605 5452 3606 5452 3607 5452 3607 5453 3606 5453 3608 5453 3607 5454 3608 5454 3609 5454 3609 5455 3608 5455 3610 5455 3609 5456 3610 5456 3611 5456 3611 5457 3610 5457 3612 5457 3611 5458 3612 5458 3589 5458 3589 5459 3612 5459 3590 5459 3030 5460 3600 5460 3031 5460 3031 5461 3600 5461 3598 5461 3031 5462 3598 5462 3033 5462 3033 5463 3598 5463 3596 5463 3033 5464 3596 5464 3035 5464 3035 5465 3596 5465 3594 5465 3035 5466 3594 5466 3037 5466 3037 5467 3594 5467 3592 5467 3037 5468 3592 5468 3038 5468 3038 5469 3592 5469 3590 5469 3038 5470 3590 5470 3016 5470 3016 5471 3590 5471 3612 5471 3016 5472 3612 5472 3017 5472 3017 5473 3612 5473 3610 5473 3017 5474 3610 5474 3022 5474 3022 5475 3610 5475 3608 5475 3022 5476 3608 5476 3020 5476 3020 5477 3608 5477 3606 5477 3020 5478 3606 5478 3026 5478 3026 5479 3606 5479 3604 5479 3026 5480 3604 5480 3028 5480 3028 5481 3604 5481 3602 5481 3028 5482 3602 5482 3030 5482 3030 5483 3602 5483 3600 5483 3613 5484 3614 5484 3615 5484 3616 5485 3617 5485 3618 5485 3619 5486 3620 5486 3618 5486 3618 5487 3620 5487 3621 5487 3618 5488 3621 5488 3616 5488 3622 5489 3623 5489 3619 5489 3619 5490 3623 5490 3624 5490 3619 5491 3624 5491 3620 5491 3625 5492 3626 5492 3622 5492 3622 5493 3626 5493 3627 5493 3622 5494 3627 5494 3623 5494 3616 5495 3628 5495 3617 5495 3617 5496 3628 5496 3629 5496 3617 5497 3629 5497 3614 5497 3614 5498 3629 5498 3630 5498 3614 5499 3630 5499 3615 5499 3631 5500 3632 5500 3625 5500 3625 5501 3632 5501 3633 5501 3625 5502 3633 5502 3626 5502 3634 5503 3635 5503 3631 5503 3631 5504 3635 5504 3636 5504 3631 5505 3636 5505 3632 5505 3637 5506 3638 5506 3634 5506 3634 5507 3638 5507 3639 5507 3634 5508 3639 5508 3635 5508 3640 5509 3641 5509 3637 5509 3637 5510 3641 5510 3642 5510 3637 5511 3642 5511 3638 5511 3643 5512 3644 5512 3640 5512 3640 5513 3644 5513 3645 5513 3640 5514 3645 5514 3641 5514 3615 5515 3646 5515 3613 5515 3613 5516 3646 5516 3647 5516 3613 5517 3647 5517 3643 5517 3643 5518 3647 5518 3648 5518 3643 5519 3648 5519 3644 5519 3649 5520 3650 5520 3651 5520 3651 5521 3650 5521 3652 5521 3651 5522 3652 5522 3653 5522 3653 5523 3652 5523 3654 5523 3653 5524 3654 5524 3655 5524 3655 5525 3654 5525 3656 5525 3655 5526 3656 5526 3657 5526 3657 5527 3656 5527 3658 5527 3657 5528 3658 5528 3659 5528 3659 5529 3658 5529 3660 5529 3659 5530 3660 5530 3661 5530 3661 5531 3660 5531 3662 5531 3661 5532 3662 5532 3663 5532 3663 5533 3662 5533 3664 5533 3663 5534 3664 5534 3665 5534 3665 5535 3664 5535 3666 5535 3665 5536 3666 5536 3667 5536 3667 5537 3666 5537 3668 5537 3667 5538 3668 5538 3669 5538 3669 5539 3668 5539 3670 5539 3669 5540 3670 5540 3671 5540 3671 5541 3670 5541 3672 5541 3671 5542 3672 5542 3673 5542 3673 5543 3672 5543 3674 5543 3673 5544 3674 5544 3675 5544 3675 5545 3674 5545 3676 5545 3675 5546 3676 5546 3677 5546 3677 5547 3676 5547 3678 5547 3677 5548 3678 5548 3679 5548 3679 5549 3678 5549 3680 5549 3679 5550 3680 5550 3681 5550 3681 5551 3680 5551 3682 5551 3681 5552 3682 5552 3683 5552 3683 5553 3682 5553 3684 5553 3683 5554 3684 5554 3685 5554 3685 5555 3684 5555 3686 5555 3685 5556 3686 5556 3687 5556 3687 5557 3686 5557 3688 5557 3687 5558 3688 5558 3689 5558 3689 5559 3688 5559 3690 5559 3689 5560 3690 5560 3691 5560 3691 5561 3690 5561 3692 5561 3691 5562 3692 5562 3693 5562 3693 5563 3692 5563 3694 5563 3693 5564 3694 5564 3695 5564 3695 5565 3694 5565 3696 5565 3695 5566 3696 5566 3649 5566 3649 5567 3696 5567 3650 5567 3697 5568 3698 5568 3699 5568 3700 5569 3701 5569 3699 5569 3699 5570 3701 5570 3702 5570 3699 5571 3702 5571 3697 5571 3703 5572 3704 5572 3700 5572 3700 5573 3704 5573 3705 5573 3700 5574 3705 5574 3701 5574 3706 5575 3707 5575 3703 5575 3703 5576 3707 5576 3708 5576 3703 5577 3708 5577 3704 5577 3709 5578 3710 5578 3706 5578 3706 5579 3710 5579 3711 5579 3706 5580 3711 5580 3707 5580 3712 5581 3713 5581 3709 5581 3709 5582 3713 5582 3714 5582 3709 5583 3714 5583 3710 5583 3715 5584 3716 5584 3717 5584 3718 5585 3719 5585 3717 5585 3717 5586 3719 5586 3720 5586 3717 5587 3720 5587 3715 5587 3721 5588 3722 5588 3718 5588 3718 5589 3722 5589 3723 5589 3718 5590 3723 5590 3719 5590 3697 5591 3724 5591 3698 5591 3698 5592 3724 5592 3725 5592 3698 5593 3725 5593 3721 5593 3721 5594 3725 5594 3726 5594 3721 5595 3726 5595 3722 5595 3727 5596 3728 5596 3712 5596 3712 5597 3728 5597 3729 5597 3712 5598 3729 5598 3713 5598 3715 5599 3730 5599 3716 5599 3716 5600 3730 5600 3731 5600 3716 5601 3731 5601 3727 5601 3727 5602 3731 5602 3732 5602 3727 5603 3732 5603 3728 5603 3733 5604 3734 5604 3735 5604 3735 5605 3734 5605 3736 5605 3735 5606 3736 5606 3737 5606 3737 5607 3736 5607 3738 5607 3737 5608 3738 5608 3739 5608 3739 5609 3738 5609 3740 5609 3739 5610 3740 5610 3741 5610 3741 5611 3740 5611 3742 5611 3741 5612 3742 5612 3743 5612 3743 5613 3742 5613 3744 5613 3743 5614 3744 5614 3745 5614 3745 5615 3744 5615 3746 5615 3745 5616 3746 5616 3747 5616 3747 5617 3746 5617 3748 5617 3747 5618 3748 5618 3749 5618 3749 5619 3748 5619 3750 5619 3749 5620 3750 5620 3751 5620 3751 5621 3750 5621 3752 5621 3751 5622 3752 5622 3753 5622 3753 5623 3752 5623 3754 5623 3753 5624 3754 5624 3755 5624 3755 5625 3754 5625 3756 5625 3755 5626 3756 5626 3757 5626 3757 5627 3756 5627 3758 5627 3757 5628 3758 5628 3759 5628 3759 5629 3758 5629 3760 5629 3759 5630 3760 5630 3761 5630 3761 5631 3760 5631 3762 5631 3761 5632 3762 5632 3763 5632 3763 5633 3762 5633 3764 5633 3763 5634 3764 5634 3765 5634 3765 5635 3764 5635 3766 5635 3765 5636 3766 5636 3767 5636 3767 5637 3766 5637 3768 5637 3767 5638 3768 5638 3769 5638 3769 5639 3768 5639 3770 5639 3769 5640 3770 5640 3771 5640 3771 5641 3770 5641 3772 5641 3771 5642 3772 5642 3773 5642 3773 5643 3772 5643 3774 5643 3773 5644 3774 5644 3775 5644 3775 5645 3774 5645 3776 5645 3775 5646 3776 5646 3777 5646 3777 5647 3776 5647 3778 5647 3777 5648 3778 5648 3779 5648 3779 5649 3778 5649 3780 5649 3779 5650 3780 5650 3733 5650 3733 5651 3780 5651 3734 5651 3781 5652 3782 5652 3783 5652 3784 5653 3785 5653 3786 5653 3781 5654 3787 5654 3782 5654 3782 5655 3787 5655 3788 5655 3782 5656 3788 5656 3786 5656 3786 5657 3788 5657 3789 5657 3786 5658 3789 5658 3784 5658 3790 5659 3791 5659 3792 5659 3793 5660 3794 5660 3792 5660 3792 5661 3794 5661 3795 5661 3792 5662 3795 5662 3790 5662 3784 5663 3796 5663 3785 5663 3785 5664 3796 5664 3797 5664 3785 5665 3797 5665 3793 5665 3793 5666 3797 5666 3798 5666 3793 5667 3798 5667 3794 5667 3799 5668 3800 5668 3783 5668 3783 5669 3800 5669 3801 5669 3783 5670 3801 5670 3781 5670 3802 5671 3803 5671 3799 5671 3799 5672 3803 5672 3804 5672 3799 5673 3804 5673 3800 5673 3805 5674 3806 5674 3807 5674 3790 5675 3808 5675 3791 5675 3791 5676 3808 5676 3809 5676 3791 5677 3809 5677 3806 5677 3806 5678 3809 5678 3810 5678 3806 5679 3810 5679 3807 5679 3811 5680 3812 5680 3802 5680 3802 5681 3812 5681 3813 5681 3802 5682 3813 5682 3803 5682 3807 5683 3814 5683 3805 5683 3805 5684 3814 5684 3815 5684 3805 5685 3815 5685 3811 5685 3811 5686 3815 5686 3816 5686 3811 5687 3816 5687 3812 5687 3817 5688 3818 5688 3819 5688 3819 5689 3818 5689 3820 5689 3819 5690 3820 5690 3821 5690 3821 5691 3820 5691 3822 5691 3821 5692 3822 5692 3823 5692 3823 5693 3822 5693 3824 5693 3823 5694 3824 5694 3825 5694 3825 5695 3824 5695 3826 5695 3825 5696 3826 5696 3827 5696 3827 5697 3826 5697 3828 5697 3827 5698 3828 5698 3829 5698 3829 5699 3828 5699 3830 5699 3829 5700 3830 5700 3831 5700 3831 5701 3830 5701 3832 5701 3831 5702 3832 5702 3833 5702 3833 5703 3832 5703 3834 5703 3833 5704 3834 5704 3835 5704 3835 5705 3834 5705 3836 5705 3835 5706 3836 5706 3837 5706 3837 5707 3836 5707 3838 5707 3837 5708 3838 5708 3839 5708 3839 5709 3838 5709 3840 5709 3839 5710 3840 5710 3841 5710 3841 5711 3840 5711 3842 5711 3841 5712 3842 5712 3843 5712 3843 5713 3842 5713 3844 5713 3843 5714 3844 5714 3845 5714 3845 5715 3844 5715 3846 5715 3845 5716 3846 5716 3847 5716 3847 5717 3846 5717 3848 5717 3847 5718 3848 5718 3849 5718 3849 5719 3848 5719 3850 5719 3849 5720 3850 5720 3851 5720 3851 5721 3850 5721 3852 5721 3851 5722 3852 5722 3853 5722 3853 5723 3852 5723 3854 5723 3853 5724 3854 5724 3855 5724 3855 5725 3854 5725 3856 5725 3855 5726 3856 5726 3857 5726 3857 5727 3856 5727 3858 5727 3857 5728 3858 5728 3859 5728 3859 5729 3858 5729 3860 5729 3859 5730 3860 5730 3861 5730 3861 5731 3860 5731 3862 5731 3861 5732 3862 5732 3863 5732 3863 5733 3862 5733 3864 5733 3863 5734 3864 5734 3817 5734 3817 5735 3864 5735 3818 5735 1881 5736 1457 5736 1867 5736 1867 5737 1457 5737 1455 5737 1867 5738 1455 5738 1454 5738 1867 5739 1454 5739 1869 5739 1869 5740 1454 5740 1470 5740 1869 5741 1470 5741 1871 5741 1871 5742 1470 5742 1469 5742 1871 5743 1469 5743 1873 5743 1873 5744 1469 5744 1467 5744 1873 5745 1467 5745 1875 5745 1875 5746 1467 5746 1465 5746 1875 5747 1465 5747 1877 5747 1877 5748 1465 5748 1473 5748 1877 5749 1473 5749 1879 5749 1879 5750 1473 5750 1472 5750 1883 5751 1461 5751 1885 5751 1885 5752 1461 5752 1447 5752 1885 5753 1447 5753 1887 5753 1887 5754 1447 5754 1449 5754 1887 5755 1449 5755 1889 5755 1889 5756 1449 5756 1451 5756 1889 5757 1451 5757 1891 5757 1891 5758 1451 5758 1453 5758 1891 5759 1453 5759 1893 5759 1893 5760 1453 5760 1458 5760 1893 5761 1458 5761 1881 5761 1881 5762 1458 5762 1457 5762 1461 5763 1883 5763 1471 5763 1471 5764 1883 5764 1879 5764 1471 5765 1879 5765 1472 5765 1911 5766 1706 5766 1913 5766 1913 5767 1706 5767 1715 5767 1913 5768 1715 5768 1915 5768 1915 5769 1715 5769 1714 5769 1915 5770 1714 5770 1917 5770 1917 5771 1714 5771 1712 5771 1917 5772 1712 5772 1919 5772 1919 5773 1712 5773 1721 5773 1919 5774 1721 5774 1921 5774 1921 5775 1721 5775 1720 5775 1921 5776 1720 5776 1923 5776 1923 5777 1720 5777 1719 5777 1923 5778 1719 5778 1925 5778 1925 5779 1719 5779 1704 5779 1925 5780 1704 5780 1927 5780 1927 5781 1704 5781 1703 5781 1927 5782 1703 5782 1929 5782 1929 5783 1703 5783 1711 5783 1929 5784 1711 5784 1931 5784 1931 5785 1711 5785 1710 5785 1931 5786 1710 5786 1909 5786 1909 5787 1710 5787 1708 5787 1909 5788 1708 5788 1911 5788 1911 5789 1708 5789 1706 5789 3865 5790 2764 5790 3866 5790 3866 5791 2764 5791 2762 5791 3866 5792 2762 5792 3867 5792 3867 5793 2762 5793 2760 5793 3867 5794 2760 5794 3868 5794 3868 5795 2760 5795 2758 5795 3868 5796 2758 5796 3869 5796 3869 5797 2758 5797 2756 5797 3869 5798 2756 5798 3870 5798 3870 5799 2756 5799 2754 5799 3870 5800 2754 5800 3871 5800 3871 5801 2754 5801 2752 5801 3871 5802 2752 5802 3872 5802 3872 5803 2752 5803 2750 5803 3872 5804 2750 5804 3873 5804 3873 5805 2750 5805 2748 5805 3873 5806 2748 5806 3874 5806 3874 5807 2748 5807 2746 5807 3874 5808 2746 5808 3875 5808 3875 5809 2746 5809 2744 5809 3875 5810 2744 5810 3876 5810 3876 5811 2744 5811 2742 5811 3876 5812 2742 5812 3877 5812 3877 5813 2742 5813 2740 5813 3877 5814 2740 5814 3878 5814 3878 5815 2740 5815 2738 5815 3878 5816 2738 5816 3879 5816 3879 5817 2738 5817 2784 5817 3879 5818 2784 5818 3880 5818 3880 5819 2784 5819 2782 5819 3880 5820 2782 5820 3881 5820 3881 5821 2782 5821 2780 5821 3881 5822 2780 5822 3882 5822 3882 5823 2780 5823 2778 5823 3882 5824 2778 5824 3883 5824 3883 5825 2778 5825 2776 5825 3883 5826 2776 5826 3884 5826 3884 5827 2776 5827 2774 5827 3884 5828 2774 5828 3885 5828 3885 5829 2774 5829 2772 5829 3885 5830 2772 5830 3886 5830 3886 5831 2772 5831 2770 5831 3886 5832 2770 5832 3887 5832 3887 5833 2770 5833 2768 5833 3887 5834 2768 5834 3888 5834 3888 5835 2768 5835 2766 5835 3888 5836 2766 5836 3865 5836 3865 5837 2766 5837 2764 5837 3889 5838 3865 5838 3890 5838 3890 5839 3865 5839 3866 5839 3890 5840 3866 5840 3891 5840 3891 5841 3866 5841 3867 5841 3891 5842 3867 5842 3892 5842 3892 5843 3867 5843 3868 5843 3892 5844 3868 5844 3893 5844 3893 5845 3868 5845 3869 5845 3893 5846 3869 5846 3894 5846 3894 5847 3869 5847 3870 5847 3894 5848 3870 5848 3895 5848 3895 5849 3870 5849 3871 5849 3895 5850 3871 5850 3896 5850 3896 5851 3871 5851 3872 5851 3896 5852 3872 5852 3897 5852 3897 5853 3872 5853 3873 5853 3897 5854 3873 5854 3898 5854 3898 5855 3873 5855 3874 5855 3898 5856 3874 5856 3899 5856 3899 5857 3874 5857 3875 5857 3899 5858 3875 5858 3900 5858 3900 5859 3875 5859 3876 5859 3900 5860 3876 5860 3901 5860 3901 5861 3876 5861 3877 5861 3901 5862 3877 5862 3902 5862 3902 5863 3877 5863 3878 5863 3902 5864 3878 5864 3903 5864 3903 5865 3878 5865 3879 5865 3903 5866 3879 5866 3904 5866 3904 5867 3879 5867 3880 5867 3904 5868 3880 5868 3905 5868 3905 5869 3880 5869 3881 5869 3905 5870 3881 5870 3906 5870 3906 5871 3881 5871 3882 5871 3906 5872 3882 5872 3907 5872 3907 5873 3882 5873 3883 5873 3907 5874 3883 5874 3908 5874 3908 5875 3883 5875 3884 5875 3908 5876 3884 5876 3909 5876 3909 5877 3884 5877 3885 5877 3909 5878 3885 5878 3910 5878 3910 5879 3885 5879 3886 5879 3910 5880 3886 5880 3911 5880 3911 5881 3886 5881 3887 5881 3911 5882 3887 5882 3912 5882 3912 5883 3887 5883 3888 5883 3912 5884 3888 5884 3889 5884 3889 5885 3888 5885 3865 5885 2733 5886 3889 5886 2711 5886 2711 5887 3889 5887 3890 5887 2711 5888 3890 5888 2712 5888 2712 5889 3890 5889 3891 5889 2712 5890 3891 5890 2707 5890 2707 5891 3891 5891 3892 5891 2707 5892 3892 5892 2734 5892 2734 5893 3892 5893 3893 5893 2734 5894 3893 5894 2735 5894 2735 5895 3893 5895 3894 5895 2735 5896 3894 5896 2736 5896 2736 5897 3894 5897 3895 5897 2736 5898 3895 5898 2729 5898 2729 5899 3895 5899 3896 5899 2729 5900 3896 5900 2730 5900 2730 5901 3896 5901 3897 5901 2730 5902 3897 5902 2726 5902 2726 5903 3897 5903 3898 5903 2726 5904 3898 5904 2727 5904 2727 5905 3898 5905 3899 5905 2727 5906 3899 5906 2723 5906 2723 5907 3899 5907 3900 5907 2723 5908 3900 5908 2724 5908 2724 5909 3900 5909 3901 5909 2724 5910 3901 5910 2705 5910 2705 5911 3901 5911 3902 5911 2705 5912 3902 5912 2706 5912 2706 5913 3902 5913 3903 5913 2706 5914 3903 5914 2701 5914 2701 5915 3903 5915 3904 5915 2701 5916 3904 5916 2719 5916 2719 5917 3904 5917 3905 5917 2719 5918 3905 5918 2720 5918 2720 5919 3905 5919 3906 5919 2720 5920 3906 5920 2721 5920 2721 5921 3906 5921 3907 5921 2721 5922 3907 5922 2717 5922 2717 5923 3907 5923 3908 5923 2717 5924 3908 5924 2718 5924 2718 5925 3908 5925 3909 5925 2718 5926 3909 5926 2713 5926 2713 5927 3909 5927 3910 5927 2713 5928 3910 5928 2731 5928 2731 5929 3910 5929 3911 5929 2731 5930 3911 5930 2732 5930 2732 5931 3911 5931 3912 5931 2732 5932 3912 5932 2733 5932 2733 5933 3912 5933 3889 5933 3913 5934 3676 5934 3914 5934 3914 5935 3676 5935 3674 5935 3914 5936 3674 5936 3915 5936 3915 5937 3674 5937 3672 5937 3915 5938 3672 5938 3916 5938 3916 5939 3672 5939 3670 5939 3916 5940 3670 5940 3917 5940 3917 5941 3670 5941 3668 5941 3917 5942 3668 5942 3918 5942 3918 5943 3668 5943 3666 5943 3918 5944 3666 5944 3919 5944 3919 5945 3666 5945 3664 5945 3919 5946 3664 5946 3920 5946 3920 5947 3664 5947 3662 5947 3920 5948 3662 5948 3921 5948 3921 5949 3662 5949 3660 5949 3921 5950 3660 5950 3922 5950 3922 5951 3660 5951 3658 5951 3922 5952 3658 5952 3923 5952 3923 5953 3658 5953 3656 5953 3923 5954 3656 5954 3924 5954 3924 5955 3656 5955 3654 5955 3924 5956 3654 5956 3925 5956 3925 5957 3654 5957 3652 5957 3925 5958 3652 5958 3926 5958 3926 5959 3652 5959 3650 5959 3926 5960 3650 5960 3927 5960 3927 5961 3650 5961 3696 5961 3927 5962 3696 5962 3928 5962 3928 5963 3696 5963 3694 5963 3928 5964 3694 5964 3929 5964 3929 5965 3694 5965 3692 5965 3929 5966 3692 5966 3930 5966 3930 5967 3692 5967 3690 5967 3930 5968 3690 5968 3931 5968 3931 5969 3690 5969 3688 5969 3931 5970 3688 5970 3932 5970 3932 5971 3688 5971 3686 5971 3932 5972 3686 5972 3933 5972 3933 5973 3686 5973 3684 5973 3933 5974 3684 5974 3934 5974 3934 5975 3684 5975 3682 5975 3934 5976 3682 5976 3935 5976 3935 5977 3682 5977 3680 5977 3935 5978 3680 5978 3936 5978 3936 5979 3680 5979 3678 5979 3936 5980 3678 5980 3913 5980 3913 5981 3678 5981 3676 5981 3937 5982 3913 5982 3938 5982 3938 5983 3913 5983 3914 5983 3938 5984 3914 5984 3939 5984 3939 5985 3914 5985 3915 5985 3939 5986 3915 5986 3940 5986 3940 5987 3915 5987 3916 5987 3940 5988 3916 5988 3941 5988 3941 5989 3916 5989 3917 5989 3941 5990 3917 5990 3942 5990 3942 5991 3917 5991 3918 5991 3942 5992 3918 5992 3943 5992 3943 5993 3918 5993 3919 5993 3943 5994 3919 5994 3944 5994 3944 5995 3919 5995 3920 5995 3944 5996 3920 5996 3945 5996 3945 5997 3920 5997 3921 5997 3945 5998 3921 5998 3946 5998 3946 5999 3921 5999 3922 5999 3946 6000 3922 6000 3947 6000 3947 6001 3922 6001 3923 6001 3947 6002 3923 6002 3948 6002 3948 6003 3923 6003 3924 6003 3948 6004 3924 6004 3949 6004 3949 6005 3924 6005 3925 6005 3949 6006 3925 6006 3950 6006 3950 6007 3925 6007 3926 6007 3950 6008 3926 6008 3951 6008 3951 6009 3926 6009 3927 6009 3951 6010 3927 6010 3952 6010 3952 6011 3927 6011 3928 6011 3952 6012 3928 6012 3953 6012 3953 6013 3928 6013 3929 6013 3953 6014 3929 6014 3954 6014 3954 6015 3929 6015 3930 6015 3954 6016 3930 6016 3955 6016 3955 6017 3930 6017 3931 6017 3955 6018 3931 6018 3956 6018 3956 6019 3931 6019 3932 6019 3956 6020 3932 6020 3957 6020 3957 6021 3932 6021 3933 6021 3957 6022 3933 6022 3958 6022 3958 6023 3933 6023 3934 6023 3958 6024 3934 6024 3959 6024 3959 6025 3934 6025 3935 6025 3959 6026 3935 6026 3960 6026 3960 6027 3935 6027 3936 6027 3960 6028 3936 6028 3937 6028 3937 6029 3936 6029 3913 6029 3646 6030 3937 6030 3647 6030 3647 6031 3937 6031 3938 6031 3647 6032 3938 6032 3648 6032 3648 6033 3938 6033 3939 6033 3648 6034 3939 6034 3644 6034 3644 6035 3939 6035 3940 6035 3644 6036 3940 6036 3645 6036 3645 6037 3940 6037 3941 6037 3645 6038 3941 6038 3641 6038 3641 6039 3941 6039 3942 6039 3641 6040 3942 6040 3642 6040 3642 6041 3942 6041 3943 6041 3642 6042 3943 6042 3638 6042 3638 6043 3943 6043 3944 6043 3638 6044 3944 6044 3639 6044 3639 6045 3944 6045 3945 6045 3639 6046 3945 6046 3635 6046 3635 6047 3945 6047 3946 6047 3635 6048 3946 6048 3636 6048 3636 6049 3946 6049 3947 6049 3636 6050 3947 6050 3632 6050 3632 6051 3947 6051 3948 6051 3632 6052 3948 6052 3633 6052 3633 6053 3948 6053 3949 6053 3633 6054 3949 6054 3626 6054 3626 6055 3949 6055 3950 6055 3626 6056 3950 6056 3627 6056 3627 6057 3950 6057 3951 6057 3627 6058 3951 6058 3623 6058 3623 6059 3951 6059 3952 6059 3623 6060 3952 6060 3624 6060 3624 6061 3952 6061 3953 6061 3624 6062 3953 6062 3620 6062 3620 6063 3953 6063 3954 6063 3620 6064 3954 6064 3621 6064 3621 6065 3954 6065 3955 6065 3621 6066 3955 6066 3616 6066 3616 6067 3955 6067 3956 6067 3616 6068 3956 6068 3628 6068 3628 6069 3956 6069 3957 6069 3628 6070 3957 6070 3629 6070 3629 6071 3957 6071 3958 6071 3629 6072 3958 6072 3630 6072 3630 6073 3958 6073 3959 6073 3630 6074 3959 6074 3615 6074 3615 6075 3959 6075 3960 6075 3615 6076 3960 6076 3646 6076 3646 6077 3960 6077 3937 6077 3961 6078 3760 6078 3962 6078 3962 6079 3760 6079 3758 6079 3962 6080 3758 6080 3963 6080 3963 6081 3758 6081 3756 6081 3963 6082 3756 6082 3964 6082 3964 6083 3756 6083 3754 6083 3964 6084 3754 6084 3965 6084 3965 6085 3754 6085 3752 6085 3965 6086 3752 6086 3966 6086 3966 6087 3752 6087 3750 6087 3966 6088 3750 6088 3967 6088 3967 6089 3750 6089 3748 6089 3967 6090 3748 6090 3968 6090 3968 6091 3748 6091 3746 6091 3968 6092 3746 6092 3969 6092 3969 6093 3746 6093 3744 6093 3969 6094 3744 6094 3970 6094 3970 6095 3744 6095 3742 6095 3970 6096 3742 6096 3971 6096 3971 6097 3742 6097 3740 6097 3971 6098 3740 6098 3972 6098 3972 6099 3740 6099 3738 6099 3972 6100 3738 6100 3973 6100 3973 6101 3738 6101 3736 6101 3973 6102 3736 6102 3974 6102 3974 6103 3736 6103 3734 6103 3974 6104 3734 6104 3975 6104 3975 6105 3734 6105 3780 6105 3975 6106 3780 6106 3976 6106 3976 6107 3780 6107 3778 6107 3976 6108 3778 6108 3977 6108 3977 6109 3778 6109 3776 6109 3977 6110 3776 6110 3978 6110 3978 6111 3776 6111 3774 6111 3978 6112 3774 6112 3979 6112 3979 6113 3774 6113 3772 6113 3979 6114 3772 6114 3980 6114 3980 6115 3772 6115 3770 6115 3980 6116 3770 6116 3981 6116 3981 6117 3770 6117 3768 6117 3981 6118 3768 6118 3982 6118 3982 6119 3768 6119 3766 6119 3982 6120 3766 6120 3983 6120 3983 6121 3766 6121 3764 6121 3983 6122 3764 6122 3984 6122 3984 6123 3764 6123 3762 6123 3984 6124 3762 6124 3961 6124 3961 6125 3762 6125 3760 6125 3985 6126 3961 6126 3986 6126 3986 6127 3961 6127 3962 6127 3986 6128 3962 6128 3987 6128 3987 6129 3962 6129 3963 6129 3987 6130 3963 6130 3988 6130 3988 6131 3963 6131 3964 6131 3988 6132 3964 6132 3989 6132 3989 6133 3964 6133 3965 6133 3989 6134 3965 6134 3990 6134 3990 6135 3965 6135 3966 6135 3990 6136 3966 6136 3991 6136 3991 6137 3966 6137 3967 6137 3991 6138 3967 6138 3992 6138 3992 6139 3967 6139 3968 6139 3992 6140 3968 6140 3993 6140 3993 6141 3968 6141 3969 6141 3993 6142 3969 6142 3994 6142 3994 6143 3969 6143 3970 6143 3994 6144 3970 6144 3995 6144 3995 6145 3970 6145 3971 6145 3995 6146 3971 6146 3996 6146 3996 6147 3971 6147 3972 6147 3996 6148 3972 6148 3997 6148 3997 6149 3972 6149 3973 6149 3997 6150 3973 6150 3998 6150 3998 6151 3973 6151 3974 6151 3998 6152 3974 6152 3999 6152 3999 6153 3974 6153 3975 6153 3999 6154 3975 6154 4000 6154 4000 6155 3975 6155 3976 6155 4000 6156 3976 6156 4001 6156 4001 6157 3976 6157 3977 6157 4001 6158 3977 6158 4002 6158 4002 6159 3977 6159 3978 6159 4002 6160 3978 6160 4003 6160 4003 6161 3978 6161 3979 6161 4003 6162 3979 6162 4004 6162 4004 6163 3979 6163 3980 6163 4004 6164 3980 6164 4005 6164 4005 6165 3980 6165 3981 6165 4005 6166 3981 6166 4006 6166 4006 6167 3981 6167 3982 6167 4006 6168 3982 6168 4007 6168 4007 6169 3982 6169 3983 6169 4007 6170 3983 6170 4008 6170 4008 6171 3983 6171 3984 6171 4008 6172 3984 6172 3985 6172 3985 6173 3984 6173 3961 6173 3724 6174 3985 6174 3725 6174 3725 6175 3985 6175 3986 6175 3725 6176 3986 6176 3726 6176 3726 6177 3986 6177 3987 6177 3726 6178 3987 6178 3722 6178 3722 6179 3987 6179 3988 6179 3722 6180 3988 6180 3723 6180 3723 6181 3988 6181 3989 6181 3723 6182 3989 6182 3719 6182 3719 6183 3989 6183 3990 6183 3719 6184 3990 6184 3720 6184 3720 6185 3990 6185 3991 6185 3720 6186 3991 6186 3715 6186 3715 6187 3991 6187 3992 6187 3715 6188 3992 6188 3730 6188 3730 6189 3992 6189 3993 6189 3730 6190 3993 6190 3731 6190 3731 6191 3993 6191 3994 6191 3731 6192 3994 6192 3732 6192 3732 6193 3994 6193 3995 6193 3732 6194 3995 6194 3728 6194 3728 6195 3995 6195 3996 6195 3728 6196 3996 6196 3729 6196 3729 6197 3996 6197 3997 6197 3729 6198 3997 6198 3713 6198 3713 6199 3997 6199 3998 6199 3713 6200 3998 6200 3714 6200 3714 6201 3998 6201 3999 6201 3714 6202 3999 6202 3710 6202 3710 6203 3999 6203 4000 6203 3710 6204 4000 6204 3711 6204 3711 6205 4000 6205 4001 6205 3711 6206 4001 6206 3707 6206 3707 6207 4001 6207 4002 6207 3707 6208 4002 6208 3708 6208 3708 6209 4002 6209 4003 6209 3708 6210 4003 6210 3704 6210 3704 6211 4003 6211 4004 6211 3704 6212 4004 6212 3705 6212 3705 6213 4004 6213 4005 6213 3705 6214 4005 6214 3701 6214 3701 6215 4005 6215 4006 6215 3701 6216 4006 6216 3702 6216 3702 6217 4006 6217 4007 6217 3702 6218 4007 6218 3697 6218 3697 6219 4007 6219 4008 6219 3697 6220 4008 6220 3724 6220 3724 6221 4008 6221 3985 6221 4009 6222 3844 6222 4010 6222 4010 6223 3844 6223 3842 6223 4010 6224 3842 6224 4011 6224 4011 6225 3842 6225 3840 6225 4011 6226 3840 6226 4012 6226 4012 6227 3840 6227 3838 6227 4012 6228 3838 6228 4013 6228 4013 6229 3838 6229 3836 6229 4013 6230 3836 6230 4014 6230 4014 6231 3836 6231 3834 6231 4014 6232 3834 6232 4015 6232 4015 6233 3834 6233 3832 6233 4015 6234 3832 6234 4016 6234 4016 6235 3832 6235 3830 6235 4016 6236 3830 6236 4017 6236 4017 6237 3830 6237 3828 6237 4017 6238 3828 6238 4018 6238 4018 6239 3828 6239 3826 6239 4018 6240 3826 6240 4019 6240 4019 6241 3826 6241 3824 6241 4019 6242 3824 6242 4020 6242 4020 6243 3824 6243 3822 6243 4020 6244 3822 6244 4021 6244 4021 6245 3822 6245 3820 6245 4021 6246 3820 6246 4022 6246 4022 6247 3820 6247 3818 6247 4022 6248 3818 6248 4023 6248 4023 6249 3818 6249 3864 6249 4023 6250 3864 6250 4024 6250 4024 6251 3864 6251 3862 6251 4024 6252 3862 6252 4025 6252 4025 6253 3862 6253 3860 6253 4025 6254 3860 6254 4026 6254 4026 6255 3860 6255 3858 6255 4026 6256 3858 6256 4027 6256 4027 6257 3858 6257 3856 6257 4027 6258 3856 6258 4028 6258 4028 6259 3856 6259 3854 6259 4028 6260 3854 6260 4029 6260 4029 6261 3854 6261 3852 6261 4029 6262 3852 6262 4030 6262 4030 6263 3852 6263 3850 6263 4030 6264 3850 6264 4031 6264 4031 6265 3850 6265 3848 6265 4031 6266 3848 6266 4032 6266 4032 6267 3848 6267 3846 6267 4032 6268 3846 6268 4009 6268 4009 6269 3846 6269 3844 6269 4033 6270 4009 6270 4034 6270 4034 6271 4009 6271 4010 6271 4034 6272 4010 6272 4035 6272 4035 6273 4010 6273 4011 6273 4035 6274 4011 6274 4036 6274 4036 6275 4011 6275 4012 6275 4036 6276 4012 6276 4037 6276 4037 6277 4012 6277 4013 6277 4037 6278 4013 6278 4038 6278 4038 6279 4013 6279 4014 6279 4038 6280 4014 6280 4039 6280 4039 6281 4014 6281 4015 6281 4039 6282 4015 6282 4040 6282 4040 6283 4015 6283 4016 6283 4040 6284 4016 6284 4041 6284 4041 6285 4016 6285 4017 6285 4041 6286 4017 6286 4042 6286 4042 6287 4017 6287 4018 6287 4042 6288 4018 6288 4043 6288 4043 6289 4018 6289 4019 6289 4043 6290 4019 6290 4044 6290 4044 6291 4019 6291 4020 6291 4044 6292 4020 6292 4045 6292 4045 6293 4020 6293 4021 6293 4045 6294 4021 6294 4046 6294 4046 6295 4021 6295 4022 6295 4046 6296 4022 6296 4047 6296 4047 6297 4022 6297 4023 6297 4047 6298 4023 6298 4048 6298 4048 6299 4023 6299 4024 6299 4048 6300 4024 6300 4049 6300 4049 6301 4024 6301 4025 6301 4049 6302 4025 6302 4050 6302 4050 6303 4025 6303 4026 6303 4050 6304 4026 6304 4051 6304 4051 6305 4026 6305 4027 6305 4051 6306 4027 6306 4052 6306 4052 6307 4027 6307 4028 6307 4052 6308 4028 6308 4053 6308 4053 6309 4028 6309 4029 6309 4053 6310 4029 6310 4054 6310 4054 6311 4029 6311 4030 6311 4054 6312 4030 6312 4055 6312 4055 6313 4030 6313 4031 6313 4055 6314 4031 6314 4056 6314 4056 6315 4031 6315 4032 6315 4056 6316 4032 6316 4033 6316 4033 6317 4032 6317 4009 6317 3801 6318 4033 6318 3781 6318 3781 6319 4033 6319 4034 6319 3781 6320 4034 6320 3787 6320 3787 6321 4034 6321 4035 6321 3787 6322 4035 6322 3788 6322 3788 6323 4035 6323 4036 6323 3788 6324 4036 6324 3789 6324 3789 6325 4036 6325 4037 6325 3789 6326 4037 6326 3784 6326 3784 6327 4037 6327 4038 6327 3784 6328 4038 6328 3796 6328 3796 6329 4038 6329 4039 6329 3796 6330 4039 6330 3797 6330 3797 6331 4039 6331 4040 6331 3797 6332 4040 6332 3798 6332 3798 6333 4040 6333 4041 6333 3798 6334 4041 6334 3794 6334 3794 6335 4041 6335 4042 6335 3794 6336 4042 6336 3795 6336 3795 6337 4042 6337 4043 6337 3795 6338 4043 6338 3790 6338 3790 6339 4043 6339 4044 6339 3790 6340 4044 6340 3808 6340 3808 6341 4044 6341 4045 6341 3808 6342 4045 6342 3809 6342 3809 6343 4045 6343 4046 6343 3809 6344 4046 6344 3810 6344 3810 6345 4046 6345 4047 6345 3810 6346 4047 6346 3807 6346 3807 6347 4047 6347 4048 6347 3807 6348 4048 6348 3814 6348 3814 6349 4048 6349 4049 6349 3814 6350 4049 6350 3815 6350 3815 6351 4049 6351 4050 6351 3815 6352 4050 6352 3816 6352 3816 6353 4050 6353 4051 6353 3816 6354 4051 6354 3812 6354 3812 6355 4051 6355 4052 6355 3812 6356 4052 6356 3813 6356 3813 6357 4052 6357 4053 6357 3813 6358 4053 6358 3803 6358 3803 6359 4053 6359 4054 6359 3803 6360 4054 6360 3804 6360 3804 6361 4054 6361 4055 6361 3804 6362 4055 6362 3800 6362 3800 6363 4055 6363 4056 6363 3800 6364 4056 6364 3801 6364 3801 6365 4056 6365 4033 6365 1936 6366 4057 6366 1943 6366 1943 6367 4057 6367 4058 6367 1943 6368 4058 6368 1944 6368 1944 6369 4058 6369 4059 6369 1944 6370 4059 6370 1940 6370 1940 6371 4059 6371 4060 6371 1940 6372 4060 6372 1941 6372 1941 6373 4060 6373 4061 6373 1941 6374 4061 6374 1942 6374 1942 6375 4061 6375 4062 6375 1942 6376 4062 6376 1937 6376 1937 6377 4062 6377 4063 6377 1937 6378 4063 6378 1938 6378 1938 6379 4063 6379 4064 6379 1938 6380 4064 6380 1939 6380 1939 6381 4064 6381 4065 6381 1939 6382 4065 6382 1932 6382 1932 6383 4065 6383 4066 6383 1932 6384 4066 6384 1933 6384 1933 6385 4066 6385 4067 6385 1933 6386 4067 6386 1935 6386 1935 6387 4067 6387 4068 6387 1935 6388 4068 6388 1936 6388 1936 6389 4068 6389 4057 6389 4057 6390 4069 6390 4058 6390 4058 6391 4069 6391 4070 6391 4058 6392 4070 6392 4059 6392 4059 6393 4070 6393 4071 6393 4059 6394 4071 6394 4060 6394 4060 6395 4071 6395 4072 6395 4060 6396 4072 6396 4061 6396 4061 6397 4072 6397 4073 6397 4061 6398 4073 6398 4062 6398 4062 6399 4073 6399 4074 6399 4062 6400 4074 6400 4063 6400 4063 6401 4074 6401 4075 6401 4063 6402 4075 6402 4064 6402 4064 6403 4075 6403 4076 6403 4064 6404 4076 6404 4065 6404 4065 6405 4076 6405 4077 6405 4065 6406 4077 6406 4066 6406 4066 6407 4077 6407 4078 6407 4066 6408 4078 6408 4067 6408 4067 6409 4078 6409 4079 6409 4067 6410 4079 6410 4068 6410 4068 6411 4079 6411 4080 6411 4068 6412 4080 6412 4057 6412 4057 6413 4080 6413 4069 6413 4069 6414 1910 6414 4070 6414 4070 6415 1910 6415 1912 6415 4070 6416 1912 6416 4071 6416 4071 6417 1912 6417 1914 6417 4071 6418 1914 6418 4072 6418 4072 6419 1914 6419 1916 6419 4072 6420 1916 6420 4073 6420 4073 6421 1916 6421 1918 6421 4073 6422 1918 6422 4074 6422 4074 6423 1918 6423 1920 6423 4074 6424 1920 6424 4075 6424 4075 6425 1920 6425 1922 6425 4075 6426 1922 6426 4076 6426 4076 6427 1922 6427 1924 6427 4076 6428 1924 6428 4077 6428 4077 6429 1924 6429 1926 6429 4077 6430 1926 6430 4078 6430 4078 6431 1926 6431 1928 6431 4078 6432 1928 6432 4079 6432 4079 6433 1928 6433 1930 6433 4079 6434 1930 6434 4080 6434 4080 6435 1930 6435 1908 6435 4080 6436 1908 6436 4069 6436 4069 6437 1908 6437 1910 6437 1878 6438 1882 6438 4081 6438 4081 6439 1882 6439 4082 6439 4081 6440 4082 6440 4083 6440 4083 6441 4082 6441 4084 6441 4083 6442 4084 6442 1896 6442 1896 6443 4084 6443 1900 6443 1900 6444 4084 6444 1901 6444 1901 6445 4084 6445 4085 6445 1901 6446 4085 6446 1903 6446 1903 6447 4085 6447 4086 6447 1903 6448 4086 6448 1905 6448 1905 6449 4086 6449 4087 6449 1905 6450 4087 6450 1906 6450 1906 6451 4087 6451 4088 6451 1906 6452 4088 6452 1907 6452 1907 6453 4088 6453 4089 6453 1907 6454 4089 6454 1902 6454 1902 6455 4089 6455 4090 6455 4084 6456 4082 6456 4085 6456 4085 6457 4082 6457 4091 6457 4085 6458 4091 6458 4086 6458 4086 6459 4091 6459 4092 6459 4086 6460 4092 6460 4087 6460 4087 6461 4092 6461 4093 6461 4087 6462 4093 6462 4088 6462 4088 6463 4093 6463 4094 6463 4088 6464 4094 6464 4089 6464 4089 6465 4094 6465 4095 6465 4089 6466 4095 6466 4090 6466 4090 6467 4095 6467 4096 6467 4082 6468 1882 6468 4091 6468 4091 6469 1882 6469 1884 6469 4091 6470 1884 6470 4092 6470 4092 6471 1884 6471 1886 6471 4092 6472 1886 6472 4093 6472 4093 6473 1886 6473 1888 6473 4093 6474 1888 6474 4094 6474 4094 6475 1888 6475 1890 6475 4094 6476 1890 6476 4095 6476 4095 6477 1890 6477 1892 6477 4095 6478 1892 6478 4096 6478 4096 6479 1892 6479 1880 6479 1897 6480 4097 6480 1898 6480 1898 6481 4097 6481 4098 6481 1898 6482 4098 6482 1899 6482 1899 6483 4098 6483 4099 6483 1899 6484 4099 6484 1904 6484 1904 6485 4099 6485 4100 6485 1904 6486 4100 6486 1894 6486 1894 6487 4100 6487 4101 6487 1894 6488 4101 6488 1895 6488 1895 6489 4101 6489 4102 6489 1895 6490 4102 6490 1896 6490 1896 6491 4102 6491 4083 6491 4097 6492 4103 6492 4098 6492 4098 6493 4103 6493 4104 6493 4098 6494 4104 6494 4099 6494 4099 6495 4104 6495 4105 6495 4099 6496 4105 6496 4100 6496 4100 6497 4105 6497 4106 6497 4100 6498 4106 6498 4101 6498 4101 6499 4106 6499 4107 6499 4101 6500 4107 6500 4102 6500 4102 6501 4107 6501 4108 6501 4102 6502 4108 6502 4083 6502 4083 6503 4108 6503 4081 6503 4103 6504 1866 6504 4104 6504 4104 6505 1866 6505 1868 6505 4104 6506 1868 6506 4105 6506 4105 6507 1868 6507 1870 6507 4105 6508 1870 6508 4106 6508 4106 6509 1870 6509 1872 6509 4106 6510 1872 6510 4107 6510 4107 6511 1872 6511 1874 6511 4107 6512 1874 6512 4108 6512 4108 6513 1874 6513 1876 6513 4108 6514 1876 6514 4081 6514 4081 6515 1876 6515 1878 6515 1880 6516 1866 6516 4096 6516 4096 6517 1866 6517 4103 6517 4096 6518 4103 6518 4090 6518 4090 6519 4103 6519 4097 6519 4090 6520 4097 6520 1902 6520 1902 6521 4097 6521 1897 6521 1782 6522 4109 6522 1780 6522 1780 6523 4109 6523 4110 6523 1780 6524 4110 6524 1778 6524 1778 6525 4110 6525 4111 6525 1778 6526 4111 6526 1776 6526 1776 6527 4111 6527 4112 6527 1776 6528 4112 6528 1774 6528 1774 6529 4112 6529 4113 6529 1774 6530 4113 6530 1772 6530 1772 6531 4113 6531 4114 6531 1772 6532 4114 6532 1770 6532 1770 6533 4114 6533 4115 6533 1770 6534 4115 6534 1792 6534 1792 6535 4115 6535 4116 6535 1792 6536 4116 6536 1790 6536 1790 6537 4116 6537 4117 6537 1790 6538 4117 6538 1788 6538 1788 6539 4117 6539 4118 6539 1788 6540 4118 6540 1786 6540 1786 6541 4118 6541 4119 6541 1786 6542 4119 6542 1784 6542 1784 6543 4119 6543 4120 6543 1784 6544 4120 6544 1782 6544 1782 6545 4120 6545 4109 6545 4120 6546 4121 6546 4109 6546 4109 6547 4121 6547 4122 6547 4109 6548 4122 6548 4110 6548 4110 6549 4122 6549 4123 6549 4110 6550 4123 6550 4111 6550 4111 6551 4123 6551 4124 6551 4111 6552 4124 6552 4112 6552 4112 6553 4124 6553 4125 6553 4112 6554 4125 6554 4113 6554 4113 6555 4125 6555 4126 6555 4113 6556 4126 6556 4114 6556 4114 6557 4126 6557 4127 6557 4114 6558 4127 6558 4115 6558 4115 6559 4127 6559 4128 6559 4115 6560 4128 6560 4116 6560 4116 6561 4128 6561 4129 6561 4116 6562 4129 6562 4117 6562 4117 6563 4129 6563 4130 6563 4117 6564 4130 6564 4118 6564 4118 6565 4130 6565 4131 6565 4118 6566 4131 6566 4119 6566 4119 6567 4131 6567 4132 6567 4119 6568 4132 6568 4120 6568 4120 6569 4132 6569 4121 6569 4132 6570 3643 6570 4121 6570 4121 6571 3643 6571 3640 6571 4121 6572 3640 6572 4122 6572 4122 6573 3640 6573 3637 6573 4122 6574 3637 6574 4123 6574 4123 6575 3637 6575 3634 6575 4123 6576 3634 6576 4124 6576 4124 6577 3634 6577 3631 6577 4124 6578 3631 6578 4125 6578 4125 6579 3631 6579 3625 6579 4125 6580 3625 6580 4126 6580 4126 6581 3625 6581 3622 6581 4126 6582 3622 6582 4127 6582 4127 6583 3622 6583 3619 6583 4127 6584 3619 6584 4128 6584 4128 6585 3619 6585 3618 6585 4128 6586 3618 6586 4129 6586 4129 6587 3618 6587 3617 6587 4129 6588 3617 6588 4130 6588 4130 6589 3617 6589 3614 6589 4130 6590 3614 6590 4131 6590 4131 6591 3614 6591 3613 6591 4131 6592 3613 6592 4132 6592 4132 6593 3613 6593 3643 6593 1671 6594 4133 6594 1674 6594 1674 6595 4133 6595 4134 6595 1674 6596 4134 6596 1683 6596 1683 6597 4134 6597 4135 6597 1683 6598 4135 6598 1684 6598 1684 6599 4135 6599 4136 6599 1684 6600 4136 6600 1685 6600 1685 6601 4136 6601 4137 6601 1685 6602 4137 6602 1687 6602 1687 6603 4137 6603 4138 6603 1687 6604 4138 6604 1688 6604 1688 6605 4138 6605 4139 6605 1688 6606 4139 6606 1661 6606 1661 6607 4139 6607 4140 6607 1661 6608 4140 6608 1662 6608 1662 6609 4140 6609 4141 6609 1662 6610 4141 6610 1665 6610 1665 6611 4141 6611 4142 6611 1665 6612 4142 6612 1667 6612 1667 6613 4142 6613 4143 6613 1667 6614 4143 6614 1669 6614 1669 6615 4143 6615 4144 6615 1669 6616 4144 6616 1671 6616 1671 6617 4144 6617 4133 6617 4144 6618 4145 6618 4133 6618 4133 6619 4145 6619 4146 6619 4133 6620 4146 6620 4134 6620 4134 6621 4146 6621 4147 6621 4134 6622 4147 6622 4135 6622 4135 6623 4147 6623 4148 6623 4135 6624 4148 6624 4136 6624 4136 6625 4148 6625 4149 6625 4136 6626 4149 6626 4137 6626 4137 6627 4149 6627 4150 6627 4137 6628 4150 6628 4138 6628 4138 6629 4150 6629 4151 6629 4138 6630 4151 6630 4139 6630 4139 6631 4151 6631 4152 6631 4139 6632 4152 6632 4140 6632 4140 6633 4152 6633 4153 6633 4140 6634 4153 6634 4141 6634 4141 6635 4153 6635 4154 6635 4141 6636 4154 6636 4142 6636 4142 6637 4154 6637 4155 6637 4142 6638 4155 6638 4143 6638 4143 6639 4155 6639 4156 6639 4143 6640 4156 6640 4144 6640 4144 6641 4156 6641 4145 6641 4156 6642 1781 6642 4145 6642 4145 6643 1781 6643 1779 6643 4145 6644 1779 6644 4146 6644 4146 6645 1779 6645 1777 6645 4146 6646 1777 6646 4147 6646 4147 6647 1777 6647 1775 6647 4147 6648 1775 6648 4148 6648 4148 6649 1775 6649 1773 6649 4148 6650 1773 6650 4149 6650 4149 6651 1773 6651 1771 6651 4149 6652 1771 6652 4150 6652 4150 6653 1771 6653 1793 6653 4150 6654 1793 6654 4151 6654 4151 6655 1793 6655 1791 6655 4151 6656 1791 6656 4152 6656 4152 6657 1791 6657 1789 6657 4152 6658 1789 6658 4153 6658 4153 6659 1789 6659 1787 6659 4153 6660 1787 6660 4154 6660 4154 6661 1787 6661 1785 6661 4154 6662 1785 6662 4155 6662 4155 6663 1785 6663 1783 6663 4155 6664 1783 6664 4156 6664 4156 6665 1783 6665 1781 6665 1806 6666 4157 6666 1804 6666 1804 6667 4157 6667 4158 6667 1804 6668 4158 6668 1802 6668 1802 6669 4158 6669 4159 6669 1802 6670 4159 6670 1800 6670 1800 6671 4159 6671 4160 6671 1800 6672 4160 6672 1798 6672 1798 6673 4160 6673 4161 6673 1798 6674 4161 6674 1796 6674 1796 6675 4161 6675 4162 6675 1796 6676 4162 6676 1794 6676 1794 6677 4162 6677 4163 6677 1794 6678 4163 6678 1816 6678 1816 6679 4163 6679 4164 6679 1816 6680 4164 6680 1814 6680 1814 6681 4164 6681 4165 6681 1814 6682 4165 6682 1812 6682 1812 6683 4165 6683 4166 6683 1812 6684 4166 6684 1810 6684 1810 6685 4166 6685 4167 6685 1810 6686 4167 6686 1808 6686 1808 6687 4167 6687 4168 6687 1808 6688 4168 6688 1806 6688 1806 6689 4168 6689 4157 6689 4168 6690 4169 6690 4157 6690 4157 6691 4169 6691 4170 6691 4157 6692 4170 6692 4158 6692 4158 6693 4170 6693 4171 6693 4158 6694 4171 6694 4159 6694 4159 6695 4171 6695 4172 6695 4159 6696 4172 6696 4160 6696 4160 6697 4172 6697 4173 6697 4160 6698 4173 6698 4161 6698 4161 6699 4173 6699 4174 6699 4161 6700 4174 6700 4162 6700 4162 6701 4174 6701 4175 6701 4162 6702 4175 6702 4163 6702 4163 6703 4175 6703 4176 6703 4163 6704 4176 6704 4164 6704 4164 6705 4176 6705 4177 6705 4164 6706 4177 6706 4165 6706 4165 6707 4177 6707 4178 6707 4165 6708 4178 6708 4166 6708 4166 6709 4178 6709 4179 6709 4166 6710 4179 6710 4167 6710 4167 6711 4179 6711 4180 6711 4167 6712 4180 6712 4168 6712 4168 6713 4180 6713 4169 6713 4180 6714 3721 6714 4169 6714 4169 6715 3721 6715 3718 6715 4169 6716 3718 6716 4170 6716 4170 6717 3718 6717 3717 6717 4170 6718 3717 6718 4171 6718 4171 6719 3717 6719 3716 6719 4171 6720 3716 6720 4172 6720 4172 6721 3716 6721 3727 6721 4172 6722 3727 6722 4173 6722 4173 6723 3727 6723 3712 6723 4173 6724 3712 6724 4174 6724 4174 6725 3712 6725 3709 6725 4174 6726 3709 6726 4175 6726 4175 6727 3709 6727 3706 6727 4175 6728 3706 6728 4176 6728 4176 6729 3706 6729 3703 6729 4176 6730 3703 6730 4177 6730 4177 6731 3703 6731 3700 6731 4177 6732 3700 6732 4178 6732 4178 6733 3700 6733 3699 6733 4178 6734 3699 6734 4179 6734 4179 6735 3699 6735 3698 6735 4179 6736 3698 6736 4180 6736 4180 6737 3698 6737 3721 6737 1476 6738 4181 6738 1474 6738 1474 6739 4181 6739 4182 6739 1474 6740 4182 6740 1497 6740 1497 6741 4182 6741 4183 6741 1497 6742 4183 6742 1495 6742 1495 6743 4183 6743 4184 6743 1495 6744 4184 6744 1492 6744 1492 6745 4184 6745 4185 6745 1492 6746 4185 6746 1491 6746 1491 6747 4185 6747 4186 6747 1491 6748 4186 6748 1490 6748 1490 6749 4186 6749 4187 6749 1490 6750 4187 6750 1488 6750 1488 6751 4187 6751 4188 6751 1488 6752 4188 6752 1484 6752 1484 6753 4188 6753 4189 6753 1484 6754 4189 6754 1482 6754 1482 6755 4189 6755 4190 6755 1482 6756 4190 6756 1480 6756 1480 6757 4190 6757 4191 6757 1480 6758 4191 6758 1478 6758 1478 6759 4191 6759 4192 6759 1478 6760 4192 6760 1476 6760 1476 6761 4192 6761 4181 6761 4192 6762 4193 6762 4181 6762 4181 6763 4193 6763 4194 6763 4181 6764 4194 6764 4182 6764 4182 6765 4194 6765 4195 6765 4182 6766 4195 6766 4183 6766 4183 6767 4195 6767 4196 6767 4183 6768 4196 6768 4184 6768 4184 6769 4196 6769 4197 6769 4184 6770 4197 6770 4185 6770 4185 6771 4197 6771 4198 6771 4185 6772 4198 6772 4186 6772 4186 6773 4198 6773 4199 6773 4186 6774 4199 6774 4187 6774 4187 6775 4199 6775 4200 6775 4187 6776 4200 6776 4188 6776 4188 6777 4200 6777 4201 6777 4188 6778 4201 6778 4189 6778 4189 6779 4201 6779 4202 6779 4189 6780 4202 6780 4190 6780 4190 6781 4202 6781 4203 6781 4190 6782 4203 6782 4191 6782 4191 6783 4203 6783 4204 6783 4191 6784 4204 6784 4192 6784 4192 6785 4204 6785 4193 6785 4204 6786 1805 6786 4193 6786 4193 6787 1805 6787 1803 6787 4193 6788 1803 6788 4194 6788 4194 6789 1803 6789 1801 6789 4194 6790 1801 6790 4195 6790 4195 6791 1801 6791 1799 6791 4195 6792 1799 6792 4196 6792 4196 6793 1799 6793 1797 6793 4196 6794 1797 6794 4197 6794 4197 6795 1797 6795 1795 6795 4197 6796 1795 6796 4198 6796 4198 6797 1795 6797 1817 6797 4198 6798 1817 6798 4199 6798 4199 6799 1817 6799 1815 6799 4199 6800 1815 6800 4200 6800 4200 6801 1815 6801 1813 6801 4200 6802 1813 6802 4201 6802 4201 6803 1813 6803 1811 6803 4201 6804 1811 6804 4202 6804 4202 6805 1811 6805 1809 6805 4202 6806 1809 6806 4203 6806 4203 6807 1809 6807 1807 6807 4203 6808 1807 6808 4204 6808 4204 6809 1807 6809 1805 6809 1830 6810 4205 6810 1828 6810 1828 6811 4205 6811 4206 6811 1828 6812 4206 6812 1826 6812 1826 6813 4206 6813 4207 6813 1826 6814 4207 6814 1824 6814 1824 6815 4207 6815 4208 6815 1824 6816 4208 6816 1822 6816 1822 6817 4208 6817 4209 6817 1822 6818 4209 6818 1820 6818 1820 6819 4209 6819 4210 6819 1820 6820 4210 6820 1818 6820 1818 6821 4210 6821 4211 6821 1818 6822 4211 6822 1840 6822 1840 6823 4211 6823 4212 6823 1840 6824 4212 6824 1838 6824 1838 6825 4212 6825 4213 6825 1838 6826 4213 6826 1836 6826 1836 6827 4213 6827 4214 6827 1836 6828 4214 6828 1834 6828 1834 6829 4214 6829 4215 6829 1834 6830 4215 6830 1832 6830 1832 6831 4215 6831 4216 6831 1832 6832 4216 6832 1830 6832 1830 6833 4216 6833 4205 6833 4216 6834 4217 6834 4205 6834 4205 6835 4217 6835 4218 6835 4205 6836 4218 6836 4206 6836 4206 6837 4218 6837 4219 6837 4206 6838 4219 6838 4207 6838 4207 6839 4219 6839 4220 6839 4207 6840 4220 6840 4208 6840 4208 6841 4220 6841 4221 6841 4208 6842 4221 6842 4209 6842 4209 6843 4221 6843 4222 6843 4209 6844 4222 6844 4210 6844 4210 6845 4222 6845 4223 6845 4210 6846 4223 6846 4211 6846 4211 6847 4223 6847 4224 6847 4211 6848 4224 6848 4212 6848 4212 6849 4224 6849 4225 6849 4212 6850 4225 6850 4213 6850 4213 6851 4225 6851 4226 6851 4213 6852 4226 6852 4214 6852 4214 6853 4226 6853 4227 6853 4214 6854 4227 6854 4215 6854 4215 6855 4227 6855 4228 6855 4215 6856 4228 6856 4216 6856 4216 6857 4228 6857 4217 6857 4228 6858 3782 6858 4217 6858 4217 6859 3782 6859 3786 6859 4217 6860 3786 6860 4218 6860 4218 6861 3786 6861 3785 6861 4218 6862 3785 6862 4219 6862 4219 6863 3785 6863 3793 6863 4219 6864 3793 6864 4220 6864 4220 6865 3793 6865 3792 6865 4220 6866 3792 6866 4221 6866 4221 6867 3792 6867 3791 6867 4221 6868 3791 6868 4222 6868 4222 6869 3791 6869 3806 6869 4222 6870 3806 6870 4223 6870 4223 6871 3806 6871 3805 6871 4223 6872 3805 6872 4224 6872 4224 6873 3805 6873 3811 6873 4224 6874 3811 6874 4225 6874 4225 6875 3811 6875 3802 6875 4225 6876 3802 6876 4226 6876 4226 6877 3802 6877 3799 6877 4226 6878 3799 6878 4227 6878 4227 6879 3799 6879 3783 6879 4227 6880 3783 6880 4228 6880 4228 6881 3783 6881 3782 6881 1533 6882 4229 6882 1531 6882 1531 6883 4229 6883 4230 6883 1531 6884 4230 6884 1532 6884 1532 6885 4230 6885 4231 6885 1532 6886 4231 6886 1517 6886 1517 6887 4231 6887 4232 6887 1517 6888 4232 6888 1518 6888 1518 6889 4232 6889 4233 6889 1518 6890 4233 6890 1520 6890 1520 6891 4233 6891 4234 6891 1520 6892 4234 6892 1521 6892 1521 6893 4234 6893 4235 6893 1521 6894 4235 6894 1523 6894 1523 6895 4235 6895 4236 6895 1523 6896 4236 6896 1524 6896 1524 6897 4236 6897 4237 6897 1524 6898 4237 6898 1526 6898 1526 6899 4237 6899 4238 6899 1526 6900 4238 6900 1528 6900 1528 6901 4238 6901 4239 6901 1528 6902 4239 6902 1529 6902 1529 6903 4239 6903 4240 6903 1529 6904 4240 6904 1533 6904 1533 6905 4240 6905 4229 6905 4240 6906 4241 6906 4229 6906 4229 6907 4241 6907 4242 6907 4229 6908 4242 6908 4230 6908 4230 6909 4242 6909 4243 6909 4230 6910 4243 6910 4231 6910 4231 6911 4243 6911 4244 6911 4231 6912 4244 6912 4232 6912 4232 6913 4244 6913 4245 6913 4232 6914 4245 6914 4233 6914 4233 6915 4245 6915 4246 6915 4233 6916 4246 6916 4234 6916 4234 6917 4246 6917 4247 6917 4234 6918 4247 6918 4235 6918 4235 6919 4247 6919 4248 6919 4235 6920 4248 6920 4236 6920 4236 6921 4248 6921 4249 6921 4236 6922 4249 6922 4237 6922 4237 6923 4249 6923 4250 6923 4237 6924 4250 6924 4238 6924 4238 6925 4250 6925 4251 6925 4238 6926 4251 6926 4239 6926 4239 6927 4251 6927 4252 6927 4239 6928 4252 6928 4240 6928 4240 6929 4252 6929 4241 6929 4252 6930 1829 6930 4241 6930 4241 6931 1829 6931 1827 6931 4241 6932 1827 6932 4242 6932 4242 6933 1827 6933 1825 6933 4242 6934 1825 6934 4243 6934 4243 6935 1825 6935 1823 6935 4243 6936 1823 6936 4244 6936 4244 6937 1823 6937 1821 6937 4244 6938 1821 6938 4245 6938 4245 6939 1821 6939 1819 6939 4245 6940 1819 6940 4246 6940 4246 6941 1819 6941 1841 6941 4246 6942 1841 6942 4247 6942 4247 6943 1841 6943 1839 6943 4247 6944 1839 6944 4248 6944 4248 6945 1839 6945 1837 6945 4248 6946 1837 6946 4249 6946 4249 6947 1837 6947 1835 6947 4249 6948 1835 6948 4250 6948 4250 6949 1835 6949 1833 6949 4250 6950 1833 6950 4251 6950 4251 6951 1833 6951 1831 6951 4251 6952 1831 6952 4252 6952 4252 6953 1831 6953 1829 6953 1734 6954 4253 6954 1732 6954 1732 6955 4253 6955 4254 6955 1732 6956 4254 6956 1730 6956 1730 6957 4254 6957 4255 6957 1730 6958 4255 6958 1728 6958 1728 6959 4255 6959 4256 6959 1728 6960 4256 6960 1726 6960 1726 6961 4256 6961 4257 6961 1726 6962 4257 6962 1724 6962 1724 6963 4257 6963 4258 6963 1724 6964 4258 6964 1722 6964 1722 6965 4258 6965 4259 6965 1722 6966 4259 6966 1744 6966 1744 6967 4259 6967 4260 6967 1744 6968 4260 6968 1742 6968 1742 6969 4260 6969 4261 6969 1742 6970 4261 6970 1740 6970 1740 6971 4261 6971 4262 6971 1740 6972 4262 6972 1738 6972 1738 6973 4262 6973 4263 6973 1738 6974 4263 6974 1736 6974 1736 6975 4263 6975 4264 6975 1736 6976 4264 6976 1734 6976 1734 6977 4264 6977 4253 6977 4264 6978 4265 6978 4253 6978 4253 6979 4265 6979 4266 6979 4253 6980 4266 6980 4254 6980 4254 6981 4266 6981 4267 6981 4254 6982 4267 6982 4255 6982 4255 6983 4267 6983 4268 6983 4255 6984 4268 6984 4256 6984 4256 6985 4268 6985 4269 6985 4256 6986 4269 6986 4257 6986 4257 6987 4269 6987 4270 6987 4257 6988 4270 6988 4258 6988 4258 6989 4270 6989 4271 6989 4258 6990 4271 6990 4259 6990 4259 6991 4271 6991 4272 6991 4259 6992 4272 6992 4260 6992 4260 6993 4272 6993 4273 6993 4260 6994 4273 6994 4261 6994 4261 6995 4273 6995 4274 6995 4261 6996 4274 6996 4262 6996 4262 6997 4274 6997 4275 6997 4262 6998 4275 6998 4263 6998 4263 6999 4275 6999 4276 6999 4263 7000 4276 7000 4264 7000 4264 7001 4276 7001 4265 7001 4276 7002 3565 7002 4265 7002 4265 7003 3565 7003 3567 7003 4265 7004 3567 7004 4266 7004 4266 7005 3567 7005 3569 7005 4266 7006 3569 7006 4267 7006 4267 7007 3569 7007 3571 7007 4267 7008 3571 7008 4268 7008 4268 7009 3571 7009 3573 7009 4268 7010 3573 7010 4269 7010 4269 7011 3573 7011 3575 7011 4269 7012 3575 7012 4270 7012 4270 7013 3575 7013 3577 7013 4270 7014 3577 7014 4271 7014 4271 7015 3577 7015 3579 7015 4271 7016 3579 7016 4272 7016 4272 7017 3579 7017 3581 7017 4272 7018 3581 7018 4273 7018 4273 7019 3581 7019 3583 7019 4273 7020 3583 7020 4274 7020 4274 7021 3583 7021 3585 7021 4274 7022 3585 7022 4275 7022 4275 7023 3585 7023 3587 7023 4275 7024 3587 7024 4276 7024 4276 7025 3587 7025 3565 7025 1582 7026 4277 7026 1602 7026 1602 7027 4277 7027 4278 7027 1602 7028 4278 7028 1601 7028 1601 7029 4278 7029 4279 7029 1601 7030 4279 7030 1599 7030 1599 7031 4279 7031 4280 7031 1599 7032 4280 7032 1597 7032 1597 7033 4280 7033 4281 7033 1597 7034 4281 7034 1595 7034 1595 7035 4281 7035 4282 7035 1595 7036 4282 7036 1593 7036 1593 7037 4282 7037 4283 7037 1593 7038 4283 7038 1590 7038 1590 7039 4283 7039 4284 7039 1590 7040 4284 7040 1588 7040 1588 7041 4284 7041 4285 7041 1588 7042 4285 7042 1586 7042 1586 7043 4285 7043 4286 7043 1586 7044 4286 7044 1578 7044 1578 7045 4286 7045 4287 7045 1578 7046 4287 7046 1579 7046 1579 7047 4287 7047 4288 7047 1579 7048 4288 7048 1582 7048 1582 7049 4288 7049 4277 7049 4288 7050 4289 7050 4277 7050 4277 7051 4289 7051 4290 7051 4277 7052 4290 7052 4278 7052 4278 7053 4290 7053 4291 7053 4278 7054 4291 7054 4279 7054 4279 7055 4291 7055 4292 7055 4279 7056 4292 7056 4280 7056 4280 7057 4292 7057 4293 7057 4280 7058 4293 7058 4281 7058 4281 7059 4293 7059 4294 7059 4281 7060 4294 7060 4282 7060 4282 7061 4294 7061 4295 7061 4282 7062 4295 7062 4283 7062 4283 7063 4295 7063 4296 7063 4283 7064 4296 7064 4284 7064 4284 7065 4296 7065 4297 7065 4284 7066 4297 7066 4285 7066 4285 7067 4297 7067 4298 7067 4285 7068 4298 7068 4286 7068 4286 7069 4298 7069 4299 7069 4286 7070 4299 7070 4287 7070 4287 7071 4299 7071 4300 7071 4287 7072 4300 7072 4288 7072 4288 7073 4300 7073 4289 7073 4300 7074 1733 7074 4289 7074 4289 7075 1733 7075 1731 7075 4289 7076 1731 7076 4290 7076 4290 7077 1731 7077 1729 7077 4290 7078 1729 7078 4291 7078 4291 7079 1729 7079 1727 7079 4291 7080 1727 7080 4292 7080 4292 7081 1727 7081 1725 7081 4292 7082 1725 7082 4293 7082 4293 7083 1725 7083 1723 7083 4293 7084 1723 7084 4294 7084 4294 7085 1723 7085 1745 7085 4294 7086 1745 7086 4295 7086 4295 7087 1745 7087 1743 7087 4295 7088 1743 7088 4296 7088 4296 7089 1743 7089 1741 7089 4296 7090 1741 7090 4297 7090 4297 7091 1741 7091 1739 7091 4297 7092 1739 7092 4298 7092 4298 7093 1739 7093 1737 7093 4298 7094 1737 7094 4299 7094 4299 7095 1737 7095 1735 7095 4299 7096 1735 7096 4300 7096 4300 7097 1735 7097 1733 7097 1758 7098 4301 7098 1756 7098 1756 7099 4301 7099 4302 7099 1756 7100 4302 7100 1754 7100 1754 7101 4302 7101 4303 7101 1754 7102 4303 7102 1752 7102 1752 7103 4303 7103 4304 7103 1752 7104 4304 7104 1750 7104 1750 7105 4304 7105 4305 7105 1750 7106 4305 7106 1748 7106 1748 7107 4305 7107 4306 7107 1748 7108 4306 7108 1746 7108 1746 7109 4306 7109 4307 7109 1746 7110 4307 7110 1768 7110 1768 7111 4307 7111 4308 7111 1768 7112 4308 7112 1766 7112 1766 7113 4308 7113 4309 7113 1766 7114 4309 7114 1764 7114 1764 7115 4309 7115 4310 7115 1764 7116 4310 7116 1762 7116 1762 7117 4310 7117 4311 7117 1762 7118 4311 7118 1760 7118 1760 7119 4311 7119 4312 7119 1760 7120 4312 7120 1758 7120 1758 7121 4312 7121 4301 7121 4312 7122 4313 7122 4301 7122 4301 7123 4313 7123 4314 7123 4301 7124 4314 7124 4302 7124 4302 7125 4314 7125 4315 7125 4302 7126 4315 7126 4303 7126 4303 7127 4315 7127 4316 7127 4303 7128 4316 7128 4304 7128 4304 7129 4316 7129 4317 7129 4304 7130 4317 7130 4305 7130 4305 7131 4317 7131 4318 7131 4305 7132 4318 7132 4306 7132 4306 7133 4318 7133 4319 7133 4306 7134 4319 7134 4307 7134 4307 7135 4319 7135 4320 7135 4307 7136 4320 7136 4308 7136 4308 7137 4320 7137 4321 7137 4308 7138 4321 7138 4309 7138 4309 7139 4321 7139 4322 7139 4309 7140 4322 7140 4310 7140 4310 7141 4322 7141 4323 7141 4310 7142 4323 7142 4311 7142 4311 7143 4323 7143 4324 7143 4311 7144 4324 7144 4312 7144 4312 7145 4324 7145 4313 7145 4324 7146 3589 7146 4313 7146 4313 7147 3589 7147 3591 7147 4313 7148 3591 7148 4314 7148 4314 7149 3591 7149 3593 7149 4314 7150 3593 7150 4315 7150 4315 7151 3593 7151 3595 7151 4315 7152 3595 7152 4316 7152 4316 7153 3595 7153 3597 7153 4316 7154 3597 7154 4317 7154 4317 7155 3597 7155 3599 7155 4317 7156 3599 7156 4318 7156 4318 7157 3599 7157 3601 7157 4318 7158 3601 7158 4319 7158 4319 7159 3601 7159 3603 7159 4319 7160 3603 7160 4320 7160 4320 7161 3603 7161 3605 7161 4320 7162 3605 7162 4321 7162 4321 7163 3605 7163 3607 7163 4321 7164 3607 7164 4322 7164 4322 7165 3607 7165 3609 7165 4322 7166 3609 7166 4323 7166 4323 7167 3609 7167 3611 7167 4323 7168 3611 7168 4324 7168 4324 7169 3611 7169 3589 7169 1633 7170 4325 7170 1630 7170 1630 7171 4325 7171 4326 7171 1630 7172 4326 7172 1628 7172 1628 7173 4326 7173 4327 7173 1628 7174 4327 7174 1626 7174 1626 7175 4327 7175 4328 7175 1626 7176 4328 7176 1622 7176 1622 7177 4328 7177 4329 7177 1622 7178 4329 7178 1623 7178 1623 7179 4329 7179 4330 7179 1623 7180 4330 7180 1624 7180 1624 7181 4330 7181 4331 7181 1624 7182 4331 7182 1625 7182 1625 7183 4331 7183 4332 7183 1625 7184 4332 7184 1620 7184 1620 7185 4332 7185 4333 7185 1620 7186 4333 7186 1621 7186 1621 7187 4333 7187 4334 7187 1621 7188 4334 7188 1637 7188 1637 7189 4334 7189 4335 7189 1637 7190 4335 7190 1635 7190 1635 7191 4335 7191 4336 7191 1635 7192 4336 7192 1633 7192 1633 7193 4336 7193 4325 7193 4336 7194 4337 7194 4325 7194 4325 7195 4337 7195 4338 7195 4325 7196 4338 7196 4326 7196 4326 7197 4338 7197 4339 7197 4326 7198 4339 7198 4327 7198 4327 7199 4339 7199 4340 7199 4327 7200 4340 7200 4328 7200 4328 7201 4340 7201 4341 7201 4328 7202 4341 7202 4329 7202 4329 7203 4341 7203 4342 7203 4329 7204 4342 7204 4330 7204 4330 7205 4342 7205 4343 7205 4330 7206 4343 7206 4331 7206 4331 7207 4343 7207 4344 7207 4331 7208 4344 7208 4332 7208 4332 7209 4344 7209 4345 7209 4332 7210 4345 7210 4333 7210 4333 7211 4345 7211 4346 7211 4333 7212 4346 7212 4334 7212 4334 7213 4346 7213 4347 7213 4334 7214 4347 7214 4335 7214 4335 7215 4347 7215 4348 7215 4335 7216 4348 7216 4336 7216 4336 7217 4348 7217 4337 7217 4348 7218 1757 7218 4337 7218 4337 7219 1757 7219 1755 7219 4337 7220 1755 7220 4338 7220 4338 7221 1755 7221 1753 7221 4338 7222 1753 7222 4339 7222 4339 7223 1753 7223 1751 7223 4339 7224 1751 7224 4340 7224 4340 7225 1751 7225 1749 7225 4340 7226 1749 7226 4341 7226 4341 7227 1749 7227 1747 7227 4341 7228 1747 7228 4342 7228 4342 7229 1747 7229 1769 7229 4342 7230 1769 7230 4343 7230 4343 7231 1769 7231 1767 7231 4343 7232 1767 7232 4344 7232 4344 7233 1767 7233 1765 7233 4344 7234 1765 7234 4345 7234 4345 7235 1765 7235 1763 7235 4345 7236 1763 7236 4346 7236 4346 7237 1763 7237 1761 7237 4346 7238 1761 7238 4347 7238 4347 7239 1761 7239 1759 7239 4347 7240 1759 7240 4348 7240 4348 7241 1759 7241 1757 7241 1854 7242 4349 7242 1852 7242 1852 7243 4349 7243 4350 7243 1852 7244 4350 7244 1850 7244 1850 7245 4350 7245 4351 7245 1850 7246 4351 7246 1848 7246 1848 7247 4351 7247 4352 7247 1848 7248 4352 7248 1846 7248 1846 7249 4352 7249 4353 7249 1846 7250 4353 7250 1844 7250 1844 7251 4353 7251 4354 7251 1844 7252 4354 7252 1842 7252 1842 7253 4354 7253 4355 7253 1842 7254 4355 7254 1864 7254 1864 7255 4355 7255 4356 7255 1864 7256 4356 7256 1862 7256 1862 7257 4356 7257 4357 7257 1862 7258 4357 7258 1860 7258 1860 7259 4357 7259 4358 7259 1860 7260 4358 7260 1858 7260 1858 7261 4358 7261 4359 7261 1858 7262 4359 7262 1856 7262 1856 7263 4359 7263 4360 7263 1856 7264 4360 7264 1854 7264 1854 7265 4360 7265 4349 7265 4360 7266 4361 7266 4349 7266 4349 7267 4361 7267 4362 7267 4349 7268 4362 7268 4350 7268 4350 7269 4362 7269 4363 7269 4350 7270 4363 7270 4351 7270 4351 7271 4363 7271 4364 7271 4351 7272 4364 7272 4352 7272 4352 7273 4364 7273 4365 7273 4352 7274 4365 7274 4353 7274 4353 7275 4365 7275 4366 7275 4353 7276 4366 7276 4354 7276 4354 7277 4366 7277 4367 7277 4354 7278 4367 7278 4355 7278 4355 7279 4367 7279 4368 7279 4355 7280 4368 7280 4356 7280 4356 7281 4368 7281 4369 7281 4356 7282 4369 7282 4357 7282 4357 7283 4369 7283 4370 7283 4357 7284 4370 7284 4358 7284 4358 7285 4370 7285 4371 7285 4358 7286 4371 7286 4359 7286 4359 7287 4371 7287 4372 7287 4359 7288 4372 7288 4360 7288 4360 7289 4372 7289 4361 7289 4372 7290 2709 7290 4361 7290 4361 7291 2709 7291 2708 7291 4361 7292 2708 7292 4362 7292 4362 7293 2708 7293 2728 7293 4362 7294 2728 7294 4363 7294 4363 7295 2728 7295 2725 7295 4363 7296 2725 7296 4364 7296 4364 7297 2725 7297 2722 7297 4364 7298 2722 7298 4365 7298 4365 7299 2722 7299 2704 7299 4365 7300 2704 7300 4366 7300 4366 7301 2704 7301 2703 7301 4366 7302 2703 7302 4367 7302 4367 7303 2703 7303 2702 7303 4367 7304 2702 7304 4368 7304 4368 7305 2702 7305 2716 7305 4368 7306 2716 7306 4369 7306 4369 7307 2716 7307 2715 7307 4369 7308 2715 7308 4370 7308 4370 7309 2715 7309 2714 7309 4370 7310 2714 7310 4371 7310 4371 7311 2714 7311 2710 7311 4371 7312 2710 7312 4372 7312 4372 7313 2710 7313 2709 7313 1560 7314 4373 7314 1562 7314 1562 7315 4373 7315 4374 7315 1562 7316 4374 7316 1563 7316 1563 7317 4374 7317 4375 7317 1563 7318 4375 7318 1574 7318 1574 7319 4375 7319 4376 7319 1574 7320 4376 7320 1572 7320 1572 7321 4376 7321 4377 7321 1572 7322 4377 7322 1569 7322 1569 7323 4377 7323 4378 7323 1569 7324 4378 7324 1567 7324 1567 7325 4378 7325 4379 7325 1567 7326 4379 7326 1565 7326 1565 7327 4379 7327 4380 7327 1565 7328 4380 7328 1554 7328 1554 7329 4380 7329 4381 7329 1554 7330 4381 7330 1553 7330 1553 7331 4381 7331 4382 7331 1553 7332 4382 7332 1557 7332 1557 7333 4382 7333 4383 7333 1557 7334 4383 7334 1558 7334 1558 7335 4383 7335 4384 7335 1558 7336 4384 7336 1560 7336 1560 7337 4384 7337 4373 7337 4384 7338 4385 7338 4373 7338 4373 7339 4385 7339 4386 7339 4373 7340 4386 7340 4374 7340 4374 7341 4386 7341 4387 7341 4374 7342 4387 7342 4375 7342 4375 7343 4387 7343 4388 7343 4375 7344 4388 7344 4376 7344 4376 7345 4388 7345 4389 7345 4376 7346 4389 7346 4377 7346 4377 7347 4389 7347 4390 7347 4377 7348 4390 7348 4378 7348 4378 7349 4390 7349 4391 7349 4378 7350 4391 7350 4379 7350 4379 7351 4391 7351 4392 7351 4379 7352 4392 7352 4380 7352 4380 7353 4392 7353 4393 7353 4380 7354 4393 7354 4381 7354 4381 7355 4393 7355 4394 7355 4381 7356 4394 7356 4382 7356 4382 7357 4394 7357 4395 7357 4382 7358 4395 7358 4383 7358 4383 7359 4395 7359 4396 7359 4383 7360 4396 7360 4384 7360 4384 7361 4396 7361 4385 7361 4396 7362 1853 7362 4385 7362 4385 7363 1853 7363 1851 7363 4385 7364 1851 7364 4386 7364 4386 7365 1851 7365 1849 7365 4386 7366 1849 7366 4387 7366 4387 7367 1849 7367 1847 7367 4387 7368 1847 7368 4388 7368 4388 7369 1847 7369 1845 7369 4388 7370 1845 7370 4389 7370 4389 7371 1845 7371 1843 7371 4389 7372 1843 7372 4390 7372 4390 7373 1843 7373 1865 7373 4390 7374 1865 7374 4391 7374 4391 7375 1865 7375 1863 7375 4391 7376 1863 7376 4392 7376 4392 7377 1863 7377 1861 7377 4392 7378 1861 7378 4393 7378 4393 7379 1861 7379 1859 7379 4393 7380 1859 7380 4394 7380 4394 7381 1859 7381 1857 7381 4394 7382 1857 7382 4395 7382 4395 7383 1857 7383 1855 7383 4395 7384 1855 7384 4396 7384 4396 7385 1855 7385 1853 7385 2973 7386 4397 7386 2971 7386 2971 7387 4397 7387 4398 7387 2971 7388 4398 7388 2975 7388 2975 7389 4398 7389 4399 7389 2975 7390 4399 7390 2976 7390 2976 7391 4399 7391 4400 7391 2976 7392 4400 7392 2978 7392 2978 7393 4400 7393 4401 7393 2978 7394 4401 7394 2979 7394 2979 7395 4401 7395 4402 7395 2979 7396 4402 7396 2980 7396 2980 7397 4402 7397 4403 7397 2980 7398 4403 7398 2954 7398 2954 7399 4403 7399 4404 7399 2954 7400 4404 7400 2955 7400 2955 7401 4404 7401 4405 7401 2955 7402 4405 7402 2956 7402 2956 7403 4405 7403 4406 7403 2956 7404 4406 7404 2957 7404 2957 7405 4406 7405 4407 7405 2957 7406 4407 7406 2959 7406 2959 7407 4407 7407 4408 7407 2959 7408 4408 7408 2961 7408 2961 7409 4408 7409 4409 7409 2961 7410 4409 7410 2963 7410 2963 7411 4409 7411 4410 7411 2963 7412 4410 7412 2965 7412 2965 7413 4410 7413 4411 7413 2965 7414 4411 7414 2967 7414 2967 7415 4411 7415 4412 7415 2967 7416 4412 7416 2969 7416 2969 7417 4412 7417 4413 7417 2969 7418 4413 7418 2970 7418 2970 7419 4413 7419 4414 7419 2970 7420 4414 7420 2949 7420 2949 7421 4414 7421 4415 7421 2949 7422 4415 7422 2951 7422 2951 7423 4415 7423 4416 7423 2951 7424 4416 7424 2952 7424 2952 7425 4416 7425 4417 7425 2952 7426 4417 7426 2981 7426 2981 7427 4417 7427 4418 7427 2981 7428 4418 7428 2982 7428 2982 7429 4418 7429 4419 7429 2982 7430 4419 7430 2983 7430 2983 7431 4419 7431 4420 7431 2983 7432 4420 7432 2973 7432 2973 7433 4420 7433 4397 7433 4420 7434 4421 7434 4397 7434 4397 7435 4421 7435 4422 7435 4397 7436 4422 7436 4398 7436 4398 7437 4422 7437 4423 7437 4398 7438 4423 7438 4399 7438 4399 7439 4423 7439 4424 7439 4399 7440 4424 7440 4400 7440 4400 7441 4424 7441 4425 7441 4400 7442 4425 7442 4401 7442 4401 7443 4425 7443 4426 7443 4401 7444 4426 7444 4402 7444 4402 7445 4426 7445 4427 7445 4402 7446 4427 7446 4403 7446 4403 7447 4427 7447 4428 7447 4403 7448 4428 7448 4404 7448 4404 7449 4428 7449 4429 7449 4404 7450 4429 7450 4405 7450 4405 7451 4429 7451 4430 7451 4405 7452 4430 7452 4406 7452 4406 7453 4430 7453 4431 7453 4406 7454 4431 7454 4407 7454 4407 7455 4431 7455 4432 7455 4407 7456 4432 7456 4408 7456 4408 7457 4432 7457 4433 7457 4408 7458 4433 7458 4409 7458 4409 7459 4433 7459 4434 7459 4409 7460 4434 7460 4410 7460 4410 7461 4434 7461 4435 7461 4410 7462 4435 7462 4411 7462 4411 7463 4435 7463 4436 7463 4411 7464 4436 7464 4412 7464 4412 7465 4436 7465 4437 7465 4412 7466 4437 7466 4413 7466 4413 7467 4437 7467 4438 7467 4413 7468 4438 7468 4414 7468 4414 7469 4438 7469 4439 7469 4414 7470 4439 7470 4415 7470 4415 7471 4439 7471 4440 7471 4415 7472 4440 7472 4416 7472 4416 7473 4440 7473 4441 7473 4416 7474 4441 7474 4417 7474 4417 7475 4441 7475 4442 7475 4417 7476 4442 7476 4418 7476 4418 7477 4442 7477 4443 7477 4418 7478 4443 7478 4419 7478 4419 7479 4443 7479 4444 7479 4419 7480 4444 7480 4420 7480 4420 7481 4444 7481 4421 7481 4444 7482 3653 7482 4421 7482 4421 7483 3653 7483 3655 7483 4421 7484 3655 7484 4422 7484 4422 7485 3655 7485 3657 7485 4422 7486 3657 7486 4423 7486 4423 7487 3657 7487 3659 7487 4423 7488 3659 7488 4424 7488 4424 7489 3659 7489 3661 7489 4424 7490 3661 7490 4425 7490 4425 7491 3661 7491 3663 7491 4425 7492 3663 7492 4426 7492 4426 7493 3663 7493 3665 7493 4426 7494 3665 7494 4427 7494 4427 7495 3665 7495 3667 7495 4427 7496 3667 7496 4428 7496 4428 7497 3667 7497 3669 7497 4428 7498 3669 7498 4429 7498 4429 7499 3669 7499 3671 7499 4429 7500 3671 7500 4430 7500 4430 7501 3671 7501 3673 7501 4430 7502 3673 7502 4431 7502 4431 7503 3673 7503 3675 7503 4431 7504 3675 7504 4432 7504 4432 7505 3675 7505 3677 7505 4432 7506 3677 7506 4433 7506 4433 7507 3677 7507 3679 7507 4433 7508 3679 7508 4434 7508 4434 7509 3679 7509 3681 7509 4434 7510 3681 7510 4435 7510 4435 7511 3681 7511 3683 7511 4435 7512 3683 7512 4436 7512 4436 7513 3683 7513 3685 7513 4436 7514 3685 7514 4437 7514 4437 7515 3685 7515 3687 7515 4437 7516 3687 7516 4438 7516 4438 7517 3687 7517 3689 7517 4438 7518 3689 7518 4439 7518 4439 7519 3689 7519 3691 7519 4439 7520 3691 7520 4440 7520 4440 7521 3691 7521 3693 7521 4440 7522 3693 7522 4441 7522 4441 7523 3693 7523 3695 7523 4441 7524 3695 7524 4442 7524 4442 7525 3695 7525 3649 7525 4442 7526 3649 7526 4443 7526 4443 7527 3649 7527 3651 7527 4443 7528 3651 7528 4444 7528 4444 7529 3651 7529 3653 7529 2002 7530 4445 7530 2004 7530 2004 7531 4445 7531 4446 7531 2004 7532 4446 7532 2006 7532 2006 7533 4446 7533 4447 7533 2006 7534 4447 7534 2008 7534 2008 7535 4447 7535 4448 7535 2008 7536 4448 7536 2010 7536 2010 7537 4448 7537 4449 7537 2010 7538 4449 7538 2011 7538 2011 7539 4449 7539 4450 7539 2011 7540 4450 7540 1987 7540 1987 7541 4450 7541 4451 7541 1987 7542 4451 7542 1989 7542 1989 7543 4451 7543 4452 7543 1989 7544 4452 7544 1990 7544 1990 7545 4452 7545 4453 7545 1990 7546 4453 7546 1991 7546 1991 7547 4453 7547 4454 7547 1991 7548 4454 7548 1992 7548 1992 7549 4454 7549 4455 7549 1992 7550 4455 7550 1993 7550 1993 7551 4455 7551 4456 7551 1993 7552 4456 7552 1977 7552 1977 7553 4456 7553 4457 7553 1977 7554 4457 7554 1979 7554 1979 7555 4457 7555 4458 7555 1979 7556 4458 7556 1994 7556 1994 7557 4458 7557 4459 7557 1994 7558 4459 7558 1995 7558 1995 7559 4459 7559 4460 7559 1995 7560 4460 7560 1996 7560 1996 7561 4460 7561 4461 7561 1996 7562 4461 7562 1984 7562 1984 7563 4461 7563 4462 7563 1984 7564 4462 7564 1985 7564 1985 7565 4462 7565 4463 7565 1985 7566 4463 7566 1981 7566 1981 7567 4463 7567 4464 7567 1981 7568 4464 7568 1982 7568 1982 7569 4464 7569 4465 7569 1982 7570 4465 7570 1997 7570 1997 7571 4465 7571 4466 7571 1997 7572 4466 7572 1998 7572 1998 7573 4466 7573 4467 7573 1998 7574 4467 7574 2000 7574 2000 7575 4467 7575 4468 7575 2000 7576 4468 7576 2002 7576 2002 7577 4468 7577 4445 7577 4468 7578 4469 7578 4445 7578 4445 7579 4469 7579 4470 7579 4445 7580 4470 7580 4446 7580 4446 7581 4470 7581 4471 7581 4446 7582 4471 7582 4447 7582 4447 7583 4471 7583 4472 7583 4447 7584 4472 7584 4448 7584 4448 7585 4472 7585 4473 7585 4448 7586 4473 7586 4449 7586 4449 7587 4473 7587 4474 7587 4449 7588 4474 7588 4450 7588 4450 7589 4474 7589 4475 7589 4450 7590 4475 7590 4451 7590 4451 7591 4475 7591 4476 7591 4451 7592 4476 7592 4452 7592 4452 7593 4476 7593 4477 7593 4452 7594 4477 7594 4453 7594 4453 7595 4477 7595 4478 7595 4453 7596 4478 7596 4454 7596 4454 7597 4478 7597 4479 7597 4454 7598 4479 7598 4455 7598 4455 7599 4479 7599 4480 7599 4455 7600 4480 7600 4456 7600 4456 7601 4480 7601 4481 7601 4456 7602 4481 7602 4457 7602 4457 7603 4481 7603 4482 7603 4457 7604 4482 7604 4458 7604 4458 7605 4482 7605 4483 7605 4458 7606 4483 7606 4459 7606 4459 7607 4483 7607 4484 7607 4459 7608 4484 7608 4460 7608 4460 7609 4484 7609 4485 7609 4460 7610 4485 7610 4461 7610 4461 7611 4485 7611 4486 7611 4461 7612 4486 7612 4462 7612 4462 7613 4486 7613 4487 7613 4462 7614 4487 7614 4463 7614 4463 7615 4487 7615 4488 7615 4463 7616 4488 7616 4464 7616 4464 7617 4488 7617 4489 7617 4464 7618 4489 7618 4465 7618 4465 7619 4489 7619 4490 7619 4465 7620 4490 7620 4466 7620 4466 7621 4490 7621 4491 7621 4466 7622 4491 7622 4467 7622 4467 7623 4491 7623 4492 7623 4467 7624 4492 7624 4468 7624 4468 7625 4492 7625 4469 7625 4492 7626 2741 7626 4469 7626 4469 7627 2741 7627 2743 7627 4469 7628 2743 7628 4470 7628 4470 7629 2743 7629 2745 7629 4470 7630 2745 7630 4471 7630 4471 7631 2745 7631 2747 7631 4471 7632 2747 7632 4472 7632 4472 7633 2747 7633 2749 7633 4472 7634 2749 7634 4473 7634 4473 7635 2749 7635 2751 7635 4473 7636 2751 7636 4474 7636 4474 7637 2751 7637 2753 7637 4474 7638 2753 7638 4475 7638 4475 7639 2753 7639 2755 7639 4475 7640 2755 7640 4476 7640 4476 7641 2755 7641 2757 7641 4476 7642 2757 7642 4477 7642 4477 7643 2757 7643 2759 7643 4477 7644 2759 7644 4478 7644 4478 7645 2759 7645 2761 7645 4478 7646 2761 7646 4479 7646 4479 7647 2761 7647 2763 7647 4479 7648 2763 7648 4480 7648 4480 7649 2763 7649 2765 7649 4480 7650 2765 7650 4481 7650 4481 7651 2765 7651 2767 7651 4481 7652 2767 7652 4482 7652 4482 7653 2767 7653 2769 7653 4482 7654 2769 7654 4483 7654 4483 7655 2769 7655 2771 7655 4483 7656 2771 7656 4484 7656 4484 7657 2771 7657 2773 7657 4484 7658 2773 7658 4485 7658 4485 7659 2773 7659 2775 7659 4485 7660 2775 7660 4486 7660 4486 7661 2775 7661 2777 7661 4486 7662 2777 7662 4487 7662 4487 7663 2777 7663 2779 7663 4487 7664 2779 7664 4488 7664 4488 7665 2779 7665 2781 7665 4488 7666 2781 7666 4489 7666 4489 7667 2781 7667 2783 7667 4489 7668 2783 7668 4490 7668 4490 7669 2783 7669 2737 7669 4490 7670 2737 7670 4491 7670 4491 7671 2737 7671 2739 7671 4491 7672 2739 7672 4492 7672 4492 7673 2739 7673 2741 7673 2836 7674 4493 7674 2837 7674 2837 7675 4493 7675 4494 7675 2837 7676 4494 7676 2838 7676 2838 7677 4494 7677 4495 7677 2838 7678 4495 7678 2840 7678 2840 7679 4495 7679 4496 7679 2840 7680 4496 7680 2842 7680 2842 7681 4496 7681 4497 7681 2842 7682 4497 7682 2844 7682 2844 7683 4497 7683 4498 7683 2844 7684 4498 7684 2846 7684 2846 7685 4498 7685 4499 7685 2846 7686 4499 7686 2848 7686 2848 7687 4499 7687 4500 7687 2848 7688 4500 7688 2850 7688 2850 7689 4500 7689 4501 7689 2850 7690 4501 7690 2851 7690 2851 7691 4501 7691 4502 7691 2851 7692 4502 7692 2827 7692 2827 7693 4502 7693 4503 7693 2827 7694 4503 7694 2829 7694 2829 7695 4503 7695 4504 7695 2829 7696 4504 7696 2830 7696 2830 7697 4504 7697 4505 7697 2830 7698 4505 7698 2816 7698 2816 7699 4505 7699 4506 7699 2816 7700 4506 7700 2817 7700 2817 7701 4506 7701 4507 7701 2817 7702 4507 7702 2824 7702 2824 7703 4507 7703 4508 7703 2824 7704 4508 7704 2825 7704 2825 7705 4508 7705 4509 7705 2825 7706 4509 7706 2826 7706 2826 7707 4509 7707 4510 7707 2826 7708 4510 7708 2819 7708 2819 7709 4510 7709 4511 7709 2819 7710 4511 7710 2820 7710 2820 7711 4511 7711 4512 7711 2820 7712 4512 7712 2831 7712 2831 7713 4512 7713 4513 7713 2831 7714 4513 7714 2832 7714 2832 7715 4513 7715 4514 7715 2832 7716 4514 7716 2834 7716 2834 7717 4514 7717 4515 7717 2834 7718 4515 7718 2835 7718 2835 7719 4515 7719 4516 7719 2835 7720 4516 7720 2836 7720 2836 7721 4516 7721 4493 7721 4516 7722 4517 7722 4493 7722 4493 7723 4517 7723 4518 7723 4493 7724 4518 7724 4494 7724 4494 7725 4518 7725 4519 7725 4494 7726 4519 7726 4495 7726 4495 7727 4519 7727 4520 7727 4495 7728 4520 7728 4496 7728 4496 7729 4520 7729 4521 7729 4496 7730 4521 7730 4497 7730 4497 7731 4521 7731 4522 7731 4497 7732 4522 7732 4498 7732 4498 7733 4522 7733 4523 7733 4498 7734 4523 7734 4499 7734 4499 7735 4523 7735 4524 7735 4499 7736 4524 7736 4500 7736 4500 7737 4524 7737 4525 7737 4500 7738 4525 7738 4501 7738 4501 7739 4525 7739 4526 7739 4501 7740 4526 7740 4502 7740 4502 7741 4526 7741 4527 7741 4502 7742 4527 7742 4503 7742 4503 7743 4527 7743 4528 7743 4503 7744 4528 7744 4504 7744 4504 7745 4528 7745 4529 7745 4504 7746 4529 7746 4505 7746 4505 7747 4529 7747 4530 7747 4505 7748 4530 7748 4506 7748 4506 7749 4530 7749 4531 7749 4506 7750 4531 7750 4507 7750 4507 7751 4531 7751 4532 7751 4507 7752 4532 7752 4508 7752 4508 7753 4532 7753 4533 7753 4508 7754 4533 7754 4509 7754 4509 7755 4533 7755 4534 7755 4509 7756 4534 7756 4510 7756 4510 7757 4534 7757 4535 7757 4510 7758 4535 7758 4511 7758 4511 7759 4535 7759 4536 7759 4511 7760 4536 7760 4512 7760 4512 7761 4536 7761 4537 7761 4512 7762 4537 7762 4513 7762 4513 7763 4537 7763 4538 7763 4513 7764 4538 7764 4514 7764 4514 7765 4538 7765 4539 7765 4514 7766 4539 7766 4515 7766 4515 7767 4539 7767 4540 7767 4515 7768 4540 7768 4516 7768 4516 7769 4540 7769 4517 7769 4540 7770 3821 7770 4517 7770 4517 7771 3821 7771 3823 7771 4517 7772 3823 7772 4518 7772 4518 7773 3823 7773 3825 7773 4518 7774 3825 7774 4519 7774 4519 7775 3825 7775 3827 7775 4519 7776 3827 7776 4520 7776 4520 7777 3827 7777 3829 7777 4520 7778 3829 7778 4521 7778 4521 7779 3829 7779 3831 7779 4521 7780 3831 7780 4522 7780 4522 7781 3831 7781 3833 7781 4522 7782 3833 7782 4523 7782 4523 7783 3833 7783 3835 7783 4523 7784 3835 7784 4524 7784 4524 7785 3835 7785 3837 7785 4524 7786 3837 7786 4525 7786 4525 7787 3837 7787 3839 7787 4525 7788 3839 7788 4526 7788 4526 7789 3839 7789 3841 7789 4526 7790 3841 7790 4527 7790 4527 7791 3841 7791 3843 7791 4527 7792 3843 7792 4528 7792 4528 7793 3843 7793 3845 7793 4528 7794 3845 7794 4529 7794 4529 7795 3845 7795 3847 7795 4529 7796 3847 7796 4530 7796 4530 7797 3847 7797 3849 7797 4530 7798 3849 7798 4531 7798 4531 7799 3849 7799 3851 7799 4531 7800 3851 7800 4532 7800 4532 7801 3851 7801 3853 7801 4532 7802 3853 7802 4533 7802 4533 7803 3853 7803 3855 7803 4533 7804 3855 7804 4534 7804 4534 7805 3855 7805 3857 7805 4534 7806 3857 7806 4535 7806 4535 7807 3857 7807 3859 7807 4535 7808 3859 7808 4536 7808 4536 7809 3859 7809 3861 7809 4536 7810 3861 7810 4537 7810 4537 7811 3861 7811 3863 7811 4537 7812 3863 7812 4538 7812 4538 7813 3863 7813 3817 7813 4538 7814 3817 7814 4539 7814 4539 7815 3817 7815 3819 7815 4539 7816 3819 7816 4540 7816 4540 7817 3819 7817 3821 7817 2911 7818 4541 7818 2897 7818 2897 7819 4541 7819 4542 7819 2897 7820 4542 7820 2896 7820 2896 7821 4542 7821 4543 7821 2896 7822 4543 7822 2899 7822 2899 7823 4543 7823 4544 7823 2899 7824 4544 7824 2900 7824 2900 7825 4544 7825 4545 7825 2900 7826 4545 7826 2883 7826 2883 7827 4545 7827 4546 7827 2883 7828 4546 7828 2884 7828 2884 7829 4546 7829 4547 7829 2884 7830 4547 7830 2912 7830 2912 7831 4547 7831 4548 7831 2912 7832 4548 7832 2913 7832 2913 7833 4548 7833 4549 7833 2913 7834 4549 7834 2915 7834 2915 7835 4549 7835 4550 7835 2915 7836 4550 7836 2916 7836 2916 7837 4550 7837 4551 7837 2916 7838 4551 7838 2887 7838 2887 7839 4551 7839 4552 7839 2887 7840 4552 7840 2889 7840 2889 7841 4552 7841 4553 7841 2889 7842 4553 7842 2901 7842 2901 7843 4553 7843 4554 7843 2901 7844 4554 7844 2902 7844 2902 7845 4554 7845 4555 7845 2902 7846 4555 7846 2904 7846 2904 7847 4555 7847 4556 7847 2904 7848 4556 7848 2905 7848 2905 7849 4556 7849 4557 7849 2905 7850 4557 7850 2906 7850 2906 7851 4557 7851 4558 7851 2906 7852 4558 7852 2907 7852 2907 7853 4558 7853 4559 7853 2907 7854 4559 7854 2908 7854 2908 7855 4559 7855 4560 7855 2908 7856 4560 7856 2894 7856 2894 7857 4560 7857 4561 7857 2894 7858 4561 7858 2892 7858 2892 7859 4561 7859 4562 7859 2892 7860 4562 7860 2909 7860 2909 7861 4562 7861 4563 7861 2909 7862 4563 7862 2910 7862 2910 7863 4563 7863 4564 7863 2910 7864 4564 7864 2911 7864 2911 7865 4564 7865 4541 7865 4564 7866 4565 7866 4541 7866 4541 7867 4565 7867 4566 7867 4541 7868 4566 7868 4542 7868 4542 7869 4566 7869 4567 7869 4542 7870 4567 7870 4543 7870 4543 7871 4567 7871 4568 7871 4543 7872 4568 7872 4544 7872 4544 7873 4568 7873 4569 7873 4544 7874 4569 7874 4545 7874 4545 7875 4569 7875 4570 7875 4545 7876 4570 7876 4546 7876 4546 7877 4570 7877 4571 7877 4546 7878 4571 7878 4547 7878 4547 7879 4571 7879 4572 7879 4547 7880 4572 7880 4548 7880 4548 7881 4572 7881 4573 7881 4548 7882 4573 7882 4549 7882 4549 7883 4573 7883 4574 7883 4549 7884 4574 7884 4550 7884 4550 7885 4574 7885 4575 7885 4550 7886 4575 7886 4551 7886 4551 7887 4575 7887 4576 7887 4551 7888 4576 7888 4552 7888 4552 7889 4576 7889 4577 7889 4552 7890 4577 7890 4553 7890 4553 7891 4577 7891 4578 7891 4553 7892 4578 7892 4554 7892 4554 7893 4578 7893 4579 7893 4554 7894 4579 7894 4555 7894 4555 7895 4579 7895 4580 7895 4555 7896 4580 7896 4556 7896 4556 7897 4580 7897 4581 7897 4556 7898 4581 7898 4557 7898 4557 7899 4581 7899 4582 7899 4557 7900 4582 7900 4558 7900 4558 7901 4582 7901 4583 7901 4558 7902 4583 7902 4559 7902 4559 7903 4583 7903 4584 7903 4559 7904 4584 7904 4560 7904 4560 7905 4584 7905 4585 7905 4560 7906 4585 7906 4561 7906 4561 7907 4585 7907 4586 7907 4561 7908 4586 7908 4562 7908 4562 7909 4586 7909 4587 7909 4562 7910 4587 7910 4563 7910 4563 7911 4587 7911 4588 7911 4563 7912 4588 7912 4564 7912 4564 7913 4588 7913 4565 7913 4588 7914 3737 7914 4565 7914 4565 7915 3737 7915 3739 7915 4565 7916 3739 7916 4566 7916 4566 7917 3739 7917 3741 7917 4566 7918 3741 7918 4567 7918 4567 7919 3741 7919 3743 7919 4567 7920 3743 7920 4568 7920 4568 7921 3743 7921 3745 7921 4568 7922 3745 7922 4569 7922 4569 7923 3745 7923 3747 7923 4569 7924 3747 7924 4570 7924 4570 7925 3747 7925 3749 7925 4570 7926 3749 7926 4571 7926 4571 7927 3749 7927 3751 7927 4571 7928 3751 7928 4572 7928 4572 7929 3751 7929 3753 7929 4572 7930 3753 7930 4573 7930 4573 7931 3753 7931 3755 7931 4573 7932 3755 7932 4574 7932 4574 7933 3755 7933 3757 7933 4574 7934 3757 7934 4575 7934 4575 7935 3757 7935 3759 7935 4575 7936 3759 7936 4576 7936 4576 7937 3759 7937 3761 7937 4576 7938 3761 7938 4577 7938 4577 7939 3761 7939 3763 7939 4577 7940 3763 7940 4578 7940 4578 7941 3763 7941 3765 7941 4578 7942 3765 7942 4579 7942 4579 7943 3765 7943 3767 7943 4579 7944 3767 7944 4580 7944 4580 7945 3767 7945 3769 7945 4580 7946 3769 7946 4581 7946 4581 7947 3769 7947 3771 7947 4581 7948 3771 7948 4582 7948 4582 7949 3771 7949 3773 7949 4582 7950 3773 7950 4583 7950 4583 7951 3773 7951 3775 7951 4583 7952 3775 7952 4584 7952 4584 7953 3775 7953 3777 7953 4584 7954 3777 7954 4585 7954 4585 7955 3777 7955 3779 7955 4585 7956 3779 7956 4586 7956 4586 7957 3779 7957 3733 7957 4586 7958 3733 7958 4587 7958 4587 7959 3733 7959 3735 7959 4587 7960 3735 7960 4588 7960 4588 7961 3735 7961 3737 7961 1677 7962 1676 7962 4589 7962 1689 7963 1677 7963 4590 7963 4590 7964 1677 7964 4591 7964 4591 7965 1677 7965 4592 7965 4592 7966 1677 7966 4589 7966 4592 7967 4589 7967 4593 7967 4593 7968 4589 7968 4594 7968 4593 7969 4594 7969 4595 7969 4595 7970 4594 7970 4596 7970 4595 7971 4596 7971 4597 7971 4597 7972 4596 7972 4598 7972 4597 7973 4598 7973 4599 7973 4598 7974 4600 7974 4599 7974 4599 7975 4600 7975 4601 7975 4599 7976 4601 7976 4602 7976 4602 7977 4601 7977 4603 7977 4602 7978 4603 7978 4604 7978 4604 7979 4603 7979 4605 7979 4604 7980 4605 7980 4606 7980 4606 7981 4605 7981 4607 7981 4606 7982 4607 7982 4608 7982 4609 7983 4610 7983 4611 7983 4609 7984 4611 7984 4612 7984 4611 7985 4613 7985 4612 7985 4612 7986 4613 7986 4614 7986 4612 7987 4614 7987 4615 7987 4615 7988 4614 7988 4616 7988 4615 7989 4616 7989 4617 7989 4617 7990 4616 7990 4618 7990 4618 7991 4616 7991 4619 7991 4618 7992 4619 7992 4620 7992 1446 7993 1445 7993 4621 7993 4622 7994 1500 7994 1446 7994 4619 7995 4623 7995 4620 7995 4620 7996 4623 7996 4624 7996 4620 7997 4624 7997 4625 7997 4625 7998 4624 7998 4626 7998 4625 7999 4626 7999 4627 7999 4627 8000 4626 8000 4622 8000 4627 8001 4622 8001 4628 8001 4628 8002 4622 8002 1446 8002 4628 8003 1446 8003 4629 8003 4629 8004 1446 8004 4621 8004 4608 8005 4607 8005 4630 8005 4630 8006 4607 8006 4631 8006 4630 8007 4631 8007 4632 8007 4632 8008 4631 8008 4633 8008 4632 8009 4633 8009 4634 8009 4634 8010 4633 8010 4635 8010 4634 8011 4635 8011 4636 8011 4636 8012 4635 8012 4637 8012 4636 8013 4637 8013 4638 8013 4638 8014 4637 8014 4639 8014 4638 8015 4639 8015 4640 8015 4640 8016 4639 8016 4641 8016 4640 8017 4641 8017 4642 8017 4642 8018 4641 8018 4643 8018 4642 8019 4643 8019 4644 8019 4644 8020 4643 8020 4645 8020 4644 8021 4645 8021 4610 8021 4610 8022 4645 8022 4611 8022 51 8023 558 8023 4646 8023 4646 8024 558 8024 557 8024 4646 8025 557 8025 4647 8025 610 8026 4648 8026 560 8026 560 8027 4648 8027 4647 8027 560 8028 4647 8028 561 8028 561 8029 4647 8029 557 8029 596 8030 4649 8030 563 8030 563 8031 4649 8031 4648 8031 563 8032 4648 8032 564 8032 564 8033 4648 8033 610 8033 596 8034 567 8034 4649 8034 4649 8035 567 8035 566 8035 4649 8036 566 8036 4650 8036 4650 8037 566 8037 615 8037 4650 8038 615 8038 4651 8038 4651 8039 615 8039 49 8039 4651 8040 49 8040 48 8040 48 8041 570 8041 4651 8041 4651 8042 570 8042 569 8042 4651 8043 569 8043 4652 8043 680 8044 4653 8044 572 8044 572 8045 4653 8045 4652 8045 572 8046 4652 8046 573 8046 573 8047 4652 8047 569 8047 598 8048 4654 8048 575 8048 575 8049 4654 8049 4653 8049 575 8050 4653 8050 576 8050 576 8051 4653 8051 680 8051 598 8052 510 8052 4654 8052 4654 8053 510 8053 509 8053 4654 8054 509 8054 4655 8054 72 8055 4656 8055 73 8055 73 8056 4656 8056 4655 8056 73 8057 4655 8057 578 8057 578 8058 4655 8058 509 8058 516 8059 4657 8059 512 8059 512 8060 4657 8060 4656 8060 512 8061 4656 8061 513 8061 513 8062 4656 8062 72 8062 516 8063 515 8063 4657 8063 4657 8064 515 8064 743 8064 4657 8065 743 8065 4658 8065 4658 8066 743 8066 688 8066 4658 8067 688 8067 4659 8067 4659 8068 688 8068 70 8068 4659 8069 70 8069 69 8069 69 8070 583 8070 4659 8070 4659 8071 583 8071 582 8071 4659 8072 582 8072 4660 8072 520 8073 4661 8073 521 8073 521 8074 4661 8074 4660 8074 521 8075 4660 8075 522 8075 522 8076 4660 8076 582 8076 524 8077 4662 8077 518 8077 518 8078 4662 8078 4661 8078 518 8079 4661 8079 519 8079 519 8080 4661 8080 520 8080 524 8081 523 8081 4662 8081 4662 8082 523 8082 527 8082 4662 8083 527 8083 4663 8083 527 8084 526 8084 4663 8084 4663 8085 526 8085 623 8085 4663 8086 623 8086 4664 8086 4664 8087 623 8087 67 8087 4664 8088 67 8088 66 8088 66 8089 530 8089 4664 8089 4664 8090 530 8090 529 8090 4664 8091 529 8091 4665 8091 63 8092 4666 8092 64 8092 64 8093 4666 8093 4665 8093 64 8094 4665 8094 586 8094 586 8095 4665 8095 529 8095 536 8096 4667 8096 532 8096 532 8097 4667 8097 4666 8097 532 8098 4666 8098 533 8098 533 8099 4666 8099 63 8099 536 8100 535 8100 4667 8100 4667 8101 535 8101 650 8101 4667 8102 650 8102 4668 8102 4668 8103 650 8103 671 8103 4668 8104 671 8104 4669 8104 4669 8105 671 8105 61 8105 4669 8106 61 8106 60 8106 60 8107 539 8107 4669 8107 4669 8108 539 8108 538 8108 4669 8109 538 8109 4670 8109 57 8110 4671 8110 58 8110 58 8111 4671 8111 4670 8111 58 8112 4670 8112 590 8112 590 8113 4670 8113 538 8113 592 8114 4672 8114 541 8114 541 8115 4672 8115 4671 8115 541 8116 4671 8116 542 8116 542 8117 4671 8117 57 8117 592 8118 545 8118 4672 8118 4672 8119 545 8119 544 8119 4672 8120 544 8120 4673 8120 4673 8121 544 8121 800 8121 4673 8122 800 8122 4674 8122 4674 8123 800 8123 55 8123 4674 8124 55 8124 54 8124 54 8125 548 8125 4674 8125 4674 8126 548 8126 547 8126 4674 8127 547 8127 4675 8127 552 8128 4676 8128 595 8128 595 8129 4676 8129 4675 8129 595 8130 4675 8130 637 8130 637 8131 4675 8131 547 8131 554 8132 4677 8132 553 8132 553 8133 4677 8133 4676 8133 553 8134 4676 8134 551 8134 551 8135 4676 8135 552 8135 554 8136 555 8136 4677 8136 4677 8137 555 8137 556 8137 4677 8138 556 8138 4678 8138 4678 8139 556 8139 657 8139 4678 8140 657 8140 4646 8140 4646 8141 657 8141 52 8141 4646 8142 52 8142 51 8142 4646 8143 4679 8143 4678 8143 4678 8144 4679 8144 4680 8144 4678 8145 4680 8145 4677 8145 4677 8146 4680 8146 4681 8146 4677 8147 4681 8147 4676 8147 4676 8148 4681 8148 4682 8148 4676 8149 4682 8149 4675 8149 4675 8150 4682 8150 4683 8150 4675 8151 4683 8151 4674 8151 4674 8152 4683 8152 4684 8152 4674 8153 4684 8153 4673 8153 4673 8154 4684 8154 4685 8154 4673 8155 4685 8155 4672 8155 4672 8156 4685 8156 4686 8156 4672 8157 4686 8157 4671 8157 4671 8158 4686 8158 4687 8158 4671 8159 4687 8159 4670 8159 4670 8160 4687 8160 4688 8160 4670 8161 4688 8161 4669 8161 4669 8162 4688 8162 4689 8162 4669 8163 4689 8163 4668 8163 4668 8164 4689 8164 4690 8164 4668 8165 4690 8165 4667 8165 4667 8166 4690 8166 4691 8166 4667 8167 4691 8167 4666 8167 4666 8168 4691 8168 4692 8168 4666 8169 4692 8169 4665 8169 4665 8170 4692 8170 4693 8170 4665 8171 4693 8171 4664 8171 4664 8172 4693 8172 4694 8172 4664 8173 4694 8173 4663 8173 4663 8174 4694 8174 4695 8174 4663 8175 4695 8175 4662 8175 4662 8176 4695 8176 4696 8176 4662 8177 4696 8177 4661 8177 4661 8178 4696 8178 4697 8178 4661 8179 4697 8179 4660 8179 4660 8180 4697 8180 4698 8180 4660 8181 4698 8181 4659 8181 4659 8182 4698 8182 4699 8182 4659 8183 4699 8183 4658 8183 4658 8184 4699 8184 4700 8184 4658 8185 4700 8185 4657 8185 4657 8186 4700 8186 4701 8186 4657 8187 4701 8187 4656 8187 4656 8188 4701 8188 4702 8188 4656 8189 4702 8189 4655 8189 4655 8190 4702 8190 4703 8190 4655 8191 4703 8191 4654 8191 4654 8192 4703 8192 4704 8192 4654 8193 4704 8193 4653 8193 4653 8194 4704 8194 4705 8194 4653 8195 4705 8195 4652 8195 4652 8196 4705 8196 4706 8196 4652 8197 4706 8197 4651 8197 4651 8198 4706 8198 4707 8198 4651 8199 4707 8199 4650 8199 4650 8200 4707 8200 4708 8200 4650 8201 4708 8201 4649 8201 4649 8202 4708 8202 4709 8202 4649 8203 4709 8203 4648 8203 4648 8204 4709 8204 4710 8204 4648 8205 4710 8205 4647 8205 4647 8206 4710 8206 4711 8206 4647 8207 4711 8207 4646 8207 4646 8208 4711 8208 4679 8208 2462 8209 2467 8209 4712 8209 4713 8210 14 8210 4714 8210 4714 8211 14 8211 2035 8211 4714 8212 2035 8212 2034 8212 2467 8213 2468 8213 4712 8213 4712 8214 2468 8214 4715 8214 4712 8215 4715 8215 4716 8215 2034 8216 2041 8216 4714 8216 4714 8217 2041 8217 4717 8217 4714 8218 4717 8218 4718 8218 2463 8219 2462 8219 4718 8219 4718 8220 2462 8220 4712 8220 4718 8221 4712 8221 4714 8221 4714 8222 4712 8222 4716 8222 4714 8223 4716 8223 4713 8223 2464 8224 2463 8224 4719 8224 4719 8225 2463 8225 4718 8225 4719 8226 4718 8226 4720 8226 4720 8227 4718 8227 4717 8227 4720 8228 4717 8228 2040 8228 2040 8229 4717 8229 2041 8229 4721 8230 4722 8230 4723 8230 4724 8231 2456 8231 2464 8231 4720 8232 2040 8232 2397 8232 4719 8233 4720 8233 4725 8233 4720 8234 2397 8234 4725 8234 4725 8235 2397 8235 2402 8235 4725 8236 2402 8236 4726 8236 4726 8237 2402 8237 2401 8237 4726 8238 2401 8238 4727 8238 2456 8239 4724 8239 2457 8239 2457 8240 4724 8240 4728 8240 2457 8241 4728 8241 2459 8241 2459 8242 4728 8242 4729 8242 2459 8243 4729 8243 2460 8243 2460 8244 4729 8244 2451 8244 2451 8245 4729 8245 4730 8245 2451 8246 4730 8246 2452 8246 2452 8247 4730 8247 4731 8247 2452 8248 4731 8248 2454 8248 2401 8249 2399 8249 4727 8249 4727 8250 2399 8250 2398 8250 4727 8251 2398 8251 4732 8251 4732 8252 2398 8252 2403 8252 4732 8253 2403 8253 4733 8253 4733 8254 2403 8254 2395 8254 4733 8255 2395 8255 4734 8255 2454 8256 4731 8256 2455 8256 2455 8257 4731 8257 4735 8257 2455 8258 4735 8258 2417 8258 2417 8259 4735 8259 2418 8259 2418 8260 4735 8260 4736 8260 2418 8261 4736 8261 2444 8261 2395 8262 2394 8262 4734 8262 4734 8263 2394 8263 2406 8263 4734 8264 2406 8264 4737 8264 4737 8265 2406 8265 2405 8265 4737 8266 2405 8266 4738 8266 2405 8267 2410 8267 4738 8267 4738 8268 2410 8268 2409 8268 4738 8269 2409 8269 4739 8269 4739 8270 2409 8270 2408 8270 4739 8271 2408 8271 4740 8271 4740 8272 2408 8272 2407 8272 4740 8273 2407 8273 4741 8273 4741 8274 2407 8274 2385 8274 2385 8275 4721 8275 4741 8275 4741 8276 4721 8276 4723 8276 4741 8277 4723 8277 4740 8277 4740 8278 4723 8278 4742 8278 4740 8279 4742 8279 4739 8279 4739 8280 4742 8280 4743 8280 4739 8281 4743 8281 4738 8281 4738 8282 4743 8282 4744 8282 4738 8283 4744 8283 4737 8283 4737 8284 4744 8284 4736 8284 4737 8285 4736 8285 4734 8285 4734 8286 4736 8286 4735 8286 4734 8287 4735 8287 4733 8287 4733 8288 4735 8288 4731 8288 4733 8289 4731 8289 4732 8289 4732 8290 4731 8290 4730 8290 4732 8291 4730 8291 4727 8291 4727 8292 4730 8292 4729 8292 4727 8293 4729 8293 4726 8293 4726 8294 4729 8294 4728 8294 4726 8295 4728 8295 4725 8295 4725 8296 4728 8296 4724 8296 4725 8297 4724 8297 4719 8297 4719 8298 4724 8298 2464 8298 2444 8299 4736 8299 2445 8299 2445 8300 4736 8300 4744 8300 2445 8301 4744 8301 2447 8301 2447 8302 4744 8302 4743 8302 2447 8303 4743 8303 2448 8303 2448 8304 4743 8304 4742 8304 2448 8305 4742 8305 2449 8305 2449 8306 4742 8306 4723 8306 2449 8307 4723 8307 2450 8307 2450 8308 4723 8308 4722 8308 2450 8309 4722 8309 2483 8309 4745 8310 2441 8310 2440 8310 4745 8311 2440 8311 4746 8311 2393 8312 2371 8312 4746 8312 4746 8313 2440 8313 2393 8313 2393 8314 2440 8314 2439 8314 2393 8315 2439 8315 2392 8315 2439 8316 2481 8316 2392 8316 2392 8317 2481 8317 2479 8317 2392 8318 2479 8318 2390 8318 2390 8319 2479 8319 2478 8319 2390 8320 2478 8320 2389 8320 2478 8321 2412 8321 2389 8321 2389 8322 2412 8322 2411 8322 2389 8323 2411 8323 2387 8323 2387 8324 2411 8324 2482 8324 2387 8325 2482 8325 2484 8325 2484 8326 2483 8326 4722 8326 2484 8327 4722 8327 2387 8327 2387 8328 4722 8328 4721 8328 2387 8329 4721 8329 2385 8329 4746 8330 2371 8330 2373 8330 4745 8331 4746 8331 4747 8331 2441 8332 4748 8332 2442 8332 2442 8333 4748 8333 4749 8333 4750 8334 2437 8334 4751 8334 4751 8335 2437 8335 2436 8335 4751 8336 2436 8336 4752 8336 4752 8337 2436 8337 2435 8337 4752 8338 2435 8338 4749 8338 4749 8339 2435 8339 2443 8339 4749 8340 2443 8340 2442 8340 4746 8341 2373 8341 4747 8341 4747 8342 2373 8342 2374 8342 4747 8343 2374 8343 4753 8343 4753 8344 2374 8344 2367 8344 4753 8345 2367 8345 4754 8345 4754 8346 2367 8346 2369 8346 4754 8347 2369 8347 4755 8347 4755 8348 2369 8348 2370 8348 4755 8349 2370 8349 4756 8349 4756 8350 2370 8350 2375 8350 4756 8351 2375 8351 2377 8351 4757 8352 2421 8352 4750 8352 4750 8353 2421 8353 2420 8353 4750 8354 2420 8354 2437 8354 2383 8355 4758 8355 2377 8355 2377 8356 4758 8356 4759 8356 2377 8357 4759 8357 4756 8357 4760 8358 2431 8358 4761 8358 4761 8359 2431 8359 2433 8359 4761 8360 2433 8360 4757 8360 4757 8361 2433 8361 2434 8361 4757 8362 2434 8362 2421 8362 2384 8363 4762 8363 2379 8363 2379 8364 4762 8364 4763 8364 2379 8365 4763 8365 2380 8365 2380 8366 4763 8366 4764 8366 2380 8367 4764 8367 2381 8367 2381 8368 4764 8368 4758 8368 2381 8369 4758 8369 2382 8369 2382 8370 4758 8370 2383 8370 4762 8371 4765 8371 4763 8371 4763 8372 4765 8372 4766 8372 4763 8373 4766 8373 4764 8373 4764 8374 4766 8374 4760 8374 4764 8375 4760 8375 4758 8375 4758 8376 4760 8376 4761 8376 4758 8377 4761 8377 4759 8377 4759 8378 4761 8378 4757 8378 4759 8379 4757 8379 4756 8379 4756 8380 4757 8380 4750 8380 4756 8381 4750 8381 4755 8381 4755 8382 4750 8382 4751 8382 4755 8383 4751 8383 4754 8383 4754 8384 4751 8384 4752 8384 4754 8385 4752 8385 4753 8385 4753 8386 4752 8386 4749 8386 4753 8387 4749 8387 4747 8387 4747 8388 4749 8388 4748 8388 4747 8389 4748 8389 4745 8389 4745 8390 4748 8390 2441 8390 2424 8391 2430 8391 4765 8391 4765 8392 2430 8392 2429 8392 4765 8393 2429 8393 4766 8393 4766 8394 2429 8394 2427 8394 4766 8395 2427 8395 4760 8395 4760 8396 2427 8396 2426 8396 4760 8397 2426 8397 2431 8397 2425 8398 2424 8398 4767 8398 4767 8399 2424 8399 4765 8399 4767 8400 4765 8400 4768 8400 4768 8401 4765 8401 4762 8401 4768 8402 4762 8402 2350 8402 2350 8403 4762 8403 2384 8403 4769 8404 4770 8404 4771 8404 4772 8405 2477 8405 2476 8405 2475 8406 2499 8406 4773 8406 4773 8407 2499 8407 2425 8407 4768 8408 2350 8408 2352 8408 4767 8409 4768 8409 4774 8409 2475 8410 4773 8410 2476 8410 2476 8411 4773 8411 4775 8411 2476 8412 4775 8412 4772 8412 4768 8413 2352 8413 4774 8413 4774 8414 2352 8414 2354 8414 4774 8415 2354 8415 4776 8415 4776 8416 2354 8416 2355 8416 4776 8417 2355 8417 4777 8417 4777 8418 2355 8418 2361 8418 4777 8419 2361 8419 4778 8419 2361 8420 2360 8420 4778 8420 4778 8421 2360 8421 2359 8421 4778 8422 2359 8422 4779 8422 4779 8423 2359 8423 2357 8423 4779 8424 2357 8424 4780 8424 4780 8425 2357 8425 2356 8425 4780 8426 2356 8426 4781 8426 4781 8427 2356 8427 2362 8427 2425 8428 4767 8428 4773 8428 4773 8429 4767 8429 4774 8429 4773 8430 4774 8430 4775 8430 4775 8431 4774 8431 4776 8431 4775 8432 4776 8432 4772 8432 4772 8433 4776 8433 4777 8433 4772 8434 4777 8434 4782 8434 4782 8435 4777 8435 4778 8435 4782 8436 4778 8436 4783 8436 4783 8437 4778 8437 4779 8437 4783 8438 4779 8438 4784 8438 4784 8439 4779 8439 4780 8439 4784 8440 4780 8440 4771 8440 4771 8441 4780 8441 4781 8441 4771 8442 4781 8442 4769 8442 4769 8443 4781 8443 2362 8443 4769 8444 2362 8444 2364 8444 2477 8445 4772 8445 2474 8445 2474 8446 4772 8446 4782 8446 2474 8447 4782 8447 2472 8447 2472 8448 4782 8448 4783 8448 2472 8449 4783 8449 2470 8449 2470 8450 4783 8450 4784 8450 2470 8451 4784 8451 2469 8451 2469 8452 4784 8452 4771 8452 2469 8453 4771 8453 2414 8453 2414 8454 4771 8454 4770 8454 2414 8455 4770 8455 2415 8455 4785 8456 4786 8456 4787 8456 986 8457 987 8457 2339 8457 985 8458 986 8458 4788 8458 1166 8459 4789 8459 1165 8459 1165 8460 4789 8460 4790 8460 1165 8461 4790 8461 1163 8461 986 8462 2339 8462 4788 8462 4788 8463 2339 8463 2341 8463 4788 8464 2341 8464 4791 8464 4791 8465 2341 8465 2337 8465 4791 8466 2337 8466 4792 8466 1163 8467 4790 8467 1158 8467 1158 8468 4790 8468 4793 8468 1158 8469 4793 8469 1159 8469 1159 8470 4793 8470 4794 8470 1159 8471 4794 8471 1161 8471 1161 8472 4794 8472 1162 8472 1162 8473 4794 8473 4795 8473 1162 8474 4795 8474 1156 8474 2337 8475 2336 8475 4792 8475 4792 8476 2336 8476 2342 8476 4792 8477 2342 8477 4796 8477 4796 8478 2342 8478 2334 8478 4796 8479 2334 8479 4797 8479 4797 8480 2334 8480 2333 8480 4797 8481 2333 8481 2345 8481 2344 8482 4798 8482 2345 8482 2345 8483 4798 8483 4799 8483 2345 8484 4799 8484 4797 8484 1156 8485 4795 8485 1157 8485 1157 8486 4795 8486 4800 8486 1157 8487 4800 8487 1150 8487 1150 8488 4800 8488 4801 8488 1150 8489 4801 8489 1151 8489 1151 8490 4801 8490 4802 8490 1151 8491 4802 8491 1154 8491 1154 8492 4802 8492 4803 8492 1154 8493 4803 8493 1153 8493 1153 8494 4803 8494 4787 8494 1153 8495 4787 8495 1152 8495 2344 8496 2349 8496 4798 8496 4798 8497 2349 8497 2348 8497 4798 8498 2348 8498 4804 8498 4804 8499 2348 8499 2347 8499 4804 8500 2347 8500 4805 8500 4805 8501 2347 8501 2346 8501 4805 8502 2346 8502 4806 8502 4806 8503 2346 8503 2324 8503 2324 8504 4785 8504 4806 8504 4806 8505 4785 8505 4787 8505 4806 8506 4787 8506 4805 8506 4805 8507 4787 8507 4803 8507 4805 8508 4803 8508 4804 8508 4804 8509 4803 8509 4802 8509 4804 8510 4802 8510 4798 8510 4798 8511 4802 8511 4801 8511 4798 8512 4801 8512 4799 8512 4799 8513 4801 8513 4800 8513 4799 8514 4800 8514 4797 8514 4797 8515 4800 8515 4795 8515 4797 8516 4795 8516 4796 8516 4796 8517 4795 8517 4794 8517 4796 8518 4794 8518 4792 8518 4792 8519 4794 8519 4793 8519 4792 8520 4793 8520 4791 8520 4791 8521 4793 8521 4790 8521 4791 8522 4790 8522 4788 8522 4788 8523 4790 8523 4789 8523 4788 8524 4789 8524 985 8524 985 8525 4789 8525 1166 8525 985 8526 1166 8526 984 8526 4786 8527 1149 8527 4787 8527 4787 8528 1149 8528 1148 8528 4787 8529 1148 8529 1152 8529 4785 8530 2324 8530 2326 8530 4807 8531 1145 8531 1144 8531 4807 8532 1144 8532 4808 8532 2332 8533 2310 8533 4808 8533 4808 8534 1144 8534 2332 8534 2332 8535 1144 8535 1142 8535 2332 8536 1142 8536 2331 8536 2331 8537 1142 8537 1141 8537 2331 8538 1141 8538 2329 8538 2329 8539 1141 8539 1118 8539 2329 8540 1118 8540 2328 8540 1181 8541 1149 8541 4786 8541 4786 8542 4785 8542 1181 8542 1181 8543 4785 8543 2326 8543 1181 8544 2326 8544 1182 8544 1182 8545 2326 8545 2328 8545 1182 8546 2328 8546 1117 8546 1117 8547 2328 8547 1118 8547 4808 8548 2310 8548 2312 8548 4807 8549 4808 8549 4809 8549 1146 8550 4810 8550 1137 8550 1137 8551 4810 8551 4811 8551 1137 8552 4811 8552 1138 8552 1138 8553 4811 8553 4812 8553 1138 8554 4812 8554 1139 8554 1139 8555 4812 8555 4813 8555 1139 8556 4813 8556 1140 8556 1140 8557 4813 8557 4814 8557 4808 8558 2312 8558 4809 8558 4809 8559 2312 8559 2313 8559 4809 8560 2313 8560 4815 8560 4815 8561 2313 8561 2306 8561 4815 8562 2306 8562 4816 8562 4816 8563 2306 8563 2308 8563 4816 8564 2308 8564 4817 8564 4817 8565 2308 8565 2309 8565 4817 8566 2309 8566 4818 8566 4818 8567 2309 8567 2314 8567 4818 8568 2314 8568 2316 8568 4819 8569 1124 8569 4814 8569 4814 8570 1124 8570 1123 8570 4814 8571 1123 8571 1140 8571 2322 8572 4820 8572 2316 8572 2316 8573 4820 8573 4821 8573 2316 8574 4821 8574 4818 8574 4822 8575 1133 8575 4823 8575 4823 8576 1133 8576 1135 8576 4823 8577 1135 8577 4819 8577 4819 8578 1135 8578 1136 8578 4819 8579 1136 8579 1124 8579 2323 8580 4824 8580 2318 8580 2318 8581 4824 8581 4825 8581 2318 8582 4825 8582 2319 8582 2319 8583 4825 8583 4826 8583 2319 8584 4826 8584 2320 8584 2320 8585 4826 8585 4820 8585 2320 8586 4820 8586 2321 8586 2321 8587 4820 8587 2322 8587 4824 8588 4827 8588 4825 8588 4825 8589 4827 8589 4828 8589 4825 8590 4828 8590 4826 8590 4826 8591 4828 8591 4822 8591 4826 8592 4822 8592 4820 8592 4820 8593 4822 8593 4823 8593 4820 8594 4823 8594 4821 8594 4821 8595 4823 8595 4819 8595 4821 8596 4819 8596 4818 8596 4818 8597 4819 8597 4814 8597 4818 8598 4814 8598 4817 8598 4817 8599 4814 8599 4813 8599 4817 8600 4813 8600 4816 8600 4816 8601 4813 8601 4812 8601 4816 8602 4812 8602 4815 8602 4815 8603 4812 8603 4811 8603 4815 8604 4811 8604 4809 8604 4809 8605 4811 8605 4810 8605 4809 8606 4810 8606 4807 8606 4807 8607 4810 8607 1146 8607 4807 8608 1146 8608 1145 8608 1132 8609 1131 8609 4827 8609 4827 8610 1131 8610 1129 8610 4827 8611 1129 8611 4828 8611 4828 8612 1129 8612 1127 8612 4828 8613 1127 8613 4822 8613 4822 8614 1127 8614 1126 8614 4822 8615 1126 8615 1133 8615 1198 8616 1132 8616 4829 8616 4829 8617 1132 8617 4827 8617 4829 8618 4827 8618 4830 8618 4830 8619 4827 8619 4824 8619 4830 8620 4824 8620 2289 8620 2289 8621 4824 8621 2323 8621 4831 8622 4832 8622 4833 8622 2304 8623 2303 8623 4831 8623 4830 8624 2289 8624 2291 8624 4829 8625 4830 8625 4834 8625 1178 8626 4835 8626 1179 8626 1179 8627 4835 8627 4836 8627 1179 8628 4836 8628 1180 8628 1180 8629 4836 8629 4837 8629 1180 8630 4837 8630 1171 8630 4830 8631 2291 8631 4834 8631 4834 8632 2291 8632 2293 8632 4834 8633 2293 8633 4838 8633 4838 8634 2293 8634 2294 8634 4838 8635 2294 8635 4839 8635 4839 8636 2294 8636 2300 8636 4839 8637 2300 8637 4840 8637 2300 8638 2299 8638 4840 8638 4840 8639 2299 8639 2298 8639 4840 8640 2298 8640 4841 8640 4841 8641 2298 8641 2296 8641 4841 8642 2296 8642 4842 8642 4842 8643 2296 8643 2295 8643 4842 8644 2295 8644 4843 8644 4843 8645 2295 8645 2304 8645 2304 8646 4831 8646 4843 8646 4843 8647 4831 8647 4833 8647 4843 8648 4833 8648 4842 8648 4842 8649 4833 8649 4844 8649 4842 8650 4844 8650 4841 8650 4841 8651 4844 8651 4845 8651 4841 8652 4845 8652 4840 8652 4840 8653 4845 8653 4846 8653 4840 8654 4846 8654 4839 8654 4839 8655 4846 8655 4837 8655 4839 8656 4837 8656 4838 8656 4838 8657 4837 8657 4836 8657 4838 8658 4836 8658 4834 8658 4834 8659 4836 8659 4835 8659 4834 8660 4835 8660 4829 8660 4829 8661 4835 8661 1178 8661 4829 8662 1178 8662 1198 8662 1171 8663 4837 8663 1172 8663 1172 8664 4837 8664 4846 8664 1172 8665 4846 8665 1174 8665 1174 8666 4846 8666 4845 8666 1174 8667 4845 8667 1176 8667 1176 8668 4845 8668 4844 8668 1176 8669 4844 8669 1177 8669 1177 8670 4844 8670 4833 8670 1177 8671 4833 8671 1120 8671 1120 8672 4833 8672 4832 8672 1120 8673 4832 8673 1121 8673 1070 8674 1022 8674 989 8674 988 8675 1021 8675 2278 8675 989 8676 988 8676 4847 8676 1070 8677 4848 8677 1071 8677 1071 8678 4848 8678 4849 8678 988 8679 2278 8679 4847 8679 4847 8680 2278 8680 2280 8680 4847 8681 2280 8681 4850 8681 4850 8682 2280 8682 2276 8682 4850 8683 2276 8683 4851 8683 4852 8684 1068 8684 4853 8684 4853 8685 1068 8685 1066 8685 4853 8686 1066 8686 4849 8686 4849 8687 1066 8687 1065 8687 4849 8688 1065 8688 1071 8688 4854 8689 1028 8689 4852 8689 4852 8690 1028 8690 1027 8690 4852 8691 1027 8691 1068 8691 2276 8692 2275 8692 4851 8692 4851 8693 2275 8693 2281 8693 4851 8694 2281 8694 4855 8694 4855 8695 2281 8695 2273 8695 4855 8696 2273 8696 4856 8696 4856 8697 2273 8697 2272 8697 4856 8698 2272 8698 2284 8698 2283 8699 4857 8699 2284 8699 2284 8700 4857 8700 4858 8700 2284 8701 4858 8701 4856 8701 2283 8702 2288 8702 4857 8702 4857 8703 2288 8703 2287 8703 4857 8704 2287 8704 4859 8704 1070 8705 989 8705 4848 8705 4848 8706 989 8706 4847 8706 4848 8707 4847 8707 4849 8707 4849 8708 4847 8708 4850 8708 4849 8709 4850 8709 4853 8709 4853 8710 4850 8710 4851 8710 4853 8711 4851 8711 4852 8711 4852 8712 4851 8712 4855 8712 4852 8713 4855 8713 4854 8713 4854 8714 4855 8714 4856 8714 4854 8715 4856 8715 4860 8715 4860 8716 4856 8716 4858 8716 4860 8717 4858 8717 4861 8717 4861 8718 4858 8718 4857 8718 4861 8719 4857 8719 4862 8719 4862 8720 4857 8720 4859 8720 4862 8721 4859 8721 4863 8721 4863 8722 1062 8722 4862 8722 4862 8723 1062 8723 1061 8723 4862 8724 1061 8724 4861 8724 4861 8725 1061 8725 1060 8725 4861 8726 1060 8726 4860 8726 4860 8727 1060 8727 1031 8727 4860 8728 1031 8728 4854 8728 4854 8729 1031 8729 1030 8729 4854 8730 1030 8730 1028 8730 1057 8731 1064 8731 4863 8731 4863 8732 1064 8732 1063 8732 4863 8733 1063 8733 1062 8733 4864 8734 4865 8734 2263 8734 2263 8735 4865 8735 2285 8735 2286 8736 2285 8736 4866 8736 4866 8737 2285 8737 4865 8737 4866 8738 4865 8738 4867 8738 4867 8739 4865 8739 4864 8739 4867 8740 4864 8740 4868 8740 2287 8741 2286 8741 4859 8741 4859 8742 2286 8742 4866 8742 4859 8743 4866 8743 4863 8743 4863 8744 4866 8744 4867 8744 4863 8745 4867 8745 1057 8745 1057 8746 4867 8746 4868 8746 1057 8747 4868 8747 1058 8747 4864 8748 2263 8748 2265 8748 2270 8749 2271 8749 1024 8749 1024 8750 2271 8750 1025 8750 2248 8751 4869 8751 2271 8751 2271 8752 4869 8752 4870 8752 2271 8753 4870 8753 1025 8753 1025 8754 4870 8754 1051 8754 1024 8755 1079 8755 2270 8755 2270 8756 1079 8756 1081 8756 2270 8757 1081 8757 2268 8757 1081 8758 1082 8758 2268 8758 2268 8759 1082 8759 1084 8759 2268 8760 1084 8760 2267 8760 1085 8761 1058 8761 4868 8761 4868 8762 4864 8762 1085 8762 1085 8763 4864 8763 2265 8763 1085 8764 2265 8764 1086 8764 1086 8765 2265 8765 2267 8765 1086 8766 2267 8766 1087 8766 1087 8767 2267 8767 1084 8767 2262 8768 2261 8768 4871 8768 4869 8769 2248 8769 2250 8769 4870 8770 4869 8770 4872 8770 1051 8771 4873 8771 1052 8771 1052 8772 4873 8772 4874 8772 1052 8773 4874 8773 1053 8773 1053 8774 4874 8774 4875 8774 1053 8775 4875 8775 1054 8775 1054 8776 4875 8776 4876 8776 1054 8777 4876 8777 1055 8777 1055 8778 4876 8778 4877 8778 1055 8779 4877 8779 1056 8779 4869 8780 2250 8780 4872 8780 4872 8781 2250 8781 2251 8781 4872 8782 2251 8782 4878 8782 4878 8783 2251 8783 2245 8783 4878 8784 2245 8784 4879 8784 4879 8785 2245 8785 2244 8785 4879 8786 2244 8786 4880 8786 4880 8787 2244 8787 2247 8787 4880 8788 2247 8788 4881 8788 4881 8789 2247 8789 2256 8789 4881 8790 2256 8790 4882 8790 1056 8791 4877 8791 1050 8791 1050 8792 4877 8792 4883 8792 1050 8793 4883 8793 1048 8793 2258 8794 4884 8794 2259 8794 2259 8795 4884 8795 4885 8795 2259 8796 4885 8796 2252 8796 2252 8797 4885 8797 4886 8797 2252 8798 4886 8798 2253 8798 2253 8799 4886 8799 4882 8799 2253 8800 4882 8800 2255 8800 2255 8801 4882 8801 2256 8801 1051 8802 4870 8802 4873 8802 4873 8803 4870 8803 4872 8803 4873 8804 4872 8804 4874 8804 4874 8805 4872 8805 4878 8805 4874 8806 4878 8806 4875 8806 4875 8807 4878 8807 4879 8807 4875 8808 4879 8808 4876 8808 4876 8809 4879 8809 4880 8809 4876 8810 4880 8810 4877 8810 4877 8811 4880 8811 4881 8811 4877 8812 4881 8812 4883 8812 4883 8813 4881 8813 4882 8813 4883 8814 4882 8814 4887 8814 4887 8815 4882 8815 4886 8815 4887 8816 4886 8816 4888 8816 4888 8817 4886 8817 4885 8817 4888 8818 4885 8818 4889 8818 4889 8819 4885 8819 4884 8819 4889 8820 4884 8820 4890 8820 1044 8821 1043 8821 4890 8821 4890 8822 1043 8822 1037 8822 4890 8823 1037 8823 4889 8823 4889 8824 1037 8824 1036 8824 4889 8825 1036 8825 4888 8825 4888 8826 1036 8826 1047 8826 4888 8827 1047 8827 4887 8827 4887 8828 1047 8828 1034 8828 4887 8829 1034 8829 4883 8829 4883 8830 1034 8830 1033 8830 4883 8831 1033 8831 1048 8831 2261 8832 2260 8832 4871 8832 4871 8833 2260 8833 4891 8833 4871 8834 4891 8834 4892 8834 1046 8835 1044 8835 4892 8835 4892 8836 1044 8836 4890 8836 4892 8837 4890 8837 4871 8837 4871 8838 4890 8838 4884 8838 4871 8839 4884 8839 2262 8839 2262 8840 4884 8840 2258 8840 1042 8841 1046 8841 4893 8841 4893 8842 1046 8842 4892 8842 4893 8843 4892 8843 4894 8843 4894 8844 4892 8844 4891 8844 4894 8845 4891 8845 2020 8845 2020 8846 4891 8846 2260 8846 4893 8847 4894 8847 4895 8847 4896 8848 4897 8848 4898 8848 4897 8849 1077 8849 1076 8849 4897 8850 1076 8850 4898 8850 4898 8851 1076 8851 1040 8851 4898 8852 1040 8852 4899 8852 4899 8853 1040 8853 1039 8853 4899 8854 1039 8854 1042 8854 1042 8855 4893 8855 4899 8855 4899 8856 4893 8856 4895 8856 4899 8857 4895 8857 4898 8857 4898 8858 4895 8858 4900 8858 4898 8859 4900 8859 4896 8859 4896 8860 4900 8860 4901 8860 2027 8861 4901 8861 2028 8861 2028 8862 4901 8862 4900 8862 2028 8863 4900 8863 2029 8863 2029 8864 4900 8864 4895 8864 2029 8865 4895 8865 2022 8865 2022 8866 4895 8866 4894 8866 2022 8867 4894 8867 2020 8867 2558 8868 2563 8868 4902 8868 4903 8869 2 8869 4904 8869 4904 8870 2 8870 2013 8870 4904 8871 2013 8871 2012 8871 2563 8872 2564 8872 4902 8872 4902 8873 2564 8873 4905 8873 4902 8874 4905 8874 4906 8874 2012 8875 2019 8875 4904 8875 4904 8876 2019 8876 4907 8876 4904 8877 4907 8877 4908 8877 2559 8878 2558 8878 4908 8878 4908 8879 2558 8879 4902 8879 4908 8880 4902 8880 4904 8880 4904 8881 4902 8881 4906 8881 4904 8882 4906 8882 4903 8882 2560 8883 2559 8883 4909 8883 4909 8884 2559 8884 4908 8884 4909 8885 4908 8885 4910 8885 4910 8886 4908 8886 4907 8886 4910 8887 4907 8887 2018 8887 2018 8888 4907 8888 2019 8888 4911 8889 4912 8889 4913 8889 4914 8890 2552 8890 2560 8890 4910 8891 2018 8891 2230 8891 4909 8892 4910 8892 4915 8892 4910 8893 2230 8893 4915 8893 4915 8894 2230 8894 2235 8894 4915 8895 2235 8895 4916 8895 4916 8896 2235 8896 2234 8896 4916 8897 2234 8897 4917 8897 2552 8898 4914 8898 2553 8898 2553 8899 4914 8899 4918 8899 2553 8900 4918 8900 2555 8900 2555 8901 4918 8901 4919 8901 2555 8902 4919 8902 2556 8902 2556 8903 4919 8903 2547 8903 2547 8904 4919 8904 4920 8904 2547 8905 4920 8905 2548 8905 2548 8906 4920 8906 4921 8906 2548 8907 4921 8907 2550 8907 2234 8908 2232 8908 4917 8908 4917 8909 2232 8909 2231 8909 4917 8910 2231 8910 4922 8910 4922 8911 2231 8911 2236 8911 4922 8912 2236 8912 4923 8912 4923 8913 2236 8913 2228 8913 4923 8914 2228 8914 4924 8914 2550 8915 4921 8915 2551 8915 2551 8916 4921 8916 4925 8916 2551 8917 4925 8917 2515 8917 2515 8918 4925 8918 2516 8918 2516 8919 4925 8919 4926 8919 2516 8920 4926 8920 2540 8920 2228 8921 2227 8921 4924 8921 4924 8922 2227 8922 2239 8922 4924 8923 2239 8923 4927 8923 4927 8924 2239 8924 2238 8924 4927 8925 2238 8925 4928 8925 2238 8926 2243 8926 4928 8926 4928 8927 2243 8927 2242 8927 4928 8928 2242 8928 4929 8928 4929 8929 2242 8929 2241 8929 4929 8930 2241 8930 4930 8930 4930 8931 2241 8931 2240 8931 4930 8932 2240 8932 4931 8932 4931 8933 2240 8933 2218 8933 2218 8934 4911 8934 4931 8934 4931 8935 4911 8935 4913 8935 4931 8936 4913 8936 4930 8936 4930 8937 4913 8937 4932 8937 4930 8938 4932 8938 4929 8938 4929 8939 4932 8939 4933 8939 4929 8940 4933 8940 4928 8940 4928 8941 4933 8941 4934 8941 4928 8942 4934 8942 4927 8942 4927 8943 4934 8943 4926 8943 4927 8944 4926 8944 4924 8944 4924 8945 4926 8945 4925 8945 4924 8946 4925 8946 4923 8946 4923 8947 4925 8947 4921 8947 4923 8948 4921 8948 4922 8948 4922 8949 4921 8949 4920 8949 4922 8950 4920 8950 4917 8950 4917 8951 4920 8951 4919 8951 4917 8952 4919 8952 4916 8952 4916 8953 4919 8953 4918 8953 4916 8954 4918 8954 4915 8954 4915 8955 4918 8955 4914 8955 4915 8956 4914 8956 4909 8956 4909 8957 4914 8957 2560 8957 2540 8958 4926 8958 2541 8958 2541 8959 4926 8959 4934 8959 2541 8960 4934 8960 2543 8960 2543 8961 4934 8961 4933 8961 2543 8962 4933 8962 2544 8962 2544 8963 4933 8963 4932 8963 2544 8964 4932 8964 2545 8964 2545 8965 4932 8965 4913 8965 2545 8966 4913 8966 2546 8966 2546 8967 4913 8967 4912 8967 2546 8968 4912 8968 2584 8968 4935 8969 2537 8969 2536 8969 4935 8970 2536 8970 4936 8970 2226 8971 2204 8971 4936 8971 4936 8972 2536 8972 2226 8972 2226 8973 2536 8973 2579 8973 2226 8974 2579 8974 2225 8974 2225 8975 2579 8975 2577 8975 2225 8976 2577 8976 2223 8976 2577 8977 2576 8977 2223 8977 2223 8978 2576 8978 2583 8978 2223 8979 2583 8979 2222 8979 2222 8980 2583 8980 2581 8980 2222 8981 2581 8981 2220 8981 2220 8982 2581 8982 2580 8982 2220 8983 2580 8983 2585 8983 2585 8984 2584 8984 4912 8984 2585 8985 4912 8985 2220 8985 2220 8986 4912 8986 4911 8986 2220 8987 4911 8987 2218 8987 4936 8988 2204 8988 2206 8988 4935 8989 4936 8989 4937 8989 2537 8990 4938 8990 2538 8990 2538 8991 4938 8991 4939 8991 2534 8992 2533 8992 4939 8992 4939 8993 2533 8993 2539 8993 4939 8994 2539 8994 2538 8994 4939 8995 4940 8995 2534 8995 2534 8996 4940 8996 4941 8996 2534 8997 4941 8997 2535 8997 2535 8998 4941 8998 4942 8998 4936 8999 2206 8999 4937 8999 4937 9000 2206 9000 2207 9000 4937 9001 2207 9001 4943 9001 4943 9002 2207 9002 2200 9002 4943 9003 2200 9003 4944 9003 4944 9004 2200 9004 2202 9004 4944 9005 2202 9005 4945 9005 4945 9006 2202 9006 2203 9006 4945 9007 2203 9007 4946 9007 4946 9008 2203 9008 2208 9008 4946 9009 2208 9009 2210 9009 4947 9010 2519 9010 4942 9010 4942 9011 2519 9011 2518 9011 4942 9012 2518 9012 2535 9012 2216 9013 4948 9013 2210 9013 2210 9014 4948 9014 4949 9014 2210 9015 4949 9015 4946 9015 4950 9016 2529 9016 4951 9016 4951 9017 2529 9017 2531 9017 4951 9018 2531 9018 4947 9018 4947 9019 2531 9019 2532 9019 4947 9020 2532 9020 2519 9020 2217 9021 4952 9021 2212 9021 2212 9022 4952 9022 4953 9022 2212 9023 4953 9023 2213 9023 2213 9024 4953 9024 4954 9024 2213 9025 4954 9025 2214 9025 2214 9026 4954 9026 4948 9026 2214 9027 4948 9027 2215 9027 2215 9028 4948 9028 2216 9028 4952 9029 4955 9029 4953 9029 4953 9030 4955 9030 4956 9030 4953 9031 4956 9031 4954 9031 4954 9032 4956 9032 4950 9032 4954 9033 4950 9033 4948 9033 4948 9034 4950 9034 4951 9034 4948 9035 4951 9035 4949 9035 4949 9036 4951 9036 4947 9036 4949 9037 4947 9037 4946 9037 4946 9038 4947 9038 4942 9038 4946 9039 4942 9039 4945 9039 4945 9040 4942 9040 4941 9040 4945 9041 4941 9041 4944 9041 4944 9042 4941 9042 4940 9042 4944 9043 4940 9043 4943 9043 4943 9044 4940 9044 4939 9044 4943 9045 4939 9045 4937 9045 4937 9046 4939 9046 4938 9046 4937 9047 4938 9047 4935 9047 4935 9048 4938 9048 2537 9048 2522 9049 2528 9049 4955 9049 4955 9050 2528 9050 2527 9050 4955 9051 2527 9051 4956 9051 4956 9052 2527 9052 2525 9052 4956 9053 2525 9053 4950 9053 4950 9054 2525 9054 2524 9054 4950 9055 2524 9055 2529 9055 2523 9056 2522 9056 4957 9056 4957 9057 2522 9057 4955 9057 4957 9058 4955 9058 4958 9058 4958 9059 4955 9059 4952 9059 4958 9060 4952 9060 2186 9060 2186 9061 4952 9061 2217 9061 4959 9062 4960 9062 4961 9062 4962 9063 2575 9063 2574 9063 2573 9064 2600 9064 4963 9064 4963 9065 2600 9065 2523 9065 4958 9066 2186 9066 2188 9066 4957 9067 4958 9067 4964 9067 2573 9068 4963 9068 2574 9068 2574 9069 4963 9069 4965 9069 2574 9070 4965 9070 4962 9070 4958 9071 2188 9071 4964 9071 4964 9072 2188 9072 2189 9072 4964 9073 2189 9073 4966 9073 4966 9074 2189 9074 2185 9074 4966 9075 2185 9075 4967 9075 4967 9076 2185 9076 2184 9076 4967 9077 2184 9077 4968 9077 2184 9078 2190 9078 4968 9078 4968 9079 2190 9079 2192 9079 4968 9080 2192 9080 4969 9080 4969 9081 2192 9081 2198 9081 4969 9082 2198 9082 4970 9082 4970 9083 2198 9083 2197 9083 4970 9084 2197 9084 2196 9084 2196 9085 4959 9085 4970 9085 4970 9086 4959 9086 4961 9086 4970 9087 4961 9087 4969 9087 4969 9088 4961 9088 4971 9088 4969 9089 4971 9089 4968 9089 4968 9090 4971 9090 4972 9090 4968 9091 4972 9091 4967 9091 4967 9092 4972 9092 4962 9092 4967 9093 4962 9093 4966 9093 4966 9094 4962 9094 4965 9094 4966 9095 4965 9095 4964 9095 4964 9096 4965 9096 4963 9096 4964 9097 4963 9097 4957 9097 4957 9098 4963 9098 2523 9098 2575 9099 4962 9099 2567 9099 2567 9100 4962 9100 4972 9100 2567 9101 4972 9101 2568 9101 2568 9102 4972 9102 4971 9102 2568 9103 4971 9103 2569 9103 2569 9104 4971 9104 4961 9104 2569 9105 4961 9105 2571 9105 2571 9106 4961 9106 4960 9106 2571 9107 4960 9107 2572 9107 4973 9108 4974 9108 4975 9108 1209 9109 1237 9109 2171 9109 1210 9110 1209 9110 4976 9110 4977 9111 1408 9111 1418 9111 1209 9112 2171 9112 4976 9112 4976 9113 2171 9113 2169 9113 4976 9114 2169 9114 4978 9114 2169 9115 2167 9115 4978 9115 4978 9116 2167 9116 2166 9116 4978 9117 2166 9117 4979 9117 4979 9118 2166 9118 2179 9118 4979 9119 2179 9119 4980 9119 4980 9120 2179 9120 2178 9120 4980 9121 2178 9121 4981 9121 2178 9122 2177 9122 4981 9122 4981 9123 2177 9123 2176 9123 4981 9124 2176 9124 4982 9124 4982 9125 2176 9125 2175 9125 4982 9126 2175 9126 4983 9126 4983 9127 2175 9127 2173 9127 4983 9128 2173 9128 4984 9128 1408 9129 4977 9129 1409 9129 1409 9130 4977 9130 4985 9130 1409 9131 4985 9131 1410 9131 1410 9132 4985 9132 4986 9132 1410 9133 4986 9133 1411 9133 1411 9134 4986 9134 4987 9134 1411 9135 4987 9135 1412 9135 1412 9136 4987 9136 4988 9136 1412 9137 4988 9137 1413 9137 1413 9138 4988 9138 4989 9138 1413 9139 4989 9139 1416 9139 1416 9140 4989 9140 4990 9140 1416 9141 4990 9141 1415 9141 1415 9142 4990 9142 4991 9142 1415 9143 4991 9143 1414 9143 2173 9144 2182 9144 4984 9144 4984 9145 2182 9145 2181 9145 4984 9146 2181 9146 4992 9146 4992 9147 2181 9147 2180 9147 4992 9148 2180 9148 4993 9148 4993 9149 2180 9149 2137 9149 2137 9150 4973 9150 4993 9150 4993 9151 4973 9151 4975 9151 4993 9152 4975 9152 4992 9152 4992 9153 4975 9153 4994 9153 4992 9154 4994 9154 4984 9154 4984 9155 4994 9155 4991 9155 4984 9156 4991 9156 4983 9156 4983 9157 4991 9157 4990 9157 4983 9158 4990 9158 4982 9158 4982 9159 4990 9159 4989 9159 4982 9160 4989 9160 4981 9160 4981 9161 4989 9161 4988 9161 4981 9162 4988 9162 4980 9162 4980 9163 4988 9163 4987 9163 4980 9164 4987 9164 4979 9164 4979 9165 4987 9165 4986 9165 4979 9166 4986 9166 4978 9166 4978 9167 4986 9167 4985 9167 4978 9168 4985 9168 4976 9168 4976 9169 4985 9169 4977 9169 4976 9170 4977 9170 1210 9170 1210 9171 4977 9171 1418 9171 1210 9172 1418 9172 1242 9172 1414 9173 4991 9173 1403 9173 1403 9174 4991 9174 4994 9174 1403 9175 4994 9175 1404 9175 1404 9176 4994 9176 4975 9176 1404 9177 4975 9177 1406 9177 1406 9178 4975 9178 4974 9178 1406 9179 4974 9179 1407 9179 4973 9180 1400 9180 4974 9180 4974 9181 1400 9181 1407 9181 1402 9182 1401 9182 2154 9182 2154 9183 1401 9183 1400 9183 2154 9184 1400 9184 2136 9184 2136 9185 1400 9185 4973 9185 2136 9186 4973 9186 2137 9186 1402 9187 2154 9187 1398 9187 1398 9188 2154 9188 2156 9188 1398 9189 2156 9189 2161 9189 2157 9190 1395 9190 2158 9190 2158 9191 1395 9191 1394 9191 2158 9192 1394 9192 2160 9192 2160 9193 1394 9193 1393 9193 2160 9194 1393 9194 2161 9194 2161 9195 1393 9195 1399 9195 2161 9196 1399 9196 1398 9196 2121 9197 1389 9197 2162 9197 2162 9198 1389 9198 1388 9198 2162 9199 1388 9199 2157 9199 2157 9200 1388 9200 1397 9200 2157 9201 1397 9201 1395 9201 2121 9202 4995 9202 1389 9202 1389 9203 4995 9203 4996 9203 1389 9204 4996 9204 1390 9204 4997 9205 4998 9205 4999 9205 4995 9206 2121 9206 2120 9206 4996 9207 4995 9207 5000 9207 1390 9208 5001 9208 1391 9208 1391 9209 5001 9209 5002 9209 1382 9210 1381 9210 5002 9210 5002 9211 1381 9211 1392 9211 5002 9212 1392 9212 1391 9212 4995 9213 2120 9213 5000 9213 5000 9214 2120 9214 2118 9214 5000 9215 2118 9215 5003 9215 5003 9216 2118 9216 2117 9216 5003 9217 2117 9217 5004 9217 5004 9218 2117 9218 2129 9218 5004 9219 2129 9219 5005 9219 5005 9220 2129 9220 2128 9220 5005 9221 2128 9221 5006 9221 2128 9222 2126 9222 5006 9222 5006 9223 2126 9223 2125 9223 5006 9224 2125 9224 5007 9224 5007 9225 2125 9225 2124 9225 5007 9226 2124 9226 5008 9226 5008 9227 2124 9227 2123 9227 5008 9228 2123 9228 5009 9228 5009 9229 2123 9229 2130 9229 5009 9230 2130 9230 2132 9230 5002 9231 5010 9231 1382 9231 1382 9232 5010 9232 5011 9232 1382 9233 5011 9233 1383 9233 1383 9234 5011 9234 5012 9234 1383 9235 5012 9235 1384 9235 1384 9236 5012 9236 5013 9236 1384 9237 5013 9237 1385 9237 1385 9238 5013 9238 5014 9238 1385 9239 5014 9239 1386 9239 1386 9240 5014 9240 5015 9240 1386 9241 5015 9241 1387 9241 1387 9242 5015 9242 5016 9242 1387 9243 5016 9243 1377 9243 2135 9244 5017 9244 2132 9244 2132 9245 5017 9245 5018 9245 2132 9246 5018 9246 5009 9246 1377 9247 5016 9247 1378 9247 1378 9248 5016 9248 5019 9248 1378 9249 5019 9249 1380 9249 1380 9250 5019 9250 4999 9250 1380 9251 4999 9251 1431 9251 2135 9252 2134 9252 5017 9252 5017 9253 2134 9253 2133 9253 5017 9254 2133 9254 5020 9254 5020 9255 2133 9255 2101 9255 2101 9256 4997 9256 5020 9256 5020 9257 4997 9257 4999 9257 5020 9258 4999 9258 5017 9258 5017 9259 4999 9259 5019 9259 5017 9260 5019 9260 5018 9260 5018 9261 5019 9261 5016 9261 5018 9262 5016 9262 5009 9262 5009 9263 5016 9263 5015 9263 5009 9264 5015 9264 5008 9264 5008 9265 5015 9265 5014 9265 5008 9266 5014 9266 5007 9266 5007 9267 5014 9267 5013 9267 5007 9268 5013 9268 5006 9268 5006 9269 5013 9269 5012 9269 5006 9270 5012 9270 5005 9270 5005 9271 5012 9271 5011 9271 5005 9272 5011 9272 5004 9272 5004 9273 5011 9273 5010 9273 5004 9274 5010 9274 5003 9274 5003 9275 5010 9275 5002 9275 5003 9276 5002 9276 5000 9276 5000 9277 5002 9277 5001 9277 5000 9278 5001 9278 4996 9278 4996 9279 5001 9279 1390 9279 4998 9280 1373 9280 4999 9280 4999 9281 1373 9281 1372 9281 4999 9282 1372 9282 1431 9282 5021 9283 5022 9283 5023 9283 4997 9284 2101 9284 2103 9284 4998 9285 4997 9285 5024 9285 1373 9286 5025 9286 1375 9286 1375 9287 5025 9287 5026 9287 1375 9288 5026 9288 1376 9288 4997 9289 2103 9289 5024 9289 5024 9290 2103 9290 2105 9290 5024 9291 2105 9291 5027 9291 5027 9292 2105 9292 2106 9292 5027 9293 2106 9293 5028 9293 5028 9294 2106 9294 2114 9294 5028 9295 2114 9295 5029 9295 2114 9296 2113 9296 5029 9296 5029 9297 2113 9297 2112 9297 5029 9298 2112 9298 5030 9298 5030 9299 2112 9299 2111 9299 5030 9300 2111 9300 5031 9300 5031 9301 2111 9301 2110 9301 2110 9302 5021 9302 5031 9302 5031 9303 5021 9303 5023 9303 5031 9304 5023 9304 5030 9304 5030 9305 5023 9305 5032 9305 5030 9306 5032 9306 5029 9306 5029 9307 5032 9307 5033 9307 5029 9308 5033 9308 5028 9308 5028 9309 5033 9309 5034 9309 5028 9310 5034 9310 5027 9310 5027 9311 5034 9311 5026 9311 5027 9312 5026 9312 5024 9312 5024 9313 5026 9313 5025 9313 5024 9314 5025 9314 4998 9314 4998 9315 5025 9315 1373 9315 1376 9316 5026 9316 1423 9316 1423 9317 5026 9317 5034 9317 1423 9318 5034 9318 1424 9318 1424 9319 5034 9319 5033 9319 1424 9320 5033 9320 1426 9320 1426 9321 5033 9321 5032 9321 1426 9322 5032 9322 1427 9322 1427 9323 5032 9323 5023 9323 1427 9324 5023 9324 1369 9324 1369 9325 5023 9325 5022 9325 1369 9326 5022 9326 1370 9326 1322 9327 1275 9327 1276 9327 1277 9328 1278 9328 2090 9328 1276 9329 1277 9329 5035 9329 1322 9330 5036 9330 1321 9330 1321 9331 5036 9331 5037 9331 1277 9332 2090 9332 5035 9332 5035 9333 2090 9333 2092 9333 5035 9334 2092 9334 5038 9334 5038 9335 2092 9335 2088 9335 5038 9336 2088 9336 5039 9336 5040 9337 1315 9337 5041 9337 5041 9338 1315 9338 1314 9338 5041 9339 1314 9339 5037 9339 5037 9340 1314 9340 1319 9340 5037 9341 1319 9341 1321 9341 5042 9342 1318 9342 5040 9342 5040 9343 1318 9343 1317 9343 5040 9344 1317 9344 1315 9344 2088 9345 2087 9345 5039 9345 5039 9346 2087 9346 2093 9346 5039 9347 2093 9347 5043 9347 5043 9348 2093 9348 2085 9348 5043 9349 2085 9349 5044 9349 5044 9350 2085 9350 2084 9350 5044 9351 2084 9351 2096 9351 2095 9352 5045 9352 2096 9352 2096 9353 5045 9353 5046 9353 2096 9354 5046 9354 5044 9354 2095 9355 2100 9355 5045 9355 5045 9356 2100 9356 2099 9356 5045 9357 2099 9357 5047 9357 1322 9358 1276 9358 5036 9358 5036 9359 1276 9359 5035 9359 5036 9360 5035 9360 5037 9360 5037 9361 5035 9361 5038 9361 5037 9362 5038 9362 5041 9362 5041 9363 5038 9363 5039 9363 5041 9364 5039 9364 5040 9364 5040 9365 5039 9365 5043 9365 5040 9366 5043 9366 5042 9366 5042 9367 5043 9367 5044 9367 5042 9368 5044 9368 5048 9368 5048 9369 5044 9369 5046 9369 5048 9370 5046 9370 5049 9370 5049 9371 5046 9371 5045 9371 5049 9372 5045 9372 5050 9372 5050 9373 5045 9373 5047 9373 5050 9374 5047 9374 5051 9374 1310 9375 1309 9375 5051 9375 5051 9376 1309 9376 1306 9376 5051 9377 1306 9377 5050 9377 5050 9378 1306 9378 1307 9378 5050 9379 1307 9379 5049 9379 5049 9380 1307 9380 1308 9380 5049 9381 1308 9381 5048 9381 5048 9382 1308 9382 1313 9382 5048 9383 1313 9383 5042 9383 5042 9384 1313 9384 1312 9384 5042 9385 1312 9385 1318 9385 2098 9386 2097 9386 5052 9386 5052 9387 2097 9387 5053 9387 5052 9388 5053 9388 5054 9388 1303 9389 1310 9389 5054 9389 5054 9390 1310 9390 5051 9390 5054 9391 5051 9391 5052 9391 5052 9392 5051 9392 5047 9392 5052 9393 5047 9393 2098 9393 2098 9394 5047 9394 2099 9394 1304 9395 1303 9395 5055 9395 5055 9396 1303 9396 5054 9396 5055 9397 5054 9397 5056 9397 5056 9398 5054 9398 5053 9398 5056 9399 5053 9399 2075 9399 2075 9400 5053 9400 2097 9400 5056 9401 2075 9401 2077 9401 5057 9402 1300 9402 1333 9402 5057 9403 1333 9403 5058 9403 2083 9404 2060 9404 5058 9404 2082 9405 1340 9405 2080 9405 2080 9406 1340 9406 1338 9406 2080 9407 1338 9407 2079 9407 5058 9408 1333 9408 2083 9408 2083 9409 1333 9409 1332 9409 2083 9410 1332 9410 2082 9410 2082 9411 1332 9411 1331 9411 2082 9412 1331 9412 1340 9412 1334 9413 1304 9413 5055 9413 5055 9414 5056 9414 1334 9414 1334 9415 5056 9415 2077 9415 1334 9416 2077 9416 1335 9416 1335 9417 2077 9417 2079 9417 1335 9418 2079 9418 1337 9418 1337 9419 2079 9419 1338 9419 2074 9420 2073 9420 5059 9420 5058 9421 2060 9421 2062 9421 5057 9422 5058 9422 5060 9422 1300 9423 5061 9423 1299 9423 1299 9424 5061 9424 5062 9424 1299 9425 5062 9425 1298 9425 1298 9426 5062 9426 5063 9426 1298 9427 5063 9427 1301 9427 1301 9428 5063 9428 5064 9428 1301 9429 5064 9429 1302 9429 1302 9430 5064 9430 5065 9430 1302 9431 5065 9431 1297 9431 5058 9432 2062 9432 5060 9432 5060 9433 2062 9433 2063 9433 5060 9434 2063 9434 5066 9434 5066 9435 2063 9435 2057 9435 5066 9436 2057 9436 5067 9436 5067 9437 2057 9437 2056 9437 5067 9438 2056 9438 5068 9438 5068 9439 2056 9439 2059 9439 5068 9440 2059 9440 5069 9440 5069 9441 2059 9441 2068 9441 5069 9442 2068 9442 5070 9442 1297 9443 5065 9443 1295 9443 1295 9444 5065 9444 5071 9444 1295 9445 5071 9445 1291 9445 2070 9446 5072 9446 2071 9446 2071 9447 5072 9447 5073 9447 2071 9448 5073 9448 2064 9448 2064 9449 5073 9449 5074 9449 2064 9450 5074 9450 2065 9450 2065 9451 5074 9451 5070 9451 2065 9452 5070 9452 2067 9452 2067 9453 5070 9453 2068 9453 1300 9454 5057 9454 5061 9454 5061 9455 5057 9455 5060 9455 5061 9456 5060 9456 5062 9456 5062 9457 5060 9457 5066 9457 5062 9458 5066 9458 5063 9458 5063 9459 5066 9459 5067 9459 5063 9460 5067 9460 5064 9460 5064 9461 5067 9461 5068 9461 5064 9462 5068 9462 5065 9462 5065 9463 5068 9463 5069 9463 5065 9464 5069 9464 5071 9464 5071 9465 5069 9465 5070 9465 5071 9466 5070 9466 5075 9466 5075 9467 5070 9467 5074 9467 5075 9468 5074 9468 5076 9468 5076 9469 5074 9469 5073 9469 5076 9470 5073 9470 5077 9470 5077 9471 5073 9471 5072 9471 5077 9472 5072 9472 5078 9472 1284 9473 1285 9473 5078 9473 5078 9474 1285 9474 1287 9474 5078 9475 1287 9475 5077 9475 5077 9476 1287 9476 1290 9476 5077 9477 1290 9477 5076 9477 5076 9478 1290 9478 1289 9478 5076 9479 1289 9479 5075 9479 5075 9480 1289 9480 1293 9480 5075 9481 1293 9481 5071 9481 5071 9482 1293 9482 1292 9482 5071 9483 1292 9483 1291 9483 2073 9484 2072 9484 5059 9484 5059 9485 2072 9485 5079 9485 5059 9486 5079 9486 5080 9486 1283 9487 1284 9487 5080 9487 5080 9488 1284 9488 5078 9488 5080 9489 5078 9489 5059 9489 5059 9490 5078 9490 5072 9490 5059 9491 5072 9491 2074 9491 2074 9492 5072 9492 2070 9492 1281 9493 1283 9493 5081 9493 5081 9494 1283 9494 5080 9494 5081 9495 5080 9495 5082 9495 5082 9496 5080 9496 5079 9496 5082 9497 5079 9497 2042 9497 2042 9498 5079 9498 2072 9498 5081 9499 5082 9499 5083 9499 5084 9500 5085 9500 5086 9500 5085 9501 1327 9501 1329 9501 5085 9502 1329 9502 5086 9502 5086 9503 1329 9503 1330 9503 5086 9504 1330 9504 5087 9504 5087 9505 1330 9505 1279 9505 5087 9506 1279 9506 1281 9506 1281 9507 5081 9507 5087 9507 5087 9508 5081 9508 5083 9508 5087 9509 5083 9509 5086 9509 5086 9510 5083 9510 5088 9510 5086 9511 5088 9511 5084 9511 5084 9512 5088 9512 5089 9512 2049 9513 5089 9513 2050 9513 2050 9514 5089 9514 5088 9514 2050 9515 5088 9515 2051 9515 2051 9516 5088 9516 5083 9516 2051 9517 5083 9517 2044 9517 2044 9518 5083 9518 5082 9518 2044 9519 5082 9519 2042 9519 11 9520 9 9520 5090 9520 4903 9521 4906 9521 5091 9521 5091 9522 4906 9522 4905 9522 5090 9523 5092 9523 5093 9523 11 9524 5090 9524 5094 9524 5094 9525 5090 9525 5093 9525 5094 9526 5093 9526 5095 9526 5092 9527 5090 9527 5096 9527 5096 9528 5090 9528 5091 9528 5096 9529 5091 9529 5097 9529 5097 9530 5091 9530 4905 9530 5097 9531 4905 9531 2564 9531 2 9532 4903 9532 5 9532 5 9533 4903 9533 5091 9533 5 9534 5091 9534 5090 9534 5 9535 5090 9535 8 9535 8 9536 5090 9536 9 9536 5098 9537 5099 9537 5100 9537 5101 9538 5102 9538 5103 9538 5104 9539 5105 9539 2607 9539 5097 9540 2564 9540 2562 9540 5092 9541 5096 9541 5106 9541 5106 9542 5096 9542 5097 9542 5097 9543 2562 9543 5106 9543 5106 9544 2562 9544 2561 9544 5106 9545 2561 9545 5107 9545 5107 9546 2561 9546 2609 9546 5107 9547 2609 9547 5105 9547 5105 9548 2609 9548 2608 9548 5105 9549 2608 9549 2607 9549 2607 9550 2606 9550 5104 9550 5104 9551 2606 9551 2605 9551 5104 9552 2605 9552 5108 9552 2605 9553 2604 9553 5108 9553 5108 9554 2604 9554 2603 9554 5108 9555 2603 9555 5109 9555 2603 9556 2602 9556 5109 9556 5109 9557 2602 9557 2601 9557 5109 9558 2601 9558 5110 9558 5110 9559 2601 9559 2599 9559 5110 9560 2599 9560 5103 9560 2572 9561 5101 9561 2570 9561 2570 9562 5101 9562 5103 9562 2570 9563 5103 9563 2565 9563 2565 9564 5103 9564 2599 9564 5102 9565 5098 9565 5103 9565 5103 9566 5098 9566 5100 9566 5103 9567 5100 9567 5110 9567 5110 9568 5100 9568 5111 9568 5110 9569 5111 9569 5109 9569 5109 9570 5111 9570 5112 9570 5109 9571 5112 9571 5108 9571 5108 9572 5112 9572 5113 9572 5108 9573 5113 9573 5104 9573 5104 9574 5113 9574 5114 9574 5104 9575 5114 9575 5105 9575 5105 9576 5114 9576 5115 9576 5105 9577 5115 9577 5107 9577 5107 9578 5115 9578 5116 9578 5107 9579 5116 9579 5106 9579 5106 9580 5116 9580 5117 9580 5106 9581 5117 9581 5092 9581 5092 9582 5117 9582 5093 9582 5095 9583 5093 9583 5118 9583 5118 9584 5093 9584 5117 9584 5118 9585 5117 9585 5119 9585 5119 9586 5117 9586 5116 9586 5119 9587 5116 9587 5120 9587 5120 9588 5116 9588 5115 9588 5120 9589 5115 9589 5121 9589 5121 9590 5115 9590 5114 9590 5121 9591 5114 9591 5122 9591 5122 9592 5114 9592 5113 9592 5122 9593 5113 9593 5123 9593 5123 9594 5113 9594 5112 9594 5123 9595 5112 9595 5124 9595 5124 9596 5112 9596 5111 9596 5124 9597 5111 9597 5125 9597 5125 9598 5111 9598 5100 9598 5125 9599 5100 9599 5126 9599 5126 9600 5100 9600 5099 9600 5127 9601 5128 9601 5129 9601 5129 9602 5128 9602 5130 9602 5129 9603 5130 9603 5131 9603 5131 9604 5130 9604 5132 9604 5131 9605 5132 9605 5133 9605 5127 9606 2027 9606 2026 9606 2026 9607 5134 9607 5127 9607 5127 9608 5134 9608 5135 9608 5127 9609 5135 9609 5136 9609 5127 9610 5136 9610 5128 9610 2572 9611 4960 9611 5137 9611 5137 9612 4960 9612 4959 9612 5137 9613 4959 9613 2196 9613 5138 9614 5126 9614 5139 9614 5139 9615 5126 9615 5099 9615 5139 9616 5099 9616 5140 9616 5140 9617 5099 9617 5098 9617 5140 9618 5098 9618 5141 9618 5141 9619 5098 9619 5102 9619 5141 9620 5102 9620 5137 9620 5137 9621 5102 9621 5101 9621 5137 9622 5101 9622 2572 9622 4897 9623 4896 9623 5142 9623 5142 9624 4896 9624 4901 9624 5143 9625 5144 9625 5145 9625 5145 9626 5144 9626 5146 9626 5133 9627 5145 9627 5131 9627 5131 9628 5145 9628 5146 9628 5131 9629 5146 9629 5129 9629 5129 9630 5146 9630 5127 9630 5127 9631 5146 9631 5142 9631 5127 9632 5142 9632 4901 9632 5127 9633 4901 9633 2027 9633 1077 9634 4897 9634 5147 9634 5147 9635 4897 9635 5142 9635 5147 9636 5142 9636 5148 9636 5148 9637 5142 9637 5146 9637 5148 9638 5146 9638 5149 9638 5149 9639 5146 9639 5144 9639 2195 9640 2194 9640 5150 9640 5151 9641 5152 9641 5153 9641 5138 9642 5139 9642 5154 9642 5155 9643 5156 9643 5154 9643 5154 9644 5156 9644 5157 9644 5154 9645 5157 9645 5138 9645 5152 9646 5158 9646 5155 9646 5150 9647 5159 9647 5151 9647 5159 9648 5150 9648 5160 9648 5160 9649 5150 9649 2194 9649 5160 9650 2194 9650 1213 9650 5140 9651 5141 9651 5161 9651 5152 9652 5155 9652 5153 9652 5153 9653 5155 9653 5154 9653 5153 9654 5154 9654 5161 9654 5161 9655 5154 9655 5139 9655 5161 9656 5139 9656 5140 9656 5137 9657 2196 9657 2195 9657 5151 9658 5153 9658 5150 9658 5150 9659 5153 9659 5161 9659 5150 9660 5161 9660 2195 9660 2195 9661 5161 9661 5141 9661 2195 9662 5141 9662 5137 9662 5149 9663 5144 9663 5162 9663 5147 9664 5148 9664 5163 9664 5164 9665 5165 9665 1105 9665 5166 9666 5167 9666 1075 9666 996 9667 1075 9667 5168 9667 5168 9668 1075 9668 5167 9668 5168 9669 5167 9669 5169 9669 5169 9670 5167 9670 5170 9670 1075 9671 1074 9671 5166 9671 5166 9672 1074 9672 1073 9672 5166 9673 1073 9673 5171 9673 1073 9674 1116 9674 5171 9674 5171 9675 1116 9675 1115 9675 5171 9676 1115 9676 5172 9676 1115 9677 1113 9677 5172 9677 5172 9678 1113 9678 1112 9678 5172 9679 1112 9679 5173 9679 5173 9680 1112 9680 1110 9680 5173 9681 1110 9681 5165 9681 5165 9682 1110 9682 1109 9682 5165 9683 1109 9683 1105 9683 1105 9684 1107 9684 5164 9684 5164 9685 1107 9685 1108 9685 5164 9686 1108 9686 5174 9686 1108 9687 1103 9687 5174 9687 5174 9688 1103 9688 1102 9688 5174 9689 1102 9689 5175 9689 1077 9690 5147 9690 1078 9690 1078 9691 5147 9691 5163 9691 1078 9692 5163 9692 1099 9692 1099 9693 5163 9693 5175 9693 1099 9694 5175 9694 1100 9694 1100 9695 5175 9695 1102 9695 5148 9696 5149 9696 5163 9696 5163 9697 5149 9697 5162 9697 5163 9698 5162 9698 5175 9698 5175 9699 5162 9699 5176 9699 5175 9700 5176 9700 5174 9700 5174 9701 5176 9701 5177 9701 5174 9702 5177 9702 5164 9702 5164 9703 5177 9703 5178 9703 5164 9704 5178 9704 5165 9704 5165 9705 5178 9705 5179 9705 5165 9706 5179 9706 5173 9706 5173 9707 5179 9707 5180 9707 5173 9708 5180 9708 5172 9708 5172 9709 5180 9709 5181 9709 5172 9710 5181 9710 5171 9710 5171 9711 5181 9711 5182 9711 5171 9712 5182 9712 5166 9712 5166 9713 5182 9713 5183 9713 5166 9714 5183 9714 5167 9714 5167 9715 5183 9715 5184 9715 5167 9716 5184 9716 5170 9716 5170 9717 5184 9717 5185 9717 5186 9718 5185 9718 5187 9718 5187 9719 5185 9719 5184 9719 5187 9720 5184 9720 5188 9720 5188 9721 5184 9721 5183 9721 5188 9722 5183 9722 5189 9722 5189 9723 5183 9723 5182 9723 5189 9724 5182 9724 5190 9724 5190 9725 5182 9725 5181 9725 5190 9726 5181 9726 5191 9726 5191 9727 5181 9727 5180 9727 5191 9728 5180 9728 5192 9728 5192 9729 5180 9729 5179 9729 5192 9730 5179 9730 5193 9730 5193 9731 5179 9731 5178 9731 5193 9732 5178 9732 5194 9732 5194 9733 5178 9733 5177 9733 5194 9734 5177 9734 5195 9734 5195 9735 5177 9735 5176 9735 5195 9736 5176 9736 5196 9736 5196 9737 5176 9737 5162 9737 5196 9738 5162 9738 5143 9738 5143 9739 5162 9739 5144 9739 1215 9740 1217 9740 5197 9740 5160 9741 1213 9741 1212 9741 5198 9742 5158 9742 5199 9742 5199 9743 5158 9743 5152 9743 5199 9744 5152 9744 5200 9744 5200 9745 5152 9745 5151 9745 5200 9746 5151 9746 5201 9746 5201 9747 5151 9747 5159 9747 5201 9748 5159 9748 5197 9748 5197 9749 5159 9749 5160 9749 5197 9750 5160 9750 1215 9750 1215 9751 5160 9751 1212 9751 995 9752 996 9752 5168 9752 5202 9753 991 9753 993 9753 5186 9754 5203 9754 5185 9754 5185 9755 5203 9755 5204 9755 5185 9756 5204 9756 5170 9756 5170 9757 5204 9757 5205 9757 5170 9758 5205 9758 5169 9758 5169 9759 5205 9759 5206 9759 5169 9760 5206 9760 5168 9760 5168 9761 5206 9761 5202 9761 5168 9762 5202 9762 995 9762 995 9763 5202 9763 993 9763 5207 9764 5208 9764 5209 9764 5210 9765 5211 9765 5212 9765 5213 9766 5214 9766 1420 9766 1217 9767 1420 9767 5197 9767 5197 9768 1420 9768 5214 9768 5197 9769 5214 9769 5201 9769 5201 9770 5214 9770 5200 9770 1420 9771 1421 9771 5213 9771 5213 9772 1421 9772 1422 9772 5213 9773 1422 9773 5215 9773 1422 9774 1438 9774 5215 9774 5215 9775 1438 9775 1439 9775 5215 9776 1439 9776 5216 9776 5216 9777 1439 9777 1437 9777 5216 9778 1437 9778 5217 9778 1437 9779 1364 9779 5217 9779 5217 9780 1364 9780 1363 9780 5217 9781 1363 9781 5218 9781 5218 9782 1363 9782 1436 9782 5218 9783 1436 9783 5219 9783 1436 9784 1435 9784 5219 9784 5219 9785 1435 9785 1434 9785 5219 9786 1434 9786 5220 9786 1434 9787 1433 9787 5220 9787 5220 9788 1433 9788 1432 9788 5220 9789 1432 9789 5221 9789 5221 9790 1432 9790 1430 9790 5221 9791 1430 9791 5212 9791 1370 9792 5210 9792 1371 9792 1371 9793 5210 9793 5212 9793 1371 9794 5212 9794 1425 9794 1425 9795 5212 9795 1430 9795 5211 9796 5207 9796 5212 9796 5212 9797 5207 9797 5209 9797 5212 9798 5209 9798 5221 9798 5221 9799 5209 9799 5222 9799 5221 9800 5222 9800 5220 9800 5220 9801 5222 9801 5223 9801 5220 9802 5223 9802 5219 9802 5219 9803 5223 9803 5224 9803 5219 9804 5224 9804 5218 9804 5218 9805 5224 9805 5225 9805 5218 9806 5225 9806 5217 9806 5217 9807 5225 9807 5226 9807 5217 9808 5226 9808 5216 9808 5216 9809 5226 9809 5227 9809 5216 9810 5227 9810 5215 9810 5215 9811 5227 9811 5228 9811 5215 9812 5228 9812 5213 9812 5213 9813 5228 9813 5229 9813 5213 9814 5229 9814 5214 9814 5214 9815 5229 9815 5230 9815 5214 9816 5230 9816 5200 9816 5200 9817 5230 9817 5199 9817 5198 9818 5199 9818 5231 9818 5231 9819 5199 9819 5230 9819 5231 9820 5230 9820 5232 9820 5232 9821 5230 9821 5229 9821 5232 9822 5229 9822 5233 9822 5233 9823 5229 9823 5228 9823 5233 9824 5228 9824 5234 9824 5234 9825 5228 9825 5227 9825 5234 9826 5227 9826 5235 9826 5235 9827 5227 9827 5226 9827 5235 9828 5226 9828 5236 9828 5236 9829 5226 9829 5225 9829 5236 9830 5225 9830 5237 9830 5237 9831 5225 9831 5224 9831 5237 9832 5224 9832 5238 9832 5238 9833 5224 9833 5223 9833 5238 9834 5223 9834 5239 9834 5239 9835 5223 9835 5222 9835 5239 9836 5222 9836 5240 9836 5240 9837 5222 9837 5209 9837 5240 9838 5209 9838 5241 9838 5241 9839 5209 9839 5208 9839 5241 9840 5208 9840 5242 9840 5243 9841 5244 9841 5245 9841 5246 9842 5204 9842 5247 9842 5247 9843 5204 9843 5203 9843 5248 9844 2303 9844 2301 9844 991 9845 5249 9845 2301 9845 2301 9846 5249 9846 5250 9846 2301 9847 5250 9847 5248 9847 5247 9848 5243 9848 5246 9848 5246 9849 5243 9849 5245 9849 5246 9850 5245 9850 5249 9850 5249 9851 5245 9851 5251 9851 5249 9852 5251 9852 5250 9852 991 9853 5202 9853 5249 9853 5249 9854 5202 9854 5206 9854 5249 9855 5206 9855 5246 9855 5246 9856 5206 9856 5205 9856 5246 9857 5205 9857 5204 9857 1370 9858 5022 9858 5252 9858 5252 9859 5022 9859 5021 9859 5252 9860 5021 9860 2110 9860 5253 9861 5242 9861 5254 9861 5254 9862 5242 9862 5208 9862 5254 9863 5208 9863 5255 9863 5255 9864 5208 9864 5207 9864 5255 9865 5207 9865 5256 9865 5256 9866 5207 9866 5211 9866 5256 9867 5211 9867 5252 9867 5252 9868 5211 9868 5210 9868 5252 9869 5210 9869 1370 9869 1121 9870 4832 9870 5248 9870 5248 9871 4832 9871 4831 9871 5248 9872 4831 9872 2303 9872 5244 9873 5257 9873 5245 9873 5245 9874 5257 9874 5258 9874 5245 9875 5258 9875 5251 9875 5251 9876 5258 9876 5259 9876 5251 9877 5259 9877 5250 9877 5250 9878 5259 9878 5260 9878 5250 9879 5260 9879 5248 9879 5248 9880 5260 9880 5261 9880 5248 9881 5261 9881 1121 9881 5262 9882 5263 9882 5264 9882 5265 9883 5266 9883 5267 9883 5268 9884 5266 9884 5269 9884 5269 9885 5266 9885 5265 9885 5269 9886 5265 9886 5270 9886 5263 9887 5270 9887 5264 9887 5264 9888 5270 9888 5265 9888 5264 9889 5265 9889 5254 9889 5254 9890 5265 9890 5267 9890 5254 9891 5267 9891 5253 9891 5254 9892 5255 9892 5264 9892 5264 9893 5255 9893 5256 9893 5264 9894 5256 9894 5252 9894 1249 9895 5262 9895 2107 9895 2107 9896 5262 9896 5264 9896 2107 9897 5264 9897 2108 9897 2108 9898 5264 9898 5252 9898 2108 9899 5252 9899 2110 9899 5259 9900 5258 9900 5271 9900 5261 9901 5260 9901 5272 9901 5273 9902 960 9902 1169 9902 5274 9903 5275 9903 5276 9903 5276 9904 5275 9904 5273 9904 5273 9905 1169 9905 5276 9905 5276 9906 1169 9906 1170 9906 5276 9907 1170 9907 5277 9907 1170 9908 1207 9908 5277 9908 5277 9909 1207 9909 1208 9909 5277 9910 1208 9910 5278 9910 5278 9911 1208 9911 1206 9911 5278 9912 1206 9912 5279 9912 1206 9913 1205 9913 5279 9913 5279 9914 1205 9914 1204 9914 5279 9915 1204 9915 5280 9915 5280 9916 1204 9916 1203 9916 5280 9917 1203 9917 5281 9917 1203 9918 1202 9918 5281 9918 5281 9919 1202 9919 1201 9919 5281 9920 1201 9920 5282 9920 1201 9921 1200 9921 5282 9921 5282 9922 1200 9922 1199 9922 5282 9923 1199 9923 5283 9923 5283 9924 1199 9924 1197 9924 5283 9925 1197 9925 5272 9925 1121 9926 5261 9926 1122 9926 1122 9927 5261 9927 5272 9927 1122 9928 5272 9928 1175 9928 1175 9929 5272 9929 1197 9929 5260 9930 5259 9930 5272 9930 5272 9931 5259 9931 5271 9931 5272 9932 5271 9932 5283 9932 5283 9933 5271 9933 5284 9933 5283 9934 5284 9934 5282 9934 5282 9935 5284 9935 5285 9935 5282 9936 5285 9936 5281 9936 5281 9937 5285 9937 5286 9937 5281 9938 5286 9938 5280 9938 5280 9939 5286 9939 5287 9939 5280 9940 5287 9940 5279 9940 5279 9941 5287 9941 5288 9941 5279 9942 5288 9942 5278 9942 5278 9943 5288 9943 5289 9943 5278 9944 5289 9944 5277 9944 5277 9945 5289 9945 5290 9945 5277 9946 5290 9946 5276 9946 5276 9947 5290 9947 5291 9947 5276 9948 5291 9948 5274 9948 5274 9949 5291 9949 5292 9949 5293 9950 5292 9950 5294 9950 5294 9951 5292 9951 5291 9951 5294 9952 5291 9952 5295 9952 5295 9953 5291 9953 5290 9953 5295 9954 5290 9954 5296 9954 5296 9955 5290 9955 5289 9955 5296 9956 5289 9956 5297 9956 5297 9957 5289 9957 5288 9957 5297 9958 5288 9958 5298 9958 5298 9959 5288 9959 5287 9959 5298 9960 5287 9960 5299 9960 5299 9961 5287 9961 5286 9961 5299 9962 5286 9962 5300 9962 5300 9963 5286 9963 5285 9963 5300 9964 5285 9964 5301 9964 5301 9965 5285 9965 5284 9965 5301 9966 5284 9966 5302 9966 5302 9967 5284 9967 5271 9967 5302 9968 5271 9968 5257 9968 5257 9969 5271 9969 5258 9969 1246 9970 1251 9970 5303 9970 5262 9971 1249 9971 1247 9971 5304 9972 5268 9972 5305 9972 5305 9973 5268 9973 5269 9973 5305 9974 5269 9974 5306 9974 5306 9975 5269 9975 5270 9975 5306 9976 5270 9976 5307 9976 5307 9977 5270 9977 5263 9977 5307 9978 5263 9978 5303 9978 5303 9979 5263 9979 5262 9979 5303 9980 5262 9980 1246 9980 1246 9981 5262 9981 1247 9981 959 9982 960 9982 5273 9982 5308 9983 955 9983 957 9983 5293 9984 5309 9984 5292 9984 5292 9985 5309 9985 5310 9985 5292 9986 5310 9986 5274 9986 5274 9987 5310 9987 5311 9987 5274 9988 5311 9988 5275 9988 5275 9989 5311 9989 5312 9989 5275 9990 5312 9990 5273 9990 5273 9991 5312 9991 5308 9991 5273 9992 5308 9992 959 9992 959 9993 5308 9993 957 9993 5313 9994 5314 9994 5315 9994 5316 9995 5317 9995 5318 9995 5303 9996 1251 9996 1325 9996 5306 9997 5307 9997 5319 9997 5319 9998 5307 9998 5303 9998 5303 9999 1325 9999 5319 9999 5319 10000 1325 10000 1326 10000 5319 10001 1326 10001 5320 10001 1326 10002 1361 10002 5320 10002 5320 10003 1361 10003 1362 10003 5320 10004 1362 10004 5321 10004 5321 10005 1362 10005 1360 10005 5321 10006 1360 10006 5322 10006 5322 10007 1360 10007 1359 10007 1359 10008 1358 10008 5322 10008 5322 10009 1358 10009 1357 10009 5322 10010 1357 10010 5323 10010 5323 10011 1357 10011 1356 10011 5323 10012 1356 10012 5324 10012 1356 10013 1355 10013 5324 10013 5324 10014 1355 10014 1354 10014 5324 10015 1354 10015 5325 10015 1327 10016 5316 10016 1328 10016 1328 10017 5316 10017 5318 10017 1328 10018 5318 10018 1352 10018 1352 10019 5318 10019 5325 10019 1352 10020 5325 10020 1353 10020 1353 10021 5325 10021 1354 10021 5317 10022 5313 10022 5318 10022 5318 10023 5313 10023 5315 10023 5318 10024 5315 10024 5325 10024 5325 10025 5315 10025 5326 10025 5325 10026 5326 10026 5324 10026 5324 10027 5326 10027 5327 10027 5324 10028 5327 10028 5323 10028 5323 10029 5327 10029 5328 10029 5323 10030 5328 10030 5322 10030 5322 10031 5328 10031 5329 10031 5322 10032 5329 10032 5321 10032 5321 10033 5329 10033 5330 10033 5321 10034 5330 10034 5320 10034 5320 10035 5330 10035 5331 10035 5320 10036 5331 10036 5319 10036 5319 10037 5331 10037 5332 10037 5319 10038 5332 10038 5306 10038 5306 10039 5332 10039 5305 10039 5304 10040 5305 10040 5333 10040 5333 10041 5305 10041 5332 10041 5333 10042 5332 10042 5334 10042 5334 10043 5332 10043 5331 10043 5334 10044 5331 10044 5335 10044 5335 10045 5331 10045 5330 10045 5335 10046 5330 10046 5336 10046 5336 10047 5330 10047 5329 10047 5336 10048 5329 10048 5337 10048 5337 10049 5329 10049 5328 10049 5337 10050 5328 10050 5338 10050 5338 10051 5328 10051 5327 10051 5338 10052 5327 10052 5339 10052 5339 10053 5327 10053 5326 10053 5339 10054 5326 10054 5340 10054 5340 10055 5326 10055 5315 10055 5340 10056 5315 10056 5341 10056 5341 10057 5315 10057 5314 10057 5342 10058 5343 10058 5344 10058 5344 10059 5343 10059 5310 10059 5344 10060 5310 10060 5309 10060 5345 10061 5346 10061 5347 10061 955 10062 5345 10062 2363 10062 2363 10063 5345 10063 5347 10063 2363 10064 5347 10064 2364 10064 5346 10065 5345 10065 5348 10065 5348 10066 5345 10066 5343 10066 5348 10067 5343 10067 5349 10067 5349 10068 5343 10068 5342 10068 5349 10069 5342 10069 5350 10069 955 10070 5308 10070 5345 10070 5345 10071 5308 10071 5312 10071 5345 10072 5312 10072 5343 10072 5343 10073 5312 10073 5311 10073 5343 10074 5311 10074 5310 10074 5085 10075 5084 10075 5351 10075 5351 10076 5084 10076 5089 10076 5341 10077 5314 10077 5352 10077 5352 10078 5314 10078 5353 10078 5354 10079 5352 10079 5355 10079 5355 10080 5352 10080 5353 10080 5355 10081 5353 10081 5356 10081 5356 10082 5353 10082 5357 10082 5357 10083 5353 10083 5351 10083 5357 10084 5351 10084 5089 10084 5357 10085 5089 10085 2049 10085 1327 10086 5085 10086 5316 10086 5316 10087 5085 10087 5351 10087 5316 10088 5351 10088 5317 10088 5317 10089 5351 10089 5353 10089 5317 10090 5353 10090 5313 10090 5313 10091 5353 10091 5314 10091 2415 10092 4770 10092 5347 10092 5347 10093 4770 10093 4769 10093 5347 10094 4769 10094 2364 10094 5350 10095 5358 10095 5349 10095 5349 10096 5358 10096 5359 10096 5349 10097 5359 10097 5348 10097 5348 10098 5359 10098 5360 10098 5348 10099 5360 10099 5346 10099 5346 10100 5360 10100 5361 10100 5346 10101 5361 10101 5347 10101 5347 10102 5361 10102 5362 10102 5347 10103 5362 10103 2415 10103 2048 10104 5363 10104 2049 10104 2049 10105 5363 10105 5364 10105 2049 10106 5364 10106 5357 10106 5357 10107 5364 10107 5365 10107 5357 10108 5365 10108 5366 10108 5357 10109 5366 10109 5356 10109 5356 10110 5366 10110 5367 10110 5356 10111 5367 10111 5355 10111 5355 10112 5367 10112 5368 10112 5355 10113 5368 10113 5354 10113 5360 10114 5359 10114 5369 10114 5362 10115 5361 10115 5370 10115 5371 10116 5372 10116 5373 10116 5373 10117 5372 10117 5374 10117 2513 10118 5375 10118 2514 10118 2514 10119 5375 10119 5376 10119 2514 10120 5376 10120 2465 10120 2465 10121 5376 10121 5373 10121 2465 10122 5373 10122 2466 10122 2466 10123 5373 10123 5374 10123 2466 10124 5374 10124 2468 10124 2513 10125 2512 10125 5375 10125 5375 10126 2512 10126 2511 10126 5375 10127 2511 10127 5377 10127 5377 10128 2511 10128 2510 10128 5377 10129 2510 10129 5378 10129 2510 10130 2509 10130 5378 10130 5378 10131 2509 10131 2508 10131 5378 10132 2508 10132 5379 10132 2508 10133 2503 10133 5379 10133 5379 10134 2503 10134 2502 10134 5379 10135 2502 10135 5380 10135 2502 10136 2501 10136 5380 10136 5380 10137 2501 10137 2500 10137 5380 10138 2500 10138 5381 10138 5381 10139 2500 10139 2498 10139 5381 10140 2498 10140 5370 10140 2415 10141 5362 10141 2416 10141 2416 10142 5362 10142 5370 10142 2416 10143 5370 10143 2471 10143 2471 10144 5370 10144 2498 10144 5361 10145 5360 10145 5370 10145 5370 10146 5360 10146 5369 10146 5370 10147 5369 10147 5381 10147 5381 10148 5369 10148 5382 10148 5381 10149 5382 10149 5380 10149 5380 10150 5382 10150 5383 10150 5380 10151 5383 10151 5379 10151 5379 10152 5383 10152 5384 10152 5379 10153 5384 10153 5378 10153 5378 10154 5384 10154 5385 10154 5378 10155 5385 10155 5377 10155 5377 10156 5385 10156 5386 10156 5377 10157 5386 10157 5375 10157 5375 10158 5386 10158 5387 10158 5375 10159 5387 10159 5376 10159 5376 10160 5387 10160 5388 10160 5376 10161 5388 10161 5373 10161 5373 10162 5388 10162 5389 10162 5373 10163 5389 10163 5371 10163 5371 10164 5389 10164 5390 10164 5391 10165 5390 10165 5392 10165 5392 10166 5390 10166 5389 10166 5392 10167 5389 10167 5393 10167 5393 10168 5389 10168 5388 10168 5393 10169 5388 10169 5394 10169 5394 10170 5388 10170 5387 10170 5394 10171 5387 10171 5395 10171 5395 10172 5387 10172 5386 10172 5395 10173 5386 10173 5396 10173 5396 10174 5386 10174 5385 10174 5396 10175 5385 10175 5397 10175 5397 10176 5385 10176 5384 10176 5397 10177 5384 10177 5398 10177 5398 10178 5384 10178 5383 10178 5398 10179 5383 10179 5399 10179 5399 10180 5383 10180 5382 10180 5399 10181 5382 10181 5400 10181 5400 10182 5382 10182 5369 10182 5400 10183 5369 10183 5401 10183 5401 10184 5369 10184 5359 10184 5401 10185 5359 10185 5358 10185 23 10186 21 10186 5402 10186 4713 10187 4716 10187 5403 10187 5403 10188 4716 10188 4715 10188 5402 10189 5371 10189 5390 10189 23 10190 5402 10190 5404 10190 5404 10191 5402 10191 5390 10191 5404 10192 5390 10192 5391 10192 5371 10193 5402 10193 5372 10193 5372 10194 5402 10194 5403 10194 5372 10195 5403 10195 5374 10195 5374 10196 5403 10196 4715 10196 5374 10197 4715 10197 2468 10197 14 10198 4713 10198 17 10198 17 10199 4713 10199 5403 10199 17 10200 5403 10200 5402 10200 17 10201 5402 10201 20 10201 20 10202 5402 10202 21 10202 5405 10203 5406 10203 5407 10203 5407 10204 5406 10204 5408 10204 5407 10205 5408 10205 5409 10205 5409 10206 5408 10206 5410 10206 5410 10207 5408 10207 5411 10207 5411 10208 5408 10208 5412 10208 5411 10209 5412 10209 5413 10209 5413 10210 5412 10210 5414 10210 5413 10211 5414 10211 5415 10211 5416 10212 5417 10212 5418 10212 5416 10213 5418 10213 5419 10213 5418 10214 5420 10214 5419 10214 5419 10215 5420 10215 5421 10215 5419 10216 5421 10216 5414 10216 5414 10217 5421 10217 5422 10217 5414 10218 5422 10218 5415 10218 5423 10219 5424 10219 5425 10219 5425 10220 5424 10220 5426 10220 5425 10221 5426 10221 5427 10221 5427 10222 5426 10222 5428 10222 5427 10223 5428 10223 5416 10223 5416 10224 5428 10224 5429 10224 5416 10225 5429 10225 5417 10225 5423 10226 5425 10226 5430 10226 5430 10227 5425 10227 5431 10227 5430 10228 5431 10228 5432 10228 5433 10229 5434 10229 5431 10229 5431 10230 5434 10230 5435 10230 5431 10231 5435 10231 5432 10231 5436 10232 5437 10232 5433 10232 5433 10233 5437 10233 5438 10233 5433 10234 5438 10234 5434 10234 5439 10235 5440 10235 5441 10235 5441 10236 5440 10236 5442 10236 5441 10237 5442 10237 5436 10237 5436 10238 5442 10238 5443 10238 5436 10239 5443 10239 5437 10239 5439 10240 5441 10240 5444 10240 5444 10241 5441 10241 5445 10241 5444 10242 5445 10242 5446 10242 5446 10243 5445 10243 5447 10243 5446 10244 5447 10244 5448 10244 5449 10245 5450 10245 5451 10245 5449 10246 5451 10246 5452 10246 5451 10247 5453 10247 5452 10247 5452 10248 5453 10248 5454 10248 5452 10249 5454 10249 5447 10249 5447 10250 5454 10250 5455 10250 5447 10251 5455 10251 5448 10251 5456 10252 5457 10252 5449 10252 5449 10253 5457 10253 5458 10253 5449 10254 5458 10254 5450 10254 5459 10255 5460 10255 5461 10255 5461 10256 5460 10256 5462 10256 5461 10257 5462 10257 5463 10257 5463 10258 5462 10258 5464 10258 5463 10259 5464 10259 5465 10259 5465 10260 5464 10260 5466 10260 5466 10261 5464 10261 5467 10261 5467 10262 5464 10262 5468 10262 5467 10263 5468 10263 5469 10263 5469 10264 5468 10264 5470 10264 5469 10265 5470 10265 5471 10265 5471 10266 5470 10266 5406 10266 5471 10267 5406 10267 5405 10267 5457 10268 5456 10268 5472 10268 5472 10269 5456 10269 5473 10269 5472 10270 5473 10270 5474 10270 5475 10271 5476 10271 5473 10271 5473 10272 5476 10272 5477 10272 5473 10273 5477 10273 5474 10273 5478 10274 5479 10274 5480 10274 5480 10275 5479 10275 5481 10275 5480 10276 5481 10276 5482 10276 5482 10277 5481 10277 5483 10277 5482 10278 5483 10278 5475 10278 5475 10279 5483 10279 5484 10279 5475 10280 5484 10280 5476 10280 5485 10281 5486 10281 5487 10281 5488 10282 5489 10282 5490 10282 5490 10283 5489 10283 5491 10283 5490 10284 5491 10284 5492 10284 5493 10285 5494 10285 5495 10285 5495 10286 5494 10286 5496 10286 5495 10287 5496 10287 5497 10287 5497 10288 5496 10288 5488 10288 5497 10289 5488 10289 5498 10289 5498 10290 5488 10290 5490 10290 5487 10291 5499 10291 5485 10291 5485 10292 5499 10292 5500 10292 5485 10293 5500 10293 5501 10293 5501 10294 5500 10294 5502 10294 5501 10295 5502 10295 5503 10295 5503 10296 5502 10296 5504 10296 5505 10297 5506 10297 5507 10297 5507 10298 5508 10298 5505 10298 5505 10299 5508 10299 5509 10299 5505 10300 5509 10300 5504 10300 5504 10301 5509 10301 5510 10301 5504 10302 5510 10302 5503 10302 5511 10303 5512 10303 5513 10303 5513 10304 5512 10304 5514 10304 5513 10305 5514 10305 5506 10305 5506 10306 5514 10306 5515 10306 5506 10307 5515 10307 5507 10307 5516 10308 5517 10308 5511 10308 5511 10309 5517 10309 5518 10309 5511 10310 5518 10310 5512 10310 5491 10311 5519 10311 5492 10311 5492 10312 5519 10312 5520 10312 5492 10313 5520 10313 5516 10313 5516 10314 5520 10314 5521 10314 5516 10315 5521 10315 5517 10315 5522 10316 5478 10316 5480 10316 5523 10317 5524 10317 5525 10317 5525 10318 5524 10318 5526 10318 5525 10319 5526 10319 5527 10319 5482 10320 5475 10320 5528 10320 5528 10321 5475 10321 5473 10321 5527 10322 5526 10322 5529 10322 5529 10323 5526 10323 5528 10323 5529 10324 5528 10324 5530 10324 5530 10325 5528 10325 5473 10325 5530 10326 5473 10326 5456 10326 5531 10327 5480 10327 5482 10327 5532 10328 5533 10328 5534 10328 5535 10329 5532 10329 5536 10329 5536 10330 5532 10330 5534 10330 5536 10331 5534 10331 5531 10331 5531 10332 5534 10332 5537 10332 5531 10333 5537 10333 5480 10333 5480 10334 5537 10334 5538 10334 5480 10335 5538 10335 5522 10335 5535 10336 5536 10336 5539 10336 5539 10337 5536 10337 5540 10337 5539 10338 5540 10338 5541 10338 5523 10339 5488 10339 5524 10339 5524 10340 5488 10340 5496 10340 5524 10341 5496 10341 5494 10341 5482 10342 5528 10342 5531 10342 5531 10343 5528 10343 5526 10343 5531 10344 5526 10344 5536 10344 5536 10345 5526 10345 5524 10345 5536 10346 5524 10346 5540 10346 5540 10347 5524 10347 5494 10347 5540 10348 5494 10348 5541 10348 5530 10349 5456 10349 5449 10349 5527 10350 5529 10350 5542 10350 5523 10351 5525 10351 5543 10351 5544 10352 5545 10352 5546 10352 5547 10353 5548 10353 5549 10353 5550 10354 5501 10354 5503 10354 5488 10355 5523 10355 5489 10355 5489 10356 5523 10356 5543 10356 5489 10357 5543 10357 5491 10357 5491 10358 5543 10358 5551 10358 5491 10359 5551 10359 5519 10359 5519 10360 5551 10360 5552 10360 5519 10361 5552 10361 5520 10361 5520 10362 5552 10362 5553 10362 5520 10363 5553 10363 5521 10363 5521 10364 5553 10364 5554 10364 5521 10365 5554 10365 5517 10365 5517 10366 5554 10366 5555 10366 5517 10367 5555 10367 5518 10367 5518 10368 5555 10368 5556 10368 5518 10369 5556 10369 5512 10369 5512 10370 5556 10370 5557 10370 5512 10371 5557 10371 5514 10371 5514 10372 5557 10372 5558 10372 5514 10373 5558 10373 5515 10373 5515 10374 5558 10374 5559 10374 5515 10375 5559 10375 5507 10375 5507 10376 5559 10376 5560 10376 5507 10377 5560 10377 5508 10377 5508 10378 5560 10378 5561 10378 5508 10379 5561 10379 5509 10379 5509 10380 5561 10380 5562 10380 5509 10381 5562 10381 5510 10381 5510 10382 5562 10382 5563 10382 5510 10383 5563 10383 5503 10383 5503 10384 5563 10384 5549 10384 5503 10385 5549 10385 5550 10385 5550 10386 5549 10386 5548 10386 5525 10387 5527 10387 5543 10387 5543 10388 5527 10388 5542 10388 5543 10389 5542 10389 5551 10389 5551 10390 5542 10390 5564 10390 5551 10391 5564 10391 5552 10391 5552 10392 5564 10392 5565 10392 5552 10393 5565 10393 5553 10393 5553 10394 5565 10394 5566 10394 5553 10395 5566 10395 5554 10395 5554 10396 5566 10396 5567 10396 5554 10397 5567 10397 5555 10397 5555 10398 5567 10398 5568 10398 5555 10399 5568 10399 5556 10399 5556 10400 5568 10400 5569 10400 5556 10401 5569 10401 5557 10401 5557 10402 5569 10402 5570 10402 5557 10403 5570 10403 5558 10403 5558 10404 5570 10404 5571 10404 5558 10405 5571 10405 5559 10405 5559 10406 5571 10406 5572 10406 5559 10407 5572 10407 5560 10407 5560 10408 5572 10408 5573 10408 5560 10409 5573 10409 5561 10409 5561 10410 5573 10410 5574 10410 5561 10411 5574 10411 5562 10411 5562 10412 5574 10412 5575 10412 5562 10413 5575 10413 5563 10413 5563 10414 5575 10414 5576 10414 5563 10415 5576 10415 5549 10415 5549 10416 5576 10416 5546 10416 5549 10417 5546 10417 5547 10417 5547 10418 5546 10418 5545 10418 5529 10419 5530 10419 5542 10419 5542 10420 5530 10420 5449 10420 5542 10421 5449 10421 5564 10421 5564 10422 5449 10422 5452 10422 5564 10423 5452 10423 5565 10423 5565 10424 5452 10424 5447 10424 5565 10425 5447 10425 5566 10425 5566 10426 5447 10426 5445 10426 5566 10427 5445 10427 5567 10427 5567 10428 5445 10428 5441 10428 5567 10429 5441 10429 5568 10429 5568 10430 5441 10430 5436 10430 5568 10431 5436 10431 5569 10431 5569 10432 5436 10432 5433 10432 5569 10433 5433 10433 5570 10433 5570 10434 5433 10434 5431 10434 5570 10435 5431 10435 5571 10435 5571 10436 5431 10436 5425 10436 5571 10437 5425 10437 5572 10437 5572 10438 5425 10438 5427 10438 5572 10439 5427 10439 5573 10439 5573 10440 5427 10440 5416 10440 5573 10441 5416 10441 5574 10441 5574 10442 5416 10442 5419 10442 5574 10443 5419 10443 5575 10443 5575 10444 5419 10444 5414 10444 5575 10445 5414 10445 5576 10445 5576 10446 5414 10446 5412 10446 5576 10447 5412 10447 5546 10447 5546 10448 5412 10448 5408 10448 5546 10449 5408 10449 5544 10449 5544 10450 5408 10450 5406 10450 5464 10451 5462 10451 5577 10451 5544 10452 5406 10452 5470 10452 5544 10453 5578 10453 5545 10453 5545 10454 5578 10454 5579 10454 5545 10455 5579 10455 5547 10455 5547 10456 5579 10456 5548 10456 5548 10457 5579 10457 5580 10457 5548 10458 5580 10458 5550 10458 5550 10459 5580 10459 5485 10459 5550 10460 5485 10460 5501 10460 5581 10461 5582 10461 5583 10461 5583 10462 5582 10462 5486 10462 5577 10463 5584 10463 5585 10463 5585 10464 5584 10464 5586 10464 5585 10465 5586 10465 5583 10465 5583 10466 5586 10466 5587 10466 5583 10467 5587 10467 5581 10467 5460 10468 5588 10468 5462 10468 5462 10469 5588 10469 5589 10469 5462 10470 5589 10470 5577 10470 5577 10471 5589 10471 5584 10471 5544 10472 5470 10472 5578 10472 5578 10473 5470 10473 5468 10473 5578 10474 5468 10474 5464 10474 5464 10475 5577 10475 5578 10475 5578 10476 5577 10476 5585 10476 5578 10477 5585 10477 5579 10477 5579 10478 5585 10478 5583 10478 5579 10479 5583 10479 5580 10479 5580 10480 5583 10480 5486 10480 5580 10481 5486 10481 5485 10481 4593 10482 5486 10482 5582 10482 4593 10483 5582 10483 4592 10483 5582 10484 5581 10484 4592 10484 4592 10485 5581 10485 5587 10485 4592 10486 5587 10486 4591 10486 4591 10487 5587 10487 5586 10487 4591 10488 5586 10488 4590 10488 4590 10489 5586 10489 5584 10489 4590 10490 5584 10490 1689 10490 856 10491 5405 10491 847 10491 847 10492 5405 10492 5407 10492 847 10493 5407 10493 848 10493 5407 10494 5409 10494 848 10494 848 10495 5409 10495 5410 10495 848 10496 5410 10496 857 10496 857 10497 5410 10497 5411 10497 857 10498 5411 10498 845 10498 5411 10499 5413 10499 845 10499 845 10500 5413 10500 5415 10500 845 10501 5415 10501 846 10501 846 10502 5415 10502 5422 10502 846 10503 5422 10503 858 10503 858 10504 5422 10504 5421 10504 858 10505 5421 10505 859 10505 859 10506 5421 10506 5420 10506 859 10507 5420 10507 860 10507 5420 10508 5418 10508 860 10508 860 10509 5418 10509 5417 10509 860 10510 5417 10510 861 10510 861 10511 5417 10511 5429 10511 861 10512 5429 10512 862 10512 862 10513 5429 10513 5428 10513 862 10514 5428 10514 99 10514 5460 10515 1693 10515 5588 10515 5588 10516 1693 10516 1690 10516 5588 10517 1690 10517 5589 10517 5589 10518 1690 10518 1689 10518 5589 10519 1689 10519 5584 10519 4608 10520 5502 10520 5500 10520 4593 10521 4595 10521 5486 10521 5486 10522 4595 10522 5487 10522 4595 10523 4597 10523 5487 10523 5487 10524 4597 10524 4599 10524 5487 10525 4599 10525 5499 10525 4599 10526 4602 10526 5499 10526 5499 10527 4602 10527 4604 10527 5499 10528 4604 10528 5500 10528 5500 10529 4604 10529 4606 10529 5500 10530 4606 10530 4608 10530 100 10531 99 10531 5428 10531 5428 10532 5426 10532 100 10532 100 10533 5426 10533 5424 10533 100 10534 5424 10534 101 10534 5424 10535 5423 10535 101 10535 101 10536 5423 10536 5430 10536 101 10537 5430 10537 96 10537 96 10538 5430 10538 97 10538 97 10539 5430 10539 5432 10539 97 10540 5432 10540 102 10540 5438 10541 5437 10541 720 10541 5432 10542 5435 10542 102 10542 102 10543 5435 10543 5434 10543 102 10544 5434 10544 103 10544 103 10545 5434 10545 5438 10545 103 10546 5438 10546 104 10546 104 10547 5438 10547 720 10547 851 10548 850 10548 5459 10548 5459 10549 5461 10549 851 10549 851 10550 5461 10550 5463 10550 851 10551 5463 10551 852 10551 852 10552 5463 10552 5465 10552 852 10553 5465 10553 853 10553 5465 10554 5466 10554 853 10554 853 10555 5466 10555 5467 10555 853 10556 5467 10556 854 10556 5471 10557 5405 10557 856 10557 5467 10558 5469 10558 854 10558 854 10559 5469 10559 5471 10559 854 10560 5471 10560 855 10560 855 10561 5471 10561 856 10561 5459 10562 1694 10562 5460 10562 5460 10563 1694 10563 1693 10563 4610 10564 5498 10564 4644 10564 4644 10565 5498 10565 5490 10565 4644 10566 5490 10566 4642 10566 4642 10567 5490 10567 5492 10567 4642 10568 5492 10568 4640 10568 4640 10569 5492 10569 5516 10569 4640 10570 5516 10570 4638 10570 4638 10571 5516 10571 5511 10571 4638 10572 5511 10572 4636 10572 4636 10573 5511 10573 5513 10573 4636 10574 5513 10574 4634 10574 4634 10575 5513 10575 5506 10575 4634 10576 5506 10576 4632 10576 4632 10577 5506 10577 5505 10577 4632 10578 5505 10578 4630 10578 4630 10579 5505 10579 5504 10579 4630 10580 5504 10580 4608 10580 4608 10581 5504 10581 5502 10581 720 10582 5437 10582 5443 10582 720 10583 5443 10583 863 10583 863 10584 5443 10584 5442 10584 863 10585 5442 10585 864 10585 5442 10586 5440 10586 864 10586 864 10587 5440 10587 5439 10587 864 10588 5439 10588 865 10588 865 10589 5439 10589 5444 10589 865 10590 5444 10590 866 10590 5444 10591 5446 10591 866 10591 866 10592 5446 10592 5448 10592 866 10593 5448 10593 867 10593 867 10594 5448 10594 5455 10594 867 10595 5455 10595 868 10595 868 10596 5455 10596 5454 10596 868 10597 5454 10597 869 10597 869 10598 5454 10598 5453 10598 869 10599 5453 10599 871 10599 5453 10600 5451 10600 871 10600 871 10601 5451 10601 5450 10601 871 10602 5450 10602 872 10602 872 10603 5450 10603 5458 10603 872 10604 5458 10604 873 10604 873 10605 5458 10605 5457 10605 873 10606 5457 10606 874 10606 5459 10607 850 10607 1694 10607 5498 10608 4610 10608 4609 10608 4625 10609 5494 10609 4620 10609 4620 10610 5494 10610 5493 10610 5498 10611 4609 10611 5497 10611 5497 10612 4609 10612 4612 10612 5497 10613 4612 10613 5495 10613 4612 10614 4615 10614 5495 10614 5495 10615 4615 10615 4617 10615 5495 10616 4617 10616 5493 10616 5493 10617 4617 10617 4618 10617 5493 10618 4618 10618 4620 10618 875 10619 874 10619 5457 10619 5479 10620 877 10620 5481 10620 5481 10621 877 10621 876 10621 5481 10622 876 10622 878 10622 5457 10623 5472 10623 875 10623 875 10624 5472 10624 5474 10624 875 10625 5474 10625 880 10625 880 10626 5474 10626 5477 10626 880 10627 5477 10627 879 10627 5477 10628 5476 10628 879 10628 879 10629 5476 10629 5484 10629 879 10630 5484 10630 878 10630 878 10631 5484 10631 5483 10631 878 10632 5483 10632 5481 10632 877 10633 1504 10633 870 10633 870 10634 1504 10634 1503 10634 1692 10635 1694 10635 849 10635 849 10636 1694 10636 850 10636 849 10637 951 10637 1692 10637 1692 10638 951 10638 947 10638 1692 10639 947 10639 1691 10639 1691 10640 947 10640 948 10640 1691 10641 948 10641 1660 10641 1660 10642 948 10642 949 10642 1660 10643 949 10643 1686 10643 1686 10644 949 10644 950 10644 1686 10645 950 10645 1659 10645 1659 10646 950 10646 941 10646 1659 10647 941 10647 1657 10647 939 10648 1450 10648 1448 10648 941 10649 942 10649 1657 10649 1657 10650 942 10650 943 10650 1657 10651 943 10651 1655 10651 1655 10652 943 10652 944 10652 1655 10653 944 10653 1652 10653 1652 10654 944 10654 945 10654 1652 10655 945 10655 1650 10655 1650 10656 945 10656 946 10656 1650 10657 946 10657 1648 10657 1648 10658 946 10658 937 10658 1648 10659 937 10659 1448 10659 1448 10660 937 10660 938 10660 1448 10661 938 10661 939 10661 939 10662 940 10662 1450 10662 1450 10663 940 10663 931 10663 1450 10664 931 10664 1452 10664 1452 10665 931 10665 932 10665 1452 10666 932 10666 1627 10666 1627 10667 932 10667 933 10667 1627 10668 933 10668 1629 10668 933 10669 934 10669 1629 10669 1629 10670 934 10670 935 10670 1629 10671 935 10671 1640 10671 1640 10672 935 10672 936 10672 1640 10673 936 10673 1642 10673 1642 10674 936 10674 927 10674 1642 10675 927 10675 1644 10675 927 10676 928 10676 1644 10676 1644 10677 928 10677 929 10677 1644 10678 929 10678 1645 10678 1645 10679 929 10679 930 10679 1645 10680 930 10680 1617 10680 1617 10681 930 10681 921 10681 1617 10682 921 10682 1614 10682 1614 10683 921 10683 922 10683 1614 10684 922 10684 1600 10684 1600 10685 922 10685 923 10685 1600 10686 923 10686 1580 10686 917 10687 1583 10687 1581 10687 923 10688 924 10688 1580 10688 1580 10689 924 10689 925 10689 1580 10690 925 10690 1581 10690 1581 10691 925 10691 926 10691 1581 10692 926 10692 917 10692 917 10693 918 10693 1583 10693 1583 10694 918 10694 919 10694 1583 10695 919 10695 1609 10695 1609 10696 919 10696 920 10696 1609 10697 920 10697 1607 10697 1607 10698 920 10698 911 10698 1607 10699 911 10699 1605 10699 911 10700 912 10700 1605 10700 1605 10701 912 10701 913 10701 1605 10702 913 10702 1561 10702 913 10703 914 10703 1561 10703 1561 10704 914 10704 915 10704 1561 10705 915 10705 1559 10705 915 10706 916 10706 1559 10706 1559 10707 916 10707 907 10707 1559 10708 907 10708 1552 10708 1552 10709 907 10709 908 10709 1552 10710 908 10710 1541 10710 1541 10711 908 10711 909 10711 1541 10712 909 10712 1543 10712 909 10713 910 10713 1543 10713 1543 10714 910 10714 901 10714 1543 10715 901 10715 1551 10715 1551 10716 901 10716 902 10716 1551 10717 902 10717 1550 10717 1550 10718 902 10718 903 10718 1550 10719 903 10719 1548 10719 903 10720 904 10720 1548 10720 1548 10721 904 10721 905 10721 1548 10722 905 10722 1539 10722 1539 10723 905 10723 906 10723 1539 10724 906 10724 1537 10724 1537 10725 906 10725 897 10725 1537 10726 897 10726 1527 10726 897 10727 898 10727 1527 10727 1527 10728 898 10728 899 10728 1527 10729 899 10729 1525 10729 1525 10730 899 10730 900 10730 1525 10731 900 10731 1522 10731 1522 10732 900 10732 891 10732 1522 10733 891 10733 1516 10733 891 10734 892 10734 1516 10734 1516 10735 892 10735 893 10735 1516 10736 893 10736 1514 10736 893 10737 894 10737 1514 10737 1514 10738 894 10738 895 10738 1514 10739 895 10739 1512 10739 1512 10740 895 10740 896 10740 1512 10741 896 10741 1440 10741 1440 10742 896 10742 1441 10742 1441 10743 896 10743 887 10743 1441 10744 887 10744 1509 10744 887 10745 888 10745 1509 10745 1509 10746 888 10746 889 10746 1509 10747 889 10747 1507 10747 1507 10748 889 10748 890 10748 1507 10749 890 10749 1483 10749 1483 10750 890 10750 881 10750 1483 10751 881 10751 1489 10751 881 10752 882 10752 1489 10752 1489 10753 882 10753 883 10753 1489 10754 883 10754 1487 10754 1487 10755 883 10755 884 10755 1487 10756 884 10756 1501 10756 1501 10757 884 10757 885 10757 1501 10758 885 10758 1503 10758 1503 10759 885 10759 886 10759 1503 10760 886 10760 870 10760 4621 10761 1445 10761 5534 10761 5494 10762 4625 10762 5541 10762 5541 10763 4625 10763 4627 10763 5541 10764 4627 10764 5539 10764 5539 10765 4627 10765 4628 10765 5539 10766 4628 10766 5535 10766 5535 10767 4628 10767 4629 10767 5535 10768 4629 10768 5532 10768 5532 10769 4629 10769 4621 10769 5532 10770 4621 10770 5533 10770 5533 10771 4621 10771 5534 10771 877 10772 5479 10772 1504 10772 1502 10773 5478 10773 1444 10773 1444 10774 5478 10774 5522 10774 5534 10775 1445 10775 5537 10775 5537 10776 1445 10776 1444 10776 5537 10777 1444 10777 5538 10777 5538 10778 1444 10778 5522 10778 5478 10779 1502 10779 5479 10779 5479 10780 1502 10780 1504 10780 2078 10781 2076 10781 1656 10781 1647 10782 2061 10782 1649 10782 1649 10783 2061 10783 2081 10783 1656 10784 1654 10784 2078 10784 2078 10785 1654 10785 1653 10785 2078 10786 1653 10786 2081 10786 2081 10787 1653 10787 1651 10787 2081 10788 1651 10788 1649 10788 2061 10789 1647 10789 2058 10789 2058 10790 1647 10790 1646 10790 2058 10791 1646 10791 2066 10791 2066 10792 1646 10792 1463 10792 2066 10793 1463 10793 2069 10793 2069 10794 1463 10794 1462 10794 2069 10795 1462 10795 2043 10795 2043 10796 1462 10796 1460 10796 1656 10797 2076 10797 1658 10797 1658 10798 2076 10798 2094 10798 1658 10799 2094 10799 1681 10799 1681 10800 2094 10800 2086 10800 2091 10801 1673 10801 2089 10801 2089 10802 1673 10802 1675 10802 2089 10803 1675 10803 2086 10803 2086 10804 1675 10804 1682 10804 2086 10805 1682 10805 1681 10805 2054 10806 1696 10806 2038 10806 2038 10807 1696 10807 1697 10807 2038 10808 1697 10808 2036 10808 2036 10809 1697 10809 1638 10809 2036 10810 1638 10810 2039 10810 2039 10811 1638 10811 1636 10811 1466 10812 1468 10812 2054 10812 2054 10813 1468 10813 1695 10813 2054 10814 1695 10814 1696 10814 2054 10815 2055 10815 1466 10815 1466 10816 2055 10816 2045 10816 1466 10817 2045 10817 1464 10817 1464 10818 2045 10818 1459 10818 1459 10819 2045 10819 2043 10819 1459 10820 2043 10820 1460 10820 1673 10821 2091 10821 2116 10821 1673 10822 2116 10822 1672 10822 1672 10823 2116 10823 2115 10823 1672 10824 2115 10824 1670 10824 1670 10825 2115 10825 2109 10825 1670 10826 2109 10826 1668 10826 1668 10827 2109 10827 2104 10827 1668 10828 2104 10828 1666 10828 1666 10829 2104 10829 2102 10829 1666 10830 2102 10830 1664 10830 2039 10831 1636 10831 2400 10831 2400 10832 1636 10832 1634 10832 2400 10833 1634 10833 2396 10833 2396 10834 1634 10834 1632 10834 2396 10835 1632 10835 2404 10835 2404 10836 1632 10836 1631 10836 2404 10837 1631 10837 2386 10837 2386 10838 1631 10838 1639 10838 2119 10839 1678 10839 2127 10839 2127 10840 1678 10840 1679 10840 2127 10841 1679 10841 2122 10841 2122 10842 1679 10842 1680 10842 2122 10843 1680 10843 2131 10843 2131 10844 1680 10844 1663 10844 2131 10845 1663 10845 2102 10845 2102 10846 1663 10846 1664 10846 2391 10847 1618 10847 2372 10847 2372 10848 1618 10848 1616 10848 2388 10849 2386 10849 1639 10849 1639 10850 1641 10850 2388 10850 2388 10851 1641 10851 1643 10851 2388 10852 1643 10852 2391 10852 2391 10853 1643 10853 1619 10853 2391 10854 1619 10854 1618 10854 2144 10855 1676 10855 2119 10855 2119 10856 1676 10856 1678 10856 2376 10857 1612 10857 2378 10857 2378 10858 1612 10858 1598 10858 2378 10859 1598 10859 2351 10859 2351 10860 1598 10860 1596 10860 2372 10861 1616 10861 2368 10861 2368 10862 1616 10862 1615 10862 2368 10863 1615 10863 2376 10863 2376 10864 1615 10864 1613 10864 2376 10865 1613 10865 1612 10865 4607 10866 4605 10866 2143 10866 2143 10867 4605 10867 2141 10867 4605 10868 4603 10868 2141 10868 2141 10869 4603 10869 4601 10869 2141 10870 4601 10870 2139 10870 4601 10871 4600 10871 2139 10871 2139 10872 4600 10872 4598 10872 2139 10873 4598 10873 2140 10873 2140 10874 4598 10874 4596 10874 2140 10875 4596 10875 2142 10875 1676 10876 2144 10876 4589 10876 4589 10877 2144 10877 2142 10877 4589 10878 2142 10878 4594 10878 4594 10879 2142 10879 4596 10879 1587 10880 2340 10880 2366 10880 1587 10881 2366 10881 1589 10881 1589 10882 2366 10882 2365 10882 1589 10883 2365 10883 1591 10883 1591 10884 2365 10884 2358 10884 1591 10885 2358 10885 1592 10885 1592 10886 2358 10886 2353 10886 1592 10887 2353 10887 1594 10887 1594 10888 2353 10888 2351 10888 1594 10889 2351 10889 1596 10889 4607 10890 2143 10890 4631 10890 4631 10891 2143 10891 2165 10891 4631 10892 2165 10892 4633 10892 4633 10893 2165 10893 2164 10893 4633 10894 2164 10894 4635 10894 4635 10895 2164 10895 2163 10895 4635 10896 2163 10896 4637 10896 4637 10897 2163 10897 2159 10897 4637 10898 2159 10898 4639 10898 4639 10899 2159 10899 2155 10899 4639 10900 2155 10900 4641 10900 4641 10901 2155 10901 2138 10901 4641 10902 2138 10902 4643 10902 4643 10903 2138 10903 2153 10903 4643 10904 2153 10904 4645 10904 4645 10905 2153 10905 2152 10905 4645 10906 2152 10906 4611 10906 4611 10907 2152 10907 2150 10907 2340 10908 1587 10908 2338 10908 2338 10909 1587 10909 1585 10909 2338 10910 1585 10910 2335 10910 2335 10911 1585 10911 1584 10911 2335 10912 1584 10912 2343 10912 2343 10913 1584 10913 1577 10913 2343 10914 1577 10914 2325 10914 2325 10915 1577 10915 1611 10915 1500 10916 4622 10916 2149 10916 2149 10917 4622 10917 2147 10917 4622 10918 4626 10918 2147 10918 2147 10919 4626 10919 4624 10919 2147 10920 4624 10920 2145 10920 4624 10921 4623 10921 2145 10921 2145 10922 4623 10922 4619 10922 2145 10923 4619 10923 2146 10923 2146 10924 4619 10924 4616 10924 2146 10925 4616 10925 2148 10925 4611 10926 2150 10926 4613 10926 4613 10927 2150 10927 2148 10927 4613 10928 2148 10928 4614 10928 4614 10929 2148 10929 4616 10929 2327 10930 2325 10930 1611 10930 1604 10931 2311 10931 1606 10931 1606 10932 2311 10932 2330 10932 1606 10933 2330 10933 1608 10933 1608 10934 2330 10934 2327 10934 1608 10935 2327 10935 1610 10935 1610 10936 2327 10936 1611 10936 2151 10937 1485 10937 2149 10937 2149 10938 1485 10938 1500 10938 2311 10939 1604 10939 2307 10939 2307 10940 1604 10940 1603 10940 2307 10941 1603 10941 2315 10941 2315 10942 1603 10942 1564 10942 2315 10943 1564 10943 2317 10943 2317 10944 1564 10944 1576 10944 2317 10945 1576 10945 2290 10945 2290 10946 1576 10946 1575 10946 2170 10947 1496 10947 2168 10947 2168 10948 1496 10948 1494 10948 2168 10949 1494 10949 2174 10949 2174 10950 1494 10950 1493 10950 2174 10951 1493 10951 2172 10951 2172 10952 1493 10952 1486 10952 2172 10953 1486 10953 2151 10953 2151 10954 1486 10954 1485 10954 1566 10955 2279 10955 2305 10955 1566 10956 2305 10956 1568 10956 1568 10957 2305 10957 2302 10957 1568 10958 2302 10958 1570 10958 1570 10959 2302 10959 2297 10959 1570 10960 2297 10960 1571 10960 1571 10961 2297 10961 2292 10961 1571 10962 2292 10962 1573 10962 1573 10963 2292 10963 2290 10963 1573 10964 2290 10964 1575 10964 1496 10965 2170 10965 2199 10965 1496 10966 2199 10966 1498 10966 1498 10967 2199 10967 2193 10967 1498 10968 2193 10968 1499 10968 1499 10969 2193 10969 2191 10969 1499 10970 2191 10970 1475 10970 1475 10971 2191 10971 2183 10971 1475 10972 2183 10972 1477 10972 1477 10973 2183 10973 2187 10973 1477 10974 2187 10974 1479 10974 1544 10975 2264 10975 1542 10975 1542 10976 2264 10976 2282 10976 1542 10977 2282 10977 1540 10977 1540 10978 2282 10978 2274 10978 2279 10979 1566 10979 2277 10979 2277 10980 1566 10980 1555 10980 2277 10981 1555 10981 2274 10981 2274 10982 1555 10982 1556 10982 2274 10983 1556 10983 1540 10983 2201 10984 2205 10984 1510 10984 1479 10985 2187 10985 1481 10985 1481 10986 2187 10986 2211 10986 1481 10987 2211 10987 1505 10987 1505 10988 2211 10988 2209 10988 1505 10989 2209 10989 1506 10989 1506 10990 2209 10990 2201 10990 1506 10991 2201 10991 1508 10991 1508 10992 2201 10992 1510 10992 2266 10993 2264 10993 1544 10993 1538 10994 2249 10994 1546 10994 1546 10995 2249 10995 2269 10995 1544 10996 1545 10996 2266 10996 2266 10997 1545 10997 1549 10997 2266 10998 1549 10998 2269 10998 2269 10999 1549 10999 1547 10999 2269 11000 1547 11000 1546 11000 2221 11001 2219 11001 1513 11001 1513 11002 2219 11002 1515 11002 1510 11003 2205 11003 1511 11003 1511 11004 2205 11004 2224 11004 1511 11005 2224 11005 1443 11005 1443 11006 2224 11006 2221 11006 1443 11007 2221 11007 1442 11007 1442 11008 2221 11008 1513 11008 1701 11009 2021 11009 1530 11009 1530 11010 2021 11010 2257 11010 2249 11011 1538 11011 2246 11011 2246 11012 1538 11012 1536 11012 2246 11013 1536 11013 2254 11013 2254 11014 1536 11014 1534 11014 2254 11015 1534 11015 2257 11015 2257 11016 1534 11016 1535 11016 2257 11017 1535 11017 1530 11017 2233 11018 2017 11018 1707 11018 1515 11019 2219 11019 1716 11019 1716 11020 2219 11020 2237 11020 1716 11021 2237 11021 1717 11021 1717 11022 2237 11022 2229 11022 1717 11023 2229 11023 1718 11023 1718 11024 2229 11024 2233 11024 1718 11025 2233 11025 1709 11025 1709 11026 2233 11026 1707 11026 1707 11027 2017 11027 2014 11027 1707 11028 2014 11028 1705 11028 1705 11029 2014 11029 2016 11029 1705 11030 2016 11030 1713 11030 1713 11031 2016 11031 1698 11031 1698 11032 2016 11032 2032 11032 1698 11033 2032 11033 1699 11033 1699 11034 2032 11034 2033 11034 1699 11035 2033 11035 1700 11035 1700 11036 2033 11036 2023 11036 1700 11037 2023 11037 1702 11037 1702 11038 2023 11038 2021 11038 1702 11039 2021 11039 1701 11039 5590 11040 5591 11040 5592 11040 5592 11041 5593 11041 5590 11041 5590 11042 5593 11042 5594 11042 5590 11043 5594 11043 5595 11043 5594 11044 5596 11044 5595 11044 5595 11045 5596 11045 5597 11045 5595 11046 5597 11046 5598 11046 5597 11047 5599 11047 5598 11047 5598 11048 5599 11048 5600 11048 5598 11049 5600 11049 5601 11049 5600 11050 5602 11050 5601 11050 5601 11051 5602 11051 5603 11051 5601 11052 5603 11052 5604 11052 5603 11053 5605 11053 5604 11053 5604 11054 5605 11054 5606 11054 5604 11055 5606 11055 5607 11055 5606 11056 5608 11056 5607 11056 5607 11057 5608 11057 5609 11057 5607 11058 5609 11058 5610 11058 5609 11059 5611 11059 5610 11059 5610 11060 5611 11060 5612 11060 5610 11061 5612 11061 5613 11061 5612 11062 5614 11062 5613 11062 5613 11063 5614 11063 5615 11063 5613 11064 5615 11064 5616 11064 5615 11065 5617 11065 5616 11065 5616 11066 5617 11066 5618 11066 5616 11067 5618 11067 5619 11067 5618 11068 5620 11068 5619 11068 5619 11069 5620 11069 5621 11069 5619 11070 5621 11070 5622 11070 5621 11071 5623 11071 5622 11071 5622 11072 5623 11072 5624 11072 5622 11073 5624 11073 5625 11073 5624 11074 5626 11074 5625 11074 5625 11075 5626 11075 5627 11075 5625 11076 5627 11076 5628 11076 5627 11077 5629 11077 5628 11077 5628 11078 5629 11078 5630 11078 5628 11079 5630 11079 5631 11079 5630 11080 5632 11080 5631 11080 5631 11081 5632 11081 5633 11081 5631 11082 5633 11082 5634 11082 5633 11083 5635 11083 5634 11083 5634 11084 5635 11084 5636 11084 5634 11085 5636 11085 5637 11085 5636 11086 5638 11086 5637 11086 5637 11087 5638 11087 5639 11087 5637 11088 5639 11088 5640 11088 5639 11089 5641 11089 5640 11089 5640 11090 5641 11090 5642 11090 5640 11091 5642 11091 5643 11091 5642 11092 5644 11092 5643 11092 5643 11093 5644 11093 5645 11093 5643 11094 5645 11094 5646 11094 5645 11095 5647 11095 5646 11095 5646 11096 5647 11096 5648 11096 5646 11097 5648 11097 5649 11097 5648 11098 5650 11098 5649 11098 5649 11099 5650 11099 5651 11099 5649 11100 5651 11100 5652 11100 5651 11101 5653 11101 5652 11101 5652 11102 5653 11102 5654 11102 5652 11103 5654 11103 5655 11103 5654 11104 5656 11104 5655 11104 5655 11105 5656 11105 5657 11105 5655 11106 5657 11106 5658 11106 5657 11107 5659 11107 5658 11107 5658 11108 5659 11108 5660 11108 5658 11109 5660 11109 5661 11109 5660 11110 5662 11110 5661 11110 5661 11111 5662 11111 5663 11111 5661 11112 5663 11112 5664 11112 5663 11113 5665 11113 5664 11113 5664 11114 5665 11114 5666 11114 5664 11115 5666 11115 5667 11115 5666 11116 5668 11116 5667 11116 5667 11117 5668 11117 5669 11117 5667 11118 5669 11118 5670 11118 5669 11119 5671 11119 5670 11119 5670 11120 5671 11120 5672 11120 5670 11121 5672 11121 5673 11121 5672 11122 5674 11122 5673 11122 5673 11123 5674 11123 5675 11123 5673 11124 5675 11124 5591 11124 5591 11125 5675 11125 5676 11125 5591 11126 5676 11126 5592 11126 5633 11127 5677 11127 5678 11127 5633 11128 5632 11128 5677 11128 5677 11129 5632 11129 5630 11129 5677 11130 5630 11130 5679 11130 5624 11131 5680 11131 5681 11131 5630 11132 5629 11132 5679 11132 5679 11133 5629 11133 5627 11133 5679 11134 5627 11134 5681 11134 5681 11135 5627 11135 5626 11135 5681 11136 5626 11136 5624 11136 5618 11137 5682 11137 5683 11137 5624 11138 5623 11138 5680 11138 5680 11139 5623 11139 5621 11139 5680 11140 5621 11140 5683 11140 5683 11141 5621 11141 5620 11141 5683 11142 5620 11142 5618 11142 5612 11143 5684 11143 5685 11143 5618 11144 5617 11144 5682 11144 5682 11145 5617 11145 5615 11145 5682 11146 5615 11146 5685 11146 5685 11147 5615 11147 5614 11147 5685 11148 5614 11148 5612 11148 5606 11149 5686 11149 5687 11149 5612 11150 5611 11150 5684 11150 5684 11151 5611 11151 5609 11151 5684 11152 5609 11152 5687 11152 5687 11153 5609 11153 5608 11153 5687 11154 5608 11154 5606 11154 5600 11155 5688 11155 5689 11155 5606 11156 5605 11156 5686 11156 5686 11157 5605 11157 5603 11157 5686 11158 5603 11158 5689 11158 5689 11159 5603 11159 5602 11159 5689 11160 5602 11160 5600 11160 5594 11161 5690 11161 5691 11161 5600 11162 5599 11162 5688 11162 5688 11163 5599 11163 5597 11163 5688 11164 5597 11164 5691 11164 5691 11165 5597 11165 5596 11165 5691 11166 5596 11166 5594 11166 5675 11167 5692 11167 5693 11167 5594 11168 5593 11168 5690 11168 5690 11169 5593 11169 5592 11169 5690 11170 5592 11170 5693 11170 5693 11171 5592 11171 5676 11171 5693 11172 5676 11172 5675 11172 5675 11173 5674 11173 5692 11173 5692 11174 5674 11174 5672 11174 5692 11175 5672 11175 5694 11175 5666 11176 5695 11176 5696 11176 5672 11177 5671 11177 5694 11177 5694 11178 5671 11178 5669 11178 5694 11179 5669 11179 5696 11179 5696 11180 5669 11180 5668 11180 5696 11181 5668 11181 5666 11181 5666 11182 5665 11182 5695 11182 5695 11183 5665 11183 5663 11183 5695 11184 5663 11184 5697 11184 5657 11185 5698 11185 5699 11185 5663 11186 5662 11186 5697 11186 5697 11187 5662 11187 5660 11187 5697 11188 5660 11188 5699 11188 5699 11189 5660 11189 5659 11189 5699 11190 5659 11190 5657 11190 5651 11191 5700 11191 5701 11191 5657 11192 5656 11192 5698 11192 5698 11193 5656 11193 5654 11193 5698 11194 5654 11194 5701 11194 5701 11195 5654 11195 5653 11195 5701 11196 5653 11196 5651 11196 5645 11197 5702 11197 5703 11197 5651 11198 5650 11198 5700 11198 5700 11199 5650 11199 5648 11199 5700 11200 5648 11200 5703 11200 5703 11201 5648 11201 5647 11201 5703 11202 5647 11202 5645 11202 5639 11203 5704 11203 5705 11203 5645 11204 5644 11204 5702 11204 5702 11205 5644 11205 5642 11205 5702 11206 5642 11206 5705 11206 5705 11207 5642 11207 5641 11207 5705 11208 5641 11208 5639 11208 5639 11209 5638 11209 5704 11209 5704 11210 5638 11210 5636 11210 5704 11211 5636 11211 5678 11211 5678 11212 5636 11212 5635 11212 5678 11213 5635 11213 5633 11213 5706 11214 5707 11214 5708 11214 5708 11215 5707 11215 5709 11215 5707 11216 5710 11216 5709 11216 5709 11217 5710 11217 5711 11217 5709 11218 5711 11218 5712 11218 5712 11219 5711 11219 5713 11219 5712 11220 5713 11220 5714 11220 5714 11221 5713 11221 5715 11221 5714 11222 5715 11222 5716 11222 5716 11223 5715 11223 5717 11223 5716 11224 5717 11224 5718 11224 5718 11225 5717 11225 5719 11225 5718 11226 5719 11226 5720 11226 5720 11227 5719 11227 5721 11227 5720 11228 5721 11228 5722 11228 5722 11229 5721 11229 5723 11229 5722 11230 5723 11230 5724 11230 5724 11231 5723 11231 5725 11231 5724 11232 5725 11232 5726 11232 5726 11233 5725 11233 5727 11233 5726 11234 5727 11234 5728 11234 5728 11235 5727 11235 5729 11235 5728 11236 5729 11236 5730 11236 5730 11237 5729 11237 5731 11237 5730 11238 5731 11238 5732 11238 5732 11239 5731 11239 5733 11239 5732 11240 5733 11240 5734 11240 5734 11241 5733 11241 5735 11241 5734 11242 5735 11242 5736 11242 5736 11243 5735 11243 5737 11243 5736 11244 5737 11244 5738 11244 5738 11245 5737 11245 5739 11245 5738 11246 5739 11246 5740 11246 5740 11247 5739 11247 5741 11247 5740 11248 5741 11248 5742 11248 5742 11249 5741 11249 5743 11249 5742 11250 5743 11250 5744 11250 5744 11251 5743 11251 5745 11251 5744 11252 5745 11252 5746 11252 5746 11253 5745 11253 5747 11253 5746 11254 5747 11254 5748 11254 5748 11255 5747 11255 5749 11255 5748 11256 5749 11256 5750 11256 5750 11257 5749 11257 5751 11257 5750 11258 5751 11258 5752 11258 5752 11259 5751 11259 5753 11259 5752 11260 5753 11260 5754 11260 5754 11261 5753 11261 5755 11261 5754 11262 5755 11262 5756 11262 5756 11263 5755 11263 5757 11263 5756 11264 5757 11264 5758 11264 5758 11265 5757 11265 5759 11265 5758 11266 5759 11266 5760 11266 5760 11267 5759 11267 5761 11267 5760 11268 5761 11268 5762 11268 5762 11269 5761 11269 5763 11269 5762 11270 5763 11270 5764 11270 5764 11271 5763 11271 5765 11271 5764 11272 5765 11272 5766 11272 5766 11273 5765 11273 5767 11273 5766 11274 5767 11274 5768 11274 5768 11275 5767 11275 5769 11275 5768 11276 5769 11276 5770 11276 5770 11277 5769 11277 5771 11277 5770 11278 5771 11278 5772 11278 5772 11279 5771 11279 5706 11279 5772 11280 5706 11280 5773 11280 5773 11281 5706 11281 5708 11281 5774 11282 5740 11282 5742 11282 5774 11283 5775 11283 5740 11283 5740 11284 5775 11284 5776 11284 5740 11285 5776 11285 5738 11285 5776 11286 5777 11286 5738 11286 5738 11287 5777 11287 5778 11287 5738 11288 5778 11288 5736 11288 5779 11289 5732 11289 5734 11289 5778 11290 5780 11290 5736 11290 5736 11291 5780 11291 5781 11291 5736 11292 5781 11292 5734 11292 5734 11293 5781 11293 5782 11293 5734 11294 5782 11294 5779 11294 5783 11295 5728 11295 5730 11295 5779 11296 5784 11296 5732 11296 5732 11297 5784 11297 5785 11297 5732 11298 5785 11298 5730 11298 5730 11299 5785 11299 5786 11299 5730 11300 5786 11300 5783 11300 5787 11301 5724 11301 5726 11301 5783 11302 5788 11302 5728 11302 5728 11303 5788 11303 5789 11303 5728 11304 5789 11304 5726 11304 5726 11305 5789 11305 5790 11305 5726 11306 5790 11306 5787 11306 5791 11307 5720 11307 5722 11307 5787 11308 5792 11308 5724 11308 5724 11309 5792 11309 5793 11309 5724 11310 5793 11310 5722 11310 5722 11311 5793 11311 5794 11311 5722 11312 5794 11312 5791 11312 5795 11313 5716 11313 5718 11313 5791 11314 5796 11314 5720 11314 5720 11315 5796 11315 5797 11315 5720 11316 5797 11316 5718 11316 5718 11317 5797 11317 5798 11317 5718 11318 5798 11318 5795 11318 5799 11319 5712 11319 5714 11319 5795 11320 5800 11320 5716 11320 5716 11321 5800 11321 5801 11321 5716 11322 5801 11322 5714 11322 5714 11323 5801 11323 5802 11323 5714 11324 5802 11324 5799 11324 5799 11325 5803 11325 5712 11325 5712 11326 5803 11326 5804 11326 5712 11327 5804 11327 5709 11327 5709 11328 5804 11328 5805 11328 5709 11329 5805 11329 5708 11329 5708 11330 5805 11330 5806 11330 5708 11331 5806 11331 5773 11331 5806 11332 5807 11332 5773 11332 5773 11333 5807 11333 5808 11333 5773 11334 5808 11334 5772 11334 5808 11335 5809 11335 5772 11335 5772 11336 5809 11336 5810 11336 5772 11337 5810 11337 5770 11337 5810 11338 5811 11338 5770 11338 5770 11339 5811 11339 5812 11339 5770 11340 5812 11340 5768 11340 5812 11341 5813 11341 5768 11341 5768 11342 5813 11342 5814 11342 5768 11343 5814 11343 5766 11343 5814 11344 5815 11344 5766 11344 5766 11345 5815 11345 5816 11345 5766 11346 5816 11346 5764 11346 5816 11347 5817 11347 5764 11347 5764 11348 5817 11348 5818 11348 5764 11349 5818 11349 5762 11349 5818 11350 5819 11350 5762 11350 5762 11351 5819 11351 5820 11351 5762 11352 5820 11352 5760 11352 5820 11353 5821 11353 5760 11353 5760 11354 5821 11354 5822 11354 5760 11355 5822 11355 5758 11355 5822 11356 5823 11356 5758 11356 5758 11357 5823 11357 5824 11357 5758 11358 5824 11358 5756 11358 5824 11359 5825 11359 5756 11359 5756 11360 5825 11360 5826 11360 5756 11361 5826 11361 5754 11361 5826 11362 5827 11362 5754 11362 5754 11363 5827 11363 5828 11363 5754 11364 5828 11364 5752 11364 5828 11365 5829 11365 5752 11365 5752 11366 5829 11366 5830 11366 5752 11367 5830 11367 5750 11367 5830 11368 5831 11368 5750 11368 5750 11369 5831 11369 5832 11369 5750 11370 5832 11370 5748 11370 5833 11371 5744 11371 5746 11371 5832 11372 5834 11372 5748 11372 5748 11373 5834 11373 5835 11373 5748 11374 5835 11374 5746 11374 5746 11375 5835 11375 5836 11375 5746 11376 5836 11376 5833 11376 5833 11377 5837 11377 5744 11377 5744 11378 5837 11378 5838 11378 5744 11379 5838 11379 5742 11379 5742 11380 5838 11380 5839 11380 5742 11381 5839 11381 5774 11381 4679 11382 4711 11382 5805 11382 5805 11383 5804 11383 4679 11383 4679 11384 5804 11384 5803 11384 4679 11385 5803 11385 4680 11385 5803 11386 5799 11386 4680 11386 4680 11387 5799 11387 5802 11387 4680 11388 5802 11388 4681 11388 5802 11389 5801 11389 4681 11389 4681 11390 5801 11390 5800 11390 4681 11391 5800 11391 4682 11391 5800 11392 5795 11392 4682 11392 4682 11393 5795 11393 5798 11393 4682 11394 5798 11394 4683 11394 5798 11395 5797 11395 4683 11395 4683 11396 5797 11396 5796 11396 4683 11397 5796 11397 4684 11397 5796 11398 5791 11398 4684 11398 4684 11399 5791 11399 5794 11399 4684 11400 5794 11400 4685 11400 5794 11401 5793 11401 4685 11401 4685 11402 5793 11402 5792 11402 4685 11403 5792 11403 4686 11403 5792 11404 5787 11404 4686 11404 4686 11405 5787 11405 5790 11405 4686 11406 5790 11406 4687 11406 5790 11407 5789 11407 4687 11407 4687 11408 5789 11408 5788 11408 4687 11409 5788 11409 4688 11409 5788 11410 5783 11410 4688 11410 4688 11411 5783 11411 5786 11411 4688 11412 5786 11412 4689 11412 5786 11413 5785 11413 4689 11413 4689 11414 5785 11414 5784 11414 4689 11415 5784 11415 4690 11415 5784 11416 5779 11416 4690 11416 4690 11417 5779 11417 5782 11417 4690 11418 5782 11418 4691 11418 5782 11419 5781 11419 4691 11419 4691 11420 5781 11420 5780 11420 4691 11421 5780 11421 4692 11421 5780 11422 5778 11422 4692 11422 4692 11423 5778 11423 5777 11423 4692 11424 5777 11424 4693 11424 5777 11425 5776 11425 4693 11425 4693 11426 5776 11426 5775 11426 4693 11427 5775 11427 4694 11427 5775 11428 5774 11428 4694 11428 4694 11429 5774 11429 5839 11429 4694 11430 5839 11430 4695 11430 5839 11431 5838 11431 4695 11431 4695 11432 5838 11432 5837 11432 4695 11433 5837 11433 4696 11433 5837 11434 5833 11434 4696 11434 4696 11435 5833 11435 5836 11435 4696 11436 5836 11436 4697 11436 5831 11437 4699 11437 4698 11437 5836 11438 5835 11438 4697 11438 4697 11439 5835 11439 5834 11439 4697 11440 5834 11440 4698 11440 4698 11441 5834 11441 5832 11441 4698 11442 5832 11442 5831 11442 5831 11443 5830 11443 4699 11443 4699 11444 5830 11444 5829 11444 4699 11445 5829 11445 4700 11445 5829 11446 5828 11446 4700 11446 4700 11447 5828 11447 5827 11447 4700 11448 5827 11448 4701 11448 5823 11449 4703 11449 4702 11449 5827 11450 5826 11450 4701 11450 4701 11451 5826 11451 5825 11451 4701 11452 5825 11452 4702 11452 4702 11453 5825 11453 5824 11453 4702 11454 5824 11454 5823 11454 5823 11455 5822 11455 4703 11455 4703 11456 5822 11456 5821 11456 4703 11457 5821 11457 4704 11457 5821 11458 5820 11458 4704 11458 4704 11459 5820 11459 5819 11459 4704 11460 5819 11460 4705 11460 5815 11461 4707 11461 4706 11461 5819 11462 5818 11462 4705 11462 4705 11463 5818 11463 5817 11463 4705 11464 5817 11464 4706 11464 4706 11465 5817 11465 5816 11465 4706 11466 5816 11466 5815 11466 5815 11467 5814 11467 4707 11467 4707 11468 5814 11468 5813 11468 4707 11469 5813 11469 4708 11469 5809 11470 4710 11470 4709 11470 5813 11471 5812 11471 4708 11471 4708 11472 5812 11472 5811 11472 4708 11473 5811 11473 4709 11473 4709 11474 5811 11474 5810 11474 4709 11475 5810 11475 5809 11475 5809 11476 5808 11476 4710 11476 4710 11477 5808 11477 5807 11477 4710 11478 5807 11478 4711 11478 4711 11479 5807 11479 5806 11479 4711 11480 5806 11480 5805 11480 5634 11481 5741 11481 5631 11481 5631 11482 5741 11482 5739 11482 5631 11483 5739 11483 5628 11483 5628 11484 5739 11484 5737 11484 5628 11485 5737 11485 5625 11485 5625 11486 5737 11486 5735 11486 5625 11487 5735 11487 5622 11487 5622 11488 5735 11488 5733 11488 5622 11489 5733 11489 5619 11489 5619 11490 5733 11490 5731 11490 5619 11491 5731 11491 5616 11491 5616 11492 5731 11492 5729 11492 5616 11493 5729 11493 5613 11493 5710 11494 5591 11494 5590 11494 5710 11495 5707 11495 5591 11495 5591 11496 5707 11496 5706 11496 5591 11497 5706 11497 5673 11497 5673 11498 5706 11498 5771 11498 5673 11499 5771 11499 5670 11499 5670 11500 5771 11500 5769 11500 5670 11501 5769 11501 5667 11501 5667 11502 5769 11502 5767 11502 5667 11503 5767 11503 5664 11503 5664 11504 5767 11504 5765 11504 5664 11505 5765 11505 5661 11505 5661 11506 5765 11506 5763 11506 5661 11507 5763 11507 5658 11507 5658 11508 5763 11508 5761 11508 5658 11509 5761 11509 5655 11509 5729 11510 5727 11510 5613 11510 5613 11511 5727 11511 5725 11511 5613 11512 5725 11512 5610 11512 5610 11513 5725 11513 5723 11513 5610 11514 5723 11514 5607 11514 5607 11515 5723 11515 5721 11515 5607 11516 5721 11516 5604 11516 5604 11517 5721 11517 5719 11517 5604 11518 5719 11518 5601 11518 5601 11519 5719 11519 5717 11519 5601 11520 5717 11520 5598 11520 5598 11521 5717 11521 5715 11521 5598 11522 5715 11522 5595 11522 5595 11523 5715 11523 5713 11523 5595 11524 5713 11524 5590 11524 5590 11525 5713 11525 5711 11525 5590 11526 5711 11526 5710 11526 5761 11527 5759 11527 5655 11527 5655 11528 5759 11528 5757 11528 5655 11529 5757 11529 5652 11529 5652 11530 5757 11530 5755 11530 5652 11531 5755 11531 5649 11531 5649 11532 5755 11532 5753 11532 5649 11533 5753 11533 5646 11533 5646 11534 5753 11534 5751 11534 5646 11535 5751 11535 5643 11535 5643 11536 5751 11536 5749 11536 5643 11537 5749 11537 5640 11537 5640 11538 5749 11538 5747 11538 5640 11539 5747 11539 5637 11539 5637 11540 5747 11540 5745 11540 5637 11541 5745 11541 5634 11541 5634 11542 5745 11542 5743 11542 5634 11543 5743 11543 5741 11543 5678 11544 5677 11544 5840 11544 5678 11545 5840 11545 5704 11545 5703 11546 5702 11546 5840 11546 5840 11547 5702 11547 5705 11547 5840 11548 5705 11548 5704 11548 5698 11549 5701 11549 5840 11549 5840 11550 5701 11550 5700 11550 5840 11551 5700 11551 5703 11551 5695 11552 5697 11552 5840 11552 5840 11553 5697 11553 5699 11553 5840 11554 5699 11554 5698 11554 5692 11555 5694 11555 5840 11555 5840 11556 5694 11556 5696 11556 5840 11557 5696 11557 5695 11557 5691 11558 5690 11558 5840 11558 5840 11559 5690 11559 5693 11559 5840 11560 5693 11560 5692 11560 5686 11561 5689 11561 5840 11561 5840 11562 5689 11562 5688 11562 5840 11563 5688 11563 5691 11563 5685 11564 5684 11564 5840 11564 5840 11565 5684 11565 5687 11565 5840 11566 5687 11566 5686 11566 5680 11567 5683 11567 5840 11567 5840 11568 5683 11568 5682 11568 5840 11569 5682 11569 5685 11569 5677 11570 5679 11570 5840 11570 5840 11571 5679 11571 5681 11571 5840 11572 5681 11572 5680 11572 5841 11573 2047 11573 2046 11573 5842 11574 2024 11574 5843 11574 5843 11575 2024 11575 2031 11575 5843 11576 2031 11576 5844 11576 5844 11577 2031 11577 2030 11577 5844 11578 2030 11578 5845 11578 5845 11579 2030 11579 5846 11579 2046 11580 2053 11580 5847 11580 5848 11581 5849 11581 5850 11581 5850 11582 5849 11582 5851 11582 5850 11583 5851 11583 5852 11583 5852 11584 5851 11584 5853 11584 5852 11585 5853 11585 5854 11585 5853 11586 5841 11586 5854 11586 5854 11587 5841 11587 2046 11587 5854 11588 2046 11588 5855 11588 5855 11589 2046 11589 5847 11589 5856 11590 5857 11590 5858 11590 5857 11591 5859 11591 5858 11591 5858 11592 5859 11592 5860 11592 5858 11593 5860 11593 5861 11593 5861 11594 5860 11594 5862 11594 5861 11595 5862 11595 5863 11595 5863 11596 5862 11596 5864 11596 5863 11597 5864 11597 5865 11597 5865 11598 5864 11598 5866 11598 5865 11599 5866 11599 5867 11599 5867 11600 5866 11600 5868 11600 5867 11601 5868 11601 5869 11601 5869 11602 5868 11602 5870 11602 5869 11603 5870 11603 5848 11603 5848 11604 5870 11604 5871 11604 5848 11605 5871 11605 5849 11605 2025 11606 2024 11606 5872 11606 5872 11607 2024 11607 5842 11607 5872 11608 5842 11608 5873 11608 5873 11609 5842 11609 5874 11609 5873 11610 5874 11610 5875 11610 5875 11611 5874 11611 5876 11611 5875 11612 5876 11612 5877 11612 5877 11613 5876 11613 5878 11613 5877 11614 5878 11614 5879 11614 5846 11615 2030 11615 5858 11615 5858 11616 2030 11616 2015 11616 5858 11617 2015 11617 5856 11617 5879 11618 5878 11618 5880 11618 5880 11619 5878 11619 5881 11619 5880 11620 5881 11620 5882 11620 5882 11621 5881 11621 5883 11621 5882 11622 5883 11622 5884 11622 5884 11623 5883 11623 5885 11623 5884 11624 5885 11624 5886 11624 5886 11625 5885 11625 5887 11625 5886 11626 5887 11626 5888 11626 5888 11627 5887 11627 5889 11627 5888 11628 5889 11628 5890 11628 5890 11629 5889 11629 5891 11629 5890 11630 5891 11630 5892 11630 5892 11631 5891 11631 5893 11631 5892 11632 5893 11632 5894 11632 5894 11633 5893 11633 5895 11633 5895 11634 5893 11634 5896 11634 5895 11635 5896 11635 5897 11635 2037 11636 5897 11636 2052 11636 2052 11637 5897 11637 5896 11637 2052 11638 5896 11638 2053 11638 2053 11639 5896 11639 5898 11639 2053 11640 5898 11640 5847 11640 5340 11641 5341 11641 5841 11641 5841 11642 5341 11642 2047 11642 5341 11643 5352 11643 2047 11643 2047 11644 5352 11644 5354 11644 2047 11645 5354 11645 5368 11645 5368 11646 5367 11646 2047 11646 2047 11647 5367 11647 5366 11647 2047 11648 5366 11648 5365 11648 5364 11649 5363 11649 5365 11649 5365 11650 5363 11650 2048 11650 5365 11651 2048 11651 2047 11651 5242 11652 5253 11652 5871 11652 5871 11653 5253 11653 5267 11653 5871 11654 5267 11654 5266 11654 5266 11655 5268 11655 5871 11655 5871 11656 5268 11656 5304 11656 5871 11657 5304 11657 5849 11657 5157 11658 5156 11658 5862 11658 5157 11659 5862 11659 5138 11659 5156 11660 5155 11660 5862 11660 5862 11661 5155 11661 5158 11661 5862 11662 5158 11662 5198 11662 0 11663 6 11663 7 11663 1 11664 0 11664 3 11664 3 11665 0 11665 5856 11665 3 11666 5856 11666 4 11666 4 11667 5856 11667 2015 11667 0 11668 7 11668 5856 11668 5856 11669 7 11669 10 11669 5856 11670 10 11670 11 11670 11 11671 5094 11671 5856 11671 5856 11672 5094 11672 5095 11672 5856 11673 5095 11673 5118 11673 5118 11674 5119 11674 5856 11674 5856 11675 5119 11675 5120 11675 5856 11676 5120 11676 5857 11676 5120 11677 5121 11677 5857 11677 5857 11678 5121 11678 5122 11678 5857 11679 5122 11679 5859 11679 5122 11680 5123 11680 5859 11680 5859 11681 5123 11681 5124 11681 5859 11682 5124 11682 5860 11682 5860 11683 5124 11683 5125 11683 5860 11684 5125 11684 5862 11684 5862 11685 5125 11685 5126 11685 5862 11686 5126 11686 5138 11686 5198 11687 5231 11687 5862 11687 5862 11688 5231 11688 5232 11688 5862 11689 5232 11689 5864 11689 5232 11690 5233 11690 5864 11690 5864 11691 5233 11691 5234 11691 5864 11692 5234 11692 5866 11692 5234 11693 5235 11693 5866 11693 5866 11694 5235 11694 5236 11694 5866 11695 5236 11695 5868 11695 5236 11696 5237 11696 5868 11696 5868 11697 5237 11697 5238 11697 5868 11698 5238 11698 5870 11698 5238 11699 5239 11699 5870 11699 5870 11700 5239 11700 5240 11700 5870 11701 5240 11701 5871 11701 5871 11702 5240 11702 5241 11702 5871 11703 5241 11703 5242 11703 5304 11704 5333 11704 5849 11704 5849 11705 5333 11705 5334 11705 5849 11706 5334 11706 5851 11706 5334 11707 5335 11707 5851 11707 5851 11708 5335 11708 5336 11708 5851 11709 5336 11709 5853 11709 5336 11710 5337 11710 5853 11710 5853 11711 5337 11711 5338 11711 5853 11712 5338 11712 5841 11712 5841 11713 5338 11713 5339 11713 5841 11714 5339 11714 5340 11714 2026 11715 2025 11715 5872 11715 5872 11716 5196 11716 5143 11716 5143 11717 5145 11717 5872 11717 5872 11718 5145 11718 5133 11718 5872 11719 5133 11719 5132 11719 5132 11720 5130 11720 5872 11720 5872 11721 5130 11721 5128 11721 5872 11722 5128 11722 5136 11722 5136 11723 5135 11723 5872 11723 5872 11724 5135 11724 5134 11724 5872 11725 5134 11725 2026 11725 5244 11726 5243 11726 5879 11726 5243 11727 5247 11727 5879 11727 5879 11728 5247 11728 5203 11728 5879 11729 5203 11729 5186 11729 5358 11730 5350 11730 5890 11730 5890 11731 5350 11731 5342 11731 5890 11732 5342 11732 5344 11732 5344 11733 5309 11733 5890 11733 5890 11734 5309 11734 5293 11734 5890 11735 5293 11735 5888 11735 12 11736 18 11736 19 11736 13 11737 12 11737 15 11737 15 11738 12 11738 5897 11738 15 11739 5897 11739 16 11739 16 11740 5897 11740 2037 11740 12 11741 19 11741 5897 11741 5897 11742 19 11742 22 11742 5897 11743 22 11743 23 11743 23 11744 5404 11744 5897 11744 5897 11745 5404 11745 5391 11745 5897 11746 5391 11746 5392 11746 5392 11747 5393 11747 5897 11747 5897 11748 5393 11748 5394 11748 5897 11749 5394 11749 5895 11749 5394 11750 5395 11750 5895 11750 5895 11751 5395 11751 5396 11751 5895 11752 5396 11752 5894 11752 5396 11753 5397 11753 5894 11753 5894 11754 5397 11754 5398 11754 5894 11755 5398 11755 5892 11755 5398 11756 5399 11756 5892 11756 5892 11757 5399 11757 5400 11757 5892 11758 5400 11758 5890 11758 5890 11759 5400 11759 5401 11759 5890 11760 5401 11760 5358 11760 5293 11761 5294 11761 5888 11761 5888 11762 5294 11762 5295 11762 5888 11763 5295 11763 5886 11763 5295 11764 5296 11764 5886 11764 5886 11765 5296 11765 5297 11765 5886 11766 5297 11766 5884 11766 5297 11767 5298 11767 5884 11767 5884 11768 5298 11768 5299 11768 5884 11769 5299 11769 5882 11769 5299 11770 5300 11770 5882 11770 5882 11771 5300 11771 5301 11771 5882 11772 5301 11772 5880 11772 5880 11773 5301 11773 5302 11773 5880 11774 5302 11774 5879 11774 5879 11775 5302 11775 5257 11775 5879 11776 5257 11776 5244 11776 5186 11777 5187 11777 5879 11777 5879 11778 5187 11778 5188 11778 5879 11779 5188 11779 5877 11779 5188 11780 5189 11780 5877 11780 5877 11781 5189 11781 5190 11781 5877 11782 5190 11782 5875 11782 5190 11783 5191 11783 5875 11783 5875 11784 5191 11784 5192 11784 5875 11785 5192 11785 5873 11785 5192 11786 5193 11786 5873 11786 5873 11787 5193 11787 5194 11787 5873 11788 5194 11788 5872 11788 5872 11789 5194 11789 5195 11789 5872 11790 5195 11790 5196 11790 5899 11791 5900 11791 5901 11791 5899 11792 5901 11792 5902 11792 5903 11793 5904 11793 5901 11793 5901 11794 5904 11794 5905 11794 5901 11795 5905 11795 5902 11795 5906 11796 5907 11796 5901 11796 5901 11797 5907 11797 5908 11797 5901 11798 5908 11798 5903 11798 5909 11799 5910 11799 5901 11799 5901 11800 5910 11800 5911 11800 5901 11801 5911 11801 5906 11801 5912 11802 5913 11802 5901 11802 5901 11803 5913 11803 5914 11803 5901 11804 5914 11804 5909 11804 5915 11805 5916 11805 5901 11805 5901 11806 5916 11806 5917 11806 5901 11807 5917 11807 5912 11807 5918 11808 5919 11808 5901 11808 5901 11809 5919 11809 5920 11809 5901 11810 5920 11810 5915 11810 5921 11811 5922 11811 5901 11811 5901 11812 5922 11812 5923 11812 5901 11813 5923 11813 5918 11813 5924 11814 5925 11814 5901 11814 5901 11815 5925 11815 5926 11815 5901 11816 5926 11816 5921 11816 5900 11817 5927 11817 5901 11817 5901 11818 5927 11818 5928 11818 5901 11819 5928 11819 5924 11819 5885 11820 5902 11820 5887 11820 5887 11821 5902 11821 5905 11821 5887 11822 5905 11822 5889 11822 5889 11823 5905 11823 5904 11823 5889 11824 5904 11824 5891 11824 5891 11825 5904 11825 5903 11825 5891 11826 5903 11826 5893 11826 5893 11827 5903 11827 5908 11827 5893 11828 5908 11828 5896 11828 5896 11829 5908 11829 5907 11829 5896 11830 5907 11830 5898 11830 5898 11831 5907 11831 5906 11831 5898 11832 5906 11832 5847 11832 5847 11833 5906 11833 5911 11833 5847 11834 5911 11834 5855 11834 5855 11835 5911 11835 5910 11835 5855 11836 5910 11836 5854 11836 5854 11837 5910 11837 5909 11837 5854 11838 5909 11838 5852 11838 5852 11839 5909 11839 5914 11839 5852 11840 5914 11840 5850 11840 5850 11841 5914 11841 5913 11841 5850 11842 5913 11842 5848 11842 5848 11843 5913 11843 5912 11843 5848 11844 5912 11844 5869 11844 5869 11845 5912 11845 5917 11845 5869 11846 5917 11846 5867 11846 5867 11847 5917 11847 5916 11847 5867 11848 5916 11848 5865 11848 5865 11849 5916 11849 5915 11849 5865 11850 5915 11850 5863 11850 5863 11851 5915 11851 5920 11851 5863 11852 5920 11852 5861 11852 5861 11853 5920 11853 5919 11853 5861 11854 5919 11854 5858 11854 5858 11855 5919 11855 5918 11855 5858 11856 5918 11856 5846 11856 5846 11857 5918 11857 5923 11857 5846 11858 5923 11858 5845 11858 5845 11859 5923 11859 5922 11859 5845 11860 5922 11860 5844 11860 5844 11861 5922 11861 5921 11861 5844 11862 5921 11862 5843 11862 5843 11863 5921 11863 5926 11863 5843 11864 5926 11864 5842 11864 5842 11865 5926 11865 5925 11865 5842 11866 5925 11866 5874 11866 5874 11867 5925 11867 5924 11867 5874 11868 5924 11868 5876 11868 5876 11869 5924 11869 5928 11869 5876 11870 5928 11870 5878 11870 5878 11871 5928 11871 5927 11871 5878 11872 5927 11872 5881 11872 5881 11873 5927 11873 5900 11873 5881 11874 5900 11874 5883 11874 5883 11875 5900 11875 5899 11875 5883 11876 5899 11876 5885 11876 5885 11877 5899 11877 5902 11877</p>
        </triangles>
      </mesh>
    </geometry>
  </library_geometries>
  <library_visual_scenes>
    <visual_scene id="Scene" name="Scene">
      <node id="base" name="base" type="NODE">
        <matrix sid="transform">1 0 0 0 0 1 0 0 0 0 1 0 0 0 0 1</matrix>
        <instance_geometry url="#base_003-mesh" name="base"/>
      </node>
    </visual_scene>
  </library_visual_scenes>
  <scene>
    <instance_visual_scene url="#Scene"/>
  </scene>
</COLLADA>