<?xml version="1.0" encoding="utf-8"?>
<COLLADA xmlns="http://www.collada.org/2005/11/COLLADASchema" version="1.4.1" xmlns:xsi="http://www.w3.org/2001/XMLSchema-instance">
  <asset>
    <contributor>
      <author>Blender User</author>
      <authoring_tool>Blender 4.4.3 commit date:2025-04-29, commit time:14:09, hash:802179c51ccc</authoring_tool>
    </contributor>
    <created>2026-05-22T16:40:39</created>
    <modified>2026-05-22T16:40:39</modified>
    <unit name="meter" meter="1"/>
    <up_axis>Z_UP</up_axis>
  </asset>
  <library_images/>
  <library_geometries>
    <geometry id="base-mesh" name="base">
      <mesh>
        <source id="base-mesh-positions">
          <float_array id="base-mesh-positions-array" count="18147">0 -0.04969996 0.1875 0.008874237 -0.04890125 0.1875 0 0 0.1875 -0.008874237 -0.04890125 0.1875 -0.03269952 -0.0374276 0.1875 -0.02549105 -0.04266488 0.1875 -0.01746332 -0.04653084 0.1875 -0.04726749 -0.01535815 0.1875 -0.0437656 -0.02355122 0.1875 -0.03885698 -0.03098744 0.1875 -0.04845386 0.01105928 0.1875 -0.04964995 0.00222975 0.1875 -0.04925018 -0.006671369 0.1875 -0.03592288 0.0343458 0.1875 -0.04147827 0.02737957 0.1875 -0.04570049 0.01953333 0.1875 -0.01322197 0.0479089 0.1875 -0.021564 0.0447781 0.1875 -0.02921289 0.0402081 0.1875 0.01322197 0.0479089 0.1875 0.004455029 0.04949986 0.1875 -0.004455029 0.04949986 0.1875 0.03592288 0.0343458 0.1875 0.02921289 0.0402081 0.1875 0.021564 0.0447781 0.1875 0.04845386 0.01105928 0.1875 0.04570049 0.01953333 0.1875 0.04147827 0.02737957 0.1875 0.04726749 -0.01535815 0.1875 0.04925018 -0.006671369 0.1875 0.04964995 0.00222975 0.1875 0.03269952 -0.0374276 0.1875 0.03885698 -0.03098744 0.1875 0.04376554 -0.02355122 0.1875 0.01746332 -0.04653084 0.1875 0.02549105 -0.04266488 0.1875 0 -0.04999995 0.1872 -0.008927822 -0.04919648 0.1872 -0.0175687 -0.04681169 0.1872 -0.02564495 -0.04292243 0.1872 -0.03289693 -0.03765356 0.1872 -0.03909152 -0.03117448 0.1872 -0.04402977 -0.02369338 0.1872 -0.04755282 -0.01545083 0.1872 -0.04954749 -0.006711661 0.1872 -0.04994964 0.00224322 0.1872 -0.04874634 0.01112604 0.1872 -0.04597634 0.01965123 0.1872 -0.04172861 0.02754479 0.1872 -0.03613972 0.03455311 0.1872 -0.02938926 0.04045081 0.1872 -0.02169418 0.04504841 0.1872 -0.01330178 0.0481981 0.1872 -0.004481911 0.04979866 0.1872 0.004481911 0.04979866 0.1872 0.01330178 0.0481981 0.1872 0.02169418 0.04504841 0.1872 0.02938926 0.04045081 0.1872 0.03613972 0.03455311 0.1872 0.04172861 0.02754479 0.1872 0.04597634 0.01965123 0.1872 0.04874634 0.01112604 0.1872 0.04994964 0.00224322 0.1872 0.04954743 -0.006711661 0.1872 0.04755282 -0.01545083 0.1872 0.04402977 -0.02369338 0.1872 0.03909152 -0.03117448 0.1872 0.03289693 -0.03765356 0.1872 0.02564495 -0.04292243 0.1872 0.0175687 -0.04681169 0.1872 0.008927822 -0.04919648 0.1872 -6.77304e-6 -0.04984921 0.1853 0.006711661 -0.04954749 0.1853 0.008894205 -0.04904931 0.1853 0.01545083 -0.04755282 0.1853 0.0175094 -0.04667294 0.1853 0.02369338 -0.04402977 0.1853 0.0255618 -0.04279643 0.1853 0.03117448 -0.03909152 0.1853 0.03279262 -0.03754442 0.1853 0.03765356 -0.03289693 0.1853 0.03896945 -0.03108572 0.1853 0.04292243 -0.02564495 0.1853 0.04389375 -0.02362793 0.1853 0.04681169 -0.0175687 0.1853 0.04740732 -0.01541066 0.1853 0.04919648 -0.008927822 0.1853 0.04939711 -0.006698131 0.1853 0.04999995 0 0.1853 0.04979932 0.00222969 0.1853 0.04919648 0.008927822 0.1853 0.04860085 0.01108586 0.1853 0.04681169 0.0175687 0.1853 0.04584038 0.01958572 0.1853 0.04292243 0.02564495 0.1853 0.04160654 0.0274561 0.1853 0.03765356 0.03289693 0.1853 0.03603541 0.03444403 0.1853 0.03117448 0.03909152 0.1853 0.02930611 0.04032486 0.1853 0.02369338 0.04402977 0.1853 0.02163481 0.04490965 0.1853 0.01545083 0.04755282 0.1853 0.01326823 0.04805094 0.1853 0.006711661 0.04954743 0.1853 0.004475176 0.04969823 0.1853 0 0.04999995 0.1853 -0.00224322 0.04994964 0.1853 -0.004461705 0.04964911 0.1853 -0.01112604 0.04874634 0.1853 -0.01325517 0.04805457 0.1853 -0.01965123 0.04597634 0.1853 -0.02162265 0.04491549 0.1853 -0.02754485 0.04172861 0.1853 -0.02929514 0.04033279 0.1853 -0.03455311 0.03613972 0.1853 -0.03602606 0.0344538 0.1853 -0.04045081 0.02938926 0.1853 -0.04159909 0.02746742 0.1853 -0.04504841 0.02169418 0.1853 -0.04583507 0.01959818 0.1853 -0.0481981 0.01330178 0.1853 -0.04859787 0.0110991 0.1853 -0.04979866 0.004481911 0.1853 -0.04979866 0.00224322 0.1853 -0.04979866 -0.004481911 0.1853 -0.04939895 -0.00668466 0.1853 -0.0481981 -0.01330178 0.1853 -0.0474115 -0.01539778 0.1853 -0.04504841 -0.02169418 0.1853 -0.04390019 -0.02361601 0.1853 -0.04045081 -0.02938926 0.1853 -0.03897786 -0.03107517 0.1853 -0.03455311 -0.03613972 0.1853 -0.03280282 -0.03753554 0.1853 -0.02754485 -0.04172861 0.1853 -0.02557343 -0.04278951 0.1853 -0.01965123 -0.04597634 0.1853 -0.01752209 -0.04666817 0.1853 -0.01112604 -0.04874634 0.1853 -0.008907556 -0.04904687 0.1853 -0.00224322 -0.04994964 0.1853 0.04890125 -0.008874237 0.185 0.04969996 0 0.185 0.04653084 -0.01746332 0.185 0.0374276 -0.03269952 0.185 0.04266488 -0.02549105 0.185 0.02355122 -0.04376554 0.185 0.03098744 -0.03885698 0.185 0.006671369 -0.04925018 0.185 0.01535809 -0.04726749 0.185 -0.01105928 -0.04845386 0.185 -0.00222975 -0.04964995 0.185 -0.02737957 -0.04147827 0.185 -0.01953333 -0.04570049 0.185 -0.0402081 -0.02921289 0.185 -0.0343458 -0.03592288 0.185 -0.0479089 -0.01322197 0.185 -0.0447781 -0.021564 0.185 -0.04949992 0.004455029 0.185 -0.04949992 -0.004455029 0.185 -0.0447781 0.021564 0.185 -0.0479089 0.01322197 0.185 -0.0343458 0.03592288 0.185 -0.0402081 0.02921289 0.185 -0.01953333 0.04570049 0.185 -0.02737957 0.04147827 0.185 -0.00222975 0.04964995 0.185 -0.01105928 0.04845386 0.185 0.01535809 0.04726749 0.185 0.006671369 0.04925018 0.185 0.03098744 0.03885698 0.185 0.02355122 0.04376554 0.185 0.04266488 0.02549105 0.185 0.0374276 0.03269952 0.185 0.04890125 0.008874237 0.185 0.04653084 0.01746332 0.185 -0.01330178 0.0481981 0.185 -0.02169418 0.04504841 0.185 -0.02938926 0.04045081 0.185 -0.03613972 0.03455311 0.185 -0.04172861 0.02754479 0.185 -0.04597634 0.01965123 0.185 -0.04874634 0.01112604 0.185 -0.04994964 0.00224322 0.185 -0.04954749 -0.006711661 0.185 -0.04755282 -0.01545083 0.185 -0.04402977 -0.02369338 0.185 -0.03909152 -0.03117448 0.185 -0.03289693 -0.03765356 0.185 -0.02564495 -0.04292243 0.185 -0.0175687 -0.04681169 0.185 -0.008927822 -0.04919648 0.185 0 -0.04999995 0.185 0.008927822 -0.04919648 0.185 0.0175687 -0.04681169 0.185 0.02564495 -0.04292243 0.185 0.03289693 -0.03765356 0.185 0.03909152 -0.03117448 0.185 0.04402977 -0.02369338 0.185 0.04755282 -0.01545083 0.185 0.04954743 -0.006711661 0.185 0.04994964 0.00224322 0.185 0.04874634 0.01112604 0.185 0.04597634 0.01965123 0.185 0.04172861 0.02754479 0.185 0.03613972 0.03455311 0.185 0.02938926 0.04045081 0.185 0.02169418 0.04504841 0.185 0.01330178 0.0481981 0.185 0.004481911 0.04979866 0.185 -0.004481911 0.04979866 0.185 0.01735752 -0.04768937 0.111 0.008812606 -0.04997897 0.111 0 0 0.111 0 -0.05074995 0.111 -0.008812606 -0.04997897 0.111 0.03887671 -0.03262144 0.111 0.03262144 -0.03887671 0.111 0.02537494 -0.04395073 0.111 0.04997897 -0.008812606 0.111 0.04768937 -0.01735752 0.111 0.04395073 -0.02537494 0.111 0.04768937 0.01735752 0.111 0.04997897 0.008812606 0.111 0.05074995 0 0.111 0.03262144 0.03887671 0.111 0.03887671 0.03262144 0.111 0.04395073 0.02537494 0.111 0.008812606 0.04997897 0.111 0.01735752 0.04768937 0.111 0.02537494 0.04395073 0.111 -0.01735752 0.04768937 0.111 -0.008812606 0.04997897 0.111 0 0.05074995 0.111 -0.03887671 0.03262144 0.111 -0.03262144 0.03887671 0.111 -0.02537494 0.04395073 0.111 -0.04997897 0.008812606 0.111 -0.04768937 0.01735752 0.111 -0.04395073 0.02537494 0.111 -0.04768937 -0.01735752 0.111 -0.04997897 -0.008812606 0.111 -0.05074995 0 0.111 -0.03262144 -0.03887671 0.111 -0.03887671 -0.03262144 0.111 -0.04395073 -0.02537494 0.111 -0.01735752 -0.04768937 0.111 -0.02537494 -0.04395073 0.111 0.02166461 0.04602193 0.1111 0.02144783 0.04599511 0.1111 0.01879459 0.04717653 0.1111 0.01735752 0.04768937 0.1111 0.01690977 0.04793483 0.1111 0.03089463 0.04026263 0.1111 0.03224033 0.0392307 0.1111 0.03262144 0.03887671 0.1111 0.03360933 0.03802591 0.1111 0.02201402 0.04584294 0.1111 0.0248093 0.04441082 0.1111 0.02537494 0.04395073 0.1111 0.02511382 0.0442239 0.1111 0.01551032 0.04835671 0.1111 0.01313501 0.0490207 0.1111 0.01334691 0.04900896 0.1111 0.02784645 0.04254692 0.1111 0.02810728 0.04235774 0.1111 0.029109 0.04157191 0.1111 0.03082436 0.04038673 0.1111 0.03094798 0.04028582 0.1111 0.01212286 0.04930555 0.1111 0.0109843 0.04954701 0.1111 0.0115258 0.04945021 0.1111 0.009900808 0.04977482 0.1111 0.009692192 0.04982471 0.1111 0.009180247 0.0499171 0.1111 0.008812606 0.04997897 0.1111 0.008668243 0.05000418 0.1111 0.02938926 0.04045081 0.18 0.02564495 0.04292243 0.18 0.02169418 0.04504841 0.18 0.0175687 0.04681169 0.18 -0.01330178 0.0481981 0.18 -0.004481911 0.04979866 0.18 0.004481911 0.04979866 0.18 0.01330178 0.0481981 0.18 -0.0175687 0.04681169 0.18 -0.02169418 0.04504841 0.18 -0.02564495 0.04292243 0.18 0.03613972 0.03455311 0.18 0.04172861 0.02754479 0.18 0.04597634 0.01965123 0.18 0.04874634 0.01112604 0.18 0.04994964 0.00224322 0.18 0.04954743 -0.006711661 0.18 0.04755282 -0.01545083 0.18 0.04402977 -0.02369338 0.18 0.03909152 -0.03117448 0.18 0.03289693 -0.03765356 0.18 0.02564495 -0.04292243 0.18 0.0175687 -0.04681169 0.18 0.008927822 -0.04919648 0.18 0 -0.04999995 0.18 -0.008927822 -0.04919648 0.18 -0.0175687 -0.04681169 0.18 -0.02564495 -0.04292243 0.18 -0.03289693 -0.03765356 0.18 -0.03909152 -0.03117448 0.18 -0.04402977 -0.02369338 0.18 -0.04755282 -0.01545083 0.18 -0.04954749 -0.006711661 0.18 -0.04994964 0.00224322 0.18 -0.04874634 0.01112604 0.18 -0.04597634 0.01965123 0.18 -0.04172861 0.02754479 0.18 -0.03613972 0.03455311 0.18 -0.02938926 0.04045081 0.18 -0.03262144 0.03887671 0.1111 -0.03360933 0.03802591 0.1111 -0.03177678 0.03961879 0.1111 -0.01313501 0.0490207 0.1111 -0.01735752 0.04768937 0.1111 -0.01597809 0.04824376 0.1111 -0.02537494 0.04395073 0.1111 -0.02964347 0.04125064 0.1111 -0.02884709 0.0418598 0.1111 -0.02144783 0.04599511 0.1111 -0.01950395 0.04696381 0.1111 -0.01722246 0.04779201 0.1111 -0.02535569 0.04409903 0.1111 -0.02294993 0.04539966 0.1111 -0.02135401 0.04612404 0.1111 -0.01299297 0.04907989 0.1111 -0.01235741 0.04925793 0.1111 -0.0109843 0.04954701 0.1111 -0.01052129 0.04966413 0.1111 -0.009900808 0.04977482 0.1111 -0.009596824 0.04984241 0.1111 -0.008812606 0.04997897 0.1111 -0.008668243 0.05000418 0.1111 -0.02166461 -0.04602193 0.1111 -0.02144783 -0.04599511 0.1111 -0.01879459 -0.04717653 0.1111 -0.01735752 -0.04768937 0.1111 -0.01690977 -0.04793483 0.1111 -0.03089463 -0.04026263 0.1111 -0.03224033 -0.0392307 0.1111 -0.03262144 -0.03887671 0.1111 -0.03360933 -0.03802591 0.1111 -0.02201402 -0.04584294 0.1111 -0.0248093 -0.04441082 0.1111 -0.02537494 -0.04395073 0.1111 -0.02511382 -0.0442239 0.1111 -0.01551032 -0.04835671 0.1111 -0.01313501 -0.0490207 0.1111 -0.01334691 -0.04900896 0.1111 -0.02784645 -0.04254692 0.1111 -0.02810728 -0.04235774 0.1111 -0.029109 -0.04157191 0.1111 -0.03082436 -0.04038673 0.1111 -0.03094798 -0.04028582 0.1111 -0.01212286 -0.04930555 0.1111 -0.0109843 -0.04954701 0.1111 -0.0115258 -0.04945021 0.1111 -0.009900808 -0.04977482 0.1111 -0.009692192 -0.04982471 0.1111 -0.009180247 -0.0499171 0.1111 -0.008812606 -0.04997897 0.1111 -0.008668243 -0.05000418 0.1111 -0.04960322 -0.01065355 0.1111 -0.04993921 -0.008805394 0.1111 0.04960322 0.01065355 0.1111 0.04993921 0.008805394 0.1111 0.008668243 -0.05000418 0.1111 0.007924556 -0.05012744 0.1111 0.004377543 -0.05054259 0.1111 0.00386548 -0.05060255 0.1111 0.0031569 -0.05065166 0.1111 0.0109843 -0.04954701 0.1111 0.01313501 -0.0490207 0.1111 0.009900808 -0.04977482 0.1111 0.008812606 -0.04997897 0.1111 0.02537494 -0.04395073 0.1111 0.01735752 -0.04768937 0.1111 0.01526081 -0.04840111 0.1111 0.03405499 -0.03762733 0.1111 0.03360933 -0.03802591 0.1111 0.03262144 -0.03887671 0.1111 0.03791928 -0.03372961 0.1111 0.03745502 -0.03423589 0.1111 0.03687709 -0.03486597 0.1111 0.03579032 -0.03598076 0.1111 0.0438081 -0.0255388 0.1111 0.04294824 -0.0270372 0.1111 0.04238718 -0.02790856 0.1111 0.0417369 -0.02887195 0.1111 0.04087346 -0.03006666 0.1111 0.04051077 -0.03056854 0.1111 0.03884744 -0.03259742 0.1111 0.04765301 -0.01734387 0.1111 0.04676574 -0.01971101 0.1111 0.04626113 -0.02078425 0.1111 0.04501312 -0.02343887 0.1111 0.04391413 -0.02535396 0.1111 0.04959297 -0.01059943 0.1111 0.0493195 -0.01196432 0.1111 0.0482003 -0.01588356 0.1111 0.05074644 5.97879e-4 0.1111 0.05074995 0 0.1111 0.05063724 -0.003380358 0.1111 0.05042922 -0.005318343 0.1111 0.05020076 -0.007445991 0.1111 0.0501219 -0.007959663 0.1111 0.04995208 -0.008807241 0.1111 0.05025631 0.007061183 0.1111 0.05042833 0.005334258 0.1111 0.05066192 0.002988517 0.1111 0.04801547 0.01643383 0.1111 0.04819828 0.01581943 0.1111 0.0491904 0.01248443 0.1111 0.04952567 0.01108008 0.1111 0.04391652 0.02535486 0.1111 0.04476249 0.02391397 0.1111 0.04625266 0.02083301 0.1111 0.04653704 0.02024501 0.1111 0.04766142 0.01734662 0.1111 0.03987967 0.03138738 0.1111 0.04082125 0.0300861 0.1111 0.04228508 0.02806299 0.1111 0.0426951 0.02743512 0.1111 0.04376274 0.0256167 0.1111 0.03433328 0.03737354 0.1111 0.03722709 0.03449207 0.1111 0.03743982 0.03424304 0.1111 0.03884702 0.03259605 0.1111 0.008078396 0.05010288 0.1111 9.28866e-4 0.05074149 0.1111 0.001631855 0.05072373 0.1111 0.004334151 0.05052763 0.1111 0.005707919 0.05042797 0.1111 -0.0031569 0.05065166 0.1111 -2.73432e-5 0.05072045 0.1111 6.35044e-7 0.05072104 0.1111 -0.007924556 0.05012744 0.1111 -0.004377543 0.05054259 0.1111 -0.00386548 0.05060255 0.1111 -0.03405499 0.03762733 0.1111 -0.03791928 0.03372961 0.1111 -0.03745502 0.03423589 0.1111 -0.03687709 0.03486597 0.1111 -0.03579032 0.03598076 0.1111 -0.0438081 0.0255388 0.1111 -0.04294824 0.0270372 0.1111 -0.04238718 0.02790856 0.1111 -0.0417369 0.02887195 0.1111 -0.04087346 0.03006666 0.1111 -0.04051077 0.03056854 0.1111 -0.03884744 0.03259742 0.1111 -0.04765301 0.01734387 0.1111 -0.04676574 0.01971101 0.1111 -0.04626113 0.02078425 0.1111 -0.04501312 0.02343887 0.1111 -0.04391413 0.02535396 0.1111 -0.0482003 0.01588356 0.1111 -0.04822129 0.01581013 0.1111 -0.04959297 0.01059943 0.1111 -0.0493195 0.01196432 0.1111 -0.05074644 -5.97879e-4 0.1111 -0.05074995 0 0.1111 -0.05063724 0.003380358 0.1111 -0.05042922 0.005318343 0.1111 -0.05020076 0.007445931 0.1111 -0.0501219 0.007959663 0.1111 -0.04995208 0.008807241 0.1111 -0.05025631 -0.007061183 0.1111 -0.05042833 -0.005334258 0.1111 -0.05066192 -0.002988517 0.1111 -0.04801547 -0.01643383 0.1111 -0.04819828 -0.01581943 0.1111 -0.0491904 -0.01248443 0.1111 -0.04952567 -0.01108008 0.1111 -0.04391652 -0.02535486 0.1111 -0.04476249 -0.02391397 0.1111 -0.04625266 -0.02083301 0.1111 -0.04653704 -0.02024501 0.1111 -0.04766142 -0.01734662 0.1111 -0.03987967 -0.03138738 0.1111 -0.04082125 -0.0300861 0.1111 -0.04228508 -0.02806299 0.1111 -0.0426951 -0.02743512 0.1111 -0.04376274 -0.0256167 0.1111 -0.03433328 -0.03737354 0.1111 -0.03722709 -0.03449207 0.1111 -0.03743982 -0.03424304 0.1111 -0.03884702 -0.03259605 0.1111 2.73432e-5 -0.05072045 0.1111 -6.35044e-7 -0.05072104 0.1111 -9.28866e-4 -0.05074149 0.1111 -0.008078396 -0.05010288 0.1111 -0.001631855 -0.05072373 0.1111 -0.004334151 -0.05052763 0.1111 -0.005707919 -0.05042797 0.1111 0.03177678 -0.03961879 0.1111 0.02884709 -0.0418598 0.1111 0.02535569 -0.04409903 0.1111 0.02964347 -0.04125064 0.1111 0.02294993 -0.04539966 0.1111 0.02135401 -0.04612404 0.1111 0.01950395 -0.04696381 0.1111 0.01722246 -0.04779201 0.1111 0.01597809 -0.04824376 0.1111 0.01299297 -0.04907989 0.1111 0.01235741 -0.04925793 0.1111 0.01052129 -0.04966413 0.1111 0.009596824 -0.04984241 0.1111 0.0254969 -0.04434257 0.1112962 0.02546489 -0.04428732 0.1111935 0.02978998 -0.04144841 0.1111931 0.02972805 -0.04136437 0.111122 0.03364461 -0.03806453 0.1111108 0.02982914 -0.04150146 0.1113008 0.02549725 -0.04434317 0.111301 0.03379911 -0.03823381 0.1112962 0.03379958 -0.03823429 0.1113005 0.02982133 -0.04149162 0.1114158 0.03185558 -0.03994196 0.1114158 0.03353732 -0.03848463 0.1114158 0.03381133 -0.03824716 0.1114158 0.02550595 -0.04435825 0.1114158 0.02897733 -0.04213452 0.1114158 0.02965664 -0.04161703 0.1114158 0.03368526 -0.03810906 0.1111232 0.0336892 -0.03811335 0.1111243 0.03375607 -0.03818666 0.1111935 0.02541261 -0.04419714 0.1111233 0.02541512 -0.04420149 0.1111243 0.03755319 -0.03432273 0.1111737 0.03752344 -0.03429651 0.1111409 0.04093104 -0.03010779 0.1111483 0.05093401 0.001661598 0.1114124 0.05098706 -1.25687e-5 0.1114131 0.05099815 -1.17725e-5 0.1113058 0.03364461 0.03806453 0.1111108 0.03748089 0.0342791 0.1111161 0.04090362 0.03014522 0.1111482 0.04383945 0.02566134 0.1111486 0.04631519 0.0208621 0.1111485 0.04827463 0.01584458 0.1111486 0.04969328 0.01067334 0.1111447 0.0505613 0.005348861 0.1111365 0.05085068 -1.17345e-5 0.1111314 0.05056297 -0.005333304 0.1111365 0.04970407 -0.01062369 0.1111447 0.04827952 -0.01582986 0.1111486 0.04633492 -0.02081835 0.1111485 0.04388505 -0.02558296 0.1111486 0.03749102 -0.0342679 0.1111161 0.03561985 -0.03621709 0.1111112 0.03693318 -0.03514099 0.1114075 0.03761237 -0.03437441 0.1113065 0.03708851 -0.03495985 0.1114063 0.03759992 -0.03436344 0.1114026 0.04203897 -0.02866327 0.1113639 0.04099541 -0.03015315 0.1112939 0.0431028 -0.02692627 0.1113559 0.04393571 -0.02561181 0.1112788 0.04391556 -0.02559912 0.1113497 0.04096579 -0.0301308 0.1113742 0.04027116 -0.03108066 0.1113809 0.03943842 -0.03221935 0.1113889 0.04645258 -0.02070772 0.1113476 0.04638707 -0.02084231 0.1112779 0.04756915 -0.01792395 0.1113593 0.04834938 -0.01585412 0.1112909 0.04808616 -0.01663488 0.1113647 0.05069494 -0.005348563 0.1113071 0.05068206 -0.005346655 0.1114087 0.05027675 -0.008282303 0.1114025 0.04980421 -0.01064682 0.1113036 0.05024725 -0.008496105 0.111402 0.04977428 -0.01064062 0.1113935 0.04937809 -0.0124374 0.1113862 0.04915517 -0.01316154 0.1113826 0.04832828 -0.01584821 0.1113688 0.0375787 -0.03434509 0.1112133 0.04097151 -0.03013646 0.1112155 0.04391717 -0.02560132 0.1112102 0.04636806 -0.02083349 0.1112098 0.04832363 -0.01584506 0.1112147 0.04976665 -0.01063799 0.1112158 0.05064475 -0.005342721 0.1112093 0.0463854 -0.02084141 0.1113475 0.04553997 -0.02252465 0.111347 0.04436105 -0.02487176 0.1113464 0.04094421 0.03017407 0.1112155 0.04096823 0.03019082 0.111294 0.04387164 0.02567976 0.1112102 0.04389017 0.02569031 0.1112789 0.04634827 0.02087724 0.1112098 0.04636722 0.02088606 0.1112779 0.04831868 0.01585978 0.1112147 0.04834443 0.01586884 0.1112909 0.04975569 0.0106877 0.1112158 0.04979306 0.01069653 0.1113036 0.05064302 0.005358278 0.1112094 0.05069321 0.00536412 0.1113071 0.05094164 -1.17578e-5 0.111204 0.05066823 0.005361318 0.1114085 0.05087196 0.003620266 0.1114115 0.04831701 0.01585936 0.1113691 0.04871416 0.01474946 0.1113746 0.04958605 0.01154708 0.1113903 0.04972177 0.01104843 0.1113927 0.04979032 0.01069658 0.1113939 0.05042588 0.007432758 0.1114049 0.0505194 0.00663352 0.1114063 0.04396414 0.02548718 0.1113504 0.04537218 0.02296978 0.1113443 0.04626232 0.02101147 0.1113491 0.03760224 0.0343858 0.1113065 0.03759384 0.03437715 0.1114026 0.03816044 0.03376346 0.1113996 0.04097378 0.03019422 0.1113743 0.04097604 0.0301913 0.1113743 0.04127699 0.02973997 0.1113715 0.0431919 0.02686792 0.1113537 0.04386007 0.02567332 0.1113508 0.04632747 0.02086818 0.1113494 0.04725438 0.01882904 0.1113544 0.04814136 0.0163502 0.1113666 0.03379958 0.03823429 0.1113005 0.03379911 0.03823381 0.1112962 0.03756856 0.03435641 0.1112133 0.03375607 0.03818666 0.1111935 0.03371965 0.03814673 0.1111558 0.03367334 0.03809601 0.1111195 0.03751331 0.03430777 0.1111409 0.03564888 0.03648364 0.1114129 0.0347523 0.03734409 0.1114143 0.03380155 0.03823643 0.1113199 0.03381133 0.03824716 0.1114158 0.05100744 -6.55841e-4 0.1114133 0.05085885 -0.00332272 0.1114113 0.05078941 -0.004568815 0.1114104 0.0336892 0.03811335 0.1111243 0.03754305 0.034334 0.1111736 0.008683681 0.05009782 0.1111195 0.01889777 0.0474379 0.1113039 0.01559263 0.04862713 0.1113213 0.01795244 0.04774659 0.1114158 0.01559334 0.04863387 0.1114158 0.03105026 0.04041421 0.1114158 0.03108233 0.04045534 0.1113016 0.03091031 0.040524 0.1114158 0.02254664 0.04585951 0.1114158 0.0252 0.04437154 0.1114158 0.02522593 0.04441833 0.1113011 0.02688425 0.04342705 0.1114158 0.02826839 0.04259753 0.1114158 0.02825808 0.0425809 0.1113229 0.02803039 0.04278433 0.1114158 0.03110367 0.04048258 0.1112314 0.03106224 0.04043024 0.1111611 0.02825319 0.04257231 0.1112314 0.02524352 0.04444998 0.1112314 0.02821576 0.04251706 0.1111611 0.02521038 0.04439204 0.1111611 0.02816766 0.04244613 0.1111156 0.02516782 0.04431766 0.1111156 0.02206116 0.04594105 0.1111156 0.01885354 0.0473259 0.1111156 0.01214659 0.04940605 0.1111156 0.01554816 0.04847955 0.1111156 0.03100907 0.04036301 0.1111156 0.00871706 0.05029982 0.1114158 0.01217138 0.04950839 0.1114158 0.01219093 0.0495941 0.1113194 0.01321315 0.04926967 0.1114158 0.01497745 0.04886549 0.1114158 0.01888275 0.04739671 0.1114158 0.02168434 0.04634302 0.1114158 0.02212709 0.04608237 0.1113219 0.0221306 0.0460928 0.1114158 0.008714079 0.05028194 0.1112962 0.008714199 0.05028253 0.1113004 0.008714675 0.05028545 0.1113199 0.008703708 0.05021893 0.1111935 0.01218158 0.0495544 0.1112314 0.01559329 0.04862517 0.1112314 0.01890891 0.047468 0.1112314 0.02212667 0.04607874 0.1112314 0.022098 0.04601848 0.1111611 0.01888465 0.04740577 0.1111611 0.01557356 0.04856139 0.1111611 0.01216626 0.04948943 0.1111611 0.008686304 0.05011373 0.1111228 0.008687555 0.05012106 0.1111243 0.008697211 0.05017983 0.1111659 0.004351913 0.05076116 0.1112012 0.00435692 0.05082041 0.1113049 -0.008686304 0.05011373 0.1111228 -0.004387259 0.05066341 0.1111289 0.004344522 0.0506671 0.1111289 -2.80425e-5 0.05085062 0.1111313 -0.008686721 0.05011612 0.1111233 -0.00439465 0.05075758 0.1112012 -0.008687555 0.05012106 0.1111243 -2.80897e-5 0.05094158 0.1112039 -2.81188e-5 0.05099809 0.1113058 -2.81133e-5 0.05101174 0.1114134 -1.87736e-5 0.05101209 0.1114134 0.00334388 0.05087691 0.1114147 0.00433892 0.05083692 0.1114152 0.004358589 0.05083447 0.1114152 0.008328378 0.05034744 0.1114157 -0.008714199 0.05028253 0.1113004 -0.00871706 0.05029982 0.1114158 -0.007962584 0.05041873 0.1114157 -0.006671667 0.05056267 0.1114153 -0.004399836 0.05081683 0.1113048 -0.008714079 0.05028194 0.1112962 -0.008703708 0.05021893 0.1111935 -0.004400074 0.05081588 0.1114145 -0.003925263 0.0508688 0.1114144 -0.001672208 0.05095142 0.1114138 -0.01160168 0.04969859 0.1114158 -0.01305204 0.04931032 0.1111935 -0.01730549 0.04802799 0.1111935 -0.01732718 0.04808992 0.1113011 -0.01306825 0.04937386 0.1113011 -0.0130077 0.04940557 0.1114158 -0.02107381 0.0466147 0.1114158 -0.02148729 0.04641574 0.1113011 -0.02118462 0.04657077 0.1114158 -0.0214883 0.04641902 0.1114158 -0.02541512 0.04420149 0.1111243 -0.02546489 0.04428732 0.1111935 -0.02145999 0.04635608 0.1111935 -0.0254969 0.04434257 0.1112962 -0.02549725 0.04434317 0.111301 -0.0254122 0.04419648 0.1111232 -0.02141672 0.04626148 0.1111223 -0.0172711 0.04792982 0.1111223 -0.01302641 0.04920947 0.1111223 -0.02469998 0.04481464 0.1114158 -0.02550595 0.04435825 0.1114158 -0.01733022 0.04809933 0.1114158 -0.01718759 0.0481559 0.1114158 -0.01641881 0.04838573 0.1114158 -0.01307129 0.04938656 0.1114158 -0.02490711 0.04331803 0.1799771 -0.02490478 0.04331409 0.179978 -0.02053761 0.04554146 0.1799789 0.04457181 -0.02204281 0.1797 0.04457592 -0.02203494 0.1797 0.04466158 -0.0220806 0.1798104 0.04662817 -0.01760083 0.1798104 0.04817634 -0.0129252 0.1798104 0.04811197 -0.01290726 0.1799121 -0.02498853 0.04345846 0.1798148 -0.02495592 0.04340219 0.1799121 -0.02057898 0.04563444 0.1799121 -0.02499997 0.04347825 0.1797 -0.02498894 0.04345923 0.1798102 -0.0206077 0.04559075 0.1797 -0.0206061 0.04569548 0.1798104 -0.01601856 0.0473513 0.1797 -0.01604807 0.04744768 0.1798104 -0.01180851 0.0486539 0.1797 -0.01132482 0.04874235 0.1798104 -0.01137506 0.04872244 0.1797 -0.01606529 0.04733681 0.1797 -0.0186221 0.04654574 0.1797 -0.02056491 0.04561132 0.1797 -0.006466031 0.04958069 0.1798104 -0.001585364 0.04995584 0.1798104 -0.00452733 0.0498054 0.1797 -0.001638472 0.049847 0.1797 0.003303945 0.04987585 0.1797 0.003305315 0.04987531 0.1798104 0.008149325 0.04924321 0.1797 0.008202493 0.04933583 0.1798104 0.003276348 0.04987949 0.1797 0.003011882 0.049914 0.1797 -0.001584112 0.04984784 0.1797 -0.006452679 0.04950094 0.1797 -0.006526648 0.04948925 0.1797 -0.01132428 0.04873049 0.1797 0.02646845 0.04256433 0.1798104 0.02632361 0.0425359 0.1797 0.0243659 0.04383897 0.1797 0.02215838 0.04497009 0.1798104 0.01297312 0.04824101 0.1797 0.01300156 0.0483393 0.1798104 0.01768386 0.04690158 0.1797 0.01765555 0.04689043 0.1798104 0.0220769 0.04488807 0.1797 0.02211368 0.04487127 0.1797 0.03046005 0.03973758 0.1798104 0.03413921 0.03652203 0.1798104 0.03400135 0.03653478 0.1797 0.03743243 0.03286612 0.1797 0.03751283 0.03293222 0.1798104 0.04028528 0.02941864 0.1797 0.04052037 0.02905189 0.1798104 0.04045164 0.02914655 0.1797 0.03735023 0.03296542 0.1797 0.03558433 0.03509938 0.1797 0.03408384 0.03645998 0.1797 0.03046315 0.03974306 0.1797 0.03030765 0.03988409 0.1797 0.02641046 0.04247808 0.1797 -0.01602721 0.0473842 0.1799121 -0.01131027 0.04867708 0.1799121 -0.006457805 0.04951441 0.1799121 -0.001583337 0.04988908 0.1799121 0.003301143 0.04980862 0.1799121 0.008192062 0.04926985 0.1799121 0.01298487 0.04827463 0.1799121 0.01763248 0.04682773 0.1799121 0.02212905 0.04491007 0.1799121 0.02643281 0.04250788 0.1799121 0.03041869 0.03968513 0.1799121 0.03409278 0.03647392 0.1799121 0.03746199 0.03288882 0.1799121 0.04046571 0.02901351 0.1799121 0.0431444 0.0249238 0.1798104 0.01293522 0.0482518 0.1797 0.01055169 0.04892951 0.1797 0.008190274 0.04923784 0.1797 0.04308646 0.0248906 0.1799121 0.04532855 0.02052253 0.1799121 0.04538935 0.02055031 0.1798104 0.04715573 0.01596456 0.1799121 0.04853445 0.01129186 0.1799121 0.04859942 0.01130765 0.1798104 0.04721885 0.01598644 0.1798104 0.04979318 -0.00329703 0.1799121 0.04985982 -0.003301858 0.1798104 0.04988414 0.001595199 0.1799121 0.04995089 0.001597523 0.1798104 0.04945272 0.006501376 0.1799121 0.04951888 0.006510674 0.1798104 0.03945738 -0.03039878 0.1799121 0.03634393 -0.03415793 0.1799121 0.03633403 -0.03414648 0.179814 0.03289353 -0.03759407 0.1799121 0.02909249 -0.04069441 0.1799121 0.029132 -0.04074829 0.1798104 0.03290313 -0.03760695 0.1798026 0.03951072 -0.03043895 0.1798104 0.04222977 -0.02633225 0.1799121 0.04228663 -0.02636724 0.1798104 0.04460167 -0.02205091 0.1799121 0.04919618 -0.00813049 0.1799121 0.04926198 -0.008141994 0.1798104 0.0442698 0.02290141 0.1797 0.04527109 0.02056419 0.1797 0.04848814 0.0112881 0.1797 0.04727834 0.01587885 0.1797 0.04723078 0.01598995 0.1797 0.04721176 0.01603418 0.1797 0.04529428 0.02051007 0.1797 0.04993861 0.001626729 0.1797 0.04942578 0.006492555 0.1797 0.04918122 -0.008097529 0.1797 0.04961156 -0.005981147 0.1797 0.04975104 -0.003296613 0.1797 0.04975336 -0.00325191 0.1797 0.04998433 0.001193165 0.1797 0.04994195 0.001595139 0.1797 0.04942482 0.006501495 0.1797 0.0492084 0.008554935 0.1797 0.04849064 0.01127856 0.1797 0.04229295 -0.02637219 0.1797 0.04656583 -0.01757687 0.1799121 0.04572391 -0.019854 0.1797 0.03633016 -0.03414005 0.1797 0.03772145 -0.03271877 0.1797 0.039397 -0.03040957 0.1797 0.03242743 -0.03812682 0.1797 0.03284734 -0.03769791 0.1797 0.03291803 -0.03762567 0.1797 0.03627842 -0.03419286 0.1797 0.03942203 -0.03037506 0.1797 0.04220443 -0.02654027 0.1797 0.0422737 -0.02640879 0.1797 0.04653918 -0.01756966 0.1797 0.0465489 -0.01754254 0.1797 0.04820311 -0.01290756 0.1797 0.04917585 -0.008123934 0.1797 0.04843568 0.01126778 0.1799789 0.04705965 0.01593118 0.1799789 0.04704451 0.0156359 0.18 0.04299819 0.02483999 0.1799789 0.04404908 0.02267497 0.18 0.04523605 0.02048033 0.1799789 0.0450229 0.02038657 0.18 0.04693752 0.01588737 0.18 0.04969173 -0.003289759 0.1799789 0.04978251 0.001591622 0.1799789 0.04969012 9.43035e-4 0.18 0.04819715 0.01120752 0.18 0.04894185 0.008346259 0.18 0.04935199 0.00648719 0.1799789 0.0491324 0.006460726 0.18 0.04962539 0.001583039 0.18 0.04647088 -0.01754033 0.1799789 0.04543101 -0.01977491 0.18 0.04451054 -0.02200579 0.1799789 0.04430955 -0.02190303 0.18 0.04214316 -0.02627891 0.1799789 0.04945057 -0.003274381 0.18 0.04928725 -0.006150424 0.18 0.04909598 -0.008112907 0.1799789 0.04889112 -0.008074045 0.18 0.04801398 -0.0128799 0.1799789 0.04790765 -0.01285028 0.18 0.04625838 -0.01746159 0.18 0.02903234 -0.04061245 0.1799789 0.03282535 -0.03751862 0.1799789 0.0321744 -0.03794968 0.18 0.03937608 -0.03033769 0.1799789 0.03745859 -0.03256589 0.18 0.03626877 -0.03408944 0.1799789 0.03611028 -0.03393959 0.18 0.03271394 -0.0374 0.18 0.0420373 -0.02621477 0.18 0.04194682 -0.02638649 0.18 0.03918141 -0.03019392 0.18 0.02484953 -0.04321867 0.18 0.02490478 -0.04331409 0.179978 0.02681654 -0.04200989 0.18 0.02889811 -0.04043245 0.18 -0.02484953 0.04321867 0.18 -0.02173197 0.04486763 0.18 -0.01852202 0.04626333 0.18 -0.01599556 0.04728752 0.1799789 -0.02048027 0.04541188 0.18 -0.001580297 0.04978746 0.1799789 -0.006445348 0.0494135 0.1799789 -0.004521906 0.04950505 0.18 -0.001575052 0.04954963 0.18 0.002936601 0.04961782 0.18 0.003294765 0.04970711 0.1799789 0.003284633 0.04957252 0.18 0.008176147 0.04916942 0.1799789 -0.01592582 0.04706871 0.18 -0.01181077 0.04834526 0.18 -0.01128822 0.04857784 0.1799789 -0.01125836 0.04843318 0.18 -0.006415784 0.04920375 0.18 0.01759749 0.04673224 0.1799789 0.01295942 0.04817616 0.1799789 0.01409631 0.04775333 0.18 0.01761573 0.04660791 0.18 0.02101802 0.04520237 0.18 0.02208435 0.04481875 0.1799789 0.03738462 0.03282284 0.1799789 0.03402215 0.03640079 0.1799789 0.03540724 0.03485041 0.18 0.02202141 0.04469126 0.18 0.02432805 0.04351633 0.18 0.02637845 0.04242187 0.1799789 0.02625244 0.0422284 0.18 0.03035569 0.03960525 0.1799789 0.03020781 0.03958117 0.18 0.03387534 0.03624427 0.18 0.008143365 0.04894089 0.18 0.01049184 0.0486356 0.18 0.01292467 0.04804009 0.18 0.03720486 0.03267216 0.18 0.04009515 0.02916991 0.18 0.04038244 0.02895504 0.1799789 0.04027205 0.02887934 0.18 0.04280179 0.02472388 0.18 0.02703684 -0.04222446 0.1797 0.02901476 -0.04072099 0.1797 0.02907562 -0.04067468 0.1797 0.02499997 -0.04347825 0.1797 0.02498894 -0.04345923 0.1798102 0.02498853 -0.04345846 0.1798148 0.02495592 -0.04340219 0.1799121 0.02490711 -0.04331803 0.1799771 0.04306387 0.02487385 0.1797 0.04302436 0.02493846 0.1797 0.04051172 0.0290482 0.1797 -0.0219798 -0.04459792 0.18 -0.02432805 -0.04351633 0.18 -0.04969012 -9.43035e-4 0.18 -0.04962539 -0.001583039 0.18 -0.01761573 -0.04660791 0.18 -0.01289802 -0.04795068 0.18 -0.01049184 -0.0486356 0.18 -0.008143365 -0.04894089 0.18 -0.03020781 -0.03958117 0.18 -0.02625244 -0.0422284 0.18 -0.003284633 -0.04957252 0.18 -0.002936601 -0.04961782 0.18 -0.0491324 -0.006460726 0.18 -0.04894185 -0.008346259 0.18 -0.04819715 -0.01120752 0.18 -0.04704451 -0.0156359 0.18 0.01852202 -0.04626333 0.18 0.02044373 -0.04533869 0.18 0.001575052 -0.04954963 0.18 0.004521906 -0.04950505 0.18 0.006415784 -0.04920375 0.18 -0.04693752 -0.01588737 0.18 -0.0450229 -0.02038657 0.18 -0.04404908 -0.02267497 0.18 -0.04009515 -0.02916991 0.18 -0.04027205 -0.02887934 0.18 -0.04280179 -0.02472388 0.18 0.01125836 -0.04843318 0.18 0.01181077 -0.04834526 0.18 0.01592582 -0.04706871 0.18 -0.03720486 -0.03267216 0.18 -0.03540724 -0.03485041 0.18 -0.03387534 -0.03624427 0.18 -0.03271394 0.0374 0.18 -0.03611028 0.03393959 0.18 -0.03745859 0.03256589 0.18 -0.03918141 0.03019392 0.18 -0.04194682 0.02638649 0.18 -0.0420373 0.02621477 0.18 -0.04430955 0.02190303 0.18 -0.04543101 0.01977491 0.18 -0.04625838 0.01746159 0.18 -0.04790765 0.01285028 0.18 -0.04889112 0.008074045 0.18 -0.04928725 0.006150424 0.18 -0.04945057 0.003274381 0.18 -0.0321744 0.03794968 0.18 -0.02957785 0.04006761 0.18 -0.02681654 0.04200989 0.18 -0.02895474 0.04050594 0.18 -0.02978998 0.04144841 0.1111931 -0.02972805 0.04136437 0.111122 -0.03364461 0.03806453 0.1111108 -0.02982914 0.04150146 0.1113008 -0.03379911 0.03823381 0.1112962 -0.03379958 0.03823429 0.1113005 -0.02982133 0.04149162 0.1114158 -0.03185558 0.03994196 0.1114158 -0.03353732 0.03848463 0.1114158 -0.03381133 0.03824716 0.1114158 -0.02897733 0.04213452 0.1114158 -0.02965664 0.04161703 0.1114158 -0.03368425 0.03810799 0.1111229 -0.0336892 0.03811335 0.1111243 -0.03375607 0.03818666 0.1111935 -0.03755319 0.03432273 0.1111737 -0.03752344 0.03429651 0.1111409 -0.04093104 0.03010779 0.1111483 -0.05093401 -0.001661598 0.1114124 -0.05098706 1.25687e-5 0.1114131 -0.05099815 1.17725e-5 0.1113058 -0.04969328 -0.01067334 0.1111447 -0.03364461 -0.03806453 0.1111108 -0.03748089 -0.0342791 0.1111161 -0.04090362 -0.03014522 0.1111482 -0.04383945 -0.02566134 0.1111486 -0.04631519 -0.0208621 0.1111485 -0.04827463 -0.01584458 0.1111486 -0.0505613 -0.005348861 0.1111365 -0.05085068 1.17345e-5 0.1111314 -0.05056297 0.005333304 0.1111365 -0.04970407 0.01062369 0.1111447 -0.04827952 0.01582986 0.1111486 -0.04633492 0.02081835 0.1111485 -0.04388505 0.02558296 0.1111486 -0.03749102 0.0342679 0.1111161 -0.03561985 0.03621709 0.1111112 -0.03693318 0.03514099 0.1114075 -0.03761237 0.03437441 0.1113065 -0.03708851 0.03495985 0.1114063 -0.03759992 0.03436344 0.1114026 -0.04203897 0.02866327 0.1113639 -0.04099541 0.03015315 0.1112939 -0.0431028 0.02692627 0.1113559 -0.04393571 0.02561181 0.1112788 -0.04391556 0.02559912 0.1113497 -0.04096579 0.0301308 0.1113742 -0.04027116 0.03108066 0.1113809 -0.03943842 0.03221935 0.1113889 -0.04645258 0.02070772 0.1113476 -0.04638707 0.02084231 0.1112779 -0.04756915 0.01792395 0.1113593 -0.04834938 0.01585412 0.1112909 -0.04808616 0.01663488 0.1113647 -0.05069494 0.005348563 0.1113071 -0.05068206 0.005346655 0.1114087 -0.05027675 0.008282303 0.1114025 -0.04980421 0.01064682 0.1113036 -0.05024725 0.008496105 0.111402 -0.04977428 0.01064062 0.1113935 -0.04937809 0.0124374 0.1113862 -0.04915517 0.01316154 0.1113826 -0.04832828 0.01584821 0.1113688 -0.0375787 0.03434509 0.1112133 -0.04097151 0.03013646 0.1112155 -0.04391717 0.02560132 0.1112102 -0.04636806 0.02083349 0.1112098 -0.04832363 0.01584506 0.1112147 -0.04976665 0.01063799 0.1112158 -0.05064475 0.005342721 0.1112093 -0.0463854 0.02084141 0.1113475 -0.04553997 0.02252465 0.111347 -0.04436105 0.02487176 0.1113464 -0.04094421 -0.03017407 0.1112155 -0.04096823 -0.03019082 0.111294 -0.04387164 -0.02567976 0.1112102 -0.04389017 -0.02569031 0.1112789 -0.04634827 -0.02087724 0.1112098 -0.04636722 -0.02088606 0.1112779 -0.04831868 -0.01585978 0.1112147 -0.04834443 -0.01586884 0.1112909 -0.04975569 -0.0106877 0.1112158 -0.04979306 -0.01069653 0.1113036 -0.05064302 -0.005358278 0.1112094 -0.05069321 -0.00536412 0.1113071 -0.05094164 1.17578e-5 0.111204 -0.05066823 -0.005361318 0.1114085 -0.05087196 -0.003620266 0.1114115 -0.04831701 -0.01585936 0.1113691 -0.04871416 -0.01474946 0.1113746 -0.04958605 -0.01154708 0.1113903 -0.04972177 -0.01104843 0.1113927 -0.04979032 -0.01069658 0.1113939 -0.05042588 -0.007432758 0.1114049 -0.0505194 -0.00663352 0.1114063 -0.04396414 -0.02548718 0.1113504 -0.04537218 -0.02296978 0.1113443 -0.04626232 -0.02101147 0.1113491 -0.03760224 -0.0343858 0.1113065 -0.03759384 -0.03437715 0.1114026 -0.03816044 -0.03376346 0.1113996 -0.04097378 -0.03019422 0.1113743 -0.04097604 -0.0301913 0.1113743 -0.04127699 -0.02973997 0.1113715 -0.0431919 -0.02686792 0.1113537 -0.04386007 -0.02567332 0.1113508 -0.04632747 -0.02086818 0.1113494 -0.04725438 -0.01882904 0.1113544 -0.04814136 -0.0163502 0.1113666 -0.03379958 -0.03823429 0.1113005 -0.03379911 -0.03823381 0.1112962 -0.03756856 -0.03435641 0.1112133 -0.03375607 -0.03818666 0.1111935 -0.03371965 -0.03814673 0.1111558 -0.03367334 -0.03809601 0.1111195 -0.03751331 -0.03430777 0.1111409 -0.03564888 -0.03648364 0.1114129 -0.0347523 -0.03734409 0.1114143 -0.03380155 -0.03823643 0.1113199 -0.03381133 -0.03824716 0.1114158 -0.05100744 6.55841e-4 0.1114133 -0.05085885 0.00332272 0.1114113 -0.05078941 0.004568815 0.1114104 -0.0336892 -0.03811335 0.1111243 -0.03754305 -0.034334 0.1111736 -0.008683681 -0.05009782 0.1111195 -0.01889777 -0.0474379 0.1113039 -0.01559263 -0.04862713 0.1113213 -0.01795244 -0.04774659 0.1114158 -0.01559334 -0.04863387 0.1114158 -0.03105026 -0.04041421 0.1114158 -0.03108203 -0.04045492 0.1113017 -0.03091031 -0.040524 0.1114158 -0.02254664 -0.04585951 0.1114158 -0.0252 -0.04437154 0.1114158 -0.02522593 -0.04441833 0.1113011 -0.02688425 -0.04342705 0.1114158 -0.02826839 -0.04259753 0.1114158 -0.02825868 -0.04258167 0.1113232 -0.02803039 -0.04278433 0.1114158 -0.03110367 -0.04048258 0.1112314 -0.03106224 -0.04043024 0.1111611 -0.02825319 -0.04257231 0.1112314 -0.02524352 -0.04444998 0.1112314 -0.02821576 -0.04251706 0.1111611 -0.02521038 -0.04439204 0.1111611 -0.02816766 -0.04244613 0.1111156 -0.02516782 -0.04431766 0.1111156 -0.02206116 -0.04594105 0.1111156 -0.01885354 -0.0473259 0.1111156 -0.01214659 -0.04940605 0.1111156 -0.01554816 -0.04847955 0.1111156 -0.03100907 -0.04036301 0.1111156 -0.00871706 -0.05029982 0.1114158 -0.01217138 -0.04950839 0.1114158 -0.01219093 -0.0495941 0.1113194 -0.01321315 -0.04926967 0.1114158 -0.01497745 -0.04886549 0.1114158 -0.01888275 -0.04739671 0.1114158 -0.02168434 -0.04634302 0.1114158 -0.02212709 -0.04608237 0.1113219 -0.0221306 -0.0460928 0.1114158 -0.008714079 -0.05028194 0.1112962 -0.008714199 -0.05028253 0.1113004 -0.008714675 -0.05028545 0.1113199 -0.008703708 -0.05021893 0.1111935 -0.01218158 -0.0495544 0.1112314 -0.01559329 -0.04862517 0.1112314 -0.01890891 -0.047468 0.1112314 -0.02212667 -0.04607874 0.1112314 -0.022098 -0.04601848 0.1111611 -0.01888465 -0.04740577 0.1111611 -0.01557356 -0.04856139 0.1111611 -0.01216626 -0.04948943 0.1111611 -0.008686304 -0.05011373 0.1111228 -0.008687555 -0.05012106 0.1111243 -0.008697211 -0.05017983 0.1111659 -0.004351913 -0.05076116 0.1112012 -0.00435692 -0.05082041 0.1113049 0.008686304 -0.05011373 0.1111228 0.004387259 -0.05066341 0.1111289 -0.004344522 -0.0506671 0.1111289 2.80425e-5 -0.05085062 0.1111313 0.008686721 -0.05011612 0.1111233 0.00439465 -0.05075758 0.1112012 0.008687555 -0.05012106 0.1111243 2.80897e-5 -0.05094158 0.1112039 2.81188e-5 -0.05099809 0.1113058 2.81133e-5 -0.05101174 0.1114134 1.87736e-5 -0.05101209 0.1114134 -0.00334388 -0.05087691 0.1114147 -0.00433892 -0.05083692 0.1114152 -0.004358589 -0.05083447 0.1114152 -0.008328378 -0.05034744 0.1114157 0.008714199 -0.05028253 0.1113004 0.00871706 -0.05029982 0.1114158 0.007962584 -0.05041873 0.1114157 0.006671667 -0.05056267 0.1114153 0.004399836 -0.05081683 0.1113048 0.008714079 -0.05028194 0.1112962 0.008703708 -0.05021893 0.1111935 0.004400074 -0.05081588 0.1114145 0.003925263 -0.0508688 0.1114144 0.001672208 -0.05095142 0.1114138 0.01160168 -0.04969859 0.1114158 0.01305204 -0.04931032 0.1111935 0.01730549 -0.04802799 0.1111935 0.01732718 -0.04808992 0.1113011 0.01306825 -0.04937386 0.1113011 0.0130077 -0.04940557 0.1114158 0.02107381 -0.0466147 0.1114158 0.02148729 -0.04641574 0.1113011 0.02118462 -0.04657077 0.1114158 0.0214883 -0.04641902 0.1114158 0.02145999 -0.04635608 0.1111935 0.02141672 -0.04626148 0.1111223 0.0172711 -0.04792982 0.1111223 0.01302641 -0.04920947 0.1111223 0.02469998 -0.04481464 0.1114158 0.01733022 -0.04809933 0.1114158 0.01718759 -0.0481559 0.1114158 0.01641881 -0.04838573 0.1114158 0.01307129 -0.04938656 0.1114158 0.04933136 -0.008126318 0.1470841 0.03639149 -0.03430235 0.1470841 0.04471707 -0.02211797 0.1470841 0.032907 -0.03776139 0.1470841 0.0423212 -0.02643758 0.1470841 0.03953778 -0.0305134 0.1470841 0.03975576 -0.03068161 0.1296189 0.02508509 -0.04362624 0.1368052 0.02520418 -0.04383337 0.1296218 0.02926963 -0.04107266 0.1296189 -0.01139003 0.04879593 0.1470841 0.003281772 0.04994338 0.1470841 0.04050713 0.02918452 0.1470841 0.03057605 0.04008263 0.1296189 0.01775401 0.04721885 0.1296189 0.01305204 0.0486803 0.1296189 -0.006585001 0.04991102 0.1296189 -0.02079033 0.0459882 0.1296189 -0.02527463 0.04395592 0.1220369 -0.01620447 0.04775732 0.1296189 -0.01145279 0.04906493 0.1296189 -0.00165081 0.05029559 0.1296189 0.003299832 0.0502187 0.1296189 0.008217394 0.04968023 0.1296189 0.02227354 0.04529595 0.1296189 0.02656102 0.04291176 0.1296189 0.03429251 0.03684967 0.1296189 0.03768563 0.03325617 0.1296189 0.04073041 0.02934539 0.1296189 0.04340207 0.02516061 0.1296189 0.04567563 0.02074503 0.1296189 0.04752629 0.01614201 0.1296189 0.04892915 0.01139473 0.1296189 0.04985928 0.006546497 0.1296189 0.05029189 0.001640617 0.1296189 0.05020451 -0.003279626 0.1296189 0.04960328 -0.008171141 0.1296189 0.04851281 -0.01299053 0.1296189 0.04695791 -0.01769453 0.1296189 0.04496353 -0.02223986 0.1296189 0.04255449 -0.02658331 0.1296189 0.03659206 -0.03449141 0.1296189 0.03308838 -0.03796952 0.1296189 0.04316413 0.02502268 0.1470841 0.03410452 0.03664767 0.1470841 0.03747904 0.0330739 0.1470841 0.03040844 0.03986287 0.1470841 0.0264154 0.0426765 0.1470841 0.01765668 0.04695999 0.1470841 0.02215141 0.04504764 0.1470841 0.008172333 0.04940789 0.1470841 -0.006548881 0.04963737 0.1470841 -0.02067637 0.04573607 0.1470841 -0.01611566 0.04749548 0.1470841 -0.00164175 0.05001986 0.1470841 0.01298052 0.04841345 0.1470841 0.02910917 -0.04084753 0.1470841 0.02505844 -0.04357993 0.1470845 0.04670047 -0.01759749 0.1470841 0.05001616 0.001631617 0.1470841 0.04992932 -0.003261685 0.1470841 0.04542523 0.02063131 0.1470841 0.04726576 0.01605349 0.1470841 0.04866087 0.01133227 0.1470841 0.04958593 0.006510615 0.1470841 0.02499997 -0.04347825 0.1696527 0.04824686 -0.0129193 0.1470841 -0.02502179 0.04351621 0.14731 -0.02502405 0.04352015 0.1470842 -0.02519875 0.04382395 0.1296204 0.02053761 -0.04554146 0.1799789 -0.04457181 0.02204281 0.1797 -0.04457592 0.02203494 0.1797 -0.04466158 0.0220806 0.1798104 -0.04662817 0.01760083 0.1798104 -0.04817634 0.0129252 0.1798104 -0.04811197 0.01290726 0.1799121 0.02057898 -0.04563444 0.1799121 0.0206077 -0.04559075 0.1797 0.0206061 -0.04569548 0.1798104 0.01601856 -0.0473513 0.1797 0.01604807 -0.04744768 0.1798104 0.01180851 -0.0486539 0.1797 0.01132482 -0.04874235 0.1798104 0.01137506 -0.04872244 0.1797 0.01606529 -0.04733681 0.1797 0.0186221 -0.04654574 0.1797 0.02056491 -0.04561132 0.1797 0.006466031 -0.04958069 0.1798104 0.001585364 -0.04995584 0.1798104 0.00452733 -0.0498054 0.1797 0.001638472 -0.049847 0.1797 -0.003303945 -0.04987585 0.1797 -0.003305315 -0.04987531 0.1798104 -0.008149325 -0.04924321 0.1797 -0.008202493 -0.04933583 0.1798104 -0.003276348 -0.04987949 0.1797 -0.003011882 -0.049914 0.1797 0.001584112 -0.04984784 0.1797 0.006452679 -0.04950094 0.1797 0.006526648 -0.04948925 0.1797 0.01132428 -0.04873049 0.1797 -0.02646845 -0.04256433 0.1798104 -0.02632361 -0.0425359 0.1797 -0.0243659 -0.04383897 0.1797 -0.02215838 -0.04497009 0.1798104 -0.01297312 -0.04824101 0.1797 -0.01300156 -0.0483393 0.1798104 -0.01768386 -0.04690158 0.1797 -0.01765555 -0.04689043 0.1798104 -0.0220769 -0.04488807 0.1797 -0.02211368 -0.04487127 0.1797 -0.03046005 -0.03973758 0.1798104 -0.03413921 -0.03652203 0.1798104 -0.03400135 -0.03653478 0.1797 -0.03743243 -0.03286612 0.1797 -0.03751283 -0.03293222 0.1798104 -0.04028528 -0.02941864 0.1797 -0.04052037 -0.02905189 0.1798104 -0.04045164 -0.02914655 0.1797 -0.03735023 -0.03296542 0.1797 -0.03558433 -0.03509938 0.1797 -0.03408384 -0.03645998 0.1797 -0.03046315 -0.03974306 0.1797 -0.03030765 -0.03988409 0.1797 -0.02641046 -0.04247808 0.1797 0.01602721 -0.0473842 0.1799121 0.01131027 -0.04867708 0.1799121 0.006457805 -0.04951441 0.1799121 0.001583337 -0.04988908 0.1799121 -0.003301143 -0.04980862 0.1799121 -0.008192062 -0.04926985 0.1799121 -0.01298487 -0.04827463 0.1799121 -0.01763248 -0.04682773 0.1799121 -0.02212905 -0.04491007 0.1799121 -0.02643281 -0.04250788 0.1799121 -0.03041869 -0.03968513 0.1799121 -0.03409278 -0.03647392 0.1799121 -0.03746199 -0.03288882 0.1799121 -0.04046571 -0.02901351 0.1799121 -0.0431444 -0.0249238 0.1798104 -0.01293522 -0.0482518 0.1797 -0.01055169 -0.04892951 0.1797 -0.008190274 -0.04923784 0.1797 -0.04308646 -0.0248906 0.1799121 -0.04532855 -0.02052253 0.1799121 -0.04538935 -0.02055031 0.1798104 -0.04721885 -0.01598644 0.1798104 -0.04979318 0.00329703 0.1799121 -0.04985982 0.003301858 0.1798104 -0.04988414 -0.001595199 0.1799121 -0.04995089 -0.001597523 0.1798104 -0.04945272 -0.006501376 0.1799121 -0.04951888 -0.006510674 0.1798104 -0.04853445 -0.01129186 0.1799121 -0.04859942 -0.01130765 0.1798104 -0.04715573 -0.01596456 0.1799121 -0.03945738 0.03039878 0.1799121 -0.03634393 0.03415793 0.1799121 -0.03633403 0.03414648 0.179814 -0.03289353 0.03759407 0.1799121 -0.02909249 0.04069441 0.1799121 -0.029132 0.04074829 0.1798104 -0.03290313 0.03760695 0.1798026 -0.03951072 0.03043895 0.1798104 -0.04222977 0.02633225 0.1799121 -0.04228663 0.02636724 0.1798104 -0.04460167 0.02205091 0.1799121 -0.04919618 0.00813049 0.1799121 -0.04926198 0.008141994 0.1798104 -0.0442698 -0.02290141 0.1797 -0.04527109 -0.02056419 0.1797 -0.04848814 -0.0112881 0.1797 -0.04727834 -0.01587885 0.1797 -0.04723078 -0.01598995 0.1797 -0.04721176 -0.01603418 0.1797 -0.04529428 -0.02051007 0.1797 -0.04993861 -0.001626729 0.1797 -0.04942578 -0.006492555 0.1797 -0.04918122 0.008097529 0.1797 -0.04961156 0.005981147 0.1797 -0.04975104 0.003296613 0.1797 -0.04975336 0.00325191 0.1797 -0.04998433 -0.001193165 0.1797 -0.04994195 -0.001595139 0.1797 -0.04942482 -0.006501495 0.1797 -0.0492084 -0.008554935 0.1797 -0.04849064 -0.01127856 0.1797 -0.04229295 0.02637219 0.1797 -0.04656583 0.01757687 0.1799121 -0.04572391 0.019854 0.1797 -0.03633016 0.03414005 0.1797 -0.03772145 0.03271877 0.1797 -0.039397 0.03040957 0.1797 -0.03242743 0.03812682 0.1797 -0.03284734 0.03769791 0.1797 -0.03291803 0.03762567 0.1797 -0.03627842 0.03419286 0.1797 -0.03942203 0.03037506 0.1797 -0.04220443 0.02654027 0.1797 -0.0422737 0.02640879 0.1797 -0.04653918 0.01756966 0.1797 -0.0465489 0.01754254 0.1797 -0.04820311 0.01290756 0.1797 -0.04917585 0.008123934 0.1797 -0.04843568 -0.01126778 0.1799789 -0.04705965 -0.01593118 0.1799789 -0.04299819 -0.02483999 0.1799789 -0.04523605 -0.02048033 0.1799789 -0.04969173 0.003289759 0.1799789 -0.04978251 -0.001591622 0.1799789 -0.04935199 -0.00648719 0.1799789 -0.04647088 0.01754033 0.1799789 -0.04451054 0.02200579 0.1799789 -0.04214316 0.02627891 0.1799789 -0.04909598 0.008112907 0.1799789 -0.04801398 0.0128799 0.1799789 -0.02903234 0.04061245 0.1799789 -0.03282535 0.03751862 0.1799789 -0.03937608 0.03033769 0.1799789 -0.03626877 0.03408944 0.1799789 0.01599556 -0.04728752 0.1799789 0.001580297 -0.04978746 0.1799789 0.006445348 -0.0494135 0.1799789 -0.003294765 -0.04970711 0.1799789 -0.008176147 -0.04916942 0.1799789 0.01128822 -0.04857784 0.1799789 -0.03738462 -0.03282284 0.1799789 -0.03402215 -0.03640079 0.1799789 -0.02208435 -0.04481875 0.1799789 -0.02637845 -0.04242187 0.1799789 -0.03035569 -0.03960525 0.1799789 -0.01295942 -0.04817616 0.1799789 -0.01759749 -0.04673224 0.1799789 -0.04038244 -0.02895504 0.1799789 -0.02703684 0.04222446 0.1797 -0.02901476 0.04072099 0.1797 -0.02907562 0.04067468 0.1797 -0.04306387 -0.02487385 0.1797 -0.04302436 -0.02493846 0.1797 -0.04051172 -0.0290482 0.1797 -0.04933136 0.008126318 0.1470841 -0.03639149 0.03430235 0.1470841 -0.04471707 0.02211797 0.1470841 -0.032907 0.03776139 0.1470841 -0.02910917 0.04084753 0.1470841 -0.0423212 0.02643758 0.1470841 -0.03953778 0.0305134 0.1470841 -0.03975576 0.03068161 0.1296189 0.01139003 -0.04879593 0.1470841 -0.003281772 -0.04994338 0.1470841 -0.04050713 -0.02918452 0.1470841 -0.03057605 -0.04008263 0.1296189 -0.01775401 -0.04721885 0.1296189 -0.01305204 -0.0486803 0.1296189 0.006585001 -0.04991102 0.1296189 0.02079033 -0.0459882 0.1296189 0.01620447 -0.04775732 0.1296189 0.01145279 -0.04906493 0.1296189 0.00165081 -0.05029559 0.1296189 -0.003299832 -0.0502187 0.1296189 -0.008217394 -0.04968023 0.1296189 -0.02227354 -0.04529595 0.1296189 -0.02656102 -0.04291176 0.1296189 -0.03429251 -0.03684967 0.1296189 -0.03768563 -0.03325617 0.1296189 -0.04073041 -0.02934539 0.1296189 -0.04340207 -0.02516061 0.1296189 -0.04567563 -0.02074503 0.1296189 -0.04752629 -0.01614201 0.1296189 -0.04892915 -0.01139473 0.1296189 -0.04985928 -0.006546497 0.1296189 -0.05029189 -0.001640617 0.1296189 -0.05020451 0.003279626 0.1296189 -0.04960328 0.008171141 0.1296189 -0.04851281 0.01299053 0.1296189 -0.04695791 0.01769453 0.1296189 -0.04496353 0.02223986 0.1296189 -0.04255449 0.02658331 0.1296189 -0.03659206 0.03449141 0.1296189 -0.03308838 0.03796952 0.1296189 -0.02926963 0.04107266 0.1296189 -0.04316413 -0.02502268 0.1470841 -0.03410452 -0.03664767 0.1470841 -0.03747904 -0.0330739 0.1470841 -0.03040844 -0.03986287 0.1470841 -0.0264154 -0.0426765 0.1470841 -0.01765668 -0.04695999 0.1470841 -0.02215141 -0.04504764 0.1470841 -0.008172333 -0.04940789 0.1470841 0.006548881 -0.04963737 0.1470841 0.02067637 -0.04573607 0.1470841 0.01611566 -0.04749548 0.1470841 0.00164175 -0.05001986 0.1470841 -0.01298052 -0.04841345 0.1470841 -0.04670047 0.01759749 0.1470841 -0.05001616 -0.001631617 0.1470841 -0.04992932 0.003261685 0.1470841 -0.04542523 -0.02063131 0.1470841 -0.04726576 -0.01605349 0.1470841 -0.04866087 -0.01133227 0.1470841 -0.04958593 -0.006510615 0.1470841 -0.04824686 0.0129193 0.1470841 0 -0.04729998 0.1753 -0.00869131 -0.0464946 0.18 -0.00869131 -0.0464946 0.1753 -0.01708668 -0.04410588 0.18 -0.01708668 -0.04410588 0.1753 -0.02490019 -0.04021525 0.18 -0.02490019 -0.04021525 0.1753 -0.03186577 -0.03495508 0.18 -0.03186577 -0.03495508 0.1753 -0.03774619 -0.02850461 0.18 -0.03774619 -0.02850461 0.1753 -0.04234117 -0.02108341 0.18 -0.04234117 -0.02108341 0.1753 -0.04549431 -0.01294422 0.18 -0.04549431 -0.01294422 0.1753 -0.04709821 -0.004364252 0.18 -0.04709821 -0.004364252 0.1753 -0.04709821 0.004364252 0.18 -0.04709821 0.004364252 0.1753 -0.04549431 0.01294422 0.18 -0.04549431 0.01294422 0.1753 -0.04234117 0.02108341 0.18 -0.04234117 0.02108341 0.1753 -0.03774619 0.02850461 0.18 -0.03774619 0.02850461 0.1753 -0.03186577 0.03495508 0.18 -0.03186577 0.03495508 0.1753 -0.02490019 0.04021525 0.18 -0.02490019 0.04021525 0.1753 -0.01708668 0.04410588 0.18 -0.01708668 0.04410588 0.1753 -0.00869131 0.0464946 0.18 -0.00869131 0.0464946 0.1753 0 0.04729998 0.18 0 0.04729998 0.1753 0.00869131 0.0464946 0.18 0.00869131 0.0464946 0.1753 0.01708668 0.04410588 0.18 0.01708668 0.04410588 0.1753 0.02490019 0.04021525 0.18 0.02490019 0.04021525 0.1753 0.03186577 0.03495508 0.18 0.03186577 0.03495508 0.1753 0.03774619 0.02850461 0.18 0.03774619 0.02850461 0.1753 0.04234117 0.02108341 0.18 0.04234117 0.02108341 0.1753 0.04549431 0.01294422 0.18 0.04549431 0.01294422 0.1753 0.04709821 0.004364252 0.18 0.04709821 0.004364252 0.1753 0.04709821 -0.004364252 0.18 0.04709821 -0.004364252 0.1753 0.04549431 -0.01294422 0.18 0.04549431 -0.01294422 0.1753 0.04234117 -0.02108341 0.18 0.04234117 -0.02108341 0.1753 0.03774619 -0.02850461 0.18 0.03774619 -0.02850461 0.1753 0.03186577 -0.03495508 0.18 0.03186577 -0.03495508 0.1753 0.02490019 -0.04021525 0.18 0.02490019 -0.04021525 0.1753 0.01708668 -0.04410588 0.18 0.01708668 -0.04410588 0.1753 0.00869131 -0.0464946 0.18 0.00869131 -0.0464946 0.1753 0 -0.04729998 0.18 -0.008636176 0.04619973 0.175 -0.01697832 0.04382616 0.175 -0.0247423 0.0399602 0.175 -0.03166365 0.03473341 0.175 -0.03750675 0.02832382 0.175 -0.04207265 0.02094966 0.175 -0.04520577 0.01286214 0.175 -0.04679948 0.004336595 0.175 -0.04679948 -0.004336595 0.175 -0.04520577 -0.01286214 0.175 -0.04207265 -0.02094966 0.175 -0.03750675 -0.02832382 0.175 -0.03166365 -0.03473341 0.175 -0.0247423 -0.0399602 0.175 -0.01697832 -0.04382616 0.175 -0.008636176 -0.04619973 0.175 0 -0.04699999 0.175 0.008636176 -0.04619973 0.175 0.01697832 -0.04382616 0.175 0.0247423 -0.0399602 0.175 0.03166365 -0.03473341 0.175 0.03750675 -0.02832382 0.175 0.04207265 -0.02094966 0.175 0.04520577 -0.01286214 0.175 0.04679948 -0.004336595 0.175 0.04679948 0.004336595 0.175 0.04520577 0.01286214 0.175 0.04207265 0.02094966 0.175 0.03750675 0.02832382 0.175 0.03166365 0.03473341 0.175 0.0247423 0.0399602 0.175 0.01697832 0.04382616 0.175 0.008636176 0.04619973 0.175 0 0.04699999 0.175 0.047284 -0.01079225 0.18 0.04459708 -0.01906168 0.18 0.04047679 -0.02671849 0.18 0.03505551 -0.03351652 0.18 0.02850759 -0.03923732 0.18 0.02104336 -0.04369693 0.18 0.01290273 -0.04675215 0.18 0.004347503 -0.04830473 0.18 -0.004347503 -0.04830473 0.18 -0.01290273 -0.04675215 0.18 -0.02104336 -0.04369693 0.18 -0.02850759 -0.03923732 0.18 -0.03505551 -0.03351652 0.18 -0.04047679 -0.02671849 0.18 -0.04459708 -0.01906168 0.18 -0.047284 -0.01079225 0.18 -0.04845112 -0.002175927 0.18 -0.04806101 0.006510257 0.18 -0.04612624 0.01498728 0.18 -0.04270887 0.02298259 0.18 -0.0379188 0.03023922 0.18 -0.03191 0.03652393 0.18 -0.02487558 0.04163473 0.18 -0.01704168 0.04540735 0.18 -0.008659958 0.04772055 0.18 0 0.0485 0.18 0.008659958 0.04772055 0.18 0.01704168 0.04540735 0.18 0.02487558 0.04163473 0.18 0.03191 0.03652393 0.18 0.0379188 0.03023922 0.18 0.04270887 0.02298259 0.18 0.04612624 0.01498728 0.18 0.04806101 0.006510257 0.18 0.04845112 -0.002175927 0.18 0.008722245 0.04667013 0.179 0.01669025 0.04447114 0.179 0.01714056 0.0442543 0.179 0.02436268 0.04077631 0.179 0.02496933 0.04033553 0.179 0.03125208 0.03577089 0.179 0.03194314 0.03504806 0.179 0.03713697 0.02961575 0.179 0.03782576 0.02857226 0.179 0.04182827 0.02250874 0.179 0.04241806 0.02112889 0.179 0.04517513 0.01467829 0.179 0.04556483 0.01297116 0.179 0.04707008 0.006376028 0.179 0.04715991 0.00437653 0.179 0.04745215 -0.002131044 0.179 0.04714983 -0.004362761 0.179 0.04630905 -0.01056969 0.179 0.04553568 -0.01294988 0.179 0.04367756 -0.01866865 0.179 0.04237282 -0.02109324 0.179 0.03964221 -0.02616757 0.179 0.03776925 -0.02851623 0.179 0.03433275 -0.03282546 0.179 0.03188169 -0.03496688 0.179 0.02791976 -0.0384283 0.179 0.0249105 -0.04022628 0.179 0.02060943 -0.04279601 0.179 0.0170927 -0.04411584 0.179 0.01263672 -0.04578822 0.179 0.008694052 -0.04650372 0.179 0.004257857 -0.04730874 0.179 0 -0.04730874 0.179 -0.004257857 -0.04730874 0.179 -0.008694052 -0.04650372 0.179 -0.01263672 -0.04578822 0.179 -0.0170927 -0.04411584 0.179 -0.02060943 -0.04279601 0.179 -0.0249105 -0.04022628 0.179 -0.02791976 -0.0384283 0.179 -0.03188169 -0.03496688 0.179 -0.03433275 -0.03282546 0.179 -0.03776925 -0.02851623 0.179 -0.03964221 -0.02616757 0.179 -0.04237282 -0.02109324 0.179 -0.04367756 -0.01866865 0.179 -0.04553568 -0.01294988 0.179 -0.04630905 -0.01056969 0.179 -0.04714983 -0.004362761 0.179 -0.04745215 -0.002131044 0.179 -0.04715991 0.00437653 0.179 -0.04707008 0.006376028 0.179 -0.04556483 0.01297116 0.179 -0.04517513 0.01467829 0.179 -0.04241806 0.02112889 0.179 -0.04182827 0.02250874 0.179 -0.03782576 0.02857226 0.179 -0.03713697 0.02961575 0.179 -0.03194314 0.03504806 0.179 -0.03125208 0.03577089 0.179 -0.02496933 0.04033553 0.179 -0.02436268 0.04077631 0.179 -0.01714056 0.0442543 0.179 -0.01669025 0.04447114 0.179 -0.008722245 0.04667013 0.179 -0.008481442 0.04673665 0.179 0 0.04749995 0.179 0.008481442 0.04673665 0.179 -0.008636176 0.04619973 0.165 -0.01697832 0.04382616 0.165 -0.0247423 0.0399602 0.165 -0.03166365 0.03473341 0.165 -0.03750675 0.02832382 0.165 -0.04207265 0.02094966 0.165 -0.04520577 0.01286214 0.165 -0.04679948 0.004336595 0.165 -0.04679948 -0.004336595 0.165 -0.04520577 -0.01286214 0.165 -0.04207265 -0.02094966 0.165 -0.03750675 -0.02832382 0.165 -0.03166365 -0.03473341 0.165 -0.0247423 -0.0399602 0.165 -0.01697832 -0.04382616 0.165 -0.008636176 -0.04619973 0.165 0 -0.04699999 0.165 0.008636176 -0.04619973 0.165 0.01697832 -0.04382616 0.165 0.0247423 -0.0399602 0.165 0.03166365 -0.03473341 0.165 0.03750675 -0.02832382 0.165 0.04207265 -0.02094966 0.165 0.04520577 -0.01286214 0.165 0.04679948 -0.004336595 0.165 0.04679948 0.004336595 0.165 0.04520577 0.01286214 0.165 0.04207265 0.02094966 0.165 0.03750675 0.02832382 0.165 0.03166365 0.03473341 0.165 0.0247423 0.0399602 0.165 0.01697832 0.04382616 0.165 0.008636176 0.04619973 0.165 0 0.04699999 0.165 -0.008728086 0.04669117 0.165 0 0.04749995 0.165 -0.01715898 0.04429239 0.165 -0.02500551 0.0403853 0.165 -0.03200054 0.0351029 0.165 -0.03790581 0.02862513 0.165 -0.04252022 0.02117252 0.165 -0.04568672 0.01299893 0.165 -0.04729735 0.004382729 0.165 -0.04729735 -0.004382729 0.165 -0.04568672 -0.01299893 0.165 -0.04252022 -0.02117252 0.165 -0.03790581 -0.02862513 0.165 -0.03200054 -0.0351029 0.165 -0.02500551 -0.0403853 0.165 -0.01715898 -0.04429239 0.165 -0.008728086 -0.04669117 0.165 0 -0.04749995 0.165 0.008728086 -0.04669117 0.165 0.01715898 -0.04429239 0.165 0.02500551 -0.0403853 0.165 0.03200054 -0.0351029 0.165 0.03790581 -0.02862513 0.165 0.04252022 -0.02117252 0.165 0.04568672 -0.01299893 0.165 0.04729735 -0.004382729 0.165 0.04729735 0.004382729 0.165 0.04568672 0.01299893 0.165 0.04252022 0.02117252 0.165 0.03790581 0.02862513 0.165 0.03200054 0.0351029 0.165 0.02500551 0.0403853 0.165 0.01715898 0.04429239 0.165 0.008728086 0.04669117 0.165 0.027125 0.04698187 0.04696583 0.02801263 0.04646933 0.04635 0.02763748 0.04609417 0.04635 0.02814996 0.04698187 0.04635 0.02661246 0.04609417 0.04635 0.0262373 0.04646933 0.04635 0.027125 0.04595685 0.04635 0.0262373 0.04749435 0.04635 0.02661246 0.0478695 0.04635 0.02609997 0.04698187 0.04635 0.02763748 0.0478695 0.04635 0.02801263 0.04749435 0.04635 0.027125 0.04800683 0.04635 0.05425 0 0.04696583 0.05513763 -5.125e-4 0.04635 0.05476248 -8.87676e-4 0.04635 0.05527496 0 0.04635 0.05373746 -8.87676e-4 0.04635 0.0533623 -5.125e-4 0.04635 0.05425 -0.001024961 0.04635 0.0533623 5.125e-4 0.04635 0.05373746 8.87676e-4 0.04635 0.05322498 0 0.04635 0.05476248 8.87676e-4 0.04635 0.05513763 5.125e-4 0.04635 0.05425 0.001024961 0.04635 0.027125 -0.04698187 0.04696583 0.02801263 -0.04749435 0.04635 0.02763748 -0.0478695 0.04635 0.02814996 -0.04698187 0.04635 0.02661246 -0.0478695 0.04635 0.0262373 -0.04749435 0.04635 0.027125 -0.04800683 0.04635 0.0262373 -0.04646933 0.04635 0.02661246 -0.04609417 0.04635 0.02609997 -0.04698187 0.04635 0.02763748 -0.04609417 0.04635 0.02801263 -0.04646933 0.04635 0.027125 -0.04595685 0.04635 -0.027125 -0.04698187 0.04696583 -0.0262373 -0.04749435 0.04635 -0.02661246 -0.0478695 0.04635 -0.02609997 -0.04698187 0.04635 -0.02763748 -0.0478695 0.04635 -0.02801263 -0.04749435 0.04635 -0.027125 -0.04800683 0.04635 -0.02801263 -0.04646933 0.04635 -0.02763748 -0.04609417 0.04635 -0.02814996 -0.04698187 0.04635 -0.02661246 -0.04609417 0.04635 -0.0262373 -0.04646933 0.04635 -0.027125 -0.04595685 0.04635 -0.05425 0 0.04696583 -0.0533623 -5.125e-4 0.04635 -0.05373746 -8.87676e-4 0.04635 -0.05322498 0 0.04635 -0.05476248 -8.87676e-4 0.04635 -0.05513763 -5.125e-4 0.04635 -0.05425 -0.001024961 0.04635 -0.05513763 5.125e-4 0.04635 -0.05476248 8.87676e-4 0.04635 -0.05527496 0 0.04635 -0.05373746 8.87676e-4 0.04635 -0.0533623 5.125e-4 0.04635 -0.05425 0.001024961 0.04635 -0.027125 0.04698187 0.04696583 -0.0262373 0.04646933 0.04635 -0.02661246 0.04609417 0.04635 -0.02609997 0.04698187 0.04635 -0.02763748 0.04609417 0.04635 -0.02801263 0.04646933 0.04635 -0.027125 0.04595685 0.04635 -0.02801263 0.04749435 0.04635 -0.02763748 0.0478695 0.04635 -0.02814996 0.04698187 0.04635 -0.02661246 0.0478695 0.04635 -0.0262373 0.04749435 0.04635 -0.027125 0.04800683 0.04635 0.02814996 0.04698187 0.03924995 0.02801263 0.04646933 0.03924995 0.02763748 0.04609417 0.03924995 0.027125 0.04595685 0.03924995 0.02661246 0.04609417 0.03924995 0.0262373 0.04646933 0.03924995 0.02609997 0.04698187 0.03924995 0.0262373 0.04749435 0.03924995 0.02661246 0.0478695 0.03924995 0.027125 0.04800683 0.03924995 0.02763748 0.0478695 0.03924995 0.02801263 0.04749435 0.03924995 0.05527496 0 0.03924995 0.05513763 -5.125e-4 0.03924995 0.05476248 -8.87676e-4 0.03924995 0.05425 -0.001024961 0.03924995 0.05373746 -8.87676e-4 0.03924995 0.0533623 -5.125e-4 0.03924995 0.05322498 0 0.03924995 0.0533623 5.125e-4 0.03924995 0.05373746 8.87676e-4 0.03924995 0.05425 0.001024961 0.03924995 0.05476248 8.87676e-4 0.03924995 0.05513763 5.125e-4 0.03924995 0.02814996 -0.04698187 0.03924995 0.02801263 -0.04749435 0.03924995 0.02763748 -0.0478695 0.03924995 0.027125 -0.04800683 0.03924995 0.02661246 -0.0478695 0.03924995 0.0262373 -0.04749435 0.03924995 0.02609997 -0.04698187 0.03924995 0.0262373 -0.04646933 0.03924995 0.02661246 -0.04609417 0.03924995 0.027125 -0.04595685 0.03924995 0.02763748 -0.04609417 0.03924995 0.02801263 -0.04646933 0.03924995 -0.02609997 -0.04698187 0.03924995 -0.0262373 -0.04749435 0.03924995 -0.02661246 -0.0478695 0.03924995 -0.027125 -0.04800683 0.03924995 -0.02763748 -0.0478695 0.03924995 -0.02801263 -0.04749435 0.03924995 -0.02814996 -0.04698187 0.03924995 -0.02801263 -0.04646933 0.03924995 -0.02763748 -0.04609417 0.03924995 -0.027125 -0.04595685 0.03924995 -0.02661246 -0.04609417 0.03924995 -0.0262373 -0.04646933 0.03924995 -0.05322498 0 0.03924995 -0.0533623 -5.125e-4 0.03924995 -0.05373746 -8.87676e-4 0.03924995 -0.05425 -0.001024961 0.03924995 -0.05476248 -8.87676e-4 0.03924995 -0.05513763 -5.125e-4 0.03924995 -0.05527496 0 0.03924995 -0.05513763 5.125e-4 0.03924995 -0.05476248 8.87676e-4 0.03924995 -0.05425 0.001024961 0.03924995 -0.05373746 8.87676e-4 0.03924995 -0.0533623 5.125e-4 0.03924995 -0.02609997 0.04698187 0.03924995 -0.0262373 0.04646933 0.03924995 -0.02661246 0.04609417 0.03924995 -0.027125 0.04595685 0.03924995 -0.02763748 0.04609417 0.03924995 -0.02801263 0.04646933 0.03924995 -0.02814996 0.04698187 0.03924995 -0.02801263 0.04749435 0.03924995 -0.02763748 0.0478695 0.03924995 -0.027125 0.04800683 0.03924995 -0.02661246 0.0478695 0.03924995 -0.0262373 0.04749435 0.03924995 0 -0.05649995 0.009502112 0.002165019 -0.05774998 0.007999956 0.001249969 -0.05866503 0.007999956 0.002499997 -0.05649995 0.007999956 -0.001249969 -0.05866503 0.007999956 -0.002165019 -0.05774998 0.007999956 0 -0.05899995 0.007999956 -0.002165019 -0.05524998 0.007999956 -0.001249969 -0.05433493 0.007999956 -0.002499997 -0.05649995 0.007999956 0.001249969 -0.05433493 0.007999956 0.002165019 -0.05524998 0.007999956 0 -0.05399996 0.007999956 -0.04384368 -0.03022074 0.03899997 -0.04312497 -0.03123778 0.03899997 -0.04372996 -0.03038156 0.03839582 -0.04312491 -0.03123772 0.03518038 -0.03123772 -0.04312491 0.03518038 -0.03123778 -0.04312497 0.03899997 -0.03038156 -0.04373002 0.03839594 -0.03022074 -0.04384368 0.03899997 -0.009632825 -0.05237144 0.03899997 -0.008405447 -0.05258238 0.03899997 -0.009438693 -0.05240482 0.03839582 -0.008405447 -0.05258232 0.03518038 0.008405447 -0.05258232 0.03518038 0.008405447 -0.05258238 0.03899997 0.009438693 -0.05240482 0.03839582 0.009632825 -0.05237144 0.03899997 0.03022074 -0.04384368 0.03899997 0.03123778 -0.04312497 0.03899997 0.03038156 -0.04373002 0.03839594 0.03123772 -0.04312491 0.03518038 0.04312491 -0.03123772 0.03518038 0.04312497 -0.03123778 0.03899997 0.04372996 -0.03038156 0.03839582 0.04384368 -0.03022074 0.03899997 0.04384368 0.03022074 0.03899997 0.04312497 0.03123778 0.03899997 0.04372996 0.03038156 0.03839582 0.04312491 0.03123772 0.03518038 0.03123772 0.04312491 0.03518038 0.03123778 0.04312497 0.03899997 0.03038156 0.04373002 0.03839594 0.03022074 0.04384368 0.03899997 0.009632825 0.05237144 0.03899997 0.008405447 0.05258238 0.03899997 0.009438693 0.05240482 0.03839582 0.008405447 0.05258232 0.03518038 -0.008405447 0.05258232 0.03518038 -0.008405447 0.05258238 0.03899997 -0.009438693 0.05240482 0.03839582 -0.009632825 0.05237144 0.03899997 -0.03022074 0.04384368 0.03899997 -0.03123778 0.04312497 0.03899997 -0.03038156 0.04373002 0.03839594 -0.03123772 0.04312491 0.03518038 -0.04312491 0.03123772 0.03518038 -0.04312497 0.03123778 0.03899997 -0.04372996 0.03038156 0.03839582 -0.04384368 0.03022074 0.03899997 -0.03247374 0.04053723 2.42426e-4 -0.03247743 0.04064416 4.9723e-4 -0.03247308 0.04052686 2.33802e-4 -0.03247553 0.04057586 4.29481e-4 -0.03247034 0.04048281 0.03899997 -0.03247034 0.04048281 2.09631e-4 -0.03247177 0.04050391 2.14658e-4 -0.03247684 0.04066902 6.49331e-4 -0.03247278 0.04083871 0.001688003 -0.03247147 0.04089117 0.002009093 -0.0324499 0.041036 0.003854155 -0.03239864 0.04138046 0.00824213 -0.03237557 0.04143577 0.009061217 -0.03238427 0.04143887 0.03899997 -0.03217691 0.04191273 0.01612931 -0.03202158 0.04228568 0.02165591 -0.0318917 0.04242479 0.02389711 -0.03191506 0.0424447 0.03899997 -0.03188645 0.04243034 0.02398723 -0.03143304 0.04291576 0.0318101 -0.03247433 -0.0408411 0.001602411 -0.03247565 -0.04072535 9.85879e-4 -0.03247785 -0.04067891 0.001102745 -0.03143543 -0.04291707 0.0318101 -0.03191506 -0.0424447 0.03899997 -0.03247034 -0.04048281 2.09631e-4 -0.03247034 -0.04048281 0.03899997 -0.03241729 -0.04129517 0.006891846 -0.03244781 -0.0410524 0.004063487 -0.03247666 -0.04063409 5.00181e-4 -0.03247684 -0.04061669 4.0725e-4 -0.03247475 -0.04055839 3.54906e-4 -0.03247374 -0.04053771 2.42913e-4 -0.03247189 -0.04050588 2.15482e-4 -0.0324701 -0.04087489 0.001995921 -0.03199273 -0.04233098 0.02230691 -0.03238427 -0.04143887 0.03899997 -0.03189831 -0.04243028 0.02391666 -0.0318942 -0.04243463 0.02398741 -0.03217101 -0.0419135 0.01612907 -0.03237509 -0.04143553 0.009056568 -0.03239864 -0.04138046 0.00824213 0.02822917 0.04634433 0.03899997 0.02776247 0.04587769 0.03899997 0.027125 0.04570686 0.03899997 0.02648746 0.04587769 0.03899997 0.02602076 0.04634433 0.03899997 0.02584999 0.04698187 0.03899997 0.02602076 0.04761934 0.03899997 0.02648746 0.04808604 0.03899997 0.027125 0.04825687 0.03899997 0.02776247 0.04808604 0.03899997 0.02822917 0.04761934 0.03899997 0.0284 0.04698187 0.03899997 0.05535417 -6.375e-4 0.03899997 0.05488747 -0.001104176 0.03899997 0.05425 -0.001274943 0.03899997 0.05361247 -0.001104176 0.03899997 0.05314576 -6.375e-4 0.03899997 0.05297499 0 0.03899997 0.05314576 6.375e-4 0.03899997 0.05361247 0.001104176 0.03899997 0.05425 0.001274943 0.03899997 0.05488747 0.001104176 0.03899997 0.05535417 6.375e-4 0.03899997 0.055525 0 0.03899997 0.02822917 -0.04761934 0.03899997 0.02776247 -0.04808604 0.03899997 0.027125 -0.04825687 0.03899997 0.02648746 -0.04808604 0.03899997 0.02602076 -0.04761934 0.03899997 0.02584999 -0.04698187 0.03899997 0.02602076 -0.04634433 0.03899997 0.02648746 -0.04587769 0.03899997 0.027125 -0.04570686 0.03899997 0.02776247 -0.04587769 0.03899997 0.02822917 -0.04634433 0.03899997 0.0284 -0.04698187 0.03899997 -0.02602076 -0.04761934 0.03899997 -0.02648746 -0.04808604 0.03899997 -0.027125 -0.04825687 0.03899997 -0.02776247 -0.04808604 0.03899997 -0.02822917 -0.04761934 0.03899997 -0.0284 -0.04698187 0.03899997 -0.02822917 -0.04634433 0.03899997 -0.02776247 -0.04587769 0.03899997 -0.027125 -0.04570686 0.03899997 -0.02648746 -0.04587769 0.03899997 -0.02602076 -0.04634433 0.03899997 -0.02584999 -0.04698187 0.03899997 -0.05314576 -6.375e-4 0.03899997 -0.05361247 -0.001104176 0.03899997 -0.05425 -0.001274943 0.03899997 -0.05488747 -0.001104176 0.03899997 -0.05535417 -6.375e-4 0.03899997 -0.055525 0 0.03899997 -0.05535417 6.375e-4 0.03899997 -0.05488747 0.001104176 0.03899997 -0.05425 0.001274943 0.03899997 -0.05361247 0.001104176 0.03899997 -0.05314576 6.375e-4 0.03899997 -0.05297499 0 0.03899997 -0.02602076 0.04634433 0.03899997 -0.02648746 0.04587769 0.03899997 -0.027125 0.04570686 0.03899997 -0.02776247 0.04587769 0.03899997 -0.02822917 0.04634433 0.03899997 -0.0284 0.04698187 0.03899997 -0.02822917 0.04761934 0.03899997 -0.02776247 0.04808604 0.03899997 -0.027125 0.04825687 0.03899997 -0.02648746 0.04808604 0.03899997 -0.02602076 0.04761934 0.03899997 -0.02584999 0.04698187 0.03899997 -0.05646872 0.0020051 0.01993268 -0.05647557 0.002011597 0.03899997 -0.05716037 7.27619e-4 0.03899997 -0.05646866 -0.00200504 0.01993352 -0.05655574 -0.001919209 0.01799994 -0.05716037 -7.27619e-4 0.01799994 -0.05638748 -0.00207901 0.03899997 -0.05560982 -0.002674102 0.03899997 -0.05612838 -0.002337872 0.02748721 -0.05647557 -0.002011597 0.03899997 -0.05613619 -0.002332806 0.02731448 -0.05613052 0.002336144 0.02743995 -0.05560982 0.002674102 0.03899997 -0.05638748 0.00207901 0.03899997 -0.05613821 0.002331137 0.02726888 -0.05655574 0.001919209 0.01799994 -0.05716037 7.27619e-4 0.01799994 -0.05716037 -7.27619e-4 0.03899997 0.002499997 -0.05649995 3e-4 0.002165019 -0.05774998 3e-4 0.001249969 -0.05866503 3e-4 0 -0.05899995 3e-4 -0.001249969 -0.05866503 3e-4 -0.002165019 -0.05774998 3e-4 -0.002499997 -0.05649995 3e-4 -0.002165019 -0.05524998 3e-4 -0.001249969 -0.05433493 3e-4 0 -0.05399996 3e-4 0.001249969 -0.05433493 3e-4 0.002165019 -0.05524998 3e-4 -0.002499997 0.05599999 0.007999956 -0.002499997 0.05599999 0 -0.002499997 0.05699998 0.007999956 -0.002499997 0.05699998 0 -0.002165019 0.05824995 0.007999956 -0.001249969 0.05916506 0.007999956 0 0.05949997 0.007999956 0.001249969 0.05916506 0.007999956 0.002165019 0.05824995 0.007999956 0.002499997 0.05699998 0.007999956 0.002499997 0.05599999 0.007999956 0.002165019 0.05474996 0.007999956 -0.001249969 0.05383491 0.007999956 -0.002165019 0.05474996 0.007999956 0 0.05349999 0.007999956 0.001249969 0.05383491 0.007999956 0.002499997 0.05699998 0 0.002499997 0.05599999 0 -0.05949997 -0.008499979 0.004309535 -0.06229066 -0.008499979 0.004309535 -0.06224977 -0.008507072 0.004393696 -0.06212747 -0.008528351 0.004645347 -0.06204277 -0.008566379 0.004780232 -0.06187146 -0.008643329 0.005053162 -0.0618233 -0.008673965 0.005125224 -0.05949997 -0.008673906 0.005125284 -0.06182557 -0.008663475 0.005101501 -0.06182771 -0.008663356 0.005101382 -0.06183356 -0.008662283 0.00509876 -0.05528831 -0.002856492 0.03899997 -0.05475419 -0.003333747 0.03899997 -0.05550652 -0.002965688 0.0273689 -0.05462622 -0.005480825 0.02734196 -0.05465483 -0.005453109 0.0270695 -0.05474126 -0.004596948 0.0271508 -0.05560809 -0.004530429 0.018 -0.05563271 -0.004085004 0.01799994 -0.05340093 -0.006261706 0.03899997 -0.0535804 -0.005211055 0.03899997 -0.05362755 -0.004934847 0.03899997 -0.05502986 -0.003736555 0.02725374 -0.05404067 -0.004189372 0.03899997 -0.0542798 -0.003757715 0.03899997 -0.05617761 -0.002507567 0.01799994 -0.05601108 -0.002766668 0.01799994 -0.05589956 -0.003155171 0.01799994 -0.05570095 -0.003847122 0.01799994 -0.04519748 -0.03118139 0.02371644 -0.04543924 -0.03012239 0.0313555 -0.04480022 -0.03029292 0.03147256 -0.04292112 -0.03142809 0.03189581 -0.04347914 -0.03095966 0.03174954 -0.04143577 -0.03237557 0.009061217 -0.04138046 -0.03239864 0.00824213 -0.04216849 -0.0323773 0.008129 -0.0419147 -0.03217613 0.0161581 -0.04260516 -0.03199303 0.01603019 -0.04228568 -0.03202158 0.02165585 -0.04307079 -0.03154617 0.02390456 -0.04242479 -0.0318917 0.02389711 -0.04243391 -0.03188312 0.02404463 -0.04432529 -0.02979344 0.03899997 -0.04410678 -0.03056305 0.03160589 -0.04448425 -0.02965241 0.03899997 -0.04500168 -0.02939748 0.03899997 -0.04568117 -0.02906268 0.03899997 -0.04372215 -0.03265762 0.007916748 -0.04443901 -0.03294265 0.007824063 -0.04481607 -0.03207629 0.01567685 -0.04376077 -0.03129971 0.02376639 -0.0451886 -0.03122049 0.0234344 -0.04448634 -0.03118711 0.02363789 -0.04296326 -0.03235584 0.008014917 -0.04335427 -0.03189855 0.0159024 -0.04410892 -0.03195029 0.01578408 -0.0449984 -0.03165745 0.01947349 -0.041036 -0.0324499 0.003854155 -0.04027795 -0.03245973 5.23017e-5 -0.04024487 -0.03245931 8.0266e-5 -0.0399754 -0.03245151 8.37632e-6 -0.04070585 -0.03251731 0 -0.04116076 -0.03254961 0 -0.0414564 -0.03258073 2.37685e-4 -0.04331237 -0.03281831 0.003665685 -0.04217499 -0.03247463 0.003633797 -0.04321807 -0.03280556 0.003438949 -0.04156762 -0.03250646 0.001473188 -0.0424661 -0.03270399 0.001630127 -0.04302382 -0.03277933 0.002971649 -0.04107517 -0.03250455 4.36912e-4 -0.04156571 -0.03259223 3.25597e-4 -0.04223221 -0.03267496 0.001291275 -0.03980046 -0.032453 0 -0.04061776 -0.03248476 2.30152e-5 -0.04053723 -0.03247374 2.42426e-4 -0.04052686 -0.03247308 2.33802e-4 -0.04050391 -0.03247177 2.14658e-4 -0.04048281 -0.03247034 2.09631e-4 -0.04035979 -0.03246265 1.10924e-4 -0.04029768 -0.0324608 9.43558e-5 -0.04064416 -0.03247743 4.9723e-4 -0.04066902 -0.03247684 6.49331e-4 -0.04083871 -0.03247278 0.001688003 -0.04089117 -0.03247147 0.002009093 -0.04057586 -0.03247553 4.29481e-4 -0.0406875 -0.03245192 0.03899997 -0.04048281 -0.03247034 0.03899997 -0.0424447 -0.03191506 0.03899997 -0.04143887 -0.03238427 0.03899997 -0.0323773 -0.04216855 0.008129 -0.03235584 -0.04296326 0.008014917 -0.03250384 -0.04167449 0.001781284 -0.03248208 -0.04062813 9.96089e-5 -0.032494 -0.04072213 8.20274e-5 -0.03250128 -0.040964 2.8834e-4 -0.03256088 -0.04126209 9.87797e-5 -0.03254961 -0.04116076 0 -0.03263401 -0.04192101 7.41357e-4 -0.03261613 -0.04176026 5.84619e-4 -0.03250789 -0.04126888 7.70543e-4 -0.03281015 -0.04326355 0.003657102 -0.03277868 -0.04302495 0.002983272 -0.03247028 -0.04222172 0.003842353 -0.03274536 -0.04277199 0.00226897 -0.03269648 -0.04239869 0.001598775 -0.03265762 -0.04372221 0.007916748 -0.03286653 -0.04369097 0.004864454 -0.03294265 -0.04443901 0.007824063 -0.03113961 -0.04518282 0.02384233 -0.03118944 -0.04516816 0.02346807 -0.03119319 -0.04448378 0.02358072 -0.03196072 -0.04487878 0.01695078 -0.03210061 -0.04481613 0.01565062 -0.03195285 -0.04410761 0.01575541 -0.03096669 -0.04347527 0.03166389 -0.03154999 -0.04306751 0.02384722 -0.03155434 -0.04506081 0.02072817 -0.03057169 -0.04410362 0.03152024 -0.02935624 -0.0449776 0.03895199 -0.03030329 -0.04479748 0.03138697 -0.02972668 -0.04548805 0.03458315 -0.02977895 -0.04558318 0.0340597 -0.03015029 -0.04547393 0.03127127 -0.0298298 -0.04435151 0.03899997 -0.03190052 -0.04335284 0.01587367 -0.03130459 -0.04375791 0.02370911 -0.03199434 -0.04260349 0.0160014 -0.02935218 -0.04497194 0.03899997 -0.02620786 -0.04983824 0.02560305 -0.02703768 -0.04998058 0.02069216 -0.02703768 -0.04998058 0.03899997 -0.02987581 -0.04578477 0.03899997 -0.03011226 -0.0472579 0.03899997 -0.03012192 -0.04711729 0.02734255 -0.03012055 -0.04681897 0.02859348 -0.0299372 -0.04606515 0.03186315 -0.02986949 -0.04578667 0.03307074 -0.02986073 -0.04575067 0.03322696 -0.02960985 -0.04866272 0.01937878 -0.02992606 -0.04805612 0.0227167 -0.02960985 -0.04866272 0.03899997 -0.03009325 -0.04725462 0.0266658 -0.03010612 -0.04719281 0.02697026 -0.02915972 -0.04918634 0.01731294 -0.02866923 -0.04955387 0.01665407 -0.02882045 -0.04945677 0.0167303 -0.02849292 -0.0496518 0.03899997 -0.02755194 -0.04995131 0.01859104 -0.02790433 -0.04987883 0.01756548 -0.02814251 -0.04980403 0.01707547 -0.02829486 -0.0497443 0.01685446 -0.02849292 -0.0496518 0.01668405 -0.02858144 -0.04960459 0.01665389 -0.025604 -0.04956769 0.03054076 -0.025604 -0.04956769 0.03899997 -0.0248605 -0.04894959 0.03899997 -0.009910881 -0.05400806 0.02371644 -0.01083064 -0.05343019 0.0313555 -0.01025819 -0.05309891 0.03147256 -0.008126735 -0.05257284 0.03189581 -0.008852541 -0.0526362 0.03174954 -0.006406486 -0.0521925 0.009061217 -0.006351113 -0.05216974 0.00824213 -0.006923377 -0.0527119 0.008129 -0.006886184 -0.05239009 0.0161581 -0.007503867 -0.05274885 0.01603019 -0.007257819 -0.05254322 0.02165585 -0.008149087 -0.05276221 0.02390456 -0.007448017 -0.05254966 0.02389711 -0.007460474 -0.05255013 0.02404463 -0.01027554 -0.05240988 0.03899997 -0.009576797 -0.05279958 0.03160589 -0.01048767 -0.05242252 0.03899997 -0.01103377 -0.05260813 0.03899997 -0.01175099 -0.05285191 0.03899997 -0.007823765 -0.05400866 0.007916748 -0.008129119 -0.05471712 0.007824063 -0.009008347 -0.05437117 0.01567685 -0.008811295 -0.05307573 0.02376639 -0.009876906 -0.0540294 0.0234344 -0.009403944 -0.05350923 0.02363789 -0.007500529 -0.05325865 0.008014917 -0.00810039 -0.0532118 0.0159024 -0.008597433 -0.05378204 0.01578408 -0.009433448 -0.05420386 0.01947373 -0.006071269 -0.05196243 0.003854155 -0.005528271 -0.05143332 5.23017e-5 -0.005505204 -0.0514096 8.0266e-5 -0.005320191 -0.05121356 8.37632e-6 -0.005790114 -0.05177664 0 -0.006088972 -0.05212116 0 -0.006276011 -0.05235219 2.37685e-4 -0.007420361 -0.05383253 0.003665685 -0.006859183 -0.05278527 0.003633797 -0.007362723 -0.05375683 0.003438949 -0.006407141 -0.05237829 0.001473188 -0.006902813 -0.05315333 0.001630127 -0.007243931 -0.05360096 0.002971649 -0.006060302 -0.05202871 4.36912e-4 -0.006345212 -0.0524376 3.25597e-4 -0.006757974 -0.05296742 0.001291275 -0.005195438 -0.05109095 0 -0.005750894 -0.05169129 2.30152e-5 -0.00570172 -0.05162656 2.42426e-4 -0.005694866 -0.05161881 2.33802e-4 -0.005679547 -0.05160164 2.14658e-4 -0.005665659 -0.05158573 2.09631e-4 -0.005584061 -0.05149322 1.10924e-4 -0.005541443 -0.05144804 9.43558e-5 -0.005774736 -0.05170482 4.9723e-4 -0.005792737 -0.05172199 6.49331e-4 -0.005915582 -0.05183905 0.001688003 -0.00595355 -0.05187523 0.002009093 -0.005680143 -0.0516023 2.21717e-4 -0.005665659 -0.05158573 0.03899997 -0.006402552 -0.05220091 0.03899997 -0.007445573 -0.05258029 0.03899997 0.00812602 -0.05257534 0.03189581 0.007445573 -0.05258029 0.03899997 0.005943059 -0.05186277 0.001995921 0.005916178 -0.05184185 0.001602411 0.005833387 -0.05176091 9.85879e-4 0.006084322 -0.0519725 0.004063487 0.005665659 -0.05158573 0.03899997 0.006277561 -0.05212259 0.006891846 0.005768179 -0.05169713 5.00181e-4 0.005715966 -0.05164229 3.54906e-4 0.005755662 -0.05168491 4.0725e-4 0.005702078 -0.05162692 2.42913e-4 0.005665659 -0.05158573 2.09631e-4 0.005680859 -0.05160313 2.15482e-4 0.007310271 -0.05255484 0.02230745 0.006402552 -0.05220091 0.03899997 0.007447183 -0.05255824 0.02391666 0.007458031 -0.05255854 0.02404481 0.006890892 -0.05238646 0.01615786 0.006406664 -0.05219203 0.009056568 0.006351113 -0.05216974 0.00824213 0.006029009 -0.05203896 2.66203e-6 0.005818068 -0.05177134 8.28426e-5 0.005984067 -0.05194783 2.8834e-4 0.006923377 -0.0527119 0.008129 0.007500529 -0.05325865 0.008014917 0.006484627 -0.05245202 0.001781284 0.005745947 -0.05167984 1.10268e-4 0.006566882 -0.05271834 7.41357e-4 0.006465852 -0.05259209 5.84619e-4 0.006194949 -0.05216807 7.70543e-4 0.006152689 -0.05220073 9.87797e-5 0.006088972 -0.05212116 0 0.007391631 -0.05379223 0.003657102 0.007245123 -0.05360126 0.002983272 0.006895303 -0.05281525 0.003842353 0.007089912 -0.05339884 0.00226897 0.006860435 -0.05310028 0.001598775 0.007823765 -0.05400866 0.007916748 0.007654011 -0.05413436 0.004864454 0.008129119 -0.05471712 0.007824063 0.007503867 -0.05274885 0.01603019 0.008149087 -0.05276221 0.02390456 0.008811295 -0.05307573 0.02376639 0.01025819 -0.05309891 0.03147256 0.009403944 -0.05350923 0.02363789 0.009433448 -0.05420386 0.01947373 0.009008347 -0.05437117 0.01567685 0.008597433 -0.05378204 0.01578408 0.009876906 -0.0540294 0.0234344 0.009910881 -0.05400806 0.02371644 0.01083064 -0.05343019 0.0313555 0.01104807 -0.05256569 0.03899997 0.01175099 -0.05285191 0.03899997 0.01095771 -0.05252885 0.03899997 0.009576797 -0.05279958 0.03160589 0.01026988 -0.05244714 0.03899997 0.008852541 -0.0526362 0.03174954 0.00810039 -0.0532118 0.0159024 0.03190052 -0.04335284 0.01587367 0.03235584 -0.04296326 0.008014917 0.03265762 -0.04372221 0.007916748 0.03202158 -0.04228568 0.02165591 0.03217691 -0.04191273 0.01612931 0.03199434 -0.04260349 0.0160014 0.03237557 -0.04143577 0.009061217 0.03239864 -0.04138046 0.00824213 0.0323773 -0.04216855 0.008129 0.0294252 -0.04505586 0.03806227 0.02935695 -0.04497742 0.03893882 0.03030329 -0.04479748 0.03138697 0.02977895 -0.04558318 0.0340597 0.03193593 -0.04487717 0.01694816 0.03121894 -0.0451892 0.02344679 0.03119319 -0.04448378 0.02358072 0.03118431 -0.04519867 0.02370208 0.0301572 -0.04547971 0.03127187 0.03096669 -0.04347527 0.03166389 0.03188645 -0.04243034 0.02398723 0.03154999 -0.04306751 0.02384722 0.0318917 -0.04242479 0.02389711 0.03143304 -0.04291576 0.0318101 0.03235608 -0.04295372 0.008016288 0.03130459 -0.04375791 0.02370911 0.03057169 -0.04410362 0.03152024 0.0298298 -0.04435151 0.03899997 0.03207939 -0.0448147 0.01564824 0.03195285 -0.04410761 0.01575541 0.02935218 -0.04497194 0.03899997 0.03294265 -0.04443901 0.007824063 0.02992606 -0.04805612 0.0227167 0.02960985 -0.04866272 0.01937878 0.02960985 -0.04866272 0.03899997 0.025604 -0.04956769 0.03054076 0.025604 -0.04956769 0.03899997 0.02703768 -0.04998058 0.03899997 0.0248605 -0.04894959 0.03899997 0.02858167 -0.04960441 0.01665383 0.02849292 -0.0496518 0.01668405 0.02849292 -0.0496518 0.03899997 0.02829688 -0.04974347 0.01685208 0.02783203 -0.04989731 0.0177474 0.02703768 -0.04998058 0.02069216 0.02620774 -0.04983818 0.02560365 0.02931004 -0.04903745 0.01779872 0.02904921 -0.04928344 0.01705282 0.02883201 -0.04944884 0.01674038 0.02867239 -0.04955196 0.01665467 0.03010368 -0.04662501 0.02939671 0.03012496 -0.04698187 0.02791488 0.03011226 -0.0472579 0.03899997 0.03009223 -0.04717838 0.02698653 0.03007978 -0.04725325 0.02663284 0.02996307 -0.04795402 0.02332276 0.02987581 -0.04578477 0.03899997 0.02984517 -0.0457955 0.03310936 0.0299291 -0.04606491 0.03190368 0.03245973 -0.04027879 5.35643e-5 0.03245937 -0.0402469 8.08172e-5 0.03245151 -0.0399754 8.37632e-6 0.03251731 -0.04070585 0 0.03254961 -0.04116076 0 0.03258073 -0.0414564 2.37685e-4 0.03250586 -0.04156333 0.00147444 0.03247356 -0.04216831 0.003635108 0.03245568 -0.04105973 0.003721177 0.03245401 -0.04106897 0.003851592 0.03280556 -0.04321807 0.003438949 0.03281831 -0.04331237 0.003665685 0.03270399 -0.0424661 0.001630127 0.03277933 -0.04302382 0.002971649 0.03250426 -0.04107278 4.38178e-4 0.03259223 -0.04156571 3.25597e-4 0.03267496 -0.04223221 0.001291275 0.032453 -0.03980046 0 0.03248465 -0.04061722 2.42776e-5 0.03247141 -0.04049843 2.12426e-4 0.03247034 -0.04048281 2.09631e-4 0.03246265 -0.04035979 1.10924e-4 0.03247302 -0.04052507 2.29444e-4 0.0324608 -0.04029768 9.43558e-5 0.03247064 -0.04081416 0.001690447 0.03247791 -0.04069536 7.07921e-4 0.0324757 -0.0405814 3.17479e-4 0.03247314 -0.04052728 2.32863e-4 0.03191506 -0.0424447 0.03899997 0.03238427 -0.04143887 0.03899997 0.03247183 -0.04050505 2.21247e-4 0.03247034 -0.04048281 0.03899997 0.04292231 -0.03143036 0.03189581 0.0424447 -0.03191506 0.03899997 0.04087489 -0.0324701 0.001995921 0.0408411 -0.03247433 0.001602411 0.04072535 -0.03247565 9.85879e-4 0.04048281 -0.03247034 0.03899997 0.0410524 -0.03244781 0.004063487 0.04063409 -0.03247666 5.00181e-4 0.04055839 -0.03247475 3.54906e-4 0.04061669 -0.03247684 4.0725e-4 0.04053771 -0.03247374 2.42913e-4 0.04048281 -0.03247034 2.09631e-4 0.04050588 -0.03247189 2.15482e-4 0.04233103 -0.03199273 0.02230745 0.04143887 -0.03238427 0.03899997 0.04243028 -0.03189831 0.02391666 0.04243814 -0.0318908 0.02404481 0.04191541 -0.03217017 0.01615786 0.04143553 -0.03237509 0.009056568 0.0406875 -0.03245192 0.03899997 0.04138046 -0.03239864 0.00824213 0.04129517 -0.03241729 0.006891846 0.04106026 -0.03253394 2.66203e-6 0.04072189 -0.03249382 8.28426e-5 0.040964 -0.03250128 2.8834e-4 0.04216849 -0.0323773 0.008129 0.04296326 -0.03235584 0.008014917 0.04167449 -0.03250384 0.001781284 0.0406062 -0.03248012 1.10268e-4 0.04192101 -0.03263401 7.41357e-4 0.04176026 -0.03261613 5.84619e-4 0.04126888 -0.03250789 7.70543e-4 0.04126209 -0.03256088 9.87797e-5 0.04116076 -0.03254961 0 0.04326355 -0.03281015 0.003657102 0.04302495 -0.03277868 0.002983272 0.04222172 -0.03247028 0.003842353 0.04277199 -0.03274536 0.00226897 0.04239869 -0.03269648 0.001598775 0.04372215 -0.03265762 0.007916748 0.04369097 -0.03286653 0.004864454 0.04443901 -0.03294265 0.007824063 0.04260516 -0.03199303 0.01603019 0.04307079 -0.03154617 0.02390456 0.04376077 -0.03129971 0.02376639 0.04480022 -0.03029292 0.03147256 0.04448634 -0.03118711 0.02363789 0.0449984 -0.03165745 0.01947373 0.04481607 -0.03207629 0.01567685 0.04410892 -0.03195029 0.01578408 0.0451886 -0.03122049 0.0234344 0.04519748 -0.03118139 0.02371644 0.04543924 -0.03012239 0.0313555 0.04498171 -0.02935731 0.03899997 0.04568117 -0.02906268 0.03899997 0.04489183 -0.02939522 0.03899997 0.04410678 -0.03056305 0.03160589 0.04434764 -0.02982378 0.03899997 0.04347914 -0.03095966 0.03174954 0.04335427 -0.03189855 0.0159024 0.05604261 -0.002405464 0.02764648 0.05604261 -0.002405464 0.03899997 0.05693119 -0.001345694 0.03899997 0.05482184 -0.002944946 0.03899997 0.05724954 0 0.01665371 0.05724996 -1.54744e-5 0.01665049 0.05724996 0 0.03899997 0.05724442 -1.82779e-4 0.01670038 0.05721807 -4.36502e-4 0.01693803 0.05712687 -8.50506e-4 0.01776093 0.05693119 -0.001345694 0.01953178 0.05648702 -0.001998841 0.02357268 0.05710834 9.10919e-4 0.0179286 0.05693119 0.001345694 0.01953178 0.05693119 0.001345694 0.03899997 0.05648702 0.001998841 0.02357256 0.05723029 3.42944e-4 0.01682746 0.05724591 1.56021e-4 0.01668673 0.05604261 0.002405464 0.02764648 0.05604261 0.002405464 0.03899997 0.05482184 0.002944946 0.03899997 0.04519748 0.03118139 0.02371644 0.04543924 0.03012239 0.0313555 0.04480022 0.03029292 0.03147256 0.04292112 0.03142809 0.03189581 0.04347914 0.03095966 0.03174954 0.04143577 0.03237557 0.009061217 0.04138046 0.03239864 0.00824213 0.04216849 0.0323773 0.008129 0.0419147 0.03217613 0.0161581 0.04260516 0.03199303 0.01603019 0.04228568 0.03202158 0.02165585 0.04307079 0.03154617 0.02390456 0.04242479 0.0318917 0.02389711 0.04243391 0.03188312 0.02404463 0.04432529 0.02979344 0.03899997 0.04410678 0.03056305 0.03160589 0.04448425 0.02965241 0.03899997 0.04500168 0.02939748 0.03899997 0.04568117 0.02906268 0.03899997 0.04372215 0.03265762 0.007916748 0.04443901 0.03294265 0.007824063 0.04481607 0.03207629 0.01567685 0.04376077 0.03129971 0.02376639 0.0451886 0.03122049 0.0234344 0.04448634 0.03118711 0.02363789 0.04296326 0.03235584 0.008014917 0.04335427 0.03189855 0.0159024 0.04410892 0.03195029 0.01578408 0.0449984 0.03165745 0.01947373 0.041036 0.0324499 0.003854155 0.04027795 0.03245973 5.23017e-5 0.04024487 0.03245931 8.0266e-5 0.0399754 0.03245151 8.37632e-6 0.04070585 0.03251731 0 0.04116076 0.03254961 0 0.0414564 0.03258073 2.37685e-4 0.04331237 0.03281831 0.003665685 0.04217499 0.03247463 0.003633797 0.04321807 0.03280556 0.003438949 0.04156762 0.03250646 0.001473188 0.0424661 0.03270399 0.001630127 0.04302382 0.03277933 0.002971649 0.04107517 0.03250455 4.36912e-4 0.04156571 0.03259223 3.25597e-4 0.04223221 0.03267496 0.001291275 0.03980046 0.032453 0 0.04061776 0.03248476 2.30152e-5 0.04053723 0.03247374 2.42426e-4 0.04052686 0.03247308 2.33802e-4 0.04050391 0.03247177 2.14658e-4 0.04048281 0.03247034 2.09631e-4 0.04035979 0.03246265 1.10924e-4 0.04029768 0.0324608 9.43558e-5 0.04064416 0.03247743 4.9723e-4 0.04066902 0.03247684 6.49331e-4 0.04083871 0.03247278 0.001688003 0.04089117 0.03247147 0.002009093 0.04050487 0.03247183 2.21717e-4 0.0406875 0.03245192 0.03899997 0.04048281 0.03247034 0.03899997 0.0424447 0.03191506 0.03899997 0.04143887 0.03238427 0.03899997 0.03217101 0.0419135 0.01612907 0.03237509 0.04143553 0.009056568 0.03238427 0.04143887 0.03899997 0.03240472 0.04135382 0.00781089 0.03245192 0.04108774 0.004060566 0.03247034 0.04048281 0.03899997 0.03239864 0.04138046 0.00824213 0.03245258 0.04108411 0.004009008 0.03246802 0.04084748 0.001999616 0.03247034 0.04048281 2.09631e-4 0.03247576 0.04072791 9.84047e-4 0.03247499 0.04056328 3.54037e-4 0.03247791 0.04069536 7.07919e-4 0.03247743 0.04064387 4.98443e-4 0.03247195 0.04050672 2.15924e-4 0.03247404 0.04054307 2.49839e-4 0.03247737 0.04064029 4.83882e-4 0.03143543 0.04291707 0.0318101 0.03191506 0.0424447 0.03899997 0.0318942 0.04243463 0.02398741 0.03189831 0.04243028 0.02391666 0.03199273 0.04233098 0.02230691 0.03250128 0.040964 2.8834e-4 0.03248012 0.0406062 1.10268e-4 0.03249382 0.04072189 8.28426e-5 0.03250789 0.04126888 7.70543e-4 0.03256088 0.04126209 9.87797e-5 0.03254961 0.04116076 0 0.03253394 0.04106026 2.66203e-6 0.03250384 0.04167449 0.001781284 0.03263401 0.04192101 7.41357e-4 0.03261613 0.04176026 5.84619e-4 0.03281015 0.04326355 0.003657102 0.03277868 0.04302495 0.002983272 0.03247028 0.04222172 0.003842353 0.03274536 0.04277199 0.00226897 0.03269648 0.04239869 0.001598775 0.03235584 0.04296326 0.008014917 0.03265762 0.04372221 0.007916748 0.03286653 0.04369097 0.004864454 0.03294265 0.04443901 0.007824063 0.0323773 0.04216855 0.008129 0.03113961 0.04518282 0.02384233 0.03118944 0.04516816 0.02346807 0.03119319 0.04448378 0.02358072 0.03196072 0.04487878 0.01695078 0.03210061 0.04481613 0.01565062 0.03195285 0.04410761 0.01575541 0.03096669 0.04347527 0.03166389 0.03154999 0.04306751 0.02384722 0.03155434 0.04506081 0.02072817 0.03057169 0.04410362 0.03152024 0.02935624 0.0449776 0.03895199 0.03030329 0.04479748 0.03138697 0.02972668 0.04548805 0.03458315 0.02977895 0.04558318 0.0340597 0.03015029 0.04547393 0.03127127 0.0298298 0.04435151 0.03899997 0.03190052 0.04335284 0.01587367 0.03130459 0.04375791 0.02370911 0.03199434 0.04260349 0.0160014 0.02935218 0.04497194 0.03899997 0.02620786 0.04983824 0.02560305 0.02703768 0.04998058 0.02069216 0.02703768 0.04998058 0.03899997 0.02987581 0.04578477 0.03899997 0.03012162 0.04712355 0.02731567 0.03012496 0.04698187 0.02791488 0.03011226 0.0472579 0.03899997 0.0299527 0.04606848 0.03180831 0.0299189 0.04588913 0.03257292 0.02987194 0.04578649 0.03307151 0.02960985 0.04866272 0.01937878 0.02992606 0.04805612 0.0227167 0.02960985 0.04866272 0.03899997 0.03009408 0.04725474 0.02666872 0.0301069 0.04719376 0.02696955 0.02915972 0.04918634 0.01731294 0.02866923 0.04955387 0.01665407 0.02882045 0.04945677 0.0167303 0.02849292 0.0496518 0.03899997 0.02755194 0.04995131 0.01859104 0.02790433 0.04987883 0.01756548 0.02814251 0.04980403 0.01707547 0.02829486 0.0497443 0.01685446 0.02849292 0.0496518 0.01668405 0.02858144 0.04960459 0.01665389 0.025604 0.04956769 0.03054076 0.025604 0.04956769 0.03899997 0.0248605 0.04894959 0.03899997 0.009910881 0.05400806 0.02371644 0.01083064 0.05343019 0.0313555 0.01025819 0.05309891 0.03147256 0.008126735 0.05257284 0.03189581 0.008852541 0.0526362 0.03174954 0.006406486 0.0521925 0.009061217 0.006351113 0.05216974 0.00824213 0.006923377 0.0527119 0.008129 0.006886184 0.05239009 0.0161581 0.007503867 0.05274885 0.01603019 0.007257819 0.05254322 0.02165585 0.008149087 0.05276221 0.02390456 0.007448017 0.05254966 0.02389711 0.007460474 0.05255013 0.02404463 0.01027554 0.05240988 0.03899997 0.009576797 0.05279958 0.03160589 0.01048767 0.05242252 0.03899997 0.01103377 0.05260813 0.03899997 0.01175099 0.05285191 0.03899997 0.007823765 0.05400866 0.007916748 0.008129119 0.05471712 0.007824063 0.009008347 0.05437117 0.01567685 0.008811295 0.05307573 0.02376639 0.009876906 0.0540294 0.0234344 0.009403944 0.05350923 0.02363789 0.007500529 0.05325865 0.008014917 0.00810039 0.0532118 0.0159024 0.008597433 0.05378204 0.01578408 0.009433448 0.05420386 0.01947373 0.006071269 0.05196243 0.003854155 0.005528271 0.05143332 5.23017e-5 0.005505204 0.0514096 8.0266e-5 0.005320191 0.05121356 8.37632e-6 0.005790114 0.05177664 0 0.006088972 0.05212116 0 0.006276011 0.05235219 2.37685e-4 0.007420361 0.05383253 0.003665685 0.006859183 0.05278527 0.003633797 0.007362723 0.05375683 0.003438949 0.006407141 0.05237829 0.001473188 0.006902813 0.05315333 0.001630127 0.007243931 0.05360096 0.002971649 0.006060302 0.05202871 4.36912e-4 0.006345212 0.0524376 3.25597e-4 0.006757974 0.05296742 0.001291275 0.005195438 0.05109095 0 0.005750894 0.05169129 2.30152e-5 0.00570172 0.05162656 2.42426e-4 0.005694866 0.05161881 2.33802e-4 0.005679547 0.05160164 2.14658e-4 0.005665659 0.05158573 2.09631e-4 0.005584061 0.05149322 1.10924e-4 0.005541443 0.05144804 9.43558e-5 0.005774736 0.05170482 4.9723e-4 0.005792737 0.05172199 6.49331e-4 0.005915582 0.05183905 0.001688003 0.00595355 0.05187523 0.002009093 0.005727767 0.05165511 4.29481e-4 0.005665659 0.05158573 0.03899997 0.007445573 0.05258029 0.03899997 0.006402552 0.05220091 0.03899997 -0.00812602 0.05257534 0.03189581 -0.007445573 0.05258029 0.03899997 -0.005916178 0.05184185 0.001602411 -0.005833387 0.05176091 9.85879e-4 -0.005943059 0.05186277 0.001995921 -0.005715966 0.05164229 3.54906e-4 -0.006084322 0.0519725 0.004063487 -0.005768179 0.05169713 5.00181e-4 -0.005755662 0.05168491 4.0725e-4 -0.005702078 0.05162692 2.42913e-4 -0.006277561 0.05212259 0.006891846 -0.005665659 0.05158573 0.03899997 -0.005665659 0.05158573 2.09631e-4 -0.005680859 0.05160313 2.15482e-4 -0.007310271 0.05255484 0.02230745 -0.006402552 0.05220091 0.03899997 -0.007447183 0.05255824 0.02391666 -0.007458031 0.05255854 0.02404481 -0.006890892 0.05238646 0.01615786 -0.006406664 0.05219203 0.009056568 -0.006351113 0.05216974 0.00824213 -0.006029009 0.05203896 2.66203e-6 -0.005818068 0.05177134 8.28426e-5 -0.005984067 0.05194783 2.8834e-4 -0.006923377 0.0527119 0.008129 -0.007500529 0.05325865 0.008014917 -0.006484627 0.05245202 0.001781284 -0.005745947 0.05167984 1.10268e-4 -0.006566882 0.05271834 7.41357e-4 -0.006465852 0.05259209 5.84619e-4 -0.006194949 0.05216807 7.70543e-4 -0.006152689 0.05220073 9.87797e-5 -0.006088972 0.05212116 0 -0.007391631 0.05379223 0.003657102 -0.007245123 0.05360126 0.002983272 -0.006895303 0.05281525 0.003842353 -0.007089912 0.05339884 0.00226897 -0.006860435 0.05310028 0.001598775 -0.007823765 0.05400866 0.007916748 -0.007654011 0.05413436 0.004864454 -0.008129119 0.05471712 0.007824063 -0.007503867 0.05274885 0.01603019 -0.008149087 0.05276221 0.02390456 -0.008811295 0.05307573 0.02376639 -0.01025819 0.05309891 0.03147256 -0.009403944 0.05350923 0.02363789 -0.009433448 0.05420386 0.01947373 -0.009008347 0.05437117 0.01567685 -0.008597433 0.05378204 0.01578408 -0.009876906 0.0540294 0.0234344 -0.009910881 0.05400806 0.02371644 -0.01083064 0.05343019 0.0313555 -0.01104807 0.05256569 0.03899997 -0.01175099 0.05285191 0.03899997 -0.01095771 0.05252885 0.03899997 -0.009576797 0.05279958 0.03160589 -0.01026988 0.05244714 0.03899997 -0.008852541 0.0526362 0.03174954 -0.00810039 0.0532118 0.0159024 -0.02935695 0.04497742 0.03893882 -0.02935218 0.04497194 0.03899997 -0.0298298 0.04435151 0.03899997 -0.03096669 0.04347527 0.03166389 -0.0323773 0.04216855 0.008129 -0.03118431 0.04519867 0.02370208 -0.0301572 0.04547971 0.03127187 -0.03030329 0.04479748 0.03138697 -0.02977895 0.04558318 0.0340597 -0.03265762 0.04372221 0.007916748 -0.03294265 0.04443901 0.007824063 -0.03207939 0.0448147 0.01564824 -0.03199434 0.04260349 0.0160014 -0.03154999 0.04306751 0.02384722 -0.0294252 0.04505586 0.03806227 -0.03057169 0.04410362 0.03152024 -0.03130459 0.04375791 0.02370911 -0.03121894 0.0451892 0.02344679 -0.03119319 0.04448378 0.02358072 -0.03235584 0.04296326 0.008014917 -0.03190052 0.04335284 0.01587367 -0.03195285 0.04410761 0.01575541 -0.03193593 0.04487717 0.01694816 -0.02992606 0.04805612 0.0227167 -0.02960985 0.04866272 0.01937878 -0.02960985 0.04866272 0.03899997 -0.025604 0.04956769 0.03054076 -0.025604 0.04956769 0.03899997 -0.02703768 0.04998058 0.03899997 -0.0248605 0.04894959 0.03899997 -0.02858167 0.04960441 0.01665383 -0.02849292 0.0496518 0.01668405 -0.02849292 0.0496518 0.03899997 -0.02829688 0.04974347 0.01685208 -0.02783203 0.04989731 0.0177474 -0.02703768 0.04998058 0.02069216 -0.02620774 0.04983818 0.02560365 -0.02931004 0.04903745 0.01779872 -0.02904921 0.04928344 0.01705282 -0.02883201 0.04944884 0.01674038 -0.02867239 0.04955196 0.01665467 -0.03010332 0.04662209 0.02940881 -0.03012412 0.04691112 0.02821058 -0.03011226 0.0472579 0.03899997 -0.03008604 0.0471732 0.02699518 -0.03007447 0.04725301 0.02662491 -0.02998006 0.04790306 0.02361041 -0.02987581 0.04578477 0.03899997 -0.02984523 0.0457955 0.0331093 -0.02992939 0.04606497 0.03190284 -0.03251731 0.04070585 0 -0.03254961 0.04116076 0 -0.03258073 0.0414564 2.37685e-4 -0.03248476 0.04061776 2.30152e-5 -0.03246152 0.04029721 1.01183e-4 -0.03245973 0.04027795 5.23017e-5 -0.03246402 0.04038518 1.25368e-4 -0.03250455 0.04107517 4.36912e-4 -0.03250646 0.04156762 0.001473188 -0.03247463 0.04217499 0.003633797 -0.03270399 0.0424661 0.001630127 -0.03277933 0.04302382 0.002971649 -0.03280556 0.04321807 0.003438949 -0.03281831 0.04331237 0.003665685 -0.03267496 0.04223221 0.001291275 -0.03259223 0.04156571 3.25597e-4 -0.03245151 0.0399515 6.0943e-6 -0.032453 0.03980046 0 -0.03245991 0.04024189 8.59675e-5 -0.04292231 0.03143036 0.03189581 -0.0424447 0.03191506 0.03899997 -0.04087489 0.0324701 0.001995921 -0.0408411 0.03247433 0.001602411 -0.04072535 0.03247565 9.85879e-4 -0.0410524 0.03244781 0.004063487 -0.04048281 0.03247034 0.03899997 -0.04063409 0.03247666 5.00181e-4 -0.04055839 0.03247475 3.54906e-4 -0.04061669 0.03247684 4.0725e-4 -0.04053771 0.03247374 2.42913e-4 -0.04048281 0.03247034 2.09631e-4 -0.04050588 0.03247189 2.15482e-4 -0.04233103 0.03199273 0.02230745 -0.04143887 0.03238427 0.03899997 -0.04243028 0.03189831 0.02391666 -0.04243814 0.0318908 0.02404481 -0.04191541 0.03217017 0.01615786 -0.04143553 0.03237509 0.009056568 -0.0406875 0.03245192 0.03899997 -0.04138046 0.03239864 0.00824213 -0.04129517 0.03241729 0.006891846 -0.04106026 0.03253394 2.66203e-6 -0.04072189 0.03249382 8.28426e-5 -0.040964 0.03250128 2.8834e-4 -0.04216849 0.0323773 0.008129 -0.04296326 0.03235584 0.008014917 -0.04167449 0.03250384 0.001781284 -0.0406062 0.03248012 1.10268e-4 -0.04192101 0.03263401 7.41357e-4 -0.04176026 0.03261613 5.84619e-4 -0.04126888 0.03250789 7.70543e-4 -0.04126209 0.03256088 9.87797e-5 -0.04116076 0.03254961 0 -0.04326355 0.03281015 0.003657102 -0.04302495 0.03277868 0.002983272 -0.04222172 0.03247028 0.003842353 -0.04277199 0.03274536 0.00226897 -0.04239869 0.03269648 0.001598775 -0.04372215 0.03265762 0.007916748 -0.04369097 0.03286653 0.004864454 -0.04443901 0.03294265 0.007824063 -0.04260516 0.03199303 0.01603019 -0.04307079 0.03154617 0.02390456 -0.04376077 0.03129971 0.02376639 -0.04480022 0.03029292 0.03147256 -0.04448634 0.03118711 0.02363789 -0.0449984 0.03165745 0.01947349 -0.04481607 0.03207629 0.01567685 -0.04410892 0.03195029 0.01578408 -0.0451886 0.03122049 0.0234344 -0.04519748 0.03118139 0.02371644 -0.04543924 0.03012239 0.0313555 -0.04498171 0.02935731 0.03899997 -0.04568117 0.02906268 0.03899997 -0.04489183 0.02939522 0.03899997 -0.04410678 0.03056305 0.03160589 -0.04434764 0.02982378 0.03899997 -0.04347914 0.03095966 0.03174954 -0.04335427 0.03189855 0.0159024 -0.05474603 0.004593789 0.0271036 -0.05465984 0.005449116 0.02702224 -0.05463093 0.00547707 0.02729684 -0.05560809 0.004530429 0.018 -0.05569452 0.003840982 0.01799994 -0.05573338 0.003530561 0.01799994 -0.05503404 0.003734171 0.02720654 -0.05589723 0.003161489 0.01799994 -0.0555098 0.00296384 0.02732169 -0.05618751 0.002507448 0.01799994 -0.0562905 0.002275347 0.01799994 -0.05473852 0.00332129 0.03899997 -0.05451852 0.003484725 0.03899997 -0.05340093 0.006261706 0.03899997 -0.05341535 0.005922555 0.03899997 -0.05359882 0.005219101 0.03899997 -0.0537573 0.004611253 0.03899997 -0.05403923 0.004194021 0.03899997 0.003919541 -0.05010569 0.03899997 3.81819e-4 -0.04900968 0.03899997 -0.0406875 -0.0234909 0.03899997 -0.0406875 0.0234909 0.03899997 -0.04950433 0.0234909 0.03899997 -0.04865413 0.02543389 0.03899997 -0.04739421 0.02771103 0.03899997 -0.04675 0.02848011 0.03899997 -0.04588705 0.02899229 0.03899997 -0.05340093 -0.01274567 0.03899997 -0.0516979 -0.01847797 0.03899997 -0.05340093 0.01274567 0.03899997 -0.0516979 0.01847797 0.03899997 -0.04582101 -0.02899307 0.03899997 -0.0465762 -0.0286172 0.03899997 -0.04672968 -0.02845948 0.03899997 -0.04727345 -0.02790081 0.03899997 -0.04739421 -0.02771103 0.03899997 -0.04865413 -0.02543389 0.03899997 -0.04950433 -0.0234909 0.03899997 -0.03265851 -0.03820163 0.03899997 0 -0.0234909 0.03899997 -0.03438508 -0.03492504 0.03899997 -0.03746908 -0.03287422 0.03899997 0 -0.04908651 0.03899997 -0.01291894 -0.0531668 0.03899997 -0.01369845 -0.05315625 0.03899997 -0.0139181 -0.05310738 0.03899997 -0.01706951 -0.05217987 0.03899997 -0.02482676 -0.04896676 0.03899997 -0.003248989 -0.04974025 0.03899997 -0.01269888 -0.05316978 0.03899997 -0.01189911 -0.05290156 0.03899997 0.0406875 -0.0234909 0.03899997 0.03820163 -0.03265851 0.03899997 0.03492504 -0.03438508 0.03899997 0.03287422 -0.03746908 0.03899997 0.02482676 -0.04896676 0.03899997 0.01706951 -0.05217987 0.03899997 0.01291912 -0.05319571 0.03899997 0.01194643 -0.0529477 0.03899997 0.0139181 -0.05310738 0.03899997 0.04675024 -0.02847981 0.03899997 0.04739421 -0.02771103 0.03899997 0.04817777 -0.02632504 0.03899997 0.04588705 -0.02899229 0.03899997 0.0406875 0.0234909 0.03899997 0.05413991 0.009109377 0.03899997 0.05187797 0.01796627 0.03899997 0.05413991 -0.009109377 0.03899997 0.05187797 -0.01796627 0.03899997 0.04943239 -0.0234909 0.03899997 0.04739421 0.02771103 0.03899997 0.04727345 0.02790081 0.03899997 0.04672968 0.02845948 0.03899997 0.04817777 0.02632504 0.03899997 0.04943239 0.0234909 0.03899997 0.0465762 0.0286172 0.03899997 0.04582101 0.02899307 0.03899997 0.03265851 0.03820163 0.03899997 0 0.0234909 0.03899997 0.03438508 0.03492504 0.03899997 0.03746908 0.03287422 0.03899997 0.02054637 0.0507397 0.03899997 0.02482676 0.04896676 0.03899997 0 0.04908651 0.03899997 0.003248989 0.04974025 0.03899997 0.004557847 0.0507397 0.03899997 0.01189911 0.05290156 0.03899997 0.01269888 0.05316978 0.03899997 0.01291894 0.0531668 0.03899997 0.01369845 0.05315625 0.03899997 0.0139181 0.05310738 0.03899997 0.01706951 0.05217987 0.03899997 -0.03820163 0.03265851 0.03899997 -0.03492504 0.03438508 0.03899997 -0.03287422 0.03746908 0.03899997 -0.02482676 0.04896676 0.03899997 -0.02054637 0.0507397 0.03899997 -0.00466758 0.0507397 0.03899997 -0.003919541 0.05010569 0.03899997 -3.81819e-4 0.04900968 0.03899997 -0.01706951 0.05217987 0.03899997 -0.01291871 0.05319571 0.03899997 -0.01194643 0.0529477 0.03899997 -0.0139181 0.05310738 0.03899997 -0.0575 -0.007999956 0 -0.0575 -0.007999956 0.01799994 -0.05560809 -0.007999956 0.01799994 -0.0575 0.00999999 0.01799994 -0.05560809 0.00999999 0.01799994 -0.0575 0.00999999 0 -0.05949997 0.008673906 0.005125284 -0.0618233 0.008673965 0.005125224 -0.05949997 0.008499979 0.004309535 -0.06182557 0.008663475 0.005101561 -0.06193447 0.008609235 0.00496149 -0.06204319 0.008563637 0.004783391 -0.06183701 0.008660078 0.005093634 -0.06212747 0.008528351 0.004645347 -0.06224977 0.008507072 0.004393696 -0.06229066 0.008499979 0.004309535 -0.05949997 0.005999982 0.005394399 -0.0575 0.005999982 0.005394399 -0.05949997 0.006981968 0.008497893 -0.0575 0.006981968 0.008497893 -0.05949997 0.00645411 0.01170992 -0.0575 0.00645411 0.01170992 -0.05949997 0.004530668 0.01433593 -0.0575 0.004530668 0.01433593 -0.05949997 0.001627504 0.01580816 -0.0575 0.001627504 0.01580816 -0.05949997 -0.001627504 0.01580816 -0.0575 -0.001627504 0.01580816 -0.05949997 -0.004530668 0.01433593 -0.0575 -0.004530668 0.01433593 -0.05949997 -0.00645411 0.01170992 -0.0575 -0.00645411 0.01170992 -0.05949997 -0.006981968 0.008497893 -0.0575 -0.006981968 0.008497893 -0.05949997 -0.005999982 0.005394399 -0.0575 -0.005999982 0.005394399 -0.06223142 -0.00861746 0.004607319 -0.06235831 -0.008969068 0.004436314 -0.06234639 -0.008801043 0.004521608 -0.06242394 -0.008499979 0.003623962 -0.06234067 -0.008790135 0.004526793 -0.06232476 -0.008499979 0.004134237 -0.06231117 -0.008733749 0.004553556 -0.06226563 -0.008646786 0.004594802 -0.0622344 -0.008619964 0.004606187 0.002649962 -0.05594015 0 0.002424836 -0.05509996 0 0.001399993 -0.05407512 0 0 -0.05369997 0 -0.001399993 -0.05407512 0 -0.002424836 -0.05509996 0 -0.002649962 -0.05594015 0 -0.002799987 -0.05649995 0 0.002799987 -0.05649995 0 0.002649962 -0.05705976 0 0.002424836 -0.05789995 0 0.001399993 -0.05892485 0 0 -0.0593 0 -0.001399993 -0.05892485 0 -0.002424836 -0.05789995 0 -0.002649962 -0.05705976 0 0.002165019 0.05474996 0 0.001249969 0.05383491 0 0 0.05349999 0 -0.001249969 0.05383491 0 -0.002165019 0.05474996 0 -0.002165019 0.05824995 0 -0.001249969 0.05916506 0 0 0.05949997 0 0.001249969 0.05916506 0 0.002165019 0.05824995 0 -0.06223678 -0.008499979 1.11337e-4 -0.05949997 -0.008499979 0 -0.06209343 -0.008499979 3.18704e-5 -0.06191927 -0.008499979 0 -0.06208747 -0.008499979 2.85945e-5 -0.06241261 -0.008499979 3.94641e-4 -0.06238627 -0.008499979 3.2952e-4 -0.06234943 -0.008499979 2.38526e-4 -0.06242394 -0.008499979 5e-4 -0.05949997 -0.005999982 0 -0.0575 -0.005999982 0 -0.0575 -0.01321929 0 -0.04838711 -0.03132045 0.0129463 -0.04872882 -0.0332641 0 -0.0522868 -0.02733284 0 -0.05555784 -0.01985758 0 -0.04814034 -0.03042346 0.0194208 -0.05258542 -0.02665048 0 -0.04642307 -0.03166675 0.01952677 -0.04744929 -0.03116756 0.01949685 -0.04789233 -0.03405785 0 -0.04803109 -0.03398811 0 -0.04713243 -0.03443974 0 -0.04672586 -0.03449147 0 -0.04528594 -0.03175079 0.01949548 -0.04614114 -0.0345658 0 -0.04548692 -0.03442579 0 -0.04516714 -0.03435736 0 -0.04446798 -0.03396385 0 -0.04290038 -0.03305554 0 -0.03245151 -0.0399515 0 -0.03265851 -0.03820163 0 -0.03438508 -0.03492504 0 -0.03746908 -0.03287422 0 -0.03396385 -0.04446798 0 -0.03305554 -0.04290038 0 -0.03442668 -0.04536062 0 -0.03209096 -0.04533076 0.01698404 -0.03202229 -0.04648113 0.01701623 -0.03456717 -0.04635649 0 -0.03444379 -0.04548192 0 -0.03152817 -0.04752337 0.01698547 -0.03436958 -0.04733598 0 -0.0344932 -0.0467233 0 -0.03077965 -0.04822814 0.01690769 -0.0332641 -0.04872882 0 -0.03354537 -0.04847574 0 -0.0338605 -0.0481922 0 -0.0340445 -0.04788279 0 -0.01206791 -0.05636179 0.01294612 -0.01093518 -0.05797773 0 -0.01834398 -0.05607581 0 -0.0266804 -0.05262273 0 -0.0125277 -0.05555301 0.01942104 -0.01972573 -0.05550342 0 -0.01043426 -0.0552178 0.01952701 -0.01151293 -0.05559045 0.01949715 -0.009782433 -0.05794751 0 -0.009929895 -0.05799633 0 -0.008975028 -0.05768024 0 -0.008651018 -0.05742931 0 -0.009570837 -0.05447316 0.01949572 -0.008184969 -0.05706846 0 -0.007821381 -0.05650681 0 -0.00764364 -0.05623227 0 -0.007427453 -0.05545967 0 -0.006961345 -0.05370897 0 -0.003248989 -0.04974025 0 0.003919541 -0.05010569 0 -0.002649962 -0.04961973 0 3.81819e-4 -0.04900968 0 0.002649962 -0.04971235 0 0.007427453 -0.05545967 0 0.006961345 -0.05370897 0 0.009570837 -0.05447322 0.01949572 0.007731378 -0.05641812 0 0.007805049 -0.05651599 0 0.008336305 -0.05722171 0 0.01043426 -0.0552178 0.01952701 0.008647918 -0.05742871 0 0.009168624 -0.0577746 0 0.01013398 -0.05802005 0 0.009785115 -0.05793136 0 0.01151293 -0.05559045 0.01949709 0.01093518 -0.05797773 0 0.01257407 -0.05555367 0.01941782 0.01258003 -0.05554491 0.01948839 0.0266804 -0.05262273 0 0.0332641 -0.04872882 0 0.03315329 -0.04871332 7.15518e-4 0.03077816 -0.04822963 0.01690751 0.01834398 -0.05607581 0 0.01972573 -0.05550342 0 0.03152817 -0.04752337 0.01698547 0.03202229 -0.04648113 0.01701623 0.03352665 -0.04847574 0 0.03398811 -0.04803109 0 0.03405779 -0.04789239 0 0.03443974 -0.04713243 0 0.03435736 -0.04516714 0 0.03442579 -0.04548698 0 0.03209096 -0.04533076 0.01698404 0.0345658 -0.04614114 0 0.03449147 -0.04672592 0 0.03396385 -0.04446798 0 0.03305554 -0.04290038 0 0.03820163 -0.03265851 0 0.03287422 -0.03746908 0 0.03492504 -0.03438508 0 0.04446798 -0.03396385 0 0.04290038 -0.03305554 0 0.04528594 -0.03175073 0.01949572 0.04536062 -0.03442668 0 0.04548186 -0.03444379 0 0.04635649 -0.03456717 0 0.04642301 -0.03166669 0.01952701 0.04672324 -0.0344932 0 0.04733598 -0.03436958 0 0.0481922 -0.0338605 0 0.04788279 -0.0340445 0 0.04744929 -0.0311675 0.01949709 0.04872882 -0.0332641 0 0.0481736 -0.03039115 0.01941782 0.04817157 -0.03038072 0.01948839 0.04838711 0.03132045 0.01294612 0.04872882 0.0332641 0 0.05177491 0.02829056 0 0.05177491 -0.02829056 0 0.04814034 0.03042346 0.01942104 0.05899995 0 0 0.05818212 0.009789526 0 0.05818212 -0.009789526 0 0.05575132 -0.01930767 0 0.05575132 0.01930767 0 0.04642301 0.03166669 0.01952701 0.04744929 0.0311675 0.01949715 0.04789233 0.03405785 0 0.04803109 0.03398811 0 0.04713243 0.03443974 0 0.04672586 0.03449147 0 0.04528594 0.03175073 0.01949572 0.04614114 0.0345658 0 0.04548692 0.03442579 0 0.04516714 0.03435736 0 0.04446798 0.03396385 0 0.04290038 0.03305554 0 0.03265851 0.03820163 0 0.03746908 0.03287422 0 0.03438508 0.03492504 0 0.03396385 0.04446798 0 0.03305554 0.04290038 0 0.03442668 0.04536062 0 0.03209096 0.04533076 0.01698404 0.03202229 0.04648113 0.01701623 0.03456717 0.04635649 0 0.03444379 0.04548192 0 0.03152817 0.04752337 0.01698547 0.03436958 0.04733598 0 0.0344932 0.0467233 0 0.03077965 0.04822814 0.01690769 0.0332641 0.04872882 0 0.03365653 0.04837572 0 0.0338605 0.0481922 0 0.0340445 0.04788279 0 0.0266804 0.05262273 0 0.0125277 0.05555301 0.01942104 0.01834398 0.05607581 0 0.01206791 0.05636179 0.01294612 0.01093518 0.05797773 0 0.01972573 0.05550342 0 0.01043426 0.0552178 0.01952701 0.01151293 0.05559045 0.01949715 0.009782433 0.05794751 0 0.009929895 0.05799633 0 0.008975028 0.05768024 0 0.008651018 0.05742931 0 0.009570837 0.05447316 0.01949572 0.008184969 0.05706846 0 0.007821381 0.05650681 0 0.00764364 0.05623227 0 0.007427453 0.05545967 0 0.006961345 0.05370897 0 0.005604445 0.05151605 1.51993e-4 -0.003919541 0.05010569 0 -0.002649962 0.04971235 0 -3.81819e-4 0.04900968 0 0.002649962 0.04961973 0 0.003248989 0.04974025 0 -0.007427453 0.05545967 0 -0.006961345 0.05370897 0 -0.009570837 0.05447322 0.01949572 -0.007731378 0.05641812 0 -0.007805049 0.05651599 0 -0.008336305 0.05722171 0 -0.01043426 0.0552178 0.01952701 -0.008647918 0.05742871 0 -0.009168624 0.0577746 0 -0.01013398 0.05802005 0 -0.009785115 0.05793136 0 -0.01151293 0.05559045 0.01949709 -0.01093518 0.05797773 0 -0.01257407 0.05555367 0.01941782 -0.01258003 0.05554491 0.01948839 -0.0266804 0.05262273 0 -0.0332641 0.04872882 0 -0.03315329 0.04871332 7.15518e-4 -0.03077816 0.04822963 0.01690751 -0.01834398 0.05607581 0 -0.01972573 0.05550342 0 -0.03152817 0.04752337 0.01698547 -0.03202229 0.04648113 0.01701623 -0.03363043 0.04837572 0 -0.03398811 0.04803109 0 -0.03405779 0.04789239 0 -0.03443974 0.04713243 0 -0.03435736 0.04516714 0 -0.03442579 0.04548698 0 -0.03209096 0.04533076 0.01698404 -0.0345658 0.04614114 0 -0.03449147 0.04672592 0 -0.03396385 0.04446798 0 -0.03305554 0.04290038 0 -0.03820163 0.03265851 0 -0.03287422 0.03746908 0 -0.03492504 0.03438508 0 -0.04446798 0.03396385 0 -0.04290038 0.03305554 0 -0.04528594 0.03175079 0.01949548 -0.04536062 0.03442668 0 -0.04548186 0.03444379 0 -0.04635649 0.03456717 0 -0.04642307 0.03166675 0.01952677 -0.04672324 0.0344932 0 -0.04733598 0.03436958 0 -0.0481922 0.0338605 0 -0.04788279 0.0340445 0 -0.04744929 0.03116756 0.01949685 -0.04872882 0.0332641 0 -0.0481736 0.03039121 0.01941758 -0.04817157 0.03038078 0.01948815 -0.0522868 0.02733284 0 -0.0575 0.01321929 0 -0.05555784 0.01985758 0 -0.05258542 0.02665048 0 -0.0575 0.005999982 0 -0.05949997 0.005999982 0 0.04030442 0.04776906 0 0.03982514 0.04813909 0 0.03994929 0.04829037 3.09043e-5 -0.06219029 0.008499979 7.82174e-5 -0.0623151 0.008499979 1.89806e-4 -0.06087887 0.01563102 1.46447e-4 -0.06087887 -0.01563102 1.46447e-4 0.06217885 -0.007854998 3.09043e-5 0.06195151 -0.007826149 0 0.06227451 -0.005309164 0 0.06267303 0 3.09043e-5 0.06159842 -0.01057755 0 0.06070405 -0.01558613 3.09043e-5 0.06051683 -0.01553881 0 0.05827188 -0.02307146 3.09043e-5 0.05882281 -0.02112174 0 0.06040906 -0.01603317 0 0.05430155 -0.03094542 0 0.05473947 -0.03009432 0 0.05492079 -0.03019297 3.09043e-5 0.05674868 -0.02618986 0 0.05805957 -0.02298671 0 0.05144196 -0.03549677 0 0.05070352 -0.03683829 3.09043e-5 0.05052667 -0.03670871 0 0.04821598 -0.03976845 0 0.04568666 -0.04290264 3.09043e-5 0.04552966 -0.04275643 0 0.04466217 -0.04372131 0 0.03994929 -0.04829037 3.09043e-5 0.04078912 -0.04735589 0 0.03358185 -0.05291658 3.09043e-5 0.03662103 -0.05064725 0 0.03937101 -0.04847574 0 0.03981423 -0.04812574 0 0.0265966 -0.05651867 0 0.02761369 -0.05606913 0 0.02668488 -0.05670827 3.09043e-5 0.03226929 -0.05352586 0 0.03346544 -0.05273461 0 0.02287137 -0.05816525 0 0.01936703 -0.05960559 3.09043e-5 0.01972573 -0.05925202 0 0.01170504 -0.06135576 0 0.01288408 -0.06115776 0 0.01174372 -0.06156289 3.09043e-5 0.01791369 -0.05987811 0 0.01929914 -0.05939942 0 0.00779891 -0.06201183 0 0.003935217 -0.06254935 3.09043e-5 0.003920733 -0.06233268 0 -0.003935217 -0.06254935 3.09043e-5 -0.003921031 -0.06233888 0 -0.002807915 -0.06243723 0 -0.002649962 -0.06243765 0 0.002502322 -0.06244999 0 0.002649962 -0.06243777 0 -0.00817734 -0.06196284 0 -0.01174372 -0.06156289 3.09043e-5 -0.01170164 -0.06133848 0 -0.01361554 -0.06099945 0 -0.01936703 -0.05960559 3.09043e-5 -0.01877266 -0.05961406 0 -0.02668488 -0.05670827 3.09043e-5 -0.0239287 -0.0577386 0 -0.01972573 -0.0592674 0 -0.01930594 -0.0594201 0 -0.03358185 -0.05291658 3.09043e-5 -0.0287435 -0.0554983 0 -0.02658778 -0.05650132 0 -0.03980308 -0.04811376 0 -0.03936636 -0.04847574 0 -0.03994929 -0.04829037 3.09043e-5 -0.03780174 -0.0497725 0 -0.03343331 -0.05280667 0 -0.0418955 -0.04637962 0 -0.04568666 -0.04290264 3.09043e-5 -0.04555583 -0.04277938 0 -0.05070352 -0.03683829 3.09043e-5 -0.04912132 -0.03864401 0 -0.04568058 -0.04265671 0 -0.0547586 -0.03010326 0 -0.05258542 -0.03372788 0 -0.05492079 -0.03019297 3.09043e-5 -0.05218607 -0.0343939 0 -0.05051964 -0.03670489 0 -0.05827188 -0.02307146 3.09043e-5 -0.05717587 -0.02524352 0 -0.05491673 -0.02983951 0 -0.06056982 -0.01541411 0 -0.06053173 -0.01554167 0 -0.06070405 -0.01558613 3.09043e-5 -0.05911159 -0.02029949 0 -0.05805921 -0.02298748 0 -0.06164926 -0.01027792 0 -0.06099081 -0.01565974 3.26941e-4 -0.06102073 -0.01566743 5e-4 -0.06194984 -0.01092159 5e-4 -0.05911886 -0.02152067 5e-4 -0.05854713 -0.02318042 3.26941e-4 -0.05857586 -0.0231918 5e-4 -0.05518019 -0.03033554 3.26941e-4 -0.05520731 -0.03035044 5e-4 -0.05450129 -0.03146296 5e-4 -0.05094301 -0.03701227 3.26941e-4 -0.05096805 -0.03703045 5e-4 -0.04816615 -0.04041731 5e-4 -0.04590249 -0.0431053 3.26941e-4 -0.04592502 -0.04312646 5e-4 -0.04047775 -0.04824173 5e-4 -0.040138 -0.04851847 3.26941e-4 -0.04015767 -0.04854232 5e-4 -0.03374052 -0.05316656 3.26941e-4 -0.03375709 -0.05319261 5e-4 -0.03144675 -0.05446273 5e-4 -0.02681088 -0.05697613 3.26941e-4 -0.02682405 -0.05700409 5e-4 -0.02151054 -0.05910784 5e-4 -0.01945847 -0.05988717 3.26941e-4 -0.01946806 -0.05991655 5e-4 -0.01179921 -0.0618537 3.26941e-4 -0.01180499 -0.06188404 5e-4 -0.01093363 -0.06199413 5e-4 -0.003953814 -0.06284481 3.26941e-4 -0.003955781 -0.06287568 5e-4 0 -0.06287568 5e-4 0.003953814 -0.06284481 3.26941e-4 0.003955781 -0.06287568 5e-4 0.01093363 -0.06199413 5e-4 0.01179921 -0.0618537 3.26941e-4 0.01180499 -0.06188404 5e-4 0.01945847 -0.05988717 3.26941e-4 0.01946806 -0.05991655 5e-4 0.02151054 -0.05910784 5e-4 0.02681088 -0.05697613 3.26941e-4 0.02682405 -0.05700409 5e-4 0.03144675 -0.05446273 5e-4 0.03374052 -0.05316656 3.26941e-4 0.03375709 -0.05319261 5e-4 0.040138 -0.04851847 3.26941e-4 0.04015767 -0.04854232 5e-4 0.05094301 -0.03701227 3.26941e-4 0.04816615 -0.04041731 5e-4 0.04590249 -0.0431053 3.26941e-4 0.04592502 -0.04312646 5e-4 0.04047775 -0.04824173 5e-4 0.05854713 -0.02318042 3.26941e-4 0.05520731 -0.03035044 5e-4 0.05518019 -0.03033554 3.26941e-4 0.05450129 -0.03146296 5e-4 0.05096805 -0.03703045 5e-4 0.06099081 -0.01565974 3.26941e-4 0.05911886 -0.02152067 5e-4 0.05857586 -0.0231918 5e-4 0.06247252 0.007892072 3.26941e-4 0.06299996 0 5e-4 0.06296908 0 3.26941e-4 0.06250321 -0.007895946 5e-4 0.06247252 -0.007892072 3.26941e-4 0.06192678 -0.01091766 5e-4 0.06102073 -0.01566743 5e-4 0.06099081 0.01565974 3.26941e-4 0.06192678 0.01091766 5e-4 0.06250321 0.007895946 5e-4 0.05518019 0.03033554 3.26941e-4 0.05857586 0.0231918 5e-4 0.05854713 0.02318042 3.26941e-4 0.05911886 0.02152067 5e-4 0.06102073 0.01566743 5e-4 0.05094301 0.03701227 3.26941e-4 0.05450129 0.03146296 5e-4 0.05520731 0.03035044 5e-4 0.04590249 0.0431053 3.26941e-4 0.04816615 0.04041731 5e-4 0.05096805 0.03703045 5e-4 0.03374052 0.05316656 3.26941e-4 0.04015767 0.04854232 5e-4 0.040138 0.04851847 3.26941e-4 0.04047775 0.04824173 5e-4 0.04592502 0.04312646 5e-4 0.02681088 0.05697613 3.26941e-4 0.03144675 0.05446273 5e-4 0.03375709 0.05319261 5e-4 0.01179921 0.0618537 3.26941e-4 0.01946806 0.05991655 5e-4 0.01945847 0.05988717 3.26941e-4 0.02151054 0.05910784 5e-4 0.02682405 0.05700409 5e-4 0.003953814 0.06284481 3.26941e-4 0.01093363 0.06199413 5e-4 0.01180499 0.06188404 5e-4 -0.003953814 0.06284481 3.26941e-4 0 0.06287568 5e-4 0.003955781 0.06287568 5e-4 -0.01945847 0.05988717 3.26941e-4 -0.01180499 0.06188404 5e-4 -0.01179921 0.0618537 3.26941e-4 -0.01093363 0.06199413 5e-4 -0.003955781 0.06287568 5e-4 -0.02681088 0.05697613 3.26941e-4 -0.02151054 0.05910784 5e-4 -0.01946806 0.05991655 5e-4 -0.04047775 0.04824173 5e-4 -0.04015767 0.04854232 5e-4 -0.040138 0.04851847 3.26941e-4 -0.03375709 0.05319261 5e-4 -0.03374052 0.05316656 3.26941e-4 -0.03144675 0.05446273 5e-4 -0.02682405 0.05700409 5e-4 -0.04592502 0.04312646 5e-4 -0.04590249 0.0431053 3.26941e-4 -0.04816615 0.04041731 5e-4 -0.05094301 0.03701227 3.26941e-4 -0.05096805 0.03703045 5e-4 -0.05450129 0.03146296 5e-4 -0.05518019 0.03033554 3.26941e-4 -0.05520731 0.03035044 5e-4 -0.05854713 0.02318042 3.26941e-4 -0.05857586 0.0231918 5e-4 -0.05911886 0.02152067 5e-4 -0.06099081 0.01565974 3.26941e-4 -0.06102073 0.01566743 5e-4 -0.06239587 0.008499979 3.35633e-4 -0.06242394 0.008499979 5e-4 -0.06194984 0.01092159 5e-4 -0.06239145 0.008499979 3.2764e-4 -0.06209141 0.008499979 3.69474e-5 -0.06070405 0.01558613 3.09043e-5 -0.06203448 0.008499979 1.31969e-5 -0.06097388 0.01372915 0 -0.06191927 0.008499979 0 -0.05766725 0.02409982 0 -0.05807238 0.02299362 0 -0.05827188 0.02307146 3.09043e-5 -0.05958753 0.01885664 0 -0.06048703 0.01552975 0 -0.0554037 0.02892541 0 -0.05492079 0.03019297 3.09043e-5 -0.05473083 0.03008741 0 -0.05265957 0.03366434 0 -0.05070352 0.03683829 3.09043e-5 -0.05258542 0.03377008 0 -0.0455392 0.04276293 0 -0.04613643 0.04216307 0 -0.04568666 0.04290264 3.09043e-5 -0.04958844 0.03804296 0 -0.05052411 0.03670889 0 -0.04235947 0.04595637 0 -0.03994929 0.04829037 3.09043e-5 -0.03980511 0.04811698 0 -0.03358185 0.05291658 3.09043e-5 -0.03396975 0.05246323 0 -0.03830105 0.04938918 0 -0.03949916 0.04837572 0 -0.02668488 0.05670827 3.09043e-5 -0.02939271 0.05515718 0 -0.03347849 0.05275237 0 -0.01936703 0.05960559 3.09043e-5 -0.01930898 0.05942511 0 -0.01972573 0.05930536 0 -0.0197317 0.05930364 0 -0.02468991 0.05741721 0 -0.02658861 0.05650472 0 -0.01474839 0.06073534 0 -0.01174372 0.06156289 3.09043e-5 -0.01330977 0.06102132 0 -0.003923773 0.06235748 0 -0.004446864 0.0623418 0 -0.003935217 0.06254935 3.09043e-5 -0.009603798 0.06175804 0 -0.01170098 0.0613411 0 0.003921508 0.06232297 0 0.002649962 0.06239151 0 0.003935217 0.06254935 3.09043e-5 7.07117e-4 0.0624963 0 -0.002649962 0.06239569 0 0.006014049 0.06221008 0 0.01174372 0.06156289 3.09043e-5 0.01127332 0.06147527 0 0.01936703 0.05960559 3.09043e-5 0.0165283 0.06027501 0 0.01326072 0.06102132 0 0.01170748 0.06137609 0 0.02178496 0.05858093 0 0.02668488 0.05670827 3.09043e-5 0.01972573 0.05924457 0 0.01929497 0.05938339 0 0.03358185 0.05291658 3.09043e-5 0.03155887 0.05394786 0 0.02670574 0.05650711 0 0.03951859 0.04837572 0 0.03602421 0.05107349 0 0.03345948 0.05272442 0 0.04421955 0.044169 0 0.04568666 0.04290264 3.09043e-5 0.04552221 0.04274904 0 0.04781389 0.04025089 0 0.05070352 0.03683829 3.09043e-5 0.05053997 0.03671836 0 0.05492079 0.03019297 3.09043e-5 0.0539205 0.03160446 0 0.05105745 0.03604781 0 0.0584647 0.02209359 0 0.05807989 0.02299445 0 0.05827188 0.02307146 3.09043e-5 0.05637878 0.02697706 0 0.05472666 0.03008699 0 0.06007778 0.01723307 0 0.06070405 0.01558613 3.09043e-5 0.06048834 0.01553148 0 0.06132316 0.01207172 0 0.06217885 0.007854998 3.09043e-5 0.06198012 0.007829129 0 0.0625 0 0 0.06247425 0.001798152 0 0.06210339 0.007033407 0 -0.05843973 -0.02313792 1.46447e-4 -0.05507898 -0.03027993 1.46447e-4 -0.05084955 -0.03694438 1.46447e-4 -0.04581826 -0.0430262 1.46447e-4 -0.04006433 -0.04842948 1.46447e-4 -0.03367859 -0.05306899 1.46447e-4 -0.02676171 -0.05687159 1.46447e-4 -0.01942276 -0.05977725 1.46447e-4 -0.01177757 -0.06174021 1.46447e-4 -0.003946602 -0.06272947 1.46447e-4 0.003946602 -0.06272947 1.46447e-4 0.01177757 -0.06174021 1.46447e-4 0.01942276 -0.05977725 1.46447e-4 0.02676171 -0.05687159 1.46447e-4 0.03367859 -0.05306899 1.46447e-4 0.04006433 -0.04842948 1.46447e-4 0.04581826 -0.0430262 1.46447e-4 0.05084955 -0.03694438 1.46447e-4 0.05507898 -0.03027993 1.46447e-4 0.05843973 -0.02313792 1.46447e-4 0.06087887 -0.01563102 1.46447e-4 0.0623579 -0.007877588 1.46447e-4 0.06285351 0 1.46447e-4 0.0623579 0.007877588 1.46447e-4 0.06087887 0.01563102 1.46447e-4 0.05843973 0.02313792 1.46447e-4 0.05507898 0.03027993 1.46447e-4 0.05084955 0.03694438 1.46447e-4 0.04581826 0.0430262 1.46447e-4 0.04006433 0.04842948 1.46447e-4 0.03367859 0.05306899 1.46447e-4 0.02676171 0.05687159 1.46447e-4 0.01942276 0.05977725 1.46447e-4 0.01177757 0.06174021 1.46447e-4 0.003946602 0.06272947 1.46447e-4 -0.003946602 0.06272947 1.46447e-4 -0.01177757 0.06174021 1.46447e-4 -0.01942276 0.05977725 1.46447e-4 -0.02676171 0.05687159 1.46447e-4 -0.03367859 0.05306899 1.46447e-4 -0.04006433 0.04842948 1.46447e-4 -0.04581826 0.0430262 1.46447e-4 -0.05084955 0.03694438 1.46447e-4 -0.05507898 0.03027993 1.46447e-4 -0.05843973 0.02313792 1.46447e-4 -0.06231844 0.008499979 0.004236698 -0.0623359 0.008499979 0.004135072 -0.06242394 0.008499979 0.003623962 -0.05949997 0.008499979 0 -0.06234639 0.008800983 0.004521608 -0.06235831 0.008969068 0.004436314 -0.06223142 0.00861746 0.004607319 -0.0622344 0.008619964 0.004606187 -0.06226563 0.008646786 0.004594802 -0.06231117 0.008733749 0.004553556 -0.06234067 0.008790135 0.004526793 -0.05949997 0.004154145 0.01754355 -0.05949997 0.007401227 0.01495569 -0.05949997 0.009234488 0.01123017 -0.05949997 0.009303629 0.007078528 -0.05949997 -0.009346902 0.00730133 -0.05949997 -0.009178578 0.01145011 -0.05949997 -0.007256865 0.01513081 -0.05949997 -0.003948867 0.01764035 -0.05949997 1.13482e-4 0.01849931 -0.06150561 -0.009314656 0.007309317 -0.0616917 -0.009027123 0.006149649 -0.06189602 -0.009104847 0.006154477 -0.061755 -0.008929312 0.005755007 -0.06191474 -0.009774148 0.007730424 -0.06181412 -0.009588301 0.0077371 -0.0620746 -0.009233474 0.006137192 -0.06203371 -0.009822428 0.00703442 -0.06193131 -0.00998342 0.007704496 -0.06191545 -0.009782671 0.007729351 -0.06218117 -0.009421825 0.006091654 -0.06218582 -0.009583294 0.006038665 -0.06144428 -0.009409427 0.007691562 -0.06163406 -0.00945574 0.007721245 -0.06163781 -0.009456694 0.007721841 -0.06164735 -0.009459018 0.007723331 -0.06224149 -0.009495735 0.005674302 -0.0362392 -0.04366379 0.03340351 -0.0362392 -0.04366379 0.01499998 -0.03712832 -0.04455292 0.02419346 -0.03808695 -0.04551154 0.01499998 -0.03665149 -0.0399515 0.01499998 -0.03665149 -0.0399515 0 -0.03709363 -0.04160153 0.01499998 -0.03709363 -0.04160153 0 -0.03830152 -0.04280936 0.01499998 -0.03830152 -0.04280936 0 -0.0399515 -0.04325151 0.01499998 -0.0399515 -0.04325151 0 -0.04160153 -0.04280936 0.01499998 -0.04160153 -0.04280936 0 -0.04280936 -0.04160153 0.01499998 -0.04280936 -0.04160153 0 -0.04325151 -0.0399515 0.01499998 -0.04325151 -0.0399515 0 -0.04280936 -0.03830152 0.01499998 -0.04280936 -0.03830152 0 -0.04160153 -0.03709363 0.01499998 -0.04160153 -0.03709363 0 -0.0399515 -0.03665149 0.01499998 -0.0399515 -0.03665149 0 -0.03830152 -0.03709363 0.01499998 -0.03830152 -0.03709363 0 -0.03709363 -0.03830152 0.01499998 -0.03709363 -0.03830152 0 -0.04549688 -0.03807228 0.01499998 -0.04366379 -0.0362392 0.01499998 -0.04454857 -0.03712391 0.02395594 -0.04366379 -0.0362392 0.03292715 -0.03545778 -0.04266619 0.04744088 -0.03522139 -0.04222941 0.01499998 -0.04225307 -0.03537118 0.05149501 -0.04222941 -0.03522139 0.01499998 -0.04217255 -0.03532165 0.05255484 -0.03971594 -0.03470677 0.01499998 -0.04158973 -0.03496307 0.06022548 -0.03759557 -0.03525978 0.1000973 -0.03729742 -0.0354278 0.1023498 -0.03740864 -0.03535842 0.1016389 -0.03790652 -0.03511619 0.09784483 -0.03895646 -0.03484892 0.08854299 -0.0372588 -0.03544467 0.01499998 -0.03726226 -0.0354498 0.1025746 -0.03943765 -0.0347265 0.08428013 -0.03971332 -0.03475677 0.08119916 -0.04071152 -0.03486651 0.07004171 -0.03602713 -0.03646415 0.1060969 -0.03585964 -0.03666222 0.1063576 -0.03590732 -0.03660583 0.1064886 -0.03623515 -0.03624325 0.1068418 -0.03602606 -0.03646534 0.1068149 -0.03610056 -0.03638368 0.1069044 -0.03612107 -0.03636121 0.106929 -0.03665035 -0.03588551 0.1057316 -0.03614699 -0.03633373 0.1055731 -0.03637588 -0.03610736 0.1067783 -0.03626441 -0.03621411 0.1069209 -0.03619062 -0.03628838 0.106951 -0.03572368 -0.03685826 0.1054145 -0.03544497 -0.03725999 0.1034815 -0.03544467 -0.0372588 0.01499998 -0.03485071 -0.03870862 0.09237068 -0.03517979 -0.03790229 0.09857201 -0.03542423 -0.03730344 0.1031776 -0.03694278 -0.03564918 0.1046167 -0.03543764 -0.03727048 0.1034309 -0.03481578 -0.04079312 0.07069408 -0.03470522 -0.03997898 0.08001708 -0.03470677 -0.03971594 0.01499998 -0.03530287 -0.04230701 0.05204784 -0.03526163 -0.04221153 0.05327326 -0.03489202 -0.04135477 0.06426268 -0.03470152 -0.0399515 0.08033138 -0.03472954 -0.03971809 0.08259266 -0.03481292 -0.03902339 0.08932143 0.04366379 -0.0362392 0.03292715 0.04366379 -0.0362392 0.01499998 0.04454857 -0.03712391 0.02395594 0.04549688 -0.03807228 0.01499998 0.04325151 -0.0399515 0.01499998 0.04325151 -0.0399515 0 0.04280936 -0.04160153 0.01499998 0.04280936 -0.04160153 0 0.04160153 -0.04280936 0.01499998 0.04160153 -0.04280936 0 0.0399515 -0.04325151 0.01499998 0.0399515 -0.04325151 0 0.03830152 -0.04280936 0.01499998 0.03830152 -0.04280936 0 0.03709363 -0.04160153 0.01499998 0.03709363 -0.04160153 0 0.03665149 -0.0399515 0.01499998 0.03665149 -0.0399515 0 0.03709363 -0.03830152 0.01499998 0.03709363 -0.03830152 0 0.03830152 -0.03709363 0.01499998 0.03830152 -0.03709363 0 0.0399515 -0.03665149 0.01499998 0.0399515 -0.03665149 0 0.04160153 -0.03709363 0.01499998 0.04160153 -0.03709363 0 0.04280936 -0.03830152 0.01499998 0.04280936 -0.03830152 0 0.03808695 -0.04551154 0.01499998 0.0362392 -0.04366379 0.01499998 0.03712832 -0.04455292 0.02419352 0.0362392 -0.04366379 0.03340351 0.04257494 -0.03540396 0.04781889 0.04222941 -0.03522139 0.01499998 0.03522139 -0.04222941 0.01499998 0.03537565 -0.04252529 0.04932951 0.03481715 -0.04082423 0.07034462 0.03485792 -0.04122477 0.06583827 0.03470677 -0.03971594 0.01499998 0.03525257 -0.042216 0.05325525 0.03529566 -0.04232424 0.05188125 0.03544467 -0.0372588 0.01499998 0.03545457 -0.03726482 0.1033042 0.03537821 -0.03739517 0.1024864 0.03488451 -0.03857749 0.09348517 0.03509807 -0.03801643 0.0979216 0.03525364 -0.03760778 0.1011524 0.03480672 -0.0390805 0.08875656 0.03470838 -0.03971636 0.08277958 0.03470593 -0.03973227 0.08262991 0.03621822 -0.0362603 0.1069459 0.03614836 -0.0363323 0.1069436 0.03606015 -0.03642731 0.1068673 0.03633159 -0.03615009 0.1068295 0.03630203 -0.03617745 0.1068851 0.03628402 -0.03619492 0.1066171 0.03625547 -0.03622299 0.1055792 0.03680205 -0.0357542 0.1052901 0.03652489 -0.03597718 0.1063697 0.03591972 -0.0365889 0.1065621 0.03578484 -0.03676772 0.1058683 0.03605884 -0.03642886 0.1068645 0.03726595 -0.03545618 0.1024549 0.03717726 -0.03551143 0.1030201 0.03620243 -0.03627634 0.1031622 0.03685104 -0.0357148 0.1050992 0.03616213 -0.03631788 0.1049295 0.0361405 -0.03634059 0.1050249 0.03647696 -0.03601574 0.1065562 0.03858345 -0.03488284 0.09226274 0.03782063 -0.0351817 0.09840399 0.0372588 -0.03544467 0.01499998 0.03561007 -0.03699946 0.104969 0.03559052 -0.03703284 0.1047598 0.03751295 -0.03530222 0.1008809 0.04226708 -0.03527718 0.05165642 0.04221481 -0.03525567 0.05230802 0.03971594 -0.03470677 0.01499998 0.04128766 -0.0348739 0.06386399 0.04070723 -0.03480619 0.07038748 0.03987395 -0.03470903 0.07975345 0.03982275 -0.03470307 0.08032929 0.03971695 -0.03471839 0.08134776 0.0389117 -0.03483521 0.08910208 0.04280936 0.03830152 0 -0.03665149 0.0399515 0 -0.03709363 0.04160153 0 -0.03830152 0.04280936 0 -0.0399515 0.04325151 0 -0.04160153 0.04280936 0 -0.04280936 0.04160153 0 -0.04325151 0.0399515 0 -0.03709363 0.03830152 0 -0.03830152 0.03709363 0 -0.0399515 0.03665149 0 -0.04280936 0.03830152 0 -0.04160153 0.03709363 0 -0.002649962 0.06102132 0 0.002649962 0.06102132 0 0.03665149 0.0399515 0 0.0399515 0.04325151 0 0.03830152 0.04280936 0 0.03709363 0.04160153 0 0.03709363 0.03830152 0 0.03830152 0.03709363 0 0.0399515 0.03665149 0 0.04160153 0.03709363 0 0.04160153 0.04280936 0 0.04280936 0.04160153 0 0.04325151 0.0399515 0 -0.03204774 0.0542159 0.004492044 -0.03148132 0.05452543 0.004492282 -0.06193107 -0.01091527 0.004431545 -0.05979216 -0.01952701 0.004412055 -0.06038069 -0.01797723 0.0044142 -0.06088507 -0.01567983 0.004419803 -0.06174355 -0.01176929 0.004429459 -0.05441904 -0.03142148 0.004406154 -0.05495125 -0.03046864 0.004405379 -0.05688881 -0.02699989 0.004402399 -0.05709308 -0.02663415 0.004402101 -0.05835986 -0.0232985 0.00440675 -0.0590471 -0.02148896 0.004409253 -0.04820835 -0.04037368 0.004428327 -0.05066674 -0.03718048 0.004417479 -0.05261778 -0.03464633 0.004408895 -0.05300778 -0.03394806 0.004408299 -0.04555332 -0.04335737 0.004440844 -0.0469473 -0.04201161 0.00443387 -0.04816889 -0.04042488 0.004428505 -0.03714203 -0.0508868 0.004479765 -0.03680813 -0.05109465 0.004480361 -0.03339195 -0.05322128 0.00448668 -0.03998428 -0.04866868 0.004468202 -0.04033684 -0.04839354 0.004466772 -0.04048538 -0.04825019 0.004465997 -0.03142797 -0.05444389 0.004490256 -0.02999681 -0.0553348 0.004492878 -0.01093244 -0.06198024 0.004460453 -0.01127076 -0.06194049 0.004460871 -0.01189118 -0.06186759 0.004461705 -0.01518076 -0.06098002 0.004469215 -0.01905989 -0.0599333 0.004478096 -0.02084553 -0.05945152 0.004482209 -0.0215274 -0.05915498 0.004483163 -0.02641564 -0.05702936 0.004490137 -0.02926522 -0.05579018 0.004494249 -0.007311105 -0.06240588 0.004455745 -0.003367483 -0.06286936 0.004450559 0.00843805 -0.062316 0.004456579 0.006456673 -0.06266826 0.004452884 0.004443526 -0.06272745 0.004452228 -4.16795e-6 -0.06285828 0.004450738 -0.002769708 -0.06293964 0.004449784 0.02150189 -0.05906462 0.004483044 0.02004182 -0.05955159 0.004479765 0.01627522 -0.06080788 0.004471361 0.01553714 -0.06105405 0.004469692 0.0123915 -0.0616132 0.004463851 0.01091027 -0.06187653 0.004461109 0.02422893 -0.05815505 0.004489123 0.02384066 -0.05828458 0.004488229 0.03102886 -0.05471444 0.004491388 0.02745896 -0.0565207 0.004490196 0.03249776 -0.05397117 0.004491925 0.0314663 -0.05449306 0.004491567 0.04644447 -0.04250901 0.004436612 0.04608857 -0.04295158 0.004438281 0.04077124 -0.04794728 0.004464447 0.04046839 -0.04823184 0.004465937 0.03999584 -0.04867577 0.004468262 0.03439521 -0.05263113 0.004485905 0.05184054 -0.0357995 0.004411697 0.05352598 -0.03293043 0.004408121 0.0514307 -0.03630912 0.004413545 0.0489428 -0.0394026 0.004425048 0.04814112 -0.04039937 0.004428744 0.05908131 -0.02149891 0.004408955 0.05881828 -0.02214848 0.00440824 0.05731093 -0.02587062 0.004404067 0.05650687 -0.02785623 0.004401862 0.05555272 -0.02948039 0.004403829 0.05441588 -0.03141558 0.004406273 0.06200653 -0.01093095 0.004431545 0.06112253 -0.01456522 0.004422843 0.06018376 -0.01842463 0.004413545 0.05996936 -0.019306 0.004411399 0.06213551 -0.01040083 0.004432857 0.06206864 -0.01067566 0.004432141 0.06299996 0 0.004449069 0.06299763 -1.72257e-4 0.004449009 0.06297689 -0.001704335 0.004448473 0.06249624 -0.006672322 0.004439532 0.06279438 0.005092918 0.00444442 0.06286317 0.003388941 0.00444597 0.06214416 0.01034969 0.004432976 0.06246733 0.007736802 0.004438638 0.05929696 0.02121877 0.004408121 0.05949944 0.02070778 0.004408717 0.06068217 0.01677685 0.004417181 0.06104791 0.01556122 0.004419803 0.06174045 0.01226896 0.004428148 0.06202101 0.01093518 0.004431486 0.05452543 0.03147923 0.004404366 0.0551725 0.0304147 0.004402816 0.05556029 0.02963525 0.004402756 0.05753344 0.02566981 0.004402637 0.05759596 0.02551192 0.004402816 0.05917143 0.02153569 0.004407703 0.04923623 0.03930377 0.004422664 0.0506004 0.03743678 0.004417061 0.0524075 0.0349636 0.004409611 0.05322957 0.03361111 0.004407584 0.04458516 0.04444396 0.00444591 0.04193401 0.04701715 0.004459321 0.04122793 0.04759496 0.004462361 0.04573488 0.04332804 0.004440069 0.04769849 0.04107111 0.004430294 0.04822576 0.04046511 0.004427671 0.04046303 0.04822099 0.004465699 0.03780686 0.05039489 0.004477322 0.02980697 0.05545717 0.004493236 0.03147298 0.05451196 0.004491865 0.03337985 0.05343014 0.004490315 0.03380912 0.05313581 0.004489064 0.03764265 0.05050742 0.004477798 0.02873843 0.05606335 0.004494071 0.02569204 0.05746686 0.004490613 0.02392941 0.05827885 0.004488587 0.02152818 0.05914789 0.004483401 0.008476555 0.06242716 0.004455626 0.01092988 0.06198745 0.004460275 0.01250141 0.06170582 0.004463255 0.01372921 0.06148576 0.004465579 0.01701635 0.06060367 0.004473268 0.01890915 0.06009566 0.004477739 0.02141958 0.05918717 0.004483163 0.003383755 0.06290167 0.004450201 0.007962703 0.06247502 0.004455089 -0.005875468 0.06267696 0.004452764 -0.007488191 0.06255334 0.004454195 -0.01047623 0.06206703 0.0044595 -0.002131283 0.0629639 0.004449486 -0.001238644 0.06295633 0.004449605 -4.61232e-7 0.06294578 0.004449725 0.003202736 0.06291854 0.004450023 -0.01788824 0.06040716 0.004475295 -0.01497209 0.0611391 0.004468619 -0.01274871 0.06169718 0.004463493 -0.01093167 0.06199288 0.004460334 -0.02375006 0.0583173 0.004487812 -0.02784955 0.05651015 0.004493653 -0.02800214 0.05642676 0.004493594 -0.02292853 0.05867952 0.00448662 -0.02153265 0.05915796 0.00448352 -0.01939493 0.05989074 0.004478693 -0.03589993 0.05172199 0.004483163 -0.03252494 0.05395513 0.004491865 -0.04306429 0.04590457 0.00445348 -0.04504555 0.04404425 0.004443585 -0.04633885 0.0426045 0.004437088 -0.04824554 0.04048192 0.004427492 -0.04112499 0.04772561 0.004463136 -0.04047733 0.04823768 0.004465818 -0.03957474 0.04895138 0.004469573 -0.03694671 0.05102938 0.004480481 -0.05455338 0.03149604 0.004403889 -0.054542 0.0315141 0.004403889 -0.05207341 0.03542548 0.004411041 -0.05180132 0.03585654 0.004411816 -0.04932957 0.03912395 0.004422545 -0.04860472 0.04008215 0.004425644 -0.05919617 0.02154582 0.004407346 -0.05916172 0.02165395 0.004407107 -0.05854356 0.02314424 0.004405617 -0.05712002 0.02657622 0.004402101 -0.05669629 0.02739393 0.004402339 -0.05465012 0.0313428 0.004403591 -0.06203597 0.0109387 0.004431486 -0.06196075 0.01139795 0.004430353 -0.06128275 0.0143693 0.004422962 -0.06077224 0.01660645 0.004417359 -0.06006681 0.01881736 0.004412889 -0.06221753 0.009829163 0.004434227 -0.06164735 0.009459018 0.007723331 -0.06181412 0.009588301 0.0077371 -0.0620746 0.009233474 0.006137192 -0.06155848 0.00930202 0.007078886 -0.06144428 0.009409427 0.007691562 -0.06163406 0.00945574 0.007721245 -0.06168508 0.009010434 0.006157219 -0.06189602 0.009104847 0.006154477 -0.06156951 0.009291589 0.007019579 -0.06218117 0.009421825 0.006091654 -0.06218612 0.009584188 0.006043255 -0.06191474 0.009774148 0.007730424 -0.06191551 0.009783983 0.007729232 -0.06193131 0.00998336 0.007704496 -0.06204295 0.009847521 0.0070315 -0.06207013 0.0098145 0.006867706 -0.06214827 0.009719371 0.006396591 -0.06163781 0.009456694 0.007721841 -0.06045514 -0.003910303 0.01757007 -0.06045508 -0.003906011 0.01757282 -0.06119906 0.009500026 0.008999943 -0.06131738 0.009477555 0.008345782 -0.06071573 0.008845746 0.01246476 -0.06064194 0.008212983 0.01346915 -0.06082761 0.008997201 0.01166272 -0.06089192 0.009084284 0.01120173 -0.06110465 0.009372234 0.009676754 -0.06045699 0.003879725 0.01751697 -0.06045776 0.004079401 0.01740735 -0.06046402 0.005656778 0.01654177 -0.06046551 0.00604403 0.01632922 -0.06049406 0.006944596 0.01548242 -0.06051582 0.007131159 0.01518636 -0.06053686 0.00731188 0.01489943 -0.06046026 1.10809e-4 0.01848244 -0.06045562 0.002000689 0.01818311 -0.06045329 0.002935707 0.01803499 -0.06045156 -0.003493785 0.01783418 -0.06045544 -0.001989126 0.01812088 -0.06046056 0 0.01849997 -0.06051188 -0.007248222 0.01512283 -0.06050843 -0.007173359 0.01520341 -0.06047719 -0.006499946 0.0159282 -0.06046968 -0.005622863 0.01648426 -0.06080943 -0.009090721 0.01167249 -0.06078463 -0.009064674 0.01184278 -0.06064659 -0.008195161 0.01346522 -0.06051832 -0.007386744 0.01497375 -0.06131732 -0.009477555 0.00834608 -0.06119906 -0.009500026 0.008999943 -0.06109988 -0.009395897 0.009680092 -0.06084305 -0.009126067 0.011442 0.04039484 -0.03052657 0.111 -0.03579509 0.03596013 0.111 0.03579509 -0.03596013 0.111 -0.04039484 0.03052657 0.111 0.0490092 0.01279568 0.111 0.04876118 0.01348119 0.111 0.04421502 -0.02439814 0.111 0.04046505 -0.0304436 0.111 -0.01902341 0.04702579 0.111 -0.02234029 0.04572719 0.111 -0.02249896 0.04566502 0.111 -0.02541178 0.04390621 0.111 -0.02949666 0.04143965 0.111 -0.0310344 0.04010182 0.111 0.007325947 -0.0502457 0.111 0.00856769 -0.04997497 0.111 0.01214152 -0.04919576 0.111 0.01902341 -0.04702579 0.111 0.02234029 -0.04572719 0.111 0.02249896 -0.04566502 0.111 0.02541178 -0.04390621 0.111 -0.04046505 0.0304436 0.111 -0.04421502 0.02439814 0.111 -0.01563239 -0.04831105 0.111 -0.04494267 0.02322506 0.111 -0.04939478 0.01066654 0.111 -0.05008262 0.007906317 0.111 -0.05014759 0.007136702 0.111 -0.008440494 -0.05007928 0.111 -0.001661121 -0.05061924 0.111 0.02949666 -0.04143965 0.111 0.0310344 -0.04010182 0.111 0.04728806 -0.01766514 0.111 0.0481742 -0.01556444 0.111 0.0485087 -0.01422208 0.111 0.04609036 0.02086329 0.111 0.04289931 0.02662253 0.111 0.008440494 0.05007928 0.111 0.001661121 0.05061924 0.111 2.35846e-5 0.05074965 0.111 -0.004919886 0.05041068 0.111 -0.007325947 0.0502457 0.111 -0.00856769 0.04997497 0.111 -0.01214152 0.04919576 0.111 -0.01516431 0.04853677 0.111 -0.01564973 0.04834669 0.111 -0.0420081 -0.02823102 0.111 -0.04087167 -0.02969104 0.111 -0.04728806 0.01766514 0.111 -0.03858768 -0.03262549 0.111 -0.03692692 -0.03475922 0.111 -0.03625196 -0.035389 0.111 -2.35846e-5 -0.05074965 0.111 0.004919886 -0.05041068 0.111 0.05014759 -0.007136702 0.111 0.05045449 -0.003498256 0.111 0.05074965 0 0.111 0.04631847 0.02023285 0.111 0.0420081 0.02823102 0.111 0.04087167 0.02969104 0.111 0.03858768 0.03262549 0.111 -0.0485087 0.01422208 0.111 -0.0481742 0.01556444 0.111 -0.05045449 0.003498256 0.111 -0.05074965 0 0.111 -0.0490092 -0.01279568 0.111 -0.04876118 -0.01348119 0.111 -0.04631847 -0.02023285 0.111 -0.03361195 -0.03785216 0.111 -0.03094929 -0.04033643 0.111 -0.02797573 -0.04230111 0.111 -0.02504062 -0.04424035 0.111 -0.0242542 -0.04475998 0.111 -0.02191501 -0.04577636 0.111 -0.04584884 0.02107691 0.111 -0.01666688 -0.04805666 0.111 -0.008806526 -0.04998928 0.111 0.01516431 -0.04853677 0.111 0.01564973 -0.04834669 0.111 0.04494267 -0.02322506 0.111 0.04584884 -0.02107691 0.111 0.0505281 0.004551768 0.111 0.05011504 0.006793737 0.111 0.03692692 0.03475922 0.111 0.03625196 0.035389 0.111 0.03361195 0.03785216 0.111 0.01666688 0.04805666 0.111 0.01563239 0.04831105 0.111 0.008806526 0.04998928 0.111 -0.0505281 -0.004551768 0.111 -0.05011504 -0.006793737 0.111 -0.04609036 -0.02086329 0.111 -0.04289931 -0.02662253 0.111 0.05008262 -0.007906317 0.111 0.04939478 -0.01066654 0.111 0.03094929 0.04033643 0.111 0.02797573 0.04230111 0.111 0.02504062 0.04424035 0.111 0.0242542 0.04475998 0.111 0.02191501 0.04577636 0.111 -0.06066137 -0.005721211 0.0166372 -0.06065106 -0.003971159 0.01767623 -0.06066876 0 0.01854538 -0.06065881 0 0.01854324 -0.06065571 -0.002029359 0.018323 -0.06100136 -0.008492231 0.01365321 -0.06118828 -0.009278476 0.01176732 -0.06128895 -0.009473264 0.01183605 -0.06110197 -0.008671164 0.01375848 -0.06099325 -0.007468223 0.01548135 -0.06089198 -0.007314562 0.01534378 -0.06094074 0 0.01886063 -0.06083911 0 0.01867336 -0.06083589 -0.002058207 0.01845276 -0.06094145 0 0.01887083 -0.06095087 -0.006002366 0.01710933 -0.0609492 -0.005549073 0.0173735 -0.06094563 -0.005922973 0.01691156 -0.06084328 -0.005801796 0.01674807 -0.06083202 -0.004027307 0.0177986 -0.06093537 -0.004110872 0.01798087 -0.06094002 -0.002100646 0.01864629 -0.06095087 -0.002127945 0.01884818 -0.06095516 0 0.01907324 -0.06094408 -0.004159688 0.01818317 -0.06095087 -0.002143383 0.01884311 -0.06146174 -0.009648323 0.009760141 -0.06156343 -0.009848654 0.009790241 -0.06157344 -0.0100367 0.00980699 -0.06154477 -0.01003938 0.009977221 -0.06129491 -0.009658634 0.01189249 -0.06127673 -0.009630918 0.01203167 -0.06100648 -0.009150564 0.01170903 -0.06081849 -0.008375227 0.01357519 -0.06070923 -0.007213413 0.015248 -0.06128233 -0.009514808 0.009723067 -0.06189775 -0.01000666 0.007881641 -0.06110614 -0.008843481 0.01385384 -0.06109625 -0.008797883 0.01395928 -0.06099379 -0.007571637 0.01567834 -0.06095194 -0.006042778 0.01707249 0.06279188 0 0.007038533 0.06279152 0 0.007042646 0.06283038 -1.72081e-4 0.007046103 0.05566966 -0.02882444 0.007688403 0.05536359 -0.02938228 0.007688581 0.05549639 -0.02945405 0.007017433 -0.04434609 -0.04435783 0.007710754 -0.04541456 -0.04320913 0.007708132 -0.0455175 -0.04331117 0.007040917 -0.05593341 -0.02839469 0.007688641 -0.05663299 -0.02688235 0.007689237 -0.05675876 -0.02694135 0.007017314 -0.0616346 -0.01143473 0.007702767 -0.06171637 -0.01177787 0.007034063 -0.06156975 -0.01175177 0.00770235 -0.06088548 -0.01509833 0.007698416 -0.06084322 -0.01567363 0.007027983 -0.06072688 -0.01564538 0.00769782 -0.05827772 -0.0231139 0.007691144 -0.05952733 -0.01978313 0.007693707 -0.05972069 -0.01951617 0.007022738 -0.05961412 -0.01948374 0.007694005 -0.0602523 -0.01728236 0.007696211 -0.05834972 -0.02329617 0.007018983 -0.058227 -0.02324908 0.007691085 -0.05785495 -0.02424079 0.00769031 -0.05568701 -0.02883374 0.00768882 -0.05494821 -0.03046447 0.00701785 -0.05481404 -0.03038901 0.007689356 -0.0529133 -0.03387635 0.007020711 -0.05280393 -0.03380358 0.007691383 -0.05336791 -0.03296554 0.00769025 -0.04757553 -0.04088598 0.007702767 -0.04808413 -0.04024475 0.007701575 -0.04817926 -0.04032748 0.007032692 -0.04865342 -0.03952705 0.007700264 -0.05065715 -0.03716617 0.007025718 -0.05062365 -0.03704309 0.007695615 -0.05245161 -0.03432703 0.007692039 -0.03989535 -0.04854041 0.007057905 -0.03981858 -0.04844069 0.0077219 -0.04051083 -0.04789924 0.007720291 -0.04419165 -0.04452389 0.007711112 -0.03952324 -0.04867172 0.007722556 -0.03673338 -0.05097597 0.007065594 -0.03670656 -0.05087471 0.007729053 -0.03432202 -0.05246406 0.007732212 -0.03339874 -0.05322092 0.007071256 -0.03333705 -0.05312049 0.007733523 -0.02640181 -0.05701726 0.007072687 -0.02633976 -0.05688542 0.007734179 -0.02994847 -0.05523645 0.00707376 -0.02841234 -0.05593287 0.00773549 -0.02883201 -0.05569797 0.007735371 -0.02988022 -0.05511134 0.007735073 -0.03281259 -0.05347007 0.007734239 -0.01899373 -0.05977493 0.007727324 -0.01936054 -0.05967217 0.007727742 -0.01902931 -0.05988121 0.007063925 -0.02311635 -0.05829018 0.007731735 -0.02395427 -0.05798184 0.007732629 -0.01143699 -0.06163638 0.007719159 -0.01447945 -0.0610395 0.00772202 -0.01517319 -0.06097203 0.007058262 -0.01514089 -0.06085425 0.007722795 -0.01728373 -0.06025391 0.007725298 -0.009677231 -0.06198161 0.00771749 -0.01121097 -0.06168073 0.00771892 -0.01123839 -0.061818 0.007053136 -0.005652248 -0.06245088 0.007714748 -0.00730592 -0.06240469 0.007049143 -0.004854023 -0.06254392 0.007714211 -0.003360807 -0.06274127 0.007046759 -0.003353357 -0.06260293 0.007713735 0.004758358 -0.06255137 0.007713437 0.004423677 -0.06256389 0.007713377 0.004431903 -0.06267422 0.007047235 0 -0.06272917 0.007712721 -7.24853e-5 -0.06273186 0.007712721 0.01143699 -0.06163644 0.007718682 0.009698748 -0.06197834 0.007716894 0.008429884 -0.06226289 0.007050096 0.008410871 -0.06212776 0.007716 0.005651831 -0.06244778 0.007714033 0.02003324 -0.05955356 0.007065415 0.01999306 -0.05944246 0.007728338 0.0194118 -0.05965554 0.007727682 0.01623976 -0.06069678 0.007059812 0.01728355 -0.06025344 0.007725179 0.01451611 -0.06103086 0.007721841 0.0123775 -0.06160014 0.007054507 0.01234704 -0.06145745 0.007719635 0.02841347 -0.05593234 0.007735431 0.0273987 -0.0563966 0.007734775 0.02745676 -0.05651634 0.007073283 0.02375632 -0.0580632 0.007732391 0.02378046 -0.05815923 0.007070243 0.02311879 -0.05829685 0.007731735 0.03438329 -0.05259019 0.007069885 0.03274291 -0.05351293 0.007733345 0.03099381 -0.05465668 0.007073342 0.03092306 -0.0545299 0.007734239 0.02883219 -0.05569833 0.007735252 0.03685051 -0.05077069 0.007727921 0.03431951 -0.05246037 0.007731258 0.03430616 -0.05246931 0.007731318 0.04434931 -0.04436039 0.00771135 0.04076188 -0.04768556 0.007720351 0.0407145 -0.04785519 0.00705558 0.04065001 -0.04777377 0.00772053 0.03951865 -0.04866617 0.007722735 0.04625266 -0.04230749 0.007705807 0.04443198 -0.0442838 0.007711112 0.04635828 -0.04240894 0.007038295 0.04774916 -0.0406832 0.007701456 0.04894763 -0.03939187 0.007030427 0.04865765 -0.03953063 0.00769931 0.05244106 -0.03432029 0.007691562 0.05122196 -0.03615307 0.007693588 0.0513305 -0.03623121 0.007024109 0.0506916 -0.03695034 0.007694423 0.04883867 -0.03930103 0.007698893 0.05351662 -0.03291481 0.007019639 0.05366009 -0.03248769 0.007689595 0.05341792 -0.03285181 0.007690012 0.05879479 -0.0221492 0.007019937 0.05830216 -0.0231226 0.007689714 0.05726534 -0.02584701 0.007017552 0.05712383 -0.02578419 0.00768876 0.0562303 -0.02780234 0.007688105 0.06020021 -0.01763194 0.0076949 0.05995136 -0.01835906 0.007694184 0.06007587 -0.01839613 0.007024168 0.0586695 -0.02210456 0.007690548 0.05838572 -0.02293384 0.007689774 0.06163507 -0.0114364 0.007702469 0.06138241 -0.01293307 0.007700622 0.06111609 -0.01457411 0.007029652 0.06097739 -0.01454293 0.007698655 0.06028556 -0.01729249 0.007695317 0.06176984 -0.01063781 0.007703483 0.06191873 -0.01066082 0.007035732 0.06223088 -0.007906734 0.00770688 0.06247448 -0.006676256 0.007041394 0.06233686 -0.006664395 0.007707953 0.06242352 -0.005649507 0.007708847 0.06267213 -0.00273621 0.00771147 0.06272822 -1.71801e-4 0.007712304 0.06273198 0 0.007712364 0.06299811 0 0.004720747 0.05031073 -0.007157623 0.1109802 0.05072373 -0.003520011 0.1109802 -0.009958684 -0.05001384 0.1107161 -0.008856058 -0.05028438 0.1107161 -0.008858919 -0.0502882 0.110822 -0.04104709 -0.02982175 0.1109802 -0.04308897 -0.02673298 0.1109802 -0.04317355 -0.02678483 0.1109177 0.04750692 -0.01775336 0.1109802 0.04869645 -0.01427441 0.1109802 0.05082267 -0.003527462 0.1109178 0.05040884 -0.007172524 0.1109178 0.04973262 -0.01074624 0.1109178 0.04963582 -0.0107243 0.1109802 0.0487914 -0.0143032 0.1109178 0.04759967 -0.0177887 0.1109178 0.04615604 -0.02121412 0.1109177 0.04606598 -0.02117246 0.1109802 0.04438632 -0.02449768 0.1109802 0.04447329 -0.02454543 0.1109177 0.04048663 -0.03059494 0.1109802 0.04056644 -0.03065389 0.1109178 0.03587186 -0.03603488 0.1109802 0.03594297 -0.03610408 0.1109178 0.03118711 -0.04028439 0.1109802 0.03124898 -0.040362 0.1109178 0.02555662 -0.0441491 0.1109802 0.02560669 -0.04423481 0.1109178 0.01219767 -0.04944443 0.1109802 0.01569598 -0.04848533 0.1109802 0.0224353 -0.04592555 0.1109178 0.02239197 -0.04583626 0.1109802 0.01915723 -0.04736548 0.1109178 0.01912075 -0.04727321 0.1109802 0.01572567 -0.04857999 0.1109178 0.0122205 -0.04954099 0.1109178 0.008618533 -0.05025929 0.1109178 0.008602499 -0.05016136 0.1109802 0.00493741 -0.05062919 0.1109802 0.004946529 -0.05072802 0.1109178 -0.001672804 -0.05083096 0.1109802 -0.001675903 -0.05093014 0.1109178 -0.022022 -0.04601371 0.1109802 -0.01571249 -0.04858338 0.1109178 -0.01568287 -0.04848867 0.1109802 -0.008847713 -0.05022144 0.1109178 -0.008831322 -0.05012357 0.1109802 -0.03878265 -0.03278082 0.1109802 -0.03637468 -0.03551077 0.1109802 -0.0465542 -0.02033311 0.1109177 -0.04646342 -0.02029305 0.1109802 -0.0489155 -0.0135293 0.1109802 -0.04901093 -0.01355671 0.1109178 -0.05035924 -0.006834566 0.1109802 -0.05045747 -0.006848752 0.1109178 -0.05073052 -0.003439128 0.1109802 -0.05089497 0 0.1109625 -0.05094945 0 0.1109108 0.05037873 -0.007951557 0.1107161 0.05042135 -0.007176339 0.1108146 0.04989081 -0.00990051 0.1107161 0.04970878 -0.01073944 0.110832 0.05044364 -0.007181644 0.1107161 0.05062985 -0.00497359 0.1107161 0.05079275 -0.003524601 0.110836 0.05075234 -0.003520667 0.1107161 0.04842329 -0.01576209 0.1107161 0.04878646 -0.01430386 0.1108211 0.04758399 -0.01778054 0.1108278 0.04867231 -0.01476734 0.1107161 0.04878759 -0.01430696 0.1107161 0.04968273 -0.01073163 0.1107161 0.04453265 -0.02457803 0.110822 0.04480248 -0.02402889 0.1107161 0.04516792 -0.02344167 0.1107161 0.04613798 -0.0212078 0.1108294 0.04611766 -0.02120113 0.1107161 0.0468623 -0.01944446 0.1107161 0.04757094 -0.01777279 0.1107161 0.04062092 -0.03069412 0.110822 0.04214107 -0.02830559 0.1107161 0.04448157 -0.02454459 0.1107161 0.03599148 -0.03615128 0.110822 0.03922015 -0.03237992 0.1107161 0.04066628 -0.03067553 0.1107161 0.03219825 -0.0394839 0.1107161 0.03597372 -0.03620606 0.1107161 0.0360071 -0.03616678 0.1107161 0.02827739 -0.04252868 0.1107161 0.03129118 -0.04041492 0.110822 0.02558708 -0.0442034 0.1108381 0.02963507 -0.04170918 0.1107161 0.0312193 -0.0403338 0.1107161 0.02247011 -0.04599457 0.1107161 0.02245151 -0.04595744 0.1108126 0.01950442 -0.04715621 0.1107161 0.0191465 -0.04733765 0.1108354 0.02265572 -0.04592186 0.1107161 0.02401614 -0.04510074 0.1107161 0.02556389 -0.04416656 0.1107161 0.01484167 -0.04891204 0.1107161 0.01573139 -0.04860281 0.1108128 0.01221549 -0.04951483 0.1108333 0.01524621 -0.04882413 0.1107161 0.01573872 -0.04863125 0.1107161 0.01913267 -0.04730182 0.1107161 0.008616507 -0.0502603 0.1108194 0.004952788 -0.05079543 0.110822 0.007295191 -0.0505523 0.1107161 0.005009412 -0.05070799 0.1107161 0.008614897 -0.05026549 0.1107161 0.009952902 -0.04997467 0.1107161 0.01220989 -0.04948407 0.1107161 -0.001677989 -0.05099779 0.110822 0 -0.05104923 0.1107161 0.004947721 -0.05071222 0.1107161 -0.008486211 -0.0503751 0.1107161 -0.00500375 -0.05065172 0.1107161 -0.0016703 -0.05091655 0.1107161 -0.0157327 -0.04864799 0.110822 -0.0148186 -0.04882144 0.1107161 -0.01949673 -0.04715257 0.1107161 -0.01671904 -0.04835516 0.1107161 -0.01572251 -0.04859966 0.1107161 -0.02816742 -0.04258662 0.1108368 -0.02814447 -0.04255026 0.1107161 -0.0251823 -0.04448437 0.1108176 -0.02518612 -0.04449605 0.1107161 -0.02432572 -0.04506194 0.1107161 -0.02406466 -0.04517495 0.1107161 -0.02209353 -0.04616457 0.110822 -0.02204465 -0.04604947 0.1107161 -0.03223693 -0.03953391 0.1107161 -0.03113651 -0.04049813 0.1108126 -0.03384178 -0.03810131 0.1108366 -0.03116232 -0.04053151 0.1107161 -0.03103727 -0.04064768 0.1107161 -0.0282436 -0.04248505 0.1107161 -0.03706735 -0.03504943 0.1107161 -0.03645819 -0.03558725 0.1108146 -0.03883928 -0.03282934 0.1108321 -0.03647446 -0.03559988 0.1107161 -0.03590327 -0.03613018 0.1107161 -0.03381299 -0.03807073 0.1107161 -0.0432313 -0.02682024 0.110822 -0.04225516 -0.02837729 0.1107161 -0.04112327 -0.02987325 0.110823 -0.0421738 -0.02852332 0.1107161 -0.04112118 -0.02986854 0.1107161 -0.03917789 -0.03235214 0.1107161 -0.03881686 -0.03281354 0.1107161 -0.04658502 -0.02035081 0.1107161 -0.04631221 -0.02109795 0.1107161 -0.04661619 -0.02036041 0.110822 -0.04470688 -0.02397835 0.1107161 -0.04314815 -0.02677506 0.1107161 -0.04907602 -0.01357537 0.110822 -0.04863196 -0.01474487 0.1107161 -0.04690682 -0.01946949 0.1107161 -0.04984247 -0.009898543 0.1107161 -0.05052447 -0.006858468 0.110822 -0.04924815 -0.01305741 0.1107161 -0.04906165 -0.01356822 0.1107161 -0.05104923 0 0.1107161 -0.05080574 -0.004778563 0.1107161 -0.05101639 0 0.1108197 -0.05076724 -0.004983425 0.1107161 -0.05041837 -0.006837427 0.1107161 0.05085486 0 0.1109728 0.05089497 0 0.1109625 0.05094945 0 0.1109108 -0.02513331 -0.04439347 0.1109802 -0.02812904 -0.04253113 0.1109802 -0.0310527 -0.0403912 0.1109802 -0.03379642 -0.03805124 0.1109802 -0.05085486 0 0.1109728 0.05104923 0 0.1107161 0.05101639 0 0.1108197 0.05100387 0 0.1108592 -0.0220645 -0.04610335 0.1109178 -0.02518242 -0.04447966 0.1109178 -0.02818459 -0.04261338 0.1109178 -0.03111428 -0.04046905 0.1109178 -0.03386348 -0.03812438 0.1109178 -0.0364468 -0.03557896 0.1109178 -0.0388593 -0.03284388 0.1109178 -0.04112792 -0.02987927 0.1109178 -0.05100387 0 0.1108592 -0.03612285 -0.0467211 0.03287845 -0.03604382 -0.04664236 0.03366291 -0.03655821 -0.04602789 0.03365361 -0.03836679 -0.04803061 0.01499998 -0.03792518 -0.04851472 0.01499998 -0.03842407 -0.04789602 0.01499998 -0.03863084 -0.04741019 0.01499998 -0.03656148 -0.04602396 0.03365355 -0.03865253 -0.0470553 0.01499998 -0.03658318 -0.04599809 0.03365314 -0.03681212 -0.04519134 0.03359931 -0.0386725 -0.04672962 0.01499998 -0.0367456 -0.04473978 0.03355103 -0.03851789 -0.04619032 0.01499998 -0.03669035 -0.04436463 0.03351092 -0.03666943 -0.0443322 0.03350591 -0.03848356 -0.04607057 0.01499998 -0.0366612 -0.04431939 0.03350394 -0.03643757 -0.04397195 0.03345072 -0.04608595 -0.03848314 0.01499998 -0.04773521 -0.03881394 0.01499998 -0.04526543 -0.04172933 0.01499998 -0.04740118 -0.03861528 0.01499998 -0.04788553 -0.03840905 0.01499998 -0.04801255 -0.03835499 0.01499998 -0.04850339 -0.03790712 0.01499998 -0.03879892 -0.04777044 0.01499998 -0.04617553 -0.03850758 0.01499998 -0.04673594 -0.03866028 0.01499998 -0.04704326 -0.03863948 0.01499998 -0.04348695 -0.043513 0.01499998 -0.04173922 -0.04526579 0.01499998 -0.04397314 -0.03643786 0.03297567 -0.04432213 -0.03666204 0.03303039 -0.04433494 -0.03667026 0.03303235 -0.04436784 -0.03669136 0.03303754 -0.04474443 -0.03674572 0.03307867 -0.04519826 -0.03681123 0.03312826 -0.04600733 -0.03657734 0.03318315 -0.04603737 -0.03655189 0.03318357 -0.04665094 -0.03603148 0.03319245 -0.04668295 -0.0360639 0.0328778 -0.0460335 -0.03655523 0.03318351 -0.03676635 -0.03577536 0.1057913 -0.0363956 -0.0360884 0.1068096 -0.03641587 -0.03606772 0.1068404 -0.03538328 -0.0426054 0.0520839 -0.03479176 -0.04131817 0.07075548 -0.03465843 -0.04040193 0.08007168 -0.03479814 -0.04105651 0.0707246 -0.03525769 -0.03753882 0.1032483 -0.03489178 -0.03832459 0.0986638 -0.03455275 -0.03968101 0.08942466 -0.03451734 -0.04082363 0.08012622 -0.03583681 -0.03668445 0.106557 -0.03557008 -0.0370388 0.1054947 -0.03607749 -0.03640651 0.1069706 -0.03625553 -0.0362215 0.1069954 -0.03702408 -0.0355885 0.104668 -0.03743451 -0.03533482 0.1023877 -0.03932201 -0.03469926 0.0885998 -0.03811722 -0.03501361 0.09780275 -0.0403459 -0.03465235 0.07936131 -0.0412662 -0.03477674 0.07010632 -0.04100233 -0.03478646 0.07007467 -0.04257756 -0.03536683 0.05152952 -0.04533809 -0.03498643 0.0462951 -0.04426956 -0.03512489 0.05169945 -0.04474383 -0.03471124 0.05172836 -0.04361742 -0.03540599 0.05164408 -0.04226112 -0.03438204 0.07021886 -0.04143822 -0.03398549 0.07950395 -0.04212796 -0.0339607 0.07433223 -0.03862839 -0.03461396 0.09791952 -0.03831058 -0.03488886 0.09784525 -0.0379554 -0.03492218 0.1016401 -0.03755879 -0.03524053 0.1024238 -0.03776764 -0.03504127 0.1024886 -0.04013699 -0.0341317 0.08873498 -0.03963935 -0.03454762 0.08865082 -0.03915017 -0.03437501 0.09503495 -0.03866726 -0.03459614 0.09770447 -0.04128426 -0.03399097 0.08065849 -0.040771 -0.0345025 0.07941681 -0.04074305 -0.03401046 0.08471685 -0.04060924 -0.03401523 0.08571982 -0.04261463 -0.03405517 0.07025551 -0.04384171 -0.03429347 0.05997675 -0.04397362 -0.03435456 0.05877065 -0.03580379 -0.03671836 0.1065881 -0.03585863 -0.03664571 0.1067979 -0.03606683 -0.03641599 0.1070013 -0.03605276 -0.03642821 0.10703 -0.03643554 -0.03604644 0.1068713 -0.03612238 -0.03635501 0.1070507 -0.03619575 -0.03627783 0.1070726 -0.03551101 -0.03710317 0.1055269 -0.03548836 -0.0371105 0.1057269 -0.03579115 -0.0367304 0.1066027 -0.03411531 -0.04022544 0.08938425 -0.0343573 -0.0399639 0.08947199 -0.03405845 -0.04087448 0.08471745 -0.03428512 -0.04120373 0.08017522 -0.03400355 -0.04150098 0.08021312 -0.03412175 -0.04020375 0.08951383 -0.03453117 -0.03883361 0.09770315 -0.034756 -0.03849577 0.09870398 -0.03454554 -0.03878545 0.09799116 -0.03461855 -0.03863942 0.09873878 -0.03516596 -0.03764522 0.103283 -0.03506278 -0.03775101 0.1032873 -0.03545838 -0.03715562 0.1055549 -0.034213 -0.04345053 0.06437993 -0.03441607 -0.04231041 0.07086569 -0.03445583 -0.0440635 0.0587719 -0.03515899 -0.04429113 0.05224949 -0.03410571 -0.04266077 0.07090085 -0.0339818 -0.0417487 0.07843184 -0.03398603 -0.04170066 0.07877743 -0.03547674 -0.04328596 0.05216056 -0.03545904 -0.04293608 0.05212277 -0.04291045 -0.03544044 0.05156952 -0.04326236 -0.03545522 0.05160832 -0.04179024 -0.03464806 0.07016706 -0.03710711 -0.03551876 0.1047013 -0.03682357 -0.03572386 0.1058233 -0.03577214 -0.04635643 0.03669673 -0.03484243 -0.04503971 0.04984086 -0.03473693 -0.04477339 0.05227744 -0.0372833 -0.03534865 0.104678 -0.03690505 -0.03564202 0.1058717 -0.03674352 -0.03576731 0.1063816 -0.03643769 -0.03604352 0.1068812 -0.03637135 -0.03610342 0.1069896 -0.03543126 -0.04363954 0.05219537 -0.03467172 -0.04183936 0.0708149 0.04801678 -0.03835225 0.01499998 0.04850339 -0.03790712 0.01499998 0.04668295 -0.0360639 0.0328778 0.04788517 -0.03840827 0.01499998 0.04603737 -0.03655189 0.03318357 0.04665094 -0.03603148 0.03319245 0.04739642 -0.03861641 0.01499998 0.04603338 -0.03655529 0.03318351 0.04704338 -0.03863805 0.01499998 0.04600733 -0.03657734 0.03318315 0.04519826 -0.03681123 0.03312826 0.04671555 -0.03865814 0.01499998 0.04474413 -0.03674566 0.03307867 0.04617679 -0.0385037 0.01499998 0.04436784 -0.03669136 0.03303754 0.04433494 -0.03667026 0.03303235 0.04605621 -0.03846913 0.01499998 0.04397279 -0.03643769 0.03297561 0.03865391 -0.0470553 0.01499998 0.03863078 -0.04741048 0.01499998 0.03879886 -0.04777038 0.01499998 0.04773515 -0.03881394 0.01499998 0.03852111 -0.04618924 0.01499998 0.03867411 -0.04674494 0.01499998 0.0384252 -0.04789656 0.01499998 0.03837192 -0.04802256 0.01499998 0.03792518 -0.04851472 0.01499998 0.0384953 -0.04609537 0.01499998 0.04348707 -0.04351305 0.01499998 0.04526484 -0.04172992 0.01499998 0.04174351 -0.04526185 0.01499998 0.03643733 -0.04397165 0.03345072 0.03666102 -0.04431915 0.03350394 0.03666943 -0.0443322 0.03350591 0.03669035 -0.04436463 0.03351092 0.03674554 -0.04473948 0.03355097 0.03681212 -0.04519134 0.03359931 0.03658318 -0.04599809 0.03365314 0.03604382 -0.04664236 0.03366297 0.0360648 -0.04666328 0.03343856 0.03655821 -0.04602789 0.03365361 0.0361213 -0.04671955 0.03287816 0.03656154 -0.0460239 0.03365355 0.03584307 -0.03668123 0.1064456 0.03604471 -0.03644394 0.1068949 0.03603017 -0.03645843 0.1069257 0.04123318 -0.03476953 0.07045006 0.04175376 -0.03463977 0.07051062 0.04071921 -0.03449994 0.07986426 0.04256421 -0.03535944 0.05169337 0.04097086 -0.03478044 0.07041853 0.04029899 -0.03465032 0.07980895 0.0395658 -0.03455817 0.08920627 0.03821039 -0.03492856 0.09848982 0.03743463 -0.03531152 0.1030977 0.03694993 -0.03562933 0.1053588 0.03661733 -0.03588998 0.1064388 0.03637188 -0.03610879 0.1068984 0.03620004 -0.03627747 0.107011 0.03571057 -0.03685349 0.1059131 0.03552377 -0.03712332 0.104794 0.03527736 -0.03754341 0.1025269 0.0349726 -0.03823268 0.09796649 0.03468722 -0.03943622 0.08881044 0.03466147 -0.04044872 0.0796172 0.03479957 -0.04135066 0.07040631 0.0348047 -0.04108744 0.07037532 0.03539055 -0.04261803 0.05191755 0.03500843 -0.04532831 0.04705721 0.03516846 -0.04430764 0.05208337 0.03476077 -0.04478621 0.05211168 0.03544074 -0.04365426 0.05202919 0.0344243 -0.04234999 0.07051676 0.03401684 -0.04155212 0.07975775 0.03400951 -0.0417369 0.07838112 0.0339955 -0.04209154 0.07573848 0.03458189 -0.0387516 0.09808307 0.03485381 -0.03842741 0.09800857 0.03491163 -0.03801608 0.1020484 0.03518766 -0.03766816 0.1025628 0.03413361 -0.04026716 0.0889455 0.03454375 -0.03975552 0.08886098 0.03441852 -0.03911614 0.09611779 0.03455036 -0.03882193 0.09770381 0.03405517 -0.04058402 0.0869708 0.03404319 -0.04088652 0.08471709 0.03452104 -0.04087549 0.07967191 0.03411096 -0.04270452 0.0705524 0.03432238 -0.04382675 0.0610575 0.03443443 -0.04407197 0.05877101 0.03631943 -0.03615391 0.1070281 0.0361737 -0.03630053 0.1070722 0.03612244 -0.03635513 0.1070483 0.03638768 -0.03609126 0.1069292 0.03601515 -0.03647249 0.1069564 0.03600877 -0.03647607 0.1069955 0.03639429 -0.03608334 0.1069439 0.03654444 -0.03594172 0.1067747 0.03665453 -0.03585201 0.1064701 0.03667789 -0.03582656 0.1064897 0.03683578 -0.0356903 0.1061525 0.03701549 -0.03556591 0.1053912 0.03705281 -0.03552728 0.1054099 0.03738313 -0.03527909 0.1042795 0.03754067 -0.03521507 0.1031327 0.03761643 -0.03514003 0.1031586 0.03823268 -0.03477275 0.1001982 0.03837966 -0.03478682 0.09853035 0.03851819 -0.0346589 0.09856462 0.04125994 -0.03397661 0.08091807 0.04102063 -0.03396892 0.08278167 0.04109555 -0.03425854 0.07991397 0.04073321 -0.03402239 0.08471715 0.0398454 -0.03435486 0.08925396 0.0400539 -0.03414875 0.08929121 0.0395736 -0.0342381 0.0925256 0.03866845 -0.034599 0.09770482 0.04222142 -0.03437447 0.0705623 0.04425275 -0.03511554 0.05186307 0.04397046 -0.0343613 0.05877089 0.04269123 -0.03402227 0.06977063 0.04258483 -0.03401887 0.07059961 0.04138392 -0.03398054 0.07995247 0.04360216 -0.03539669 0.0518077 0.04324787 -0.03544628 0.05177199 0.04289662 -0.03543221 0.05173325 0.03546726 -0.04294919 0.05195647 0.03548574 -0.04329985 0.05199432 0.03566312 -0.03690886 0.1059449 0.03545802 -0.03720575 0.1048272 0.03468066 -0.04187554 0.07046592 0.04581195 -0.03530526 0.04171383 0.0447244 -0.03470855 0.05189263 0.04420471 -0.03442341 0.05675661 0.03600227 -0.0364837 0.106984 0.0357092 -0.03682488 0.1064696 0.03558909 -0.03698652 0.1059922 0.03531354 -0.03735744 0.1048967 0.03499346 -0.03788197 0.1026282 -0.04366379 0.0362392 0.03292715 -0.04366379 0.0362392 0.01499998 -0.04454857 0.03712391 0.02395594 -0.04549688 0.03807228 0.01499998 -0.03665149 0.0399515 0.01499998 -0.03709363 0.03830152 0.01499998 -0.03830152 0.03709363 0.01499998 -0.0399515 0.03665149 0.01499998 -0.04160153 0.03709363 0.01499998 -0.04280936 0.03830152 0.01499998 -0.04325151 0.0399515 0.01499998 -0.04280936 0.04160153 0.01499998 -0.04160153 0.04280936 0.01499998 -0.0399515 0.04325151 0.01499998 -0.03830152 0.04280936 0.01499998 -0.03709363 0.04160153 0.01499998 -0.03808695 0.04551154 0.01499998 -0.0362392 0.04366379 0.01499998 -0.03712832 0.04455292 0.02419352 -0.0362392 0.04366379 0.03340351 -0.04307502 0.03573173 0.04116332 -0.04222941 0.03522139 0.01499998 -0.03522139 0.04222941 0.01499998 -0.03537565 0.04252529 0.04932922 -0.03480929 0.04082888 0.07034504 -0.03485792 0.04122483 0.06583786 -0.03470677 0.03971594 0.01499998 -0.03525257 0.04221606 0.05325454 -0.03529566 0.04232424 0.05188125 -0.03544467 0.0372588 0.01499998 -0.03545045 0.03726255 0.103376 -0.03535878 0.03740799 0.1025428 -0.03510701 0.03792822 0.09874045 -0.03507524 0.0380277 0.09792423 -0.03483182 0.03878891 0.09167522 -0.03479832 0.03908795 0.08875775 -0.03472769 0.03971785 0.08261132 -0.03470152 0.0399515 0.08033138 -0.03726559 0.035456 0.1024839 -0.03718864 0.03549909 0.1030238 -0.03620809 0.03627055 0.1031998 -0.03704416 0.03558003 0.1040375 -0.03613615 0.03634518 0.10502 -0.03678262 0.03577554 0.1052836 -0.03658056 0.03592669 0.1062464 -0.03607469 0.03641134 0.1058983 -0.03653055 0.03597122 0.1063694 -0.03634196 0.03613919 0.1068335 -0.03598916 0.0365073 0.106132 -0.0363388 0.03614228 0.1068368 -0.0362482 0.03623026 0.1069318 -0.03620034 0.03627848 0.1068455 -0.03618091 0.03629845 0.1069509 -0.03606772 0.03642028 0.1068543 -0.03609871 0.03638517 0.1069111 -0.03593891 0.03656595 0.106618 -0.0372588 0.03544467 0.01499998 -0.03971594 0.03470677 0.01499998 -0.03971862 0.0347473 0.08114951 -0.03893953 0.03479999 0.08907914 -0.03893643 0.03480094 0.08910518 -0.03782969 0.03516042 0.09840637 -0.03577423 0.03677809 0.105872 -0.03567606 0.03690457 0.1054273 -0.03560227 0.03702169 0.1047564 -0.03774338 0.03518843 0.09913164 -0.04226148 0.03529542 0.05165708 -0.0422064 0.03526592 0.0523675 -0.04173576 0.03501349 0.05843806 -0.04071062 0.03480291 0.07038813 -0.04026132 0.03471058 0.07562589 -0.03985601 0.034738 0.07975137 0.0362392 0.04366379 0.03340351 0.0362392 0.04366379 0.01499998 0.03712832 0.04455292 0.02419346 0.03808695 0.04551154 0.01499998 0.04325151 0.0399515 0.01499998 0.04280936 0.03830152 0.01499998 0.04160153 0.03709363 0.01499998 0.0399515 0.03665149 0.01499998 0.03830152 0.03709363 0.01499998 0.03709363 0.03830152 0.01499998 0.03665149 0.0399515 0.01499998 0.03709363 0.04160153 0.01499998 0.03830152 0.04280936 0.01499998 0.0399515 0.04325151 0.01499998 0.04160153 0.04280936 0.01499998 0.04280936 0.04160153 0.01499998 0.04549688 0.03807228 0.01499998 0.04366379 0.0362392 0.01499998 0.04454857 0.03712391 0.02395594 0.04366379 0.0362392 0.03292715 0.03574645 0.04309475 0.0415796 0.03522139 0.04222941 0.01499998 0.04222941 0.03522139 0.01499998 0.04252201 0.0353738 0.04850053 0.04074245 0.03480005 0.07004386 0.04122382 0.03485763 0.06462234 0.03971594 0.03470677 0.01499998 0.04221624 0.03525221 0.05229783 0.04228109 0.03527802 0.05149239 0.0372588 0.03544467 0.01499998 0.03971773 0.03472584 0.08129245 0.03991955 0.03470158 0.07931125 0.03726726 0.03545898 0.1024219 0.0375781 0.0352686 0.1000518 0.03727865 0.0354523 0.1023451 0.03766167 0.03522717 0.09976226 0.03790527 0.03514039 0.09775841 0.03873777 0.03484368 0.09091222 0.03897869 0.03481471 0.08854711 0.03625637 0.0362221 0.1069267 0.03635782 0.03612422 0.1068089 0.03613495 0.03634643 0.1066288 0.03618395 0.03629529 0.1069511 0.0360307 0.0364601 0.1068228 0.03609979 0.0363844 0.1069057 0.03611665 0.03636592 0.1069259 0.03637003 0.03611356 0.1067757 0.0366314 0.03588461 0.1060658 0.03669816 0.03583407 0.1057561 0.03591752 0.03659576 0.1064818 0.03616207 0.03631794 0.1055885 0.0358138 0.03672003 0.1061695 0.03570479 0.03687649 0.105421 0.03548747 0.03718835 0.1039292 0.03544974 0.0372616 0.1034162 0.03544467 0.0372588 0.01499998 0.03693783 0.03565263 0.1046438 0.03470677 0.03971594 0.01499998 0.03474855 0.03971731 0.08247357 0.03476744 0.03912186 0.088651 0.03479015 0.03904229 0.08932334 0.03510272 0.0379464 0.09858191 0.03510969 0.03792184 0.09878963 0.0354321 0.03729587 0.1031756 0.03530341 0.04230833 0.05204832 0.03525018 0.04221385 0.05330562 0.03508275 0.0419166 0.05726319 0.03480982 0.04079806 0.0706948 0.03472524 0.0404514 0.07485789 0.03474104 0.0399543 0.08001452 -0.05245512 0.03432911 0.007691681 -0.05182945 0.03524696 0.007692813 -0.05195313 0.03533357 0.007018566 -0.0472334 0.04128104 0.007703304 -0.04615682 0.04241275 0.007706284 -0.04626178 0.04251497 0.00703448 -0.04356408 0.04513835 0.007713437 -0.04291427 0.04571807 0.007714986 -0.04299837 0.04581403 0.007044732 -0.01676344 0.06045264 0.007724583 -0.01490086 0.06088948 0.007722616 -0.01493734 0.0610314 0.007053911 0.007535755 0.06227809 0.007715106 0.007921934 0.06221729 0.007715463 0.007937848 0.06232804 0.007045626 0.01197481 0.06157946 0.007719099 0.01244217 0.06146937 0.007719635 0.01246762 0.0615825 0.007050573 0.03953397 0.04868692 0.007722437 0.04105013 0.04736536 0.007718801 0.04114842 0.04748392 0.007050335 0.05017679 0.03764647 0.007696509 0.0504207 0.03728926 0.007696032 0.05051451 0.0373609 0.007022023 0.04761987 0.04098755 0.007030308 -0.0544027 0.0314297 0.007014334 -0.06116932 0.01435196 0.007025957 -0.06163942 0.01143586 0.007702767 -0.05995374 0.01879018 0.007019519 -0.05842679 0.02310377 0.007015049 -0.05657082 0.02733492 0.007013142 -0.04923421 0.03903317 0.007025539 -0.03951168 0.04885405 0.007054865 -0.03583484 0.05161315 0.007063329 -0.03197646 0.05408841 0.007068693 -0.02792966 0.05628478 0.007069468 -0.02369409 0.05819445 0.007066071 -0.01935058 0.05977874 0.007060348 -0.005859375 0.06255751 0.007043957 -0.01045042 0.06195682 0.00704813 -0.001234173 0.06281906 0.007042109 0.003373026 0.06274062 0.007042706 0.01697635 0.06049567 0.007056832 0.02137476 0.05908614 0.00706321 0.0256412 0.05736345 0.007068037 0.02974855 0.05534499 0.007069706 0.03755635 0.05037319 0.007059693 0.03373682 0.0530079 0.007066786 0.04450792 0.04434859 0.007040023 0.05312818 0.03353923 0.007016181 0.05543762 0.02956688 0.00701338 0.05744498 0.02544736 0.007013618 0.06055521 0.01675158 0.007022321 0.05915343 0.02117455 0.007016777 0.06162315 0.01225596 0.007029175 0.0627402 0.003386437 0.007040739 0.06235373 0.00773108 0.00703597 0.06259953 0.003380656 0.007710635 0.06198316 0.009656012 0.007704854 0.06221032 0.007715821 0.00770688 0.06245201 0.005651175 0.007709085 0.06254005 0.004898846 0.00770986 0.06163114 0.01143431 0.007702589 0.06147384 0.01222884 0.007701575 0.06099188 0.01466339 0.007698476 0.06041902 0.01671618 0.007696032 0.05827534 0.02311331 0.007689952 0.0590049 0.02112263 0.007691562 0.05977833 0.01901227 0.00769335 0.06026029 0.0172851 0.007695376 0.05791187 0.02410507 0.007689118 0.05532109 0.02950328 0.007688999 0.05569654 0.02883905 0.007688641 0.05580008 0.02865588 0.007688522 0.05731564 0.02538996 0.007688939 0.05332386 0.03303658 0.007690906 0.05302643 0.03347223 0.007691442 0.05244582 0.03432273 0.007692456 0.04864102 0.03951591 0.007700145 0.04751127 0.04089117 0.007702767 0.04314649 0.04553806 0.007713794 0.04432028 0.04433244 0.007710814 0.04440683 0.04424357 0.007710576 0.04664963 0.04193997 0.007704794 0.03919458 0.04898273 0.007723271 0.03746873 0.05025011 0.007726788 0.03498274 0.05207562 0.007731854 0.03433007 0.05247414 0.007732331 0.02882236 0.05567723 0.007735133 0.02969211 0.05523842 0.007735371 0.03033035 0.05491644 0.00773555 0.03366053 0.05288296 0.007732868 0.02615112 0.05702495 0.007734477 0.02133578 0.0589832 0.007729887 0.02161616 0.05889308 0.007730185 0.02311003 0.05827772 0.007731616 0.02559214 0.05725526 0.007733941 0.01729136 0.06028383 0.007725179 0.01694554 0.060395 0.007724761 0.01678431 0.06044685 0.007724583 0.01144289 0.06166315 0.007718622 0.005651891 0.06243759 0.007714152 0.003366172 0.06263113 0.007713019 -0.001960635 0.06270128 0.007713079 -0.001232206 0.0626949 0.007713019 -4.03705e-7 0.06268423 0.00771296 0.003052294 0.06265771 0.007712841 -0.005652487 0.06243866 0.007714807 -0.005846679 0.06242489 0.007714927 -0.01188558 0.06159663 0.007719397 -0.01144307 0.0616638 0.007719039 -0.01042592 0.06181812 0.007718265 -0.006940007 0.06234711 0.007715463 -0.01729041 0.06028115 0.007725179 -0.01929914 0.05962735 0.007727563 -0.02204936 0.05873233 0.007730722 -0.02311164 0.05828267 0.007731676 -0.02881383 0.05566257 0.007734835 -0.02786701 0.05616199 0.007734835 -0.02683377 0.05670702 0.007734835 -0.02363693 0.05806028 0.007732093 -0.03164988 0.05416661 0.007734775 -0.03953593 0.04868757 0.007722854 -0.03944057 0.04875981 0.007723033 -0.03581672 0.05150538 0.007730066 -0.03432083 0.05246078 0.007731795 -0.03192108 0.0539934 0.007734477 -0.03986561 0.04843783 0.007722198 -0.04432541 0.04433804 0.007711291 -0.04864937 0.03952336 0.007699668 -0.0491203 0.03893876 0.007698476 -0.05037248 0.03738439 0.007695317 -0.05319666 0.03324127 0.007690429 -0.05426913 0.03135192 0.007689654 -0.05569583 0.02883863 0.007688701 -0.05580502 0.02864629 0.007688641 -0.05829954 0.02305549 0.007691204 -0.05827778 0.02311408 0.007691144 -0.05789238 0.02415132 0.00769037 -0.05644237 0.02727377 0.007689177 -0.05962097 0.0194993 0.007693946 -0.05983215 0.01875489 0.007694721 -0.06105792 0.01432877 0.007699251 -0.0609852 0.01469063 0.007698833 -0.06025004 0.017282 0.007696211 -0.06146121 0.009648025 0.009763479 -0.06157159 0.01005387 0.009799718 -0.06156289 0.009848356 0.009793579 -0.06110149 0.008668065 0.01376414 -0.061109 0.00888884 0.01379442 -0.06128829 0.009471476 0.01184201 -0.06129646 0.009683489 0.01185745 -0.06157028 0.01005208 0.009809494 -0.06083202 0.004021406 0.01780128 -0.06083589 0.00205475 0.01845347 -0.06094002 0.002097189 0.01864701 -0.06118756 0.009276747 0.01177322 -0.06100088 0.008489191 0.01365876 -0.06099313 0.007465124 0.01548486 -0.06089186 0.007311522 0.01534724 -0.06094551 0.005917251 0.01691579 -0.06084322 0.005796253 0.01675224 -0.06093537 0.004104793 0.01798361 -0.06095063 0.002138018 0.01882714 -0.06095016 0.002329409 0.01880294 -0.06094992 0.005549311 0.01736319 -0.06094378 0.004346668 0.01809692 -0.06094431 0.004184246 0.01815378 -0.06070911 0.007210433 0.01525145 -0.06066125 0.005715727 0.01664131 -0.06065106 0.003965318 0.01767891 -0.06065577 0.002026021 0.01832377 -0.06100577 0.009148836 0.01171481 -0.06128185 0.00951457 0.009726345 -0.06081807 0.008372247 0.01358067 -0.0609551 2.06508e-4 0.01907122 -0.06095236 0.006032943 0.01706808 -0.06095302 0.006163835 0.01698821 -0.06100046 0.007699966 0.01553076 -0.06110495 0.008844316 0.01385951 -0.05031073 0.007157623 0.1109802 -0.05072373 0.003520011 0.1109802 0.009958684 0.05001384 0.1107161 0.008856058 0.05028438 0.1107161 0.008858919 0.0502882 0.110822 0.04104709 0.02982175 0.1109802 0.04308897 0.02673298 0.1109802 0.04317355 0.02678483 0.1109177 -0.04750692 0.01775336 0.1109802 -0.04869645 0.01427441 0.1109802 -0.05082267 0.003527462 0.1109178 -0.05040884 0.007172524 0.1109178 -0.04973262 0.01074624 0.1109178 -0.04963582 0.0107243 0.1109802 -0.0487914 0.0143032 0.1109178 -0.04759967 0.0177887 0.1109178 -0.04615604 0.02121412 0.1109177 -0.04606598 0.02117246 0.1109802 -0.04438632 0.02449768 0.1109802 -0.04447329 0.02454543 0.1109177 -0.04048663 0.03059494 0.1109802 -0.04056644 0.03065389 0.1109178 -0.03587186 0.03603488 0.1109802 -0.03594297 0.03610408 0.1109178 -0.03118711 0.04028439 0.1109802 -0.03124898 0.040362 0.1109178 -0.02555662 0.0441491 0.1109802 -0.02560669 0.04423481 0.1109178 -0.01219767 0.04944443 0.1109802 -0.01569598 0.04848533 0.1109802 -0.0224353 0.04592555 0.1109178 -0.02239197 0.04583626 0.1109802 -0.01915723 0.04736548 0.1109178 -0.01912075 0.04727321 0.1109802 -0.01572567 0.04857999 0.1109178 -0.0122205 0.04954099 0.1109178 -0.008618533 0.05025929 0.1109178 -0.008602499 0.05016136 0.1109802 -0.00493741 0.05062919 0.1109802 -0.004946529 0.05072802 0.1109178 0.001672804 0.05083096 0.1109802 0.001675903 0.05093014 0.1109178 0.022022 0.04601371 0.1109802 0.01571249 0.04858338 0.1109178 0.01568287 0.04848867 0.1109802 0.008847713 0.05022144 0.1109178 0.008831322 0.05012357 0.1109802 0.03878265 0.03278082 0.1109802 0.03637468 0.03551077 0.1109802 0.0465542 0.02033311 0.1109177 0.04646342 0.02029305 0.1109802 0.0489155 0.0135293 0.1109802 0.04901093 0.01355671 0.1109178 0.05035924 0.006834566 0.1109802 0.05045747 0.006848752 0.1109178 0.05073052 0.003439128 0.1109802 -0.05037873 0.007951557 0.1107161 -0.05042135 0.007176339 0.1108146 -0.04989081 0.00990051 0.1107161 -0.04970878 0.01073944 0.110832 -0.05044364 0.007181644 0.1107161 -0.05062985 0.00497359 0.1107161 -0.05079275 0.003524601 0.110836 -0.05075234 0.003520667 0.1107161 -0.04842329 0.01576209 0.1107161 -0.04878646 0.01430386 0.1108211 -0.04758399 0.01778054 0.1108278 -0.04867231 0.01476734 0.1107161 -0.04878759 0.01430696 0.1107161 -0.04968273 0.01073163 0.1107161 -0.04453265 0.02457803 0.110822 -0.04480248 0.02402889 0.1107161 -0.04516792 0.02344167 0.1107161 -0.04613798 0.0212078 0.1108294 -0.04611766 0.02120113 0.1107161 -0.0468623 0.01944446 0.1107161 -0.04757094 0.01777279 0.1107161 -0.04062092 0.03069412 0.110822 -0.04214107 0.02830559 0.1107161 -0.04448157 0.02454459 0.1107161 -0.03599148 0.03615128 0.110822 -0.03922015 0.03237992 0.1107161 -0.04066628 0.03067553 0.1107161 -0.03219825 0.0394839 0.1107161 -0.03597372 0.03620606 0.1107161 -0.0360071 0.03616678 0.1107161 -0.02827739 0.04252868 0.1107161 -0.03129118 0.04041492 0.110822 -0.02558708 0.0442034 0.1108381 -0.02963507 0.04170918 0.1107161 -0.0312193 0.0403338 0.1107161 -0.02247011 0.04599457 0.1107161 -0.02245151 0.04595744 0.1108126 -0.01950442 0.04715621 0.1107161 -0.0191465 0.04733765 0.1108354 -0.02265572 0.04592186 0.1107161 -0.02401614 0.04510074 0.1107161 -0.02556389 0.04416656 0.1107161 -0.01484167 0.04891204 0.1107161 -0.01573139 0.04860281 0.1108128 -0.01221549 0.04951483 0.1108333 -0.01524621 0.04882413 0.1107161 -0.01573872 0.04863125 0.1107161 -0.01913267 0.04730182 0.1107161 -0.008616507 0.0502603 0.1108194 -0.004952788 0.05079543 0.110822 -0.007295191 0.0505523 0.1107161 -0.005009412 0.05070799 0.1107161 -0.008614897 0.05026549 0.1107161 -0.009952902 0.04997467 0.1107161 -0.01220989 0.04948407 0.1107161 0.001677989 0.05099779 0.110822 0 0.05104923 0.1107161 -0.004947721 0.05071222 0.1107161 0.008486211 0.0503751 0.1107161 0.00500375 0.05065172 0.1107161 0.0016703 0.05091655 0.1107161 0.0157327 0.04864799 0.110822 0.0148186 0.04882144 0.1107161 0.01949673 0.04715257 0.1107161 0.01671904 0.04835516 0.1107161 0.01572251 0.04859966 0.1107161 0.02816742 0.04258662 0.1108368 0.02814447 0.04255026 0.1107161 0.0251823 0.04448437 0.1108176 0.02518612 0.04449605 0.1107161 0.02432572 0.04506194 0.1107161 0.02406466 0.04517495 0.1107161 0.02209353 0.04616457 0.110822 0.02204465 0.04604947 0.1107161 0.03223693 0.03953391 0.1107161 0.03113651 0.04049813 0.1108126 0.03384178 0.03810131 0.1108366 0.03116232 0.04053151 0.1107161 0.03103727 0.04064768 0.1107161 0.0282436 0.04248505 0.1107161 0.03706735 0.03504943 0.1107161 0.03645819 0.03558725 0.1108146 0.03883928 0.03282934 0.1108321 0.03647446 0.03559988 0.1107161 0.03590327 0.03613018 0.1107161 0.03381299 0.03807073 0.1107161 0.0432313 0.02682024 0.110822 0.04225516 0.02837729 0.1107161 0.04112327 0.02987325 0.110823 0.0421738 0.02852332 0.1107161 0.04112118 0.02986854 0.1107161 0.03917789 0.03235214 0.1107161 0.03881686 0.03281354 0.1107161 0.04658502 0.02035081 0.1107161 0.04631221 0.02109795 0.1107161 0.04661619 0.02036041 0.110822 0.04470688 0.02397835 0.1107161 0.04314815 0.02677506 0.1107161 0.04907602 0.01357537 0.110822 0.04863196 0.01474487 0.1107161 0.04690682 0.01946949 0.1107161 0.04984247 0.009898543 0.1107161 0.05052447 0.006858468 0.110822 0.04924815 0.01305741 0.1107161 0.04906165 0.01356822 0.1107161 0.05080574 0.004778563 0.1107161 0.05076724 0.004983425 0.1107161 0.05041837 0.006837427 0.1107161 0.02513331 0.04439347 0.1109802 0.02812904 0.04253113 0.1109802 0.0310527 0.0403912 0.1109802 0.03379642 0.03805124 0.1109802 0.0220645 0.04610335 0.1109178 0.02518242 0.04447966 0.1109178 0.02818459 0.04261338 0.1109178 0.03111428 0.04046905 0.1109178 0.03386348 0.03812438 0.1109178 0.0364468 0.03557896 0.1109178 0.0388593 0.03284388 0.1109178 0.04112792 0.02987927 0.1109178 0.05740541 0 0.04559248 0.05597901 0 0.0587843 0.05560076 -0.005275487 0.05877149 0.05087459 -0.01007848 0.09770286 0.02446895 -0.04598087 0.09770286 0.02881073 -0.04336214 0.09770286 0.005087971 -0.05169206 0.09770286 0.01987415 -0.04812449 0.09770286 0.020271 -0.04926478 0.08471637 0.005294799 -0.05562055 0.05877149 0.01061528 -0.05487698 0.05877107 0.01030427 -0.05218023 0.08471637 -0.01013123 -0.05097961 0.09770286 -0.03286278 -0.04029607 0.09770286 -0.04783636 -0.01982039 0.09770286 -0.04563403 -0.02445036 0.09770286 -0.04899585 -0.02022081 0.08471637 -0.05560076 -0.005275487 0.05877149 -0.05480772 -0.01058048 0.05877107 -0.05208265 -0.01025527 0.08471637 0.04095286 -0.03374809 0.08471637 -0.03362029 -0.04124063 0.08471637 -0.052266 -0.02730399 0.03287732 0.00543189 -0.05877399 0.03287732 0.03242701 -0.04936653 0.03287738 0.05473279 -0.02195304 0.03287732 0.05797719 -0.01093578 0.03287732 0.06158941 0 0.01487392 0.05876475 -0.00542289 0.03287732 0.05663686 -0.01647067 0.03287732 0.052266 -0.02730399 0.03287732 0.0492503 -0.0324428 0.03287738 0.02731007 -0.05237936 0.03287732 0.02197039 -0.05482584 0.03287732 0.01649063 -0.05670017 0.03287732 0.01095223 -0.05800992 0.03287732 -0.00543195 -0.05877399 0.03287732 0 -0.05902099 0.03287732 -0.01095223 -0.05800992 0.03287732 -0.01649063 -0.05670017 0.03287732 -0.02197039 -0.05482584 0.03287732 -0.02731007 -0.05237936 0.03287732 -0.03242701 -0.04936653 0.03287738 -0.0492503 -0.0324428 0.03287738 -0.05473279 -0.02195304 0.03287732 -0.05663686 -0.01647067 0.03287732 -0.05797719 -0.01093578 0.03287732 -0.05876475 -0.00542289 0.03287732 -0.03083771 -0.04668855 0.05877012 -0.02945041 -0.04438573 0.08471637 -0.03998887 -0.03299921 0.09770286 -0.04095286 -0.03374809 0.08471637 -0.04928922 -0.02606385 0.05877023 -0.04644894 -0.03087025 0.05877012 -0.04405575 -0.02949517 0.08471637 0.04644894 -0.03087025 0.05877012 0.04405575 -0.02949517 0.08471637 0.03998887 -0.03299921 0.09770286 0.03286278 -0.04029607 0.09770286 0.02945041 -0.04438573 0.08471637 0.03362029 -0.04124063 0.08471637 0.03083771 -0.04668855 0.05877012 -0.05287605 -0.005138933 0.08471637 -0.05319321 0 0.08472067 -0.05362153 0 0.07990062 -0.05589473 0 0.05877518 -0.05348569 -0.01585525 0.05877077 -0.05078238 -0.01529926 0.08471637 -0.05166172 -0.005058407 0.09770286 -0.05203866 0 0.09771263 -0.04959148 -0.01501446 0.09770286 -0.05087459 -0.01007848 0.09770286 -0.05138486 0 0.1050699 -0.05164158 -0.02103757 0.05877047 -0.04674547 -0.02496945 0.08471637 -0.04300963 -0.02885854 0.09770286 -0.02446895 -0.04598087 0.09770286 -0.02881073 -0.04336214 0.09770286 -0.01507741 -0.04979062 0.09770286 -0.01987415 -0.04812443 0.09770286 0 -0.05314427 0.08471637 0 -0.05192923 0.09770286 -0.005166292 -0.05290418 0.08471637 -0.005087971 -0.05169206 0.09770286 -0.01030427 -0.05218023 0.08471637 -0.01535791 -0.05096793 0.08471637 -0.020271 -0.04926478 0.08471637 -0.02498686 -0.04706972 0.08471637 0 -0.05586415 0.0587719 -0.005294799 -0.05562055 0.05877149 -0.01061528 -0.05487698 0.05877107 -0.01589721 -0.05361843 0.05877077 -0.02107375 -0.05183523 0.05877047 -0.02607643 -0.04952383 0.05877023 0.005166292 -0.05290418 0.08471637 0.01589721 -0.05361843 0.05877077 0.01535791 -0.05096799 0.08471637 0.02607643 -0.04952383 0.05877023 0.02498686 -0.04706972 0.08471637 0.02107369 -0.05183523 0.05877047 0.01507741 -0.04979062 0.09770286 0.01013123 -0.05097961 0.09770286 0.05287605 -0.005138933 0.08471637 0.05166172 -0.005058407 0.09770286 0.05208265 -0.01025527 0.08471637 0.05078238 -0.01529926 0.08471637 0.04959148 -0.01501446 0.09770286 0.04899585 -0.02022081 0.08471637 0.04300963 -0.02885854 0.09770286 0.04563403 -0.02445036 0.09770286 0.04674547 -0.02496951 0.08471637 0.04783636 -0.01982039 0.09770286 0.05317479 0 0.08471965 0.04928922 -0.02606385 0.05877023 0.05164158 -0.02103757 0.05877047 0.05348569 -0.01585525 0.05877077 0.05480772 -0.01058048 0.05877107 -0.05641305 0 0.05395799 -0.05915552 0 0.03289484 0.05207061 0 0.097714 0.05286973 0 0.0875414 0.05913513 0 0.03289282 -0.04801678 0.03835225 0.01499998 -0.04850339 0.03790712 0.01499998 -0.04668295 0.0360639 0.0328781 -0.04788517 0.03840827 0.01499998 -0.04603737 0.03655189 0.03318357 -0.04665094 0.03603148 0.03319245 -0.04739642 0.03861641 0.01499998 -0.0460335 0.03655517 0.03318351 -0.04704338 0.03863805 0.01499998 -0.04600733 0.03657734 0.03318315 -0.04519826 0.03681123 0.03312826 -0.04671555 0.03865814 0.01499998 -0.04474455 0.03674572 0.03307867 -0.04617679 0.0385037 0.01499998 -0.04436784 0.03669136 0.03303754 -0.04433494 0.03667026 0.03303235 -0.04605621 0.03846913 0.01499998 -0.04432225 0.0366621 0.03303039 -0.04397326 0.03643792 0.03297567 -0.04773515 0.03881394 0.01499998 -0.03865391 0.0470553 0.01499998 -0.03863078 0.04741048 0.01499998 -0.03879886 0.04777038 0.01499998 -0.04348707 0.04351305 0.01499998 -0.04526484 0.04172992 0.01499998 -0.03852111 0.04618924 0.01499998 -0.03867411 0.04674494 0.01499998 -0.0384252 0.04789656 0.01499998 -0.03837192 0.04802256 0.01499998 -0.03792518 0.04851472 0.01499998 -0.0384953 0.04609537 0.01499998 -0.04174351 0.04526185 0.01499998 -0.03643763 0.04397207 0.03345078 -0.03666132 0.04431951 0.033504 -0.03666943 0.0443322 0.03350591 -0.03669035 0.04436463 0.03351092 -0.0367456 0.0447399 0.03355103 -0.03681212 0.04519134 0.03359931 -0.03658318 0.04599809 0.03365314 -0.03604382 0.04664236 0.03366297 -0.0360648 0.04666328 0.03343856 -0.03655821 0.04602789 0.03365361 -0.0361213 0.04671949 0.03287845 -0.03656148 0.04602402 0.03365355 -0.03539067 0.04261839 0.05191761 -0.04256463 0.03535956 0.05169343 -0.04097121 0.03478044 0.07041859 -0.04123347 0.03476953 0.07045006 -0.04029923 0.03465026 0.07980901 -0.04071933 0.03449988 0.07986426 -0.03956592 0.03455811 0.08920627 -0.03821045 0.0349285 0.09848988 -0.03743469 0.03531146 0.1030978 -0.03694993 0.03562933 0.1053588 -0.03661733 0.03588998 0.1064388 -0.03637188 0.03610879 0.1068984 -0.03604465 0.03644394 0.1068949 -0.03620004 0.03627747 0.1070111 -0.03584307 0.03668123 0.1064456 -0.03603017 0.03645849 0.1069257 -0.03571051 0.03685355 0.1059131 -0.03552371 0.03712338 0.104794 -0.0352773 0.03754347 0.102527 -0.03497254 0.0382328 0.09796649 -0.03468716 0.03943639 0.08881044 -0.0348047 0.04108774 0.07037532 -0.03500843 0.04532831 0.04705721 -0.0351684 0.04430776 0.05208337 -0.03476077 0.04478621 0.05211168 -0.03544068 0.04365456 0.05202925 -0.03442424 0.04235011 0.07051682 -0.03401684 0.04155212 0.07975775 -0.03400951 0.0417369 0.07838112 -0.0339955 0.04209154 0.07573848 -0.03458189 0.0387516 0.09808307 -0.03485375 0.03842753 0.09800857 -0.03491163 0.03801608 0.1020484 -0.0351876 0.03766822 0.1025629 -0.03413361 0.04026716 0.0889455 -0.03454369 0.03975564 0.08886098 -0.03441852 0.03911614 0.09611779 -0.03455036 0.03882193 0.09770387 -0.03405517 0.04058402 0.0869708 -0.03404319 0.04088652 0.08471721 -0.03452098 0.04087567 0.07967191 -0.03411096 0.04270452 0.0705524 -0.03432238 0.04382675 0.0610575 -0.03443443 0.04407197 0.05877125 -0.03631943 0.03615391 0.1070281 -0.0361737 0.03630053 0.1070722 -0.03612244 0.03635513 0.1070483 -0.03638768 0.03609126 0.1069292 -0.03601515 0.03647249 0.1069564 -0.03600877 0.03647607 0.1069955 -0.03639429 0.03608334 0.1069439 -0.03654444 0.03594172 0.1067747 -0.03665459 0.03585201 0.1064701 -0.03667789 0.03582656 0.1064897 -0.03683578 0.0356903 0.1061525 -0.03701555 0.03556591 0.1053912 -0.03705281 0.03552728 0.1054099 -0.03738313 0.03527909 0.1042795 -0.03754067 0.03521502 0.1031327 -0.03761643 0.03514003 0.1031586 -0.03823268 0.03477275 0.1001982 -0.03837972 0.03478682 0.09853035 -0.03851819 0.0346589 0.09856462 -0.04125994 0.03397661 0.08091807 -0.04102063 0.03396892 0.08278167 -0.04109561 0.03425848 0.07991397 -0.04073321 0.03402239 0.08471721 -0.03984546 0.0343548 0.08925396 -0.0400539 0.03414875 0.08929121 -0.0395736 0.0342381 0.0925256 -0.03866845 0.034599 0.09770488 -0.04222148 0.03437441 0.0705623 -0.04425287 0.03511542 0.05186307 -0.04397046 0.0343613 0.05877113 -0.04269123 0.03402227 0.06977063 -0.04258483 0.03401887 0.07059961 -0.04138392 0.03398054 0.07995247 -0.04324823 0.03544628 0.05177205 -0.04289704 0.03543221 0.05173325 -0.03466141 0.04044896 0.0796172 -0.03479951 0.04135096 0.07040637 -0.03546732 0.04294955 0.05195653 -0.03548574 0.04330015 0.05199438 -0.03566306 0.03690886 0.1059449 -0.03545802 0.03720581 0.1048272 -0.03468054 0.04187572 0.07046598 -0.04581195 0.03530526 0.04171383 -0.0447244 0.03470855 0.05189263 -0.04420471 0.03442341 0.05675661 -0.03600227 0.0364837 0.106984 -0.0357092 0.03682488 0.1064696 -0.03558909 0.03698652 0.1059922 -0.03531354 0.03735744 0.1048967 -0.03499346 0.03788197 0.1026282 -0.04360246 0.03539663 0.0518077 -0.04175394 0.03463971 0.07051062 0.03612285 0.04672104 0.03287875 0.03604382 0.04664236 0.03366291 0.03655821 0.04602789 0.03365361 0.03836679 0.04803061 0.01499998 0.03792518 0.04851472 0.01499998 0.03842407 0.04789602 0.01499998 0.03863084 0.04741019 0.01499998 0.03656154 0.0460239 0.03365355 0.03865253 0.0470553 0.01499998 0.03658318 0.04599809 0.03365314 0.03681212 0.04519134 0.03359931 0.0386725 0.04672962 0.01499998 0.03674554 0.04473942 0.03355097 0.03851789 0.04619032 0.01499998 0.03669035 0.04436463 0.03351092 0.03666943 0.0443322 0.03350591 0.03848356 0.04607057 0.01499998 0.03643733 0.04397159 0.03345066 0.04801255 0.03835499 0.01499998 0.04850339 0.03790712 0.01499998 0.04773521 0.03881394 0.01499998 0.03879892 0.04777044 0.01499998 0.04788553 0.03840905 0.01499998 0.04173922 0.04526579 0.01499998 0.04608595 0.03848314 0.01499998 0.04617553 0.03850758 0.01499998 0.04673594 0.03866028 0.01499998 0.04704326 0.03863948 0.01499998 0.04740118 0.03861528 0.01499998 0.04526543 0.04172933 0.01499998 0.04348695 0.043513 0.01499998 0.04397279 0.03643763 0.03297561 0.04432183 0.0366618 0.03303033 0.04433494 0.03667026 0.03303235 0.04436784 0.03669136 0.03303754 0.04474413 0.03674566 0.03307861 0.04519826 0.03681123 0.03312826 0.04600733 0.03657734 0.03318315 0.04603737 0.03655189 0.03318357 0.04665094 0.03603148 0.03319245 0.04668295 0.0360639 0.0328781 0.04603338 0.03655529 0.03318351 0.03479182 0.04131793 0.07075548 0.03467178 0.04183924 0.0708149 0.0345174 0.04082351 0.08012616 0.03538316 0.0426051 0.05208384 0.03465849 0.04040175 0.08007168 0.03455281 0.03968089 0.08942466 0.03489178 0.03832453 0.0986638 0.03525769 0.03753882 0.1032483 0.03557008 0.0370388 0.1054947 0.03583687 0.03668445 0.106557 0.03607749 0.03640651 0.1069706 0.0363956 0.03608846 0.1068096 0.03625553 0.0362215 0.1069954 0.03676629 0.03577536 0.1057913 0.03641587 0.03606778 0.1068404 0.03702402 0.0355885 0.104668 0.03743445 0.03533482 0.1023877 0.03811711 0.03501367 0.09780275 0.03932189 0.03469926 0.08859974 0.04034572 0.03465241 0.07936131 0.04126596 0.03477674 0.07010626 0.04100209 0.03478646 0.07007467 0.0425772 0.03536677 0.05152952 0.04533809 0.03498643 0.0462951 0.04426944 0.03512495 0.05169945 0.04474383 0.03471124 0.05172836 0.04361724 0.03540605 0.05164408 0.04226106 0.0343821 0.07021886 0.04143822 0.03398549 0.07950395 0.04212796 0.0339607 0.07433223 0.03862839 0.03461396 0.09791952 0.03831052 0.03488892 0.09784519 0.0379554 0.03492218 0.1016401 0.03755873 0.03524053 0.1024238 0.03776764 0.03504127 0.1024886 0.04013699 0.0341317 0.08873498 0.03963929 0.03454768 0.08865082 0.03915017 0.03437501 0.09503495 0.03866726 0.03459614 0.09770452 0.04128426 0.03399097 0.08065849 0.04077088 0.03450256 0.07941681 0.04074299 0.03401046 0.08471691 0.04060924 0.03401523 0.08571982 0.04261463 0.03405517 0.07025551 0.04384171 0.03429347 0.05997675 0.04397362 0.03435456 0.05877083 0.03580379 0.03671836 0.1065881 0.03585863 0.03664571 0.1067979 0.03606683 0.03641599 0.1070013 0.03605276 0.03642821 0.10703 0.03643554 0.03604644 0.1068713 0.03612238 0.03635501 0.1070507 0.03619575 0.03627783 0.1070726 0.03551101 0.03710317 0.1055269 0.03548836 0.0371105 0.1057269 0.03579115 0.0367304 0.1066027 0.03411531 0.04022544 0.08938425 0.03435736 0.03996384 0.08947199 0.03405845 0.04087448 0.08471757 0.03428512 0.04120367 0.08017522 0.03400355 0.04150098 0.08021312 0.03412175 0.04020375 0.08951383 0.03453117 0.03883361 0.09770321 0.034756 0.03849571 0.09870398 0.03454554 0.03878545 0.09799116 0.03461855 0.03863942 0.09873878 0.03516596 0.03764522 0.103283 0.03506278 0.03775101 0.1032873 0.03545838 0.03715562 0.1055549 0.034213 0.04345053 0.06437993 0.03441607 0.04231035 0.07086569 0.03445577 0.0440635 0.05877208 0.03515905 0.04429101 0.05224943 0.03410571 0.04266077 0.07090085 0.0339818 0.0417487 0.07843184 0.03398603 0.04170066 0.07877743 0.03479814 0.04105627 0.07072454 0.03543132 0.04363936 0.05219531 0.03547674 0.04328572 0.0521605 0.03545898 0.04293578 0.05212271 0.04291015 0.03544038 0.05156946 0.04326212 0.03545522 0.05160832 0.04179012 0.03464812 0.07016706 0.03710705 0.03551876 0.1047013 0.03682357 0.03572392 0.1058233 0.03577214 0.04635643 0.03669673 0.03484243 0.04503971 0.04984086 0.03473693 0.04477339 0.05227744 0.0372833 0.03534865 0.104678 0.03690505 0.03564202 0.1058717 0.03674352 0.03576731 0.1063816 0.03643769 0.03604352 0.1068812 0.03637135 0.03610342 0.1069896 -0.04783636 0.01982039 0.09770292 -0.03998887 0.03299921 0.09770292 -0.02446895 0.04598087 0.09770292 -0.02881073 0.04336214 0.09770292 -0.005087971 0.05169206 0.09770292 -0.01987415 0.04812443 0.09770292 -0.020271 0.04926478 0.08471649 -0.04928916 0.02606385 0.05877047 -0.05164158 0.02103757 0.05877065 -0.04899579 0.02022081 0.08471649 -0.05348563 0.01585525 0.05877095 -0.05480772 0.01058048 0.05877131 -0.05208265 0.01025527 0.08471649 -0.005294799 0.05562049 0.05877166 -0.01061528 0.05487698 0.05877131 -0.01030427 0.05218023 0.08471649 0.01013123 0.05097961 0.09770292 0.03286278 0.04029607 0.09770292 0.04783636 0.01982039 0.09770292 0.04563403 0.02445036 0.09770292 0.04899579 0.02022075 0.08471649 0.0556007 0.005275487 0.05877166 0.05480772 0.01058048 0.05877131 0.05208265 0.01025521 0.08471649 0.03362029 0.04124063 0.08471649 -0.04095286 0.03374809 0.08471649 0.04925024 0.03244274 0.03287768 0.02197039 0.05482578 0.03287762 0.00543195 0.05877399 0.03287762 -0.01649063 0.05670011 0.03287762 -0.05876469 0.00542289 0.03287762 -0.05797713 0.01093578 0.03287762 -0.05663681 0.01647067 0.03287762 -0.05226594 0.02730399 0.03287768 -0.05473279 0.02195304 0.03287762 -0.04925024 0.03244274 0.03287768 -0.02731007 0.05237931 0.03287768 -0.03242701 0.04936653 0.03287768 -0.02197039 0.05482578 0.03287762 -0.01095223 0.05800986 0.03287762 -0.00543189 0.05877399 0.03287762 0 0.05902099 0.03287762 0.01095223 0.05800986 0.03287762 0.01649063 0.05670011 0.03287762 0.02731007 0.05237931 0.03287768 0.03242701 0.04936653 0.03287768 0.05226594 0.02730399 0.03287768 0.05473279 0.02195304 0.03287762 0.05663681 0.01647067 0.03287762 0.05797713 0.01093578 0.03287762 0.05876469 0.00542289 0.03287762 -0.04644888 0.03087019 0.05877029 -0.04405575 0.02949517 0.08471649 -0.03286278 0.04029607 0.09770292 -0.02945041 0.04438573 0.08471649 -0.03362023 0.04124063 0.08471649 -0.03083771 0.04668855 0.05877029 0.03083771 0.04668855 0.05877029 0.02945041 0.04438573 0.08471649 0.03998887 0.03299921 0.09770292 0.04095286 0.03374809 0.08471649 0.04928916 0.02606385 0.05877047 0.04644888 0.03087019 0.05877029 0.04405575 0.02949517 0.08471649 0.05287605 0.005138933 0.08471643 0.05348569 0.01585525 0.05877095 0.05078238 0.01529926 0.08471649 0.04959148 0.01501446 0.09770292 0.05087459 0.01007848 0.09770292 0.05166172 0.005058407 0.09770292 0.05164158 0.02103757 0.05877065 0.04674547 0.02496945 0.08471649 0.04300963 0.02885854 0.09770292 0.02446895 0.04598087 0.09770292 0.02881073 0.04336214 0.09770292 0.01507741 0.04979062 0.09770292 0.01987415 0.04812443 0.09770292 0 0.05314427 0.08471643 0 0.05192917 0.09770292 0.005166292 0.05290418 0.08471643 0.005087971 0.05169206 0.09770292 0.01030427 0.05218023 0.08471649 0.01535791 0.05096793 0.08471649 0.020271 0.04926478 0.08471649 0.02498686 0.04706972 0.08471649 0 0.05586409 0.05877208 0.005294799 0.05562049 0.05877166 0.01061528 0.05487698 0.05877131 0.01589721 0.05361843 0.05877095 0.02107369 0.05183523 0.05877065 0.02607643 0.04952383 0.05877047 -0.005166292 0.05290418 0.08471643 -0.01589721 0.05361843 0.05877095 -0.01535791 0.05096793 0.08471649 -0.02607643 0.04952383 0.05877047 -0.02498686 0.04706972 0.08471649 -0.02107369 0.05183523 0.05877065 -0.01507741 0.04979062 0.09770292 -0.01013123 0.05097961 0.09770292 -0.04959148 0.01501446 0.09770292 -0.05078238 0.01529926 0.08471649 -0.04563403 0.02445036 0.09770292 -0.04300963 0.02885854 0.09770292 -0.04674547 0.02496951 0.08471649 -0.05166172 0.005058407 0.09770292 -0.05087459 0.01007848 0.09770292 -0.05287605 0.005138933 0.08471643 -0.0556007 0.005275487 0.05877166</float_array>
          <technique_common>
            <accessor source="#base-mesh-positions-array" count="6049" stride="3">
              <param name="X" type="float"/>
              <param name="Y" type="float"/>
              <param name="Z" type="float"/>
            </accessor>
          </technique_common>
        </source>
        <source id="base-mesh-normals">
          <float_array id="base-mesh-normals-array" count="36318">0 0 1 0 0 1 0 0 1 0 0 1 0 0 1 0 0 1 0 0 1 0 0 1 0 0 1 0 0 1 0 0 1 0 0 1 0 0 1 0 0 1 0 0 1 0 0 1 0 0 1 0 0 1 0 0 1 0 0 1 0 0 1 0 0 1 0 0 1 0 0 1 0 0 1 0 0 1 0 0 1 0 0 1 0 0 1 0 0 1 0 0 1 0 0 1 0 0 1 0 0 1 0 0 1 -0.06351315 -0.7056871 0.7056712 -0.1884976 -0.6830056 0.7056714 -0.1884964 -0.6830021 0.705675 -0.3074221 -0.6383687 0.7056749 -0.307422 -0.6383684 0.7056753 -0.4164668 -0.5732174 0.705675 -0.416469 -0.5732202 0.7056715 -0.5121285 -0.4896449 0.7056715 -0.5121258 -0.4896426 0.705675 -0.5913245 -0.3903301 0.7056754 -0.5913292 -0.3903328 0.7056699 -0.6515232 -0.2784744 0.7056695 -0.6515206 -0.2784735 0.7056722 -0.6907739 -0.1576645 0.7056723 -0.6907722 -0.1576642 0.705674 -0.7078232 -0.03178846 0.7056741 -0.7078265 -0.03178834 0.7056707 -0.7021274 0.09510958 0.7056708 -0.7021275 0.09510958 0.7056707 -0.6738614 0.2189509 0.7056708 -0.6738599 0.2189503 0.7056725 -0.6239356 0.3357541 0.7056725 -0.6239342 0.3357532 0.7056741 -0.5539564 0.4417653 0.7056739 -0.5539567 0.4417656 0.7056735 -0.4661738 0.5335789 0.7056738 -0.466175 0.5335805 0.7056719 -0.3634093 0.6082447 0.7056713 -0.3634095 0.608245 0.7056711 -0.248963 0.6633597 0.7056708 -0.2489629 0.6633594 0.7056711 -0.1265146 0.6971533 0.705671 -0.126514 0.6971486 0.7056756 0 0.7085351 0.7056756 0 0.708535 0.7056756 0.1265137 0.6971486 0.7056757 0.1265149 0.6971533 0.7056707 0.2489631 0.6633598 0.7056707 0.248963 0.6633597 0.7056708 0.3634093 0.608245 0.7056711 0.3634092 0.6082448 0.7056713 0.4661752 0.5335803 0.7056718 0.4661738 0.533579 0.7056737 0.5539566 0.4417658 0.7056735 0.553959 0.4417675 0.7056705 0.6239377 0.3357549 0.7056702 0.6239321 0.3357524 0.7056763 0.6738559 0.2189491 0.7056767 0.6738575 0.2189495 0.705675 0.7021232 0.09510898 0.7056751 0.7021231 0.09510898 0.7056751 0.707822 -0.0317884 0.7056752 0.7078233 -0.03178852 0.705674 0.6907722 -0.1576641 0.7056739 0.6907739 -0.1576645 0.7056723 0.6515207 -0.2784733 0.7056723 0.6515195 -0.2784727 0.7056736 0.5913261 -0.3903309 0.7056736 0.5913277 -0.3903321 0.7056717 0.5121283 -0.4896447 0.7056719 0.5121285 -0.4896449 0.7056715 0.4164687 -0.5732204 0.7056714 0.4164669 -0.5732175 0.705675 0.3074221 -0.6383683 0.7056753 0.3074225 -0.6383695 0.705674 0.1884968 -0.6830026 0.7056744 0.1884974 -0.6830059 0.7056711 0.06351292 -0.7056872 0.705671 0.0635128 -0.7056835 0.7056748 -0.06351256 -0.7056836 0.7056748 0.08935856 -0.9928524 -0.07911413 0.04447722 -0.9903727 0.1310865 0.2218227 -0.9718658 -0.07919156 0.2652028 -0.9609416 -0.07911241 0.2206006 -0.9665154 0.1310852 0.3917912 -0.9166396 -0.07919257 0.4325238 -0.898145 -0.0791133 0.3896339 -0.9115934 0.1310834 0.5491665 -0.8319523 -0.07919257 0.5859429 -0.8064813 -0.0791133 0.5461432 -0.8273719 0.1310851 0.688892 -0.7205253 -0.07919144 0.7205295 -0.6888966 -0.07911229 0.6850998 -0.7165578 0.1310845 0.8064763 -0.5859391 -0.07919216 0.8319573 -0.5491703 -0.07911288 0.8020364 -0.5827133 0.1310834 0.8981389 -0.4325217 -0.07919245 0.9166458 -0.3917931 -0.0791133 0.8931948 -0.4301397 0.1310836 0.9609352 -0.265202 -0.07919204 0.9718721 -0.2218234 -0.07911282 0.955645 -0.2637412 0.1310847 0.9928463 -0.08935773 -0.07919204 0.9958618 -0.0447244 -0.07911282 0.9873806 -0.08886563 0.1310826 0.9928461 0.08935773 -0.079194 0.9878436 0.1338125 -0.07911473 0.9873803 0.08886557 0.1310839 0.9609351 0.2652019 -0.07919389 0.9480754 0.3080483 -0.07911467 0.9556452 0.2637413 0.1310829 0.8981397 0.43252 -0.07919245 0.8778353 0.4723836 -0.07911318 0.8931944 0.4301401 0.1310839 0.8064763 0.5859391 -0.07919216 0.779381 0.6215355 -0.07911294 0.8020362 0.5827132 0.1310849 0.6888919 0.7205252 -0.07919287 0.6558765 0.7507111 -0.07911366 0.6850996 0.7165582 0.1310835 0.549168 0.8319514 -0.0791915 0.5112916 0.8557583 -0.07911223 0.5461432 0.8273721 0.1310845 0.3917916 0.9166396 -0.07919079 0.3502736 0.9333005 -0.07911157 0.3896333 0.9115936 0.1310839 0.2218227 0.971866 -0.07919162 0.1779975 0.9808456 -0.07911235 0.2206006 0.9665158 0.1310824 0.06717562 0.9963373 -0.05290997 0.06717497 0.9963374 -0.05290997 0 0.9944353 0.1053506 -0.02240687 0.9983479 0.05290842 -0.1338119 0.9878375 -0.07919317 -0.1779975 0.9808454 -0.0791139 -0.1330748 0.9823989 0.1310856 -0.3080469 0.9480695 -0.07919192 -0.3502734 0.9333004 -0.0791127 -0.3063503 0.94285 0.1310856 -0.4723806 0.8778297 -0.07919192 -0.5112917 0.8557583 -0.0791127 -0.4697794 0.872997 0.1310859 -0.6215317 0.7793762 -0.07919126 -0.6558764 0.7507113 -0.07911199 -0.6181104 0.7750851 0.1310825 -0.750706 0.6558725 -0.07919341 -0.779381 0.6215354 -0.07911419 -0.7465731 0.6522616 0.1310852 -0.8557529 0.5112883 -0.07919204 -0.8778355 0.4723833 -0.07911288 -0.8510413 0.5084735 0.1310853 -0.9332948 0.3502703 -0.07919281 -0.9480755 0.3080484 -0.07911354 -0.928156 0.3483431 0.1310856 -0.9808396 0.1779956 -0.07919204 -0.9878438 0.1338125 -0.07911282 -0.9754394 0.1770161 0.131085 -0.9968595 0 -0.07919186 -0.995862 -0.04472398 -0.07911258 -0.9913712 0 0.1310842 -0.9808396 -0.1779956 -0.0791921 -0.9718721 -0.2218234 -0.07911282 -0.9754394 -0.1770162 0.1310844 -0.9332942 -0.3502717 -0.07919293 -0.9166455 -0.3917934 -0.07911372 -0.9281561 -0.3483427 0.1310859 -0.8557524 -0.5112891 -0.0791921 -0.8319576 -0.5491701 -0.07911282 -0.8510416 -0.5084733 0.131085 -0.7507056 -0.6558731 -0.07919341 -0.7205292 -0.6888968 -0.07911413 -0.7465735 -0.6522611 0.131086 -0.6215317 -0.7793762 -0.07919126 -0.5859432 -0.8064812 -0.07911193 -0.6181099 -0.7750852 0.1310846 -0.4723794 -0.8778304 -0.07919365 -0.4325237 -0.8981449 -0.07911443 -0.4697799 -0.8729969 0.1310844 -0.3080471 -0.9480694 -0.07919192 -0.2652028 -0.9609416 -0.0791127 -0.3063503 -0.9428501 0.1310849 -0.1338119 -0.9878376 -0.07919126 -0.08935856 -0.9928526 -0.07911199 -0.1330749 -0.9823991 0.131084 0.04472446 -0.9958555 -0.07919341 0.7056869 -0.06351286 -0.7056714 0.7056871 -0.06351298 -0.7056712 0.6830055 -0.1884975 -0.7056714 0.6830046 -0.1884973 -0.7056725 0.5732181 -0.4164675 -0.7056741 0.6830061 -0.1884982 -0.7056707 0.6383723 -0.3074237 -0.705671 0.6383702 -0.3074229 -0.7056731 0.6383717 -0.3074241 -0.7056713 0.5732204 -0.4164689 -0.7056714 0.3903309 -0.591326 -0.7056737 0.5732175 -0.4164667 -0.705675 0.489643 -0.5121262 -0.7056745 0.4896416 -0.5121249 -0.7056764 0.4896422 -0.5121262 -0.705675 0.3903298 -0.5913246 -0.7056754 0.1576646 -0.6907733 -0.7056729 0.3903313 -0.5913273 -0.7056724 0.2784733 -0.6515203 -0.7056727 0.2784724 -0.6515187 -0.7056745 0.2784721 -0.6515168 -0.7056763 0.1576635 -0.6907697 -0.7056766 -0.09510934 -0.7021235 -0.7056747 0.1576647 -0.690772 -0.7056741 0.03178805 -0.7078232 -0.705674 0.03178864 -0.7078276 -0.7056695 0.03178888 -0.7078264 -0.7056707 -0.09510952 -0.7021275 -0.7056708 -0.3357548 -0.6239369 -0.7056709 -0.09510916 -0.7021231 -0.7056751 -0.2189494 -0.6738576 -0.705675 -0.2189494 -0.6738577 -0.7056748 -0.2189508 -0.6738597 -0.7056725 -0.3357542 -0.6239355 -0.7056725 -0.5335804 -0.4661754 -0.7056717 -0.3357526 -0.6239346 -0.7056741 -0.4417655 -0.5539563 -0.7056739 -0.4417644 -0.5539547 -0.7056758 -0.4417635 -0.5539541 -0.7056769 -0.533577 -0.4661718 -0.7056766 -0.6633569 -0.2489619 -0.7056739 -0.5335785 -0.4661745 -0.7056736 -0.6082425 -0.3634077 -0.7056739 -0.6082439 -0.3634087 -0.7056724 -0.6082415 -0.363408 -0.7056748 -0.6633559 -0.2489615 -0.7056749 -0.7085394 0 -0.7056712 -0.6633555 -0.2489618 -0.7056753 -0.6971489 -0.1265139 -0.7056753 -0.6971509 -0.1265144 -0.7056732 -0.697153 -0.1265143 -0.7056712 -0.7085394 0 -0.7056713 -0.6633585 0.2489625 -0.7056722 -0.7085394 0 -0.7056713 -0.6971529 0.1265146 -0.7056713 -0.697151 0.1265144 -0.7056732 -0.6971492 0.1265136 -0.705675 -0.6633558 0.2489618 -0.7056749 -0.5335788 0.466174 -0.7056738 -0.6633561 0.2489609 -0.7056749 -0.6082417 0.3634076 -0.7056748 -0.6082427 0.363408 -0.7056738 -0.6082425 0.3634078 -0.7056741 -0.5335789 0.466174 -0.7056736 -0.3357545 0.6239362 -0.7056717 -0.5335788 0.4661741 -0.7056738 -0.4417659 0.5539565 -0.7056735 -0.4417649 0.5539553 -0.7056751 -0.4417654 0.5539564 -0.7056739 -0.3357531 0.6239342 -0.7056741 -0.09510916 0.7021231 -0.7056751 -0.0951091 0.7021237 -0.7056745 -0.3357543 0.6239355 -0.7056725 -0.2189502 0.67386 -0.7056725 -0.21895 0.6738595 -0.7056729 -0.2189499 0.6738574 -0.705675 -0.09510898 0.7021232 -0.7056751 0.1576645 0.6907727 -0.7056734 -0.01586836 0.7070217 -0.7070138 0.03464835 0.5139037 -0.8571479 0.02924162 0.6511202 -0.7584112 0.04762148 0.706314 -0.7062951 0.157665 0.6907764 -0.7056697 0.39033 0.5913248 -0.7056753 0.157665 0.6907737 -0.7056723 0.278473 0.6515209 -0.7056723 0.278472 0.6515179 -0.7056754 0.2784737 0.6515201 -0.7056728 0.3903314 0.5913271 -0.7056724 0.5732194 0.4164685 -0.7056724 0.3903328 0.5913271 -0.7056717 0.4896447 0.5121283 -0.7056719 0.4896439 0.5121273 -0.705673 0.4896426 0.5121266 -0.7056744 0.5732175 0.4164667 -0.705675 0.6830071 0.188498 -0.7056697 0.5732204 0.4164688 -0.7056714 0.6383718 0.307424 -0.7056713 0.6383695 0.3074225 -0.705674 0.6383725 0.3074231 -0.705671 0.6830062 0.1884977 -0.7056708 0.6830057 0.188498 -0.7056711 0.7056872 0.0635128 -0.705671 0.7056882 0.06351298 -0.7056701 0.7056879 0.06351304 -0.7056704 0.7056879 -0.06351286 -0.7056704 0 0 1 0 0 1 0 0 1 0 0 1 0 0 1 0 0 1 0 0 1 0 0 1 0 0 1 0 0 1 0 0 1 0 0 1 0 0 1 0 0 1 0 0 1 0 0 1 0 0 1 0 0 1 0 0 1 0 0 1 0 0 1 0 0 1 0 0 1 0 0 1 0 0 1 0 0 1 0 0 1 0 0 1 0 0 1 0 0 1 0 0 1 0 0 1 0 0 1 0 0 1 0 0 1 0 0 1 0 0 1 0 0 1 0 0 1 0 0 1 0 0 1 0 0 1 0 0 1 0 0 1 0 0 1 0 0 1 0 0 1 0 0 1 0 0 1 0 0 1 0 0 1 0 0 1 0 0 1 0 0 1 0 0 1 0 0 1 0 0 1 0 0 1 0 0 1 0 0 1 0 0 1 0 0 1 0 0 1 0 0 1 0 0 1 0 0 1 0 0 1 0 0 1 0 0 1 0 0 1 0 0 -1 0 0 -1 0 0 -1 0 0 -1 0 0 -1 0 0 -1 0 0 -1 0 0 -1 0 0 -1 0 0 -1 0 0 -1 0 0 -1 0 0 -1 0 0 -1 0 0 -1 0 0 -1 0 0 -1 0 0 -1 0 0 -1 0 0 -1 0 0 -1 0 0 -1 0 0 -1 0 0 -1 0 0 -1 0 0 -1 0 0 -1 0 0 -1 0 0 -1 0 0 -1 0 0 -1 0 0 -1 0 0 -1 0 0 -1 0 0 -1 0 0 -1 0 0 -1 0 0 -1 0 0 -1 0 0 -1 0 0 -1 0 0 -1 0 0 -1 0 0 -1 0 0 -1 0 0 -1 0 0 -1 0 0 -1 0 0 -1 0 0 -1 0 0 -1 0 0 -1 0 0 -1 0 0 -1 0 0 -1 0 0 -1 0 0 -1 0 0 -1 0 0 -1 0 0 -1 0 0 -1 0 0 -1 0 0 -1 0.5491237 0.8318865 0.0801748 0.4738682 0.8805958 0 0.3513748 0.9362349 0 0.3917603 0.9165675 0.0801751 -0.1785572 0.9839295 0 0 1 0 0 1 0 0.1785572 0.9839295 0 0.1785572 0.9839295 0 0.3090165 0.9510567 0 -0.3080216 0.947995 0.08017522 -0.3513748 0.9362349 0 -0.1785572 0.9839295 0 -0.3930255 0.9195276 0 -0.4738682 0.8805958 0 -0.5124842 0.857754 0.04022496 0.5128992 0.8584489 0 0.6579387 0.7530715 0 0.6579387 0.7530715 0 0.7818316 0.6234897 0 0.7818316 0.6234897 0 0.8805955 0.4738689 0 0.8805955 0.4738689 0 0.9510565 0.309017 0 0.9510565 0.309017 0 0.9909498 0.1342332 0 0.9909498 0.1342332 0 0.998993 -0.04486507 0 0.998993 -0.04486507 0 0.9749279 -0.2225209 0 0.9749279 -0.2225209 0 0.9195278 -0.3930249 0 0.9195278 -0.3930249 0 0.8345732 -0.5508971 0 0.8345732 -0.5508971 0 0.722795 -0.6910626 0 0.722795 -0.6910626 0 0.5877853 -0.809017 0 0.5877853 -0.809017 0 0.4338837 -0.9009689 0 0.4338837 -0.9009689 0 0.2660366 -0.9639629 0 0.2660366 -0.9639629 0 0.08963954 -0.9959743 0 0.08963954 -0.9959743 0 -0.08963954 -0.9959743 0 -0.08963954 -0.9959743 0 -0.2660366 -0.9639629 0 -0.2660366 -0.9639629 0 -0.4338837 -0.9009689 0 -0.4338837 -0.9009689 0 -0.5877855 -0.8090169 0 -0.5877855 -0.8090169 0 -0.7227948 -0.6910628 0 -0.7227948 -0.6910628 0 -0.8345733 -0.5508968 0 -0.8345733 -0.5508968 0 -0.9195277 -0.3930253 0 -0.9195277 -0.3930253 0 -0.9749279 -0.2225209 0 -0.9749279 -0.2225209 0 -0.998993 -0.04486465 0 -0.998993 -0.04486465 0 -0.9909498 0.1342332 0 -0.9909498 0.1342332 0 -0.9510565 0.309017 0 -0.9510565 0.309017 0 -0.8805956 0.4738686 0 -0.8805956 0.4738686 0 -0.7818316 0.6234897 0 -0.7818316 0.6234897 0 -0.6579386 0.7530716 0 -0.6579386 0.7530716 0 -0.5508974 0.834573 0 0 0 -1 0 0 -1 0 0 -1 0 0 -1 0 0 -1 0 0 -1 0 0 -1 0 0 -1 0 0 -1 0 0 -1 0 0 -1 0 0 -1 0 0 -1 0 0 -1 0 0 -1 0 0 -1 0 0 -1 0 0 -1 0 0 -1 0 0 -1 0 0 -1 0 0 -1 0 0 -1 0 0 -1 0 0 -1 0 0 -1 0 0 -1 0 0 -1 0 0 -1 0 0 -1 0 0 -1 0 0 -1 0 0 -1 0 0 -1 0 0 -1 0 0 -1 0 0 -1 0 0 -1 0 0 -1 0 0 -1 0 0 -1 0 0 -1 0 0 -1 0 0 -1 0 0 -1 0 0 -1 0 0 -1 0 0 -1 -0.91225 -0.1658566 0.3745551 0.91225 0.1658566 0.3745551 0.1634678 -0.986463 -0.01300078 0.1063204 -0.9083406 -0.4044913 0.04324269 -0.4942675 -0.8682337 0.03643274 -0.3112639 -0.9496249 0.04420608 -0.6373932 -0.7692697 0.1709657 -0.6986796 -0.6947068 0.1190124 -0.4441604 -0.8880077 0.2000254 -0.9512581 -0.2347295 0.1843818 -0.9828547 0 0.1722271 -0.9850573 0 0.5735763 -0.8191521 0 0.4226183 -0.9063077 0 0.4226183 -0.9063077 0 0.3214397 -0.9469301 0 0.2012808 -0.6905621 -0.6947014 0.6476277 -0.7241005 -0.2371855 0.6525758 -0.7577235 0 0.5735763 -0.8191521 0 0.483823 -0.483823 -0.7292672 0.168701 -0.1547296 -0.9734468 0.168596 -0.1546195 -0.9734825 0.2684488 -0.2617276 -0.9270566 0.5363599 -0.5652523 -0.6267439 0.7989864 -0.4584913 0.3891097 0.7306134 -0.4704312 -0.4948722 0.5268657 -0.3556256 -0.7719734 0.2970414 -0.214661 -0.930423 0.2970743 -0.2146822 -0.9304077 0.4321184 -0.3025724 -0.8495432 0.7232447 -0.5929254 0.354057 0.7232429 -0.5929276 0.3540573 0.8728033 -0.3271411 0.362206 0.4680309 -0.2200384 -0.8558797 0.4680042 -0.2200277 -0.8558972 0.5154657 -0.2403656 -0.822508 0.7989903 -0.4584906 0.3891025 0.798987 -0.4584965 0.3891023 1.08696e-4 -2.72372e-5 -1 0.8728032 -0.3271411 0.362206 0.64313 -0.1723262 -0.746115 0.7472856 -0.1969492 -0.6346457 0.9999827 0.005887985 0 0.9994447 -0.03332245 0 0.3707708 -0.03980696 -0.927871 0.3707597 -0.03980642 -0.9278753 0.1658827 -0.02547305 -0.9858164 0.8236258 -0.07205772 -0.5625374 0.9455692 -0.1894508 0.2645887 0.945569 -0.1894518 0.2645887 0.9122505 0.1658544 0.3745549 0.6950866 0.06921958 -0.7155861 0.5669766 0.04960387 -0.8222391 0.4301906 0.04284554 -0.9017208 0.984224 0.03480756 -0.1734688 0.8600089 0.255853 -0.4415018 0.8599947 0.2558463 -0.4415335 0.4522891 0.1211905 -0.8835992 0.7391361 0.1764326 -0.650038 0.9122577 0.1658592 0.3745352 0.8014131 0.4705359 0.3692331 0.653954 0.3162992 -0.6872403 0.6539719 0.3163087 -0.6872188 0.4477615 0.2087947 -0.8694335 0.8929755 0.3464034 0.2874013 0.8929756 0.346403 0.2874013 0.6046548 0.4375029 -0.6655703 0.6046316 0.4374837 -0.665604 0.2233731 0.1458792 -0.9637551 0.4478936 0.3136184 -0.8372783 0.801409 0.4705343 0.369244 0.8014106 0.4705401 0.3692331 0.6525758 0.7577235 0 0.6424772 0.7129896 -0.2808361 0.4049149 0.406644 -0.8189534 0.1150202 0.09827232 -0.9884902 0.4298496 0.4298495 -0.7940143 0.7081431 0.6050319 0.3639639 0.7081447 0.60503 0.363964 0.6259231 0.7798848 0 0.3259232 0.4654667 -0.8228699 0.1930199 0.2632454 -0.9452223 0.1943331 0.4167486 -0.8880063 0.4617487 0.8870108 0 0.5372992 0.8433917 0 0.2000254 0.9512581 -0.2347295 0.1709657 0.6986794 -0.694707 0.1190124 0.4441604 -0.8880077 0.3007061 0.9537169 0 0.3826835 0.9238795 0 0.1649834 0.9862377 -0.01075589 0.1722271 0.9850573 0 0.1843818 0.9828547 0 0.02494823 0.9887188 -0.147692 0.05327653 0.7342113 -0.6768274 0.04697394 0.5369158 -0.842327 0.02959644 0.4078739 -0.9125585 0.1324059 0.9654983 -0.2242355 -0.02110671 0.9604396 0.2776873 -0.02110058 0.9604393 0.2776889 -0.02110368 0.9604393 0.2776889 -0.1634678 0.986463 -0.01300078 -0.1063204 0.9083406 -0.4044913 -0.04324269 0.4942675 -0.8682337 -0.03643274 0.3112639 -0.9496249 -0.04420608 0.6373932 -0.7692697 -0.1709657 0.6986796 -0.6947068 -0.1190124 0.4441604 -0.8880077 -0.2000254 0.9512581 -0.2347295 -0.1843818 0.9828547 0 -0.1722271 0.9850573 0 -0.5735763 0.8191521 0 -0.4617487 0.8870108 0 -0.1943331 0.4167486 -0.8880063 -0.3826835 0.9238795 0 -0.3007061 0.9537169 0 -0.6476277 0.7241005 -0.2371855 -0.6525758 0.7577235 0 -0.5735763 0.8191521 0 -0.483823 0.483823 -0.7292672 -0.168701 0.1547296 -0.9734468 -0.168596 0.1546195 -0.9734825 -0.2684488 0.2617276 -0.9270566 -0.5363599 0.5652523 -0.6267439 -0.7989864 0.4584913 0.3891097 -0.7306134 0.4704312 -0.4948722 -0.5268657 0.3556256 -0.7719734 -0.2970414 0.214661 -0.930423 -0.2970743 0.2146822 -0.9304077 -0.4321184 0.3025724 -0.8495432 -0.7232447 0.5929254 0.354057 -0.7232429 0.5929276 0.3540573 -0.8728033 0.3271411 0.362206 -0.4680309 0.2200384 -0.8558797 -0.4680042 0.2200277 -0.8558972 -0.5154657 0.2403656 -0.822508 -0.7989903 0.4584906 0.3891025 -0.798987 0.4584965 0.3891023 -0.8728032 0.3271411 0.362206 -0.64313 0.1723262 -0.746115 -0.3819262 0.1090496 -0.9177367 -0.7492823 0.1972433 -0.6321955 -1.09547e-4 2.74078e-5 -1 -0.9999827 -0.005887985 0 -0.9994447 0.03332245 0 -0.3707708 0.03980696 -0.927871 -0.3707596 0.03980642 -0.9278754 -0.165883 0.02547305 -0.9858164 -0.8236258 0.07205772 -0.5625374 -0.9455692 0.1894508 0.2645887 -0.945569 0.1894518 0.2645887 -0.9122505 -0.1658544 0.3745549 -0.6950866 -0.06921958 -0.7155861 -0.5669766 -0.04960387 -0.8222391 -0.4301906 -0.04284554 -0.9017208 -0.984224 -0.03480756 -0.1734688 -0.8600089 -0.255853 -0.4415018 -0.8599947 -0.2558463 -0.4415335 -0.4522891 -0.1211905 -0.8835992 -0.7391361 -0.1764326 -0.650038 -0.9122577 -0.1658592 0.3745352 -0.8014131 -0.4705359 0.3692331 -0.653954 -0.3162992 -0.6872403 -0.6539719 -0.3163087 -0.6872188 -0.4477615 -0.2087947 -0.8694335 -0.8929755 -0.3464034 0.2874013 -0.8929756 -0.346403 0.2874013 -0.6046548 -0.4375029 -0.6655703 -0.6046316 -0.4374837 -0.665604 -0.2233731 -0.1458792 -0.9637551 -0.4478936 -0.3136184 -0.8372783 -0.801409 -0.4705343 0.369244 -0.8014106 -0.4705401 0.3692331 -0.6525758 -0.7577235 0 -0.6424772 -0.7129896 -0.2808361 -0.4049149 -0.406644 -0.8189534 -0.1150202 -0.09827232 -0.9884902 -0.4298496 -0.4298495 -0.7940143 -0.7081431 -0.6050319 0.3639639 -0.7081447 -0.60503 0.363964 -0.6259231 -0.7798848 0 -0.3259232 -0.4654667 -0.8228699 -0.1930199 -0.2632454 -0.9452223 -0.1943331 -0.4167486 -0.8880063 -0.4617487 -0.8870108 0 -0.5372992 -0.8433917 0 -0.2000254 -0.9512581 -0.2347295 -0.1709657 -0.6986794 -0.694707 -0.1190124 -0.4441604 -0.8880077 -0.3007061 -0.9537169 0 -0.3826835 -0.9238795 0 0.02110671 -0.9604396 0.2776873 0.02110058 -0.9604393 0.2776889 0.02110368 -0.9604393 0.2776889 -0.1649834 -0.9862377 -0.01075589 -0.1722271 -0.9850573 0 -0.1843818 -0.9828547 0 -0.02494823 -0.9887188 -0.147692 -0.05327653 -0.7342113 -0.6768274 -0.04697394 -0.5369158 -0.842327 -0.02959644 -0.4078739 -0.9125585 -0.1324059 -0.9654983 -0.2242355 0 0 -1 0 0 -1 0 0 -1 0 0 -1 0 0 -1 0 0 -1 0 0 -1 0 0 -1 0 0 -1 0 0 -1 0 0 -1 0 0 -1 0 0 -1 0 0 -1 0 0 -1 0 0 -1 0 0 -1 0 0 -1 0 0 -1 0 0 -1 0 0 -1 0.4662116 -0.7103542 -0.5272986 0.09332436 -0.1220005 -0.9881328 0.09332454 -0.1220003 -0.9881328 0.1321807 -0.152074 -0.9794906 0.5423465 -0.8267446 -0.1495115 0.4684299 -0.7134257 -0.5211499 0.5419976 -0.65924 -0.5211921 0.6282235 -0.7634675 -0.1498417 0.6023758 -0.7907766 0.1087 0.5143628 -0.6251499 -0.5870422 0.6475112 -0.7471996 -0.1497398 0.6475145 -0.7471986 -0.14973 0.5333392 -0.8325774 -0.1495465 0.4824968 -0.7355296 -0.4755976 0.6023757 -0.7907785 0.1086872 0.6023805 -0.7907731 0.1087 0.1322923 -0.1522084 -0.9794546 0.2778342 -0.3374284 -0.8994165 0.1278167 -0.1550347 -0.9796056 0.3576557 -0.4351904 -0.8262515 0.3636114 -0.4420247 -0.8200006 0.5396882 -0.6561595 -0.5274386 0.108896 -0.1697905 -0.9794451 0.1679016 -0.2562186 -0.951925 0.3089753 -0.4710717 -0.8262116 0.1188911 -0.1644794 -0.9791892 0.3140766 -0.4786198 -0.8199262 0.495029 -0.4013533 -0.7706243 0.9942098 0.03153616 0.1027237 0.1348506 0.14964 -0.9795015 0.5779889 0.5849478 -0.5690035 0.3500652 0.3515605 -0.8682509 0.2147871 0.183518 -0.9592641 0.214803 0.1835308 -0.959258 0.2148056 0.1835283 -0.9592581 0.7843083 0.5122115 0.3499999 0.8027003 0.5255843 0.2818394 0.41456 0.2433934 -0.8768693 0.5185033 0.2507862 -0.8174721 0.5185036 0.2507857 -0.8174722 0.8263325 0.4262613 0.3680704 0.4145752 0.2434052 -0.8768587 0.414555 0.2434018 -0.8768692 0.8838835 0.3428764 -0.3180971 0.8296595 0.3239976 -0.4546326 0.8044875 0.3120766 -0.505379 0.4300403 0.07816761 -0.8994194 0.5317924 0.1269355 -0.8373078 0.9568544 0.2625852 -0.1244128 0.4964339 0.1476905 -0.8554186 0.4964342 0.1476894 -0.8554185 0.8273448 0.135725 -0.5450499 0.4300538 0.07818722 -0.8994112 0.4300366 0.07818514 -0.8994196 0.2976229 0.001740515 -0.9546819 0.3548362 0.01254624 -0.9348443 0.7867935 0.04306775 -0.6157121 0.2621879 0.02611565 -0.9646633 0.2621886 0.02610981 -0.9646634 0.296375 -0.009877204 -0.9550206 0.7413317 -0.04072701 -0.6699019 0.2604247 -0.02795994 -0.9650892 0.3588154 -0.07189989 -0.9306352 0.3588138 -0.07189971 -0.9306359 0.9293399 -0.1514029 -0.3367558 0.6910164 -0.106113 -0.7150079 0.2604246 -0.02796036 -0.9650892 0.3588158 -0.07189774 -0.9306352 0.9032834 -0.2474281 -0.3505115 0.5970578 -0.1704933 -0.7838712 0.9315946 -0.3631559 -0.01579207 0.6184149 -0.2317889 -0.7508907 0.6183877 -0.2317768 -0.7509169 0.416682 -0.2391118 -0.8770414 0.4166665 -0.2391114 -0.8770489 0.8055654 -0.414191 0.4236863 0.4644902 -0.2183756 -0.8582314 0.464491 -0.218374 -0.8582313 0.4572172 -0.3304218 -0.8256959 0.7457989 -0.5033919 -0.4363263 0.789887 -0.5157094 0.3318468 0.8407523 -0.5413433 -0.009110569 0.4166806 -0.2391139 -0.8770415 0.2334483 -0.2140956 -0.9485067 0.2334418 -0.2141029 -0.9485067 0.5413047 -0.4390926 -0.7170684 0.6394287 -0.524212 -0.5624346 0.4572181 -0.33042 -0.8256962 0.1392791 -0.146778 -0.9793148 0.1803964 -0.1758821 -0.967741 0.3272947 -0.3119494 -0.8919449 0.3607054 -0.3440862 -0.8668888 0.3769402 -0.3258272 -0.8670368 0.4711265 -0.386238 -0.7930069 0.6971861 -0.7010979 -0.1496447 0.6254795 -0.617114 -0.4774367 0.7485687 -0.6407879 0.1703987 0.7485668 -0.6407792 0.1704398 0.4830759 -0.2996575 -0.8227047 0.8213744 -0.5324739 -0.2044883 0.8091903 -0.4940998 0.3179251 0.7341673 -0.5339608 0.4193856 0.734168 -0.5339599 0.4193856 0.7682557 -0.6162225 -0.1733587 0.3508087 -0.262866 -0.8987962 0.7485648 -0.6407817 0.1704398 0.9173633 -0.3672985 -0.1534159 0.8554516 -0.3355016 -0.394514 0.7960146 -0.3170968 -0.5155681 0.9824908 -0.1359142 0.127433 0.785061 -0.1315956 -0.6052783 0.5388672 -0.0726124 -0.8392554 0.9243578 -0.2051316 0.3216888 0.9243579 -0.2051307 0.321689 0.5829549 -0.1753473 -0.793358 0.8237352 -0.2288684 -0.5187288 0.9197283 -0.2844613 0.2705212 0.9197279 -0.2844623 0.2705213 0.7035118 -0.694705 -0.1498535 0.6421936 -0.6333675 -0.4317788 0.7030593 -0.5647474 -0.4321668 0.7298781 -0.5882179 -0.3482496 0.7861648 -0.5101569 -0.3488334 0.8009189 -0.5205629 -0.2958771 0.8494799 -0.436654 -0.2961705 0.8501234 -0.4370222 -0.2937717 0.8898451 -0.3492937 -0.2935464 0.8766344 -0.3433277 -0.3371029 0.907129 -0.2526122 -0.3366066 0.882603 -0.2445162 -0.4015268 0.903389 -0.1516222 -0.4011222 0.8763159 -0.1458703 -0.4591211 0.8870406 -0.05049133 -0.4589222 0.8932929 -0.4486886 0.02657663 0.8932858 -0.4487027 0.02657663 0.86731 -0.4458059 -0.2214285 0.7284856 -0.3657501 -0.5792545 0.8091899 -0.4941003 0.3179255 0.784905 0.511667 -0.3494583 0.800599 0.520782 -0.2963567 0.8487651 0.4377303 -0.2966307 0.8899497 0.3492102 -0.2933291 0.8762592 0.344443 -0.3369402 0.9073595 0.2520197 -0.3364297 0.8824337 0.2461636 -0.4008919 0.9037932 0.1509679 -0.4004579 0.8761181 0.1475932 -0.458948 0.8871675 0.04979395 -0.458753 0.9640766 0.1132329 0.2402803 0.8735095 -0.04913461 -0.4843212 0.8734931 0.04965186 -0.4842979 0.9588607 0.05444759 -0.2786066 0.6428903 0.02004545 -0.765696 0.8822638 0.3174269 0.3476358 0.8007767 0.2229132 -0.5559374 0.934003 0.2530529 -0.2521955 0.9340189 0.2530509 -0.2521387 0.9811117 0.1911491 0.02969527 0.981112 0.1911476 0.02969533 0.764919 0.128708 -0.6311365 0.9640709 0.1132323 0.2403033 0.9640764 0.1132349 0.2402803 0.7868705 0.4390662 0.4336539 0.8496268 0.4381263 -0.2935638 0.6073125 0.3132836 -0.7300856 0.7767836 0.3543477 0.5206198 0.7292939 0.6727573 0.1246113 0.7829297 0.6169514 -0.07995027 0.8288383 0.5531407 -0.08403766 0.8288385 0.553138 -0.08405405 0.6593836 0.4301695 -0.6165772 0.7868694 0.4390668 0.4336554 0.7868693 0.4390665 0.4336557 0.7767882 0.3543602 0.5206043 0.7767917 0.3543527 0.5206043 0.6581654 0.2575392 -0.7074545 0.8822611 0.3174264 0.3476431 0.8822633 0.3174285 0.3476358 0.7034118 0.6948091 -0.1498404 0.6420136 0.6333706 -0.432042 0.6035003 0.5979691 -0.5274661 0.40777 0.401633 -0.8200089 0.142459 0.1429932 -0.9794173 0.3524315 0.3523468 -0.866974 0.3807052 0.3206458 -0.8673233 0.7596439 0.6183691 -0.2013975 0.3483923 0.252085 -0.9028155 0.3483935 0.2520835 -0.9028156 0.1342921 -0.1501495 -0.9795002 0.1833307 -0.195786 -0.9633575 0.1378415 -0.1471456 -0.9794631 0.4946603 -0.5012964 0.7099388 0.4512105 -0.4506497 -0.7702752 0.1471953 -0.1372957 -0.9795322 0.4060939 -0.4032772 -0.8200336 0.7292946 0.6727566 0.1246113 0.5625481 0.5548969 -0.6128858 0.6845039 0.7134709 -0.1497122 0.6845029 0.7134669 -0.1497355 0.684503 0.7134674 -0.149733 0.9942098 0.03153818 0.1027237 0.9211586 -0.05103206 -0.3858269 0.9051253 -0.05151027 -0.4220129 0.8944985 -0.04950249 -0.4443219 0.9824908 -0.1359142 0.127433 0.4060701 0.403374 -0.8199979 0.5384855 0.5369557 -0.6493936 0.5916485 0.4771904 -0.649801 0.7017432 0.5661662 -0.4324494 0.7304388 0.5871317 -0.3489062 0.7017525 0.5643704 -0.4347752 0.7825756 0.6174012 -0.07994532 0.1443251 0.1407646 -0.979467 0.4512146 0.4500517 -0.7706224 0.4944809 0.4013871 -0.7709586 0.6256679 0.5055661 -0.5940898 0.6727039 0.440403 -0.5945709 0.7179801 0.4682707 -0.5150021 0.7616719 0.3929196 -0.5152381 0.7642357 0.3941589 -0.510473 0.8011062 0.3128457 -0.5102513 0.7610861 0.2983254 -0.5759773 0.7885395 0.2167496 -0.5755215 0.7162637 0.1988538 -0.6688972 0.7338311 0.1206704 -0.6685287 0.6544565 0.1098744 -0.7480738 0.6627749 0.03650003 -0.7479286 0.6236987 0.03546732 -0.7808598 0.6237095 -0.03447502 -0.7808956 0.662459 -0.03764736 -0.7481516 0.6545898 -0.1074339 -0.7483116 0.7326841 -0.1223096 -0.6694881 0.7160751 -0.1964434 -0.6698108 0.7879129 -0.2182372 -0.5758177 0.7614673 -0.2968273 -0.5762475 0.8006719 -0.3133779 -0.5106064 0.7645524 -0.3931151 -0.5108034 0.7626229 -0.392059 -0.5144863 0.7181821 -0.4688375 -0.5142041 0.6745688 -0.4388475 -0.5936075 0.6264992 -0.5056437 -0.5931469 0.5921432 -0.4770272 -0.6494702 0.540871 -0.5348471 -0.6491512 0.6035873 -0.5978829 -0.527464 0.03381347 0.1986839 -0.9794802 0.3275473 0.9064162 0.2666881 0.3511843 0.9337616 -0.0689851 0.6104746 0.7778233 -0.1493706 0.5733389 0.7060496 0.4156639 0.5615124 0.7154549 0.4157262 0.4432531 0.7904255 0.4227933 0.4432532 0.7904255 0.4227933 0.6042624 0.7699063 -0.2052106 0.3984479 0.7105285 -0.5799902 0.6257203 0.765573 -0.1495729 0.625697 0.7655446 -0.1498155 0.5683912 0.6940194 0.441892 0.5515892 0.6459441 -0.5277363 0.4692918 0.5535148 -0.688031 0.5155521 0.8494113 -0.1127226 0.515851 0.8499733 -0.106972 0.4698259 0.7530844 0.4605731 0.3841543 0.6157613 -0.6879414 0.3841308 0.6157269 -0.6879853 0.2478316 0.3972533 -0.8836115 0.2478644 0.3973023 -0.8835803 0.06500244 0.1268737 -0.9897868 0.0736196 0.1705161 -0.9826009 0.05929112 0.2176821 -0.9742172 0.03626042 0.09013235 -0.9952694 0.0362606 0.09013229 -0.9952694 0.07656002 0.2193632 -0.9726347 0.03495091 0.1159312 -0.9926421 0.03495091 0.1159312 -0.9926421 0.3718703 0.4346306 -0.8202491 0.3719344 0.434705 -0.8201808 0.3027048 0.3572141 -0.8836107 0.1313146 0.1526567 -0.9795165 0.1315617 0.1529472 -0.979438 0.1330965 0.1512395 -0.9794957 0.1889846 0.2187424 -0.957307 0.09942811 0.1217803 -0.9875645 0.09942835 0.1217802 -0.9875645 0.1013424 0.1382363 -0.9852007 0.2768284 0.3776018 -0.8836193 0.2768602 0.3776425 -0.8835919 0.4291052 0.5853075 -0.6879563 0.4290806 0.5852765 -0.6879981 0.5879033 0.8019117 -0.1063361 0.5415505 0.7151309 0.4419398 0.5874893 0.7826693 -0.2056336 0.561516 0.7154446 0.4157388 0.1649636 0.7200253 0.6740553 0.164964 0.7200253 0.6740554 0.2587167 0.9107688 0.3218165 0.1574935 0.6874194 -0.7089785 0.3511838 0.9337617 -0.06898498 0.3277442 0.8714441 0.3649232 0.3277461 0.8714433 0.3649232 0.317536 0.7487773 -0.5818105 0.4859117 0.8664873 -0.1144103 0.4859038 0.8664917 -0.1144105 0.1928273 0.9697043 -0.1499709 0.1928353 0.9697536 -0.1496413 0.1928334 0.9697442 -0.1497044 0.1649562 0.8332167 -0.5277684 0.1787502 0.8894233 -0.4206835 0.2384102 0.8753285 -0.4206669 0.2733939 0.9617128 -0.01908206 0.3294623 0.9439917 -0.01828402 0.3115034 0.8598136 0.4045815 0.362578 0.839793 0.4040852 0.3869288 0.9212868 -0.03894495 0.287656 0.6662606 -0.688005 0.2876493 0.6662467 -0.6880213 0.2391266 0.685153 -0.6880289 0.2391283 0.6851574 -0.688024 0.1907055 0.7001771 -0.6880286 0.1906943 0.7001415 -0.688068 0.14341 0.7113108 -0.6880919 0.04603493 0.1966531 -0.9793918 0.04589688 0.1958738 -0.9795544 0.1105602 0.5612682 -0.8202162 0.1105563 0.5612488 -0.82023 0.03533744 0.1458405 -0.9886767 0.03533774 0.1458404 -0.9886769 0.03804159 0.1862695 -0.981762 0.1856085 0.4299021 -0.8835914 0.1856082 0.4299016 -0.8835917 0.154298 0.4420963 -0.8835965 0.154279 0.4420468 -0.8836247 0.1230373 0.451736 -0.8836269 0.1230532 0.451788 -0.8835981 0.090792 0.4593837 -0.8835856 0.04855298 0.2484264 -0.9674332 0.03775906 0.2092674 -0.9771291 0.08508998 0.1173021 -0.9894443 0.08509063 0.1173016 -0.9894443 0.0965318 0.154731 -0.9832293 0.07503658 0.1222715 -0.9896561 0.07503581 0.1222718 -0.9896561 0.4728592 0.880864 -0.02196985 0.4222186 0.780507 0.461021 0.4628049 0.8856496 -0.03790009 0.3361074 0.6431943 -0.6879919 0.3361071 0.6431938 -0.6879925 0.216875 0.4150244 -0.8835836 0.2168745 0.4150235 -0.8835841 0.08545947 0.1635401 -0.9828282 0.06500232 0.1268736 -0.9897868 0.1041077 0.8430611 -0.5276452 0.1209777 0.9813179 -0.1495981 -0.03294789 0.1988275 -0.9794806 -0.01978814 0.285319 -0.9582283 -0.02698177 0.2305194 -0.9726936 -0.02698749 0.2305189 -0.9726935 0.01466876 0.2021532 -0.979244 0.01466882 0.2021532 -0.9792441 -0.005142509 0.2340762 -0.9722046 -0.005143284 0.2340761 -0.9722047 0.03325241 0.1987766 -0.9794806 0.03325241 0.198781 -0.9794796 -0.01238012 0.2017376 -0.9793614 -0.01230168 0.2012253 -0.9794677 -0.005139112 0.2340763 -0.9722047 -0.01737791 0.4166188 -0.9089152 -0.02633798 0.6236193 -0.7812845 0.03229373 0.2354428 -0.9713516 0.04735481 0.3817003 -0.9230722 0.02405172 0.1994925 -0.9796042 0.07512408 0.6041454 -0.7933251 0.06931233 0.5679991 -0.8201054 0.06930959 0.5679799 -0.8201189 -0.03647989 0.9913942 -0.1257253 0.03982287 0.9891363 -0.1415041 0.1207755 0.984446 -0.1275914 0.1207897 0.9844442 -0.1275914 0.1210097 0.9816393 -0.1474483 0.1204205 0.9813776 -0.1496559 0.03986811 0.9904166 -0.1322332 0.04006451 0.9894222 -0.1394224 0.03530895 0.8739373 -0.4847544 -0.1540113 0.9766525 -0.149768 -0.1011182 0.905935 -0.4111654 -0.1192921 0.9652422 -0.2325446 -0.1213551 0.9812206 -0.1499304 -0.1057589 0.8610525 -0.4973969 -0.104438 0.8430166 -0.5276511 -0.0695315 0.5679584 -0.820115 -0.1107794 0.9938099 0.00836277 -0.1107779 0.99381 0.00836277 -0.03503465 0.9531385 -0.300499 0.1209713 0.9812688 -0.149925 0.1054357 0.8611651 -0.4972707 0.03540116 0.8669287 -0.4971733 0.02456361 0.60818 -0.7934191 0.02574259 0.6236453 -0.7812835 0.0192207 0.4695592 -0.8826918 0.008717775 0.3458672 -0.9382429 -0.03375852 0.2745744 -0.960973 -0.07607418 0.6036677 -0.7935981 -0.02511149 0.6077566 -0.7937263 -0.03621429 0.8668479 -0.4972558 -0.03612709 0.8739031 -0.484756 -0.04059427 0.9800486 -0.1945681 -0.03639566 0.9913972 -0.1257258 -0.2017288 0.9679422 -0.1496437 -0.2127171 0.9655563 -0.1498418 -0.2465277 0.8177258 -0.5201429 -0.2013713 0.966233 -0.1607587 -0.3546206 0.8942202 -0.2731567 -0.4466853 0.8941864 -0.03004801 -0.2626656 0.5085005 -0.8200208 -0.3899114 0.7548387 -0.527435 -0.3917932 0.758989 -0.5200325 -0.4539742 0.8783727 -0.1495616 -0.09587514 0.177343 -0.9794679 -0.1586268 0.3065506 -0.9385437 -0.0605024 0.1332949 -0.989228 -0.06050252 0.1332949 -0.9892279 -0.05157762 0.1420771 -0.9885109 -0.1255701 0.3120163 -0.941742 -0.2109988 0.5242925 -0.824983 -0.03460079 0.1985543 -0.979479 -0.03447377 0.1981356 -0.9795683 -0.04452204 0.2308976 -0.9719589 -0.06573426 0.3156879 -0.9465834 -0.04083693 0.1965469 -0.9796437 -0.115811 0.5530682 -0.8250476 -0.1170408 0.5601102 -0.8201085 -0.1737538 0.8315213 -0.5276193 -0.0483849 0.2187129 -0.9745889 -0.0444253 0.1586036 -0.9863424 -0.0444259 0.1586035 -0.9863424 -0.4466843 0.8941869 -0.03004801 -0.4171 0.8070418 -0.4179846 -0.4872422 0.8603429 -0.1496832 -0.3672851 0.926159 -0.08562195 -0.2807554 0.9390436 -0.1984274 -0.2839136 0.9417362 -0.18035 -0.2846234 0.9519761 -0.1128312 -0.2846258 0.9519755 -0.1128308 -0.09297293 0.1795024 -0.9793543 -0.2591509 0.5022084 -0.8250015 -0.2109792 0.5242483 -0.8250161 -0.3188838 0.7923731 -0.5200557 -0.3188719 0.792338 -0.5201166 -0.3610007 0.897022 -0.2550099 -0.3672896 0.9261574 -0.08562123 -0.2017843 0.9667668 -0.1569871 -0.1745566 0.8360296 -0.5201774 -0.2465229 0.8177125 -0.5201662 -0.1631105 0.5410323 -0.8250327 -0.1631221 0.5410761 -0.8250018 -0.08485424 0.2814615 -0.9558134 -0.05157762 0.1420771 -0.988511 -0.0893256 0.1747562 0.9805515 0.6646967 -0.3500894 -0.6600118 0.7937211 -0.2628107 0.5485777 -0.377934 0.7410612 0.5549723 -0.4251542 0.8839694 0.1945304 -0.3482998 0.6827068 -0.6423383 -0.2183247 0.7056369 -0.6741 -0.246666 0.8998916 0.3596538 -0.1553303 0.9821314 -0.1062567 -0.2182876 0.7056484 -0.6741001 -0.2183274 0.7056451 -0.6740906 -0.2883771 0.7501686 0.5950511 -0.3305324 0.6872324 -0.6468848 -0.3305345 0.6872316 -0.6468847 -0.06327402 0.8232001 0.5642146 -0.01029217 0.7146622 -0.6993941 0.1294713 0.9915771 0.003466248 0.08193892 0.7438167 -0.6633422 0.1294346 0.991582 0.003466725 0.1294746 0.9915767 0.003456056 0.01574611 0.9559378 0.2931466 -0.01029288 0.7146614 -0.6993948 -0.01028907 0.7146614 -0.6993948 -0.1260141 0.7967823 -0.5909808 -0.1260052 0.7967838 -0.5909808 -0.1377897 0.7985346 -0.5859664 -0.1553285 0.9821305 -0.1062678 -0.155306 0.9821339 -0.1062682 0.4034858 0.6061879 -0.6853725 0.3807651 0.6821702 0.6242289 0.2006195 0.7055671 -0.679652 0.2929197 0.9409008 0.1700115 0.4086737 0.8916534 0.194782 0.2812513 0.6594809 -0.6971246 0.2972123 0.6485288 -0.7007676 0.2972371 0.6485174 -0.7007676 0.5303934 0.6068575 -0.5919516 0.5606367 0.4639399 -0.6858907 0.7455546 0.5778604 0.3320028 0.8501927 0.5197973 -0.08356583 0.5606376 0.4639389 -0.6858908 0.5606373 0.4639404 -0.68589 0.5931065 0.5573895 0.5809833 0.5366332 0.5918129 -0.6014835 0.5366377 0.591809 -0.6014832 0.6706892 0.7396536 0.05557525 0.6706933 0.7396498 0.05557519 0.5557986 0.7848255 0.2741112 0.4034848 0.6061859 -0.6853749 0.403489 0.6061825 -0.6853753 -0.4456998 0.8735405 0.1956495 -0.3797161 0.7449622 0.5484951 -0.3000181 0.7804509 0.5485305 -0.3000135 0.7804404 0.5485478 -0.221029 0.8063622 0.5485673 -0.2210285 0.8063604 0.5485703 -0.1421701 0.8239204 0.5485825 -0.1421714 0.8239263 0.5485733 -0.06407582 0.8336311 0.5485923 -0.06407421 0.8336182 0.5486122 0.01376986 0.8359616 0.5486152 0.01376962 0.8359703 0.5486019 0.09155023 0.8310655 0.5485879 0.09155017 0.8310645 0.5485894 0.1699894 0.8186345 0.5485811 0.16999 0.8186389 0.5485743 0.2485311 0.7983182 0.5485621 0.2485314 0.7983194 0.5485602 0.328005 0.7691096 0.5485281 0.3280109 0.7691254 0.5485026 0.4075402 0.7301398 0.5484585 0.4075414 0.7301421 0.5484546 0.4832441 0.6823736 0.5484901 0.4832367 0.6823621 0.5485108 0.5502341 0.6295586 0.5485421 0.5502287 0.6295517 0.5485555 0.6092752 0.5725845 0.5485717 0.6092677 0.5725769 0.5485879 0.6608258 0.5121893 0.5486086 0.660818 0.5121827 0.5486241 0.7055782 0.4485066 0.5486359 0.2005732 0.7055804 -0.6796519 0.2006176 0.7055586 -0.6796613 0.1647924 0.7936068 0.5856891 0.09651857 0.7392089 -0.6665241 0.09657239 0.739202 -0.6665239 0.7438175 0.3818039 0.5485995 0.8019056 0.236615 0.5485989 0.7760585 0.3110948 0.548592 0.8360134 -0.01554358 0.5484889 0.8360211 -0.0155434 0.5484771 0.8329406 0.07324242 0.5484938 0.8211513 0.1573998 0.5485763 0.7613987 -0.630617 -0.1503139 0.5284957 -0.647936 0.5485174 0.7021401 -0.6956407 -0.1519316 0.690815 -0.4709662 0.5486032 0.6908133 -0.4709651 0.5486063 0.7313383 -0.4051742 0.5486149 0.8153701 -0.1850654 0.5485639 0.8153812 -0.1850674 0.5485466 0.829828 -0.1024978 0.5485252 0.7055859 0.448512 0.5486215 0.7438081 0.3817985 0.5486159 0.7276707 0.3735152 0.5753102 0.6715461 0.287696 -0.6828301 0.6771798 0.1784548 -0.7138498 0.9323943 0.2751183 0.2344161 0.8019148 0.2366182 0.5485841 0.7760604 0.3110955 0.5485891 0.9135193 0.3913617 0.1109892 0.9135338 0.3913277 0.1109896 0.9234333 0.3701722 0.1012116 0.6715521 0.2876988 -0.6828229 0.6715424 0.2877213 -0.682823 0.9911034 0.1044649 -0.08246845 0.7573961 0.06659942 -0.6495504 0.832936 0.07324182 0.5485008 0.8211724 0.1574049 0.548543 0.7663235 -0.1558272 -0.6232706 0.8298259 -0.1024976 0.5485283 0.7966207 -0.09839618 0.5964174 0.7110835 -0.03694814 -0.7021361 0.7110806 -0.03700488 -0.7021361 0.7110949 -0.0369488 -0.7021245 0.9374626 -0.01742941 0.3476495 0.9911038 0.1044641 -0.08246636 0.9911029 0.1044721 -0.08246648 0.7556031 0.07962447 -0.6501721 0.7556014 0.07964199 -0.6501721 0.7956987 0.152521 0.586175 0.677178 0.1784541 -0.7138516 0.6771888 0.178413 -0.7138517 0.8826717 -0.4646123 0.07089656 0.6577309 -0.3643942 -0.6592472 0.7313432 -0.4051766 0.5486065 0.7655611 -0.3360825 0.5486026 0.793716 -0.2628092 0.5485857 0.7655604 -0.3360822 0.5486037 0.748759 -0.3287063 0.5755971 0.6647846 -0.3499234 -0.6600114 0.7131454 -0.6981096 -0.06376993 0.6353318 -0.5438429 0.5482594 0.5093356 -0.4356984 0.7421214 0.5751096 -0.4172887 -0.7036471 0.6983034 -0.7012014 0.1438364 0.6334391 -0.7600759 0.1450504 0.4729381 -0.566084 0.6751876 0.6962482 -0.681566 0.2251807 0.6962469 -0.6815668 0.2251821 0.6914974 -0.6863269 0.2253588 0.7131472 -0.69811 -0.06374573 0.713173 -0.6980816 -0.06376928 0.5751068 -0.4172946 -0.7036458 0.5751105 -0.4172893 -0.7036458 0.7981885 -0.5441687 0.2584095 0.8826714 -0.4646152 0.07087922 0.8826486 -0.4646559 0.07089716 0.716309 -0.2556509 -0.6492643 0.7163152 -0.2556334 -0.6492643 0.7241964 -0.2397901 -0.6465604 0.9277616 -0.3311194 0.1721 0.9560576 -0.2169967 0.1971454 0.7663158 -0.1558259 -0.6232804 0.7663027 -0.1558893 -0.6232806 0.2014771 0.05944901 0.9776875 0.324595 0.1666154 0.9310625 0.08293116 0.03529083 0.9959302 0.08369624 0.03355097 0.9959264 0.147731 0.06286585 0.9870276 0.1477307 0.06286627 0.9870277 0.2536764 -0.004716694 0.9672776 0.08257758 0.02149266 0.9963529 0.08257758 0.02149271 0.9963529 0.3635492 0.06968665 0.9289649 0.09436017 0.00953716 0.9954924 0.09450799 0.008310377 0.9954894 0.1322042 0.01336222 0.9911324 0.1322042 0.0133624 0.9911324 0.333379 -0.1463541 0.9313641 0.08222168 -0.04332995 0.9956717 0.08133578 -0.0450614 0.9956676 0.08673036 -0.00492537 0.9962196 0.08673036 -0.00492537 0.9962197 0.3805505 -0.04700493 0.9235648 0.09849202 -0.02028113 0.9949312 0.09811437 -0.02226912 0.9949259 0.1839936 -0.03788739 0.982197 0.1781228 -0.05897867 0.9822392 0.08717936 -0.03117966 0.9957045 0.08717936 -0.03117972 0.9957045 0.1660693 -0.2036005 0.9648667 0.2735843 -0.226592 0.9347769 0.06865239 -0.06738215 0.9953625 0.06789803 -0.06817972 0.9953599 0.09172099 -0.09002399 0.9917071 0.09172093 -0.09002399 0.9917071 0.1487212 -0.0783745 0.9857684 0.1487212 -0.0783745 0.9857684 0.1677278 -0.1143491 0.9791791 0.07018321 -0.05097538 0.9962309 0.07018321 -0.05097538 0.9962309 0.1021921 -0.1662905 0.9807671 0.2394654 -0.3661379 0.8992215 0.0564388 -0.07447755 0.9956243 0.05643886 -0.07447749 0.9956243 -0.09129512 0.1726039 0.9807513 -0.1406918 0.3659894 0.9199226 -0.1577581 0.3089455 0.9379046 -0.05864214 0.1348692 0.9891266 -0.05864202 0.1348693 0.9891266 -0.02695208 0.3506522 0.9361179 -0.001333296 0.08822429 0.9960998 -0.001333355 0.08822429 0.9960997 0.003558337 0.2160342 0.9763793 0.01991516 0.153191 0.9879959 0.01690071 0.1534202 0.9880165 -0.0270732 0.08727204 0.9958166 -0.0270732 0.08727204 0.9958165 -0.06281697 0.2291707 0.9713572 -0.02221667 0.1396214 0.9899557 -0.02402782 0.1392493 0.9899658 -0.01555609 0.0977652 0.9950879 -0.01555609 0.09776514 0.9950879 0.09066897 0.2912424 0.9523429 0.05691885 0.1748854 0.9829422 0.07312613 0.1770146 0.9814879 0.1202666 0.282004 0.9518454 0.2718836 0.2555099 0.9277899 0.06655532 0.1306613 0.9891906 0.06655508 0.1306614 0.9891906 0.2117257 0.3793236 0.900714 0.05054312 0.07551926 0.9958625 0.05255383 0.07420927 0.995857 0.1122096 0.167659 0.9794383 0.1181296 0.1351596 0.9837567 0.06576168 0.07227694 0.9952142 0.06576168 0.07227694 0.9952143 0.01171988 0.09015113 0.9958592 0.01171988 0.09015113 0.9958592 0.07655197 0.3686603 0.9264067 0.03528398 0.1441505 0.9889265 0.03528434 0.1441504 0.9889265 0.06901222 0.05695319 0.9959889 0.06901228 0.05695307 0.9959887 0.1703852 0.132061 0.9764881 0.1330039 0.08096927 0.9878026 0.1312991 0.08346158 0.9878233 0.07854115 0.04781359 0.9957636 0.07854115 0.04781365 0.9957637 0.4634739 -0.6097173 -0.6429905 0.4634736 -0.6097178 -0.6429904 0.4634745 -0.609717 -0.6429903 0.5141255 -0.8352493 0.1950221 0.4279729 -0.6540908 0.6237023 0.5369574 -0.8206179 0.195609 0.45811 -0.699503 0.5484804 0.4556075 -0.6960156 0.5549631 0.3045761 -0.4652901 0.8311068 0.6475139 0.3958814 -0.6511557 0.6475149 0.3958799 -0.6511557 0.6443085 0.40956 -0.6458538 0.8501928 0.519796 -0.08357226 0.8501957 0.5197913 -0.08357286 0.107341 -0.1643069 0.9805515 0.301132 -0.4596878 0.8354679 0.3473235 -0.4258177 0.8354912 0.3473084 -0.4258003 0.8355064 0.3877111 -0.3893195 0.8355301 0.3877021 -0.3893111 0.8355381 0.4231322 -0.3504527 0.835549 0.4231292 -0.3504503 0.8355515 0.4539519 -0.3094836 0.8355523 0.4539486 -0.3094815 0.8355549 0.4805752 -0.2662469 0.8355597 0.4805693 -0.2662438 0.8355641 0.5030552 -0.2208423 0.8355622 0.5030637 -0.2208456 0.8355562 0.5215752 -0.1727001 0.8355441 0.5215783 -0.172701 0.835542 0.5358119 -0.121614 0.8355331 0.5358183 -0.1216152 0.8355289 0.5453233 -0.06735736 0.8355151 0.5453482 -0.06735968 0.8354987 0.5494367 -0.01021587 0.8354729 0.5494526 -0.01021569 0.8354625 0.5474185 0.04813629 0.8354734 0.547402 0.04813432 0.8354843 0.5396473 0.1034418 0.8355122 0.5396282 0.1034376 0.835525 0.5269677 0.1554903 0.8355404 0.526964 0.155489 0.835543 0.5099709 0.2044299 0.8355467 0.5099604 0.2044253 0.8355541 0.4887705 0.2508871 0.8355591 0.4887806 0.2508926 0.8355516 0.4636595 0.2947297 0.8355562 0.4636506 0.2947236 0.8355634 0.4342429 0.3365701 0.8355559 0.4342463 0.3365728 0.8355531 0.4003763 0.3762643 0.8355381 0.4003899 0.3762779 0.8355255 0.3615925 0.4137209 0.8355154 0.3615939 0.4137226 0.8355139 0.3175767 0.4484376 0.8354932 0.3175937 0.4484632 0.835473 0.2678508 0.4798763 0.8354488 0.2678461 0.4798672 0.8354555 0.2155668 0.5054661 0.8354849 0.2155583 0.5054448 0.8355 0.163325 0.5246242 0.8355203 0.1633237 0.5246196 0.8355236 0.1117083 0.5379666 0.8355317 0.1117067 0.537958 0.8355374 0.06016069 0.5461214 0.8355431 0.06016045 0.5461181 0.8355451 0.009048163 0.5493333 0.8355544 0.009048223 0.5493287 0.8355574 -0.04210466 0.5477905 0.8355553 -0.04210472 0.547791 0.8355551 -0.09342426 0.5414249 0.8355423 -0.09342777 0.5414423 0.8355306 -0.145251 0.5299091 0.8355229 -0.1452541 0.529919 0.835516 -0.1971639 0.5128933 0.8355041 -0.1971676 0.5129021 0.8354977 -0.2494925 0.489624 0.835477 -0.2526481 0.4953976 0.8311138 0 0 -1 0 0 -1 0 0 -1 0 0 -1 0 0 -1 0 0 -1 0 0 -1 0 0 -1 0 0 -1 0 0 -1 0 0 -1 0 0 -1 0 0 -1 0 0 -1 0 0 -1 0 0 -1 0 0 -1 0 0 -1 0 0 -1 0 0 -1 0 0 -1 0 0 -1 0 0 -1 0 0 -1 0 0 -1 0 0 -1 0 0 -1 0 0 -1 0 0 -1 0 0 -1 0 0 -1 0 0 -1 0 0 -1 0 0 -1 0 0 -1 0 0 -1 0 0 -1 0 0 -1 0 0 -1 0 0 -1 0 0 -1 0 0 -1 0 0 -1 0 0 -1 0 0 -1 0 0 -1 0 0 -1 0 0 -1 0 0 -1 0 0 -1 0 0 -1 0 0 -1 0 0 -1 0 0 -1 0 0 -1 0 0 -1 0 0 -1 0 0 -1 0 0 -1 0 0 -1 0 0 -1 0 0 -1 0 0 -1 0 0 -1 0 0 -1 0 0 -1 0 0 -1 0 0 -1 0 0 -1 0 0 -1 0 0 -1 0 0 -1 0 0 -1 0 0 -1 0 0 -1 0 0 -1 0 0 -1 0 0 -1 0 0 -1 0 0 -1 0 0 -1 0 0 -1 0 0 -1 0 0 -1 0 0 -1 0 0 -1 0 0 -1 0 0 -1 0 0 -1 0 0 -1 0 0 -1 0 0 -1 0 0 -1 0 0 -1 0 0 -1 0 0 -1 0 0 -1 0 0 -1 0 0 -1 0 0 -1 0 0 -1 0 0 -1 0 0 -1 0 0 -1 0 0 -1 0 0 -1 0 0 -1 0 0 -1 0 0 -1 0 0 -1 0 0 -1 0 0 -1 0 0 -1 0 0 -1 0 0 -1 0 0 -1 0 0 -1 0 0 -1 0 0 -1 0 0 -1 0 0 -1 0 0 -1 0 0 -1 0 0 -1 0 0 -1 0 0 -1 0 0 -1 0 0 -1 0 0 -1 0 0 -1 0 0 -1 0 0 -1 0 0 -1 0 0 -1 0 0 -1 0 0 -1 0 0 -1 0 0 -1 0 0 -1 0 0 -1 0 0 -1 0 0 -1 0 0 -1 -0.4662116 0.7103542 -0.5272986 -0.09332436 0.1220005 -0.9881328 -0.09332454 0.1220003 -0.9881328 -0.1321807 0.152074 -0.9794906 -0.5423465 0.8267446 -0.1495115 -0.4684299 0.7134257 -0.5211499 -0.5419976 0.65924 -0.5211921 -0.6282235 0.7634675 -0.1498417 -0.6023758 0.7907766 0.1087 -0.5143628 0.6251499 -0.5870422 -0.6475112 0.7471996 -0.1497398 -0.6475145 0.7471986 -0.14973 -0.5333392 0.8325774 -0.1495465 -0.4824968 0.7355296 -0.4755976 -0.6023757 0.7907785 0.1086872 -0.6023805 0.7907731 0.1087 -0.1322951 0.1522119 -0.9794538 -0.2801439 0.3401173 -0.8976857 -0.1279147 0.1551541 -0.9795739 -0.3576557 0.4351904 -0.8262515 -0.3636114 0.4420247 -0.8200006 -0.5396882 0.6561595 -0.5274386 -0.1088955 0.1697896 -0.9794453 -0.1680103 0.2564151 -0.9518529 -0.308926 0.4711069 -0.8262101 -0.1188684 0.1644442 -0.9791978 -0.3140766 0.4786198 -0.8199262 -0.495029 0.4013533 -0.7706243 -0.9942098 -0.03153616 0.1027237 -0.4300365 -0.07818514 -0.8994196 -0.1348506 -0.14964 -0.9795015 -0.5779889 -0.5849478 -0.5690035 -0.3500652 -0.3515605 -0.8682509 -0.2147871 -0.183518 -0.9592641 -0.214803 -0.1835308 -0.959258 -0.2148056 -0.1835283 -0.9592581 -0.7843083 -0.5122115 0.3499999 -0.8027003 -0.5255843 0.2818394 -0.41456 -0.2433934 -0.8768693 -0.5185033 -0.2507862 -0.8174721 -0.5185036 -0.2507857 -0.8174722 -0.8263325 -0.4262613 0.3680704 -0.4145752 -0.2434052 -0.8768587 -0.414555 -0.2434018 -0.8768692 -0.8838835 -0.3428764 -0.3180971 -0.8296595 -0.3239976 -0.4546326 -0.8044875 -0.3120766 -0.505379 -0.4300403 -0.07816761 -0.8994194 -0.5317924 -0.1269355 -0.8373078 -0.9568544 -0.2625852 -0.1244128 -0.4964339 -0.1476905 -0.8554186 -0.4964342 -0.1476894 -0.8554185 -0.430054 -0.07818722 -0.8994111 -0.8273444 -0.1357249 -0.5450505 -0.2621886 -0.02610981 -0.9646634 -0.2621879 -0.02611565 -0.9646633 -0.7867935 -0.04306775 -0.6157119 -0.3548362 -0.01254624 -0.9348443 -0.2604247 0.02796036 -0.9650892 -0.2604247 0.02795994 -0.9650892 -0.7413316 0.04072701 -0.6699022 -0.296375 0.009877204 -0.9550206 -0.2976229 -0.001740515 -0.9546819 -0.6910137 0.1061124 -0.7150107 -0.9293399 0.1514029 -0.3367558 -0.3588138 0.07189971 -0.9306358 -0.5970504 0.1704733 -0.7838811 -0.5970451 0.17049 -0.7838816 -0.9032834 0.2474281 -0.3505115 -0.3588158 0.07189774 -0.9306352 -0.3588153 0.07189989 -0.9306352 -0.9315946 0.3631559 -0.01579207 -0.6184149 0.2317889 -0.7508907 -0.6183877 0.2317768 -0.7509169 -0.416682 0.2391118 -0.8770414 -0.4166665 0.2391114 -0.8770489 -0.8055654 0.414191 0.4236863 -0.4644902 0.2183756 -0.8582314 -0.464491 0.218374 -0.8582313 -0.4572172 0.3304218 -0.8256959 -0.7457989 0.5033919 -0.4363263 -0.789887 0.5157094 0.3318468 -0.8407523 0.5413433 -0.009110569 -0.4166806 0.2391139 -0.8770415 -0.2334483 0.2140956 -0.9485067 -0.2334418 0.2141029 -0.9485067 -0.5413047 0.4390926 -0.7170684 -0.6394287 0.524212 -0.5624346 -0.4572181 0.33042 -0.8256962 -0.1392791 0.146778 -0.9793148 -0.1803964 0.1758821 -0.967741 -0.3272947 0.3119494 -0.8919449 -0.3607054 0.3440862 -0.8668888 -0.3769402 0.3258272 -0.8670368 -0.4711265 0.386238 -0.7930069 -0.6971861 0.7010979 -0.1496447 -0.6254795 0.617114 -0.4774367 -0.7485687 0.6407879 0.1703987 -0.7485668 0.6407792 0.1704398 -0.4830759 0.2996575 -0.8227047 -0.8213744 0.5324739 -0.2044883 -0.8091903 0.4940998 0.3179251 -0.7341673 0.5339608 0.4193856 -0.734168 0.5339599 0.4193856 -0.7682557 0.6162225 -0.1733587 -0.3508087 0.262866 -0.8987962 -0.7485648 0.6407817 0.1704398 -0.9173633 0.3672985 -0.1534159 -0.8554516 0.3355016 -0.394514 -0.7960146 0.3170968 -0.5155681 -0.9824908 0.1359142 0.127433 -0.785061 0.1315956 -0.6052783 -0.5388672 0.0726124 -0.8392554 -0.9243578 0.2051316 0.3216888 -0.9243579 0.2051307 0.321689 -0.5829549 0.1753473 -0.793358 -0.8237352 0.2288684 -0.5187288 -0.9197283 0.2844613 0.2705212 -0.9197279 0.2844623 0.2705213 -0.7035118 0.694705 -0.1498535 -0.6421936 0.6333675 -0.4317788 -0.7030593 0.5647474 -0.4321668 -0.7298781 0.5882179 -0.3482496 -0.7861648 0.5101569 -0.3488334 -0.8009189 0.5205629 -0.2958771 -0.8494799 0.436654 -0.2961705 -0.8501234 0.4370222 -0.2937717 -0.8898451 0.3492937 -0.2935464 -0.8766344 0.3433277 -0.3371029 -0.907129 0.2526122 -0.3366066 -0.882603 0.2445162 -0.4015268 -0.903389 0.1516222 -0.4011222 -0.8763159 0.1458703 -0.4591211 -0.8870406 0.05049133 -0.4589222 -0.8932929 0.4486886 0.02657663 -0.8932858 0.4487027 0.02657663 -0.86731 0.4458059 -0.2214285 -0.7284856 0.3657501 -0.5792545 -0.8091899 0.4941003 0.3179255 -0.784905 -0.511667 -0.3494583 -0.800599 -0.520782 -0.2963567 -0.8487651 -0.4377303 -0.2966307 -0.8899497 -0.3492102 -0.2933291 -0.8762592 -0.344443 -0.3369402 -0.9073595 -0.2520197 -0.3364297 -0.8824337 -0.2461636 -0.4008919 -0.9037932 -0.1509679 -0.4004579 -0.8761181 -0.1475932 -0.458948 -0.8871675 -0.04979395 -0.458753 -0.9640766 -0.1132329 0.2402803 -0.8735095 0.04913461 -0.4843212 -0.8734931 -0.04965186 -0.4842979 -0.9588607 -0.05444759 -0.2786066 -0.6428903 -0.02004545 -0.765696 -0.8822638 -0.3174269 0.3476358 -0.8007767 -0.2229132 -0.5559374 -0.934003 -0.2530529 -0.2521955 -0.9340189 -0.2530509 -0.2521387 -0.9811117 -0.1911491 0.02969527 -0.981112 -0.1911476 0.02969533 -0.7649193 -0.128708 -0.6311361 -0.9640711 -0.1132324 0.2403025 -0.9640764 -0.1132349 0.2402803 -0.7868705 -0.4390662 0.4336539 -0.8496268 -0.4381263 -0.2935638 -0.6073125 -0.3132836 -0.7300856 -0.7767836 -0.3543477 0.5206198 -0.7292939 -0.6727573 0.1246113 -0.7829297 -0.6169514 -0.07995027 -0.8288383 -0.5531407 -0.08403766 -0.8288385 -0.553138 -0.08405405 -0.6593836 -0.4301695 -0.6165772 -0.7868694 -0.4390668 0.4336554 -0.7868693 -0.4390665 0.4336557 -0.7767882 -0.3543602 0.5206043 -0.7767918 -0.3543524 0.5206043 -0.6581685 -0.2575404 -0.7074511 -0.8822616 -0.3174268 0.3476415 -0.8822633 -0.3174285 0.3476358 -0.7034118 -0.6948091 -0.1498404 -0.6420136 -0.6333706 -0.432042 -0.6035003 -0.5979691 -0.5274661 -0.40777 -0.401633 -0.8200089 -0.142459 -0.1429932 -0.9794173 -0.3524315 -0.3523468 -0.866974 -0.3807052 -0.3206458 -0.8673233 -0.7596439 -0.6183691 -0.2013975 -0.3483923 -0.252085 -0.9028155 -0.3483935 -0.2520835 -0.9028156 -0.1342921 0.1501495 -0.9795002 -0.1833307 0.195786 -0.9633575 -0.1378443 0.1471486 -0.9794622 -0.4835941 0.4905598 0.7249054 -0.4511189 0.4507486 -0.770271 -0.1473128 0.1374148 -0.9794979 -0.4060939 0.4032772 -0.8200336 -0.7292946 -0.6727566 0.1246113 -0.5625481 -0.5548969 -0.6128858 -0.6845039 -0.7134709 -0.1497122 -0.6845029 -0.7134669 -0.1497355 -0.684503 -0.7134674 -0.149733 -0.9942098 -0.03153818 0.1027237 -0.9211586 0.05103206 -0.385827 -0.9051253 0.05151027 -0.4220129 -0.8944985 0.04950249 -0.4443219 -0.9824908 0.1359142 0.127433 -0.4060701 -0.403374 -0.8199979 -0.5384855 -0.5369557 -0.6493936 -0.5916485 -0.4771904 -0.649801 -0.7017432 -0.5661662 -0.4324494 -0.7304388 -0.5871317 -0.3489062 -0.7017525 -0.5643704 -0.4347752 -0.7825756 -0.6174012 -0.07994532 -0.1443251 -0.1407646 -0.979467 -0.4512146 -0.4500517 -0.7706224 -0.4944809 -0.4013871 -0.7709586 -0.6256679 -0.5055661 -0.5940898 -0.6727039 -0.440403 -0.5945709 -0.7179801 -0.4682707 -0.5150021 -0.7616719 -0.3929196 -0.5152381 -0.7642357 -0.3941589 -0.510473 -0.8011062 -0.3128457 -0.5102513 -0.7610861 -0.2983254 -0.5759773 -0.7885395 -0.2167496 -0.5755215 -0.7162637 -0.1988538 -0.6688972 -0.7338311 -0.1206704 -0.6685287 -0.6544565 -0.1098744 -0.7480738 -0.6627749 -0.03650003 -0.7479286 -0.6236987 -0.03546732 -0.7808598 -0.6237095 0.03447502 -0.7808956 -0.662459 0.03764736 -0.7481516 -0.6545898 0.1074339 -0.7483116 -0.7326841 0.1223096 -0.6694881 -0.7160751 0.1964434 -0.6698108 -0.7879129 0.2182372 -0.5758177 -0.7614673 0.2968273 -0.5762475 -0.8006719 0.3133779 -0.5106064 -0.7645524 0.3931151 -0.5108034 -0.7626229 0.392059 -0.5144863 -0.7181821 0.4688375 -0.5142041 -0.6745688 0.4388475 -0.5936075 -0.6264992 0.5056437 -0.5931469 -0.5921432 0.4770272 -0.6494702 -0.540871 0.5348471 -0.6491512 -0.6035873 0.5978829 -0.527464 -0.03381347 -0.1986839 -0.9794802 -0.3275473 -0.9064162 0.2666881 -0.3511843 -0.9337616 -0.0689851 -0.6104746 -0.7778233 -0.1493706 -0.5741471 -0.7072068 0.4125697 -0.5623826 -0.7165638 0.4126284 -0.4432531 -0.7904255 0.4227933 -0.4432532 -0.7904255 0.4227933 -0.605488 -0.771468 -0.1955027 -0.4001305 -0.7135289 -0.575128 -0.6256104 -0.7656631 -0.1495718 -0.625587 -0.7656347 -0.1498143 -0.5668077 -0.6922588 0.4466617 -0.5515892 -0.6459441 -0.5277363 -0.4692918 -0.5535148 -0.688031 -0.5155831 -0.8500508 -0.1076468 -0.515063 -0.8490745 -0.1173997 -0.4698259 -0.7530844 0.4605731 -0.3841543 -0.6157613 -0.6879414 -0.3841308 -0.6157269 -0.6879853 -0.2478316 -0.3972533 -0.8836115 -0.2478644 -0.3973023 -0.8835803 -0.06500244 -0.1268737 -0.9897868 -0.0736196 -0.1705161 -0.9826009 -0.05929112 -0.2176821 -0.9742172 -0.03626042 -0.09013235 -0.9952694 -0.0362606 -0.09013229 -0.9952694 -0.07656002 -0.2193632 -0.9726347 -0.03495091 -0.1159312 -0.9926421 -0.03495091 -0.1159312 -0.9926421 -0.3718703 -0.4346306 -0.8202491 -0.3719344 -0.434705 -0.8201808 -0.3027048 -0.3572141 -0.8836107 -0.1313146 -0.1526567 -0.9795165 -0.1315617 -0.1529472 -0.979438 -0.1330965 -0.1512395 -0.9794957 -0.1889846 -0.2187424 -0.957307 -0.09942811 -0.1217803 -0.9875645 -0.09942835 -0.1217802 -0.9875645 -0.1013424 -0.1382363 -0.9852007 -0.2768284 -0.3776018 -0.8836193 -0.2768602 -0.3776425 -0.8835919 -0.4291052 -0.5853075 -0.6879563 -0.4290806 -0.5852765 -0.6879981 -0.5872074 -0.8009625 -0.1168183 -0.5404697 -0.7129771 0.4467173 -0.5890588 -0.7839807 -0.1959185 -0.5623865 -0.7165538 0.4126405 -0.1649636 -0.7200253 0.6740553 -0.164964 -0.7200253 0.6740554 -0.2587167 -0.9107688 0.3218165 -0.1574935 -0.6874194 -0.7089785 -0.3511838 -0.9337617 -0.06898498 -0.3277442 -0.8714441 0.3649232 -0.3277461 -0.8714433 0.3649232 -0.317536 -0.7487773 -0.5818105 -0.4859117 -0.8664873 -0.1144103 -0.4859038 -0.8664917 -0.1144105 -0.1928273 -0.9697043 -0.1499709 -0.1928353 -0.9697536 -0.1496413 -0.1928334 -0.9697442 -0.1497044 -0.1649562 -0.8332167 -0.5277684 -0.1787502 -0.8894233 -0.4206835 -0.2384102 -0.8753285 -0.4206669 -0.2733939 -0.9617128 -0.01908206 -0.3294623 -0.9439917 -0.01828402 -0.3115034 -0.8598136 0.4045815 -0.362578 -0.839793 0.4040852 -0.3869288 -0.9212868 -0.03894495 -0.287656 -0.6662606 -0.688005 -0.2876493 -0.6662467 -0.6880213 -0.2391266 -0.685153 -0.6880289 -0.2391283 -0.6851574 -0.688024 -0.1907055 -0.7001771 -0.6880286 -0.1906943 -0.7001415 -0.688068 -0.14341 -0.7113108 -0.6880919 -0.04603493 -0.1966531 -0.9793918 -0.04589688 -0.1958738 -0.9795544 -0.1105602 -0.5612682 -0.8202162 -0.1105563 -0.5612488 -0.82023 -0.03533744 -0.1458405 -0.9886767 -0.03533774 -0.1458404 -0.9886769 -0.03804159 -0.1862695 -0.981762 -0.1856085 -0.4299021 -0.8835914 -0.1856082 -0.4299016 -0.8835917 -0.154298 -0.4420963 -0.8835965 -0.154279 -0.4420468 -0.8836247 -0.1230373 -0.451736 -0.8836269 -0.1230532 -0.451788 -0.8835981 -0.090792 -0.4593837 -0.8835856 -0.04855298 -0.2484264 -0.9674332 -0.03775906 -0.2092674 -0.9771291 -0.08508998 -0.1173021 -0.9894443 -0.08509063 -0.1173016 -0.9894443 -0.0965318 -0.154731 -0.9832293 -0.07503658 -0.1222715 -0.9896561 -0.07503581 -0.1222718 -0.9896561 -0.4728592 -0.880864 -0.02196985 -0.4222186 -0.780507 0.461021 -0.4628049 -0.8856496 -0.03790009 -0.3361074 -0.6431943 -0.6879919 -0.3361071 -0.6431938 -0.6879925 -0.216875 -0.4150244 -0.8835836 -0.2168745 -0.4150235 -0.8835841 -0.08545947 -0.1635401 -0.9828282 -0.06500232 -0.1268736 -0.9897868 -0.1041077 -0.8430611 -0.5276452 -0.1209777 -0.9813179 -0.1495981 0.03294789 -0.1988275 -0.9794806 0.01978814 -0.285319 -0.9582283 0.02698177 -0.2305194 -0.9726936 0.02698749 -0.2305189 -0.9726935 -0.01466876 -0.2021532 -0.979244 -0.01466882 -0.2021532 -0.9792441 0.005142509 -0.2340762 -0.9722046 0.005143284 -0.2340761 -0.9722047 -0.03325241 -0.1987766 -0.9794806 -0.03325241 -0.198781 -0.9794796 0.01238012 -0.2017376 -0.9793614 0.01230168 -0.2012253 -0.9794677 0.005139112 -0.2340763 -0.9722047 0.01737791 -0.4166188 -0.9089152 0.02633798 -0.6236193 -0.7812845 -0.03229373 -0.2354428 -0.9713516 -0.04735481 -0.3817003 -0.9230722 -0.02405172 -0.1994925 -0.9796042 -0.07512408 -0.6041454 -0.7933251 -0.06931233 -0.5679991 -0.8201054 -0.06930959 -0.5679799 -0.8201189 0.03647989 -0.9913942 -0.1257253 -0.03982287 -0.9891363 -0.1415041 -0.1207755 -0.984446 -0.1275914 -0.1207897 -0.9844442 -0.1275914 -0.1210097 -0.9816393 -0.1474483 -0.1204205 -0.9813776 -0.1496559 -0.03986811 -0.9904166 -0.1322332 -0.04006451 -0.9894222 -0.1394224 -0.03530895 -0.8739373 -0.4847544 0.1540113 -0.9766525 -0.149768 0.1011182 -0.905935 -0.4111654 0.1192921 -0.9652422 -0.2325446 0.1213551 -0.9812206 -0.1499304 0.1057589 -0.8610525 -0.4973969 0.104438 -0.8430166 -0.5276511 0.0695315 -0.5679584 -0.820115 0.1107794 -0.9938099 0.00836277 0.1107779 -0.99381 0.00836277 0.03503465 -0.9531385 -0.300499 -0.1209713 -0.9812688 -0.149925 -0.1054357 -0.8611651 -0.4972707 -0.03540116 -0.8669287 -0.4971733 -0.02456361 -0.60818 -0.7934191 -0.02574259 -0.6236453 -0.7812835 -0.0192207 -0.4695592 -0.8826918 -0.008717775 -0.3458672 -0.9382429 0.03375852 -0.2745744 -0.960973 0.07607418 -0.6036677 -0.7935981 0.02511149 -0.6077566 -0.7937263 0.03621429 -0.8668479 -0.4972558 0.03612709 -0.8739031 -0.484756 0.04059427 -0.9800486 -0.1945681 0.03639566 -0.9913972 -0.1257258 0.2017288 -0.9679422 -0.1496437 0.2127171 -0.9655563 -0.1498418 0.2465277 -0.8177258 -0.5201429 0.2013713 -0.966233 -0.1607587 0.3546206 -0.8942202 -0.2731567 0.4466853 -0.8941864 -0.03004801 0.2626656 -0.5085005 -0.8200208 0.3899114 -0.7548387 -0.527435 0.3917932 -0.758989 -0.5200325 0.4539742 -0.8783727 -0.1495616 0.09587556 -0.1773438 -0.9794677 0.1582952 -0.305967 -0.93879 0.0605024 -0.1332949 -0.989228 0.06050252 -0.1332949 -0.9892279 0.05157762 -0.1420771 -0.9885109 0.1255701 -0.3120163 -0.941742 0.2109988 -0.5242925 -0.824983 0.03460079 -0.1985543 -0.979479 0.03447377 -0.1981356 -0.9795683 0.04452204 -0.2308976 -0.9719589 0.06573426 -0.3156879 -0.9465834 0.04083693 -0.1965469 -0.9796437 0.115811 -0.5530682 -0.8250476 0.1170408 -0.5601102 -0.8201085 0.1737538 -0.8315213 -0.5276193 0.0483849 -0.2187129 -0.9745889 0.0444253 -0.1586036 -0.9863424 0.0444259 -0.1586035 -0.9863424 0.4466843 -0.8941869 -0.03004801 0.4171 -0.8070418 -0.4179846 0.4872422 -0.8603429 -0.1496832 0.3672851 -0.926159 -0.08562195 0.2807554 -0.9390436 -0.1984274 0.2839136 -0.9417362 -0.18035 0.2846234 -0.9519761 -0.1128312 0.2846258 -0.9519755 -0.1128308 0.09299397 -0.1795432 -0.9793449 0.2591509 -0.5022084 -0.8250015 0.2109792 -0.5242483 -0.8250161 0.3188838 -0.7923731 -0.5200557 0.3188719 -0.792338 -0.5201166 0.3610007 -0.897022 -0.2550099 0.3672896 -0.9261574 -0.08562123 0.2017843 -0.9667668 -0.1569871 0.1745566 -0.8360296 -0.5201774 0.2465229 -0.8177125 -0.5201662 0.1631105 -0.5410323 -0.8250327 0.1631221 -0.5410761 -0.8250018 0.08485424 -0.2814615 -0.9558134 0.05157762 -0.1420771 -0.988511 0.9799346 -0.1992638 0.004687786 0.7146192 -0.6994971 0.004823863 0.8847705 -0.4660001 0.005013704 0.7145977 -0.6995307 0.002669394 0.8257024 -0.5638865 0.01573425 0.5614842 -0.8268234 0.03314405 -0.1562142 0.9877206 0.002297341 0.1294752 0.9915808 0.001963973 0.8531751 0.5216206 0.002059459 0.6171074 0.7862916 0.03039896 0.3518516 0.9355437 0.03095746 0.2231968 0.974197 0.03351765 -0.1107024 0.9931984 0.03608149 -0.4465582 0.8939353 0.03828048 -0.4661597 0.8838497 0.03879332 -0.4463687 0.8935555 0.04809951 -0.4923243 0.8693165 0.04365336 -0.2862613 0.957459 0.03642374 -0.3683405 0.9288202 0.04022943 -0.3596364 0.9322452 0.03975552 -0.368381 0.92891 0.03770649 -0.368378 0.9289112 0.03770649 -0.2862623 0.9574588 0.03642374 -0.2651036 0.963365 0.04059427 -0.286198 0.9572336 0.04236143 -0.110701 0.9931986 0.03608149 -0.1556312 0.9870328 0.03930985 -0.1711024 0.984397 0.04106563 -0.2038954 0.9783406 0.0357263 -0.2038947 0.9783407 0.0357263 -0.1107007 0.9931986 0.03608173 -0.07764285 0.9961351 0.04106605 -0.0366193 0.9986799 0.03602081 0.04012763 0.9985386 0.0362026 0.04012632 0.9985385 0.0362026 0.01552224 0.9990504 0.04070991 -0.03661823 0.9986799 0.03602105 -0.03662103 0.9986799 0.03602081 0.223197 0.9741969 0.03351765 0.2231964 0.9741971 0.03351765 0.2023862 0.9785345 0.03885942 0.1216834 0.9918755 0.0370984 0.1087646 0.9933759 0.03707462 0.1216613 0.9917399 0.04062575 0.1216702 0.9917389 0.04062622 0.2966665 0.954481 0.030905 0.3516388 0.9349699 0.04670459 0.3516384 0.9349702 0.04670453 0.3518537 0.935543 0.03095757 0.3911943 0.9194285 0.04022723 0.4888353 0.8717007 0.03432154 0.4888468 0.8717316 0.03335845 0.4888477 0.8717312 0.03335845 0.4857171 0.8734649 0.03373157 0.4888316 0.8717027 0.03432178 0.4888274 0.8717051 0.03432178 0.5757349 0.8170716 0.03038549 0.6167948 0.785877 0.04428797 0.6167961 0.785876 0.04428809 0.6171157 0.7862849 0.03039908 0.6557782 0.7538644 0.04053968 0.6919845 0.7209607 0.0370565 0.6919825 0.7209627 0.0370565 0.726499 0.6859829 0.04033118 0.7342795 0.6777825 0.03800702 0.8315608 0.5542072 0.03689086 0.7852846 0.6178914 0.03922045 0.7884486 0.6138584 0.03907501 0.7849365 0.6184298 0.03767484 0.7342786 0.6777834 0.03800708 0.8315628 0.5542044 0.03689086 0.842185 0.5376604 0.04056638 0.8722427 0.4877789 0.03555792 0.9097672 0.4136199 0.03524726 0.9097683 0.4136173 0.03524726 0.8883197 0.4573976 0.04093313 0.8722436 0.4877774 0.03555786 0.8722451 0.4877747 0.03555786 0.9097683 0.4136174 0.03524732 0.9270381 0.3727156 0.04103076 0.9408851 0.3368552 0.03554892 0.9582067 0.2831557 0.04077547 0.9408851 0.3368553 0.03554892 0.9408848 0.3368561 0.03554892 0.9807913 0.1911165 0.03902351 0.9813148 0.188272 0.03968524 0.9807911 0.1911179 0.03902345 0.964175 0.2626821 0.03694117 0.9641741 0.2626852 0.03694117 0.9925526 0.1162112 0.0365287 0.9925523 0.1162128 0.03652858 0.9925525 0.116212 0.03652864 0.9988765 0.03165769 0.03526657 0.9978032 -0.05562001 0.03599065 0.9978032 -0.05561929 0.03599065 0.9989809 -0.01774096 0.0415017 0.9988764 0.03165709 0.03526645 0.9988765 0.03165578 0.03526657 0.9757863 -0.2153406 0.03833383 0.9550696 -0.2941381 0.03640145 0.9550701 -0.2941362 0.03640145 0.9757862 -0.2153408 0.03833389 0.9898988 -0.1367451 0.03743058 0.991836 -0.1219083 0.03741168 0.9897395 -0.1367318 0.04147422 0.9897394 -0.1367321 0.04147422 0.9548538 -0.2941001 0.04194474 0.9274835 -0.3721535 0.03572213 0.8930482 -0.4485847 0.03516471 0.8930478 -0.4485856 0.03516471 0.8930549 -0.4485715 0.03516632 0.8523201 -0.521822 0.03538614 0.85232 -0.5218223 0.03538614 0.7587245 -0.6503366 0.03740817 0.7587228 -0.6503387 0.03740805 0.7687021 -0.6383259 0.04046338 0.806788 -0.5897613 0.03570383 0.8067864 -0.5897634 0.03570383 0.6544345 -0.7551878 0.0375086 0.6544364 -0.7551862 0.0375086 0.7039859 -0.7091547 0.03877437 0.7048554 -0.7083072 0.03846669 0.7587208 -0.650341 0.03740817 0.6055641 -0.7949523 0.03664773 0.6055579 -0.7949571 0.03664773 0.5613638 -0.8266399 0.03920543 0.5391082 -0.841582 0.03319871 0.8428769 0.5381026 0.002061069 0.8531697 0.5216095 0.005002439 0.8531668 0.5216143 0.005001664 0.6717202 0.7407901 0.004689455 0.7270905 0.6865416 -3.97908e-4 0.7704079 0.6375305 0.005162119 0.7890406 0.6143194 0.005158543 0.7704191 0.6375374 6.64678e-4 0.7704181 0.6375388 6.64423e-4 0.5540977 0.8324508 0.001171886 0.5759932 0.8174383 0.005144476 0.5540848 0.8324443 0.005147516 0.3915107 0.9201726 0.001322329 0.4166479 0.909052 0.005397617 0.4859867 0.8739498 0.005384266 0.4166117 0.9090633 -0.006224632 0.4166466 0.9090473 -0.006218969 0.5540921 0.8324546 0.001170933 0.6717307 0.7407938 0.001594007 0.6563168 0.7544836 0.001670122 0.6717199 0.7407904 0.004689395 0.6717256 0.7407853 0.004689395 0.1088395 0.9940574 0.001965403 0.1294337 0.991575 0.00509274 0.1294704 0.9915702 0.005098283 -0.1712465 0.9852256 0.002298593 -0.1561887 0.9877165 0.00459659 -0.1562114 0.987713 0.004593133 -0.4334326 0.9011725 0.004928529 -0.43343 0.9011738 0.004928529 -0.3599206 0.9329829 -4.91066e-4 -0.2955729 0.9553066 0.005103826 -0.2653191 0.9641472 0.005100131 -0.2955263 0.9553345 3.75888e-4 -0.2955766 0.9553189 3.68074e-4 -0.1561996 0.9877148 0.004593133 -0.1562105 0.9877132 0.004593193 -0.07770836 0.9969761 -3.20126e-4 -0.0143997 0.9998823 0.005299925 0.01553434 0.9998654 0.005296766 -0.01439565 0.9998961 7.81805e-4 -0.01440095 0.9998961 7.81007e-4 0.1295416 0.9915609 0.005098283 0.1294694 0.9915703 0.005098402 0.2025395 0.979274 -4.12425e-4 0.273494 0.9618599 0.005146861 0.2968047 0.9549244 0.005144834 0.2734335 0.9618898 0.001485764 0.2734967 0.9618719 0.00149554 0.6305612 -0.7759788 0.01579731 0.5591505 -0.8289152 0.01582372 0.52739 -0.8496074 0.005195438 0.9156144 -0.4017499 0.01572698 0.9149613 -0.4014633 0.04090183 0.9274829 -0.3721551 0.03572213 0.7692367 -0.6387699 0.01575082 0.7692367 -0.6387699 0.01575082 0.7044281 -0.7096001 0.01577329 0.999718 -0.01775401 0.01577252 0.999718 -0.01775372 0.0157724 0.9924076 -0.1219785 0.01576447 0.9924075 -0.1219784 0.01576447 -0.3598759 0.932866 0.01581448 -0.3598756 0.9328662 0.0158146 -0.2652892 0.9640394 0.01580077 -0.2652894 0.9640394 0.01580071 -0.1712256 0.9851054 0.015787 -0.1712256 0.9851053 0.015787 -0.0776987 0.996852 0.0157777 -0.07769864 0.996852 0.0157777 0.0155332 0.9997549 0.01577526 0.01553261 0.999755 0.01577508 0.1088259 0.9939356 0.01577997 0.1088262 0.9939355 0.01578003 0.2025138 0.979152 0.01579117 0.2025142 0.979152 0.01579129 0.2967712 0.9548178 0.0158056 0.2967715 0.9548177 0.01580572 0.3914622 0.9200583 0.01581817 0.3914621 0.9200583 0.01581817 0.4859328 0.8738529 0.01582169 0.4859328 0.873853 0.01582169 0.5759289 0.8173469 0.0158109 0.5759288 0.8173469 0.0158109 0.6562359 0.7543906 0.01578956 0.6562358 0.7543906 0.0157895 0.7270002 0.6864562 0.01576542 0.7270002 0.6864562 0.01576542 0.7889534 0.6142514 0.01574456 0.7889533 0.6142514 0.01574456 0.8427746 0.5380368 0.01573061 0.8427743 0.5380371 0.0157305 0.8889549 0.4577246 0.01572537 0.8889551 0.4577245 0.01572543 0.9277046 0.3729836 0.01572918 0.9277048 0.3729833 0.0157293 0.9588856 0.2833563 0.01574033 0.9588854 0.2833566 0.01574021 0.9819666 0.188397 0.01575511 0.9819666 0.1883969 0.01575511 0.7145923 -0.6995245 0.004823863 0.704513 -0.709686 0.002715051 0.7044279 -0.7096003 0.01577335 0.6305612 -0.7759787 0.01579731 0.6301006 -0.7754119 0.04134809 0.6055592 -0.794956 0.03664767 0.5241906 -0.851601 0 0.5054622 -0.8628332 0.005198299 0.6051529 -0.7961011 -0.003621876 0.5592133 -0.8290098 0.004835188 0.6051492 -0.7960974 0.004840493 0.6306328 -0.7760668 0.004760622 0.6051574 -0.7961059 -2.19109e-5 0.7145987 -0.6995296 0.002669394 0.8847886 -0.4657312 -0.01560729 0.8258035 -0.5639555 0.001701891 0.884874 -0.4658275 0.001701354 0.9418027 -0.3361298 0.004944801 0.9418108 -0.336107 0.004944801 0.8848835 -0.4657772 -0.005729079 0.9157162 -0.4017946 0.00498414 0.9156144 -0.4017499 0.01572704 0.8743907 -0.4849677 0.01572614 0.8737639 -0.48462 0.04099088 0.8523198 -0.5218225 0.03538608 0.8848872 -0.4657785 0.005013704 0.8744975 -0.4850268 0.001730859 0.8743907 -0.4849675 0.01572614 0.8257023 -0.5638867 0.01573431 0.8251135 -0.5634846 0.04090142 0.8067871 -0.5897625 0.03570389 0.8093752 -0.5872673 0.005363583 0.8093699 -0.5872747 0.005363583 0.769321 -0.63884 0.005354821 0.8093786 -0.5872699 -0.004491329 0.7145916 -0.6995252 0.004823923 0.9799445 -0.1992661 0.001386225 0.9745798 -0.2205201 0.03956073 0.9752224 -0.2206655 0.01574999 0.9752224 -0.2206653 0.01574993 0.9753327 -0.2206903 0.004685521 0.9799279 -0.1993472 0.001398622 0.9944874 0.1048289 0.002380311 0.9944883 0.1048209 0.002380311 0.9998421 -0.01775592 7.37704e-4 0.9986382 -0.05188971 0.005401909 0.9925165 -0.1219918 0.005389869 0.9986354 -0.05196934 -0.005154073 0.9986395 -0.05188971 -0.005165874 0.9944815 0.1047962 0.004942417 0.994479 0.1048201 0.004942417 0.9192116 0.3937599 0.001753509 0.919197 0.3937941 0.001753568 0.9590036 0.2833915 0.001147031 0.9669723 0.2548227 0.005467236 0.9820739 0.1884175 0.005457282 0.9669913 0.2547648 -0.004768669 0.9669759 0.2548234 -0.004777729 0.9952867 0.08776444 0.04125267 0.9960108 0.08782827 0.01576828 0.9960108 0.08782798 0.01576834 0.9961225 0.08783781 0.004941105 0.9944882 0.1048217 0.002380311 0.9487335 -0.3135979 0.03951263 0.9493573 -0.3138041 0.01573586 0.9493573 -0.3138042 0.01573586 0.9494739 -0.3138427 0.001386523 0.9418023 -0.3361307 0.004944801 -0.4334338 0.9011843 0.001348912 -0.4547197 0.890621 0.004926323 -0.4540104 0.8907709 0.0200451 -0.4540449 0.8908383 0.01582235 -0.4405975 0.8974815 0.02002084 -0.4405975 0.8974815 0.02002096 0.8531677 0.5216127 0.005001604 0.8531665 0.5216147 0.005001664 0.889065 0.457781 -3.66861e-4 0.919187 0.3937876 0.005154252 0.9278072 0.3730244 0.005152285 0.9191845 0.3938233 0.001748502 0.9191977 0.3937924 0.001753509 0.0893256 -0.1747562 0.9805515 0.0889256 -0.173972 0.9807273 -0.6646967 0.3500894 -0.6600118 -0.7937211 0.2628107 0.5485777 0.377934 -0.7410612 0.5549723 0.4251542 -0.8839694 0.1945304 0.3482998 -0.6827068 -0.6423383 0.2183247 -0.7056369 -0.6741 0.246666 -0.8998916 0.3596538 0.1553303 -0.9821314 -0.1062567 0.2182876 -0.7056484 -0.6741001 0.2183274 -0.7056451 -0.6740906 0.2883771 -0.7501686 0.5950511 0.3305324 -0.6872324 -0.6468848 0.3305345 -0.6872316 -0.6468847 0.06327402 -0.8232001 0.5642146 0.01029217 -0.7146622 -0.6993941 -0.1294713 -0.9915771 0.003466248 -0.08193892 -0.7438167 -0.6633422 -0.1294346 -0.991582 0.003466725 -0.1294746 -0.9915767 0.003456056 -0.01574611 -0.9559378 0.2931466 0.01029288 -0.7146614 -0.6993948 0.01028907 -0.7146614 -0.6993948 0.1260141 -0.7967823 -0.5909808 0.1260052 -0.7967838 -0.5909808 0.1377897 -0.7985346 -0.5859664 0.1553285 -0.9821305 -0.1062678 0.155306 -0.9821339 -0.1062682 -0.4034858 -0.6061879 -0.6853725 -0.3807651 -0.6821702 0.6242289 -0.2006195 -0.7055671 -0.679652 -0.2929197 -0.9409008 0.1700115 -0.4086737 -0.8916534 0.194782 -0.2812513 -0.6594809 -0.6971246 -0.2972123 -0.6485288 -0.7007676 -0.2972371 -0.6485174 -0.7007676 -0.5303934 -0.6068575 -0.5919516 -0.5606367 -0.4639399 -0.6858907 -0.7455546 -0.5778604 0.3320028 -0.8501927 -0.5197973 -0.08356583 -0.5606376 -0.4639389 -0.6858908 -0.5606373 -0.4639404 -0.68589 -0.5931065 -0.5573895 0.5809833 -0.5366332 -0.5918129 -0.6014835 -0.5366377 -0.591809 -0.6014832 -0.6706892 -0.7396536 0.05557525 -0.6706933 -0.7396498 0.05557519 -0.5557986 -0.7848255 0.2741112 -0.4034848 -0.6061859 -0.6853749 -0.403489 -0.6061825 -0.6853753 0.4456998 -0.8735405 0.1956495 0.3797161 -0.7449622 0.5484951 0.3000181 -0.7804509 0.5485305 0.3000135 -0.7804404 0.5485478 0.221029 -0.8063622 0.5485673 0.2210285 -0.8063604 0.5485703 0.1421701 -0.8239204 0.5485825 0.1421714 -0.8239263 0.5485733 0.06407582 -0.8336311 0.5485923 0.06407421 -0.8336182 0.5486122 -0.01376986 -0.8359616 0.5486152 -0.01376962 -0.8359703 0.5486019 -0.09155023 -0.8310655 0.5485879 -0.09155017 -0.8310645 0.5485894 -0.1699894 -0.8186345 0.5485811 -0.16999 -0.8186389 0.5485743 -0.2485311 -0.7983182 0.5485621 -0.2485314 -0.7983194 0.5485602 -0.328005 -0.7691096 0.5485281 -0.3280109 -0.7691254 0.5485026 -0.4075402 -0.7301398 0.5484585 -0.4075414 -0.7301421 0.5484546 -0.4832441 -0.6823736 0.5484901 -0.4832367 -0.6823621 0.5485108 -0.5502341 -0.6295586 0.5485421 -0.5502287 -0.6295517 0.5485555 -0.6092752 -0.5725845 0.5485717 -0.6092677 -0.5725769 0.5485879 -0.6608258 -0.5121893 0.5486086 -0.660818 -0.5121827 0.5486241 -0.7055782 -0.4485066 0.5486359 -0.2005732 -0.7055804 -0.6796519 -0.2006176 -0.7055586 -0.6796613 -0.1647924 -0.7936068 0.5856891 -0.09651857 -0.7392089 -0.6665241 -0.09657239 -0.739202 -0.6665239 -0.7438175 -0.3818039 0.5485995 -0.7760585 -0.3110948 0.548592 -0.8360134 0.01554358 0.5484889 -0.8360211 0.0155434 0.5484771 -0.8329406 -0.07324242 0.5484938 -0.8211724 -0.1574049 0.548543 -0.821151 -0.1573998 0.5485766 -0.8019056 -0.236615 0.5485988 -0.7613987 0.630617 -0.1503139 -0.5284957 0.647936 0.5485174 -0.7021401 0.6956407 -0.1519316 -0.690815 0.4709662 0.5486032 -0.6908133 0.4709651 0.5486063 -0.7313383 0.4051742 0.5486149 -0.8153701 0.1850654 0.5485639 -0.8153812 0.1850674 0.5485466 -0.829828 0.1024978 0.5485252 -0.7055859 -0.448512 0.5486215 -0.7438081 -0.3817985 0.5486159 -0.7276707 -0.3735152 0.5753102 -0.6715461 -0.287696 -0.6828301 -0.6771798 -0.1784548 -0.7138498 -0.9323943 -0.2751183 0.2344161 -0.8019148 -0.2366182 0.5485841 -0.7760604 -0.3110955 0.5485891 -0.9135193 -0.3913617 0.1109892 -0.9135338 -0.3913277 0.1109896 -0.9234333 -0.3701722 0.1012116 -0.6715521 -0.2876988 -0.6828229 -0.6715424 -0.2877213 -0.682823 -0.8329361 -0.07324182 0.5485007 -0.9923653 -0.08726078 -0.08715862 -0.7556006 -0.07964229 -0.6501729 -0.7663235 0.1558272 -0.6232706 -0.8298259 0.1024976 0.5485283 -0.7966207 0.09839618 0.5964174 -0.7110835 0.03694814 -0.7021361 -0.7110806 0.03700488 -0.7021361 -0.7110949 0.0369488 -0.7021245 -0.9374626 0.01742941 0.3476495 -0.9911038 -0.1044641 -0.08246636 -0.9911029 -0.1044721 -0.08246648 -0.7556031 -0.07962447 -0.6501721 -0.7556014 -0.07964199 -0.6501721 -0.7956987 -0.152521 0.586175 -0.677178 -0.1784541 -0.7138516 -0.6771888 -0.178413 -0.7138517 -0.8826717 0.4646123 0.07089656 -0.6577309 0.3643942 -0.6592472 -0.7313432 0.4051766 0.5486065 -0.7655611 0.3360825 0.5486026 -0.793716 0.2628092 0.5485857 -0.7655604 0.3360822 0.5486037 -0.748759 0.3287063 0.5755971 -0.6647846 0.3499234 -0.6600114 -0.7131454 0.6981096 -0.06376993 -0.6353318 0.5438429 0.5482594 -0.5093356 0.4356984 0.7421214 -0.5751096 0.4172887 -0.7036471 -0.6983034 0.7012014 0.1438364 -0.6334391 0.7600759 0.1450504 -0.4729381 0.566084 0.6751876 -0.6962482 0.681566 0.2251807 -0.6962469 0.6815668 0.2251821 -0.6914974 0.6863269 0.2253588 -0.7131472 0.69811 -0.06374573 -0.713173 0.6980816 -0.06376928 -0.5751068 0.4172946 -0.7036458 -0.5751105 0.4172893 -0.7036458 -0.7981885 0.5441687 0.2584095 -0.8826714 0.4646152 0.07087922 -0.8826486 0.4646559 0.07089716 -0.716309 0.2556509 -0.6492643 -0.7163152 0.2556334 -0.6492643 -0.7241964 0.2397901 -0.6465604 -0.9277616 0.3311194 0.1721 -0.9560576 0.2169967 0.1971454 -0.7663158 0.1558259 -0.6232804 -0.7663027 0.1558893 -0.6232806 -0.2014771 -0.05944901 0.9776875 -0.324595 -0.1666154 0.9310625 -0.08293116 -0.03529083 0.9959302 -0.08369624 -0.03355097 0.9959264 -0.147731 -0.06286585 0.9870276 -0.1477307 -0.06286627 0.9870277 -0.2536764 0.004716694 0.9672776 -0.08257758 -0.02149266 0.9963529 -0.08257758 -0.02149271 0.9963529 -0.3635492 -0.06968665 0.9289649 -0.09436017 -0.00953716 0.9954924 -0.09450799 -0.008310377 0.9954894 -0.1322042 -0.01336222 0.9911324 -0.1322042 -0.0133624 0.9911324 -0.333379 0.1463541 0.9313641 -0.08222168 0.04332995 0.9956717 -0.08133578 0.0450614 0.9956676 -0.08673036 0.00492537 0.9962196 -0.08673036 0.00492537 0.9962197 -0.3805505 0.04700493 0.9235648 -0.09849202 0.02028113 0.9949312 -0.09811437 0.02226912 0.9949259 -0.1839936 0.03788739 0.982197 -0.1781228 0.05897867 0.9822392 -0.08717936 0.03117966 0.9957045 -0.08717936 0.03117972 0.9957045 -0.166059 0.2035883 0.9648711 -0.1660692 0.2036004 0.9648668 -0.2735843 0.226592 0.9347769 -0.06865239 0.06738215 0.9953625 -0.06789803 0.06817972 0.9953599 -0.09172099 0.09002399 0.9917071 -0.09172093 0.09002399 0.9917071 -0.1487212 0.0783745 0.9857684 -0.1487212 0.0783745 0.9857684 -0.1677278 0.1143491 0.9791791 -0.07018321 0.05097538 0.9962309 -0.07018321 0.05097538 0.9962309 -0.1021921 0.1662905 0.9807671 -0.2394654 0.3661379 0.8992215 -0.09083867 0.1291452 0.9874563 -0.09083873 0.1291452 0.9874563 0.04070079 -0.0845853 0.9955846 0.04070079 -0.0845853 0.9955846 0.140692 -0.3659899 0.9199224 0.02695208 -0.3506522 0.9361179 0.001333296 -0.08822429 0.9960998 0.001333355 -0.08822429 0.9960997 -0.003558337 -0.2160342 0.9763793 -0.01991516 -0.153191 0.9879959 -0.01690071 -0.1534202 0.9880165 0.0270732 -0.08727204 0.9958166 0.0270732 -0.08727204 0.9958165 0.06281697 -0.2291707 0.9713572 0.02221667 -0.1396214 0.9899557 0.02402782 -0.1392493 0.9899658 0.01555609 -0.0977652 0.9950879 0.01555609 -0.09776514 0.9950879 -0.2718836 -0.2555099 0.9277899 -0.2117257 -0.3793236 0.900714 -0.05054312 -0.07551926 0.9958625 -0.05255383 -0.07420927 0.995857 -0.1122096 -0.167659 0.9794383 -0.1181296 -0.1351596 0.9837567 -0.06576168 -0.07227694 0.9952142 -0.06576168 -0.07227694 0.9952143 -0.01171988 -0.09015113 0.9958592 -0.01171988 -0.09015113 0.9958592 -0.07655197 -0.3686603 0.9264067 -0.02458912 -0.08638793 0.9959581 -0.0267139 -0.08580905 0.9959534 -0.04949706 -0.1738954 0.9835194 -0.07563018 -0.1773395 0.9812393 -0.03594374 -0.07804059 0.996302 -0.03594374 -0.07804065 0.9963021 -0.06901222 -0.05695319 0.9959889 -0.06901228 -0.05695307 0.9959887 -0.1703852 -0.132061 0.9764881 -0.1330039 -0.08096927 0.9878026 -0.1312991 -0.08346158 0.9878233 -0.07854115 -0.04781359 0.9957636 -0.07854115 -0.04781365 0.9957637 -0.4634739 0.6097173 -0.6429905 -0.4634736 0.6097178 -0.6429904 -0.4634745 0.609717 -0.6429903 -0.5141255 0.8352493 0.1950221 -0.4279729 0.6540908 0.6237023 -0.5369574 0.8206179 0.195609 -0.45811 0.699503 0.5484804 -0.4556075 0.6960156 0.5549631 -0.3045761 0.4652901 0.8311068 -0.6475139 -0.3958814 -0.6511557 -0.6475149 -0.3958799 -0.6511557 -0.6443085 -0.40956 -0.6458538 -0.8501928 -0.519796 -0.08357226 -0.8501957 -0.5197913 -0.08357286 -0.107341 0.1643069 0.9805515 -0.301132 0.4596878 0.8354679 -0.3473235 0.4258177 0.8354912 -0.3473084 0.4258003 0.8355064 -0.3877111 0.3893195 0.8355301 -0.3877021 0.3893111 0.8355381 -0.4231322 0.3504527 0.835549 -0.4231292 0.3504503 0.8355515 -0.4539519 0.3094836 0.8355523 -0.4539486 0.3094815 0.8355549 -0.4805752 0.2662469 0.8355597 -0.4805693 0.2662438 0.8355641 -0.5030552 0.2208423 0.8355622 -0.5030637 0.2208456 0.8355562 -0.5215752 0.1727001 0.8355441 -0.5215783 0.172701 0.835542 -0.5358119 0.121614 0.8355331 -0.5358183 0.1216152 0.8355289 -0.5453233 0.06735736 0.8355151 -0.5453482 0.06735968 0.8354987 -0.5494367 0.01021587 0.8354729 -0.5494526 0.01021569 0.8354625 -0.5474185 -0.04813629 0.8354734 -0.547402 -0.04813432 0.8354843 -0.5396473 -0.1034418 0.8355122 -0.5396282 -0.1034376 0.835525 -0.5269677 -0.1554903 0.8355404 -0.526964 -0.155489 0.835543 -0.5099709 -0.2044299 0.8355467 -0.5099604 -0.2044253 0.8355541 -0.4887705 -0.2508871 0.8355591 -0.4887806 -0.2508926 0.8355516 -0.4636595 -0.2947297 0.8355562 -0.4636506 -0.2947236 0.8355634 -0.4342429 -0.3365701 0.8355559 -0.4342463 -0.3365728 0.8355531 -0.4003763 -0.3762643 0.8355381 -0.4003899 -0.3762779 0.8355255 -0.3615925 -0.4137209 0.8355154 -0.3615939 -0.4137226 0.8355139 -0.3175767 -0.4484376 0.8354932 -0.3175937 -0.4484632 0.835473 -0.2678508 -0.4798763 0.8354488 -0.2678461 -0.4798672 0.8354555 -0.2155668 -0.5054661 0.8354849 -0.2155583 -0.5054448 0.8355 -0.163325 -0.5246242 0.8355203 -0.1633237 -0.5246196 0.8355236 -0.1117083 -0.5379666 0.8355317 -0.1117067 -0.537958 0.8355374 -0.06016069 -0.5461214 0.8355431 -0.06016045 -0.5461181 0.8355451 -0.009048163 -0.5493333 0.8355544 -0.009048223 -0.5493287 0.8355574 0.04210466 -0.5477905 0.8355553 0.04210472 -0.547791 0.8355551 0.09342426 -0.5414249 0.8355423 0.09342777 -0.5414423 0.8355306 0.145251 -0.5299091 0.8355229 0.1452541 -0.529919 0.835516 0.1971639 -0.5128933 0.8355041 0.1971676 -0.5129021 0.8354977 0.2494925 -0.489624 0.835477 0.2526481 -0.4953976 0.8311138 -0.9799346 0.1992638 0.004687786 -0.7146192 0.6994971 0.004823863 -0.8847705 0.4660001 0.005013704 -0.7145977 0.6995307 0.002669394 -0.5473701 0.8366508 0.02003645 -0.8257024 0.5638865 0.01573425 0.1562142 -0.9877206 0.002297341 -0.1294752 -0.9915808 0.001963973 -0.8531751 -0.5216206 0.002059459 -0.6171074 -0.7862916 0.03039896 -0.3518516 -0.9355437 0.03095746 -0.2231968 -0.974197 0.03351765 0.1107024 -0.9931984 0.03608149 0.4925218 -0.8696653 0.03323608 0.4465582 -0.8939353 0.03828048 0.4465584 -0.8939352 0.03828048 0.2862613 -0.957459 0.03642374 0.3683405 -0.9288202 0.04022943 0.3596364 -0.9322452 0.03975552 0.368381 -0.92891 0.03770649 0.368378 -0.9289112 0.03770649 0.2862623 -0.9574588 0.03642374 0.2651036 -0.963365 0.04059427 0.286198 -0.9572336 0.04236143 0.110701 -0.9931986 0.03608149 0.1556312 -0.9870328 0.03930985 0.1711024 -0.984397 0.04106563 0.2038954 -0.9783406 0.0357263 0.2038947 -0.9783407 0.0357263 0.1107007 -0.9931986 0.03608173 0.07764285 -0.9961351 0.04106605 0.0366193 -0.9986799 0.03602081 -0.04012763 -0.9985386 0.0362026 -0.04012632 -0.9985385 0.0362026 -0.01552224 -0.9990504 0.04070991 0.03661823 -0.9986799 0.03602105 0.03662103 -0.9986799 0.03602081 -0.223197 -0.9741969 0.03351765 -0.2231964 -0.9741971 0.03351765 -0.2023862 -0.9785345 0.03885942 -0.1216834 -0.9918755 0.0370984 -0.1087646 -0.9933759 0.03707462 -0.1216613 -0.9917399 0.04062575 -0.1216702 -0.9917389 0.04062622 -0.2966665 -0.954481 0.030905 -0.3516388 -0.9349699 0.04670459 -0.3516384 -0.9349702 0.04670453 -0.3518537 -0.935543 0.03095757 -0.3911943 -0.9194285 0.04022723 -0.4888353 -0.8717007 0.03432154 -0.4888468 -0.8717316 0.03335845 -0.4888477 -0.8717312 0.03335845 -0.4857171 -0.8734649 0.03373157 -0.4888316 -0.8717027 0.03432178 -0.4888274 -0.8717051 0.03432178 -0.5757349 -0.8170716 0.03038549 -0.6167948 -0.785877 0.04428797 -0.6167961 -0.785876 0.04428809 -0.6171157 -0.7862849 0.03039908 -0.6557782 -0.7538644 0.04053968 -0.6919845 -0.7209607 0.0370565 -0.6919825 -0.7209627 0.0370565 -0.726499 -0.6859829 0.04033118 -0.7342795 -0.6777825 0.03800702 -0.8315608 -0.5542072 0.03689086 -0.7852846 -0.6178914 0.03922045 -0.7884486 -0.6138584 0.03907501 -0.7849365 -0.6184298 0.03767484 -0.7342786 -0.6777834 0.03800708 -0.8315628 -0.5542044 0.03689086 -0.842185 -0.5376604 0.04056638 -0.8722427 -0.4877789 0.03555792 -0.9097672 -0.4136199 0.03524726 -0.9097683 -0.4136173 0.03524726 -0.8883197 -0.4573976 0.04093313 -0.8722436 -0.4877774 0.03555786 -0.8722451 -0.4877747 0.03555786 -0.9097684 -0.4136171 0.03524732 -0.9270381 -0.3727156 0.0410307 -0.940885 -0.3368554 0.03554892 -0.9582067 -0.2831557 0.04077547 -0.9408851 -0.3368553 0.03554892 -0.9408848 -0.3368561 0.03554892 -0.9807913 -0.1911165 0.03902351 -0.9813148 -0.188272 0.03968524 -0.9807911 -0.1911179 0.03902345 -0.964175 -0.2626821 0.03694117 -0.9641741 -0.2626852 0.03694117 -0.9925526 -0.1162111 0.03652876 -0.9925523 -0.1162128 0.03652858 -0.9925525 -0.116212 0.03652864 -0.9988763 -0.03165769 0.03526657 -0.9978032 0.05562001 0.03599065 -0.9978032 0.05561929 0.03599065 -0.9989809 0.01774096 0.0415017 -0.9988764 -0.03165709 0.03526645 -0.9988765 -0.03165578 0.03526657 -0.9757863 0.2153406 0.03833383 -0.9550696 0.2941381 0.03640145 -0.9550701 0.2941362 0.03640145 -0.9757862 0.2153408 0.03833389 -0.9898988 0.1367451 0.03743058 -0.991836 0.1219083 0.03741168 -0.9897395 0.1367318 0.04147422 -0.9897394 0.1367321 0.04147422 -0.9548538 0.2941001 0.04194474 -0.9274835 0.3721535 0.03572213 -0.8930482 0.4485847 0.03516471 -0.8930478 0.4485856 0.03516471 -0.8930549 0.4485715 0.03516632 -0.8523201 0.521822 0.03538614 -0.85232 0.5218223 0.03538614 -0.7587245 0.6503366 0.03740817 -0.7587228 0.6503387 0.03740805 -0.7687021 0.6383259 0.04046338 -0.806788 0.5897613 0.03570383 -0.8067864 0.5897634 0.03570383 -0.6544345 0.7551878 0.0375086 -0.6544364 0.7551862 0.0375086 -0.7039859 0.7091547 0.03877437 -0.7048554 0.7083072 0.03846669 -0.7587208 0.650341 0.03740817 -0.6055641 0.7949523 0.03664773 -0.559848 0.8283537 0.02001124 -0.5288953 0.8475651 0.04362595 -0.5389646 0.8413578 0.04042363 -0.6055579 0.7949571 0.03664773 -0.8428769 -0.5381026 0.002061069 -0.8531697 -0.5216095 0.005002439 -0.8531668 -0.5216143 0.005001664 -0.6717202 -0.7407901 0.004689455 -0.7270905 -0.6865416 -3.97908e-4 -0.7704079 -0.6375305 0.005162119 -0.7890406 -0.6143194 0.005158543 -0.7704191 -0.6375374 6.64678e-4 -0.7704181 -0.6375388 6.64423e-4 -0.5540977 -0.8324508 0.001171886 -0.5759932 -0.8174383 0.005144476 -0.5540848 -0.8324443 0.005147516 -0.3915107 -0.9201726 0.001322329 -0.4166479 -0.909052 0.005397617 -0.4859867 -0.8739498 0.005384266 -0.4166117 -0.9090633 -0.006224632 -0.4166466 -0.9090473 -0.006218969 -0.5540921 -0.8324546 0.001170933 -0.6717307 -0.7407938 0.001594007 -0.6563168 -0.7544836 0.001670122 -0.6717199 -0.7407904 0.004689395 -0.6717256 -0.7407853 0.004689395 -0.1088395 -0.9940574 0.001965403 -0.1294337 -0.991575 0.00509274 -0.1294704 -0.9915702 0.005098283 0.1712465 -0.9852256 0.002298593 0.1561887 -0.9877165 0.00459659 0.1562114 -0.987713 0.004593133 0.4334326 -0.9011725 0.004928529 0.43343 -0.9011738 0.004928529 0.3599206 -0.9329829 -4.91066e-4 0.2955729 -0.9553066 0.005103826 0.2653191 -0.9641472 0.005100131 0.2955263 -0.9553345 3.75888e-4 0.2955766 -0.9553189 3.68074e-4 0.1561996 -0.9877148 0.004593133 0.1562105 -0.9877132 0.004593193 0.07770836 -0.9969761 -3.20126e-4 0.0143997 -0.9998823 0.005299925 -0.01553434 -0.9998654 0.005296766 0.01439565 -0.9998961 7.81805e-4 0.01440095 -0.9998961 7.81007e-4 -0.1295416 -0.9915609 0.005098283 -0.1294694 -0.9915703 0.005098402 -0.2025395 -0.979274 -4.12425e-4 -0.273494 -0.9618599 0.005146861 -0.2968047 -0.9549244 0.005144834 -0.2734335 -0.9618898 0.001485764 -0.2734967 -0.9618719 0.00149554 -0.5473702 0.8366509 0.02003061 -0.5598889 0.8284166 0.01582407 -0.6305611 0.7759788 0.01579731 -0.9156144 0.4017499 0.01572698 -0.9149613 0.4014633 0.04090183 -0.9274829 0.3721551 0.03572213 -0.7692367 0.6387699 0.01575082 -0.7692367 0.6387699 0.01575082 -0.7044281 0.7096001 0.01577329 -0.999718 0.01775401 0.01577252 -0.999718 0.01775372 0.0157724 -0.9924076 0.1219785 0.01576447 -0.9924075 0.1219784 0.01576447 0.3598759 -0.932866 0.01581448 0.3598756 -0.9328662 0.0158146 0.2652892 -0.9640394 0.01580077 0.2652894 -0.9640394 0.01580071 0.1712256 -0.9851054 0.015787 0.1712256 -0.9851053 0.015787 0.0776987 -0.996852 0.0157777 0.07769864 -0.996852 0.0157777 -0.0155332 -0.9997549 0.01577526 -0.01553261 -0.999755 0.01577508 -0.1088259 -0.9939356 0.01577997 -0.1088262 -0.9939355 0.01578003 -0.2025138 -0.979152 0.01579117 -0.2025142 -0.979152 0.01579129 -0.2967712 -0.9548178 0.0158056 -0.2967715 -0.9548177 0.01580572 -0.3914622 -0.9200583 0.01581817 -0.3914621 -0.9200583 0.01581817 -0.4859328 -0.8738529 0.01582169 -0.4859328 -0.873853 0.01582169 -0.5759289 -0.8173469 0.0158109 -0.5759288 -0.8173469 0.0158109 -0.6562359 -0.7543906 0.01578956 -0.6562358 -0.7543906 0.0157895 -0.7270002 -0.6864562 0.01576542 -0.7270002 -0.6864562 0.01576542 -0.7889534 -0.6142514 0.01574456 -0.7889533 -0.6142514 0.01574456 -0.8427746 -0.5380368 0.01573061 -0.8427743 -0.5380371 0.0157305 -0.8889549 -0.4577246 0.01572537 -0.8889551 -0.4577245 0.01572543 -0.9277046 -0.3729836 0.01572918 -0.9277048 -0.3729833 0.0157293 -0.9588856 -0.2833563 0.01574033 -0.9588854 -0.2833566 0.01574021 -0.9819666 -0.188397 0.01575511 -0.9819666 -0.1883969 0.01575511 -0.7145923 0.6995245 0.004823863 -0.704513 0.709686 0.002715051 -0.7044279 0.7096003 0.01577335 -0.6305612 0.7759787 0.01579731 -0.6301006 0.7754119 0.04134809 -0.6055592 0.794956 0.03664767 -0.7145987 0.6995295 0.002669394 -0.6051574 0.7961059 -2.19117e-5 -0.6306328 0.7760668 0.004760622 -0.605149 0.7960975 0.004840493 -0.5468847 0.8371941 0.004831254 -0.6051463 0.7960925 -0.005897998 -0.5241901 0.8516002 0.001351952 -0.8847886 0.4657312 -0.01560729 -0.8258035 0.5639555 0.001701891 -0.884874 0.4658275 0.001701354 -0.9418027 0.3361298 0.004944801 -0.9418108 0.336107 0.004944801 -0.8848835 0.4657772 -0.005729079 -0.9157162 0.4017946 0.00498414 -0.9156144 0.4017499 0.01572704 -0.8743907 0.4849677 0.01572614 -0.8737639 0.48462 0.04099088 -0.8523198 0.5218225 0.03538608 -0.8848872 0.4657785 0.005013704 -0.8744975 0.4850268 0.001730859 -0.8743907 0.4849675 0.01572614 -0.8257023 0.5638867 0.01573431 -0.8251135 0.5634846 0.04090142 -0.8067871 0.5897625 0.03570389 -0.8093752 0.5872673 0.005363583 -0.8093699 0.5872747 0.005363583 -0.769321 0.63884 0.005354821 -0.8093786 0.5872699 -0.004491329 -0.7145916 0.6995252 0.004823923 -0.9799445 0.1992661 0.001386225 -0.9745798 0.2205201 0.03956073 -0.9752224 0.2206655 0.01574999 -0.9752224 0.2206653 0.01574993 -0.9753327 0.2206903 0.004685521 -0.9799279 0.1993472 0.001398622 -0.9944874 -0.1048289 0.002380311 -0.9944883 -0.1048209 0.002380311 -0.9998421 0.01775592 7.37704e-4 -0.9986382 0.05188971 0.005401909 -0.9925165 0.1219918 0.005389869 -0.9986354 0.05196934 -0.005154073 -0.9986395 0.05188971 -0.005165874 -0.9944815 -0.1047962 0.004942417 -0.994479 -0.1048201 0.004942417 -0.9192116 -0.3937599 0.001753509 -0.919197 -0.3937941 0.001753568 -0.9590036 -0.2833915 0.001147031 -0.9669723 -0.2548227 0.005467236 -0.9820739 -0.1884175 0.005457282 -0.9669913 -0.2547648 -0.004768669 -0.9669759 -0.2548234 -0.004777729 -0.9952867 -0.08776444 0.04125267 -0.9960108 -0.08782827 0.01576828 -0.9960108 -0.08782798 0.01576834 -0.9961225 -0.08783781 0.004941105 -0.9944882 -0.1048217 0.002380311 -0.9487335 0.3135979 0.03951263 -0.9493573 0.3138041 0.01573586 -0.9493573 0.3138042 0.01573586 -0.9494739 0.3138427 0.001386523 -0.9418023 0.3361307 0.004944801 0.4384054 -0.8980454 0.03626441 0.4384543 -0.8981415 0.03316068 0.4613833 -0.88706 0.01581567 0.4414826 -0.8972548 0.005187511 0.4414832 -0.897256 0.004927992 0.4430421 -0.8964858 0.005188226 0.4334343 -0.9011852 0 -0.8531677 -0.5216127 0.005001604 -0.8531665 -0.5216147 0.005001664 -0.889065 -0.457781 -3.66861e-4 -0.919187 -0.3937876 0.005154252 -0.9278072 -0.3730244 0.005152285 -0.9191845 -0.3938233 0.001748502 -0.9191977 -0.3937924 0.001753509 -0.0922681 -0.9957342 0 -0.2736632 -0.9618256 0 -0.2736632 -0.9618256 0 -0.445738 -0.8951634 0 -0.445738 -0.8951634 0 -0.6026349 -0.7980172 0 -0.6026349 -0.7980172 0 -0.7390089 -0.6736958 0 -0.7390089 -0.6736958 0 -0.8502172 -0.526432 0 -0.8502172 -0.526432 0 -0.9324722 -0.3612418 0 -0.9324722 -0.3612418 0 -0.9829731 -0.1837493 0 -0.9829731 -0.1837493 0 -1 0 0 -1 0 0 -0.9829731 0.1837493 0 -0.9829731 0.1837493 0 -0.9324722 0.3612418 0 -0.9324722 0.3612418 0 -0.8502172 0.526432 0 -0.8502172 0.526432 0 -0.7390089 0.6736957 0 -0.7390089 0.6736957 0 -0.6026346 0.7980173 0 -0.6026346 0.7980173 0 -0.4457384 0.8951632 0 -0.4457384 0.8951632 0 -0.2736629 0.9618257 0 -0.2736629 0.9618257 0 -0.09226852 0.9957342 0 -0.09226852 0.9957342 0 0.09226852 0.9957341 0 0.09226852 0.9957341 0 0.2736628 0.9618256 0 0.2736628 0.9618256 0 0.4457384 0.8951632 0 0.4457384 0.8951632 0 0.6026346 0.7980172 0 0.6026346 0.7980172 0 0.7390089 0.6736957 0 0.7390089 0.6736957 0 0.8502172 0.526432 0 0.8502172 0.526432 0 0.9324722 0.3612418 0 0.9324722 0.3612418 0 0.982973 0.1837497 0 0.982973 0.1837497 0 1 0 0 1 0 0 0.982973 -0.1837497 0 0.982973 -0.1837497 0 0.9324722 -0.3612418 0 0.9324722 -0.3612418 0 0.8502172 -0.526432 0 0.8502172 -0.526432 0 0.7390089 -0.6736958 0 0.7390089 -0.6736958 0 0.6026349 -0.798017 0 0.6026349 -0.798017 0 0.445738 -0.8951634 0 0.445738 -0.8951634 0 0.2736632 -0.9618256 0 0.2736632 -0.9618256 0 0.0922681 -0.9957342 0 0.0922681 -0.9957342 0 -0.0922681 -0.9957342 0 -0.06538373 0.7056014 -0.705586 -0.1939242 0.6815726 -0.7055864 -0.1939232 0.6815697 -0.7055895 -0.3158594 0.6343315 -0.7055894 -0.3158607 0.6343337 -0.7055868 -0.4270406 0.5654933 -0.7055875 -0.4270403 0.565493 -0.7055879 -0.5236784 0.477396 -0.7055878 -0.5236781 0.4773957 -0.7055882 -0.6024826 0.3730415 -0.7055883 -0.6024835 0.3730419 -0.7055873 -0.6607714 0.255984 -0.7055873 -0.6607686 0.2559832 -0.7055901 -0.6965545 0.1302086 -0.7055902 -0.6965575 0.1302089 -0.7055873 -0.7086231 0 -0.7055873 -0.708623 0 -0.7055873 -0.6965574 -0.1302092 -0.7055872 -0.6965546 -0.1302084 -0.7055902 -0.6607688 -0.2559831 -0.7055901 -0.6607713 -0.2559842 -0.7055873 -0.6024835 -0.3730419 -0.7055872 -0.6024817 -0.3730407 -0.7055894 -0.5236769 -0.4773948 -0.7055897 -0.5236759 -0.4773938 -0.705591 -0.427039 -0.5654907 -0.7055906 -0.4270395 -0.5654914 -0.7055897 -0.3158594 -0.6343311 -0.7055898 -0.3158611 -0.6343351 -0.7055854 -0.1939243 -0.6815738 -0.7055853 -0.1939231 -0.6815685 -0.7055908 -0.06538307 -0.7055971 -0.7055904 -0.06538313 -0.7055979 -0.7055895 0.06538319 -0.7055983 -0.7055892 0.06538301 -0.7055973 -0.7055902 0.1939229 -0.6815691 -0.7055901 0.1939246 -0.6815738 -0.7055853 0.3158614 -0.634335 -0.7055854 0.3158591 -0.6343312 -0.7055897 0.4270395 -0.5654914 -0.7055897 0.4270406 -0.5654928 -0.7055879 0.5236783 -0.4773961 -0.7055878 0.5236793 -0.477397 -0.7055864 0.6024848 -0.3730428 -0.7055857 0.6024867 -0.3730438 -0.7055836 0.6607751 -0.2559856 -0.7055833 0.6607725 -0.2559847 -0.705586 0.6965588 -0.1302091 -0.7055859 0.6965532 -0.1302084 -0.7055916 0.7086187 -3.04363e-7 -0.7055917 0.708623 0 -0.7055873 0.6965574 0.1302092 -0.7055872 0.6965588 0.1302095 -0.7055859 0.6607725 0.2559848 -0.705586 0.6607713 0.2559842 -0.7055873 0.6024836 0.3730418 -0.7055873 0.6024858 0.3730434 -0.7055845 0.5236804 0.477398 -0.7055849 0.5236784 0.477396 -0.7055878 0.4270405 0.5654928 -0.7055879 0.4270415 0.5654942 -0.7055861 0.3158609 0.6343347 -0.7055858 0.3158596 0.6343314 -0.7055894 0.1939234 0.6815696 -0.7055895 0.1939241 0.6815732 -0.7055859 0.06538349 0.7056016 -0.7055858 0.06538343 0.7055983 -0.7055892 -0.06538319 0.705598 -0.7055895 0 0 -1 0 0 -1 0 0 -1 0 0 -1 0 0 -1 0 0 -1 0 0 -1 0 0 -1 0 0 -1 0 0 -1 0 0 -1 0 0 -1 0 0 -1 0 0 -1 0 0 -1 0 0 -1 0 0 -1 0 0 -1 0 0 -1 0 0 -1 0 0 -1 0 0 -1 0 0 -1 0 0 -1 0 0 -1 0 0 -1 0 0 -1 0 0 -1 0 0 -1 0 0 -1 0 0 -1 0 0 -1 0 0 -1 0 0 -1 0 0 -1 0 0 -1 0 0 -1 0 0 -1 0 0 -1 0 0 -1 0 0 -1 0 0 -1 0 0 -1 0 0 -1 0 0 -1 0 0 -1 0 0 -1 0 0 -1 0 0 -1 0 0 -1 0 0 -1 0 0 -1 0 0 -1 0 0 -1 0 0 -1 0 0 -1 0 0 -1 0 0 -1 0 0 -1 0 0 -1 0 0 -1 0 0 -1 0 0 -1 0 0 -1 0 0 -1 0 0 -1 0 0 -1 0 0 -1 0 0 -1 -0.1884956 -0.682999 0.7056782 -0.1884956 -0.6829982 0.7056789 -0.3074182 -0.6383661 0.7056791 -0.3074206 -0.6383657 0.7056783 -0.3074204 -0.6383643 0.7056797 -0.4164624 -0.5732149 0.7056796 -0.4164649 -0.5732144 0.7056787 -0.416465 -0.5732147 0.7056783 -0.5121231 -0.4896407 0.7056783 -0.5121235 -0.4896405 0.7056782 -0.5121229 -0.4896395 0.7056794 -0.591321 -0.3903281 0.7056794 -0.5913215 -0.3903279 0.7056791 -0.5913211 -0.3903274 0.7056797 -0.6515137 -0.2784708 0.7056798 -0.6515142 -0.2784705 0.7056794 -0.6515142 -0.2784705 0.7056794 -0.6907669 -0.1576632 0.7056794 -0.6907674 -0.1576628 0.705679 -0.6907679 -0.1576631 0.7056784 -0.7078188 -0.03178822 0.7056784 -0.7078188 -0.03178822 0.7056785 -0.7078189 -0.03178828 0.7056782 -0.70212 0.09510892 0.7056782 -0.7021197 0.0951085 0.7056787 -0.7021201 0.09510838 0.7056782 -0.6738545 0.2189483 0.7056782 -0.6738548 0.2189487 0.7056779 -0.6738539 0.2189487 0.7056787 -0.6239302 0.3357508 0.7056787 -0.6239305 0.3357514 0.7056783 -0.6239306 0.3357514 0.7056782 -0.5539531 0.4417626 0.7056782 -0.5539533 0.4417629 0.7056779 -0.5539531 0.4417629 0.7056781 -0.4661709 0.533576 0.7056779 -0.4661707 0.5335753 0.7056787 -0.4661706 0.5335752 0.7056787 -0.363406 0.6082382 0.7056787 -0.363406 0.6082392 0.7056779 -0.3634052 0.6082387 0.7056787 -0.2489606 0.6633524 0.7056786 -0.2489606 0.6633526 0.7056784 -0.2489603 0.6633523 0.7056787 -0.1265134 0.6971455 0.7056787 -0.1265132 0.6971463 0.705678 -0.1265136 0.6971468 0.7056774 0 0.7085334 0.7056774 0 0.7085333 0.7056774 0 0.7085334 0.7056774 0.1265133 0.6971469 0.7056774 0.1265134 0.6971457 0.7056787 0.1265134 0.6971455 0.7056787 0.2489604 0.6633523 0.7056787 0.2489605 0.663353 0.7056781 0.2489606 0.6633524 0.7056787 0.3634055 0.6082385 0.7056787 0.363406 0.60824 0.7056772 0.363406 0.6082382 0.7056787 0.4661707 0.5335752 0.7056787 0.4661707 0.5335754 0.7056785 0.4661709 0.533576 0.7056779 0.5539532 0.4417628 0.7056781 0.5539533 0.441763 0.7056778 0.5539531 0.4417626 0.7056782 0.6239305 0.3357514 0.7056783 0.6239306 0.3357514 0.7056782 0.6239302 0.3357508 0.7056787 0.6738539 0.2189484 0.7056787 0.6738551 0.2189491 0.7056775 0.6738545 0.2189483 0.7056782 0.7021201 0.09510856 0.7056782 0.7021195 0.09510833 0.7056789 0.70212 0.09510892 0.7056782 0.707819 -0.03178822 0.7056782 0.7078188 -0.03178828 0.7056785 0.7078189 -0.03178822 0.7056784 0.690768 -0.1576629 0.7056784 0.6907672 -0.1576629 0.7056792 0.6907669 -0.1576632 0.7056794 0.6515142 -0.2784705 0.7056794 0.6515142 -0.2784705 0.7056794 0.6515136 -0.2784708 0.7056798 0.591321 -0.3903276 0.7056798 0.5913217 -0.3903279 0.705679 0.591321 -0.3903281 0.7056794 0.5121227 -0.4896397 0.7056794 0.5121239 -0.4896404 0.7056779 0.5121231 -0.4896407 0.7056783 0.4164651 -0.5732146 0.7056784 0.4164647 -0.5732143 0.7056788 0.4164624 -0.5732149 0.7056796 0.3074204 -0.6383643 0.7056797 0.3074206 -0.6383657 0.7056783 0.3074182 -0.6383661 0.7056791 0.1884956 -0.6829982 0.7056789 0.1884956 -0.682999 0.7056782 0.1884894 -0.6829996 0.7056792 0.06351238 -0.7056793 0.705679 0.06351232 -0.7056792 0.7056792 -0.06351238 -0.7056791 0.7056791 -0.06351232 -0.7056794 0.705679 -0.1884894 -0.6829996 0.7056792 -0.09226822 0.9957342 0 -0.2736628 0.9618257 0 -0.2736631 0.9618256 3.58308e-7 -0.4457386 0.8951632 3.33475e-7 -0.4457382 0.8951634 0 -0.6026347 0.7980172 0 -0.6026346 0.7980173 -2.24499e-7 -0.7390087 0.6736959 -2.75302e-7 -0.739009 0.6736957 0 -0.8502172 0.5264322 0 -0.8502172 0.5264322 0 -0.9324723 0.3612416 0 -0.9324723 0.3612415 0 -0.9829731 0.1837496 0 -0.9829731 0.1837496 0 -1 0 0 -1 0 0 -0.9829731 -0.1837496 0 -0.982973 -0.1837496 0 -0.9324723 -0.3612416 0 -0.9324723 -0.3612416 0 -0.8502172 -0.5264322 0 -0.8502172 -0.5264322 0 -0.7390087 -0.6736959 0 -0.7390087 -0.6736959 0 -0.6026347 -0.7980172 0 -0.6026349 -0.798017 0 -0.4457386 -0.8951632 0 -0.4457384 -0.8951632 0 -0.2736628 -0.9618257 0 -0.2736628 -0.9618257 0 -0.09226822 -0.9957342 0 -0.09226822 -0.9957342 0 0.09226822 -0.9957342 0 0.09226822 -0.9957342 0 0.2736628 -0.9618257 0 0.2736628 -0.9618257 0 0.4457386 -0.8951632 0 0.4457384 -0.8951632 0 0.6026347 -0.7980172 0 0.6026347 -0.7980172 0 0.7390087 -0.6736959 0 0.7390087 -0.6736959 0 0.8502172 -0.5264322 0 0.8502172 -0.5264322 0 0.9324723 -0.3612416 0 0.9324723 -0.3612416 0 0.9829731 -0.1837496 0 0.9829732 -0.1837491 3.5763e-7 1 0 3.72529e-7 1 -4.29516e-7 0 0.9829731 0.1837496 0 0.982973 0.1837496 0 0.9324723 0.3612416 0 0.9324721 0.3612419 3.47373e-7 0.8502172 0.5264322 3.16731e-7 0.8502173 0.5264319 0 0.7390087 0.6736959 0 0.7390087 0.6736959 0 0.6026347 0.7980172 0 0.6026347 0.7980172 0 0.4457386 0.8951632 0 0.4457381 0.8951634 4.165e-7 0.2736628 0.9618257 4.09282e-7 0.2736632 0.9618256 0 0.09226822 0.9957342 0 0.09226822 0.9957342 0 -0.09226822 0.9957342 0 0.09226799 -0.9957329 0.00160557 0.2660281 -0.963964 -0.001558721 0.2660366 -0.9639617 -0.001558721 0.2736617 -0.9618209 0.003117322 0.4338787 -0.9009662 -0.003023087 0.4338821 -0.9009646 -0.003023087 0.4457339 -0.8951541 0.004534602 0.5877773 -0.8090109 -0.00439316 0.5877797 -0.8090091 -0.00439316 0.6026243 -0.7980035 0.005857646 0.7227826 -0.6910521 -0.005668938 0.7227834 -0.6910515 -0.005668938 0.7389902 -0.673679 0.007086098 0.8345533 -0.5508846 -0.0068506 0.8345538 -0.5508838 -0.0068506 0.8501886 -0.5264142 0.008220314 0.9194985 -0.3930133 -0.007937431 0.9194989 -0.3930127 -0.007937431 0.9324322 -0.3612263 0.009260058 0.974889 -0.2225123 -0.008930027 0.9748891 -0.2225119 -0.008930027 0.982922 -0.1837399 0.01020532 0.9989449 -0.04486274 -0.009828209 0.9989448 -0.0448628 -0.009828209 0.9999389 0 0.01105624 0.9908937 0.1342262 -0.01063179 0.9908938 0.1342254 -0.01063179 0.9829045 0.1837367 0.01181262 0.9509955 0.3089967 -0.01134067 0.9509952 0.3089975 -0.01134067 0.9323996 0.3612137 0.01247441 0.8805328 0.4738343 -0.0119552 0.8805326 0.4738348 -0.0119552 0.8501451 0.5263872 0.01304167 0.7817708 0.6234411 -0.01247537 0.7817706 0.6234413 -0.01247537 0.7389411 0.6736344 0.01351451 0.6578836 0.7530092 -0.01290076 0.657884 0.7530089 -0.01290076 0.6025765 0.7979402 0.01389265 0.5128549 0.8583734 -0.01323163 0.5128539 0.8583739 -0.01323163 0.4456937 0.8950733 0.01417618 0.3513433 0.9361498 -0.01346826 0.351343 0.93615 -0.01346826 0.2736349 0.9617263 0.01436531 0.1785405 0.9838384 -0.01361012 0.1785404 0.9838384 -0.01361012 0.09225845 0.99563 0.01446002 0 0.9999068 -0.01365721 0 0.9999068 -0.01365721 -0.09225845 0.99563 0.01446002 -0.1785404 0.9838384 -0.01361012 -0.1785405 0.9838384 -0.01361012 -0.2736349 0.9617263 0.01436531 -0.351343 0.93615 -0.01346826 -0.3513433 0.9361498 -0.01346826 -0.4456937 0.8950733 0.01417618 -0.5128539 0.8583739 -0.01323163 -0.5128549 0.8583734 -0.01323163 -0.6025765 0.7979402 0.01389265 -0.657884 0.7530089 -0.01290076 -0.6578836 0.7530092 -0.01290076 -0.7389411 0.6736344 0.01351451 -0.7817706 0.6234413 -0.01247537 -0.7817708 0.6234411 -0.01247537 -0.8501451 0.5263872 0.01304167 -0.8805326 0.4738348 -0.0119552 -0.8805328 0.4738343 -0.0119552 -0.9323996 0.3612137 0.01247441 -0.9509952 0.3089975 -0.01134067 -0.9509955 0.3089967 -0.01134067 -0.9829045 0.1837367 0.01181262 -0.9908938 0.1342254 -0.01063179 -0.9908937 0.1342262 -0.01063179 -0.9999389 0 0.01105624 -0.9989448 -0.0448628 -0.009828209 -0.9989449 -0.04486274 -0.009828209 -0.982922 -0.1837399 0.01020532 -0.9748891 -0.2225119 -0.008930027 -0.974889 -0.2225123 -0.008930027 -0.9324322 -0.3612263 0.009260058 -0.9194989 -0.3930127 -0.007937431 -0.9194985 -0.3930133 -0.007937431 -0.8501886 -0.5264142 0.008220314 -0.8345538 -0.5508838 -0.0068506 -0.8345533 -0.5508846 -0.0068506 -0.7389902 -0.673679 0.007086098 -0.7227834 -0.6910515 -0.005668938 -0.7227826 -0.6910521 -0.005668938 -0.6026243 -0.7980035 0.005857646 -0.5877797 -0.8090091 -0.00439316 -0.5877773 -0.8090109 -0.00439316 -0.4457339 -0.8951541 0.004534602 -0.4338821 -0.9009646 -0.003023087 -0.4338787 -0.9009662 -0.003023087 -0.2736617 -0.9618209 0.003117322 -0.2660366 -0.9639617 -0.001558721 -0.2660281 -0.963964 -0.001558721 -0.09226793 -0.9957329 0.00160557 -0.08963942 -0.9959743 0 0.08963942 -0.9959743 0 0 0 1 0 0 1 0 0 1 0 0 1 0 0 1 0 0 1 0 0 1 0 0 1 0 0 1 0 0 1 0 0 1 0 0 1 0 0 1 0 0 1 0 0 1 0 0 1 0 0 1 0 0 1 0 0 1 0 0 1 0 0 1 0 0 1 0 0 1 0 0 1 0 0 1 0 0 1 0 0 1 0 0 1 0 0 1 0 0 1 0 0 1 0 0 1 0 0 1 0 0 1 0 0 1 0 0 1 0 0 1 0 0 1 0 0 1 0 0 1 0 0 1 0 0 1 0 0 1 0 0 1 0 0 1 0 0 1 0 0 1 0 0 1 0 0 1 0 0 1 0 0 1 0 0 1 0 0 1 0 0 1 0 0 1 0 0 1 0 0 1 0 0 1 0 0 1 0 0 1 0 0 1 0 0 1 0 0 1 0 0 1 0 0 1 0 0 1 0 0 1 0 0 1 -0.3734955 0.3734937 -0.8491193 -0.5102033 0.1367083 -0.8491193 0.3734959 0.373494 -0.849119 0.1367066 0.510204 -0.849119 -0.1367061 0.5102041 -0.8491191 0.3734959 -0.373494 -0.849119 0.5102039 -0.1367084 -0.8491188 0.5102039 0.1367084 -0.8491188 -0.3734955 -0.3734937 -0.8491193 -0.1367061 -0.5102041 -0.8491191 0.1367066 -0.510204 -0.849119 -0.5102033 -0.1367083 -0.8491193 -0.3734954 0.3734934 -0.8491195 -0.5102024 0.1367097 -0.8491195 0.3734962 0.3734942 -0.8491188 0.1367087 0.5102034 -0.8491191 -0.1367078 0.5102035 -0.8491191 0.3734961 -0.3734942 -0.8491188 0.5102038 -0.1367101 -0.8491186 0.5102038 0.1367101 -0.8491186 -0.3734954 -0.3734934 -0.8491194 -0.1367078 -0.5102035 -0.8491191 0.1367087 -0.5102034 -0.8491191 -0.5102025 -0.1367097 -0.8491194 -0.3734955 0.3734937 -0.8491193 -0.5102033 0.1367083 -0.8491193 0.3734959 0.373494 -0.849119 0.1367066 0.510204 -0.849119 -0.1367061 0.5102041 -0.8491191 0.3734959 -0.373494 -0.849119 0.5102039 -0.1367084 -0.8491188 0.5102039 0.1367084 -0.8491188 -0.3734955 -0.3734937 -0.8491193 -0.1367061 -0.5102041 -0.8491191 0.1367066 -0.510204 -0.849119 -0.5102033 -0.1367083 -0.8491193 -0.3734959 0.373494 -0.849119 -0.5102039 0.1367084 -0.8491188 0.3734955 0.3734937 -0.8491193 0.1367061 0.5102041 -0.8491191 -0.1367066 0.510204 -0.849119 0.3734955 -0.3734937 -0.8491193 0.5102033 -0.1367083 -0.8491193 0.5102033 0.1367083 -0.8491193 -0.3734959 -0.373494 -0.849119 -0.1367066 -0.510204 -0.849119 0.1367061 -0.5102041 -0.8491191 -0.5102039 -0.1367084 -0.8491188 -0.3734961 0.3734942 -0.8491188 -0.5102038 0.1367101 -0.8491186 0.3734954 0.3734934 -0.8491194 0.1367078 0.5102035 -0.8491191 -0.1367087 0.5102034 -0.8491191 0.3734954 -0.3734934 -0.8491195 0.5102024 -0.1367097 -0.8491195 0.5102025 0.1367097 -0.8491194 -0.3734962 -0.3734942 -0.8491188 -0.1367087 -0.5102034 -0.8491191 0.1367078 -0.5102035 -0.8491191 -0.5102038 -0.1367101 -0.8491186 -0.3734959 0.373494 -0.849119 -0.5102039 0.1367084 -0.8491188 0.3734955 0.3734937 -0.8491193 0.1367061 0.5102041 -0.8491191 -0.1367066 0.510204 -0.849119 0.3734955 -0.3734937 -0.8491193 0.5102033 -0.1367083 -0.8491193 0.5102033 0.1367083 -0.8491193 -0.3734959 -0.373494 -0.849119 -0.1367066 -0.510204 -0.849119 0.1367061 -0.5102041 -0.8491191 -0.5102039 -0.1367084 -0.8491188 -0.965926 0.2588186 0 -0.965926 0.2588186 0 -0.7071086 0.707105 0 -0.7071086 0.707105 0 -0.2588144 0.965927 0 -0.2588144 0.965927 0 0.2588153 0.9659268 0 0.2588153 0.9659268 0 0.7071086 0.707105 0 0.7071086 0.707105 0 0.965926 0.2588186 0 0.965926 0.2588186 0 0.965926 -0.2588186 0 0.965926 -0.2588186 0 0.7071086 -0.707105 0 0.7071086 -0.707105 0 0.2588153 -0.9659268 0 0.2588153 -0.9659268 0 -0.2588144 -0.965927 0 -0.2588144 -0.965927 0 -0.7071086 -0.707105 0 -0.7071086 -0.707105 0 -0.965926 -0.2588186 0 -0.965926 -0.2588186 0 -0.9659252 0.2588215 0 -0.9659252 0.2588215 0 -0.7071087 0.7071049 0 -0.7071087 0.7071049 0 -0.2588176 0.9659262 0 -0.2588176 0.9659262 0 0.2588194 0.9659258 0 0.2588194 0.9659258 0 0.7071087 0.7071049 0 0.7071087 0.7071049 0 0.9659252 0.2588215 0 0.9659252 0.2588215 0 0.9659252 -0.2588215 0 0.9659252 -0.2588215 0 0.7071087 -0.7071049 0 0.7071087 -0.7071049 0 0.2588194 -0.9659258 0 0.2588194 -0.9659258 0 -0.2588176 -0.9659262 0 -0.2588176 -0.9659262 0 -0.7071087 -0.7071049 0 -0.7071087 -0.7071049 0 -0.9659252 -0.2588215 0 -0.9659252 -0.2588215 0 -0.965926 0.2588186 0 -0.965926 0.2588186 0 -0.7071086 0.707105 0 -0.7071086 0.707105 0 -0.2588144 0.965927 0 -0.2588144 0.965927 0 0.2588153 0.9659268 0 0.2588153 0.9659268 0 0.7071086 0.707105 0 0.7071086 0.707105 0 0.965926 0.2588186 0 0.965926 0.2588186 0 0.965926 -0.2588186 0 0.965926 -0.2588186 0 0.7071086 -0.707105 0 0.7071086 -0.707105 0 0.2588153 -0.9659268 0 0.2588153 -0.9659268 0 -0.2588144 -0.965927 0 -0.2588144 -0.965927 0 -0.7071086 -0.707105 0 -0.7071086 -0.707105 0 -0.965926 -0.2588186 0 -0.965926 -0.2588186 0 -0.965926 0.2588186 0 -0.965926 0.2588186 0 -0.7071086 0.707105 0 -0.7071086 0.707105 0 -0.2588153 0.9659268 0 -0.2588153 0.9659268 0 0.2588144 0.965927 0 0.2588144 0.965927 0 0.7071086 0.707105 0 0.7071086 0.707105 0 0.965926 0.2588186 0 0.965926 0.2588186 0 0.965926 -0.2588186 0 0.965926 -0.2588186 0 0.7071086 -0.707105 0 0.7071086 -0.707105 0 0.2588144 -0.965927 0 0.2588144 -0.965927 0 -0.2588153 -0.9659268 0 -0.2588153 -0.9659268 0 -0.7071086 -0.707105 0 -0.7071086 -0.707105 0 -0.965926 -0.2588186 0 -0.965926 -0.2588186 0 -0.9659252 0.2588215 0 -0.9659252 0.2588215 0 -0.7071087 0.7071049 0 -0.7071087 0.7071049 0 -0.2588194 0.9659258 0 -0.2588194 0.9659258 0 0.2588176 0.9659262 0 0.2588176 0.9659262 0 0.7071087 0.7071049 0 0.7071087 0.7071049 0 0.9659252 0.2588215 0 0.9659252 0.2588215 0 0.9659252 -0.2588215 0 0.9659252 -0.2588215 0 0.7071087 -0.7071049 0 0.7071087 -0.7071049 0 0.2588176 -0.9659262 0 0.2588176 -0.9659262 0 -0.2588194 -0.9659258 0 -0.2588194 -0.9659258 0 -0.7071087 -0.7071049 0 -0.7071087 -0.7071049 0 -0.9659252 -0.2588215 0 -0.9659252 -0.2588215 0 -0.965926 0.2588186 0 -0.965926 0.2588186 0 -0.7071086 0.707105 0 -0.7071086 0.707105 0 -0.2588153 0.9659268 0 -0.2588153 0.9659268 0 0.2588144 0.965927 0 0.2588144 0.965927 0 0.7071086 0.707105 0 0.7071086 0.707105 0 0.965926 0.2588186 0 0.965926 0.2588186 0 0.965926 -0.2588186 0 0.965926 -0.2588186 0 0.7071086 -0.707105 0 0.7071086 -0.707105 0 0.2588144 -0.965927 0 0.2588144 -0.965927 0 -0.2588153 -0.9659268 0 -0.2588153 -0.9659268 0 -0.7071086 -0.707105 0 -0.7071086 -0.707105 0 -0.965926 -0.2588186 0 -0.965926 -0.2588186 0 -0.3734937 0.3734945 -0.8491198 -0.5102026 0.136708 -0.8491197 0.3734937 0.3734945 -0.8491198 0.1367086 0.5102024 -0.8491197 -0.1367086 0.5102024 -0.8491197 0.3734946 -0.3734939 -0.8491197 0.5102026 -0.1367084 -0.8491197 0.5102026 0.136708 -0.8491197 -0.3734946 -0.3734939 -0.8491197 -0.1367072 -0.510203 -0.8491196 0.1367072 -0.510203 -0.8491196 -0.5102026 -0.1367084 -0.8491197 0.8166643 0.5771131 1.26925e-5 0.8166646 0.5771125 1.16237e-5 0.5771134 0.816664 1.16237e-5 0.5771138 0.8166638 1.24681e-5 0.1693896 0.9855492 1.14081e-5 0.1693893 0.9855492 1.18238e-5 -0.1693893 0.9855492 1.18238e-5 -0.1693896 0.9855492 1.14081e-5 -0.5771138 0.8166638 1.24681e-5 -0.5771134 0.816664 1.16237e-5 -0.8166646 0.5771125 1.16237e-5 -0.8166643 0.5771131 1.26925e-5 -0.8166643 -0.5771131 1.26925e-5 -0.8166646 -0.5771125 1.16237e-5 -0.5771134 -0.816664 1.16237e-5 -0.5771138 -0.8166638 1.24681e-5 -0.1693896 -0.9855492 1.14081e-5 -0.1693893 -0.9855492 1.18238e-5 0.1693893 -0.9855492 1.18238e-5 0.1693896 -0.9855492 1.14081e-5 0.5771138 -0.8166638 1.24681e-5 0.5771134 -0.816664 1.16237e-5 0.8166646 -0.5771125 1.16237e-5 0.8166643 -0.5771131 1.26925e-5 0.9973756 0.07081168 -0.01508897 0.9997397 0.02178591 0.006782829 0.9984658 0.05537235 0 0.9976229 0.0686779 -0.005650281 0.998143 0.06083899 -0.003015756 0.9991995 0.03866833 -0.01025611 0.9992002 0.03865104 -0.01024878 0.9999532 -0.009678959 -1.57012e-4 0.9997482 -0.022439 -2.78704e-4 0.9916224 -0.1291623 -0.001456499 0.9916234 -0.1291552 -0.001456379 0.9538052 -0.3003544 -0.006540954 0.9959726 -0.08965778 2.9878e-4 0.9214999 -0.3883782 3.08476e-4 0.9215005 -0.3883773 3.085e-4 0.8148123 -0.5796154 -0.01125949 0.9062338 -0.4227724 0.001960575 0.714272 -0.6998653 0.00202912 0.7086356 -0.7055718 0.002023816 0.7307121 -0.6826857 1.10572e-5 0.7307081 -0.68269 1.12889e-5 0.9993511 0.03572553 0.004601776 0.7126976 0.70147 0.001462101 0.7086371 0.7055732 1.13717e-5 0.9992702 -0.03820008 0 0.9938008 0.1111701 -0.001171171 0.9989002 -0.04565125 -0.01069581 0.9994368 -0.03342878 0.002924323 0.9993515 0.03571361 0.004606485 0.9996887 -0.02495348 9.83606e-5 0.9973083 -0.07292473 -0.007639169 0.9979902 -0.06331443 -0.002618014 0.9973745 -0.07082998 -0.01507109 0.9971444 0.07551699 -5.87813e-4 0.9998006 -0.01585423 -0.01214039 0.9998016 -0.0157997 -0.01212841 0.8140772 0.5806341 -0.01193451 0.9062346 0.4227728 0.001409947 0.7125672 0.7016024 0.00146234 0.7127 0.7014676 0.001462399 0.9179136 0.3967804 3.26122e-4 0.9179133 0.396781 3.26109e-4 0.9959726 0.08965778 3.1542e-4 0.9517529 0.3067916 -0.006733596 0.9849844 0.1726214 -0.002740383 -0.5085898 0.5085873 -0.6947484 -0.5085901 0.5085901 -0.6947462 -0.1861537 0.6947484 -0.6947456 -0.1861544 0.6947469 -0.694747 0.186154 0.6947469 -0.6947469 0.1861552 0.6947478 -0.6947458 0.5085915 0.508589 -0.694746 0.5085888 0.5085888 -0.6947481 0.6947465 0.1861564 -0.6947467 0.6947466 0.1861563 -0.6947467 0.6947466 -0.1861564 -0.6947466 0.6947475 -0.1861577 -0.6947454 0.5085925 -0.50859 -0.6947445 0.5085924 -0.5085883 -0.6947458 0.1861543 -0.6947482 -0.6947457 0.1861549 -0.6947469 -0.6947469 -0.1861533 -0.6947471 -0.6947471 -0.1861547 -0.694748 -0.6947458 -0.5085915 -0.508589 -0.694746 -0.5085932 -0.5085892 -0.6947446 -0.6947479 -0.1861568 -0.6947453 -0.6947465 -0.1861574 -0.6947465 -0.6947466 0.1861564 -0.6947466 -0.6947466 0.1861563 -0.6947467 -0.5085914 0.5085887 -0.6947463 -0.5085917 0.5085912 -0.6947442 -0.1861561 0.6947482 -0.6947453 -0.1861565 0.6947473 -0.694746 0.1861572 0.6947472 -0.6947459 0.1861577 0.6947475 -0.6947454 0.508593 0.5085902 -0.694744 0.5085904 0.50859 -0.694746 0.6947465 0.1861587 -0.6947463 0.6947463 0.1861587 -0.6947463 0.6947464 -0.1861586 -0.6947464 0.6947464 -0.1861587 -0.6947462 0.5085914 -0.5085887 -0.6947463 0.5085917 -0.5085912 -0.6947442 0.1861573 -0.6947476 -0.6947454 0.1861575 -0.6947472 -0.6947458 -0.1861559 -0.6947474 -0.6947461 -0.1861567 -0.6947479 -0.6947453 -0.508593 -0.5085902 -0.694744 -0.5085904 -0.50859 -0.694746 -0.6947465 -0.1861587 -0.6947463 -0.6947463 -0.1861587 -0.6947463 -0.6947464 0.1861586 -0.6947464 -0.6947464 0.1861587 -0.6947462 -0.5085925 0.50859 -0.6947445 -0.5085924 0.5085883 -0.6947458 -0.1861537 0.6947484 -0.6947456 -0.1861544 0.6947469 -0.694747 0.186154 0.6947469 -0.6947469 0.1861552 0.6947478 -0.6947458 0.5085915 0.508589 -0.694746 0.5085932 0.5085892 -0.6947446 0.6947479 0.1861568 -0.6947453 0.6947465 0.1861574 -0.6947465 0.6947466 -0.1861564 -0.6947466 0.6947466 -0.1861563 -0.6947467 0.5085898 -0.5085873 -0.6947484 0.5085901 -0.5085901 -0.6947462 0.1861543 -0.6947482 -0.6947457 0.1861549 -0.6947469 -0.6947469 -0.1861533 -0.6947471 -0.6947471 -0.1861547 -0.694748 -0.6947458 -0.5085915 -0.508589 -0.694746 -0.5085888 -0.5085888 -0.6947481 -0.6947465 -0.1861564 -0.6947467 -0.6947466 -0.1861563 -0.6947467 -0.6947466 0.1861564 -0.6947466 -0.6947475 0.1861577 -0.6947454 -0.5085925 0.50859 -0.6947445 -0.5085924 0.5085883 -0.6947458 -0.1861543 0.6947482 -0.6947457 -0.1861549 0.6947469 -0.6947469 0.1861533 0.6947471 -0.6947471 0.1861547 0.694748 -0.6947458 0.5085915 0.508589 -0.694746 0.5085932 0.5085892 -0.6947446 0.6947479 0.1861568 -0.6947453 0.6947465 0.1861574 -0.6947465 0.6947466 -0.1861564 -0.6947466 0.6947466 -0.1861563 -0.6947467 0.5085898 -0.5085873 -0.6947484 0.5085901 -0.5085901 -0.6947462 0.1861537 -0.6947484 -0.6947456 0.1861544 -0.6947469 -0.694747 -0.186154 -0.6947469 -0.6947469 -0.1861552 -0.6947478 -0.6947458 -0.5085915 -0.508589 -0.694746 -0.5085888 -0.5085888 -0.6947481 -0.6947465 -0.1861564 -0.6947467 -0.6947466 -0.1861563 -0.6947467 -0.6947466 0.1861564 -0.6947466 -0.6947475 0.1861577 -0.6947454 -0.5085914 0.5085887 -0.6947463 -0.5085917 0.5085912 -0.6947442 -0.1861573 0.6947476 -0.6947454 -0.1861575 0.6947472 -0.6947458 0.1861559 0.6947474 -0.6947461 0.1861567 0.6947479 -0.6947453 0.508593 0.5085902 -0.694744 0.5085904 0.50859 -0.694746 0.6947465 0.1861587 -0.6947463 0.6947463 0.1861587 -0.6947463 0.6947464 -0.1861586 -0.6947464 0.6947464 -0.1861587 -0.6947462 0.5085914 -0.5085887 -0.6947463 0.5085917 -0.5085912 -0.6947442 0.1861561 -0.6947482 -0.6947453 0.1861565 -0.6947473 -0.694746 -0.1861572 -0.6947472 -0.6947459 -0.1861577 -0.6947475 -0.6947454 -0.508593 -0.5085902 -0.694744 -0.5085904 -0.50859 -0.694746 -0.6947465 -0.1861587 -0.6947463 -0.6947463 -0.1861587 -0.6947463 -0.6947464 0.1861586 -0.6947464 -0.6947464 0.1861587 -0.6947462 -0.5085898 0.5085873 -0.6947484 -0.5085901 0.5085901 -0.6947462 -0.1861543 0.6947482 -0.6947457 -0.1861549 0.6947469 -0.6947469 0.1861533 0.6947471 -0.6947471 0.1861547 0.694748 -0.6947458 0.5085915 0.508589 -0.694746 0.5085888 0.5085888 -0.6947481 0.6947465 0.1861564 -0.6947467 0.6947466 0.1861563 -0.6947467 0.6947466 -0.1861564 -0.6947466 0.6947475 -0.1861577 -0.6947454 0.5085925 -0.50859 -0.6947445 0.5085924 -0.5085883 -0.6947458 0.1861537 -0.6947484 -0.6947456 0.1861544 -0.6947469 -0.694747 -0.186154 -0.6947469 -0.6947469 -0.1861552 -0.6947478 -0.6947458 -0.5085915 -0.508589 -0.694746 -0.5085932 -0.5085892 -0.6947446 -0.6947479 -0.1861568 -0.6947453 -0.6947465 -0.1861574 -0.6947465 -0.6947466 0.1861564 -0.6947466 -0.6947466 0.1861563 -0.6947467 0.8823491 -0.4705952 4.7938e-4 0.8915832 0.452412 -0.02007091 0.6076833 0.7941685 -0.004180908 0.8790475 0.4767341 4.8303e-4 0.6076758 0.7941849 4.93999e-4 0.7048581 0.7093483 -2.48976e-4 0.607735 0.794129 -0.004178822 0.6076833 -0.7941685 -0.004158437 0.6076759 -0.7941851 4.91123e-4 0.7052337 -0.7089748 -2.54881e-4 0.6076957 -0.7941591 -0.00415796 0.8915835 -0.4524121 -0.02005267 0.8793708 -0.4761375 0 1 0 0 1 0 0 0.8823492 0.4705953 0 -0.9659259 0.2588185 0 -0.9659259 0.2588185 0 -0.7071061 0.7071075 0 -0.7071061 0.7071075 0 -0.2588195 0.9659257 0 -0.2588195 0.9659257 0 0.2588195 0.9659257 0 0.2588195 0.9659257 0 0.7071061 0.7071075 0 0.7071061 0.7071075 0 0.9659259 0.2588185 0 0.9659259 0.2588185 0 0.9659258 -0.2588192 0 0.9659258 -0.2588192 0 0.7071076 -0.7071061 0 0.7071076 -0.7071061 0 0.2588168 -0.9659264 0 0.2588168 -0.9659264 0 -0.2588168 -0.9659264 0 -0.2588168 -0.9659264 0 -0.7071076 -0.7071061 0 -0.7071076 -0.7071061 0 -0.9659258 -0.2588192 0 -0.9659258 -0.2588192 0 1 0 0 1 0 0 0 0 -1 0 0 -1 0 0 -1 0 0 -1 0 0 -1 0 0 -1 0 0 -1 0 0 -1 0 0 -1 0 0 -1 0 0 -1 0 0 -1 -1 0 0 -1 0 0 0 0.9964456 0.08423882 0 0.9964454 0.08424079 0.02255493 0.9658402 0.2581549 0.02255481 0.9658403 0.2581543 -4.77831e-5 0.9139445 0.4058393 0.002255737 0.9780169 0.2085136 0.01363688 0.970572 0.2404248 0.05103099 0.9377449 0.3435553 0.00998497 0.9265177 0.3761188 0.6662171 0.7455028 -0.01949942 0.9897174 0.1087056 -0.09296602 0.9897176 0.1087054 -0.09296393 0.9940789 0.05490642 -0.09376823 0.9815478 0.1676657 -0.09193456 0.9898297 0.1090759 -0.09132176 0.9819422 0.1677247 -0.08750933 0.9421964 0.3255484 -0.07927292 0.8733751 0.4839445 -0.0548976 0.8733761 0.4839425 -0.05489778 0.4934262 0.8697818 0.003173828 0.7084325 0.7054976 -0.01991599 0.7093348 0.7047802 -0.01136368 0.7089182 0.7052905 -6.12065e-4 0.8411654 0.5405997 -0.01388353 0.8114001 0.5837423 -0.02957636 0.840766 0.5403423 -0.03380185 0.9601804 0.2755919 -0.04585552 0.9582666 0.2750397 -0.077964 0.9582647 0.2750467 -0.07796323 0.9433754 0.3246268 -0.06826668 0.8465226 0.5303407 -0.04623961 0.8457748 0.530896 -0.05305075 0.6662201 0.7455002 -0.01949971 0.2768983 0.9529504 -0.1233406 0.6436281 0.7653257 -0.00441873 0.03073376 0.9991891 -0.02601093 0.03073388 0.9991891 -0.02601104 0.2579888 0.9660988 -0.009743809 0.4704722 0.8821346 -0.02223563 0.4712937 0.8817055 -0.02185815 0.4712941 0.8817057 -0.02184069 0.6618267 0.7459867 -0.07408964 0.6717931 0.738541 -0.05702012 0.6625271 0.7467773 -0.0581513 0.3770337 0.9213935 -0.09423196 0.4399854 0.893023 -0.09446036 0.2745142 0.9556847 -0.1063427 0.4392921 0.8916212 -0.1096999 -0.3534859 0.9277974 -0.1193299 0.643628 0.7653257 -0.004418611 0.474303 0.8794036 -0.04106086 0.3452167 0.9370763 -0.05209171 0.3421186 0.9390751 -0.03305673 -0.007173657 0.9904708 -0.1375359 -0.004503011 0.9935194 -0.1135736 0.170568 0.9797369 -0.1049867 0.3737939 0.9248361 -0.07040148 0.5423051 0.8383899 -0.05484104 0.5419911 0.838743 -0.0524953 0.7657812 0.642535 -0.02698308 0.03501427 0.9978104 -0.05611044 -0.3605057 0.9299906 -0.07178586 -0.0537284 0.9943055 -0.09203189 -0.160443 0.9823458 -0.0962029 -0.1571966 0.9807606 -0.1157488 0.2617921 0.9645786 -0.03244835 0.1318299 0.9904288 -0.04088753 0.1362282 0.9883254 -0.06822574 -0.05589038 0.9953312 -0.07868963 0.1677888 0.9819449 -0.08735519 -0.09133172 0.99072 -0.1006601 -0.01520568 0.9937747 -0.1103653 0.02836769 0.9995528 -0.009461462 -0.02513664 0.9995797 0.01444894 -0.07078629 0.9965912 0.04237037 -0.3607633 0.9300315 -0.06993746 -0.3579745 0.9294219 -0.08960616 -0.2908717 0.9545996 -0.06429022 -0.2817036 0.9574079 -0.06335091 -0.227067 0.9707389 -0.07814478 -0.2903383 0.9545687 -0.0671001 -0.2903368 0.9545689 -0.06710213 -0.1591756 0.9844855 -0.07383406 -0.2262888 0.971324 -0.0729596 -0.2262895 0.971324 -0.07295703 -0.03654038 0.5143796 -0.8567838 -0.0551657 0.9789965 -0.1962717 -0.05141973 0.6652143 -0.7448798 -0.2747281 0.9259181 -0.2592298 -0.1257966 0.9828262 -0.1350107 -0.1600252 0.9846142 -0.07019102 -0.07654142 0.9968237 -0.02199655 -0.07657974 0.9968212 -0.02197986 -0.07303714 0.997038 -0.02409893 -0.07861572 0.9967035 -0.02003973 -0.06928658 0.996472 -0.04736065 -0.02510613 0.9995805 0.01444691 -0.02512675 0.9995801 0.01443725 -0.08221822 0.9964159 -0.01989191 -0.06018066 0.9980126 -0.01868849 -0.06085658 0.99805 -0.01387578 -0.05532884 0.9981686 -0.02445948 -0.04297411 0.9990162 -0.01095426 0.03011107 0.9993115 -0.02167379 -0.01749253 0.9996134 -0.02161186 -0.01785182 0.9996454 -0.01975834 -0.03992104 0.9990929 -0.01481771 -0.04297202 0.9990161 -0.01096129 -0.03866833 0.9991995 -0.01025611 -0.07081168 0.9973756 -0.01508897 -0.02178591 0.9997397 0.006782829 -0.06083899 0.998143 -0.003015756 -0.0686779 0.9976229 -0.005650281 0.1317445 0.9912829 -0.00124979 0.02022665 0.9997951 -6.40287e-4 0.08965617 0.9959728 0 -0.05720007 0.9983624 -7.7579e-4 0.007609486 0.9999709 -5.89243e-4 -0.03865104 0.9992002 -0.01024878 0.7055732 0.7086371 1.13717e-5 0.6998597 0.7142775 0.002029061 0.1317369 0.9912839 -0.00124973 0.3146766 0.9491834 -0.005444586 0.0896582 0.9959725 2.9878e-4 0.3883844 0.9214975 3.08476e-4 0.3883752 0.9215013 3.08702e-4 0.5796175 0.8148109 -0.01125949 0.4227724 0.9062338 0.001960754 0.6997188 0.7144155 0.002029299 0.6998592 0.714278 0.00202912 0.9995146 0.02873522 -0.01203483 0.9995147 0.02873378 -0.01203584 0.9994744 0.03139561 -0.008080065 0.9992606 -0.03735119 -0.009121358 0.997427 -0.07041889 -0.01343661 0.9891157 -0.1359145 0.05636835 0.9977561 -0.06575018 -0.01263672 0.9922819 -0.1232687 -0.01346659 0.9793907 -0.1858456 -0.0790897 0.9793907 -0.1858439 -0.07909429 0.9859949 -0.1467601 -0.07921761 0.9856901 -0.1255254 -0.1125098 0.9965327 -0.06924051 -0.04613351 0.9960668 -0.08344841 -0.02978855 0.9977714 -0.06516218 -0.01435768 0.9977708 -0.06517583 -0.01433634 0.998481 -0.05173259 -0.01896286 0.9984742 -0.04975581 -0.02395194 0.9794316 -0.1858798 -0.07850122 0.9520592 -0.2996398 -0.06163936 0.9520589 -0.2996408 -0.06163829 0.9651299 -0.2486799 -0.08174675 0.9683021 -0.241462 -0.06393212 0.9683019 -0.2414612 -0.06393557 0.9991632 -0.03840804 -0.01406234 0.9991632 -0.03840619 -0.01406931 0.9996747 -0.01535904 -0.0203647 0.9994632 -0.01356625 -0.02982318 0.9517774 -0.2964973 -0.07879728 0.9299805 -0.3604654 -0.07211732 0.9460577 -0.3167845 -0.06798917 0.9300813 -0.3611273 -0.06734955 0.9910266 0.02696365 -0.1309171 0.975794 -0.186642 -0.1139772 0.7626145 0.6464375 -0.02318793 0.8762525 0.4813629 -0.02170395 0.8461105 0.5328815 0.01159566 0.8762521 0.4813639 -0.02170318 0.8762513 0.4813647 -0.02171498 0.9757941 -0.1866416 -0.1139769 0.9203193 0.3764614 -0.1062511 0.9549838 0.274284 -0.1130232 0.9714604 0.1965475 -0.132792 0.9638631 0.2383331 -0.1190177 0.963863 0.2383332 -0.1190186 0.7887685 0.6071852 -0.09576219 0.7672844 0.6398987 -0.04247665 0.6421707 0.7660921 -0.02682733 0.7651425 0.6438403 -0.005167722 0.9757941 -0.1866421 -0.1139771 0.9288938 -0.3562979 -0.1010351 0.9942569 -0.05454409 -0.09207648 0.9299891 -0.3605154 -0.07175654 0.9978123 0.03501069 -0.05607938 0.9931352 0.03426539 -0.1118408 0.980024 0.1689428 -0.1049342 0.9256972 0.3716561 -0.07040286 0.9682037 0.2499192 -0.01104992 0.9662064 0.2546997 -0.03966194 0.9396272 0.3405976 -0.03307598 0.9376416 0.3436861 -0.05204164 0.8396723 0.5403148 -0.05486744 0.8380653 0.5416624 -0.06517958 0.7940006 0.6050757 -0.05870717 0.7849233 0.6042247 -0.1371424 0.9991663 0.03083848 -0.02675092 0.9974722 0.05457592 -0.04550623 0.9905281 0.1310645 -0.0409426 0.9884368 0.1354445 -0.06817221 0.9952889 -0.05672287 -0.07862877 0.9822194 0.166171 -0.08736264 0.9879878 -0.1165134 -0.101512 0.9910263 0.02696394 -0.130919 -0.1690741 0.9856035 0 0.8809224 -0.4732563 -0.002046704 0.8406288 -0.5415529 -0.007995367 0.8406293 -0.5415521 -0.007977187 0.9999991 -0.001046419 -8.41888e-4 0.9800287 -0.1986454 -0.009159684 0.9800285 -0.1986464 -0.009159862 0.9873612 -0.1584822 0.001105964 0.9705442 -0.2409208 0.001114547 0.899169 -0.4376013 -2.3411e-4 0.8867729 0.4622054 0 0.9684571 0.2489981 -0.009528338 0.9416037 0.3367195 0.001538217 0.9804333 0.1968455 0.001561164 0.9804316 0.196854 0.001561164 0.7583137 0.6518898 0 0.593488 0.8048114 -0.007113873 0.4970024 0.8607324 -0.1101288 0.2203705 0.9754162 0 0.09787064 0.995148 -0.01009166 0.213878 0.9768502 -0.004474163 0.3030697 0.9529668 -0.001771867 0.3654922 0.9308143 -6.20362e-4 0.4232637 0.9060066 0 0.6629704 0.7486457 0 0.4747841 0.8799703 -0.01523959 0.500127 0.8658472 -0.01347792 -0.3345643 0.942312 -0.01071095 -0.2767319 0.9609472 0 -0.6392599 0.7689908 0 -0.4780377 0.8696362 -0.1233407 -0.08605295 0.9962808 -0.004418611 -0.6848042 0.7282628 -0.02601081 -0.684804 0.728263 -0.02601099 -0.5007073 0.8655618 -0.009743869 -0.2910885 0.9564377 -0.02223557 -0.2902035 0.9567154 -0.02185767 -0.2902034 0.9567156 -0.02184718 -0.05951082 0.9954743 -0.07409095 -0.04719775 0.9972568 -0.05702024 -0.05957961 0.9965283 -0.05815196 -0.3849204 0.9181267 -0.0942319 -0.3203461 0.9425792 -0.0944603 -0.4816569 0.8698838 -0.1063424 -0.3198443 0.9410982 -0.1096995 -0.9060032 0.4061016 -0.1193302 -0.08605295 0.9962807 -0.004418671 -0.2864491 0.9572151 -0.04106092 -0.4185051 0.9067193 -0.05209159 -0.4221091 0.9059422 -0.03305649 -0.7054411 0.6952978 -0.1375273 -0.7057082 0.6993404 -0.1135737 -0.5721724 0.8133858 -0.104987 -0.3896456 0.9182701 -0.07040119 -0.2093653 0.9762985 -0.0548408 -0.2098369 0.9763261 -0.05249536 0.08714854 0.9958298 -0.0269829 -0.6808001 0.730317 -0.0561105 -0.9125187 0.4026862 -0.07178592 -0.7410713 0.6650891 -0.09203201 -0.8080714 0.581176 -0.0962029 -0.8046553 0.5823507 -0.1157476 -0.496943 0.8671762 -0.03244853 -0.6071233 0.7935549 -0.04088801 -0.6025261 0.7951777 -0.06822645 -0.7433253 0.6642856 -0.07868999 -0.575699 0.812982 -0.08735543 -0.7651242 0.6359658 -0.1006599 -0.713454 0.6919558 -0.1103661 -0.6867343 0.726847 -0.009462177 -0.7245971 0.6890233 0.0143547 -0.7547527 0.65464 0.04236567 -0.9127289 0.4025355 -0.06993705 -0.9103269 0.4040739 -0.08960586 -0.8806816 0.469326 -0.06428992 -0.8761852 0.477793 -0.06335079 -0.8469766 0.5258556 -0.07814449 -0.8802817 0.4696825 -0.06709998 -0.8802819 0.4696823 -0.06709957 -0.8086913 0.583581 -0.07383477 -0.8468401 0.5268194 -0.07296025 -0.8468406 0.5268189 -0.07295775 -0.3895696 0.3378928 -0.8567754 -0.7312681 0.6532545 -0.1962286 -0.5067367 0.4340195 -0.7448791 -0.8489832 0.4604683 -0.2592228 -0.7839166 0.6060083 -0.1350138 -0.8093811 0.5830728 -0.07020205 -0.7590137 0.6507039 -0.02197229 -0.759023 0.6506931 -0.02196609 -0.7566043 0.6534271 -0.02414548 -0.7603695 0.6491821 -0.02002418 -0.7535985 0.6556247 -0.04738712 -0.7245616 0.6890593 0.01440954 -0.7246099 0.6890093 0.01437705 -0.7626948 0.6464526 -0.01989287 -0.7482562 0.6631466 -0.01869076 -0.7487619 0.6626939 -0.013866 -0.7449338 0.6666899 -0.02445858 -0.7367989 0.6760232 -0.01095658 -0.6853287 0.7279114 -0.02167332 -0.719202 0.6944648 -0.02161145 -0.7194787 0.6942334 -0.01975774 -0.7346914 0.6782396 -0.01481777 -0.7368 0.676022 -0.01095122 -0.7531046 0.6579009 -3.03912e-4 -0.7466273 0.6652418 9.81701e-4 -0.7466515 0.6652147 9.15531e-4 -0.7526206 0.6583188 -0.01336115 -0.7553808 0.6551027 -0.01550477 -0.7592566 0.6505481 -0.01779943 -0.7559944 0.6543905 -0.01566588 -0.711886 0.702295 0 -0.6911077 0.7227517 -2.78078e-4 -0.6098487 0.7925165 -0.001456618 -0.6098539 0.7925125 -0.001456499 -0.4620708 0.886819 -0.006540596 -0.6408627 0.7676555 2.98821e-4 -0.3769699 0.9262254 3.0849e-4 -0.3769757 0.926223 3.08632e-4 -0.1663088 0.9860094 -0.01125943 -0.3418576 0.9397497 0.001960635 -0.01031756 0.9999447 0.002029061 -0.002169311 0.9999956 0.002021014 -0.0339511 0.9994235 1.16662e-5 -0.03395175 0.9994235 1.16391e-5 0.007941067 0.9999673 0.001462221 0.002169311 0.9999976 1.17001e-5 0.7643803 0.644514 -0.01801437 0.6241147 0.7813319 -0.001171171 0.6241146 0.7813321 -0.001171171 0.738583 0.6740781 -0.01066833 0.7386097 0.6740486 -0.01068902 0.7303652 0.6830508 0.00290066 0.6822288 0.7311387 -3.59751e-4 0.711108 0.7030827 -1.03021e-4 0.7470985 0.6647135 0 0.750447 0.6609254 -0.002635121 0.7553296 0.6551712 -0.01509678 0.1650719 0.9862093 -0.01193457 0.3418579 0.9397506 0.001409649 0.007767498 0.9999688 0.001461923 0.007939279 0.9999675 0.001462042 0.3684868 0.929633 3.262e-4 0.368483 0.9296345 3.26107e-4 0.6408627 0.7676555 3.15411e-4 0.4560762 0.8899153 -0.00673294 0.5744223 0.8185545 -0.002740561 0.7710126 0.6317492 -0.08020371 0.6864467 0.7270805 -0.01203578 0.6864467 0.7270805 -0.01203572 0.6845362 0.7289342 -0.008080124 0.7329939 0.6801741 -0.009117603 0.7520133 0.6590266 -0.01264852 0.7535938 0.6557626 -0.0455178 0.7631205 0.645586 -0.02942615 0.7910093 0.6101967 0.0443207 0.7547593 0.6559022 -0.01144021 0.8239452 0.5611218 -0.0790987 0.8239474 0.5611197 -0.07909065 0.8009769 0.5934317 -0.07921397 0.8114908 0.5818291 -0.0543828 0.8052409 0.5897579 -0.06142324 0.7516124 0.6594489 -0.01435172 0.7516174 0.6594433 -0.01434016 0.7426167 0.6694481 -0.01896524 0.7412135 0.6708416 -0.023956 0.8239989 0.5611265 -0.07850325 0.8850855 0.4613291 -0.06163835 0.8850857 0.4613286 -0.06163781 0.8582935 0.5066063 -0.08174633 0.8554337 0.5139506 -0.06393796 0.855434 0.5139502 -0.06393611 0.7336736 0.6793565 -0.01406717 0.7336733 0.6793566 -0.01406848 0.7177374 0.6960161 -0.02036416 0.7163201 0.6971341 -0.02982264 0.882664 0.463352 -0.07879698 0.9124807 0.4027132 -0.07211774 0.8929671 0.4449571 -0.06799149 0.9130172 0.4023225 -0.06735098 0.4221091 0.9059422 -0.03305649 0.5721724 0.8133858 -0.104987 0.5072301 0.8617405 -0.01099419 0.2785623 0.9601739 -0.02166223 0.8046553 0.5823507 -0.1157478 0.7054411 0.6952978 -0.1375273 0.7057082 0.6993403 -0.1135737 0.4780376 0.8696362 -0.1233407 0.4804615 0.8698302 -0.1120364 0.3746443 0.9200459 -0.1147049 0.1177976 0.9913253 -0.05829071 0.207117 0.9760916 -0.0659371 0.1175013 0.9887689 -0.09235525 0.08113199 0.9958255 -0.04182362 -0.08714854 0.9958298 -0.02698296 0.08249056 0.9965799 -0.00488758 0.5024165 0.8637135 -0.03970807 0.2187239 0.9757154 0.01180046 0.2785627 0.960174 -0.02164596 0.8046553 0.5823507 -0.1157478 0.9087641 0.404897 -0.1010259 0.7410713 0.6650891 -0.09203201 0.9125187 0.4026862 -0.07178592 0.6808001 0.730317 -0.0561105 0.2785652 0.9601734 -0.02164757 0.07883268 0.9966208 -0.02307647 0.4185051 0.9067193 -0.05209159 0.2093653 0.9762985 -0.0548408 0.3896457 0.9182701 -0.07040119 0.3826918 0.9178816 -0.1050734 0.375081 0.9210709 -0.1046077 0.6847136 0.7283211 -0.02674877 0.6667343 0.7439053 -0.04549998 0.6071234 0.7935549 -0.04088801 0.6025261 0.7951777 -0.06822645 0.7433253 0.6642856 -0.07868999 0.575699 0.812982 -0.08735543 0.7651238 0.6359664 -0.1006599 0.713454 0.6919558 -0.1103659 -0.929989 -0.3605154 -0.07175654 -0.9663079 0.2572025 -0.009803116 -0.9991892 0.03073287 -0.02601099 -0.9171833 0.3841679 -0.1057822 -0.9627347 0.2437286 -0.1172103 -0.9937717 -0.01528096 -0.1103821 -0.9908138 -0.01053339 -0.1348227 -0.99351 -0.006886541 -0.1135372 -0.9660236 0.2275121 -0.1226233 -0.9660237 0.2275121 -0.1226227 -0.879779 0.4736163 -0.04094612 -0.8820549 0.4706367 -0.02191692 -0.6421707 0.7660921 -0.02682727 -0.7675008 0.6410307 -0.004706025 -0.7675008 0.6410308 -0.004705846 -0.9978032 0.0352894 -0.05606514 -0.989869 0.1326386 -0.05066001 -0.998341 0.03367555 -0.04670315 -0.9647898 0.2610053 -0.03251171 -0.9991891 0.03073251 -0.02601069 -0.9376416 0.3436861 -0.0520417 -0.8396723 0.5403149 -0.05486744 -0.8400163 0.5400076 -0.05257791 -0.7729316 0.6320376 -0.05572378 -0.7887685 0.6071852 -0.09576219 -0.9806412 -0.1579152 -0.1157829 -0.9853094 -0.1368027 -0.1022273 -0.9822194 0.166171 -0.08736264 -0.980024 0.1689428 -0.1049342 -0.9256972 0.3716561 -0.07040286 -0.9203016 0.3764747 -0.1063563 -0.7937672 0.6053851 -0.05867373 -0.7871091 0.6059074 -0.1154791 -0.9277934 -0.3534922 -0.1193428 -0.9822247 -0.1611617 -0.0962364 -0.9942569 -0.05454409 -0.09207648 -0.9952889 -0.05672281 -0.07862877 -0.9884368 0.1354445 -0.06817221 -0.9396272 0.3405976 -0.03307598 -0.8823358 0.4700977 -0.02217161 -0.8820548 0.4706367 -0.02191883 -0.8867729 0.4622054 0 0.2767319 0.9609472 0 0.6392599 0.7689908 0 -0.4708324 0.8822227 0 -0.4235985 0.9058501 0 -0.3161618 0.9487046 -0.001128554 -0.1312156 0.9913265 -0.007372498 -0.2203705 0.9754162 0 0.1690883 0.9856008 0 0.3345694 0.9423102 -0.0107119 -0.6629703 0.7486457 0 -0.758974 0.6510381 -0.01038539 -0.678688 0.7344106 -0.004875242 -0.6040804 0.7969211 -0.001935064 -0.5424534 0.8400858 -6.02778e-4 -0.5007815 0.8655737 -1.54218e-4 -0.998761 -0.04970616 -0.002384305 -0.9883697 0.1520471 0.002651512 -0.9883683 0.1520555 0.002651572 -0.9416016 0.3367188 0.002598047 -0.9755569 0.2194163 -0.01206076 -0.9311701 0.3645573 -0.004499554 -0.8405346 -0.5414911 -0.0169999 -0.8405346 -0.5414911 -0.01699858 -0.8476647 -0.5305085 -0.005034863 -0.9474177 -0.3199521 0.005512475 -0.9873473 -0.1584799 0.005426406 -0.9714462 -0.2368019 -0.01473826 -0.9714463 -0.2368015 -0.0147382 -0.9995669 -0.02473521 0.01594871 -0.9965912 -0.07078629 0.04237037 -0.9997117 -0.01461839 -0.01904982 -0.9993188 0.03006857 -0.02139437 -0.9997934 -0.0150361 -0.01368844 -0.9996795 -0.01351439 -0.02140414 -0.9995369 0.02852892 -0.01059359 -0.9993115 0.03034591 -0.0213446 -0.9546383 -0.2874199 -0.07781821 -0.9299991 -0.3605756 -0.07132285 -0.9574103 -0.2816958 -0.06334757 -0.9300284 -0.3607715 -0.06993693 -0.9708775 -0.2265373 -0.07796061 -0.9548324 -0.2895491 -0.0667572 -0.9548326 -0.2895476 -0.06675922 -0.9845423 -0.1588901 -0.07369041 -0.9714815 -0.2257387 -0.07256639 -0.9714815 -0.2257394 -0.07256388 -0.5143796 -0.03654038 -0.8567838 -0.979525 -0.05539333 -0.193552 -0.6846139 -0.05337399 -0.7269492 -0.9276982 -0.272153 -0.255556 -0.9829118 -0.1256493 -0.1345227 -0.9846754 -0.1597836 -0.06988245 -0.9975209 -0.06979608 -0.008979439 -0.9968929 -0.07552886 -0.02236098 -0.9967191 -0.07826673 -0.02062004 -0.9964792 -0.06930875 -0.04717624 -0.9995675 -0.02470368 0.01595413 -0.9995671 -0.02472954 0.01594215 -0.998982 -0.04331672 -0.01260077 -0.9989819 -0.04331797 -0.01259666 -0.9983204 -0.05294573 -0.02352166 -0.998064 -0.06097394 -0.01226401 -0.9977276 -0.06348538 -0.0225678 -0.9966267 -0.07944399 -0.020585 -0.9966152 -0.07960766 -0.02051383 -0.7142784 0.6998588 0.00202912 -0.7142772 0.69986 0.002028942 -0.7086371 0.7055732 1.1374e-5 -0.714272 0.6998653 0.00202912 -0.9062338 0.4227724 0.001960575 -0.8148123 0.5796155 -0.01125949 -0.9976342 -0.06868916 -0.002762377 -0.9973839 -0.07075047 -0.01482456 -0.9984622 -0.05491012 0.007635951 -0.9978458 -0.06465989 -0.01109135 -0.9966285 -0.07891482 -0.02245074 -0.9973589 -0.07102251 -0.01520091 -0.99717 -0.0734089 -0.01622158 -0.9999996 -9.10276e-4 0 -0.9983947 0.05663806 -5.10961e-4 -0.9890251 0.1477336 -0.002004384 -0.989028 0.1477144 -0.002004086 -0.9538052 0.3003544 -0.006540954 -0.9959726 0.08965778 2.9878e-4 -0.9214999 0.3883782 3.08476e-4 -0.9215005 0.3883773 3.085e-4 -0.7014707 0.7126968 0.001461863 -0.7055732 0.7086371 1.13717e-5 0.0846796 0.9962456 -0.01800304 -0.1111789 0.9937997 -0.00117129 0.0455805 0.9989038 -0.01065891 0.04565125 0.9989002 -0.01069581 0.03342878 0.9994368 0.002924323 -0.03458511 0.9994018 -3.59788e-4 0.005679309 0.9999839 -1.03024e-4 0.05830073 0.998299 0 0.06331443 0.9979902 -0.002618014 0.07082998 0.9973745 -0.01507109 -0.5806466 0.8140681 -0.01193577 -0.4227728 0.9062346 0.001409888 -0.7014638 0.7127037 0.001462161 -0.7014682 0.7126992 0.001462161 -0.3967867 0.9179108 3.2628e-4 -0.3967936 0.9179078 3.26109e-4 -0.0896582 0.9959725 3.1542e-4 -0.3214712 0.9469029 -0.005601644 -0.08965623 0.9959727 -2.93502e-4 -0.1726214 0.9849844 -0.002740383 -0.1111701 0.9938008 -0.001171171 0.09847468 0.9919024 -0.0802024 -0.02873611 0.9995146 -0.01203477 -0.02873307 0.9995146 -0.01203691 -0.03139561 0.9994744 -0.008080065 0.03735119 0.9992606 -0.009121358 0.06575018 0.9977561 -0.01263678 0.06917679 0.9965655 -0.04551571 0.08312284 0.9961053 -0.02940851 0.1278353 0.9908062 0.04428607 0.06991732 0.9974872 -0.01144337 0.1858456 0.9793907 -0.0790897 0.1858439 0.9793907 -0.07909429 0.1467601 0.9859949 -0.07921761 0.1623955 0.9852255 -0.0543915 0.1523991 0.9864093 -0.06141138 0.06516218 0.9977714 -0.01435768 0.06517583 0.9977708 -0.01433634 0.05173259 0.998481 -0.01896286 0.04975581 0.9984742 -0.02395194 0.1858798 0.9794316 -0.07850122 0.2996398 0.9520592 -0.06163942 0.2996409 0.9520589 -0.06163829 0.2486799 0.9651299 -0.08174675 0.241462 0.9683021 -0.06393212 0.2414612 0.9683019 -0.06393557 0.03840804 0.9991632 -0.01406234 0.03840619 0.9991632 -0.01406931 0.01535904 0.9996747 -0.0203647 0.01356625 0.9994632 -0.02982318 0.2964973 0.9517774 -0.07879728 0.3604596 0.9299827 -0.07211798 0.3167919 0.946055 -0.06799191 0.3611188 0.9300844 -0.06735128 -0.3421186 0.9390751 -0.03305673 -0.170568 0.9797369 -0.1049867 -0.2506759 0.9680086 -0.01099419 -0.4819695 0.8759205 -0.02164953 0.1571966 0.9807606 -0.1157487 0.007173418 0.9904707 -0.1375367 0.004502713 0.9935194 -0.1135736 -0.2768983 0.9529504 -0.1233404 -0.2753216 0.9548014 -0.1120366 -0.3856573 0.9154841 -0.1147052 -0.6176725 0.7842722 -0.05829131 -0.5437484 0.836654 -0.06593704 -0.6160814 0.7822497 -0.09235358 -0.646787 0.7615231 -0.04182356 -0.7657812 0.6425349 -0.02698308 -0.6463605 0.7630166 -0.004887998 -0.2554746 0.966 -0.03970819 -0.5352771 0.8445941 0.01180112 -0.4819695 0.8759205 -0.02164882 0.1571967 0.9807608 -0.1157478 0.3562909 0.9288974 -0.1010259 0.0537284 0.9943055 -0.09203189 0.3605057 0.9299906 -0.07178586 -0.03501427 0.9978104 -0.05611044 -0.4819691 0.8759208 -0.02164727 -0.6489758 0.7604591 -0.02307617 -0.3452167 0.9370763 -0.05209171 -0.5423051 0.8383899 -0.05484104 -0.3737939 0.9248361 -0.07040148 -0.3784363 0.9196443 -0.105073 -0.3861046 0.9165048 -0.1046053 -0.03083938 0.9991663 -0.02675098 -0.05456906 0.9974728 -0.04549962 -0.1318299 0.9904288 -0.04088753 -0.1362282 0.9883254 -0.06822574 0.05589032 0.9953312 -0.07868963 -0.1677889 0.9819449 -0.08735519 0.09132772 0.9907204 -0.1006599 0.01520568 0.9937747 -0.1103653 -0.766277 0.6425104 0 -0.404214 0.9146645 0 -0.9997274 -0.02334994 1.80001e-5 -0.999454 0.03304141 -2.10447e-5 -0.9947063 0.1027581 -5.93664e-4 -0.9777297 0.2098503 -0.002737045 -0.9397204 0.3418444 -0.008242964 -0.9730728 0.2304981 0 -0.8269082 0.562337 0 -0.7177658 0.6962289 -0.008810877 -0.9369863 -0.3492555 -0.008800029 -0.9730728 -0.2304981 0 -0.8269109 -0.5623329 0 -0.9786177 -0.2056747 -0.002313196 -0.996558 -0.08289796 -3.98295e-4 -0.9997251 -0.02344429 1.8e-5 -0.7177664 -0.6962283 -0.008810758 -0.766277 -0.6425104 0 -0.404214 -0.9146645 0 -0.2768983 -0.9529504 -0.1233404 -0.6436281 -0.7653257 -0.00441873 -0.03073376 -0.9991891 -0.02601093 -0.03073388 -0.9991891 -0.02601104 -0.2579888 -0.9660988 -0.009743809 -0.4704722 -0.8821346 -0.02223563 -0.4712937 -0.8817055 -0.02185815 -0.4712941 -0.8817057 -0.02184069 -0.6618267 -0.7459867 -0.07408964 -0.6717931 -0.738541 -0.05702012 -0.6625271 -0.7467773 -0.0581513 -0.3770337 -0.9213935 -0.09423196 -0.4399854 -0.893023 -0.09446036 -0.2745142 -0.9556847 -0.1063427 -0.4392921 -0.8916212 -0.1096999 0.3534859 -0.9277974 -0.1193299 -0.643628 -0.7653257 -0.004418611 -0.474303 -0.8794036 -0.04106086 -0.3452167 -0.9370763 -0.05209171 -0.3421186 -0.9390751 -0.03305673 0.007173418 -0.9904707 -0.1375367 0.004502713 -0.9935194 -0.1135736 -0.170568 -0.9797369 -0.1049867 -0.3737939 -0.9248361 -0.07040148 -0.5423051 -0.8383899 -0.05484104 -0.5419911 -0.838743 -0.0524953 -0.7657812 -0.642535 -0.02698308 -0.03501427 -0.9978104 -0.05611044 0.3605057 -0.9299906 -0.07178586 0.0537284 -0.9943055 -0.09203189 0.160443 -0.9823458 -0.0962029 0.1571967 -0.9807607 -0.1157484 -0.2617921 -0.9645786 -0.03244835 -0.1318299 -0.9904288 -0.04088753 -0.1362282 -0.9883254 -0.06822574 0.05589038 -0.9953312 -0.07868963 -0.1677888 -0.9819449 -0.08735519 0.09132927 -0.9907202 -0.10066 0.01520556 -0.9937747 -0.1103657 -0.02836769 -0.9995528 -0.009461462 0.02513664 -0.9995797 0.01444894 0.07078629 -0.9965912 0.04237037 0.3607633 -0.9300315 -0.06993746 0.3579745 -0.9294219 -0.08960616 0.2908717 -0.9545996 -0.06429022 0.2817036 -0.9574079 -0.06335091 0.227067 -0.9707389 -0.07814478 0.2903383 -0.9545687 -0.0671001 0.2903368 -0.9545689 -0.06710213 0.1591756 -0.9844855 -0.07383406 0.2262888 -0.971324 -0.0729596 0.2262895 -0.971324 -0.07295703 0.03654038 -0.5143796 -0.8567838 0.0551657 -0.9789965 -0.1962717 0.05141973 -0.6652143 -0.7448798 0.2747281 -0.9259181 -0.2592298 0.1257966 -0.9828262 -0.1350107 0.1600252 -0.9846142 -0.07019102 0.07654142 -0.9968237 -0.02199655 0.07657974 -0.9968212 -0.02197986 0.07303714 -0.997038 -0.02409893 0.07861572 -0.9967035 -0.02003973 0.06928658 -0.996472 -0.04736065 0.02510613 -0.9995805 0.01444691 0.02512675 -0.9995801 0.01443725 0.08221822 -0.9964159 -0.01989191 0.06018066 -0.9980126 -0.01868849 0.06085658 -0.99805 -0.01387578 0.05532884 -0.9981686 -0.02445948 0.04297411 -0.9990162 -0.01095426 -0.03011107 -0.9993115 -0.02167379 0.01749253 -0.9996134 -0.02161186 0.01785182 -0.9996454 -0.01975834 0.03992104 -0.9990929 -0.01481771 0.04297202 -0.9990161 -0.01096129 0.06744188 -0.9977231 -4.37781e-4 0.05761903 -0.9983383 8.58333e-4 0.05772179 -0.9983325 6.70351e-4 -0.08965617 -0.9959725 -8.32192e-4 0.06664723 -0.9976875 -0.013336 0.07095837 -0.9973585 -0.01552301 0.07692873 -0.9968773 -0.01782101 0.07185161 -0.9972923 -0.01566487 0.006793022 -0.9999769 0 -0.022439 -0.9997482 -2.78704e-4 -0.1291623 -0.9916224 -0.001456499 -0.7055732 -0.7086371 1.13717e-5 -0.6998597 -0.7142775 0.002029061 -0.1317369 -0.9912839 -0.00124973 -0.3146766 -0.9491834 -0.005444586 -0.0896582 -0.9959725 2.9878e-4 -0.3883844 -0.9214975 3.08476e-4 -0.3883752 -0.9215013 3.08702e-4 -0.5796175 -0.8148109 -0.01125949 -0.4227724 -0.9062338 0.001960754 -0.6997188 -0.7144155 0.002029299 -0.6998592 -0.714278 0.00202912 -0.9179133 -0.396781 3.26109e-4 -0.9891361 -0.1469888 -0.002023816 -0.9959726 -0.08965778 3.1542e-4 -0.9517529 -0.3067916 -0.006733596 -0.9838892 -0.1787554 -0.002921998 -0.9891455 -0.1469252 -0.002022683 -0.9981719 -0.06043547 -5.31983e-4 -0.9999791 -0.006456971 0 -0.9971552 0.07359129 -0.01630252 -0.9942964 0.1034887 -0.025783 -0.9979606 0.06205594 -0.0149545 -0.998862 0.04678738 -0.009248852 -0.9973807 0.07076936 -0.01494884 -0.9980186 0.06284689 -0.003017127 -0.9997166 0.02334785 0.004658043 -0.9988697 0.04664081 -0.009167015 -0.7126976 -0.70147 0.001462101 -0.7086371 -0.7055732 1.13717e-5 -0.7127 -0.7014675 0.001462399 -0.7125671 -0.7016025 0.00146234 -0.9062346 -0.4227728 0.001409947 -0.814077 -0.5806343 -0.01193451 -0.9179136 -0.3967804 3.26122e-4 -0.9977718 0.06528639 -0.01375365 -0.9974898 0.06986951 -0.01150298 -0.9908733 0.1276273 0.04337471 -0.9977515 0.06575298 -0.01297873 -0.9979869 0.05890411 -0.02350395 -0.9859949 0.1467601 -0.07921761 -0.9852255 0.1623955 -0.0543915 -0.9960885 0.08355844 -0.028737 -0.9966371 0.06859385 -0.04482632 -0.9919024 0.09847468 -0.0802024 -0.9864093 0.1523991 -0.06141132 -0.9794316 0.1858798 -0.07850122 -0.9793907 0.1858456 -0.0790897 -0.9793907 0.1858439 -0.07909429 -0.9520592 0.2996398 -0.06163936 -0.9520589 0.2996408 -0.06163829 -0.9651299 0.2486799 -0.08174675 -0.9683021 0.241462 -0.06393212 -0.9683019 0.2414612 -0.06393557 -0.9517774 0.2964973 -0.07879728 -0.9299805 0.3604654 -0.07211732 -0.9460577 0.3167845 -0.06798917 -0.9300813 0.3611273 -0.06734955 -0.9985119 0.05343621 -0.01088458 -0.9984554 0.05377149 -0.01398283 -0.9984699 0.04982703 -0.02398055 -0.9991204 0.04006803 -0.0123701 -0.9989973 0.03647452 -0.02595967 -0.999856 0.01417857 -0.009330868 -0.9998164 0.01356148 -0.01353925 -0.9995157 0.01052713 -0.02928453 -0.9995232 -0.02902698 -0.01052457 -0.9995085 -0.02878743 -0.01241081 -0.9995085 -0.02878862 -0.01240783 -0.9910266 -0.02696365 -0.1309171 -0.975794 0.186642 -0.1139772 -0.7626145 -0.6464375 -0.02318793 -0.8762525 -0.4813629 -0.02170395 -0.8461105 -0.5328815 0.01159566 -0.8762521 -0.4813639 -0.02170318 -0.8762513 -0.4813647 -0.02171498 -0.9757941 0.1866416 -0.1139769 -0.9203193 -0.3764614 -0.1062511 -0.9549838 -0.274284 -0.1130232 -0.9714604 -0.1965475 -0.132792 -0.9638631 -0.2383331 -0.1190177 -0.963863 -0.2383332 -0.1190186 -0.7887685 -0.6071852 -0.09576219 -0.7672844 -0.6398987 -0.04247665 -0.6421707 -0.7660921 -0.02682733 -0.7651425 -0.6438403 -0.005167722 -0.9757941 0.1866421 -0.1139771 -0.9288938 0.3562979 -0.1010351 -0.9942569 0.05454409 -0.09207648 -0.9299891 0.3605154 -0.07175654 -0.9978123 -0.03501069 -0.05607938 -0.9931352 -0.03426539 -0.1118408 -0.980024 -0.1689428 -0.1049342 -0.9256972 -0.3716561 -0.07040286 -0.9682037 -0.2499192 -0.01104992 -0.9662064 -0.2546997 -0.03966194 -0.9396272 -0.3405976 -0.03307598 -0.9376416 -0.3436861 -0.05204164 -0.8396723 -0.5403148 -0.05486744 -0.8380653 -0.5416624 -0.06517958 -0.7940006 -0.6050757 -0.05870717 -0.7849233 -0.6042247 -0.1371424 -0.9991663 -0.03083848 -0.02675092 -0.9974722 -0.05457592 -0.04550623 -0.9905281 -0.1310645 -0.0409426 -0.9884368 -0.1354445 -0.06817221 -0.9952889 0.05672287 -0.07862877 -0.9822194 -0.166171 -0.08736264 -0.9879878 0.1165134 -0.101512 -0.9910263 -0.02696394 -0.130919 0.1690741 -0.9856035 0 -0.8406293 0.5415521 -0.007977187 -0.8406287 0.5415529 -0.007995367 -0.999668 -0.025761 -5.06118e-4 -0.9864746 0.1638312 -0.005212068 -0.9864753 0.163827 -0.005211353 -0.9582402 0.2842025 -0.03169679 -0.9873616 0.1584823 6.85567e-4 -0.9081004 0.4187521 7.10128e-4 -0.8809224 0.4732563 -0.002046704 -0.8867729 -0.4622054 0 -0.9682319 -0.2498737 -0.009491324 -0.9416038 -0.3367196 0.00146991 -0.9801642 -0.1981816 0.001491606 -0.9801564 -0.1982202 0.001491844 -0.7583137 -0.6518898 0 -0.593488 -0.8048114 -0.007113873 -0.4970024 -0.8607324 -0.1101288 -0.2203705 -0.9754162 0 -0.09787064 -0.995148 -0.01009166 -0.213878 -0.9768502 -0.004474163 -0.3030697 -0.9529668 -0.001771867 -0.3654922 -0.9308143 -6.20362e-4 -0.4232637 -0.9060066 0 -0.6629704 -0.7486457 0 -0.4747841 -0.8799703 -0.01523959 -0.500127 -0.8658472 -0.01347792 0.3345643 -0.942312 -0.01071095 0.2767319 -0.9609472 0 0.6392599 -0.7689908 0 0.4780377 -0.8696362 -0.1233407 0.08605295 -0.9962808 -0.004418611 0.6848042 -0.7282628 -0.02601081 0.684804 -0.728263 -0.02601099 0.5007073 -0.8655618 -0.009743869 0.2910885 -0.9564377 -0.02223557 0.2902035 -0.9567154 -0.02185767 0.2902034 -0.9567156 -0.02184718 0.05951082 -0.9954743 -0.07409095 0.04719775 -0.9972568 -0.05702024 0.05957961 -0.9965283 -0.05815196 0.3849204 -0.9181267 -0.0942319 0.3203461 -0.9425792 -0.0944603 0.4816569 -0.8698838 -0.1063424 0.3198443 -0.9410982 -0.1096995 0.9060032 -0.4061016 -0.1193302 0.08605295 -0.9962807 -0.004418671 0.2864491 -0.9572151 -0.04106092 0.4185051 -0.9067193 -0.05209159 0.4221091 -0.9059422 -0.03305649 0.7054411 -0.6952978 -0.1375273 0.7057082 -0.6993404 -0.1135737 0.5721724 -0.8133858 -0.104987 0.3896456 -0.9182701 -0.07040119 0.2093653 -0.9762985 -0.0548408 0.2098369 -0.9763261 -0.05249536 -0.08714854 -0.9958298 -0.0269829 0.6808001 -0.730317 -0.0561105 0.9125187 -0.4026862 -0.07178592 0.7410713 -0.6650891 -0.09203201 0.8080714 -0.581176 -0.0962029 0.8046553 -0.5823507 -0.1157476 0.496943 -0.8671762 -0.03244853 0.6071233 -0.7935549 -0.04088801 0.6025261 -0.7951777 -0.06822645 0.7433253 -0.6642856 -0.07868999 0.575699 -0.812982 -0.08735543 0.7651242 -0.6359658 -0.1006599 0.713454 -0.6919558 -0.1103661 0.6867343 -0.726847 -0.009462177 0.7245971 -0.6890233 0.0143547 0.7547527 -0.65464 0.04236567 0.9127289 -0.4025355 -0.06993705 0.9103269 -0.4040739 -0.08960586 0.8806816 -0.469326 -0.06428992 0.8761852 -0.477793 -0.06335079 0.8469766 -0.5258556 -0.07814449 0.8802817 -0.4696825 -0.06709998 0.8802819 -0.4696823 -0.06709957 0.8086913 -0.583581 -0.07383477 0.8468401 -0.5268194 -0.07296025 0.8468406 -0.5268189 -0.07295775 0.3895696 -0.3378928 -0.8567754 0.7312681 -0.6532545 -0.1962286 0.5067367 -0.4340195 -0.7448791 0.8489832 -0.4604683 -0.2592228 0.7839166 -0.6060083 -0.1350138 0.8093811 -0.5830728 -0.07020205 0.7590137 -0.6507039 -0.02197229 0.759023 -0.6506931 -0.02196609 0.7566043 -0.6534271 -0.02414548 0.7603695 -0.6491821 -0.02002418 0.7535985 -0.6556247 -0.04738712 0.7245616 -0.6890593 0.01440954 0.7246099 -0.6890093 0.01437705 0.7626948 -0.6464526 -0.01989287 0.7482562 -0.6631466 -0.01869076 0.7487619 -0.6626939 -0.013866 0.7449338 -0.6666899 -0.02445858 0.7367989 -0.6760232 -0.01095658 0.6853287 -0.7279114 -0.02167332 0.719202 -0.6944648 -0.02161145 0.7194787 -0.6942334 -0.01975774 0.7346914 -0.6782396 -0.01481777 0.7368 -0.676022 -0.01095122 0.7553967 -0.6550927 -0.01514774 0.7223207 -0.6915252 0.006779134 0.745159 -0.6668869 0 0.753924 -0.6569377 -0.005619466 0.7488445 -0.6627389 -0.003033697 0.7338642 -0.6792191 -0.01024061 0.7338863 -0.6791949 -0.0102545 0.7002251 -0.7139222 -1.57052e-4 0.6911077 -0.7227517 -2.78078e-4 0.6098487 -0.7925165 -0.001456618 0.002169311 -0.9999976 1.17001e-5 0.0101962 -0.999946 0.002029001 0.6098539 -0.7925125 -0.001456499 0.4620708 -0.886819 -0.006540596 0.6408627 -0.7676555 2.98821e-4 0.3769699 -0.9262254 3.0849e-4 0.3769757 -0.926223 3.08632e-4 0.1663088 -0.9860094 -0.01125943 0.3418576 -0.9397497 0.001960635 0.01031756 -0.9999447 0.002029061 0.01019608 -0.9999459 0.002028942 -0.007941067 -0.9999673 0.001462221 -0.002169311 -0.9999976 1.17001e-5 -0.7643803 -0.644514 -0.01801437 -0.7475228 -0.6640841 -0.0142107 -0.7573972 -0.6527304 -0.01710247 -0.738583 -0.6740781 -0.01066833 -0.7386097 -0.6740486 -0.01068902 -0.7303652 -0.6830508 0.00290066 -0.6241145 -0.7813321 -0.001171171 -0.66875 -0.7434873 -2.17333e-4 -0.7470985 -0.6647135 0 -0.750447 -0.6609254 -0.002635121 -0.7553296 -0.6551712 -0.01509678 -0.1650719 -0.9862093 -0.01193457 -0.3418579 -0.9397506 0.001409649 -0.007767498 -0.9999688 0.001461923 -0.007939279 -0.9999675 0.001462042 -0.3684868 -0.929633 3.262e-4 -0.368483 -0.9296345 3.26107e-4 -0.6408627 -0.7676555 3.15411e-4 -0.4560762 -0.8899153 -0.00673294 -0.5744223 -0.8185545 -0.002740561 -0.7710126 -0.6317492 -0.08020371 -0.6864467 -0.7270805 -0.01203578 -0.6864467 -0.7270805 -0.01203572 -0.6845362 -0.7289342 -0.008080124 -0.7329939 -0.6801741 -0.009117603 -0.7520133 -0.6590266 -0.01264852 -0.7535938 -0.6557626 -0.0455178 -0.7631205 -0.645586 -0.02942615 -0.7910093 -0.6101967 0.0443207 -0.7547593 -0.6559022 -0.01144021 -0.8239452 -0.5611218 -0.0790987 -0.8239474 -0.5611197 -0.07909065 -0.8009769 -0.5934317 -0.07921397 -0.8114908 -0.5818291 -0.0543828 -0.8052409 -0.5897579 -0.06142324 -0.7516124 -0.6594489 -0.01435172 -0.7516174 -0.6594433 -0.01434016 -0.7426167 -0.6694481 -0.01896524 -0.7412135 -0.6708416 -0.023956 -0.8239989 -0.5611265 -0.07850325 -0.8850855 -0.4613291 -0.06163835 -0.8850857 -0.4613286 -0.06163781 -0.8582935 -0.5066063 -0.08174633 -0.8554337 -0.5139506 -0.06393796 -0.855434 -0.5139502 -0.06393611 -0.7336736 -0.6793565 -0.01406717 -0.7336733 -0.6793566 -0.01406848 -0.7177374 -0.6960161 -0.02036416 -0.7163201 -0.6971341 -0.02982264 -0.882664 -0.463352 -0.07879698 -0.9124807 -0.4027132 -0.07211774 -0.8929671 -0.4449571 -0.06799149 -0.9130172 -0.4023225 -0.06735098 -0.4221091 -0.9059422 -0.03305649 -0.5721724 -0.8133858 -0.104987 -0.5072301 -0.8617405 -0.01099419 -0.2785623 -0.9601739 -0.02166223 -0.8046553 -0.5823507 -0.1157478 -0.7054411 -0.6952978 -0.1375273 -0.7057082 -0.6993403 -0.1135737 -0.4780376 -0.8696362 -0.1233407 -0.4804615 -0.8698302 -0.1120364 -0.3746443 -0.9200459 -0.1147049 -0.1177976 -0.9913253 -0.05829071 -0.207117 -0.9760916 -0.0659371 -0.1175013 -0.9887689 -0.09235525 -0.08113199 -0.9958255 -0.04182362 0.08714854 -0.9958298 -0.02698296 -0.08249056 -0.9965799 -0.00488758 -0.5024165 -0.8637135 -0.03970807 -0.2187239 -0.9757154 0.01180046 -0.2785627 -0.960174 -0.02164596 -0.8046553 -0.5823507 -0.1157478 -0.9087641 -0.404897 -0.1010259 -0.7410713 -0.6650891 -0.09203201 -0.9125187 -0.4026862 -0.07178592 -0.6808001 -0.730317 -0.0561105 -0.2785652 -0.9601734 -0.02164757 -0.07883268 -0.9966208 -0.02307647 -0.4185051 -0.9067193 -0.05209159 -0.2093653 -0.9762985 -0.0548408 -0.3896457 -0.9182701 -0.07040119 -0.3826918 -0.9178816 -0.1050734 -0.375081 -0.9210709 -0.1046077 -0.6847136 -0.7283211 -0.02674877 -0.6667343 -0.7439053 -0.04549998 -0.6071234 -0.7935549 -0.04088801 -0.6025261 -0.7951777 -0.06822645 -0.7433253 -0.6642856 -0.07868999 -0.575699 -0.812982 -0.08735543 -0.7651238 -0.6359664 -0.1006599 -0.713454 -0.6919558 -0.1103659 0.7871091 -0.6059074 -0.1154791 0.7675008 -0.6410308 -0.004706025 0.9991892 -0.03073287 -0.02601099 0.9660236 -0.2275122 -0.1226233 0.9660237 -0.2275121 -0.1226227 0.9277934 0.3534922 -0.1193428 0.9991891 -0.03073251 -0.02601069 0.9663079 -0.2572025 -0.009803116 0.8823359 -0.4700977 -0.02217161 0.8820548 -0.4706367 -0.02191883 0.8820549 -0.4706367 -0.02191698 0.9627347 -0.2437286 -0.1172102 0.9171833 -0.3841679 -0.1057822 0.9203017 -0.3764747 -0.1063563 0.7937672 -0.6053851 -0.05867373 0.7729316 -0.6320376 -0.05572378 0.7887685 -0.6071852 -0.09576219 0.7675008 -0.6410308 -0.004705846 0.879779 -0.4736163 -0.04094612 0.9376416 -0.3436861 -0.05204164 0.9396272 -0.3405976 -0.03307598 0.9908138 0.01053339 -0.1348227 0.99351 0.006886541 -0.1135372 0.980024 -0.1689429 -0.1049342 0.9256972 -0.3716561 -0.07040286 0.8396723 -0.5403148 -0.05486744 0.8400163 -0.5400076 -0.05257791 0.6421707 -0.7660921 -0.02682733 0.9978123 -0.03501069 -0.05607938 0.929989 0.3605154 -0.07175654 0.9942569 0.05454409 -0.09207648 0.9822247 0.1611617 -0.0962364 0.9806412 0.1579152 -0.1157829 0.9647898 -0.2610052 -0.03251171 0.9905281 -0.1310646 -0.0409426 0.9884368 -0.1354445 -0.06817221 0.9952889 0.05672281 -0.07862877 0.9822195 -0.166171 -0.08736264 0.9853094 0.1368027 -0.1022273 0.9937717 0.01528102 -0.1103821 0.8867729 -0.4622054 0 -0.2767319 -0.9609472 0 -0.6392599 -0.7689908 0 0.4708324 -0.8822227 0 0.4235985 -0.9058501 0 0.3161618 -0.9487046 -0.001128554 0.1312156 -0.9913265 -0.007372498 0.2203705 -0.9754162 0 -0.1690883 -0.9856008 0 -0.3345694 -0.9423102 -0.0107119 0.6629703 -0.7486457 0 0.758974 -0.6510381 -0.01038539 0.678688 -0.7344106 -0.004875242 0.6040804 -0.7969211 -0.001935064 0.5424534 -0.8400858 -6.02778e-4 0.5007815 -0.8655737 -1.54218e-4 0.9982292 0.05940896 -0.003009557 0.9915392 -0.1297708 0.003078043 0.9915394 -0.1297702 0.003078043 0.9416006 -0.3367184 0.003006696 0.9787661 -0.2045392 -0.01344525 0.9338862 -0.3575379 -0.00481379 0.8405346 0.5414911 -0.0169999 0.8405346 0.5414911 -0.01699858 0.8476647 0.5305085 -0.005034863 0.9472877 0.3203368 0.005494236 0.9873473 0.1584799 0.005408108 0.9713983 0.236994 -0.01480621 0.971399 0.2369914 -0.01480573 0.9965912 0.07078629 0.04237037 0.9968237 0.07654142 -0.02199655 0.9968212 0.07657974 -0.02197986 0.9993811 0.02125072 0.02803015 0.9966368 0.06966096 -0.04315769 0.9965864 0.080401 -0.01873987 0.997038 0.07303714 -0.02409893 0.9964159 0.08221822 -0.01989191 0.9980126 0.06018066 -0.01868849 0.99805 0.06085658 -0.01387578 0.9990929 0.03992104 -0.01481771 0.9990161 0.04297202 -0.01096129 0.9990162 0.04297411 -0.01095426 0.9294196 0.35798 -0.08960705 0.9993116 -0.0301119 -0.02167361 0.9545687 0.2903383 -0.0671001 0.9545689 0.2903368 -0.06710213 0.9545996 0.2908723 -0.06428784 0.9574103 0.2816958 -0.06334757 0.9300284 0.3607715 -0.06993693 0.971324 0.2262895 -0.07295703 0.9707389 0.227067 -0.07814478 0.9996454 0.01785182 -0.01975834 0.9996134 0.01749253 -0.02161198 0.9995528 -0.02836686 -0.009461522 0.9981686 0.05532884 -0.02445948 0.9844855 0.1591756 -0.07383406 0.971324 0.2262888 -0.0729596 0.445016 0.03161311 -0.8949644 0.9993807 0.02130335 0.02800941 0.999382 0.02127736 0.02798151 0.9767459 0.05403399 -0.20748 0.6664192 0.05216044 -0.7437504 0.9259181 0.2747281 -0.2592298 0.9828262 0.1257966 -0.1350107 0.9846142 0.1600252 -0.07019102 0.7014707 -0.7126968 0.001461863 0.7055732 -0.7086371 1.13717e-5 -0.0846796 -0.9962456 -0.01800304 0.1111789 -0.9937997 -0.00117129 -0.0455805 -0.9989038 -0.01065891 -0.04565125 -0.9989002 -0.01069581 -0.03342878 -0.9994368 0.002924323 0.03458511 -0.9994018 -3.59788e-4 -0.005679309 -0.9999839 -1.03024e-4 -0.05830073 -0.998299 0 -0.06331443 -0.9979902 -0.002618014 -0.07082998 -0.9973745 -0.01507109 0.5806466 -0.8140681 -0.01193577 0.4227728 -0.9062346 0.001409888 0.7014638 -0.7127037 0.001462161 0.7014682 -0.7126992 0.001462161 0.3967867 -0.9179108 3.2628e-4 0.3967936 -0.9179078 3.26109e-4 0.0896582 -0.9959725 3.1542e-4 0.3214712 -0.9469029 -0.005601644 0.08965623 -0.9959727 -2.93502e-4 0.1726214 -0.9849844 -0.002740383 0.1111701 -0.9938008 -0.001171171 -0.09847468 -0.9919024 -0.0802024 0.02873611 -0.9995146 -0.01203477 0.02873307 -0.9995146 -0.01203691 0.03139561 -0.9994744 -0.008080065 -0.03735119 -0.9992606 -0.009121358 -0.06575018 -0.9977561 -0.01263678 -0.06917679 -0.9965655 -0.04551571 -0.08312284 -0.9961053 -0.02940851 -0.1278353 -0.9908062 0.04428607 -0.06991732 -0.9974872 -0.01144337 -0.1858456 -0.9793907 -0.0790897 -0.1858439 -0.9793907 -0.07909429 -0.1467601 -0.9859949 -0.07921761 -0.1623955 -0.9852255 -0.0543915 -0.1523991 -0.9864093 -0.06141138 -0.06516218 -0.9977714 -0.01435768 -0.06517583 -0.9977708 -0.01433634 -0.05173259 -0.998481 -0.01896286 -0.04975581 -0.9984742 -0.02395194 -0.1858798 -0.9794316 -0.07850122 -0.2996398 -0.9520592 -0.06163942 -0.2996409 -0.9520589 -0.06163829 -0.2486799 -0.9651299 -0.08174675 -0.241462 -0.9683021 -0.06393212 -0.2414612 -0.9683019 -0.06393557 -0.03840804 -0.9991632 -0.01406234 -0.03840619 -0.9991632 -0.01406931 -0.01535904 -0.9996747 -0.0203647 -0.01356625 -0.9994632 -0.02982318 -0.2964973 -0.9517774 -0.07879728 -0.3604596 -0.9299827 -0.07211798 -0.3167919 -0.946055 -0.06799191 -0.3611188 -0.9300844 -0.06735128 0.3421186 -0.9390751 -0.03305673 0.170568 -0.9797369 -0.1049867 0.2506759 -0.9680086 -0.01099419 0.4819695 -0.8759205 -0.02164953 -0.1571967 -0.9807607 -0.1157481 -0.007173657 -0.9904708 -0.1375359 -0.004503011 -0.9935194 -0.1135736 0.2768983 -0.9529504 -0.1233406 0.2753216 -0.9548014 -0.1120366 0.3856573 -0.9154841 -0.1147052 0.6176725 -0.7842722 -0.05829131 0.5437484 -0.836654 -0.06593704 0.6160814 -0.7822497 -0.09235358 0.646787 -0.7615231 -0.04182356 0.7657812 -0.6425349 -0.02698308 0.6463605 -0.7630166 -0.004887998 0.2554746 -0.966 -0.03970819 0.5352771 -0.8445941 0.01180112 0.4819695 -0.8759205 -0.02164882 -0.1571967 -0.9807608 -0.1157478 -0.3562909 -0.9288974 -0.1010259 -0.0537284 -0.9943055 -0.09203189 -0.3605057 -0.9299906 -0.07178586 0.03501427 -0.9978104 -0.05611044 0.4819691 -0.8759208 -0.02164727 0.6489758 -0.7604591 -0.02307617 0.3452167 -0.9370763 -0.05209171 0.5423051 -0.8383899 -0.05484104 0.3737939 -0.9248361 -0.07040148 0.3784363 -0.9196443 -0.105073 0.3861046 -0.9165048 -0.1046053 0.03083938 -0.9991663 -0.02675098 0.05456906 -0.9974728 -0.04549962 0.1318299 -0.9904288 -0.04088753 0.1362282 -0.9883254 -0.06822574 -0.05589032 -0.9953312 -0.07868963 0.1677889 -0.9819449 -0.08735519 -0.09133523 -0.9907196 -0.1006602 -0.0152055 -0.9937747 -0.1103659 0.9897286 -0.1086049 -0.09296351 0.9880983 -0.12384 -0.0912432 0.9896091 -0.1087022 -0.0941146 0.9879653 -0.123826 -0.09269267 0.9438579 -0.3239876 -0.0645318 0.9123549 -0.4049278 -0.06034874 0.9130265 -0.4052364 -0.04654049 0.8020042 -0.5972416 -0.009580314 0.9130257 -0.4052384 -0.04654037 0.7097548 -0.7044097 -0.007419228 0.8020047 -0.5972409 -0.009580135 0.5962387 -0.8026707 -0.01480823 0.7098938 -0.7042167 -0.01139187 0.7098938 -0.7042165 -0.01139026 0.8468049 -0.5298733 -0.04643076 0.8466119 -0.5300218 -0.04822123 0.5962409 -0.802669 -0.01480841 0.9939223 -0.04230868 -0.101629 0.9636628 -0.2513137 -0.09052944 0.9899469 -0.1093434 -0.08971798 0.9645488 -0.2515522 -0.0797941 0.9424643 -0.3251159 -0.07785058 0.8276328 -0.5592129 -0.04800921 0.8276314 -0.559215 -0.04800897 0 0 -1 0 0 -1 0 0 -1 0 0 -1 0 0 -1 0 0 -1 0 0 -1 0 0 -1 0 0 -1 0 0 -1 0 0 -1 0 0 -1 0 0 -1 0 0 -1 0 0 -1 0 0 -1 0 0 -1 0 0 -1 0 0 -1 0 0 -1 0 0 -1 0 0 -1 0 0 -1 0 0 -1 0 0 -1 0 0 -1 0 0 -1 0 0 -1 0 0 -1 0 0 -1 0 0 -1 0 0 -1 0 0 -1 0 0 -1 0 0 -1 0 0 -1 0 0 -1 0 0 -1 0 0 -1 0 0 -1 0 0 -1 0 0 -1 0 0 -1 0 0 -1 0 0 -1 0 0 -1 0 0 -1 0 0 -1 0 0 -1 0 0 -1 0 0 -1 0 0 -1 0 0 -1 0 0 -1 0 0 -1 0 0 -1 0 0 -1 0 0 -1 0 0 -1 0 0 -1 0 0 -1 0 0 -1 0 0 -1 0 0 -1 0 0 -1 0 0 -1 0 0 -1 0 0 -1 0 0 -1 0 0 -1 0 0 -1 0 0 -1 0 0 -1 0 0 -1 0 0 -1 0 0 -1 0 0 -1 0 0 -1 0 0 -1 0 0 -1 0 0 -1 0 0 -1 0 0 -1 0 0 -1 0 0 -1 0 0 -1 0 0 -1 0 0 -1 0 0 -1 0 0 -1 0 0 -1 0 0 -1 0 0 -1 0 0 -1 0 0 -1 0 0 -1 0 0 -1 0 0 -1 0 0 -1 0 0 -1 0 0 -1 0 0 -1 0 0 -1 0 0 -1 0 0 -1 0 0 -1 0 0 -1 0 0 -1 0 0 -1 0 0 -1 0 0 -1 0 0 -1 0 0 -1 0 0 -1 0 0 -1 0 0 -1 0 0 -1 0 0 -1 0 0 -1 0 0 -1 0 0 -1 0 0 -1 0 0 -1 0 0 -1 0 0 -1 0 0 -1 0 0 -1 0 0 -1 0 0 -1 0 0 -1 0 0 -1 0 0 -1 0 0 -1 0 0 -1 0 0 -1 0 0 -1 0 0 -1 0 0 -1 0 0 -1 0 0 -1 0 0 -1 0 0 -1 0 0 -1 0 0 -1 0 0 -1 0 0 -1 0 0 -1 0 0 -1 0 0 -1 0 0 -1 0 0 -1 0 0 -1 0 0 -1 0 0 -1 0 0 -1 0 0 -1 0 0 -1 0 0 -1 0 0 -1 0 0 -1 0 0 -1 0 0 -1 0 0 -1 0 0 -1 0 0 -1 0 0 -1 0 0 -1 0 0 -1 0 0 -1 0 0 -1 0 0 -1 0 0 -1 0 0 -1 0 0 -1 0 0 -1 0 0 -1 0 0 -1 0 0 -1 0 0 -1 0 0 -1 0 0 -1 0 0 -1 0 0 -1 0 0 -1 0 0 -1 0 0 -1 0 0 -1 0 0 -1 0 0 -1 0 0 -1 0 0 -1 0 0 -1 0 0 -1 0 0 -1 0 0 -1 0 0 -1 0 0 -1 0 0 -1 0 0 -1 0 0 -1 0 0 -1 0 0 -1 0 0 -1 0 0 -1 0 0 -1 0 0 -1 0 0 -1 0 0 -1 0 0 -1 0 0 -1 0 0 -1 0 0 -1 0 0 -1 0 0 -1 0 0 -1 0 0 -1 0 0 -1 0 0 -1 0 0 -1 0 0 -1 0 0 -1 0 0 -1 0 0 -1 0 0 -1 0 0 -1 0 0 -1 0 0 -1 0 0 -1 0 0 -1 0 0 -1 0 0 -1 0 0 -1 0 0 -1 0 0 -1 0 0 -1 0 0 -1 0 0 -1 0 0 -1 0 0 -1 0 0 -1 0 0 -1 0 0 -1 0 0 -1 0 0 -1 0 0 -1 0 0 -1 0 0 -1 0 0 -1 0 0 -1 0 0 -1 0 0 -1 0 0 -1 0 0 -1 0 0 -1 0 0 -1 0 0 -1 0 0 -1 0 0 -1 0 0 -1 0 0 -1 0 0 -1 0 0 -1 0 0 -1 0 0 -1 0 0 -1 0 0 -1 0 0 -1 0 0 -1 0 0 -1 0 0 -1 0 0 -1 0 0 -1 0 0 -1 0 0 -1 0 0 -1 0 0 -1 0 0 -1 0 0 -1 0 0 -1 0 0 -1 0 0 -1 0 0 -1 0 0 -1 0 0 -1 0 0 -1 0 0 -1 0 0 -1 0 0 -1 0 0 -1 0 0 -1 0 0 -1 0 0 -1 0 0 -1 0 0 -1 0 0 -1 0 0 -1 0 0 -1 0 0 -1 0 0 -1 0 0 -1 0 0 -1 0 0 -1 0 0 -1 0 0 -1 0 0 -1 0 0 -1 0 0 -1 0 0 -1 0 0 -1 0 0 -1 0 0 -1 0 0 -1 0 0 -1 0 0 -1 0 0 -1 0 0 -1 0 0 -1 0 0 -1 0 0 -1 0 0 -1 0 0 -1 0 0 -1 0 0 -1 0 0 -1 0 0 -1 0 0 -1 0 0 -1 0 0 -1 0 0 -1 0 0 -1 0 0 -1 0 0 -1 0 0 -1 0 0 -1 0 0 -1 0 1 0 0 0 -1 0 0 -1 0 0 -1 0 0 -1 6.45606e-6 1.89255e-6 -1 0 -3.40547e-7 -1 0 0 -1 0 0 -1 0 0 -1 0 0 -1 0 0 -1 0 0 -1 0 0 -1 0 0 -1 0 0 -1 0 0 -1 7.85781e-6 -3.74783e-6 -1 0 5.36852e-7 -1 0 -1 0 -4.7153e-5 -0.9780194 0.2085136 0.07164406 -0.9141129 0.3990797 0.01971286 -0.9714585 0.2363893 0.04777443 -0.9411575 0.3345745 0.04584574 -0.9431362 0.3292299 0.01971369 -0.9714573 0.2363936 0 -0.9964458 0.08423721 0 -0.9964455 0.08423972 0 -0.9534122 0.3016706 0 -0.9534122 0.3016706 0 -0.9867667 -0.1621467 0 -0.9867667 -0.1621467 0 -0.8067436 -0.5909016 0 -0.8067436 -0.5909016 0 -0.4522711 -0.8918805 0 -0.4522711 -0.8918805 0 0 -1 0 0 -1 0 0.4522711 -0.8918805 0 0.4522711 -0.8918805 0 0.8067436 -0.5909016 0 0.8067436 -0.5909016 0 0.9867667 -0.1621467 0 0.9867667 -0.1621467 0 0.9534122 0.3016706 0 0.9534122 0.3016706 -0.6779599 0.6277188 0.3825435 -0.995339 0.02291315 0.09367644 -0.9036531 0.3763944 0.2042999 -0.9370078 0.2980307 0.1821927 -0.9026194 0.3628755 0.2315153 -0.9439181 0.2744567 0.1835544 -0.9007329 0.3489977 0.2586135 -0.6779868 0.6277001 0.3825266 -0.6779383 0.6277352 0.3825548 -0.6781224 0.6275789 0.382485 -0.6947466 -0.1861571 -0.6947466 -0.694747 -0.186157 -0.6947461 -0.5085908 -0.5085903 -0.6947456 -0.5085917 -0.5085906 -0.6947445 -0.1861576 -0.694749 -0.6947441 -0.1861547 -0.6947453 -0.6947485 0.1861566 -0.6947451 -0.6947482 0.1861559 -0.6947496 -0.6947437 0.5085914 -0.5085909 -0.6947446 0.5085911 -0.50859 -0.6947456 0.6947469 -0.1861572 -0.6947462 0.6947467 -0.1861569 -0.6947464 0.6947466 -0.186157 -0.6947464 -0.6947466 -0.186157 -0.6947464 -0.6947466 0.186157 -0.6947464 -0.6947473 0.1861565 -0.694746 -0.6947472 0.1861564 -0.6947461 -0.5085901 0.5085911 -0.6947454 -0.5085892 0.5085887 -0.6947478 -0.1861566 0.6947447 -0.6947485 -0.1861566 0.6947451 -0.6947482 0.1861567 0.6947451 -0.6947482 0.1861565 0.6947448 -0.6947485 0.5085884 0.5085893 -0.6947481 0.5085908 0.5085903 -0.6947456 0.6947472 0.1861565 -0.6947461 0.6947474 0.1861565 -0.6947459 0.6947466 0.186157 -0.6947464 -0.9659259 0.2588185 0 -0.9659259 0.2588185 0 -0.7071061 0.7071076 0 -0.7071061 0.7071076 0 -0.2588195 0.9659257 0 -0.2588195 0.9659257 0 0.2588195 0.9659257 0 0.2588195 0.9659257 0 0.7071061 0.7071076 0 0.7071061 0.7071076 0 0.9659259 0.2588185 0 0.9659259 0.2588185 0 0.9659258 -0.2588192 0 0.9659258 -0.2588192 0 0.7071075 -0.7071061 0 0.7071075 -0.7071061 0 0.2588195 -0.9659257 0 0.2588195 -0.9659257 0 -0.2588195 -0.9659257 0 -0.2588195 -0.9659257 0 -0.7071075 -0.7071061 0 -0.7071075 -0.7071061 0 -0.9659258 -0.2588192 0 -0.9659258 -0.2588192 0 0 1 0 0 1 0 0 1 0 0 1 0 0 1 0 0 1 0 0 1 0 0 1 0 0 1 0 0 1 0 0 1 0 0 1 0 0 1 0 0.9945219 0 -0.1045286 0.9945219 0 -0.1045285 0.9945217 -3.82303e-6 -0.104531 0.9945219 0 -0.1045285 0.9945219 0 -0.1045284 0.9945219 8.5313e-7 -0.1045281 0.8532952 0.5118721 -0.09936869 0.9545907 0.2792813 -0.1037231 0.8570191 0.5049633 -0.1026184 0.9533552 0.2832308 -0.104375 0.9111362 0.3986934 -0.1042809 0.9111363 0.3986929 -0.104281 0.9111365 0.3986928 -0.104281 0.9111362 0.3986935 -0.104281 0.8701975 0.4814937 -0.1044994 0.8570194 0.5049624 -0.1026186 0.4429293 0.889864 -0.1093413 0.4414997 0.8869816 -0.1354314 0.4365748 0.8893535 -0.1358415 0.71121 0.6922487 -0.1223615 0.7112154 0.692243 -0.122361 0.4445637 0.8845435 -0.1412304 0.8390189 0.5336943 -0.1059131 0.7335535 0.6691857 -0.1187004 0.7334807 0.6689212 -0.1206249 0.7255293 0.6777029 -0.1196916 0.714659 0.6887057 -0.1222577 0.4445633 0.8845437 -0.1412304 0.4363405 0.8885015 -0.1420283 0.1248315 0.9816808 -0.1439443 -0.3147011 0.9417015 -0.1190026 0.1248343 0.9816805 -0.1439442 0.06893754 0.9869486 -0.1455333 -0.2074826 0.9694437 -0.1308804 -0.3603007 0.9246701 -0.1231616 -0.2073253 0.9687289 -0.1363107 -0.443786 0.8881572 -0.1192926 -0.4873956 0.8660665 -0.11124 0.1267322 0.982182 -0.1387713 0.06945759 0.9884322 -0.1348238 0.06934374 0.9884446 -0.1347919 0.07011425 0.988389 -0.1348006 -0.314701 0.9417017 -0.1190011 -0.5013113 0.8582254 -0.1101651 -0.4461392 0.8846005 -0.1358003 -0.4983971 0.8601246 -0.1085637 -0.3682541 0.9242011 -0.1011995 -0.3682606 0.9241985 -0.1011995 -0.2981112 0.9463552 -0.1246662 -0.2981095 0.9463555 -0.1246671 -0.272637 0.9374593 -0.2164233 -0.2726383 0.9374604 -0.2164174 0.9993718 -0.0354408 0 0.9966146 0.08220016 0.001601457 0.9979317 -0.05088728 -0.03927969 0.9684917 -0.07856619 -0.2363283 0.9684826 -0.07856959 -0.2363651 -0.02566027 0.9995927 0.01248747 -0.06262648 0.9980371 0 0.1328303 0.9911386 6.1727e-4 -0.02562969 0.9995936 0.01248532 -0.02564787 0.9995931 0.01248657 0.9930759 0.1174739 0 0.8846855 0.4661884 0 0.8846855 0.4661884 0 0.5537326 0.8326945 0 0.5537326 0.8326945 0 0.1778011 0.9840664 0 0.00924474 0.9999048 0.01024723 0.8489022 -0.5172123 -0.108888 0.8608394 -0.4988113 -0.1007118 0.8768226 -0.4646613 -0.12358 0.8768221 -0.4646623 -0.1235796 0.9455018 -0.2749921 -0.174372 0.9455026 -0.2749927 -0.1743666 0.9455028 -0.2749954 -0.1743614 0.9405322 -0.3212595 -0.1104149 0.940531 -0.3212636 -0.1104134 0.9083727 -0.4057217 -0.1012376 0.8820385 -0.457319 -0.1134346 0.9050948 -0.4068015 -0.1237581 0.9875702 0.05484825 -0.1472977 0.981172 -0.1384176 -0.1346924 0.9811706 -0.1384282 -0.1346921 0.8924517 0.4273489 -0.1445785 0.97008 0.1957275 -0.1436503 0.9700798 0.1957285 -0.1436503 0.6738068 0.7289997 -0.1205977 0.6738068 0.7289997 -0.1205979 0.6639806 0.7380201 -0.1202338 0.6639811 0.7380195 -0.1202338 0.8514689 0.5062333 -0.1368523 0.8514668 0.5062368 -0.136852 0.8472266 0.5165342 -0.1240942 0.7560552 0.646934 -0.09928244 0.8929146 0.4274722 -0.1413187 0.6718964 0.7308777 -0.1198873 0.6718888 0.7308849 -0.1198863 0.981773 0.1430477 -0.1251367 0.9649685 0.2385942 -0.1091271 0.9649676 0.2385979 -0.1091263 0.9661715 0.2284323 -0.119714 0.9521057 -0.2828843 -0.1160658 0.9521054 -0.282885 -0.116066 0.9521055 -0.282885 -0.1160656 0.9867542 -0.09004843 -0.1349352 0.986752 -0.090074 -0.1349343 0.9888442 0.05517446 -0.1383573 0.9877395 0.06780499 -0.1406167 0.9141625 0.3807513 -0.1390519 0.247439 0.9638672 -0.09866088 0.4500527 0.886883 -0.1043602 0.5298798 0.8418204 -0.1027898 0.5249673 0.8452436 -0.09986227 0.5252742 0.8447734 -0.1022006 0.5112096 0.8537783 -0.09862834 0.5029005 0.8589747 -0.09619528 0.506657 0.8566342 -0.09734767 0.4975449 0.8617273 -0.09937435 0.4947729 0.8632534 -0.09996736 0.4909562 0.8653385 -0.1007533 0.4870033 0.8674825 -0.1014981 0.4833182 0.8694658 -0.102141 0.4786192 0.8719767 -0.1028606 0.4729398 0.8749876 -0.1035596 0.4657121 0.8787839 -0.1041691 0.2543607 0.9617087 -0.1020641 0.4586805 0.8824427 -0.1044372 0.4530848 0.8853181 -0.1045277 0.3805995 0.9188477 -0.1042256 0.3805992 0.9188478 -0.1042257 0.3805981 0.9188482 -0.1042257 0.2807949 0.9540637 -0.1044821 0.2543609 0.9617086 -0.1020641 -0.3160217 0.9424304 -0.10934 -0.3150059 0.9393773 -0.1354314 -0.3201629 0.9375729 -0.1358414 0.01342487 0.9923949 -0.1223605 0.01341176 0.9923949 -0.1223614 -0.3111105 0.9398214 -0.1412302 0.2158968 0.9706549 -0.1059131 0.04551589 0.9918864 -0.1187003 0.04565149 0.9916479 -0.120625 0.03381752 0.992235 -0.1196916 0.01835268 0.9923288 -0.1222574 -0.3111128 0.9398206 -0.1412304 -0.3197262 0.9368047 -0.1420283 -0.6058864 0.7824204 -0.1439442 -0.8884037 0.4433706 -0.1190013 -0.6058828 0.7824231 -0.1439442 -0.6491327 0.7466236 -0.1455332 -0.832212 0.5387889 -0.1308805 -0.9086124 0.3990671 -0.1231616 -0.8315968 0.5383923 -0.1363107 -0.9418252 0.3142204 -0.1192929 -0.957042 0.2677615 -0.1112401 -0.6048962 0.7841193 -0.1387713 -0.6498112 0.7480427 -0.134824 -0.6499033 0.7479686 -0.1347911 -0.649427 0.7483809 -0.1347982 -0.8884037 0.4433706 -0.1190019 -0.9613373 0.2523771 -0.1101652 -0.9409759 0.3100371 -0.1357992 -0.9606198 0.2557802 -0.1085636 -0.9139073 0.3931056 -0.1012001 -0.9139068 0.3931068 -0.1012001 -0.8799709 0.458377 -0.1246669 -0.8799698 0.4583787 -0.1246681 -0.8556656 0.4701005 -0.2164297 -0.8556685 0.4701001 -0.2164193 -0.5701156 0.8215644 0 -0.7005051 0.7135739 0.01024746 -0.7249584 0.6886794 0.01248699 -0.7500147 0.6614212 0 -0.6069154 0.7947663 6.1726e-4 -0.7249345 0.6887047 0.01248431 -0.7249743 0.6886628 0.0124886 0.6486572 0.7401987 -0.1770587 0.5589956 0.6091676 -0.562529 0.5589956 0.6091675 -0.5625292 0.09271091 0.09979641 -0.9906793 -0.1972595 0.9803513 0 -0.1972555 0.9803522 0 -0.1972551 0.9803522 0 -0.1972587 0.9803515 0 0.2959218 0.9552122 0 0.2959215 0.9552122 0 0.2959209 0.9552125 0 0.6465898 0.7628379 0 0.6465896 0.762838 0 0.9659863 0.2345493 -0.1088902 0.9614182 0.2559925 -0.1007118 0.9485729 0.2914405 -0.1235792 0.9485727 0.2914412 -0.1235795 0.8630214 0.4741212 -0.1743651 0.863022 0.4741213 -0.1743616 0.8630196 0.4741235 -0.1743677 0.8922222 0.4378909 -0.1104138 0.8922212 0.4378927 -0.1104145 0.9292062 0.3554247 -0.1012378 0.8884065 0.4433651 -0.1190016 0.9470689 0.3003211 -0.113436 0.9363392 0.3301771 -0.1193816 0.7908385 0.5952886 -0.1421466 0.9111936 0.3929678 -0.1237044 0.7917265 0.5959629 -0.134154 0.6490693 0.7465199 -0.1463461 0.5475724 0.8243738 -0.1434307 0.5475702 0.8243752 -0.1434307 0.2441112 0.9600359 -0.1368966 0.2441095 0.9600364 -0.1368965 -0.0523566 0.9914706 -0.1193522 -0.04337698 0.9917631 -0.1205177 -0.04335153 0.9918079 -0.1201566 -0.04334706 0.9919857 -0.1186816 -0.08742922 0.9892072 -0.117581 0.3196307 0.936635 -0.1433556 0.320277 0.9377712 -0.1341926 0.2447642 0.9600629 -0.1355349 0.437056 0.8913865 -0.1200513 0.6104195 0.7799074 -0.1383197 0.6498109 0.7480431 -0.134824 0.6499013 0.7479704 -0.1347917 0.6494352 0.7483739 -0.1347985 0.8884064 0.443365 -0.1190018 -0.2809256 0.954508 -0.09997648 -0.4657109 0.8787845 -0.1041692 -0.4748831 0.8739541 -0.103394 -0.4841389 0.8690214 -0.1020359 -0.4500527 0.886883 -0.1043602 -0.490987 0.8653217 -0.1007469 -0.4947711 0.8632544 -0.09996771 -0.5066538 0.8566289 -0.09741032 -0.4978787 0.8620654 -0.0946573 -0.5046161 0.857909 -0.09672009 -0.503183 0.8588009 -0.09627038 -0.5218355 0.8469448 -0.1018444 -0.523758 0.8476532 -0.08462691 -0.5239143 0.846354 -0.09590911 -0.5257955 0.8446463 -0.100556 -0.5296344 0.8419688 -0.10284 -0.2474198 0.9637928 -0.09943372 -0.2474228 0.9637918 -0.09943455 -0.2647378 0.9586507 -0.1044156 -0.3805981 0.9188482 -0.1042257 -0.3805992 0.9188478 -0.1042257 -0.3805995 0.9188477 -0.1042256 -0.4530848 0.8853181 -0.1045277 -0.458682 0.8824419 -0.1044372 -0.6983926 0.7047876 -0.1245875 -0.9621636 0.2438874 -0.1214917 -0.9621635 0.2438881 -0.121491 -0.9621636 0.2438876 -0.1214911 -0.8663527 0.4825792 -0.1286486 -0.7717797 0.6270694 -0.1055464 -0.6738683 0.7289391 -0.1206207 -0.6059849 0.7896621 -0.09600043 -0.6983872 0.7047932 -0.1245868 -0.6888025 0.7147594 -0.1211198 -0.8845182 0.4445636 -0.1413885 -0.6738683 0.7289391 -0.1206206 -0.6875084 0.7160182 -0.1210381 -0.6887176 0.7146717 -0.1221162 -0.8926892 0.4274125 -0.1429142 -0.8926519 0.4274025 -0.1431772 -0.8845242 0.4445515 -0.1413892 -0.9693821 -0.2074715 -0.1313546 -0.9693828 -0.2074677 -0.1313548 -0.9876815 0.05487608 -0.1465391 -0.9816384 0.1248256 -0.1442382 -0.9816377 0.124831 -0.1442382 -0.9366021 -0.3295099 -0.1191636 -0.9366026 -0.3295083 -0.119163 -0.9010142 -0.4156184 -0.1242368 -0.8660677 -0.4873938 -0.1112387 -0.9306746 0.3378773 -0.1402986 -0.9857206 0.09180951 -0.1411586 -0.9893535 0.05530965 -0.1346127 -0.9909053 0.01248836 -0.1339805 -0.9366021 -0.3295098 -0.1191631 -0.8582234 -0.5013149 -0.1101634 -0.8846005 -0.4461392 -0.1358003 -0.8601246 -0.4983971 -0.1085637 -0.9242011 -0.3682541 -0.1011995 -0.9241985 -0.3682606 -0.1011995 -0.9463552 -0.2981112 -0.1246662 -0.9463555 -0.2981095 -0.1246671 -0.9374593 -0.272637 -0.2164233 -0.9374604 -0.2726383 -0.2164174 -0.9995928 -0.02565944 0.01248741 -0.9999048 0.009244918 0.01024723 -0.9980371 -0.06262648 0 -0.9911386 0.1328303 6.1727e-4 -0.9995936 -0.02562969 0.01248532 -0.9995929 -0.02565205 0.01248693 -0.06472879 0.9820652 -0.1770824 -0.03547948 0.8260301 -0.5625081 -0.03547757 0.8260134 -0.5625329 -0.005009412 0.1361031 -0.990682 -0.9840664 0.1778011 0 -0.8326945 0.5537326 0 -0.8326945 0.5537326 0 -0.4661884 0.8846855 0 -0.4661884 0.8846855 0 -0.08220022 0.9966158 0 -0.08220189 0.9966157 0 0.5172052 0.8489062 -0.10889 0.4988122 0.860839 -0.1007111 0.4646611 0.8768226 -0.1235801 0.4646623 0.8768221 -0.1235796 0.2749915 0.9455021 -0.1743715 0.2749921 0.9455029 -0.1743661 0.2749949 0.9455031 -0.1743608 0.3212587 0.9405325 -0.1104145 0.3212628 0.9405313 -0.110413 0.4057207 0.9083732 -0.1012371 0.3146938 0.9417039 -0.1190024 0.4573189 0.8820384 -0.113436 0.4286213 0.8955623 -0.1193814 0.138265 0.9801413 -0.142147 0.3664364 0.922183 -0.1237046 0.1384266 0.9812446 -0.1341539 -0.06890672 0.9868307 -0.146346 -0.1957255 0.970113 -0.1434308 -0.1957325 0.9701116 -0.1434307 -0.5062381 0.851459 -0.1368964 -0.5062336 0.8514616 -0.1368967 -0.7380969 0.6640544 -0.1193522 -0.7319543 0.6706104 -0.1205177 -0.7319675 0.6706582 -0.1201711 -0.7320913 0.6707884 -0.1186816 -0.7612965 0.6376538 -0.117581 -0.4362879 0.8883141 -0.1433554 -0.4366343 0.8895745 -0.1341927 -0.5057911 0.8519423 -0.135535 -0.321265 0.939349 -0.1200512 -0.1198496 0.9831092 -0.1383199 -0.06945812 0.9884322 -0.1348237 -0.06934398 0.9884446 -0.1347917 -0.07015508 0.988386 -0.1348008 0.3146937 0.9417041 -0.1190012 -0.9888412 -0.1093948 -0.1011236 -0.8484594 -0.5196487 -0.1004086 -0.8484298 0.5195538 -0.1011469 -0.8483966 0.5196103 -0.1011351 -0.8528711 -0.5117798 -0.1034047 -0.9911069 -0.08279836 -0.1041707 -0.9980262 -0.01030915 -0.06194704 -0.9969578 -0.02866041 -0.07248157 -0.9951725 -0.05007767 -0.08440381 -0.9935968 -0.06559413 -0.09199351 -0.988376 -0.1178342 -0.09606242 -0.9913341 0.08565807 -0.0995965 -0.9923592 0.07664287 -0.09669071 -0.9936755 0.06484413 -0.09167432 -0.9951127 0.05078703 -0.08468478 -0.996626 0.03320384 -0.07506167 -0.9911984 0.08280599 -0.1032902 -0.9945206 0.001715362 -0.1045269 -0.9945212 -0.001129448 -0.1045296 -0.9888412 0.1093948 -0.1011236 -0.9890865 0.1040335 -0.1043304 -0.9636304 0.2460998 -0.1041695 -0.9636304 0.2460997 -0.1041695 -0.9094392 0.4025781 -0.1041695 -0.9094392 0.4025781 -0.1041696 -0.9094392 0.4025781 -0.1041696 -0.8573909 0.5039498 -0.1044778 -0.866 0.4896343 -0.1014995 -0.9923593 -0.07664221 -0.09669041 -0.9894735 -0.1003117 -0.1043056 -0.9636304 -0.2460997 -0.1041695 -0.8660577 -0.4896678 -0.1008442 -0.8556656 -0.5068759 -0.1044662 -0.9094392 -0.4025781 -0.1041696 -0.9094392 -0.4025781 -0.1041696 -0.9094392 -0.4025781 -0.1041695 -0.9636304 -0.2460998 -0.1041695 -0.4429293 -0.889864 -0.1093413 -0.4414998 -0.8869816 -0.1354314 -0.4365763 -0.8893527 -0.1358414 -0.7112097 -0.6922487 -0.1223616 -0.7112154 -0.6922429 -0.122361 -0.4445637 -0.8845434 -0.1412304 -0.839019 -0.5336944 -0.1059131 -0.7335538 -0.6691854 -0.1187003 -0.7334809 -0.6689211 -0.1206248 -0.7255293 -0.6777029 -0.1196916 -0.7146591 -0.6887057 -0.1222577 -0.4445636 -0.8845434 -0.1412303 -0.436342 -0.8885009 -0.1420281 -0.1248317 -0.9816808 -0.1439442 0.314693 -0.9417042 -0.1190021 -0.1248342 -0.9816805 -0.1439442 -0.06893754 -0.9869487 -0.1455332 0.2074828 -0.9694438 -0.1308803 0.3603019 -0.9246695 -0.1231615 0.2073253 -0.9687289 -0.1363107 0.443786 -0.8881572 -0.1192926 0.4873956 -0.8660665 -0.11124 -0.1267317 -0.982182 -0.1387713 -0.06945699 -0.9884323 -0.1348237 -0.06934374 -0.9884445 -0.134792 -0.0701462 -0.9883866 -0.134801 0.3146931 -0.9417042 -0.1190015 0.5013113 -0.8582254 -0.1101651 0.4461392 -0.8846005 -0.1358003 0.4983971 -0.8601246 -0.1085637 0.3682541 -0.9242011 -0.1011995 0.3682606 -0.9241985 -0.1011995 0.2981112 -0.9463552 -0.1246662 0.2981095 -0.9463555 -0.1246671 0.272637 -0.9374593 -0.2164233 0.2726383 -0.9374604 -0.2164174 0.02566051 -0.9995927 0.01248747 -0.009244918 -0.9999048 0.01024723 0.06262648 -0.9980371 0 -0.1328303 -0.9911386 6.1727e-4 0.02562969 -0.9995936 0.01248532 0.02564787 -0.9995931 0.01248657 -0.9820652 -0.06472879 -0.1770824 -0.8260301 -0.03547948 -0.5625081 -0.8260134 -0.03547757 -0.5625329 -0.1361031 -0.005009412 -0.990682 -0.1778011 -0.9840664 0 -0.5537326 -0.8326945 0 -0.5537326 -0.8326945 0 -0.8846855 -0.4661884 0 -0.8846855 -0.4661884 0 -0.9966158 -0.08220022 0 -0.9966157 -0.08220189 0 -0.8489022 0.5172123 -0.108888 -0.8608394 0.4988113 -0.1007118 -0.8768226 0.4646613 -0.12358 -0.8768221 0.4646623 -0.1235796 -0.9455018 0.2749921 -0.174372 -0.9455026 0.2749927 -0.1743666 -0.9455028 0.2749954 -0.1743614 -0.9405322 0.3212595 -0.1104149 -0.940531 0.3212636 -0.1104134 -0.9083727 0.4057217 -0.1012376 -0.8820385 0.457319 -0.1134346 -0.9050948 0.4068015 -0.1237581 -0.9875702 -0.05484825 -0.1472977 -0.981172 0.1384176 -0.1346924 -0.9811706 0.1384282 -0.1346921 -0.8924517 -0.4273489 -0.1445785 -0.97008 -0.1957275 -0.1436503 -0.9700798 -0.1957285 -0.1436503 -0.6738068 -0.7289997 -0.1205977 -0.6738068 -0.7289997 -0.1205979 -0.6639817 -0.7380191 -0.1202338 -0.6639792 -0.7380213 -0.1202337 -0.8514689 -0.5062333 -0.1368523 -0.8514668 -0.5062368 -0.136852 -0.8375547 -0.5327107 -0.1213319 -0.7557967 -0.6472641 -0.09909892 -0.8929279 -0.4274758 -0.1412242 -0.6714981 -0.7312688 -0.1197337 -0.6714664 -0.7312986 -0.1197298 -0.9798549 -0.156263 -0.1243634 -0.979856 -0.1562552 -0.1243649 -0.9674746 -0.233401 -0.09755498 -0.9695335 -0.2131233 -0.1207616 -0.9521057 0.2828843 -0.1160658 -0.9521054 0.282885 -0.116066 -0.9521055 0.282885 -0.1160656 -0.9867542 0.09004843 -0.1349352 -0.986752 0.090074 -0.1349343 -0.9888442 -0.05517446 -0.1383573 -0.9880397 -0.06455332 -0.1400371 -0.8989022 -0.4160577 -0.1373712 -0.5298798 -0.8418204 -0.1027898 -0.5249673 -0.8452436 -0.09986227 -0.5252742 -0.8447734 -0.1022006 -0.5112096 -0.8537783 -0.09862834 -0.5029005 -0.8589747 -0.09619528 -0.506657 -0.8566342 -0.09734767 -0.4975448 -0.8617273 -0.09937435 -0.4947729 -0.8632534 -0.09996736 -0.4909562 -0.8653385 -0.1007533 -0.4870033 -0.8674825 -0.1014981 -0.4833182 -0.8694658 -0.102141 -0.4786192 -0.8719767 -0.1028607 -0.4729399 -0.8749876 -0.1035596 -0.4657121 -0.8787839 -0.1041691 -0.4586805 -0.8824427 -0.1044372 -0.2543608 -0.9617086 -0.1020641 -0.2543607 -0.9617087 -0.1020641 -0.247439 -0.9638672 -0.09866088 -0.2807948 -0.9540637 -0.1044821 -0.3805984 -0.9188481 -0.1042257 -0.380599 -0.9188478 -0.1042257 -0.3805994 -0.9188476 -0.1042257 -0.3805992 -0.9188479 -0.1042256 -0.4530847 -0.8853182 -0.1045277 -0.4500532 -0.8868829 -0.1043602 0.3160217 -0.9424304 -0.10934 0.3150059 -0.9393773 -0.1354314 0.3201629 -0.9375729 -0.1358414 -0.01342487 -0.9923949 -0.1223605 -0.01341176 -0.9923949 -0.1223614 0.3111105 -0.9398214 -0.1412302 -0.2158968 -0.9706549 -0.1059131 -0.04551589 -0.9918864 -0.1187003 -0.04565149 -0.9916479 -0.120625 -0.03381752 -0.992235 -0.1196916 -0.01835268 -0.9923288 -0.1222574 0.3111128 -0.9398206 -0.1412304 0.3197262 -0.9368047 -0.1420283 0.6058864 -0.7824204 -0.1439442 0.8884037 -0.4433706 -0.1190013 0.6058828 -0.7824231 -0.1439442 0.6491327 -0.7466236 -0.1455332 0.832212 -0.5387889 -0.1308805 0.9086124 -0.3990671 -0.1231616 0.8315968 -0.5383923 -0.1363107 0.9418252 -0.3142204 -0.1192929 0.957042 -0.2677615 -0.1112401 0.6048962 -0.7841193 -0.1387713 0.6498112 -0.7480427 -0.134824 0.6499033 -0.7479686 -0.1347911 0.649427 -0.7483809 -0.1347982 0.8884037 -0.4433706 -0.1190019 0.9613373 -0.2523771 -0.1101652 0.9409759 -0.3100371 -0.1357992 0.9606198 -0.2557802 -0.1085636 0.9139073 -0.3931056 -0.1012001 0.9139068 -0.3931068 -0.1012001 0.8799709 -0.458377 -0.1246669 0.8799698 -0.4583787 -0.1246681 0.8556656 -0.4701005 -0.2164297 0.8556685 -0.4701001 -0.2164193 0.7513508 -0.659903 0 0.6069152 -0.7947665 4.69328e-4 0.7005051 -0.7135739 0.01024746 0.7249584 -0.6886794 0.01248699 0.6069153 -0.7947657 0.001093804 0.7262383 -0.6874181 0.005845904 0.7309247 -0.6824313 0.006055176 0.7223284 -0.6910743 0.02565228 0.7559239 -0.6545618 -0.01130998 -0.6486572 -0.7401987 -0.1770587 -0.5589956 -0.6091676 -0.562529 -0.5589956 -0.6091675 -0.5625292 -0.09271091 -0.09979641 -0.9906793 -0.6465892 -0.7628384 0 -0.6465896 -0.7628381 0 -0.6465906 -0.7628372 0 -0.2959209 -0.9552125 0 -0.2959215 -0.9552122 0 -0.2959218 -0.9552122 0 0.1972587 -0.9803515 0 0.1972551 -0.9803522 0 0.1972555 -0.9803522 0 0.1972595 -0.9803513 0 0.5701157 -0.8215644 0 -0.9659863 -0.2345493 -0.1088902 -0.9614182 -0.2559925 -0.1007118 -0.9485729 -0.2914405 -0.1235792 -0.9485727 -0.2914412 -0.1235795 -0.8630214 -0.4741212 -0.1743651 -0.863022 -0.4741213 -0.1743616 -0.8630196 -0.4741235 -0.1743677 -0.8922222 -0.4378909 -0.1104138 -0.8922212 -0.4378927 -0.1104145 -0.9292062 -0.3554247 -0.1012378 -0.8884065 -0.4433651 -0.1190016 -0.9470689 -0.3003211 -0.113436 -0.9363392 -0.3301771 -0.1193816 -0.7908385 -0.5952886 -0.1421466 -0.9111936 -0.3929678 -0.1237044 -0.7917265 -0.5959629 -0.134154 -0.6490693 -0.7465199 -0.1463461 -0.5475724 -0.8243738 -0.1434307 -0.5475702 -0.8243752 -0.1434307 -0.2441112 -0.9600359 -0.1368966 -0.2441095 -0.9600364 -0.1368965 0.0523566 -0.9914706 -0.1193522 0.04337698 -0.9917631 -0.1205177 0.04335153 -0.9918079 -0.1201566 0.04334706 -0.9919859 -0.1186808 0.08742934 -0.9892072 -0.117581 -0.3196307 -0.936635 -0.1433556 -0.320277 -0.9377712 -0.1341926 -0.2448847 -0.9600324 -0.1355335 -0.437056 -0.8913865 -0.1200513 -0.6104195 -0.7799074 -0.1383197 -0.6498109 -0.7480431 -0.134824 -0.6499013 -0.7479704 -0.1347917 -0.6494352 -0.7483739 -0.1347985 -0.8884064 -0.443365 -0.1190018 0.2809256 -0.954508 -0.09997648 0.4841389 -0.8690214 -0.1020359 0.458682 -0.8824419 -0.1044372 0.4657109 -0.8787844 -0.1041692 0.4748831 -0.8739541 -0.103394 0.490987 -0.8653217 -0.1007469 0.4947711 -0.8632544 -0.09996771 0.5066538 -0.8566289 -0.09741032 0.4978787 -0.8620654 -0.0946573 0.5046161 -0.857909 -0.09672009 0.503183 -0.8588009 -0.09627038 0.5218355 -0.8469448 -0.1018444 0.523758 -0.8476532 -0.08462691 0.5239143 -0.846354 -0.09590911 0.5257955 -0.8446463 -0.100556 0.5296344 -0.8419688 -0.10284 0.2474198 -0.9637928 -0.09943372 0.4500532 -0.8868829 -0.1043602 0.4530848 -0.8853181 -0.1045277 0.3805992 -0.9188479 -0.1042256 0.3805994 -0.9188476 -0.1042257 0.380599 -0.9188478 -0.1042257 0.3805984 -0.9188481 -0.1042257 0.2647378 -0.9586508 -0.1044157 0.247424 -0.9637916 -0.09943461 0.7116855 -0.6909766 -0.1267085 0.9622435 -0.2435604 -0.1215146 0.9622436 -0.2435598 -0.1215152 0.9622417 -0.2435679 -0.1215135 0.8709134 -0.4740769 -0.1294642 0.7797591 -0.6166005 -0.1085335 0.6738683 -0.7289391 -0.1206207 0.610704 -0.7858116 -0.09767746 0.7116773 -0.6909852 -0.1267074 0.6888004 -0.7147616 -0.1211196 0.8845182 -0.4445636 -0.1413885 0.6738683 -0.7289391 -0.1206206 0.6878429 -0.7156952 -0.1210479 0.6887198 -0.7146696 -0.1221165 0.8925988 -0.4273883 -0.1435502 0.8926519 -0.4274025 -0.1431772 0.8845242 -0.4445515 -0.1413892 0.9693821 0.2074715 -0.1313546 0.9693828 0.2074677 -0.1313548 0.9876815 -0.05487608 -0.1465391 0.9816384 -0.1248256 -0.1442382 0.9816377 -0.124831 -0.1442382 0.9366021 0.3295099 -0.1191636 0.9366026 0.3295083 -0.119163 0.9010142 0.4156184 -0.1242368 0.8660677 0.4873938 -0.1112387 0.9308287 -0.3374535 -0.1402963 0.9857289 -0.09174013 -0.1411463 0.9893535 -0.05530965 -0.1346127 0.9909053 -0.01248836 -0.1339805 0.9366021 0.3295098 -0.1191631 0.8582234 0.5013149 -0.1101634 0.8846005 0.4461392 -0.1358003 0.8601246 0.4983971 -0.1085637 0.9242011 0.3682541 -0.1011995 0.9241985 0.3682606 -0.1011995 0.9463552 0.2981112 -0.1246662 0.9463555 0.2981095 -0.1246671 0.9374593 0.272637 -0.2164233 0.9374604 0.2726383 -0.2164174 0.06472879 -0.9820652 -0.1770824 0.03547948 -0.8260301 -0.5625081 0.03547757 -0.8260134 -0.5625329 0.005009412 -0.1361031 -0.990682 0.9995958 0.02555143 0.01246416 0.9998927 -0.01054775 0.0101692 0.9979293 0.06432104 0 0.9911386 -0.1328303 4.94362e-4 0.9995962 0.02553856 0.01246315 0.9995949 0.02558559 0.01246654 0.9840664 -0.1778011 0 0.8326945 -0.5537326 0 0.8326945 -0.5537326 0 0.4661884 -0.8846855 0 0.4661884 -0.8846855 0 0.08220022 -0.9966158 0 0.08220189 -0.9966157 0 -0.5172052 -0.8489062 -0.10889 -0.4988122 -0.860839 -0.1007111 -0.4646611 -0.8768226 -0.1235801 -0.4646623 -0.8768221 -0.1235796 -0.2749915 -0.9455021 -0.1743715 -0.2749921 -0.9455029 -0.1743661 -0.2749949 -0.9455031 -0.1743608 -0.3212587 -0.9405325 -0.1104145 -0.3212628 -0.9405313 -0.110413 -0.4057207 -0.9083732 -0.1012371 -0.31469 -0.9417052 -0.1190019 -0.4573189 -0.8820384 -0.113436 -0.4286213 -0.8955623 -0.1193814 -0.138265 -0.9801413 -0.142147 -0.3664346 -0.9221837 -0.1237047 -0.1384267 -0.9812445 -0.134154 0.06890302 -0.986831 -0.146346 0.1957255 -0.970113 -0.1434307 0.1957327 -0.9701114 -0.1434305 0.506238 -0.851459 -0.1368964 0.5062336 -0.8514617 -0.1368967 0.7380968 -0.6640543 -0.1193522 0.7319543 -0.6706104 -0.1205177 0.7319679 -0.6706596 -0.1201618 0.7320909 -0.6707889 -0.1186807 0.7612978 -0.6376522 -0.1175808 0.4362894 -0.8883134 -0.1433554 0.4366358 -0.8895738 -0.1341928 0.5056827 -0.8520069 -0.1355335 0.321265 -0.939349 -0.1200512 0.1198477 -0.9831094 -0.13832 0.0694558 -0.9884322 -0.1348239 0.06934028 -0.9884448 -0.1347915 0.07012057 -0.9883886 -0.1348003 -0.31469 -0.9417053 -0.1190016 0.87055 -0.4816883 -0.1005935 0.8532304 -0.5118333 -0.1001228 0.953428 -0.2832524 -0.1036491 0.9545277 -0.2792629 -0.1043506 0.9111362 -0.3986934 -0.1042809 0.9111364 -0.398693 -0.104281 0.9111363 -0.3986929 -0.104281 0.9111362 -0.3986933 -0.104281 0.8619953 -0.4960399 -0.1044437 0.853245 -0.5118076 -0.1001303 0.9945219 0 -0.1045285 0.9945219 1.23664e-7 -0.1045285 0.9945219 0 -0.1045285 0.9945219 -6.75827e-7 -0.1045286 0.9945221 3.8775e-6 -0.1045264 0.9945219 0 -0.1045284 1 0 0 1 0 0 1 0 0 1 0 0 1 0 0 1 0 0 1 0 0 1 0 0 1 0 0 1 0 0 1 0 0 1 0 0 1 0 0 1 0 0 0 -1 0 0 -1 0 0.09535223 0.1235085 -0.9877518 -0.6610706 0.1286464 -0.7392129 -0.7407145 -0.1442771 -0.656145 0.1325663 -0.01701301 -0.9910281 0.432043 -0.0271821 -0.9014432 0.1325662 -0.01701319 -0.9910281 0.4497885 -0.08580172 -0.8890042 0.1544933 -0.03367966 -0.9874196 0.3482249 -0.113145 -0.9305577 0.1944243 -0.06060701 -0.9790434 0.1544933 -0.03367978 -0.9874196 0.1317129 -0.06777691 -0.9889681 0.1317129 -0.06777697 -0.9889681 0.4721165 -0.2221612 -0.8530829 0.1239804 -0.05073988 -0.9909865 0.1239804 -0.05073988 -0.9909865 0.2047185 -0.1286223 -0.9703332 0.2603764 -0.1652398 -0.9512622 0.1114116 -0.08413857 -0.9902061 0.1114117 -0.08413833 -0.9902061 0.4115121 -0.3404327 -0.8454368 0.1060392 -0.09533488 -0.9897813 0.1060394 -0.09533464 -0.9897813 0.1940952 -0.2066903 -0.958961 0.1903387 -0.2028262 -0.9605377 0.3110585 -0.4281353 -0.8484944 0.08901745 -0.1127296 -0.9896302 0.08901715 -0.1127286 -0.9896304 0.08901697 -0.1127288 -0.9896304 0.05912011 -0.1337555 -0.9892494 0.1238311 -0.2266796 -0.9660653 0.1443188 -0.2625149 -0.9540744 0.07814252 -0.1181327 -0.9899184 0.07814276 -0.1181325 -0.9899184 0.05912047 -0.1337553 -0.9892494 0.1959722 -0.4949694 -0.8465225 0.04603582 -0.1332486 -0.9900129 0.02403974 -0.1431353 -0.9894111 0.06588274 -0.2589423 -0.9636433 0.07514631 -0.2926755 -0.9532545 0.04603588 -0.1332491 -0.9900128 0.04603612 -0.133249 -0.9900128 0.02403962 -0.1431353 -0.9894111 0.06681525 -0.5288969 -0.8460519 0.01161605 -0.1404132 -0.9900249 -0.01276159 -0.1444289 -0.9894329 -6.25281e-4 -0.2599107 -0.9656324 -6.23754e-4 -0.259927 -0.9656281 0 -0.2969968 -0.9548785 0.01161599 -0.1404088 -0.9900255 0.01161563 -0.1404132 -0.9900248 -0.01276129 -0.1444289 -0.9894329 -0.06567358 -0.5198596 -0.8517236 -0.02339559 -0.1320626 -0.9909653 -0.02339559 -0.1320626 -0.9909653 -0.08932709 -0.3479058 -0.9332643 -0.05372285 -0.1999898 -0.9783241 -0.1764033 -0.4455441 -0.8777085 -0.05345362 -0.1469554 -0.9876977 -0.05345261 -0.1469544 -0.9876979 -0.05345332 -0.1469541 -0.987698 -0.1979913 -0.3601447 -0.9116442 -0.05652797 -0.121487 -0.9909821 -0.05652827 -0.1214869 -0.9909821 -0.08524644 -0.1028557 -0.9910368 -0.08524662 -0.1028562 -0.9910366 -0.2580522 -0.3551784 -0.8984751 -0.09918737 -0.1428048 -0.9847683 -0.08939146 -0.1557536 -0.9837428 -0.08524632 -0.1028558 -0.9910368 -0.3108944 -0.3310688 -0.8909198 -0.1189162 -0.1209022 -0.9855159 -0.3183761 -0.2633838 -0.9106403 -0.1399999 -0.1200445 -0.9828476 -0.1189163 -0.1209021 -0.9855159 -0.1411525 -0.0846306 -0.9863639 -0.1411589 -0.0846349 -0.9863626 -0.3969471 -0.2519102 -0.8825952 -0.1093236 -0.07883328 -0.9908753 -0.1093235 -0.07883346 -0.9908751 -0.3794655 -0.178563 -0.9078112 -0.1706653 -0.08388978 -0.9817514 -0.1411522 -0.08463096 -0.9863638 -0.1640828 -0.04897135 -0.9852302 -0.1640818 -0.04897528 -0.9852303 -0.4474202 -0.1453754 -0.8824291 -0.124701 -0.04882425 -0.9909924 -0.1247008 -0.04882454 -0.9909924 -0.167522 -0.02544355 -0.98554 -0.1783499 -0.03748208 -0.983253 -0.3135901 -0.06135565 -0.9475741 -0.4822252 -0.1048792 -0.8697467 -0.9661374 -0.1891463 -0.1755056 -0.9759516 -0.1910663 -0.1049382 -0.9101191 -0.1899418 -0.3682461 -0.961784 -0.1873834 -0.199647 -0.9363031 -0.3042231 -0.1754558 -0.9363008 -0.3042228 -0.1754691 -0.9363026 -0.3042248 -0.1754557 -0.8907908 -0.419174 -0.1754562 -0.8907922 -0.4191749 -0.175447 -0.831231 -0.527516 -0.1754477 -0.8312317 -0.5275158 -0.1754447 -0.831231 -0.5275152 -0.1754503 -0.7585615 -0.6275361 -0.1754507 -0.7585595 -0.6275351 -0.1754627 -0.7585585 -0.6275338 -0.1754712 -0.6739262 -0.7176585 -0.1754704 -0.6739282 -0.71766 -0.1754564 -0.6739289 -0.7176585 -0.1754601 -0.5786663 -0.7964666 -0.1754599 -0.5786656 -0.7964653 -0.1754687 -0.4742787 -0.8627109 -0.1754698 -0.4742798 -0.8627118 -0.1754621 -0.4742791 -0.8627095 -0.175476 -0.3624126 -0.9153497 -0.1754761 -0.3624126 -0.9153497 -0.1754767 -0.3624125 -0.9153522 -0.1754636 -0.2448319 -0.9535564 -0.1754639 -0.2448319 -0.9535566 -0.1754626 -0.1233875 -0.9767233 -0.1754626 -0.1233892 -0.9767245 -0.1754552 -0.1233891 -0.9767288 -0.1754307 0 -0.9844919 -0.1754302 0 -0.9844919 -0.1754302 0 -0.9844919 -0.1754302 0.1233891 -0.9767288 -0.1754307 0.1233892 -0.9767245 -0.1754552 0.1233875 -0.9767233 -0.1754626 0.244832 -0.9535566 -0.1754626 0.2448319 -0.9535564 -0.1754639 0.3624125 -0.9153522 -0.1754636 0.3624126 -0.9153497 -0.1754764 0.3624126 -0.9153497 -0.1754761 0.4742791 -0.8627095 -0.175476 0.4742798 -0.8627117 -0.1754628 0.4742787 -0.8627109 -0.1754698 0.5786654 -0.7964654 -0.1754686 0.5786665 -0.7964665 -0.1754599 0.7585595 -0.6275351 -0.1754627 0.7585586 -0.6275339 -0.1754711 0.6739264 -0.7176582 -0.1754704 0.6739282 -0.7176605 -0.1754546 0.6739289 -0.7176585 -0.1754601 0.8907923 -0.4191747 -0.175447 0.831231 -0.527516 -0.1754477 0.8312317 -0.5275158 -0.1754449 0.831231 -0.5275152 -0.1754503 0.7585614 -0.6275361 -0.1754507 0.9363008 -0.3042228 -0.1754691 0.9363026 -0.3042248 -0.1754558 0.8907907 -0.4191742 -0.1754562 0.9825433 0.06181621 -0.1754637 0.9825432 -0.06181651 -0.1754637 0.9825454 -0.06181633 -0.1754518 0.9670501 -0.1844741 -0.1754519 0.9670482 -0.1844744 -0.1754623 0.9670493 -0.1844748 -0.1754561 0.9363031 -0.3042231 -0.1754558 0.9670482 0.1844744 -0.1754623 0.9670501 0.1844741 -0.1754519 0.9825453 0.06181663 -0.1754518 0.8907908 0.419174 -0.1754562 0.9363026 0.3042248 -0.1754556 0.9363008 0.3042228 -0.1754691 0.9363031 0.3042231 -0.1754557 0.9670493 0.1844748 -0.1754559 0.8312317 0.5275158 -0.1754449 0.8312311 0.527516 -0.1754477 0.8907922 0.4191749 -0.175447 0.7585595 0.6275351 -0.1754627 0.7585614 0.6275361 -0.1754509 0.831231 0.5275152 -0.1754503 0.5786663 0.7964666 -0.1754599 0.6739289 0.7176585 -0.1754601 0.6739282 0.71766 -0.1754562 0.6739262 0.7176584 -0.1754707 0.7585585 0.6275338 -0.1754712 0.4742798 0.8627119 -0.1754618 0.4742787 0.8627109 -0.1754696 0.5786656 0.7964653 -0.1754687 0.2448319 0.9535564 -0.1754639 0.3624125 0.9153522 -0.1754636 0.3624126 0.9153497 -0.1754761 0.3624126 0.9153498 -0.1754757 0.4742791 0.8627095 -0.175476 0.1233891 0.9767245 -0.1754552 0.1233875 0.9767233 -0.1754625 0.2448319 0.9535566 -0.1754626 0 0.9844919 -0.1754302 0 0.9844919 -0.1754302 0.1233891 0.9767288 -0.1754308 -0.244832 0.9535566 -0.1754626 -0.1233875 0.9767233 -0.1754626 -0.1233891 0.9767245 -0.1754552 -0.1233891 0.9767288 -0.1754308 0 0.9844919 -0.1754302 -0.3624126 0.9153497 -0.1754761 -0.3624125 0.9153523 -0.1754634 -0.2448319 0.9535564 -0.1754639 -0.6739289 0.7176585 -0.1754601 -0.5786665 0.7964665 -0.1754599 -0.5786654 0.7964654 -0.1754686 -0.4742787 0.8627109 -0.1754698 -0.4742798 0.8627119 -0.1754618 -0.4742791 0.8627095 -0.1754761 -0.3624126 0.9153497 -0.1754761 -0.673928 0.7176604 -0.1754553 -0.6739264 0.7176582 -0.1754704 -0.7585585 0.6275338 -0.1754712 -0.7585595 0.6275351 -0.1754627 -0.7585615 0.6275361 -0.1754507 -0.831231 0.5275152 -0.1754503 -0.8312316 0.5275158 -0.175445 -0.831231 0.527516 -0.1754477 -0.8907923 0.4191747 -0.175447 -0.8907907 0.4191742 -0.1754562 -0.9363026 0.3042248 -0.1754557 -0.9363008 0.3042228 -0.1754691 -0.9363031 0.3042231 -0.1754558 -0.9678958 0.1894892 -0.1651408 -0.9661374 0.1891463 -0.1755056 -0.9654253 0.1888492 -0.1796942 -0.8586742 0.1904584 -0.4758195 -0.384001 0.07439571 -0.9203307 -0.3155593 0.06161218 -0.9469035 -0.1138013 0.02057445 -0.9932905 -0.1341522 0.04913145 -0.9897421 -0.1341521 0.04913145 -0.9897421 -0.4913159 0.159638 -0.8562269 -0.1318218 0.03564137 -0.9906325 -0.1318218 0.03564131 -0.9906325 -0.2434808 0.1142103 -0.9631579 -0.2606949 0.1226738 -0.9575956 -0.1218737 0.07057297 -0.9900335 -0.1218737 0.07057297 -0.9900335 -0.4494807 0.285249 -0.8465224 -0.1132988 0.07946705 -0.9903779 -0.1066101 0.106152 -0.9886182 -0.1770572 0.148343 -0.9729568 -0.2469545 0.2042987 -0.9472463 -0.1132878 0.07946038 -0.9903797 -0.1132878 0.07946038 -0.9903796 -0.1066101 0.1061521 -0.9886183 -0.3519881 0.3748291 -0.8576756 -0.08768182 0.1036608 -0.9907403 -0.1204738 0.1697466 -0.9780962 -0.2121173 0.2919545 -0.932614 -0.08768153 0.1036605 -0.9907404 -0.08768165 0.103661 -0.9907404 -0.236963 0.431034 -0.8706653 -0.07981359 0.1356041 -0.9875431 -0.07981395 0.135604 -0.9875431 -0.0444476 0.1547072 -0.98696 -0.04434764 0.1545901 -0.9869829 -0.07062518 0.1856238 -0.9800795 -0.1398743 0.3532823 -0.925001 -0.05890911 0.1225821 -0.9907085 -0.05890923 0.1225821 -0.9907085 -0.04444682 0.1547074 -0.98696 -0.1229411 0.4788237 -0.8692602 -0.02643114 0.1329624 -0.9907686 -0.004758834 0.1587222 -0.9873118 -0.02288693 0.2021799 -0.9790809 -0.04794389 0.3795147 -0.9239426 -0.0264306 0.1329612 -0.9907688 -0.02643072 0.1329612 -0.9907688 0.007270753 0.1348066 -0.9908453 0.007270932 0.1348055 -0.9908455 0 0.503459 -0.8640191 -0.004759192 0.1587225 -0.9873117 -0.004759192 0.1587222 -0.9873118 0.007270812 0.1348066 -0.9908452 0.04718375 0.3734977 -0.9264304 0.02758556 0.1974322 -0.9799284 0.1176086 0.4580549 -0.8811094 0.03570997 0.1563465 -0.9870565 0.03570979 0.156346 -0.9870566 0.03570979 0.156346 -0.9870566 0.1629926 0.4116724 -0.8966377 0.0402314 0.1248384 -0.9913612 0.04023116 0.1248382 -0.9913611 0.0402314 0.1248381 -0.9913611 0.1924756 0.3501118 -0.9167197 0.08430427 0.1598648 -0.9835324 0.06670814 0.1582841 -0.9851376 0.09535241 0.1235084 -0.9877518 0.09535247 0.1235089 -0.9877517 0.2859105 0.393522 -0.8737252 0.07274985 0.1130194 -0.9909259 0.07274997 0.1130194 -0.9909258 0.1426163 0.1550996 -0.9775504 0.2436618 0.2594733 -0.9345067 0.1002629 0.09197646 -0.9907006 0.1002629 0.09197634 -0.9907006 0.3979384 0.3292036 -0.8563119 0.119301 0.09206682 -0.9885803 0.2790752 0.1771064 -0.9437958 0.1935255 0.1246966 -0.9731385 0.119301 0.09206676 -0.9885803 0.1358947 0.0580458 -0.9890214 0.1358947 0.05804568 -0.9890214 0.4754197 0.2237156 -0.8508393 0.1222168 0.06492632 -0.9903776 0.1222167 0.0649265 -0.9903776 0.2276959 0.07556688 -0.9707957 0.3193809 0.103773 -0.9419272 0.1337394 0.03226959 -0.990491 0.1337393 0.03226965 -0.990491 0.5134876 0.09795302 -0.852488 0.1506873 0.02333533 -0.988306 0.1757879 -0.007464587 -0.9843998 0.1757922 0.002515435 -0.9844241 0.3392928 0.02134668 -0.9404385 0.2252438 0.01595634 -0.9741718 0.1506873 0.02333581 -0.9883061 -0.9122344 -0.177665 -0.3691389 -0.8265869 -0.1635043 -0.5385355 -0.8014566 -0.2604092 -0.5383812 -0.8014602 -0.2604102 -0.5383754 -0.7625024 -0.3588061 -0.5383755 -0.7624925 -0.3588021 -0.5383922 -0.7115105 -0.4515385 -0.5383919 -0.7115184 -0.4515429 -0.5383778 -0.6493146 -0.5371599 -0.5383771 -0.6493122 -0.5371581 -0.5383816 -0.5768685 -0.6143021 -0.5383824 -0.5768648 -0.6142985 -0.5383906 -0.4953239 -0.6817556 -0.5383898 -0.4953281 -0.6817607 -0.5383794 -0.4059752 -0.7384662 -0.5383789 -0.4059774 -0.7384697 -0.5383725 -0.3102211 -0.7835292 -0.5383725 -0.3102202 -0.783527 -0.5383762 -0.2095723 -0.8162296 -0.538376 -0.2095715 -0.8162271 -0.53838 -0.1056187 -0.8360574 -0.5383797 -0.1056163 -0.8360435 -0.5384019 0 -0.842688 -0.5384023 0 -0.842688 -0.5384023 0.105617 -0.8360433 -0.538402 0.105618 -0.8360573 -0.5383801 0.2095717 -0.8162272 -0.5383797 0.2095722 -0.8162297 -0.5383758 0.3102203 -0.7835268 -0.5383765 0.310221 -0.7835292 -0.5383723 0.4059771 -0.7384697 -0.5383725 0.4059755 -0.7384663 -0.5383786 0.4953279 -0.681761 -0.5383792 0.4953244 -0.6817556 -0.5383893 0.5768649 -0.6142982 -0.5383909 0.5768681 -0.6143021 -0.538383 0.6493124 -0.5371581 -0.5383816 0.6493141 -0.5371596 -0.5383778 0.7115183 -0.4515433 -0.5383776 0.711511 -0.4515382 -0.5383915 0.7624927 -0.3588016 -0.5383923 0.7625023 -0.3588067 -0.5383754 0.8014602 -0.2604104 -0.5383754 0.8014565 -0.2604089 -0.5383815 0.8277751 -0.1579065 -0.5383808 0.8277741 -0.1579064 -0.5383824 0.841038 -0.05291348 -0.5383821 0.8410345 -0.05291306 -0.5383875 0.8410345 0.05291324 -0.5383874 0.8410381 0.0529133 -0.5383821 0.8277743 0.1579064 -0.538382 0.8277751 0.1579065 -0.5383809 0.8014566 0.2604092 -0.5383812 0.8014602 0.2604102 -0.5383754 0.7625024 0.3588061 -0.5383755 0.7624925 0.3588021 -0.5383922 0.7115105 0.4515385 -0.5383919 0.7115184 0.4515429 -0.5383778 0.6493146 0.5371599 -0.5383771 0.6493122 0.5371581 -0.5383816 0.5768685 0.6143021 -0.5383824 0.5768648 0.6142985 -0.5383906 0.4953239 0.6817556 -0.5383898 0.4953281 0.6817607 -0.5383794 0.4059752 0.7384662 -0.5383789 0.4059774 0.7384697 -0.5383725 0.3102211 0.7835292 -0.5383725 0.3102202 0.783527 -0.5383762 0.2095723 0.8162296 -0.538376 0.2095715 0.8162271 -0.53838 0.1056187 0.8360574 -0.5383797 0.1056163 0.8360435 -0.5384019 0 0.842688 -0.5384023 0 0.842688 -0.5384023 -0.105617 0.8360433 -0.538402 -0.105618 0.8360573 -0.5383801 -0.2095717 0.8162272 -0.5383797 -0.2095722 0.8162297 -0.5383758 -0.3102203 0.7835268 -0.5383765 -0.310221 0.7835292 -0.5383723 -0.4059771 0.7384697 -0.5383725 -0.4059755 0.7384663 -0.5383786 -0.4953279 0.681761 -0.5383792 -0.4953244 0.6817556 -0.5383893 -0.5768649 0.6142982 -0.5383909 -0.5768681 0.6143021 -0.538383 -0.6493124 0.5371581 -0.5383816 -0.6493141 0.5371596 -0.5383778 -0.7115183 0.4515433 -0.5383776 -0.711511 0.4515382 -0.5383915 -0.7624927 0.3588016 -0.5383923 -0.7625023 0.3588067 -0.5383754 -0.8014602 0.2604104 -0.5383754 -0.8014565 0.2604089 -0.5383815 -0.8269672 0.1617276 -0.5384882 -0.8618578 0.1706762 -0.4775676 -0.4825852 -0.09617984 -0.8705522 -0.5297092 -0.103744 -0.8418108 -0.5134628 -0.1668341 -0.8417377 -0.5134684 -0.1668357 -0.841734 -0.4885094 -0.2298753 -0.8417339 -0.4885111 -0.229876 -0.8417327 -0.4558485 -0.28929 -0.8417325 -0.4558463 -0.2892888 -0.841734 -0.4159942 -0.3441405 -0.841734 -0.415993 -0.3441396 -0.8417349 -0.3695812 -0.3935639 -0.8417347 -0.3695839 -0.3935667 -0.8417322 -0.3173416 -0.4367833 -0.8417331 -0.3173421 -0.4367839 -0.8417327 -0.2600958 -0.4731123 -0.8417333 -0.2600951 -0.473111 -0.8417342 -0.1987475 -0.5019791 -0.8417342 -0.1987479 -0.5019802 -0.8417334 -0.134266 -0.5229314 -0.8417336 -0.1342661 -0.5229316 -0.8417335 -0.06766629 -0.5356366 -0.8417332 -0.06766825 -0.5356492 -0.841725 0 -0.5399065 -0.841725 0 -0.5399066 -0.8417249 0.06766784 -0.5356491 -0.8417251 0.06766664 -0.5356366 -0.8417332 0.1342661 -0.5229319 -0.8417333 0.1342661 -0.5229316 -0.8417335 0.1987479 -0.5019802 -0.8417334 0.1987474 -0.5019788 -0.8417344 0.260095 -0.4731107 -0.8417344 0.2600958 -0.4731124 -0.8417333 0.3173418 -0.4367836 -0.841733 0.3173415 -0.436783 -0.8417333 0.3695836 -0.3935665 -0.8417323 0.3695812 -0.3935638 -0.8417347 0.415993 -0.3441396 -0.841735 0.4159942 -0.3441406 -0.841734 0.4558464 -0.2892886 -0.841734 0.455848 -0.2892898 -0.8417327 0.4885114 -0.2298762 -0.8417325 0.4885098 -0.2298754 -0.8417336 0.5134683 -0.1668359 -0.841734 0.5134627 -0.1668339 -0.8417378 0.5303235 -0.1011646 -0.8417379 0.530324 -0.1011647 -0.8417376 0.5388218 -0.0338996 -0.8417374 0.538838 -0.03390115 -0.841727 0.538838 0.03390061 -0.841727 0.5388218 0.03390008 -0.8417375 0.5303241 0.1011647 -0.8417375 0.5303235 0.1011646 -0.8417379 0.5134628 0.1668341 -0.8417377 0.5134684 0.1668357 -0.841734 0.4885094 0.2298753 -0.8417339 0.4885111 0.229876 -0.8417327 0.4558485 0.28929 -0.8417325 0.4558463 0.2892888 -0.841734 0.4159942 0.3441405 -0.841734 0.415993 0.3441396 -0.8417349 0.3695812 0.3935639 -0.8417347 0.3695839 0.3935667 -0.8417322 0.3173416 0.4367833 -0.8417331 0.3173421 0.4367839 -0.8417327 0.2600958 0.4731123 -0.8417333 0.2600951 0.473111 -0.8417342 0.1987475 0.5019791 -0.8417342 0.1987479 0.5019802 -0.8417334 0.134266 0.5229314 -0.8417336 0.1342661 0.5229316 -0.8417335 0.06766629 0.5356366 -0.8417332 0.06766825 0.5356492 -0.841725 0 0.5399065 -0.841725 0 0.5399066 -0.8417249 -0.06766784 0.5356491 -0.8417251 -0.06766664 0.5356366 -0.8417332 -0.1342661 0.5229319 -0.8417333 -0.1342661 0.5229316 -0.8417335 -0.1987479 0.5019802 -0.8417334 -0.1987474 0.5019788 -0.8417344 -0.260095 0.4731107 -0.8417344 -0.2600958 0.4731124 -0.8417333 -0.3173418 0.4367836 -0.841733 -0.3173415 0.436783 -0.8417333 -0.3695836 0.3935665 -0.8417323 -0.3695812 0.3935638 -0.8417347 -0.415993 0.3441396 -0.841735 -0.4159942 0.3441406 -0.841734 -0.4558464 0.2892886 -0.841734 -0.455848 0.2892898 -0.8417327 -0.4885114 0.2298762 -0.8417325 -0.4885098 0.2298754 -0.8417336 -0.5134683 0.1668359 -0.841734 -0.5134627 0.1668339 -0.8417378 -0.5293135 0.1053978 -0.8418542 -0.3839929 0.0743941 -0.9203342 0 -1 0 0 -1 0 0 -1 0 0 -1 0 0 -1 0 0 -1 0 0 -1 0 0 -1 0 0 -1 0 0 -1 0 0 -1 0 0 -1 0 -0.9953392 -0.02291089 0.09367579 -0.6779602 -0.6277199 0.3825412 -0.6781547 -0.6275523 0.3824714 -0.6779927 -0.6276899 0.3825328 -0.6779392 -0.6277412 0.3825434 -0.8244761 -0.4704859 0.3144555 -0.8993947 -0.3416581 0.2726885 -0.9664636 -0.1955695 0.1664348 -0.9664618 -0.1955758 0.1664382 -0.9036982 -0.3763002 0.204274 -0.9036419 -0.3764175 0.2043065 -1 0 0 -1 0 0 -1 0 0 -1 0 0 -1 0 0 -1 0 0 -1 0 0 -1 0 0 -1 0 0 -1 0 0 -1 0 0 -1 0 0 -1 0 0 -1 0 0 -1 0 0 -1 0 0 -1 0 0 -1 0 0 -1 0 0 -1 0 0 -1 0 0 -1 0 0 -1 0 0 -1 0 0 -1 0 0 -0.6491868 0.5208153 0.5543535 -9.84263e-4 0.9139108 0.4059137 -0.3358501 0.9002375 0.277087 -0.3358502 0.9002376 0.2770863 -0.06804496 0.9219962 0.3811731 0.09058588 0.9163429 0.3900126 0.004399299 0.9221315 0.3868514 -0.004496037 0.9223188 0.3864037 -0.8572007 0.4553652 0.2405194 -0.9847254 0.05765497 0.1642922 -0.9906366 0.06342273 0.1208997 -0.8689702 0.4345567 0.2367514 -0.9876106 -0.02255439 0.1552947 -0.9847256 0.05764997 0.1642925 -0.6790675 0.6355278 0.367385 -0.8657589 0.4267798 0.2613821 -0.6810835 0.652356 0.3325011 -0.5685166 0.741285 0.3567709 -0.5347521 0.7658096 0.3571776 -0.1912721 0.9067767 0.3757274 -0.1893206 0.9455343 0.2648069 -0.2326241 0.9400402 0.2494201 -0.1935436 0.9499793 0.2451126 -0.5800275 0.769182 0.2681925 -0.2043088 0.9599897 0.1915141 -0.5769475 0.772519 0.2652283 -0.9022998 0.3599383 0.2372748 -0.9022866 0.3599646 0.2372855 -0.9950037 -0.00410968 0.09975355 -0.8994744 0.3422506 0.2716807 -0.968288 0.1650251 0.1875765 -0.9946281 0.01873791 0.1018021 -0.7071068 0.7071068 0 -0.7071068 0.7071068 0 -0.9659257 0.2588195 0 -0.9659257 0.2588195 0 -0.7071057 0.7071079 0 -0.7071057 0.7071079 0 -0.25882 0.9659256 0 -0.25882 0.9659256 0 0.2588195 0.9659257 0 0.2588195 0.9659257 0 0.7071068 0.7071068 0 0.7071068 0.7071068 0 0.9659257 0.2588195 0 0.9659257 0.2588195 0 0.9659256 -0.25882 0 0.9659256 -0.25882 0 0.7071079 -0.7071057 0 0.7071079 -0.7071057 0 0.2588195 -0.9659257 0 0.2588195 -0.9659257 0 -0.25882 -0.9659256 0 -0.25882 -0.9659256 0 -0.7071068 -0.7071068 0 -0.7071068 -0.7071068 0 -0.9659256 -0.25882 0 -0.9659256 -0.25882 0 0.7071075 -0.707106 1.42004e-7 0.7071068 -0.7071068 0 -0.802036 0.5972717 0.002197802 -0.8155614 0.5786705 0 0.5240272 -0.8517016 0 0.578668 -0.8155578 -0.002971768 0.5529386 -0.8332164 -0.003060936 0.2005885 -0.9796712 -0.002918481 0.4076176 -0.9130775 0.01171416 -0.6911927 -0.7216887 0.03765827 -0.2614425 -0.9652174 0.001782953 -0.6910226 -0.7218533 0.0376237 -0.2614418 -0.9652176 0.001783013 -0.004390776 -0.9999381 0.01022726 -0.2875989 -0.9577507 -7.1182e-4 0.1176084 -0.9930597 -7.54723e-4 0.1176093 -0.9930597 -7.54708e-4 -0.7636981 -0.6455737 7.51135e-5 -0.7473504 -0.6643269 -0.01170963 -0.7257882 -0.6871844 0.03176599 -0.7266054 -0.686716 0.02157771 -0.7266143 -0.6867052 0.02162086 -0.6623145 -0.7490774 0.01491636 -0.7218095 -0.6920555 -0.007089257 -0.6984719 -0.7154333 0.01709413 -0.6961113 -0.7179037 0.006584465 -0.7158629 -0.6981952 -0.007992684 -0.7166417 -0.696375 0.0385586 -0.7758282 -0.6306517 0.0192095 -0.7750149 -0.6316223 0.02013182 -0.77512 -0.6315133 0.01949042 0.01185315 -0.9977976 -0.06526428 -0.4211745 -0.9069796 3.03229e-4 -0.4947615 -0.8690288 -7.044e-5 -0.7071068 -0.7071068 -6.93627e-5 -0.9257949 -0.3780261 2.29935e-5 -0.9257959 -0.3780238 2.3015e-5 -0.6623144 -0.7490776 0.01491725 -0.6746368 -0.7373876 0.0335384 -0.7201685 -0.6908224 0.0642001 -0.7057219 -0.708489 -1.20711e-5 -0.8217232 -0.5698868 -1.05975e-5 -0.9258215 -0.377961 2.30528e-5 -0.99172 0.1284181 5.43245e-4 -0.9127445 0.4085294 -0.00115019 -0.9127281 0.4085658 -0.001150071 -0.9796748 0.2005892 -0.001123189 -0.9478425 0.3186615 0.007036864 -0.99172 0.1284179 5.43241e-4 -0.9917063 0.1285232 5.4367e-4 -0.9932507 -0.1159869 -3.3775e-4 -0.9577509 -0.2875989 -3.31141e-4 -0.9867208 -0.1623617 0.004531919 -0.986721 -0.1623613 0.004531979 -0.7071068 -0.7071068 0 -0.7071075 -0.7071061 1.42004e-7 -0.9659257 0.2588195 0 -0.9659257 0.2588195 0 -0.7071068 0.7071068 0 -0.7071068 0.7071068 0 -0.2588195 0.9659257 0 -0.2588195 0.9659257 0 0.25882 0.9659256 0 0.25882 0.9659256 0 0.7071057 0.7071079 0 0.7071057 0.7071079 0 0.9659257 0.2588195 0 0.9659257 0.2588195 0 0.9659256 -0.25882 0 0.9659256 -0.25882 0 0.7071068 -0.7071068 0 0.7071068 -0.7071068 0 0.25882 -0.9659256 0 0.25882 -0.9659256 0 -0.2588195 -0.9659257 0 -0.2588195 -0.9659257 0 -0.7071079 -0.7071057 0 -0.7071079 -0.7071057 0 -0.9659256 -0.25882 0 -0.9659256 -0.25882 0 0.7071061 0.7071075 1.37237e-7 0.7071068 0.7071068 0 -0.59329 -0.8049869 0.001770079 -0.5786706 -0.8155615 0 0.8155614 0.5786705 0 0.806554 0.5911586 0.001471459 0.9948945 0.1009208 3.74295e-5 0.953351 0.3018016 0.006122767 0.9796751 0.2005893 -8.67176e-4 0.9251732 0.3795442 -8.85377e-4 0.9251738 0.3795427 -8.85382e-4 0.8631842 -0.5048891 -1.3171e-4 0.9329557 -0.3599906 6.1001e-4 0.9114688 -0.4113692 5.07793e-5 0.586912 -0.8062883 0.07371127 0.9821462 -0.1880797 0.003849446 0.9821475 -0.1880731 0.003849625 0.9577509 -0.287599 -2.40106e-5 0.988261 -0.1527752 -2.39287e-5 0.9948946 0.1009198 3.74081e-5 0.7166565 -0.6963591 0.03856968 0.6807508 -0.7325122 0.00203967 0.702812 -0.7113751 -8.19009e-4 0.6545946 -0.7558861 0.01192593 0.731489 -0.6810377 0.03333789 0.7244434 -0.689289 0.007900953 0.7325298 -0.6803308 0.02345609 0.732406 -0.6804724 0.02320945 0.6189945 -0.7851319 0.02033573 0.6189945 -0.7851321 0.02033543 0.6590583 -0.7520871 -0.00266087 0.6568349 -0.7539241 0.01289868 0.6687174 -0.743092 -0.02512484 0.6578951 -0.7527506 0.02324861 0.7522966 -0.6586226 -0.01631546 0.7436652 -0.6669626 -0.04607546 0.7064796 -0.7044656 0.06793254 0.6844552 -0.7286185 0.02522861 0.6807569 -0.7325066 0.002037107 0.3679047 -0.9298634 4.53479e-4 0.7784681 -0.6275975 0.01043021 0.7775036 -0.6282751 0.02754354 0.7776371 -0.6281374 0.02690702 0.7775523 -0.6282157 0.02752226 0.7977606 -0.602961 0.004011034 0.7974807 -0.6033445 -1.31063e-4 0.6121507 -0.7907332 0.003550052 0.7071068 -0.7071068 -1.51175e-4 0.5282611 -0.849082 -1.55125e-4 0.3679152 -0.9298593 4.53395e-4 -0.3913438 -0.920244 -9.97307e-4 -0.3913364 -0.9202472 -9.9732e-4 -0.2005893 -0.9796749 -9.77192e-4 -0.3085173 -0.9511954 0.006670594 -0.1131385 -0.9935792 2.41523e-4 -0.113137 -0.9935793 2.41496e-4 -0.1131728 -0.9935753 2.41583e-4 0.1419169 -0.9898785 -1.75576e-4 0.287599 -0.957751 -1.72173e-4 0.1815371 -0.9833758 0.004037916 0.1815404 -0.9833753 0.004037797 0 0 -1 0 0 -1 0 0 -1 0 0 -1 0 0 -1 0 0 -1 0 0 -1 0 0 -1 0 0 -1 0 0 -1 0 0 -1 0 0 -1 0 0 -1 0 0 -1 0 0 -1 0 0 -1 0 0 -1 -1.16092e-6 2.52621e-7 -1 7.68342e-7 -1.48467e-6 -1 0 0 -1 0 0 -1 0 0 -1 0 0 -1 0 0 -1 0 0 -1 0 0 -1 0 0 -1 0 0 -1 0 0 -1 0 0 -1 0 0 -1 0 0 -1 0 0 -1 0 0 -1 0 0 -1 0 0 -1 0 0 -1 0 0 -1 0 0 -1 0 0 -1 0 0 -1 0 0 -1 0 0 -1 0 0 -1 0 0 -1 0 0 -1 0 0 -1 0 0 -1 -3.24374e-7 1.61209e-6 -1 6.07385e-7 0 -1 -8.38455e-7 -7.58949e-7 -1 -8.38458e-7 -7.58952e-7 -1 0 0 -1 0 0 -1 0 0 -1 0 0 -1 0 0 -1 0 0 -1 0 0 -1 0 0 -1 0 0 -1 0 0 -1 0 0 -1 0 0 -1 0 0 -1 0 0 -1 0 0 -1 0 0 -1 0 0 -1 0 0 -1 0 0 -1 0 0 -1 0 0 -1 0 0 -1 0 0 -1 0 0 -1 0 0 -1 0 0 -1 0 0 -1 0 0 -1 0 0 -1 0 0 -1 0 0 -1 0 0 -1 0 0 -1 0 0 -1 0 0 -1 0 0 -1 0 0 -1 -3.28595e-7 1.1022e-6 -1 -3.28597e-7 1.10221e-6 -1 -3.64728e-7 0 -1 -1.26327e-7 -6.40325e-7 -1 0 0 -1 0 0 -1 0 0 -1 0 0 -1 0 0 -1 0 0 -1 0 0 -1 0 0 -1 0 0 -1 0 0 -1 0 0 -1 0 0 -1 0 0 -1 0 0 -1 0 0 -1 0 0 -1 1.00692e-6 4.41273e-7 -1 1.833e-7 6.84086e-7 -1 -1.59155e-6 5.11945e-7 -1 0 0 -1 0 0 -1 0 0 -1 0 0 -1 0 0 -1 0 0 -1 0 0 -1 0 0 -1 0 0 -1 0 0 -1 0 0 -1 0 0 -1 0 0 -1 0 0 -1 0 0 -1 0 0 -1 0 0 -1 0 0 -1 0 0 -1 0 0 -1 0 0 -1 0 0 -1 0 0 -1 0 0 -1 0 0 -1 0 0 -1 0 0 -1 0 0 -1 0 0 -1 0 0 -1 0 0 -1 0 0 -1 0 0 -1 0 0 -1 0 0 -1 0 0 -1 1.25952e-6 -1.46492e-7 -1 -1.67412e-6 9.87063e-7 -1 0 0 -1 0 0 -1 0 0 -1 0 0 -1 0 0 -1 0 0 -1 0 0 -1 0 0 -1 0 0 -1 0 0 -1 0 0 -1 0 0 -1 0 0 -1 0 0 -1 0 0 -1 0 0 -1 0 0 -1 0 0 -1 0 0 -1 0 0 -1 0 0 -1 0 0 -1 0 0 -1 0 0 -1 0 0 -1 0 0 -1 0 0 -1 0 0 -1 0 0 -1 0 0 -1 0 0 -1 0 0 -1 0 0 -1 1.51346e-7 0 -1 0 0 -1 0 0 -1 0 0 -1 0 0 -1 0 0 -1 0 0 -1 3.24374e-7 -1.61209e-6 -1 -6.07385e-7 0 -1 1.18405e-6 4.59197e-7 -1 1.18405e-6 4.59198e-7 -1 0 0 -1 0 0 -1 0 0 -1 0 0 -1 0 0 -1 0 0 -1 4.41273e-7 -1.00692e-6 -1 0 0 -1 0 0 -1 0 0 -1 0 0 -1 0 0 -1 0 0 -1 0 0 -1 0 0 -1 0 0 -1 0 0 -1 0 0 -1 0 0 -1 0 0 -1 6.84086e-7 -1.833e-7 -1 5.11944e-7 1.59155e-6 -1 0 0 -1 0 0 -1 0 0 -1 0 0 -1 0 0 -1 0 0 -1 0 0 -1 -6.40325e-7 1.26327e-7 -1 0 3.64728e-7 -1 1.10221e-6 3.28597e-7 -1 0 0 -1 0 0 -1 0 0 -1 0 0 -1 0 0 -1 0 0 -1 0 0 -1 0 0 -1 0 0 -1 0 0 -1 0 0 -1 0 0 -1 0 0 -1 0 0 -1 0 0 -1 0 0 -1 0 0 -1 0 1.20333e-7 -1 0 0 -1 0 0 -1 0 0 -1 0 0 -1 0 0 -1 0 0 -1 0 0 -1 0 0 -1 0 0 -1 0 0 -1 0 0 -1 1.1022e-6 3.28595e-7 -1 0 0 -1 0 0 -1 0 0 -1 0 0 -1 0 0 -1 0 0 -1 0 0 -1 0 0 -1 0 0 -1 0 0 -1 0 0 -1 0 0 -1 0 0 -1 0 0 -1 1.40527e-6 -1.15241e-6 -1 0 0 -1 0 0 -1 0 0 -1 0 0 -1 0 0 -1 0 0 -1 0 0 -1 0 0 -1 3.64728e-7 0 -1 1.26327e-7 6.40325e-7 -1 0 0 -1 0 0 -1 0 0 -1 0 0 -1 -1.00692e-6 -4.41273e-7 -1 0 0 -1 3.28595e-7 -1.1022e-6 -1 3.28597e-7 -1.10221e-6 -1 0 0 -1 0 0 -1 0 0 -1 0 0 -1 0 0 -1 0 0 -1 0 0 -1 0 0 -1 0 0 -1 0 0 -1 0 0 -1 0 0 -1 0 0 -1 0 0 -1 0 0 -1 0 0 -1 0 0 -1 0 0 -1 0 0 -1 0 0 -1 0 0 -1 0 0 -1 0 0 -1 0 0 -1 0 0 -1 0 0 -1 0 0 -1 0 0 -1 0 0 -1 0 0 -1 0 0 -1 0 0 -1 0 0 -1 0 0 -1 0 0 -1 0 0 -1 0 0 -1 0 0 -1 0 0 -1 0 0 -1 0 0 -1 0 0 -1 0 0 -1 0 0 -1 0 0 -1 0 0 -1 0 0 -1 0 0 -1 0 0 -1 0 0 -1 0 0 -1 0 0 -1 0 0 -1 0 0 -1 0 0 -1 0 0 -1 0 0 -1 0 0 -1 0 0 -1 0 -3.64728e-7 -1 6.40325e-7 -1.26327e-7 -1 0 0 -1 0 0 -1 0 0 -1 0 0 -1 0 0 -1 -1.1022e-6 -3.28595e-7 -1 -1.10221e-6 -3.28597e-7 -1 0 0 -1 0 0 -1 0 0 -1 0 0 -1 0 0 -1 0 0 -1 0 0 -1 0 0 -1 0 0 -1 0 0 -1 0 0 -1 0 0 -1 0 0 -1 0 0 -1 0 0 -1 0 0 -1 0 0 -1 0 0 -1 0 0 -1 0 0 -1 0 0 -1 0 0 -1 0 0 -1 0 0 -1 0 0 -1 0 0 -1 0 0 -1 0 0 -1 0 0 -1 0 0 -1 0 0 -1 0 0 -1 0 0 -1 0 0 -1 0 0 -1 0 0 -1 0 2.50373e-6 -1 -6.84086e-7 1.833e-7 -1 -5.11944e-7 -1.59155e-6 -1 0 0 -1 0 0 -1 0 0 -1 0 0 -1 0 0 -1 0 0 -1 0 0 -1 0 0 -1 -6.67562e-7 0 -1 0 0 -1 0 0 -1 0 0 -1 0 0 -1 0 0 -1 0 0 -1 0 0 -1 0 0 -1 0 0 -1 0 0 -1 0 0 -1 0 0 -1 0 0 -1 0 0 -1 0 0 -1 0 0 -1 0 0 -1 0 0 -1 0 0 -1 0 0 -1 0 0 -1 0 0 -1 0 0 -1 0 0 -1 0 0 -1 0 0 -1 -0.479467 0.8773766 -0.01793688 -0.98137 -0.1921271 -7.01993e-6 -0.9801192 -0.1983466 0.005003929 -0.9757835 -0.2141062 -0.04477697 -0.9510384 -0.3090109 -0.006199657 -0.9333865 -0.3543944 -0.05651807 -0.9761881 -0.2143852 0.0331012 -0.9808244 -0.1920217 0.03333252 -0.9767256 -0.2144341 0.005013048 -0.9767262 -0.2144316 0.005013585 -0.8440954 -0.5356799 0.02345597 -0.8722689 -0.4871818 0.04243874 -0.8722683 -0.4871828 0.04243862 -0.9045599 -0.4256535 -0.02430355 -0.8687991 -0.485364 -0.09803009 -0.9340124 -0.3547685 0.04195708 -0.9501306 -0.3087178 0.04410564 -0.9346582 -0.3549821 0.02004683 -0.9346584 -0.3549815 0.02004683 -0.7923679 -0.6100412 -0.001727461 -0.7700462 -0.637037 0.03482586 -0.7918747 -0.6095275 0.03755825 -0.8439601 -0.5355933 -0.02951705 -0.8728061 -0.4874986 0.02354961 -0.8728055 -0.4874998 0.02354854 -0.684384 -0.7287948 0.02183198 -0.6944314 -0.7191802 0.02334296 -0.7703655 -0.6373014 -0.01959294 -0.7923681 -0.6100409 -0.001727819 -0.792382 -0.6100229 -0.001727759 -0.5257365 -0.8448293 -0.0993213 -0.5876138 -0.8087815 -0.02413606 -0.5280618 -0.8481536 0.04226398 -0.6152383 -0.7883392 0.001776039 -0.6152386 -0.7883389 0.001776039 -0.6845442 -0.7289626 -0.003580212 -0.6945457 -0.719443 -0.002860605 -0.6945513 -0.7194375 -0.002860605 -0.5280615 -0.8481538 0.04226398 -0.4817433 -0.876289 0.006405889 -0.5284751 -0.848924 0.006496608 -0.1167237 -0.9931582 0.003515243 -0.1253314 -0.992111 0.002768516 -0.1167252 -0.993163 0.001592695 -0.2605097 -0.9654698 -0.001650989 -0.2486798 -0.9685429 0.009109914 -0.2603922 -0.9652373 0.02264642 -0.2603917 -0.9652374 0.02264636 -0.3680588 -0.9296133 -0.01875662 -0.3987605 -0.9169693 -0.01253873 -0.3680955 -0.9297031 -0.01255941 -0.3984895 -0.9165055 0.03498363 -0.4812934 -0.8754686 0.04371869 -0.397383 -0.9135591 -0.08658164 -0.5284749 -0.8489242 0.006496489 -0.116721 -0.9931585 0.003515243 -0.1253245 -0.992049 0.01150947 -0.1166809 -0.9929886 0.0189526 0.1253326 -0.9921134 -0.001654267 0.1748234 -0.9828286 -0.05903398 0.02937418 -0.9989957 0.03383642 0 -0.9992977 0.03747296 0.02940261 -0.9995579 0.004424989 0 -0.9999904 0.004395842 0.02940291 -0.9992545 -0.02501672 -0.1166876 -0.9929878 0.01895356 0.3163529 -0.948578 0.01098638 0.367933 -0.9292955 0.0321713 0.316041 -0.9478439 0.0413537 0.2486522 -0.9684358 -0.0174461 0.3150455 -0.9439175 -0.09882289 0.1747994 -0.9837352 0.04135495 0.1251802 -0.9909139 0.0491873 0.1748874 -0.9841235 0.03025335 0.1748898 -0.9841231 0.03025335 0.3679722 -0.9293916 -0.02877092 0.3163545 -0.9485775 0.01098626 0.3163542 -0.9485775 0.01098638 0.4817485 -0.8762963 -0.004821896 0.4511707 -0.8917021 0.03622782 0.4511701 -0.8917024 0.03622794 0.4816669 -0.8761498 -0.01893377 0.4514594 -0.8922463 -0.008998334 0.4514616 -0.8922453 -0.008998334 0.7705124 -0.6374229 -0.001706779 0.7792404 -0.6267087 -0.004539012 0.6847279 -0.7287883 0.003919661 0.684543 -0.7289642 0.003465473 0.6847333 -0.7287857 0.003438115 0.6845446 -0.728963 0.003438115 0.684728 -0.7287908 0.003410279 0.587782 -0.8090129 -0.003241181 0.5767751 -0.8165879 0.02268528 0.5767756 -0.8165876 0.02268517 0.8617435 -0.5062766 -0.03289532 0.8442898 -0.5358026 0.009503781 0.7790835 -0.6264845 0.02336812 0.7790846 -0.6264832 0.02336776 0.770455 -0.6373752 0.01233243 0.7792444 -0.6266713 0.007826089 0.7792456 -0.6266698 0.007826089 0.9268234 -0.3753363 0.01099771 0.9507932 -0.3089331 0.02350819 0.9260218 -0.3750478 0.04269391 0.9048266 -0.425779 0.001017451 0.9247228 -0.3743975 -0.0686621 0.8616708 -0.5061491 0.03655773 0.8434851 -0.5352927 0.04466205 0.8619722 -0.5063398 0.02497929 0.8619721 -0.50634 0.02497929 0.9820797 -0.187342 -0.02055621 0.9708201 -0.2362465 0.04118323 0.9708198 -0.236247 0.04118341 0.9509592 -0.3089852 -0.01430922 0.9688007 -0.2354708 -0.07732188 0.9268235 -0.3753363 0.01099771 0.981916 -0.1873099 -0.0274927 0.971475 -0.2362534 -0.02050679 0.9714745 -0.2362561 -0.02050668 0.9999083 -0.01353681 0 0.9999086 -0.01352727 4.15935e-7 0.9978009 -0.06277644 -0.02127039 0.9948469 -0.09631353 0.03167283 0.994847 -0.09631335 0.03167277 0.9976058 0.06276416 -0.02904391 0.9991863 0.04033416 -8.01847e-7 0.9991863 0.04033321 0 0.9819235 0.1873114 -0.02721828 0.9923356 0.1227781 0.0139929 0.9923355 0.1227782 0.0139929 0.9296006 0.3683059 -0.01391059 0.9570834 0.287892 -0.03330993 0.9510431 0.3090124 -0.005322039 0.9575933 0.2881207 0.00116074 0.9785851 0.2058392 -0.001214146 0.9821305 0.1873517 -0.0178582 0.978307 0.2057234 -0.02435958 0.9783073 0.205722 -0.02435958 0.8443042 0.5358124 -0.007452726 0.8545231 0.5194126 -9.26979e-4 0.8952926 0.4454779 6.53759e-4 0.9048205 0.4257761 -0.003818452 0.8944389 0.4450531 -0.04366588 0.9295879 0.3683175 0.01444649 0.9496162 0.3085507 0.05500447 0.9296017 0.3683029 -0.01391071 0.9296013 0.3683043 -0.01391071 0.8062316 0.5892522 -0.05265498 0.7704987 0.6374115 0.006195724 0.8073619 0.5898764 0.01458656 0.8440065 0.5356229 -0.02758651 0.8544963 0.5194041 -0.007446885 0.8544958 0.519405 -0.00744754 0.6964686 0.7175805 -0.003104448 0.6843103 0.7287164 -0.02630275 0.63335 0.7738391 0.006397426 0.6964687 0.7175804 -0.003104388 0.7544212 0.6563846 0.002823412 0.770434 0.6373581 -0.01435172 0.7542335 0.6563187 -0.01943343 0.7542349 0.656317 -0.01943343 0.633352 0.7738375 0.00639683 0.6845348 0.7289525 0.00635153 0.6333233 0.7737621 0.01392519 0.4933991 0.8696908 -0.01396602 0.4934 0.8696904 -0.01396602 0.4817426 0.8762878 -0.006611526 0.5654783 0.8247516 0.004371643 0.5877808 0.8090112 0.003856301 0.5646674 0.8238048 -0.04996299 0.5646691 0.8238039 -0.04996138 0.4933989 0.869691 -0.0139662 0.4816094 0.8760433 -0.02450591 0.4183763 0.9081753 0.01336944 0.4183761 0.9081755 0.01336932 0.367959 0.9293583 -0.02999013 0.3402996 0.9402533 -0.01095157 0.1763991 0.984317 0.001829147 0.1764008 0.9843167 0.001829147 0.1252999 0.9918616 0.02259242 0.176363 0.9842357 0.01327645 0.2486221 0.9683183 -0.02338427 0.2591989 0.965798 -0.007080733 0.2591986 0.9657981 -0.007080912 0.3681058 0.9297318 0.009845674 0.3402993 0.9402534 -0.01095217 0.3403187 0.9402464 -0.01095157 0.1253243 0.9920478 0.01161807 0.09270608 0.9943733 -0.05125784 0.09270131 0.9943735 -0.05126148 -0.07639712 0.9969926 0.01301366 -0.1252722 0.9916353 -0.03108459 -0.1606432 0.9870125 3.88833e-4 -0.0763989 0.9969924 0.01301276 0.008512616 0.9996186 -0.02627074 0 0.9997915 -0.02041798 0.008508563 0.9998063 -0.01774984 0 0.9998425 -0.01775151 0.008510828 0.9999212 -0.009227991 0.09275639 0.9956651 0.006878077 -0.2486367 0.9683754 -0.02070772 -0.243454 0.9698353 -0.01223444 -0.2434551 0.9698351 -0.01223534 -0.1253139 0.9919725 0.01693856 -0.1606426 0.9870126 3.88399e-4 -0.1606396 0.9870131 3.88402e-4 -0.4816766 0.8761655 -0.017937 -0.4030179 0.9140787 -0.04513025 -0.3680475 0.9295818 0.02046126 -0.4794794 0.8774316 -0.01460224 -0.4794921 0.8774246 -0.01460695 -0.4030154 0.9140799 -0.04512852 -0.3242516 0.9458717 -0.0136975 -0.3680889 0.9296891 -0.0137372 -0.3242042 0.9459099 0.0120961 -0.3242038 0.9459099 0.0120961 -0.4807584 0.8744974 0.06423115 -0.5512239 0.8332522 -0.04292911 -0.4794626 0.877379 -0.01793611 -0.684379 0.7289322 -0.01683557 -0.6844484 0.7288634 -0.01698905 -0.743904 0.6682058 0.01038694 -0.7705087 0.6374198 0.003509461 -0.7436098 0.6681073 -0.02602297 -0.6843785 0.7289326 -0.01683497 -0.6202427 0.7844095 8.65058e-4 -0.6845484 0.728967 8.14581e-4 -0.6202354 0.7843487 0.01025223 -0.5877825 0.8090136 0.00294435 -0.6185256 0.7826117 -0.07032001 -0.5517982 0.8339048 0.01102578 -0.8455363 0.5336839 -0.01581001 -0.8455417 0.5336753 -0.01580995 -0.8441796 0.5357327 -0.01873987 -0.8454757 0.5336408 -0.01996463 -0.7974743 0.6032499 0.01114904 -0.7703838 0.6373164 -0.01834845 -0.7968858 0.6029627 -0.0375362 -0.7436113 0.6681056 -0.02602297 -0.9524773 0.3038985 -0.02080428 -0.9234544 0.3830075 -0.02318388 -0.9509916 0.3089976 0.01163852 -0.9236186 0.3831148 0.01231426 -0.9043728 0.4255655 -0.03168469 -0.8878384 0.4600516 0.009775698 -0.8413795 0.5339564 0.08349382 -0.8877049 0.4599918 -0.0196861 -0.8455363 0.5336839 -0.01581001 -0.9866349 0.1614121 -0.02231186 -0.9810377 0.1920635 -0.02601134 -0.9748983 0.222488 0.008506119 -0.9748986 0.2224867 0.008505702 -0.9509667 0.3089876 -0.01374673 -0.9524854 0.303873 -0.02080392 -0.9524856 0.3038725 -0.02080428 -0.98137 0.1921271 -7.02156e-6 -0.986634 0.1614173 -0.02231192 -0.9859157 0.1659181 -0.02101325 -0.9867859 0.1614671 -0.01348984 -0.5769416 -0.7725235 0.2652283 -0.2015643 -0.9576771 0.2054909 -0.3888799 -0.8592891 0.3322566 -0.3888799 -0.8592891 0.332257 -0.5689542 -0.7422532 0.3540499 -0.246461 -0.8921428 0.3786002 -0.03995811 -0.9222739 0.3844662 0.005799293 -0.9220893 0.3869336 0.1392328 -0.9099044 0.3907533 -0.9023072 -0.3599228 0.2372705 -0.6538721 -0.5342016 0.5357983 -0.5514898 -0.7526851 0.3596165 -0.6811098 -0.652332 0.3324942 -0.865758 -0.4267812 0.2613828 -0.6790674 -0.635528 0.367385 -0.9022873 -0.3599624 0.2372865 -0.902252 -0.3600349 0.2373104 -0.9945466 9.10918e-4 0.1042897 -0.9936496 -0.01364719 0.1116878 -0.8688529 -0.4342545 0.2377348 -0.8578187 -0.4558101 0.2374536 -0.9834513 -0.05668503 0.1720766 -0.9830651 -0.05626177 0.1744061 -0.9830626 -0.05632323 0.1744 -0.9825438 -0.06590223 0.1739675 -0.9813648 -0.07338953 0.1775869 -0.9943654 0.001424968 0.1059972 -0.2043125 -0.9599887 0.1915153 -0.5800301 -0.7691799 0.2681929 -0.1935231 -0.949984 0.2451103 -0.03747874 -0.9737872 0.2243518 -0.2015873 -0.957673 0.2054872 0.08346658 0.5330455 -0.8419595 -0.003215193 -0.9517517 0.3068524 -4.80403e-5 -0.950742 0.3099833 -4.77066e-5 -0.9507418 0.3099839 -0.06347966 -0.9969332 0.0457673 -0.02023345 -0.9940111 0.1073899 8.03897e-4 -0.984999 0.1725587 8.03897e-4 -0.9849997 0.1725539 -0.2465985 -0.8280271 -0.5035478 -0.06291621 -0.8954785 -0.4406357 0.1091722 -0.9738729 -0.1991306 0.1091721 -0.9738729 -0.199131 0.1076228 -0.994054 -0.0165562 -0.2706828 -0.9521323 -0.1420386 -0.2706828 -0.9521323 -0.1420386 0.1600994 -0.4743984 -0.8656294 0.1600993 -0.4743962 -0.8656307 -0.1568303 -0.6155341 -0.7723484 -0.493305 -0.4199678 -0.7617593 -0.07000893 -0.6845287 -0.7256164 0.1013296 -0.8383587 -0.5356184 0.1013298 -0.8383591 -0.5356177 0.1013298 -0.8383584 -0.5356189 0.01778745 -0.1564572 -0.9875246 -0.131407 -0.2281809 -0.9647101 -0.2962862 -0.1487002 -0.9434525 0.1600987 -0.4743959 -0.8656309 0.08346658 0.5330915 -0.8419305 -0.1100016 0.1857914 -0.9764124 -0.06761014 0.2063901 -0.9761311 -0.02279657 0.1870963 -0.982077 0.01778745 -0.1564636 -0.9875236 0.01164799 0.7323017 -0.6808807 0.01164782 0.7323006 -0.6808818 -0.1789893 0.5946265 -0.7838254 0.08346354 0.5330914 -0.8419308 0.08346635 0.5330901 -0.8419313 0.03954333 0.986824 -0.1568905 -0.06457865 0.8818421 -0.4671017 -0.05302375 0.8852056 -0.4621682 -0.04009068 0.8821128 -0.4693292 0.01164799 0.7323014 -0.6808811 -0.01080435 0.9943522 0.1055788 -0.04713743 0.9979698 0.04282879 -0.2062019 0.9712849 -0.1186855 -0.09048926 0.995079 -0.04036796 0.03954315 0.9868238 -0.1568917 0.03954315 0.9868239 -0.1568914 -4.77951e-5 0.9267336 0.3757193 -0.04080528 0.9682559 0.2466079 -0.01588934 0.9552335 0.2954258 0.01654231 0.9710971 0.2381112 0.01654231 0.9710969 0.2381115 0 0 1 0 0 1 0 0 1 0 0 1 0 0 1 0 0 1 0 0 1 0 0 1 0 0 1 0 0 1 0 0 1 0 0 1 0 0 1 0 0 1 0 0 1 0 0 1 0 0 1 0 0 1 0 0 1 0 0 1 0 0 1 0 0 1 0 0 1 0 0 1 0 0 1 0 0 1 0 0 1 0 0 1 0 0 1 0 0 1 0 0 1 0 0 1 0 0 1 0 0 1 0 0 1 0 0 1 0 0 1 0 0 1 0 0 1 0 0 1 0 0 1 0 0 1 0 0 1 0 0 1 0 0 1 0 0 1 0 0 1 0 0 1 0 0 1 0 0 1 0 0 1 0 0 1 0 0 1 0 0 1 0 0 1 0 0 1 0 0 1 0 0 1 0 0 1 0 0 1 0 0 1 0 0 1 0 0 1 0 0 1 0 0 1 0 0 1 0 0 1 0 0 1 0 0 1 0 0 1 0 0 1 0 0 1 0 0 1 0 0 1 0 0 1 0 0 1 0 0 1 0 0 1 0 0 1 0 0 1 0 0 1 0 0 1 0 0 1 0 0 1 0 0 1 0 0 1 0 0 1 0 0 1 0 0 1 0 0 1 0 0 1 0 0 1 0 0 1 0 0 1 0 0 1 0 0 1 0 0 1 0 0 1 -0.5295888 0.4353353 -0.728024 -0.2118282 0.1050997 -0.9716392 -0.2119204 0.1050974 -0.9716194 -0.8973163 0.431881 -0.09111714 -0.8931747 0.393226 -0.2182023 -0.8778879 0.04967349 -0.4762828 -0.9969995 -0.0373544 -0.06779873 -0.9996707 0.01557415 -0.02039492 -0.8974677 0.315261 -0.3084838 -0.8913229 0.3224633 -0.3186863 -0.8927055 0.233776 -0.3852607 -0.8876407 0.2377574 -0.3944179 -0.8876445 0.1435968 -0.4375697 -0.8842719 0.1448943 -0.4439245 -0.8840433 0.04908096 -0.4648209 -0.9985754 0.005003035 -0.05312466 -0.9977024 0.005152523 -0.0675531 -0.9995273 0.01962208 -0.02367049 -0.998996 0.02524828 -0.037005 -0.9991209 0.01106333 -0.04043591 -0.9985561 0.01365256 -0.05195266 -0.9985563 0.01362621 -0.05195832 -0.8888681 0.4566693 0.03696805 -0.9836968 0.06737005 0.1667392 -0.8830602 0.4681288 0.03256136 -0.9913956 0.02841705 0.1277781 -0.9909892 0.06703466 0.1159602 -0.9909889 0.06703531 0.1159625 -0.995973 0.02831643 0.08506453 -0.8909559 0.4433223 -0.09830027 -0.8997365 0.3832479 -0.2087946 -0.05961465 0.8819401 -0.4675764 -0.764082 0.619387 -0.180384 -0.7718337 0.5854263 -0.2480902 -0.06761801 0.821529 -0.566143 -0.2847926 0.7083517 -0.6458568 -0.3060632 0.9467067 -0.1003586 -0.3060641 0.9467057 -0.1003652 -0.3415129 0.9317353 -0.123443 -0.5532179 0.8317255 -0.04671889 -0.5532183 0.8317252 -0.04672139 -0.2136977 0.9665185 0.1420401 -0.2136555 0.9665309 0.1420191 -0.7170967 0.1286935 -0.6849893 -0.7170967 0.1286949 -0.6849891 -0.005118906 0.3160104 -0.9487419 -0.5291931 0.4575531 -0.7145626 -0.5291929 0.4576027 -0.714531 -0.6883096 0.3926091 -0.6099902 -0.6883096 0.3926087 -0.6099904 0.05574107 0.6793807 -0.7316659 -0.2847934 0.708351 -0.6458573 -0.2847933 0.7083507 -0.6458576 -0.983698 0.06736946 0.166732 -0.9848371 0.0373255 0.1694191 -0.9797413 0.05370986 0.1929303 -0.9958916 0.06109893 0.0668351 -0.9958919 0.06109744 0.0668323 -0.9986556 0.02607291 0.04480248 -0.9984551 0.05029052 0.02363204 -0.9997065 0.02247875 0.00903517 -0.9992203 0.03778606 -0.01144731 -0.9992218 0.03773546 -0.01148504 -0.2193494 0.9694158 0.110086 -0.6009913 0.788924 0.1280948 -0.8692323 0.4659726 0.1652413 -0.8698157 0.4649056 0.1651772 -0.9838275 0.05681186 0.1698703 -0.5984301 0.08446079 -0.7967107 -0.5910307 0.08410936 -0.8022521 -0.5915892 0.2531104 -0.7654786 -0.5946602 0.2527841 -0.7632034 -0.5947655 0.4123458 -0.6900905 -0.6000609 0.4109842 -0.6863082 -0.597957 0.5555717 -0.5777434 -0.6057603 0.5524857 -0.5725505 -0.5992094 0.6745654 -0.4311724 -0.6096839 0.6691371 -0.4249013 -0.596557 0.7600587 -0.257741 -0.6095921 0.7519247 -0.2510113 -0.5886329 0.8055174 -0.06821459 -0.6040297 0.7945605 -0.06181973 -0.5753913 0.8081629 0.1256883 0.0293805 0.9992848 0.02380865 -0.002784132 0.9993886 0.03485429 0.971381 0.2211655 0.0866298 0.8554139 -0.4691741 0.2194146 -0.7157847 -0.6653081 0.2121731 -0.8887847 -0.4112144 0.2023971 -0.9767393 -0.2144283 9.18157e-4 -0.9767401 -0.2144246 9.13777e-4 -0.9625215 -0.2574698 0.08521533 -0.9746938 -0.1994199 0.1010125 -0.9673581 -0.1570274 0.1988993 -0.9562412 -0.1957794 0.217424 -0.95624 -0.1957852 0.217424 -0.9680498 -0.2171534 0.1253952 -0.9454485 -0.2742548 0.1758164 -0.9284295 -0.3484244 0.1289156 -0.9474602 -0.2748206 0.163685 -0.9468715 -0.27684 0.1636892 -0.945447 -0.2742608 0.1758154 -0.9454469 -0.2742604 0.1758163 -0.9188114 -0.3448675 0.1919688 -0.8975136 -0.391832 0.2023289 -0.9048281 -0.4185855 0.07792448 -0.9188134 -0.3448623 0.1919688 -0.8719651 -0.4894097 0.01244789 -0.8818451 -0.4531531 0.1303898 -0.8500146 -0.4770196 0.2234444 -0.8142516 -0.5477444 0.1922771 -0.7701013 -0.6104981 0.1850301 -0.770101 -0.6104985 0.1850301 -0.7747464 -0.6068781 0.17739 -0.7745479 -0.6140853 0.1515741 -0.8162502 -0.5595556 0.1436423 -0.8142513 -0.547745 0.1922768 -0.8142515 -0.5477444 0.1922771 -0.6055654 -0.7737033 0.1862085 -0.6792346 -0.7300296 0.07547944 -0.6758636 -0.7370187 0.003433048 -0.7157834 -0.6653123 0.2121644 -0.6055682 -0.7737013 0.1862085 -0.6002899 -0.7787387 0.1822586 -0.6098909 -0.7793565 0.1436541 -0.5486533 -0.8228781 0.1478214 -0.5508056 -0.8177398 0.1670773 -0.5461981 -0.8191455 0.1751231 -0.4381783 -0.8727803 0.2150685 -0.417566 -0.9085519 0.01312106 -0.4774837 -0.8530141 0.2106567 -0.4774891 -0.8530077 0.2106702 -0.4931978 -0.8440412 0.2105954 -0.4858068 -0.8679301 0.1033887 -0.5462043 -0.8191415 0.1751231 -0.2658092 -0.9495579 0.1663889 -0.3426196 -0.931471 0.1223663 -0.3620889 -0.9321313 0.004788756 -0.344008 -0.9346274 -0.09016776 -0.4077165 -0.8874049 0.2151273 -0.191438 -0.9763128 0.1008201 -0.2651063 -0.9471198 0.1807838 -0.2674701 -0.9464555 0.180781 -0.2658085 -0.9495571 0.1663945 -0.2658067 -0.9495586 0.1663889 -0.188204 -0.9603374 0.2057463 -0.188196 -0.9603389 0.2057463 -0.115739 -0.9929005 0.02744185 -0.1411593 -0.9481037 0.2849096 -0.1129861 -0.9704172 0.2133653 -0.0844863 -0.9909834 0.1039908 -0.03839111 -0.9783471 0.2033793 0.03680187 -0.9858175 0.1637359 0.03680253 -0.9858175 0.1637359 0.008601307 -0.9996449 -0.0252217 0.03673964 -0.9851896 -0.1674858 -0.03838521 -0.9783473 0.2033793 0.1926812 -0.9799091 0.05149948 0.112734 -0.973135 0.2007467 0.10012 -0.9745296 0.2006688 0.1142172 -0.9854674 0.1257314 0.114215 -0.9854671 0.1257355 0.33863 -0.9244316 0.1753737 0.2862279 -0.950335 0.1222174 0.2640301 -0.940764 0.2127234 0.2640282 -0.9407638 0.2127264 0.2264529 -0.9687972 0.1007528 0.1882947 -0.9584649 0.2142202 0.1882964 -0.9584645 0.2142202 0.4077927 -0.8915371 0.1971462 0.4077919 -0.8915376 0.1971462 0.4035392 -0.9032884 0.1456919 0.3402525 -0.9287607 0.1470776 0.5180631 -0.8495603 0.09928685 0.4765316 -0.8525711 0.2145691 0.4545261 -0.8645191 0.2145057 0.4868096 -0.8710907 0.06494295 0.4868144 -0.8710888 0.06493049 0.5428388 -0.8126809 0.2118391 0.5428298 -0.8126868 0.2118393 0.5428394 -0.8126804 0.2118393 0.6735267 -0.726287 0.1373643 0.6120555 -0.7756094 0.1543313 0.6120643 -0.7756023 0.1543313 0.718681 -0.6615327 0.2141777 0.6763923 -0.730026 -0.09775263 0.7186794 -0.6615344 0.2141779 0.7550176 -0.6477193 0.1020205 0.7684353 -0.6053361 0.2075464 0.8165994 -0.5429808 0.1957989 0.8166008 -0.5429787 0.1957989 0.7933327 -0.5978803 0.1147275 0.7684348 -0.6053369 0.2075456 0.7684342 -0.6053377 0.2075456 0.8469215 -0.4843615 0.2193579 0.8706429 -0.4775632 0.1179592 0.8202926 -0.5454595 0.172029 0.9170135 -0.3793655 0.1231585 0.8909603 -0.394527 0.2248069 0.8748912 -0.4290642 0.2246539 0.9143894 -0.4048196 -0.003632366 0.8554113 -0.4691771 0.2194181 0.9288007 -0.3180473 0.1901981 0.928801 -0.3180463 0.1901981 0.9282462 -0.317063 0.1944995 0.9280018 -0.3177767 0.1945013 0.9111595 -0.403424 0.08388853 0.9859266 -0.1664403 0.01569503 0.9485511 -0.2389118 0.2077786 0.943795 -0.2571684 0.2076426 0.9650892 -0.2429393 0.09789496 0.965088 -0.242942 0.09789967 0.9618433 -0.1626282 0.2200218 0.984779 -0.1375155 0.106301 0.9756329 -0.08344829 0.2029209 0.9756328 -0.08344906 0.2029209 0.9756323 -0.08345037 0.2029229 0.9981453 -0.05463522 0.02684903 0.9882016 -0.02164644 0.1516218 0.9640644 0.2207491 0.1478165 0.9958292 -0.02179539 0.08859592 0.9713999 0.221161 0.08643001 0.9925599 -0.1036298 0.06392103 0.9998853 -0.01353883 0.006800174 0.971665 -0.2363568 0.00159645 0.9781715 -0.2007119 0.05380821 0.963603 -0.1979187 0.1797152 0.961844 -0.162624 0.2200219 0.778423 -0.6258597 0.04855221 0.8328095 -0.5488715 0.07189339 0.8209964 -0.540936 0.1826287 0.8202903 -0.545463 0.172029 0.3486401 -0.9370243 0.02086758 0.3445233 -0.9264174 0.1518373 0.3386316 -0.924431 0.1753736 -0.8587703 -0.5121784 0.01367521 -0.8534011 -0.508893 0.1128471 -0.8500151 -0.4770188 0.2234444 0.9700447 -0.2360951 0.05720502 0.9700454 -0.2360925 0.05720508 0.9880709 -0.1379211 0.06851094 0.9953173 -0.09631651 0.008164763 0.998472 -0.05463957 0.008254408 0.9890306 -0.09589606 0.1123496 0.997842 -0.01352155 0.06425505 0.9716649 -0.2363574 0.00159645 0.9640053 -0.2624315 0.04270315 0.9707574 -0.2362353 0.04269611 0.9437845 -0.3222305 0.0737437 0.9268493 -0.3753436 0.008225798 0.8951332 -0.4389861 0.07763934 0.9266984 -0.3752963 0.01956468 0.9238947 -0.3821456 0.01957756 0.926849 -0.3753441 0.008225798 0.9268493 -0.3753436 0.008225798 0.8622151 -0.5065053 0.006133437 0.8622147 -0.5065059 0.006133437 0.8679226 -0.4965069 0.01383358 0.8619987 -0.506357 0.0236842 0.8619984 -0.5063575 0.0236842 0.778424 -0.6258584 0.04855221 0.7984952 -0.6020005 0.001002132 0.7792556 -0.6267052 0.001139104 0.7587588 -0.651151 0.0169593 0.7783761 -0.6258141 0.04987365 0.6943154 -0.7195377 -0.0138446 0.6924187 -0.7172805 0.07787919 0.7783775 -0.6258124 0.04987365 0.6842581 -0.7280942 0.04086422 0.6842633 -0.7280892 0.04086297 0.684258 -0.7280943 0.04086309 0.5768384 -0.8167092 0.01560944 0.5967572 -0.7976661 0.08723312 0.5985825 -0.8004634 -0.03094005 0.6120623 -0.7756054 0.1543239 0.5768389 -0.8167088 0.0156095 0.519098 -0.8512961 0.07636886 0.4513148 -0.8919838 0.02607429 0.3158375 -0.9473119 0.05335718 0.3158376 -0.9473118 0.05335718 0.406966 -0.9108147 0.06924909 0.4514749 -0.8922818 0.001902341 0.4653611 -0.8851189 0.001902282 0.4513162 -0.891983 0.0260747 0.451317 -0.8919827 0.02607476 0.175008 -0.9845492 0.005914866 0.1750096 -0.9845491 0.005914866 0.227052 -0.9711912 0.0723524 0.3159846 -0.9476971 0.04498815 0.2882027 -0.9565121 0.04498577 0.3163941 -0.9486278 3.31585e-4 0.3163934 -0.9486281 3.31592e-4 0.1627522 -0.9705908 0.1773844 0.1655119 -0.9859903 0.02071398 0.1750105 -0.9845488 0.005913436 -0.1165279 -0.9919656 0.04924887 0.02927505 -0.9961399 0.08275425 0.008585691 -0.9983879 0.05610442 0.02939116 -0.9993551 0.02062702 0.1023078 -0.9945342 0.02085524 0.02909862 -0.9907537 0.1325159 0.1749481 -0.9843599 0.02071028 -0.1165212 -0.9919664 0.04924893 -0.0850085 -0.99638 6.33615e-4 -0.1167254 -0.993164 6.94934e-4 -0.1473667 -0.9880824 0.04445379 -0.1165302 -0.9920101 0.04833847 -0.2057011 -0.9579841 0.199884 -0.2095674 -0.97518 0.07145363 -0.1165288 -0.9920103 0.04833847 -0.3954083 -0.9097176 0.1267516 -0.2603927 -0.96524 0.02252835 -0.272099 -0.9620038 0.02260166 -0.2604975 -0.9654673 0.003731131 -0.2604967 -0.9654676 0.003731071 -0.3954072 -0.9097184 0.1267504 -0.3620843 -0.9321242 0.00629121 -0.3987607 -0.9170326 0.006417274 -0.4475221 -0.8913037 0.07281219 -0.5280621 -0.8481557 0.04221683 -0.614276 -0.7868014 0.0600717 -0.6142757 -0.7868016 0.0600717 -0.6088843 -0.7902549 0.06897234 -0.5277765 -0.8476538 0.05417495 -0.5577039 -0.8282718 0.05415058 -0.528476 -0.8489474 -0.001278936 -0.504396 -0.8634716 -0.001213788 -0.5280624 -0.8481556 0.04221689 -0.5280624 -0.8481556 0.04221683 -0.7460696 -0.6655069 0.02192711 -0.7295497 -0.6502432 0.2119929 -0.7292208 -0.6780837 0.09186738 -0.7858993 -0.6046151 0.129626 -0.6944447 -0.719199 0.02235275 -0.6809209 -0.7320146 0.02239418 -0.6926779 -0.7170838 0.0773828 -0.6926725 -0.7170893 0.07738089 -0.8721743 -0.4871291 0.04491436 -0.872175 -0.4871278 0.04491436 -0.8225407 -0.5639775 0.07318639 -0.792367 -0.6100127 0.006250381 -0.7870305 -0.6168822 0.006268501 -0.7922509 -0.6098785 0.01966178 -0.7922651 -0.6098603 0.01966166 -0.9348462 -0.3550311 0.003939032 -0.9348459 -0.3550319 0.003939032 -0.9142429 -0.3990724 0.07000803 -0.8717732 -0.4868956 0.05426168 -0.8881168 -0.4563881 0.0543915 -0.8730387 -0.4876477 0.001795053 -0.8730392 -0.4876466 0.001795053 -0.9229465 -0.3349285 0.1897172 -0.9397248 -0.3408531 0.02713632 -0.9348465 -0.3550304 0.003939568 -0.9809141 -0.1592102 0.1116223 -0.9787076 -0.2050379 0.009541988 -0.9757465 -0.2186989 0.009465873 -0.9766045 -0.2144349 0.01616984 -0.9597492 -0.280399 0.01605755 -0.9696695 -0.2131665 0.1195874 -0.9344998 -0.354934 0.02705186 0.0725941 -0.008241295 0.9973275 -0.238081 -0.9703484 -0.04173099 -0.4446065 -0.2939143 0.846132 0.2359777 -0.0806865 0.9684029 0.5295916 -0.06012195 0.8461194 0.529581 -0.06012111 0.8461262 0.5236735 -0.09909451 0.846136 0.5237203 -0.09910154 0.8461064 0.5152744 -0.1363436 0.8461104 0.5151945 -0.1363257 0.8461619 0.5042567 -0.1724181 0.8461662 0.5042697 -0.172422 0.8461576 0.4911049 -0.2069659 0.8461567 0.4757212 -0.2403066 0.8461336 0.4495211 -0.2875052 0.8457373 0.4494939 -0.2874871 0.8457579 0.4068884 -0.3451682 0.8457545 0.4069259 -0.3452013 0.845723 0.3584255 -0.3951297 0.8458154 0.3584139 -0.3951163 0.8458265 0.3020022 -0.4399882 0.8456979 0.3020093 -0.439999 0.8456898 0.05616247 -0.2048482 0.9771811 0.2507211 -0.4702832 0.8461518 0.2507263 -0.470292 0.8461452 0.2143367 -0.487937 0.8461543 0.2143293 -0.4879216 0.8461652 0.1778026 -0.5023796 0.8461684 0.1777962 -0.5023636 0.8461793 0.1408987 -0.5139226 0.8461862 0.1409109 -0.5139614 0.8461607 0.1042179 -0.5226387 0.8461603 0.06748205 -0.5286278 0.8461672 0.016272 -0.5331656 0.8458545 0.01627236 -0.5331991 0.8458333 -0.1940532 -0.4970317 0.8457558 -0.123843 -0.5189967 0.8457573 -0.1238456 -0.5190068 0.8457507 -0.173768 -0.1532717 0.9727859 -0.5016681 -0.1818745 0.845725 -0.5017029 -0.1818863 0.8457019 -0.5216292 -0.112491 0.8457238 -0.5216165 -0.1124885 0.845732 -0.6875464 -0.02912831 0.725556 0.5401775 -0.1352384 0.8306136 0.9731506 -0.1940105 0.1238457 0.9710972 -0.08188527 0.2241983 0.9710977 -0.08188045 0.2241982 0.985485 -0.09942013 -0.1376041 0.943831 -0.07958209 -0.320702 0.5941495 -0.2040005 0.7780554 0.9699071 -0.2428259 0.01777201 0.9699063 -0.2428282 0.01778304 0.9679428 -0.2505256 0.01798474 0.9443985 -0.2364395 -0.2284908 0.9443977 -0.2364423 -0.2284911 0.7355297 -0.4577258 -0.499483 0.7105149 -0.3398029 0.6162002 0.9048482 -0.3835651 -0.1847367 0.9048479 -0.3835657 -0.1847367 0.909626 -0.3838641 -0.158836 0.9124486 -0.3867856 -0.133546 0.9124479 -0.3867871 -0.1335462 0.8409416 -0.5378508 -0.05944627 0.7355415 -0.4577303 -0.4994614 0.7355429 -0.4577282 -0.4994614 0.7461248 -0.6329502 0.2065715 0.7457767 -0.6327735 0.2083623 0.8194814 -0.5099666 0.261504 0.6311731 -0.7270066 0.2703365 0.7467302 -0.6335357 0.2025505 0.7467076 -0.633562 0.202551 0.430158 -0.6449798 0.6316368 0.2000634 -0.3314545 0.9220156 0.458104 -0.5276585 -0.7153442 0.4581027 -0.5276592 -0.7153445 0.3351774 -0.8557152 0.3942177 0.3721767 -0.8952711 -0.2448962 0.3351815 -0.8557135 0.3942179 0.4077379 -0.6755191 0.6143484 0.4820125 -0.8638113 0.1466082 0.4866449 -0.8062467 -0.3363674 0.4866458 -0.8062463 -0.3363671 0.2046255 -0.7754035 0.5973926 0.1378992 -0.6344513 0.7605625 0.3491798 -0.8914662 0.288724 0.3308389 -0.8982429 0.2893189 0.3471814 -0.8863598 -0.3063192 0.3471835 -0.8863589 -0.3063192 0.1057847 -0.7208666 0.6849533 0.05338931 -0.7838547 -0.6186448 0.2121731 -0.9761663 0.04562836 0.2121753 -0.9761658 0.0456283 0.2024853 -0.9760553 -0.07947182 0.2052382 -0.9442598 -0.2573921 0.2052398 -0.9442594 -0.2573923 0.02191358 -0.7180092 0.6956885 0.05338853 -0.7838472 -0.6186545 0.05336219 -0.7838488 -0.6186546 -0.238081 -0.9703484 -0.04173094 -0.06969606 -0.8774207 0.4746317 -0.09704256 -0.9820569 -0.1617007 -0.06270915 -0.789467 -0.610581 -0.06271034 -0.7894669 -0.6105812 -0.2159695 -0.8802255 -0.4225637 -0.2591089 -0.5984919 0.7580701 -0.2159671 -0.8802157 -0.4225857 -0.21597 -0.8802149 -0.4225857 -0.5068888 -0.7939562 -0.3357043 -0.5458039 -0.8298484 0.1159725 -0.5458056 -0.8298474 0.1159721 -0.1874561 -0.4329926 0.8816902 -0.3914411 -0.7180948 0.5754249 -0.2568302 -0.5932286 -0.7629667 -0.2568306 -0.5932286 -0.7629666 -0.6608787 -0.746707 0.07528585 -0.6236755 -0.6717903 0.3996582 -0.623678 -0.6717879 0.3996581 -0.4814155 -0.67795 0.5555384 -0.5176317 -0.7870147 -0.3356564 -0.5176287 -0.7870156 -0.3356594 -0.514123 -0.4485171 0.731102 -0.6663068 -0.7177072 0.2023155 -0.6663042 -0.7177097 0.2023153 -0.6915837 -0.7191231 0.06763136 -0.6423785 -0.691937 -0.3295046 -0.6423775 -0.6919378 -0.3295044 -0.6534698 -0.4509953 0.6079312 -0.3316847 -0.1848605 0.925101 -0.7868546 -0.6156803 -0.04239791 -0.7868545 -0.6156805 -0.04239791 -0.7744614 -0.5990092 -0.2034642 -0.7664904 -0.5997467 -0.2297748 -0.7664905 -0.5997465 -0.2297748 -0.8978729 -0.3278496 -0.2938345 -0.654534 -0.3647975 0.6621994 -0.8801299 -0.4611802 -0.112624 -0.6513011 -0.3629946 -0.6663646 -0.6513009 -0.3629952 -0.6663646 -0.9256088 -0.3355661 -0.1750537 -0.8978711 -0.3278484 -0.2938418 -0.8978734 -0.3278484 -0.2938347 -0.9496446 -0.2047914 -0.2371402 -0.8075992 -0.1519443 0.5698214 -0.9288562 -0.3391669 -0.1489697 -0.9288583 -0.3391611 -0.1489695 -0.9522221 -0.04851263 0.301529 -0.1487322 -0.02798366 0.9884815 -0.6963171 -0.04970121 0.7160114 -0.6874777 -0.1293443 -0.7145939 -0.6874777 -0.1293446 -0.7145939 0.250096 -0.02109897 0.9679911 0.07320803 -6.28988e-4 0.9973165 0.2501379 -0.007281541 0.9681829 0.5325069 -0.02163469 0.8461492 0.6876517 -0.02328771 0.7256671 0.1190251 -0.01004123 0.9928405 0.1190251 -0.01004141 0.9928404 0.2228217 -0.04216367 0.973947 0.07716083 -0.01922905 0.9968332 0.07689261 -0.02034837 0.9968317 0.09801584 -0.02442616 0.994885 0.09801584 -0.02442628 0.994885 0.07656317 -0.03229665 0.9965416 0.07656317 -0.03229665 0.9965415 0.2216079 -0.1119434 0.9686892 0.08447366 -0.05239838 0.995047 0.08378285 -0.05358594 0.9950422 0.1680265 -0.1042255 0.9802572 0.1302534 -0.1102606 0.9853308 0.1302514 -0.1102634 0.9853307 0.1387503 -0.1177026 0.9833079 0.119553 -0.1374214 0.9832713 0.05566537 -0.06136572 0.996562 0.05434674 -0.06246942 0.9965662 0.5535271 -0.8064357 0.2080121 0.03605306 -0.05970722 0.9975646 0.03284966 -0.06161677 0.9975592 0.1094358 -0.1812363 0.9773317 0.05906647 -0.1508591 0.9867891 0.06503057 -0.1480425 0.9868407 0.0270403 -0.06906384 0.9972457 0.02476024 -0.06996017 0.9972425 0.04895055 -0.1250247 0.9909453 0.04894995 -0.1250249 0.9909453 0.02210444 -0.1013881 0.9946013 0.02210468 -0.1013881 0.9946014 0.03112185 -0.2437965 0.969327 -0.05246907 -0.5309888 0.8457529 -0.05247062 -0.5310019 0.8457445 -0.02291297 -0.2318789 0.9724748 0.00614506 -0.08961945 0.9959571 0.006145179 -0.08961939 0.9959571 0.0164175 -0.5379326 0.842828 -0.007373273 -0.09257811 0.9956781 -0.007373273 -0.09257811 0.9956781 -0.03426802 -0.1393806 0.9896457 -0.03426885 -0.1393804 0.9896457 -0.02473461 -0.1036568 0.9943055 -0.02543658 -0.1034575 0.9943085 -0.1476249 -0.3781142 0.9139128 -0.030182 -0.06946313 0.9971278 -0.03018206 -0.06946313 0.9971279 -0.1095493 -0.2103655 0.9714655 -0.06058138 -0.09169083 0.993943 -0.05798035 -0.09326684 0.9939514 -0.03932952 -0.0595259 0.9974517 -0.04217892 -0.05762666 0.9974468 -0.1042027 -0.1577122 0.9819718 -0.1160437 -0.1360655 0.9838801 -0.04956692 -0.05312532 0.9973569 -0.05101948 -0.05177885 0.9973545 -0.07755708 -0.08312505 0.9935166 -0.07755702 -0.08312511 0.9935165 -0.4726542 -0.2476665 0.84573 -0.4726537 -0.2476663 0.8457304 -0.2551859 -0.1337151 0.9576014 -0.07109916 -0.05533975 0.9959329 -0.07109904 -0.05533993 0.995933 -0.2113821 -0.1397375 0.9673629 -0.0785517 -0.04352337 0.9959595 -0.07855165 -0.04352343 0.9959595 -0.07830005 -0.01442635 0.9968255 -0.2925024 -0.06307905 0.9541821 -0.1142986 -0.04135286 0.9925854 -0.1142745 -0.04142987 0.992585 -0.1177173 -0.0425899 0.9921334 -0.1177172 -0.04259026 0.9921334 -0.1322274 -0.006434917 0.9911985 -0.2501457 -0.006958901 0.9681832 -0.2501385 -0.006958603 0.9681851 0.943831 -0.07958245 -0.3207019 0.9516844 -0.05898857 0.3013587 0.9517062 -0.05899029 0.3012898 0.6870357 -0.04592138 0.7251712 0.9381448 -0.03438937 -0.3445314 0.9339773 -0.09296441 -0.3450275 0.9859732 -0.1119327 0.1238057 0.9729753 -0.1939684 0.1252812 0.9442849 -0.1786829 -0.2764025 0.9303269 -0.2398911 -0.2773879 0.9656172 -0.2555061 -0.04795944 0.9440305 -0.326589 -0.04632562 0.9289425 -0.317629 -0.1902044 0.9042263 -0.3816015 -0.1917162 0.9006259 -0.3795462 -0.211702 0.8826782 -0.4199812 -0.2109385 0.5488665 -0.6050729 0.576743 0.6230458 -0.5285385 0.5765944 0.6230748 -0.5285645 0.5765392 0.6883225 -0.4402377 0.576544 0.6883273 -0.4402409 0.5765358 0.7289066 -0.3682006 0.5771685 0.475729 -0.2403102 0.8461282 0.4911475 -0.206982 0.8461281 0.07698482 -0.03244334 0.9965043 0.07697409 -0.03246998 0.9965042 0.5356301 -0.5904849 -0.6036787 0.5488631 -0.605069 0.5767502 0.4533362 -0.6801138 0.5761349 0.5133377 -0.7478882 -0.4208891 0.445466 -0.7901961 -0.4208922 0.4454002 -0.835447 0.3219425 0.3668271 -0.873073 0.3212188 0.3781327 -0.860818 -0.3405996 0.3285604 -0.8808172 -0.3408944 0.3256606 -0.9201509 0.2174106 0.2462257 -0.9442991 0.2183395 0.2522045 -0.9198927 -0.3003171 0.1945338 -0.9335299 -0.3011288 0.1955532 -0.9806731 0.006264507 0.1445321 -0.9894725 0.007406711 -0.1896344 -0.7947098 0.5766066 -0.08034217 -0.8130589 0.5766112 -0.08034282 -0.8130643 0.5766035 0.02492088 -0.8165438 0.5767454 0.02492082 -0.8165597 0.5767228 0.1034023 -0.8100131 0.5772233 0.06748211 -0.528628 0.846167 0.1042155 -0.5226287 0.8461669 0.01512897 -0.07587015 0.9970029 0.01647496 -0.07556641 0.9970047 -0.230718 -0.9668746 -0.1091915 -0.1896322 -0.794702 0.5766181 -0.2971399 -0.7610666 0.5766156 -0.1940659 -0.4970623 0.8457349 -0.2461481 -0.472673 0.8461627 -0.2461514 -0.47268 0.8461579 -0.2813683 -0.4526079 0.8461548 -0.2813649 -0.452602 0.8461591 -0.3147636 -0.4300442 0.8461595 -0.3147551 -0.4300317 0.8461689 -0.3458024 -0.4054648 0.846179 -0.3458164 -0.4054825 0.8461649 -0.3740363 -0.3796011 0.8461677 -0.3740649 -0.3796324 0.846141 -0.3996915 -0.3525456 0.8461432 -0.3997122 -0.3525653 0.8461252 -0.423273 -0.3239085 0.8461225 -0.3546456 -0.9083511 -0.221641 -0.2971487 -0.7610872 0.5765838 -0.3909374 -0.7171648 0.576925 -0.4614993 -0.8862075 0.04067856 -0.5359151 -0.8433912 0.03855121 -0.491492 -0.7906122 -0.3651958 -0.5336661 -0.7628892 -0.3649663 -0.5578288 -0.7621309 0.3286083 -0.624834 -0.708551 0.3279299 -0.6046773 -0.70901 -0.362864 -0.6439558 -0.6733312 -0.3632438 -0.6955954 -0.7059484 0.1333562 -0.7496035 -0.6480386 0.1346865 -0.7207427 -0.6357319 -0.2763602 -0.7598489 -0.5879456 -0.2773981 -0.7917617 -0.6058934 -0.07750087 -0.8204812 -0.5665419 -0.07642662 -0.07830005 -0.01442623 0.9968254 -0.2378285 -0.02600193 0.9709591 -0.5297906 -0.05792236 0.8461483 -0.9178459 -0.06632304 -0.3913568 -0.6869481 -0.04860967 0.7250788 -0.06240838 -0.04857546 0.9968678 -0.06281441 -0.04806596 0.9968671 -0.4232335 -0.3238759 0.8461548 -0.4445714 -0.2938891 0.8461592 -0.6812198 -0.4503301 0.5771847 -0.7237294 -0.3792277 0.5765432 -0.723731 -0.3792285 0.5765408 -0.7681516 -0.2784833 0.576533 -0.76816 -0.2784861 0.5765204 -0.7986969 -0.1722412 0.5765556 -0.7987002 -0.1722418 0.5765508 -0.8148858 -0.06008666 0.5764988 -0.951152 -0.06811785 0.3011144 -0.7602529 -0.6343014 0.1402756 -0.7314236 -0.667256 0.1406741 -0.9107133 -0.3876077 0.1426941 -0.7607656 -0.6338409 0.1395758 -0.9123073 -0.3882766 0.130141 -0.7610382 -0.6352117 0.1316322 -0.9915679 -0.06066793 0.1145095 -0.7621345 -0.6360862 0.1206037 -0.9570109 -0.2635579 0.1211095 -0.9926881 -0.06073611 0.1043139 -0.984315 0.1542059 0.08569955 -0.9589159 0.2748892 0.07011651 -0.9846784 0.1538763 0.08203983 -0.838453 0.544196 0.02910697 -0.9590388 0.2749461 0.06818598 -0.8381987 0.5444819 0.03102064 -0.8153008 0.5784738 0.02554863 -0.8384108 0.544238 0.02953493 -0.8134805 0.5810872 0.02423149 -0.8385105 0.5441438 0.02841782 0 0 1 0 0 1 0 0 1 0 0 1 0 0 1 0 0 1 0 0 1 0 0 1 0 0 1 0 0 1 0 0 1 0 0 1 0 0 1 0 0 1 0 0 1 0 0 1 0 0 1 0 0 1 0 0 1 0 0 1 0 0 1 0 0 1 0 0 1 0 0 1 0 0 1 0 0 1 0 0 1 0 0 1 0 0 1 0 0 1 0 0 1 0 0 1 0 0 1 0 0 1 0 0 1 0 0 1 0 0 1 0 0 1 0 0 1 0 0 1 0 0 1 0 0 1 0 0 1 0.5434322 -0.8389471 0.02914369 0.5779743 -0.8156668 0.02516913 0.5718966 -0.8199114 0.02607029 0.543644 -0.8387234 0.03153145 0.2622166 -0.962353 0.07154905 0.5435537 -0.8388386 0.02998673 0.2622436 -0.9623651 0.0712862 0.5425773 -0.8397575 0.02042973 -0.06700247 -0.9908744 0.1169552 0.151292 -0.9849193 0.08393287 0.1512964 -0.9849187 0.08393228 -0.06706905 -0.9920082 0.1068714 -0.2674031 -0.9551064 0.1275434 -0.3883149 -0.9120262 0.1319839 -0.6390022 -0.7557975 0.1429909 -0.6390807 -0.7558882 0.1421577 -0.6388444 -0.7560887 0.1421541 -0.3882701 -0.9119551 0.1326055 -0.6392732 -0.7553122 0.1443372 -0.667051 -0.7311006 0.1433003 -0.6911367 -0.7221171 0.02961397 -0.9651066 0.261579 0.01207071 -0.8402338 0.5421617 0.008240699 -0.9651038 0.2615897 0.01206684 -0.9996138 -0.02235853 0.01650404 -0.9940029 -0.107046 0.02235108 -0.9977486 -0.06474548 0.01748329 -0.8203171 -0.5710827 0.03073245 -0.8203161 -0.5710846 0.03072369 -0.8287497 -0.5588345 0.02963113 -0.8286791 -0.5589874 0.02870655 -0.9432627 -0.3317481 0.0140928 -0.9309392 -0.3642427 0.02606475 -0.9312647 -0.3620354 0.04094481 -0.9779359 -0.2086928 0.009423851 -0.9779365 -0.2086895 0.009422302 -0.7726342 -0.634606 0.01765489 -0.766478 -0.6418628 0.02288764 -0.7688712 -0.6384342 0.03519791 -0.8319596 -0.5548169 -0.004644215 -0.8319479 -0.5548345 -0.004613816 -0.7287107 -0.6845865 0.01794528 -0.7286869 -0.6846123 0.01792806 -0.76009 -0.6497938 -0.005587458 -0.7497672 -0.6615926 0.01201677 -0.7497755 -0.6615829 0.01203638 -0.7006603 -0.7132822 0.01742887 -0.7224234 -0.6914401 0.003865957 -0.7212199 -0.6926298 -0.01027923 -0.7125071 -0.7014867 0.01581436 -0.6973129 -0.716658 0.01248669 -0.6920942 -0.7218071 5.23594e-4 -0.6820811 -0.730895 0.02361804 -0.6750854 -0.7374483 0.02073097 -0.5923913 -0.8055284 0.01401883 -0.561951 -0.8271203 0.009124755 -0.4418244 -0.8966888 0.0272085 -0.4376004 -0.8991696 1.42687e-5 -0.484353 -0.8748055 0.01083987 -0.5601979 -0.8283312 0.006753325 -0.5601963 -0.8283324 0.00676167 -0.03481739 -0.999251 0.01689201 -0.2617847 -0.9645652 0.0329079 -0.2617847 -0.9645651 0.03290778 -0.2520108 -0.9672024 0.03178226 -0.2530235 -0.9669259 0.03214657 -0.1342033 -0.9909049 0.009846031 -0.3768617 -0.9261325 0.01593428 -0.3768617 -0.9261325 0.01593416 -0.008359611 -0.9988445 0.04732775 -0.6407615 -0.7575578 0.1246231 -0.7034175 -0.700378 0.121138 -0.6495433 -0.7524489 0.1091524 -0.6409547 -0.7581989 0.1196304 -0.3858894 -0.9162556 0.107541 -0.3889984 -0.9178448 0.07900148 -0.7247802 -0.6826214 0.09339004 -0.6460973 -0.7613565 0.05380183 -0.6927021 -0.7188444 0.058537 -0.6815199 -0.7302064 0.04826354 -0.6328682 -0.7711475 0.06934928 -0.6850411 -0.724928 0.07209724 -0.6461002 -0.7613539 0.05380254 -0.6460985 -0.761356 0.05379408 -0.6044381 -0.7929404 0.0768119 -0.6384243 -0.7660709 0.07449674 -0.6645866 -0.7423523 0.08507537 -0.6328683 -0.7711474 0.06934893 -0.6702417 -0.7357676 0.09706872 -0.6702416 -0.7357675 0.09706902 -0.7242411 -0.6813704 0.1058731 -0.6495619 -0.752433 0.1091513 -0.6495434 -0.7524489 0.1091523 -0.715816 -0.6962097 0.05384588 -0.7160754 -0.6959831 0.0533244 -0.7161946 -0.6958518 0.0534386 -0.7161362 -0.6959387 0.05308854 -0.7161356 -0.6959394 0.0530861 -0.7149005 -0.6970176 0.05553185 -0.7204885 -0.6915881 0.05101329 -0.7204921 -0.6915837 0.05102014 -0.7163181 -0.6922596 0.08755093 -0.7233003 -0.6851879 0.08575767 -0.7287677 -0.6793884 0.08561015 -0.7181286 -0.6913236 0.07976877 -0.7181283 -0.6913244 0.07976377 -0.6989713 -0.7103425 0.08277982 -0.695587 -0.7134449 0.08458745 -0.728691 -0.6820263 0.06204509 -0.7286475 -0.6821254 0.06146401 -0.7156593 -0.695332 0.06591802 -0.7158468 -0.6958432 0.05801248 -0.7195246 -0.6921877 0.05621898 -0.7195277 -0.6921834 0.05623263 -0.6613615 -0.741997 0.1097329 -0.7213635 -0.6850523 0.1016756 -0.7500069 -0.6550464 0.09167307 -0.750007 -0.6550463 0.09167331 -0.7145246 -0.6934698 0.09248948 -0.7287477 -0.6794087 0.08561956 -0.7287677 -0.6793887 0.08560818 -0.9590788 -0.2656983 0.09783834 -0.9869205 0.1513651 0.05546683 -0.9977486 -0.06474548 0.01748317 -0.9096846 0.4152571 -0.005948841 -0.9992452 -0.02039498 0.03306132 -0.9742388 0.2249959 0.01535201 -0.998064 0.05388224 0.03106313 -0.9651067 0.2615786 0.01206731 -0.8297119 0.5581595 0.006010651 -0.973039 0.2274256 0.03837603 -0.8397914 0.5427314 0.01390099 -0.9965659 0.05694365 0.06011629 -0.8389301 0.5437468 0.02314317 -0.8390014 0.5436365 0.0231539 -0.03219473 -0.9987354 0.03861445 0.2172051 -0.976051 0.01209682 0.467046 -0.8841516 -0.01200032 -0.008361935 -0.9988443 0.04732865 0.5402409 -0.8415087 -0.001708328 -0.007199168 -0.998281 0.0581665 0.5412693 -0.840813 0.007822811 0.22101 -0.974121 0.04735797 0.541984 -0.8402705 0.01409792 0.5419366 -0.840301 0.01410359 -0.640179 -0.7569903 0.1309069 -0.2703873 -0.9579746 0.09578722 -0.12821 -0.9880175 0.08592832 0.1486764 -0.9872495 0.0568661 -0.2337797 -0.9714229 0.04104459 -0.3268256 -0.9440038 0.04518538 -0.3280708 -0.9439823 0.03559255 -0.4250464 -0.9041724 0.0425195 -0.4271454 -0.9037434 0.02818965 -0.5351813 -0.84373 0.04123961 -0.5382236 -0.8424695 0.02367746 -0.5980222 -0.800802 0.0329495 -0.6003543 -0.799448 0.02139091 -0.6360921 -0.7710792 0.02870374 -0.6381499 -0.7696377 0.02055507 -0.6044393 -0.7929396 0.07681113 -0.6030473 -0.7929126 0.08731234 -0.485117 -0.8718655 0.067173 -0.4831656 -0.8715549 0.08332562 -0.231161 -0.9709039 0.06253218 -0.1320387 -0.9899544 0.05055773 0.04540014 -0.9984651 0.03172177 0.04905104 -0.996647 0.06548899 0.1484846 -0.9873855 0.05497312 -0.7162783 -0.6875003 0.1195353 -0.7514458 -0.6515863 0.1037515 -0.751446 -0.6515864 0.1037509 -0.7614289 -0.6354711 0.1280718 -0.7347882 -0.6680109 0.117677 -0.7623568 -0.6365272 0.1168122 -0.7624559 -0.6364096 0.1168075 -0.6815204 -0.7302061 0.04826092 -0.697179 -0.7150879 0.05090004 -0.6969705 -0.7156901 0.044945 -0.6948255 -0.7178096 0.04435145 -0.6949994 -0.7176733 0.04382771 -0.7111067 -0.7014846 0.04739761 -0.7135337 -0.6988019 0.05045312 -0.7148597 -0.6974938 0.04978048 -0.7163588 -0.695644 0.05394005 -0.9898235 -0.1197676 0.0768457 -0.9911099 -0.1223534 0.05225932 -0.9742373 -0.2176917 0.05892443 -0.9746879 -0.2199354 0.0401495 -0.9491127 -0.3118126 0.04424971 -0.9131693 -0.2655492 0.3092014 -0.9940122 -0.1072015 0.02115494 -0.6026027 -0.797964 -0.01110613 -0.6790866 -0.7332782 0.03383016 -0.6601811 -0.7506351 0.02660518 -0.664385 -0.7472655 0.01366859 -0.7034475 -0.7094996 0.04209446 -0.7090153 -0.7043257 0.0349664 0.7172332 0.6941347 -0.06126594 -0.7177398 -0.6954088 0.03544634 -0.7256066 -0.6868994 0.04079663 -0.7306333 -0.6819638 0.03317415 -0.7346879 -0.6770517 0.04283338 -0.7451633 -0.6659623 0.03501254 -0.7473625 -0.6628772 0.04520285 -0.762847 -0.6454846 0.03760486 -0.7645174 -0.6425897 0.05090874 -0.7875663 -0.6147624 0.04250431 -0.789036 -0.6110969 0.06310784 -0.8257014 -0.5616905 0.05216467 -0.8261442 -0.5593194 0.06817299 -0.8551743 -0.5148547 0.06001287 -0.855172 -0.5131732 0.07303434 -0.8799307 -0.4705076 0.06591337 -0.879515 -0.4682331 0.0849182 -0.922312 -0.3792384 0.07428878 -0.9209958 -0.3765684 0.09981411 -0.9865451 0.1518486 0.06058621 0.6679831 -0.7302477 0.1433075 0.3882949 -0.911951 0.1325612 0.6392813 -0.7552986 0.1443725 0.6390022 -0.7557983 0.1429859 0.3883131 -0.9119431 0.1325622 0.6399031 -0.7567277 0.1337427 0.06072098 -0.9912839 0.1169158 0.6409196 -0.7577871 0.1223966 0.2677951 -0.955522 0.1235463 0.06080567 -0.9924834 0.1062039 -0.1516428 -0.9845448 0.08761394 -0.2748568 -0.9588262 0.0714572 -0.1512804 -0.9849333 0.08378887 -0.5434882 -0.8388884 0.02978062 -0.2749067 -0.9589613 0.06942212 -0.5436725 -0.8386959 0.03177046 -0.5434273 -0.8389501 0.02914434 -0.5780011 -0.8156479 0.02516442 -0.5784859 -0.8153064 0.02509224 0 0 1 0 0 1 0 0 1 0 0 1 0 0 1 0 0 1 0 0 1 0 0 1 0 0 1 0 0 1 0 0 1 0 0 1 0 0 1 0 0 1 0 0 1 0 0 1 0 0 1 0 0 1 0 0 1 0 0 1 0 0 1 0 0 1 0 0 1 0 0 1 0 0 1 0 0 1 0 0 1 0 0 1 0 0 1 0 0 1 0 0 1 0 0 1 0 0 1 0 0 1 0 0 1 0 0 1 0 0 1 0 0 1 0 0 1 0 0 1 0 0 1 0 0 1 0 0 1 0.8385131 0.5441398 0.02841854 0.8134607 0.581115 0.02422672 0.8191703 0.572987 0.02541559 0.8382825 0.5443632 0.030842 0.9617754 0.2647618 0.06992322 0.8383959 0.5442752 0.02927184 0.9617917 0.2647705 0.0696665 0.8392739 0.543338 0.02007621 0.9913212 -0.06452697 0.1145359 0.9846748 0.1538752 0.08208477 0.9846745 0.1538774 0.08208447 0.9923985 -0.0646063 0.1047447 0.9566192 -0.2631916 0.1249398 0.9132851 -0.3861879 0.129496 0.7612195 -0.6352614 0.1303373 0.7583966 -0.6364856 0.1404302 0.760349 -0.6343246 0.1396481 0.760388 -0.6342782 0.1396473 0.9132177 -0.3861488 0.1300867 0.7573866 -0.6373838 0.1418005 0.7330146 -0.6654851 0.1407805 0.7356868 -0.6767719 0.02728915 0.2371832 -0.97061 0.0407474 -0.5412524 -0.840826 0.007585108 -0.2680392 -0.9633527 0.01031911 -0.2680392 -0.9633527 0.0103197 0.0950855 -0.9952919 0.01878464 0.09508556 -0.9952919 0.01878434 0.1338618 -0.990726 0.02330577 0.1340066 -0.9907317 0.0222029 0.2253056 -0.9742491 0.008720636 0.3840659 -0.922365 0.04166698 0.3863583 -0.9219756 0.02623295 0.3537138 -0.9352439 0.01433181 0.6099369 -0.7922405 0.01821923 0.609936 -0.7922412 0.01821964 0.5101681 -0.8599539 0.01441222 0.5404443 -0.8409715 0.02620989 0.540444 -0.8409716 0.02621144 0.6099369 -0.7922405 0.01821893 0.6193411 -0.7848006 0.02246034 0.6433023 -0.7655801 0.007017195 0.6417604 -0.7668026 0.01255023 0.6772378 -0.7354363 0.02196252 0.6927485 -0.7206782 0.02687984 0.6575956 -0.7530946 -0.02040821 0.677236 -0.7354379 0.02196687 0.725136 -0.6884003 0.01682221 0.7426035 -0.6696025 0.01313972 0.7325229 -0.680742 7.89997e-4 0.7352792 -0.6776555 -0.01214236 0.7174397 -0.6964182 0.01679444 0.7034479 -0.7106884 0.009120523 0.7012447 -0.7129027 -0.005061149 0.6986754 -0.7151562 0.02010834 0.7424225 -0.6698068 0.01295477 0.7840809 -0.6201827 -0.02430522 0.7554872 -0.654797 0.0219106 0.8196611 -0.5728473 0.001318693 0.8232668 -0.5674386 0.01566344 0.80801 -0.5888812 0.01840829 0.8080111 -0.5888795 0.01841485 0.9031314 -0.4293401 0.004536151 0.828231 -0.5602593 0.01196056 0.8282307 -0.5602596 0.01195847 0.9784114 -0.2066399 -0.003334224 0.8666367 -0.4984842 0.02131754 0.8666366 -0.4984844 0.02131664 0.9997074 -0.01749867 0.01669871 0.9988663 -0.04576319 0.01311105 0.9988663 -0.04576325 0.01311081 0.9839371 -0.1763948 0.02743595 0.9997543 0.01312452 -0.01786404 0.9950971 -0.09857255 0.008071124 0.9486011 -0.3159615 0.01800674 0.9486011 -0.3159617 0.01800596 0.9513332 0.3081139 0.005561828 0.9513332 0.3081139 0.005562126 0.7620303 -0.6360772 0.1213081 0.7101243 -0.6940612 0.1183329 0.7600151 -0.6412012 0.10601 0.7624676 -0.6363791 0.1168959 0.9210579 -0.3751274 0.1045548 0.9225628 -0.3780063 0.07738912 0.6929128 -0.7150899 0.09229439 0.6928796 -0.7151221 0.09229511 0.7711026 -0.6344537 0.05356556 0.7387151 -0.6715345 0.05780535 0.783891 -0.6171737 0.06790661 0.7427775 -0.6657124 0.07147365 0.7711024 -0.6344539 0.05356651 0.7711027 -0.6344536 0.0535658 0.7838911 -0.6171737 0.06790643 0.7659921 -0.637661 0.08151334 0.785134 -0.6150065 0.07301789 0.7506498 -0.6539775 0.09401279 0.7506498 -0.6539775 0.09401237 0.6947325 -0.7117629 0.103636 0.7600121 -0.6412047 0.1060098 0.760015 -0.6412013 0.10601 0.7161594 -0.6959237 0.05297076 0.716154 -0.6959196 0.05309742 0.7160444 -0.6960133 0.05334514 0.7161623 -0.6959017 0.05321997 0.7160958 -0.6960035 0.05278313 0.7159854 -0.6961088 0.0528903 0.716525 -0.6954633 0.05406242 0.7149588 -0.6971551 0.05299782 0.7149569 -0.6971567 0.05300229 0.7176199 -0.6941766 0.05603975 0.7065166 -0.705819 0.05151677 0.7065158 -0.7058196 0.05151963 0.7214252 -0.6898381 0.06057286 0.6928677 -0.7189623 0.05502343 0.6928674 -0.7189625 0.0550245 0.7312791 -0.6784574 0.07018792 0.6683394 -0.7409964 0.06516772 0.6848512 -0.7229918 0.09089452 0.7215554 -0.6867171 0.08818984 0.7106651 -0.6980149 0.08792376 0.6929554 -0.7161721 0.08312779 0.6929556 -0.7161722 0.08312714 0.7365899 -0.6709595 0.08513945 0.668341 -0.7409946 0.06516963 0.6683392 -0.7409965 0.06516873 0.7122657 -0.6940301 0.1048802 0.7022014 -0.7044336 0.1033757 0.6915901 -0.7164409 0.09173679 0.6915434 -0.7164349 0.09213501 0.6848431 -0.7229993 0.09089481 0.6848426 -0.7229995 0.09089809 0.1331776 -0.9896626 0.05321377 0.2347775 -0.970166 0.06047582 -0.04357033 -0.9985543 0.03148007 -0.2154893 -0.9763846 0.01541554 0.225304 -0.9742495 0.008719503 0.3089039 -0.932286 0.1882047 0.3313623 -0.942426 0.04508203 0.03947454 -0.9990816 0.01666808 0.03737109 -0.9987208 0.03406208 -0.4128516 -0.9107717 -0.006967425 -0.2680377 -0.9633531 0.01032 0.9991847 -0.01504188 0.03746509 0.9738235 0.226984 0.01208883 0.9348107 0.3551463 2.22881e-4 0.9513333 0.3081136 0.005562245 0.8403447 0.5420094 0.006817281 0.8678874 0.496596 0.01279544 0.8402628 0.5421219 0.007892489 0.9719907 0.2305195 0.04576838 0.839742 0.5428044 0.01402795 0.839784 0.5427392 0.01403576 0.7614336 -0.6354032 0.1283818 0.9593993 -0.2660738 0.09358286 0.9895665 -0.1174607 0.08343333 0.9869117 0.1513745 0.05559825 0.7666348 -0.6415267 0.02673065 0.7855213 -0.6185063 0.02015388 0.7870098 -0.6162748 0.02865344 0.8145688 -0.5796825 0.02111703 0.8158844 -0.5772882 0.03272664 0.8557446 -0.5168672 0.02344083 0.8569213 -0.5138276 0.0408312 0.9134553 -0.4059761 0.02797907 0.9138267 -0.403934 0.04192966 0.9506338 -0.308309 0.03522753 0.950631 -0.3071414 0.04432642 0.9754683 -0.2163973 0.04041928 0.8041368 -0.5897101 0.07487291 0.8040837 -0.5882277 0.08624243 0.8808223 -0.4687964 0.06619614 0.8805063 -0.4670009 0.08135527 0.9749462 -0.2139601 0.06083577 0.9914038 -0.1210071 0.04975813 0.9979458 0.05591338 0.03127259 0.9962237 0.05929511 0.06342184 0.9870353 0.1512027 0.05384391 0.6449994 -0.7557497 0.113218 0.6449994 -0.7557496 0.113218 0.7164697 -0.6897343 0.104583 0.269981 -0.9576272 0.1003012 0.6411684 -0.7580314 0.1195466 0.7023942 -0.7014246 0.1210199 0.6404767 -0.7573028 0.127601 0.6404912 -0.7572908 0.1275997 0.7163149 -0.6957297 0.05341511 0.7162721 -0.6957768 0.05337601 0.7208411 -0.6914781 0.0473932 0.7362622 -0.6753002 0.04344886 0.736455 -0.6750429 0.04417312 0.7335842 -0.6781024 0.04507184 0.7346101 -0.6766107 0.05045819 0.7466889 -0.6634356 0.04805278 0.7466884 -0.6634361 0.04805034 -0.5368212 -0.8436562 0.008199512 -0.5412626 -0.8408183 0.007701814 -0.2189608 -0.9745681 0.04767996 -0.5419209 -0.8403137 0.01395267 -0.04703003 -0.9968769 0.06344044 -0.1486601 -0.98726 0.05672597 0.1303761 -0.9883016 0.07913279 -0.1491783 -0.9868657 0.0619843 0.3872907 -0.9162448 0.1024762 0.3901674 -0.917627 0.07569712 0.4843156 -0.8705457 0.08711296 0.486788 -0.8709572 0.06686502 0.5313786 -0.8438583 0.07443171 0.533189 -0.8438253 0.06056737 0.5789858 -0.8124026 0.06911975 0.5814471 -0.8118883 0.0525031 0.631465 -0.7727763 0.06378734 0.6351544 -0.7711969 0.04282975 0.662753 -0.7470781 0.05131065 0.6655902 -0.7453534 0.03792053 0.6825284 -0.7294492 0.04537498 0.6853613 -0.7273373 0.03550201 0.6960103 -0.7167537 0.04282331 0.6998962 -0.7134278 0.03414881 0.7053765 -0.7076321 0.04124051 0.7115272 -0.7017981 0.03476387 -0.7161211 0.6954064 -0.05983722 0.7205087 -0.692569 0.03486317 0.7277154 -0.6845903 0.0420292 -0.2769634 0.908308 -0.3134769 0.7644037 -0.6444788 0.01827841 0.7610101 -0.6484193 0.02039802 0.7607523 -0.6487546 0.01932632 0.7071068 0.7071068 0 0.7071075 0.7071061 1.42004e-7 -0.9659256 0.25882 0 -0.9659256 0.25882 0 -0.7071068 0.7071068 0 -0.7071068 0.7071068 0 -0.25882 0.9659256 0 -0.25882 0.9659256 0 0.2588195 0.9659257 0 0.2588195 0.9659257 0 0.7071079 0.7071057 0 0.7071079 0.7071057 0 0.9659256 0.25882 0 0.9659256 0.25882 0 0.9659257 -0.2588195 0 0.9659257 -0.2588195 0 0.7071068 -0.7071068 0 0.7071068 -0.7071068 0 0.2588195 -0.9659257 0 0.2588195 -0.9659257 0 -0.25882 -0.9659256 0 -0.25882 -0.9659256 0 -0.7071057 -0.7071079 0 -0.7071057 -0.7071079 0 -0.9659257 -0.2588195 0 -0.9659257 -0.2588195 0 -0.7071061 -0.7071075 1.37237e-7 -0.7071068 -0.7071068 0 0.615707 0.7879621 0.00453031 0.5786706 0.8155615 0 -0.8155614 -0.5786705 0 -0.8065535 -0.5911593 0.001471519 -0.9932091 -0.1163417 4.9995e-4 -0.9533499 -0.3018051 0.006122946 -0.9796751 -0.2005893 -8.67529e-4 -0.9251643 -0.379566 -8.85397e-4 -0.9251733 -0.3795439 -8.85471e-4 -0.8461869 0.5328863 -7.83192e-5 -0.8997427 0.4364207 1.38631e-4 -0.9493063 0.31435 0.001314342 -0.9493079 0.3143451 0.001314401 -0.9875674 0.1571236 0.004757702 -0.9875684 0.1571176 0.004757881 -0.9577509 0.287599 -3.03977e-4 -0.9941063 0.1084083 -3.10237e-4 -0.9932089 -0.1163434 4.99986e-4 -0.620992 0.7833862 0.02597981 -0.620992 0.7833862 0.02598005 -0.6404665 0.7679613 -0.006172239 -0.6564903 0.7540838 0.01944637 -0.6564909 0.7540834 0.0194444 -0.6938432 0.7201036 -0.005686342 -0.6861289 0.7273135 0.01556605 -0.6861355 0.7273074 0.01555389 -0.7326768 0.6804818 -0.01137495 -0.7015169 0.7125928 0.009251475 -0.7115174 0.702666 -0.001844167 -0.730539 0.6828496 0.00541532 -0.7165603 0.6964395 0.03890287 -0.7308847 0.6821375 0.02227586 -0.7415947 0.6708344 -0.004308342 -0.7017629 0.7121094 0.02071869 -0.7054897 0.7085161 0.01700985 -0.2875989 0.9577507 -5.97631e-4 -0.1258896 0.9920274 0.005777001 -0.3170582 0.9484055 0.001060068 -0.3169569 0.9484394 0.001062691 -0.7807865 0.6247755 0.005300879 -0.7807869 0.6247749 0.005299806 -0.76879 0.6392256 0.01877635 -0.7639932 0.6445963 0.02845972 -0.7834444 0.6214101 0.008021175 -0.7803602 0.624899 0.02322244 -0.7952693 0.6062207 0.00658065 -0.7947166 0.6069806 -7.81302e-5 -0.6117291 0.7910593 0.003568291 -0.7071068 0.7071068 -1.46939e-4 -0.4878128 0.8729482 -1.51389e-4 -0.3169692 0.9484353 0.001062572 0.486 0.8739578 -0.001339197 0.4860439 0.8739334 -0.001339077 0.2005892 0.9796746 -0.001289308 0.3650809 0.9309177 0.01040303 0.1834339 0.9830307 0.001588702 0.1834382 0.98303 0.001588821 -0.06126618 0.9981213 -6.13295e-4 -0.06126302 0.9981215 -6.13288e-4 0.7071068 -0.7071068 0 0.7071068 -0.7071068 0 -0.9659256 0.25882 0 -0.9659256 0.25882 0 -0.7071079 0.7071057 0 -0.7071079 0.7071057 0 -0.2588195 0.9659257 0 -0.2588195 0.9659257 0 0.25882 0.9659256 0 0.25882 0.9659256 0 0.7071068 0.7071068 0 0.7071068 0.7071068 0 0.9659256 0.25882 0 0.9659256 0.25882 0 0.9659257 -0.2588195 0 0.9659257 -0.2588195 0 0.7071057 -0.7071079 0 0.7071057 -0.7071079 0 0.25882 -0.9659256 0 0.25882 -0.9659256 0 -0.2588195 -0.9659257 0 -0.2588195 -0.9659257 0 -0.7071068 -0.7071068 0 -0.7071068 -0.7071068 0 -0.9659257 -0.2588195 0 -0.9659257 -0.2588195 0 -0.7071075 0.707106 1.42004e-7 -0.7071068 0.7071068 0 0.7872325 -0.6166397 0.004526078 0.8155614 -0.5786705 0 -0.5786706 0.8155614 0 -0.5910126 0.806661 0.001492798 -0.1138795 0.9934945 4.40617e-4 -0.3013906 0.9534802 0.006260156 -0.2005894 0.9796751 -8.80191e-4 -0.3790694 0.9253678 -8.98209e-4 -0.3791056 0.925353 -8.98134e-4 0.287599 0.9577509 -2.83174e-4 0.1165643 0.9931831 -2.88841e-4 -0.1138815 0.9934942 4.40655e-4 0.5212526 0.8534024 -1.90717e-4 0.3683122 0.9293287 -0.02634829 0.3700374 0.9286511 -0.02606874 0.5126223 0.858246 0.02514022 0.5126493 0.8582298 0.02514505 0.3484395 0.937331 6.31834e-4 0.1639177 0.9864632 0.004615783 0.1639144 0.9864638 0.004615843 0.7012326 0.7128359 0.01174318 0.7113384 0.7028413 0.003452599 0.7379702 0.6748321 0.001210153 0.7380344 0.674762 0.001227915 0.7241818 0.6896088 -6.00327e-4 0.6957461 0.717862 0.02472782 0.6957628 0.7178477 0.02467828 0.7017621 0.7115442 0.03514087 0.7602375 0.6496165 0.006103754 0.770507 0.6370877 0.02093243 0.7705066 0.6370881 0.02093523 0.7236129 0.6870246 0.06619399 0.7161886 0.69634 0.04673975 0.7041333 0.7100678 -1.84936e-4 0.7071068 0.7071068 -6.325e-5 0.7492496 0.6621242 0.01471519 0.7301624 0.6794355 0.07232046 0.6768174 0.734879 -0.04325693 0.6660875 0.7455521 0.02190047 0.675467 0.7365126 0.03596723 0.9577508 0.287599 -5.98579e-4 0.9949468 0.1001855 0.00661385 0.9580941 0.2864496 0.00156331 0.9580892 0.2864655 0.001562893 0.9580675 0.286538 0.001562178 0.889208 0.457503 -6.58765e-5 0.8891863 0.4575453 -6.58974e-5 0.866364 -0.4994124 -8.53435e-4 0.8663522 -0.499433 -8.53365e-4 0.9796751 -0.2005893 -8.17515e-4 0.9275703 -0.3734809 0.01119589 0.9774891 -0.210974 0.002290189 0.9774897 -0.210971 0.002290129 0.99968 0.02528959 -6.19358e-4 0.9996798 0.02529597 -6.19381e-4 -0.8064373 0.5494586 0.2185272 -0.7081845 0.6731109 0.2130642 -0.6542026 0.7328213 0.1870613 -0.2228322 0.9510809 0.2139886 0.1532011 0.9743696 0.1647216 0.2256742 0.9591305 0.170704 0.6406165 0.7343268 0.2244433 0.8136493 0.5552532 0.1722463 0.7537852 0.6556548 0.04387259 0.6326071 0.7726849 0.05259513 -0.7432667 0.6674761 0.04505848 -0.845444 0.5304221 0.0622648 -0.9739741 0.2223644 0.04391372 -0.980746 0.1902676 0.04399484 -0.9722908 0.1887433 0.1379374 -0.9730556 0.1957224 0.1218838 -0.969855 0.2215698 0.1014295 -0.9847567 0.1613179 0.06504464 -0.9596427 0.2602267 0.1066213 -0.9850312 0.1613575 0.06064182 -0.9859048 0.1614629 0.04383307 -0.9859045 0.161465 0.04383337 -0.8906617 0.4511207 0.05667287 -0.9460593 0.3021012 0.1170755 -0.9635058 0.2639576 0.04453176 -0.9517125 0.3037576 0.0444352 -0.9397489 0.3327365 0.07847553 -0.947948 0.3026953 0.09884327 -0.9131294 0.4005849 0.07567453 -0.9226461 0.3827471 0.0472095 -0.9226472 0.3827446 0.0472095 -0.844065 0.5326141 0.06226205 -0.8440654 0.5326133 0.06226205 -0.881724 0.4668362 0.06802046 -0.8866381 0.4594162 0.05300754 -0.8866381 0.4594161 0.05300748 -0.7965806 0.6024445 0.05019927 -0.7965799 0.6024454 0.05019927 -0.8037822 0.5905893 0.07168281 -0.8442982 0.532756 0.05772012 -0.8442979 0.5327564 0.05772012 -0.7598412 0.6485565 0.04489797 -0.7411677 0.6653922 0.08901488 -0.7411692 0.6653907 0.08901339 -0.6808012 0.72446 0.108016 -0.7103586 0.7025482 0.0426228 -0.6840047 0.728218 0.04284965 -0.6551616 0.7511591 0.08076679 -0.619737 0.7835403 0.04461646 -0.5985121 0.7973618 0.07744324 -0.6197369 0.7835404 0.04461711 -0.6197381 0.7835394 0.04461711 -0.4787977 0.8760992 0.05659383 -0.4787933 0.8761016 0.05659383 -0.5386711 0.8394995 0.07123094 -0.551233 0.8329078 0.04905843 -0.5512355 0.8329063 0.04905843 -0.4786505 0.8758306 0.06176197 -0.4786379 0.8758375 0.06176197 -0.410066 0.9096028 0.06684792 -0.4027608 0.9138103 0.05229216 -0.323807 0.9449776 0.04654282 -0.3418967 0.9375801 0.06364321 -0.3230132 0.9428851 0.08142656 -0.4027583 0.9138115 0.05229216 -0.1593314 0.9802288 0.1173244 -0.243121 0.9690133 0.04364806 -0.2727277 0.9610975 0.04371607 -0.2420703 0.9653244 0.09772783 -0.3238066 0.9449778 0.04654282 -0.1292536 0.9884027 0.07970958 -0.160416 0.9860864 0.04359048 -0.1604124 0.9860871 0.04359048 0.008491039 0.9985665 0.05284845 0.008495926 0.9985664 0.05284845 -0.05627143 0.9955876 0.07509303 -0.07629394 0.9960057 0.04638755 -0.07629215 0.9960059 0.04638755 0.008493185 0.9985663 0.05284947 0.01697605 0.9975862 0.06733226 0.09252119 0.9937717 0.06211006 0.0897994 0.9940211 0.06211429 0.09256118 0.9940583 0.05727642 0.176101 0.9831435 0.04916578 0.1620763 0.9850842 0.05779522 0.1757817 0.9816355 0.07411098 0.09255635 0.9940587 0.05727636 0.1760994 0.9831438 0.04916578 0.2335236 0.9692408 0.0777114 0.2588382 0.9649028 0.04433172 0.3048436 0.9514514 0.0425511 0.3380871 0.9348533 0.1083807 0.2588379 0.9649029 0.04433172 0.4179669 0.9073644 0.04464823 0.4179666 0.9073646 0.04464823 0.3731226 0.9242905 0.08041495 0.3399072 0.9394896 0.04269105 0.3399263 0.9394825 0.042692 0.492893 0.8687095 0.04899221 0.5669613 0.8217918 0.05668431 0.5646787 0.823361 0.0566982 0.5043432 0.8605666 0.0711559 0.4928941 0.8687089 0.04899299 0.4928932 0.8687094 0.04899227 0.6326091 0.7726833 0.05259513 0.6326091 0.7726833 0.05259507 0.6254515 0.7773649 0.06718742 0.5645226 0.8231113 0.06166094 0.5645209 0.8231125 0.06166094 0.6958315 0.7166625 0.04704707 0.7331297 0.6786647 0.04398798 0.7509914 0.6529886 0.09807127 0.6958316 0.7166625 0.04704707 0.7537866 0.6556531 0.04387319 0.7790658 0.6216201 0.08151751 0.8067158 0.5893161 0.04377424 0.8067155 0.5893164 0.04377424 0.8228331 0.5626325 0.07994002 0.8535932 0.518773 0.047468 0.8535927 0.5187739 0.047468 0.862653 0.5014774 0.06595712 0.8517295 0.5175909 0.08158731 0.9278272 0.3676943 0.06274998 0.9278323 0.3676817 0.06274998 0.8968954 0.4370438 0.06761205 0.8940044 0.4448329 0.05366468 0.8940037 0.4448344 0.05366474 0.9507555 0.3014181 0.07218837 0.9281328 0.3678122 0.05730396 0.9281334 0.3678105 0.05730396 0.9699211 0.2305235 0.07818019 0.9563966 0.2878645 0.04939192 0.9563969 0.2878636 0.04939192 0.9775664 0.2057415 0.04510468 0.9775661 0.2057429 0.0451039 0.9775663 0.2057418 0.0451039 0.9959507 0.01515692 0.0886144 0.9865808 0.1222715 0.1082037 0.9862703 0.1593102 0.04348737 0.9914795 0.122737 0.04363507 0.99296 0.08840143 0.07884025 0.9980636 0.04033213 0.04735183 0.9979274 0.04357743 0.04734855 0.9991629 0.04033851 0.006795287 0.9959324 0.0151565 0.08881998 0.9785272 0.01495909 0.2055737 0.9953066 0.03903478 0.08854943 0.9709995 0.1138879 0.2102131 0.9709994 0.1138888 0.2102131 0.9878928 0.08800429 0.1277624 0.9926345 0.1162324 0.03415489 0.9778741 0.0384103 0.2056378 0.9808493 0.1941625 -0.01534974 0.9710198 0.1570535 0.1801527 0.9568383 0.1897076 0.2201627 0.9568383 0.1897073 0.2201627 0.9693257 0.2303934 0.08559554 0.9428051 0.2633185 0.2044064 0.9143465 0.3352922 0.2270451 0.9143463 0.3352929 0.2270451 0.9497781 0.3011245 0.08512032 0.9428049 0.2633178 0.204408 0.9428047 0.2633197 0.2044064 0.9269659 0.3706828 0.05769342 0.9242424 0.3696216 0.09568637 0.9143463 0.3352913 0.2270473 0.8542608 0.4827752 0.1927864 0.8542487 0.4827889 0.1928058 0.893713 0.4354953 0.1078004 0.887802 0.4120005 0.2050932 0.8878018 0.412001 0.2050932 0.8542588 0.4827787 0.1927864 0.8580147 0.4987406 0.1227551 0.8128778 0.5547147 0.177542 0.8132023 0.5559054 0.1722534 0.812879 0.5547134 0.1775408 0.8128792 0.5547127 0.1775421 0.7674634 0.6302585 0.117364 0.7696515 0.6138921 0.1754225 0.7555026 0.6202508 0.2109615 0.6804946 0.7289046 0.07500195 0.6653007 0.7121357 0.2241376 0.6570671 0.7538258 -0.003086924 0.7004215 0.6814038 0.2123641 0.700428 0.6813968 0.2123657 0.7173828 0.663597 0.2121341 0.7158052 0.6967982 0.0457738 0.7555027 0.6202508 0.2109615 0.6406153 0.734331 0.2244328 0.6246495 0.7763113 0.08457916 0.5775455 0.7858909 0.220945 0.5775463 0.7858903 0.220945 0.5656369 0.819784 0.08949297 0.5091295 0.8335087 0.2145936 0.4432006 0.8785349 0.1781849 0.4431992 0.8785355 0.1781848 0.5024249 0.8572412 0.1127247 0.5091275 0.8335093 0.2145957 0.5091274 0.8335094 0.2145959 0.4397022 0.8948252 0.07713615 0.4379461 0.8912853 0.1175315 0.4431998 0.8785355 0.1781834 0.3018805 0.9393686 0.1626492 0.3776085 0.9169696 0.1287572 0.3701294 0.9170678 0.1482931 0.3748281 0.9103323 0.1754967 0.3748314 0.9103308 0.1754968 0.3018837 0.9393676 0.1626493 0.3012241 0.9406684 0.1562276 0.3022354 0.9404353 0.155677 0.2306705 0.957943 0.1706937 0.226952 0.9643951 0.1357755 0.3022354 0.9404352 0.155677 0.160016 0.9732769 0.1647028 0.1542791 0.9809352 0.1181698 0.1542785 0.9809354 0.1181688 0.08365505 0.9887468 0.1240225 0.08899992 0.9857434 0.1427896 0.08317905 0.9833657 0.1614721 0.008546292 0.9832766 0.1819182 0.008547246 0.9832766 0.1819182 0.01676279 0.9857622 0.1673082 0.008620738 0.991885 0.1268463 0.08318245 0.9833654 0.1614721 -0.07055413 0.9926896 0.09792608 -0.05534893 0.9800919 0.1906733 -0.06949496 0.978391 0.1947345 -0.20167 0.9781169 0.05115211 -0.1970628 0.9567959 0.2137941 -0.2281686 0.9730201 0.03422003 -0.1466581 0.9675901 0.2055741 -0.1466602 0.9675905 0.2055712 -0.1267875 0.9704241 0.2054314 -0.1496214 0.9863827 0.06828248 -0.06949192 0.9783912 0.1947345 -0.3094233 0.9506667 -0.02213835 -0.2709876 0.9553452 0.1178185 -0.3007118 0.9248186 0.2329869 -0.3007117 0.9248186 0.2329869 -0.341262 0.935925 0.08708947 -0.3806464 0.8996403 0.2139056 -0.4568616 0.8661183 0.2027724 -0.4568608 0.8661187 0.2027724 -0.4089939 0.9072799 0.09781163 -0.3806458 0.8996399 0.2139087 -0.3806495 0.8996382 0.2139087 -0.4762282 0.8774517 0.05731707 -0.473 0.8714787 0.1295987 -0.4568614 0.8661183 0.2027727 -0.5949044 0.784743 0.1739751 -0.5948987 0.7847472 0.1739751 -0.5941594 0.7913561 0.1439794 -0.5323591 0.8332884 0.1490776 -0.5336591 0.8315081 0.1542799 -0.5312016 0.8314514 0.1628295 -0.5311982 0.8314536 0.1628296 -0.6458824 0.7401632 0.1870681 -0.6617013 0.7414261 0.1115291 -0.594898 0.7847475 0.1739764 -0.6949434 0.6867702 0.2130736 -0.7221496 0.6867381 0.08301115 -0.7221498 0.6867379 0.08301031 -0.7785086 0.6270954 0.02599573 -0.7476795 0.6378129 0.1848516 -0.7608033 0.6124459 0.2146821 -0.7865176 0.5776261 0.2184909 -0.8261494 0.5631744 -0.0176534 -0.760804 0.6124451 0.2146821 -0.8064358 0.5494596 0.2185301 -0.843903 0.5294283 0.0867958 -0.8477823 0.4811594 0.223049 -0.8477823 0.4811595 0.223049 -0.8791118 0.4654431 0.1025916 -0.869329 0.4934655 0.02754795 -0.9188982 0.3415825 0.197351 -0.9188926 0.3415985 0.1973496 -0.9110637 0.39969 0.1010482 -0.8875158 0.4122183 0.2058927 -0.8875157 0.4122183 0.2058928 -0.9188915 0.3416005 0.1973511 -0.9365622 0.3316448 0.1134151 -0.9455058 0.2684308 0.1842921 -0.9666518 0.1944887 0.1666085 -0.9666517 0.1944895 0.1666085 -0.9562791 0.2621014 0.1297428 -0.9455057 0.2684302 0.1842939 -0.9455063 0.2684295 0.1842921 -0.2106105 -0.152425 -0.9656137 -0.9754137 -0.05079418 0.2144481 -0.9836681 -0.05675536 0.1708094 -0.9844059 -0.04664713 0.1696144 -0.9959469 -0.04447031 0.07818031 -0.9959546 -0.04410225 0.07829087 -0.9911342 -0.04726094 0.1241751 -0.9911949 -0.04558324 0.1243171 -0.9911975 -0.04558175 0.124297 -0.8842405 -0.1454172 -0.4438161 -0.8696721 -0.4659081 0.1630953 -0.8890365 -0.456482 0.03518968 -0.8828338 -0.4684783 0.03365445 -0.8974202 -0.4312501 -0.09306049 -0.8907641 -0.4439436 -0.09722894 -0.8997575 -0.382251 -0.2105247 -0.8930318 -0.3941043 -0.2172006 -0.8974329 -0.3140252 -0.3098422 -0.8912132 -0.3234423 -0.318 -0.8926436 -0.2325141 -0.3861665 -0.9983327 -0.004935324 -0.05750995 -0.9988678 -0.01280957 -0.04581397 -0.8876026 -0.1426556 -0.4379623 -0.8875778 -0.2385511 -0.3940799 -0.9993634 -0.02213102 -0.02798151 -0.9993739 -0.0219537 -0.02774566 -0.9988312 -0.01314055 -0.04651415 -0.9988311 -0.01313436 -0.04651707 -0.4643256 -0.7643364 -0.4474279 -0.05737775 -0.6808227 -0.7301975 -0.0119611 -0.6851857 -0.7282702 -0.5057948 -0.4165405 -0.7554242 -0.5059713 -0.4419984 -0.740696 -0.6863791 -0.3519406 -0.636413 -0.6863774 -0.3519437 -0.6364132 -0.6863774 -0.3519412 -0.6364146 0.06486654 -0.3150126 -0.9468682 -0.5810834 -0.1259148 -0.8040445 -0.2136523 -0.966529 0.1420366 -0.2136794 -0.9665211 0.14205 -0.6559054 -0.7531368 -0.05072516 -0.6344709 -0.7710769 -0.05373102 -0.6348989 -0.7704946 -0.05693298 -0.002893626 -0.9993869 0.03489184 0.03040903 -0.9992623 0.02345478 -0.2264323 -0.9716312 0.06827372 -0.6005392 -0.7887127 0.1314725 -0.6559054 -0.7531369 -0.0507251 -0.6559055 -0.7531367 -0.05072593 0.0388382 -0.9211288 -0.3873156 -0.7388184 -0.5933375 -0.319528 -0.7404643 -0.5734819 -0.3504729 -0.4643272 -0.764337 -0.4474251 -0.4643253 -0.7643385 -0.4474247 -0.9983328 -0.004942595 -0.05750834 -0.9980625 -0.005938053 -0.0619359 -0.9977155 -4.6341e-4 -0.06755399 -0.9993635 -0.02212941 -0.0279802 -0.9993635 -0.02213299 -0.02797746 -0.9995364 -0.03044664 3.05459e-4 -0.9995147 -0.0311504 -3.04268e-4 -0.998613 -0.03825265 0.03617775 -0.9986037 -0.03874957 0.03590488 -0.9986026 -0.03875929 0.03592288 -0.2126123 -0.06091731 -0.9752359 -0.5984374 -0.08431839 -0.7967203 -0.8840154 -0.04836678 -0.4649488 -0.8779506 -0.04821765 -0.4763169 -0.9976743 -0.00656867 -0.06784403 -0.8698123 -0.4649029 0.1652026 -0.5756903 -0.8081954 0.124101 -0.6042671 -0.7941709 -0.06445056 -0.5882704 -0.805921 -0.06655257 -0.6096897 -0.7510683 -0.2533275 -0.5963354 -0.760618 -0.2566017 -0.6096923 -0.6680613 -0.4265787 -0.599079 -0.6751714 -0.4304045 -0.6057204 -0.5513501 -0.5736863 -0.5978689 -0.5560295 -0.5773942 -0.6000108 -0.4098819 -0.6870108 -0.5947104 -0.4124956 -0.6900485 -0.5946234 -0.2520021 -0.7634907 -0.5915662 -0.253111 -0.7654961 -0.5911391 -0.08597111 -0.8019747 -0.5802063 -0.08683824 -0.809827 -0.2106125 -0.1524218 -0.9656138 -0.0725941 0.008241295 0.9973275 0.238081 0.9703484 -0.04173099 0.4446065 0.2939143 0.846132 -0.2359777 0.0806865 0.9684029 -0.5295916 0.06012195 0.8461194 -0.529581 0.06012111 0.8461262 -0.5236735 0.09909451 0.846136 -0.5237203 0.09910154 0.8461064 -0.5152744 0.1363436 0.8461104 -0.5151945 0.1363257 0.8461619 -0.5042567 0.1724181 0.8461662 -0.5042697 0.172422 0.8461576 -0.4911049 0.2069659 0.8461567 -0.4757212 0.2403066 0.8461336 -0.4495211 0.2875052 0.8457373 -0.4494939 0.2874871 0.8457579 -0.4068884 0.3451682 0.8457545 -0.4069259 0.3452013 0.845723 -0.3584255 0.3951297 0.8458154 -0.3584139 0.3951163 0.8458265 -0.3020022 0.4399882 0.8456979 -0.3020093 0.439999 0.8456898 -0.05616247 0.2048482 0.9771811 -0.2507211 0.4702832 0.8461518 -0.2507263 0.470292 0.8461452 -0.2143367 0.487937 0.8461543 -0.2143293 0.4879216 0.8461652 -0.1778026 0.5023796 0.8461684 -0.1777962 0.5023636 0.8461793 -0.1408987 0.5139226 0.8461862 -0.1409109 0.5139614 0.8461607 -0.1042179 0.5226387 0.8461603 -0.06748205 0.5286278 0.8461672 -0.016272 0.5331656 0.8458545 -0.01627236 0.5331991 0.8458333 0.1940532 0.4970317 0.8457558 0.123843 0.5189967 0.8457573 0.1238456 0.5190068 0.8457507 0.173768 0.1532717 0.9727859 0.5016681 0.1818745 0.845725 0.5017029 0.1818863 0.8457019 0.5216292 0.112491 0.8457238 0.5216165 0.1124885 0.845732 0.6875464 0.02912831 0.725556 -0.5401775 0.1352384 0.8306136 -0.9731506 0.1940105 0.1238457 -0.9710972 0.08188527 0.2241983 -0.9710977 0.08188045 0.2241982 -0.985485 0.09942013 -0.1376041 -0.943831 0.07958209 -0.320702 -0.5941495 0.2040005 0.7780554 -0.9699071 0.2428259 0.01777201 -0.9699063 0.2428282 0.01778304 -0.9679428 0.2505256 0.01798474 -0.9443985 0.2364395 -0.2284908 -0.9443977 0.2364423 -0.2284911 -0.7355297 0.4577258 -0.499483 -0.7105149 0.3398029 0.6162002 -0.9048482 0.3835651 -0.1847367 -0.9048479 0.3835657 -0.1847367 -0.909626 0.3838641 -0.158836 -0.9124486 0.3867856 -0.133546 -0.9124479 0.3867871 -0.1335462 -0.8409416 0.5378508 -0.05944627 -0.7355415 0.4577303 -0.4994614 -0.7355429 0.4577282 -0.4994614 -0.7461248 0.6329502 0.2065715 -0.7457767 0.6327735 0.2083623 -0.8194814 0.5099666 0.261504 -0.6311731 0.7270066 0.2703365 -0.7467302 0.6335357 0.2025505 -0.7467076 0.633562 0.202551 -0.430158 0.6449798 0.6316368 -0.2000634 0.3314545 0.9220156 -0.458104 0.5276585 -0.7153442 -0.4581027 0.5276592 -0.7153445 -0.3351774 0.8557152 0.3942177 -0.3721767 0.8952711 -0.2448962 -0.3351815 0.8557135 0.3942179 -0.4077379 0.6755191 0.6143484 -0.4820125 0.8638113 0.1466082 -0.4866449 0.8062467 -0.3363674 -0.4866458 0.8062463 -0.3363671 -0.2046255 0.7754035 0.5973926 -0.1378992 0.6344513 0.7605625 -0.3491798 0.8914662 0.288724 -0.3308389 0.8982429 0.2893189 -0.3471814 0.8863598 -0.3063192 -0.3471835 0.8863589 -0.3063192 -0.1057847 0.7208666 0.6849533 -0.05338931 0.7838547 -0.6186448 -0.2121731 0.9761663 0.04562836 -0.2121753 0.9761658 0.0456283 -0.2024853 0.9760553 -0.07947182 -0.2052382 0.9442598 -0.2573921 -0.2052398 0.9442594 -0.2573923 -0.02191358 0.7180092 0.6956885 -0.05338853 0.7838472 -0.6186545 -0.05336219 0.7838488 -0.6186546 0.238081 0.9703484 -0.04173094 0.06969606 0.8774207 0.4746317 0.09704256 0.9820569 -0.1617007 0.06270915 0.789467 -0.610581 0.06271034 0.7894669 -0.6105812 0.2159695 0.8802255 -0.4225637 0.2591089 0.5984919 0.7580701 0.2159671 0.8802157 -0.4225857 0.21597 0.8802149 -0.4225857 0.5068888 0.7939562 -0.3357043 0.5458039 0.8298484 0.1159725 0.5458056 0.8298474 0.1159721 0.1874561 0.4329926 0.8816902 0.3914411 0.7180948 0.5754249 0.2568302 0.5932286 -0.7629667 0.2568306 0.5932286 -0.7629666 0.6608787 0.746707 0.07528585 0.6236755 0.6717903 0.3996582 0.623678 0.6717879 0.3996581 0.4814155 0.67795 0.5555384 0.5176317 0.7870147 -0.3356564 0.5176287 0.7870156 -0.3356594 0.514123 0.4485171 0.731102 0.6663068 0.7177072 0.2023155 0.6663042 0.7177097 0.2023153 0.6915837 0.7191231 0.06763136 0.6423785 0.691937 -0.3295046 0.6423775 0.6919378 -0.3295044 0.6534698 0.4509953 0.6079312 0.3316847 0.1848605 0.925101 0.7868546 0.6156803 -0.04239791 0.7868545 0.6156805 -0.04239791 0.7744614 0.5990092 -0.2034642 0.7664904 0.5997467 -0.2297748 0.7664905 0.5997465 -0.2297748 0.8978729 0.3278496 -0.2938345 0.654534 0.3647975 0.6621994 0.8801299 0.4611802 -0.112624 0.6513011 0.3629946 -0.6663646 0.6513009 0.3629952 -0.6663646 0.9256088 0.3355661 -0.1750537 0.8978711 0.3278484 -0.2938418 0.8978734 0.3278484 -0.2938347 0.9496446 0.2047914 -0.2371402 0.8075992 0.1519443 0.5698214 0.9288562 0.3391669 -0.1489697 0.9288583 0.3391611 -0.1489695 0.9522221 0.04851263 0.301529 0.1487322 0.02798366 0.9884815 0.6963171 0.04970121 0.7160114 0.6874777 0.1293443 -0.7145939 0.6874777 0.1293446 -0.7145939 -0.250096 0.02109897 0.9679911 -0.07320803 6.28988e-4 0.9973165 -0.2501379 0.007281541 0.9681829 -0.5325069 0.02163469 0.8461492 -0.6876517 0.02328771 0.7256671 -0.1190251 0.01004123 0.9928405 -0.1190251 0.01004141 0.9928404 -0.2228217 0.04216367 0.973947 -0.07716083 0.01922905 0.9968332 -0.07689261 0.02034837 0.9968317 -0.09801584 0.02442616 0.994885 -0.09801584 0.02442628 0.994885 -0.07656317 0.03229665 0.9965416 -0.07656317 0.03229665 0.9965415 -0.2216079 0.1119434 0.9686892 -0.08447366 0.05239838 0.995047 -0.08378285 0.05358594 0.9950422 -0.1680265 0.1042255 0.9802572 -0.1302534 0.1102606 0.9853308 -0.1302514 0.1102634 0.9853307 -0.1387503 0.1177026 0.9833079 -0.119553 0.1374214 0.9832713 -0.05566537 0.06136572 0.996562 -0.05434674 0.06246942 0.9965662 -0.5535271 0.8064357 0.2080121 -0.03605306 0.05970722 0.9975646 -0.03284966 0.06161677 0.9975592 -0.1094358 0.1812363 0.9773317 -0.05906647 0.1508591 0.9867891 -0.06503057 0.1480425 0.9868407 -0.0270403 0.06906384 0.9972457 -0.02476024 0.06996017 0.9972425 -0.04895055 0.1250247 0.9909453 -0.04894995 0.1250249 0.9909453 -0.02210444 0.1013881 0.9946013 -0.02210468 0.1013881 0.9946014 -0.03112185 0.2437965 0.969327 0.05246907 0.5309888 0.8457529 0.05247062 0.5310019 0.8457445 0.02291297 0.2318789 0.9724748 -0.00614506 0.08961945 0.9959571 -0.006145179 0.08961939 0.9959571 -0.0164175 0.5379326 0.842828 0.007373273 0.09257811 0.9956781 0.007373273 0.09257811 0.9956781 0.03426802 0.1393806 0.9896457 0.03426885 0.1393804 0.9896457 0.02473461 0.1036568 0.9943055 0.02543658 0.1034575 0.9943085 0.1476249 0.3781142 0.9139128 0.030182 0.06946313 0.9971278 0.03018206 0.06946313 0.9971279 0.1095493 0.2103655 0.9714655 0.06058138 0.09169083 0.993943 0.05798035 0.09326684 0.9939514 0.03932952 0.0595259 0.9974517 0.04217892 0.05762666 0.9974468 0.1042027 0.1577122 0.9819718 0.1160437 0.1360655 0.9838801 0.04956692 0.05312532 0.9973569 0.05101948 0.05177885 0.9973545 0.07755708 0.08312505 0.9935166 0.07755702 0.08312511 0.9935165 0.4726542 0.2476665 0.84573 0.4726537 0.2476663 0.8457304 0.2551859 0.1337151 0.9576014 0.07109916 0.05533975 0.9959329 0.07109904 0.05533993 0.995933 0.2113821 0.1397375 0.9673629 0.0785517 0.04352337 0.9959595 0.07855165 0.04352343 0.9959595 0.07830005 0.01442635 0.9968255 0.2925024 0.06307905 0.9541821 0.1142986 0.04135286 0.9925854 0.1142745 0.04142987 0.992585 0.1177173 0.0425899 0.9921334 0.1177172 0.04259026 0.9921334 0.1322274 0.006434917 0.9911985 0.2501457 0.006958901 0.9681832 0.2501385 0.006958603 0.9681851 -0.943831 0.07958245 -0.3207019 -0.9516844 0.05898857 0.3013587 -0.9517062 0.05899029 0.3012898 -0.6870357 0.04592138 0.7251712 -0.9381448 0.03438937 -0.3445314 -0.9339773 0.09296441 -0.3450275 -0.9859732 0.1119327 0.1238057 -0.9729753 0.1939684 0.1252812 -0.9442849 0.1786829 -0.2764025 -0.9303269 0.2398911 -0.2773879 -0.9656172 0.2555061 -0.04795944 -0.9440305 0.326589 -0.04632562 -0.9289425 0.317629 -0.1902044 -0.9042263 0.3816015 -0.1917162 -0.9006259 0.3795462 -0.211702 -0.8826782 0.4199812 -0.2109385 -0.5488665 0.6050729 0.576743 -0.6230458 0.5285385 0.5765944 -0.6230748 0.5285645 0.5765392 -0.6883225 0.4402377 0.576544 -0.6883273 0.4402409 0.5765358 -0.7289066 0.3682006 0.5771685 -0.475729 0.2403102 0.8461282 -0.4911475 0.206982 0.8461281 -0.07698482 0.03244334 0.9965043 -0.07697409 0.03246998 0.9965042 -0.5356301 0.5904849 -0.6036787 -0.5488631 0.605069 0.5767502 -0.4533362 0.6801138 0.5761349 -0.5133377 0.7478882 -0.4208891 -0.445466 0.7901961 -0.4208922 -0.4454002 0.835447 0.3219425 -0.3668271 0.873073 0.3212188 -0.3781327 0.860818 -0.3405996 -0.3285604 0.8808172 -0.3408944 -0.3256606 0.9201509 0.2174106 -0.2462257 0.9442991 0.2183395 -0.2522045 0.9198927 -0.3003171 -0.1945338 0.9335299 -0.3011288 -0.1955532 0.9806731 0.006264507 -0.1445321 0.9894725 0.007406711 0.1896344 0.7947098 0.5766066 0.08034217 0.8130589 0.5766112 0.08034282 0.8130643 0.5766035 -0.02492088 0.8165438 0.5767454 -0.02492082 0.8165597 0.5767228 -0.1034023 0.8100131 0.5772233 -0.06748211 0.528628 0.846167 -0.1042155 0.5226287 0.8461669 -0.01512897 0.07587015 0.9970029 -0.01647496 0.07556641 0.9970047 0.230718 0.9668746 -0.1091915 0.1896322 0.794702 0.5766181 0.2971399 0.7610666 0.5766156 0.1940659 0.4970623 0.8457349 0.2461481 0.472673 0.8461627 0.2461514 0.47268 0.8461579 0.2813683 0.4526079 0.8461548 0.2813649 0.452602 0.8461591 0.3147636 0.4300442 0.8461595 0.3147551 0.4300317 0.8461689 0.3458024 0.4054648 0.846179 0.3458164 0.4054825 0.8461649 0.3740363 0.3796011 0.8461677 0.3740649 0.3796324 0.846141 0.3996915 0.3525456 0.8461432 0.3997122 0.3525653 0.8461252 0.423273 0.3239085 0.8461225 0.3546456 0.9083511 -0.221641 0.2971487 0.7610872 0.5765838 0.3909374 0.7171648 0.576925 0.4614993 0.8862075 0.04067856 0.5359151 0.8433912 0.03855121 0.491492 0.7906122 -0.3651958 0.5336661 0.7628892 -0.3649663 0.5578288 0.7621309 0.3286083 0.624834 0.708551 0.3279299 0.6046773 0.70901 -0.362864 0.6439558 0.6733312 -0.3632438 0.6955954 0.7059484 0.1333562 0.7496035 0.6480386 0.1346865 0.7207427 0.6357319 -0.2763602 0.7598489 0.5879456 -0.2773981 0.7917617 0.6058934 -0.07750087 0.8204812 0.5665419 -0.07642662 0.07830005 0.01442623 0.9968254 0.2378285 0.02600193 0.9709591 0.5297906 0.05792236 0.8461483 0.9178459 0.06632304 -0.3913568 0.6869481 0.04860967 0.7250788 0.06240838 0.04857546 0.9968678 0.06281441 0.04806596 0.9968671 0.4232335 0.3238759 0.8461548 0.4445714 0.2938891 0.8461592 0.6812198 0.4503301 0.5771847 0.7237294 0.3792277 0.5765432 0.723731 0.3792285 0.5765408 0.7681516 0.2784833 0.576533 0.76816 0.2784861 0.5765204 0.7986969 0.1722412 0.5765556 0.7987002 0.1722418 0.5765508 0.8148858 0.06008666 0.5764988 0.951152 0.06811785 0.3011144 0.9916698 -0.07137364 0.1072231 0.9672226 -0.2421531 0.07643496 0.5152744 -0.8536785 0.07566612 0.5152689 -0.8536703 0.07579547 0.06775915 -0.9948306 0.07563698 0.4209854 -0.9023796 0.09209972 0.1376563 -0.9850015 0.1040328 -0.237617 -0.9684574 0.07502222 -0.6784368 -0.7307764 0.07542872 -0.9366137 -0.341994 0.07612472 -0.8990919 -0.4276675 0.09345775 -0.9835281 -0.1470271 0.1051453 0.7769719 -0.6218274 0.0982111 -0.6379715 -0.7637411 0.09844756 -0.9674581 -0.1980077 0.1575373 -0.8626362 -0.4841265 0.1465616 0.1139072 -0.9829267 0.1444996 0.5496902 -0.8231006 0.1426398 0.9044738 -0.4004827 0.1467683 0.9755963 -0.1648569 0.1450315 0.9800588 -0.08380794 0.1801692 0.987281 -0.02162832 0.1575067 0.987281 -0.0216313 0.1575068 0.975597 -0.1648524 0.1450315 0.9755963 -0.1648567 0.1450313 0.9789569 -0.1398532 0.1486082 0.9859693 -0.08427822 0.1440898 0.9859691 -0.084279 0.1440898 0.9044726 -0.4004853 0.1467682 0.9356412 -0.3203463 0.1481679 0.9342505 -0.3244675 0.1479753 0.93578 -0.3203931 0.1471874 0.9357796 -0.320394 0.1471874 0.9592163 -0.2415246 0.1468667 0.9613664 -0.2328023 0.1468936 0.9589285 -0.2414516 0.1488535 0.9589287 -0.2414507 0.1488534 0.904474 -0.4004819 0.1467682 0.8979359 -0.4139545 0.149508 0.8673821 -0.4757677 0.1459223 0.8238638 -0.547869 0.1452175 0.823866 -0.5478654 0.1452178 0.8526736 -0.5003946 0.1501768 0.8673832 -0.4757658 0.1459224 0.8673839 -0.4757645 0.1459224 0.7756254 -0.6111 0.1579936 0.775626 -0.6110993 0.1579937 0.755228 -0.6398033 0.1424165 0.7756267 -0.6110985 0.1579936 0.7525821 -0.6375617 0.1647272 0.7271738 -0.669528 0.1514941 0.7271755 -0.6695262 0.1514942 0.6985539 -0.6964625 0.1642027 0.6708576 -0.7233481 0.1634551 0.6708632 -0.723343 0.1634553 0.7013668 -0.6992676 0.1382368 0.6099357 -0.7728703 0.175071 0.6398087 -0.7510389 0.1630504 0.6119074 -0.7753991 0.1559664 0.6119046 -0.7754014 0.1559664 0.6421984 -0.753839 0.1389536 0.5470099 -0.819005 0.1732369 0.5497002 -0.8230939 0.1426396 0.5018733 -0.8523807 0.1468683 0.4828347 -0.8639115 0.1432745 0.4115757 -0.8997331 0.1452096 0.4121215 -0.899504 0.1450806 0.4115766 -0.8997327 0.1452095 0.4828396 -0.8639087 0.1432745 0.4828352 -0.8639112 0.1432746 0.267516 -0.9528762 0.1430464 0.3401668 -0.9285457 0.1486258 0.3201405 -0.9359517 0.1466444 0.3404178 -0.9292113 0.1438128 0.3404207 -0.9292103 0.1438127 0.2675142 -0.9528767 0.1430464 0.227608 -0.9624661 0.1478297 0.1908433 -0.9710524 0.1436522 0.1139094 -0.9829264 0.1444995 0.113909 -0.9829266 0.1444995 0.1356036 -0.9796821 0.1477654 0.1908439 -0.9710523 0.1436523 0.1908452 -0.971052 0.1436523 -0.1144809 -0.9828425 0.1446195 -0.03880196 -0.988348 0.1471825 -0.03879594 -0.9883482 0.147183 -0.04494017 -0.9882834 0.1458643 0.03682214 -0.9886459 0.1456822 0.04494172 -0.9883173 0.1456338 0.03690111 -0.9883912 0.147381 0.03690046 -0.9883913 0.1473811 -0.1144874 -0.9828417 0.1446195 -0.135604 -0.97968 0.1477795 -0.1903825 -0.9711424 0.1436558 -0.2668191 -0.9530674 0.1430744 -0.2668167 -0.953068 0.1430746 -0.227608 -0.962466 0.1478306 -0.190383 -0.9711422 0.1436558 -0.1903746 -0.9711439 0.143656 -0.3201173 -0.9358839 0.147126 -0.2668195 -0.9530672 0.1430746 -0.266817 -0.9530679 0.1430744 -0.4833911 -0.8636038 0.1432535 -0.413107 -0.8990358 0.1451801 -0.4131073 -0.8990356 0.1451801 -0.4121019 -0.89946 0.1454088 -0.3416197 -0.9288135 0.1435322 -0.3416193 -0.9288136 0.1435322 -0.5490537 -0.8234943 0.1428192 -0.5490599 -0.8234901 0.1428188 -0.5018773 -0.8523882 0.1468116 -0.4833956 -0.8636013 0.1432533 -0.483398 -0.8636 0.1432535 -0.608668 -0.7777566 0.1569004 -0.6397014 -0.7509836 0.1637244 -0.7738534 -0.6135266 0.1572768 -0.7738537 -0.6135263 0.1572767 -0.7526069 -0.6375733 0.1645697 -0.723945 -0.6730399 0.151397 -0.6994848 -0.6974468 0.1558497 -0.7226031 -0.671763 0.1630312 -0.6986559 -0.6966216 0.1630899 -0.7211872 -0.6704251 0.1744109 -0.6683449 -0.7284203 0.1507287 -0.7738548 -0.6135249 0.1572767 -0.755111 -0.6396948 0.14352 -0.8173252 -0.5498402 0.1722076 -0.8626344 -0.4841299 0.1465615 -0.8626347 -0.4841291 0.1465615 -0.8527241 -0.5004242 0.1497907 -0.8208556 -0.5522502 0.1456565 -0.8208556 -0.5522503 0.1456565 -0.9261541 -0.3475817 0.1463745 -0.8980166 -0.4139919 0.1489187 -0.8974932 -0.4152207 0.1486531 -0.897493 -0.4152212 0.1486531 -0.9502213 -0.2756143 0.1453148 -0.9502245 -0.2756036 0.1453139 -0.9339818 -0.3243742 0.1498646 -0.9261533 -0.3475837 0.1463745 -0.9261522 -0.3475871 0.1463745 -0.9693758 -0.1983786 0.1447637 -0.9693746 -0.1983844 0.1447637 -0.9609913 -0.232711 0.1494703 -0.9502229 -0.2756084 0.1453152 -0.9502213 -0.275614 0.1453148 -0.9803028 -0.1400455 0.1392616 -0.9835049 -0.08835214 0.1578359 -0.9823794 -0.1105918 0.1506655 -0.9823837 -0.1105233 0.1506875 -0.9811124 -0.1249891 0.1476349 -0.9807628 -0.1281862 0.147216 -0.9670478 -0.1982131 0.1597814 -0.9807635 -0.1281796 0.1472169 -0.9832714 -0.1046441 0.149087 -0.9771673 -0.1552643 0.1450411 -0.9629457 -0.2112711 0.1676309 -0.9670451 -0.1982221 0.1597873 -0.9885469 -0.01782572 0.1498576 -0.9885607 -0.0499255 0.1423206 -0.988561 -0.04990345 0.1423258 -0.9871317 -0.07778286 0.1397171 -0.5835375 -0.8029142 0.121708 -0.6086708 -0.7777545 0.1569006 -0.6086694 -0.7777556 0.1569005 -0.6423265 -0.7540687 0.137102 -0.5462751 -0.8192573 0.1743591 -0.590432 -0.7949796 0.1392747 -0.5760759 -0.8048682 0.1425612 -0.5763801 -0.8052917 0.1388931 -0.5788564 -0.8053624 0.1277374 -0.5903474 -0.8000776 0.1066109 -0.5834437 -0.8042311 0.1131622 -0.5834437 -0.8042312 0.1131623 -0.602869 -0.7912024 0.1027023 -0.5992417 -0.7944923 0.09844487 -0.6379592 -0.7637513 0.09844821 -0.6379714 -0.7637411 0.09844869 -0.6563372 -0.7487807 0.09246122 -0.6563369 -0.7487804 0.09246528 -0.6754556 -0.732559 0.08436274 -0.6693249 -0.738941 0.07726746 -0.6693148 -0.7389515 0.07725632 -0.666434 -0.7417321 0.07549315 -0.6579582 -0.7485817 0.08195388 -0.6579586 -0.7485814 0.08195245 -0.7547549 -0.6507838 0.08261668 -0.7675603 -0.6360326 0.07945948 -0.7675729 -0.6351356 0.08622425 -0.7675725 -0.6351352 0.08623135 -0.7631927 -0.6413472 0.078808 -0.7631961 -0.6413434 0.07880616 -0.7594255 -0.6454054 0.08200502 -0.7594288 -0.645402 0.08200126 -0.7489353 -0.6556562 0.09597396 -0.7871982 -0.6159496 0.03041368 -0.7462176 -0.659269 0.09232383 -0.7872714 -0.6160069 0.02718889 -0.6781989 -0.7305166 0.07994908 -0.7200034 -0.6900854 0.07332944 -0.6779683 -0.7302735 0.0840221 -0.7098816 -0.6991339 0.08532238 -0.677894 -0.7301925 0.0853154 -0.7034484 -0.7013984 0.1148941 -0.677822 -0.7301169 0.08652579 -0.6854836 -0.7208731 0.1022453 -0.6754599 -0.7325542 0.08436971 -0.7770596 -0.6213267 0.100656 -0.7770596 -0.6213268 0.1006551 -0.7711048 -0.6293564 0.09647786 -0.8560857 -0.5058949 0.1057718 -0.8086578 -0.5787858 0.1052603 -0.7953575 -0.5963011 0.1087725 -0.7953581 -0.5963004 0.1087722 -0.8018962 -0.5883198 0.1041265 -0.79851 -0.584206 0.1452069 -0.8076022 -0.5725579 0.1412668 -0.8076022 -0.5725579 0.1412659 -0.8095707 -0.5751074 0.1176717 -0.809571 -0.5751072 0.1176716 -0.8095712 -0.5751073 0.1176692 0.798872 -0.5894281 0.1199085 0.8199766 -0.5452474 0.1741943 0.8199753 -0.5452497 0.1741933 0.797344 -0.5866604 0.1416763 0.8071713 -0.5722522 0.1449205 0.8076027 -0.5725585 0.1412609 0.8084816 -0.5743117 0.1285443 0.8018386 -0.5881773 0.1053671 0.8102908 -0.575233 0.1119633 0.8102908 -0.5752329 0.1119644 0.8011884 -0.5890771 0.1052875 0.8037731 -0.5864274 0.100259 0.758782 -0.6436128 0.100062 0.7769718 -0.6218273 0.09821218 0.7681526 -0.633899 0.09007608 0.7681526 -0.633899 0.0900762 0.7612293 -0.645837 0.05851894 0.7396381 -0.6656228 0.09940701 0.7612065 -0.645864 0.05851888 0.7223332 -0.6797037 0.1274274 0.7396389 -0.6656221 0.0994057 0.7490689 -0.6569902 0.08520358 0.7490656 -0.6569935 0.08520823 0.7550716 -0.6510177 0.07773536 0.7550691 -0.6510204 0.07773798 0.7562758 -0.6497283 0.07681161 0.7582404 -0.6475762 0.07560873 0.761523 -0.6433424 0.0786975 0.7681523 -0.6338995 0.09007465 0.655473 -0.7504542 0.0846979 0.6593788 -0.7475616 0.07982087 0.6593817 -0.7475588 0.07982248 0.6643983 -0.7426072 0.0843172 0.6643983 -0.7426072 0.08431726 0.6749444 -0.7310209 0.1002914 0.674972 -0.730988 0.100346 0.6543678 -0.753723 0.06086432 0.7150059 -0.6967661 0.05730265 0.7150235 -0.696748 0.05730259 0.6602956 -0.7451806 0.09335845 0.660296 -0.7451802 0.09335851 0.6554729 -0.7504541 0.08469873 0.6077048 -0.7869828 0.1065497 0.6077057 -0.7869821 0.1065501 0.6028032 -0.7912155 0.1029865 0.5992057 -0.7944446 0.09904748 0.6387425 -0.7630229 0.09901541 0.6387215 -0.7630405 0.09901481 0.5861079 -0.7976483 0.1422491 0.5767585 -0.8049982 0.1390234 0.5767585 -0.8049982 0.1390241 0.6046502 -0.7867908 0.1239291 0.5843784 -0.8033212 0.1147909 0.5843783 -0.8033213 0.1147908 -0.9941937 -0.06142657 0.08834886 -0.9934476 -0.04611575 0.1045717 -0.9927338 -0.05539584 0.1068218 -0.9645637 -0.2417616 0.1056795 -0.9937424 -0.06140291 0.09330528 -0.9933292 -0.07419627 0.08827167 -0.9630659 -0.2482601 0.1042652 -0.9640688 -0.2485186 0.09385973 -0.9636331 -0.2505059 0.09304791 -0.9804512 -0.1844699 0.0684567 -0.996949 -0.05079132 0.0592699 -0.9968922 -0.04226487 0.06648045 -0.9933293 -0.07419633 0.08827149 -0.9366128 -0.3419926 0.07614231 -0.9366106 -0.3419983 0.07614284 -0.9658945 -0.2510937 0.06324434 -0.9795883 -0.1843029 0.08024513 -0.9795882 -0.1843034 0.08024513 -0.9828275 -0.1524162 0.104016 -0.98385 -0.1525748 0.09359562 -0.9836549 -0.1542261 0.09293746 -0.9852935 -0.154483 0.07301819 -0.980452 -0.1844655 0.0684567 -0.801897 -0.5883189 0.1041253 -0.8037335 -0.5863986 0.1007434 -0.8043012 -0.5868127 0.09354358 -0.7619298 -0.6408727 0.09351569 -0.7586753 -0.6446604 0.09394019 -0.9368177 -0.3333643 0.1060241 -0.8986673 -0.4258669 0.1050459 -0.8996624 -0.4263385 0.0940383 -0.8554821 -0.5093078 0.09357374 -0.7858291 -0.6148778 0.06631624 -0.7850719 -0.6142857 0.0794695 -0.8058046 -0.5878723 0.07131111 -0.804318 -0.5867878 0.09355562 -0.8558424 -0.5086464 0.09387552 -0.8548651 -0.5080655 0.1052386 -0.9006006 -0.4215062 0.1060715 -0.8714444 -0.4856892 0.06848764 -0.8714442 -0.4856895 0.06848764 -0.8569868 -0.5102037 0.07256633 -0.870721 -0.4852856 0.0796414 -0.9001739 -0.4281821 0.0796687 -0.8722001 -0.4861114 0.05443179 -0.9366132 -0.3419953 0.07612466 -0.9348194 -0.3393474 0.1046716 -0.9358185 -0.3397101 0.09402477 -0.9352302 -0.3415374 0.09325516 -0.936598 -0.3420369 0.07612478 -0.936612 -0.3419943 0.07614225 -0.5483546 -0.833723 0.06490886 -0.515236 -0.85426 0.06907719 -0.5477504 -0.832808 0.08000278 -0.5477479 -0.8328096 0.08000278 -0.6014811 -0.7948925 0.0797891 -0.5486972 -0.8342472 0.05443292 -0.6784396 -0.7307737 0.07542914 -0.2375847 -0.9683225 0.07684403 -0.3274784 -0.942777 0.0626862 -0.2330626 -0.9695619 0.07504379 -0.2375847 -0.9683226 0.07684379 -0.2375879 -0.9683218 0.07684379 -0.04621964 -0.9945873 0.09305858 -0.04635655 -0.9945759 0.09311217 -0.1389287 -0.9859387 0.09286451 -0.139276 -0.9858767 0.09300166 -0.2322567 -0.9682357 0.09260964 -0.2327132 -0.9681084 0.09279346 -0.3261431 -0.9408001 0.09233587 -0.3267147 -0.9405785 0.09257346 -0.4201885 -0.9027501 0.09210819 -0.4209712 -0.9023506 0.09244877 -0.5131418 -0.8533573 0.09201657 -0.5142539 -0.8526316 0.09253233 -0.5996022 -0.7949704 0.09219157 -0.6008014 -0.7939941 0.09279513 -0.6580357 -0.7472546 0.09273409 -0.6563528 -0.7487661 0.0924679 -0.3960335 -0.9147616 0.07980442 -0.3960341 -0.9147614 0.07980442 -0.4216294 -0.9037616 0.07378143 -0.3963535 -0.9155007 0.06901061 -0.3963497 -0.9155023 0.06901061 -0.04571866 -0.9935099 0.1041527 -0.04616814 -0.9934798 0.1042416 -0.1376596 -0.9850246 0.1038094 -0.1387745 -0.9848448 0.1040299 -0.2305526 -0.9675576 0.1033333 -0.2320033 -0.9671795 0.103625 -0.3239768 -0.9404624 0.1028075 -0.3257939 -0.9397931 0.1031854 -0.4172254 -0.903019 0.102371 -0.4197414 -0.9017896 0.1029217 -0.5089631 -0.8546981 0.1022142 -0.5125837 -0.8524293 0.103064 -0.598609 -0.7944541 0.1025181 -0.6054093 -0.7888906 0.1055041 0.04571819 -0.9935007 0.1042414 0.2305448 -0.9675277 0.1036303 0.5843783 -0.8033214 0.1147904 0.5902115 -0.8006991 0.1026234 0.5089177 -0.8546232 0.1030627 0.5126317 -0.8525091 0.1021611 0.4172013 -0.902967 0.1029263 0.2320101 -0.9672111 0.1033148 0.2322519 -0.9682191 0.09279352 0.2327166 -0.9681257 0.09260559 0.6387214 -0.7630404 0.09901714 0.6534221 -0.7512891 0.09275865 0.5995687 -0.7949259 0.09279125 0.6008359 -0.7940398 0.09217923 0.5131171 -0.8533163 0.09253054 0.04616785 -0.9934895 0.1041506 0.04621869 -0.9945822 0.09311223 0.04635673 -0.9945809 0.09305799 0.04642552 -0.9960568 0.07560092 0.06776577 -0.995427 0.0673269 0.2330766 -0.9696235 0.07419979 0.2117451 -0.9741967 0.07813274 0.2117472 -0.9741963 0.07813274 0.1387786 -0.9848688 0.1037985 0.1389275 -0.9859259 0.09300154 0.1392777 -0.9858895 0.0928623 0.1395345 -0.9877072 0.0704599 0.212134 -0.9759862 0.04949855 0.6546164 -0.7540078 0.05430907 0.6017643 -0.7952666 0.07369285 0.6534631 -0.7526823 0.08034527 0.6562547 -0.7502506 0.08033603 0.6648812 -0.7423881 0.08241951 0.5152701 -0.8536695 0.07579547 0.5149873 -0.8538475 0.07571387 0.5142792 -0.8526735 0.09200483 0.4201744 -0.9027218 0.09244841 0.4197663 -0.9018449 0.1023333 0.3239638 -0.9404249 0.1031914 0.3639575 -0.9291941 0.06429022 0.211877 -0.9748112 0.06965124 0.2118803 -0.9748105 0.06965124 0.5152737 -0.853679 0.07566618 0.3641663 -0.9297112 0.05495542 0.4219196 -0.9043819 0.06385314 0.3635618 -0.9281811 0.07938998 0.3635646 -0.92818 0.07938998 0.3258076 -0.9398326 0.1027812 0.3261358 -0.9407793 0.0925731 0.3267213 -0.9406 0.09233021 0.3271189 -0.9417445 0.07817083 0.3639591 -0.9291935 0.0642901 0.9839096 -0.152584 0.09295105 0.9835941 -0.1542165 0.09359413 0.9641408 -0.2485371 0.09306836 0.9635598 -0.2504867 0.09385621 0.9358847 -0.3397347 0.0932756 0.7559646 -0.6477739 0.09437394 0.7616876 -0.6411607 0.09351444 0.8043187 -0.5867888 0.0935437 0.8043003 -0.5868121 0.09355539 0.8554577 -0.5092931 0.09387624 0.8558661 -0.5086609 0.09358102 0.8990423 -0.4276444 0.09403765 0.8468732 -0.527009 0.07118546 0.8570094 -0.510217 0.07220476 0.8463805 -0.5267059 0.07887315 0.805354 -0.5875441 0.07872015 0.8479599 -0.5276888 0.05008488 0.7603296 -0.6451212 0.07561528 0.9190297 -0.3895771 0.06011742 0.9368216 -0.3421185 0.07293945 0.9351626 -0.3415126 0.09402149 0.8997108 -0.4263606 0.09347248 0.9951345 -0.08391213 0.05163508 0.9857077 -0.1545479 0.06704694 0.9933252 -0.08375459 0.07931065 0.9672217 -0.2421566 0.07643496 0.9672225 -0.2421537 0.0764352 0.9652308 -0.2509211 0.07326692 0.9674763 -0.2422198 0.07293254 0.9674769 -0.2422175 0.07293254 0.9177497 -0.3890327 0.07993221 0.9177489 -0.3890345 0.07993221 0.9006021 -0.4283863 0.07349216 0.91886 -0.3895047 0.0631054 0.8468701 -0.5270138 0.07118541 0.9925452 -0.05776613 0.1073179 0.8011901 -0.5890751 0.1052848 0.8015035 -0.5886772 0.1051246 0.8548165 -0.5080372 0.1057683 0.856131 -0.5059223 0.1052724 0.8985708 -0.4258203 0.1060545 0.9006928 -0.4215484 0.1051165 0.9346875 -0.3393001 0.1059938 0.9369433 -0.3334087 0.1047655 0.9629245 -0.2482236 0.105647 0.9646991 -0.2417962 0.1043557 0.9827122 -0.1523982 0.105127 0.9836397 -0.1470437 0.104073 0.9919543 -0.07138752 0.1045479 -0.9890783 -0.07169169 0.1287808 -0.9890782 -0.07169169 0.1287806 -0.8085889 -0.5745391 0.1268417 -0.8006322 -0.5865531 0.1222442 -0.8558943 -0.5022848 0.1231052 -0.8544399 -0.5049229 0.1224151 -0.9011903 -0.4154549 0.1235046 -0.8989229 -0.4207217 0.1221918 -0.9374273 -0.325571 0.1234245 -0.9351233 -0.3327622 0.1217117 -0.9645375 -0.2335697 0.1229339 -0.9628486 -0.2413327 0.1211661 -0.9825312 -0.1403639 0.1221898 -0.9817677 -0.1467651 0.1207982 -0.991716 -0.04192221 0.1214169 -0.9927338 -0.05539584 0.1068217 0.9933252 -0.08375537 0.07931065 0.9936242 -0.08049011 0.07894569 0.9934251 -0.08376419 0.07803899 0.9925452 -0.05776613 0.1073177 0.9943795 -0.05005484 0.0932945 0.9936938 -0.0804938 0.07806038 0.06779932 -0.9954256 0.06731402 -0.07900506 -0.9946027 0.06725841 -0.0464394 -0.9963536 0.07157462 -0.07892936 -0.9936693 0.07994753 -0.139436 -0.9870098 0.0798068 -0.07905822 -0.9952831 0.05622512 -0.237617 -0.9684574 0.07502222 0.988883 -0.03674185 0.1440854 0.9885639 -0.06790727 0.1346478 0.9885638 -0.06790733 0.134648 0.9919483 -0.03602379 0.1214118 0.9826908 -0.1403867 0.1208747 0.9816024 -0.1467404 0.1221637 0.9647338 -0.2336179 0.1212909 0.9626432 -0.241282 0.1228867 0.9376117 -0.3256349 0.1218452 0.9349295 -0.3326931 0.1233782 0.9013264 -0.4155175 0.1222947 0.8987792 -0.4206537 0.1234763 0.8559626 -0.5023248 0.1224656 0.8543669 -0.5048804 0.1230976 0.8047954 -0.5808063 0.1223456 0.8072104 -0.5779113 0.1201244 0.5785589 -0.8053597 0.1290948 0.580753 -0.8053442 0.1189398 0.5037453 -0.85556 0.1194067 0.5080502 -0.8531656 0.118294 0.4135564 -0.9026357 0.1192475 0.4164727 -0.9013885 0.1185296 0.3213154 -0.9393864 0.119623 0.3233838 -0.9387384 0.1191352 0.2284675 -0.9661008 0.1202164 0.2301232 -0.9657543 0.1198415 0.1361057 -0.983309 0.120742 0.1374006 -0.9831634 0.1204609 0.04509228 -0.9916274 0.1210029 0.04563289 -0.9916164 0.1208908 -0.04509294 -0.9916408 0.1208938 -0.0456323 -0.9916027 0.1210027 -0.1361109 -0.9833409 0.1204757 -0.1373961 -0.9831302 0.1207371 -0.2284774 -0.9661419 0.1198668 -0.2301137 -0.9657109 0.1202077 -0.321333 -0.9394378 0.1191714 -0.3233651 -0.9386841 0.1196129 -0.4135901 -0.9027079 0.1185822 -0.4164372 -0.9013113 0.1192386 -0.503808 -0.8556673 0.1183676 -0.5079826 -0.8530507 0.1194074 -0.5927847 -0.7965552 0.1187694 -0.5834448 -0.8042302 0.1131633 -0.6679831 0.7302476 0.1433073 -0.3882949 0.911951 0.1325612 -0.6392795 0.7553002 0.1443725 -0.6390017 0.7557979 0.1429908 -0.3883131 0.9119431 0.1325622 -0.6395041 0.7570635 0.133751 -0.06072098 0.9912832 0.116921 -0.6409785 0.7577375 0.1223943 -0.2677951 0.955522 0.1235463 -0.06080567 0.9924834 0.1062039 0.1516406 0.9845451 0.08761411 0.2748567 0.958826 0.07146 0.1512831 0.9849329 0.08378857 0.5434882 0.8388884 0.02978062 0.2749067 0.9589613 0.06942212 0.5435943 0.8387461 0.03178292 0.5784713 0.8152858 0.02607762 0.5435286 0.8388473 0.03019684 0.5779618 0.8156755 0.02517145 0.5434262 0.8389509 0.02914452 0 0 1 0 0 1 0 0 1 0 0 1 0 0 1 0 0 1 0 0 1 0 0 1 0 0 1 0 0 1 0 0 1 0 0 1 0 0 1 0 0 1 0 0 1 0 0 1 0 0 1 0 0 1 0 0 1 0 0 1 0 0 1 0 0 1 0 0 1 0 0 1 0 0 1 0 0 1 0 0 1 0 0 1 0 0 1 0 0 1 0 0 1 0 0 1 0 0 1 0 0 1 0 0 1 0 0 1 0 0 1 0 0 1 0 0 1 0 0 1 0 0 1 0 0 1 0 0 1 -0.8385101 -0.5441446 0.02841782 -0.8134869 -0.5810783 0.02423334 -0.8191704 -0.5729869 0.02541649 -0.8382836 -0.5443615 0.03084218 -0.9617757 -0.2647628 0.06991541 -0.8384394 -0.5442076 0.02928292 -0.9617917 -0.2647705 0.0696665 -0.8392739 -0.543338 0.02007621 -0.9913212 0.06452697 0.1145359 -0.984675 -0.1538741 0.08208495 -0.9846743 -0.1538783 0.08208435 -0.9923985 0.0646063 0.1047447 -0.9566192 0.2631916 0.1249398 -0.9132851 0.3861879 0.129496 -0.7612195 0.6352614 0.1303373 -0.7583977 0.6364851 0.1404265 -0.7603426 0.6343324 0.1396483 -0.7604323 0.6342252 0.1396464 -0.9132177 0.3861488 0.1300867 -0.7573853 0.6373855 0.1418005 -0.7330145 0.6654852 0.1407806 -0.9513351 -0.308108 0.005562305 0.541826 0.8403895 0.01304239 0.2097404 0.9774529 0.02438491 0.2097494 0.9774512 0.02437984 -0.08291846 0.9962509 0.02467149 -0.0393691 0.9990484 0.01877212 -0.0153802 0.9997799 0.01427477 -0.1925855 0.9812018 0.01240134 -0.2634749 0.9644697 0.01947802 -0.353258 0.9347625 0.03778678 -0.3590176 0.9333072 0.006634712 -0.3578159 0.9336718 0.01499378 -0.5154817 0.8564351 0.02823996 -0.5828653 0.811991 0.03063684 -0.4857701 0.8740864 -5.334e-4 -0.5154819 0.8564351 0.02823835 -0.5851984 0.8108087 0.01148682 -0.6020386 0.7981611 0.02209931 -0.6020386 0.798161 0.02209895 -0.6542811 0.7560124 0.01900899 -0.6533699 0.7568162 0.01836043 -0.6533694 0.7568166 0.01836246 -0.6882156 0.725163 0.0223177 -0.6788949 0.7341657 0.01012879 -0.6788892 0.7341707 0.01014184 -0.7330612 0.6798775 0.01969617 -0.7330614 0.6798772 0.01969641 -0.7006362 0.7135185 5.91049e-4 -0.7018843 0.7122216 0.009945869 -0.701824 0.71228 0.01001 -0.7531437 0.6575298 0.02071869 -0.7937393 0.607222 -0.03548705 -0.7356861 0.6767728 0.02728843 -0.7323969 0.6804549 0.02399837 -0.7299298 0.6835151 -0.003072619 -0.7236646 0.6900743 0.01035219 -0.7140394 0.6999029 0.01684069 -0.8170724 0.5765291 0.002635419 -0.7946348 0.606806 0.01849418 -0.7946349 0.606806 0.01849472 -0.836788 0.5474266 0.01048785 -0.8572065 0.5149537 -0.004419982 -0.8561829 0.5164837 0.01397758 -0.9148856 0.4037131 -1.21031e-4 -0.8956034 0.4444367 0.01925295 -0.8956034 0.4444366 0.01925384 -0.9797323 0.2002671 -0.004212021 -0.953388 0.3010897 0.01990485 -0.951335 -0.3081082 0.005564272 -0.9513337 -0.3081125 0.005562841 -0.9349192 -0.3548606 2.54638e-4 -0.9997913 0.01636224 0.01222962 -0.9997913 0.01636219 0.0122298 -0.7620303 0.6360772 0.1213081 -0.7101057 0.6940802 0.1183318 -0.7599954 0.6412243 0.1060115 -0.7625178 0.6363198 0.1168931 -0.9210205 0.3752181 0.104559 -0.9225252 0.3780964 0.07739722 -0.6928924 0.7151093 0.09229707 -0.6928591 0.7151415 0.09229785 -0.7710939 0.6344642 0.05356824 -0.7387071 0.671543 0.05780887 -0.7838699 0.6172002 0.06791174 -0.7427603 0.6657311 0.07147926 -0.7710911 0.6344673 0.05357086 -0.7710936 0.6344647 0.0535649 -0.7838699 0.6172001 0.0679115 -0.7659705 0.6376867 0.0815162 -0.7851087 0.6150381 0.07302367 -0.750636 0.6539931 0.09401428 -0.750636 0.6539931 0.09401392 -0.6947064 0.7117879 0.1036383 -0.7599977 0.6412215 0.1060114 -0.7599955 0.6412243 0.1060113 -0.7161594 0.6959237 0.05297076 -0.7161613 0.6959111 0.05311059 -0.7160256 0.6960272 0.0534172 -0.7161623 0.6959017 0.05321997 -0.7160731 0.6960379 0.05263525 -0.7159253 0.696179 0.0527783 -0.7165141 0.6954749 0.05405694 -0.7149664 0.6971467 0.0530048 -0.7149645 0.6971483 0.05300921 -0.7176238 0.6941724 0.05604225 -0.706521 0.7058143 0.05151909 -0.7065203 0.7058149 0.05152195 -0.7214292 0.6898338 0.06057459 -0.6928672 0.7189627 0.05502331 -0.692867 0.718963 0.05502438 -0.7312892 0.6784462 0.0701915 -0.6683435 0.7409926 0.06516873 -0.6848624 0.7229809 0.09089595 -0.7215716 0.6866999 0.08819216 -0.7106771 0.6980022 0.08792573 -0.6929684 0.7161592 0.0831303 -0.6929686 0.7161592 0.08312946 -0.7366042 0.6709433 0.08514291 -0.6683527 0.7409838 0.06517285 -0.6683436 0.7409926 0.06516766 -0.7122884 0.6940065 0.1048823 -0.7022195 0.7044153 0.1033772 -0.6916069 0.7164243 0.09173887 -0.6915602 0.7164183 0.09213739 -0.6848543 0.7229886 0.09089618 -0.6848538 0.7229886 0.09089952 0.1486631 0.9872594 0.05672925 -0.08291858 0.9962509 0.02467095 0.4746776 0.8800611 -0.01317429 -0.03751683 0.9987147 0.0340808 0.2152929 0.9764275 0.0154376 0.04338806 0.9985616 0.03150051 0.2097399 0.9774531 0.02438074 0.6392527 0.7689873 -0.003804504 0.2179327 0.9751527 0.03977966 0.5419239 0.8403117 0.01396119 0.0466907 0.9969834 0.06200122 0.5427875 0.8395451 0.02335858 0.5428681 0.8394933 0.02335053 -0.9533881 0.3010896 0.01990562 -0.9896754 0.1427407 0.0129534 -0.9971849 0.07488775 -0.003780961 -0.9926741 0.1178971 0.02642792 -0.9997578 0.01816087 0.01243472 -0.9991817 0.01519858 0.03748285 -0.9738714 -0.2267771 0.01211291 -0.8403418 -0.5420141 0.006816923 -0.8679895 -0.4964169 0.01282066 -0.8402636 -0.5421206 0.007898628 -0.9720383 -0.2303131 0.04579728 -0.8397861 -0.5427358 0.0140447 -0.8397828 -0.5427408 0.0140444 -0.7614272 0.6354119 0.1283757 -0.9593994 0.2660739 0.09358191 -0.9895482 0.1176059 0.08344525 -0.9869113 -0.1513756 0.05560129 -0.7666195 0.641545 0.02673614 -0.7855172 0.6185116 0.02015477 -0.7870058 0.6162797 0.02865797 -0.8145466 0.5797134 0.02112585 -0.8158622 0.577319 0.032736 -0.8557139 0.5169175 0.02345186 -0.8568903 0.5138782 0.04084223 -0.9134253 0.4060427 0.0279904 -0.9137967 0.4040008 0.04194134 -0.9506 0.3084118 0.03524059 -0.9505972 0.3072443 0.04434001 -0.9754414 0.2165163 0.04043263 -0.8041127 0.5897423 0.07487767 -0.8040597 0.5882601 0.0862444 -0.8807871 0.4688614 0.06620448 -0.8804712 0.4670661 0.08136266 -0.9749193 0.2140791 0.06084775 -0.9913853 0.1211522 0.04977387 -0.9979547 -0.05574327 0.03129166 -0.9962328 -0.059125 0.06343936 -0.9870354 -0.1512018 0.05384421 -0.6450171 0.7557343 0.113219 -0.6450172 0.7557344 0.113219 -0.716494 0.6897088 0.1045851 -0.2699808 0.9576271 0.1003032 -0.641227 0.7579818 0.1195474 -0.7024086 0.7014104 0.1210194 -0.6400763 0.7576349 0.127639 -0.6404912 0.7572908 0.1275997 -0.7162618 0.6957796 0.05347836 -0.716219 0.6958266 0.05343931 -0.7208309 0.6914883 0.04740095 -0.7362512 0.6753117 0.04345554 -0.7364435 0.6750552 0.04417783 -0.7335801 0.6781067 0.04507434 -0.7346061 0.6766149 0.05046051 -0.7466832 0.6634417 0.04805505 -0.7466829 0.6634423 0.04805254 -0.130514 0.9882822 0.07914721 -0.1333156 0.9896432 0.05322796 -0.2349005 0.9701355 0.06048905 -0.237306 0.9705794 0.04076111 -0.3314535 0.9423933 0.04509526 -0.3275363 0.9419606 0.07369071 -0.1925854 0.9812018 0.01240181 0.1491765 0.9868656 0.06198954 -0.3873832 0.9162054 0.1024786 -0.3902589 0.9175873 0.07570677 -0.4843811 0.8705086 0.0871188 -0.486853 0.8709203 0.06687325 -0.5314363 0.8438213 0.07443839 -0.5332462 0.8437885 0.06057614 -0.5790296 0.8123708 0.06912583 -0.5814906 0.8118566 0.05251246 -0.6314799 0.7727639 0.06379032 -0.635169 0.7711845 0.0428338 -0.6627728 0.7470601 0.05131638 -0.6656093 0.7453359 0.03793025 -0.6825049 0.7294718 0.04536598 -0.6853395 0.7273584 0.03548949 -0.6959846 0.7167797 0.04280775 -0.6998754 0.7134495 0.03412145 -0.7054202 0.7075853 0.04129624 -0.7115503 0.7017709 0.03484064 0.7161285 -0.6953996 -0.05982726 -0.7205258 0.6925546 0.03479588 -0.727763 0.684542 0.04199129 0.2772134 -0.908267 -0.3133749 -0.7643907 0.6444936 0.01829463 -0.7680177 0.6402283 0.01601165 -0.7672411 0.6412277 0.01296949 0.7602528 0.6343014 0.1402759 0.7314235 0.6672559 0.140674 0.9107133 0.3876078 0.1426939 0.7607657 0.6338409 0.1395758 0.9123073 0.3882766 0.130141 0.7609919 0.6352673 0.1316312 0.9915683 0.06066852 0.1145057 0.7621418 0.6360775 0.120604 0.9570109 0.2635579 0.1211095 0.9926881 0.06073611 0.1043139 0.9843147 -0.1542084 0.08569931 0.958916 -0.2748894 0.07011437 0.9846788 -0.1538733 0.08204019 0.838453 -0.544196 0.02910697 0.9590388 -0.2749461 0.06818598 0.8382642 -0.5443801 0.03103661 0.8385111 -0.5441429 0.02841794 0.8134582 -0.5811186 0.02422589 0.81532 -0.5784874 0.02461194 0 0 1 0 0 1 0 0 1 0 0 1 0 0 1 0 0 1 0 0 1 0 0 1 0 0 1 0 0 1 0 0 1 0 0 1 0 0 1 0 0 1 0 0 1 0 0 1 0 0 1 0 0 1 0 0 1 0 0 1 0 0 1 0 0 1 0 0 1 0 0 1 0 0 1 0 0 1 0 0 1 0 0 1 0 0 1 0 0 1 0 0 1 0 0 1 0 0 1 0 0 1 0 0 1 0 0 1 0 0 1 0 0 1 0 0 1 0 0 1 0 0 1 0 0 1 0 0 1 -0.5434302 0.8389483 0.02914398 -0.5780032 0.8156465 0.02516388 -0.5718964 0.8199115 0.02606952 -0.5436455 0.8387225 0.03153121 -0.2622175 0.9623522 0.07155543 -0.5435594 0.838835 0.02998578 -0.2622436 0.9623651 0.0712862 -0.5425773 0.8397575 0.02042973 0.06700247 0.9908744 0.1169552 -0.1512969 0.9849186 0.0839321 -0.1512923 0.9849193 0.08393275 0.06706905 0.9920082 0.1068714 0.2674031 0.9551064 0.1275434 0.3883149 0.9120262 0.1319839 0.6390017 0.755797 0.1429958 0.6390797 0.7558892 0.1421577 0.6388573 0.7560777 0.1421543 0.3882701 0.9119551 0.1326055 0.6392713 0.7553138 0.1443372 0.6670509 0.7311006 0.1433002 0.9747092 0.2198431 0.04013907 0.8398714 -0.5426332 0.01284974 0.9648758 -0.2618529 0.02116262 0.9648758 -0.2618526 0.0211606 0.983626 0.1796531 0.01430898 0.9482887 0.3154562 0.03515607 0.983626 0.1796532 0.01430845 0.9378019 0.347043 0.009420156 0.9380765 0.3460406 0.01638114 0.875537 0.4823657 0.0275368 0.8272123 0.5617999 0.0100274 0.7736545 0.6333019 0.0196852 0.8153505 0.5785249 0.02263844 0.8153551 0.578519 0.02262347 0.8166422 0.5761672 0.03356796 0.8790411 0.4767337 0.003425717 0.8755365 0.4823672 0.02752846 0.773654 0.6333026 0.01968276 0.7834043 0.6214228 0.01054924 0.7466521 0.6650042 0.01673585 0.7466482 0.6650087 0.01672643 0.7591149 0.6509429 -0.004240036 0.7289434 0.6843522 0.01742517 0.6876251 0.7258143 0.01911264 0.6875962 0.7258406 0.01915407 0.7213289 0.6924887 -0.01200163 0.7229594 0.6908627 0.006193757 0.7289971 0.684294 0.01746344 0.6479501 0.7615272 0.0153954 0.578621 0.8146252 -0.03979361 0.6911361 0.7221177 0.02961146 0.6871759 0.7256669 0.03459459 0.6953995 0.7185919 0.006730675 0.7031337 0.7108996 0.01498818 0.713184 0.7008156 0.01503431 0.5934351 0.8046836 0.01786166 0.5985854 0.8008422 0.01864093 0.4222523 0.9064782 -6.25527e-4 0.5986354 0.8007969 0.01897138 0.5986291 0.8008008 0.01900506 0.2263916 0.9740296 -0.003638267 0.509319 0.8602246 0.02465361 0.5093192 0.8602246 0.02465289 0.03468841 0.9992557 0.01687705 0.05041813 0.9986143 0.01508384 0.05041813 0.9986143 0.01508396 0.1120784 0.9934499 0.02226322 0.1147413 0.9933953 -4.77148e-4 0.1519878 0.9883116 0.01182824 0.3159103 0.9485661 0.02056354 0.3159105 0.9485662 0.02056318 -0.2878691 0.9576405 0.00748229 -0.2878687 0.9576407 0.007478773 0.6407615 0.7575578 0.1246231 0.7034034 0.7003921 0.1211389 0.6495261 0.7524639 0.1091513 0.6409631 0.7581917 0.1196314 0.385819 0.9162856 0.1075377 0.3889286 0.9178749 0.07899492 0.724768 0.6826345 0.09338837 0.6460824 0.7613694 0.05379807 0.6926936 0.7188529 0.05853277 0.6815156 0.7302104 0.04826205 0.6328481 0.7711644 0.06934547 0.6850218 0.7249468 0.07209247 0.646083 0.7613689 0.05379772 0.6460827 0.7613692 0.05379593 0.6044111 0.7929614 0.07680803 0.6384004 0.7660913 0.07449185 0.664568 0.7423691 0.08507364 0.6328482 0.7711644 0.06934511 0.670234 0.7357745 0.09706801 0.670234 0.7357746 0.0970683 0.7242224 0.6813908 0.1058711 0.6495324 0.7524585 0.1091505 0.6495261 0.7524639 0.1091508 0.7158171 0.6962088 0.05384367 0.7160754 0.6959831 0.0533244 0.7161913 0.6958554 0.05343538 0.7161347 0.6959396 0.05309671 0.7161341 0.6959404 0.05309426 0.7149024 0.6970157 0.05553072 0.7204965 0.6915801 0.0510075 0.7204998 0.6915763 0.05101424 0.716328 0.6922494 0.08755028 0.723317 0.6851704 0.08575499 0.7287769 0.6793788 0.08560782 0.7181384 0.6913135 0.07976663 0.7181383 0.6913144 0.07976138 0.6989867 0.7103278 0.08277648 0.6955853 0.713446 0.08459359 0.7286975 0.6820195 0.06204307 0.728654 0.6821187 0.06146156 0.7156578 0.6953335 0.0659185 0.7158454 0.6958447 0.05801331 0.7195264 0.6921859 0.05621808 0.7195295 0.6921816 0.05623185 0.6613821 0.741979 0.1097319 0.7213813 0.6850339 0.1016739 0.7500191 0.6550326 0.09167158 0.750019 0.6550325 0.09167182 0.7145365 0.6934578 0.09248763 0.728757 0.6793989 0.08561813 0.7287769 0.6793789 0.08560675 0.9590789 0.2656984 0.09783673 0.9992483 0.02026629 0.03304564 0.8820128 -0.4710862 -0.01145929 0.964873 -0.2618631 0.02115905 0.9911239 0.1222432 0.05224829 0.9742585 0.2175992 0.05891454 0.998057 -0.05402266 0.03104746 0.9742019 -0.2251569 0.01533424 0.9688951 0.2465954 0.02080619 0.9490694 0.3105915 0.0529167 0.9491383 0.3117359 0.04423922 0.9997774 -0.01688635 0.01264464 0.9995478 0.02171945 0.02079588 0.998807 0.04261654 0.02384096 0.998807 0.04261648 0.02384132 0.03206628 0.9987401 0.03859961 -0.2173685 0.9760149 0.01207756 -0.3809705 0.9245808 -0.003427326 -0.2878608 0.9576431 0.007482886 -0.5411978 0.8408658 0.007045805 -0.5098392 0.8601955 0.01130068 -0.5412702 0.8408124 0.007817804 -0.2211732 0.974085 0.04733461 -0.5419865 0.840269 0.01409006 -0.5419349 0.8403022 0.01409631 0.6401778 0.7569904 0.1309121 0.2703872 0.9579746 0.09578782 0.1280876 0.9880343 0.08591812 -0.1486721 0.9872502 0.05686402 0.2336851 0.9714461 0.04103416 0.3267564 0.9440284 0.04517531 0.3280013 0.9440069 0.03558319 0.4249945 0.9041972 0.04251044 0.4270934 0.9037683 0.02818107 0.5351698 0.8437374 0.04123473 0.5382114 0.8424773 0.02367359 0.5979861 0.8008293 0.03294092 0.6003182 0.7994754 0.02138 0.6360471 0.7711168 0.02869004 0.6381055 0.769675 0.02054011 0.604412 0.7929608 0.07680737 0.6030197 0.7929338 0.08731096 0.4850626 0.8718962 0.06716632 0.4831112 0.8715856 0.08331948 0.2310662 0.970927 0.06252247 0.1319167 0.9899713 0.0505442 -0.0455302 0.9984597 0.0317068 -0.04918092 0.9966415 0.06547534 -0.1484895 0.9873849 0.05497235 0.7162978 0.6874802 0.1195347 0.7514609 0.6515692 0.1037504 0.7514609 0.6515693 0.1037495 0.7614289 0.6354711 0.1280718 0.7347904 0.6680083 0.1176779 0.76231 0.6365835 0.1168121 0.7624611 0.6364032 0.1168083 0.6815161 0.7302103 0.04825937 0.697179 0.7150879 0.05089879 0.6969707 0.7156898 0.04494512 0.6948089 0.7178259 0.04434704 0.6949842 0.7176886 0.04381918 0.7111054 0.7014865 0.04739099 0.7136602 0.6986616 0.05060815 0.7149267 0.6974118 0.04996562 0.7163588 0.695644 0.05394005 0.7721355 -0.6354511 -0.002919673 0.8402718 -0.5421096 0.007780492 0.9724808 -0.2283768 0.04610049 0.8397939 -0.5427275 0.01389461 0.9964629 -0.05723363 0.0615307 0.9869211 -0.1513618 0.0554645 0.9898377 0.1196573 0.07683444 0.5971649 0.8021155 -0.002173542 0.6461076 0.7629483 0.02132391 0.6601883 0.750629 0.02660369 0.6643903 0.7472608 0.01367074 0.7034085 0.7095401 0.04206234 0.7089859 0.7043575 0.0349214 -0.7172392 -0.6941224 -0.06133449 0.7177473 0.695401 0.03544545 0.725609 0.6868971 0.04079294 0.7306079 0.681989 0.03321301 0.7346547 0.6770862 0.04285532 0.7451752 0.6659497 0.03500086 0.7473754 0.6628629 0.04519784 0.7628635 0.6454655 0.03759789 0.7645342 0.6425701 0.0509032 0.7875789 0.6147464 0.04249989 0.7890489 0.6110808 0.06310468 0.8257262 0.5616546 0.05215728 0.826169 0.5592833 0.06816804 0.8552005 0.5148119 0.06000661 0.8551983 0.5131301 0.07302927 0.879958 0.4704574 0.06590682 0.8795422 0.4681827 0.08491384 0.9223426 0.3791654 0.07428127 0.9210261 0.3764948 0.09981226 0.986545 -0.1518508 0.06058204 -0.9177497 0.3890327 0.07993221 -0.7603296 0.6451212 0.07561534 -0.5152744 0.8536785 0.07566606 -0.5152689 0.8536704 0.07579541 -0.06775915 0.9948305 0.07563698 -0.4209848 0.9023798 0.09209978 -0.9006927 0.4215486 0.1051163 -0.9646992 0.2417962 0.1043557 -0.1376563 0.9850015 0.1040326 0.237617 0.9684575 0.07502216 0.6784368 0.7307763 0.07542854 0.9366137 0.341994 0.07612466 0.899092 0.4276675 0.09345757 0.9956454 0.05072486 0.07821339 0.9835281 0.1470271 0.1051453 0.6379656 0.7637459 0.09844917 -0.7681517 0.6339004 0.09007328 -0.7587822 0.6436128 0.100062 0.8172146 0.5577114 0.1453219 0.376867 0.9152069 0.1427152 0.08341354 0.986014 0.1442867 -0.3061116 0.9410849 0.1437183 -0.9916288 0.001513123 0.1291126 -0.9884756 0.05276334 0.1418877 -0.9884752 0.05277001 0.1418871 -0.9886315 0.02111899 0.148868 -0.9914246 0.01865148 0.1293421 -0.9677851 0.1947082 0.1596269 -0.9648336 0.2040616 0.1656957 -0.9742879 0.1723167 0.1451551 -0.983762 0.0994234 0.1494233 -0.9808252 0.1276362 0.1472787 -0.9810269 0.1258078 0.1475079 -0.9810237 0.1258364 0.1475042 -0.9822558 0.1122347 0.1502562 -0.9834311 0.09076297 0.1569247 -0.9800567 0.140011 0.1410169 -0.9869444 0.08021914 0.1396629 -0.9869444 0.08021861 0.1396629 -0.9609854 0.2327095 0.1495109 -0.9700005 0.1951367 0.1449849 -0.9700007 0.1951359 0.1449848 -0.9517886 0.2701737 0.1452742 -0.951789 0.2701723 0.1452742 -0.9517888 0.2701731 0.1452742 -0.8602461 0.4882641 0.1468836 -0.8602463 0.4882639 0.1468836 -0.8969388 0.4165719 0.1482185 -0.8969388 0.4165719 0.1482185 -0.8980349 0.4140002 0.1487852 -0.9272412 0.3446615 0.1463972 -0.9344599 0.3245406 0.1464858 -0.9265673 0.3443965 0.1512089 -0.9265599 0.3444145 0.1512131 -0.8602463 0.488264 0.1468836 -0.8527648 0.500448 0.1494792 -0.8175427 0.5571165 0.145757 -0.7526953 0.6376575 0.1638374 -0.7693033 0.6194126 0.1565264 -0.7536145 0.6384364 0.1564105 -0.7697769 0.6198019 0.1526079 -0.7697775 0.6198011 0.1526079 -0.6987217 0.6966305 0.1627694 -0.7154999 0.6802119 0.1592847 -0.6991225 0.6970294 0.1593043 -0.7163909 0.6810805 0.1513717 -0.7163915 0.6810799 0.1513717 -0.5963594 0.7867004 0.1595551 -0.5963532 0.7867051 0.1595551 -0.6398501 0.7510874 0.1626641 -0.6581781 0.7373692 0.1519485 -0.658177 0.7373701 0.1519483 -0.5963537 0.7867048 0.1595552 -0.6434757 0.7553382 0.1241104 -0.5288943 0.8277959 0.1871494 -0.4618289 0.8755361 0.1419531 -0.4618288 0.8755362 0.1419531 -0.5018473 0.8523369 0.1472114 -0.5328517 0.8340782 0.1427674 -0.5328552 0.8340761 0.1427669 -0.4618281 0.8755365 0.1419531 -0.4120048 0.8992493 0.1469785 -0.3857244 0.9114942 0.1428112 -0.3061099 0.9410855 0.1437183 -0.3061097 0.9410855 0.1437183 -0.3201515 0.9359846 0.14641 -0.3857247 0.9114941 0.1428114 -0.3857282 0.9114925 0.1428113 -0.1483251 0.978255 0.1449719 -0.2276811 0.9627722 0.1457086 -0.2257382 0.9631641 0.1461406 -0.2257381 0.9631642 0.1461405 -0.0701338 0.9870358 0.1443669 -0.0701307 0.9870359 0.1443669 -0.135614 0.9797571 0.1472579 -0.1483265 0.9782547 0.1449719 -0.1483271 0.9782547 0.1449719 -0.07012993 0.987036 0.1443669 -0.04492521 0.987968 0.1479892 0.008598983 0.9895334 0.1440478 0.08341187 0.9860141 0.1442867 0.08341526 0.9860139 0.1442864 0.04492437 0.9879331 0.1482223 0.00860095 0.9895334 0.1440478 0.008600115 0.9895334 0.1440478 0.2266128 0.9630035 0.1458455 0.2276691 0.9627212 0.146063 0.3027951 0.9421336 0.1438734 0.2266144 0.9630032 0.1458455 0.1537029 0.9774308 0.1449291 0.1356606 0.9800928 0.1449637 0.1536089 0.9768517 0.1488797 0.153606 0.9768522 0.1488795 0.3768689 0.9152061 0.1427152 0.3026 0.9415532 0.1480227 0.3201398 0.9359504 0.1466538 0.3027949 0.9421336 0.1438734 0.3027952 0.9421335 0.1438734 0.3768702 0.9152055 0.1427155 0.4119938 0.899225 0.147158 0.4458037 0.8836787 0.1427271 0.5158396 0.8445945 0.1434209 0.5158398 0.8445944 0.1434209 0.5019149 0.8524512 0.1463165 0.4458032 0.8836789 0.1427271 0.4458045 0.8836783 0.1427271 0.5850884 0.79635 0.1532914 0.6400959 0.7514502 0.1599995 0.6404922 0.7519119 0.1561995 0.6489072 0.7440174 0.1592404 0.6489045 0.7440198 0.1592405 0.69923 0.6971928 0.1581132 0.7076677 0.6885804 0.1583147 0.6992066 0.6971707 0.1583132 0.707202 0.6881304 0.1623018 0.6495186 0.7447362 0.153276 0.7533587 0.6382102 0.158551 0.7625427 0.6261279 0.1627655 0.708116 0.6890408 0.1542548 0.8144276 0.5557838 0.1667692 0.8144244 0.5557889 0.166768 0.7543731 0.6390697 0.1500368 0.7634975 0.6269274 0.1550281 0.7634975 0.6269272 0.1550281 0.8172132 0.5577134 0.1453217 0.8527339 0.5004299 0.1497161 0.8611295 0.4866873 0.1469408 0.9287847 0.3405153 0.1463159 0.8969922 0.4162586 0.1487745 0.8969924 0.4162581 0.1487745 0.8981109 0.4140347 0.1482302 0.8611227 0.4866995 0.1469405 0.8611314 0.4866838 0.1469408 0.952879 0.2660621 0.1457142 0.9528795 0.2660602 0.1457143 0.9340686 0.3244048 0.1492559 0.9287842 0.3405168 0.1463158 0.9287844 0.340516 0.1463158 0.9528793 0.266061 0.1457143 0.9609854 0.2327095 0.1495102 0.9706044 0.1923364 0.1446849 0.9827016 0.1151896 0.1450136 0.9827017 0.1151888 0.1450135 0.978946 0.1398524 0.1486808 0.9706041 0.1923383 0.1446849 0.9706044 0.1923367 0.1446849 0.9867709 0.0387355 0.1574254 0.9870707 0.06783443 0.1452242 0.9906556 0.01986747 0.1349327 0.9717079 0.1139655 0.2068706 0.9867711 0.03873425 0.1574248 -0.8102907 0.5752332 0.1119633 -0.8102906 0.5752331 0.1119644 -0.7988723 0.5894277 0.1199085 -0.8145385 0.5550396 0.1686954 -0.8145384 0.5550397 0.1686953 -0.7955318 0.5890993 0.1417431 -0.8070947 0.5721986 0.1455572 -0.8076018 0.5725587 0.1412657 -0.8084815 0.5743118 0.1285443 -0.8011882 0.5890772 0.1052875 -0.80119 0.5890754 0.1052848 -0.7681515 0.6339002 0.09007638 -0.7559642 0.6477744 0.09437388 -0.7616876 0.6411607 0.09351432 -0.776974 0.6218248 0.0982117 -0.7769739 0.6218247 0.09821206 -0.7612293 0.645837 0.05851894 -0.7396381 0.6656228 0.09940701 -0.7612065 0.645864 0.05851888 -0.7223332 0.6797037 0.1274274 -0.7396389 0.6656221 0.0994057 -0.7490689 0.6569902 0.08520358 -0.7490656 0.6569935 0.08520823 -0.7550716 0.6510177 0.07773536 -0.7550691 0.6510204 0.07773798 -0.7562758 0.6497283 0.07681161 -0.7582403 0.6475762 0.07560878 -0.7615228 0.6433427 0.07869744 -0.7681519 0.6339 0.09007453 -0.6554741 0.7504537 0.08469367 -0.6593788 0.7475616 0.07982087 -0.6593817 0.7475588 0.07982248 -0.6643983 0.7426072 0.0843172 -0.6643983 0.7426072 0.08431726 -0.6749444 0.7310209 0.1002914 -0.674972 0.730988 0.100346 -0.6543678 0.753723 0.06086432 -0.7150059 0.6967661 0.05730265 -0.7150235 0.696748 0.05730259 -0.6602961 0.7451801 0.09335833 -0.6602965 0.7451797 0.09335839 -0.6554737 0.7504533 0.08469945 -0.6077051 0.7869826 0.1065497 -0.607706 0.7869819 0.10655 -0.6028034 0.7912154 0.1029865 -0.5992059 0.7944443 0.0990476 -0.6387418 0.7630235 0.09901547 -0.6387231 0.7630392 0.09901499 -0.5862339 0.7975481 0.1422923 -0.5767596 0.8049974 0.1390236 -0.5767599 0.8049978 0.1390193 -0.6046509 0.7867903 0.1239291 -0.5843787 0.803321 0.1147909 -0.5843784 0.8033213 0.1147907 0.5835372 0.8029144 0.121708 0.5850893 0.7963494 0.1532912 0.5104369 0.8356652 0.2027755 0.592332 0.7935564 0.1393234 0.5760344 0.8048095 0.1430598 0.5763806 0.8052912 0.1388934 0.5788564 0.8053624 0.1277374 0.5903474 0.8000776 0.1066109 0.5834438 0.8042311 0.1131622 0.5834439 0.8042311 0.1131622 0.6028687 0.7912026 0.1027025 0.5992418 0.7944921 0.09844487 0.637959 0.7637514 0.09844827 0.6379656 0.7637459 0.09844851 0.6563358 0.7487812 0.09246724 0.656336 0.7487812 0.09246528 0.6754556 0.732559 0.08436274 0.6693249 0.738941 0.07726746 0.6693148 0.7389515 0.07725632 0.6664338 0.7417323 0.07549303 0.6579576 0.7485822 0.081954 0.6579582 0.7485819 0.08195263 0.7547549 0.6507838 0.08261668 0.7675608 0.636032 0.07945936 0.7675733 0.6351346 0.08622789 0.7675731 0.6351344 0.08623129 0.7631927 0.6413472 0.078808 0.7631961 0.6413434 0.07880616 0.7594255 0.6454054 0.08200502 0.7594288 0.645402 0.08200126 0.7489353 0.6556562 0.09597396 0.7871982 0.6159496 0.03041368 0.7462176 0.659269 0.09232383 0.7872714 0.6160069 0.02718889 0.6781989 0.7305166 0.07994908 0.7200034 0.6900854 0.07332944 0.6779683 0.7302735 0.0840221 0.7098816 0.6991339 0.08532238 0.677894 0.7301925 0.0853154 0.7034484 0.7013984 0.1148941 0.677822 0.7301169 0.08652579 0.6854836 0.7208731 0.1022453 0.6754599 0.7325542 0.08436971 0.7770614 0.6213244 0.100656 0.7770614 0.6213244 0.1006565 0.7711055 0.6293554 0.09647804 0.8560855 0.5058952 0.1057717 0.8086578 0.5787857 0.1052601 0.795357 0.5963017 0.1087725 0.7953577 0.5963008 0.1087722 0.8018959 0.5883202 0.1041265 0.7991192 0.5834373 0.1449462 0.8076018 0.5725583 0.1412667 0.8076013 0.5725581 0.1412706 0.8095706 0.5751078 0.1176717 0.8095709 0.5751074 0.1176714 0.809571 0.5751075 0.1176699 0.9925452 0.05776625 0.1073177 0.9928376 0.05778157 0.104569 0.9916698 0.07137376 0.1072233 0.9645636 0.2417617 0.1056795 0.9630658 0.2482602 0.1042652 0.9640689 0.2485188 0.09385955 0.9636332 0.2505059 0.09304779 0.9804512 0.1844699 0.06845664 0.9944877 0.08053416 0.0671451 0.9923851 0.08042132 0.09329605 0.9960582 0.04178094 0.07824611 0.9366127 0.3419925 0.07614225 0.9366106 0.3419984 0.07614278 0.9658945 0.2510938 0.06324422 0.9795883 0.1843029 0.08024513 0.9795882 0.1843034 0.08024513 0.9828276 0.1524161 0.104016 0.9838501 0.1525747 0.0935955 0.9836549 0.1542261 0.09293723 0.9852935 0.154483 0.07301819 0.9804521 0.1844655 0.0684567 0.8018967 0.5883194 0.1041253 0.8037332 0.5863989 0.1007433 0.804301 0.586813 0.09354364 0.7619304 0.640872 0.09351569 0.7586757 0.64466 0.09394031 0.9368176 0.3333643 0.1060241 0.8986675 0.4258663 0.1050459 0.8996626 0.4263378 0.0940383 0.855482 0.5093078 0.0935738 0.7858291 0.6148778 0.06631618 0.7850719 0.6142856 0.07946932 0.8058044 0.5878725 0.07131099 0.8043179 0.5867879 0.09355574 0.8558425 0.5086462 0.09387564 0.8548652 0.5080654 0.1052386 0.9006008 0.4215058 0.1060715 0.8714445 0.4856892 0.06848758 0.8714442 0.4856896 0.06848758 0.8569868 0.5102037 0.07256627 0.870721 0.4852856 0.07964134 0.9001738 0.4281821 0.07966864 0.8722 0.4861114 0.05443167 0.9366132 0.3419952 0.0761246 0.9348194 0.3393475 0.1046716 0.9358186 0.3397102 0.09402459 0.9352303 0.3415375 0.09325498 0.9365979 0.342037 0.07612472 0.9366121 0.3419944 0.07614225 0.5483546 0.833723 0.0649088 0.5152362 0.8542599 0.06907707 0.5477504 0.832808 0.08000266 0.5477479 0.8328096 0.08000266 0.6014813 0.7948925 0.07978898 0.5486972 0.8342473 0.05443269 0.6784396 0.7307738 0.07542896 0.2375847 0.9683225 0.07684397 0.3274783 0.942777 0.06268614 0.2330626 0.9695619 0.07504373 0.2375847 0.9683225 0.07684373 0.2375879 0.9683218 0.07684379 0.04621893 0.9945873 0.09305834 0.04635727 0.9945759 0.09311252 0.1389293 0.9859385 0.09286481 0.1392753 0.9858768 0.09300148 0.2322568 0.9682356 0.09260946 0.2327132 0.9681085 0.09279328 0.3261432 0.9408001 0.0923357 0.3267146 0.9405785 0.09257322 0.4201878 0.9027504 0.09210795 0.4209713 0.9023504 0.09244889 0.5131418 0.8533571 0.09201669 0.5142541 0.8526316 0.09253245 0.5996024 0.7949702 0.09219169 0.6008015 0.7939942 0.09279519 0.658035 0.7472552 0.09273415 0.6563553 0.7487639 0.09246838 0.3960335 0.9147616 0.07980442 0.3960341 0.9147613 0.07980442 0.4216296 0.9037615 0.07378137 0.3963535 0.9155007 0.06901055 0.3963497 0.9155023 0.06901055 0.04571789 0.99351 0.1041526 0.04616743 0.9934799 0.1042414 0.1376596 0.9850246 0.1038092 0.1387751 0.9848448 0.1040298 0.2305521 0.9675578 0.1033332 0.2320035 0.9671795 0.1036252 0.3239776 0.9404622 0.1028076 0.3257941 0.9397931 0.1031854 0.4172255 0.9030189 0.102371 0.4197406 0.9017898 0.1029214 0.5089628 0.8546983 0.102214 0.5125839 0.8524293 0.1030639 0.598609 0.794454 0.102518 0.6054096 0.7888904 0.1055041 -0.04571747 0.9935007 0.1042414 -0.2305449 0.9675278 0.1036303 -0.5843784 0.8033213 0.1147908 -0.5902113 0.8006991 0.1026232 -0.5089174 0.8546235 0.1030626 -0.5126314 0.8525094 0.102161 -0.4172021 0.9029666 0.1029261 -0.232011 0.967211 0.1033145 -0.2322528 0.9682191 0.09279334 -0.2327166 0.9681256 0.09260571 -0.638723 0.7630391 0.09901618 -0.6534214 0.7512898 0.09275847 -0.599569 0.7949256 0.09279108 -0.6008358 0.7940399 0.09217923 -0.5131168 0.8533166 0.0925306 -0.04616785 0.9934894 0.1041504 -0.04621869 0.9945824 0.09311205 -0.04635679 0.994581 0.09305781 -0.04642558 0.9960568 0.07560092 -0.06776583 0.995427 0.06732684 -0.2330766 0.9696235 0.07419973 -0.211745 0.9741967 0.07813274 -0.2117472 0.9741963 0.07813274 -0.1387777 0.9848688 0.1037985 -0.1389267 0.985926 0.09300166 -0.1392777 0.9858896 0.09286206 -0.1395345 0.9877073 0.07045984 -0.212134 0.9759862 0.04949843 -0.6546165 0.7540079 0.05430901 -0.6017642 0.7952668 0.07369285 -0.6534631 0.7526822 0.08034533 -0.6562549 0.7502504 0.08033609 -0.6648812 0.7423881 0.08241951 -0.5152702 0.8536696 0.07579541 -0.5149873 0.8538475 0.07571381 -0.5142792 0.8526735 0.09200471 -0.4201745 0.9027219 0.09244823 -0.4197663 0.9018448 0.1023334 -0.3239634 0.940425 0.1031915 -0.3639575 0.929194 0.06429016 -0.211877 0.9748111 0.06965118 -0.2118803 0.9748105 0.06965124 -0.5152737 0.8536789 0.07566612 -0.3641663 0.9297112 0.0549553 -0.421919 0.9043822 0.06385296 -0.3635618 0.9281811 0.07938969 -0.3635646 0.92818 0.07938969 -0.3258076 0.9398327 0.1027812 -0.3261358 0.9407793 0.09257322 -0.326722 0.9405997 0.09233003 -0.3271195 0.9417442 0.07817053 -0.3639591 0.9291935 0.06429004 -0.9358848 0.3397342 0.09327542 -0.9346877 0.3392996 0.1059936 -0.9369432 0.3334089 0.1047655 -0.8554576 0.5092933 0.0938763 -0.8570094 0.5102171 0.07220476 -0.8463805 0.5267059 0.07887309 -0.8037729 0.5864276 0.100259 -0.8043001 0.5868122 0.09355539 -0.8043187 0.5867886 0.09354352 -0.8053542 0.587544 0.07872015 -0.8479599 0.5276889 0.05008482 -0.9674763 0.2422198 0.07293254 -0.967477 0.2422175 0.07293254 -0.9190297 0.3895771 0.06011736 -0.9368216 0.3421185 0.07293945 -0.9351626 0.3415126 0.09402155 -0.8997105 0.426361 0.09347242 -0.8985706 0.4258208 0.1060544 -0.8561312 0.505922 0.1052722 -0.9933252 0.08375459 0.07931065 -0.9857077 0.154548 0.06704688 -0.9835941 0.1542166 0.09359401 -0.9839097 0.1525839 0.09295088 -0.9827122 0.1523982 0.105127 -0.9836397 0.1470437 0.104073 -0.9951344 0.08391219 0.05163496 -0.9672226 0.2421531 0.07643496 -0.9672217 0.2421566 0.07643491 -0.9629245 0.2482237 0.105647 -0.9641408 0.2485373 0.09306824 -0.9635598 0.2504867 0.09385603 -0.9650477 0.2508735 0.07579833 -0.9674769 0.2422174 0.07293242 -0.91886 0.3895047 0.06310534 -0.8468701 0.5270138 0.07118541 -0.8468731 0.527009 0.07118546 -0.9177489 0.3890345 0.07993221 -0.9006021 0.4283864 0.07349216 -0.8990424 0.4276445 0.09403747 -0.8558663 0.5086605 0.09358084 -0.8548168 0.5080368 0.1057682 -0.8015034 0.5886774 0.1051245 -0.8018387 0.5881773 0.1053671 -0.9929728 0.05540776 0.1045707 -0.9933008 0.04392874 0.1068828 -0.9941937 0.06142711 0.08834886 -0.9826906 0.1403874 0.1208745 -0.9816024 0.1467404 0.1221634 -0.964734 0.2336173 0.1212907 -0.9626432 0.2412821 0.1228865 -0.9376116 0.3256353 0.121845 -0.9349294 0.3326933 0.123378 -0.9013264 0.4155176 0.1222946 -0.8987792 0.4206538 0.1234762 -0.8559626 0.5023247 0.1224654 -0.8543671 0.5048801 0.1230974 -0.8047952 0.5808067 0.1223455 -0.8072102 0.5779117 0.1201243 0.9942014 0.002833724 0.1074969 0.988564 0.06790673 0.134648 0.8085889 0.5745391 0.1268417 0.8006321 0.5865532 0.1222441 0.8558945 0.5022846 0.123105 0.8544397 0.5049232 0.1224148 0.9011905 0.4154544 0.1235044 0.8989231 0.4207213 0.1221915 0.9374271 0.3255714 0.1234242 0.9351233 0.3327623 0.1217115 0.9645375 0.2335698 0.1229336 0.9628486 0.2413328 0.1211658 0.9825311 0.1403647 0.1221896 0.9817677 0.1467651 0.1207981 0.9900427 0.07129102 0.1213795 -0.9941937 0.06142711 0.0883485 -0.9928712 0.07417172 0.09330278 -0.9940821 0.0742352 0.07930862 -0.9947956 0.05066317 0.08840179 -0.9947202 0.08387297 0.0591377 -0.9947201 0.08387339 0.0591374 -0.06779932 0.9954256 0.06731396 0.07900506 0.9946027 0.06725835 0.04644012 0.9963536 0.0715745 0.07892942 0.9936693 0.07994723 0.1394354 0.98701 0.0798065 0.07905822 0.9952832 0.05622506 0.237617 0.9684574 0.07502216 -0.9879833 0.07163846 0.136956 -0.9900109 0.0717352 0.1213781 -0.9910271 0.03486496 0.1290345 -0.9927338 0.05539596 0.1068217 -0.578559 0.8053596 0.1290948 -0.5807526 0.8053445 0.1189396 -0.5037451 0.8555601 0.1194065 -0.5080499 0.8531659 0.1182938 -0.4135564 0.9026356 0.1192473 -0.4164735 0.9013882 0.1185293 -0.3213151 0.9393865 0.1196227 -0.3233833 0.9387385 0.1191349 -0.2284682 0.9661006 0.1202161 -0.2301234 0.9657543 0.1198413 -0.1361058 0.983309 0.1207419 -0.1374006 0.9831634 0.1204608 -0.04509168 0.9916275 0.1210027 -0.04563212 0.9916164 0.1208907 0.04509294 0.9916408 0.1208937 0.04563152 0.9916028 0.1210024 0.1361103 0.983341 0.1204755 0.1373961 0.9831302 0.1207369 0.2284781 0.9661418 0.1198666 0.2301132 0.9657112 0.1202074 0.3213328 0.9394379 0.119171 0.3233659 0.9386838 0.1196127 0.4135897 0.9027081 0.118582 0.4164373 0.9013113 0.1192386 0.5038084 0.8556671 0.1183676 0.5079823 0.8530509 0.1194072 0.5927848 0.7965552 0.1187692 0.5834451 0.80423 0.1131632</float_array>
          <technique_common>
            <accessor source="#base-mesh-normals-array" count="12106" stride="3">
              <param name="X" type="float"/>
              <param name="Y" type="float"/>
              <param name="Z" type="float"/>
            </accessor>
          </technique_common>
        </source>
        <vertices id="base-mesh-vertices">
          <input semantic="POSITION" source="#base-mesh-positions"/>
        </vertices>
        <triangles count="12106">
          <input semantic="VERTEX" source="#base-mesh-vertices" offset="0"/>
          <input semantic="NORMAL" source="#base-mesh-normals" offset="1"/>
          <p>0 0 1 0 2 0 0 1 2 1 3 1 4 2 5 2 2 2 2 3 5 3 6 3 2 4 6 4 3 4 7 5 8 5 2 5 2 6 8 6 9 6 2 7 9 7 4 7 10 8 11 8 2 8 2 9 11 9 12 9 2 10 12 10 7 10 13 11 14 11 2 11 2 12 14 12 15 12 2 13 15 13 10 13 16 14 17 14 2 14 2 15 17 15 18 15 2 16 18 16 13 16 19 17 20 17 2 17 2 18 20 18 21 18 2 19 21 19 16 19 22 20 23 20 2 20 2 21 23 21 24 21 2 22 24 22 19 22 25 23 26 23 2 23 2 24 26 24 27 24 2 25 27 25 22 25 28 26 29 26 2 26 2 27 29 27 30 27 2 28 30 28 25 28 31 29 32 29 2 29 2 30 32 30 33 30 2 31 33 31 28 31 1 32 34 32 2 32 2 33 34 33 35 33 2 34 35 34 31 34 36 35 3 35 37 35 37 36 3 36 6 36 37 37 6 37 38 37 38 38 6 38 5 38 38 39 5 39 39 39 39 40 5 40 4 40 39 41 4 41 40 41 40 42 4 42 9 42 40 43 9 43 41 43 41 44 9 44 8 44 41 45 8 45 42 45 42 46 8 46 7 46 42 47 7 47 43 47 43 48 7 48 12 48 43 49 12 49 44 49 44 50 12 50 11 50 44 51 11 51 45 51 45 52 11 52 10 52 45 53 10 53 46 53 46 54 10 54 15 54 46 55 15 55 47 55 47 56 15 56 14 56 47 57 14 57 48 57 48 58 14 58 13 58 48 59 13 59 49 59 49 60 13 60 18 60 49 61 18 61 50 61 50 62 18 62 17 62 50 63 17 63 51 63 51 64 17 64 16 64 51 65 16 65 52 65 52 66 16 66 21 66 52 67 21 67 53 67 53 68 21 68 20 68 53 69 20 69 54 69 54 70 20 70 19 70 54 71 19 71 55 71 55 72 19 72 24 72 55 73 24 73 56 73 56 74 24 74 23 74 56 75 23 75 57 75 57 76 23 76 22 76 57 77 22 77 58 77 58 78 22 78 27 78 58 79 27 79 59 79 59 80 27 80 26 80 59 81 26 81 60 81 60 82 26 82 25 82 60 83 25 83 61 83 61 84 25 84 30 84 61 85 30 85 62 85 62 86 30 86 29 86 62 87 29 87 63 87 63 88 29 88 28 88 63 89 28 89 64 89 64 90 28 90 33 90 64 91 33 91 65 91 65 92 33 92 32 92 65 93 32 93 66 93 66 94 32 94 31 94 66 95 31 95 67 95 67 96 31 96 35 96 67 97 35 97 68 97 68 98 35 98 34 98 68 99 34 99 69 99 69 100 34 100 1 100 69 101 1 101 70 101 70 102 1 102 0 102 70 103 0 103 36 103 36 104 0 104 3 104 70 105 36 105 71 105 71 106 72 106 70 106 70 107 72 107 73 107 70 108 73 108 69 108 73 109 74 109 69 109 69 110 74 110 75 110 69 111 75 111 68 111 75 112 76 112 68 112 68 113 76 113 77 113 68 114 77 114 67 114 77 115 78 115 67 115 67 116 78 116 79 116 67 117 79 117 66 117 79 118 80 118 66 118 66 119 80 119 81 119 66 120 81 120 65 120 81 121 82 121 65 121 65 122 82 122 83 122 65 123 83 123 64 123 83 124 84 124 64 124 64 125 84 125 85 125 64 126 85 126 63 126 85 127 86 127 63 127 63 128 86 128 87 128 63 129 87 129 62 129 87 130 88 130 62 130 62 131 88 131 89 131 62 132 89 132 61 132 89 133 90 133 61 133 61 134 90 134 91 134 61 135 91 135 60 135 91 136 92 136 60 136 60 137 92 137 93 137 60 138 93 138 59 138 93 139 94 139 59 139 59 140 94 140 95 140 59 141 95 141 58 141 95 142 96 142 58 142 58 143 96 143 97 143 58 144 97 144 57 144 97 145 98 145 57 145 57 146 98 146 99 146 57 147 99 147 56 147 99 148 100 148 56 148 56 149 100 149 101 149 56 150 101 150 55 150 101 151 102 151 55 151 55 152 102 152 103 152 55 153 103 153 54 153 54 154 103 154 104 154 104 155 105 155 54 155 54 156 105 156 106 156 54 157 106 157 53 157 106 158 107 158 53 158 53 159 107 159 108 159 53 160 108 160 52 160 108 161 109 161 52 161 52 162 109 162 110 162 52 163 110 163 51 163 110 164 111 164 51 164 51 165 111 165 112 165 51 166 112 166 50 166 112 167 113 167 50 167 50 168 113 168 114 168 50 169 114 169 49 169 114 170 115 170 49 170 49 171 115 171 116 171 49 172 116 172 48 172 116 173 117 173 48 173 48 174 117 174 118 174 48 175 118 175 47 175 118 176 119 176 47 176 47 177 119 177 120 177 47 178 120 178 46 178 120 179 121 179 46 179 46 180 121 180 122 180 46 181 122 181 45 181 122 182 123 182 45 182 45 183 123 183 124 183 45 184 124 184 44 184 124 185 125 185 44 185 44 186 125 186 126 186 44 187 126 187 43 187 126 188 127 188 43 188 43 189 127 189 128 189 43 190 128 190 42 190 128 191 129 191 42 191 42 192 129 192 130 192 42 193 130 193 41 193 130 194 131 194 41 194 41 195 131 195 132 195 41 196 132 196 40 196 132 197 133 197 40 197 40 198 133 198 134 198 40 199 134 199 39 199 134 200 135 200 39 200 39 201 135 201 136 201 39 202 136 202 38 202 136 203 137 203 38 203 38 204 137 204 138 204 38 205 138 205 37 205 138 206 139 206 37 206 37 207 139 207 140 207 37 208 140 208 36 208 36 209 140 209 141 209 36 210 141 210 71 210 87 211 142 211 143 211 87 212 86 212 142 212 142 213 86 213 85 213 142 214 85 214 144 214 81 215 145 215 146 215 85 216 84 216 144 216 144 217 84 217 83 217 144 218 83 218 146 218 146 219 83 219 82 219 146 220 82 220 81 220 77 221 147 221 148 221 81 222 80 222 145 222 145 223 80 223 79 223 145 224 79 224 148 224 148 225 79 225 78 225 148 226 78 226 77 226 73 227 149 227 150 227 77 228 76 228 147 228 147 229 76 229 75 229 147 230 75 230 150 230 150 231 75 231 74 231 150 232 74 232 73 232 140 233 151 233 152 233 73 234 72 234 149 234 149 235 72 235 71 235 149 236 71 236 152 236 152 237 71 237 141 237 152 238 141 238 140 238 136 239 153 239 154 239 140 240 139 240 151 240 151 241 139 241 138 241 151 242 138 242 154 242 154 243 138 243 137 243 154 244 137 244 136 244 132 245 155 245 156 245 136 246 135 246 153 246 153 247 135 247 134 247 153 248 134 248 156 248 156 249 134 249 133 249 156 250 133 250 132 250 128 251 157 251 158 251 132 252 131 252 155 252 155 253 131 253 130 253 155 254 130 254 158 254 158 255 130 255 129 255 158 256 129 256 128 256 124 257 159 257 160 257 128 258 127 258 157 258 157 259 127 259 126 259 157 260 126 260 160 260 160 261 126 261 125 261 160 262 125 262 124 262 120 263 161 263 162 263 124 264 123 264 159 264 159 265 123 265 122 265 159 266 122 266 162 266 162 267 122 267 121 267 162 268 121 268 120 268 116 269 163 269 164 269 120 270 119 270 161 270 161 271 119 271 118 271 161 272 118 272 164 272 164 273 118 273 117 273 164 274 117 274 116 274 112 275 165 275 166 275 116 276 115 276 163 276 163 277 115 277 114 277 163 278 114 278 166 278 166 279 114 279 113 279 166 280 113 280 112 280 107 281 167 281 108 281 108 282 167 282 168 282 112 283 111 283 165 283 165 284 111 284 110 284 165 285 110 285 168 285 168 286 110 286 109 286 168 287 109 287 108 287 103 288 169 288 170 288 107 289 106 289 167 289 167 290 106 290 105 290 167 291 105 291 170 291 170 292 105 292 104 292 170 293 104 293 103 293 99 294 171 294 172 294 103 295 102 295 169 295 169 296 102 296 101 296 169 297 101 297 172 297 172 298 101 298 100 298 172 299 100 299 99 299 95 300 173 300 174 300 99 301 98 301 171 301 171 302 98 302 97 302 171 303 97 303 174 303 174 304 97 304 96 304 174 305 96 305 95 305 91 306 175 306 176 306 95 307 94 307 173 307 173 308 94 308 93 308 173 309 93 309 176 309 176 310 93 310 92 310 176 311 92 311 91 311 91 312 90 312 175 312 175 313 90 313 89 313 175 314 89 314 143 314 143 315 89 315 88 315 143 316 88 316 87 316 168 317 177 317 165 317 165 318 177 318 178 318 165 319 178 319 166 319 166 320 178 320 179 320 166 321 179 321 163 321 163 322 179 322 180 322 163 323 180 323 164 323 164 324 180 324 181 324 164 325 181 325 161 325 161 326 181 326 182 326 161 327 182 327 162 327 162 328 182 328 183 328 162 329 183 329 159 329 159 330 183 330 184 330 159 331 184 331 160 331 160 332 184 332 185 332 160 333 185 333 157 333 157 334 185 334 186 334 157 335 186 335 158 335 158 336 186 336 187 336 158 337 187 337 155 337 155 338 187 338 188 338 155 339 188 339 156 339 156 340 188 340 189 340 156 341 189 341 153 341 153 342 189 342 190 342 153 343 190 343 154 343 154 344 190 344 191 344 154 345 191 345 151 345 151 346 191 346 192 346 151 347 192 347 152 347 152 348 192 348 193 348 152 349 193 349 149 349 149 350 193 350 194 350 149 351 194 351 150 351 150 352 194 352 195 352 150 353 195 353 147 353 147 354 195 354 196 354 147 355 196 355 148 355 148 356 196 356 197 356 148 357 197 357 145 357 145 358 197 358 198 358 145 359 198 359 146 359 146 360 198 360 199 360 146 361 199 361 144 361 144 362 199 362 200 362 144 363 200 363 142 363 142 364 200 364 201 364 142 365 201 365 143 365 143 366 201 366 202 366 143 367 202 367 175 367 175 368 202 368 203 368 175 369 203 369 176 369 176 370 203 370 204 370 176 371 204 371 173 371 173 372 204 372 205 372 173 373 205 373 174 373 174 374 205 374 206 374 174 375 206 375 171 375 171 376 206 376 207 376 171 377 207 377 172 377 172 378 207 378 208 378 172 379 208 379 169 379 169 380 208 380 209 380 169 381 209 381 170 381 170 382 209 382 210 382 170 383 210 383 167 383 167 384 210 384 211 384 167 385 211 385 168 385 168 386 211 386 177 386 212 387 213 387 214 387 214 388 213 388 215 388 214 389 215 389 216 389 217 390 218 390 214 390 214 391 218 391 219 391 214 392 219 392 212 392 220 393 221 393 214 393 214 394 221 394 222 394 214 395 222 395 217 395 223 396 224 396 214 396 214 397 224 397 225 397 214 398 225 398 220 398 226 399 227 399 214 399 214 400 227 400 228 400 214 401 228 401 223 401 229 402 230 402 214 402 214 403 230 403 231 403 214 404 231 404 226 404 232 405 233 405 214 405 214 406 233 406 234 406 214 407 234 407 229 407 235 408 236 408 214 408 214 409 236 409 237 409 214 410 237 410 232 410 238 411 239 411 214 411 214 412 239 412 240 412 214 413 240 413 235 413 241 414 242 414 214 414 214 415 242 415 243 415 214 416 243 416 238 416 244 417 245 417 214 417 214 418 245 418 246 418 214 419 246 419 241 419 216 420 247 420 214 420 214 421 247 421 248 421 214 422 248 422 244 422 249 423 250 423 251 423 251 424 250 424 252 424 251 425 252 425 253 425 254 426 255 426 256 426 256 427 255 427 257 427 249 428 258 428 250 428 250 429 258 429 259 429 250 430 259 430 260 430 260 431 259 431 261 431 253 432 252 432 262 432 262 433 252 433 263 433 262 434 263 434 264 434 261 435 265 435 260 435 260 436 265 436 266 436 260 437 266 437 267 437 267 438 266 438 268 438 267 439 268 439 254 439 254 440 268 440 269 440 254 441 269 441 255 441 264 442 263 442 270 442 270 443 263 443 271 443 270 444 271 444 272 444 272 445 271 445 273 445 272 446 273 446 274 446 274 447 273 447 275 447 275 448 273 448 276 448 275 449 276 449 277 449 278 450 279 450 208 450 208 451 279 451 280 451 208 452 280 452 209 452 209 453 280 453 281 453 282 454 211 454 283 454 283 455 211 455 210 455 283 456 210 456 284 456 284 457 210 457 209 457 284 458 209 458 285 458 285 459 209 459 281 459 286 460 178 460 282 460 282 461 178 461 177 461 282 462 177 462 211 462 286 463 287 463 178 463 178 464 287 464 288 464 178 465 288 465 179 465 208 466 207 466 278 466 278 467 207 467 206 467 278 468 206 468 289 468 289 469 206 469 205 469 289 470 205 470 290 470 290 471 205 471 204 471 290 472 204 472 291 472 291 473 204 473 203 473 291 474 203 474 292 474 292 475 203 475 202 475 292 476 202 476 293 476 293 477 202 477 201 477 293 478 201 478 294 478 294 479 201 479 200 479 294 480 200 480 295 480 295 481 200 481 199 481 295 482 199 482 296 482 296 483 199 483 198 483 296 484 198 484 297 484 297 485 198 485 197 485 297 486 197 486 298 486 298 487 197 487 196 487 298 488 196 488 299 488 299 489 196 489 195 489 299 490 195 490 300 490 300 491 195 491 194 491 300 492 194 492 301 492 301 493 194 493 193 493 301 494 193 494 302 494 302 495 193 495 192 495 302 496 192 496 303 496 303 497 192 497 191 497 303 498 191 498 304 498 304 499 191 499 190 499 304 500 190 500 305 500 305 501 190 501 189 501 305 502 189 502 306 502 306 503 189 503 188 503 306 504 188 504 307 504 307 505 188 505 187 505 307 506 187 506 308 506 308 507 187 507 186 507 308 508 186 508 309 508 309 509 186 509 185 509 309 510 185 510 310 510 310 511 185 511 184 511 310 512 184 512 311 512 311 513 184 513 183 513 311 514 183 514 312 514 312 515 183 515 182 515 312 516 182 516 313 516 313 517 182 517 181 517 313 518 181 518 314 518 314 519 181 519 180 519 314 520 180 520 315 520 315 521 180 521 179 521 315 522 179 522 316 522 316 523 179 523 288 523 317 524 318 524 319 524 320 525 321 525 322 525 317 526 319 526 323 526 323 527 319 527 324 527 323 528 324 528 325 528 326 529 327 529 321 529 321 530 327 530 328 530 321 531 328 531 322 531 325 532 329 532 323 532 323 533 329 533 330 533 323 534 330 534 326 534 326 535 330 535 331 535 326 536 331 536 327 536 322 537 332 537 320 537 320 538 332 538 333 538 320 539 333 539 334 539 334 540 333 540 335 540 334 541 335 541 336 541 336 542 335 542 337 542 336 543 337 543 338 543 338 544 337 544 339 544 340 545 341 545 342 545 342 546 341 546 343 546 342 547 343 547 344 547 345 548 346 548 347 548 347 549 346 549 348 549 340 550 349 550 341 550 341 551 349 551 350 551 341 552 350 552 351 552 351 553 350 553 352 553 344 554 343 554 353 554 353 555 343 555 354 555 353 556 354 556 355 556 352 557 356 557 351 557 351 558 356 558 357 558 351 559 357 559 358 559 358 560 357 560 359 560 358 561 359 561 345 561 345 562 359 562 360 562 345 563 360 563 346 563 355 564 354 564 361 564 361 565 354 565 362 565 361 566 362 566 363 566 363 567 362 567 364 567 363 568 364 568 365 568 365 569 364 569 366 569 366 570 364 570 367 570 366 571 367 571 368 571 369 572 370 572 242 572 371 573 372 573 224 573 373 574 374 574 213 574 213 575 374 575 375 575 213 576 375 576 215 576 215 577 375 577 376 577 215 578 376 578 377 578 378 579 213 579 379 579 379 580 213 580 212 580 378 581 380 581 213 581 213 582 380 582 381 582 213 583 381 583 373 583 218 584 382 584 219 584 219 585 382 585 383 585 219 586 383 586 212 586 212 587 383 587 384 587 212 588 384 588 379 588 385 589 386 589 218 589 218 590 386 590 387 590 218 591 387 591 382 591 217 592 388 592 218 592 218 593 388 593 389 593 389 594 390 594 218 594 218 595 390 595 391 595 218 596 391 596 385 596 392 597 393 597 222 597 222 598 393 598 394 598 222 599 394 599 395 599 395 600 396 600 222 600 222 601 396 601 397 601 222 602 397 602 217 602 217 603 397 603 398 603 217 604 398 604 388 604 221 605 399 605 400 605 400 606 401 606 221 606 221 607 401 607 402 607 221 608 402 608 222 608 222 609 402 609 403 609 222 610 403 610 392 610 404 611 405 611 406 611 399 612 221 612 406 612 406 613 221 613 220 613 406 614 220 614 404 614 407 615 408 615 225 615 225 616 408 616 409 616 225 617 409 617 410 617 410 618 411 618 225 618 225 619 411 619 412 619 225 620 412 620 220 620 220 621 412 621 413 621 220 622 413 622 404 622 372 623 414 623 224 623 224 624 414 624 415 624 224 625 415 625 225 625 225 626 415 626 416 626 225 627 416 627 407 627 417 628 418 628 223 628 223 629 418 629 419 629 223 630 419 630 224 630 224 631 419 631 420 631 224 632 420 632 371 632 228 633 421 633 422 633 422 634 423 634 228 634 228 635 423 635 424 635 228 636 424 636 223 636 223 637 424 637 425 637 223 638 425 638 417 638 426 639 427 639 227 639 427 640 428 640 227 640 227 641 428 641 429 641 227 642 429 642 228 642 228 643 429 643 430 643 228 644 430 644 421 644 256 645 257 645 226 645 226 646 257 646 431 646 431 647 432 647 226 647 226 648 432 648 433 648 226 649 433 649 227 649 227 650 433 650 434 650 227 651 434 651 426 651 256 652 226 652 254 652 254 653 226 653 231 653 254 654 231 654 267 654 230 655 250 655 231 655 231 656 250 656 260 656 231 657 260 657 267 657 273 658 271 658 229 658 229 659 271 659 263 659 229 660 263 660 230 660 230 661 263 661 252 661 230 662 252 662 250 662 435 663 277 663 229 663 229 664 277 664 276 664 229 665 276 665 273 665 436 666 437 666 234 666 234 667 437 667 438 667 234 668 438 668 229 668 229 669 438 669 439 669 229 670 439 670 435 670 440 671 441 671 234 671 234 672 441 672 442 672 234 673 442 673 436 673 339 674 443 674 233 674 233 675 443 675 444 675 233 676 444 676 234 676 234 677 444 677 445 677 234 678 445 678 440 678 334 679 233 679 320 679 320 680 233 680 232 680 334 681 336 681 233 681 233 682 336 682 338 682 233 683 338 683 339 683 236 684 323 684 237 684 237 685 323 685 326 685 237 686 326 686 232 686 232 687 326 687 321 687 232 688 321 688 320 688 446 689 318 689 236 689 236 690 318 690 317 690 236 691 317 691 323 691 235 692 447 692 236 692 236 693 447 693 448 693 448 694 449 694 236 694 236 695 449 695 450 695 236 696 450 696 446 696 451 697 452 697 240 697 240 698 452 698 453 698 240 699 453 699 454 699 454 700 455 700 240 700 240 701 455 701 456 701 240 702 456 702 235 702 235 703 456 703 457 703 235 704 457 704 447 704 239 705 458 705 459 705 459 706 460 706 239 706 239 707 460 707 461 707 239 708 461 708 240 708 240 709 461 709 462 709 240 710 462 710 451 710 458 711 239 711 463 711 463 712 239 712 238 712 463 713 238 713 464 713 464 714 238 714 465 714 464 715 465 715 466 715 467 716 468 716 243 716 243 717 468 717 469 717 243 718 469 718 470 718 470 719 471 719 243 719 243 720 471 720 472 720 243 721 472 721 238 721 238 722 472 722 473 722 238 723 473 723 465 723 370 724 474 724 242 724 242 725 474 725 475 725 242 726 475 726 243 726 243 727 475 727 476 727 243 728 476 728 467 728 477 729 478 729 241 729 241 730 478 730 479 730 241 731 479 731 242 731 242 732 479 732 480 732 242 733 480 733 369 733 246 734 481 734 482 734 482 735 483 735 246 735 246 736 483 736 484 736 246 737 484 737 241 737 241 738 484 738 485 738 241 739 485 739 477 739 486 740 487 740 245 740 487 741 488 741 245 741 245 742 488 742 489 742 245 743 489 743 246 743 246 744 489 744 490 744 246 745 490 745 481 745 347 746 348 746 244 746 244 747 348 747 491 747 491 748 492 748 244 748 244 749 492 749 493 749 244 750 493 750 245 750 245 751 493 751 494 751 245 752 494 752 486 752 347 753 244 753 345 753 345 754 244 754 248 754 345 755 248 755 358 755 247 756 341 756 248 756 248 757 341 757 351 757 248 758 351 758 358 758 364 759 362 759 216 759 216 760 362 760 354 760 216 761 354 761 247 761 247 762 354 762 343 762 247 763 343 763 341 763 377 764 495 764 215 764 215 765 495 765 496 765 215 766 496 766 497 766 498 767 368 767 216 767 216 768 368 768 367 768 216 769 367 769 364 769 497 770 499 770 215 770 215 771 499 771 500 771 215 772 500 772 216 772 216 773 500 773 501 773 216 774 501 774 498 774 387 775 386 775 502 775 503 776 504 776 382 776 387 777 502 777 382 777 382 778 502 778 505 778 382 779 505 779 503 779 504 780 506 780 382 780 382 781 506 781 507 781 382 782 507 782 383 782 383 783 507 783 508 783 508 784 509 784 383 784 383 785 509 785 510 785 383 786 510 786 384 786 384 787 510 787 511 787 384 788 511 788 379 788 379 789 511 789 512 789 379 790 512 790 378 790 378 791 512 791 513 791 378 792 513 792 380 792 380 793 513 793 514 793 380 794 514 794 381 794 381 795 514 795 373 795 515 796 516 796 517 796 503 797 505 797 518 797 518 798 505 798 502 798 502 799 386 799 519 799 520 800 521 800 515 800 515 801 517 801 520 801 520 802 517 802 522 802 520 803 522 803 523 803 524 804 520 804 525 804 525 805 520 805 523 805 525 806 523 806 526 806 526 807 523 807 527 807 528 808 521 808 529 808 529 809 521 809 520 809 529 810 520 810 530 810 530 811 520 811 524 811 519 812 531 812 502 812 502 813 531 813 518 813 518 814 531 814 532 814 518 815 532 815 517 815 517 816 532 816 533 816 517 817 533 817 522 817 504 818 503 818 534 818 534 819 503 819 518 819 534 820 518 820 517 820 534 821 517 821 535 821 535 822 517 822 516 822 536 823 537 823 538 823 539 824 540 824 541 824 257 825 542 825 431 825 431 826 542 826 543 826 431 827 543 827 432 827 426 828 434 828 543 828 543 829 434 829 433 829 543 830 433 830 432 830 428 831 544 831 429 831 429 832 544 832 545 832 429 833 545 833 430 833 424 834 423 834 546 834 546 835 423 835 422 835 546 836 422 836 545 836 545 837 422 837 421 837 545 838 421 838 430 838 424 839 546 839 425 839 425 840 546 840 547 840 425 841 547 841 417 841 371 842 420 842 548 842 548 843 420 843 419 843 548 844 419 844 547 844 547 845 419 845 418 845 547 846 418 846 417 846 549 847 414 847 548 847 548 848 414 848 372 848 548 849 372 849 371 849 408 850 407 850 550 850 550 851 407 851 416 851 550 852 416 852 549 852 549 853 416 853 415 853 549 854 415 854 414 854 408 855 550 855 409 855 409 856 550 856 551 856 409 857 551 857 410 857 404 858 413 858 552 858 552 859 413 859 412 859 552 860 412 860 551 860 551 861 412 861 411 861 551 862 411 862 410 862 404 863 552 863 405 863 405 864 552 864 553 864 405 865 553 865 406 865 554 866 400 866 553 866 553 867 400 867 399 867 553 868 399 868 406 868 392 869 403 869 555 869 555 870 403 870 402 870 555 871 402 871 554 871 554 872 402 872 401 872 554 873 401 873 400 873 396 874 395 874 538 874 538 875 395 875 394 875 538 876 394 876 555 876 555 877 394 877 393 877 555 878 393 878 392 878 390 879 389 879 556 879 556 880 389 880 388 880 537 881 398 881 538 881 538 882 398 882 397 882 538 883 397 883 396 883 385 884 391 884 557 884 391 885 390 885 557 885 557 886 390 886 556 886 557 887 556 887 537 887 537 888 556 888 388 888 537 889 388 889 398 889 527 890 523 890 558 890 558 891 523 891 559 891 558 892 559 892 560 892 560 893 559 893 561 893 562 894 563 894 564 894 564 895 563 895 565 895 564 896 565 896 566 896 562 897 567 897 563 897 563 898 567 898 568 898 563 899 568 899 559 899 559 900 568 900 569 900 559 901 569 901 561 901 570 902 571 902 572 902 572 903 571 903 573 903 572 904 573 904 574 904 575 905 576 905 577 905 575 906 577 906 578 906 578 907 577 907 579 907 578 908 579 908 580 908 580 909 581 909 578 909 578 910 581 910 582 910 578 911 582 911 573 911 573 912 582 912 583 912 573 913 583 913 574 913 523 914 522 914 559 914 559 915 522 915 584 915 559 916 584 916 563 916 563 917 584 917 585 917 563 918 585 918 565 918 565 919 585 919 586 919 565 920 586 920 571 920 571 921 586 921 587 921 571 922 587 922 573 922 573 923 587 923 588 923 573 924 588 924 578 924 578 925 588 925 589 925 578 926 589 926 575 926 575 927 589 927 590 927 575 928 590 928 541 928 570 929 591 929 571 929 571 930 591 930 592 930 571 931 592 931 565 931 565 932 592 932 593 932 565 933 593 933 566 933 594 934 595 934 596 934 596 935 595 935 597 935 596 936 597 936 598 936 598 937 599 937 600 937 600 938 599 938 601 938 600 939 601 939 602 939 602 940 601 940 603 940 602 941 603 941 604 941 604 942 603 942 605 942 604 943 605 943 606 943 605 944 607 944 608 944 590 945 606 945 541 945 541 946 606 946 605 946 541 947 605 947 539 947 539 948 605 948 608 948 601 949 609 949 610 949 601 950 610 950 603 950 603 951 610 951 611 951 603 952 611 952 612 952 612 953 613 953 603 953 603 954 613 954 614 954 603 955 614 955 605 955 605 956 614 956 615 956 605 957 615 957 607 957 597 958 616 958 617 958 598 959 597 959 599 959 599 960 597 960 617 960 599 961 617 961 618 961 619 962 620 962 621 962 595 963 622 963 623 963 623 964 624 964 595 964 595 965 624 965 625 965 595 966 625 966 597 966 597 967 625 967 626 967 597 968 626 968 616 968 618 969 627 969 599 969 599 970 627 970 628 970 599 971 628 971 601 971 601 972 628 972 629 972 601 973 629 973 609 973 630 974 619 974 631 974 631 975 619 975 632 975 631 976 632 976 633 976 633 977 632 977 634 977 542 978 635 978 543 978 543 979 635 979 636 979 543 980 636 980 426 980 426 981 636 981 544 981 426 982 544 982 427 982 427 983 544 983 428 983 386 984 385 984 519 984 519 985 385 985 557 985 519 986 557 986 531 986 531 987 557 987 537 987 531 988 537 988 536 988 531 989 536 989 532 989 532 990 536 990 533 990 620 991 619 991 637 991 637 992 619 992 630 992 637 993 630 993 638 993 638 994 630 994 639 994 638 995 639 995 640 995 540 996 641 996 541 996 541 997 641 997 642 997 541 998 642 998 575 998 575 999 642 999 643 999 575 1000 643 1000 576 1000 644 1001 634 1001 645 1001 645 1002 634 1002 632 1002 645 1003 632 1003 594 1003 594 1004 632 1004 619 1004 594 1005 619 1005 595 1005 595 1006 619 1006 621 1006 595 1007 621 1007 622 1007 635 1008 644 1008 636 1008 636 1009 644 1009 645 1009 636 1010 645 1010 544 1010 544 1011 645 1011 594 1011 544 1012 594 1012 545 1012 545 1013 594 1013 596 1013 545 1014 596 1014 546 1014 546 1015 596 1015 598 1015 546 1016 598 1016 547 1016 547 1017 598 1017 600 1017 547 1018 600 1018 548 1018 548 1019 600 1019 602 1019 548 1020 602 1020 549 1020 549 1021 602 1021 604 1021 549 1022 604 1022 550 1022 550 1023 604 1023 606 1023 550 1024 606 1024 551 1024 551 1025 606 1025 590 1025 551 1026 590 1026 552 1026 552 1027 590 1027 589 1027 552 1028 589 1028 553 1028 553 1029 589 1029 588 1029 553 1030 588 1030 554 1030 554 1031 588 1031 587 1031 554 1032 587 1032 555 1032 555 1033 587 1033 586 1033 555 1034 586 1034 538 1034 538 1035 586 1035 585 1035 538 1036 585 1036 536 1036 536 1037 585 1037 584 1037 536 1038 584 1038 533 1038 533 1039 584 1039 522 1039 275 1040 277 1040 646 1040 647 1041 648 1041 649 1041 649 1042 648 1042 650 1042 640 1043 639 1043 651 1043 651 1044 639 1044 652 1044 651 1045 652 1045 653 1045 654 1046 655 1046 656 1046 656 1047 655 1047 657 1047 658 1048 659 1048 660 1048 660 1049 659 1049 657 1049 639 1050 630 1050 652 1050 652 1051 630 1051 631 1051 652 1052 631 1052 661 1052 661 1053 631 1053 633 1053 661 1054 633 1054 662 1054 657 1055 659 1055 656 1055 656 1056 659 1056 663 1056 656 1057 663 1057 664 1057 664 1058 663 1058 665 1058 664 1059 665 1059 666 1059 666 1060 665 1060 667 1060 666 1061 667 1061 668 1061 669 1062 258 1062 249 1062 669 1063 249 1063 670 1063 264 1064 671 1064 672 1064 249 1065 251 1065 670 1065 670 1066 251 1066 253 1066 670 1067 253 1067 672 1067 672 1068 253 1068 262 1068 672 1069 262 1069 264 1069 633 1070 634 1070 662 1070 662 1071 634 1071 644 1071 662 1072 644 1072 673 1072 673 1073 644 1073 635 1073 673 1074 635 1074 542 1074 542 1075 257 1075 255 1075 542 1076 255 1076 673 1076 673 1077 255 1077 269 1077 673 1078 269 1078 268 1078 268 1079 667 1079 673 1079 673 1080 667 1080 665 1080 673 1081 665 1081 662 1081 662 1082 665 1082 663 1082 662 1083 663 1083 661 1083 661 1084 663 1084 659 1084 661 1085 659 1085 652 1085 652 1086 659 1086 658 1086 652 1087 658 1087 653 1087 674 1088 675 1088 676 1088 676 1089 675 1089 677 1089 676 1090 677 1090 648 1090 648 1091 677 1091 678 1091 648 1092 678 1092 650 1092 649 1093 679 1093 647 1093 647 1094 679 1094 680 1094 647 1095 680 1095 681 1095 681 1096 680 1096 682 1096 681 1097 682 1097 654 1097 683 1098 684 1098 676 1098 676 1099 684 1099 685 1099 676 1100 685 1100 674 1100 686 1101 683 1101 687 1101 687 1102 683 1102 676 1102 687 1103 676 1103 688 1103 688 1104 676 1104 648 1104 688 1105 648 1105 689 1105 689 1106 648 1106 647 1106 689 1107 647 1107 690 1107 690 1108 647 1108 681 1108 690 1109 691 1109 689 1109 689 1110 691 1110 692 1110 689 1111 692 1111 688 1111 688 1112 692 1112 693 1112 688 1113 693 1113 687 1113 687 1114 693 1114 694 1114 687 1115 694 1115 686 1115 646 1116 695 1116 694 1116 695 1117 696 1117 694 1117 694 1118 696 1118 697 1118 694 1119 697 1119 686 1119 264 1120 270 1120 671 1120 671 1121 270 1121 272 1121 671 1122 272 1122 274 1122 691 1123 669 1123 692 1123 692 1124 669 1124 670 1124 692 1125 670 1125 693 1125 693 1126 670 1126 672 1126 693 1127 672 1127 694 1127 694 1128 672 1128 671 1128 694 1129 671 1129 646 1129 646 1130 671 1130 274 1130 646 1131 274 1131 275 1131 268 1132 266 1132 667 1132 667 1133 266 1133 265 1133 667 1134 265 1134 668 1134 668 1135 265 1135 261 1135 668 1136 261 1136 259 1136 654 1137 656 1137 681 1137 681 1138 656 1138 664 1138 681 1139 664 1139 690 1139 690 1140 664 1140 666 1140 690 1141 666 1141 691 1141 691 1142 666 1142 668 1142 691 1143 668 1143 669 1143 669 1144 668 1144 259 1144 669 1145 259 1145 258 1145 683 1146 686 1146 698 1146 685 1147 684 1147 699 1147 443 1148 339 1148 700 1148 440 1149 445 1149 701 1149 701 1150 445 1150 444 1150 701 1151 444 1151 443 1151 439 1152 438 1152 702 1152 702 1153 438 1153 437 1153 441 1154 703 1154 442 1154 442 1155 703 1155 436 1155 277 1156 435 1156 646 1156 646 1157 435 1157 695 1157 700 1158 704 1158 705 1158 705 1159 704 1159 706 1159 441 1160 440 1160 703 1160 703 1161 440 1161 701 1161 703 1162 701 1162 707 1162 435 1163 439 1163 695 1163 695 1164 439 1164 702 1164 695 1165 702 1165 696 1165 696 1166 702 1166 698 1166 696 1167 698 1167 697 1167 697 1168 698 1168 686 1168 708 1169 709 1169 710 1169 699 1170 711 1170 712 1170 712 1171 713 1171 699 1171 699 1172 713 1172 714 1172 699 1173 714 1173 685 1173 685 1174 714 1174 674 1174 710 1175 711 1175 708 1175 708 1176 711 1176 699 1176 708 1177 699 1177 707 1177 715 1178 716 1178 717 1178 717 1179 718 1179 715 1179 715 1180 718 1180 719 1180 715 1181 719 1181 720 1181 720 1182 719 1182 705 1182 720 1183 705 1183 721 1183 721 1184 705 1184 706 1184 718 1185 722 1185 719 1185 719 1186 722 1186 723 1186 719 1187 723 1187 724 1187 684 1188 683 1188 699 1188 699 1189 683 1189 698 1189 699 1190 698 1190 707 1190 707 1191 698 1191 702 1191 707 1192 702 1192 703 1192 703 1193 702 1193 437 1193 703 1194 437 1194 436 1194 443 1195 700 1195 701 1195 701 1196 700 1196 705 1196 701 1197 705 1197 707 1197 707 1198 705 1198 719 1198 707 1199 719 1199 708 1199 708 1200 719 1200 724 1200 708 1201 724 1201 709 1201 725 1202 716 1202 715 1202 726 1203 715 1203 720 1203 727 1204 728 1204 729 1204 730 1205 725 1205 729 1205 731 1206 732 1206 733 1206 733 1207 732 1207 734 1207 735 1208 736 1208 737 1208 737 1209 736 1209 738 1209 737 1210 738 1210 732 1210 732 1211 738 1211 739 1211 329 1212 740 1212 330 1212 330 1213 740 1213 741 1213 330 1214 741 1214 331 1214 331 1215 741 1215 327 1215 328 1216 327 1216 742 1216 742 1217 327 1217 741 1217 742 1218 741 1218 727 1218 339 1219 337 1219 700 1219 700 1220 337 1220 704 1220 337 1221 335 1221 704 1221 704 1222 335 1222 743 1222 704 1223 743 1223 706 1223 706 1224 743 1224 726 1224 706 1225 726 1225 721 1225 721 1226 726 1226 720 1226 335 1227 333 1227 743 1227 743 1228 333 1228 332 1228 743 1229 332 1229 322 1229 734 1230 732 1230 744 1230 744 1231 732 1231 739 1231 744 1232 739 1232 745 1232 746 1233 747 1233 728 1233 728 1234 747 1234 748 1234 728 1235 748 1235 729 1235 729 1236 748 1236 749 1236 729 1237 749 1237 730 1237 740 1238 735 1238 741 1238 741 1239 735 1239 737 1239 741 1240 737 1240 727 1240 727 1241 737 1241 732 1241 727 1242 732 1242 728 1242 728 1243 732 1243 731 1243 728 1244 731 1244 746 1244 725 1245 715 1245 729 1245 729 1246 715 1246 726 1246 729 1247 726 1247 727 1247 727 1248 726 1248 743 1248 727 1249 743 1249 742 1249 742 1250 743 1250 322 1250 742 1251 322 1251 328 1251 750 1252 751 1252 752 1252 753 1253 754 1253 755 1253 756 1254 757 1254 758 1254 759 1255 760 1255 761 1255 762 1256 763 1256 764 1256 764 1257 763 1257 765 1257 766 1258 767 1258 768 1258 768 1259 767 1259 769 1259 768 1260 769 1260 770 1260 766 1261 771 1261 767 1261 767 1262 771 1262 772 1262 767 1263 772 1263 765 1263 765 1264 772 1264 773 1264 765 1265 773 1265 764 1265 774 1266 775 1266 776 1266 776 1267 775 1267 777 1267 778 1268 779 1268 780 1268 780 1269 779 1269 781 1269 778 1270 782 1270 779 1270 779 1271 782 1271 783 1271 779 1272 783 1272 775 1272 775 1273 783 1273 784 1273 775 1274 784 1274 777 1274 776 1275 785 1275 774 1275 774 1276 785 1276 786 1276 774 1277 786 1277 769 1277 769 1278 786 1278 787 1278 769 1279 787 1279 770 1279 788 1280 789 1280 790 1280 788 1281 790 1281 791 1281 792 1282 793 1282 794 1282 794 1283 793 1283 795 1283 794 1284 795 1284 796 1284 796 1285 795 1285 791 1285 796 1286 791 1286 797 1286 797 1287 791 1287 790 1287 798 1288 799 1288 800 1288 801 1289 802 1289 803 1289 803 1290 802 1290 804 1290 803 1291 804 1291 805 1291 801 1292 806 1292 802 1292 802 1293 806 1293 807 1293 802 1294 807 1294 799 1294 799 1295 807 1295 808 1295 799 1296 808 1296 800 1296 800 1297 809 1297 798 1297 798 1298 809 1298 810 1298 798 1299 810 1299 788 1299 788 1300 810 1300 811 1300 788 1301 811 1301 789 1301 763 1302 759 1302 765 1302 765 1303 759 1303 761 1303 765 1304 761 1304 767 1304 767 1305 761 1305 812 1305 767 1306 812 1306 769 1306 769 1307 812 1307 813 1307 769 1308 813 1308 774 1308 774 1309 813 1309 814 1309 774 1310 814 1310 775 1310 775 1311 814 1311 815 1311 775 1312 815 1312 779 1312 779 1313 815 1313 816 1313 779 1314 816 1314 781 1314 781 1315 816 1315 817 1315 781 1316 817 1316 793 1316 793 1317 817 1317 818 1317 793 1318 818 1318 795 1318 795 1319 818 1319 819 1319 795 1320 819 1320 791 1320 791 1321 819 1321 820 1321 791 1322 820 1322 788 1322 788 1323 820 1323 821 1323 788 1324 821 1324 798 1324 798 1325 821 1325 822 1325 798 1326 822 1326 799 1326 799 1327 822 1327 823 1327 799 1328 823 1328 802 1328 802 1329 823 1329 824 1329 802 1330 824 1330 804 1330 804 1331 824 1331 825 1331 804 1332 825 1332 826 1332 792 1333 827 1333 793 1333 793 1334 827 1334 828 1334 793 1335 828 1335 781 1335 781 1336 828 1336 829 1336 781 1337 829 1337 780 1337 830 1338 831 1338 832 1338 833 1339 834 1339 835 1339 832 1340 831 1340 836 1340 837 1341 838 1341 839 1341 839 1342 838 1342 840 1342 839 1343 840 1343 841 1343 835 1344 834 1344 842 1344 843 1345 844 1345 845 1345 846 1346 847 1346 848 1346 845 1347 844 1347 849 1347 843 1348 850 1348 851 1348 851 1349 850 1349 852 1349 851 1350 852 1350 853 1350 758 1351 757 1351 854 1351 854 1352 757 1352 855 1352 854 1353 855 1353 837 1353 825 1354 830 1354 826 1354 826 1355 830 1355 832 1355 826 1356 832 1356 856 1356 856 1357 832 1357 857 1357 858 1358 859 1358 835 1358 835 1359 859 1359 836 1359 835 1360 836 1360 833 1360 833 1361 836 1361 831 1361 859 1362 860 1362 836 1362 836 1363 860 1363 861 1363 836 1364 861 1364 832 1364 832 1365 861 1365 862 1365 832 1366 862 1366 857 1366 863 1367 864 1367 840 1367 840 1368 864 1368 842 1368 840 1369 842 1369 841 1369 841 1370 842 1370 834 1370 855 1371 865 1371 866 1371 837 1372 855 1372 838 1372 838 1373 855 1373 866 1373 838 1374 866 1374 867 1374 867 1375 868 1375 838 1375 838 1376 868 1376 869 1376 838 1377 869 1377 840 1377 840 1378 869 1378 870 1378 840 1379 870 1379 863 1379 864 1380 871 1380 842 1380 842 1381 871 1381 872 1381 842 1382 872 1382 835 1382 835 1383 872 1383 873 1383 835 1384 873 1384 858 1384 874 1385 753 1385 852 1385 852 1386 753 1386 755 1386 852 1387 755 1387 853 1387 853 1388 755 1388 875 1388 758 1389 875 1389 756 1389 756 1390 875 1390 755 1390 756 1391 755 1391 876 1391 876 1392 755 1392 754 1392 845 1393 877 1393 878 1393 843 1394 845 1394 850 1394 850 1395 845 1395 878 1395 850 1396 878 1396 879 1396 844 1397 846 1397 849 1397 849 1398 846 1398 848 1398 849 1399 848 1399 880 1399 880 1400 881 1400 849 1400 849 1401 881 1401 882 1401 849 1402 882 1402 845 1402 845 1403 882 1403 883 1403 845 1404 883 1404 877 1404 879 1405 884 1405 850 1405 850 1406 884 1406 885 1406 850 1407 885 1407 852 1407 852 1408 885 1408 886 1408 852 1409 886 1409 874 1409 876 1410 887 1410 756 1410 756 1411 887 1411 888 1411 756 1412 888 1412 757 1412 757 1413 888 1413 889 1413 757 1414 889 1414 855 1414 855 1415 889 1415 890 1415 855 1416 890 1416 865 1416 891 1417 892 1417 893 1417 894 1418 895 1418 896 1418 896 1419 895 1419 897 1419 896 1420 897 1420 892 1420 892 1421 897 1421 898 1421 892 1422 898 1422 893 1422 899 1423 900 1423 901 1423 893 1424 902 1424 891 1424 891 1425 902 1425 903 1425 891 1426 903 1426 904 1426 904 1427 903 1427 905 1427 904 1428 905 1428 900 1428 900 1429 905 1429 906 1429 900 1430 906 1430 901 1430 907 1431 908 1431 909 1431 909 1432 908 1432 910 1432 909 1433 910 1433 911 1433 901 1434 912 1434 899 1434 899 1435 912 1435 913 1435 899 1436 913 1436 914 1436 914 1437 913 1437 915 1437 914 1438 915 1438 916 1438 916 1439 915 1439 917 1439 916 1440 917 1440 907 1440 907 1441 917 1441 918 1441 907 1442 918 1442 908 1442 919 1443 920 1443 921 1443 922 1444 923 1444 924 1444 924 1445 923 1445 925 1445 924 1446 925 1446 920 1446 920 1447 925 1447 926 1447 920 1448 926 1448 921 1448 910 1449 927 1449 911 1449 911 1450 927 1450 928 1450 911 1451 928 1451 922 1451 922 1452 928 1452 929 1452 922 1453 929 1453 923 1453 930 1454 931 1454 932 1454 932 1455 931 1455 919 1455 932 1456 919 1456 933 1456 933 1457 919 1457 921 1457 751 1458 934 1458 935 1458 936 1459 937 1459 752 1459 751 1460 935 1460 752 1460 752 1461 935 1461 938 1461 752 1462 938 1462 936 1462 939 1463 940 1463 941 1463 941 1464 942 1464 939 1464 939 1465 942 1465 943 1465 939 1466 943 1466 944 1466 944 1467 943 1467 945 1467 944 1468 945 1468 946 1468 936 1469 947 1469 937 1469 937 1470 947 1470 948 1470 937 1471 948 1471 949 1471 949 1472 948 1472 950 1472 949 1473 950 1473 940 1473 940 1474 950 1474 951 1474 940 1475 951 1475 941 1475 952 1476 953 1476 954 1476 954 1477 955 1477 952 1477 952 1478 955 1478 956 1478 952 1479 956 1479 957 1479 958 1480 959 1480 960 1480 956 1481 961 1481 957 1481 957 1482 961 1482 962 1482 957 1483 962 1483 963 1483 963 1484 962 1484 964 1484 963 1485 964 1485 965 1485 965 1486 964 1486 966 1486 965 1487 966 1487 959 1487 959 1488 966 1488 967 1488 959 1489 967 1489 960 1489 945 1490 968 1490 946 1490 946 1491 968 1491 969 1491 946 1492 969 1492 953 1492 953 1493 969 1493 970 1493 953 1494 970 1494 954 1494 960 1495 971 1495 958 1495 958 1496 971 1496 972 1496 958 1497 972 1497 973 1497 973 1498 972 1498 974 1498 973 1499 974 1499 894 1499 894 1500 974 1500 975 1500 894 1501 975 1501 895 1501 976 1502 977 1502 848 1502 848 1503 977 1503 978 1503 848 1504 978 1504 880 1504 979 1505 976 1505 980 1505 980 1506 976 1506 848 1506 980 1507 848 1507 981 1507 981 1508 848 1508 847 1508 981 1509 847 1509 982 1509 982 1510 847 1510 983 1510 856 1511 984 1511 826 1511 826 1512 984 1512 985 1512 826 1513 985 1513 804 1513 804 1514 985 1514 986 1514 804 1515 986 1515 805 1515 931 1516 983 1516 919 1516 919 1517 983 1517 847 1517 919 1518 847 1518 920 1518 920 1519 847 1519 846 1519 920 1520 846 1520 924 1520 924 1521 846 1521 844 1521 924 1522 844 1522 922 1522 922 1523 844 1523 843 1523 922 1524 843 1524 911 1524 911 1525 843 1525 851 1525 911 1526 851 1526 909 1526 909 1527 851 1527 853 1527 909 1528 853 1528 907 1528 907 1529 853 1529 875 1529 907 1530 875 1530 916 1530 916 1531 875 1531 758 1531 916 1532 758 1532 914 1532 914 1533 758 1533 854 1533 914 1534 854 1534 899 1534 899 1535 854 1535 837 1535 899 1536 837 1536 900 1536 900 1537 837 1537 839 1537 900 1538 839 1538 904 1538 904 1539 839 1539 841 1539 904 1540 841 1540 891 1540 891 1541 841 1541 834 1541 891 1542 834 1542 892 1542 892 1543 834 1543 833 1543 892 1544 833 1544 896 1544 896 1545 833 1545 831 1545 896 1546 831 1546 894 1546 894 1547 831 1547 830 1547 894 1548 830 1548 973 1548 973 1549 830 1549 825 1549 973 1550 825 1550 958 1550 958 1551 825 1551 824 1551 958 1552 824 1552 959 1552 959 1553 824 1553 823 1553 959 1554 823 1554 965 1554 965 1555 823 1555 822 1555 965 1556 822 1556 963 1556 963 1557 822 1557 821 1557 963 1558 821 1558 957 1558 957 1559 821 1559 820 1559 957 1560 820 1560 952 1560 952 1561 820 1561 819 1561 952 1562 819 1562 953 1562 953 1563 819 1563 818 1563 953 1564 818 1564 946 1564 946 1565 818 1565 817 1565 946 1566 817 1566 944 1566 944 1567 817 1567 816 1567 944 1568 816 1568 939 1568 939 1569 816 1569 815 1569 939 1570 815 1570 940 1570 940 1571 815 1571 814 1571 940 1572 814 1572 949 1572 949 1573 814 1573 813 1573 949 1574 813 1574 937 1574 937 1575 813 1575 812 1575 937 1576 812 1576 752 1576 752 1577 812 1577 761 1577 752 1578 761 1578 750 1578 750 1579 761 1579 760 1579 987 1580 304 1580 988 1580 988 1581 304 1581 305 1581 293 1582 901 1582 906 1582 311 1583 989 1583 310 1583 310 1584 989 1584 990 1584 987 1585 991 1585 304 1585 304 1586 991 1586 992 1586 304 1587 992 1587 303 1587 303 1588 992 1588 993 1588 303 1589 993 1589 994 1589 306 1590 995 1590 305 1590 305 1591 995 1591 996 1591 305 1592 996 1592 988 1592 994 1593 997 1593 303 1593 303 1594 997 1594 998 1594 303 1595 998 1595 302 1595 901 1596 293 1596 912 1596 912 1597 293 1597 294 1597 912 1598 294 1598 913 1598 906 1599 905 1599 293 1599 293 1600 905 1600 903 1600 293 1601 903 1601 292 1601 990 1602 999 1602 310 1602 310 1603 999 1603 1000 1603 310 1604 1000 1604 309 1604 309 1605 1000 1605 1001 1605 309 1606 1001 1606 1002 1606 300 1607 1003 1607 1004 1607 927 1608 296 1608 928 1608 928 1609 296 1609 297 1609 928 1610 297 1610 929 1610 998 1611 1005 1611 302 1611 302 1612 1005 1612 1006 1612 302 1613 1006 1613 301 1613 301 1614 1006 1614 1007 1614 300 1615 1004 1615 299 1615 921 1616 926 1616 298 1616 298 1617 926 1617 925 1617 298 1618 925 1618 297 1618 297 1619 925 1619 923 1619 297 1620 923 1620 929 1620 903 1621 902 1621 292 1621 292 1622 902 1622 893 1622 292 1623 893 1623 291 1623 291 1624 893 1624 898 1624 1002 1625 1008 1625 309 1625 309 1626 1008 1626 1009 1626 309 1627 1009 1627 308 1627 308 1628 1009 1628 1010 1628 1011 1629 307 1629 1012 1629 1012 1630 307 1630 308 1630 1012 1631 308 1631 1013 1631 1013 1632 308 1632 1010 1632 1007 1633 1014 1633 301 1633 301 1634 1014 1634 1015 1634 301 1635 1015 1635 300 1635 300 1636 1015 1636 1016 1636 300 1637 1016 1637 1003 1637 1004 1638 930 1638 299 1638 299 1639 930 1639 932 1639 299 1640 932 1640 298 1640 298 1641 932 1641 933 1641 298 1642 933 1642 921 1642 927 1643 910 1643 296 1643 296 1644 910 1644 908 1644 296 1645 908 1645 295 1645 908 1646 918 1646 295 1646 295 1647 918 1647 917 1647 295 1648 917 1648 294 1648 294 1649 917 1649 915 1649 294 1650 915 1650 913 1650 1011 1651 1017 1651 307 1651 307 1652 1017 1652 1018 1652 307 1653 1018 1653 306 1653 306 1654 1018 1654 1019 1654 306 1655 1019 1655 995 1655 975 1656 290 1656 895 1656 895 1657 290 1657 291 1657 895 1658 291 1658 897 1658 897 1659 291 1659 898 1659 975 1660 974 1660 290 1660 290 1661 974 1661 972 1661 290 1662 972 1662 289 1662 289 1663 972 1663 971 1663 289 1664 971 1664 960 1664 945 1665 943 1665 284 1665 284 1666 943 1666 942 1666 284 1667 942 1667 283 1667 283 1668 942 1668 941 1668 1020 1669 1021 1669 315 1669 315 1670 1021 1670 1022 1670 315 1671 1022 1671 314 1671 314 1672 1022 1672 1023 1672 314 1673 1023 1673 1024 1673 960 1674 967 1674 289 1674 289 1675 967 1675 966 1675 289 1676 966 1676 278 1676 278 1677 966 1677 964 1677 278 1678 964 1678 279 1678 279 1679 964 1679 962 1679 279 1680 962 1680 280 1680 954 1681 285 1681 281 1681 941 1682 951 1682 283 1682 283 1683 951 1683 950 1683 283 1684 950 1684 282 1684 1024 1685 1025 1685 314 1685 314 1686 1025 1686 1026 1686 314 1687 1026 1687 313 1687 313 1688 1026 1688 1027 1688 1027 1689 1028 1689 313 1689 313 1690 1028 1690 1029 1690 313 1691 1029 1691 312 1691 1029 1692 1030 1692 312 1692 312 1693 1030 1693 1031 1693 312 1694 1031 1694 311 1694 311 1695 1031 1695 1032 1695 311 1696 1032 1696 989 1696 962 1697 961 1697 280 1697 280 1698 961 1698 956 1698 280 1699 956 1699 281 1699 281 1700 956 1700 955 1700 281 1701 955 1701 954 1701 954 1702 970 1702 285 1702 285 1703 970 1703 969 1703 285 1704 969 1704 284 1704 284 1705 969 1705 968 1705 284 1706 968 1706 945 1706 938 1707 287 1707 936 1707 936 1708 287 1708 286 1708 936 1709 286 1709 947 1709 947 1710 286 1710 282 1710 947 1711 282 1711 948 1711 948 1712 282 1712 950 1712 1020 1713 315 1713 1033 1713 1033 1714 315 1714 316 1714 1033 1715 316 1715 1034 1715 938 1716 935 1716 287 1716 287 1717 935 1717 934 1717 287 1718 934 1718 288 1718 288 1719 934 1719 1035 1719 288 1720 1035 1720 316 1720 316 1721 1035 1721 1036 1721 316 1722 1036 1722 1034 1722 738 1723 736 1723 1037 1723 325 1724 324 1724 1038 1724 1038 1725 324 1725 319 1725 319 1726 318 1726 1039 1726 1040 1727 739 1727 738 1727 738 1728 1037 1728 1040 1728 1040 1729 1037 1729 1041 1729 1040 1730 1041 1730 1042 1730 1043 1731 1040 1731 1044 1731 1044 1732 1040 1732 1042 1732 1044 1733 1042 1733 1045 1733 1045 1734 1042 1734 1046 1734 745 1735 739 1735 1047 1735 1047 1736 739 1736 1040 1736 1047 1737 1040 1737 1048 1737 1048 1738 1040 1738 1043 1738 1039 1739 1049 1739 319 1739 319 1740 1049 1740 1038 1740 1038 1741 1049 1741 1050 1741 1038 1742 1050 1742 1037 1742 1037 1743 1050 1743 1051 1743 1037 1744 1051 1744 1041 1744 329 1745 325 1745 740 1745 740 1746 325 1746 1038 1746 740 1747 1038 1747 1037 1747 740 1748 1037 1748 735 1748 735 1749 1037 1749 736 1749 1052 1750 1053 1750 1054 1750 1055 1751 1056 1751 1057 1751 370 1752 369 1752 1058 1752 348 1753 1059 1753 491 1753 491 1754 1059 1754 1060 1754 491 1755 1060 1755 492 1755 486 1756 494 1756 1060 1756 1060 1757 494 1757 493 1757 1060 1758 493 1758 492 1758 488 1759 1061 1759 489 1759 489 1760 1061 1760 1062 1760 489 1761 1062 1761 490 1761 484 1762 483 1762 1063 1762 1063 1763 483 1763 482 1763 1063 1764 482 1764 1062 1764 1062 1765 482 1765 481 1765 1062 1766 481 1766 490 1766 484 1767 1063 1767 485 1767 485 1768 1063 1768 1064 1768 485 1769 1064 1769 477 1769 369 1770 480 1770 1058 1770 1058 1771 480 1771 479 1771 1058 1772 479 1772 1064 1772 1064 1773 479 1773 478 1773 1064 1774 478 1774 477 1774 370 1775 1058 1775 474 1775 474 1776 1058 1776 1065 1776 474 1777 1065 1777 475 1777 475 1778 1065 1778 476 1778 476 1779 1065 1779 1066 1779 476 1780 1066 1780 467 1780 471 1781 470 1781 1067 1781 1067 1782 470 1782 469 1782 1067 1783 469 1783 1066 1783 1066 1784 469 1784 468 1784 1066 1785 468 1785 467 1785 471 1786 1067 1786 472 1786 472 1787 1067 1787 1068 1787 472 1788 1068 1788 473 1788 463 1789 464 1789 1069 1789 1069 1790 464 1790 466 1790 1069 1791 466 1791 1068 1791 1068 1792 466 1792 465 1792 1068 1793 465 1793 473 1793 1070 1794 459 1794 1069 1794 1069 1795 459 1795 458 1795 1069 1796 458 1796 463 1796 451 1797 462 1797 1071 1797 1071 1798 462 1798 461 1798 1071 1799 461 1799 1070 1799 1070 1800 461 1800 460 1800 1070 1801 460 1801 459 1801 455 1802 454 1802 1054 1802 1054 1803 454 1803 453 1803 1054 1804 453 1804 1071 1804 1071 1805 453 1805 452 1805 1071 1806 452 1806 451 1806 449 1807 448 1807 1072 1807 1072 1808 448 1808 447 1808 1053 1809 457 1809 1054 1809 1054 1810 457 1810 456 1810 1054 1811 456 1811 455 1811 446 1812 450 1812 1073 1812 450 1813 449 1813 1073 1813 1073 1814 449 1814 1072 1814 1073 1815 1072 1815 1053 1815 1053 1816 1072 1816 447 1816 1053 1817 447 1817 457 1817 1046 1818 1042 1818 1074 1818 1074 1819 1042 1819 1075 1819 1074 1820 1075 1820 1076 1820 1076 1821 1075 1821 1077 1821 1078 1822 1079 1822 1080 1822 1080 1823 1079 1823 1081 1823 1080 1824 1081 1824 1082 1824 1078 1825 1083 1825 1079 1825 1079 1826 1083 1826 1084 1826 1079 1827 1084 1827 1075 1827 1075 1828 1084 1828 1085 1828 1075 1829 1085 1829 1077 1829 1086 1830 1087 1830 1088 1830 1088 1831 1087 1831 1089 1831 1088 1832 1089 1832 1090 1832 1091 1833 1092 1833 1093 1833 1091 1834 1093 1834 1094 1834 1094 1835 1093 1835 1095 1835 1094 1836 1095 1836 1096 1836 1096 1837 1097 1837 1094 1837 1094 1838 1097 1838 1098 1838 1094 1839 1098 1839 1089 1839 1089 1840 1098 1840 1099 1840 1089 1841 1099 1841 1090 1841 1042 1842 1041 1842 1075 1842 1075 1843 1041 1843 1100 1843 1075 1844 1100 1844 1079 1844 1079 1845 1100 1845 1101 1845 1079 1846 1101 1846 1081 1846 1081 1847 1101 1847 1102 1847 1081 1848 1102 1848 1087 1848 1087 1849 1102 1849 1103 1849 1087 1850 1103 1850 1089 1850 1089 1851 1103 1851 1104 1851 1089 1852 1104 1852 1094 1852 1094 1853 1104 1853 1105 1853 1094 1854 1105 1854 1091 1854 1091 1855 1105 1855 1106 1855 1091 1856 1106 1856 1057 1856 1086 1857 1107 1857 1087 1857 1087 1858 1107 1858 1108 1858 1087 1859 1108 1859 1081 1859 1081 1860 1108 1860 1109 1860 1081 1861 1109 1861 1082 1861 1110 1862 1111 1862 1112 1862 1112 1863 1111 1863 1113 1863 1112 1864 1113 1864 1114 1864 1114 1865 1115 1865 1116 1865 1116 1866 1115 1866 1117 1866 1116 1867 1117 1867 1118 1867 1118 1868 1117 1868 1119 1868 1118 1869 1119 1869 1120 1869 1120 1870 1119 1870 1121 1870 1120 1871 1121 1871 1122 1871 1121 1872 1123 1872 1124 1872 1106 1873 1122 1873 1057 1873 1057 1874 1122 1874 1121 1874 1057 1875 1121 1875 1055 1875 1055 1876 1121 1876 1124 1876 1117 1877 1125 1877 1126 1877 1117 1878 1126 1878 1119 1878 1119 1879 1126 1879 1127 1879 1119 1880 1127 1880 1128 1880 1128 1881 1129 1881 1119 1881 1119 1882 1129 1882 1130 1882 1119 1883 1130 1883 1121 1883 1121 1884 1130 1884 1131 1884 1121 1885 1131 1885 1123 1885 1113 1886 1132 1886 1133 1886 1114 1887 1113 1887 1115 1887 1115 1888 1113 1888 1133 1888 1115 1889 1133 1889 1134 1889 1135 1890 1136 1890 1137 1890 1111 1891 1138 1891 1139 1891 1139 1892 1140 1892 1111 1892 1111 1893 1140 1893 1141 1893 1111 1894 1141 1894 1113 1894 1113 1895 1141 1895 1142 1895 1113 1896 1142 1896 1132 1896 1134 1897 1143 1897 1115 1897 1115 1898 1143 1898 1144 1898 1115 1899 1144 1899 1117 1899 1117 1900 1144 1900 1145 1900 1117 1901 1145 1901 1125 1901 1146 1902 1135 1902 1147 1902 1147 1903 1135 1903 1148 1903 1147 1904 1148 1904 1149 1904 1149 1905 1148 1905 1150 1905 1059 1906 1151 1906 1060 1906 1060 1907 1151 1907 1152 1907 1060 1908 1152 1908 486 1908 486 1909 1152 1909 1061 1909 486 1910 1061 1910 487 1910 487 1911 1061 1911 488 1911 318 1912 446 1912 1039 1912 1039 1913 446 1913 1073 1913 1039 1914 1073 1914 1049 1914 1049 1915 1073 1915 1053 1915 1049 1916 1053 1916 1052 1916 1049 1917 1052 1917 1050 1917 1050 1918 1052 1918 1051 1918 1136 1919 1135 1919 1153 1919 1153 1920 1135 1920 1146 1920 1153 1921 1146 1921 1154 1921 1154 1922 1146 1922 1155 1922 1154 1923 1155 1923 1156 1923 1056 1924 1157 1924 1057 1924 1057 1925 1157 1925 1158 1925 1057 1926 1158 1926 1091 1926 1091 1927 1158 1927 1159 1927 1091 1928 1159 1928 1092 1928 1160 1929 1150 1929 1161 1929 1161 1930 1150 1930 1148 1930 1161 1931 1148 1931 1110 1931 1110 1932 1148 1932 1135 1932 1110 1933 1135 1933 1111 1933 1111 1934 1135 1934 1137 1934 1111 1935 1137 1935 1138 1935 1151 1936 1160 1936 1152 1936 1152 1937 1160 1937 1161 1937 1152 1938 1161 1938 1061 1938 1061 1939 1161 1939 1110 1939 1061 1940 1110 1940 1062 1940 1062 1941 1110 1941 1112 1941 1062 1942 1112 1942 1063 1942 1063 1943 1112 1943 1114 1943 1063 1944 1114 1944 1064 1944 1064 1945 1114 1945 1116 1945 1064 1946 1116 1946 1058 1946 1058 1947 1116 1947 1118 1947 1058 1948 1118 1948 1065 1948 1065 1949 1118 1949 1120 1949 1065 1950 1120 1950 1066 1950 1066 1951 1120 1951 1122 1951 1066 1952 1122 1952 1067 1952 1067 1953 1122 1953 1106 1953 1067 1954 1106 1954 1068 1954 1068 1955 1106 1955 1105 1955 1068 1956 1105 1956 1069 1956 1069 1957 1105 1957 1104 1957 1069 1958 1104 1958 1070 1958 1070 1959 1104 1959 1103 1959 1070 1960 1103 1960 1071 1960 1071 1961 1103 1961 1102 1961 1071 1962 1102 1962 1054 1962 1054 1963 1102 1963 1101 1963 1054 1964 1101 1964 1052 1964 1052 1965 1101 1965 1100 1965 1052 1966 1100 1966 1051 1966 1051 1967 1100 1967 1041 1967 366 1968 368 1968 1162 1968 1163 1969 1164 1969 1165 1969 1165 1970 1164 1970 1166 1970 1156 1971 1155 1971 1167 1971 1167 1972 1155 1972 1168 1972 1167 1973 1168 1973 1169 1973 1170 1974 1171 1974 1172 1974 1172 1975 1171 1975 1173 1975 1174 1976 1175 1976 1176 1976 1176 1977 1175 1977 1173 1977 1155 1978 1146 1978 1168 1978 1168 1979 1146 1979 1147 1979 1168 1980 1147 1980 1177 1980 1177 1981 1147 1981 1149 1981 1177 1982 1149 1982 1178 1982 1173 1983 1175 1983 1172 1983 1172 1984 1175 1984 1179 1984 1172 1985 1179 1985 1180 1985 1180 1986 1179 1986 1181 1986 1180 1987 1181 1987 1182 1987 1182 1988 1181 1988 1183 1988 1182 1989 1183 1989 1184 1989 1185 1990 349 1990 340 1990 1185 1991 340 1991 1186 1991 355 1992 1187 1992 1188 1992 340 1993 342 1993 1186 1993 1186 1994 342 1994 344 1994 1186 1995 344 1995 1188 1995 1188 1996 344 1996 353 1996 1188 1997 353 1997 355 1997 1149 1998 1150 1998 1178 1998 1178 1999 1150 1999 1160 1999 1178 2000 1160 2000 1189 2000 1189 2001 1160 2001 1151 2001 1189 2002 1151 2002 1059 2002 1059 2003 348 2003 346 2003 1059 2004 346 2004 1189 2004 1189 2005 346 2005 360 2005 1189 2006 360 2006 359 2006 359 2007 1183 2007 1189 2007 1189 2008 1183 2008 1181 2008 1189 2009 1181 2009 1178 2009 1178 2010 1181 2010 1179 2010 1178 2011 1179 2011 1177 2011 1177 2012 1179 2012 1175 2012 1177 2013 1175 2013 1168 2013 1168 2014 1175 2014 1174 2014 1168 2015 1174 2015 1169 2015 1190 2016 1191 2016 1192 2016 1192 2017 1191 2017 1193 2017 1192 2018 1193 2018 1164 2018 1164 2019 1193 2019 1194 2019 1164 2020 1194 2020 1166 2020 1165 2021 1195 2021 1163 2021 1163 2022 1195 2022 1196 2022 1163 2023 1196 2023 1197 2023 1197 2024 1196 2024 1198 2024 1197 2025 1198 2025 1170 2025 1199 2026 1200 2026 1192 2026 1192 2027 1200 2027 1201 2027 1192 2028 1201 2028 1190 2028 1202 2029 1199 2029 1203 2029 1203 2030 1199 2030 1192 2030 1203 2031 1192 2031 1204 2031 1204 2032 1192 2032 1164 2032 1204 2033 1164 2033 1205 2033 1205 2034 1164 2034 1163 2034 1205 2035 1163 2035 1206 2035 1206 2036 1163 2036 1197 2036 1206 2037 1207 2037 1205 2037 1205 2038 1207 2038 1208 2038 1205 2039 1208 2039 1204 2039 1204 2040 1208 2040 1209 2040 1204 2041 1209 2041 1203 2041 1203 2042 1209 2042 1210 2042 1203 2043 1210 2043 1202 2043 1162 2044 1211 2044 1210 2044 1211 2045 1212 2045 1210 2045 1210 2046 1212 2046 1213 2046 1210 2047 1213 2047 1202 2047 355 2048 361 2048 1187 2048 1187 2049 361 2049 363 2049 1187 2050 363 2050 365 2050 1207 2051 1185 2051 1208 2051 1208 2052 1185 2052 1186 2052 1208 2053 1186 2053 1209 2053 1209 2054 1186 2054 1188 2054 1209 2055 1188 2055 1210 2055 1210 2056 1188 2056 1187 2056 1210 2057 1187 2057 1162 2057 1162 2058 1187 2058 365 2058 1162 2059 365 2059 366 2059 359 2060 357 2060 1183 2060 1183 2061 357 2061 356 2061 1183 2062 356 2062 1184 2062 1184 2063 356 2063 352 2063 1184 2064 352 2064 350 2064 1170 2065 1172 2065 1197 2065 1197 2066 1172 2066 1180 2066 1197 2067 1180 2067 1206 2067 1206 2068 1180 2068 1182 2068 1206 2069 1182 2069 1207 2069 1207 2070 1182 2070 1184 2070 1207 2071 1184 2071 1185 2071 1185 2072 1184 2072 350 2072 1185 2073 350 2073 349 2073 1199 2074 1202 2074 1214 2074 1201 2075 1200 2075 1215 2075 374 2076 373 2076 1216 2076 377 2077 376 2077 1217 2077 1217 2078 376 2078 375 2078 1217 2079 375 2079 374 2079 501 2080 500 2080 1218 2080 1218 2081 500 2081 499 2081 495 2082 1219 2082 496 2082 496 2083 1219 2083 497 2083 368 2084 498 2084 1162 2084 1162 2085 498 2085 1211 2085 1216 2086 1220 2086 1221 2086 1221 2087 1220 2087 1222 2087 495 2088 377 2088 1219 2088 1219 2089 377 2089 1217 2089 1219 2090 1217 2090 1223 2090 498 2091 501 2091 1211 2091 1211 2092 501 2092 1218 2092 1211 2093 1218 2093 1212 2093 1212 2094 1218 2094 1214 2094 1212 2095 1214 2095 1213 2095 1213 2096 1214 2096 1202 2096 1224 2097 1225 2097 1226 2097 1215 2098 1227 2098 1228 2098 1228 2099 1229 2099 1215 2099 1215 2100 1229 2100 1230 2100 1215 2101 1230 2101 1201 2101 1201 2102 1230 2102 1190 2102 1226 2103 1227 2103 1224 2103 1224 2104 1227 2104 1215 2104 1224 2105 1215 2105 1223 2105 1231 2106 1232 2106 1233 2106 1233 2107 1234 2107 1231 2107 1231 2108 1234 2108 1235 2108 1231 2109 1235 2109 1236 2109 1236 2110 1235 2110 1221 2110 1236 2111 1221 2111 1237 2111 1237 2112 1221 2112 1222 2112 1234 2113 1238 2113 1235 2113 1235 2114 1238 2114 1239 2114 1235 2115 1239 2115 1240 2115 1200 2116 1199 2116 1215 2116 1215 2117 1199 2117 1214 2117 1215 2118 1214 2118 1223 2118 1223 2119 1214 2119 1218 2119 1223 2120 1218 2120 1219 2120 1219 2121 1218 2121 499 2121 1219 2122 499 2122 497 2122 374 2123 1216 2123 1217 2123 1217 2124 1216 2124 1221 2124 1217 2125 1221 2125 1223 2125 1223 2126 1221 2126 1235 2126 1223 2127 1235 2127 1224 2127 1224 2128 1235 2128 1240 2128 1224 2129 1240 2129 1225 2129 1241 2130 1232 2130 1231 2130 1242 2131 1231 2131 1236 2131 1243 2132 1244 2132 1245 2132 1246 2133 1241 2133 1245 2133 1247 2134 1248 2134 1249 2134 1249 2135 1248 2135 1250 2135 535 2136 516 2136 1251 2136 1251 2137 516 2137 515 2137 1251 2138 515 2138 1248 2138 1248 2139 515 2139 521 2139 504 2140 534 2140 506 2140 506 2141 534 2141 1252 2141 506 2142 1252 2142 507 2142 507 2143 1252 2143 508 2143 509 2144 508 2144 1253 2144 1253 2145 508 2145 1252 2145 1253 2146 1252 2146 1243 2146 373 2147 514 2147 1216 2147 1216 2148 514 2148 1220 2148 514 2149 513 2149 1220 2149 1220 2150 513 2150 1254 2150 1220 2151 1254 2151 1222 2151 1222 2152 1254 2152 1242 2152 1222 2153 1242 2153 1237 2153 1237 2154 1242 2154 1236 2154 513 2155 512 2155 1254 2155 1254 2156 512 2156 511 2156 1254 2157 511 2157 510 2157 1250 2158 1248 2158 1255 2158 1255 2159 1248 2159 521 2159 1255 2160 521 2160 528 2160 1256 2161 1257 2161 1244 2161 1244 2162 1257 2162 1258 2162 1244 2163 1258 2163 1245 2163 1245 2164 1258 2164 1259 2164 1245 2165 1259 2165 1246 2165 534 2166 535 2166 1252 2166 1252 2167 535 2167 1251 2167 1252 2168 1251 2168 1243 2168 1243 2169 1251 2169 1248 2169 1243 2170 1248 2170 1244 2170 1244 2171 1248 2171 1247 2171 1244 2172 1247 2172 1256 2172 1241 2173 1231 2173 1245 2173 1245 2174 1231 2174 1242 2174 1245 2175 1242 2175 1243 2175 1243 2176 1242 2176 1254 2176 1243 2177 1254 2177 1253 2177 1253 2178 1254 2178 510 2178 1253 2179 510 2179 509 2179 866 2180 865 2180 1260 2180 877 2181 883 2181 1261 2181 754 2182 753 2182 1262 2182 882 2183 881 2183 1263 2183 1264 2184 1265 2184 1266 2184 1267 2185 1268 2185 1269 2185 768 2186 770 2186 1270 2186 783 2187 782 2187 1271 2187 803 2188 805 2188 1272 2188 651 2189 653 2189 1273 2189 679 2190 649 2190 1274 2190 678 2191 677 2191 1275 2191 722 2192 718 2192 1276 2192 733 2193 734 2193 1277 2193 1277 2194 734 2194 1278 2194 1278 2195 734 2195 744 2195 1278 2196 744 2196 745 2196 748 2197 747 2197 1279 2197 1279 2198 747 2198 746 2198 1279 2199 746 2199 1277 2199 1277 2200 746 2200 731 2200 1277 2201 731 2201 733 2201 748 2202 1279 2202 749 2202 749 2203 1279 2203 1280 2203 749 2204 1280 2204 730 2204 718 2205 717 2205 1276 2205 1276 2206 717 2206 716 2206 1276 2207 716 2207 1280 2207 1280 2208 716 2208 725 2208 1280 2209 725 2209 730 2209 722 2210 1276 2210 723 2210 723 2211 1276 2211 1281 2211 723 2212 1281 2212 724 2212 712 2213 711 2213 1282 2213 1282 2214 711 2214 710 2214 1282 2215 710 2215 1281 2215 1281 2216 710 2216 709 2216 1281 2217 709 2217 724 2217 677 2218 675 2218 1275 2218 1275 2219 675 2219 674 2219 1275 2220 674 2220 1283 2220 1283 2221 674 2221 714 2221 1283 2222 714 2222 1282 2222 1282 2223 714 2223 713 2223 1282 2224 713 2224 712 2224 1274 2225 649 2225 1275 2225 1275 2226 649 2226 650 2226 1275 2227 650 2227 678 2227 679 2228 1274 2228 680 2228 680 2229 1274 2229 1284 2229 680 2230 1284 2230 682 2230 660 2231 657 2231 1285 2231 1285 2232 657 2232 655 2232 1285 2233 655 2233 1284 2233 1284 2234 655 2234 654 2234 1284 2235 654 2235 682 2235 1273 2236 653 2236 1285 2236 1285 2237 653 2237 658 2237 1285 2238 658 2238 660 2238 651 2239 1273 2239 640 2239 640 2240 1273 2240 1286 2240 640 2241 1286 2241 638 2241 638 2242 1286 2242 637 2242 637 2243 1286 2243 1287 2243 637 2244 1287 2244 620 2244 624 2245 623 2245 1288 2245 1288 2246 623 2246 622 2246 1288 2247 622 2247 1287 2247 1287 2248 622 2248 621 2248 1287 2249 621 2249 620 2249 624 2250 1288 2250 625 2250 625 2251 1288 2251 1289 2251 625 2252 1289 2252 626 2252 627 2253 618 2253 1290 2253 1290 2254 618 2254 617 2254 1290 2255 617 2255 1289 2255 1289 2256 617 2256 616 2256 1289 2257 616 2257 626 2257 627 2258 1290 2258 628 2258 628 2259 1290 2259 1291 2259 628 2260 1291 2260 629 2260 1292 2261 610 2261 1291 2261 1291 2262 610 2262 609 2262 1291 2263 609 2263 629 2263 613 2264 1292 2264 614 2264 614 2265 1292 2265 1293 2265 613 2266 612 2266 1292 2266 1292 2267 612 2267 611 2267 1292 2268 611 2268 610 2268 608 2269 607 2269 1293 2269 1293 2270 607 2270 615 2270 1293 2271 615 2271 614 2271 1294 2272 539 2272 608 2272 643 2273 642 2273 1295 2273 1295 2274 642 2274 641 2274 1295 2275 641 2275 1294 2275 1294 2276 641 2276 540 2276 1294 2277 540 2277 539 2277 581 2278 580 2278 1296 2278 583 2279 582 2279 1297 2279 1297 2280 582 2280 581 2280 580 2281 579 2281 1296 2281 1296 2282 579 2282 577 2282 1296 2283 577 2283 1295 2283 1295 2284 577 2284 576 2284 1295 2285 576 2285 643 2285 583 2286 1298 2286 574 2286 574 2287 1298 2287 572 2287 593 2288 592 2288 1299 2288 1299 2289 592 2289 591 2289 1299 2290 591 2290 570 2290 562 2291 564 2291 1300 2291 1300 2292 564 2292 566 2292 560 2293 561 2293 1301 2293 1301 2294 561 2294 569 2294 1301 2295 569 2295 1266 2295 1266 2296 569 2296 568 2296 1266 2297 568 2297 567 2297 525 2298 526 2298 1302 2298 1302 2299 526 2299 527 2299 1302 2300 527 2300 1301 2300 1301 2301 527 2301 558 2301 1301 2302 558 2302 560 2302 1269 2303 530 2303 524 2303 530 2304 1269 2304 529 2304 529 2305 1269 2305 1268 2305 529 2306 1268 2306 528 2306 1272 2307 805 2307 1303 2307 1303 2308 805 2308 986 2308 1303 2309 986 2309 985 2309 808 2310 807 2310 1304 2310 1304 2311 807 2311 1305 2311 1305 2312 807 2312 806 2312 1305 2313 806 2313 1272 2313 1272 2314 806 2314 801 2314 1272 2315 801 2315 803 2315 811 2316 1306 2316 789 2316 789 2317 1306 2317 1307 2317 789 2318 1307 2318 790 2318 1308 2319 794 2319 1309 2319 1309 2320 794 2320 796 2320 1309 2321 796 2321 1307 2321 1307 2322 796 2322 797 2322 1307 2323 797 2323 790 2323 811 2324 810 2324 1306 2324 1306 2325 810 2325 809 2325 1306 2326 809 2326 1304 2326 1304 2327 809 2327 800 2327 1304 2328 800 2328 808 2328 1271 2329 782 2329 1310 2329 1310 2330 782 2330 778 2330 1310 2331 778 2331 780 2331 1270 2332 770 2332 1311 2332 1311 2333 770 2333 787 2333 1311 2334 787 2334 786 2334 764 2335 773 2335 1312 2335 1312 2336 773 2336 772 2336 1312 2337 772 2337 1313 2337 1313 2338 772 2338 771 2338 1313 2339 771 2339 1270 2339 1270 2340 771 2340 766 2340 1270 2341 766 2341 768 2341 786 2342 785 2342 1311 2342 1311 2343 785 2343 776 2343 1311 2344 776 2344 1314 2344 1314 2345 776 2345 777 2345 1314 2346 777 2346 1271 2346 1271 2347 777 2347 784 2347 1271 2348 784 2348 783 2348 780 2349 829 2349 1310 2349 1310 2350 829 2350 828 2350 1310 2351 828 2351 1315 2351 1315 2352 828 2352 827 2352 1315 2353 827 2353 1308 2353 1308 2354 827 2354 792 2354 1308 2355 792 2355 794 2355 1263 2356 1316 2356 1269 2356 1269 2357 1316 2357 1317 2357 1269 2358 1317 2358 1267 2358 1318 2359 1299 2359 1298 2359 1298 2360 1299 2360 570 2360 1298 2361 570 2361 572 2361 1266 2362 1265 2362 1301 2362 1301 2363 1265 2363 1261 2363 1301 2364 1261 2364 1302 2364 1294 2365 1319 2365 1295 2365 1295 2366 1319 2366 1320 2366 1295 2367 1320 2367 1296 2367 1296 2368 1320 2368 1260 2368 1277 2369 1312 2369 1279 2369 1279 2370 1312 2370 1313 2370 1279 2371 1313 2371 1280 2371 1280 2372 1313 2372 1270 2372 1280 2373 1270 2373 1276 2373 1276 2374 1270 2374 1311 2374 1276 2375 1311 2375 1281 2375 1281 2376 1311 2376 1314 2376 1281 2377 1314 2377 1282 2377 1282 2378 1314 2378 1271 2378 1282 2379 1271 2379 1283 2379 1283 2380 1271 2380 1310 2380 1283 2381 1310 2381 1275 2381 1275 2382 1310 2382 1315 2382 1275 2383 1315 2383 1274 2383 1274 2384 1315 2384 1308 2384 1274 2385 1308 2385 1284 2385 1284 2386 1308 2386 1309 2386 1284 2387 1309 2387 1285 2387 1285 2388 1309 2388 1307 2388 1285 2389 1307 2389 1273 2389 1273 2390 1307 2390 1306 2390 1273 2391 1306 2391 1286 2391 1286 2392 1306 2392 1304 2392 1286 2393 1304 2393 1287 2393 1287 2394 1304 2394 1305 2394 1287 2395 1305 2395 1288 2395 1288 2396 1305 2396 1272 2396 1288 2397 1272 2397 1289 2397 1289 2398 1272 2398 1303 2398 1289 2399 1303 2399 1290 2399 1290 2400 1303 2400 1321 2400 1290 2401 1321 2401 1291 2401 1291 2402 1321 2402 1322 2402 1291 2403 1322 2403 1292 2403 1292 2404 1322 2404 1323 2404 1292 2405 1323 2405 1293 2405 1293 2406 1323 2406 1324 2406 883 2407 882 2407 1261 2407 1261 2408 882 2408 1263 2408 1261 2409 1263 2409 1302 2409 1302 2410 1263 2410 1269 2410 1302 2411 1269 2411 525 2411 525 2412 1269 2412 524 2412 979 2413 1325 2413 976 2413 976 2414 1325 2414 1317 2414 976 2415 1317 2415 977 2415 977 2416 1317 2416 1316 2416 977 2417 1316 2417 978 2417 978 2418 1316 2418 1263 2418 978 2419 1263 2419 880 2419 880 2420 1263 2420 881 2420 885 2421 1265 2421 886 2421 886 2422 1265 2422 1264 2422 886 2423 1264 2423 874 2423 876 2424 1318 2424 887 2424 887 2425 1318 2425 888 2425 876 2426 754 2426 1318 2426 1318 2427 754 2427 1262 2427 1318 2428 1262 2428 1299 2428 1299 2429 1262 2429 1300 2429 1299 2430 1300 2430 593 2430 593 2431 1300 2431 566 2431 753 2432 874 2432 1262 2432 1262 2433 874 2433 1264 2433 1262 2434 1264 2434 1300 2434 1300 2435 1264 2435 1266 2435 1300 2436 1266 2436 562 2436 562 2437 1266 2437 567 2437 885 2438 884 2438 1265 2438 1265 2439 884 2439 879 2439 1265 2440 879 2440 1261 2440 1261 2441 879 2441 878 2441 1261 2442 878 2442 877 2442 890 2443 889 2443 1326 2443 581 2444 1296 2444 1297 2444 1297 2445 1296 2445 1260 2445 1297 2446 1260 2446 1326 2446 1326 2447 1260 2447 865 2447 1326 2448 865 2448 890 2448 863 2449 870 2449 1319 2449 1319 2450 870 2450 869 2450 1319 2451 869 2451 1320 2451 1320 2452 869 2452 868 2452 1320 2453 868 2453 1260 2453 1260 2454 868 2454 867 2454 1260 2455 867 2455 866 2455 864 2456 1324 2456 871 2456 871 2457 1324 2457 872 2457 861 2458 860 2458 1322 2458 1322 2459 860 2459 859 2459 1322 2460 859 2460 1323 2460 1323 2461 859 2461 858 2461 1323 2462 858 2462 1324 2462 1324 2463 858 2463 873 2463 1324 2464 873 2464 872 2464 608 2465 1293 2465 1294 2465 1294 2466 1293 2466 1324 2466 1294 2467 1324 2467 1319 2467 1319 2468 1324 2468 864 2468 1319 2469 864 2469 863 2469 583 2470 1297 2470 1298 2470 1298 2471 1297 2471 1326 2471 1298 2472 1326 2472 1318 2472 1318 2473 1326 2473 889 2473 1318 2474 889 2474 888 2474 762 2475 764 2475 1327 2475 1327 2476 764 2476 1312 2476 1327 2477 1312 2477 1328 2477 1328 2478 1312 2478 1277 2478 1328 2479 1277 2479 1329 2479 1329 2480 1277 2480 1278 2480 985 2481 984 2481 1303 2481 1303 2482 984 2482 856 2482 1303 2483 856 2483 1321 2483 1321 2484 856 2484 857 2484 1321 2485 857 2485 1322 2485 1322 2486 857 2486 862 2486 1322 2487 862 2487 861 2487 983 2488 931 2488 1330 2488 1330 2489 931 2489 930 2489 1331 2490 1332 2490 1333 2490 1334 2491 1335 2491 1336 2491 981 2492 982 2492 1337 2492 979 2493 980 2493 1338 2493 1338 2494 980 2494 1339 2494 1340 2495 1341 2495 1342 2495 1342 2496 1341 2496 1343 2496 1342 2497 1343 2497 1344 2497 1340 2498 1345 2498 1341 2498 1341 2499 1345 2499 1346 2499 1341 2500 1346 2500 1339 2500 1339 2501 1346 2501 1347 2501 1339 2502 1347 2502 1338 2502 1348 2503 1349 2503 1350 2503 1350 2504 1349 2504 1351 2504 1352 2505 1353 2505 1354 2505 1354 2506 1353 2506 1355 2506 1352 2507 1356 2507 1353 2507 1353 2508 1356 2508 1357 2508 1353 2509 1357 2509 1349 2509 1349 2510 1357 2510 1358 2510 1349 2511 1358 2511 1351 2511 1350 2512 1359 2512 1348 2512 1348 2513 1359 2513 1360 2513 1348 2514 1360 2514 1343 2514 1343 2515 1360 2515 1361 2515 1343 2516 1361 2516 1344 2516 1362 2517 1363 2517 1364 2517 1362 2518 1364 2518 1365 2518 1366 2519 1367 2519 1368 2519 1368 2520 1367 2520 1369 2520 1368 2521 1369 2521 1370 2521 1370 2522 1369 2522 1365 2522 1370 2523 1365 2523 1371 2523 1371 2524 1365 2524 1364 2524 1372 2525 1373 2525 1374 2525 1375 2526 1376 2526 1377 2526 1377 2527 1376 2527 1378 2527 1377 2528 1378 2528 1379 2528 1375 2529 1380 2529 1376 2529 1376 2530 1380 2530 1381 2530 1376 2531 1381 2531 1373 2531 1373 2532 1381 2532 1382 2532 1373 2533 1382 2533 1374 2533 1374 2534 1383 2534 1372 2534 1372 2535 1383 2535 1384 2535 1372 2536 1384 2536 1362 2536 1362 2537 1384 2537 1385 2537 1362 2538 1385 2538 1363 2538 980 2539 981 2539 1339 2539 1339 2540 981 2540 1337 2540 1339 2541 1337 2541 1341 2541 1341 2542 1337 2542 1386 2542 1341 2543 1386 2543 1343 2543 1343 2544 1386 2544 1387 2544 1343 2545 1387 2545 1348 2545 1348 2546 1387 2546 1388 2546 1348 2547 1388 2547 1349 2547 1349 2548 1388 2548 1389 2548 1349 2549 1389 2549 1353 2549 1353 2550 1389 2550 1390 2550 1353 2551 1390 2551 1355 2551 1355 2552 1390 2552 1391 2552 1355 2553 1391 2553 1367 2553 1367 2554 1391 2554 1392 2554 1367 2555 1392 2555 1369 2555 1369 2556 1392 2556 1393 2556 1369 2557 1393 2557 1365 2557 1365 2558 1393 2558 1394 2558 1365 2559 1394 2559 1362 2559 1362 2560 1394 2560 1395 2560 1362 2561 1395 2561 1372 2561 1372 2562 1395 2562 1396 2562 1372 2563 1396 2563 1373 2563 1373 2564 1396 2564 1397 2564 1373 2565 1397 2565 1376 2565 1376 2566 1397 2566 1398 2566 1376 2567 1398 2567 1378 2567 1378 2568 1398 2568 1399 2568 1378 2569 1399 2569 1400 2569 1366 2570 1401 2570 1367 2570 1367 2571 1401 2571 1402 2571 1367 2572 1402 2572 1355 2572 1355 2573 1402 2573 1403 2573 1355 2574 1403 2574 1354 2574 1404 2575 1405 2575 1406 2575 1406 2576 1405 2576 1407 2576 1408 2577 1409 2577 1410 2577 1410 2578 1409 2578 1411 2578 1410 2579 1411 2579 1412 2579 1412 2580 1413 2580 1414 2580 1414 2581 1413 2581 1415 2581 1414 2582 1415 2582 1416 2582 1417 2583 1418 2583 1419 2583 1420 2584 1421 2584 1422 2584 1419 2585 1418 2585 1423 2585 1417 2586 1424 2586 1425 2586 1425 2587 1424 2587 1426 2587 1425 2588 1426 2588 1427 2588 1336 2589 1335 2589 1428 2589 1428 2590 1335 2590 1429 2590 1428 2591 1429 2591 1408 2591 1399 2592 1404 2592 1400 2592 1400 2593 1404 2593 1406 2593 1400 2594 1406 2594 1430 2594 1430 2595 1406 2595 1431 2595 1432 2596 1433 2596 1415 2596 1415 2597 1433 2597 1407 2597 1415 2598 1407 2598 1416 2598 1416 2599 1407 2599 1405 2599 1433 2600 1434 2600 1407 2600 1407 2601 1434 2601 1435 2601 1407 2602 1435 2602 1406 2602 1406 2603 1435 2603 1436 2603 1406 2604 1436 2604 1431 2604 1412 2605 1411 2605 1413 2605 1413 2606 1411 2606 1437 2606 1413 2607 1437 2607 1438 2607 1429 2608 1439 2608 1440 2608 1408 2609 1429 2609 1409 2609 1409 2610 1429 2610 1440 2610 1409 2611 1440 2611 1441 2611 1441 2612 1442 2612 1409 2612 1409 2613 1442 2613 1443 2613 1409 2614 1443 2614 1411 2614 1411 2615 1443 2615 1444 2615 1411 2616 1444 2616 1437 2616 1438 2617 1445 2617 1413 2617 1413 2618 1445 2618 1446 2618 1413 2619 1446 2619 1415 2619 1415 2620 1446 2620 1447 2620 1415 2621 1447 2621 1432 2621 1448 2622 1331 2622 1426 2622 1426 2623 1331 2623 1333 2623 1426 2624 1333 2624 1427 2624 1427 2625 1333 2625 1449 2625 1336 2626 1449 2626 1334 2626 1334 2627 1449 2627 1333 2627 1334 2628 1333 2628 1450 2628 1450 2629 1333 2629 1332 2629 1419 2630 1451 2630 1452 2630 1417 2631 1419 2631 1424 2631 1424 2632 1419 2632 1452 2632 1424 2633 1452 2633 1453 2633 1418 2634 1420 2634 1423 2634 1423 2635 1420 2635 1422 2635 1423 2636 1422 2636 1454 2636 1454 2637 1455 2637 1423 2637 1423 2638 1455 2638 1456 2638 1423 2639 1456 2639 1419 2639 1419 2640 1456 2640 1457 2640 1419 2641 1457 2641 1451 2641 1453 2642 1458 2642 1424 2642 1424 2643 1458 2643 1459 2643 1424 2644 1459 2644 1426 2644 1426 2645 1459 2645 1460 2645 1426 2646 1460 2646 1448 2646 1450 2647 1461 2647 1334 2647 1334 2648 1461 2648 1462 2648 1334 2649 1462 2649 1335 2649 1335 2650 1462 2650 1463 2650 1335 2651 1463 2651 1429 2651 1429 2652 1463 2652 1464 2652 1429 2653 1464 2653 1439 2653 1465 2654 1466 2654 1002 2654 1467 2655 1010 2655 1468 2655 1468 2656 1010 2656 1009 2656 1468 2657 1009 2657 1466 2657 1466 2658 1009 2658 1008 2658 1466 2659 1008 2659 1002 2659 1469 2660 1470 2660 989 2660 1002 2661 1001 2661 1465 2661 1465 2662 1001 2662 1000 2662 1465 2663 1000 2663 1471 2663 1471 2664 1000 2664 999 2664 1471 2665 999 2665 1470 2665 1470 2666 999 2666 990 2666 1470 2667 990 2667 989 2667 1472 2668 1027 2668 1473 2668 1473 2669 1027 2669 1026 2669 1473 2670 1026 2670 1474 2670 989 2671 1032 2671 1469 2671 1469 2672 1032 2672 1031 2672 1469 2673 1031 2673 1475 2673 1475 2674 1031 2674 1030 2674 1475 2675 1030 2675 1476 2675 1476 2676 1030 2676 1029 2676 1476 2677 1029 2677 1472 2677 1472 2678 1029 2678 1028 2678 1472 2679 1028 2679 1027 2679 1034 2680 1477 2680 1033 2680 1033 2681 1477 2681 1478 2681 1479 2682 1022 2682 1480 2682 1480 2683 1022 2683 1021 2683 1480 2684 1021 2684 1478 2684 1478 2685 1021 2685 1020 2685 1478 2686 1020 2686 1033 2686 1026 2687 1025 2687 1474 2687 1474 2688 1025 2688 1024 2688 1474 2689 1024 2689 1479 2689 1479 2690 1024 2690 1023 2690 1479 2691 1023 2691 1022 2691 934 2692 751 2692 1035 2692 1035 2693 751 2693 1477 2693 1035 2694 1477 2694 1036 2694 1036 2695 1477 2695 1034 2695 930 2696 1004 2696 1330 2696 1330 2697 1004 2697 1003 2697 1330 2698 1003 2698 1481 2698 1482 2699 1483 2699 1006 2699 1006 2700 1005 2700 1482 2700 1482 2701 1005 2701 998 2701 1482 2702 998 2702 1484 2702 1484 2703 998 2703 997 2703 1484 2704 997 2704 1485 2704 1003 2705 1016 2705 1481 2705 1481 2706 1016 2706 1015 2706 1481 2707 1015 2707 1486 2707 1486 2708 1015 2708 1014 2708 1486 2709 1014 2709 1483 2709 1483 2710 1014 2710 1007 2710 1483 2711 1007 2711 1006 2711 1487 2712 1488 2712 1018 2712 1489 2713 988 2713 1490 2713 1490 2714 988 2714 996 2714 1490 2715 996 2715 1491 2715 1491 2716 996 2716 995 2716 1491 2717 995 2717 1488 2717 1488 2718 995 2718 1019 2718 1488 2719 1019 2719 1018 2719 997 2720 994 2720 1485 2720 1485 2721 994 2721 993 2721 1485 2722 993 2722 1492 2722 1492 2723 993 2723 992 2723 1492 2724 992 2724 1493 2724 1493 2725 992 2725 991 2725 1493 2726 991 2726 1489 2726 1489 2727 991 2727 987 2727 1489 2728 987 2728 988 2728 1018 2729 1017 2729 1487 2729 1487 2730 1017 2730 1011 2730 1487 2731 1011 2731 1494 2731 1494 2732 1011 2732 1012 2732 1494 2733 1012 2733 1467 2733 1467 2734 1012 2734 1013 2734 1467 2735 1013 2735 1010 2735 1495 2736 1496 2736 1422 2736 1422 2737 1496 2737 1497 2737 1422 2738 1497 2738 1454 2738 762 2739 1495 2739 763 2739 763 2740 1495 2740 1422 2740 763 2741 1422 2741 759 2741 759 2742 1422 2742 1421 2742 759 2743 1421 2743 760 2743 760 2744 1421 2744 750 2744 1430 2745 1498 2745 1400 2745 1400 2746 1498 2746 1499 2746 1400 2747 1499 2747 1378 2747 1378 2748 1499 2748 1500 2748 1378 2749 1500 2749 1379 2749 751 2750 750 2750 1477 2750 1477 2751 750 2751 1421 2751 1477 2752 1421 2752 1478 2752 1478 2753 1421 2753 1420 2753 1478 2754 1420 2754 1480 2754 1480 2755 1420 2755 1418 2755 1480 2756 1418 2756 1479 2756 1479 2757 1418 2757 1417 2757 1479 2758 1417 2758 1474 2758 1474 2759 1417 2759 1425 2759 1474 2760 1425 2760 1473 2760 1473 2761 1425 2761 1427 2761 1473 2762 1427 2762 1472 2762 1472 2763 1427 2763 1449 2763 1472 2764 1449 2764 1476 2764 1476 2765 1449 2765 1336 2765 1476 2766 1336 2766 1475 2766 1475 2767 1336 2767 1428 2767 1475 2768 1428 2768 1469 2768 1469 2769 1428 2769 1408 2769 1469 2770 1408 2770 1470 2770 1470 2771 1408 2771 1410 2771 1470 2772 1410 2772 1471 2772 1471 2773 1410 2773 1412 2773 1471 2774 1412 2774 1465 2774 1465 2775 1412 2775 1414 2775 1465 2776 1414 2776 1466 2776 1466 2777 1414 2777 1416 2777 1466 2778 1416 2778 1468 2778 1468 2779 1416 2779 1405 2779 1468 2780 1405 2780 1467 2780 1467 2781 1405 2781 1404 2781 1467 2782 1404 2782 1494 2782 1494 2783 1404 2783 1399 2783 1494 2784 1399 2784 1487 2784 1487 2785 1399 2785 1398 2785 1487 2786 1398 2786 1488 2786 1488 2787 1398 2787 1397 2787 1488 2788 1397 2788 1491 2788 1491 2789 1397 2789 1396 2789 1491 2790 1396 2790 1490 2790 1490 2791 1396 2791 1395 2791 1490 2792 1395 2792 1489 2792 1489 2793 1395 2793 1394 2793 1489 2794 1394 2794 1493 2794 1493 2795 1394 2795 1393 2795 1493 2796 1393 2796 1492 2796 1492 2797 1393 2797 1392 2797 1492 2798 1392 2798 1485 2798 1485 2799 1392 2799 1391 2799 1485 2800 1391 2800 1484 2800 1484 2801 1391 2801 1390 2801 1484 2802 1390 2802 1482 2802 1482 2803 1390 2803 1389 2803 1482 2804 1389 2804 1483 2804 1483 2805 1389 2805 1388 2805 1483 2806 1388 2806 1486 2806 1486 2807 1388 2807 1387 2807 1486 2808 1387 2808 1481 2808 1481 2809 1387 2809 1386 2809 1481 2810 1386 2810 1330 2810 1330 2811 1386 2811 1337 2811 1330 2812 1337 2812 983 2812 983 2813 1337 2813 982 2813 1440 2814 1439 2814 1501 2814 1451 2815 1457 2815 1502 2815 1332 2816 1331 2816 1503 2816 1456 2817 1455 2817 1504 2817 1327 2818 1328 2818 1505 2818 1506 2819 1507 2819 1508 2819 1342 2820 1344 2820 1509 2820 1357 2821 1356 2821 1510 2821 1377 2822 1379 2822 1511 2822 1167 2823 1169 2823 1512 2823 1195 2824 1165 2824 1513 2824 1194 2825 1193 2825 1514 2825 1238 2826 1234 2826 1515 2826 1255 2827 528 2827 1268 2827 1249 2828 1250 2828 1516 2828 1516 2829 1250 2829 1255 2829 1258 2830 1257 2830 1517 2830 1517 2831 1257 2831 1256 2831 1517 2832 1256 2832 1516 2832 1516 2833 1256 2833 1247 2833 1516 2834 1247 2834 1249 2834 1258 2835 1517 2835 1259 2835 1259 2836 1517 2836 1518 2836 1259 2837 1518 2837 1246 2837 1234 2838 1233 2838 1515 2838 1515 2839 1233 2839 1232 2839 1515 2840 1232 2840 1518 2840 1518 2841 1232 2841 1241 2841 1518 2842 1241 2842 1246 2842 1238 2843 1515 2843 1239 2843 1239 2844 1515 2844 1519 2844 1239 2845 1519 2845 1240 2845 1228 2846 1227 2846 1520 2846 1520 2847 1227 2847 1226 2847 1520 2848 1226 2848 1519 2848 1519 2849 1226 2849 1225 2849 1519 2850 1225 2850 1240 2850 1193 2851 1191 2851 1514 2851 1514 2852 1191 2852 1190 2852 1514 2853 1190 2853 1521 2853 1521 2854 1190 2854 1230 2854 1521 2855 1230 2855 1520 2855 1520 2856 1230 2856 1229 2856 1520 2857 1229 2857 1228 2857 1513 2858 1165 2858 1514 2858 1514 2859 1165 2859 1166 2859 1514 2860 1166 2860 1194 2860 1195 2861 1513 2861 1196 2861 1196 2862 1513 2862 1522 2862 1196 2863 1522 2863 1198 2863 1176 2864 1173 2864 1523 2864 1523 2865 1173 2865 1171 2865 1523 2866 1171 2866 1522 2866 1522 2867 1171 2867 1170 2867 1522 2868 1170 2868 1198 2868 1512 2869 1169 2869 1523 2869 1523 2870 1169 2870 1174 2870 1523 2871 1174 2871 1176 2871 1167 2872 1512 2872 1156 2872 1156 2873 1512 2873 1524 2873 1156 2874 1524 2874 1154 2874 1154 2875 1524 2875 1153 2875 1153 2876 1524 2876 1525 2876 1153 2877 1525 2877 1136 2877 1140 2878 1139 2878 1526 2878 1526 2879 1139 2879 1138 2879 1526 2880 1138 2880 1525 2880 1525 2881 1138 2881 1137 2881 1525 2882 1137 2882 1136 2882 1140 2883 1526 2883 1141 2883 1141 2884 1526 2884 1527 2884 1141 2885 1527 2885 1142 2885 1143 2886 1134 2886 1528 2886 1528 2887 1134 2887 1133 2887 1528 2888 1133 2888 1527 2888 1527 2889 1133 2889 1132 2889 1527 2890 1132 2890 1142 2890 1143 2891 1528 2891 1144 2891 1144 2892 1528 2892 1529 2892 1144 2893 1529 2893 1145 2893 1530 2894 1126 2894 1529 2894 1529 2895 1126 2895 1125 2895 1529 2896 1125 2896 1145 2896 1129 2897 1530 2897 1130 2897 1130 2898 1530 2898 1531 2898 1129 2899 1128 2899 1530 2899 1530 2900 1128 2900 1127 2900 1530 2901 1127 2901 1126 2901 1124 2902 1123 2902 1531 2902 1531 2903 1123 2903 1131 2903 1531 2904 1131 2904 1130 2904 1532 2905 1055 2905 1124 2905 1159 2906 1158 2906 1533 2906 1533 2907 1158 2907 1157 2907 1533 2908 1157 2908 1532 2908 1532 2909 1157 2909 1056 2909 1532 2910 1056 2910 1055 2910 1097 2911 1096 2911 1534 2911 1099 2912 1098 2912 1535 2912 1535 2913 1098 2913 1097 2913 1096 2914 1095 2914 1534 2914 1534 2915 1095 2915 1093 2915 1534 2916 1093 2916 1533 2916 1533 2917 1093 2917 1092 2917 1533 2918 1092 2918 1159 2918 1099 2919 1536 2919 1090 2919 1090 2920 1536 2920 1088 2920 1109 2921 1108 2921 1537 2921 1537 2922 1108 2922 1107 2922 1537 2923 1107 2923 1086 2923 1078 2924 1080 2924 1538 2924 1538 2925 1080 2925 1082 2925 1076 2926 1077 2926 1539 2926 1539 2927 1077 2927 1085 2927 1539 2928 1085 2928 1508 2928 1508 2929 1085 2929 1084 2929 1508 2930 1084 2930 1083 2930 1044 2931 1045 2931 1540 2931 1540 2932 1045 2932 1046 2932 1540 2933 1046 2933 1539 2933 1539 2934 1046 2934 1074 2934 1539 2935 1074 2935 1076 2935 1541 2936 1048 2936 1043 2936 1541 2937 1329 2937 1278 2937 1278 2938 745 2938 1541 2938 1541 2939 745 2939 1047 2939 1541 2940 1047 2940 1048 2940 1511 2941 1379 2941 1542 2941 1542 2942 1379 2942 1500 2942 1542 2943 1500 2943 1499 2943 1382 2944 1381 2944 1543 2944 1543 2945 1381 2945 1544 2945 1544 2946 1381 2946 1380 2946 1544 2947 1380 2947 1511 2947 1511 2948 1380 2948 1375 2948 1511 2949 1375 2949 1377 2949 1385 2950 1545 2950 1363 2950 1363 2951 1545 2951 1546 2951 1363 2952 1546 2952 1364 2952 1547 2953 1368 2953 1548 2953 1548 2954 1368 2954 1370 2954 1548 2955 1370 2955 1546 2955 1546 2956 1370 2956 1371 2956 1546 2957 1371 2957 1364 2957 1385 2958 1384 2958 1545 2958 1545 2959 1384 2959 1383 2959 1545 2960 1383 2960 1543 2960 1543 2961 1383 2961 1374 2961 1543 2962 1374 2962 1382 2962 1510 2963 1356 2963 1549 2963 1549 2964 1356 2964 1352 2964 1549 2965 1352 2965 1354 2965 1509 2966 1344 2966 1550 2966 1550 2967 1344 2967 1361 2967 1550 2968 1361 2968 1360 2968 1338 2969 1347 2969 1551 2969 1551 2970 1347 2970 1346 2970 1551 2971 1346 2971 1552 2971 1552 2972 1346 2972 1345 2972 1552 2973 1345 2973 1509 2973 1509 2974 1345 2974 1340 2974 1509 2975 1340 2975 1342 2975 1360 2976 1359 2976 1550 2976 1550 2977 1359 2977 1350 2977 1550 2978 1350 2978 1553 2978 1553 2979 1350 2979 1351 2979 1553 2980 1351 2980 1510 2980 1510 2981 1351 2981 1358 2981 1510 2982 1358 2982 1357 2982 1354 2983 1403 2983 1549 2983 1549 2984 1403 2984 1402 2984 1549 2985 1402 2985 1554 2985 1554 2986 1402 2986 1401 2986 1554 2987 1401 2987 1547 2987 1547 2988 1401 2988 1366 2988 1547 2989 1366 2989 1368 2989 1328 2990 1329 2990 1505 2990 1505 2991 1329 2991 1541 2991 1505 2992 1541 2992 1504 2992 1555 2993 1537 2993 1536 2993 1536 2994 1537 2994 1086 2994 1536 2995 1086 2995 1088 2995 1508 2996 1507 2996 1539 2996 1539 2997 1507 2997 1502 2997 1539 2998 1502 2998 1540 2998 1532 2999 1556 2999 1533 2999 1533 3000 1556 3000 1557 3000 1533 3001 1557 3001 1534 3001 1534 3002 1557 3002 1501 3002 1516 3003 1551 3003 1517 3003 1517 3004 1551 3004 1552 3004 1517 3005 1552 3005 1518 3005 1518 3006 1552 3006 1509 3006 1518 3007 1509 3007 1515 3007 1515 3008 1509 3008 1550 3008 1515 3009 1550 3009 1519 3009 1519 3010 1550 3010 1553 3010 1519 3011 1553 3011 1520 3011 1520 3012 1553 3012 1510 3012 1520 3013 1510 3013 1521 3013 1521 3014 1510 3014 1549 3014 1521 3015 1549 3015 1514 3015 1514 3016 1549 3016 1554 3016 1514 3017 1554 3017 1513 3017 1513 3018 1554 3018 1547 3018 1513 3019 1547 3019 1522 3019 1522 3020 1547 3020 1548 3020 1522 3021 1548 3021 1523 3021 1523 3022 1548 3022 1546 3022 1523 3023 1546 3023 1512 3023 1512 3024 1546 3024 1545 3024 1512 3025 1545 3025 1524 3025 1524 3026 1545 3026 1543 3026 1524 3027 1543 3027 1525 3027 1525 3028 1543 3028 1544 3028 1525 3029 1544 3029 1526 3029 1526 3030 1544 3030 1511 3030 1526 3031 1511 3031 1527 3031 1527 3032 1511 3032 1542 3032 1527 3033 1542 3033 1528 3033 1528 3034 1542 3034 1558 3034 1528 3035 1558 3035 1529 3035 1529 3036 1558 3036 1559 3036 1529 3037 1559 3037 1530 3037 1530 3038 1559 3038 1560 3038 1530 3039 1560 3039 1531 3039 1531 3040 1560 3040 1561 3040 1457 3041 1456 3041 1502 3041 1502 3042 1456 3042 1504 3042 1502 3043 1504 3043 1540 3043 1540 3044 1504 3044 1541 3044 1540 3045 1541 3045 1044 3045 1044 3046 1541 3046 1043 3046 1455 3047 1454 3047 1504 3047 1504 3048 1454 3048 1497 3048 1504 3049 1497 3049 1505 3049 1505 3050 1497 3050 1496 3050 1505 3051 1496 3051 1327 3051 1327 3052 1496 3052 1495 3052 1327 3053 1495 3053 762 3053 1459 3054 1507 3054 1460 3054 1460 3055 1507 3055 1506 3055 1460 3056 1506 3056 1448 3056 1450 3057 1555 3057 1461 3057 1461 3058 1555 3058 1462 3058 1450 3059 1332 3059 1555 3059 1555 3060 1332 3060 1503 3060 1555 3061 1503 3061 1537 3061 1537 3062 1503 3062 1538 3062 1537 3063 1538 3063 1109 3063 1109 3064 1538 3064 1082 3064 1331 3065 1448 3065 1503 3065 1503 3066 1448 3066 1506 3066 1503 3067 1506 3067 1538 3067 1538 3068 1506 3068 1508 3068 1538 3069 1508 3069 1078 3069 1078 3070 1508 3070 1083 3070 1459 3071 1458 3071 1507 3071 1507 3072 1458 3072 1453 3072 1507 3073 1453 3073 1502 3073 1502 3074 1453 3074 1452 3074 1502 3075 1452 3075 1451 3075 1464 3076 1463 3076 1562 3076 1097 3077 1534 3077 1535 3077 1535 3078 1534 3078 1501 3078 1535 3079 1501 3079 1562 3079 1562 3080 1501 3080 1439 3080 1562 3081 1439 3081 1464 3081 1437 3082 1444 3082 1556 3082 1556 3083 1444 3083 1443 3083 1556 3084 1443 3084 1557 3084 1557 3085 1443 3085 1442 3085 1557 3086 1442 3086 1501 3086 1501 3087 1442 3087 1441 3087 1501 3088 1441 3088 1440 3088 1438 3089 1561 3089 1445 3089 1445 3090 1561 3090 1446 3090 1435 3091 1434 3091 1559 3091 1559 3092 1434 3092 1433 3092 1559 3093 1433 3093 1560 3093 1560 3094 1433 3094 1432 3094 1560 3095 1432 3095 1561 3095 1561 3096 1432 3096 1447 3096 1561 3097 1447 3097 1446 3097 1124 3098 1531 3098 1532 3098 1532 3099 1531 3099 1561 3099 1532 3100 1561 3100 1556 3100 1556 3101 1561 3101 1438 3101 1556 3102 1438 3102 1437 3102 1099 3103 1535 3103 1536 3103 1536 3104 1535 3104 1562 3104 1536 3105 1562 3105 1555 3105 1555 3106 1562 3106 1463 3106 1555 3107 1463 3107 1462 3107 1255 3108 1268 3108 1516 3108 1516 3109 1268 3109 1267 3109 1516 3110 1267 3110 1551 3110 1551 3111 1267 3111 1317 3111 1551 3112 1317 3112 1338 3112 1338 3113 1317 3113 1325 3113 1338 3114 1325 3114 979 3114 1499 3115 1498 3115 1542 3115 1542 3116 1498 3116 1430 3116 1542 3117 1430 3117 1558 3117 1558 3118 1430 3118 1431 3118 1558 3119 1431 3119 1559 3119 1559 3120 1431 3120 1436 3120 1559 3121 1436 3121 1435 3121 1563 3122 1564 3122 1565 3122 1565 3123 1564 3123 1566 3123 1565 3124 1566 3124 1567 3124 1567 3125 1566 3125 1568 3125 1567 3126 1568 3126 1569 3126 1569 3127 1568 3127 1570 3127 1569 3128 1570 3128 1571 3128 1571 3129 1570 3129 1572 3129 1571 3130 1572 3130 1573 3130 1573 3131 1572 3131 1574 3131 1573 3132 1574 3132 1575 3132 1575 3133 1574 3133 1576 3133 1575 3134 1576 3134 1577 3134 1577 3135 1576 3135 1578 3135 1577 3136 1578 3136 1579 3136 1579 3137 1578 3137 1580 3137 1579 3138 1580 3138 1581 3138 1581 3139 1580 3139 1582 3139 1581 3140 1582 3140 1583 3140 1583 3141 1582 3141 1584 3141 1583 3142 1584 3142 1585 3142 1585 3143 1584 3143 1586 3143 1585 3144 1586 3144 1587 3144 1587 3145 1586 3145 1588 3145 1587 3146 1588 3146 1589 3146 1589 3147 1588 3147 1590 3147 1589 3148 1590 3148 1591 3148 1591 3149 1590 3149 1592 3149 1591 3150 1592 3150 1593 3150 1593 3151 1592 3151 1594 3151 1593 3152 1594 3152 1595 3152 1595 3153 1594 3153 1596 3153 1595 3154 1596 3154 1597 3154 1597 3155 1596 3155 1598 3155 1597 3156 1598 3156 1599 3156 1599 3157 1598 3157 1600 3157 1599 3158 1600 3158 1601 3158 1601 3159 1600 3159 1602 3159 1601 3160 1602 3160 1603 3160 1603 3161 1602 3161 1604 3161 1603 3162 1604 3162 1605 3162 1605 3163 1604 3163 1606 3163 1605 3164 1606 3164 1607 3164 1607 3165 1606 3165 1608 3165 1607 3166 1608 3166 1609 3166 1609 3167 1608 3167 1610 3167 1609 3168 1610 3168 1611 3168 1611 3169 1610 3169 1612 3169 1611 3170 1612 3170 1613 3170 1613 3171 1612 3171 1614 3171 1613 3172 1614 3172 1615 3172 1615 3173 1614 3173 1616 3173 1615 3174 1616 3174 1617 3174 1617 3175 1616 3175 1618 3175 1617 3176 1618 3176 1619 3176 1619 3177 1618 3177 1620 3177 1619 3178 1620 3178 1621 3178 1621 3179 1620 3179 1622 3179 1621 3180 1622 3180 1623 3180 1623 3181 1622 3181 1624 3181 1623 3182 1624 3182 1625 3182 1625 3183 1624 3183 1626 3183 1625 3184 1626 3184 1627 3184 1627 3185 1626 3185 1628 3185 1627 3186 1628 3186 1629 3186 1629 3187 1628 3187 1630 3187 1629 3188 1630 3188 1563 3188 1563 3189 1630 3189 1564 3189 1597 3190 1631 3190 1595 3190 1595 3191 1631 3191 1632 3191 1595 3192 1632 3192 1593 3192 1593 3193 1632 3193 1633 3193 1593 3194 1633 3194 1591 3194 1591 3195 1633 3195 1634 3195 1591 3196 1634 3196 1589 3196 1589 3197 1634 3197 1635 3197 1589 3198 1635 3198 1587 3198 1587 3199 1635 3199 1636 3199 1587 3200 1636 3200 1585 3200 1585 3201 1636 3201 1637 3201 1585 3202 1637 3202 1583 3202 1583 3203 1637 3203 1638 3203 1583 3204 1638 3204 1581 3204 1581 3205 1638 3205 1639 3205 1581 3206 1639 3206 1579 3206 1579 3207 1639 3207 1640 3207 1579 3208 1640 3208 1577 3208 1577 3209 1640 3209 1641 3209 1577 3210 1641 3210 1575 3210 1575 3211 1641 3211 1642 3211 1575 3212 1642 3212 1573 3212 1573 3213 1642 3213 1643 3213 1573 3214 1643 3214 1571 3214 1571 3215 1643 3215 1644 3215 1571 3216 1644 3216 1569 3216 1569 3217 1644 3217 1645 3217 1569 3218 1645 3218 1567 3218 1567 3219 1645 3219 1646 3219 1567 3220 1646 3220 1565 3220 1565 3221 1646 3221 1647 3221 1565 3222 1647 3222 1563 3222 1563 3223 1647 3223 1648 3223 1563 3224 1648 3224 1629 3224 1629 3225 1648 3225 1649 3225 1629 3226 1649 3226 1627 3226 1627 3227 1649 3227 1650 3227 1627 3228 1650 3228 1625 3228 1625 3229 1650 3229 1651 3229 1625 3230 1651 3230 1623 3230 1623 3231 1651 3231 1652 3231 1623 3232 1652 3232 1621 3232 1621 3233 1652 3233 1653 3233 1621 3234 1653 3234 1619 3234 1619 3235 1653 3235 1654 3235 1619 3236 1654 3236 1617 3236 1617 3237 1654 3237 1655 3237 1617 3238 1655 3238 1615 3238 1615 3239 1655 3239 1656 3239 1615 3240 1656 3240 1613 3240 1613 3241 1656 3241 1657 3241 1613 3242 1657 3242 1611 3242 1611 3243 1657 3243 1658 3243 1611 3244 1658 3244 1609 3244 1609 3245 1658 3245 1659 3245 1609 3246 1659 3246 1607 3246 1607 3247 1659 3247 1660 3247 1607 3248 1660 3248 1605 3248 1605 3249 1660 3249 1661 3249 1605 3250 1661 3250 1603 3250 1603 3251 1661 3251 1662 3251 1603 3252 1662 3252 1601 3252 1601 3253 1662 3253 1663 3253 1601 3254 1663 3254 1599 3254 1599 3255 1663 3255 1664 3255 1599 3256 1664 3256 1597 3256 1597 3257 1664 3257 1631 3257 1665 3258 1666 3258 1618 3258 1618 3259 1666 3259 1667 3259 1618 3260 1667 3260 1620 3260 1620 3261 1667 3261 1668 3261 1620 3262 1668 3262 1622 3262 1622 3263 1668 3263 1669 3263 1622 3264 1669 3264 1624 3264 1624 3265 1669 3265 1670 3265 1624 3266 1670 3266 1626 3266 1626 3267 1670 3267 1671 3267 1626 3268 1671 3268 1628 3268 1628 3269 1671 3269 1672 3269 1628 3270 1672 3270 1630 3270 1630 3271 1672 3271 1673 3271 1630 3272 1673 3272 1564 3272 1564 3273 1673 3273 1674 3273 1564 3274 1674 3274 1566 3274 1566 3275 1674 3275 1675 3275 1566 3276 1675 3276 1568 3276 1568 3277 1675 3277 1676 3277 1568 3278 1676 3278 1570 3278 1570 3279 1676 3279 1677 3279 1570 3280 1677 3280 1572 3280 1572 3281 1677 3281 1678 3281 1572 3282 1678 3282 1574 3282 1574 3283 1678 3283 1679 3283 1574 3284 1679 3284 1576 3284 1576 3285 1679 3285 1680 3285 1576 3286 1680 3286 1578 3286 1578 3287 1680 3287 1681 3287 1578 3288 1681 3288 1580 3288 1580 3289 1681 3289 1682 3289 1580 3290 1682 3290 1582 3290 1582 3291 1682 3291 1683 3291 1582 3292 1683 3292 1584 3292 1584 3293 1683 3293 1684 3293 1584 3294 1684 3294 1586 3294 1586 3295 1684 3295 1685 3295 1586 3296 1685 3296 1588 3296 1588 3297 1685 3297 1686 3297 1588 3298 1686 3298 1590 3298 1590 3299 1686 3299 1687 3299 1590 3300 1687 3300 1592 3300 1592 3301 1687 3301 1688 3301 1592 3302 1688 3302 1594 3302 1594 3303 1688 3303 1689 3303 1594 3304 1689 3304 1596 3304 1596 3305 1689 3305 1690 3305 1596 3306 1690 3306 1598 3306 1598 3307 1690 3307 1691 3307 1598 3308 1691 3308 1600 3308 1600 3309 1691 3309 1692 3309 1600 3310 1692 3310 1602 3310 1602 3311 1692 3311 1693 3311 1602 3312 1693 3312 1604 3312 1604 3313 1693 3313 1694 3313 1604 3314 1694 3314 1606 3314 1606 3315 1694 3315 1695 3315 1606 3316 1695 3316 1608 3316 1608 3317 1695 3317 1696 3317 1608 3318 1696 3318 1610 3318 1610 3319 1696 3319 1697 3319 1610 3320 1697 3320 1612 3320 1612 3321 1697 3321 1698 3321 1612 3322 1698 3322 1614 3322 1614 3323 1698 3323 1699 3323 1614 3324 1699 3324 1616 3324 1616 3325 1699 3325 1665 3325 1616 3326 1665 3326 1618 3326 1692 3327 1691 3327 1700 3327 1700 3328 1701 3328 1692 3328 1692 3329 1701 3329 1702 3329 1692 3330 1702 3330 1693 3330 1702 3331 1703 3331 1693 3331 1693 3332 1703 3332 1704 3332 1693 3333 1704 3333 1694 3333 1704 3334 1705 3334 1694 3334 1694 3335 1705 3335 1706 3335 1694 3336 1706 3336 1695 3336 1706 3337 1707 3337 1695 3337 1695 3338 1707 3338 1708 3338 1695 3339 1708 3339 1696 3339 1708 3340 1709 3340 1696 3340 1696 3341 1709 3341 1710 3341 1696 3342 1710 3342 1697 3342 1710 3343 1711 3343 1697 3343 1697 3344 1711 3344 1712 3344 1697 3345 1712 3345 1698 3345 1712 3346 1713 3346 1698 3346 1698 3347 1713 3347 1714 3347 1698 3348 1714 3348 1699 3348 1714 3349 1715 3349 1699 3349 1699 3350 1715 3350 1716 3350 1699 3351 1716 3351 1665 3351 1716 3352 1717 3352 1665 3352 1665 3353 1717 3353 1718 3353 1665 3354 1718 3354 1666 3354 1718 3355 1719 3355 1666 3355 1666 3356 1719 3356 1720 3356 1666 3357 1720 3357 1667 3357 1720 3358 1721 3358 1667 3358 1667 3359 1721 3359 1722 3359 1667 3360 1722 3360 1668 3360 1722 3361 1723 3361 1668 3361 1668 3362 1723 3362 1724 3362 1668 3363 1724 3363 1669 3363 1724 3364 1725 3364 1669 3364 1669 3365 1725 3365 1726 3365 1669 3366 1726 3366 1670 3366 1726 3367 1727 3367 1670 3367 1670 3368 1727 3368 1728 3368 1670 3369 1728 3369 1671 3369 1728 3370 1729 3370 1671 3370 1671 3371 1729 3371 1730 3371 1671 3372 1730 3372 1672 3372 1730 3373 1731 3373 1672 3373 1672 3374 1731 3374 1732 3374 1672 3375 1732 3375 1673 3375 1673 3376 1732 3376 1733 3376 1673 3377 1733 3377 1674 3377 1733 3378 1734 3378 1674 3378 1674 3379 1734 3379 1735 3379 1674 3380 1735 3380 1675 3380 1735 3381 1736 3381 1675 3381 1675 3382 1736 3382 1737 3382 1675 3383 1737 3383 1676 3383 1737 3384 1738 3384 1676 3384 1676 3385 1738 3385 1739 3385 1676 3386 1739 3386 1677 3386 1739 3387 1740 3387 1677 3387 1677 3388 1740 3388 1741 3388 1677 3389 1741 3389 1678 3389 1741 3390 1742 3390 1678 3390 1678 3391 1742 3391 1743 3391 1678 3392 1743 3392 1679 3392 1743 3393 1744 3393 1679 3393 1679 3394 1744 3394 1745 3394 1679 3395 1745 3395 1680 3395 1745 3396 1746 3396 1680 3396 1680 3397 1746 3397 1747 3397 1680 3398 1747 3398 1681 3398 1747 3399 1748 3399 1681 3399 1681 3400 1748 3400 1749 3400 1681 3401 1749 3401 1682 3401 1749 3402 1750 3402 1682 3402 1682 3403 1750 3403 1751 3403 1682 3404 1751 3404 1683 3404 1751 3405 1752 3405 1683 3405 1683 3406 1752 3406 1753 3406 1683 3407 1753 3407 1684 3407 1753 3408 1754 3408 1684 3408 1684 3409 1754 3409 1755 3409 1684 3410 1755 3410 1685 3410 1755 3411 1756 3411 1685 3411 1685 3412 1756 3412 1757 3412 1685 3413 1757 3413 1686 3413 1757 3414 1758 3414 1686 3414 1686 3415 1758 3415 1759 3415 1686 3416 1759 3416 1687 3416 1687 3417 1759 3417 1760 3417 1760 3418 1761 3418 1687 3418 1687 3419 1761 3419 1762 3419 1687 3420 1762 3420 1688 3420 1762 3421 1763 3421 1688 3421 1688 3422 1763 3422 1764 3422 1688 3423 1764 3423 1689 3423 1689 3424 1764 3424 1765 3424 1689 3425 1765 3425 1690 3425 1690 3426 1765 3426 1766 3426 1690 3427 1766 3427 1691 3427 1691 3428 1766 3428 1767 3428 1691 3429 1767 3429 1700 3429 1664 3430 1768 3430 1631 3430 1631 3431 1768 3431 1769 3431 1631 3432 1769 3432 1632 3432 1632 3433 1769 3433 1770 3433 1632 3434 1770 3434 1633 3434 1633 3435 1770 3435 1771 3435 1633 3436 1771 3436 1634 3436 1634 3437 1771 3437 1772 3437 1634 3438 1772 3438 1635 3438 1635 3439 1772 3439 1773 3439 1635 3440 1773 3440 1636 3440 1636 3441 1773 3441 1774 3441 1636 3442 1774 3442 1637 3442 1637 3443 1774 3443 1775 3443 1637 3444 1775 3444 1638 3444 1638 3445 1775 3445 1776 3445 1638 3446 1776 3446 1639 3446 1639 3447 1776 3447 1777 3447 1639 3448 1777 3448 1640 3448 1640 3449 1777 3449 1778 3449 1640 3450 1778 3450 1641 3450 1641 3451 1778 3451 1779 3451 1641 3452 1779 3452 1642 3452 1642 3453 1779 3453 1780 3453 1642 3454 1780 3454 1643 3454 1643 3455 1780 3455 1781 3455 1643 3456 1781 3456 1644 3456 1644 3457 1781 3457 1782 3457 1644 3458 1782 3458 1645 3458 1645 3459 1782 3459 1783 3459 1645 3460 1783 3460 1646 3460 1646 3461 1783 3461 1784 3461 1646 3462 1784 3462 1647 3462 1647 3463 1784 3463 1785 3463 1647 3464 1785 3464 1648 3464 1648 3465 1785 3465 1786 3465 1648 3466 1786 3466 1649 3466 1649 3467 1786 3467 1787 3467 1649 3468 1787 3468 1650 3468 1650 3469 1787 3469 1788 3469 1650 3470 1788 3470 1651 3470 1651 3471 1788 3471 1789 3471 1651 3472 1789 3472 1652 3472 1652 3473 1789 3473 1790 3473 1652 3474 1790 3474 1653 3474 1653 3475 1790 3475 1791 3475 1653 3476 1791 3476 1654 3476 1654 3477 1791 3477 1792 3477 1654 3478 1792 3478 1655 3478 1655 3479 1792 3479 1793 3479 1655 3480 1793 3480 1656 3480 1656 3481 1793 3481 1794 3481 1656 3482 1794 3482 1657 3482 1657 3483 1794 3483 1795 3483 1657 3484 1795 3484 1658 3484 1658 3485 1795 3485 1796 3485 1658 3486 1796 3486 1659 3486 1659 3487 1796 3487 1797 3487 1659 3488 1797 3488 1660 3488 1660 3489 1797 3489 1798 3489 1660 3490 1798 3490 1661 3490 1661 3491 1798 3491 1799 3491 1661 3492 1799 3492 1662 3492 1662 3493 1799 3493 1800 3493 1662 3494 1800 3494 1663 3494 1663 3495 1800 3495 1801 3495 1663 3496 1801 3496 1664 3496 1664 3497 1801 3497 1768 3497 1765 3498 1802 3498 1803 3498 1765 3499 1764 3499 1802 3499 1802 3500 1764 3500 1763 3500 1802 3501 1763 3501 1804 3501 1763 3502 1762 3502 1804 3502 1804 3503 1762 3503 1761 3503 1804 3504 1761 3504 1805 3504 1761 3505 1760 3505 1805 3505 1805 3506 1760 3506 1759 3506 1805 3507 1759 3507 1806 3507 1759 3508 1758 3508 1806 3508 1806 3509 1758 3509 1757 3509 1806 3510 1757 3510 1807 3510 1757 3511 1756 3511 1807 3511 1807 3512 1756 3512 1755 3512 1807 3513 1755 3513 1808 3513 1755 3514 1754 3514 1808 3514 1808 3515 1754 3515 1753 3515 1808 3516 1753 3516 1809 3516 1753 3517 1752 3517 1809 3517 1809 3518 1752 3518 1751 3518 1809 3519 1751 3519 1810 3519 1751 3520 1750 3520 1810 3520 1810 3521 1750 3521 1749 3521 1810 3522 1749 3522 1811 3522 1749 3523 1748 3523 1811 3523 1811 3524 1748 3524 1747 3524 1811 3525 1747 3525 1812 3525 1747 3526 1746 3526 1812 3526 1812 3527 1746 3527 1745 3527 1812 3528 1745 3528 1813 3528 1745 3529 1744 3529 1813 3529 1813 3530 1744 3530 1743 3530 1813 3531 1743 3531 1814 3531 1743 3532 1742 3532 1814 3532 1814 3533 1742 3533 1741 3533 1814 3534 1741 3534 1815 3534 1741 3535 1740 3535 1815 3535 1815 3536 1740 3536 1739 3536 1815 3537 1739 3537 1816 3537 1739 3538 1738 3538 1816 3538 1816 3539 1738 3539 1737 3539 1816 3540 1737 3540 1817 3540 1737 3541 1736 3541 1817 3541 1817 3542 1736 3542 1735 3542 1817 3543 1735 3543 1818 3543 1735 3544 1734 3544 1818 3544 1818 3545 1734 3545 1733 3545 1818 3546 1733 3546 1819 3546 1733 3547 1732 3547 1819 3547 1819 3548 1732 3548 1731 3548 1819 3549 1731 3549 1820 3549 1731 3550 1730 3550 1820 3550 1820 3551 1730 3551 1729 3551 1820 3552 1729 3552 1821 3552 1729 3553 1728 3553 1821 3553 1821 3554 1728 3554 1727 3554 1821 3555 1727 3555 1822 3555 1727 3556 1726 3556 1822 3556 1822 3557 1726 3557 1725 3557 1822 3558 1725 3558 1823 3558 1725 3559 1724 3559 1823 3559 1823 3560 1724 3560 1723 3560 1823 3561 1723 3561 1824 3561 1723 3562 1722 3562 1824 3562 1824 3563 1722 3563 1721 3563 1824 3564 1721 3564 1825 3564 1721 3565 1720 3565 1825 3565 1825 3566 1720 3566 1719 3566 1825 3567 1719 3567 1826 3567 1719 3568 1718 3568 1826 3568 1826 3569 1718 3569 1717 3569 1826 3570 1717 3570 1827 3570 1717 3571 1716 3571 1827 3571 1827 3572 1716 3572 1715 3572 1827 3573 1715 3573 1828 3573 1715 3574 1714 3574 1828 3574 1828 3575 1714 3575 1713 3575 1828 3576 1713 3576 1829 3576 1713 3577 1712 3577 1829 3577 1829 3578 1712 3578 1711 3578 1829 3579 1711 3579 1830 3579 1711 3580 1710 3580 1830 3580 1830 3581 1710 3581 1709 3581 1830 3582 1709 3582 1831 3582 1709 3583 1708 3583 1831 3583 1831 3584 1708 3584 1707 3584 1831 3585 1707 3585 1832 3585 1707 3586 1706 3586 1832 3586 1832 3587 1706 3587 1705 3587 1832 3588 1705 3588 1833 3588 1705 3589 1704 3589 1833 3589 1833 3590 1704 3590 1703 3590 1833 3591 1703 3591 1834 3591 1703 3592 1702 3592 1834 3592 1834 3593 1702 3593 1701 3593 1834 3594 1701 3594 1835 3594 1701 3595 1700 3595 1835 3595 1835 3596 1700 3596 1767 3596 1835 3597 1767 3597 1803 3597 1803 3598 1767 3598 1766 3598 1803 3599 1766 3599 1765 3599 1779 3600 1814 3600 1780 3600 1780 3601 1814 3601 1815 3601 1780 3602 1815 3602 1781 3602 1781 3603 1815 3603 1816 3603 1781 3604 1816 3604 1782 3604 1782 3605 1816 3605 1817 3605 1782 3606 1817 3606 1783 3606 1783 3607 1817 3607 1818 3607 1783 3608 1818 3608 1784 3608 1784 3609 1818 3609 1819 3609 1784 3610 1819 3610 1785 3610 1785 3611 1819 3611 1820 3611 1785 3612 1820 3612 1786 3612 1786 3613 1820 3613 1821 3613 1786 3614 1821 3614 1787 3614 1787 3615 1821 3615 1822 3615 1787 3616 1822 3616 1788 3616 1788 3617 1822 3617 1823 3617 1788 3618 1823 3618 1789 3618 1789 3619 1823 3619 1824 3619 1789 3620 1824 3620 1790 3620 1790 3621 1824 3621 1825 3621 1790 3622 1825 3622 1791 3622 1791 3623 1825 3623 1826 3623 1791 3624 1826 3624 1792 3624 1792 3625 1826 3625 1827 3625 1792 3626 1827 3626 1793 3626 1793 3627 1827 3627 1828 3627 1793 3628 1828 3628 1794 3628 1794 3629 1828 3629 1829 3629 1794 3630 1829 3630 1795 3630 1795 3631 1829 3631 1830 3631 1795 3632 1830 3632 1796 3632 1796 3633 1830 3633 1831 3633 1796 3634 1831 3634 1797 3634 1797 3635 1831 3635 1832 3635 1797 3636 1832 3636 1798 3636 1798 3637 1832 3637 1833 3637 1798 3638 1833 3638 1799 3638 1799 3639 1833 3639 1834 3639 1799 3640 1834 3640 1800 3640 1800 3641 1834 3641 1835 3641 1800 3642 1835 3642 1801 3642 1801 3643 1835 3643 1803 3643 1801 3644 1803 3644 1768 3644 1768 3645 1803 3645 1802 3645 1768 3646 1802 3646 1769 3646 1769 3647 1802 3647 1804 3647 1769 3648 1804 3648 1770 3648 1770 3649 1804 3649 1805 3649 1770 3650 1805 3650 1771 3650 1771 3651 1805 3651 1806 3651 1771 3652 1806 3652 1772 3652 1772 3653 1806 3653 1807 3653 1772 3654 1807 3654 1773 3654 1773 3655 1807 3655 1808 3655 1773 3656 1808 3656 1774 3656 1774 3657 1808 3657 1809 3657 1774 3658 1809 3658 1775 3658 1775 3659 1809 3659 1810 3659 1775 3660 1810 3660 1776 3660 1776 3661 1810 3661 1811 3661 1776 3662 1811 3662 1777 3662 1777 3663 1811 3663 1812 3663 1777 3664 1812 3664 1778 3664 1778 3665 1812 3665 1813 3665 1778 3666 1813 3666 1779 3666 1779 3667 1813 3667 1814 3667 1836 3668 1837 3668 1838 3668 1839 3669 1837 3669 1836 3669 1836 3670 1840 3670 1841 3670 1842 3671 1840 3671 1836 3671 1838 3672 1842 3672 1836 3672 1836 3673 1843 3673 1844 3673 1845 3674 1843 3674 1836 3674 1841 3675 1845 3675 1836 3675 1836 3676 1846 3676 1847 3676 1848 3677 1846 3677 1836 3677 1844 3678 1848 3678 1836 3678 1847 3679 1839 3679 1836 3679 1849 3680 1850 3680 1851 3680 1852 3681 1850 3681 1849 3681 1849 3682 1853 3682 1854 3682 1855 3683 1853 3683 1849 3683 1851 3684 1855 3684 1849 3684 1849 3685 1856 3685 1857 3685 1858 3686 1856 3686 1849 3686 1854 3687 1858 3687 1849 3687 1849 3688 1859 3688 1860 3688 1861 3689 1859 3689 1849 3689 1857 3690 1861 3690 1849 3690 1860 3691 1852 3691 1849 3691 1862 3692 1863 3692 1864 3692 1865 3693 1863 3693 1862 3693 1862 3694 1866 3694 1867 3694 1868 3695 1866 3695 1862 3695 1864 3696 1868 3696 1862 3696 1862 3697 1869 3697 1870 3697 1871 3698 1869 3698 1862 3698 1867 3699 1871 3699 1862 3699 1862 3700 1872 3700 1873 3700 1874 3701 1872 3701 1862 3701 1870 3702 1874 3702 1862 3702 1873 3703 1865 3703 1862 3703 1875 3704 1876 3704 1877 3704 1878 3705 1876 3705 1875 3705 1875 3706 1879 3706 1880 3706 1881 3707 1879 3707 1875 3707 1877 3708 1881 3708 1875 3708 1875 3709 1882 3709 1883 3709 1884 3710 1882 3710 1875 3710 1880 3711 1884 3711 1875 3711 1875 3712 1885 3712 1886 3712 1887 3713 1885 3713 1875 3713 1883 3714 1887 3714 1875 3714 1886 3715 1878 3715 1875 3715 1888 3716 1889 3716 1890 3716 1891 3717 1889 3717 1888 3717 1888 3718 1892 3718 1893 3718 1894 3719 1892 3719 1888 3719 1890 3720 1894 3720 1888 3720 1888 3721 1895 3721 1896 3721 1897 3722 1895 3722 1888 3722 1893 3723 1897 3723 1888 3723 1888 3724 1898 3724 1899 3724 1900 3725 1898 3725 1888 3725 1896 3726 1900 3726 1888 3726 1899 3727 1891 3727 1888 3727 1901 3728 1902 3728 1903 3728 1904 3729 1902 3729 1901 3729 1901 3730 1905 3730 1906 3730 1907 3731 1905 3731 1901 3731 1903 3732 1907 3732 1901 3732 1901 3733 1908 3733 1909 3733 1910 3734 1908 3734 1901 3734 1906 3735 1910 3735 1901 3735 1901 3736 1911 3736 1912 3736 1913 3737 1911 3737 1901 3737 1909 3738 1913 3738 1901 3738 1912 3739 1904 3739 1901 3739 1839 3740 1914 3740 1837 3740 1837 3741 1914 3741 1915 3741 1837 3742 1915 3742 1838 3742 1838 3743 1915 3743 1916 3743 1838 3744 1916 3744 1842 3744 1842 3745 1916 3745 1917 3745 1842 3746 1917 3746 1840 3746 1840 3747 1917 3747 1918 3747 1840 3748 1918 3748 1841 3748 1841 3749 1918 3749 1919 3749 1841 3750 1919 3750 1845 3750 1845 3751 1919 3751 1920 3751 1845 3752 1920 3752 1843 3752 1843 3753 1920 3753 1921 3753 1843 3754 1921 3754 1844 3754 1844 3755 1921 3755 1922 3755 1844 3756 1922 3756 1848 3756 1848 3757 1922 3757 1923 3757 1848 3758 1923 3758 1846 3758 1846 3759 1923 3759 1924 3759 1846 3760 1924 3760 1847 3760 1847 3761 1924 3761 1925 3761 1847 3762 1925 3762 1839 3762 1839 3763 1925 3763 1914 3763 1852 3764 1926 3764 1850 3764 1850 3765 1926 3765 1927 3765 1850 3766 1927 3766 1851 3766 1851 3767 1927 3767 1928 3767 1851 3768 1928 3768 1855 3768 1855 3769 1928 3769 1929 3769 1855 3770 1929 3770 1853 3770 1853 3771 1929 3771 1930 3771 1853 3772 1930 3772 1854 3772 1854 3773 1930 3773 1931 3773 1854 3774 1931 3774 1858 3774 1858 3775 1931 3775 1932 3775 1858 3776 1932 3776 1856 3776 1856 3777 1932 3777 1933 3777 1856 3778 1933 3778 1857 3778 1857 3779 1933 3779 1934 3779 1857 3780 1934 3780 1861 3780 1861 3781 1934 3781 1935 3781 1861 3782 1935 3782 1859 3782 1859 3783 1935 3783 1936 3783 1859 3784 1936 3784 1860 3784 1860 3785 1936 3785 1937 3785 1860 3786 1937 3786 1852 3786 1852 3787 1937 3787 1926 3787 1865 3788 1938 3788 1863 3788 1863 3789 1938 3789 1939 3789 1863 3790 1939 3790 1864 3790 1864 3791 1939 3791 1940 3791 1864 3792 1940 3792 1868 3792 1868 3793 1940 3793 1941 3793 1868 3794 1941 3794 1866 3794 1866 3795 1941 3795 1942 3795 1866 3796 1942 3796 1867 3796 1867 3797 1942 3797 1943 3797 1867 3798 1943 3798 1871 3798 1871 3799 1943 3799 1944 3799 1871 3800 1944 3800 1869 3800 1869 3801 1944 3801 1945 3801 1869 3802 1945 3802 1870 3802 1870 3803 1945 3803 1946 3803 1870 3804 1946 3804 1874 3804 1874 3805 1946 3805 1947 3805 1874 3806 1947 3806 1872 3806 1872 3807 1947 3807 1948 3807 1872 3808 1948 3808 1873 3808 1873 3809 1948 3809 1949 3809 1873 3810 1949 3810 1865 3810 1865 3811 1949 3811 1938 3811 1878 3812 1950 3812 1876 3812 1876 3813 1950 3813 1951 3813 1876 3814 1951 3814 1877 3814 1877 3815 1951 3815 1952 3815 1877 3816 1952 3816 1881 3816 1881 3817 1952 3817 1953 3817 1881 3818 1953 3818 1879 3818 1879 3819 1953 3819 1954 3819 1879 3820 1954 3820 1880 3820 1880 3821 1954 3821 1955 3821 1880 3822 1955 3822 1884 3822 1884 3823 1955 3823 1956 3823 1884 3824 1956 3824 1882 3824 1882 3825 1956 3825 1957 3825 1882 3826 1957 3826 1883 3826 1883 3827 1957 3827 1958 3827 1883 3828 1958 3828 1887 3828 1887 3829 1958 3829 1959 3829 1887 3830 1959 3830 1885 3830 1885 3831 1959 3831 1960 3831 1885 3832 1960 3832 1886 3832 1886 3833 1960 3833 1961 3833 1886 3834 1961 3834 1878 3834 1878 3835 1961 3835 1950 3835 1891 3836 1962 3836 1889 3836 1889 3837 1962 3837 1963 3837 1889 3838 1963 3838 1890 3838 1890 3839 1963 3839 1964 3839 1890 3840 1964 3840 1894 3840 1894 3841 1964 3841 1965 3841 1894 3842 1965 3842 1892 3842 1892 3843 1965 3843 1966 3843 1892 3844 1966 3844 1893 3844 1893 3845 1966 3845 1967 3845 1893 3846 1967 3846 1897 3846 1897 3847 1967 3847 1968 3847 1897 3848 1968 3848 1895 3848 1895 3849 1968 3849 1969 3849 1895 3850 1969 3850 1896 3850 1896 3851 1969 3851 1970 3851 1896 3852 1970 3852 1900 3852 1900 3853 1970 3853 1971 3853 1900 3854 1971 3854 1898 3854 1898 3855 1971 3855 1972 3855 1898 3856 1972 3856 1899 3856 1899 3857 1972 3857 1973 3857 1899 3858 1973 3858 1891 3858 1891 3859 1973 3859 1962 3859 1904 3860 1974 3860 1902 3860 1902 3861 1974 3861 1975 3861 1902 3862 1975 3862 1903 3862 1903 3863 1975 3863 1976 3863 1903 3864 1976 3864 1907 3864 1907 3865 1976 3865 1977 3865 1907 3866 1977 3866 1905 3866 1905 3867 1977 3867 1978 3867 1905 3868 1978 3868 1906 3868 1906 3869 1978 3869 1979 3869 1906 3870 1979 3870 1910 3870 1910 3871 1979 3871 1980 3871 1910 3872 1980 3872 1908 3872 1908 3873 1980 3873 1981 3873 1908 3874 1981 3874 1909 3874 1909 3875 1981 3875 1982 3875 1909 3876 1982 3876 1913 3876 1913 3877 1982 3877 1983 3877 1913 3878 1983 3878 1911 3878 1911 3879 1983 3879 1984 3879 1911 3880 1984 3880 1912 3880 1912 3881 1984 3881 1985 3881 1912 3882 1985 3882 1904 3882 1904 3883 1985 3883 1974 3883 1986 3884 1987 3884 1988 3884 1989 3885 1987 3885 1986 3885 1986 3886 1990 3886 1991 3886 1992 3887 1990 3887 1986 3887 1988 3888 1992 3888 1986 3888 1986 3889 1993 3889 1994 3889 1995 3890 1993 3890 1986 3890 1991 3891 1995 3891 1986 3891 1986 3892 1996 3892 1997 3892 1998 3893 1996 3893 1986 3893 1994 3894 1998 3894 1986 3894 1997 3895 1989 3895 1986 3895 1999 3896 2000 3896 2001 3896 2001 3897 2000 3897 2002 3897 2003 3898 2004 3898 2005 3898 2005 3899 2004 3899 2006 3899 2007 3900 2008 3900 2009 3900 2009 3901 2008 3901 2010 3901 2011 3902 2012 3902 2013 3902 2013 3903 2012 3903 2014 3903 2015 3904 2016 3904 2017 3904 2017 3905 2016 3905 2018 3905 2019 3906 2020 3906 2021 3906 2021 3907 2020 3907 2022 3907 2023 3908 2024 3908 2025 3908 2025 3909 2024 3909 2026 3909 2027 3910 2028 3910 2029 3910 2029 3911 2028 3911 2030 3911 2031 3912 2032 3912 2033 3912 2033 3913 2032 3913 2034 3913 2035 3914 2036 3914 2037 3914 2037 3915 2036 3915 2038 3915 2039 3916 2040 3916 2041 3916 2041 3917 2040 3917 2042 3917 2043 3918 2044 3918 2045 3918 2045 3919 2044 3919 2046 3919 2047 3920 2048 3920 2049 3920 2049 3921 2048 3921 2050 3921 2051 3922 2052 3922 2050 3922 2050 3923 2052 3923 2053 3923 2050 3924 2053 3924 2049 3924 2048 3925 2054 3925 2050 3925 2050 3926 2054 3926 2055 3926 2050 3927 2055 3927 2051 3927 2051 3928 2055 3928 2056 3928 2051 3929 2056 3929 2057 3929 2057 3930 2058 3930 2051 3930 2051 3931 2058 3931 2059 3931 2051 3932 2059 3932 2060 3932 2060 3933 2059 3933 2061 3933 2061 3934 2062 3934 2060 3934 2060 3935 2062 3935 2063 3935 2060 3936 2063 3936 2064 3936 2064 3937 2063 3937 2065 3937 2064 3938 2065 3938 2040 3938 2040 3939 2065 3939 2066 3939 2040 3940 2066 3940 2042 3940 2067 3941 2068 3941 2069 3941 2070 3942 2071 3942 2003 3942 2003 3943 2071 3943 2004 3943 2069 3944 2072 3944 2073 3944 2074 3945 2075 3945 2073 3945 2076 3946 2077 3946 2078 3946 2078 3947 2077 3947 2079 3947 2068 3948 2076 3948 2069 3948 2069 3949 2076 3949 2078 3949 2069 3950 2078 3950 2072 3950 2072 3951 2078 3951 2079 3951 2072 3952 2079 3952 2080 3952 2073 3953 2075 3953 2069 3953 2069 3954 2075 3954 2081 3954 2069 3955 2081 3955 2067 3955 2082 3956 2083 3956 2084 3956 2084 3957 2083 3957 2071 3957 2084 3958 2071 3958 2085 3958 2085 3959 2071 3959 2070 3959 2082 3960 2086 3960 2083 3960 2083 3961 2086 3961 2087 3961 2083 3962 2087 3962 2073 3962 2073 3963 2087 3963 2088 3963 2073 3964 2088 3964 2074 3964 1915 3965 2089 3965 1916 3965 1916 3966 2089 3966 2090 3966 1916 3967 2090 3967 1917 3967 1917 3968 2090 3968 2091 3968 1917 3969 2091 3969 1918 3969 1918 3970 2091 3970 2092 3970 1918 3971 2092 3971 1919 3971 1919 3972 2092 3972 2093 3972 1919 3973 2093 3973 1920 3973 1920 3974 2093 3974 2094 3974 1920 3975 2094 3975 1921 3975 1921 3976 2094 3976 2095 3976 1921 3977 2095 3977 1922 3977 1922 3978 2095 3978 2096 3978 1922 3979 2096 3979 1923 3979 1923 3980 2096 3980 2097 3980 1923 3981 2097 3981 1924 3981 1924 3982 2097 3982 2098 3982 1924 3983 2098 3983 1925 3983 1925 3984 2098 3984 2099 3984 1925 3985 2099 3985 1914 3985 1914 3986 2099 3986 2100 3986 1914 3987 2100 3987 1915 3987 1915 3988 2100 3988 2089 3988 1927 3989 2101 3989 1928 3989 1928 3990 2101 3990 2102 3990 1928 3991 2102 3991 1929 3991 1929 3992 2102 3992 2103 3992 1929 3993 2103 3993 1930 3993 1930 3994 2103 3994 2104 3994 1930 3995 2104 3995 1931 3995 1931 3996 2104 3996 2105 3996 1931 3997 2105 3997 1932 3997 1932 3998 2105 3998 2106 3998 1932 3999 2106 3999 1933 3999 1933 4000 2106 4000 2107 4000 1933 4001 2107 4001 1934 4001 1934 4002 2107 4002 2108 4002 1934 4003 2108 4003 1935 4003 1935 4004 2108 4004 2109 4004 1935 4005 2109 4005 1936 4005 1936 4006 2109 4006 2110 4006 1936 4007 2110 4007 1937 4007 1937 4008 2110 4008 2111 4008 1937 4009 2111 4009 1926 4009 1926 4010 2111 4010 2112 4010 1926 4011 2112 4011 1927 4011 1927 4012 2112 4012 2101 4012 1939 4013 2113 4013 1940 4013 1940 4014 2113 4014 2114 4014 1940 4015 2114 4015 1941 4015 1941 4016 2114 4016 2115 4016 1941 4017 2115 4017 1942 4017 1942 4018 2115 4018 2116 4018 1942 4019 2116 4019 1943 4019 1943 4020 2116 4020 2117 4020 1943 4021 2117 4021 1944 4021 1944 4022 2117 4022 2118 4022 1944 4023 2118 4023 1945 4023 1945 4024 2118 4024 2119 4024 1945 4025 2119 4025 1946 4025 1946 4026 2119 4026 2120 4026 1946 4027 2120 4027 1947 4027 1947 4028 2120 4028 2121 4028 1947 4029 2121 4029 1948 4029 1948 4030 2121 4030 2122 4030 1948 4031 2122 4031 1949 4031 1949 4032 2122 4032 2123 4032 1949 4033 2123 4033 1938 4033 1938 4034 2123 4034 2124 4034 1938 4035 2124 4035 1939 4035 1939 4036 2124 4036 2113 4036 1951 4037 2125 4037 1952 4037 1952 4038 2125 4038 2126 4038 1952 4039 2126 4039 1953 4039 1953 4040 2126 4040 2127 4040 1953 4041 2127 4041 1954 4041 1954 4042 2127 4042 2128 4042 1954 4043 2128 4043 1955 4043 1955 4044 2128 4044 2129 4044 1955 4045 2129 4045 1956 4045 1956 4046 2129 4046 2130 4046 1956 4047 2130 4047 1957 4047 1957 4048 2130 4048 2131 4048 1957 4049 2131 4049 1958 4049 1958 4050 2131 4050 2132 4050 1958 4051 2132 4051 1959 4051 1959 4052 2132 4052 2133 4052 1959 4053 2133 4053 1960 4053 1960 4054 2133 4054 2134 4054 1960 4055 2134 4055 1961 4055 1961 4056 2134 4056 2135 4056 1961 4057 2135 4057 1950 4057 1950 4058 2135 4058 2136 4058 1950 4059 2136 4059 1951 4059 1951 4060 2136 4060 2125 4060 1963 4061 2137 4061 1964 4061 1964 4062 2137 4062 2138 4062 1964 4063 2138 4063 1965 4063 1965 4064 2138 4064 2139 4064 1965 4065 2139 4065 1966 4065 1966 4066 2139 4066 2140 4066 1966 4067 2140 4067 1967 4067 1967 4068 2140 4068 2141 4068 1967 4069 2141 4069 1968 4069 1968 4070 2141 4070 2142 4070 1968 4071 2142 4071 1969 4071 1969 4072 2142 4072 2143 4072 1969 4073 2143 4073 1970 4073 1970 4074 2143 4074 2144 4074 1970 4075 2144 4075 1971 4075 1971 4076 2144 4076 2145 4076 1971 4077 2145 4077 1972 4077 1972 4078 2145 4078 2146 4078 1972 4079 2146 4079 1973 4079 1973 4080 2146 4080 2147 4080 1973 4081 2147 4081 1962 4081 1962 4082 2147 4082 2148 4082 1962 4083 2148 4083 1963 4083 1963 4084 2148 4084 2137 4084 1975 4085 2149 4085 1976 4085 1976 4086 2149 4086 2150 4086 1976 4087 2150 4087 1977 4087 1977 4088 2150 4088 2151 4088 1977 4089 2151 4089 1978 4089 1978 4090 2151 4090 2152 4090 1978 4091 2152 4091 1979 4091 1979 4092 2152 4092 2153 4092 1979 4093 2153 4093 1980 4093 1980 4094 2153 4094 2154 4094 1980 4095 2154 4095 1981 4095 1981 4096 2154 4096 2155 4096 1981 4097 2155 4097 1982 4097 1982 4098 2155 4098 2156 4098 1982 4099 2156 4099 1983 4099 1983 4100 2156 4100 2157 4100 1983 4101 2157 4101 1984 4101 1984 4102 2157 4102 2158 4102 1984 4103 2158 4103 1985 4103 1985 4104 2158 4104 2159 4104 1985 4105 2159 4105 1974 4105 1974 4106 2159 4106 2160 4106 1974 4107 2160 4107 1975 4107 1975 4108 2160 4108 2149 4108 2161 4109 2162 4109 2163 4109 2164 4110 2165 4110 2166 4110 2167 4111 2168 4111 2169 4111 2166 4112 2170 4112 2164 4112 2164 4113 2170 4113 2167 4113 2164 4114 2167 4114 2171 4114 2171 4115 2167 4115 2169 4115 2172 4116 2173 4116 2174 4116 2162 4117 2161 4117 2174 4117 2174 4118 2161 4118 2175 4118 2174 4119 2175 4119 2172 4119 2176 4120 2161 4120 2177 4120 2177 4121 2161 4121 2163 4121 2177 4122 2163 4122 2166 4122 2166 4123 2163 4123 2178 4123 2166 4124 2178 4124 2170 4124 1989 4125 2179 4125 1987 4125 1987 4126 2179 4126 2180 4126 1987 4127 2180 4127 1988 4127 1988 4128 2180 4128 2181 4128 1988 4129 2181 4129 1992 4129 1992 4130 2181 4130 2182 4130 1992 4131 2182 4131 1990 4131 1990 4132 2182 4132 2183 4132 1990 4133 2183 4133 1991 4133 1991 4134 2183 4134 2184 4134 1991 4135 2184 4135 1995 4135 1995 4136 2184 4136 2185 4136 1995 4137 2185 4137 1993 4137 1993 4138 2185 4138 2186 4138 1993 4139 2186 4139 1994 4139 1994 4140 2186 4140 2187 4140 1994 4141 2187 4141 1998 4141 1998 4142 2187 4142 2188 4142 1998 4143 2188 4143 1996 4143 1996 4144 2188 4144 2189 4144 1996 4145 2189 4145 1997 4145 1997 4146 2189 4146 2190 4146 1997 4147 2190 4147 1989 4147 1989 4148 2190 4148 2179 4148 2191 4149 2192 4149 2193 4149 2193 4150 2192 4150 2194 4150 2195 4151 2196 4151 2193 4151 2193 4152 2196 4152 2197 4152 2193 4153 2197 4153 2198 4153 2198 4154 2199 4154 2193 4154 2193 4155 2199 4155 2200 4155 2193 4156 2200 4156 2191 4156 2191 4157 2200 4157 2201 4157 2191 4158 2201 4158 2202 4158 2203 4159 2204 4159 2205 4159 2205 4160 2204 4160 2191 4160 2205 4161 2191 4161 2206 4161 2206 4162 2191 4162 2202 4162 2200 4163 2207 4163 2201 4163 2201 4164 2207 4164 2208 4164 2209 4165 2210 4165 2211 4165 2211 4166 2212 4166 2209 4166 2209 4167 2212 4167 2213 4167 2209 4168 2213 4168 2214 4168 2215 4169 2216 4169 2217 4169 2217 4170 2216 4170 2209 4170 2217 4171 2209 4171 2218 4171 2218 4172 2209 4172 2214 4172 2218 4173 2214 4173 2219 4173 2220 4174 2221 4174 2222 4174 2223 4175 2224 4175 2225 4175 2225 4176 2224 4176 2226 4176 2225 4177 2226 4177 2227 4177 2228 4178 2223 4178 2229 4178 2229 4179 2223 4179 2225 4179 2229 4180 2225 4180 2230 4180 2230 4181 2225 4181 2231 4181 2230 4182 2231 4182 2232 4182 2232 4183 2231 4183 2233 4183 2168 4184 2220 4184 2169 4184 2169 4185 2220 4185 2222 4185 2169 4186 2222 4186 2171 4186 2171 4187 2222 4187 2164 4187 2165 4188 2164 4188 2234 4188 2234 4189 2164 4189 2222 4189 2234 4190 2222 4190 2235 4190 2235 4191 2222 4191 2236 4191 2227 4192 2237 4192 2225 4192 2225 4193 2237 4193 2236 4193 2225 4194 2236 4194 2231 4194 2231 4195 2236 4195 2222 4195 2231 4196 2222 4196 2233 4196 2233 4197 2222 4197 2221 4197 2238 4198 2239 4198 2240 4198 2002 4199 2241 4199 2242 4199 2243 4200 2244 4200 2245 4200 2243 4201 2245 4201 2246 4201 2246 4202 2247 4202 2248 4202 2248 4203 2247 4203 2249 4203 2248 4204 2249 4204 2250 4204 2250 4205 2249 4205 2251 4205 1999 4206 2001 4206 2252 4206 2252 4207 2001 4207 2253 4207 2252 4208 2253 4208 2254 4208 2254 4209 2253 4209 2240 4209 2254 4210 2240 4210 2255 4210 2255 4211 2240 4211 2239 4211 2255 4212 2239 4212 2256 4212 2257 4213 2258 4213 2259 4213 2241 4214 2251 4214 2242 4214 2242 4215 2251 4215 2249 4215 2242 4216 2249 4216 2260 4216 2260 4217 2249 4217 2247 4217 2261 4218 2238 4218 2262 4218 2262 4219 2238 4219 2240 4219 2262 4220 2240 4220 2260 4220 2260 4221 2240 4221 2253 4221 2260 4222 2253 4222 2242 4222 2242 4223 2253 4223 2001 4223 2242 4224 2001 4224 2002 4224 2245 4225 2263 4225 2264 4225 2264 4226 2263 4226 2257 4226 2264 4227 2257 4227 2265 4227 2265 4228 2257 4228 2259 4228 2265 4229 2259 4229 2266 4229 2246 4230 2245 4230 2247 4230 2247 4231 2245 4231 2264 4231 2247 4232 2264 4232 2260 4232 2260 4233 2264 4233 2265 4233 2260 4234 2265 4234 2262 4234 2262 4235 2265 4235 2266 4235 2262 4236 2266 4236 2261 4236 2245 4237 2244 4237 2267 4237 2268 4238 2269 4238 2270 4238 2271 4239 2272 4239 2273 4239 2274 4240 2258 4240 2257 4240 2263 4241 2275 4241 2257 4241 2257 4242 2275 4242 2276 4242 2257 4243 2276 4243 2274 4243 2277 4244 2278 4244 2275 4244 2275 4245 2278 4245 2279 4245 2275 4246 2279 4246 2276 4246 2280 4247 2281 4247 2277 4247 2277 4248 2281 4248 2282 4248 2277 4249 2282 4249 2278 4249 2270 4250 2283 4250 2271 4250 2268 4251 2270 4251 2284 4251 2284 4252 2270 4252 2271 4252 2284 4253 2271 4253 2280 4253 2280 4254 2271 4254 2273 4254 2280 4255 2273 4255 2281 4255 2285 4256 2286 4256 2284 4256 2284 4257 2286 4257 2287 4257 2287 4258 2288 4258 2284 4258 2284 4259 2288 4259 2289 4259 2284 4260 2289 4260 2268 4260 2268 4261 2289 4261 2290 4261 2268 4262 2290 4262 2269 4262 2285 4263 2284 4263 2291 4263 2291 4264 2284 4264 2280 4264 2291 4265 2280 4265 2292 4265 2292 4266 2280 4266 2277 4266 2292 4267 2277 4267 2293 4267 2263 4268 2245 4268 2275 4268 2275 4269 2245 4269 2267 4269 2275 4270 2267 4270 2277 4270 2277 4271 2267 4271 2294 4271 2277 4272 2294 4272 2293 4272 2291 4273 2292 4273 2295 4273 2285 4274 2291 4274 2286 4274 2286 4275 2291 4275 2295 4275 2286 4276 2295 4276 2287 4276 2287 4277 2295 4277 2288 4277 2267 4278 2296 4278 2294 4278 2294 4279 2296 4279 2293 4279 2297 4280 2288 4280 2296 4280 2296 4281 2288 4281 2295 4281 2296 4282 2295 4282 2293 4282 2293 4283 2295 4283 2292 4283 2000 4284 2298 4284 2002 4284 2002 4285 2298 4285 2241 4285 2267 4286 2244 4286 2296 4286 2296 4287 2244 4287 2243 4287 2296 4288 2243 4288 2299 4288 2299 4289 2243 4289 2246 4289 2246 4290 2248 4290 2299 4290 2299 4291 2248 4291 2250 4291 2299 4292 2250 4292 2298 4292 2298 4293 2250 4293 2251 4293 2298 4294 2251 4294 2241 4294 2088 4295 2300 4295 2074 4295 2074 4296 2300 4296 2301 4296 2074 4297 2301 4297 2075 4297 2068 4298 2067 4298 2302 4298 2303 4299 2072 4299 2080 4299 2303 4300 2080 4300 2304 4300 2079 4301 2077 4301 2305 4301 2306 4302 2307 4302 2304 4302 2308 4303 2309 4303 2310 4303 2310 4304 2309 4304 2306 4304 2310 4305 2306 4305 2305 4305 2305 4306 2306 4306 2304 4306 2305 4307 2304 4307 2079 4307 2079 4308 2304 4308 2080 4308 2077 4309 2076 4309 2305 4309 2305 4310 2076 4310 2068 4310 2305 4311 2068 4311 2310 4311 2310 4312 2068 4312 2302 4312 2310 4313 2302 4313 2308 4313 2311 4314 2312 4314 2313 4314 2313 4315 2312 4315 2314 4315 2313 4316 2314 4316 2302 4316 2302 4317 2314 4317 2315 4317 2302 4318 2315 4318 2308 4318 2067 4319 2081 4319 2302 4319 2302 4320 2081 4320 2075 4320 2302 4321 2075 4321 2313 4321 2313 4322 2075 4322 2301 4322 2313 4323 2301 4323 2311 4323 2311 4324 2301 4324 2316 4324 2311 4325 2316 4325 2317 4325 2317 4326 2316 4326 2318 4326 2319 4327 2320 4327 2321 4327 2322 4328 2323 4328 2324 4328 2325 4329 2326 4329 2070 4329 2070 4330 2326 4330 2085 4330 2086 4331 2082 4331 2326 4331 2326 4332 2082 4332 2084 4332 2326 4333 2084 4333 2085 4333 2322 4334 2324 4334 2327 4334 2328 4335 2329 4335 2330 4335 2330 4336 2329 4336 2331 4336 2331 4337 2332 4337 2330 4337 2330 4338 2332 4338 2333 4338 2330 4339 2333 4339 2319 4339 2006 4340 2334 4340 2005 4340 2005 4341 2334 4341 2325 4341 2005 4342 2325 4342 2003 4342 2003 4343 2325 4343 2070 4343 2323 4344 2318 4344 2324 4344 2324 4345 2318 4345 2316 4345 2324 4346 2316 4346 2335 4346 2335 4347 2316 4347 2301 4347 2335 4348 2301 4348 2300 4348 2319 4349 2321 4349 2330 4349 2330 4350 2321 4350 2336 4350 2330 4351 2336 4351 2328 4351 2087 4352 2086 4352 2337 4352 2337 4353 2086 4353 2326 4353 2337 4354 2326 4354 2336 4354 2336 4355 2326 4355 2325 4355 2336 4356 2325 4356 2328 4356 2328 4357 2325 4357 2334 4357 2328 4358 2334 4358 2329 4358 2329 4359 2334 4359 2338 4359 2088 4360 2087 4360 2300 4360 2300 4361 2087 4361 2337 4361 2300 4362 2337 4362 2335 4362 2335 4363 2337 4363 2336 4363 2335 4364 2336 4364 2324 4364 2324 4365 2336 4365 2321 4365 2324 4366 2321 4366 2327 4366 2327 4367 2321 4367 2320 4367 2339 4368 2340 4368 2341 4368 2332 4369 2331 4369 2342 4369 2342 4370 2331 4370 2329 4370 2342 4371 2329 4371 2338 4371 2343 4372 2344 4372 2345 4372 2345 4373 2346 4373 2343 4373 2343 4374 2346 4374 2347 4374 2343 4375 2347 4375 2342 4375 2342 4376 2347 4376 2348 4376 2342 4377 2348 4377 2332 4377 2349 4378 2350 4378 2351 4378 2351 4379 2350 4379 2352 4379 2351 4380 2352 4380 2343 4380 2343 4381 2352 4381 2353 4381 2343 4382 2353 4382 2344 4382 2349 4383 2351 4383 2354 4383 2354 4384 2351 4384 2355 4384 2354 4385 2355 4385 2356 4385 2341 4386 2340 4386 2357 4386 2340 4387 2358 4387 2357 4387 2357 4388 2358 4388 2359 4388 2357 4389 2359 4389 2360 4389 2360 4390 2361 4390 2357 4390 2357 4391 2361 4391 2362 4391 2357 4392 2362 4392 2351 4392 2351 4393 2362 4393 2363 4393 2351 4394 2363 4394 2355 4394 2339 4395 2341 4395 2364 4395 2364 4396 2341 4396 2365 4396 2364 4397 2365 4397 2366 4397 2367 4398 2368 4398 2369 4398 2010 4399 2370 4399 2371 4399 2372 4400 2373 4400 2374 4400 2372 4401 2374 4401 2375 4401 2375 4402 2376 4402 2377 4402 2377 4403 2376 4403 2378 4403 2377 4404 2378 4404 2379 4404 2379 4405 2378 4405 2380 4405 2007 4406 2009 4406 2381 4406 2381 4407 2009 4407 2382 4407 2381 4408 2382 4408 2383 4408 2383 4409 2382 4409 2369 4409 2383 4410 2369 4410 2384 4410 2384 4411 2369 4411 2368 4411 2384 4412 2368 4412 2385 4412 2386 4413 2387 4413 2388 4413 2370 4414 2380 4414 2371 4414 2371 4415 2380 4415 2378 4415 2371 4416 2378 4416 2389 4416 2389 4417 2378 4417 2376 4417 2390 4418 2367 4418 2391 4418 2391 4419 2367 4419 2369 4419 2391 4420 2369 4420 2389 4420 2389 4421 2369 4421 2382 4421 2389 4422 2382 4422 2371 4422 2371 4423 2382 4423 2009 4423 2371 4424 2009 4424 2010 4424 2374 4425 2392 4425 2393 4425 2393 4426 2392 4426 2386 4426 2393 4427 2386 4427 2394 4427 2394 4428 2386 4428 2388 4428 2394 4429 2388 4429 2395 4429 2375 4430 2374 4430 2376 4430 2376 4431 2374 4431 2393 4431 2376 4432 2393 4432 2389 4432 2389 4433 2393 4433 2394 4433 2389 4434 2394 4434 2391 4434 2391 4435 2394 4435 2395 4435 2391 4436 2395 4436 2390 4436 2374 4437 2373 4437 2396 4437 2397 4438 2398 4438 2399 4438 2400 4439 2401 4439 2402 4439 2403 4440 2387 4440 2386 4440 2392 4441 2404 4441 2386 4441 2386 4442 2404 4442 2405 4442 2386 4443 2405 4443 2403 4443 2406 4444 2407 4444 2404 4444 2404 4445 2407 4445 2408 4445 2404 4446 2408 4446 2405 4446 2409 4447 2410 4447 2406 4447 2406 4448 2410 4448 2411 4448 2406 4449 2411 4449 2407 4449 2399 4450 2412 4450 2400 4450 2397 4451 2399 4451 2413 4451 2413 4452 2399 4452 2400 4452 2413 4453 2400 4453 2409 4453 2409 4454 2400 4454 2402 4454 2409 4455 2402 4455 2410 4455 2414 4456 2415 4456 2413 4456 2413 4457 2415 4457 2416 4457 2416 4458 2417 4458 2413 4458 2413 4459 2417 4459 2418 4459 2413 4460 2418 4460 2397 4460 2397 4461 2418 4461 2419 4461 2397 4462 2419 4462 2398 4462 2414 4463 2413 4463 2420 4463 2420 4464 2413 4464 2409 4464 2420 4465 2409 4465 2421 4465 2421 4466 2409 4466 2406 4466 2421 4467 2406 4467 2422 4467 2392 4468 2374 4468 2404 4468 2404 4469 2374 4469 2396 4469 2404 4470 2396 4470 2406 4470 2406 4471 2396 4471 2423 4471 2406 4472 2423 4472 2422 4472 2417 4473 2416 4473 2424 4473 2424 4474 2416 4474 2415 4474 2424 4475 2415 4475 2414 4475 2414 4476 2420 4476 2424 4476 2424 4477 2420 4477 2421 4477 2424 4478 2421 4478 2417 4478 2417 4479 2421 4479 2422 4479 2417 4480 2422 4480 2425 4480 2425 4481 2422 4481 2423 4481 2425 4482 2423 4482 2396 4482 2396 4483 2373 4483 2425 4483 2425 4484 2373 4484 2372 4484 2425 4485 2372 4485 2426 4485 2426 4486 2372 4486 2375 4486 2375 4487 2377 4487 2426 4487 2426 4488 2377 4488 2379 4488 2426 4489 2379 4489 2427 4489 2427 4490 2379 4490 2380 4490 2427 4491 2380 4491 2008 4491 2008 4492 2380 4492 2370 4492 2008 4493 2370 4493 2010 4493 2428 4494 2429 4494 2011 4494 2011 4495 2429 4495 2012 4495 2430 4496 2431 4496 2432 4496 2433 4497 2430 4497 2434 4497 2433 4498 2434 4498 2435 4498 2432 4499 2436 4499 2437 4499 2437 4500 2436 4500 2438 4500 2437 4501 2438 4501 2439 4501 2430 4502 2432 4502 2434 4502 2434 4503 2432 4503 2437 4503 2434 4504 2437 4504 2440 4504 2440 4505 2437 4505 2439 4505 2440 4506 2439 4506 2441 4506 2442 4507 2443 4507 2444 4507 2444 4508 2443 4508 2429 4508 2444 4509 2429 4509 2445 4509 2445 4510 2429 4510 2428 4510 2442 4511 2446 4511 2443 4511 2443 4512 2446 4512 2447 4512 2443 4513 2447 4513 2434 4513 2434 4514 2447 4514 2448 4514 2434 4515 2448 4515 2435 4515 2449 4516 2450 4516 2451 4516 2448 4517 2452 4517 2435 4517 2435 4518 2452 4518 2453 4518 2435 4519 2453 4519 2433 4519 2432 4520 2431 4520 2454 4520 2438 4521 2451 4521 2439 4521 2439 4522 2451 4522 2450 4522 2439 4523 2450 4523 2441 4523 2441 4524 2450 4524 2455 4524 2441 4525 2455 4525 2440 4525 2456 4526 2457 4526 2458 4526 2458 4527 2457 4527 2459 4527 2458 4528 2459 4528 2451 4528 2451 4529 2459 4529 2460 4529 2451 4530 2460 4530 2449 4530 2438 4531 2436 4531 2451 4531 2451 4532 2436 4532 2432 4532 2451 4533 2432 4533 2458 4533 2458 4534 2432 4534 2454 4534 2458 4535 2454 4535 2456 4535 2461 4536 2462 4536 2463 4536 2463 4537 2462 4537 2464 4537 2463 4538 2464 4538 2454 4538 2454 4539 2464 4539 2465 4539 2454 4540 2465 4540 2456 4540 2431 4541 2430 4541 2454 4541 2454 4542 2430 4542 2433 4542 2454 4543 2433 4543 2463 4543 2463 4544 2433 4544 2453 4544 2463 4545 2453 4545 2461 4545 2461 4546 2453 4546 2466 4546 2461 4547 2466 4547 2467 4547 2467 4548 2466 4548 2468 4548 2469 4549 2470 4549 2471 4549 2472 4550 2473 4550 2471 4550 2447 4551 2446 4551 2469 4551 2444 4552 2445 4552 2470 4552 2474 4553 2475 4553 2476 4553 2477 4554 2473 4554 2478 4554 2478 4555 2473 4555 2472 4555 2478 4556 2472 4556 2479 4556 2479 4557 2472 4557 2480 4557 2479 4558 2480 4558 2481 4558 2482 4559 2483 4559 2484 4559 2484 4560 2483 4560 2485 4560 2014 4561 2484 4561 2013 4561 2013 4562 2484 4562 2485 4562 2013 4563 2485 4563 2011 4563 2011 4564 2485 4564 2428 4564 2469 4565 2446 4565 2470 4565 2470 4566 2446 4566 2442 4566 2470 4567 2442 4567 2444 4567 2475 4568 2468 4568 2476 4568 2476 4569 2468 4569 2466 4569 2476 4570 2466 4570 2486 4570 2486 4571 2466 4571 2453 4571 2486 4572 2453 4572 2452 4572 2445 4573 2428 4573 2470 4573 2470 4574 2428 4574 2485 4574 2470 4575 2485 4575 2471 4575 2471 4576 2485 4576 2483 4576 2471 4577 2483 4577 2472 4577 2472 4578 2483 4578 2482 4578 2472 4579 2482 4579 2480 4579 2448 4580 2447 4580 2452 4580 2452 4581 2447 4581 2469 4581 2452 4582 2469 4582 2486 4582 2486 4583 2469 4583 2471 4583 2486 4584 2471 4584 2476 4584 2476 4585 2471 4585 2473 4585 2476 4586 2473 4586 2474 4586 2474 4587 2473 4587 2477 4587 2487 4588 2488 4588 2489 4588 2490 4589 2491 4589 2492 4589 2493 4590 2494 4590 2495 4590 2496 4591 2497 4591 2498 4591 2496 4592 2498 4592 2499 4592 2500 4593 2501 4593 2502 4593 2502 4594 2501 4594 2503 4594 2502 4595 2503 4595 2498 4595 2498 4596 2503 4596 2504 4596 2498 4597 2504 4597 2499 4597 2505 4598 2506 4598 2507 4598 2507 4599 2506 4599 2508 4599 2017 4600 2018 4600 2505 4600 2505 4601 2018 4601 2509 4601 2505 4602 2509 4602 2506 4602 2488 4603 2487 4603 2510 4603 2510 4604 2487 4604 2492 4604 2510 4605 2492 4605 2495 4605 2495 4606 2492 4606 2491 4606 2495 4607 2491 4607 2493 4607 2507 4608 2511 4608 2505 4608 2505 4609 2511 4609 2512 4609 2505 4610 2512 4610 2017 4610 2017 4611 2512 4611 2513 4611 2017 4612 2513 4612 2015 4612 2514 4613 2500 4613 2515 4613 2515 4614 2500 4614 2502 4614 2515 4615 2502 4615 2511 4615 2511 4616 2502 4616 2498 4616 2511 4617 2498 4617 2512 4617 2512 4618 2498 4618 2497 4618 2512 4619 2497 4619 2513 4619 2513 4620 2497 4620 2516 4620 2517 4621 2514 4621 2489 4621 2489 4622 2514 4622 2515 4622 2489 4623 2515 4623 2487 4623 2487 4624 2515 4624 2511 4624 2487 4625 2511 4625 2492 4625 2492 4626 2511 4626 2507 4626 2492 4627 2507 4627 2490 4627 2490 4628 2507 4628 2508 4628 2518 4629 2519 4629 2520 4629 2521 4630 2522 4630 2523 4630 2522 4631 2521 4631 2524 4631 2525 4632 2526 4632 2527 4632 2527 4633 2526 4633 2528 4633 2528 4634 2529 4634 2527 4634 2527 4635 2529 4635 2530 4635 2527 4636 2530 4636 2523 4636 2523 4637 2530 4637 2531 4637 2523 4638 2531 4638 2521 4638 2520 4639 2519 4639 2527 4639 2527 4640 2519 4640 2532 4640 2527 4641 2532 4641 2533 4641 2533 4642 2534 4642 2527 4642 2527 4643 2534 4643 2535 4643 2527 4644 2535 4644 2525 4644 2536 4645 2537 4645 2538 4645 2537 4646 2539 4646 2538 4646 2538 4647 2539 4647 2540 4647 2538 4648 2540 4648 2520 4648 2520 4649 2540 4649 2541 4649 2520 4650 2541 4650 2518 4650 2516 4651 2497 4651 2542 4651 2542 4652 2497 4652 2496 4652 2496 4653 2499 4653 2542 4653 2542 4654 2499 4654 2543 4654 2542 4655 2543 4655 2538 4655 2538 4656 2543 4656 2544 4656 2538 4657 2544 4657 2536 4657 2545 4658 2546 4658 2547 4658 2548 4659 2549 4659 2550 4659 2551 4660 2552 4660 2553 4660 2552 4661 2510 4661 2495 4661 2553 4662 2552 4662 2554 4662 2554 4663 2552 4663 2495 4663 2554 4664 2495 4664 2494 4664 2510 4665 2552 4665 2488 4665 2488 4666 2552 4666 2555 4666 2488 4667 2555 4667 2489 4667 2489 4668 2555 4668 2556 4668 2489 4669 2556 4669 2517 4669 2551 4670 2557 4670 2552 4670 2552 4671 2557 4671 2558 4671 2552 4672 2558 4672 2555 4672 2559 4673 2560 4673 2551 4673 2551 4674 2560 4674 2561 4674 2551 4675 2561 4675 2557 4675 2547 4676 2562 4676 2548 4676 2545 4677 2547 4677 2563 4677 2563 4678 2547 4678 2548 4678 2563 4679 2548 4679 2559 4679 2559 4680 2548 4680 2550 4680 2559 4681 2550 4681 2560 4681 2564 4682 2565 4682 2566 4682 2567 4683 2564 4683 2563 4683 2563 4684 2564 4684 2566 4684 2563 4685 2566 4685 2545 4685 2545 4686 2566 4686 2568 4686 2545 4687 2568 4687 2546 4687 2553 4688 2569 4688 2551 4688 2551 4689 2569 4689 2570 4689 2551 4690 2570 4690 2559 4690 2559 4691 2570 4691 2571 4691 2559 4692 2571 4692 2563 4692 2563 4693 2571 4693 2572 4693 2563 4694 2572 4694 2567 4694 2506 4695 2509 4695 2573 4695 2573 4696 2509 4696 2018 4696 2573 4697 2018 4697 2016 4697 2506 4698 2573 4698 2508 4698 2508 4699 2573 4699 2574 4699 2508 4700 2574 4700 2490 4700 2575 4701 2565 4701 2564 4701 2564 4702 2567 4702 2572 4702 2564 4703 2572 4703 2575 4703 2575 4704 2572 4704 2571 4704 2575 4705 2571 4705 2565 4705 2571 4706 2570 4706 2565 4706 2565 4707 2570 4707 2569 4707 2565 4708 2569 4708 2576 4708 2576 4709 2569 4709 2553 4709 2576 4710 2553 4710 2554 4710 2554 4711 2494 4711 2576 4711 2576 4712 2494 4712 2493 4712 2576 4713 2493 4713 2574 4713 2574 4714 2493 4714 2491 4714 2574 4715 2491 4715 2490 4715 2577 4716 2578 4716 2019 4716 2019 4717 2578 4717 2020 4717 2579 4718 2580 4718 2581 4718 2582 4719 2583 4719 2579 4719 2581 4720 2584 4720 2585 4720 2585 4721 2584 4721 2586 4721 2585 4722 2586 4722 2587 4722 2579 4723 2581 4723 2582 4723 2582 4724 2581 4724 2585 4724 2582 4725 2585 4725 2588 4725 2588 4726 2585 4726 2587 4726 2588 4727 2587 4727 2589 4727 2590 4728 2591 4728 2592 4728 2592 4729 2591 4729 2578 4729 2592 4730 2578 4730 2593 4730 2593 4731 2578 4731 2577 4731 2590 4732 2594 4732 2591 4732 2591 4733 2594 4733 2595 4733 2591 4734 2595 4734 2596 4734 2596 4735 2595 4735 2597 4735 2596 4736 2597 4736 2582 4736 2582 4737 2597 4737 2598 4737 2582 4738 2598 4738 2583 4738 2599 4739 2600 4739 2601 4739 2597 4740 2602 4740 2598 4740 2598 4741 2602 4741 2603 4741 2598 4742 2603 4742 2583 4742 2581 4743 2580 4743 2604 4743 2586 4744 2601 4744 2587 4744 2587 4745 2601 4745 2600 4745 2587 4746 2600 4746 2589 4746 2589 4747 2600 4747 2605 4747 2589 4748 2605 4748 2588 4748 2606 4749 2607 4749 2608 4749 2608 4750 2607 4750 2609 4750 2608 4751 2609 4751 2601 4751 2601 4752 2609 4752 2610 4752 2601 4753 2610 4753 2599 4753 2586 4754 2584 4754 2601 4754 2601 4755 2584 4755 2581 4755 2601 4756 2581 4756 2608 4756 2608 4757 2581 4757 2604 4757 2608 4758 2604 4758 2606 4758 2611 4759 2612 4759 2613 4759 2613 4760 2612 4760 2614 4760 2613 4761 2614 4761 2604 4761 2604 4762 2614 4762 2615 4762 2604 4763 2615 4763 2606 4763 2580 4764 2579 4764 2604 4764 2604 4765 2579 4765 2583 4765 2604 4766 2583 4766 2613 4766 2613 4767 2583 4767 2603 4767 2613 4768 2603 4768 2611 4768 2611 4769 2603 4769 2616 4769 2611 4770 2616 4770 2617 4770 2617 4771 2616 4771 2618 4771 2619 4772 2620 4772 2621 4772 2622 4773 2623 4773 2621 4773 2595 4774 2594 4774 2619 4774 2592 4775 2593 4775 2620 4775 2624 4776 2625 4776 2626 4776 2627 4777 2623 4777 2628 4777 2628 4778 2623 4778 2622 4778 2628 4779 2622 4779 2629 4779 2629 4780 2622 4780 2630 4780 2629 4781 2630 4781 2631 4781 2632 4782 2633 4782 2634 4782 2634 4783 2633 4783 2635 4783 2022 4784 2634 4784 2021 4784 2021 4785 2634 4785 2635 4785 2021 4786 2635 4786 2019 4786 2019 4787 2635 4787 2577 4787 2619 4788 2594 4788 2620 4788 2620 4789 2594 4789 2590 4789 2620 4790 2590 4790 2592 4790 2625 4791 2618 4791 2626 4791 2626 4792 2618 4792 2616 4792 2626 4793 2616 4793 2636 4793 2636 4794 2616 4794 2603 4794 2636 4795 2603 4795 2602 4795 2593 4796 2577 4796 2620 4796 2620 4797 2577 4797 2635 4797 2620 4798 2635 4798 2621 4798 2621 4799 2635 4799 2633 4799 2621 4800 2633 4800 2622 4800 2622 4801 2633 4801 2632 4801 2622 4802 2632 4802 2630 4802 2597 4803 2595 4803 2602 4803 2602 4804 2595 4804 2619 4804 2602 4805 2619 4805 2636 4805 2636 4806 2619 4806 2621 4806 2636 4807 2621 4807 2626 4807 2626 4808 2621 4808 2623 4808 2626 4809 2623 4809 2624 4809 2624 4810 2623 4810 2627 4810 2637 4811 2638 4811 2639 4811 2638 4812 2637 4812 2640 4812 2641 4813 2642 4813 2643 4813 2643 4814 2642 4814 2644 4814 2643 4815 2644 4815 2645 4815 2645 4816 2646 4816 2643 4816 2643 4817 2646 4817 2647 4817 2643 4818 2647 4818 2639 4818 2639 4819 2647 4819 2648 4819 2639 4820 2648 4820 2637 4820 2649 4821 2643 4821 2650 4821 2650 4822 2643 4822 2651 4822 2650 4823 2651 4823 2652 4823 2649 4824 2653 4824 2643 4824 2643 4825 2653 4825 2654 4825 2643 4826 2654 4826 2641 4826 2652 4827 2651 4827 2655 4827 2655 4828 2651 4828 2656 4828 2655 4829 2656 4829 2657 4829 2658 4830 2659 4830 2660 4830 2026 4831 2661 4831 2662 4831 2663 4832 2664 4832 2665 4832 2663 4833 2665 4833 2666 4833 2666 4834 2667 4834 2668 4834 2668 4835 2667 4835 2669 4835 2668 4836 2669 4836 2670 4836 2670 4837 2669 4837 2671 4837 2023 4838 2025 4838 2672 4838 2672 4839 2025 4839 2673 4839 2672 4840 2673 4840 2674 4840 2674 4841 2673 4841 2660 4841 2674 4842 2660 4842 2675 4842 2675 4843 2660 4843 2659 4843 2675 4844 2659 4844 2676 4844 2677 4845 2678 4845 2679 4845 2661 4846 2671 4846 2662 4846 2662 4847 2671 4847 2669 4847 2662 4848 2669 4848 2680 4848 2680 4849 2669 4849 2667 4849 2681 4850 2658 4850 2682 4850 2682 4851 2658 4851 2660 4851 2682 4852 2660 4852 2680 4852 2680 4853 2660 4853 2673 4853 2680 4854 2673 4854 2662 4854 2662 4855 2673 4855 2025 4855 2662 4856 2025 4856 2026 4856 2665 4857 2683 4857 2684 4857 2684 4858 2683 4858 2677 4858 2684 4859 2677 4859 2685 4859 2685 4860 2677 4860 2679 4860 2685 4861 2679 4861 2686 4861 2666 4862 2665 4862 2667 4862 2667 4863 2665 4863 2684 4863 2667 4864 2684 4864 2680 4864 2680 4865 2684 4865 2685 4865 2680 4866 2685 4866 2682 4866 2682 4867 2685 4867 2686 4867 2682 4868 2686 4868 2681 4868 2665 4869 2664 4869 2687 4869 2688 4870 2689 4870 2690 4870 2691 4871 2692 4871 2693 4871 2694 4872 2678 4872 2677 4872 2683 4873 2695 4873 2677 4873 2677 4874 2695 4874 2696 4874 2677 4875 2696 4875 2694 4875 2697 4876 2698 4876 2695 4876 2695 4877 2698 4877 2699 4877 2695 4878 2699 4878 2696 4878 2700 4879 2701 4879 2697 4879 2697 4880 2701 4880 2702 4880 2697 4881 2702 4881 2698 4881 2690 4882 2703 4882 2691 4882 2688 4883 2690 4883 2704 4883 2704 4884 2690 4884 2691 4884 2704 4885 2691 4885 2700 4885 2700 4886 2691 4886 2693 4886 2700 4887 2693 4887 2701 4887 2705 4888 2706 4888 2704 4888 2704 4889 2706 4889 2707 4889 2707 4890 2708 4890 2704 4890 2704 4891 2708 4891 2709 4891 2704 4892 2709 4892 2688 4892 2688 4893 2709 4893 2710 4893 2688 4894 2710 4894 2689 4894 2705 4895 2704 4895 2711 4895 2711 4896 2704 4896 2700 4896 2711 4897 2700 4897 2712 4897 2712 4898 2700 4898 2697 4898 2712 4899 2697 4899 2713 4899 2683 4900 2665 4900 2695 4900 2695 4901 2665 4901 2687 4901 2695 4902 2687 4902 2697 4902 2697 4903 2687 4903 2714 4903 2697 4904 2714 4904 2713 4904 2708 4905 2707 4905 2715 4905 2715 4906 2707 4906 2706 4906 2715 4907 2706 4907 2705 4907 2716 4908 2717 4908 2687 4908 2705 4909 2711 4909 2715 4909 2715 4910 2711 4910 2712 4910 2715 4911 2712 4911 2708 4911 2708 4912 2712 4912 2713 4912 2708 4913 2713 4913 2717 4913 2717 4914 2713 4914 2714 4914 2717 4915 2714 4915 2687 4915 2024 4916 2718 4916 2026 4916 2026 4917 2718 4917 2661 4917 2687 4918 2664 4918 2716 4918 2716 4919 2664 4919 2663 4919 2716 4920 2663 4920 2719 4920 2719 4921 2663 4921 2666 4921 2666 4922 2668 4922 2719 4922 2719 4923 2668 4923 2670 4923 2719 4924 2670 4924 2718 4924 2718 4925 2670 4925 2671 4925 2718 4926 2671 4926 2661 4926 2720 4927 2721 4927 2722 4927 2723 4928 2724 4928 2725 4928 2722 4929 2721 4929 2725 4929 2725 4930 2721 4930 2726 4930 2725 4931 2726 4931 2723 4931 2724 4932 2727 4932 2725 4932 2725 4933 2727 4933 2728 4933 2725 4934 2728 4934 2729 4934 2729 4935 2728 4935 2730 4935 2729 4936 2730 4936 2731 4936 2731 4937 2730 4937 2732 4937 2731 4938 2732 4938 2733 4938 2734 4939 2729 4939 2735 4939 2735 4940 2729 4940 2731 4940 2735 4941 2731 4941 2736 4941 2736 4942 2731 4942 2733 4942 2737 4943 2738 4943 2027 4943 2027 4944 2738 4944 2028 4944 2737 4945 2739 4945 2738 4945 2738 4946 2739 4946 2740 4946 2738 4947 2740 4947 2722 4947 2722 4948 2740 4948 2741 4948 2722 4949 2741 4949 2720 4949 2736 4950 2733 4950 2742 4950 2743 4951 2729 4951 2734 4951 2743 4952 2734 4952 2744 4952 2736 4953 2742 4953 2735 4953 2733 4954 2745 4954 2742 4954 2742 4955 2745 4955 2746 4955 2742 4956 2746 4956 2747 4956 2734 4957 2735 4957 2744 4957 2744 4958 2735 4958 2742 4958 2744 4959 2742 4959 2748 4959 2748 4960 2742 4960 2747 4960 2749 4961 2750 4961 2745 4961 2745 4962 2750 4962 2751 4962 2745 4963 2751 4963 2746 4963 2752 4964 2753 4964 2754 4964 2754 4965 2753 4965 2755 4965 2754 4966 2755 4966 2749 4966 2749 4967 2755 4967 2756 4967 2749 4968 2756 4968 2750 4968 2754 4969 2757 4969 2752 4969 2752 4970 2757 4970 2758 4970 2752 4971 2758 4971 2759 4971 2759 4972 2758 4972 2760 4972 2733 4973 2732 4973 2745 4973 2745 4974 2732 4974 2730 4974 2745 4975 2730 4975 2749 4975 2749 4976 2730 4976 2728 4976 2749 4977 2728 4977 2754 4977 2728 4978 2727 4978 2754 4978 2754 4979 2727 4979 2724 4979 2754 4980 2724 4980 2757 4980 2757 4981 2724 4981 2723 4981 2757 4982 2723 4982 2761 4982 2761 4983 2723 4983 2726 4983 2762 4984 2763 4984 2764 4984 2765 4985 2766 4985 2767 4985 2768 4986 2769 4986 2737 4986 2737 4987 2769 4987 2739 4987 2720 4988 2741 4988 2769 4988 2769 4989 2741 4989 2740 4989 2769 4990 2740 4990 2739 4990 2765 4991 2767 4991 2770 4991 2771 4992 2772 4992 2773 4992 2773 4993 2772 4993 2774 4993 2774 4994 2775 4994 2773 4994 2773 4995 2775 4995 2776 4995 2773 4996 2776 4996 2762 4996 2030 4997 2777 4997 2029 4997 2029 4998 2777 4998 2768 4998 2029 4999 2768 4999 2027 4999 2027 5000 2768 5000 2737 5000 2766 5001 2760 5001 2767 5001 2767 5002 2760 5002 2758 5002 2767 5003 2758 5003 2778 5003 2778 5004 2758 5004 2757 5004 2778 5005 2757 5005 2761 5005 2762 5006 2764 5006 2773 5006 2773 5007 2764 5007 2779 5007 2773 5008 2779 5008 2771 5008 2721 5009 2720 5009 2780 5009 2780 5010 2720 5010 2769 5010 2780 5011 2769 5011 2779 5011 2779 5012 2769 5012 2768 5012 2779 5013 2768 5013 2771 5013 2771 5014 2768 5014 2777 5014 2771 5015 2777 5015 2772 5015 2772 5016 2777 5016 2781 5016 2726 5017 2721 5017 2761 5017 2761 5018 2721 5018 2780 5018 2761 5019 2780 5019 2778 5019 2778 5020 2780 5020 2779 5020 2778 5021 2779 5021 2767 5021 2767 5022 2779 5022 2764 5022 2767 5023 2764 5023 2770 5023 2770 5024 2764 5024 2763 5024 2782 5025 2783 5025 2784 5025 2772 5026 2781 5026 2785 5026 2772 5027 2785 5027 2774 5027 2786 5028 2787 5028 2788 5028 2788 5029 2787 5029 2789 5029 2789 5030 2790 5030 2788 5030 2788 5031 2790 5031 2791 5031 2788 5032 2791 5032 2785 5032 2785 5033 2791 5033 2775 5033 2785 5034 2775 5034 2774 5034 2792 5035 2793 5035 2794 5035 2794 5036 2793 5036 2795 5036 2794 5037 2795 5037 2788 5037 2788 5038 2795 5038 2796 5038 2788 5039 2796 5039 2786 5039 2792 5040 2794 5040 2797 5040 2797 5041 2794 5041 2798 5041 2797 5042 2798 5042 2799 5042 2784 5043 2783 5043 2800 5043 2783 5044 2801 5044 2800 5044 2800 5045 2801 5045 2802 5045 2800 5046 2802 5046 2803 5046 2803 5047 2804 5047 2800 5047 2800 5048 2804 5048 2805 5048 2800 5049 2805 5049 2794 5049 2794 5050 2805 5050 2806 5050 2794 5051 2806 5051 2798 5051 2782 5052 2784 5052 2807 5052 2807 5053 2784 5053 2808 5053 2807 5054 2808 5054 2809 5054 2810 5055 2811 5055 2812 5055 2034 5056 2813 5056 2814 5056 2815 5057 2816 5057 2817 5057 2815 5058 2817 5058 2818 5058 2818 5059 2819 5059 2820 5059 2820 5060 2819 5060 2821 5060 2820 5061 2821 5061 2822 5061 2822 5062 2821 5062 2823 5062 2031 5063 2033 5063 2824 5063 2824 5064 2033 5064 2825 5064 2824 5065 2825 5065 2826 5065 2826 5066 2825 5066 2812 5066 2826 5067 2812 5067 2827 5067 2827 5068 2812 5068 2811 5068 2827 5069 2811 5069 2828 5069 2829 5070 2830 5070 2831 5070 2813 5071 2823 5071 2814 5071 2814 5072 2823 5072 2821 5072 2814 5073 2821 5073 2832 5073 2832 5074 2821 5074 2819 5074 2833 5075 2810 5075 2834 5075 2834 5076 2810 5076 2812 5076 2834 5077 2812 5077 2832 5077 2832 5078 2812 5078 2825 5078 2832 5079 2825 5079 2814 5079 2814 5080 2825 5080 2033 5080 2814 5081 2033 5081 2034 5081 2817 5082 2835 5082 2836 5082 2836 5083 2835 5083 2829 5083 2836 5084 2829 5084 2837 5084 2837 5085 2829 5085 2831 5085 2837 5086 2831 5086 2838 5086 2818 5087 2817 5087 2819 5087 2819 5088 2817 5088 2836 5088 2819 5089 2836 5089 2832 5089 2832 5090 2836 5090 2837 5090 2832 5091 2837 5091 2834 5091 2834 5092 2837 5092 2838 5092 2834 5093 2838 5093 2833 5093 2817 5094 2816 5094 2839 5094 2840 5095 2841 5095 2842 5095 2843 5096 2844 5096 2845 5096 2846 5097 2830 5097 2829 5097 2835 5098 2847 5098 2829 5098 2829 5099 2847 5099 2848 5099 2829 5100 2848 5100 2846 5100 2849 5101 2850 5101 2847 5101 2847 5102 2850 5102 2851 5102 2847 5103 2851 5103 2848 5103 2852 5104 2853 5104 2849 5104 2849 5105 2853 5105 2854 5105 2849 5106 2854 5106 2850 5106 2842 5107 2855 5107 2843 5107 2840 5108 2842 5108 2856 5108 2856 5109 2842 5109 2843 5109 2856 5110 2843 5110 2852 5110 2852 5111 2843 5111 2845 5111 2852 5112 2845 5112 2853 5112 2857 5113 2858 5113 2856 5113 2856 5114 2858 5114 2859 5114 2859 5115 2860 5115 2856 5115 2856 5116 2860 5116 2861 5116 2856 5117 2861 5117 2840 5117 2840 5118 2861 5118 2862 5118 2840 5119 2862 5119 2841 5119 2857 5120 2856 5120 2863 5120 2863 5121 2856 5121 2852 5121 2863 5122 2852 5122 2864 5122 2864 5123 2852 5123 2849 5123 2864 5124 2849 5124 2865 5124 2835 5125 2817 5125 2847 5125 2847 5126 2817 5126 2839 5126 2847 5127 2839 5127 2849 5127 2849 5128 2839 5128 2866 5128 2849 5129 2866 5129 2865 5129 2857 5130 2863 5130 2858 5130 2858 5131 2863 5131 2867 5131 2868 5132 2860 5132 2867 5132 2867 5133 2860 5133 2859 5133 2867 5134 2859 5134 2858 5134 2863 5135 2864 5135 2867 5135 2867 5136 2864 5136 2865 5136 2867 5137 2865 5137 2868 5137 2868 5138 2865 5138 2866 5138 2868 5139 2866 5139 2839 5139 2032 5140 2869 5140 2034 5140 2034 5141 2869 5141 2813 5141 2839 5142 2816 5142 2868 5142 2868 5143 2816 5143 2815 5143 2868 5144 2815 5144 2870 5144 2870 5145 2815 5145 2818 5145 2818 5146 2820 5146 2870 5146 2870 5147 2820 5147 2822 5147 2870 5148 2822 5148 2869 5148 2869 5149 2822 5149 2823 5149 2869 5150 2823 5150 2813 5150 2871 5151 2872 5151 2035 5151 2035 5152 2872 5152 2036 5152 2873 5153 2874 5153 2875 5153 2875 5154 2874 5154 2876 5154 2875 5155 2876 5155 2877 5155 2874 5156 2878 5156 2876 5156 2876 5157 2878 5157 2879 5157 2876 5158 2879 5158 2880 5158 2881 5159 2877 5159 2882 5159 2882 5160 2877 5160 2876 5160 2882 5161 2876 5161 2883 5161 2883 5162 2876 5162 2880 5162 2883 5163 2880 5163 2884 5163 2885 5164 2886 5164 2887 5164 2887 5165 2886 5165 2872 5165 2887 5166 2872 5166 2888 5166 2888 5167 2872 5167 2871 5167 2885 5168 2889 5168 2886 5168 2886 5169 2889 5169 2890 5169 2886 5170 2890 5170 2882 5170 2882 5171 2890 5171 2891 5171 2882 5172 2891 5172 2881 5172 2892 5173 2893 5173 2894 5173 2891 5174 2895 5174 2881 5174 2881 5175 2895 5175 2896 5175 2881 5176 2896 5176 2877 5176 2874 5177 2873 5177 2897 5177 2879 5178 2894 5178 2880 5178 2880 5179 2894 5179 2893 5179 2880 5180 2893 5180 2884 5180 2884 5181 2893 5181 2898 5181 2884 5182 2898 5182 2883 5182 2899 5183 2900 5183 2901 5183 2901 5184 2900 5184 2902 5184 2901 5185 2902 5185 2894 5185 2894 5186 2902 5186 2903 5186 2894 5187 2903 5187 2892 5187 2879 5188 2878 5188 2894 5188 2894 5189 2878 5189 2874 5189 2894 5190 2874 5190 2901 5190 2901 5191 2874 5191 2897 5191 2901 5192 2897 5192 2899 5192 2904 5193 2905 5193 2906 5193 2906 5194 2905 5194 2907 5194 2906 5195 2907 5195 2897 5195 2897 5196 2907 5196 2908 5196 2897 5197 2908 5197 2899 5197 2873 5198 2875 5198 2897 5198 2897 5199 2875 5199 2877 5199 2897 5200 2877 5200 2906 5200 2906 5201 2877 5201 2896 5201 2906 5202 2896 5202 2904 5202 2904 5203 2896 5203 2909 5203 2904 5204 2909 5204 2910 5204 2910 5205 2909 5205 2911 5205 2912 5206 2913 5206 2914 5206 2915 5207 2916 5207 2914 5207 2890 5208 2889 5208 2912 5208 2887 5209 2888 5209 2913 5209 2917 5210 2918 5210 2919 5210 2920 5211 2916 5211 2921 5211 2921 5212 2916 5212 2915 5212 2921 5213 2915 5213 2922 5213 2922 5214 2915 5214 2923 5214 2922 5215 2923 5215 2924 5215 2925 5216 2926 5216 2927 5216 2927 5217 2926 5217 2928 5217 2038 5218 2927 5218 2037 5218 2037 5219 2927 5219 2928 5219 2037 5220 2928 5220 2035 5220 2035 5221 2928 5221 2871 5221 2912 5222 2889 5222 2913 5222 2913 5223 2889 5223 2885 5223 2913 5224 2885 5224 2887 5224 2918 5225 2911 5225 2919 5225 2919 5226 2911 5226 2909 5226 2919 5227 2909 5227 2929 5227 2929 5228 2909 5228 2896 5228 2929 5229 2896 5229 2895 5229 2888 5230 2871 5230 2913 5230 2913 5231 2871 5231 2928 5231 2913 5232 2928 5232 2914 5232 2914 5233 2928 5233 2926 5233 2914 5234 2926 5234 2915 5234 2915 5235 2926 5235 2925 5235 2915 5236 2925 5236 2923 5236 2891 5237 2890 5237 2895 5237 2895 5238 2890 5238 2912 5238 2895 5239 2912 5239 2929 5239 2929 5240 2912 5240 2914 5240 2929 5241 2914 5241 2919 5241 2919 5242 2914 5242 2916 5242 2919 5243 2916 5243 2917 5243 2917 5244 2916 5244 2920 5244 2930 5245 2931 5245 2932 5245 2042 5246 2066 5246 2933 5246 2059 5247 2058 5247 2934 5247 2935 5248 2936 5248 2937 5248 2937 5249 2936 5249 2938 5249 2939 5250 2940 5250 2941 5250 2059 5251 2934 5251 2061 5251 2061 5252 2942 5252 2062 5252 2062 5253 2942 5253 2943 5253 2062 5254 2943 5254 2063 5254 2063 5255 2943 5255 2065 5255 2938 5256 2944 5256 2937 5256 2937 5257 2944 5257 2930 5257 2937 5258 2930 5258 2945 5258 2945 5259 2930 5259 2932 5259 2945 5260 2932 5260 2041 5260 2041 5261 2932 5261 2039 5261 2066 5262 2065 5262 2933 5262 2933 5263 2065 5263 2943 5263 2933 5264 2943 5264 2946 5264 2946 5265 2943 5265 2942 5265 2947 5266 2935 5266 2948 5266 2948 5267 2935 5267 2937 5267 2948 5268 2937 5268 2946 5268 2946 5269 2937 5269 2945 5269 2946 5270 2945 5270 2933 5270 2933 5271 2945 5271 2041 5271 2933 5272 2041 5272 2042 5272 2934 5273 2949 5273 2950 5273 2950 5274 2949 5274 2939 5274 2950 5275 2939 5275 2951 5275 2951 5276 2939 5276 2941 5276 2951 5277 2941 5277 2952 5277 2061 5278 2934 5278 2942 5278 2942 5279 2934 5279 2950 5279 2942 5280 2950 5280 2946 5280 2946 5281 2950 5281 2951 5281 2946 5282 2951 5282 2948 5282 2948 5283 2951 5283 2952 5283 2948 5284 2952 5284 2947 5284 2953 5285 2954 5285 2955 5285 2956 5286 2957 5286 2958 5286 2957 5287 2956 5287 2959 5287 2960 5288 2961 5288 2962 5288 2962 5289 2961 5289 2963 5289 2963 5290 2964 5290 2962 5290 2962 5291 2964 5291 2965 5291 2962 5292 2965 5292 2958 5292 2958 5293 2965 5293 2966 5293 2958 5294 2966 5294 2956 5294 2955 5295 2954 5295 2962 5295 2962 5296 2954 5296 2967 5296 2962 5297 2967 5297 2968 5297 2968 5298 2969 5298 2962 5298 2962 5299 2969 5299 2970 5299 2962 5300 2970 5300 2960 5300 2971 5301 2972 5301 2973 5301 2972 5302 2974 5302 2973 5302 2973 5303 2974 5303 2975 5303 2973 5304 2975 5304 2955 5304 2955 5305 2975 5305 2976 5305 2955 5306 2976 5306 2953 5306 2931 5307 2930 5307 2977 5307 2977 5308 2930 5308 2944 5308 2944 5309 2938 5309 2977 5309 2977 5310 2938 5310 2978 5310 2977 5311 2978 5311 2973 5311 2973 5312 2978 5312 2979 5312 2973 5313 2979 5313 2971 5313 2980 5314 2981 5314 2982 5314 2047 5315 2049 5315 2983 5315 2983 5316 2049 5316 2053 5316 2984 5317 2985 5317 2986 5317 2986 5318 2985 5318 2983 5318 2986 5319 2983 5319 2052 5319 2052 5320 2983 5320 2053 5320 2047 5321 2983 5321 2048 5321 2048 5322 2983 5322 2987 5322 2048 5323 2987 5323 2054 5323 2057 5324 2056 5324 2988 5324 2988 5325 2056 5325 2055 5325 2988 5326 2055 5326 2054 5326 2939 5327 2949 5327 2989 5327 2989 5328 2949 5328 2934 5328 2990 5329 2991 5329 2989 5329 2989 5330 2991 5330 2992 5330 2989 5331 2992 5331 2939 5331 2939 5332 2992 5332 2993 5332 2939 5333 2993 5333 2940 5333 2994 5334 2990 5334 2988 5334 2988 5335 2990 5335 2989 5335 2988 5336 2989 5336 2057 5336 2057 5337 2989 5337 2934 5337 2057 5338 2934 5338 2058 5338 2054 5339 2987 5339 2988 5339 2988 5340 2987 5340 2995 5340 2988 5341 2995 5341 2994 5341 2996 5342 2997 5342 2980 5342 2984 5343 2998 5343 2985 5343 2985 5344 2998 5344 2996 5344 2985 5345 2996 5345 2983 5345 2983 5346 2996 5346 2980 5346 2983 5347 2980 5347 2987 5347 2987 5348 2980 5348 2982 5348 2987 5349 2982 5349 2995 5349 2999 5350 3000 5350 2043 5350 2043 5351 3000 5351 2044 5351 3001 5352 3002 5352 3003 5352 3004 5353 3001 5353 3005 5353 3003 5354 3006 5354 3007 5354 3007 5355 3006 5355 3008 5355 3007 5356 3008 5356 3009 5356 3001 5357 3003 5357 3005 5357 3005 5358 3003 5358 3007 5358 3005 5359 3007 5359 3010 5359 3010 5360 3007 5360 3009 5360 3010 5361 3009 5361 3011 5361 3012 5362 3013 5362 3014 5362 3014 5363 3013 5363 3000 5363 3014 5364 3000 5364 3015 5364 3015 5365 3000 5365 2999 5365 3012 5366 3016 5366 3013 5366 3013 5367 3016 5367 3017 5367 3013 5368 3017 5368 3018 5368 3018 5369 3017 5369 3019 5369 3018 5370 3019 5370 3005 5370 3005 5371 3019 5371 3020 5371 3005 5372 3020 5372 3004 5372 3021 5373 3022 5373 3023 5373 3019 5374 3024 5374 3020 5374 3020 5375 3024 5375 3025 5375 3020 5376 3025 5376 3004 5376 3003 5377 3002 5377 3026 5377 3008 5378 3023 5378 3009 5378 3009 5379 3023 5379 3022 5379 3009 5380 3022 5380 3011 5380 3011 5381 3022 5381 3027 5381 3011 5382 3027 5382 3010 5382 3028 5383 3029 5383 3030 5383 3030 5384 3029 5384 3031 5384 3030 5385 3031 5385 3023 5385 3023 5386 3031 5386 3032 5386 3023 5387 3032 5387 3021 5387 3008 5388 3006 5388 3023 5388 3023 5389 3006 5389 3003 5389 3023 5390 3003 5390 3030 5390 3030 5391 3003 5391 3026 5391 3030 5392 3026 5392 3028 5392 3033 5393 3034 5393 3035 5393 3035 5394 3034 5394 3036 5394 3035 5395 3036 5395 3026 5395 3026 5396 3036 5396 3037 5396 3026 5397 3037 5397 3028 5397 3002 5398 3001 5398 3026 5398 3026 5399 3001 5399 3004 5399 3026 5400 3004 5400 3035 5400 3035 5401 3004 5401 3025 5401 3035 5402 3025 5402 3033 5402 3033 5403 3025 5403 3038 5403 3033 5404 3038 5404 3039 5404 3039 5405 3038 5405 3040 5405 3041 5406 3042 5406 3043 5406 3044 5407 3045 5407 3043 5407 3017 5408 3016 5408 3041 5408 3014 5409 3015 5409 3042 5409 3046 5410 3047 5410 3048 5410 3049 5411 3045 5411 3050 5411 3050 5412 3045 5412 3044 5412 3050 5413 3044 5413 3051 5413 3051 5414 3044 5414 3052 5414 3051 5415 3052 5415 3053 5415 3054 5416 3055 5416 3056 5416 3056 5417 3055 5417 3057 5417 2046 5418 3056 5418 2045 5418 2045 5419 3056 5419 3057 5419 2045 5420 3057 5420 2043 5420 2043 5421 3057 5421 2999 5421 3041 5422 3016 5422 3042 5422 3042 5423 3016 5423 3012 5423 3042 5424 3012 5424 3014 5424 3047 5425 3040 5425 3048 5425 3048 5426 3040 5426 3038 5426 3048 5427 3038 5427 3058 5427 3058 5428 3038 5428 3025 5428 3058 5429 3025 5429 3024 5429 3015 5430 2999 5430 3042 5430 3042 5431 2999 5431 3057 5431 3042 5432 3057 5432 3043 5432 3043 5433 3057 5433 3055 5433 3043 5434 3055 5434 3044 5434 3044 5435 3055 5435 3054 5435 3044 5436 3054 5436 3052 5436 3019 5437 3017 5437 3024 5437 3024 5438 3017 5438 3041 5438 3024 5439 3041 5439 3058 5439 3058 5440 3041 5440 3043 5440 3058 5441 3043 5441 3048 5441 3048 5442 3043 5442 3045 5442 3048 5443 3045 5443 3046 5443 3046 5444 3045 5444 3049 5444 3059 5445 3060 5445 3061 5445 3062 5446 3060 5446 3063 5446 3063 5447 3060 5447 3059 5447 3063 5448 3059 5448 3064 5448 3064 5449 3059 5449 3065 5449 3064 5450 3065 5450 3066 5450 3067 5451 3068 5451 3066 5451 2161 5452 2176 5452 3069 5452 3068 5453 3067 5453 3069 5453 3069 5454 3067 5454 2175 5454 3069 5455 2175 5455 2161 5455 3070 5456 2173 5456 3067 5456 3067 5457 2173 5457 2172 5457 3067 5458 2172 5458 2175 5458 3066 5459 3065 5459 3067 5459 3067 5460 3065 5460 3071 5460 3067 5461 3071 5461 3070 5461 3072 5462 3073 5462 3061 5462 3061 5463 3073 5463 3074 5463 3061 5464 3074 5464 3059 5464 3059 5465 3074 5465 3075 5465 3059 5466 3075 5466 3065 5466 3065 5467 3075 5467 3076 5467 3065 5468 3076 5468 3071 5468 2108 5469 2107 5469 2657 5469 3077 5470 3078 5470 2120 5470 2297 5471 2296 5471 3079 5471 3056 5472 2046 5472 3080 5472 3080 5473 2046 5473 2044 5473 3080 5474 2044 5474 3000 5474 3053 5475 3052 5475 3080 5475 3080 5476 3052 5476 3054 5476 3080 5477 3054 5477 3056 5477 3081 5478 3082 5478 3080 5478 3080 5479 3082 5479 3083 5479 3080 5480 3083 5480 3084 5480 3080 5481 3084 5481 3085 5481 3080 5482 3085 5482 3053 5482 2142 5483 2141 5483 2167 5483 2144 5484 2143 5484 2174 5484 2138 5485 2137 5485 3079 5485 3079 5486 2137 5486 2148 5486 2148 5487 2147 5487 3080 5487 3080 5488 2147 5488 2146 5488 2167 5489 2141 5489 2168 5489 2168 5490 2141 5490 2140 5490 2168 5491 2140 5491 2220 5491 2220 5492 2140 5492 2139 5492 2220 5493 2139 5493 2221 5493 2174 5494 2173 5494 2144 5494 2144 5495 2173 5495 3070 5495 2144 5496 3070 5496 2145 5496 2228 5497 3079 5497 3086 5497 3086 5498 3079 5498 3087 5498 2228 5499 2229 5499 3079 5499 3079 5500 2229 5500 2230 5500 3079 5501 2230 5501 2138 5501 2138 5502 2230 5502 2232 5502 2138 5503 2232 5503 2139 5503 2139 5504 2232 5504 2233 5504 2139 5505 2233 5505 2221 5505 3080 5506 3073 5506 3072 5506 3070 5507 3071 5507 2145 5507 2145 5508 3071 5508 3076 5508 2145 5509 3076 5509 2146 5509 2146 5510 3076 5510 3075 5510 2146 5511 3075 5511 3080 5511 3080 5512 3075 5512 3074 5512 3080 5513 3074 5513 3073 5513 3072 5514 3088 5514 3080 5514 3080 5515 3088 5515 3089 5515 3080 5516 3089 5516 3081 5516 2178 5517 2163 5517 2170 5517 2170 5518 2163 5518 2162 5518 2170 5519 2162 5519 2167 5519 2167 5520 2162 5520 2174 5520 2167 5521 2174 5521 2142 5521 2142 5522 2174 5522 2143 5522 2000 5523 1999 5523 3079 5523 1999 5524 2252 5524 3079 5524 3079 5525 2252 5525 2254 5525 3079 5526 2254 5526 2255 5526 2255 5527 2256 5527 3079 5527 3079 5528 2256 5528 3090 5528 3079 5529 3090 5529 3091 5529 2296 5530 2299 5530 3079 5530 3079 5531 2299 5531 2298 5531 3079 5532 2298 5532 2000 5532 3091 5533 3092 5533 3079 5533 3079 5534 3092 5534 3093 5534 3079 5535 3093 5535 3094 5535 3094 5536 3095 5536 3079 5536 3079 5537 3095 5537 3096 5537 3079 5538 3096 5538 3087 5538 2365 5539 2341 5539 2357 5539 2073 5540 3097 5540 3098 5540 3098 5541 3097 5541 3099 5541 3098 5542 3099 5542 3079 5542 3079 5543 3099 5543 3100 5543 3079 5544 3100 5544 2297 5544 2128 5545 2127 5545 2366 5545 2366 5546 2127 5546 2126 5546 2366 5547 2126 5547 2125 5547 3101 5548 2134 5548 2133 5548 2338 5549 2334 5549 3098 5549 3098 5550 2334 5550 2006 5550 3098 5551 2006 5551 2004 5551 2004 5552 2071 5552 3098 5552 3098 5553 2071 5553 2083 5553 3098 5554 2083 5554 2073 5554 2425 5555 2426 5555 2427 5555 2007 5556 2381 5556 2136 5556 2136 5557 2381 5557 2383 5557 2136 5558 2383 5558 2384 5558 2136 5559 3102 5559 3103 5559 3103 5560 3104 5560 2136 5560 2136 5561 3104 5561 3105 5561 2136 5562 3105 5562 2125 5562 2125 5563 3105 5563 3106 5563 2125 5564 3106 5564 2366 5564 2366 5565 2365 5565 2128 5565 2128 5566 2365 5566 2357 5566 2128 5567 2357 5567 2129 5567 2129 5568 2357 5568 2351 5568 2129 5569 2351 5569 2130 5569 2130 5570 2351 5570 2343 5570 2130 5571 2343 5571 2131 5571 2131 5572 2343 5572 2342 5572 2131 5573 2342 5573 2132 5573 2132 5574 2342 5574 2338 5574 2132 5575 2338 5575 2133 5575 2427 5576 2008 5576 2425 5576 2425 5577 2008 5577 2007 5577 2425 5578 2007 5578 3107 5578 3107 5579 2007 5579 2136 5579 3107 5580 2136 5580 3101 5580 3101 5581 2136 5581 2135 5581 3101 5582 2135 5582 2134 5582 3108 5583 3102 5583 3109 5583 3109 5584 3102 5584 2136 5584 3109 5585 2136 5585 2385 5585 2385 5586 2136 5586 2384 5586 2133 5587 2338 5587 3101 5587 3101 5588 2338 5588 3098 5588 3101 5589 3098 5589 3078 5589 2596 5590 2582 5590 3110 5590 3110 5591 2582 5591 3111 5591 3110 5592 3111 5592 3098 5592 2120 5593 3078 5593 2121 5593 3111 5594 3112 5594 3098 5594 3098 5595 3112 5595 3113 5595 3098 5596 3113 5596 2576 5596 2122 5597 2516 5597 2123 5597 2123 5598 2516 5598 2542 5598 2123 5599 2542 5599 2124 5599 2124 5600 2542 5600 2538 5600 2124 5601 2538 5601 2113 5601 2113 5602 2538 5602 2520 5602 2113 5603 2520 5603 2114 5603 2114 5604 2520 5604 2527 5604 2114 5605 2527 5605 2115 5605 2115 5606 2527 5606 2523 5606 2115 5607 2523 5607 2116 5607 2116 5608 2523 5608 2522 5608 2116 5609 2522 5609 2117 5609 2117 5610 2522 5610 2524 5610 2117 5611 2524 5611 2118 5611 2122 5612 2121 5612 2516 5612 2516 5613 2121 5613 3078 5613 2516 5614 3078 5614 2513 5614 2513 5615 3078 5615 3098 5615 2513 5616 3098 5616 2015 5616 2015 5617 3098 5617 2016 5617 2576 5618 2574 5618 3098 5618 3098 5619 2574 5619 2573 5619 3098 5620 2573 5620 2016 5620 2480 5621 2482 5621 2119 5621 2119 5622 2482 5622 2484 5622 2119 5623 2484 5623 2014 5623 2429 5624 2443 5624 2012 5624 2012 5625 2443 5625 2434 5625 2012 5626 2434 5626 2014 5626 2014 5627 2434 5627 3077 5627 2014 5628 3077 5628 2119 5628 2119 5629 3077 5629 2120 5629 2118 5630 2524 5630 2119 5630 2119 5631 2524 5631 3114 5631 2119 5632 3114 5632 3115 5632 3116 5633 3117 5633 2119 5633 2119 5634 3117 5634 2481 5634 2119 5635 2481 5635 2480 5635 3115 5636 3118 5636 2119 5636 2119 5637 3118 5637 3116 5637 2634 5638 2022 5638 3110 5638 3110 5639 2022 5639 2020 5639 2631 5640 2630 5640 3110 5640 3110 5641 2630 5641 2632 5641 3110 5642 2632 5642 2634 5642 2020 5643 2578 5643 3110 5643 3110 5644 2578 5644 2591 5644 3110 5645 2591 5645 2596 5645 3119 5646 3110 5646 3120 5646 3120 5647 3110 5647 3121 5647 3110 5648 3119 5648 3122 5648 3110 5649 3122 5649 2631 5649 2107 5650 2106 5650 3123 5650 2657 5651 2107 5651 3124 5651 3124 5652 2107 5652 3123 5652 3124 5653 3123 5653 3125 5653 2105 5654 2640 5654 3110 5654 3110 5655 2640 5655 3126 5655 3126 5656 3127 5656 3110 5656 3110 5657 3127 5657 3128 5657 3110 5658 3128 5658 3121 5658 2105 5659 2104 5659 2640 5659 2640 5660 2104 5660 2103 5660 2640 5661 2103 5661 2638 5661 2638 5662 2103 5662 2102 5662 2638 5663 2102 5663 2639 5663 2639 5664 2102 5664 2101 5664 2639 5665 2101 5665 2643 5665 2643 5666 2101 5666 2112 5666 2643 5667 2112 5667 2651 5667 2651 5668 2112 5668 2111 5668 2651 5669 2111 5669 2656 5669 2656 5670 2111 5670 2110 5670 2656 5671 2110 5671 2657 5671 2657 5672 2110 5672 2109 5672 2657 5673 2109 5673 2108 5673 2024 5674 2023 5674 3123 5674 2023 5675 2672 5675 3123 5675 3123 5676 2672 5676 2674 5676 3123 5677 2674 5677 2675 5677 3129 5678 3123 5678 3130 5678 3130 5679 3123 5679 3131 5679 3129 5680 3132 5680 3123 5680 3123 5681 3132 5681 3133 5681 3123 5682 3133 5682 3125 5682 2718 5683 2024 5683 2719 5683 2719 5684 2024 5684 3123 5684 2719 5685 3123 5685 2716 5685 2716 5686 3123 5686 2717 5686 3134 5687 3131 5687 3135 5687 3135 5688 3131 5688 3123 5688 3135 5689 3123 5689 2676 5689 2676 5690 3123 5690 2675 5690 2725 5691 3136 5691 3137 5691 3137 5692 3136 5692 3138 5692 3137 5693 3138 5693 3123 5693 3123 5694 3138 5694 3139 5694 3123 5695 3139 5695 2717 5695 2781 5696 2777 5696 3137 5696 3137 5697 2777 5697 2030 5697 3137 5698 2030 5698 2028 5698 3140 5699 3141 5699 2093 5699 2093 5700 3141 5700 2809 5700 2093 5701 2809 5701 2094 5701 2781 5702 2090 5702 2785 5702 2785 5703 2090 5703 2089 5703 2785 5704 2089 5704 2788 5704 2788 5705 2089 5705 2100 5705 2788 5706 2100 5706 2794 5706 2794 5707 2100 5707 2099 5707 2794 5708 2099 5708 2800 5708 2800 5709 2099 5709 2098 5709 2800 5710 2098 5710 2784 5710 2784 5711 2098 5711 2097 5711 2784 5712 2097 5712 2808 5712 2808 5713 2097 5713 2096 5713 2808 5714 2096 5714 2809 5714 2809 5715 2096 5715 2095 5715 2809 5716 2095 5716 2094 5716 2028 5717 2738 5717 3137 5717 3137 5718 2738 5718 2722 5718 3137 5719 2722 5719 2725 5719 2091 5720 3142 5720 2092 5720 2092 5721 3142 5721 3143 5721 2092 5722 3143 5722 2093 5722 2093 5723 3143 5723 3144 5723 2093 5724 3144 5724 3140 5724 3145 5725 3146 5725 3147 5725 3145 5726 3147 5726 2828 5726 3148 5727 3149 5727 2826 5727 2868 5728 2870 5728 2869 5728 3149 5729 3150 5729 2826 5729 2826 5730 3150 5730 3140 5730 2826 5731 3140 5731 2824 5731 2824 5732 3140 5732 3144 5732 2824 5733 3144 5733 2031 5733 2031 5734 3144 5734 2868 5734 2031 5735 2868 5735 2032 5735 2032 5736 2868 5736 2869 5736 3148 5737 2826 5737 3147 5737 3147 5738 2826 5738 2827 5738 3147 5739 2827 5739 2828 5739 2977 5740 2973 5740 2955 5740 2039 5741 2153 5741 2152 5741 2155 5742 2154 5742 2931 5742 2931 5743 2154 5743 2153 5743 2931 5744 2153 5744 2932 5744 2932 5745 2153 5745 2039 5745 3005 5746 3080 5746 3018 5746 3018 5747 3080 5747 3000 5747 3018 5748 3000 5748 3013 5748 3005 5749 3151 5749 3080 5749 3080 5750 3151 5750 3152 5750 3080 5751 3152 5751 3153 5751 3137 5752 2149 5752 2160 5752 2051 5753 2060 5753 2064 5753 2931 5754 2977 5754 2155 5754 2155 5755 2977 5755 2955 5755 2155 5756 2955 5756 2156 5756 2156 5757 2955 5757 2962 5757 2156 5758 2962 5758 2157 5758 2157 5759 2962 5759 2958 5759 2157 5760 2958 5760 2158 5760 2158 5761 2958 5761 2957 5761 2158 5762 2957 5762 2159 5762 2159 5763 2957 5763 2959 5763 2159 5764 2959 5764 2160 5764 2160 5765 2959 5765 3154 5765 2160 5766 3154 5766 3155 5766 2064 5767 2040 5767 2051 5767 2051 5768 2040 5768 2039 5768 2051 5769 2039 5769 3153 5769 3153 5770 2039 5770 2152 5770 3153 5771 2152 5771 3080 5771 3080 5772 2152 5772 2151 5772 3080 5773 2151 5773 3137 5773 3137 5774 2151 5774 2150 5774 3137 5775 2150 5775 2149 5775 2925 5776 2927 5776 3155 5776 3155 5777 2927 5777 2038 5777 2872 5778 2886 5778 2036 5778 2036 5779 2886 5779 2882 5779 2036 5780 2882 5780 2038 5780 2038 5781 2882 5781 3156 5781 2038 5782 3156 5782 3155 5782 3155 5783 3156 5783 3157 5783 3155 5784 3157 5784 2160 5784 2160 5785 3157 5785 3158 5785 2160 5786 3158 5786 3137 5786 3137 5787 3158 5787 3142 5787 3137 5788 3142 5788 2781 5788 2781 5789 3142 5789 2091 5789 2781 5790 2091 5790 2090 5790 3159 5791 2924 5791 3155 5791 3155 5792 2924 5792 2923 5792 3155 5793 2923 5793 2925 5793 3160 5794 3161 5794 2924 5794 3160 5795 2924 5795 3162 5795 3162 5796 2924 5796 3159 5796 2148 5797 3080 5797 3079 5797 3079 5798 3080 5798 3137 5798 3079 5799 3137 5799 3098 5799 3098 5800 3137 5800 3123 5800 3098 5801 3123 5801 3110 5801 3110 5802 3123 5802 2106 5802 3110 5803 2106 5803 2105 5803 3163 5804 3164 5804 3165 5804 3164 5805 3166 5805 2177 5805 3068 5806 3069 5806 3166 5806 3166 5807 3069 5807 2176 5807 3166 5808 2176 5808 2177 5808 3063 5809 3166 5809 3062 5809 3062 5810 3166 5810 3167 5810 2177 5811 2166 5811 3164 5811 3164 5812 2166 5812 2165 5812 3164 5813 2165 5813 2234 5813 3063 5814 3064 5814 3166 5814 3166 5815 3064 5815 3066 5815 3166 5816 3066 5816 3068 5816 2234 5817 2235 5817 3164 5817 3164 5818 2235 5818 2236 5818 3164 5819 2236 5819 2237 5819 2237 5820 2227 5820 3164 5820 3164 5821 2227 5821 2226 5821 3164 5822 2226 5822 3165 5822 3167 5823 3166 5823 3168 5823 3169 5824 3170 5824 3171 5824 3171 5825 3170 5825 3172 5825 3173 5826 3174 5826 3171 5826 3171 5827 3172 5827 3175 5827 3171 5828 3175 5828 3173 5828 3174 5829 3176 5829 3171 5829 3171 5830 3176 5830 3177 5830 3171 5831 3177 5831 3178 5831 3179 5832 3180 5832 3181 5832 3181 5833 3180 5833 3182 5833 3181 5834 3182 5834 3183 5834 3183 5835 3182 5835 3184 5835 3183 5836 3184 5836 3185 5836 3185 5837 3184 5837 3186 5837 3185 5838 3186 5838 3187 5838 3187 5839 3186 5839 3188 5839 3187 5840 3188 5840 3189 5840 3189 5841 3188 5841 3190 5841 3189 5842 3190 5842 3191 5842 3191 5843 3190 5843 3192 5843 3191 5844 3192 5844 3193 5844 3193 5845 3192 5845 3194 5845 3193 5846 3194 5846 3195 5846 3195 5847 3194 5847 3196 5847 3195 5848 3196 5848 3197 5848 3197 5849 3196 5849 3198 5849 3199 5850 2212 5850 2211 5850 3200 5851 3201 5851 3202 5851 3202 5852 3201 5852 3203 5852 3202 5853 3203 5853 3204 5853 3204 5854 3203 5854 3205 5854 3204 5855 3205 5855 2210 5855 2210 5856 3205 5856 3206 5856 2210 5857 3206 5857 2211 5857 2211 5858 3206 5858 3207 5858 2211 5859 3207 5859 3199 5859 3208 5860 2179 5860 3209 5860 3209 5861 2179 5861 2190 5861 3209 5862 2190 5862 3210 5862 3210 5863 2190 5863 2189 5863 3210 5864 2189 5864 3211 5864 3211 5865 2189 5865 2188 5865 3211 5866 2188 5866 3212 5866 3212 5867 2188 5867 2187 5867 3212 5868 2187 5868 3213 5868 3213 5869 2187 5869 2186 5869 3213 5870 2186 5870 3214 5870 3214 5871 2186 5871 2185 5871 3214 5872 2185 5872 3215 5872 3208 5873 3216 5873 2179 5873 2179 5874 3216 5874 3217 5874 2179 5875 3217 5875 2180 5875 2180 5876 3217 5876 3218 5876 2180 5877 3218 5877 2181 5877 2181 5878 3218 5878 3219 5878 2181 5879 3219 5879 2182 5879 2182 5880 3219 5880 3220 5880 2182 5881 3220 5881 2183 5881 2183 5882 3220 5882 3221 5882 2183 5883 3221 5883 2184 5883 2184 5884 3221 5884 3222 5884 2184 5885 3222 5885 2185 5885 2185 5886 3222 5886 3223 5886 2185 5887 3223 5887 3215 5887 2201 5888 2208 5888 2202 5888 2202 5889 2208 5889 3224 5889 2202 5890 3224 5890 2206 5890 2206 5891 3224 5891 3225 5891 2206 5892 3225 5892 2205 5892 2205 5893 3225 5893 3226 5893 2205 5894 3226 5894 2203 5894 2203 5895 3226 5895 3227 5895 2203 5896 3227 5896 2204 5896 2204 5897 3227 5897 3228 5897 2204 5898 3228 5898 2191 5898 2191 5899 3228 5899 2192 5899 2193 5900 2194 5900 2195 5900 2195 5901 2194 5901 3229 5901 2195 5902 3229 5902 2196 5902 2196 5903 3229 5903 3230 5903 2196 5904 3230 5904 2197 5904 2197 5905 3230 5905 3231 5905 2197 5906 3231 5906 2198 5906 2198 5907 3231 5907 3232 5907 2198 5908 3232 5908 2199 5908 2199 5909 3232 5909 3233 5909 2199 5910 3233 5910 2200 5910 2200 5911 3233 5911 2207 5911 3234 5912 3235 5912 3236 5912 3236 5913 3235 5913 3237 5913 3236 5914 3237 5914 3238 5914 3239 5915 3235 5915 3240 5915 3240 5916 3235 5916 3234 5916 3240 5917 3234 5917 3241 5917 3239 5918 3242 5918 3235 5918 3235 5919 3242 5919 3202 5919 3235 5920 3202 5920 2209 5920 2209 5921 3202 5921 3204 5921 2209 5922 3204 5922 2210 5922 3197 5923 3198 5923 3243 5923 3243 5924 3198 5924 3244 5924 2223 5925 2228 5925 3086 5925 3245 5926 3163 5926 3165 5926 2223 5927 3086 5927 2224 5927 3245 5928 3165 5928 3086 5928 3086 5929 3165 5929 2226 5929 3086 5930 2226 5930 2224 5930 3246 5931 3247 5931 3248 5931 3249 5932 3245 5932 3086 5932 3246 5933 3248 5933 3250 5933 3086 5934 3087 5934 3249 5934 3249 5935 3087 5935 3096 5935 3249 5936 3096 5936 3251 5936 3251 5937 3096 5937 3095 5937 3251 5938 3095 5938 3248 5938 3248 5939 3095 5939 3094 5939 3248 5940 3094 5940 3250 5940 3090 5941 2256 5941 2239 5941 3090 5942 3252 5942 3091 5942 3091 5943 3252 5943 3253 5943 3091 5944 3253 5944 3092 5944 3092 5945 3253 5945 3093 5945 3253 5946 3254 5946 3255 5946 3094 5947 3093 5947 3250 5947 3250 5948 3093 5948 3253 5948 3250 5949 3253 5949 3246 5949 3246 5950 3253 5950 3255 5950 3246 5951 3255 5951 3247 5951 3254 5952 3253 5952 3256 5952 3256 5953 3253 5953 3252 5953 3256 5954 3252 5954 3257 5954 3258 5955 2266 5955 2259 5955 3257 5956 3252 5956 3259 5956 3259 5957 3252 5957 3258 5957 3259 5958 3258 5958 3260 5958 3260 5959 3258 5959 2259 5959 3260 5960 2259 5960 3261 5960 3261 5961 2259 5961 2258 5961 3261 5962 2258 5962 3262 5962 3090 5963 2239 5963 3252 5963 3252 5964 2239 5964 2238 5964 3252 5965 2238 5965 3258 5965 3258 5966 2238 5966 2261 5966 3258 5967 2261 5967 2266 5967 2258 5968 2274 5968 3262 5968 3262 5969 2274 5969 2276 5969 3262 5970 2276 5970 3263 5970 2276 5971 2279 5971 3263 5971 3263 5972 2279 5972 2278 5972 3263 5973 2278 5973 2282 5973 2282 5974 2281 5974 3263 5974 3263 5975 2281 5975 2273 5975 3263 5976 2273 5976 2272 5976 2072 5977 3264 5977 2073 5977 2073 5978 3264 5978 3097 5978 2072 5979 2303 5979 3264 5979 3264 5980 2303 5980 2304 5980 3264 5981 2304 5981 2307 5981 2270 5982 2269 5982 3100 5982 2288 5983 2297 5983 2289 5983 2289 5984 2297 5984 3100 5984 2289 5985 3100 5985 2290 5985 2290 5986 3100 5986 2269 5986 3264 5987 3265 5987 3097 5987 3097 5988 3265 5988 3266 5988 3097 5989 3266 5989 3099 5989 3099 5990 3266 5990 3267 5990 3099 5991 3267 5991 3100 5991 3100 5992 3267 5992 2283 5992 3100 5993 2283 5993 2270 5993 2317 5994 2318 5994 3268 5994 3269 5995 2312 5995 3268 5995 3268 5996 2312 5996 2311 5996 3268 5997 2311 5997 2317 5997 2307 5998 2306 5998 3269 5998 3269 5999 2306 5999 2309 5999 3269 6000 2309 6000 2308 6000 2308 6001 2315 6001 3269 6001 3269 6002 2315 6002 2314 6002 3269 6003 2314 6003 2312 6003 3270 6004 3268 6004 2318 6004 3270 6005 2318 6005 3271 6005 3272 6006 3273 6006 3271 6006 3271 6007 3273 6007 3274 6007 3271 6008 3274 6008 3270 6008 3275 6009 3276 6009 3272 6009 3272 6010 3276 6010 3277 6010 3272 6011 3277 6011 3273 6011 2350 6012 3278 6012 3275 6012 3275 6013 3278 6013 3279 6013 3275 6014 3279 6014 3280 6014 3280 6015 3281 6015 3275 6015 3275 6016 3281 6016 3282 6016 3275 6017 3282 6017 3276 6017 2345 6018 2344 6018 3272 6018 3272 6019 2344 6019 2353 6019 3272 6020 2353 6020 3275 6020 3275 6021 2353 6021 2352 6021 3275 6022 2352 6022 2350 6022 2333 6023 2332 6023 2348 6023 2348 6024 2347 6024 2333 6024 2333 6025 2347 6025 2346 6025 2333 6026 2346 6026 2319 6026 2318 6027 2323 6027 3271 6027 3271 6028 2323 6028 2322 6028 3271 6029 2322 6029 2327 6029 2327 6030 2320 6030 3271 6030 3271 6031 2320 6031 2319 6031 3271 6032 2319 6032 3272 6032 3272 6033 2319 6033 2346 6033 3272 6034 2346 6034 2345 6034 3283 6035 3284 6035 3285 6035 2364 6036 2366 6036 3106 6036 2350 6037 2349 6037 3278 6037 3278 6038 2349 6038 2354 6038 3278 6039 2354 6039 3279 6039 2354 6040 2356 6040 3279 6040 3279 6041 2356 6041 2355 6041 3279 6042 2355 6042 3286 6042 3286 6043 2355 6043 2363 6043 3286 6044 2363 6044 2362 6044 2362 6045 2361 6045 3286 6045 3286 6046 2361 6046 2360 6046 3286 6047 2360 6047 2359 6047 2359 6048 2358 6048 3286 6048 3286 6049 2358 6049 2340 6049 3286 6050 2340 6050 2339 6050 3283 6051 3285 6051 3287 6051 2339 6052 2364 6052 3286 6052 3286 6053 2364 6053 3106 6053 3286 6054 3106 6054 3288 6054 3288 6055 3106 6055 3105 6055 3288 6056 3105 6056 3285 6056 3285 6057 3105 6057 3104 6057 3285 6058 3104 6058 3287 6058 3109 6059 2385 6059 2368 6059 3109 6060 3289 6060 3108 6060 3108 6061 3289 6061 3290 6061 3108 6062 3290 6062 3102 6062 3102 6063 3290 6063 3103 6063 3290 6064 3291 6064 3292 6064 3104 6065 3103 6065 3287 6065 3287 6066 3103 6066 3290 6066 3287 6067 3290 6067 3283 6067 3283 6068 3290 6068 3292 6068 3283 6069 3292 6069 3284 6069 3291 6070 3290 6070 3293 6070 3293 6071 3290 6071 3289 6071 3293 6072 3289 6072 3294 6072 3295 6073 2395 6073 2388 6073 3294 6074 3289 6074 3296 6074 3296 6075 3289 6075 3295 6075 3296 6076 3295 6076 3297 6076 3297 6077 3295 6077 2388 6077 3297 6078 2388 6078 3298 6078 3298 6079 2388 6079 2387 6079 3298 6080 2387 6080 3299 6080 3109 6081 2368 6081 3289 6081 3289 6082 2368 6082 2367 6082 3289 6083 2367 6083 3295 6083 3295 6084 2367 6084 2390 6084 3295 6085 2390 6085 2395 6085 2387 6086 2403 6086 3299 6086 3299 6087 2403 6087 2405 6087 3299 6088 2405 6088 3300 6088 2405 6089 2408 6089 3300 6089 3300 6090 2408 6090 2407 6090 3300 6091 2407 6091 2411 6091 2411 6092 2410 6092 3300 6092 3300 6093 2410 6093 2402 6093 3300 6094 2402 6094 2401 6094 3301 6095 2412 6095 3107 6095 3107 6096 2412 6096 2399 6096 3107 6097 2399 6097 2398 6097 2417 6098 2425 6098 2418 6098 2418 6099 2425 6099 3107 6099 2418 6100 3107 6100 2419 6100 2419 6101 3107 6101 2398 6101 3302 6102 2440 6102 2455 6102 2455 6103 2450 6103 3302 6103 3302 6104 2450 6104 2449 6104 3302 6105 2449 6105 2460 6105 3301 6106 3107 6106 3303 6106 3303 6107 3107 6107 3101 6107 3303 6108 3101 6108 3304 6108 3304 6109 3101 6109 3078 6109 3304 6110 3078 6110 3305 6110 3305 6111 3078 6111 3077 6111 3305 6112 3077 6112 3302 6112 3302 6113 3077 6113 2434 6113 3302 6114 2434 6114 2440 6114 2467 6115 2468 6115 3306 6115 3307 6116 2462 6116 3306 6116 3306 6117 2462 6117 2461 6117 3306 6118 2461 6118 2467 6118 2460 6119 2459 6119 3307 6119 3307 6120 2459 6120 2457 6120 3307 6121 2457 6121 2456 6121 2456 6122 2465 6122 3307 6122 3307 6123 2465 6123 2464 6123 3307 6124 2464 6124 2462 6124 2475 6125 2474 6125 3308 6125 3306 6126 2468 6126 3309 6126 3309 6127 2468 6127 2475 6127 3309 6128 2475 6128 3310 6128 3310 6129 2475 6129 3308 6129 3310 6130 3308 6130 3311 6130 3311 6131 3308 6131 3312 6131 3311 6132 3312 6132 3313 6132 3313 6133 3312 6133 3314 6133 3315 6134 3316 6134 3317 6134 3317 6135 3316 6135 3314 6135 3318 6136 3315 6136 3319 6136 3319 6137 3315 6137 3317 6137 3319 6138 3317 6138 3320 6138 3320 6139 3317 6139 3116 6139 3320 6140 3116 6140 3118 6140 3314 6141 3312 6141 3317 6141 3317 6142 3312 6142 3117 6142 3317 6143 3117 6143 3116 6143 2481 6144 3117 6144 2479 6144 2479 6145 3117 6145 3312 6145 2479 6146 3312 6146 2478 6146 2478 6147 3312 6147 3308 6147 2478 6148 3308 6148 2477 6148 2477 6149 3308 6149 2474 6149 3320 6150 3118 6150 3115 6150 2531 6151 2530 6151 3321 6151 3321 6152 2530 6152 2529 6152 3321 6153 2529 6153 2528 6153 3114 6154 2524 6154 2521 6154 2528 6155 2526 6155 3321 6155 3321 6156 2526 6156 2525 6156 3321 6157 2525 6157 3322 6157 3322 6158 2525 6158 2535 6158 3322 6159 2535 6159 3323 6159 3323 6160 2535 6160 2534 6160 3323 6161 2534 6161 3324 6161 3324 6162 2534 6162 2533 6162 2533 6163 2532 6163 3324 6163 3324 6164 2532 6164 2519 6164 3324 6165 2519 6165 2518 6165 3325 6166 3318 6166 3319 6166 3319 6167 3320 6167 3325 6167 3325 6168 3320 6168 3115 6168 3325 6169 3115 6169 3326 6169 3326 6170 3115 6170 3114 6170 3326 6171 3114 6171 3321 6171 3321 6172 3114 6172 2521 6172 3321 6173 2521 6173 2531 6173 2540 6174 2539 6174 3327 6174 2503 6175 2544 6175 2504 6175 2504 6176 2544 6176 2543 6176 2504 6177 2543 6177 2499 6177 2537 6178 2536 6178 3328 6178 2537 6179 3328 6179 2539 6179 3324 6180 2518 6180 3327 6180 3327 6181 2518 6181 2541 6181 3327 6182 2541 6182 2540 6182 3329 6183 3327 6183 3330 6183 3330 6184 3327 6184 3331 6184 3324 6185 3327 6185 3323 6185 3323 6186 3327 6186 3329 6186 3323 6187 3329 6187 3322 6187 2539 6188 3328 6188 3327 6188 3327 6189 3328 6189 3332 6189 3327 6190 3332 6190 3331 6190 3333 6191 3334 6191 3335 6191 3335 6192 3334 6192 3336 6192 3335 6193 3336 6193 3328 6193 3328 6194 3336 6194 3337 6194 3328 6195 3337 6195 3332 6195 2500 6196 2514 6196 3335 6196 3335 6197 2514 6197 2517 6197 3335 6198 2517 6198 3333 6198 3333 6199 2517 6199 3338 6199 2536 6200 2544 6200 3328 6200 3328 6201 2544 6201 2503 6201 3328 6202 2503 6202 3335 6202 3335 6203 2503 6203 2501 6203 3335 6204 2501 6204 2500 6204 2517 6205 2556 6205 3338 6205 3338 6206 2556 6206 2555 6206 3338 6207 2555 6207 3339 6207 2555 6208 2558 6208 3339 6208 3339 6209 2558 6209 2557 6209 3339 6210 2557 6210 2561 6210 2561 6211 2560 6211 3339 6211 3339 6212 2560 6212 2550 6212 3339 6213 2550 6213 2549 6213 2546 6214 3113 6214 2547 6214 2547 6215 3113 6215 2562 6215 2565 6216 2576 6216 2566 6216 2566 6217 2576 6217 3113 6217 2566 6218 3113 6218 2568 6218 2568 6219 3113 6219 2546 6219 3340 6220 2588 6220 2605 6220 2605 6221 2600 6221 3340 6221 3340 6222 2600 6222 2599 6222 3340 6223 2599 6223 2610 6223 2562 6224 3113 6224 3341 6224 3341 6225 3113 6225 3112 6225 3341 6226 3112 6226 3342 6226 3342 6227 3112 6227 3111 6227 3342 6228 3111 6228 3340 6228 3340 6229 3111 6229 2582 6229 3340 6230 2582 6230 2588 6230 2617 6231 2618 6231 3343 6231 3344 6232 2612 6232 3343 6232 3343 6233 2612 6233 2611 6233 3343 6234 2611 6234 2617 6234 2610 6235 2609 6235 3344 6235 3344 6236 2609 6236 2607 6236 3344 6237 2607 6237 2606 6237 2606 6238 2615 6238 3344 6238 3344 6239 2615 6239 2614 6239 3344 6240 2614 6240 2612 6240 2625 6241 2624 6241 3345 6241 3343 6242 2618 6242 3346 6242 3346 6243 2618 6243 2625 6243 3346 6244 2625 6244 3347 6244 3347 6245 2625 6245 3345 6245 3347 6246 3345 6246 3348 6246 3348 6247 3345 6247 3349 6247 3348 6248 3349 6248 3350 6248 3350 6249 3349 6249 3351 6249 3352 6250 3353 6250 3354 6250 3354 6251 3353 6251 3351 6251 3355 6252 3352 6252 3356 6252 3356 6253 3352 6253 3354 6253 3356 6254 3354 6254 3357 6254 3357 6255 3354 6255 3119 6255 3357 6256 3119 6256 3120 6256 3351 6257 3349 6257 3354 6257 3354 6258 3349 6258 3122 6258 3354 6259 3122 6259 3119 6259 2631 6260 3122 6260 2629 6260 2629 6261 3122 6261 3349 6261 2629 6262 3349 6262 2628 6262 2628 6263 3349 6263 3345 6263 2628 6264 3345 6264 2627 6264 2627 6265 3345 6265 2624 6265 2655 6266 2657 6266 3124 6266 3358 6267 3359 6267 3360 6267 3357 6268 3361 6268 3356 6268 3356 6269 3361 6269 3355 6269 3358 6270 3360 6270 3362 6270 3363 6271 2641 6271 3364 6271 3364 6272 2641 6272 2654 6272 2654 6273 2653 6273 3364 6273 3364 6274 2653 6274 2649 6274 3364 6275 2649 6275 2650 6275 2655 6276 3124 6276 2652 6276 2637 6277 2648 6277 3365 6277 3365 6278 2648 6278 2647 6278 3365 6279 2647 6279 2646 6279 2646 6280 2645 6280 3365 6280 3365 6281 2645 6281 2644 6281 3365 6282 2644 6282 3363 6282 3363 6283 2644 6283 2642 6283 3363 6284 2642 6284 2641 6284 2640 6285 2637 6285 3126 6285 3126 6286 2637 6286 3365 6286 3126 6287 3365 6287 3127 6287 3127 6288 3365 6288 3366 6288 3127 6289 3366 6289 3128 6289 3128 6290 3366 6290 3361 6290 3128 6291 3361 6291 3121 6291 3121 6292 3361 6292 3357 6292 3121 6293 3357 6293 3120 6293 2650 6294 2652 6294 3364 6294 3364 6295 2652 6295 3124 6295 3364 6296 3124 6296 3367 6296 3129 6297 3362 6297 3132 6297 3132 6298 3362 6298 3360 6298 3132 6299 3360 6299 3133 6299 3133 6300 3360 6300 3367 6300 3133 6301 3367 6301 3125 6301 3125 6302 3367 6302 3124 6302 3135 6303 2676 6303 2659 6303 3135 6304 3368 6304 3134 6304 3134 6305 3368 6305 3369 6305 3134 6306 3369 6306 3131 6306 3131 6307 3369 6307 3130 6307 3369 6308 3370 6308 3371 6308 3129 6309 3130 6309 3362 6309 3362 6310 3130 6310 3369 6310 3362 6311 3369 6311 3358 6311 3358 6312 3369 6312 3371 6312 3358 6313 3371 6313 3359 6313 3370 6314 3369 6314 3372 6314 3372 6315 3369 6315 3368 6315 3372 6316 3368 6316 3373 6316 3374 6317 2686 6317 2679 6317 3373 6318 3368 6318 3375 6318 3375 6319 3368 6319 3374 6319 3375 6320 3374 6320 3376 6320 3376 6321 3374 6321 2679 6321 3376 6322 2679 6322 3377 6322 3377 6323 2679 6323 2678 6323 3377 6324 2678 6324 3378 6324 3135 6325 2659 6325 3368 6325 3368 6326 2659 6326 2658 6326 3368 6327 2658 6327 3374 6327 3374 6328 2658 6328 2681 6328 3374 6329 2681 6329 2686 6329 2678 6330 2694 6330 3378 6330 3378 6331 2694 6331 2696 6331 3378 6332 2696 6332 3379 6332 2696 6333 2699 6333 3379 6333 3379 6334 2699 6334 2698 6334 3379 6335 2698 6335 2702 6335 2702 6336 2701 6336 3379 6336 3379 6337 2701 6337 2693 6337 3379 6338 2693 6338 2692 6338 2689 6339 3139 6339 2690 6339 2690 6340 3139 6340 2703 6340 2708 6341 2717 6341 2709 6341 2709 6342 2717 6342 3139 6342 2709 6343 3139 6343 2710 6343 2710 6344 3139 6344 2689 6344 3380 6345 2729 6345 2743 6345 2743 6346 2744 6346 3380 6346 3380 6347 2744 6347 2748 6347 3380 6348 2748 6348 2747 6348 2703 6349 3139 6349 3381 6349 3381 6350 3139 6350 3138 6350 3381 6351 3138 6351 3382 6351 3382 6352 3138 6352 3136 6352 3382 6353 3136 6353 3380 6353 3380 6354 3136 6354 2725 6354 3380 6355 2725 6355 2729 6355 2759 6356 2760 6356 3383 6356 3384 6357 2753 6357 3383 6357 3383 6358 2753 6358 2752 6358 3383 6359 2752 6359 2759 6359 2747 6360 2746 6360 3384 6360 3384 6361 2746 6361 2751 6361 3384 6362 2751 6362 2750 6362 2750 6363 2756 6363 3384 6363 3384 6364 2756 6364 2755 6364 3384 6365 2755 6365 2753 6365 3385 6366 3383 6366 2760 6366 3385 6367 2760 6367 3386 6367 3387 6368 3388 6368 3386 6368 3386 6369 3388 6369 3389 6369 3386 6370 3389 6370 3385 6370 3390 6371 3391 6371 3387 6371 3387 6372 3391 6372 3392 6372 3387 6373 3392 6373 3388 6373 2793 6374 3393 6374 3390 6374 3390 6375 3393 6375 3394 6375 3390 6376 3394 6376 3395 6376 3395 6377 3396 6377 3390 6377 3390 6378 3396 6378 3397 6378 3390 6379 3397 6379 3391 6379 2787 6380 2786 6380 3387 6380 3387 6381 2786 6381 2796 6381 3387 6382 2796 6382 3390 6382 3390 6383 2796 6383 2795 6383 3390 6384 2795 6384 2793 6384 2776 6385 2775 6385 2791 6385 2791 6386 2790 6386 2776 6386 2776 6387 2790 6387 2789 6387 2776 6388 2789 6388 2762 6388 2760 6389 2766 6389 3386 6389 3386 6390 2766 6390 2765 6390 3386 6391 2765 6391 2770 6391 2770 6392 2763 6392 3386 6392 3386 6393 2763 6393 2762 6393 3386 6394 2762 6394 3387 6394 3387 6395 2762 6395 2789 6395 3387 6396 2789 6396 2787 6396 2793 6397 2792 6397 3393 6397 3393 6398 2792 6398 2797 6398 3393 6399 2797 6399 3394 6399 2797 6400 2799 6400 3394 6400 3394 6401 2799 6401 2798 6401 3394 6402 2798 6402 3398 6402 2798 6403 2806 6403 3398 6403 3398 6404 2806 6404 2805 6404 3398 6405 2805 6405 2804 6405 2804 6406 2803 6406 3398 6406 3398 6407 2803 6407 2802 6407 3398 6408 2802 6408 2801 6408 2801 6409 2783 6409 3398 6409 3398 6410 2783 6410 2782 6410 3398 6411 2782 6411 2807 6411 3149 6412 3399 6412 3400 6412 3400 6413 3399 6413 3401 6413 3400 6414 3401 6414 3402 6414 3149 6415 3400 6415 3150 6415 3150 6416 3400 6416 3403 6416 3150 6417 3403 6417 3140 6417 3140 6418 3403 6418 3398 6418 3140 6419 3398 6419 3141 6419 3141 6420 3398 6420 2807 6420 3141 6421 2807 6421 2809 6421 3145 6422 2828 6422 2811 6422 3145 6423 3404 6423 3146 6423 3146 6424 3404 6424 3405 6424 3146 6425 3405 6425 3147 6425 3147 6426 3405 6426 3148 6426 3405 6427 3406 6427 3407 6427 3149 6428 3148 6428 3399 6428 3399 6429 3148 6429 3405 6429 3399 6430 3405 6430 3401 6430 3401 6431 3405 6431 3407 6431 3401 6432 3407 6432 3402 6432 3406 6433 3405 6433 3408 6433 3408 6434 3405 6434 3404 6434 3408 6435 3404 6435 3409 6435 3410 6436 2838 6436 2831 6436 3409 6437 3404 6437 3411 6437 3411 6438 3404 6438 3410 6438 3411 6439 3410 6439 3412 6439 3412 6440 3410 6440 2831 6440 3412 6441 2831 6441 3413 6441 3413 6442 2831 6442 2830 6442 3413 6443 2830 6443 3414 6443 3145 6444 2811 6444 3404 6444 3404 6445 2811 6445 2810 6445 3404 6446 2810 6446 3410 6446 3410 6447 2810 6447 2833 6447 3410 6448 2833 6448 2838 6448 2830 6449 2846 6449 3414 6449 3414 6450 2846 6450 2848 6450 3414 6451 2848 6451 3415 6451 2848 6452 2851 6452 3415 6452 3415 6453 2851 6453 2850 6453 3415 6454 2850 6454 2854 6454 2854 6455 2853 6455 3415 6455 3415 6456 2853 6456 2845 6456 3415 6457 2845 6457 2844 6457 2860 6458 2868 6458 3416 6458 3416 6459 2868 6459 3144 6459 2855 6460 2842 6460 3143 6460 3143 6461 2842 6461 2841 6461 3143 6462 2841 6462 3144 6462 3144 6463 2841 6463 2862 6463 3144 6464 2862 6464 3416 6464 3416 6465 2862 6465 2861 6465 3416 6466 2861 6466 2860 6466 3417 6467 2883 6467 2898 6467 2898 6468 2893 6468 3417 6468 3417 6469 2893 6469 2892 6469 3417 6470 2892 6470 2903 6470 2882 6471 2883 6471 3156 6471 3156 6472 2883 6472 3417 6472 3156 6473 3417 6473 3157 6473 3157 6474 3417 6474 3418 6474 3157 6475 3418 6475 3158 6475 3158 6476 3418 6476 3419 6476 3158 6477 3419 6477 3142 6477 3142 6478 3419 6478 3420 6478 3142 6479 3420 6479 3143 6479 3143 6480 3420 6480 3421 6480 3143 6481 3421 6481 2855 6481 2910 6482 2911 6482 3422 6482 3423 6483 2905 6483 3422 6483 3422 6484 2905 6484 2904 6484 3422 6485 2904 6485 2910 6485 2903 6486 2902 6486 3423 6486 3423 6487 2902 6487 2900 6487 3423 6488 2900 6488 2899 6488 2899 6489 2908 6489 3423 6489 3423 6490 2908 6490 2907 6490 3423 6491 2907 6491 2905 6491 2918 6492 2917 6492 3424 6492 3422 6493 2911 6493 3425 6493 3425 6494 2911 6494 2918 6494 3425 6495 2918 6495 3426 6495 3426 6496 2918 6496 3424 6496 3426 6497 3424 6497 3427 6497 3427 6498 3424 6498 3428 6498 3427 6499 3428 6499 3429 6499 3429 6500 3428 6500 3430 6500 3431 6501 3432 6501 3433 6501 3433 6502 3432 6502 3430 6502 3434 6503 3431 6503 3435 6503 3435 6504 3431 6504 3433 6504 3435 6505 3433 6505 3436 6505 3436 6506 3433 6506 3160 6506 3436 6507 3160 6507 3162 6507 3430 6508 3428 6508 3433 6508 3433 6509 3428 6509 3161 6509 3433 6510 3161 6510 3160 6510 2924 6511 3161 6511 2922 6511 2922 6512 3161 6512 3428 6512 2922 6513 3428 6513 2921 6513 2921 6514 3428 6514 3424 6514 2921 6515 3424 6515 2920 6515 2920 6516 3424 6516 2917 6516 3436 6517 3162 6517 3159 6517 2964 6518 2963 6518 3437 6518 2956 6519 2966 6519 3437 6519 3437 6520 2966 6520 2965 6520 3437 6521 2965 6521 2964 6521 2963 6522 2961 6522 3437 6522 3437 6523 2961 6523 2960 6523 3437 6524 2960 6524 3438 6524 3438 6525 2960 6525 2970 6525 3438 6526 2970 6526 3439 6526 3439 6527 2970 6527 2969 6527 3439 6528 2969 6528 3440 6528 3440 6529 2969 6529 2968 6529 2968 6530 2967 6530 3440 6530 3440 6531 2967 6531 2954 6531 3440 6532 2954 6532 2953 6532 3441 6533 3434 6533 3435 6533 2959 6534 2956 6534 3154 6534 3154 6535 2956 6535 3437 6535 3154 6536 3437 6536 3155 6536 3155 6537 3437 6537 3442 6537 3155 6538 3442 6538 3159 6538 3159 6539 3442 6539 3441 6539 3159 6540 3441 6540 3436 6540 3436 6541 3441 6541 3435 6541 2975 6542 2974 6542 3443 6542 2935 6543 2979 6543 2936 6543 2936 6544 2979 6544 2978 6544 2936 6545 2978 6545 2938 6545 2972 6546 2971 6546 3444 6546 2972 6547 3444 6547 2974 6547 3440 6548 2953 6548 3443 6548 3443 6549 2953 6549 2976 6549 3443 6550 2976 6550 2975 6550 3445 6551 3443 6551 3446 6551 3446 6552 3443 6552 3447 6552 3440 6553 3443 6553 3439 6553 3439 6554 3443 6554 3445 6554 3439 6555 3445 6555 3438 6555 2974 6556 3444 6556 3443 6556 3443 6557 3444 6557 3448 6557 3443 6558 3448 6558 3447 6558 3449 6559 3450 6559 3451 6559 3451 6560 3450 6560 3452 6560 3451 6561 3452 6561 3444 6561 3444 6562 3452 6562 3453 6562 3444 6563 3453 6563 3448 6563 2952 6564 2941 6564 3451 6564 3451 6565 2941 6565 2940 6565 3451 6566 2940 6566 3449 6566 3449 6567 2940 6567 3454 6567 2971 6568 2979 6568 3444 6568 3444 6569 2979 6569 2935 6569 3444 6570 2935 6570 3451 6570 3451 6571 2935 6571 2947 6571 3451 6572 2947 6572 2952 6572 2940 6573 2993 6573 3454 6573 3454 6574 2993 6574 2992 6574 3454 6575 2992 6575 3455 6575 2992 6576 2991 6576 3455 6576 3455 6577 2991 6577 2990 6577 3455 6578 2990 6578 2994 6578 2994 6579 2995 6579 3455 6579 3455 6580 2995 6580 2982 6580 3455 6581 2982 6581 2981 6581 3456 6582 3010 6582 3027 6582 3027 6583 3022 6583 3456 6583 3456 6584 3022 6584 3021 6584 3456 6585 3021 6585 3032 6585 2998 6586 3153 6586 2996 6586 2996 6587 3153 6587 2997 6587 2052 6588 2051 6588 2986 6588 2986 6589 2051 6589 3153 6589 2986 6590 3153 6590 2984 6590 2984 6591 3153 6591 2998 6591 2997 6592 3153 6592 3457 6592 3457 6593 3153 6593 3152 6593 3457 6594 3152 6594 3458 6594 3458 6595 3152 6595 3151 6595 3458 6596 3151 6596 3456 6596 3456 6597 3151 6597 3005 6597 3456 6598 3005 6598 3010 6598 3039 6599 3040 6599 3459 6599 3460 6600 3034 6600 3459 6600 3459 6601 3034 6601 3033 6601 3459 6602 3033 6602 3039 6602 3032 6603 3031 6603 3460 6603 3460 6604 3031 6604 3029 6604 3460 6605 3029 6605 3028 6605 3028 6606 3037 6606 3460 6606 3460 6607 3037 6607 3036 6607 3460 6608 3036 6608 3034 6608 3047 6609 3046 6609 3461 6609 3459 6610 3040 6610 3462 6610 3462 6611 3040 6611 3047 6611 3462 6612 3047 6612 3463 6612 3463 6613 3047 6613 3461 6613 3463 6614 3461 6614 3464 6614 3464 6615 3461 6615 3465 6615 3464 6616 3465 6616 3466 6616 3466 6617 3465 6617 3467 6617 3468 6618 3469 6618 3470 6618 3470 6619 3469 6619 3467 6619 3471 6620 3468 6620 3472 6620 3472 6621 3468 6621 3470 6621 3472 6622 3470 6622 3473 6622 3473 6623 3470 6623 3084 6623 3473 6624 3084 6624 3083 6624 3467 6625 3465 6625 3470 6625 3470 6626 3465 6626 3085 6626 3470 6627 3085 6627 3084 6627 3053 6628 3085 6628 3051 6628 3051 6629 3085 6629 3465 6629 3051 6630 3465 6630 3050 6630 3050 6631 3465 6631 3461 6631 3050 6632 3461 6632 3049 6632 3049 6633 3461 6633 3046 6633 3473 6634 3083 6634 3082 6634 3474 6635 3471 6635 3472 6635 3088 6636 3475 6636 3089 6636 3089 6637 3475 6637 3476 6637 3089 6638 3476 6638 3081 6638 3081 6639 3476 6639 3477 6639 3081 6640 3477 6640 3082 6640 3082 6641 3477 6641 3474 6641 3082 6642 3474 6642 3473 6642 3473 6643 3474 6643 3472 6643 3168 6644 3475 6644 3167 6644 3167 6645 3475 6645 3088 6645 3167 6646 3088 6646 3072 6646 3072 6647 3061 6647 3167 6647 3167 6648 3061 6648 3060 6648 3167 6649 3060 6649 3062 6649 3244 6650 3198 6650 3163 6650 3163 6651 3198 6651 3196 6651 3163 6652 3196 6652 3164 6652 3164 6653 3196 6653 3194 6653 3164 6654 3194 6654 3192 6654 3192 6655 3190 6655 3164 6655 3164 6656 3190 6656 3188 6656 3164 6657 3188 6657 3166 6657 3166 6658 3188 6658 3186 6658 3186 6659 3184 6659 3166 6659 3166 6660 3184 6660 3182 6660 3166 6661 3182 6661 3168 6661 3168 6662 3182 6662 3180 6662 3168 6663 3180 6663 3478 6663 3180 6664 3179 6664 3478 6664 3478 6665 3179 6665 3479 6665 3480 6666 3481 6666 3482 6666 3483 6667 3484 6667 3485 6667 3241 6668 3234 6668 3486 6668 3487 6669 3488 6669 3489 6669 3487 6670 3489 6670 3490 6670 3488 6671 3487 6671 3491 6671 3491 6672 3487 6672 3492 6672 3491 6673 3492 6673 3493 6673 3494 6674 3495 6674 3492 6674 3492 6675 3495 6675 3496 6675 3492 6676 3496 6676 3493 6676 3497 6677 3498 6677 3499 6677 3499 6678 3498 6678 3500 6678 3499 6679 3500 6679 3494 6679 3494 6680 3500 6680 3501 6680 3494 6681 3501 6681 3495 6681 3497 6682 3499 6682 3502 6682 3502 6683 3499 6683 3503 6683 3502 6684 3503 6684 3504 6684 3504 6685 3503 6685 3505 6685 3505 6686 3503 6686 3506 6686 3505 6687 3506 6687 3507 6687 3507 6688 3506 6688 3508 6688 3508 6689 3506 6689 3509 6689 3508 6690 3509 6690 3510 6690 3509 6691 3511 6691 3512 6691 3512 6692 3513 6692 3509 6692 3509 6693 3513 6693 3514 6693 3509 6694 3514 6694 3510 6694 3515 6695 3516 6695 3517 6695 3517 6696 3516 6696 3518 6696 3517 6697 3518 6697 3511 6697 3511 6698 3518 6698 3519 6698 3511 6699 3519 6699 3512 6699 3515 6700 3517 6700 3520 6700 3520 6701 3517 6701 3521 6701 3520 6702 3521 6702 3522 6702 3523 6703 3524 6703 3525 6703 3525 6704 3524 6704 3526 6704 3525 6705 3526 6705 3521 6705 3521 6706 3526 6706 3527 6706 3521 6707 3527 6707 3522 6707 3523 6708 3525 6708 3528 6708 3528 6709 3525 6709 3529 6709 3528 6710 3529 6710 3530 6710 3531 6711 3532 6711 3533 6711 3533 6712 3534 6712 3531 6712 3531 6713 3534 6713 3535 6713 3531 6714 3535 6714 3529 6714 3529 6715 3535 6715 3536 6715 3529 6716 3536 6716 3530 6716 3532 6717 3531 6717 3537 6717 3537 6718 3531 6718 3538 6718 3537 6719 3538 6719 3539 6719 3539 6720 3538 6720 3540 6720 3540 6721 3538 6721 3541 6721 3540 6722 3541 6722 3542 6722 3541 6723 3543 6723 3544 6723 3544 6724 3545 6724 3541 6724 3541 6725 3545 6725 3546 6725 3541 6726 3546 6726 3542 6726 3547 6727 3548 6727 3543 6727 3543 6728 3548 6728 3549 6728 3543 6729 3549 6729 3544 6729 3550 6730 3551 6730 3552 6730 3552 6731 3551 6731 3553 6731 3552 6732 3553 6732 3547 6732 3547 6733 3553 6733 3554 6733 3547 6734 3554 6734 3548 6734 3550 6735 3552 6735 3555 6735 3555 6736 3552 6736 3556 6736 3555 6737 3556 6737 3557 6737 3558 6738 3559 6738 3556 6738 3556 6739 3559 6739 3560 6739 3556 6740 3560 6740 3557 6740 3561 6741 3562 6741 3563 6741 3563 6742 3562 6742 3564 6742 3563 6743 3564 6743 3558 6743 3558 6744 3564 6744 3565 6744 3558 6745 3565 6745 3559 6745 3566 6746 3567 6746 3563 6746 3563 6747 3567 6747 3568 6747 3563 6748 3568 6748 3561 6748 3569 6749 3570 6749 3571 6749 3571 6750 3570 6750 3572 6750 3571 6751 3572 6751 3566 6751 3566 6752 3572 6752 3573 6752 3566 6753 3573 6753 3567 6753 3238 6754 3237 6754 3574 6754 3569 6755 3571 6755 3574 6755 3574 6756 3571 6756 3236 6756 3574 6757 3236 6757 3238 6757 3575 6758 3576 6758 3577 6758 3242 6759 3239 6759 3577 6759 3577 6760 3239 6760 3240 6760 3577 6761 3240 6761 3575 6761 3576 6762 3575 6762 3578 6762 3578 6763 3575 6763 3579 6763 3578 6764 3579 6764 3580 6764 3580 6765 3579 6765 3581 6765 3580 6766 3581 6766 3582 6766 3582 6767 3581 6767 3583 6767 3583 6768 3581 6768 3584 6768 3583 6769 3584 6769 3585 6769 3585 6770 3584 6770 3586 6770 3586 6771 3584 6771 3587 6771 3586 6772 3587 6772 3588 6772 3588 6773 3587 6773 3589 6773 3589 6774 3587 6774 3590 6774 3589 6775 3590 6775 3591 6775 3591 6776 3590 6776 3592 6776 3591 6777 3592 6777 3593 6777 3593 6778 3592 6778 3594 6778 3594 6779 3592 6779 3595 6779 3594 6780 3595 6780 3596 6780 3596 6781 3595 6781 3597 6781 3597 6782 3595 6782 3598 6782 3597 6783 3598 6783 3599 6783 3599 6784 3598 6784 3600 6784 3599 6785 3600 6785 3601 6785 3601 6786 3600 6786 3602 6786 3602 6787 3600 6787 3603 6787 3602 6788 3603 6788 3604 6788 3604 6789 3603 6789 3605 6789 3605 6790 3603 6790 3606 6790 3605 6791 3606 6791 3607 6791 3607 6792 3606 6792 3608 6792 3608 6793 3606 6793 3609 6793 3608 6794 3609 6794 3610 6794 3610 6795 3609 6795 3611 6795 3610 6796 3611 6796 3612 6796 3612 6797 3611 6797 3613 6797 3613 6798 3611 6798 3614 6798 3613 6799 3614 6799 3615 6799 3615 6800 3614 6800 3616 6800 3616 6801 3614 6801 3617 6801 3616 6802 3617 6802 3618 6802 3618 6803 3617 6803 3619 6803 3618 6804 3619 6804 3620 6804 3621 6805 3622 6805 3623 6805 3623 6806 3622 6806 3624 6806 3623 6807 3624 6807 3619 6807 3619 6808 3624 6808 3625 6808 3619 6809 3625 6809 3620 6809 3626 6810 3627 6810 3628 6810 3628 6811 3627 6811 3629 6811 3628 6812 3629 6812 3621 6812 3621 6813 3629 6813 3630 6813 3621 6814 3630 6814 3622 6814 3631 6815 3632 6815 3626 6815 3626 6816 3632 6816 3633 6816 3626 6817 3633 6817 3627 6817 3634 6818 3635 6818 3636 6818 3636 6819 3635 6819 3637 6819 3636 6820 3637 6820 3638 6820 3638 6821 3637 6821 3639 6821 3638 6822 3639 6822 3631 6822 3631 6823 3639 6823 3640 6823 3631 6824 3640 6824 3632 6824 3641 6825 3642 6825 3634 6825 3634 6826 3642 6826 3643 6826 3634 6827 3643 6827 3635 6827 3644 6828 3645 6828 3646 6828 3646 6829 3645 6829 3647 6829 3646 6830 3647 6830 3641 6830 3641 6831 3647 6831 3648 6831 3641 6832 3648 6832 3642 6832 3649 6833 3650 6833 3644 6833 3644 6834 3650 6834 3651 6834 3644 6835 3651 6835 3645 6835 3652 6836 3653 6836 3649 6836 3649 6837 3653 6837 3654 6837 3649 6838 3654 6838 3650 6838 3655 6839 3656 6839 3657 6839 3657 6840 3656 6840 3658 6840 3657 6841 3658 6841 3652 6841 3652 6842 3658 6842 3659 6842 3652 6843 3659 6843 3653 6843 3660 6844 3661 6844 3655 6844 3655 6845 3661 6845 3662 6845 3655 6846 3662 6846 3656 6846 3663 6847 3664 6847 3665 6847 3665 6848 3664 6848 3666 6848 3665 6849 3666 6849 3660 6849 3660 6850 3666 6850 3667 6850 3660 6851 3667 6851 3661 6851 3668 6852 3669 6852 3663 6852 3663 6853 3669 6853 3670 6853 3663 6854 3670 6854 3664 6854 3671 6855 3672 6855 3668 6855 3668 6856 3672 6856 3673 6856 3668 6857 3673 6857 3669 6857 3674 6858 3675 6858 3676 6858 3676 6859 3675 6859 3677 6859 3676 6860 3677 6860 3671 6860 3671 6861 3677 6861 3678 6861 3671 6862 3678 6862 3672 6862 3679 6863 3680 6863 3674 6863 3674 6864 3680 6864 3681 6864 3674 6865 3681 6865 3675 6865 3682 6866 3683 6866 3684 6866 3684 6867 3683 6867 3685 6867 3684 6868 3685 6868 3686 6868 3686 6869 3685 6869 3687 6869 3686 6870 3687 6870 3679 6870 3679 6871 3687 6871 3688 6871 3679 6872 3688 6872 3680 6872 3682 6873 3684 6873 3689 6873 3689 6874 3684 6874 3690 6874 3689 6875 3690 6875 3691 6875 3691 6876 3690 6876 3692 6876 3691 6877 3692 6877 3693 6877 3693 6878 3692 6878 3694 6878 3694 6879 3692 6879 3695 6879 3694 6880 3695 6880 3696 6880 3696 6881 3695 6881 3697 6881 3696 6882 3697 6882 3698 6882 3698 6883 3697 6883 3699 6883 3699 6884 3697 6884 3700 6884 3699 6885 3700 6885 3701 6885 3702 6886 3703 6886 3704 6886 3701 6887 3700 6887 3704 6887 3704 6888 3700 6888 3705 6888 3704 6889 3705 6889 3702 6889 3706 6890 3707 6890 3708 6890 3708 6891 3707 6891 3709 6891 3708 6892 3709 6892 3710 6892 3711 6893 3712 6893 3713 6893 3713 6894 3712 6894 3714 6894 3713 6895 3714 6895 3707 6895 3707 6896 3714 6896 3715 6896 3707 6897 3715 6897 3709 6897 3711 6898 3713 6898 3716 6898 3716 6899 3713 6899 3717 6899 3716 6900 3717 6900 3718 6900 3718 6901 3717 6901 3719 6901 3719 6902 3717 6902 3720 6902 3719 6903 3720 6903 3721 6903 3722 6904 3723 6904 3724 6904 3724 6905 3723 6905 3725 6905 3724 6906 3725 6906 3720 6906 3720 6907 3725 6907 3726 6907 3720 6908 3726 6908 3721 6908 3722 6909 3724 6909 3727 6909 3727 6910 3724 6910 3728 6910 3727 6911 3728 6911 3729 6911 3730 6912 3731 6912 3732 6912 3730 6913 3732 6913 3728 6913 3728 6914 3732 6914 3733 6914 3728 6915 3733 6915 3729 6915 3734 6916 3735 6916 3730 6916 3730 6917 3735 6917 3736 6917 3730 6918 3736 6918 3731 6918 3737 6919 3738 6919 3739 6919 3739 6920 3740 6920 3737 6920 3737 6921 3740 6921 3741 6921 3737 6922 3741 6922 3734 6922 3734 6923 3741 6923 3742 6923 3734 6924 3742 6924 3735 6924 3738 6925 3737 6925 3743 6925 3743 6926 3737 6926 3744 6926 3743 6927 3744 6927 3745 6927 3746 6928 3747 6928 3748 6928 3748 6929 3747 6929 3749 6929 3748 6930 3749 6930 3744 6930 3744 6931 3749 6931 3750 6931 3744 6932 3750 6932 3745 6932 3751 6933 3752 6933 3753 6933 3753 6934 3752 6934 3754 6934 3753 6935 3754 6935 3748 6935 3748 6936 3754 6936 3755 6936 3748 6937 3755 6937 3746 6937 3751 6938 3753 6938 3756 6938 3756 6939 3753 6939 3757 6939 3756 6940 3757 6940 3758 6940 3757 6941 3759 6941 3760 6941 3760 6942 3761 6942 3757 6942 3757 6943 3761 6943 3762 6943 3757 6944 3762 6944 3758 6944 3763 6945 3759 6945 3764 6945 3763 6946 3765 6946 3759 6946 3759 6947 3765 6947 3766 6947 3759 6948 3766 6948 3760 6948 3767 6949 3768 6949 3764 6949 3764 6950 3768 6950 3769 6950 3764 6951 3769 6951 3763 6951 3481 6952 3770 6952 3482 6952 3482 6953 3770 6953 3771 6953 3482 6954 3771 6954 3767 6954 3767 6955 3771 6955 3772 6955 3767 6956 3772 6956 3768 6956 3480 6957 3482 6957 3773 6957 3773 6958 3482 6958 3774 6958 3773 6959 3774 6959 3775 6959 3775 6960 3774 6960 3776 6960 3776 6961 3774 6961 3777 6961 3776 6962 3777 6962 3778 6962 3779 6963 3780 6963 3777 6963 3777 6964 3780 6964 3781 6964 3777 6965 3781 6965 3778 6965 3782 6966 3783 6966 3784 6966 3784 6967 3783 6967 3785 6967 3784 6968 3785 6968 3779 6968 3779 6969 3785 6969 3786 6969 3779 6970 3786 6970 3780 6970 3782 6971 3784 6971 3787 6971 3787 6972 3784 6972 3788 6972 3787 6973 3788 6973 3789 6973 3789 6974 3788 6974 3790 6974 3790 6975 3788 6975 3791 6975 3790 6976 3791 6976 3792 6976 3489 6977 3793 6977 3490 6977 3490 6978 3793 6978 3794 6978 3490 6979 3794 6979 3791 6979 3791 6980 3794 6980 3795 6980 3791 6981 3795 6981 3792 6981 3240 6982 3241 6982 3575 6982 3575 6983 3241 6983 3486 6983 3575 6984 3486 6984 3579 6984 3579 6985 3486 6985 3796 6985 3579 6986 3796 6986 3581 6986 3581 6987 3796 6987 3797 6987 3581 6988 3797 6988 3584 6988 3584 6989 3797 6989 3798 6989 3584 6990 3798 6990 3587 6990 3587 6991 3798 6991 3799 6991 3587 6992 3799 6992 3590 6992 3590 6993 3799 6993 3800 6993 3590 6994 3800 6994 3592 6994 3592 6995 3800 6995 3801 6995 3592 6996 3801 6996 3595 6996 3595 6997 3801 6997 3802 6997 3595 6998 3802 6998 3598 6998 3598 6999 3802 6999 3803 6999 3598 7000 3803 7000 3600 7000 3600 7001 3803 7001 3804 7001 3600 7002 3804 7002 3603 7002 3603 7003 3804 7003 3805 7003 3603 7004 3805 7004 3606 7004 3606 7005 3805 7005 3806 7005 3606 7006 3806 7006 3609 7006 3609 7007 3806 7007 3807 7007 3609 7008 3807 7008 3611 7008 3611 7009 3807 7009 3808 7009 3611 7010 3808 7010 3614 7010 3614 7011 3808 7011 3809 7011 3614 7012 3809 7012 3617 7012 3617 7013 3809 7013 3810 7013 3617 7014 3810 7014 3619 7014 3619 7015 3810 7015 3811 7015 3619 7016 3811 7016 3623 7016 3623 7017 3811 7017 3812 7017 3623 7018 3812 7018 3621 7018 3621 7019 3812 7019 3813 7019 3621 7020 3813 7020 3628 7020 3628 7021 3813 7021 3814 7021 3628 7022 3814 7022 3626 7022 3626 7023 3814 7023 3815 7023 3626 7024 3815 7024 3631 7024 3631 7025 3815 7025 3816 7025 3631 7026 3816 7026 3638 7026 3638 7027 3816 7027 3817 7027 3638 7028 3817 7028 3636 7028 3636 7029 3817 7029 3818 7029 3636 7030 3818 7030 3634 7030 3634 7031 3818 7031 3819 7031 3634 7032 3819 7032 3641 7032 3641 7033 3819 7033 3820 7033 3641 7034 3820 7034 3646 7034 3646 7035 3820 7035 3821 7035 3646 7036 3821 7036 3644 7036 3644 7037 3821 7037 3822 7037 3644 7038 3822 7038 3649 7038 3649 7039 3822 7039 3823 7039 3649 7040 3823 7040 3652 7040 3652 7041 3823 7041 3824 7041 3652 7042 3824 7042 3657 7042 3657 7043 3824 7043 3825 7043 3657 7044 3825 7044 3655 7044 3655 7045 3825 7045 3826 7045 3655 7046 3826 7046 3660 7046 3660 7047 3826 7047 3827 7047 3660 7048 3827 7048 3665 7048 3665 7049 3827 7049 3828 7049 3665 7050 3828 7050 3663 7050 3663 7051 3828 7051 3829 7051 3663 7052 3829 7052 3668 7052 3668 7053 3829 7053 3830 7053 3668 7054 3830 7054 3671 7054 3671 7055 3830 7055 3831 7055 3671 7056 3831 7056 3676 7056 3676 7057 3831 7057 3832 7057 3676 7058 3832 7058 3674 7058 3674 7059 3832 7059 3833 7059 3674 7060 3833 7060 3679 7060 3679 7061 3833 7061 3834 7061 3679 7062 3834 7062 3686 7062 3686 7063 3834 7063 3835 7063 3686 7064 3835 7064 3684 7064 3684 7065 3835 7065 3836 7065 3684 7066 3836 7066 3690 7066 3690 7067 3836 7067 3837 7067 3690 7068 3837 7068 3692 7068 3692 7069 3837 7069 3838 7069 3692 7070 3838 7070 3695 7070 3695 7071 3838 7071 3839 7071 3695 7072 3839 7072 3697 7072 3697 7073 3839 7073 3840 7073 3697 7074 3840 7074 3700 7074 3700 7075 3840 7075 3485 7075 3700 7076 3485 7076 3705 7076 3705 7077 3485 7077 3484 7077 3234 7078 3236 7078 3486 7078 3486 7079 3236 7079 3571 7079 3486 7080 3571 7080 3796 7080 3796 7081 3571 7081 3566 7081 3796 7082 3566 7082 3797 7082 3797 7083 3566 7083 3563 7083 3797 7084 3563 7084 3798 7084 3798 7085 3563 7085 3558 7085 3798 7086 3558 7086 3799 7086 3799 7087 3558 7087 3556 7087 3799 7088 3556 7088 3800 7088 3800 7089 3556 7089 3552 7089 3800 7090 3552 7090 3801 7090 3801 7091 3552 7091 3547 7091 3801 7092 3547 7092 3802 7092 3802 7093 3547 7093 3543 7093 3802 7094 3543 7094 3803 7094 3803 7095 3543 7095 3541 7095 3803 7096 3541 7096 3804 7096 3804 7097 3541 7097 3538 7097 3804 7098 3538 7098 3805 7098 3805 7099 3538 7099 3531 7099 3805 7100 3531 7100 3806 7100 3806 7101 3531 7101 3529 7101 3806 7102 3529 7102 3807 7102 3807 7103 3529 7103 3525 7103 3807 7104 3525 7104 3808 7104 3808 7105 3525 7105 3521 7105 3808 7106 3521 7106 3809 7106 3809 7107 3521 7107 3517 7107 3809 7108 3517 7108 3810 7108 3810 7109 3517 7109 3511 7109 3810 7110 3511 7110 3811 7110 3811 7111 3511 7111 3509 7111 3811 7112 3509 7112 3812 7112 3812 7113 3509 7113 3506 7113 3812 7114 3506 7114 3813 7114 3813 7115 3506 7115 3503 7115 3813 7116 3503 7116 3814 7116 3814 7117 3503 7117 3499 7117 3814 7118 3499 7118 3815 7118 3815 7119 3499 7119 3494 7119 3815 7120 3494 7120 3816 7120 3816 7121 3494 7121 3492 7121 3816 7122 3492 7122 3817 7122 3817 7123 3492 7123 3487 7123 3817 7124 3487 7124 3818 7124 3818 7125 3487 7125 3490 7125 3818 7126 3490 7126 3819 7126 3819 7127 3490 7127 3791 7127 3819 7128 3791 7128 3820 7128 3820 7129 3791 7129 3788 7129 3820 7130 3788 7130 3821 7130 3821 7131 3788 7131 3784 7131 3821 7132 3784 7132 3822 7132 3822 7133 3784 7133 3779 7133 3822 7134 3779 7134 3823 7134 3823 7135 3779 7135 3777 7135 3823 7136 3777 7136 3824 7136 3824 7137 3777 7137 3774 7137 3824 7138 3774 7138 3825 7138 3825 7139 3774 7139 3482 7139 3825 7140 3482 7140 3826 7140 3826 7141 3482 7141 3767 7141 3826 7142 3767 7142 3827 7142 3827 7143 3767 7143 3764 7143 3827 7144 3764 7144 3828 7144 3828 7145 3764 7145 3759 7145 3828 7146 3759 7146 3829 7146 3829 7147 3759 7147 3757 7147 3829 7148 3757 7148 3830 7148 3830 7149 3757 7149 3753 7149 3830 7150 3753 7150 3831 7150 3831 7151 3753 7151 3748 7151 3831 7152 3748 7152 3832 7152 3832 7153 3748 7153 3744 7153 3832 7154 3744 7154 3833 7154 3833 7155 3744 7155 3737 7155 3833 7156 3737 7156 3834 7156 3834 7157 3737 7157 3734 7157 3834 7158 3734 7158 3835 7158 3835 7159 3734 7159 3730 7159 3835 7160 3730 7160 3836 7160 3836 7161 3730 7161 3728 7161 3836 7162 3728 7162 3837 7162 3837 7163 3728 7163 3724 7163 3837 7164 3724 7164 3838 7164 3838 7165 3724 7165 3720 7165 3838 7166 3720 7166 3839 7166 3839 7167 3720 7167 3717 7167 3839 7168 3717 7168 3840 7168 3840 7169 3717 7169 3713 7169 3840 7170 3713 7170 3485 7170 3485 7171 3713 7171 3707 7171 3485 7172 3707 7172 3483 7172 3483 7173 3707 7173 3706 7173 3703 7174 3702 7174 3705 7174 3483 7175 3706 7175 3171 7175 3171 7176 3178 7176 3841 7176 3841 7177 3842 7177 3171 7177 3171 7178 3842 7178 3843 7178 3171 7179 3843 7179 3703 7179 3703 7180 3705 7180 3171 7180 3171 7181 3705 7181 3484 7181 3171 7182 3484 7182 3483 7182 3706 7183 3708 7183 3171 7183 3171 7184 3708 7184 3710 7184 3171 7185 3710 7185 3844 7185 3845 7186 3846 7186 3843 7186 3176 7187 3847 7187 3177 7187 3177 7188 3847 7188 3848 7188 3177 7189 3848 7189 3178 7189 3178 7190 3848 7190 3849 7190 3178 7191 3849 7191 3841 7191 3841 7192 3849 7192 3850 7192 3841 7193 3850 7193 3842 7193 3842 7194 3850 7194 3843 7194 3843 7195 3850 7195 3851 7195 3843 7196 3851 7196 3845 7196 3197 7197 3243 7197 3235 7197 3844 7198 3479 7198 3171 7198 3171 7199 3479 7199 3179 7199 3187 7200 3852 7200 3185 7200 3185 7201 3852 7201 3853 7201 3185 7202 3853 7202 3183 7202 3183 7203 3853 7203 3854 7203 3183 7204 3854 7204 3181 7204 3181 7205 3854 7205 3855 7205 3181 7206 3855 7206 3179 7206 3179 7207 3855 7207 3169 7207 3179 7208 3169 7208 3171 7208 3235 7209 2209 7209 3197 7209 3197 7210 2209 7210 2216 7210 3197 7211 2216 7211 3195 7211 3195 7212 2216 7212 3856 7212 3195 7213 3856 7213 3193 7213 3193 7214 3856 7214 3857 7214 3193 7215 3857 7215 3191 7215 3191 7216 3857 7216 3858 7216 3191 7217 3858 7217 3189 7217 3189 7218 3858 7218 3859 7218 3189 7219 3859 7219 3187 7219 3187 7220 3859 7220 3860 7220 3187 7221 3860 7221 3852 7221 2213 7222 2212 7222 3199 7222 2215 7223 2217 7223 2218 7223 3861 7224 3862 7224 3863 7224 3863 7225 3862 7225 3864 7225 3863 7226 3864 7226 2215 7226 2215 7227 2218 7227 3863 7227 3863 7228 2218 7228 2219 7228 3863 7229 2219 7229 2214 7229 3865 7230 3866 7230 3867 7230 3868 7231 3869 7231 3870 7231 3865 7232 3867 7232 3870 7232 3870 7233 3867 7233 3871 7233 3870 7234 3871 7234 3872 7234 3870 7235 3872 7235 3868 7235 3206 7236 3871 7236 3207 7236 3207 7237 3871 7237 3867 7237 3207 7238 3867 7238 3199 7238 3199 7239 3867 7239 3863 7239 3199 7240 3863 7240 2213 7240 2213 7241 3863 7241 2214 7241 3873 7242 3861 7242 3874 7242 3874 7243 3861 7243 3863 7243 3874 7244 3863 7244 3875 7244 3875 7245 3863 7245 3867 7245 3875 7246 3867 7246 3876 7246 3876 7247 3867 7247 3866 7247 3206 7248 3205 7248 3871 7248 3871 7249 3205 7249 3203 7249 3871 7250 3203 7250 3872 7250 3872 7251 3203 7251 3201 7251 3872 7252 3201 7252 3877 7252 3877 7253 3201 7253 3200 7253 3878 7254 3879 7254 3880 7254 3880 7255 3879 7255 3881 7255 3882 7256 3883 7256 3884 7256 3884 7257 3883 7257 3885 7257 3884 7258 3885 7258 3886 7258 3886 7259 3885 7259 3887 7259 3886 7260 3887 7260 3888 7260 3888 7261 3887 7261 3889 7261 3888 7262 3889 7262 3890 7262 3890 7263 3889 7263 3891 7263 3890 7264 3891 7264 3892 7264 3892 7265 3891 7265 3893 7265 3892 7266 3893 7266 3894 7266 3894 7267 3893 7267 3895 7267 3894 7268 3895 7268 3896 7268 3896 7269 3895 7269 3897 7269 3896 7270 3897 7270 3898 7270 3898 7271 3897 7271 3899 7271 3898 7272 3899 7272 3900 7272 3900 7273 3899 7273 3901 7273 3900 7274 3901 7274 3902 7274 3902 7275 3901 7275 3903 7275 3902 7276 3903 7276 3904 7276 3904 7277 3903 7277 3905 7277 3904 7278 3905 7278 3882 7278 3882 7279 3905 7279 3883 7279 3906 7280 3907 7280 3908 7280 3908 7281 3907 7281 3909 7281 3910 7282 3911 7282 3878 7282 3878 7283 3911 7283 3879 7283 3909 7284 3907 7284 3912 7284 3912 7285 3907 7285 3913 7285 3912 7286 3913 7286 3914 7286 3914 7287 3913 7287 3915 7287 3914 7288 3915 7288 3916 7288 3917 7289 3918 7289 3919 7289 3920 7290 3921 7290 3922 7290 3918 7291 3917 7291 3923 7291 3921 7292 3924 7292 3922 7292 3922 7293 3924 7293 3925 7293 3922 7294 3925 7294 3915 7294 3915 7295 3925 7295 3926 7295 3915 7296 3926 7296 3916 7296 3927 7297 3928 7297 3929 7297 3927 7298 3929 7298 3930 7298 3929 7299 3931 7299 3930 7299 3930 7300 3931 7300 3932 7300 3930 7301 3932 7301 3933 7301 3934 7302 3935 7302 3936 7302 3936 7303 3935 7303 3927 7303 3936 7304 3927 7304 3930 7304 3936 7305 3930 7305 3937 7305 3937 7306 3930 7306 3933 7306 3937 7307 3933 7307 3938 7307 3928 7308 3927 7308 3939 7308 3939 7309 3927 7309 3935 7309 3939 7310 3935 7310 3940 7310 3919 7311 3920 7311 3917 7311 3917 7312 3920 7312 3922 7312 3917 7313 3922 7313 3923 7313 3923 7314 3922 7314 3941 7314 3942 7315 3943 7315 3941 7315 3941 7316 3943 7316 3944 7316 3934 7317 3945 7317 3935 7317 3935 7318 3945 7318 3923 7318 3935 7319 3923 7319 3940 7319 3940 7320 3923 7320 3941 7320 3940 7321 3941 7321 3946 7321 3946 7322 3941 7322 3944 7322 3947 7323 3948 7323 3949 7323 3910 7324 3950 7324 3911 7324 3911 7325 3950 7325 3951 7325 3911 7326 3951 7326 3949 7326 3949 7327 3951 7327 3952 7327 3949 7328 3952 7328 3947 7328 3948 7329 3953 7329 3949 7329 3949 7330 3953 7330 3954 7330 3949 7331 3954 7331 3941 7331 3941 7332 3954 7332 3955 7332 3941 7333 3955 7333 3942 7333 3956 7334 3957 7334 3958 7334 3958 7335 3957 7335 3959 7335 3960 7336 3961 7336 3962 7336 3962 7337 3961 7337 3963 7337 3962 7338 3963 7338 3964 7338 3964 7339 3963 7339 3965 7339 3964 7340 3965 7340 3966 7340 3966 7341 3965 7341 3967 7341 3966 7342 3967 7342 3968 7342 3968 7343 3967 7343 3969 7343 3968 7344 3969 7344 3970 7344 3970 7345 3969 7345 3971 7345 3970 7346 3971 7346 3972 7346 3972 7347 3971 7347 3973 7347 3972 7348 3973 7348 3974 7348 3974 7349 3973 7349 3975 7349 3974 7350 3975 7350 3976 7350 3976 7351 3975 7351 3977 7351 3976 7352 3977 7352 3978 7352 3978 7353 3977 7353 3979 7353 3978 7354 3979 7354 3980 7354 3980 7355 3979 7355 3981 7355 3980 7356 3981 7356 3982 7356 3982 7357 3981 7357 3983 7357 3982 7358 3983 7358 3960 7358 3960 7359 3983 7359 3961 7359 3984 7360 3985 7360 3986 7360 3986 7361 3985 7361 3987 7361 3988 7362 3989 7362 3956 7362 3956 7363 3989 7363 3957 7363 3985 7364 3990 7364 3987 7364 3987 7365 3990 7365 3991 7365 3992 7366 3993 7366 3994 7366 3994 7367 3993 7367 3995 7367 3994 7368 3995 7368 3990 7368 3990 7369 3995 7369 3996 7369 3990 7370 3996 7370 3991 7370 3997 7371 3998 7371 3999 7371 4000 7372 3997 7372 4001 7372 4001 7373 3997 7373 3999 7373 4001 7374 3999 7374 4002 7374 4000 7375 4003 7375 3997 7375 3997 7376 4003 7376 4004 7376 3997 7377 4004 7377 3994 7377 3994 7378 4004 7378 4005 7378 3994 7379 4005 7379 3992 7379 4006 7380 4007 7380 4008 7380 4009 7381 4010 7381 4011 7381 4011 7382 4010 7382 4006 7382 4012 7383 4013 7383 4014 7383 4015 7384 4016 7384 4011 7384 4006 7385 4008 7385 4011 7385 4011 7386 4008 7386 4017 7386 4011 7387 4017 7387 4015 7387 4018 7388 4019 7388 4020 7388 4020 7389 4019 7389 4021 7389 4020 7390 4021 7390 4022 7390 4022 7391 4021 7391 4013 7391 4022 7392 4013 7392 4023 7392 4023 7393 4013 7393 4012 7393 4023 7394 4012 7394 4016 7394 4016 7395 4012 7395 4014 7395 4016 7396 4014 7396 4011 7396 4011 7397 4014 7397 4024 7397 4011 7398 4024 7398 4009 7398 4025 7399 4026 7399 4027 7399 4016 7400 4028 7400 4023 7400 4023 7401 4028 7401 4029 7401 4023 7402 4029 7402 4022 7402 4022 7403 4029 7403 3998 7403 4022 7404 3998 7404 4020 7404 4020 7405 3998 7405 3997 7405 4020 7406 3997 7406 4018 7406 4018 7407 3997 7407 4027 7407 4018 7408 4027 7408 4030 7408 4030 7409 4027 7409 4026 7409 3988 7410 4031 7410 3989 7410 3989 7411 4031 7411 4032 7411 3989 7412 4032 7412 4033 7412 4032 7413 4034 7413 4033 7413 4033 7414 4034 7414 4035 7414 4033 7415 4035 7415 4036 7415 4036 7416 4037 7416 4033 7416 4033 7417 4037 7417 4038 7417 4033 7418 4038 7418 4027 7418 4027 7419 4038 7419 4039 7419 4027 7420 4039 7420 4025 7420 3781 7421 3780 7421 4040 7421 3213 7422 3214 7422 3303 7422 3311 7423 3217 7423 3310 7423 3310 7424 3217 7424 3216 7424 3310 7425 3216 7425 3309 7425 3314 7426 3528 7426 3313 7426 3313 7427 3528 7427 3530 7427 3313 7428 3530 7428 3311 7428 3311 7429 3530 7429 3536 7429 3311 7430 3536 7430 3217 7430 3217 7431 3536 7431 3218 7431 3208 7432 3305 7432 3302 7432 3314 7433 3316 7433 3528 7433 3528 7434 3316 7434 3315 7434 3528 7435 3315 7435 3523 7435 3523 7436 3315 7436 3318 7436 3523 7437 3318 7437 3524 7437 3302 7438 2460 7438 3208 7438 3208 7439 2460 7439 3307 7439 3208 7440 3307 7440 3216 7440 3216 7441 3307 7441 3306 7441 3216 7442 3306 7442 3309 7442 3524 7443 3318 7443 3526 7443 3526 7444 3318 7444 3325 7444 3526 7445 3325 7445 3527 7445 3534 7446 3221 7446 3535 7446 3535 7447 3221 7447 3220 7447 3535 7448 3220 7448 3536 7448 3536 7449 3220 7449 3219 7449 3536 7450 3219 7450 3218 7450 3215 7451 3297 7451 3298 7451 3284 7452 3292 7452 3537 7452 3537 7453 3292 7453 3291 7453 3534 7454 3533 7454 3296 7454 3296 7455 3533 7455 3532 7455 3296 7456 3532 7456 3294 7456 3294 7457 3532 7457 3537 7457 3294 7458 3537 7458 3293 7458 3293 7459 3537 7459 3291 7459 3297 7460 3215 7460 3296 7460 3296 7461 3215 7461 3223 7461 3296 7462 3223 7462 3534 7462 3534 7463 3223 7463 3222 7463 3534 7464 3222 7464 3221 7464 2401 7465 3214 7465 3300 7465 3300 7466 3214 7466 3215 7466 3300 7467 3215 7467 3299 7467 3299 7468 3215 7468 3298 7468 3301 7469 3303 7469 2412 7469 2412 7470 3303 7470 3214 7470 2412 7471 3214 7471 2400 7471 2400 7472 3214 7472 2401 7472 3288 7473 3285 7473 3546 7473 3537 7474 3539 7474 3284 7474 3284 7475 3539 7475 3540 7475 3284 7476 3540 7476 3285 7476 3285 7477 3540 7477 3542 7477 3285 7478 3542 7478 3546 7478 3208 7479 3209 7479 3305 7479 3305 7480 3209 7480 3210 7480 3305 7481 3210 7481 3304 7481 3304 7482 3210 7482 3211 7482 3304 7483 3211 7483 3303 7483 3303 7484 3211 7484 3212 7484 3303 7485 3212 7485 3213 7485 3709 7486 3475 7486 3168 7486 3710 7487 3709 7487 3844 7487 3844 7488 3709 7488 3168 7488 3844 7489 3168 7489 3479 7489 3479 7490 3168 7490 3478 7490 3709 7491 3715 7491 3475 7491 3475 7492 3715 7492 3714 7492 3475 7493 3714 7493 3476 7493 3714 7494 3712 7494 3476 7494 3476 7495 3712 7495 3711 7495 3476 7496 3711 7496 3477 7496 3477 7497 3711 7497 3716 7497 3477 7498 3716 7498 3718 7498 2981 7499 4041 7499 4042 7499 3447 7500 3448 7500 4043 7500 3733 7501 4043 7501 3729 7501 3729 7502 4043 7502 4044 7502 3729 7503 4044 7503 3727 7503 3727 7504 4044 7504 4045 7504 3727 7505 4045 7505 3722 7505 3722 7506 4045 7506 4046 7506 3722 7507 4046 7507 3723 7507 3723 7508 4046 7508 4047 7508 3723 7509 4047 7509 3725 7509 2981 7510 2980 7510 4041 7510 4041 7511 2980 7511 2997 7511 4041 7512 2997 7512 4048 7512 4048 7513 2997 7513 3457 7513 4048 7514 3457 7514 4049 7514 4049 7515 3457 7515 3458 7515 4049 7516 3458 7516 4050 7516 3448 7517 3453 7517 4043 7517 4043 7518 3453 7518 3452 7518 4043 7519 3452 7519 3450 7519 3450 7520 3449 7520 4043 7520 4043 7521 3449 7521 3454 7521 4043 7522 3454 7522 4042 7522 4042 7523 3454 7523 3455 7523 4042 7524 3455 7524 2981 7524 4051 7525 3462 7525 3463 7525 3463 7526 3464 7526 4051 7526 4051 7527 3464 7527 3466 7527 4051 7528 3466 7528 3467 7528 3458 7529 3456 7529 4050 7529 4050 7530 3456 7530 3032 7530 4050 7531 3032 7531 4052 7531 4052 7532 3032 7532 3460 7532 4052 7533 3460 7533 4051 7533 4051 7534 3460 7534 3459 7534 4051 7535 3459 7535 3462 7535 3469 7536 3468 7536 3721 7536 3721 7537 3468 7537 3471 7537 3725 7538 4047 7538 3726 7538 3726 7539 4047 7539 4051 7539 3726 7540 4051 7540 3721 7540 3721 7541 4051 7541 3467 7541 3721 7542 3467 7542 3469 7542 3718 7543 3719 7543 3477 7543 3477 7544 3719 7544 3721 7544 3477 7545 3721 7545 3474 7545 3474 7546 3721 7546 3471 7546 3447 7547 4043 7547 3446 7547 3446 7548 4043 7548 3733 7548 3446 7549 3733 7549 3445 7549 3445 7550 3733 7550 3732 7550 3445 7551 3732 7551 3438 7551 3732 7552 3731 7552 3438 7552 3438 7553 3731 7553 3736 7553 3438 7554 3736 7554 3437 7554 3736 7555 3735 7555 3437 7555 3437 7556 3735 7556 3742 7556 3437 7557 3742 7557 3442 7557 3442 7558 3742 7558 3741 7558 3423 7559 3422 7559 4053 7559 3422 7560 3425 7560 4053 7560 4053 7561 3425 7561 3426 7561 4053 7562 3426 7562 3427 7562 3427 7563 3429 7563 4053 7563 4053 7564 3429 7564 3430 7564 4053 7565 3430 7565 3432 7565 3432 7566 3431 7566 3745 7566 3745 7567 3431 7567 3434 7567 3418 7568 3417 7568 4053 7568 4053 7569 3417 7569 2903 7569 4053 7570 2903 7570 3423 7570 3741 7571 3740 7571 3442 7571 3442 7572 3740 7572 3739 7572 3442 7573 3739 7573 3441 7573 3441 7574 3739 7574 3738 7574 3441 7575 3738 7575 3434 7575 3434 7576 3738 7576 3743 7576 3434 7577 3743 7577 3745 7577 3233 7578 3232 7578 4054 7578 4054 7579 3232 7579 3231 7579 3231 7580 3230 7580 4053 7580 4053 7581 3230 7581 3229 7581 3225 7582 3420 7582 3226 7582 3226 7583 3420 7583 3419 7583 3226 7584 3419 7584 3227 7584 3227 7585 3419 7585 3418 7585 3225 7586 3224 7586 3420 7586 3420 7587 3224 7587 2208 7587 3420 7588 2208 7588 4054 7588 4054 7589 2208 7589 2207 7589 4054 7590 2207 7590 3233 7590 3229 7591 2194 7591 4053 7591 4053 7592 2194 7592 2192 7592 4053 7593 2192 7593 3418 7593 3418 7594 2192 7594 3228 7594 3418 7595 3228 7595 3227 7595 3402 7596 3407 7596 3761 7596 4054 7597 3408 7597 3409 7597 3761 7598 3407 7598 4054 7598 4054 7599 3407 7599 3406 7599 4054 7600 3406 7600 3408 7600 3409 7601 3411 7601 4054 7601 4054 7602 3411 7602 3412 7602 4054 7603 3412 7603 3413 7603 3403 7604 3400 7604 3766 7604 3402 7605 3761 7605 3400 7605 3400 7606 3761 7606 3760 7606 3400 7607 3760 7607 3766 7607 3413 7608 3414 7608 4054 7608 4054 7609 3414 7609 3415 7609 4054 7610 3415 7610 2844 7610 3421 7611 3420 7611 2855 7611 2855 7612 3420 7612 4054 7612 2855 7613 4054 7613 2843 7613 2843 7614 4054 7614 2844 7614 3766 7615 3765 7615 3403 7615 3403 7616 3765 7616 3763 7616 3403 7617 3763 7617 3398 7617 3763 7618 3769 7618 3398 7618 3398 7619 3769 7619 3768 7619 3398 7620 3768 7620 3394 7620 3380 7621 2747 7621 4055 7621 4056 7622 4057 7622 3770 7622 4057 7623 3385 7623 3389 7623 3389 7624 3388 7624 4057 7624 4057 7625 3388 7625 3392 7625 4057 7626 3392 7626 3391 7626 3768 7627 3772 7627 3394 7627 3394 7628 3772 7628 3771 7628 3394 7629 3771 7629 3395 7629 3395 7630 3771 7630 3770 7630 3395 7631 3770 7631 3396 7631 3396 7632 3770 7632 4057 7632 3396 7633 4057 7633 3397 7633 3397 7634 4057 7634 3391 7634 4055 7635 2747 7635 4058 7635 4058 7636 2747 7636 3384 7636 4058 7637 3384 7637 4057 7637 4057 7638 3384 7638 3383 7638 4057 7639 3383 7639 3385 7639 3380 7640 4055 7640 3382 7640 3382 7641 4055 7641 4059 7641 3382 7642 4059 7642 3381 7642 3381 7643 4059 7643 4060 7643 3381 7644 4060 7644 2703 7644 2703 7645 4060 7645 4061 7645 2703 7646 4061 7646 2691 7646 4040 7647 3372 7647 4062 7647 4062 7648 3372 7648 3373 7648 3770 7649 3481 7649 4056 7649 4056 7650 3481 7650 3480 7650 4056 7651 3480 7651 4063 7651 4063 7652 3480 7652 3773 7652 4063 7653 3773 7653 4064 7653 4064 7654 3773 7654 3775 7654 4064 7655 3775 7655 4065 7655 4065 7656 3775 7656 3776 7656 4065 7657 3776 7657 4040 7657 4040 7658 3776 7658 3778 7658 4040 7659 3778 7659 3781 7659 3373 7660 3375 7660 4062 7660 4062 7661 3375 7661 3376 7661 4062 7662 3376 7662 3377 7662 3360 7663 3359 7663 3780 7663 3780 7664 3359 7664 3371 7664 3780 7665 3371 7665 4040 7665 4040 7666 3371 7666 3370 7666 4040 7667 3370 7667 3372 7667 3790 7668 3364 7668 3789 7668 3789 7669 3364 7669 3367 7669 3789 7670 3367 7670 3787 7670 3787 7671 3367 7671 3782 7671 3377 7672 3378 7672 4062 7672 4062 7673 3378 7673 3379 7673 4062 7674 3379 7674 4061 7674 4061 7675 3379 7675 2692 7675 4061 7676 2692 7676 2691 7676 3780 7677 3786 7677 3360 7677 3360 7678 3786 7678 3785 7678 3360 7679 3785 7679 3367 7679 3367 7680 3785 7680 3783 7680 3367 7681 3783 7681 3782 7681 3790 7682 3792 7682 3364 7682 3364 7683 3792 7683 3795 7683 3364 7684 3795 7684 3363 7684 3488 7685 3491 7685 3365 7685 3497 7686 3502 7686 3983 7686 3983 7687 3502 7687 3504 7687 3983 7688 3504 7688 3961 7688 3961 7689 3504 7689 3505 7689 3961 7690 3505 7690 3963 7690 3979 7691 2610 7691 3344 7691 3979 7692 3344 7692 3981 7692 3981 7693 3344 7693 3343 7693 3981 7694 3343 7694 3983 7694 3983 7695 3343 7695 3346 7695 3983 7696 3346 7696 3347 7696 3347 7697 3348 7697 3983 7697 3983 7698 3348 7698 3350 7698 3983 7699 3350 7699 3351 7699 3973 7700 2562 7700 3975 7700 3975 7701 2562 7701 3341 7701 3975 7702 3341 7702 3977 7702 3977 7703 3341 7703 3342 7703 3977 7704 3342 7704 3979 7704 3979 7705 3342 7705 3340 7705 3979 7706 3340 7706 2610 7706 3971 7707 2549 7707 3973 7707 3973 7708 2549 7708 2548 7708 3973 7709 2548 7709 2562 7709 3332 7710 3969 7710 3331 7710 3331 7711 3969 7711 3330 7711 3505 7712 3507 7712 3963 7712 3963 7713 3507 7713 3508 7713 3963 7714 3508 7714 3965 7714 3965 7715 3508 7715 3510 7715 3965 7716 3510 7716 3967 7716 3967 7717 3510 7717 3514 7717 3967 7718 3514 7718 3969 7718 3969 7719 3514 7719 3513 7719 3969 7720 3513 7720 3330 7720 3332 7721 3337 7721 3969 7721 3969 7722 3337 7722 3336 7722 3969 7723 3336 7723 3334 7723 3334 7724 3333 7724 3969 7724 3969 7725 3333 7725 3338 7725 3969 7726 3338 7726 3971 7726 3971 7727 3338 7727 3339 7727 3971 7728 3339 7728 2549 7728 3365 7729 3491 7729 3366 7729 3366 7730 3491 7730 3493 7730 3366 7731 3493 7731 3496 7731 3795 7732 3794 7732 3363 7732 3363 7733 3794 7733 3793 7733 3363 7734 3793 7734 3365 7734 3365 7735 3793 7735 3489 7735 3365 7736 3489 7736 3488 7736 3496 7737 3495 7737 3366 7737 3366 7738 3495 7738 3501 7738 3366 7739 3501 7739 3361 7739 3351 7740 3353 7740 3983 7740 3983 7741 3353 7741 3352 7741 3983 7742 3352 7742 3497 7742 3497 7743 3352 7743 3355 7743 3497 7744 3355 7744 3498 7744 3498 7745 3355 7745 3361 7745 3498 7746 3361 7746 3500 7746 3500 7747 3361 7747 3501 7747 3512 7748 3322 7748 3513 7748 3513 7749 3322 7749 3329 7749 3513 7750 3329 7750 3330 7750 3527 7751 3325 7751 3522 7751 3522 7752 3325 7752 3326 7752 3522 7753 3326 7753 3520 7753 3520 7754 3326 7754 3321 7754 3520 7755 3321 7755 3515 7755 3512 7756 3519 7756 3322 7756 3322 7757 3519 7757 3518 7757 3322 7758 3518 7758 3321 7758 3321 7759 3518 7759 3516 7759 3321 7760 3516 7760 3515 7760 3286 7761 3548 7761 3279 7761 3279 7762 3548 7762 3554 7762 3279 7763 3554 7763 3280 7763 3546 7764 3545 7764 3288 7764 3288 7765 3545 7765 3544 7765 3288 7766 3544 7766 3286 7766 3286 7767 3544 7767 3549 7767 3286 7768 3549 7768 3548 7768 3901 7769 2283 7769 3903 7769 3903 7770 2283 7770 3267 7770 3903 7771 3267 7771 3905 7771 3905 7772 3267 7772 3266 7772 3905 7773 3266 7773 3883 7773 3883 7774 3266 7774 3265 7774 3899 7775 2272 7775 3901 7775 3901 7776 2272 7776 2271 7776 3901 7777 2271 7777 2283 7777 3893 7778 3560 7778 3895 7778 3895 7779 3560 7779 3559 7779 3895 7780 3559 7780 3897 7780 3897 7781 3559 7781 3565 7781 3247 7782 3255 7782 3562 7782 3562 7783 3255 7783 3254 7783 3565 7784 3564 7784 3897 7784 3897 7785 3564 7785 3562 7785 3897 7786 3562 7786 3256 7786 3256 7787 3562 7787 3254 7787 3256 7788 3257 7788 3897 7788 3897 7789 3257 7789 3259 7789 3897 7790 3259 7790 3260 7790 3260 7791 3261 7791 3897 7791 3897 7792 3261 7792 3262 7792 3897 7793 3262 7793 3899 7793 3899 7794 3262 7794 3263 7794 3899 7795 3263 7795 2272 7795 3887 7796 3551 7796 3889 7796 3889 7797 3551 7797 3550 7797 3889 7798 3550 7798 3891 7798 3891 7799 3550 7799 3555 7799 3891 7800 3555 7800 3893 7800 3893 7801 3555 7801 3557 7801 3893 7802 3557 7802 3560 7802 3887 7803 3270 7803 3274 7803 3274 7804 3273 7804 3887 7804 3887 7805 3273 7805 3277 7805 3887 7806 3277 7806 3276 7806 3554 7807 3553 7807 3280 7807 3280 7808 3553 7808 3551 7808 3280 7809 3551 7809 3281 7809 3281 7810 3551 7810 3887 7810 3281 7811 3887 7811 3282 7811 3282 7812 3887 7812 3276 7812 3265 7813 3264 7813 3883 7813 3883 7814 3264 7814 2307 7814 3883 7815 2307 7815 3885 7815 3885 7816 2307 7816 3269 7816 3885 7817 3269 7817 3887 7817 3887 7818 3269 7818 3268 7818 3887 7819 3268 7819 3270 7819 3245 7820 3235 7820 3163 7820 3163 7821 3235 7821 3243 7821 3163 7822 3243 7822 3244 7822 3245 7823 3249 7823 3572 7823 3561 7824 3251 7824 3562 7824 3562 7825 3251 7825 3248 7825 3562 7826 3248 7826 3247 7826 3572 7827 3570 7827 3245 7827 3245 7828 3570 7828 3569 7828 3245 7829 3569 7829 3235 7829 3235 7830 3569 7830 3574 7830 3235 7831 3574 7831 3237 7831 3561 7832 3568 7832 3251 7832 3251 7833 3568 7833 3567 7833 3251 7834 3567 7834 3249 7834 3249 7835 3567 7835 3573 7835 3249 7836 3573 7836 3572 7836 3754 7837 3752 7837 4054 7837 4054 7838 3752 7838 3751 7838 4054 7839 3751 7839 3756 7839 3756 7840 3758 7840 4054 7840 4054 7841 3758 7841 3762 7841 4054 7842 3762 7842 3761 7842 3231 7843 4053 7843 4054 7843 4054 7844 4053 7844 3755 7844 4054 7845 3755 7845 3754 7845 3749 7846 3747 7846 4053 7846 4053 7847 3747 7847 3746 7847 4053 7848 3746 7848 3755 7848 3432 7849 3745 7849 4053 7849 4053 7850 3745 7850 3750 7850 4053 7851 3750 7851 3749 7851 4066 7852 4067 7852 3687 7852 3242 7853 3577 7853 3202 7853 3202 7854 3577 7854 4068 7854 3202 7855 4068 7855 3200 7855 3576 7856 3578 7856 4069 7856 4069 7857 4070 7857 3576 7857 3576 7858 4070 7858 4071 7858 3576 7859 4071 7859 3577 7859 3577 7860 4071 7860 4072 7860 3577 7861 4072 7861 4068 7861 3582 7862 3583 7862 4073 7862 4073 7863 4074 7863 3582 7863 3582 7864 4074 7864 4075 7864 3582 7865 4075 7865 3580 7865 4075 7866 4076 7866 3580 7866 3580 7867 4076 7867 4077 7867 3580 7868 4077 7868 3578 7868 3578 7869 4077 7869 4078 7869 3578 7870 4078 7870 4069 7870 3586 7871 4079 7871 4080 7871 3586 7872 4080 7872 3585 7872 3585 7873 4080 7873 4081 7873 3585 7874 4081 7874 3583 7874 3583 7875 4081 7875 4082 7875 3583 7876 4082 7876 4073 7876 3589 7877 4083 7877 3588 7877 3588 7878 4083 7878 4084 7878 3588 7879 4084 7879 3586 7879 3586 7880 4084 7880 4085 7880 3586 7881 4085 7881 4079 7881 4086 7882 3591 7882 4087 7882 4087 7883 3591 7883 3593 7883 4087 7884 3593 7884 4088 7884 4086 7885 4089 7885 3591 7885 3591 7886 4089 7886 4090 7886 3591 7887 4090 7887 3589 7887 3589 7888 4090 7888 4091 7888 3589 7889 4091 7889 4083 7889 4088 7890 3593 7890 4092 7890 4092 7891 3593 7891 3594 7891 4092 7892 3594 7892 4093 7892 3602 7893 4094 7893 4095 7893 3602 7894 4095 7894 3601 7894 4095 7895 4096 7895 3601 7895 3601 7896 4096 7896 4097 7896 3601 7897 4097 7897 3599 7897 4097 7898 4098 7898 3599 7898 3599 7899 4098 7899 4099 7899 3599 7900 4099 7900 3597 7900 3597 7901 4099 7901 4100 7901 3597 7902 4100 7902 3596 7902 3596 7903 4100 7903 4101 7903 3596 7904 4101 7904 3594 7904 3594 7905 4101 7905 4102 7905 3594 7906 4102 7906 4093 7906 4094 7907 3602 7907 4103 7907 4103 7908 3602 7908 3604 7908 4103 7909 3604 7909 4104 7909 3607 7910 3608 7910 4105 7910 4105 7911 4106 7911 3607 7911 3607 7912 4106 7912 4107 7912 3607 7913 4107 7913 3605 7913 3605 7914 4107 7914 4108 7914 3605 7915 4108 7915 3604 7915 3604 7916 4108 7916 4109 7916 3604 7917 4109 7917 4104 7917 3613 7918 4110 7918 4111 7918 3613 7919 4111 7919 3612 7919 3612 7920 4111 7920 4112 7920 3612 7921 4112 7921 3610 7921 4112 7922 4113 7922 3610 7922 3610 7923 4113 7923 4114 7923 3610 7924 4114 7924 3608 7924 3608 7925 4114 7925 4115 7925 3608 7926 4115 7926 4105 7926 3615 7927 4116 7927 3613 7927 3613 7928 4116 7928 4117 7928 3613 7929 4117 7929 4110 7929 3616 7930 4118 7930 3615 7930 3615 7931 4118 7931 4119 7931 3615 7932 4119 7932 4116 7932 3618 7933 4120 7933 3616 7933 3616 7934 4120 7934 4121 7934 3616 7935 4121 7935 4118 7935 4122 7936 3624 7936 3622 7936 4122 7937 4123 7937 3624 7937 3624 7938 4123 7938 4124 7938 3624 7939 4124 7939 3625 7939 3625 7940 4124 7940 4125 7940 3625 7941 4125 7941 3620 7941 3620 7942 4125 7942 4126 7942 3620 7943 4126 7943 3618 7943 3618 7944 4126 7944 4127 7944 3618 7945 4127 7945 4120 7945 4128 7946 3630 7946 4129 7946 4129 7947 3630 7947 3629 7947 4128 7948 4130 7948 3630 7948 3630 7949 4130 7949 4131 7949 3630 7950 4131 7950 3622 7950 3622 7951 4131 7951 4132 7951 3622 7952 4132 7952 4122 7952 3632 7953 4133 7953 4134 7953 3632 7954 4134 7954 3633 7954 3633 7955 4134 7955 4135 7955 3633 7956 4135 7956 3627 7956 4135 7957 4136 7957 3627 7957 3627 7958 4136 7958 4137 7958 3627 7959 4137 7959 3629 7959 3629 7960 4137 7960 4138 7960 3629 7961 4138 7961 4129 7961 3640 7962 3639 7962 4139 7962 4139 7963 4140 7963 3640 7963 3640 7964 4140 7964 4141 7964 3640 7965 4141 7965 3632 7965 3632 7966 4141 7966 4142 7966 3632 7967 4142 7967 4133 7967 3637 7968 4143 7968 3639 7968 3639 7969 4143 7969 4144 7969 3639 7970 4144 7970 4139 7970 4145 7971 4146 7971 3635 7971 3635 7972 4146 7972 4147 7972 3635 7973 4147 7973 3637 7973 3637 7974 4147 7974 4148 7974 3637 7975 4148 7975 4143 7975 3643 7976 4149 7976 3635 7976 3635 7977 4149 7977 4150 7977 3635 7978 4150 7978 4145 7978 3642 7979 4151 7979 3643 7979 3643 7980 4151 7980 4152 7980 3643 7981 4152 7981 4149 7981 4153 7982 4154 7982 3647 7982 3647 7983 4154 7983 4155 7983 3647 7984 4155 7984 3648 7984 4155 7985 4156 7985 3648 7985 3648 7986 4156 7986 4157 7986 3648 7987 4157 7987 3642 7987 3642 7988 4157 7988 4158 7988 3642 7989 4158 7989 4151 7989 3651 7990 3650 7990 4159 7990 4159 7991 4160 7991 3651 7991 3651 7992 4160 7992 4161 7992 3651 7993 4161 7993 3645 7993 4161 7994 4162 7994 3645 7994 3645 7995 4162 7995 4163 7995 3645 7996 4163 7996 3647 7996 3647 7997 4163 7997 4164 7997 3647 7998 4164 7998 4153 7998 3653 7999 4165 7999 4166 7999 3653 8000 4166 8000 3654 8000 3654 8001 4166 8001 4167 8001 3654 8002 4167 8002 3650 8002 3650 8003 4167 8003 4168 8003 3650 8004 4168 8004 4159 8004 4169 8005 3659 8005 4170 8005 4170 8006 3659 8006 3658 8006 4170 8007 3658 8007 4171 8007 4169 8008 4172 8008 3659 8008 3659 8009 4172 8009 4173 8009 3659 8010 4173 8010 3653 8010 3653 8011 4173 8011 4174 8011 3653 8012 4174 8012 4165 8012 4171 8013 3658 8013 4175 8013 4175 8014 3658 8014 3656 8014 4175 8015 3656 8015 4176 8015 4177 8016 4178 8016 3661 8016 3661 8017 4178 8017 4179 8017 3661 8018 4179 8018 3662 8018 3662 8019 4179 8019 4180 8019 3662 8020 4180 8020 3656 8020 3656 8021 4180 8021 4181 8021 3656 8022 4181 8022 4176 8022 4177 8023 3661 8023 4182 8023 4182 8024 3661 8024 3667 8024 4182 8025 3667 8025 4183 8025 4183 8026 3667 8026 4184 8026 4184 8027 3667 8027 3666 8027 4184 8028 3666 8028 4185 8028 4186 8029 4187 8029 3669 8029 3669 8030 4187 8030 4188 8030 3669 8031 4188 8031 3670 8031 3670 8032 4188 8032 4189 8032 3670 8033 4189 8033 3664 8033 4189 8034 4190 8034 3664 8034 3664 8035 4190 8035 4191 8035 3664 8036 4191 8036 3666 8036 3666 8037 4191 8037 4192 8037 3666 8038 4192 8038 4185 8038 3673 8039 4193 8039 3669 8039 3669 8040 4193 8040 4194 8040 3669 8041 4194 8041 4186 8041 4195 8042 3678 8042 4196 8042 4196 8043 3678 8043 3677 8043 4196 8044 3677 8044 4197 8044 4195 8045 4198 8045 3678 8045 3678 8046 4198 8046 4199 8046 3678 8047 4199 8047 3672 8047 3672 8048 4199 8048 4200 8048 3672 8049 4200 8049 3673 8049 3673 8050 4200 8050 4201 8050 3673 8051 4201 8051 4193 8051 3675 8052 3681 8052 4202 8052 4202 8053 4203 8053 3675 8053 3675 8054 4203 8054 4204 8054 3675 8055 4204 8055 3677 8055 3677 8056 4204 8056 4205 8056 3677 8057 4205 8057 4197 8057 3687 8058 4067 8058 3688 8058 4206 8059 3680 8059 4207 8059 4207 8060 3680 8060 3688 8060 4207 8061 3688 8061 4208 8061 4208 8062 3688 8062 4067 8062 4206 8063 4209 8063 3680 8063 3680 8064 4209 8064 4210 8064 3680 8065 4210 8065 3681 8065 3681 8066 4210 8066 4211 8066 3681 8067 4211 8067 4202 8067 3685 8068 4212 8068 3687 8068 3687 8069 4212 8069 4213 8069 3687 8070 4213 8070 4066 8070 4214 8071 3682 8071 4215 8071 4215 8072 3682 8072 3689 8072 4215 8073 3689 8073 4216 8073 4216 8074 3689 8074 3691 8074 4216 8075 3691 8075 4217 8075 4214 8076 4218 8076 3682 8076 3682 8077 4218 8077 4219 8077 3682 8078 4219 8078 3683 8078 3683 8079 4219 8079 4220 8079 3683 8080 4220 8080 3685 8080 3685 8081 4220 8081 4221 8081 3685 8082 4221 8082 4212 8082 4222 8083 4223 8083 3694 8083 3694 8084 4223 8084 4224 8084 3694 8085 4224 8085 3693 8085 4224 8086 4225 8086 3693 8086 3693 8087 4225 8087 4226 8087 3693 8088 4226 8088 3691 8088 3691 8089 4226 8089 4227 8089 3691 8090 4227 8090 4217 8090 4228 8091 4229 8091 3699 8091 3699 8092 4229 8092 4230 8092 3699 8093 4230 8093 3698 8093 3698 8094 4230 8094 4231 8094 3698 8095 4231 8095 3696 8095 3696 8096 4231 8096 4232 8096 3696 8097 4232 8097 3694 8097 3694 8098 4232 8098 4233 8098 3694 8099 4233 8099 4222 8099 3704 8100 4234 8100 4235 8100 3704 8101 4235 8101 3701 8101 4235 8102 4236 8102 3701 8102 3701 8103 4236 8103 4237 8103 3701 8104 4237 8104 3699 8104 3699 8105 4237 8105 4238 8105 3699 8106 4238 8106 4228 8106 3704 8107 3703 8107 3843 8107 4234 8108 3704 8108 4239 8108 4239 8109 3704 8109 3843 8109 4239 8110 3843 8110 3846 8110 4240 8111 4241 8111 4242 8111 4243 8112 4244 8112 4245 8112 3170 8113 4246 8113 4247 8113 4247 8114 4246 8114 4248 8114 4242 8115 3174 8115 4247 8115 4247 8116 3174 8116 3173 8116 3173 8117 3175 8117 4247 8117 4247 8118 3175 8118 3172 8118 4247 8119 3172 8119 3170 8119 4249 8120 3851 8120 3850 8120 3176 8121 3174 8121 3847 8121 3847 8122 3174 8122 4242 8122 3847 8123 4242 8123 3848 8123 3848 8124 4242 8124 4249 8124 3848 8125 4249 8125 3849 8125 3849 8126 4249 8126 3850 8126 3851 8127 4249 8127 3845 8127 3845 8128 4249 8128 4250 8128 3845 8129 4250 8129 3846 8129 4242 8130 4241 8130 4249 8130 4249 8131 4241 8131 4251 8131 4249 8132 4251 8132 4252 8132 4252 8133 4253 8133 4254 8133 4252 8134 4254 8134 4255 8134 4252 8135 4255 8135 4249 8135 4249 8136 4255 8136 4256 8136 4249 8137 4256 8137 4250 8137 4240 8138 4242 8138 4257 8138 4257 8139 4242 8139 4247 8139 4257 8140 4247 8140 4245 8140 4245 8141 4247 8141 4248 8141 4245 8142 4248 8142 4243 8142 4258 8143 4259 8143 3859 8143 3855 8144 4248 8144 3169 8144 3169 8145 4248 8145 4246 8145 3169 8146 4246 8146 3170 8146 3855 8147 4260 8147 4261 8147 4261 8148 4244 8148 3855 8148 3855 8149 4244 8149 4243 8149 3855 8150 4243 8150 4248 8150 4262 8151 3854 8151 4263 8151 4263 8152 3854 8152 3853 8152 4262 8153 4264 8153 3854 8153 3854 8154 4264 8154 4265 8154 3854 8155 4265 8155 3855 8155 3855 8156 4265 8156 4266 8156 3855 8157 4266 8157 4260 8157 4267 8158 4268 8158 3852 8158 3852 8159 4268 8159 4269 8159 3852 8160 4269 8160 3853 8160 3853 8161 4269 8161 4270 8161 3853 8162 4270 8162 4271 8162 4271 8163 4272 8163 3853 8163 3853 8164 4272 8164 4273 8164 3853 8165 4273 8165 4263 8165 3860 8166 4274 8166 4275 8166 3860 8167 4275 8167 3852 8167 3852 8168 4275 8168 4276 8168 3852 8169 4276 8169 4267 8169 4259 8170 4277 8170 3859 8170 3859 8171 4277 8171 4278 8171 3859 8172 4278 8172 3860 8172 3860 8173 4278 8173 4279 8173 3860 8174 4279 8174 4274 8174 4280 8175 4281 8175 3858 8175 3858 8176 4281 8176 4282 8176 3858 8177 4282 8177 3859 8177 3859 8178 4282 8178 4283 8178 3859 8179 4283 8179 4258 8179 4284 8180 4285 8180 3857 8180 3857 8181 4285 8181 4286 8181 3857 8182 4286 8182 3858 8182 3858 8183 4286 8183 4287 8183 3858 8184 4287 8184 4280 8184 3873 8185 4288 8185 3856 8185 4288 8186 4289 8186 3856 8186 3856 8187 4289 8187 4290 8187 3856 8188 4290 8188 3857 8188 3857 8189 4290 8189 4291 8189 3857 8190 4291 8190 4284 8190 2215 8191 3864 8191 2216 8191 2216 8192 3864 8192 3862 8192 2216 8193 3862 8193 3856 8193 3856 8194 3862 8194 3861 8194 3856 8195 3861 8195 3873 8195 4292 8196 4293 8196 4294 8196 4294 8197 4293 8197 4295 8197 4296 8198 4297 8198 4298 8198 4298 8199 4297 8199 4299 8199 4300 8200 4301 8200 4292 8200 4292 8201 4301 8201 4302 8201 4292 8202 4302 8202 4303 8202 4303 8203 4304 8203 4292 8203 4292 8204 4304 8204 4305 8204 4292 8205 4305 8205 4293 8205 4306 8206 4307 8206 4295 8206 4295 8207 4307 8207 4308 8207 4309 8208 4310 8208 4295 8208 4295 8209 4310 8209 4311 8209 4295 8210 4311 8210 4312 8210 4313 8211 4314 8211 4315 8211 4315 8212 4314 8212 4316 8212 4317 8213 4318 8213 4319 8213 4320 8214 4321 8214 4295 8214 4312 8215 4322 8215 4295 8215 4295 8216 4322 8216 4323 8216 4295 8217 4323 8217 4294 8217 4324 8218 4325 8218 4326 8218 4327 8219 4328 8219 4292 8219 4329 8220 4330 8220 4292 8220 4292 8221 4330 8221 4331 8221 4292 8222 4331 8222 4332 8222 4332 8223 4333 8223 4292 8223 4292 8224 4333 8224 4334 8224 4292 8225 4334 8225 4335 8225 4335 8226 4336 8226 4292 8226 4292 8227 4336 8227 4337 8227 4292 8228 4337 8228 4300 8228 4338 8229 4339 8229 4340 8229 4339 8230 4341 8230 4340 8230 4340 8231 4341 8231 4342 8231 4340 8232 4342 8232 4343 8232 4321 8233 4344 8233 4295 8233 4295 8234 4344 8234 4345 8234 4295 8235 4345 8235 4306 8235 4346 8236 4347 8236 4298 8236 4298 8237 4347 8237 4348 8237 4299 8238 4297 8238 4292 8238 4292 8239 4297 8239 4349 8239 4292 8240 4349 8240 4327 8240 4328 8241 4350 8241 4292 8241 4292 8242 4350 8242 4351 8242 4292 8243 4351 8243 4352 8243 4317 8244 4340 8244 4353 8244 4353 8245 4340 8245 4354 8245 4317 8246 4319 8246 4340 8246 4340 8247 4319 8247 4355 8247 4340 8248 4355 8248 4356 8248 4357 8249 4358 8249 4340 8249 4340 8250 4358 8250 4359 8250 4343 8251 4360 8251 4340 8251 4340 8252 4360 8252 4361 8252 4340 8253 4361 8253 4362 8253 4362 8254 4363 8254 4340 8254 4340 8255 4363 8255 4364 8255 4340 8256 4364 8256 4365 8256 4316 8257 4366 8257 4315 8257 4315 8258 4366 8258 4340 8258 4315 8259 4340 8259 4367 8259 4367 8260 4340 8260 4365 8260 4313 8261 4315 8261 4295 8261 4295 8262 4315 8262 4368 8262 4295 8263 4368 8263 4320 8263 4308 8264 4369 8264 4295 8264 4295 8265 4369 8265 4370 8265 4295 8266 4370 8266 4309 8266 4298 8267 4371 8267 4372 8267 4348 8268 4373 8268 4298 8268 4298 8269 4373 8269 4374 8269 4298 8270 4374 8270 4296 8270 4352 8271 4375 8271 4292 8271 4292 8272 4375 8272 4376 8272 4292 8273 4376 8273 4377 8273 4378 8274 4379 8274 4292 8274 4292 8275 4379 8275 4380 8275 4292 8276 4380 8276 4329 8276 4356 8277 4381 8277 4340 8277 4340 8278 4381 8278 4382 8278 4340 8279 4382 8279 4357 8279 4359 8280 4383 8280 4340 8280 4340 8281 4383 8281 4384 8281 4340 8282 4384 8282 4338 8282 4385 8283 4346 8283 4386 8283 4386 8284 4346 8284 4298 8284 4386 8285 4298 8285 4326 8285 4326 8286 4298 8286 4372 8286 4326 8287 4372 8287 4324 8287 4377 8288 4387 8288 4292 8288 4292 8289 4387 8289 4388 8289 4292 8290 4388 8290 4389 8290 4389 8291 4390 8291 4292 8291 4292 8292 4390 8292 4391 8292 4292 8293 4391 8293 4378 8293 4392 8294 4393 8294 4258 8294 4394 8295 4395 8295 4396 8295 4396 8296 4395 8296 4279 8296 4397 8297 4398 8297 4399 8297 4400 8298 4401 8298 4402 8298 4403 8299 4404 8299 4405 8299 4403 8300 4405 8300 4406 8300 4407 8301 4408 8301 4409 8301 4402 8302 4401 8302 4410 8302 4410 8303 4401 8303 4409 8303 4410 8304 4409 8304 4411 8304 4411 8305 4409 8305 4412 8305 4411 8306 4412 8306 4405 8306 4405 8307 4412 8307 4413 8307 4405 8308 4413 8308 4406 8308 4406 8309 4413 8309 4414 8309 4406 8310 4414 8310 4415 8310 4409 8311 4408 8311 4412 8311 4412 8312 4408 8312 4416 8312 4412 8313 4416 8313 4413 8313 4413 8314 4416 8314 4417 8314 4413 8315 4417 8315 4414 8315 4398 8316 4418 8316 4419 8316 4419 8317 4420 8317 4421 8317 4398 8318 4419 8318 4399 8318 4399 8319 4419 8319 4421 8319 4399 8320 4421 8320 4422 8320 4422 8321 4423 8321 4399 8321 4399 8322 4423 8322 4400 8322 4399 8323 4400 8323 4397 8323 4397 8324 4400 8324 4402 8324 4285 8325 4424 8325 4286 8325 4286 8326 4424 8326 4425 8326 4286 8327 4425 8327 4287 8327 4287 8328 4425 8328 4426 8328 4287 8329 4426 8329 4280 8329 4285 8330 4284 8330 4424 8330 4424 8331 4284 8331 4291 8331 4424 8332 4291 8332 4427 8332 4427 8333 4291 8333 4290 8333 4427 8334 4290 8334 4289 8334 3875 8335 4288 8335 3874 8335 3874 8336 4288 8336 3873 8336 4279 8337 4278 8337 4396 8337 4396 8338 4278 8338 4277 8338 4396 8339 4277 8339 4393 8339 4393 8340 4277 8340 4259 8340 4393 8341 4259 8341 4258 8341 4258 8342 4283 8342 4392 8342 4392 8343 4283 8343 4282 8343 4392 8344 4282 8344 4426 8344 4426 8345 4282 8345 4281 8345 4426 8346 4281 8346 4280 8346 4420 8347 4419 8347 4428 8347 4428 8348 4419 8348 3870 8348 4428 8349 3870 8349 3869 8349 4423 8350 4429 8350 4400 8350 4400 8351 4429 8351 4430 8351 4400 8352 4430 8352 4401 8352 4401 8353 4430 8353 4431 8353 4401 8354 4431 8354 4409 8354 4409 8355 4431 8355 4432 8355 4409 8356 4432 8356 4407 8356 3875 8357 3876 8357 4418 8357 4418 8358 3876 8358 3866 8358 4418 8359 3866 8359 4419 8359 4419 8360 3866 8360 3865 8360 4419 8361 3865 8361 3870 8361 4404 8362 4394 8362 4405 8362 4405 8363 4394 8363 4396 8363 4405 8364 4396 8364 4411 8364 4411 8365 4396 8365 4393 8365 4411 8366 4393 8366 4410 8366 4410 8367 4393 8367 4392 8367 4410 8368 4392 8368 4402 8368 4402 8369 4392 8369 4426 8369 4402 8370 4426 8370 4397 8370 4397 8371 4426 8371 4425 8371 4397 8372 4425 8372 4398 8372 4398 8373 4425 8373 4424 8373 4398 8374 4424 8374 4418 8374 4418 8375 4424 8375 4427 8375 4418 8376 4427 8376 3875 8376 3875 8377 4427 8377 4289 8377 3875 8378 4289 8378 4288 8378 4433 8379 4434 8379 4435 8379 4436 8380 4437 8380 4438 8380 4439 8381 4440 8381 4441 8381 4442 8382 4443 8382 4444 8382 3200 8383 4068 8383 3877 8383 3877 8384 4068 8384 4072 8384 3877 8385 4072 8385 3872 8385 3869 8386 3868 8386 4445 8386 4445 8387 3868 8387 4446 8387 4445 8388 4446 8388 4447 8388 4447 8389 4446 8389 4448 8389 4448 8390 4446 8390 4449 8390 4448 8391 4449 8391 4450 8391 4451 8392 4452 8392 4453 8392 4453 8393 4452 8393 4454 8393 4453 8394 4454 8394 4449 8394 4449 8395 4454 8395 4455 8395 4449 8396 4455 8396 4450 8396 4456 8397 4457 8397 4451 8397 4444 8398 4443 8398 4456 8398 4456 8399 4443 8399 4458 8399 4456 8400 4458 8400 4457 8400 4442 8401 4444 8401 4459 8401 4459 8402 4444 8402 4460 8402 4459 8403 4460 8403 4461 8403 4462 8404 4463 8404 4464 8404 4465 8405 4466 8405 4467 8405 4467 8406 4466 8406 4468 8406 4467 8407 4468 8407 4469 8407 4469 8408 4468 8408 4470 8408 4469 8409 4470 8409 4462 8409 4462 8410 4470 8410 4471 8410 4462 8411 4471 8411 4463 8411 4472 8412 4473 8412 4474 8412 4472 8413 4474 8413 4441 8413 4441 8414 4474 8414 4475 8414 4441 8415 4475 8415 4439 8415 4473 8416 4472 8416 4476 8416 4476 8417 4472 8417 4477 8417 4476 8418 4477 8418 4478 8418 4478 8419 4477 8419 4479 8419 4479 8420 4477 8420 4480 8420 4479 8421 4480 8421 4481 8421 4482 8422 4483 8422 4484 8422 4484 8423 4483 8423 4485 8423 4485 8424 4486 8424 4484 8424 4484 8425 4486 8425 4487 8425 4484 8426 4487 8426 4480 8426 4480 8427 4487 8427 4488 8427 4480 8428 4488 8428 4481 8428 4489 8429 4490 8429 4491 8429 4491 8430 4490 8430 4492 8430 4491 8431 4492 8431 4482 8431 4482 8432 4492 8432 4493 8432 4482 8433 4493 8433 4483 8433 4494 8434 4495 8434 4496 8434 4496 8435 4495 8435 4497 8435 4496 8436 4497 8436 4491 8436 4491 8437 4497 8437 4498 8437 4491 8438 4498 8438 4489 8438 4499 8439 4500 8439 4501 8439 4501 8440 4500 8440 4494 8440 4499 8441 4501 8441 4502 8441 4502 8442 4501 8442 4503 8442 4502 8443 4503 8443 4504 8443 4504 8444 4503 8444 4505 8444 4504 8445 4505 8445 4506 8445 4507 8446 4508 8446 4509 8446 4509 8447 4508 8447 4510 8447 4509 8448 4510 8448 4505 8448 4505 8449 4510 8449 4511 8449 4505 8450 4511 8450 4506 8450 4512 8451 4513 8451 4514 8451 4514 8452 4513 8452 4515 8452 4514 8453 4515 8453 4509 8453 4509 8454 4515 8454 4516 8454 4509 8455 4516 8455 4507 8455 4517 8456 4518 8456 4519 8456 4517 8457 4519 8457 4520 8457 4519 8458 4521 8458 4520 8458 4520 8459 4521 8459 4522 8459 4520 8460 4522 8460 4523 8460 4523 8461 4522 8461 4524 8461 4523 8462 4524 8462 4512 8462 4525 8463 4526 8463 4527 8463 4527 8464 4526 8464 4528 8464 4527 8465 4528 8465 4529 8465 4529 8466 4528 8466 4530 8466 4531 8467 4532 8467 4533 8467 4533 8468 4532 8468 4534 8468 4533 8469 4534 8469 4527 8469 4527 8470 4534 8470 4535 8470 4527 8471 4535 8471 4525 8471 4536 8472 4537 8472 4531 8472 4531 8473 4537 8473 4538 8473 4531 8474 4538 8474 4532 8474 4539 8475 4540 8475 4541 8475 4541 8476 4540 8476 4542 8476 4541 8477 4542 8477 4543 8477 4544 8478 4545 8478 4546 8478 4546 8479 4545 8479 4539 8479 4544 8480 4546 8480 4547 8480 4547 8481 4546 8481 4548 8481 4547 8482 4548 8482 4549 8482 4550 8483 4551 8483 4552 8483 4552 8484 4551 8484 4553 8484 4552 8485 4553 8485 4548 8485 4548 8486 4553 8486 4554 8486 4548 8487 4554 8487 4549 8487 4438 8488 4437 8488 4555 8488 4555 8489 4437 8489 4556 8489 4555 8490 4556 8490 4557 8490 4558 8491 4559 8491 4560 8491 4560 8492 4559 8492 4561 8492 4560 8493 4561 8493 4438 8493 4438 8494 4561 8494 4562 8494 4438 8495 4562 8495 4436 8495 4563 8496 4564 8496 4565 8496 4565 8497 4564 8497 4566 8497 4565 8498 4566 8498 4558 8498 4558 8499 4566 8499 4567 8499 4558 8500 4567 8500 4559 8500 4568 8501 4569 8501 4570 8501 4570 8502 4569 8502 4571 8502 4570 8503 4571 8503 4565 8503 4565 8504 4571 8504 4572 8504 4565 8505 4572 8505 4563 8505 4573 8506 4574 8506 4575 8506 4575 8507 4574 8507 4576 8507 4575 8508 4576 8508 4577 8508 4577 8509 4576 8509 4578 8509 4578 8510 4576 8510 4579 8510 4579 8511 4576 8511 4435 8511 4579 8512 4435 8512 4580 8512 4580 8513 4435 8513 4434 8513 4580 8514 4434 8514 4581 8514 4433 8515 4435 8515 4582 8515 4582 8516 4435 8516 4146 8516 4582 8517 4146 8517 4145 8517 4140 8518 4139 8518 4570 8518 4570 8519 4139 8519 4574 8519 4570 8520 4574 8520 4568 8520 4568 8521 4574 8521 4573 8521 4130 8522 4128 8522 4552 8522 4552 8523 4128 8523 4555 8523 4552 8524 4555 8524 4550 8524 4550 8525 4555 8525 4557 8525 4110 8526 4529 8526 4517 8526 4517 8527 4529 8527 4530 8527 4517 8528 4530 8528 4518 8528 4073 8529 4462 8529 4460 8529 4460 8530 4462 8530 4464 8530 4460 8531 4464 8531 4461 8531 4139 8532 4144 8532 4574 8532 4574 8533 4144 8533 4143 8533 4574 8534 4143 8534 4576 8534 4576 8535 4143 8535 4148 8535 4576 8536 4148 8536 4435 8536 4435 8537 4148 8537 4147 8537 4435 8538 4147 8538 4146 8538 4140 8539 4570 8539 4141 8539 4141 8540 4570 8540 4565 8540 4141 8541 4565 8541 4142 8541 4142 8542 4565 8542 4558 8542 4142 8543 4558 8543 4133 8543 4438 8544 4136 8544 4560 8544 4560 8545 4136 8545 4135 8545 4560 8546 4135 8546 4558 8546 4558 8547 4135 8547 4134 8547 4558 8548 4134 8548 4133 8548 4128 8549 4129 8549 4555 8549 4555 8550 4129 8550 4138 8550 4555 8551 4138 8551 4438 8551 4438 8552 4138 8552 4137 8552 4438 8553 4137 8553 4136 8553 4130 8554 4552 8554 4131 8554 4131 8555 4552 8555 4548 8555 4131 8556 4548 8556 4132 8556 4132 8557 4548 8557 4546 8557 4132 8558 4546 8558 4122 8558 4539 8559 4541 8559 4546 8559 4546 8560 4541 8560 4123 8560 4546 8561 4123 8561 4122 8561 4126 8562 4125 8562 4541 8562 4541 8563 4125 8563 4124 8563 4541 8564 4124 8564 4123 8564 4127 8565 4126 8565 4531 8565 4531 8566 4126 8566 4541 8566 4531 8567 4541 8567 4536 8567 4536 8568 4541 8568 4543 8568 4127 8569 4531 8569 4120 8569 4120 8570 4531 8570 4533 8570 4120 8571 4533 8571 4121 8571 4110 8572 4117 8572 4529 8572 4529 8573 4117 8573 4116 8573 4529 8574 4116 8574 4527 8574 4527 8575 4116 8575 4119 8575 4527 8576 4119 8576 4533 8576 4533 8577 4119 8577 4118 8577 4533 8578 4118 8578 4121 8578 4115 8579 4114 8579 4523 8579 4523 8580 4114 8580 4113 8580 4523 8581 4113 8581 4520 8581 4520 8582 4113 8582 4112 8582 4520 8583 4112 8583 4517 8583 4517 8584 4112 8584 4111 8584 4517 8585 4111 8585 4110 8585 4512 8586 4514 8586 4523 8586 4523 8587 4514 8587 4105 8587 4523 8588 4105 8588 4115 8588 4104 8589 4109 8589 4505 8589 4505 8590 4109 8590 4108 8590 4505 8591 4108 8591 4509 8591 4509 8592 4108 8592 4107 8592 4509 8593 4107 8593 4514 8593 4514 8594 4107 8594 4106 8594 4514 8595 4106 8595 4105 8595 4104 8596 4505 8596 4103 8596 4103 8597 4505 8597 4503 8597 4103 8598 4503 8598 4094 8598 4094 8599 4503 8599 4501 8599 4094 8600 4501 8600 4095 8600 4494 8601 4496 8601 4501 8601 4501 8602 4496 8602 4096 8602 4501 8603 4096 8603 4095 8603 4100 8604 4099 8604 4491 8604 4491 8605 4099 8605 4098 8605 4491 8606 4098 8606 4496 8606 4496 8607 4098 8607 4097 8607 4496 8608 4097 8608 4096 8608 4100 8609 4491 8609 4101 8609 4101 8610 4491 8610 4482 8610 4101 8611 4482 8611 4102 8611 4102 8612 4482 8612 4484 8612 4102 8613 4484 8613 4093 8613 4090 8614 4089 8614 4472 8614 4472 8615 4089 8615 4086 8615 4472 8616 4086 8616 4477 8616 4477 8617 4086 8617 4087 8617 4477 8618 4087 8618 4480 8618 4480 8619 4087 8619 4088 8619 4480 8620 4088 8620 4484 8620 4484 8621 4088 8621 4092 8621 4484 8622 4092 8622 4093 8622 4085 8623 4441 8623 4467 8623 4467 8624 4441 8624 4440 8624 4467 8625 4440 8625 4465 8625 4085 8626 4084 8626 4441 8626 4441 8627 4084 8627 4083 8627 4441 8628 4083 8628 4472 8628 4472 8629 4083 8629 4091 8629 4472 8630 4091 8630 4090 8630 4073 8631 4082 8631 4462 8631 4462 8632 4082 8632 4081 8632 4462 8633 4081 8633 4469 8633 4469 8634 4081 8634 4080 8634 4469 8635 4080 8635 4467 8635 4467 8636 4080 8636 4079 8636 4467 8637 4079 8637 4085 8637 4078 8638 4077 8638 4456 8638 4456 8639 4077 8639 4076 8639 4456 8640 4076 8640 4444 8640 4444 8641 4076 8641 4075 8641 4444 8642 4075 8642 4460 8642 4460 8643 4075 8643 4074 8643 4460 8644 4074 8644 4073 8644 4451 8645 4453 8645 4456 8645 4456 8646 4453 8646 4069 8646 4456 8647 4069 8647 4078 8647 3868 8648 3872 8648 4446 8648 4446 8649 3872 8649 4072 8649 4446 8650 4072 8650 4449 8650 4449 8651 4072 8651 4071 8651 4449 8652 4071 8652 4453 8652 4453 8653 4071 8653 4070 8653 4453 8654 4070 8654 4069 8654 4583 8655 4584 8655 4347 8655 4585 8656 4586 8656 4587 8656 4588 8657 4589 8657 4590 8657 4591 8658 4592 8658 4325 8658 4593 8659 4584 8659 4594 8659 4594 8660 4584 8660 4583 8660 4594 8661 4583 8661 4595 8661 4595 8662 4583 8662 4596 8662 4595 8663 4596 8663 4597 8663 4597 8664 4596 8664 4592 8664 4597 8665 4592 8665 4598 8665 4598 8666 4592 8666 4591 8666 4598 8667 4591 8667 4599 8667 4600 8668 4601 8668 4602 8668 4602 8669 4601 8669 4603 8669 4602 8670 4603 8670 4604 8670 4604 8671 4603 8671 4605 8671 4604 8672 4605 8672 4606 8672 4606 8673 4605 8673 4607 8673 4606 8674 4607 8674 4608 8674 4608 8675 4607 8675 4609 8675 4608 8676 4609 8676 4610 8676 4611 8677 4612 8677 4369 8677 4610 8678 4609 8678 4613 8678 4613 8679 4609 8679 4614 8679 4613 8680 4614 8680 4615 8680 4615 8681 4614 8681 4616 8681 4615 8682 4616 8682 4617 8682 4617 8683 4616 8683 4612 8683 4617 8684 4612 8684 4618 8684 4618 8685 4612 8685 4611 8685 4618 8686 4611 8686 4619 8686 4620 8687 4621 8687 4622 8687 4622 8688 4621 8688 4623 8688 4622 8689 4623 8689 4624 8689 4625 8690 4626 8690 4627 8690 4627 8691 4626 8691 4628 8691 4627 8692 4628 8692 4629 8692 4630 8693 4631 8693 4342 8693 4632 8694 4633 8694 4634 8694 4632 8695 4634 8695 4635 8695 4635 8696 4634 8696 4636 8696 4635 8697 4636 8697 4637 8697 4638 8698 4639 8698 4640 8698 4641 8699 4642 8699 4643 8699 4643 8700 4642 8700 4644 8700 4641 8701 4645 8701 4642 8701 4642 8702 4645 8702 4646 8702 4642 8703 4646 8703 4647 8703 4647 8704 4646 8704 4648 8704 4649 8705 4650 8705 4651 8705 4649 8706 4652 8706 4650 8706 4650 8707 4652 8707 4653 8707 4650 8708 4653 8708 4644 8708 4644 8709 4653 8709 4654 8709 4644 8710 4654 8710 4643 8710 4655 8711 4656 8711 4657 8711 4655 8712 4657 8712 4658 8712 4657 8713 4659 8713 4658 8713 4658 8714 4659 8714 4660 8714 4658 8715 4660 8715 4651 8715 4651 8716 4660 8716 4661 8716 4651 8717 4661 8717 4649 8717 4662 8718 4663 8718 4655 8718 4655 8719 4663 8719 4664 8719 4655 8720 4664 8720 4656 8720 4665 8721 4666 8721 4662 8721 4662 8722 4666 8722 4667 8722 4662 8723 4667 8723 4663 8723 4668 8724 4669 8724 4665 8724 4665 8725 4669 8725 4670 8725 4665 8726 4670 8726 4666 8726 4671 8727 4672 8727 4673 8727 4671 8728 4674 8728 4672 8728 4672 8729 4674 8729 4675 8729 4672 8730 4675 8730 4668 8730 4676 8731 4677 8731 4678 8731 4678 8732 4677 8732 4679 8732 4676 8733 4680 8733 4677 8733 4677 8734 4680 8734 4681 8734 4677 8735 4681 8735 4673 8735 4673 8736 4681 8736 4682 8736 4673 8737 4682 8737 4671 8737 4683 8738 4684 8738 4685 8738 4683 8739 4686 8739 4684 8739 4684 8740 4686 8740 4687 8740 4684 8741 4687 8741 4679 8741 4679 8742 4687 8742 4688 8742 4679 8743 4688 8743 4678 8743 4689 8744 4690 8744 4691 8744 4691 8745 4690 8745 4692 8745 4691 8746 4693 8746 4689 8746 4689 8747 4693 8747 4694 8747 4689 8748 4694 8748 4685 8748 4685 8749 4694 8749 4695 8749 4685 8750 4695 8750 4683 8750 4696 8751 4697 8751 4690 8751 4690 8752 4697 8752 4698 8752 4690 8753 4698 8753 4692 8753 4586 8754 4699 8754 4587 8754 4587 8755 4699 8755 4700 8755 4587 8756 4700 8756 4696 8756 4696 8757 4700 8757 4701 8757 4696 8758 4701 8758 4697 8758 4702 8759 4703 8759 4585 8759 4704 8760 4705 8760 4702 8760 4702 8761 4705 8761 4706 8761 4702 8762 4706 8762 4703 8762 4707 8763 4708 8763 4709 8763 4709 8764 4708 8764 4710 8764 4710 8765 4711 8765 4709 8765 4709 8766 4711 8766 4712 8766 4709 8767 4712 8767 4713 8767 4713 8768 4712 8768 4714 8768 4713 8769 4714 8769 4704 8769 4715 8770 4716 8770 4717 8770 4715 8771 4718 8771 4716 8771 4716 8772 4718 8772 4719 8772 4716 8773 4719 8773 4707 8773 4707 8774 4719 8774 4720 8774 4707 8775 4720 8775 4708 8775 4721 8776 4722 8776 4723 8776 4721 8777 4724 8777 4722 8777 4722 8778 4724 8778 4725 8778 4722 8779 4725 8779 4717 8779 4717 8780 4725 8780 4726 8780 4717 8781 4726 8781 4715 8781 4727 8782 4728 8782 4729 8782 4729 8783 4728 8783 4730 8783 4730 8784 4731 8784 4729 8784 4729 8785 4731 8785 4732 8785 4729 8786 4732 8786 4723 8786 4723 8787 4732 8787 4733 8787 4723 8788 4733 8788 4721 8788 4734 8789 4735 8789 4736 8789 4736 8790 4735 8790 4737 8790 4736 8791 4737 8791 4727 8791 4727 8792 4737 8792 4738 8792 4727 8793 4738 8793 4728 8793 4739 8794 4740 8794 4736 8794 4736 8795 4740 8795 4741 8795 4736 8796 4741 8796 4734 8796 4742 8797 4739 8797 4743 8797 4742 8798 4744 8798 4739 8798 4739 8799 4744 8799 4745 8799 4739 8800 4745 8800 4740 8800 4746 8801 4747 8801 4748 8801 4748 8802 4747 8802 4749 8802 4748 8803 4749 8803 4743 8803 4743 8804 4749 8804 4750 8804 4743 8805 4750 8805 4742 8805 4348 8806 4347 8806 4751 8806 4751 8807 4347 8807 4584 8807 4751 8808 4584 8808 4752 8808 4752 8809 4584 8809 4593 8809 4752 8810 4593 8810 4753 8810 4347 8811 4346 8811 4583 8811 4583 8812 4346 8812 4385 8812 4583 8813 4385 8813 4596 8813 4596 8814 4385 8814 4386 8814 4596 8815 4386 8815 4592 8815 4592 8816 4386 8816 4326 8816 4592 8817 4326 8817 4325 8817 4324 8818 4372 8818 4600 8818 4600 8819 4372 8819 4371 8819 4600 8820 4371 8820 4601 8820 4601 8821 4371 8821 4298 8821 4601 8822 4298 8822 4603 8822 4603 8823 4298 8823 4299 8823 4299 8824 4292 8824 4603 8824 4603 8825 4292 8825 4294 8825 4603 8826 4294 8826 4605 8826 4605 8827 4294 8827 4323 8827 4605 8828 4323 8828 4607 8828 4607 8829 4323 8829 4322 8829 4607 8830 4322 8830 4609 8830 4609 8831 4322 8831 4312 8831 4609 8832 4312 8832 4614 8832 4312 8833 4311 8833 4614 8833 4614 8834 4311 8834 4310 8834 4614 8835 4310 8835 4616 8835 4616 8836 4310 8836 4309 8836 4616 8837 4309 8837 4612 8837 4612 8838 4309 8838 4370 8838 4612 8839 4370 8839 4369 8839 4308 8840 4307 8840 4620 8840 4620 8841 4307 8841 4306 8841 4620 8842 4306 8842 4621 8842 4628 8843 4624 8843 4629 8843 4629 8844 4624 8844 4623 8844 4629 8845 4623 8845 4320 8845 4306 8846 4345 8846 4621 8846 4621 8847 4345 8847 4344 8847 4621 8848 4344 8848 4623 8848 4623 8849 4344 8849 4321 8849 4623 8850 4321 8850 4320 8850 4320 8851 4368 8851 4629 8851 4629 8852 4368 8852 4315 8852 4629 8853 4315 8853 4627 8853 4627 8854 4315 8854 4367 8854 4627 8855 4367 8855 4625 8855 4367 8856 4365 8856 4625 8856 4625 8857 4365 8857 4364 8857 4625 8858 4364 8858 4754 8858 4754 8859 4364 8859 4363 8859 4754 8860 4363 8860 4755 8860 4755 8861 4363 8861 4362 8861 4755 8862 4362 8862 4756 8862 4756 8863 4362 8863 4361 8863 4756 8864 4361 8864 4757 8864 4757 8865 4361 8865 4360 8865 4757 8866 4360 8866 4631 8866 4631 8867 4360 8867 4343 8867 4631 8868 4343 8868 4342 8868 4632 8869 4590 8869 4633 8869 4633 8870 4590 8870 4589 8870 4633 8871 4589 8871 4383 8871 4341 8872 4339 8872 4588 8872 4588 8873 4339 8873 4338 8873 4588 8874 4338 8874 4589 8874 4589 8875 4338 8875 4384 8875 4589 8876 4384 8876 4383 8876 4382 8877 4636 8877 4357 8877 4357 8878 4636 8878 4634 8878 4357 8879 4634 8879 4358 8879 4358 8880 4634 8880 4633 8880 4358 8881 4633 8881 4359 8881 4359 8882 4633 8882 4383 8882 4381 8883 4356 8883 4638 8883 4638 8884 4356 8884 4758 8884 4638 8885 4758 8885 4639 8885 4648 8886 4759 8886 4647 8886 4647 8887 4759 8887 4760 8887 4647 8888 4760 8888 4761 8888 4761 8889 4753 8889 4647 8889 4647 8890 4753 8890 4593 8890 4647 8891 4593 8891 4642 8891 4642 8892 4593 8892 4594 8892 4642 8893 4594 8893 4644 8893 4644 8894 4594 8894 4595 8894 4644 8895 4595 8895 4650 8895 4650 8896 4595 8896 4597 8896 4650 8897 4597 8897 4651 8897 4651 8898 4597 8898 4598 8898 4651 8899 4598 8899 4658 8899 4658 8900 4598 8900 4599 8900 4658 8901 4599 8901 4655 8901 4608 8902 4665 8902 4606 8902 4606 8903 4665 8903 4662 8903 4606 8904 4662 8904 4604 8904 4604 8905 4662 8905 4655 8905 4604 8906 4655 8906 4602 8906 4602 8907 4655 8907 4599 8907 4602 8908 4599 8908 4600 8908 4600 8909 4599 8909 4591 8909 4600 8910 4591 8910 4324 8910 4324 8911 4591 8911 4325 8911 4668 8912 4665 8912 4672 8912 4672 8913 4665 8913 4608 8913 4672 8914 4608 8914 4673 8914 4673 8915 4608 8915 4610 8915 4673 8916 4610 8916 4677 8916 4677 8917 4610 8917 4613 8917 4677 8918 4613 8918 4679 8918 4679 8919 4613 8919 4615 8919 4679 8920 4615 8920 4684 8920 4684 8921 4615 8921 4617 8921 4684 8922 4617 8922 4685 8922 4685 8923 4617 8923 4618 8923 4685 8924 4618 8924 4689 8924 4689 8925 4618 8925 4619 8925 4689 8926 4619 8926 4690 8926 4626 8927 4587 8927 4628 8927 4628 8928 4587 8928 4696 8928 4628 8929 4696 8929 4624 8929 4624 8930 4696 8930 4690 8930 4624 8931 4690 8931 4622 8931 4622 8932 4690 8932 4619 8932 4622 8933 4619 8933 4620 8933 4620 8934 4619 8934 4611 8934 4620 8935 4611 8935 4308 8935 4308 8936 4611 8936 4369 8936 4585 8937 4587 8937 4702 8937 4702 8938 4587 8938 4626 8938 4702 8939 4626 8939 4762 8939 4762 8940 4626 8940 4625 8940 4762 8941 4625 8941 4763 8941 4763 8942 4625 8942 4754 8942 4763 8943 4754 8943 4764 8943 4764 8944 4754 8944 4755 8944 4764 8945 4755 8945 4765 8945 4765 8946 4755 8946 4756 8946 4765 8947 4756 8947 4766 8947 4766 8948 4756 8948 4757 8948 4766 8949 4757 8949 4767 8949 4767 8950 4757 8950 4631 8950 4767 8951 4631 8951 4768 8951 4768 8952 4631 8952 4630 8952 4768 8953 4630 8953 4769 8953 4704 8954 4702 8954 4713 8954 4713 8955 4702 8955 4762 8955 4713 8956 4762 8956 4709 8956 4709 8957 4762 8957 4763 8957 4709 8958 4763 8958 4707 8958 4707 8959 4763 8959 4764 8959 4707 8960 4764 8960 4716 8960 4716 8961 4764 8961 4765 8961 4716 8962 4765 8962 4717 8962 4717 8963 4765 8963 4766 8963 4717 8964 4766 8964 4722 8964 4722 8965 4766 8965 4767 8965 4722 8966 4767 8966 4723 8966 4723 8967 4767 8967 4768 8967 4723 8968 4768 8968 4729 8968 4729 8969 4768 8969 4769 8969 4729 8970 4769 8970 4727 8970 4382 8971 4381 8971 4636 8971 4636 8972 4381 8972 4638 8972 4636 8973 4638 8973 4637 8973 4637 8974 4638 8974 4640 8974 4637 8975 4640 8975 4770 8975 4342 8976 4341 8976 4630 8976 4630 8977 4341 8977 4588 8977 4630 8978 4588 8978 4769 8978 4769 8979 4588 8979 4590 8979 4769 8980 4590 8980 4727 8980 4727 8981 4590 8981 4632 8981 4727 8982 4632 8982 4736 8982 4736 8983 4632 8983 4635 8983 4736 8984 4635 8984 4739 8984 4739 8985 4635 8985 4637 8985 4739 8986 4637 8986 4743 8986 4743 8987 4637 8987 4770 8987 4743 8988 4770 8988 4748 8988 4771 8989 4772 8989 4773 8989 4774 8990 4775 8990 4771 8990 4774 8991 4771 8991 4776 8991 4776 8992 4771 8992 4773 8992 4776 8993 4773 8993 4777 8993 4777 8994 4773 8994 4778 8994 4777 8995 4778 8995 4779 8995 4778 8996 4780 8996 4779 8996 4779 8997 4780 8997 4781 8997 4779 8998 4781 8998 4782 8998 4782 8999 4781 8999 4783 8999 4782 9000 4783 9000 4784 9000 4783 9001 4785 9001 4784 9001 4784 9002 4785 9002 4786 9002 4784 9003 4786 9003 4787 9003 4787 9004 4786 9004 4788 9004 4787 9005 4788 9005 3881 9005 3881 9006 4788 9006 4789 9006 3881 9007 4789 9007 3880 9007 3880 9008 4789 9008 3878 9008 4790 9009 3894 9009 3906 9009 3906 9010 3894 9010 3896 9010 3906 9011 3896 9011 3907 9011 3907 9012 3896 9012 3898 9012 3894 9013 4791 9013 3892 9013 3892 9014 4791 9014 4792 9014 3892 9015 4792 9015 3890 9015 4793 9016 4794 9016 4791 9016 4791 9017 4794 9017 4795 9017 4791 9018 4795 9018 4796 9018 4779 9019 4782 9019 3888 9019 3886 9020 3879 9020 3884 9020 3884 9021 3879 9021 3911 9021 3884 9022 3911 9022 3882 9022 3882 9023 3911 9023 3949 9023 3882 9024 3949 9024 3904 9024 3904 9025 3949 9025 3941 9025 3904 9026 3941 9026 3902 9026 3902 9027 3941 9027 3922 9027 3902 9028 3922 9028 3900 9028 3900 9029 3922 9029 3915 9029 3900 9030 3915 9030 3898 9030 3898 9031 3915 9031 3913 9031 3898 9032 3913 9032 3907 9032 4775 9033 4774 9033 4797 9033 4797 9034 4774 9034 4776 9034 4797 9035 4776 9035 4777 9035 4790 9036 4798 9036 3894 9036 3894 9037 4798 9037 4799 9037 3894 9038 4799 9038 4791 9038 4791 9039 4799 9039 4800 9039 4791 9040 4800 9040 4793 9040 4792 9041 4801 9041 3890 9041 3890 9042 4801 9042 4802 9042 3890 9043 4802 9043 3888 9043 3888 9044 4802 9044 4797 9044 3888 9045 4797 9045 4779 9045 4779 9046 4797 9046 4777 9046 4782 9047 4784 9047 3888 9047 3888 9048 4784 9048 4787 9048 3888 9049 4787 9049 3886 9049 3886 9050 4787 9050 3881 9050 3886 9051 3881 9051 3879 9051 3909 9052 4803 9052 3908 9052 3908 9053 4803 9053 3906 9053 3906 9054 4803 9054 4790 9054 4790 9055 4803 9055 4804 9055 4790 9056 4804 9056 4798 9056 4798 9057 4804 9057 4805 9057 4798 9058 4805 9058 4799 9058 4799 9059 4805 9059 4806 9059 4799 9060 4806 9060 4800 9060 4806 9061 4807 9061 4800 9061 4800 9062 4807 9062 4808 9062 4800 9063 4808 9063 4793 9063 4793 9064 4808 9064 4809 9064 4793 9065 4809 9065 4794 9065 4810 9066 4811 9066 4812 9066 4809 9067 4813 9067 4794 9067 4794 9068 4813 9068 4810 9068 4794 9069 4810 9069 4795 9069 4795 9070 4810 9070 4812 9070 4795 9071 4812 9071 4796 9071 4814 9072 4815 9072 4816 9072 3951 9073 3950 9073 4817 9073 3910 9074 3878 9074 4789 9074 3951 9075 4817 9075 3952 9075 4818 9076 4819 9076 4820 9076 4820 9077 4819 9077 3948 9077 4820 9078 3948 9078 3947 9078 3946 9079 3944 9079 4821 9079 4821 9080 3944 9080 3943 9080 4821 9081 3943 9081 4822 9081 4822 9082 3943 9082 3942 9082 4822 9083 3942 9083 4823 9083 4823 9084 3942 9084 3955 9084 4823 9085 3955 9085 4824 9085 4824 9086 3955 9086 3954 9086 4824 9087 3954 9087 3953 9087 4825 9088 3928 9088 4826 9088 4826 9089 3928 9089 3939 9089 4826 9090 3939 9090 4821 9090 4821 9091 3939 9091 3940 9091 4821 9092 3940 9092 3946 9092 3933 9093 3932 9093 4827 9093 4827 9094 3932 9094 3931 9094 4827 9095 3931 9095 4825 9095 4825 9096 3931 9096 3929 9096 4825 9097 3929 9097 3928 9097 4816 9098 4815 9098 4828 9098 3933 9099 4827 9099 3938 9099 3938 9100 4827 9100 4828 9100 3938 9101 4828 9101 3937 9101 3937 9102 4828 9102 4815 9102 3937 9103 4815 9103 3936 9103 4814 9104 3934 9104 4815 9104 4815 9105 3934 9105 3936 9105 3945 9106 4829 9106 3923 9106 3923 9107 4829 9107 4830 9107 4831 9108 3920 9108 4832 9108 4832 9109 3920 9109 3919 9109 4832 9110 3919 9110 4830 9110 4830 9111 3919 9111 3918 9111 4830 9112 3918 9112 3923 9112 4833 9113 4834 9113 4835 9113 3916 9114 3926 9114 4835 9114 4835 9115 3926 9115 3925 9115 4835 9116 3925 9116 4833 9116 4833 9117 3925 9117 3924 9117 4833 9118 3924 9118 4831 9118 4831 9119 3924 9119 3921 9119 4831 9120 3921 9120 3920 9120 4836 9121 3912 9121 3914 9121 4811 9122 4810 9122 4837 9122 4837 9123 4810 9123 4838 9123 4837 9124 4838 9124 4839 9124 4810 9125 4813 9125 4838 9125 4838 9126 4813 9126 4840 9126 4838 9127 4840 9127 4841 9127 4841 9128 4842 9128 4843 9128 4844 9129 4845 9129 4846 9129 4846 9130 4845 9130 4847 9130 4846 9131 4847 9131 4848 9131 4849 9132 4850 9132 4851 9132 4851 9133 4850 9133 4845 9133 4851 9134 4845 9134 4852 9134 4852 9135 4845 9135 4844 9135 4853 9136 4854 9136 4855 9136 4855 9137 4854 9137 4850 9137 4855 9138 4850 9138 4856 9138 4856 9139 4850 9139 4849 9139 4843 9140 4857 9140 4841 9140 4841 9141 4857 9141 4858 9141 4841 9142 4858 9142 4838 9142 4838 9143 4858 9143 4859 9143 4838 9144 4859 9144 4839 9144 4860 9145 4861 9145 4862 9145 4862 9146 4861 9146 4863 9146 4862 9147 4863 9147 4864 9147 4864 9148 4863 9148 4865 9148 4864 9149 4865 9149 4866 9149 4867 9150 4868 9150 4860 9150 4860 9151 4868 9151 4869 9151 4860 9152 4869 9152 4861 9152 4870 9153 4871 9153 4872 9153 4872 9154 4871 9154 4873 9154 4872 9155 4873 9155 4874 9155 4870 9156 4875 9156 4871 9156 4871 9157 4875 9157 4876 9157 4871 9158 4876 9158 4877 9158 4876 9159 4878 9159 4877 9159 4877 9160 4878 9160 4879 9160 4877 9161 4879 9161 4880 9161 4880 9162 4879 9162 4881 9162 4880 9163 4881 9163 4867 9163 4867 9164 4881 9164 4882 9164 4867 9165 4882 9165 4868 9165 4883 9166 4884 9166 4885 9166 4885 9167 4884 9167 4886 9167 4883 9168 4887 9168 4884 9168 4884 9169 4887 9169 4888 9169 4884 9170 4888 9170 4873 9170 4873 9171 4888 9171 4889 9171 4873 9172 4889 9172 4874 9172 4781 9173 4780 9173 4886 9173 4785 9174 4783 9174 4890 9174 3947 9175 3952 9175 4820 9175 4820 9176 3952 9176 4817 9176 4820 9177 4817 9177 4818 9177 4818 9178 4817 9178 4891 9178 4818 9179 4891 9179 4890 9179 3950 9180 3910 9180 4817 9180 4817 9181 3910 9181 4789 9181 4817 9182 4789 9182 4891 9182 4891 9183 4789 9183 4788 9183 4891 9184 4788 9184 4890 9184 4890 9185 4788 9185 4786 9185 4890 9186 4786 9186 4785 9186 4834 9187 4892 9187 4835 9187 4835 9188 4892 9188 4836 9188 4835 9189 4836 9189 3916 9189 3916 9190 4836 9190 3914 9190 3909 9191 3912 9191 4803 9191 4803 9192 3912 9192 4836 9192 4803 9193 4836 9193 4804 9193 4804 9194 4836 9194 4892 9194 4804 9195 4892 9195 4805 9195 4805 9196 4892 9196 4806 9196 4813 9197 4809 9197 4840 9197 4840 9198 4809 9198 4808 9198 4840 9199 4808 9199 4893 9199 4893 9200 4808 9200 4807 9200 4894 9201 4834 9201 4854 9201 4854 9202 4834 9202 4833 9202 4854 9203 4833 9203 4850 9203 4850 9204 4833 9204 4831 9204 4850 9205 4831 9205 4845 9205 4845 9206 4831 9206 4832 9206 4845 9207 4832 9207 4847 9207 4847 9208 4832 9208 4830 9208 4847 9209 4830 9209 4895 9209 4895 9210 4830 9210 4829 9210 4895 9211 4829 9211 4896 9211 4853 9212 4842 9212 4854 9212 4854 9213 4842 9213 4841 9213 4854 9214 4841 9214 4894 9214 4894 9215 4841 9215 4840 9215 4894 9216 4840 9216 4834 9216 4834 9217 4840 9217 4893 9217 4834 9218 4893 9218 4892 9218 4892 9219 4893 9219 4807 9219 4892 9220 4807 9220 4806 9220 4897 9221 4898 9221 4886 9221 4886 9222 4898 9222 4899 9222 4886 9223 4899 9223 4885 9223 4772 9224 4897 9224 4773 9224 4773 9225 4897 9225 4886 9225 4773 9226 4886 9226 4778 9226 4778 9227 4886 9227 4780 9227 4848 9228 4847 9228 4900 9228 4900 9229 4847 9229 4895 9229 4900 9230 4895 9230 4901 9230 4901 9231 4895 9231 4896 9231 4901 9232 4896 9232 4902 9232 4902 9233 4896 9233 4864 9233 4902 9234 4864 9234 4903 9234 4903 9235 4864 9235 4866 9235 4903 9236 4866 9236 4904 9236 4783 9237 4905 9237 4890 9237 4890 9238 4905 9238 4906 9238 4890 9239 4906 9239 4818 9239 4818 9240 4906 9240 4824 9240 4818 9241 4824 9241 4819 9241 4819 9242 4824 9242 3953 9242 4819 9243 3953 9243 3948 9243 3945 9244 3934 9244 4829 9244 4829 9245 3934 9245 4814 9245 4829 9246 4814 9246 4896 9246 4896 9247 4814 9247 4816 9247 4896 9248 4816 9248 4864 9248 4864 9249 4816 9249 4828 9249 4864 9250 4828 9250 4862 9250 4862 9251 4828 9251 4827 9251 4862 9252 4827 9252 4860 9252 4860 9253 4827 9253 4825 9253 4860 9254 4825 9254 4867 9254 4867 9255 4825 9255 4826 9255 4867 9256 4826 9256 4880 9256 4880 9257 4826 9257 4821 9257 4880 9258 4821 9258 4877 9258 4877 9259 4821 9259 4822 9259 4877 9260 4822 9260 4871 9260 4871 9261 4822 9261 4823 9261 4871 9262 4823 9262 4873 9262 4873 9263 4823 9263 4824 9263 4873 9264 4824 9264 4884 9264 4884 9265 4824 9265 4906 9265 4884 9266 4906 9266 4886 9266 4886 9267 4906 9267 4905 9267 4886 9268 4905 9268 4781 9268 4781 9269 4905 9269 4783 9269 4907 9270 4908 9270 4909 9270 4910 9271 4907 9271 4911 9271 4911 9272 4907 9272 4909 9272 4911 9273 4909 9273 4912 9273 4910 9274 4911 9274 4913 9274 4913 9275 4911 9275 4914 9275 4913 9276 4914 9276 4915 9276 4914 9277 4916 9277 4915 9277 4915 9278 4916 9278 4917 9278 4915 9279 4917 9279 4918 9279 4918 9280 4917 9280 4919 9280 4918 9281 4919 9281 4920 9281 4919 9282 4921 9282 4920 9282 4920 9283 4921 9283 4922 9283 4920 9284 4922 9284 4923 9284 4923 9285 4922 9285 4924 9285 3956 9286 3958 9286 4924 9286 4924 9287 3958 9287 3959 9287 4924 9288 3959 9288 4923 9288 3982 9289 3957 9289 3980 9289 3980 9290 3957 9290 3989 9290 3980 9291 3989 9291 3978 9291 3978 9292 3989 9292 4033 9292 3978 9293 4033 9293 3976 9293 3976 9294 4033 9294 4027 9294 3976 9295 4027 9295 3974 9295 3974 9296 4027 9296 3997 9296 3974 9297 3997 9297 3972 9297 3972 9298 3997 9298 3994 9298 3972 9299 3994 9299 3970 9299 4925 9300 4926 9300 4927 9300 4928 9301 4908 9301 4907 9301 4929 9302 4930 9302 3966 9302 4926 9303 4931 9303 4927 9303 4927 9304 4931 9304 4932 9304 4927 9305 4932 9305 4933 9305 4907 9306 4910 9306 4928 9306 4928 9307 4910 9307 4913 9307 4928 9308 4913 9308 4915 9308 3994 9309 3990 9309 3970 9309 3970 9310 3990 9310 3985 9310 3970 9311 3985 9311 3968 9311 3968 9312 3985 9312 3984 9312 3968 9313 3984 9313 3966 9313 3966 9314 3984 9314 4934 9314 3966 9315 4934 9315 4929 9315 3964 9316 4935 9316 3962 9316 3962 9317 4935 9317 4936 9317 3962 9318 4936 9318 3960 9318 3960 9319 4936 9319 4928 9319 3960 9320 4928 9320 4918 9320 4918 9321 4928 9321 4915 9321 4918 9322 4920 9322 3960 9322 3960 9323 4920 9323 4923 9323 3960 9324 4923 9324 3982 9324 3982 9325 4923 9325 3959 9325 3982 9326 3959 9326 3957 9326 4930 9327 4925 9327 3966 9327 3966 9328 4925 9328 4927 9328 3966 9329 4927 9329 3964 9329 3964 9330 4927 9330 4937 9330 3964 9331 4937 9331 4935 9331 3987 9332 4938 9332 3986 9332 3986 9333 4938 9333 3984 9333 3984 9334 4938 9334 4934 9334 4934 9335 4938 9335 4939 9335 4934 9336 4939 9336 4929 9336 4929 9337 4939 9337 4940 9337 4929 9338 4940 9338 4930 9338 4930 9339 4940 9339 4941 9339 4930 9340 4941 9340 4925 9340 4941 9341 4942 9341 4925 9341 4925 9342 4942 9342 4943 9342 4925 9343 4943 9343 4926 9343 4926 9344 4943 9344 4944 9344 4926 9345 4944 9345 4931 9345 4945 9346 4946 9346 4947 9346 4947 9347 4946 9347 4948 9347 4944 9348 4949 9348 4931 9348 4931 9349 4949 9349 4947 9349 4931 9350 4947 9350 4932 9350 4932 9351 4947 9351 4948 9351 4932 9352 4948 9352 4933 9352 4950 9353 4951 9353 4952 9353 4953 9354 4954 9354 4955 9354 3988 9355 3956 9355 4924 9355 4032 9356 4031 9356 4956 9356 4956 9357 4031 9357 3988 9357 4957 9358 4035 9358 4034 9358 4035 9359 4957 9359 4036 9359 4036 9360 4957 9360 4958 9360 4036 9361 4958 9361 4037 9361 4038 9362 4955 9362 4039 9362 4039 9363 4955 9363 4959 9363 4039 9364 4959 9364 4025 9364 4025 9365 4959 9365 4960 9365 4019 9366 4018 9366 4961 9366 4961 9367 4018 9367 4030 9367 4961 9368 4030 9368 4960 9368 4960 9369 4030 9369 4026 9369 4960 9370 4026 9370 4025 9370 4019 9371 4961 9371 4021 9371 4021 9372 4961 9372 4962 9372 4021 9373 4962 9373 4013 9373 4013 9374 4962 9374 4963 9374 4013 9375 4963 9375 4014 9375 4964 9376 4009 9376 4963 9376 4963 9377 4009 9377 4024 9377 4963 9378 4024 9378 4014 9378 4952 9379 4951 9379 4965 9379 4017 9380 4008 9380 4951 9380 4951 9381 4008 9381 4007 9381 4951 9382 4007 9382 4965 9382 4965 9383 4007 9383 4006 9383 4965 9384 4006 9384 4964 9384 4964 9385 4006 9385 4010 9385 4964 9386 4010 9386 4009 9386 4017 9387 4951 9387 4015 9387 4015 9388 4951 9388 4950 9388 4015 9389 4950 9389 4016 9389 4966 9390 4967 9390 4028 9390 4968 9391 3998 9391 4967 9391 4967 9392 3998 9392 4029 9392 4967 9393 4029 9393 4028 9393 4969 9394 4002 9394 4968 9394 4968 9395 4002 9395 3999 9395 4968 9396 3999 9396 3998 9396 4970 9397 4000 9397 4969 9397 4969 9398 4000 9398 4001 9398 4969 9399 4001 9399 4002 9399 4971 9400 4972 9400 4973 9400 3993 9401 3992 9401 4973 9401 4973 9402 3992 9402 4005 9402 4973 9403 4005 9403 4971 9403 4971 9404 4005 9404 4004 9404 4971 9405 4004 9405 4970 9405 4970 9406 4004 9406 4003 9406 4970 9407 4003 9407 4000 9407 3991 9408 3996 9408 4974 9408 4974 9409 3996 9409 3995 9409 4945 9410 4947 9410 4975 9410 4975 9411 4947 9411 4976 9411 4975 9412 4976 9412 4977 9412 4947 9413 4949 9413 4976 9413 4976 9414 4949 9414 4978 9414 4976 9415 4978 9415 4979 9415 4980 9416 4981 9416 4979 9416 4979 9417 4981 9417 4982 9417 4983 9418 4984 9418 4985 9418 4985 9419 4984 9419 4986 9419 4987 9420 4988 9420 4989 9420 4989 9421 4988 9421 4984 9421 4989 9422 4984 9422 4990 9422 4990 9423 4984 9423 4983 9423 4987 9424 4991 9424 4988 9424 4988 9425 4991 9425 4992 9425 4988 9426 4992 9426 4993 9426 4982 9427 4994 9427 4979 9427 4979 9428 4994 9428 4995 9428 4979 9429 4995 9429 4976 9429 4976 9430 4995 9430 4996 9430 4976 9431 4996 9431 4977 9431 4997 9432 4998 9432 4999 9432 5000 9433 4999 9433 5001 9433 5001 9434 4999 9434 5002 9434 4997 9435 4999 9435 5003 9435 5003 9436 4999 9436 5000 9436 5003 9437 5000 9437 5004 9437 5004 9438 5000 9438 5005 9438 5004 9439 5005 9439 5006 9439 5006 9440 5005 9440 5007 9440 5007 9441 5005 9441 5008 9441 5007 9442 5008 9442 5009 9442 5009 9443 5008 9443 5010 9443 5010 9444 5008 9444 5011 9444 5010 9445 5011 9445 5012 9445 5012 9446 5011 9446 5013 9446 5013 9447 5011 9447 5014 9447 5013 9448 5014 9448 5015 9448 5016 9449 5017 9449 5018 9449 5018 9450 5017 9450 5019 9450 5018 9451 5019 9451 5020 9451 5019 9452 5021 9452 5020 9452 5020 9453 5021 9453 5022 9453 5020 9454 5022 9454 5014 9454 5014 9455 5022 9455 5023 9455 5014 9456 5023 9456 5015 9456 5024 9457 5025 9457 5026 9457 5026 9458 5027 9458 5024 9458 5024 9459 5027 9459 5028 9459 5024 9460 5028 9460 5018 9460 5018 9461 5028 9461 5029 9461 5018 9462 5029 9462 5016 9462 5030 9463 4954 9463 5031 9463 5031 9464 4954 9464 4953 9464 5031 9465 4953 9465 5032 9465 5032 9466 4953 9466 4956 9466 4038 9467 4037 9467 4955 9467 4955 9468 4037 9468 4958 9468 4955 9469 4958 9469 4953 9469 4953 9470 4958 9470 4957 9470 4953 9471 4957 9471 4956 9471 4956 9472 4957 9472 4034 9472 4956 9473 4034 9473 4032 9473 4972 9474 5033 9474 4973 9474 4973 9475 5033 9475 4974 9475 4973 9476 4974 9476 3993 9476 3993 9477 4974 9477 3995 9477 3987 9478 3991 9478 4938 9478 4938 9479 3991 9479 4974 9479 4938 9480 4974 9480 4939 9480 4939 9481 4974 9481 5033 9481 4939 9482 5033 9482 4940 9482 4940 9483 5033 9483 4941 9483 4949 9484 4944 9484 4978 9484 4978 9485 4944 9485 4943 9485 4978 9486 4943 9486 5034 9486 5034 9487 4943 9487 4942 9487 4966 9488 5035 9488 4967 9488 4967 9489 5035 9489 5036 9489 4967 9490 5036 9490 4968 9490 4968 9491 5036 9491 4986 9491 4968 9492 4986 9492 4969 9492 4969 9493 4986 9493 4984 9493 4969 9494 4984 9494 4970 9494 4970 9495 4984 9495 4988 9495 4970 9496 4988 9496 4971 9496 4971 9497 4988 9497 4993 9497 4971 9498 4993 9498 4972 9498 4972 9499 4993 9499 5037 9499 4992 9500 4980 9500 4993 9500 4993 9501 4980 9501 4979 9501 4993 9502 4979 9502 5037 9502 5037 9503 4979 9503 4978 9503 5037 9504 4978 9504 4972 9504 4972 9505 4978 9505 5034 9505 4972 9506 5034 9506 5033 9506 5033 9507 5034 9507 4942 9507 5033 9508 4942 9508 4941 9508 5038 9509 5039 9509 5025 9509 5025 9510 5039 9510 5040 9510 5025 9511 5040 9511 5026 9511 4917 9512 4916 9512 5025 9512 5025 9513 4916 9513 4914 9513 5025 9514 4914 9514 5038 9514 5038 9515 4914 9515 4911 9515 5038 9516 4911 9516 4912 9516 5002 9517 5041 9517 5001 9517 5001 9518 5041 9518 5042 9518 5001 9519 5042 9519 5035 9519 5035 9520 5042 9520 5043 9520 5035 9521 5043 9521 5036 9521 5036 9522 5043 9522 5044 9522 5036 9523 5044 9523 4986 9523 4986 9524 5044 9524 5045 9524 4986 9525 5045 9525 4985 9525 3988 9526 4924 9526 4956 9526 4956 9527 4924 9527 4922 9527 4956 9528 4922 9528 5032 9528 5032 9529 4922 9529 4921 9529 5032 9530 4921 9530 5031 9530 5031 9531 4921 9531 4919 9531 5031 9532 4919 9532 5030 9532 4919 9533 4917 9533 5030 9533 5030 9534 4917 9534 5025 9534 5030 9535 5025 9535 4954 9535 4954 9536 5025 9536 5024 9536 4954 9537 5024 9537 4955 9537 4955 9538 5024 9538 5018 9538 4955 9539 5018 9539 4959 9539 4959 9540 5018 9540 5020 9540 4959 9541 5020 9541 4960 9541 4960 9542 5020 9542 5014 9542 4960 9543 5014 9543 4961 9543 4961 9544 5014 9544 5011 9544 4961 9545 5011 9545 4962 9545 4962 9546 5011 9546 5008 9546 4962 9547 5008 9547 4963 9547 4963 9548 5008 9548 5005 9548 4963 9549 5005 9549 4964 9549 4964 9550 5005 9550 5000 9550 4964 9551 5000 9551 4965 9551 4965 9552 5000 9552 5001 9552 4965 9553 5001 9553 4952 9553 4952 9554 5001 9554 5035 9554 4952 9555 5035 9555 4950 9555 4950 9556 5035 9556 4966 9556 4950 9557 4966 9557 4016 9557 4016 9558 4966 9558 4028 9558 5046 9559 5047 9559 5048 9559 5048 9560 5047 9560 5049 9560 5050 9561 4041 9561 5051 9561 5051 9562 4041 9562 4048 9562 5051 9563 4048 9563 5052 9563 5052 9564 4048 9564 4049 9564 5052 9565 4049 9565 5053 9565 5053 9566 4049 9566 4050 9566 5053 9567 4050 9567 5054 9567 5054 9568 4050 9568 4052 9568 5054 9569 4052 9569 5055 9569 5055 9570 4052 9570 4051 9570 5055 9571 4051 9571 5056 9571 5056 9572 4051 9572 4047 9572 5056 9573 4047 9573 5057 9573 5057 9574 4047 9574 4046 9574 5057 9575 4046 9575 5058 9575 5058 9576 4046 9576 4045 9576 5058 9577 4045 9577 5059 9577 5059 9578 4045 9578 4044 9578 5059 9579 4044 9579 5060 9579 5060 9580 4044 9580 4043 9580 5060 9581 4043 9581 5061 9581 5061 9582 4043 9582 4042 9582 5061 9583 4042 9583 5050 9583 5050 9584 4042 9584 4041 9584 5062 9585 5063 9585 5064 9585 5064 9586 5063 9586 5065 9586 5066 9587 5067 9587 5046 9587 5046 9588 5067 9588 5047 9588 5063 9589 5068 9589 5065 9589 5065 9590 5068 9590 5069 9590 5070 9591 5071 9591 5072 9591 5072 9592 5071 9592 5073 9592 5072 9593 5073 9593 5068 9593 5068 9594 5073 9594 5074 9594 5068 9595 5074 9595 5069 9595 5075 9596 5076 9596 5077 9596 5077 9597 5078 9597 5075 9597 5075 9598 5078 9598 5079 9598 5075 9599 5079 9599 5080 9599 5080 9600 5081 9600 5075 9600 5075 9601 5081 9601 5082 9601 5075 9602 5082 9602 5072 9602 5072 9603 5082 9603 5083 9603 5072 9604 5083 9604 5070 9604 5084 9605 5085 9605 5086 9605 5086 9606 5085 9606 5087 9606 5086 9607 5087 9607 5088 9607 5087 9608 5089 9608 5088 9608 5088 9609 5089 9609 5090 9609 5088 9610 5090 9610 5091 9610 5090 9611 5092 9611 5091 9611 5091 9612 5092 9612 5093 9612 5091 9613 5093 9613 5094 9613 5095 9614 5096 9614 5097 9614 5097 9615 5096 9615 5098 9615 5097 9616 5098 9616 5099 9616 5099 9617 5098 9617 5100 9617 5099 9618 5101 9618 5097 9618 5097 9619 5101 9619 5094 9619 5097 9620 5094 9620 5095 9620 5095 9621 5094 9621 5093 9621 5102 9622 5103 9622 5104 9622 5104 9623 5105 9623 5102 9623 5102 9624 5105 9624 5106 9624 5102 9625 5106 9625 5107 9625 5101 9626 5108 9626 5094 9626 5094 9627 5108 9627 5109 9627 5094 9628 5109 9628 5091 9628 5091 9629 5109 9629 5110 9629 5091 9630 5110 9630 5088 9630 5088 9631 5110 9631 5076 9631 5088 9632 5076 9632 5086 9632 5086 9633 5076 9633 5075 9633 5086 9634 5075 9634 5084 9634 5084 9635 5075 9635 5102 9635 5084 9636 5102 9636 5111 9636 5111 9637 5102 9637 5107 9637 5066 9638 5112 9638 5067 9638 5067 9639 5112 9639 5113 9639 5067 9640 5113 9640 5103 9640 5103 9641 5113 9641 5114 9641 5103 9642 5114 9642 5115 9642 5115 9643 5116 9643 5103 9643 5103 9644 5116 9644 5117 9644 5103 9645 5117 9645 5104 9645 5118 9646 5119 9646 5120 9646 5120 9647 5119 9647 5121 9647 5122 9648 4065 9648 5123 9648 5123 9649 4065 9649 4040 9649 5123 9650 4040 9650 5124 9650 5124 9651 4040 9651 4062 9651 5124 9652 4062 9652 5125 9652 5125 9653 4062 9653 4061 9653 5125 9654 4061 9654 5126 9654 5126 9655 4061 9655 4060 9655 5126 9656 4060 9656 5127 9656 5127 9657 4060 9657 4059 9657 5127 9658 4059 9658 5128 9658 5128 9659 4059 9659 4055 9659 5128 9660 4055 9660 5129 9660 5129 9661 4055 9661 4058 9661 5129 9662 4058 9662 5130 9662 5130 9663 4058 9663 4057 9663 5130 9664 4057 9664 5131 9664 5131 9665 4057 9665 4056 9665 5131 9666 4056 9666 5132 9666 5132 9667 4056 9667 4063 9667 5132 9668 4063 9668 5133 9668 5133 9669 4063 9669 4064 9669 5133 9670 4064 9670 5122 9670 5122 9671 4064 9671 4065 9671 5134 9672 5135 9672 5136 9672 5136 9673 5135 9673 5137 9673 5138 9674 5139 9674 5118 9674 5118 9675 5139 9675 5119 9675 5135 9676 5140 9676 5137 9676 5137 9677 5140 9677 5141 9677 5142 9678 5143 9678 5144 9678 5144 9679 5143 9679 5145 9679 5144 9680 5145 9680 5140 9680 5140 9681 5145 9681 5146 9681 5140 9682 5146 9682 5141 9682 5147 9683 5148 9683 5144 9683 5144 9684 5148 9684 5149 9684 5144 9685 5149 9685 5142 9685 5147 9686 5150 9686 5151 9686 5151 9687 5150 9687 5152 9687 5151 9688 5152 9688 5153 9688 5153 9689 5154 9689 5151 9689 5151 9690 5154 9690 5155 9690 5151 9691 5155 9691 5147 9691 5147 9692 5155 9692 5156 9692 5147 9693 5156 9693 5148 9693 5157 9694 5158 9694 5159 9694 5157 9695 5159 9695 5160 9695 5161 9696 5162 9696 5159 9696 5159 9697 5162 9697 5163 9697 5159 9698 5163 9698 5160 9698 5158 9699 5164 9699 5159 9699 5159 9700 5164 9700 5165 9700 5159 9701 5165 9701 5166 9701 5167 9702 5168 9702 5169 9702 5169 9703 5168 9703 5170 9703 5170 9704 5168 9704 5171 9704 5171 9705 5168 9705 5150 9705 5171 9706 5150 9706 5172 9706 5172 9707 5150 9707 5147 9707 5172 9708 5147 9708 5173 9708 5161 9709 5159 9709 5167 9709 5167 9710 5159 9710 5166 9710 5167 9711 5166 9711 5168 9711 5168 9712 5166 9712 5174 9712 5168 9713 5174 9713 5150 9713 5173 9714 5175 9714 5176 9714 5176 9715 5177 9715 5173 9715 5173 9716 5177 9716 5178 9716 5173 9717 5178 9717 5179 9717 5179 9718 5180 9718 5173 9718 5173 9719 5180 9719 5181 9719 5173 9720 5181 9720 5172 9720 5138 9721 5182 9721 5139 9721 5139 9722 5182 9722 5183 9722 5139 9723 5183 9723 5175 9723 5175 9724 5183 9724 5184 9724 5175 9725 5184 9725 5185 9725 5185 9726 5186 9726 5175 9726 5175 9727 5186 9727 5187 9727 5175 9728 5187 9728 5176 9728 5188 9729 5189 9729 5190 9729 5191 9730 5192 9730 5193 9730 5194 9731 5195 9731 5196 9731 5197 9732 5198 9732 5199 9732 5200 9733 5201 9733 5202 9733 5203 9734 5204 9734 5205 9734 5206 9735 5207 9735 5208 9735 5209 9736 5210 9736 5211 9736 4174 9737 4173 9737 5212 9737 4170 9738 4171 9738 5208 9738 4215 9739 4216 9739 5193 9739 4223 9740 5213 9740 5190 9740 4237 9741 4236 9741 5214 9741 5214 9742 4236 9742 4254 9742 5214 9743 4254 9743 5215 9743 5215 9744 4254 9744 4253 9744 4236 9745 4235 9745 4254 9745 4254 9746 4235 9746 4234 9746 4254 9747 4234 9747 4255 9747 4255 9748 4234 9748 4239 9748 3846 9749 4250 9749 4239 9749 4239 9750 4250 9750 4256 9750 4239 9751 4256 9751 4255 9751 4237 9752 5214 9752 4238 9752 4238 9753 5214 9753 5216 9753 4238 9754 5216 9754 4228 9754 4228 9755 5216 9755 5217 9755 4228 9756 5217 9756 4229 9756 5218 9757 4231 9757 5217 9757 5217 9758 4231 9758 4230 9758 5217 9759 4230 9759 4229 9759 4223 9760 4222 9760 5213 9760 5213 9761 4222 9761 4233 9761 5213 9762 4233 9762 5218 9762 5218 9763 4233 9763 4232 9763 5218 9764 4232 9764 4231 9764 4227 9765 4226 9765 5219 9765 5219 9766 4226 9766 4225 9766 5219 9767 4225 9767 5190 9767 5190 9768 4225 9768 4224 9768 5190 9769 4224 9769 4223 9769 5193 9770 4216 9770 5219 9770 5219 9771 4216 9771 4217 9771 5219 9772 4217 9772 4227 9772 4215 9773 5193 9773 4214 9773 4214 9774 5193 9774 5196 9774 4214 9775 5196 9775 4218 9775 4218 9776 5196 9776 5220 9776 4218 9777 5220 9777 4219 9777 5221 9778 4221 9778 5220 9778 5220 9779 4221 9779 4220 9779 5220 9780 4220 9780 4219 9780 4067 9781 4066 9781 5222 9781 5222 9782 4066 9782 4213 9782 5222 9783 4213 9783 5221 9783 5221 9784 4213 9784 4212 9784 5221 9785 4212 9785 4221 9785 5223 9786 4208 9786 4067 9786 4208 9787 5223 9787 4207 9787 4207 9788 5223 9788 5224 9788 4207 9789 5224 9789 4206 9789 5225 9790 4211 9790 4210 9790 5225 9791 4210 9791 5224 9791 5224 9792 4210 9792 4209 9792 5224 9793 4209 9793 4206 9793 4205 9794 4204 9794 5199 9794 5199 9795 4204 9795 4203 9795 5199 9796 4203 9796 5225 9796 5225 9797 4203 9797 4202 9797 5225 9798 4202 9798 4211 9798 5226 9799 4196 9799 5227 9799 5227 9800 4196 9800 4197 9800 5227 9801 4197 9801 4205 9801 4200 9802 4199 9802 5228 9802 5228 9803 4199 9803 4198 9803 5228 9804 4198 9804 5226 9804 5226 9805 4198 9805 4195 9805 5226 9806 4195 9806 4196 9806 4200 9807 5228 9807 4201 9807 4201 9808 5228 9808 5229 9808 4201 9809 5229 9809 4193 9809 4193 9810 5229 9810 5202 9810 4193 9811 5202 9811 4194 9811 5205 9812 4188 9812 4187 9812 5205 9813 4187 9813 5202 9813 5202 9814 4187 9814 4186 9814 5202 9815 4186 9815 4194 9815 4188 9816 5205 9816 4189 9816 4189 9817 5205 9817 5230 9817 4189 9818 5230 9818 4190 9818 5231 9819 4192 9819 5230 9819 5230 9820 4192 9820 4191 9820 5230 9821 4191 9821 4190 9821 4182 9822 4183 9822 5232 9822 5232 9823 4183 9823 4184 9823 5232 9824 4184 9824 5231 9824 5231 9825 4184 9825 4185 9825 5231 9826 4185 9826 4192 9826 5233 9827 4177 9827 4182 9827 5234 9828 4180 9828 5235 9828 5235 9829 4180 9829 4179 9829 5235 9830 4179 9830 5233 9830 5233 9831 4179 9831 4178 9831 5233 9832 4178 9832 4177 9832 4171 9833 4175 9833 5208 9833 5208 9834 4175 9834 4176 9834 5208 9835 4176 9835 5234 9835 5234 9836 4176 9836 4181 9836 5234 9837 4181 9837 4180 9837 5236 9838 4169 9838 4170 9838 5212 9839 4173 9839 5236 9839 5236 9840 4173 9840 4172 9840 5236 9841 4172 9841 4169 9841 4174 9842 5212 9842 4165 9842 4165 9843 5212 9843 5211 9843 4165 9844 5211 9844 4166 9844 4166 9845 5211 9845 4167 9845 4167 9846 5211 9846 5237 9846 4167 9847 5237 9847 4168 9847 4168 9848 5237 9848 4159 9848 4159 9849 5237 9849 5238 9849 4159 9850 5238 9850 4160 9850 4164 9851 4163 9851 5239 9851 5239 9852 4163 9852 4162 9852 5239 9853 4162 9853 5238 9853 5238 9854 4162 9854 4161 9854 5238 9855 4161 9855 4160 9855 5240 9856 4154 9856 5241 9856 5241 9857 4154 9857 4153 9857 5241 9858 4153 9858 4164 9858 5242 9859 4156 9859 5240 9859 5240 9860 4156 9860 4155 9860 5240 9861 4155 9861 4154 9861 4151 9862 4158 9862 5242 9862 5242 9863 4158 9863 4157 9863 5242 9864 4157 9864 4156 9864 5243 9865 4433 9865 4582 9865 4151 9866 5242 9866 4152 9866 4152 9867 5242 9867 5244 9867 4152 9868 5244 9868 4149 9868 4149 9869 5244 9869 5243 9869 4149 9870 5243 9870 4150 9870 4150 9871 5243 9871 4582 9871 4150 9872 4582 9872 4145 9872 4433 9873 5243 9873 4434 9873 4434 9874 5243 9874 5245 9874 4434 9875 5245 9875 4581 9875 5246 9876 5247 9876 5244 9876 5244 9877 5247 9877 5248 9877 5244 9878 5248 9878 5243 9878 5243 9879 5248 9879 5249 9879 5243 9880 5249 9880 5245 9880 5246 9881 5244 9881 5250 9881 5250 9882 5244 9882 5242 9882 5250 9883 5242 9883 5251 9883 5251 9884 5242 9884 5252 9884 5252 9885 5242 9885 5240 9885 5252 9886 5240 9886 5253 9886 5254 9887 5255 9887 5241 9887 5241 9888 5255 9888 5256 9888 5241 9889 5256 9889 5240 9889 5240 9890 5256 9890 5257 9890 5240 9891 5257 9891 5253 9891 4164 9892 5239 9892 5241 9892 5241 9893 5239 9893 5258 9893 5241 9894 5258 9894 5254 9894 5259 9895 5260 9895 5238 9895 5238 9896 5260 9896 5261 9896 5238 9897 5261 9897 5239 9897 5239 9898 5261 9898 5262 9898 5239 9899 5262 9899 5258 9899 5259 9900 5238 9900 5263 9900 5263 9901 5238 9901 5237 9901 5263 9902 5237 9902 5264 9902 5211 9903 5210 9903 5237 9903 5237 9904 5210 9904 5265 9904 5237 9905 5265 9905 5264 9905 5209 9906 5211 9906 5266 9906 5266 9907 5211 9907 5212 9907 5266 9908 5212 9908 5267 9908 4170 9909 5208 9909 5236 9909 5236 9910 5208 9910 5207 9910 5236 9911 5207 9911 5268 9911 5268 9912 5269 9912 5236 9912 5236 9913 5269 9913 5270 9913 5236 9914 5270 9914 5212 9914 5212 9915 5270 9915 5271 9915 5212 9916 5271 9916 5267 9916 5206 9917 5208 9917 5272 9917 5272 9918 5208 9918 5234 9918 5272 9919 5234 9919 5273 9919 5273 9920 5234 9920 5274 9920 5274 9921 5234 9921 5235 9921 5274 9922 5235 9922 5275 9922 5276 9923 5277 9923 5233 9923 5233 9924 5277 9924 5278 9924 5233 9925 5278 9925 5235 9925 5235 9926 5278 9926 5279 9926 5235 9927 5279 9927 5275 9927 4182 9928 5232 9928 5233 9928 5233 9929 5232 9929 5280 9929 5233 9930 5280 9930 5276 9930 5281 9931 5282 9931 5231 9931 5231 9932 5282 9932 5283 9932 5231 9933 5283 9933 5232 9933 5232 9934 5283 9934 5284 9934 5232 9935 5284 9935 5280 9935 5281 9936 5231 9936 5285 9936 5285 9937 5231 9937 5230 9937 5285 9938 5230 9938 5286 9938 5205 9939 5204 9939 5230 9939 5230 9940 5204 9940 5287 9940 5230 9941 5287 9941 5286 9941 5202 9942 5201 9942 5205 9942 5205 9943 5201 9943 5288 9943 5205 9944 5288 9944 5203 9944 5200 9945 5202 9945 5289 9945 5289 9946 5202 9946 5229 9946 5289 9947 5229 9947 5290 9947 5291 9948 5292 9948 5228 9948 5228 9949 5292 9949 5293 9949 5228 9950 5293 9950 5229 9950 5229 9951 5293 9951 5294 9951 5229 9952 5294 9952 5290 9952 5291 9953 5228 9953 5295 9953 5295 9954 5228 9954 5226 9954 5295 9955 5226 9955 5296 9955 4205 9956 5199 9956 5227 9956 5227 9957 5199 9957 5198 9957 5227 9958 5198 9958 5297 9958 5297 9959 5298 9959 5227 9959 5227 9960 5298 9960 5299 9960 5227 9961 5299 9961 5226 9961 5226 9962 5299 9962 5300 9962 5226 9963 5300 9963 5296 9963 5197 9964 5199 9964 5301 9964 5301 9965 5199 9965 5225 9965 5301 9966 5225 9966 5302 9966 5302 9967 5225 9967 5303 9967 5303 9968 5225 9968 5224 9968 5303 9969 5224 9969 5304 9969 5305 9970 5306 9970 5223 9970 5223 9971 5306 9971 5307 9971 5223 9972 5307 9972 5224 9972 5224 9973 5307 9973 5308 9973 5224 9974 5308 9974 5304 9974 4067 9975 5222 9975 5223 9975 5223 9976 5222 9976 5309 9976 5223 9977 5309 9977 5305 9977 5310 9978 5311 9978 5220 9978 5220 9979 5311 9979 5312 9979 5220 9980 5312 9980 5221 9980 5221 9981 5312 9981 5313 9981 5221 9982 5313 9982 5222 9982 5222 9983 5313 9983 5314 9983 5222 9984 5314 9984 5309 9984 5196 9985 5195 9985 5220 9985 5220 9986 5195 9986 5315 9986 5220 9987 5315 9987 5310 9987 5193 9988 5192 9988 5196 9988 5196 9989 5192 9989 5316 9989 5196 9990 5316 9990 5194 9990 5191 9991 5193 9991 5317 9991 5317 9992 5193 9992 5219 9992 5317 9993 5219 9993 5318 9993 5190 9994 5189 9994 5219 9994 5219 9995 5189 9995 5319 9995 5219 9996 5319 9996 5318 9996 5188 9997 5190 9997 5320 9997 5320 9998 5190 9998 5213 9998 5320 9999 5213 9999 5321 9999 5321 10000 5213 10000 5322 10000 5322 10001 5213 10001 5218 10001 5322 10002 5218 10002 5323 10002 5324 10003 5325 10003 5217 10003 5217 10004 5325 10004 5326 10004 5217 10005 5326 10005 5218 10005 5218 10006 5326 10006 5327 10006 5218 10007 5327 10007 5323 10007 5324 10008 5217 10008 5328 10008 5328 10009 5217 10009 5216 10009 5328 10010 5216 10010 5329 10010 5215 10011 5330 10011 5214 10011 5214 10012 5330 10012 5331 10012 5214 10013 5331 10013 5216 10013 5216 10014 5331 10014 5332 10014 5216 10015 5332 10015 5329 10015 4274 10016 4279 10016 4395 10016 4252 10017 4251 10017 5333 10017 4253 10018 4252 10018 5334 10018 5334 10019 4252 10019 5335 10019 5336 10020 5337 10020 5338 10020 5338 10021 5337 10021 5339 10021 5338 10022 5339 10022 5335 10022 5335 10023 5339 10023 5340 10023 5335 10024 5340 10024 5334 10024 5341 10025 5342 10025 5343 10025 5335 10026 4252 10026 5333 10026 5335 10027 5333 10027 5338 10027 5338 10028 5333 10028 5344 10028 5338 10029 5344 10029 5336 10029 5336 10030 5344 10030 5345 10030 5336 10031 5345 10031 5346 10031 5346 10032 5345 10032 5347 10032 5346 10033 5347 10033 5348 10033 5348 10034 5347 10034 5349 10034 5348 10035 5349 10035 5350 10035 5351 10036 5352 10036 5343 10036 5343 10037 5352 10037 5350 10037 5343 10038 5350 10038 5341 10038 5341 10039 5350 10039 5349 10039 5353 10040 5348 10040 5354 10040 5354 10041 5348 10041 5350 10041 5354 10042 5350 10042 5355 10042 5355 10043 5350 10043 5352 10043 5356 10044 4272 10044 4271 10044 5356 10045 4271 10045 5357 10045 4271 10046 4270 10046 5357 10046 5357 10047 4270 10047 4269 10047 5357 10048 4269 10048 5358 10048 5358 10049 4269 10049 4268 10049 4268 10050 4267 10050 5358 10050 5358 10051 4267 10051 4276 10051 5358 10052 4276 10052 5359 10052 5359 10053 4276 10053 4275 10053 4244 10054 4261 10054 4245 10054 4245 10055 4261 10055 4257 10055 4265 10056 5360 10056 4266 10056 4266 10057 5360 10057 5361 10057 4266 10058 5361 10058 4260 10058 4261 10059 4260 10059 4257 10059 4257 10060 4260 10060 5361 10060 4257 10061 5361 10061 4240 10061 4240 10062 5361 10062 4241 10062 4265 10063 4264 10063 5360 10063 5360 10064 4264 10064 4262 10064 5360 10065 4262 10065 5362 10065 5362 10066 4262 10066 4263 10066 5362 10067 4263 10067 5356 10067 5356 10068 4263 10068 4273 10068 5356 10069 4273 10069 4272 10069 5351 10070 5343 10070 5363 10070 5363 10071 5343 10071 4406 10071 5363 10072 4406 10072 4415 10072 5353 10073 5364 10073 5348 10073 5348 10074 5364 10074 5365 10074 5348 10075 5365 10075 5346 10075 5346 10076 5365 10076 5366 10076 5346 10077 5366 10077 5336 10077 5336 10078 5366 10078 5367 10078 5336 10079 5367 10079 5337 10079 4395 10080 4394 10080 5342 10080 5342 10081 4394 10081 4404 10081 5342 10082 4404 10082 5343 10082 5343 10083 4404 10083 4403 10083 5343 10084 4403 10084 4406 10084 4251 10085 4241 10085 5333 10085 5333 10086 4241 10086 5361 10086 5333 10087 5361 10087 5344 10087 5344 10088 5361 10088 5360 10088 5344 10089 5360 10089 5345 10089 5345 10090 5360 10090 5362 10090 5345 10091 5362 10091 5347 10091 5347 10092 5362 10092 5356 10092 5347 10093 5356 10093 5349 10093 5349 10094 5356 10094 5357 10094 5349 10095 5357 10095 5341 10095 5341 10096 5357 10096 5358 10096 5341 10097 5358 10097 5342 10097 5342 10098 5358 10098 5359 10098 5342 10099 5359 10099 4395 10099 4395 10100 5359 10100 4275 10100 4395 10101 4275 10101 4274 10101 5368 10102 5369 10102 4355 10102 5370 10103 5371 10103 5372 10103 5373 10104 5374 10104 5375 10104 5376 10105 5377 10105 4354 10105 5378 10106 5369 10106 5379 10106 5379 10107 5369 10107 5368 10107 5379 10108 5368 10108 5380 10108 5380 10109 5368 10109 5381 10109 5380 10110 5381 10110 5382 10110 5382 10111 5381 10111 5377 10111 5382 10112 5377 10112 5383 10112 5383 10113 5377 10113 5376 10113 5383 10114 5376 10114 5384 10114 5385 10115 5386 10115 5387 10115 5387 10116 5386 10116 5388 10116 5387 10117 5388 10117 5389 10117 5389 10118 5388 10118 5390 10118 5389 10119 5390 10119 5391 10119 5391 10120 5390 10120 5392 10120 5391 10121 5392 10121 5393 10121 5393 10122 5392 10122 5394 10122 5393 10123 5394 10123 5395 10123 5396 10124 5397 10124 4336 10124 5395 10125 5394 10125 5398 10125 5398 10126 5394 10126 5399 10126 5398 10127 5399 10127 5400 10127 5400 10128 5399 10128 5401 10128 5400 10129 5401 10129 5402 10129 5402 10130 5401 10130 5397 10130 5402 10131 5397 10131 5403 10131 5403 10132 5397 10132 5396 10132 5403 10133 5396 10133 5404 10133 5405 10134 5406 10134 5407 10134 5407 10135 5406 10135 5408 10135 5407 10136 5408 10136 5409 10136 5410 10137 5411 10137 5412 10137 5412 10138 5411 10138 5413 10138 5412 10139 5413 10139 5414 10139 5415 10140 5416 10140 4375 10140 5417 10141 5418 10141 5419 10141 5417 10142 5419 10142 5420 10142 5420 10143 5419 10143 5421 10143 5420 10144 5421 10144 5422 10144 5423 10145 4752 10145 4753 10145 5424 10146 5425 10146 5426 10146 5426 10147 5425 10147 5427 10147 5424 10148 5428 10148 5425 10148 5425 10149 5428 10149 5429 10149 5425 10150 5429 10150 5430 10150 5430 10151 5429 10151 5431 10151 5432 10152 5433 10152 5434 10152 5432 10153 5435 10153 5433 10153 5433 10154 5435 10154 5436 10154 5433 10155 5436 10155 5427 10155 5427 10156 5436 10156 5437 10156 5427 10157 5437 10157 5426 10157 5438 10158 5439 10158 5440 10158 5438 10159 5440 10159 5441 10159 5440 10160 5442 10160 5441 10160 5441 10161 5442 10161 5443 10161 5441 10162 5443 10162 5434 10162 5434 10163 5443 10163 5444 10163 5434 10164 5444 10164 5432 10164 5445 10165 5446 10165 5438 10165 5438 10166 5446 10166 5447 10166 5438 10167 5447 10167 5439 10167 5448 10168 5449 10168 5445 10168 5445 10169 5449 10169 5450 10169 5445 10170 5450 10170 5446 10170 5451 10171 5452 10171 5448 10171 5448 10172 5452 10172 5453 10172 5448 10173 5453 10173 5449 10173 5454 10174 5455 10174 5456 10174 5454 10175 5457 10175 5455 10175 5455 10176 5457 10176 5458 10176 5455 10177 5458 10177 5451 10177 5459 10178 5460 10178 5461 10178 5461 10179 5460 10179 5462 10179 5459 10180 5463 10180 5460 10180 5460 10181 5463 10181 5464 10181 5460 10182 5464 10182 5456 10182 5456 10183 5464 10183 5465 10183 5456 10184 5465 10184 5454 10184 5466 10185 5467 10185 5468 10185 5466 10186 5469 10186 5467 10186 5467 10187 5469 10187 5470 10187 5467 10188 5470 10188 5462 10188 5462 10189 5470 10189 5471 10189 5462 10190 5471 10190 5461 10190 5472 10191 5473 10191 5474 10191 5474 10192 5473 10192 5475 10192 5474 10193 5476 10193 5472 10193 5472 10194 5476 10194 5477 10194 5472 10195 5477 10195 5468 10195 5468 10196 5477 10196 5478 10196 5468 10197 5478 10197 5466 10197 5479 10198 5480 10198 5473 10198 5473 10199 5480 10199 5481 10199 5473 10200 5481 10200 5475 10200 5371 10201 5482 10201 5372 10201 5372 10202 5482 10202 5483 10202 5372 10203 5483 10203 5479 10203 5479 10204 5483 10204 5484 10204 5479 10205 5484 10205 5480 10205 5485 10206 5486 10206 5370 10206 5487 10207 5488 10207 5485 10207 5485 10208 5488 10208 5489 10208 5485 10209 5489 10209 5486 10209 5490 10210 5491 10210 5492 10210 5492 10211 5491 10211 5493 10211 5493 10212 5494 10212 5492 10212 5492 10213 5494 10213 5495 10213 5492 10214 5495 10214 5496 10214 5496 10215 5495 10215 5497 10215 5496 10216 5497 10216 5487 10216 5498 10217 5499 10217 5500 10217 5498 10218 5501 10218 5499 10218 5499 10219 5501 10219 5502 10219 5499 10220 5502 10220 5490 10220 5490 10221 5502 10221 5503 10221 5490 10222 5503 10222 5491 10222 5504 10223 5505 10223 5506 10223 5504 10224 5507 10224 5505 10224 5505 10225 5507 10225 5508 10225 5505 10226 5508 10226 5500 10226 5500 10227 5508 10227 5509 10227 5500 10228 5509 10228 5498 10228 5510 10229 5511 10229 5512 10229 5512 10230 5511 10230 5513 10230 5513 10231 5514 10231 5512 10231 5512 10232 5514 10232 5515 10232 5512 10233 5515 10233 5506 10233 5506 10234 5515 10234 5516 10234 5506 10235 5516 10235 5504 10235 5517 10236 5518 10236 5519 10236 5519 10237 5518 10237 5520 10237 5519 10238 5520 10238 5510 10238 5510 10239 5520 10239 5521 10239 5510 10240 5521 10240 5511 10240 5522 10241 5523 10241 5519 10241 5519 10242 5523 10242 5524 10242 5519 10243 5524 10243 5517 10243 5525 10244 5522 10244 5526 10244 5525 10245 5527 10245 5522 10245 5522 10246 5527 10246 5528 10246 5522 10247 5528 10247 5523 10247 4759 10248 5529 10248 4760 10248 4760 10249 5529 10249 5530 10249 4760 10250 5530 10250 5526 10250 5526 10251 5530 10251 5531 10251 5526 10252 5531 10252 5525 10252 4356 10253 4355 10253 4758 10253 4758 10254 4355 10254 5369 10254 4758 10255 5369 10255 4639 10255 4639 10256 5369 10256 5378 10256 4639 10257 5378 10257 4640 10257 4355 10258 4319 10258 5368 10258 5368 10259 4319 10259 4318 10259 5368 10260 4318 10260 5381 10260 5381 10261 4318 10261 4317 10261 5381 10262 4317 10262 5377 10262 5377 10263 4317 10263 4353 10263 5377 10264 4353 10264 4354 10264 4340 10265 4366 10265 5385 10265 5385 10266 4366 10266 4316 10266 5385 10267 4316 10267 5386 10267 5386 10268 4316 10268 4314 10268 5386 10269 4314 10269 5388 10269 5388 10270 4314 10270 4313 10270 4313 10271 4295 10271 5388 10271 5388 10272 4295 10272 4293 10272 5388 10273 4293 10273 5390 10273 5390 10274 4293 10274 4305 10274 5390 10275 4305 10275 5392 10275 5392 10276 4305 10276 4304 10276 5392 10277 4304 10277 5394 10277 5394 10278 4304 10278 4303 10278 5394 10279 4303 10279 5399 10279 4303 10280 4302 10280 5399 10280 5399 10281 4302 10281 4301 10281 5399 10282 4301 10282 5401 10282 5401 10283 4301 10283 4300 10283 5401 10284 4300 10284 5397 10284 5397 10285 4300 10285 4337 10285 5397 10286 4337 10286 4336 10286 4335 10287 4334 10287 5405 10287 5405 10288 4334 10288 4333 10288 5405 10289 4333 10289 5406 10289 5413 10290 5409 10290 5414 10290 5414 10291 5409 10291 5408 10291 5414 10292 5408 10292 4329 10292 4333 10293 4332 10293 5406 10293 5406 10294 4332 10294 4331 10294 5406 10295 4331 10295 5408 10295 5408 10296 4331 10296 4330 10296 5408 10297 4330 10297 4329 10297 4329 10298 4380 10298 5414 10298 5414 10299 4380 10299 4379 10299 5414 10300 4379 10300 5412 10300 5412 10301 4379 10301 4378 10301 5412 10302 4378 10302 5410 10302 4378 10303 4391 10303 5410 10303 5410 10304 4391 10304 4390 10304 5410 10305 4390 10305 5532 10305 5532 10306 4390 10306 4389 10306 5532 10307 4389 10307 5533 10307 5533 10308 4389 10308 4388 10308 5533 10309 4388 10309 5534 10309 5534 10310 4388 10310 4387 10310 5534 10311 4387 10311 5535 10311 5535 10312 4387 10312 4377 10312 5535 10313 4377 10313 5416 10313 5416 10314 4377 10314 4376 10314 5416 10315 4376 10315 4375 10315 5417 10316 5375 10316 5418 10316 5418 10317 5375 10317 5374 10317 5418 10318 5374 10318 4327 10318 4352 10319 4351 10319 5373 10319 5373 10320 4351 10320 4350 10320 5373 10321 4350 10321 5374 10321 5374 10322 4350 10322 4328 10322 5374 10323 4328 10323 4327 10323 4374 10324 5421 10324 4296 10324 4296 10325 5421 10325 5419 10325 4296 10326 5419 10326 4297 10326 4297 10327 5419 10327 5418 10327 4297 10328 5418 10328 4349 10328 4349 10329 5418 10329 4327 10329 4373 10330 4348 10330 5423 10330 5423 10331 4348 10331 4751 10331 5423 10332 4751 10332 4752 10332 5431 10333 4746 10333 5430 10333 5430 10334 4746 10334 4748 10334 5430 10335 4748 10335 4770 10335 4770 10336 4640 10336 5430 10336 5430 10337 4640 10337 5378 10337 5430 10338 5378 10338 5425 10338 5425 10339 5378 10339 5379 10339 5425 10340 5379 10340 5427 10340 5427 10341 5379 10341 5380 10341 5427 10342 5380 10342 5433 10342 5433 10343 5380 10343 5382 10343 5433 10344 5382 10344 5434 10344 5434 10345 5382 10345 5383 10345 5434 10346 5383 10346 5441 10346 5441 10347 5383 10347 5384 10347 5441 10348 5384 10348 5438 10348 5393 10349 5448 10349 5391 10349 5391 10350 5448 10350 5445 10350 5391 10351 5445 10351 5389 10351 5389 10352 5445 10352 5438 10352 5389 10353 5438 10353 5387 10353 5387 10354 5438 10354 5384 10354 5387 10355 5384 10355 5385 10355 5385 10356 5384 10356 5376 10356 5385 10357 5376 10357 4340 10357 4340 10358 5376 10358 4354 10358 5451 10359 5448 10359 5455 10359 5455 10360 5448 10360 5393 10360 5455 10361 5393 10361 5456 10361 5456 10362 5393 10362 5395 10362 5456 10363 5395 10363 5460 10363 5460 10364 5395 10364 5398 10364 5460 10365 5398 10365 5462 10365 5462 10366 5398 10366 5400 10366 5462 10367 5400 10367 5467 10367 5467 10368 5400 10368 5402 10368 5467 10369 5402 10369 5468 10369 5468 10370 5402 10370 5403 10370 5468 10371 5403 10371 5472 10371 5472 10372 5403 10372 5404 10372 5472 10373 5404 10373 5473 10373 5411 10374 5372 10374 5413 10374 5413 10375 5372 10375 5479 10375 5413 10376 5479 10376 5409 10376 5409 10377 5479 10377 5473 10377 5409 10378 5473 10378 5407 10378 5407 10379 5473 10379 5404 10379 5407 10380 5404 10380 5405 10380 5405 10381 5404 10381 5396 10381 5405 10382 5396 10382 4335 10382 4335 10383 5396 10383 4336 10383 5370 10384 5372 10384 5485 10384 5485 10385 5372 10385 5411 10385 5485 10386 5411 10386 5536 10386 5536 10387 5411 10387 5410 10387 5536 10388 5410 10388 5537 10388 5537 10389 5410 10389 5532 10389 5537 10390 5532 10390 5538 10390 5538 10391 5532 10391 5533 10391 5538 10392 5533 10392 5539 10392 5539 10393 5533 10393 5534 10393 5539 10394 5534 10394 5540 10394 5540 10395 5534 10395 5535 10395 5540 10396 5535 10396 5541 10396 5541 10397 5535 10397 5416 10397 5541 10398 5416 10398 5542 10398 5542 10399 5416 10399 5415 10399 5542 10400 5415 10400 5543 10400 5487 10401 5485 10401 5496 10401 5496 10402 5485 10402 5536 10402 5496 10403 5536 10403 5492 10403 5492 10404 5536 10404 5537 10404 5492 10405 5537 10405 5490 10405 5490 10406 5537 10406 5538 10406 5490 10407 5538 10407 5499 10407 5499 10408 5538 10408 5539 10408 5499 10409 5539 10409 5500 10409 5500 10410 5539 10410 5540 10410 5500 10411 5540 10411 5505 10411 5505 10412 5540 10412 5541 10412 5505 10413 5541 10413 5506 10413 5506 10414 5541 10414 5542 10414 5506 10415 5542 10415 5512 10415 5512 10416 5542 10416 5543 10416 5512 10417 5543 10417 5510 10417 4374 10418 4373 10418 5421 10418 5421 10419 4373 10419 5423 10419 5421 10420 5423 10420 5422 10420 5422 10421 5423 10421 4753 10421 5422 10422 4753 10422 4761 10422 4375 10423 4352 10423 5415 10423 5415 10424 4352 10424 5373 10424 5415 10425 5373 10425 5543 10425 5543 10426 5373 10426 5375 10426 5543 10427 5375 10427 5510 10427 5510 10428 5375 10428 5417 10428 5510 10429 5417 10429 5519 10429 5519 10430 5417 10430 5420 10430 5519 10431 5420 10431 5522 10431 5522 10432 5420 10432 5422 10432 5522 10433 5422 10433 5526 10433 5526 10434 5422 10434 4761 10434 5526 10435 4761 10435 4760 10435 5544 10436 5545 10436 5546 10436 4641 10437 4643 10437 5547 10437 4682 10438 4681 10438 5548 10438 4674 10439 4671 10439 5549 10439 4691 10440 4692 10440 5550 10440 5548 10441 5551 10441 5552 10441 5553 10442 5554 10442 5555 10442 4586 10443 4585 10443 5556 10443 4718 10444 4715 10444 5557 10444 4734 10445 4741 10445 5558 10445 5559 10446 5558 10446 5560 10446 5561 10447 5562 10447 5563 10447 5021 10448 5019 10448 5564 10448 4870 10449 4872 10449 5565 10449 4428 10450 3869 10450 4445 10450 4442 10451 4459 10451 5566 10451 4507 10452 4516 10452 5567 10452 4538 10453 4537 10453 5568 10453 4561 10454 4559 10454 5569 10454 4569 10455 4568 10455 5570 10455 4578 10456 4579 10456 5571 10456 5571 10457 4579 10457 4580 10457 5571 10458 4580 10458 4581 10458 4568 10459 4573 10459 5570 10459 5570 10460 4573 10460 4575 10460 5570 10461 4575 10461 5572 10461 5572 10462 4575 10462 4577 10462 5572 10463 4577 10463 4578 10463 4559 10464 4567 10464 5569 10464 5569 10465 4567 10465 4566 10465 5569 10466 4566 10466 5573 10466 5573 10467 4566 10467 4564 10467 4564 10468 4563 10468 5573 10468 5573 10469 4563 10469 4572 10469 5573 10470 4572 10470 5570 10470 5570 10471 4572 10471 4571 10471 5570 10472 4571 10472 4569 10472 4561 10473 5569 10473 4562 10473 4562 10474 5569 10474 5574 10474 4562 10475 5574 10475 4436 10475 4550 10476 4557 10476 5575 10476 5575 10477 4557 10477 4556 10477 5575 10478 4556 10478 5574 10478 5574 10479 4556 10479 4437 10479 5574 10480 4437 10480 4436 10480 4549 10481 4554 10481 4928 10481 4928 10482 4554 10482 4553 10482 4928 10483 4553 10483 4908 10483 4549 10484 4928 10484 4547 10484 4547 10485 4928 10485 4936 10485 4547 10486 4936 10486 4544 10486 4544 10487 4936 10487 4545 10487 4545 10488 4936 10488 4935 10488 4545 10489 4935 10489 4539 10489 4539 10490 4935 10490 4540 10490 4540 10491 4935 10491 4937 10491 4540 10492 4937 10492 4542 10492 4542 10493 4937 10493 4927 10493 4542 10494 4927 10494 4543 10494 4543 10495 4927 10495 4536 10495 4536 10496 4927 10496 4933 10496 4536 10497 4933 10497 4537 10497 4538 10498 5568 10498 4532 10498 4532 10499 5568 10499 5576 10499 4532 10500 5576 10500 4534 10500 4526 10501 5576 10501 4528 10501 4528 10502 5576 10502 5577 10502 4526 10503 4525 10503 5576 10503 5576 10504 4525 10504 4535 10504 5576 10505 4535 10505 4534 10505 4521 10506 4519 10506 5578 10506 5578 10507 4519 10507 4518 10507 5578 10508 4518 10508 5577 10508 5577 10509 4518 10509 4530 10509 5577 10510 4530 10510 4528 10510 4521 10511 5578 10511 4522 10511 4522 10512 5578 10512 5579 10512 4522 10513 5579 10513 4524 10513 4516 10514 4515 10514 5567 10514 5567 10515 4515 10515 4513 10515 5567 10516 4513 10516 5579 10516 5579 10517 4513 10517 4512 10517 5579 10518 4512 10518 4524 10518 5580 10519 4502 10519 4504 10519 4504 10520 4506 10520 5580 10520 5580 10521 4506 10521 4511 10521 5580 10522 4511 10522 5581 10522 5581 10523 4511 10523 4510 10523 5581 10524 4510 10524 5567 10524 5567 10525 4510 10525 4508 10525 5567 10526 4508 10526 4507 10526 4502 10527 5580 10527 4499 10527 4499 10528 5580 10528 5582 10528 4499 10529 5582 10529 4500 10529 4498 10530 4497 10530 5583 10530 5583 10531 4497 10531 4495 10531 5583 10532 4495 10532 5582 10532 5582 10533 4495 10533 4494 10533 5582 10534 4494 10534 4500 10534 5584 10535 4490 10535 5583 10535 5583 10536 4490 10536 4489 10536 5583 10537 4489 10537 4498 10537 5585 10538 4486 10538 4485 10538 4485 10539 4483 10539 5585 10539 5585 10540 4483 10540 4493 10540 5585 10541 4493 10541 5584 10541 5584 10542 4493 10542 4492 10542 5584 10543 4492 10543 4490 10543 4479 10544 4481 10544 5586 10544 5586 10545 4481 10545 4488 10545 5586 10546 4488 10546 5585 10546 5585 10547 4488 10547 4487 10547 5585 10548 4487 10548 4486 10548 4473 10549 4797 10549 4474 10549 4474 10550 4797 10550 4802 10550 4468 10551 4466 10551 4791 10551 4791 10552 4466 10552 4465 10552 4791 10553 4465 10553 4792 10553 4792 10554 4465 10554 4440 10554 4792 10555 4440 10555 4801 10555 4801 10556 4440 10556 4439 10556 4801 10557 4439 10557 4802 10557 4802 10558 4439 10558 4475 10558 4802 10559 4475 10559 4474 10559 4468 10560 4791 10560 4470 10560 4470 10561 4791 10561 4796 10561 4470 10562 4796 10562 4471 10562 4459 10563 4461 10563 5566 10563 5566 10564 4461 10564 4464 10564 5566 10565 4464 10565 5587 10565 5587 10566 4464 10566 4463 10566 5587 10567 4463 10567 4471 10567 5588 10568 4457 10568 4458 10568 5588 10569 4458 10569 5566 10569 5566 10570 4458 10570 4443 10570 5566 10571 4443 10571 4442 10571 4455 10572 4454 10572 5589 10572 5589 10573 4454 10573 4452 10573 5589 10574 4452 10574 5588 10574 5588 10575 4452 10575 4451 10575 5588 10576 4451 10576 4457 10576 4445 10577 4447 10577 5590 10577 5590 10578 4447 10578 4448 10578 5590 10579 4448 10579 5589 10579 5589 10580 4448 10580 4450 10580 5589 10581 4450 10581 4455 10581 5591 10582 4408 10582 5590 10582 5590 10583 4408 10583 4407 10583 5590 10584 4407 10584 4432 10584 4432 10585 4431 10585 5590 10585 5590 10586 4431 10586 4430 10586 5590 10587 4430 10587 4429 10587 4428 10588 4445 10588 4420 10588 4429 10589 4423 10589 5590 10589 5590 10590 4423 10590 4422 10590 5590 10591 4422 10591 4445 10591 4445 10592 4422 10592 4421 10592 4445 10593 4421 10593 4420 10593 4415 10594 4414 10594 5591 10594 4414 10595 4417 10595 5591 10595 5591 10596 4417 10596 4416 10596 5591 10597 4416 10597 4408 10597 4898 10598 4897 10598 5586 10598 4473 10599 4476 10599 4797 10599 4797 10600 4476 10600 4478 10600 4797 10601 4478 10601 4775 10601 4775 10602 4478 10602 4479 10602 4775 10603 4479 10603 4771 10603 4771 10604 4479 10604 5586 10604 4771 10605 5586 10605 4772 10605 4772 10606 5586 10606 4897 10606 4887 10607 4883 10607 5592 10607 5592 10608 4883 10608 4885 10608 5592 10609 4885 10609 4899 10609 4888 10610 5593 10610 4889 10610 4889 10611 5593 10611 5565 10611 4889 10612 5565 10612 4874 10612 4874 10613 5565 10613 4872 10613 4878 10614 4876 10614 5557 10614 5557 10615 4876 10615 4875 10615 4869 10616 4868 10616 4715 10616 4868 10617 4882 10617 4715 10617 4715 10618 4882 10618 4881 10618 4715 10619 4881 10619 5557 10619 5557 10620 4881 10620 4879 10620 5557 10621 4879 10621 4878 10621 4846 10622 4732 10622 4844 10622 4844 10623 4732 10623 5594 10623 4844 10624 5594 10624 4852 10624 4852 10625 5594 10625 4851 10625 4846 10626 4848 10626 4732 10626 4732 10627 4848 10627 4900 10627 4732 10628 4900 10628 4901 10628 4901 10629 4902 10629 4732 10629 4732 10630 4902 10630 4903 10630 4732 10631 4903 10631 4733 10631 4733 10632 4903 10632 4904 10632 4733 10633 4904 10633 4721 10633 4721 10634 4904 10634 4724 10634 4724 10635 4904 10635 4866 10635 4724 10636 4866 10636 4725 10636 4725 10637 4866 10637 4865 10637 4725 10638 4865 10638 4726 10638 4726 10639 4865 10639 4863 10639 4726 10640 4863 10640 4715 10640 4715 10641 4863 10641 4861 10641 4715 10642 4861 10642 4869 10642 4853 10643 4855 10643 5595 10643 5595 10644 4855 10644 4856 10644 5595 10645 4856 10645 4849 10645 5596 10646 5597 10646 5598 10646 5598 10647 5597 10647 4858 10647 4858 10648 4857 10648 5598 10648 5598 10649 4857 10649 4843 10649 5598 10650 4843 10650 4842 10650 4471 10651 4796 10651 5587 10651 5587 10652 4796 10652 4812 10652 5587 10653 4812 10653 4811 10653 4837 10654 4839 10654 5597 10654 5597 10655 4839 10655 4859 10655 5597 10656 4859 10656 4858 10656 5039 10657 5038 10657 5575 10657 4553 10658 4551 10658 4908 10658 4908 10659 4551 10659 4550 10659 4908 10660 4550 10660 4909 10660 4909 10661 4550 10661 5575 10661 4909 10662 5575 10662 4912 10662 4912 10663 5575 10663 5038 10663 5028 10664 5027 10664 5599 10664 5599 10665 5027 10665 5026 10665 5599 10666 5026 10666 5040 10666 5029 10667 5600 10667 5016 10667 5016 10668 5600 10668 5564 10668 5016 10669 5564 10669 5017 10669 5017 10670 5564 10670 5019 10670 5015 10671 5023 10671 5601 10671 5601 10672 5023 10672 5022 10672 4670 10673 4669 10673 4998 10673 5003 10674 5004 10674 4666 10674 4670 10675 4998 10675 4666 10675 4666 10676 4998 10676 4997 10676 4666 10677 4997 10677 5003 10677 5004 10678 5006 10678 4666 10678 4666 10679 5006 10679 5007 10679 4666 10680 5007 10680 5009 10680 5009 10681 5010 10681 4666 10681 4666 10682 5010 10682 5012 10682 4666 10683 5012 10683 5601 10683 5601 10684 5012 10684 5013 10684 5601 10685 5013 10685 5015 10685 5602 10686 4990 10686 4983 10686 4668 10687 4985 10687 5045 10687 5045 10688 5044 10688 4668 10688 4668 10689 5044 10689 5043 10689 4668 10690 5043 10690 5042 10690 5042 10691 5041 10691 4668 10691 4668 10692 5041 10692 5002 10692 4668 10693 5002 10693 4669 10693 4669 10694 5002 10694 4999 10694 4669 10695 4999 10695 4998 10695 4991 10696 4987 10696 5602 10696 5602 10697 4987 10697 4989 10697 5602 10698 4989 10698 4990 10698 4995 10699 4994 10699 5603 10699 4994 10700 4982 10700 5603 10700 5603 10701 4982 10701 4981 10701 5603 10702 4981 10702 5604 10702 5604 10703 4981 10703 4980 10703 5604 10704 4980 10704 4992 10704 4537 10705 4933 10705 5568 10705 5568 10706 4933 10706 4948 10706 5568 10707 4948 10707 4946 10707 4945 10708 4975 10708 5605 10708 5605 10709 4975 10709 4977 10709 5605 10710 4977 10710 4996 10710 5606 10711 5607 10711 5608 10711 5606 10712 5608 10712 5561 10712 5561 10713 5608 10713 5609 10713 5562 10714 5610 10714 5611 10714 5607 10715 5606 10715 5612 10715 5607 10716 5612 10716 5613 10716 5562 10717 5611 10717 5563 10717 5563 10718 5611 10718 5614 10718 5563 10719 5614 10719 5615 10719 5612 10720 4749 10720 4747 10720 4747 10721 4746 10721 5616 10721 4747 10722 5616 10722 5612 10722 5612 10723 5616 10723 5613 10723 4740 10724 4745 10724 5614 10724 5614 10725 4745 10725 4744 10725 5614 10726 4744 10726 5615 10726 5615 10727 4744 10727 4742 10727 5615 10728 4742 10728 4750 10728 5561 10729 5563 10729 5606 10729 5606 10730 5563 10730 5615 10730 5606 10731 5615 10731 5612 10731 5612 10732 5615 10732 4750 10732 5612 10733 4750 10733 4749 10733 4842 10734 4853 10734 5598 10734 5598 10735 4853 10735 5595 10735 5598 10736 5595 10736 5594 10736 5594 10737 5595 10737 4849 10737 5594 10738 4849 10738 4851 10738 5610 10739 5617 10739 5560 10739 5560 10740 5617 10740 5618 10740 5560 10741 5618 10741 5559 10741 5559 10742 5618 10742 5619 10742 4731 10743 4730 10743 5619 10743 4732 10744 4731 10744 5594 10744 5594 10745 4731 10745 5619 10745 5594 10746 5619 10746 5598 10746 5598 10747 5619 10747 5618 10747 5598 10748 5618 10748 5596 10748 5596 10749 5618 10749 5617 10749 4730 10750 4728 10750 5619 10750 5619 10751 4728 10751 4738 10751 5619 10752 4738 10752 5559 10752 5559 10753 4738 10753 4737 10753 5559 10754 4737 10754 5558 10754 5558 10755 4737 10755 4735 10755 5558 10756 4735 10756 4734 10756 5610 10757 5560 10757 5611 10757 5611 10758 5560 10758 5558 10758 5611 10759 5558 10759 5614 10759 5614 10760 5558 10760 4741 10760 5614 10761 4741 10761 4740 10761 5620 10762 4711 10762 4710 10762 5620 10763 4710 10763 5621 10763 4710 10764 4708 10764 5621 10764 5621 10765 4708 10765 4720 10765 5621 10766 4720 10766 5557 10766 5557 10767 4720 10767 4719 10767 5557 10768 4719 10768 4718 10768 4706 10769 4705 10769 5622 10769 5622 10770 4705 10770 5623 10770 5556 10771 4585 10771 5622 10771 5622 10772 4585 10772 4703 10772 5622 10773 4703 10773 4706 10773 5624 10774 5625 10774 5626 10774 5626 10775 5625 10775 5627 10775 5626 10776 5627 10776 5628 10776 5628 10777 5627 10777 5556 10777 5628 10778 5556 10778 5629 10778 5629 10779 5556 10779 5622 10779 5629 10780 5622 10780 5630 10780 5630 10781 5622 10781 5623 10781 5630 10782 5623 10782 5631 10782 5631 10783 5623 10783 5620 10783 5631 10784 5620 10784 5593 10784 5593 10785 5620 10785 5621 10785 5593 10786 5621 10786 5565 10786 5565 10787 5621 10787 5557 10787 5565 10788 5557 10788 4870 10788 4870 10789 5557 10789 4875 10789 4705 10790 4704 10790 5623 10790 5623 10791 4704 10791 4714 10791 5623 10792 4714 10792 5620 10792 5620 10793 4714 10793 4712 10793 5620 10794 4712 10794 4711 10794 5632 10795 5624 10795 5633 10795 5633 10796 5624 10796 5626 10796 5633 10797 5626 10797 5634 10797 5634 10798 5626 10798 5628 10798 5634 10799 5628 10799 5635 10799 5635 10800 5628 10800 5629 10800 5635 10801 5629 10801 5636 10801 5636 10802 5629 10802 5630 10802 5636 10803 5630 10803 5637 10803 5637 10804 5630 10804 5631 10804 5637 10805 5631 10805 5592 10805 5592 10806 5631 10806 5593 10806 5592 10807 5593 10807 4887 10807 4887 10808 5593 10808 4888 10808 5632 10809 5553 10809 5638 10809 5554 10810 5639 10810 5640 10810 4996 10811 4995 10811 5605 10811 5605 10812 4995 10812 5603 10812 5605 10813 5603 10813 5641 10813 5641 10814 5603 10814 5642 10814 5641 10815 5642 10815 5643 10815 5554 10816 5640 10816 5555 10816 5555 10817 5640 10817 5644 10817 5555 10818 5644 10818 5645 10818 4992 10819 4991 10819 5604 10819 5604 10820 4991 10820 5602 10820 5604 10821 5602 10821 5603 10821 5603 10822 5602 10822 5549 10822 5603 10823 5549 10823 5642 10823 5632 10824 5638 10824 5624 10824 5624 10825 5638 10825 5550 10825 5624 10826 5550 10826 5625 10826 5625 10827 5550 10827 4692 10827 5625 10828 4692 10828 4698 10828 5644 10829 4695 10829 5645 10829 5645 10830 4695 10830 4694 10830 5645 10831 4694 10831 4693 10831 5553 10832 5555 10832 5638 10832 5638 10833 5555 10833 5645 10833 5638 10834 5645 10834 5550 10834 5550 10835 5645 10835 4693 10835 5550 10836 4693 10836 4691 10836 4674 10837 5549 10837 4675 10837 4675 10838 5549 10838 5602 10838 4675 10839 5602 10839 4668 10839 4668 10840 5602 10840 4983 10840 4668 10841 4983 10841 4985 10841 4671 10842 4682 10842 5549 10842 5549 10843 4682 10843 5548 10843 5549 10844 5548 10844 5642 10844 5642 10845 5548 10845 5552 10845 5642 10846 5552 10846 5643 10846 5643 10847 5552 10847 5639 10847 4687 10848 4686 10848 5644 10848 5644 10849 4686 10849 4683 10849 5644 10850 4683 10850 4695 10850 4681 10851 4680 10851 5548 10851 5548 10852 4680 10852 4676 10852 5548 10853 4676 10853 5551 10853 5551 10854 4676 10854 4678 10854 5551 10855 4678 10855 4688 10855 5639 10856 5552 10856 5640 10856 5640 10857 5552 10857 5551 10857 5640 10858 5551 10858 5644 10858 5644 10859 5551 10859 4688 10859 5644 10860 4688 10860 4687 10860 5646 10861 5647 10861 5648 10861 5648 10862 5647 10862 5547 10862 5648 10863 5547 10863 5649 10863 5649 10864 5547 10864 5650 10864 5649 10865 5650 10865 5651 10865 5022 10866 5021 10866 5601 10866 5601 10867 5021 10867 5564 10867 5601 10868 5564 10868 5652 10868 5652 10869 5564 10869 5600 10869 5652 10870 5600 10870 5653 10870 5653 10871 5600 10871 5654 10871 5653 10872 5654 10872 5655 10872 5653 10873 4656 10873 4664 10873 5653 10874 4664 10874 5652 10874 5652 10875 4664 10875 4663 10875 5652 10876 4663 10876 5601 10876 5601 10877 4663 10877 4667 10877 5601 10878 4667 10878 4666 10878 4649 10879 4661 10879 5650 10879 5650 10880 4661 10880 5655 10880 5650 10881 5655 10881 5651 10881 5651 10882 5655 10882 5654 10882 4641 10883 5547 10883 4645 10883 4645 10884 5547 10884 5647 10884 4645 10885 5647 10885 4646 10885 4643 10886 4654 10886 5547 10886 5547 10887 4654 10887 4653 10887 5547 10888 4653 10888 5650 10888 5650 10889 4653 10889 4652 10889 5650 10890 4652 10890 4649 10890 4661 10891 4660 10891 5655 10891 5655 10892 4660 10892 4659 10892 5655 10893 4659 10893 5653 10893 5653 10894 4659 10894 4657 10894 5653 10895 4657 10895 4656 10895 5545 10896 5656 10896 5646 10896 5029 10897 5028 10897 5600 10897 5600 10898 5028 10898 5599 10898 5600 10899 5599 10899 5654 10899 5654 10900 5599 10900 5657 10900 5654 10901 5657 10901 5651 10901 5651 10902 5657 10902 5658 10902 5651 10903 5658 10903 5649 10903 5649 10904 5658 10904 5659 10904 5649 10905 5659 10905 5648 10905 5648 10906 5659 10906 5660 10906 5648 10907 5660 10907 5646 10907 5646 10908 5660 10908 5546 10908 5646 10909 5546 10909 5545 10909 5661 10910 5662 10910 5591 10910 5591 10911 5662 10911 4415 10911 4811 10912 4837 10912 5587 10912 5587 10913 4837 10913 5597 10913 5587 10914 5597 10914 5566 10914 5566 10915 5597 10915 5596 10915 5566 10916 5596 10916 5588 10916 5588 10917 5596 10917 5617 10917 5588 10918 5617 10918 5589 10918 5589 10919 5617 10919 5610 10919 5589 10920 5610 10920 5590 10920 5590 10921 5610 10921 5562 10921 5590 10922 5562 10922 5591 10922 5591 10923 5562 10923 5561 10923 5591 10924 5561 10924 5661 10924 5661 10925 5561 10925 5609 10925 4646 10926 5647 10926 4648 10926 4648 10927 5647 10927 5663 10927 4648 10928 5663 10928 4759 10928 5646 10929 5656 10929 5664 10929 5646 10930 5664 10930 5647 10930 5647 10931 5664 10931 5663 10931 4698 10932 4697 10932 5625 10932 5625 10933 4697 10933 4701 10933 5625 10934 4701 10934 5627 10934 5627 10935 4701 10935 4700 10935 5627 10936 4700 10936 5556 10936 5556 10937 4700 10937 4699 10937 5556 10938 4699 10938 4586 10938 4578 10939 5571 10939 5572 10939 5572 10940 5571 10940 5665 10940 5665 10941 5544 10941 5572 10941 5572 10942 5544 10942 5546 10942 5572 10943 5546 10943 5570 10943 5570 10944 5546 10944 5660 10944 5570 10945 5660 10945 5573 10945 5573 10946 5660 10946 5659 10946 5573 10947 5659 10947 5569 10947 5569 10948 5659 10948 5658 10948 5569 10949 5658 10949 5574 10949 5574 10950 5658 10950 5657 10950 5574 10951 5657 10951 5575 10951 5575 10952 5657 10952 5599 10952 5575 10953 5599 10953 5039 10953 5039 10954 5599 10954 5040 10954 4946 10955 4945 10955 5568 10955 5568 10956 4945 10956 5605 10956 5568 10957 5605 10957 5576 10957 5576 10958 5605 10958 5641 10958 5576 10959 5641 10959 5577 10959 5577 10960 5641 10960 5643 10960 5577 10961 5643 10961 5578 10961 5578 10962 5643 10962 5639 10962 5578 10963 5639 10963 5579 10963 5579 10964 5639 10964 5554 10964 5579 10965 5554 10965 5567 10965 5567 10966 5554 10966 5553 10966 5567 10967 5553 10967 5581 10967 5581 10968 5553 10968 5632 10968 5581 10969 5632 10969 5580 10969 5580 10970 5632 10970 5633 10970 5580 10971 5633 10971 5582 10971 5582 10972 5633 10972 5634 10972 5582 10973 5634 10973 5583 10973 5583 10974 5634 10974 5635 10974 5583 10975 5635 10975 5584 10975 5584 10976 5635 10976 5636 10976 5584 10977 5636 10977 5585 10977 5585 10978 5636 10978 5637 10978 5585 10979 5637 10979 5586 10979 5586 10980 5637 10980 5592 10980 5586 10981 5592 10981 4898 10981 4898 10982 5592 10982 4899 10982 5666 10983 5667 10983 5668 10983 5669 10984 5666 10984 5670 10984 5670 10985 5666 10985 5668 10985 5670 10986 5668 10986 5671 10986 5669 10987 5670 10987 5672 10987 5672 10988 5670 10988 5673 10988 5672 10989 5673 10989 5674 10989 5673 10990 5675 10990 5674 10990 5674 10991 5675 10991 5676 10991 5674 10992 5676 10992 5677 10992 5677 10993 5676 10993 5678 10993 5677 10994 5678 10994 5679 10994 5678 10995 5680 10995 5679 10995 5679 10996 5680 10996 5681 10996 5679 10997 5681 10997 5682 10997 5682 10998 5681 10998 5683 10998 5682 10999 5683 10999 5049 10999 5049 11000 5683 11000 5684 11000 5049 11001 5684 11001 5048 11001 5048 11002 5684 11002 5046 11002 5685 11003 5667 11003 5666 11003 5055 11004 5047 11004 5054 11004 5054 11005 5047 11005 5067 11005 5054 11006 5067 11006 5053 11006 5053 11007 5067 11007 5103 11007 5053 11008 5103 11008 5052 11008 5052 11009 5103 11009 5102 11009 5052 11010 5102 11010 5051 11010 5051 11011 5102 11011 5075 11011 5051 11012 5075 11012 5050 11012 5050 11013 5075 11013 5072 11013 5050 11014 5072 11014 5061 11014 5666 11015 5669 11015 5685 11015 5685 11016 5669 11016 5672 11016 5685 11017 5672 11017 5674 11017 5686 11018 5687 11018 5688 11018 5058 11019 5689 11019 5057 11019 5057 11020 5689 11020 5690 11020 5057 11021 5690 11021 5056 11021 5056 11022 5690 11022 5685 11022 5056 11023 5685 11023 5677 11023 5677 11024 5685 11024 5674 11024 5677 11025 5679 11025 5056 11025 5056 11026 5679 11026 5682 11026 5056 11027 5682 11027 5055 11027 5055 11028 5682 11028 5049 11028 5055 11029 5049 11029 5047 11029 5691 11030 5692 11030 5059 11030 5687 11031 5693 11031 5688 11031 5688 11032 5693 11032 5694 11032 5688 11033 5694 11033 5695 11033 5072 11034 5068 11034 5061 11034 5061 11035 5068 11035 5063 11035 5061 11036 5063 11036 5060 11036 5060 11037 5063 11037 5062 11037 5060 11038 5062 11038 5059 11038 5059 11039 5062 11039 5696 11039 5059 11040 5696 11040 5691 11040 5692 11041 5686 11041 5059 11041 5059 11042 5686 11042 5688 11042 5059 11043 5688 11043 5058 11043 5058 11044 5688 11044 5697 11044 5058 11045 5697 11045 5689 11045 5065 11046 5698 11046 5064 11046 5064 11047 5698 11047 5062 11047 5062 11048 5698 11048 5696 11048 5696 11049 5698 11049 5699 11049 5696 11050 5699 11050 5691 11050 5691 11051 5699 11051 5700 11051 5691 11052 5700 11052 5692 11052 5692 11053 5700 11053 5701 11053 5692 11054 5701 11054 5686 11054 5701 11055 5702 11055 5686 11055 5686 11056 5702 11056 5703 11056 5686 11057 5703 11057 5687 11057 5687 11058 5703 11058 5704 11058 5687 11059 5704 11059 5693 11059 5705 11060 5706 11060 5707 11060 5707 11061 5706 11061 5708 11061 5704 11062 5709 11062 5693 11062 5693 11063 5709 11063 5707 11063 5693 11064 5707 11064 5694 11064 5694 11065 5707 11065 5708 11065 5694 11066 5708 11066 5695 11066 5069 11067 5074 11067 5710 11067 5066 11068 5046 11068 5684 11068 5112 11069 5711 11069 5113 11069 5113 11070 5711 11070 5114 11070 5116 11071 5115 11071 5712 11071 5712 11072 5713 11072 5116 11072 5116 11073 5713 11073 5714 11073 5116 11074 5714 11074 5117 11074 5104 11075 5715 11075 5105 11075 5105 11076 5715 11076 5716 11076 5105 11077 5716 11077 5106 11077 5106 11078 5716 11078 5717 11078 5106 11079 5717 11079 5107 11079 5718 11080 5084 11080 5717 11080 5717 11081 5084 11081 5111 11081 5717 11082 5111 11082 5107 11082 5719 11083 5087 11083 5718 11083 5718 11084 5087 11084 5085 11084 5718 11085 5085 11085 5084 11085 5720 11086 5090 11086 5719 11086 5719 11087 5090 11087 5089 11087 5719 11088 5089 11088 5087 11088 5721 11089 5093 11089 5720 11089 5720 11090 5093 11090 5092 11090 5720 11091 5092 11091 5090 11091 5101 11092 5099 11092 5722 11092 5722 11093 5099 11093 5100 11093 5723 11094 5096 11094 5721 11094 5721 11095 5096 11095 5095 11095 5721 11096 5095 11096 5093 11096 5108 11097 5101 11097 5724 11097 5724 11098 5101 11098 5722 11098 5724 11099 5722 11099 5725 11099 5725 11100 5722 11100 5100 11100 5725 11101 5100 11101 5723 11101 5723 11102 5100 11102 5098 11102 5723 11103 5098 11103 5096 11103 5726 11104 5727 11104 5109 11104 5109 11105 5727 11105 5110 11105 5110 11106 5727 11106 5076 11106 5076 11107 5727 11107 5728 11107 5076 11108 5728 11108 5077 11108 5077 11109 5728 11109 5078 11109 5078 11110 5728 11110 5729 11110 5078 11111 5729 11111 5079 11111 5079 11112 5729 11112 5080 11112 5080 11113 5729 11113 5730 11113 5080 11114 5730 11114 5081 11114 5074 11115 5073 11115 5710 11115 5710 11116 5073 11116 5071 11116 5710 11117 5071 11117 5731 11117 5731 11118 5071 11118 5070 11118 5731 11119 5070 11119 5083 11119 5705 11120 5707 11120 5732 11120 5732 11121 5707 11121 5733 11121 5732 11122 5733 11122 5734 11122 5707 11123 5709 11123 5733 11123 5733 11124 5709 11124 5735 11124 5733 11125 5735 11125 5736 11125 5737 11126 5738 11126 5736 11126 5736 11127 5738 11127 5739 11127 5740 11128 5741 11128 5742 11128 5742 11129 5741 11129 5743 11129 5744 11130 5745 11130 5746 11130 5746 11131 5745 11131 5741 11131 5746 11132 5741 11132 5747 11132 5747 11133 5741 11133 5740 11133 5744 11134 5748 11134 5745 11134 5745 11135 5748 11135 5749 11135 5745 11136 5749 11136 5750 11136 5739 11137 5751 11137 5736 11137 5736 11138 5751 11138 5752 11138 5736 11139 5752 11139 5733 11139 5733 11140 5752 11140 5753 11140 5733 11141 5753 11141 5734 11141 5754 11142 5755 11142 5756 11142 5757 11143 5756 11143 5758 11143 5758 11144 5756 11144 5759 11144 5754 11145 5756 11145 5760 11145 5760 11146 5756 11146 5757 11146 5760 11147 5757 11147 5761 11147 5761 11148 5757 11148 5762 11148 5761 11149 5762 11149 5763 11149 5763 11150 5762 11150 5764 11150 5764 11151 5762 11151 5765 11151 5764 11152 5765 11152 5766 11152 5766 11153 5765 11153 5767 11153 5767 11154 5765 11154 5768 11154 5767 11155 5768 11155 5769 11155 5769 11156 5768 11156 5770 11156 5770 11157 5768 11157 5771 11157 5770 11158 5771 11158 5772 11158 5773 11159 5774 11159 5775 11159 5775 11160 5774 11160 5776 11160 5775 11161 5776 11161 5777 11161 5776 11162 5778 11162 5777 11162 5777 11163 5778 11163 5779 11163 5777 11164 5779 11164 5771 11164 5771 11165 5779 11165 5780 11165 5771 11166 5780 11166 5772 11166 5781 11167 5782 11167 5783 11167 5783 11168 5784 11168 5781 11168 5781 11169 5784 11169 5785 11169 5781 11170 5785 11170 5775 11170 5775 11171 5785 11171 5786 11171 5775 11172 5786 11172 5773 11172 5680 11173 5678 11173 5787 11173 5115 11174 5114 11174 5712 11174 5712 11175 5114 11175 5711 11175 5712 11176 5711 11176 5713 11176 5713 11177 5711 11177 5788 11177 5713 11178 5788 11178 5787 11178 5112 11179 5066 11179 5711 11179 5711 11180 5066 11180 5684 11180 5711 11181 5684 11181 5788 11181 5788 11182 5684 11182 5683 11182 5788 11183 5683 11183 5787 11183 5787 11184 5683 11184 5681 11184 5787 11185 5681 11185 5680 11185 5081 11186 5730 11186 5082 11186 5082 11187 5730 11187 5789 11187 5082 11188 5789 11188 5083 11188 5083 11189 5789 11189 5790 11189 5083 11190 5790 11190 5731 11190 5731 11191 5790 11191 5791 11191 5731 11192 5791 11192 5710 11192 5065 11193 5069 11193 5698 11193 5698 11194 5069 11194 5710 11194 5698 11195 5710 11195 5699 11195 5699 11196 5710 11196 5791 11196 5699 11197 5791 11197 5700 11197 5700 11198 5791 11198 5701 11198 5709 11199 5704 11199 5735 11199 5735 11200 5704 11200 5703 11200 5735 11201 5703 11201 5792 11201 5792 11202 5703 11202 5702 11202 5726 11203 5793 11203 5727 11203 5727 11204 5793 11204 5794 11204 5727 11205 5794 11205 5728 11205 5728 11206 5794 11206 5743 11206 5728 11207 5743 11207 5729 11207 5729 11208 5743 11208 5741 11208 5729 11209 5741 11209 5730 11209 5730 11210 5741 11210 5745 11210 5730 11211 5745 11211 5789 11211 5789 11212 5745 11212 5750 11212 5789 11213 5750 11213 5790 11213 5790 11214 5750 11214 5795 11214 5749 11215 5737 11215 5750 11215 5750 11216 5737 11216 5736 11216 5750 11217 5736 11217 5795 11217 5795 11218 5736 11218 5735 11218 5795 11219 5735 11219 5790 11219 5790 11220 5735 11220 5792 11220 5790 11221 5792 11221 5791 11221 5791 11222 5792 11222 5702 11222 5791 11223 5702 11223 5701 11223 5796 11224 5797 11224 5782 11224 5782 11225 5797 11225 5798 11225 5782 11226 5798 11226 5783 11226 5676 11227 5675 11227 5782 11227 5782 11228 5675 11228 5673 11228 5782 11229 5673 11229 5796 11229 5796 11230 5673 11230 5670 11230 5796 11231 5670 11231 5671 11231 5759 11232 5799 11232 5758 11232 5758 11233 5799 11233 5800 11233 5758 11234 5800 11234 5793 11234 5793 11235 5800 11235 5801 11235 5793 11236 5801 11236 5794 11236 5794 11237 5801 11237 5802 11237 5794 11238 5802 11238 5743 11238 5743 11239 5802 11239 5803 11239 5743 11240 5803 11240 5742 11240 5678 11241 5804 11241 5787 11241 5787 11242 5804 11242 5805 11242 5787 11243 5805 11243 5713 11243 5713 11244 5805 11244 5715 11244 5713 11245 5715 11245 5714 11245 5714 11246 5715 11246 5104 11246 5714 11247 5104 11247 5117 11247 5678 11248 5676 11248 5804 11248 5804 11249 5676 11249 5782 11249 5804 11250 5782 11250 5805 11250 5805 11251 5782 11251 5781 11251 5805 11252 5781 11252 5715 11252 5715 11253 5781 11253 5775 11253 5715 11254 5775 11254 5716 11254 5716 11255 5775 11255 5777 11255 5716 11256 5777 11256 5717 11256 5717 11257 5777 11257 5771 11257 5717 11258 5771 11258 5718 11258 5718 11259 5771 11259 5768 11259 5718 11260 5768 11260 5719 11260 5719 11261 5768 11261 5765 11261 5719 11262 5765 11262 5720 11262 5720 11263 5765 11263 5762 11263 5720 11264 5762 11264 5721 11264 5721 11265 5762 11265 5757 11265 5721 11266 5757 11266 5723 11266 5723 11267 5757 11267 5758 11267 5723 11268 5758 11268 5725 11268 5725 11269 5758 11269 5793 11269 5725 11270 5793 11270 5724 11270 5724 11271 5793 11271 5726 11271 5724 11272 5726 11272 5108 11272 5108 11273 5726 11273 5109 11273 5806 11274 5807 11274 5808 11274 5809 11275 5810 11275 5806 11275 5809 11276 5806 11276 5811 11276 5811 11277 5806 11277 5808 11277 5811 11278 5808 11278 5812 11278 5812 11279 5808 11279 5813 11279 5812 11280 5813 11280 5814 11280 5813 11281 5815 11281 5814 11281 5814 11282 5815 11282 5816 11282 5814 11283 5816 11283 5817 11283 5817 11284 5816 11284 5818 11284 5817 11285 5818 11285 5819 11285 5818 11286 5820 11286 5819 11286 5819 11287 5820 11287 5821 11287 5819 11288 5821 11288 5822 11288 5822 11289 5821 11289 5823 11289 5118 11290 5120 11290 5823 11290 5823 11291 5120 11291 5121 11291 5823 11292 5121 11292 5822 11292 5824 11293 5825 11293 5826 11293 5130 11294 5119 11294 5129 11294 5129 11295 5119 11295 5139 11295 5129 11296 5139 11296 5128 11296 5128 11297 5139 11297 5175 11297 5128 11298 5175 11298 5127 11298 5127 11299 5175 11299 5173 11299 5127 11300 5173 11300 5126 11300 5126 11301 5173 11301 5147 11301 5126 11302 5147 11302 5125 11302 5125 11303 5147 11303 5144 11303 5125 11304 5144 11304 5124 11304 5814 11305 5817 11305 5131 11305 5810 11306 5809 11306 5827 11306 5827 11307 5809 11307 5811 11307 5827 11308 5811 11308 5812 11308 5824 11309 5826 11309 5828 11309 5132 11310 5829 11310 5131 11310 5131 11311 5829 11311 5827 11311 5131 11312 5827 11312 5814 11312 5814 11313 5827 11313 5812 11313 5817 11314 5819 11314 5131 11314 5131 11315 5819 11315 5822 11315 5131 11316 5822 11316 5130 11316 5130 11317 5822 11317 5121 11317 5130 11318 5121 11318 5119 11318 5144 11319 5140 11319 5124 11319 5124 11320 5140 11320 5135 11320 5124 11321 5135 11321 5123 11321 5123 11322 5135 11322 5134 11322 5123 11323 5134 11323 5122 11323 5122 11324 5134 11324 5830 11324 5122 11325 5830 11325 5831 11325 5832 11326 5833 11326 5826 11326 5826 11327 5833 11327 5834 11327 5826 11328 5834 11328 5828 11328 5831 11329 5832 11329 5122 11329 5122 11330 5832 11330 5826 11330 5122 11331 5826 11331 5133 11331 5133 11332 5826 11332 5835 11332 5133 11333 5835 11333 5132 11333 5132 11334 5835 11334 5836 11334 5132 11335 5836 11335 5829 11335 5137 11336 5837 11336 5136 11336 5136 11337 5837 11337 5134 11337 5134 11338 5837 11338 5830 11338 5830 11339 5837 11339 5838 11339 5830 11340 5838 11340 5831 11340 5831 11341 5838 11341 5839 11341 5831 11342 5839 11342 5832 11342 5832 11343 5839 11343 5840 11343 5832 11344 5840 11344 5833 11344 5840 11345 5841 11345 5833 11345 5833 11346 5841 11346 5842 11346 5833 11347 5842 11347 5834 11347 5834 11348 5842 11348 5843 11348 5834 11349 5843 11349 5828 11349 5844 11350 5845 11350 5846 11350 5843 11351 5847 11351 5828 11351 5828 11352 5847 11352 5844 11352 5828 11353 5844 11353 5824 11353 5824 11354 5844 11354 5846 11354 5824 11355 5846 11355 5825 11355 5848 11356 5849 11356 5850 11356 5138 11357 5118 11357 5823 11357 5183 11358 5182 11358 5851 11358 5851 11359 5182 11359 5138 11359 5852 11360 5187 11360 5186 11360 5850 11361 5853 11361 5177 11361 5187 11362 5852 11362 5176 11362 5177 11363 5853 11363 5178 11363 5178 11364 5853 11364 5854 11364 5178 11365 5854 11365 5179 11365 5855 11366 5856 11366 5171 11366 5171 11367 5856 11367 5170 11367 5171 11368 5172 11368 5855 11368 5855 11369 5172 11369 5181 11369 5855 11370 5181 11370 5854 11370 5854 11371 5181 11371 5180 11371 5854 11372 5180 11372 5179 11372 5170 11373 5856 11373 5169 11373 5169 11374 5856 11374 5857 11374 5169 11375 5857 11375 5167 11375 5167 11376 5857 11376 5161 11376 5161 11377 5857 11377 5858 11377 5161 11378 5858 11378 5162 11378 5165 11379 5164 11379 5859 11379 5859 11380 5164 11380 5158 11380 5860 11381 5160 11381 5858 11381 5858 11382 5160 11382 5163 11382 5858 11383 5163 11383 5162 11383 5166 11384 5165 11384 5861 11384 5861 11385 5165 11385 5859 11385 5861 11386 5859 11386 5862 11386 5862 11387 5859 11387 5158 11387 5862 11388 5158 11388 5860 11388 5860 11389 5158 11389 5157 11389 5860 11390 5157 11390 5160 11390 5174 11391 5863 11391 5150 11391 5150 11392 5863 11392 5864 11392 5865 11393 5153 11393 5864 11393 5864 11394 5153 11394 5152 11394 5864 11395 5152 11395 5150 11395 5866 11396 5155 11396 5865 11396 5865 11397 5155 11397 5154 11397 5865 11398 5154 11398 5153 11398 5867 11399 5868 11399 5869 11399 5143 11400 5142 11400 5869 11400 5869 11401 5142 11401 5149 11401 5869 11402 5149 11402 5867 11402 5867 11403 5149 11403 5148 11403 5867 11404 5148 11404 5866 11404 5866 11405 5148 11405 5156 11405 5866 11406 5156 11406 5155 11406 5141 11407 5146 11407 5870 11407 5870 11408 5146 11408 5145 11408 5845 11409 5844 11409 5871 11409 5871 11410 5844 11410 5872 11410 5871 11411 5872 11411 5873 11411 5844 11412 5847 11412 5872 11412 5872 11413 5847 11413 5874 11413 5872 11414 5874 11414 5875 11414 5875 11415 5876 11415 5877 11415 5878 11416 5879 11416 5880 11416 5880 11417 5879 11417 5881 11417 5880 11418 5881 11418 5882 11418 5883 11419 5884 11419 5885 11419 5885 11420 5884 11420 5879 11420 5885 11421 5879 11421 5886 11421 5886 11422 5879 11422 5878 11422 5887 11423 5888 11423 5889 11423 5889 11424 5888 11424 5884 11424 5889 11425 5884 11425 5890 11425 5890 11426 5884 11426 5883 11426 5877 11427 5891 11427 5875 11427 5875 11428 5891 11428 5892 11428 5875 11429 5892 11429 5872 11429 5872 11430 5892 11430 5893 11430 5872 11431 5893 11431 5873 11431 5894 11432 5895 11432 5896 11432 5896 11433 5895 11433 5897 11433 5896 11434 5897 11434 5898 11434 5898 11435 5897 11435 5899 11435 5898 11436 5899 11436 5900 11436 5901 11437 5902 11437 5894 11437 5894 11438 5902 11438 5903 11438 5894 11439 5903 11439 5895 11439 5904 11440 5905 11440 5906 11440 5906 11441 5905 11441 5907 11441 5906 11442 5907 11442 5908 11442 5904 11443 5909 11443 5905 11443 5905 11444 5909 11444 5910 11444 5905 11445 5910 11445 5911 11445 5910 11446 5912 11446 5911 11446 5911 11447 5912 11447 5913 11447 5911 11448 5913 11448 5914 11448 5914 11449 5913 11449 5915 11449 5914 11450 5915 11450 5901 11450 5901 11451 5915 11451 5916 11451 5901 11452 5916 11452 5902 11452 5917 11453 5918 11453 5919 11453 5919 11454 5918 11454 5920 11454 5917 11455 5921 11455 5918 11455 5918 11456 5921 11456 5922 11456 5918 11457 5922 11457 5907 11457 5907 11458 5922 11458 5923 11458 5907 11459 5923 11459 5908 11459 5816 11460 5815 11460 5920 11460 5848 11461 5924 11461 5851 11461 5851 11462 5924 11462 5184 11462 5851 11463 5184 11463 5183 11463 5925 11464 5849 11464 5926 11464 5926 11465 5849 11465 5848 11465 5926 11466 5848 11466 5927 11466 5927 11467 5848 11467 5851 11467 5177 11468 5176 11468 5850 11468 5850 11469 5176 11469 5852 11469 5850 11470 5852 11470 5848 11470 5848 11471 5852 11471 5186 11471 5848 11472 5186 11472 5924 11472 5924 11473 5186 11473 5185 11473 5924 11474 5185 11474 5184 11474 5868 11475 5928 11475 5869 11475 5869 11476 5928 11476 5870 11476 5869 11477 5870 11477 5143 11477 5143 11478 5870 11478 5145 11478 5137 11479 5141 11479 5837 11479 5837 11480 5141 11480 5870 11480 5837 11481 5870 11481 5838 11481 5838 11482 5870 11482 5928 11482 5838 11483 5928 11483 5839 11483 5839 11484 5928 11484 5840 11484 5847 11485 5843 11485 5874 11485 5874 11486 5843 11486 5842 11486 5874 11487 5842 11487 5929 11487 5929 11488 5842 11488 5841 11488 5930 11489 5868 11489 5888 11489 5888 11490 5868 11490 5867 11490 5888 11491 5867 11491 5884 11491 5884 11492 5867 11492 5866 11492 5884 11493 5866 11493 5879 11493 5879 11494 5866 11494 5865 11494 5879 11495 5865 11495 5881 11495 5881 11496 5865 11496 5864 11496 5881 11497 5864 11497 5931 11497 5931 11498 5864 11498 5863 11498 5931 11499 5863 11499 5932 11499 5887 11500 5876 11500 5888 11500 5888 11501 5876 11501 5875 11501 5888 11502 5875 11502 5930 11502 5930 11503 5875 11503 5874 11503 5930 11504 5874 11504 5868 11504 5868 11505 5874 11505 5929 11505 5868 11506 5929 11506 5928 11506 5928 11507 5929 11507 5841 11507 5928 11508 5841 11508 5840 11508 5933 11509 5934 11509 5920 11509 5920 11510 5934 11510 5935 11510 5920 11511 5935 11511 5919 11511 5807 11512 5933 11512 5808 11512 5808 11513 5933 11513 5920 11513 5808 11514 5920 11514 5813 11514 5813 11515 5920 11515 5815 11515 5882 11516 5881 11516 5936 11516 5936 11517 5881 11517 5931 11517 5936 11518 5931 11518 5937 11518 5937 11519 5931 11519 5932 11519 5937 11520 5932 11520 5938 11520 5938 11521 5932 11521 5898 11521 5938 11522 5898 11522 5939 11522 5939 11523 5898 11523 5900 11523 5939 11524 5900 11524 5940 11524 5138 11525 5823 11525 5851 11525 5851 11526 5823 11526 5821 11526 5851 11527 5821 11527 5927 11527 5927 11528 5821 11528 5820 11528 5927 11529 5820 11529 5926 11529 5926 11530 5820 11530 5818 11530 5926 11531 5818 11531 5925 11531 5174 11532 5166 11532 5863 11532 5863 11533 5166 11533 5861 11533 5863 11534 5861 11534 5932 11534 5932 11535 5861 11535 5862 11535 5932 11536 5862 11536 5898 11536 5898 11537 5862 11537 5860 11537 5898 11538 5860 11538 5896 11538 5896 11539 5860 11539 5858 11539 5896 11540 5858 11540 5894 11540 5894 11541 5858 11541 5857 11541 5894 11542 5857 11542 5901 11542 5901 11543 5857 11543 5856 11543 5901 11544 5856 11544 5914 11544 5914 11545 5856 11545 5855 11545 5914 11546 5855 11546 5911 11546 5911 11547 5855 11547 5854 11547 5911 11548 5854 11548 5905 11548 5905 11549 5854 11549 5853 11549 5905 11550 5853 11550 5907 11550 5907 11551 5853 11551 5850 11551 5907 11552 5850 11552 5918 11552 5918 11553 5850 11553 5849 11553 5918 11554 5849 11554 5920 11554 5920 11555 5849 11555 5925 11555 5920 11556 5925 11556 5816 11556 5816 11557 5925 11557 5818 11557 5444 11558 5443 11558 5941 11558 5450 11559 5449 11559 5942 11559 5465 11560 5464 11560 5943 11560 5457 11561 5454 11561 5944 11561 5474 11562 5475 11562 5945 11562 5943 11563 5946 11563 5947 11563 5948 11564 5949 11564 5950 11564 5951 11565 5952 11565 5953 11565 5954 11566 5955 11566 5956 11566 5371 11567 5370 11567 5957 11567 5501 11568 5498 11568 5958 11568 5517 11569 5524 11569 5959 11569 5960 11570 5959 11570 5961 11570 5529 11571 4759 11571 5663 11571 5962 11572 5963 11572 5964 11572 5904 11573 5906 11573 5965 11573 5772 11574 5780 11574 5942 11574 5774 11575 5773 11575 5966 11575 5264 11576 5265 11576 5967 11576 5284 11577 5283 11577 5968 11577 5200 11578 5289 11578 5969 11578 5197 11579 5301 11579 5970 11579 5363 11580 4415 11580 5662 11580 5354 11581 5355 11581 5971 11581 5971 11582 5355 11582 5352 11582 5971 11583 5352 11583 5351 11583 5363 11584 5662 11584 5351 11584 4253 11585 5334 11585 5215 11585 5215 11586 5334 11586 5340 11586 5215 11587 5340 11587 5972 11587 5972 11588 5340 11588 5339 11588 5339 11589 5337 11589 5972 11589 5972 11590 5337 11590 5367 11590 5972 11591 5367 11591 5366 11591 5366 11592 5365 11592 5972 11592 5972 11593 5365 11593 5364 11593 5972 11594 5364 11594 5971 11594 5971 11595 5364 11595 5353 11595 5971 11596 5353 11596 5354 11596 5973 11597 5331 11597 5972 11597 5972 11598 5331 11598 5330 11598 5972 11599 5330 11599 5215 11599 5328 11600 5329 11600 5973 11600 5973 11601 5329 11601 5332 11601 5973 11602 5332 11602 5331 11602 5321 11603 5322 11603 5974 11603 5974 11604 5322 11604 5323 11604 5323 11605 5327 11605 5974 11605 5974 11606 5327 11606 5326 11606 5974 11607 5326 11607 5975 11607 5975 11608 5326 11608 5325 11608 5975 11609 5325 11609 5973 11609 5973 11610 5325 11610 5324 11610 5973 11611 5324 11611 5328 11611 5321 11612 5974 11612 5320 11612 5320 11613 5974 11613 5976 11613 5320 11614 5976 11614 5188 11614 5690 11615 5191 11615 5685 11615 5685 11616 5191 11616 5317 11616 5685 11617 5317 11617 5667 11617 5667 11618 5317 11618 5318 11618 5667 11619 5318 11619 5319 11619 5697 11620 5194 11620 5689 11620 5689 11621 5194 11621 5316 11621 5689 11622 5316 11622 5690 11622 5690 11623 5316 11623 5192 11623 5690 11624 5192 11624 5191 11624 5311 11625 5310 11625 5688 11625 5688 11626 5310 11626 5315 11626 5688 11627 5315 11627 5697 11627 5697 11628 5315 11628 5195 11628 5697 11629 5195 11629 5194 11629 5311 11630 5688 11630 5312 11630 5312 11631 5688 11631 5695 11631 5312 11632 5695 11632 5313 11632 5306 11633 5305 11633 5977 11633 5977 11634 5305 11634 5309 11634 5977 11635 5309 11635 5978 11635 5978 11636 5309 11636 5314 11636 5978 11637 5314 11637 5313 11637 5306 11638 5977 11638 5307 11638 5307 11639 5977 11639 5979 11639 5307 11640 5979 11640 5308 11640 5301 11641 5302 11641 5970 11641 5970 11642 5302 11642 5303 11642 5970 11643 5303 11643 5979 11643 5979 11644 5303 11644 5304 11644 5979 11645 5304 11645 5308 11645 5980 11646 5298 11646 5297 11646 5980 11647 5297 11647 5970 11647 5970 11648 5297 11648 5198 11648 5970 11649 5198 11649 5197 11649 5295 11650 5296 11650 5981 11650 5981 11651 5296 11651 5300 11651 5981 11652 5300 11652 5980 11652 5980 11653 5300 11653 5299 11653 5980 11654 5299 11654 5298 11654 5295 11655 5981 11655 5291 11655 5291 11656 5981 11656 5982 11656 5291 11657 5982 11657 5292 11657 5289 11658 5290 11658 5969 11658 5969 11659 5290 11659 5294 11659 5969 11660 5294 11660 5982 11660 5982 11661 5294 11661 5293 11661 5982 11662 5293 11662 5292 11662 5204 11663 5983 11663 5287 11663 5287 11664 5983 11664 5984 11664 5287 11665 5984 11665 5286 11665 5204 11666 5203 11666 5983 11666 5983 11667 5203 11667 5288 11667 5983 11668 5288 11668 5969 11668 5969 11669 5288 11669 5201 11669 5969 11670 5201 11670 5200 11670 5283 11671 5282 11671 5968 11671 5968 11672 5282 11672 5281 11672 5968 11673 5281 11673 5984 11673 5984 11674 5281 11674 5285 11674 5984 11675 5285 11675 5286 11675 5284 11676 5968 11676 5280 11676 5280 11677 5968 11677 5985 11677 5280 11678 5985 11678 5276 11678 5275 11679 5279 11679 5986 11679 5986 11680 5279 11680 5278 11680 5986 11681 5278 11681 5985 11681 5985 11682 5278 11682 5277 11682 5985 11683 5277 11683 5276 11683 5273 11684 5810 11684 5272 11684 5272 11685 5810 11685 5827 11685 5829 11686 5207 11686 5827 11686 5827 11687 5207 11687 5206 11687 5827 11688 5206 11688 5272 11688 5835 11689 5270 11689 5836 11689 5836 11690 5270 11690 5269 11690 5836 11691 5269 11691 5829 11691 5829 11692 5269 11692 5268 11692 5829 11693 5268 11693 5207 11693 5826 11694 5267 11694 5835 11694 5835 11695 5267 11695 5271 11695 5835 11696 5271 11696 5270 11696 5265 11697 5210 11697 5825 11697 5825 11698 5210 11698 5209 11698 5825 11699 5209 11699 5826 11699 5826 11700 5209 11700 5266 11700 5826 11701 5266 11701 5267 11701 5264 11702 5967 11702 5263 11702 5263 11703 5967 11703 5987 11703 5263 11704 5987 11704 5259 11704 5988 11705 5254 11705 5258 11705 5258 11706 5262 11706 5988 11706 5988 11707 5262 11707 5261 11707 5988 11708 5261 11708 5987 11708 5987 11709 5261 11709 5260 11709 5987 11710 5260 11710 5259 11710 5253 11711 5257 11711 5989 11711 5989 11712 5257 11712 5256 11712 5989 11713 5256 11713 5988 11713 5988 11714 5256 11714 5255 11714 5988 11715 5255 11715 5254 11715 5253 11716 5989 11716 5252 11716 5252 11717 5989 11717 5990 11717 5252 11718 5990 11718 5251 11718 5248 11719 5247 11719 5991 11719 5991 11720 5247 11720 5246 11720 5991 11721 5246 11721 5990 11721 5990 11722 5246 11722 5250 11722 5990 11723 5250 11723 5251 11723 5571 11724 4581 11724 5245 11724 5991 11725 5665 11725 5248 11725 5248 11726 5665 11726 5571 11726 5248 11727 5571 11727 5249 11727 5249 11728 5571 11728 5245 11728 5784 11729 5783 11729 5992 11729 5992 11730 5783 11730 5798 11730 5797 11731 5796 11731 5976 11731 5319 11732 5189 11732 5667 11732 5667 11733 5189 11733 5188 11733 5667 11734 5188 11734 5668 11734 5668 11735 5188 11735 5976 11735 5668 11736 5976 11736 5671 11736 5671 11737 5976 11737 5796 11737 5773 11738 5786 11738 5993 11738 5993 11739 5786 11739 5785 11739 5780 11740 5779 11740 5942 11740 5942 11741 5779 11741 5778 11741 5942 11742 5778 11742 5966 11742 5966 11743 5778 11743 5776 11743 5966 11744 5776 11744 5774 11744 5453 11745 5452 11745 5755 11745 5760 11746 5761 11746 5449 11746 5453 11747 5755 11747 5449 11747 5449 11748 5755 11748 5754 11748 5449 11749 5754 11749 5760 11749 5761 11750 5763 11750 5449 11750 5449 11751 5763 11751 5764 11751 5449 11752 5764 11752 5766 11752 5766 11753 5767 11753 5449 11753 5449 11754 5767 11754 5769 11754 5449 11755 5769 11755 5942 11755 5942 11756 5769 11756 5770 11756 5942 11757 5770 11757 5772 11757 5994 11758 5747 11758 5740 11758 5451 11759 5742 11759 5803 11759 5803 11760 5802 11760 5451 11760 5451 11761 5802 11761 5801 11761 5451 11762 5801 11762 5800 11762 5800 11763 5799 11763 5451 11763 5451 11764 5799 11764 5759 11764 5451 11765 5759 11765 5452 11765 5452 11766 5759 11766 5756 11766 5452 11767 5756 11767 5755 11767 5748 11768 5744 11768 5994 11768 5994 11769 5744 11769 5746 11769 5994 11770 5746 11770 5747 11770 5752 11771 5751 11771 5995 11771 5751 11772 5739 11772 5995 11772 5995 11773 5739 11773 5738 11773 5995 11774 5738 11774 5996 11774 5996 11775 5738 11775 5737 11775 5996 11776 5737 11776 5749 11776 5313 11777 5695 11777 5978 11777 5978 11778 5695 11778 5708 11778 5978 11779 5708 11779 5706 11779 5705 11780 5732 11780 5997 11780 5997 11781 5732 11781 5734 11781 5997 11782 5734 11782 5753 11782 5934 11783 5933 11783 5986 11783 5273 11784 5274 11784 5810 11784 5810 11785 5274 11785 5275 11785 5810 11786 5275 11786 5806 11786 5806 11787 5275 11787 5986 11787 5806 11788 5986 11788 5807 11788 5807 11789 5986 11789 5933 11789 5921 11790 5917 11790 5998 11790 5998 11791 5917 11791 5919 11791 5998 11792 5919 11792 5935 11792 5922 11793 5999 11793 5923 11793 5923 11794 5999 11794 5965 11794 5923 11795 5965 11795 5908 11795 5908 11796 5965 11796 5906 11796 5912 11797 5910 11797 5958 11797 5958 11798 5910 11798 5909 11798 5903 11799 5902 11799 5498 11799 5902 11800 5916 11800 5498 11800 5498 11801 5916 11801 5915 11801 5498 11802 5915 11802 5958 11802 5958 11803 5915 11803 5913 11803 5958 11804 5913 11804 5912 11804 5880 11805 5515 11805 5878 11805 5878 11806 5515 11806 6000 11806 5878 11807 6000 11807 5886 11807 5886 11808 6000 11808 5885 11808 5880 11809 5882 11809 5515 11809 5515 11810 5882 11810 5936 11810 5515 11811 5936 11811 5937 11811 5937 11812 5938 11812 5515 11812 5515 11813 5938 11813 5939 11813 5515 11814 5939 11814 5516 11814 5516 11815 5939 11815 5940 11815 5516 11816 5940 11816 5504 11816 5504 11817 5940 11817 5507 11817 5507 11818 5940 11818 5900 11818 5507 11819 5900 11819 5508 11819 5508 11820 5900 11820 5899 11820 5508 11821 5899 11821 5509 11821 5509 11822 5899 11822 5897 11822 5509 11823 5897 11823 5498 11823 5498 11824 5897 11824 5895 11824 5498 11825 5895 11825 5903 11825 5887 11826 5889 11826 6001 11826 6001 11827 5889 11827 5890 11827 6001 11828 5890 11828 5883 11828 6002 11829 6003 11829 6004 11829 6004 11830 6003 11830 5892 11830 5892 11831 5891 11831 6004 11831 6004 11832 5891 11832 5877 11832 6004 11833 5877 11833 5876 11833 5265 11834 5825 11834 5967 11834 5967 11835 5825 11835 5846 11835 5967 11836 5846 11836 5845 11836 5871 11837 5873 11837 6003 11837 6003 11838 5873 11838 5893 11838 6003 11839 5893 11839 5892 11839 5664 11840 5656 11840 6005 11840 6005 11841 5656 11841 5962 11841 5962 11842 5656 11842 5545 11842 5963 11843 6006 11843 6007 11843 5963 11844 6007 11844 5964 11844 5964 11845 6007 11845 6008 11845 5964 11846 6008 11846 6009 11846 5530 11847 5529 11847 6010 11847 6010 11848 5529 11848 5663 11848 6010 11849 5663 11849 6005 11849 6005 11850 5663 11850 5664 11850 5523 11851 5528 11851 6008 11851 6008 11852 5528 11852 5527 11852 6008 11853 5527 11853 6009 11853 6009 11854 5527 11854 5525 11854 6009 11855 5525 11855 5531 11855 5962 11856 5964 11856 6005 11856 6005 11857 5964 11857 6009 11857 6005 11858 6009 11858 6010 11858 6010 11859 6009 11859 5531 11859 6010 11860 5531 11860 5530 11860 5876 11861 5887 11861 6004 11861 6004 11862 5887 11862 6001 11862 6004 11863 6001 11863 6000 11863 6000 11864 6001 11864 5883 11864 6000 11865 5883 11865 5885 11865 6006 11866 6011 11866 5961 11866 5961 11867 6011 11867 6012 11867 5961 11868 6012 11868 5960 11868 5960 11869 6012 11869 6013 11869 5514 11870 5513 11870 6013 11870 5515 11871 5514 11871 6000 11871 6000 11872 5514 11872 6013 11872 6000 11873 6013 11873 6004 11873 6004 11874 6013 11874 6012 11874 6004 11875 6012 11875 6002 11875 6002 11876 6012 11876 6011 11876 5513 11877 5511 11877 6013 11877 6013 11878 5511 11878 5521 11878 6013 11879 5521 11879 5960 11879 5960 11880 5521 11880 5520 11880 5960 11881 5520 11881 5959 11881 5959 11882 5520 11882 5518 11882 5959 11883 5518 11883 5517 11883 6006 11884 5961 11884 6007 11884 6007 11885 5961 11885 5959 11885 6007 11886 5959 11886 6008 11886 6008 11887 5959 11887 5524 11887 6008 11888 5524 11888 5523 11888 6014 11889 5494 11889 5493 11889 6014 11890 5493 11890 6015 11890 5493 11891 5491 11891 6015 11891 6015 11892 5491 11892 5503 11892 6015 11893 5503 11893 5958 11893 5958 11894 5503 11894 5502 11894 5958 11895 5502 11895 5501 11895 5489 11896 5488 11896 6016 11896 6016 11897 5488 11897 6017 11897 5957 11898 5370 11898 6016 11898 6016 11899 5370 11899 5486 11899 6016 11900 5486 11900 5489 11900 6018 11901 6019 11901 6020 11901 6020 11902 6019 11902 6021 11902 6020 11903 6021 11903 6022 11903 6022 11904 6021 11904 5957 11904 6022 11905 5957 11905 6023 11905 6023 11906 5957 11906 6016 11906 6023 11907 6016 11907 6024 11907 6024 11908 6016 11908 6017 11908 6024 11909 6017 11909 6025 11909 6025 11910 6017 11910 6014 11910 6025 11911 6014 11911 5999 11911 5999 11912 6014 11912 6015 11912 5999 11913 6015 11913 5965 11913 5965 11914 6015 11914 5958 11914 5965 11915 5958 11915 5904 11915 5904 11916 5958 11916 5909 11916 5488 11917 5487 11917 6017 11917 6017 11918 5487 11918 5497 11918 6017 11919 5497 11919 6014 11919 6014 11920 5497 11920 5495 11920 6014 11921 5495 11921 5494 11921 6026 11922 6018 11922 6027 11922 6027 11923 6018 11923 6020 11923 6027 11924 6020 11924 6028 11924 6028 11925 6020 11925 6022 11925 6028 11926 6022 11926 6029 11926 6029 11927 6022 11927 6023 11927 6029 11928 6023 11928 6030 11928 6030 11929 6023 11929 6024 11929 6030 11930 6024 11930 6031 11930 6031 11931 6024 11931 6025 11931 6031 11932 6025 11932 5998 11932 5998 11933 6025 11933 5999 11933 5998 11934 5999 11934 5921 11934 5921 11935 5999 11935 5922 11935 6026 11936 5954 11936 6032 11936 5955 11937 6033 11937 6034 11937 5753 11938 5752 11938 5997 11938 5997 11939 5752 11939 5995 11939 5997 11940 5995 11940 6035 11940 6035 11941 5995 11941 6036 11941 6035 11942 6036 11942 6037 11942 5955 11943 6034 11943 5956 11943 5956 11944 6034 11944 6038 11944 5956 11945 6038 11945 6039 11945 5749 11946 5748 11946 5996 11946 5996 11947 5748 11947 5994 11947 5996 11948 5994 11948 5995 11948 5995 11949 5994 11949 5944 11949 5995 11950 5944 11950 6036 11950 6026 11951 6032 11951 6018 11951 6018 11952 6032 11952 5945 11952 6018 11953 5945 11953 6019 11953 6019 11954 5945 11954 5475 11954 6019 11955 5475 11955 5481 11955 6038 11956 5478 11956 6039 11956 6039 11957 5478 11957 5477 11957 6039 11958 5477 11958 5476 11958 5954 11959 5956 11959 6032 11959 6032 11960 5956 11960 6039 11960 6032 11961 6039 11961 5945 11961 5945 11962 6039 11962 5476 11962 5945 11963 5476 11963 5474 11963 5457 11964 5944 11964 5458 11964 5458 11965 5944 11965 5994 11965 5458 11966 5994 11966 5451 11966 5451 11967 5994 11967 5740 11967 5451 11968 5740 11968 5742 11968 5454 11969 5465 11969 5944 11969 5944 11970 5465 11970 5943 11970 5944 11971 5943 11971 6036 11971 6036 11972 5943 11972 5947 11972 6036 11973 5947 11973 6037 11973 6037 11974 5947 11974 6033 11974 5470 11975 5469 11975 6038 11975 6038 11976 5469 11976 5466 11976 6038 11977 5466 11977 5478 11977 5464 11978 5463 11978 5943 11978 5943 11979 5463 11979 5459 11979 5943 11980 5459 11980 5946 11980 5946 11981 5459 11981 5461 11981 5946 11982 5461 11982 5471 11982 6033 11983 5947 11983 6034 11983 6034 11984 5947 11984 5946 11984 6034 11985 5946 11985 6038 11985 6038 11986 5946 11986 5471 11986 6038 11987 5471 11987 5470 11987 6040 11988 5950 11988 6041 11988 6041 11989 5950 11989 5949 11989 6041 11990 5949 11990 5951 11990 5993 11991 6042 11991 6043 11991 6043 11992 6042 11992 5447 11992 6043 11993 5447 11993 5446 11993 5773 11994 5993 11994 5966 11994 5966 11995 5993 11995 6043 11995 5966 11996 6043 11996 5942 11996 5942 11997 6043 11997 5446 11997 5942 11998 5446 11998 5450 11998 5436 11999 5435 11999 6040 11999 6040 12000 5435 12000 5432 12000 5432 12001 5444 12001 6040 12001 6040 12002 5444 12002 5941 12002 6040 12003 5941 12003 5950 12003 5950 12004 5941 12004 6044 12004 5950 12005 6044 12005 5948 12005 5948 12006 6044 12006 5992 12006 6045 12007 5429 12007 5428 12007 5428 12008 6046 12008 6045 12008 6045 12009 6046 12009 5953 12009 6045 12010 5953 12010 6047 12010 6047 12011 5953 12011 5952 12011 6047 12012 5952 12012 6048 12012 5428 12013 5424 12013 6046 12013 6046 12014 5424 12014 5426 12014 6046 12015 5426 12015 5437 12015 5951 12016 5953 12016 6041 12016 6041 12017 5953 12017 6046 12017 6041 12018 6046 12018 6040 12018 6040 12019 6046 12019 5437 12019 6040 12020 5437 12020 5436 12020 5442 12021 5440 12021 6042 12021 6042 12022 5440 12022 5439 12022 6042 12023 5439 12023 5447 12023 5443 12024 5442 12024 5941 12024 5941 12025 5442 12025 6042 12025 5941 12026 6042 12026 6044 12026 6044 12027 6042 12027 5993 12027 6044 12028 5993 12028 5992 12028 5992 12029 5993 12029 5785 12029 5992 12030 5785 12030 5784 12030 6048 12031 5609 12031 6047 12031 6047 12032 5609 12032 5608 12032 6047 12033 5608 12033 5607 12033 5971 12034 6048 12034 5972 12034 5972 12035 6048 12035 5952 12035 5972 12036 5952 12036 5973 12036 5973 12037 5952 12037 5951 12037 5973 12038 5951 12038 5975 12038 5975 12039 5951 12039 5949 12039 5975 12040 5949 12040 5974 12040 5974 12041 5949 12041 5948 12041 5974 12042 5948 12042 5976 12042 5976 12043 5948 12043 5992 12043 5976 12044 5992 12044 5797 12044 5797 12045 5992 12045 5798 12045 5545 12046 5544 12046 5991 12046 5991 12047 5544 12047 5665 12047 5845 12048 5871 12048 5967 12048 5967 12049 5871 12049 6003 12049 5967 12050 6003 12050 5987 12050 5987 12051 6003 12051 6002 12051 5987 12052 6002 12052 5988 12052 5988 12053 6002 12053 6011 12053 5988 12054 6011 12054 5989 12054 5989 12055 6011 12055 6006 12055 5989 12056 6006 12056 5990 12056 5990 12057 6006 12057 5963 12057 5990 12058 5963 12058 5991 12058 5991 12059 5963 12059 5962 12059 5991 12060 5962 12060 5545 12060 6047 12061 5607 12061 5613 12061 6047 12062 5613 12062 6045 12062 6045 12063 5613 12063 5429 12063 5429 12064 5613 12064 5616 12064 5429 12065 5616 12065 5431 12065 5431 12066 5616 12066 4746 12066 5481 12067 5480 12067 6019 12067 6019 12068 5480 12068 5484 12068 6019 12069 5484 12069 6021 12069 6021 12070 5484 12070 5483 12070 6021 12071 5483 12071 5957 12071 5957 12072 5483 12072 5482 12072 5957 12073 5482 12073 5371 12073 5351 12074 5662 12074 5971 12074 5971 12075 5662 12075 6048 12075 6048 12076 5662 12076 5661 12076 6048 12077 5661 12077 5609 12077 5706 12078 5705 12078 5978 12078 5978 12079 5705 12079 5997 12079 5978 12080 5997 12080 5977 12080 5977 12081 5997 12081 6035 12081 5977 12082 6035 12082 5979 12082 5979 12083 6035 12083 6037 12083 5979 12084 6037 12084 5970 12084 5970 12085 6037 12085 6033 12085 5970 12086 6033 12086 5980 12086 5980 12087 6033 12087 5955 12087 5980 12088 5955 12088 5981 12088 5981 12089 5955 12089 5954 12089 5981 12090 5954 12090 5982 12090 5982 12091 5954 12091 6026 12091 5982 12092 6026 12092 5969 12092 5969 12093 6026 12093 6027 12093 5969 12094 6027 12094 5983 12094 5983 12095 6027 12095 6028 12095 5983 12096 6028 12096 5984 12096 5984 12097 6028 12097 6029 12097 5984 12098 6029 12098 5968 12098 5968 12099 6029 12099 6030 12099 5968 12100 6030 12100 5985 12100 5985 12101 6030 12101 6031 12101 5985 12102 6031 12102 5986 12102 5986 12103 6031 12103 5998 12103 5986 12104 5998 12104 5934 12104 5934 12105 5998 12105 5935 12105</p>
        </triangles>
      </mesh>
    </geometry>
  </library_geometries>
  <library_visual_scenes>
    <visual_scene id="Scene" name="Scene">
      <node id="base" name="base" type="NODE">
        <matrix sid="transform">1 0 0 0 0 1 0 0 0 0 1 0 0 0 0 1</matrix>
        <instance_geometry url="#base-mesh" name="base"/>
      </node>
    </visual_scene>
  </library_visual_scenes>
  <scene>
    <instance_visual_scene url="#Scene"/>
  </scene>
</COLLADA>