<?xml version="1.0" encoding="utf-8"?>
<COLLADA xmlns="http://www.collada.org/2005/11/COLLADASchema" version="1.4.1" xmlns:xsi="http://www.w3.org/2001/XMLSchema-instance">
  <asset>
    <contributor>
      <author>Blender User</author>
      <authoring_tool>Blender 4.4.3 commit date:2025-04-29, commit time:14:09, hash:802179c51ccc</authoring_tool>
    </contributor>
    <created>2026-04-21T10:15:01</created>
    <modified>2026-04-21T10:15:01</modified>
    <unit name="meter" meter="1"/>
    <up_axis>Z_UP</up_axis>
  </asset>
  <library_effects>
    <effect id="材质-effect">
      <profile_COMMON>
        <technique sid="common">
          <lambert>
            <emission>
              <color sid="emission">0 0 0 1</color>
            </emission>
            <diffuse>
              <color sid="diffuse">0.8 0.8 0.8 1</color>
            </diffuse>
            <index_of_refraction>
              <float sid="ior">1.5</float>
            </index_of_refraction>
          </lambert>
        </technique>
      </profile_COMMON>
    </effect>
  </library_effects>
  <library_images/>
  <library_materials>
    <material id="材质-material" name="材质">
      <instance_effect url="#材质-effect"/>
    </material>
  </library_materials>
  <library_geometries>
    <geometry id="Base-mesh" name="Base">
      <mesh>
        <source id="Base-mesh-positions">
          <float_array id="Base-mesh-positions-array" count="17958">-0.01949995 0.06 0 -0.01949995 0.06450378 0 -0.01524996 0.06450378 0 0.05223423 0.04792553 0 0.04792553 0.05223423 0 0.04665082 0.05560022 0 -0.06391763 -0.05790227 0 -0.0645076 -0.06010407 0 -0.07458049 -0.0580483 0 -0.09321951 -0.01555556 0 -0.09405606 -0.009236454 0 -0.09319996 -0.009236454 0 -0.08938777 -0.03068685 0 -0.08749997 -0.02099996 0 -0.08749997 -0.008660197 0 -0.0930534 -0.008948326 0 -0.09290677 -0.008660197 0 -0.0792818 -0.0429145 0 -0.0792818 -0.05085235 0 -0.08056235 -0.04122614 0 -0.08311772 -0.04498106 0 -0.08414638 -0.03330576 0 -0.08695387 -0.02507799 0 -0.06748706 -0.06575375 0 -0.06391763 -0.0623058 0 -0.0623058 -0.06391763 0 -0.06010407 -0.0645076 0 -0.05790227 -0.06391763 0 -0.04920482 -0.06575375 0 -0.0562905 -0.0623058 0 -0.04897081 -0.06298512 0 -0.05570054 -0.06010407 0 -0.07755279 -0.04519408 0 -0.07322579 -0.0481013 0 -0.0681796 -0.0494095 0 -0.0623058 -0.0562905 0 -0.06298512 -0.04897081 0 -0.06010407 -0.05570054 0 -0.05824667 -0.04875504 0 -0.05790227 -0.0562905 0 -0.05382418 -0.05047011 0 -0.0562905 -0.05790227 0 -0.05047011 -0.05382418 0 -0.04875504 -0.05824667 0 -0.06400883 -0.06953215 0 -0.04940968 -0.0681777 0 -0.06395441 -0.06957453 0 -0.04904782 -0.06957453 0 -0.05169123 -0.07911932 0 -0.03585022 -0.08301782 0 -0.03585022 -0.08727383 0 -0.04113459 -0.08061045 0 -0.03796362 -0.08654832 0 -0.04519808 -0.07754862 0 -0.04810291 -0.07322227 0 -0.01524996 -0.08787953 0 -0.01524996 -0.09294325 0 -0.01566976 -0.08739149 0 -0.02320045 -0.09161657 0 -0.03382682 -0.08393955 0 -0.03379613 -0.08395171 0 -0.00602132 -0.08955383 0 -0.004749953 -0.0941857 0 -0.007172763 -0.08971291 0 -0.007804393 -0.0941857 0 -0.01351612 -0.08897852 0 -0.01475185 -0.08845859 0 0.007804393 -0.0941857 0 0.003048002 -0.08724147 0 0.06395441 -0.06957453 0 0.05169123 -0.07911932 0 0.04532349 -0.07463717 0 0.03796362 -0.08654832 0 0.03783565 -0.08222025 0 0.04186248 -0.0794723 0 0.007324516 -0.08952593 0 0.01117646 -0.08981084 2.90488e-6 0.02320045 -0.09161657 0 0.02454733 -0.08711576 0 0.02585023 -0.09070688 0 0.02585023 -0.086636 0 0.03781288 -0.08223086 0 0.04653805 -0.06957453 0 0.04671066 -0.06885504 0 0.06400883 -0.06953215 0 0.04635161 -0.06575375 0 0.05790227 -0.06391763 0 0.06010407 -0.0645076 0 0.06748706 -0.06575375 0 0.06010407 -0.05570054 0 0.06401234 -0.04614996 0 0.0623058 -0.0562905 0 0.06885504 -0.04671066 0 0.06391763 -0.05790227 0 0.07463717 -0.04532349 0 0.08311772 -0.04498106 0 0.0645076 -0.06010407 0 0.07458049 -0.0580483 0 0.06391763 -0.0623058 0 0.0623058 -0.06391763 0 0.0562905 -0.0623058 0 0.04614996 -0.06401234 0 0.05570054 -0.06010407 0 0.04577642 -0.0579341 0 0.0562905 -0.05790227 0 0.04793304 -0.05223912 0 0.05790227 -0.0562905 0 0.05223912 -0.04793304 0 0.0579341 -0.04577642 0 0.0794723 -0.04186248 0 0.08222025 -0.03783565 0 0.08938777 -0.03068685 0 0.07617986 0.05560022 0 0.08311772 0.04498106 0 0.07954591 0.04177075 0 0.05793279 0.04576754 0 0.06401473 0.04614138 0 0.06888866 0.04670023 0 0.07470214 0.04528373 0 0.08223086 -0.03781288 0 0.08606219 -0.02801841 0 0.09321951 -0.01555556 0 0.0894249 -0.01396119 0 0.09450846 0 0 0.09050703 4.52003e-4 0 0.09440493 0.001249969 0 0.09043914 0.001249969 0 0.09321951 0.01555556 0 0.08928102 0.01485371 0 0.08938777 0.03068685 0 0.08577805 0.0288766 0 0.08222085 0.03782021 -1.54019e-6 0.05790227 0.06391763 0 0.0562905 0.0623058 0 0.04619801 0.06450378 0 0.06391763 0.0623058 0 0.06863778 0.06450378 0 0.0645076 0.06010407 0 0.07458049 0.0580483 0 0.06391763 0.05790227 0 0.0623058 0.0562905 0 0.04614138 0.06401473 0 0.05570054 0.06010407 0 0.04576754 0.05793279 0 0.06010407 0.05570054 0 0.05790227 0.0562905 0 0.0562905 0.05790227 0 0.0623058 0.06391763 0 0.06011825 0.06450378 0 0.06626772 0.06707835 0 0.06008988 0.06450378 0 0.04649603 0.06707835 0 0.06010407 0.0645076 0 0.06400883 0.06953215 0 0.04670166 0.06885462 0 0.05169123 0.07911932 0 0.04531532 0.07463341 0 0.04185628 0.0794658 0 0.03796362 0.08654832 0 -0.004252016 0.08792155 0 -0.004749953 0.08862012 0 -0.004749953 0.0941857 0 -0.003999948 0.0867179 0 0.003044188 0.08723807 0 0.006889641 0.08940124 0 0.007804393 0.0941857 0 0.01117891 0.08980613 0 -5e-4 0.06707835 0 -0.003999948 0.07264912 0 -5e-4 0.07937252 0 4.26977e-4 0.08368611 0 0.03783184 0.08221215 0 0.03780913 0.08222275 0 0.02585023 0.09070688 0 0.02585023 0.08663898 0 0.02470552 0.0870617 0 0.02320045 0.09161657 0 -0.01351612 0.08897852 0 -0.01524996 0.09294325 0 -0.007172763 0.08971291 0 -0.007804393 0.0941857 0 -0.00602132 0.08955383 0 -0.004965782 0.08892291 0 -0.01475185 0.08845859 0 -0.01524996 0.08787953 0 -0.02320045 0.09161657 0 -0.01566976 0.08739149 0 -0.02236664 0.08137184 0 -0.01599997 0.08602321 0 -0.02006626 0.07756364 0 -0.02603751 0.08388561 0 -0.03041982 0.08465355 0 -0.03585022 0.08727383 0 -0.03379613 0.08395171 0 -0.04931676 0.06707835 0 -0.06626772 0.06707835 0 -0.04940968 0.0681777 0 -0.06400883 0.06953215 0 -0.04810291 0.07322227 0 -0.05169123 0.07911932 0 -0.03382682 0.08393955 0 -0.03585022 0.08301782 0 -0.03796362 0.08654832 0 -0.04113459 0.08061045 0 -0.04519808 0.07754862 0 -0.04909914 0.06450378 0 -0.06008988 0.06450378 0 -0.06010407 0.0645076 0 -0.06011825 0.06450378 0 -0.06863778 0.06450378 0 -0.06391763 0.05790227 0 -0.07617986 0.05560022 0 -0.0645076 0.06010407 0 -0.07458049 0.0580483 0 -0.06391763 0.0623058 0 -0.0623058 0.06391763 0 -0.0623058 0.0562905 0 -0.06010407 0.05570054 0 -0.04978132 0.05560022 0 -0.05790227 0.0562905 0 -0.0562905 0.05790227 0 -0.04875504 0.05824667 0 -0.05570054 0.06010407 0 -0.04897081 0.06298512 0 -0.0562905 0.0623058 0 -0.05790227 0.06391763 0 -0.0792818 0.05085235 0 -0.07315927 0.04813098 0 -0.05047011 0.05382418 0 -0.05382418 0.05047011 0 -0.05824667 0.04875504 0 -0.06298512 0.04897081 0 -0.06762433 0.04944664 0 -0.09319996 0.009236454 0 -0.08749997 0.02099996 0 -0.0930534 0.008948326 0 -0.08749997 0.008660197 0 -0.09290677 0.008660197 0 -0.0778467 0.04490691 0 -0.0792818 0.04294985 0 -0.08311772 0.04498106 0 -0.08938777 0.03068685 0 -0.08692634 0.02517765 0 -0.09321951 0.01555556 0 -0.09405606 0.009236454 0 -0.08060443 0.04114615 0 -0.08061599 0.04112386 0 -0.08416867 0.03325265 0 -0.01832109 0.05560022 0 -0.01475 0.05177271 0 -0.01524996 0.05227273 0 -0.01524996 0.05560022 0 -0.01037418 0.05560022 0 -0.00999999 0.05549997 0 -0.00999999 0.05049997 0 -0.009625732 0.05560022 0 -0.005249977 0.05177271 0 -0.004749953 0.05227273 0 -0.001678884 0.05560022 0 -0.001772701 0.05524998 0 -0.004749953 0.05560022 0 -5e-4 0.06 0 -0.004749953 0.06450378 0 -5e-4 0.06450378 0 -0.004749953 -0.06957453 0 -0.004749953 -0.06575375 0 -5e-4 -0.06957453 0 -5e-4 -0.06575375 0 -0.004749953 -0.05227273 0 -0.001772701 -0.05524998 0 -5e-4 -0.06 0 -0.01449996 -0.0625 0 -0.01389706 -0.06474995 0 -0.01524996 -0.06575375 0 -0.006102859 -0.06474995 0 -0.005499958 -0.0625 0 -0.005499958 -0.0575 0 -0.006102859 -0.05524998 0 -0.005249977 -0.05177271 0 -0.007749974 -0.05360287 0 -0.00999999 -0.05049997 0 -0.00999999 -0.05299997 0 -0.01475 -0.05177271 0 -0.01224994 -0.05360287 0 -0.01524996 -0.05227273 0 -0.01389706 -0.05524998 0 -0.01449996 -0.0575 0 -0.01949995 -0.06575375 0 -0.01949995 -0.06 0 -0.01822721 -0.05524998 0 -0.004965782 -0.08892291 0 -0.004749953 -0.08862012 0 -0.004252016 -0.08792155 0 2.53845e-4 -0.08327925 0 -0.003999948 -0.0867179 0 -5e-4 -0.07937252 0 -0.003999948 -0.07514911 0 -0.004243612 -0.07396477 0 -0.004749953 -0.07330399 0 -0.00513947 -0.07279568 0 -0.03041982 -0.08465355 0 -0.02603751 -0.08388561 0 -0.02236664 -0.08137184 0 -0.01599997 -0.08602321 0 -0.02006626 -0.07756364 0 -0.01599997 -0.07514911 0 -0.01949995 -0.07416194 0 -0.0157563 -0.07396477 0 -0.01949995 -0.06957453 0 -0.01524996 -0.07330399 0 -0.01524996 -0.06957453 0 -0.01486051 -0.07279568 0 -0.01351624 -0.07219386 0 -0.006483674 -0.07219386 0 -0.007692277 -0.07223004 0 -0.01230764 -0.07223004 0 -0.01949995 0.07416194 0 -0.01599997 0.07264912 0 -0.01949995 0.06707835 0 -0.0157001 0.07134169 0 -0.01524996 0.06707835 0 -0.01524996 0.07078093 0 -0.01486051 0.07029569 0 -0.006350994 0.06972014 0 -0.00513947 0.07029569 0 -0.004749953 0.06707835 0 -0.004749953 0.07078093 0 -0.004299819 0.07134169 0 -0.01364892 0.06972014 0 -0.01230764 0.06973004 0 -0.007692277 0.06973004 0 -0.01289331 -0.06575375 0 -0.01224994 -0.06639707 0 -0.00999999 -0.06699997 0 -0.007749974 -0.06639707 0 -0.007106661 -0.06575375 0 -0.01449996 0.06 0 -0.01389706 0.05774998 0 -0.007749974 0.05610287 0 -0.01224994 0.05610287 0 -0.01224994 0.06389707 0 -0.01389706 0.06224995 0 -0.00999999 0.06449997 0 -0.007749974 0.06389707 0 -0.01822721 0.05524998 0 -0.006102859 0.05774998 0 -0.005499958 0.06 0 -0.006102859 0.06224995 0 -0.0874598 -0.00624293 0.002902686 -0.0927 -0.006198585 0.002917051 -0.08745813 -0.006278336 0.003021657 -0.0927 -0.006197929 0.002932667 -0.08744806 -0.006495177 0.003749966 -0.0927 -0.006495177 0.003749966 -0.09272015 -0.007788836 1.57101e-4 -0.08748865 -0.006878435 8.18535e-4 -0.08749181 -0.007045865 5.91105e-4 -0.08746349 -0.006164014 0.002637505 -0.08747047 -0.00625205 0.002133071 -0.0927 -0.006240069 0.001873254 -0.08747529 -0.006312727 0.001785397 -0.0927 -0.006284058 0.001785993 -0.08747887 -0.006358146 0.001525104 -0.0927 -0.006717443 9.26599e-4 -0.08748227 -0.006537675 0.001281261 -0.0927 -0.006854355 8.07673e-4 -0.0927 -0.007373988 3.56272e-4 -0.0874992 -0.008126616 5.76127e-5 -0.09276658 -0.008005499 1.18036e-4 -0.08749705 -0.007815599 2.11131e-4 -0.08749687 -0.007791936 2.22819e-4 -0.0874921 -0.007092654 5.68003e-4 -0.08744245 -0.006644487 0.00405085 -0.08743232 -0.006914794 0.004595577 -0.08740854 -0.007264375 0.005869925 -0.0927 -0.007076621 0.005919933 -0.08739733 -0.007428824 0.006469368 -0.08739554 -0.007428944 0.006564557 -0.0927 -0.007499992 0.007499992 -0.0873723 -0.007430672 0.007812619 -0.08735924 -0.007431626 0.008510053 -0.0927 -0.00694108 0.009585678 -0.08733826 -0.007127523 0.009635508 -0.08732455 -0.006929039 0.01037007 -0.0927 -0.006495177 0.01124995 -0.08732205 -0.006851196 0.01050478 -0.08729279 -0.005944728 0.01207274 -0.0927 -0.005030035 0.0127151 -0.08728039 -0.005280137 0.01273572 -0.0927 -0.001832842 0.01450884 -0.08724385 -0.001882493 0.01469397 -0.08724874 -0.002864181 0.01443153 -0.0927 -0.003749966 0.01399517 -0.08725178 -0.003142535 0.01427119 -0.08726698 -0.004558265 0.0134558 -0.08727824 -0.005165278 0.01285028 -0.08723938 -9.77188e-4 0.01493602 -0.0927 0 0.01499998 -0.08723938 -4.7269e-4 0.01493597 -0.08723938 9.80002e-4 0.01493567 -0.0927 0.001832842 0.01450884 -0.08724385 0.00188297 0.01469552 -0.0927 0.003749966 0.01399517 -0.08724862 0.002843081 0.01444017 -0.08724564 0.002246499 0.01459884 -0.0927 0.005030035 0.0127151 -0.08726912 0.004675269 0.01334095 -0.0872671 0.004565656 0.01345014 -0.0927 0.006495177 0.01124995 -0.08729255 0.005934536 0.01208591 -0.08727824 0.005166411 0.01285141 -0.08735662 0.007344424 0.008651196 -0.0873382 0.007122576 0.009636998 -0.0927 0.00694108 0.009585678 -0.08732759 0.006994247 0.01020735 -0.08730882 0.006427586 0.01121187 -0.08736783 0.007479846 0.008049428 -0.0927 0.007499992 0.007499992 -0.08739978 0.007347345 0.006339013 -0.0927 0.007076621 0.005919933 -0.08740878 0.007309913 0.005855977 -0.0927 0.006495177 0.003749966 -0.08744806 0.006495177 0.003749966 -0.08740973 0.007306039 0.005805432 -0.09281873 0.008378922 1.58765e-5 -0.092776 0.008017122 1.38434e-4 -0.08749741 0.007923543 1.83955e-4 -0.09275108 0.007806718 2.09694e-4 -0.08749699 0.007803082 2.14038e-4 -0.0927 0.007373988 3.56272e-4 -0.08749592 0.007484972 2.93482e-4 -0.08749163 0.007145404 6.01682e-4 -0.0927 0.006854355 8.07673e-4 -0.08748835 0.00688374 8.39237e-4 -0.0927 0.006717443 9.26599e-4 -0.08748453 0.006577372 0.001117289 -0.08748251 0.006525993 0.001260995 -0.0927 0.006284058 0.001785993 -0.08747506 0.006332993 0.001801013 -0.08747065 0.006219208 0.002119481 -0.0927 0.006240069 0.001873254 -0.08745425 0.006292402 0.003302097 -0.0927 0.006197929 0.002932667 -0.08745968 0.006247997 0.002910912 -0.0927 0.006198585 0.002917051 -0.08746004 0.006244957 0.002884387 -0.08746886 0.006172835 0.002249181 0.05646365 0.05800229 2.0349e-4 0.05622333 0.05786353 0.01610344 0.05800229 0.05646365 2.0349e-4 0.05786353 0.05622333 0.01610344 0.06010407 0.05590051 2.0349e-4 0.06010407 0.05562293 0.01610344 0.06220585 0.05646365 2.0349e-4 0.06234461 0.05622333 0.01610344 0.06374442 0.05800229 2.0349e-4 0.06398481 0.05786353 0.01610344 0.06430763 0.06010407 2.0349e-4 0.06458514 0.06010407 0.01610344 0.06374442 0.06220585 2.0349e-4 0.06398481 0.06234461 0.01610344 0.06220585 0.06374442 2.0349e-4 0.06234461 0.06398481 0.01610344 0.06010407 0.06430763 2.0349e-4 0.06010407 0.06458514 0.01610344 0.05800229 0.06374442 2.0349e-4 0.05786353 0.06398481 0.01610344 0.05646365 0.06220585 2.0349e-4 0.05622333 0.06234461 0.01610344 0.05590051 0.06010407 2.0349e-4 0.05562293 0.06010407 0.01610344 -0.06374442 0.05800229 2.0349e-4 -0.06398481 0.05786353 0.01610344 -0.06220585 0.05646365 2.0349e-4 -0.06234461 0.05622333 0.01610344 -0.06010407 0.05590051 2.0349e-4 -0.06010407 0.05562293 0.01610344 -0.05800229 0.05646365 2.0349e-4 -0.05786353 0.05622333 0.01610344 -0.05646365 0.05800229 2.0349e-4 -0.05622333 0.05786353 0.01610344 -0.05590051 0.06010407 2.0349e-4 -0.05562293 0.06010407 0.01610344 -0.05646365 0.06220585 2.0349e-4 -0.05622333 0.06234461 0.01610344 -0.05800229 0.06374442 2.0349e-4 -0.05786353 0.06398481 0.01610344 -0.06010407 0.06430763 2.0349e-4 -0.06010407 0.06458514 0.01610344 -0.06220585 0.06374442 2.0349e-4 -0.06234461 0.06398481 0.01610344 -0.06374442 0.06220585 2.0349e-4 -0.06398481 0.06234461 0.01610344 -0.06430763 0.06010407 2.0349e-4 -0.06458514 0.06010407 0.01610344 -0.06374442 -0.06220585 2.0349e-4 -0.06398481 -0.06234461 0.01610344 -0.06220585 -0.06374442 2.0349e-4 -0.06234461 -0.06398481 0.01610344 -0.06010407 -0.06430763 2.0349e-4 -0.06010407 -0.06458514 0.01610344 -0.05800229 -0.06374442 2.0349e-4 -0.05786353 -0.06398481 0.01610344 -0.05646365 -0.06220585 2.0349e-4 -0.05622333 -0.06234461 0.01610344 -0.05590051 -0.06010407 2.0349e-4 -0.05562293 -0.06010407 0.01610344 -0.05646365 -0.05800229 2.0349e-4 -0.05622333 -0.05786353 0.01610344 -0.05800229 -0.05646365 2.0349e-4 -0.05786353 -0.05622333 0.01610344 -0.06010407 -0.05590051 2.0349e-4 -0.06010407 -0.05562293 0.01610344 -0.06220585 -0.05646365 2.0349e-4 -0.06234461 -0.05622333 0.01610344 -0.06374442 -0.05800229 2.0349e-4 -0.06398481 -0.05786353 0.01610344 -0.06430763 -0.06010407 2.0349e-4 -0.06458514 -0.06010407 0.01610344 -0.05300581 -0.0768162 0.025433 -0.05292248 -0.07691287 0.02553325 -0.05291599 -0.07691693 0.02554529 -0.05288082 -0.06010407 0.02561509 -0.05292207 -0.06010407 0.02554917 -0.05284547 -0.07686764 0.02579122 -0.05284547 -0.06010407 0.02579122 -0.05286604 -0.07693243 0.02565783 -0.05289006 -0.07693338 0.02559345 -0.05309921 -0.07667064 0.02536743 -0.05309867 -0.06197309 0.02536755 -0.05309051 -0.06192797 0.02536982 -0.05297619 -0.06010407 0.0254628 -0.05334538 -0.06333529 0.02529996 -0.05334538 -0.07620549 0.02529996 -0.05325633 -0.07638639 0.02530795 -0.0531159 -0.07664471 0.02535575 -0.05312699 -0.05823457 0.02561509 -0.06010407 -0.05292207 0.02554917 -0.06010407 -0.05297619 0.0254628 -0.05825924 -0.05321907 0.0254628 -0.05321907 -0.05825924 0.0254628 -0.05393117 -0.05654013 0.0254628 -0.05384856 -0.05649244 0.02561509 -0.0550639 -0.0550639 0.0254628 -0.05499649 -0.05499649 0.02561509 -0.05654013 -0.05393117 0.0254628 -0.05649244 -0.05384856 0.02561509 -0.05823457 -0.05312699 0.02561509 -0.06010407 -0.05288082 0.02561509 -0.06010407 -0.05284547 0.02579122 -0.05822539 -0.05309277 0.02579122 -0.05647474 -0.05381792 0.02579122 -0.05497145 -0.05497145 0.02579122 -0.05381792 -0.05647474 0.02579122 -0.05309277 -0.05822539 0.02579122 -0.06157577 -0.05305033 0.02539634 -0.07620549 -0.05334538 0.02529996 -0.06333529 -0.05334538 0.02529996 -0.07661169 -0.05313503 0.02534639 -0.06189185 -0.05310332 0.025379 -0.07666635 -0.05310052 0.02536946 -0.07691562 -0.05291646 0.02554571 -0.07688516 -0.05295068 0.02549308 -0.07681548 -0.05300635 0.02543246 -0.07692611 -0.05290466 0.02556383 -0.07693547 -0.0528751 0.02563029 -0.07686764 -0.05284547 0.02579122 -0.07692056 -0.05285543 0.02570027 -0.0768162 0.05300581 0.025433 -0.07691287 0.05292248 0.02553325 -0.07691693 0.05291599 0.02554529 -0.06010407 0.05288082 0.02561509 -0.06010407 0.05292207 0.02554917 -0.07686764 0.05284547 0.02579122 -0.06010407 0.05284547 0.02579122 -0.07693243 0.05286604 0.02565783 -0.07693338 0.05289006 0.02559345 -0.07667064 0.05309921 0.02536743 -0.06197309 0.05309867 0.02536755 -0.06192797 0.05309051 0.02536982 -0.06010407 0.05297619 0.0254628 -0.06333529 0.05334538 0.02529996 -0.07620549 0.05334538 0.02529996 -0.07638639 0.05325633 0.02530795 -0.07664471 0.0531159 0.02535575 -0.05823457 0.05312699 0.02561509 -0.05292207 0.06010407 0.02554917 -0.05297619 0.06010407 0.0254628 -0.05321907 0.05825924 0.0254628 -0.05825924 0.05321907 0.0254628 -0.05654013 0.05393117 0.0254628 -0.05649244 0.05384856 0.02561509 -0.0550639 0.0550639 0.0254628 -0.05499649 0.05499649 0.02561509 -0.05393117 0.05654013 0.0254628 -0.05384856 0.05649244 0.02561509 -0.05312699 0.05823457 0.02561509 -0.05288082 0.06010407 0.02561509 -0.05284547 0.06010407 0.02579122 -0.05309277 0.05822539 0.02579122 -0.05381792 0.05647474 0.02579122 -0.05497145 0.05497145 0.02579122 -0.05647474 0.05381792 0.02579122 -0.05822539 0.05309277 0.02579122 -0.05305033 0.06157577 0.02539634 -0.05334538 0.07620549 0.02529996 -0.05334538 0.06333529 0.02529996 -0.05313503 0.07661169 0.02534639 -0.05310332 0.06189185 0.025379 -0.05310052 0.07666635 0.02536946 -0.05291646 0.07691562 0.02554571 -0.05295068 0.07688516 0.02549308 -0.05300635 0.07681548 0.02543246 -0.05290466 0.07692611 0.02556383 -0.0528751 0.07693547 0.02563029 -0.05284547 0.07686764 0.02579122 -0.05285543 0.07692056 0.02570027 0.05300581 0.0768162 0.025433 0.05292248 0.07691287 0.02553325 0.05291599 0.07691693 0.02554529 0.05288082 0.06010407 0.02561509 0.05292207 0.06010407 0.02554917 0.05284547 0.07686764 0.02579122 0.05284547 0.06010407 0.02579122 0.05286604 0.07693243 0.02565783 0.05289006 0.07693338 0.02559345 0.05309921 0.07667064 0.02536743 0.05309867 0.06197309 0.02536755 0.05309051 0.06192797 0.02536982 0.05297619 0.06010407 0.0254628 0.05334538 0.06333529 0.02529996 0.05334538 0.07620549 0.02529996 0.05325633 0.07638639 0.02530795 0.0531159 0.07664471 0.02535575 0.05312699 0.05823457 0.02561509 0.06010407 0.05292207 0.02554917 0.06010407 0.05297619 0.0254628 0.05825924 0.05321907 0.0254628 0.05321907 0.05825924 0.0254628 0.05393117 0.05654013 0.0254628 0.05384856 0.05649244 0.02561509 0.0550639 0.0550639 0.0254628 0.05499649 0.05499649 0.02561509 0.05654013 0.05393117 0.0254628 0.05649244 0.05384856 0.02561509 0.05823457 0.05312699 0.02561509 0.06010407 0.05288082 0.02561509 0.06010407 0.05284547 0.02579122 0.05822539 0.05309277 0.02579122 0.05647474 0.05381792 0.02579122 0.05497145 0.05497145 0.02579122 0.05381792 0.05647474 0.02579122 0.05309277 0.05822539 0.02579122 0.06157577 0.05305033 0.02539634 0.07620549 0.05334538 0.02529996 0.06333529 0.05334538 0.02529996 0.07661169 0.05313503 0.02534639 0.06189185 0.05310332 0.025379 0.07666635 0.05310052 0.02536946 0.07691562 0.05291646 0.02554571 0.07688516 0.05295068 0.02549308 0.07681548 0.05300635 0.02543246 0.07692611 0.05290466 0.02556383 0.07693547 0.0528751 0.02563029 0.07686764 0.05284547 0.02579122 0.07692056 0.05285543 0.02570027 0.05646365 -0.06220585 2.0349e-4 0.05622333 -0.06234461 0.01610344 0.05800229 -0.06374442 2.0349e-4 0.05786353 -0.06398481 0.01610344 0.06010407 -0.06430763 2.0349e-4 0.06010407 -0.06458514 0.01610344 0.06220585 -0.06374442 2.0349e-4 0.06234461 -0.06398481 0.01610344 0.06374442 -0.06220585 2.0349e-4 0.06398481 -0.06234461 0.01610344 0.06430763 -0.06010407 2.0349e-4 0.06458514 -0.06010407 0.01610344 0.06374442 -0.05800229 2.0349e-4 0.06398481 -0.05786353 0.01610344 0.06220585 -0.05646365 2.0349e-4 0.06234461 -0.05622333 0.01610344 0.06010407 -0.05590051 2.0349e-4 0.06010407 -0.05562293 0.01610344 0.05800229 -0.05646365 2.0349e-4 0.05786353 -0.05622333 0.01610344 0.05646365 -0.05800229 2.0349e-4 0.05622333 -0.05786353 0.01610344 0.05590051 -0.06010407 2.0349e-4 0.05562293 -0.06010407 0.01610344 0.0768162 -0.05300581 0.025433 0.07691287 -0.05292248 0.02553325 0.07691693 -0.05291599 0.02554529 0.06010407 -0.05288082 0.02561509 0.06010407 -0.05292207 0.02554917 0.07686764 -0.05284547 0.02579122 0.06010407 -0.05284547 0.02579122 0.07693243 -0.05286604 0.02565783 0.07693338 -0.05289006 0.02559345 0.07667064 -0.05309921 0.02536743 0.06197309 -0.05309867 0.02536755 0.06192797 -0.05309051 0.02536982 0.06010407 -0.05297619 0.0254628 0.06333529 -0.05334538 0.02529996 0.07620549 -0.05334538 0.02529996 0.07638639 -0.05325633 0.02530795 0.07664471 -0.0531159 0.02535575 0.05823457 -0.05312699 0.02561509 0.05292207 -0.06010407 0.02554917 0.05297619 -0.06010407 0.0254628 0.05321907 -0.05825924 0.0254628 0.05825924 -0.05321907 0.0254628 0.05654013 -0.05393117 0.0254628 0.05649244 -0.05384856 0.02561509 0.0550639 -0.0550639 0.0254628 0.05499649 -0.05499649 0.02561509 0.05393117 -0.05654013 0.0254628 0.05384856 -0.05649244 0.02561509 0.05312699 -0.05823457 0.02561509 0.05288082 -0.06010407 0.02561509 0.05284547 -0.06010407 0.02579122 0.05309277 -0.05822539 0.02579122 0.05381792 -0.05647474 0.02579122 0.05497145 -0.05497145 0.02579122 0.05647474 -0.05381792 0.02579122 0.05822539 -0.05309277 0.02579122 0.05305033 -0.06157577 0.02539634 0.05334538 -0.07620549 0.02529996 0.05334538 -0.06333529 0.02529996 0.05313503 -0.07661169 0.02534639 0.05310332 -0.06189185 0.025379 0.05310052 -0.07666635 0.02536946 0.05291646 -0.07691562 0.02554571 0.05295068 -0.07688516 0.02549308 0.05300635 -0.07681548 0.02543246 0.05290466 -0.07692611 0.02556383 0.0528751 -0.07693547 0.02563029 0.05284547 -0.07686764 0.02579122 0.05285543 -0.07692056 0.02570027 -0.02224445 -0.09205377 0.01699739 -0.01120084 -0.0940386 0.01699739 -0.0111956 -0.09399467 0.0185672 0.09326094 0.01556515 0.01699739 0.09267252 0.01950681 0.01699739 0.09262925 0.01949775 0.0185672 0.05176246 -0.07922261 0.01699739 0.05290567 -0.07854741 0.01699739 0.052881 -0.07851076 0.0185672 -0.08004337 0.0505312 0.0185672 -0.07960397 0.0502538 0.0237134 -0.07310152 0.05931609 0.0237134 -0.07622718 -0.01137936 0.07402932 -0.07547068 -0.01126646 0.08051127 -0.0762735 -0.002261221 0.08051127 -0.02250933 0.07371163 0.07402932 -0.02228593 0.0729801 0.08051127 -0.01349794 0.0751037 0.08051127 0.07301223 0.02468377 0.07402932 0.07228767 0.02443879 0.08051127 0.07467073 0.01571756 0.08051127 -0.02076345 -0.07298445 0.0898 -0.02646332 -0.07124388 0.0898 -0.0265702 -0.07153171 0.08051127 -0.04571986 -0.06054401 0.0898 -0.04961442 -0.05757081 0.0898 -0.04981487 -0.05780339 0.08051127 -0.05615866 -0.05119597 0.0898 -0.06174898 -0.04430639 0.0898 -0.06199842 -0.04448539 0.08051127 -0.07080978 -0.0274347 0.0898 -0.07331228 -0.02003258 0.0898 -0.07360845 -0.02011352 0.08051127 -0.07459443 -0.01394146 0.0898 -0.07516705 -0.01122111 0.0898 -0.06458461 0.03999125 0.0898 -0.06426525 0.04057055 0.0898 -0.06452488 0.04073446 0.08051127 -0.04578763 0.06063061 0.0898 -0.03864836 0.06543928 0.0898 -0.03880447 0.06570369 0.08051127 0.04578763 0.06063061 0.0898 0.04611676 0.06040889 0.0898 0.04630309 0.06065297 0.08051127 0.06458461 0.03999125 0.0898 0.06861263 0.03268492 0.0898 0.06888979 0.032817 0.08051127 0.07075285 0.0274077 0.0898 0.0719968 0.02434051 0.0898 0.07599997 0 0.0898 0.07596659 -0.002252101 0.0898 0.0762735 -0.002261221 0.08051127 0.07080978 -0.0274347 0.0898 0.07042837 -0.02856284 0.0898 0.07071292 -0.02867823 0.08051127 0.05615866 -0.05119597 0.0898 0.05607533 -0.05129867 0.0898 0.05630183 -0.05150592 0.08051127 0.03385621 -0.06798726 0.0898 0.02646332 -0.07124388 0.0898 0.0265702 -0.07153171 0.08051127 0.007006943 -0.07558417 0.0898 0 -0.07599997 0.0898 0 -0.07630699 0.08051127 0.06239098 0.07011044 0.02448248 0.06547909 0.06744909 0.02448248 0.06557291 0.06754577 0.0237134 0.07011127 0.06238561 0.02448248 0.07299691 0.05923122 0.02448248 0.07310152 0.05931609 0.0237134 0.07767641 0.05239111 0.02599352 0.07637107 0.0523172 0.03006595 0.07830786 0.04943561 0.03007364 0.05932909 0.05189293 0.06667703 0.05906522 0.0519523 0.06724965 0.0610755 0.04955798 0.06724864 0.05669802 0.0526967 0.07226121 0.05571269 0.05325698 0.07402926 0.05984818 0.04856204 0.07402932 0.05209779 0.07070177 0.04324281 0.0521782 0.07306069 0.03821855 0.04566043 0.07731223 0.03822028 0.05227863 0.07561385 0.03222876 0.05231738 0.07635974 0.03006356 0.04709339 0.07973843 0.03007364 -0.07011127 0.06238561 0.02448248 -0.06547909 0.06744909 0.02448248 -0.06557291 0.06754577 0.0237134 -0.06239098 0.07011044 0.02448248 -0.05704206 0.07472008 0.02448248 -0.05712383 0.07482719 0.0237134 -0.05239111 0.07767641 0.02599352 -0.0523172 0.07637107 0.03006595 -0.04709339 0.07973843 0.03007364 -0.05189293 0.05932909 0.06667703 -0.0519523 0.05906522 0.06724965 -0.04772633 0.06251728 0.06724864 -0.06082379 0.05180841 0.06335306 -0.06294798 0.05186921 0.05888104 -0.06331229 0.05137294 0.05887132 -0.06395566 0.05189806 0.05675959 -0.07767641 -0.05239111 0.02599352 -0.07637107 -0.0523172 0.03006595 -0.08109897 -0.0447098 0.03007364 -0.05932909 -0.05189293 0.06667703 -0.05906522 -0.0519523 0.06724965 -0.0639041 -0.04585278 0.06724864 -0.05795001 -0.05220323 0.0696696 -0.05732542 -0.0524494 0.07096254 -0.05686622 -0.05202221 0.07402932 0.0526967 -0.05669802 0.07226121 0.05325698 -0.05571269 0.07402926 0.05031424 -0.0583828 0.07402932 0.05679863 -0.05264878 0.07206195 0.05732125 -0.05244374 0.07097822 0.05686622 -0.05202221 0.07402932 0.07272464 -0.05216675 0.03893429 0.07306069 -0.0521782 0.03821855 0.07863134 -0.04334938 0.03822028 0.07561385 -0.05227863 0.03222876 0.07635974 -0.05231738 0.03006356 0.08109897 -0.0447098 0.03007364 0.07732999 -0.0523678 0.02724725 0.07767641 -0.05239111 0.02599352 0.08244121 -0.04544979 0.0237134 0.07774281 -0.05245405 0.02558398 0.07774424 -0.05252718 0.02538615 0.07772397 -0.05262577 0.02520108 0.07762712 -0.05287903 0.02489233 0.07745438 -0.05321311 0.02465438 0.07337659 -0.05218893 0.03754568 0.06765389 -0.05200445 0.0493707 0.06624448 -0.04753208 0.05887132 0.06431519 -0.05190837 0.05600279 0.06294798 -0.05186921 0.05888104 0.05786967 -0.05222851 0.06984102 0.05905741 -0.05199962 0.06725293 0.0639041 -0.04585278 0.06724864 0.05995875 -0.05182588 0.06528902 0.06082379 -0.05180841 0.06335306 0.0537424 -0.05503773 0.07492375 0.05400031 -0.05473124 0.07517021 0.04981487 -0.05780339 0.08051127 0.05327963 -0.05567276 0.07410091 0.05431729 -0.0543918 0.0752865 0.05461472 -0.05410516 0.07523041 0.05496376 -0.05380237 0.0749939 0.05558091 -0.0533412 0.07424032 0.05566447 -0.05328512 0.07411366 0.05571115 -0.05325895 0.07402926 0.05184644 -0.06015092 0.06484937 0.05189293 -0.05932909 0.06667703 0.05134606 -0.05958014 0.06724864 0.0519523 -0.05906522 0.06724965 0.05220323 -0.05795001 0.0696696 0.05180841 -0.06082379 0.06335306 0.04393893 -0.06523483 0.06724864 0.05186861 -0.06291556 0.05887323 0.04554814 -0.06762391 0.05887132 0.05187577 -0.06316423 0.05834078 0.0520116 -0.067896 0.04889053 0.05217862 -0.07309222 0.03817582 0.05016028 -0.07447147 0.03822028 0.05229753 -0.07602483 0.03114634 0.05173444 -0.07680857 0.03007364 0.0523172 -0.07637107 0.03006595 0.05327117 -0.07742112 0.02462548 0.0528807 -0.07762634 0.02489072 0.05259066 -0.07807981 0.0237134 0.05271154 -0.07769632 0.02507728 0.05257171 -0.07773715 0.02529501 0.05248165 -0.07774609 0.02549934 0.0524218 -0.07773053 0.02571427 0.05239111 -0.07767641 0.02599352 0.06145632 -0.07131171 0.0237134 0.06945919 -0.06354254 0.0237134 0.06935983 -0.06345158 0.02448248 0.06243771 -0.07017159 0.02448248 0.06136834 -0.07120966 0.02448248 0.05390924 -0.07701092 0.02448248 0.07719367 -0.05363917 0.0245071 0.07701092 -0.05390924 0.02448248 0.07648706 -0.05488133 0.0237134 0.07637763 -0.05480283 0.02448248 0.07017391 -0.06244832 0.02448248 -0.05227863 -0.07561385 0.03222876 -0.05231738 -0.07635974 0.03006356 -0.05173444 -0.07680857 0.03007364 -0.0523678 -0.07732999 0.02724725 -0.05239111 -0.07767641 0.02599352 -0.05245405 -0.07774281 0.02558398 -0.05259066 -0.07807981 0.0237134 -0.05252718 -0.07774424 0.02538615 -0.05262577 -0.07772397 0.02520108 -0.05287903 -0.07762712 0.02489233 -0.05321311 -0.07745438 0.02465438 -0.05363917 -0.07719367 0.0245071 -0.04554814 -0.06762391 0.05887132 -0.05186921 -0.06294798 0.05888104 -0.05190837 -0.06431519 0.05600279 -0.05200445 -0.06765389 0.0493707 -0.05209779 -0.07070177 0.04324281 -0.05016028 -0.07447147 0.03822028 -0.0521782 -0.07306069 0.03821855 -0.05218893 -0.07337659 0.03754568 -0.05180841 -0.06082379 0.06335306 -0.04393893 -0.06523483 0.06724864 -0.05182242 -0.06013095 0.06490361 -0.05134606 -0.05958014 0.06724864 -0.05199962 -0.05905741 0.06725293 -0.05182588 -0.05995875 0.06528902 -0.05222851 -0.05786967 0.06984102 -0.05031424 -0.0583828 0.07402932 -0.05264878 -0.05679863 0.07206195 -0.05473124 -0.05400031 0.07517021 -0.0543918 -0.05431729 0.0752865 -0.05630183 -0.05150592 0.08051127 -0.05503773 -0.0537424 0.07492375 -0.05410516 -0.05461472 0.07523041 -0.05380237 -0.05496376 0.0749939 -0.0533412 -0.05558091 0.07424032 -0.05328512 -0.05566447 0.07411366 -0.05325895 -0.05571115 0.07402926 -0.05669802 -0.0526967 0.07226121 -0.05571269 -0.05325698 0.07402926 -0.05567276 -0.05327963 0.07410091 -0.06261992 -0.04493135 0.07402932 -0.06624448 -0.04753208 0.05887132 -0.07272857 -0.05216693 0.0389257 -0.067896 -0.0520116 0.04889053 -0.06316423 -0.05187577 0.05834078 -0.06291556 -0.05186861 0.05887323 -0.06082379 -0.05180841 0.06335306 -0.07602483 -0.05229753 0.03114634 -0.07309222 -0.05217862 0.03817582 -0.07863134 -0.04334938 0.03822028 -0.07648706 -0.05488133 0.0237134 -0.07701092 -0.05390924 0.02448248 -0.07742112 -0.05327117 0.02462548 -0.08244121 -0.04544979 0.0237134 -0.07762634 -0.0528807 0.02489072 -0.07769632 -0.05271154 0.02507728 -0.07773715 -0.05257171 0.02529501 -0.07774609 -0.05248165 0.02549934 -0.07773053 -0.0524218 0.02571427 -0.06945919 -0.06354254 0.0237134 -0.07017391 -0.06244832 0.02448248 -0.07637763 -0.05480283 0.02448248 -0.05390924 -0.07701092 0.02448248 -0.06136834 -0.07120966 0.02448248 -0.06145632 -0.07131171 0.0237134 -0.06243771 -0.07017159 0.02448248 -0.06935983 -0.06345158 0.02448248 -0.07830786 0.04943561 0.03007364 -0.07635974 0.05231738 0.03006356 -0.07732999 0.0523678 0.02724725 -0.07767641 0.05239111 0.02599352 -0.07774281 0.05245405 0.02558398 -0.07774424 0.05252718 0.02538615 -0.07772397 0.05262577 0.02520108 -0.07762712 0.05287903 0.02489233 -0.07745438 0.05321311 0.02465438 -0.07592517 0.04793143 0.03822028 -0.07337659 0.05218893 0.03754568 -0.07561385 0.05227863 0.03222876 -0.06765389 0.05200445 0.0493707 -0.07070177 0.05209779 0.04324281 -0.07306069 0.0521782 0.03821855 -0.05786967 0.05222851 0.06984102 -0.05905741 0.05199962 0.06725293 -0.0610755 0.04955798 0.06724864 -0.05995875 0.05182588 0.06528902 -0.05566447 0.05328512 0.07411366 -0.05571115 0.05325895 0.07402926 -0.05984818 0.04856204 0.07402932 -0.05679863 0.05264878 0.07206195 -0.05400031 0.05473124 0.07517021 -0.05315172 0.05475085 0.08051127 -0.0537424 0.05503773 0.07492375 -0.05360877 0.05522114 0.07468611 -0.05431729 0.0543918 0.0752865 -0.05461472 0.05410516 0.07523041 -0.05925422 0.04808008 0.08051127 -0.05496376 0.05380237 0.0749939 -0.05558091 0.0533412 0.07424032 -0.05327963 0.05567276 0.07410091 -0.04630309 0.06065297 0.08051127 -0.05325698 0.05571269 0.07402926 -0.04676723 0.06126093 0.07402932 -0.0526967 0.05669802 0.07226121 -0.05220323 0.05795001 0.0696696 -0.04947423 0.06480687 0.05887132 -0.05201989 0.06815451 0.04835742 -0.0520116 0.067896 0.04889053 -0.05187577 0.06316423 0.05834078 -0.05186861 0.06291556 0.05887323 -0.05180841 0.06082379 0.06335306 -0.05229753 0.07602483 0.03114634 -0.05217862 0.07309222 0.03817582 -0.04566043 0.07731223 0.03822028 -0.05390924 0.07701092 0.02448248 -0.04787284 0.0810582 0.0237134 -0.05743914 0.07524019 0.0185672 -0.05327117 0.07742112 0.02462548 -0.0528807 0.07762634 0.02489072 -0.05271154 0.07769632 0.02507728 -0.05257171 0.07773715 0.02529501 -0.05248165 0.07774609 0.02549934 -0.0524218 0.07773053 0.02571427 -0.07719367 0.05363917 0.0245071 -0.07701092 0.05390924 0.02448248 -0.07299691 0.05923122 0.02448248 0.05239111 0.07767641 0.02599352 0.05245405 0.07774281 0.02558398 0.04787284 0.0810582 0.0237134 0.0523678 0.07732999 0.02724725 0.05252718 0.07774424 0.02538615 0.05262577 0.07772397 0.02520108 0.05287903 0.07762712 0.02489233 0.05321311 0.07745438 0.02465438 0.05363917 0.07719367 0.0245071 0.05390924 0.07701092 0.02448248 0.05218893 0.07337659 0.03754568 0.05201971 0.06815236 0.04836851 0.04947423 0.06480687 0.05887132 0.05186921 0.06294798 0.05888104 0.05190837 0.06431519 0.05600279 0.05222851 0.05786967 0.06984102 0.05199962 0.05905741 0.06725293 0.04772633 0.06251728 0.06724864 0.05182588 0.05995875 0.06528902 0.05180841 0.06082379 0.06335306 0.05328512 0.05566447 0.07411366 0.05325895 0.05571115 0.07402926 0.04676723 0.06126093 0.07402932 0.05264878 0.05679863 0.07206195 0.05925422 0.04808008 0.08051127 0.05567276 0.05327963 0.07410091 0.05503773 0.0537424 0.07492375 0.05473124 0.05400031 0.07517021 0.0543918 0.05431729 0.0752865 0.05315172 0.05475085 0.08051127 0.05410516 0.05461472 0.07523041 0.0533412 0.05558091 0.07424032 0.05360949 0.05522191 0.07467871 0.05380237 0.05496376 0.0749939 0.05795001 0.05220323 0.0696696 0.06396621 0.05189883 0.05673897 0.06316423 0.05187577 0.05834078 0.06331229 0.05137294 0.05887132 0.06291556 0.05186861 0.05887323 0.06082379 0.05180841 0.06335306 0.0730707 0.05217796 0.0382201 0.067896 0.0520116 0.04889053 0.06894397 0.0435242 0.05887132 0.07602483 0.05229753 0.03114634 0.07309222 0.05217862 0.03817582 0.07592517 0.04793143 0.03822028 0.07701092 0.05390924 0.02448248 0.07960397 0.0502538 0.0237134 0.07350504 0.0596435 0.0185672 0.07742112 0.05327117 0.02462548 0.07762634 0.0528807 0.02489072 0.07769632 0.05271154 0.02507728 0.07773715 0.05257171 0.02529501 0.07774609 0.05248165 0.02549934 0.07773053 0.0524218 0.02571427 0.05712383 0.07482719 0.0237134 0.05704206 0.07472008 0.02448248 0.01785129 -0.07387369 0.0898 0.008988738 -0.07546657 0.0898 0.009025037 -0.07577145 0.08051127 0.0424571 -0.06303483 0.0898 0.03470379 -0.06761389 0.0898 0.03484398 -0.06788706 0.08051127 0.04961442 -0.05757081 0.0898 0.06199842 -0.04448539 0.08051127 0.06174898 -0.04430639 0.0898 0.06682473 -0.03684043 0.08051127 0.06655585 -0.0366922 0.0898 0.06450605 -0.0399391 0.0898 0.07459443 -0.01394146 0.0898 0.07331228 -0.02003258 0.0898 0.07360845 -0.02011352 0.08051127 0.07547068 -0.01126646 0.08051127 0.07516705 -0.01122111 0.0898 0.07437026 0.01565432 0.0898 0.0746243 0.01395273 0.0898 0.05901581 0.04788666 0.0898 0.06426525 0.04057055 0.0898 0.06452488 0.04073446 0.08051127 0.05606627 0.0511108 0.0898 0.05293786 0.0545305 0.0898 0.0338177 0.06791865 0.0898 0.03864836 0.06543928 0.0898 0.03880447 0.06570369 0.08051127 0.03076112 0.06983202 0.08051127 0.03063738 0.06955105 0.0898 0.02219629 0.07268643 0.0898 0.01349794 0.0751037 0.08051127 0.01344364 0.0748015 0.0898 0.02078133 0.07302838 0.0898 0.004520475 0.076173 0.08051127 0.004502236 0.07586652 0.0898 0.006999671 0.07556903 0.0898 -0.03063738 0.06955105 0.0898 -0.02219629 0.07268643 0.0898 -0.02078133 0.07302838 0.0898 -0.01344364 0.0748015 0.0898 -0.006999671 0.07556903 0.0898 -0.04611676 0.06040889 0.0898 -0.05293786 0.0545305 0.0898 -0.05606627 0.0511108 0.0898 -0.05901581 0.04788666 0.0898 -0.07075285 0.0274077 0.0898 -0.06861263 0.03268492 0.0898 -0.06888979 0.032817 0.08051127 -0.07228767 0.02443879 0.08051127 -0.0719968 0.02434051 0.0898 -0.07600557 0.006775736 0.08051127 -0.07569974 0.006748437 0.0898 -0.0746243 0.01395273 0.0898 -0.07596659 -0.002252101 0.0898 -0.07589989 -2.9663e-6 0.0898 -0.06655585 -0.0366922 0.0898 -0.07042837 -0.02856284 0.0898 -0.07071292 -0.02867823 0.08051127 -0.05607533 -0.05129867 0.0898 -0.03470379 -0.06761389 0.0898 -0.0424571 -0.06303483 0.0898 -0.04262864 -0.06328946 0.08051127 -0.008988738 -0.07546657 0.0898 -0.01785129 -0.07387369 0.0898 -0.01792341 -0.07417219 0.08051127 0.009115517 -0.07653093 0.07402932 0 -0.0770719 0.07402932 0.009302437 -0.07810044 0.06724864 0.06261992 -0.04493135 0.07402932 0.06958031 0.0331459 0.07402932 0.07100731 0.03382569 0.06724864 -0.0338177 0.06791865 0.0898 -0.03076112 0.06983202 0.08051127 -0.03106945 0.07053202 0.07402932 -0.03170663 0.07197844 0.06724864 -0.0743463 -0.02031517 0.07402932 -0.07587099 -0.02073174 0.06724864 0.02076345 -0.07298445 0.0898 0.01792341 -0.07417219 0.08051127 0.01810312 -0.07491564 0.07402932 0.01847434 -0.07645201 0.06724864 0.01915097 -0.07925194 0.05887132 0.04571986 -0.06054401 0.0898 0.04262864 -0.06328946 0.08051127 0.04305595 -0.06392389 0.07402932 0.06517171 0.04114276 0.07402932 0.06650823 0.04198652 0.06724864 -0.03919345 0.06636226 0.07402932 -0.03999722 0.06772321 0.06724864 -0.04146206 0.07020348 0.05887132 -0.07142174 -0.02896571 0.07402932 -0.07288646 -0.02955973 0.06724864 -0.0755558 -0.03064233 0.05887132 -0.04305595 -0.06392389 0.07402932 0.02683657 -0.07224869 0.07402932 0.0273869 -0.0737304 0.06724864 0.02838993 -0.07643061 0.05887132 0.03126466 -0.08416992 0.03822028 0.07140129 -0.0393635 0.05887132 0.0736078 0.03506451 0.05887132 0.07450956 0.02518999 0.06724864 0.07541918 0.01587516 0.07402932 0.07600557 0.006775736 0.08051127 0.07569974 0.006748437 0.0898 0.04146206 0.07020348 0.05887132 -0.05217796 0.0730707 0.0382201 -0.03286784 0.07461458 0.05887132 -0.02297097 0.07522332 0.06724864 -0.01363325 0.0758565 0.07402932 -0.004520475 0.076173 0.08051127 -0.004502236 0.07586652 0.0898 -0.06894397 0.0435242 0.05887132 -0.06431519 0.05190837 0.05600279 -0.06450605 -0.0399391 0.0898 -0.06682473 -0.03684043 0.08051127 -0.06749457 -0.03720968 0.07402932 -0.06887871 -0.0379728 0.06724864 -0.07140129 -0.0393635 0.05887132 -0.0730707 -0.05217796 0.0382201 0.03519326 -0.06856757 0.07402932 0.03591501 -0.06997376 0.06724864 0.03723031 -0.0725364 0.05887132 0.04100024 -0.07988137 0.03822028 0.04228693 -0.08238822 0.03007364 0.0810613 0.0386151 0.03822028 0.07723838 0.02611255 0.05887132 0.07696592 0.01620072 0.06724864 0.07676744 0.006843626 0.07402932 -0.03619599 0.08216995 0.03822028 -0.02381223 0.07797825 0.05887132 -0.01391285 0.07741218 0.06724864 -0.004565775 0.07693654 0.07402932 -0.08320647 -0.03374516 0.03822028 -0.07864964 -0.02149105 0.05887132 -0.07779043 -0.01161277 0.06724864 -0.07703804 -0.002283871 0.07402932 -0.03385621 -0.06798726 0.0898 -0.03484398 -0.06788706 0.08051127 -0.03519326 -0.06856757 0.07402932 -0.03591501 -0.06997376 0.06724864 -0.03723031 -0.0725364 0.05887132 -0.04100024 -0.07988137 0.03822028 -0.04228693 -0.08238822 0.03007364 0.08360517 0.03982692 0.03007364 0.08505946 0.02875667 0.03822028 0.07978463 0.01679402 0.05887132 0.07834178 0.006983995 0.06724864 0.07703804 -0.002283871 0.07402932 -0.03733193 0.08474868 0.03007364 -0.02622348 0.08587425 0.03822028 -0.01442235 0.08024728 0.05887132 -0.004659414 0.07851433 0.06724864 0.004565775 0.07693654 0.07402932 -0.08581769 -0.03480416 0.03007364 -0.08661359 -0.02366721 0.03822028 -0.08063942 -0.01203805 0.05887132 -0.07861793 -0.00233072 0.06724864 -0.07676744 0.006843626 0.07402932 -0.07467073 0.01571756 0.08051127 -0.07437026 0.01565432 0.0898 -0.02683657 -0.07224869 0.07402932 -0.0273869 -0.0737304 0.06724864 -0.02838993 -0.07643061 0.05887132 -0.03126466 -0.08416992 0.03822028 -0.03224581 -0.08681136 0.03007364 -0.03277951 -0.08824819 0.0237134 -0.08360517 0.03982692 0.03007364 -0.08498889 0.04048609 0.0237134 -0.08918076 0.03014999 0.0237134 -0.01810312 -0.07491564 0.07402932 -0.01847434 -0.07645201 0.06724864 -0.01915097 -0.07925194 0.05887132 -0.02109014 -0.08727693 0.03822028 -0.02175199 -0.09001588 0.03007364 -0.02211201 -0.0915057 0.0237134 -0.02223408 -0.09201079 0.0185672 0 -0.09465909 0.0185672 0.0111956 -0.09399467 0.0185672 0 -0.09413945 0.0237134 0.01113414 -0.09347867 0.0237134 0 -0.09260672 0.03007364 0.01095288 -0.09195673 0.03007364 0 -0.08978897 0.03822028 0.02211201 -0.0915057 0.0237134 0.02223408 -0.09201079 0.0185672 0.03296041 -0.08873528 0.0185672 0.06179553 -0.07170534 0.0185672 0.06984263 -0.06389325 0.0185672 0.07690924 -0.0551843 0.0185672 0.08289629 -0.04570066 0.0185672 0.08771961 -0.0355755 0.0185672 0.07070177 -0.05209779 0.04324281 0.08320647 -0.03374516 0.03822028 0.08581769 -0.03480416 0.03007364 0.08933174 -0.02440994 0.03007364 0.09081029 -0.02481395 0.0237134 0.0931077 -0.01389932 0.0237134 0.09362167 -0.01397609 0.0185672 0.09461754 -0.002805054 0.0185672 0.07142174 -0.02896571 0.07402932 0.0743463 -0.02031517 0.07402932 0.07587099 -0.02073174 0.06724864 0.07779043 -0.01161277 0.06724864 0.08063942 -0.01203805 0.05887132 0.08149719 -0.002416074 0.05887132 0.08974951 -0.002660691 0.03822028 0.08943426 0.007972836 0.03822028 0.09224092 0.008223056 0.03007364 0.09062093 0.01907497 0.03007364 0.09212076 0.0193907 0.0237134 0.08918076 0.03014999 0.0237134 0.08967304 0.03031641 0.0185672 0.08545804 0.04070955 0.0185672 0.06593489 0.06791859 0.0185672 0.05743914 0.07524019 0.0185672 0.04813706 0.08150559 0.0185672 0.0379498 0.0861513 0.0237134 0.03815931 0.08662682 0.0185672 0.02764582 0.09053206 0.0185672 0.03999722 0.06772321 0.06724864 0.03286784 0.07461458 0.05887132 0.03619599 0.08216995 0.03822028 0.02622348 0.08587425 0.03822028 0.02704638 0.08856916 0.03007364 0.0163812 0.0911464 0.03007364 0.01665234 0.09265494 0.0237134 0.005576848 0.09397411 0.0237134 0.005607664 0.09449285 0.0185672 -0.005607664 0.09449285 0.0185672 0.03106945 0.07053202 0.07402932 0.02250933 0.07371163 0.07402932 0.02297097 0.07522332 0.06724864 0.01391285 0.07741218 0.06724864 0.01442235 0.08024728 0.05887132 0.004830062 0.08138978 0.05887132 0.005319118 0.08963125 0.03822028 -0.005319118 0.08963125 0.03822028 -0.005486071 0.09244412 0.03007364 -0.0163812 0.0911464 0.03007364 -0.01665234 0.09265494 0.0237134 -0.02749407 0.09003508 0.0237134 -0.02764582 0.09053206 0.0185672 -0.03815931 0.08662682 0.0185672 0.02228593 0.0729801 0.08051127 0.01363325 0.0758565 0.07402932 0.004659414 0.07851433 0.06724864 -0.004830062 0.08138978 0.05887132 -0.01588279 0.08837306 0.03822028 -0.02704638 0.08856916 0.03007364 -0.0379498 0.0861513 0.0237134 -0.04813706 0.08150559 0.0185672 -0.06593489 0.06791859 0.0185672 -0.07350504 0.0596435 0.0185672 -0.09262925 0.01949775 0.0185672 -0.08967304 0.03031641 0.0185672 -0.08545804 0.04070955 0.0185672 -0.06517171 0.04114276 0.07402932 -0.06650823 0.04198652 0.06724864 -0.07100731 0.03382569 0.06724864 -0.0736078 0.03506451 0.05887132 -0.07723838 0.02611255 0.05887132 -0.08505946 0.02875667 0.03822028 -0.08786356 0.0184946 0.03822028 -0.09062093 0.01907497 0.03007364 -0.09224092 0.008223056 0.03007364 -0.09376758 0.008359193 0.0237134 -0.09409815 -0.002789616 0.0237134 -0.09461754 -0.002805054 0.0185672 -0.09362167 -0.01397609 0.0185672 -0.06958031 0.0331459 0.07402932 -0.07301223 0.02468377 0.07402932 -0.07450956 0.02518999 0.06724864 -0.07696592 0.01620072 0.06724864 -0.07978463 0.01679402 0.05887132 -0.08121091 0.007239758 0.05887132 -0.08943426 0.007972836 0.03822028 -0.08974951 -0.002660691 0.03822028 -0.09256607 -0.002744197 0.03007364 -0.09159177 -0.01367306 0.03007364 -0.0931077 -0.01389932 0.0237134 -0.09081029 -0.02481395 0.0237134 -0.09131151 -0.02495092 0.0185672 -0.08771961 -0.0355755 0.0185672 -0.07690924 -0.0551843 0.0185672 -0.06984263 -0.06389325 0.0185672 -0.06179553 -0.07170534 0.0185672 -0.052881 -0.07851076 0.0185672 -0.04322409 -0.08421415 0.0185672 0.007812201 -0.09423965 0.01699739 0 -0.09470331 0.01699739 -0.007812201 -0.09423965 0.01699739 0.01120084 -0.0940386 0.01699739 0.02224445 -0.09205377 0.01699739 0.02323204 -0.09175217 0.01699739 0.03297585 -0.0887767 0.01699739 0.03797483 -0.08657461 0.01699739 0 -0.08153301 0.05887132 0.01061958 -0.08915871 0.03822028 0.02175199 -0.09001588 0.03007364 0.03277951 -0.08824819 0.0237134 0.04322409 -0.08421415 0.0185672 0.0432443 -0.08425343 0.01699739 0 -0.0786525 0.06724864 0.009643137 -0.08096075 0.05887132 0.02109014 -0.08727693 0.03822028 0.03224581 -0.08681136 0.03007364 0.04298681 -0.08375185 0.0237134 0.06182438 -0.07173877 0.01699739 0.06404811 -0.06958001 0.01699739 0.06987524 -0.06392312 0.01699739 0.07462018 -0.05807542 0.01699739 0.07694518 -0.05521005 0.01699739 0.08293497 -0.045722 0.01699739 0.08325213 -0.04505616 0.01699739 0.08776056 -0.03559207 0.01699739 0.08941543 -0.03069716 0.01699739 0.08723807 -0.03538018 0.0237134 0.09131151 -0.02495092 0.0185672 0.09135419 -0.02496254 0.01699739 0.09333109 -0.01557064 0.01699739 0.09366536 -0.01398259 0.01699739 0.09466171 -0.002806365 0.01699739 0.09457862 -3.69629e-6 0.01699739 0.06887871 -0.0379728 0.06724864 0.0755558 -0.03064233 0.05887132 0.08661359 -0.02366721 0.03822028 0.09159177 -0.01367306 0.03007364 0.09409815 -0.002789616 0.0237134 0.09428519 0.008405327 0.0185672 0.09432917 0.008409261 0.01699739 0.06749457 -0.03720968 0.07402932 0.07288646 -0.02955973 0.06724864 0.07864964 -0.02149105 0.05887132 0.0888049 -0.01325702 0.03822028 0.09256607 -0.002744197 0.03007364 0.09376758 0.008359193 0.0237134 0.08971494 0.03033059 0.01699739 0.08954864 0.03074061 0.01699739 0.08549791 0.04072856 0.01699739 0.08314591 0.04499483 0.01699739 0.07622718 -0.01137936 0.07402932 0.07861793 -0.00233072 0.06724864 0.08121091 0.007239758 0.05887132 0.08786356 0.0184946 0.03822028 0.08772879 0.02965915 0.03007364 0.08498889 0.04048609 0.0237134 0.08004337 0.0505312 0.0185672 0.08008074 0.05055481 0.01699739 0.07465755 0.05811297 0.01699739 0.07353937 0.0596714 0.01699739 0.06596565 0.0679503 0.01699739 0.06406539 0.06958794 0.01699739 0.05746597 0.0752753 0.01699739 0.05171006 0.07915222 0.01699739 0.04815953 0.08154368 0.01699739 0.03817707 0.08666729 0.01699739 0.03803884 0.08671867 0.01699739 0.0276587 0.09057432 0.01699739 0.02321052 0.09164923 0.01699739 0.03733193 0.08474868 0.03007364 0.02749407 0.09003508 0.0237134 0.01674425 0.09316635 0.0185672 0.01675206 0.09320986 0.01699739 0.05200445 0.06765389 0.0493707 0.007808029 0.09427517 0.01699739 0.005610227 0.09453696 0.01699739 -0.005610227 0.09453696 0.01699739 -0.007808029 0.09427517 0.01699739 0.03919345 0.06636226 0.07402932 0.03170663 0.07197844 0.06724864 0.02381223 0.07797825 0.05887132 0.01588279 0.08837306 0.03822028 0.005486071 0.09244412 0.03007364 -0.005576848 0.09397411 0.0237134 -0.01674425 0.09316635 0.0185672 -0.01675206 0.09320986 0.01699739 -0.02321052 0.09164923 0.01699739 -0.0276587 0.09057432 0.01699739 -0.03803884 0.08671867 0.01699739 -0.03817707 0.08666729 0.01699739 -0.04815953 0.08154368 0.01699739 -0.05171006 0.07915222 0.01699739 -0.05746597 0.0752753 0.01699739 -0.06406539 0.06958794 0.01699739 -0.06596565 0.0679503 0.01699739 -0.07353937 0.0596714 0.01699739 -0.07465755 0.05811297 0.01699739 -0.08008074 0.05055481 0.01699739 -0.08314591 0.04499483 0.01699739 -0.08549791 0.04072856 0.01699739 -0.08954864 0.03074061 0.01699739 -0.08971494 0.03033059 0.01699739 -0.09267252 0.01950681 0.01699739 -0.09326094 0.01556515 0.01699739 -0.0810613 0.0386151 0.03822028 -0.08772879 0.02965915 0.03007364 -0.09212076 0.0193907 0.0237134 -0.09428519 0.008405327 0.0185672 -0.09432917 0.008409261 0.01699739 -0.09470331 0 0.01699739 -0.09466171 -0.002806365 0.01699739 -0.09366536 -0.01398259 0.01699739 -0.09333109 -0.01557064 0.01699739 -0.09135419 -0.02496254 0.01699739 -0.08941543 -0.03069716 0.01699739 -0.08776056 -0.03559207 0.01699739 -0.08325213 -0.04505616 0.01699739 -0.07541918 0.01587516 0.07402932 -0.07834178 0.006983995 0.06724864 -0.08149719 -0.002416074 0.05887132 -0.0888049 -0.01325702 0.03822028 -0.08933174 -0.02440994 0.03007364 -0.08723807 -0.03538018 0.0237134 -0.08289629 -0.04570066 0.0185672 -0.08293497 -0.045722 0.01699739 -0.07694518 -0.05521005 0.01699739 -0.07462018 -0.05807542 0.01699739 -0.06987524 -0.06392312 0.01699739 -0.06404811 -0.06958001 0.01699739 -0.06182438 -0.07173877 0.01699739 -0.04298681 -0.08375185 0.0237134 -0.03296041 -0.08873528 0.0185672 -0.03797483 -0.08657461 0.01699739 -0.03297585 -0.0887767 0.01699739 -0.05290567 -0.07854741 0.01699739 -0.05176246 -0.07922261 0.01699739 -0.0432443 -0.08425343 0.01699739 -0.02323204 -0.09175217 0.01699739 -0.01113414 -0.09347867 0.0237134 -0.01095288 -0.09195673 0.03007364 -0.01061958 -0.08915871 0.03822028 -0.009643137 -0.08096075 0.05887132 -0.009302437 -0.07810044 0.06724864 -0.009115517 -0.07653093 0.07402932 -0.009025037 -0.07577145 0.08051127 -0.007006943 -0.07558417 0.0898 -0.08984434 0.03084361 4.99924e-4 -0.03815752 0.08699047 4.99924e-4 0.07496142 0.05834484 4.99924e-4 0.0936957 -0.01563501 4.99924e-4 0.05195528 -0.0795235 4.99924e-4 -0.02331894 -0.09208452 4.99924e-4 -0.08354228 -0.04521083 4.99924e-4 -0.09465426 -0.003347158 0.01605069 -0.09463107 -0.004223465 0.01573938 -0.09454596 -0.006195604 0.01439386 -0.09454238 -0.006261587 0.01431769 -0.09446203 -0.007760345 0.01258713 -0.09444856 -0.008020341 0.01205515 -0.09440773 -0.008807361 0.01044481 -0.09440547 -0.009120941 0.008861482 -0.09440439 -0.009268701 0.008114993 -0.09445518 -0.009132981 0.005973756 -0.0936957 -0.01563501 4.99924e-4 -0.0946412 -0.007986187 0.001277148 -0.09462076 -0.00831145 8.50836e-4 -0.09461939 -0.008328437 8.42582e-4 -0.09463816 -0.007818698 0.00225377 -0.09464502 -0.007770001 0.00209558 -0.09464561 -0.007826626 0.001790881 -0.09461545 -0.007980883 0.002780199 -0.0945698 -0.008364915 0.003490626 -0.09464651 -0.007901489 0.001388192 -0.09458416 -0.008753299 6.3653e-4 -0.09456658 -0.008965969 5.33402e-4 -0.09446054 -0.009118676 0.005748212 -0.09453648 -0.009283602 4.99924e-4 -0.09440571 0.009117245 0.008877336 -0.0944001 0.00903362 0.009659409 -0.09446036 0.009080827 0.005955517 -0.09441703 0.009286284 0.007296621 -0.0936957 0.01563501 4.99924e-4 -0.09460133 0.008361816 0.001706659 -0.09453648 0.009283602 4.99924e-4 -0.09463763 0.007824957 0.002258062 -0.09463274 0.0078395 0.002467989 -0.09461545 0.007980883 0.002780199 -0.09464943 0.00778985 0.001750051 -0.09464865 0.007792174 0.001783788 -0.09458523 0.008742749 6.3314e-4 -0.09460026 0.008576333 6.7412e-4 -0.09462094 0.008290052 9.27773e-4 -0.09463948 0.008033037 0.001155495 -0.09464138 0.007986366 0.001269578 -0.09449261 0.008928 0.004957973 -0.09456133 0.005823552 0.01460969 -0.09460312 0.0049479 0.01532965 -0.09443879 0.008181333 0.01188451 -0.09444576 0.00805515 0.0120595 -0.09451532 0.006788432 0.01381635 -0.09470689 4.1358e-4 0.01674073 -0.09467428 0.002777099 0.0163272 -0.09465599 0.003334879 0.0160709 -0.09470409 6.61569e-6 0.01670634 -0.09470409 0 0.01670581 -0.09469074 -0.001972854 0.01653903 -0.08984434 -0.03084361 4.99924e-4 -0.07496142 -0.05834484 4.99924e-4 -0.05195528 -0.0795235 4.99924e-4 -0.06433582 -0.06988734 4.99924e-4 -0.03815752 -0.08699047 4.99924e-4 -0.007844269 -0.09466683 4.99924e-4 0.007844269 -0.09466683 4.99924e-4 0.02331894 -0.09208452 4.99924e-4 0.03815752 -0.08699047 4.99924e-4 0.06433582 -0.06988734 4.99924e-4 0.07496142 -0.05834484 4.99924e-4 0.08354228 -0.04521083 4.99924e-4 0.08984434 -0.03084361 4.99924e-4 0.09499126 0 4.99924e-4 0.0936957 0.01563501 4.99924e-4 0.08984434 0.03084361 4.99924e-4 0.08354228 0.04521083 4.99924e-4 0.06433582 0.06988734 4.99924e-4 0.05195528 0.0795235 4.99924e-4 0.03815752 0.08699047 4.99924e-4 0.02331894 0.09208452 4.99924e-4 -0.007844269 0.09466683 4.99924e-4 0.007844269 0.09466683 4.99924e-4 -0.02331894 0.09208452 4.99924e-4 -0.05195528 0.0795235 4.99924e-4 -0.07496142 0.05834484 4.99924e-4 -0.06433582 0.06988734 4.99924e-4 -0.08354228 0.04521083 4.99924e-4 -0.005999982 -0.0625 0.007999956 -0.005999982 -0.0625 5e-4 -0.006535887 -0.06449997 0.007999956 -0.006535887 -0.06449997 5e-4 -0.007999956 -0.0659641 0.007999956 -0.007999956 -0.0659641 5e-4 -0.00999999 -0.0665 0.007999956 -0.00999999 -0.0665 5e-4 -0.01199996 -0.0659641 0.007999956 -0.01199996 -0.0659641 5e-4 -0.01346409 -0.06449997 0.007999956 -0.01346409 -0.06449997 5e-4 -0.01399999 -0.0625 0.007999956 -0.01399999 -0.0625 5e-4 -0.005999982 -0.0575 0.007999956 -0.005999982 -0.0575 5e-4 -0.01399999 -0.0575 0.007999956 -0.01399999 -0.0575 5e-4 -0.01346409 -0.05549997 0.007999956 -0.01346409 -0.05549997 5e-4 -0.01199996 -0.0540359 0.007999956 -0.01199996 -0.0540359 5e-4 -0.00999999 -0.05349999 0.007999956 -0.00999999 -0.05349999 5e-4 -0.007999956 -0.0540359 0.007999956 -0.007999956 -0.0540359 5e-4 -0.006535887 -0.05549997 0.007999956 -0.006535887 -0.05549997 5e-4 -0.01174998 -0.06553107 0.008499979 -0.01303106 -0.06424999 0.008499979 -0.01349997 -0.0625 0.008499979 -0.008249998 -0.05446887 0.008499979 -0.006968855 -0.05574995 0.008499979 -0.006499946 -0.0575 0.008499979 -0.008249998 -0.06553107 0.008499979 -0.00999999 -0.06599998 0.008499979 -0.006499946 -0.0625 0.008499979 -0.006968855 -0.06424999 0.008499979 -0.01349997 -0.0575 0.008499979 -0.01303106 -0.05574995 0.008499979 -0.01174998 -0.05446887 0.008499979 -0.00999999 -0.05399996 0.008499979 -0.01399999 0.06 0.007999956 -0.01399999 0.06 5e-4 -0.01346409 0.06199997 0.007999956 -0.01346409 0.06199997 5e-4 -0.01199996 0.0634641 0.007999956 -0.01199996 0.0634641 5e-4 -0.00999999 0.06400001 0.007999956 -0.00999999 0.06400001 5e-4 -0.007999956 0.0634641 0.007999956 -0.007999956 0.0634641 5e-4 -0.006535887 0.06199997 0.007999956 -0.006535887 0.06199997 5e-4 -0.005999982 0.06 0.007999956 -0.005999982 0.06 5e-4 -0.006535887 0.05799996 0.007999956 -0.006535887 0.05799996 5e-4 -0.007999956 0.05653589 0.007999956 -0.007999956 0.05653589 5e-4 -0.00999999 0.05599999 0.007999956 -0.00999999 0.05599999 5e-4 -0.01199996 0.05653589 0.007999956 -0.01199996 0.05653589 5e-4 -0.01346409 0.05799996 0.007999956 -0.01346409 0.05799996 5e-4 -0.01174998 0.05696886 0.008499979 -0.01303106 0.05824995 0.008499979 -0.00999999 0.06 0.008499979 -0.01349997 0.06 0.008499979 -0.01303106 0.06174999 0.008499979 -0.006968855 0.05824995 0.008499979 -0.008249998 0.05696886 0.008499979 -0.00999999 0.05649995 0.008499979 -0.008249998 0.06303107 0.008499979 -0.006968855 0.06174999 0.008499979 -0.006499946 0.06 0.008499979 -0.01174998 0.06303107 0.008499979 -0.00999999 0.06349998 0.008499979 8.88258e-6 0.06 5.08883e-4 0.001143872 0.06 0.06553488 8.64515e-4 0.05752021 0.06553488 -0.001143157 0.05570042 5.08883e-4 4.03214e-5 0.05516481 0.06553488 -0.001332044 0.05499553 5.08883e-4 -0.001287281 0.05305182 0.06553488 -0.003956198 0.05237138 5.08883e-4 -0.003051877 0.05128729 0.06553488 -0.004995524 0.05133205 5.08883e-4 -0.005164802 0.04995965 0.06553488 -0.00785923 0.0505647 5.08883e-4 -0.007520198 0.04913544 0.06553488 -0.00999999 0.04999107 5.08883e-4 -0.00999999 0.04885607 0.06553488 -0.01214069 0.0505647 5.08883e-4 -0.01247972 0.04913544 0.06553488 -0.01500439 0.05133205 5.08883e-4 -0.01483511 0.04995965 0.06553488 -0.01604378 0.05237138 5.08883e-4 -0.02114391 0.06 0.06553488 -0.02000886 0.06 5.08883e-4 -0.02086448 0.05752021 0.06553488 -0.01885676 0.05570042 5.08883e-4 -0.02004027 0.05516481 0.06553488 -0.01866793 0.05499553 5.08883e-4 -0.01871263 0.05305182 0.06553488 -0.0169481 0.05128729 0.06553488 -0.02000886 -0.06 5.08883e-4 -0.02114391 -0.06 0.06553488 -0.02086448 -0.05752021 0.06553488 -0.01885676 -0.05570042 5.08883e-4 -0.02004027 -0.05516481 0.06553488 -0.01866793 -0.05499553 5.08883e-4 -0.01871263 -0.05305182 0.06553488 -0.01604378 -0.05237138 5.08883e-4 -0.0169481 -0.05128729 0.06553488 -0.01500439 -0.05133205 5.08883e-4 -0.01483511 -0.04995965 0.06553488 -0.01214069 -0.0505647 5.08883e-4 -0.01247972 -0.04913544 0.06553488 -0.00999999 -0.04999107 5.08883e-4 -0.00999999 -0.04885607 0.06553488 -0.00785923 -0.0505647 5.08883e-4 -0.007520198 -0.04913544 0.06553488 -0.004995524 -0.05133205 5.08883e-4 -0.005164802 -0.04995965 0.06553488 -0.003956198 -0.05237138 5.08883e-4 0.001143872 -0.06 0.06553488 8.88258e-6 -0.06 5.08883e-4 8.64515e-4 -0.05752021 0.06553488 -0.001143157 -0.05570042 5.08883e-4 4.03214e-5 -0.05516481 0.06553488 -0.001332044 -0.05499553 5.08883e-4 -0.001287281 -0.05305182 0.06553488 -0.003051877 -0.05128729 0.06553488 -0.06075704 0.03839355 0.06749999 -0.05548548 0.04568189 0.06749999 -0.05183446 0.0474177 0.06749999 -0.04939591 -0.04939591 0.06749999 -0.05183446 -0.0474177 0.06749999 0.02749091 -0.06640577 0.06749999 0.01960307 -0.06914621 0.06749999 0.05532574 -0.04260092 0.06749999 0.05249816 -0.04363161 0.06749999 -0.0474177 0.05183446 0.06749999 0.04972529 -0.0452221 0.06749999 -0.04939591 0.04939591 0.06749999 0.04727458 -0.04727458 0.06749999 -0.00999999 0.04685634 0.06749999 -0.00707525 0.04718589 0.06749999 0.06963694 -0.01778131 0.06749999 -0.01819491 -0.04972386 0.06749999 -0.02027606 -0.05180507 0.06749999 -0.0474177 -0.05183446 0.06749999 -0.02184194 -0.05429714 0.06749999 -0.02281403 -0.05707526 0.06749999 0.002814054 -0.05707526 0.06749999 0.003143608 -0.06 0.06749999 0.01145064 -0.07095324 0.06749999 0.003143608 -0.07180249 0.06749999 -0.05548548 -0.04568189 0.06749999 -0.06075704 -0.03839355 0.06749999 0.0452221 -0.04972529 0.06749999 0.04363161 -0.05249816 0.06749999 0.04260092 -0.05532574 0.06749999 -0.02027606 0.05180507 0.06749999 -0.01819491 0.04972386 0.06749999 -0.01570278 0.04815798 0.06749999 -0.01292473 0.04718589 0.06749999 -0.02314358 0.06804305 0.06749999 -0.02314358 0.06 0.06749999 -0.031143 0.06477338 0.06749999 -0.03869217 0.06056731 0.06749999 0.001841962 -0.05429714 0.06749999 2.76089e-4 -0.05180507 0.06749999 -0.001805067 -0.04972386 0.06749999 -0.004297196 -0.04815798 0.06749999 -0.00707525 -0.04718589 0.06749999 -0.00999999 -0.04685634 0.06749999 -0.01292473 -0.04718589 0.06749999 -0.01570278 -0.04815798 0.06749999 -0.06507688 -0.0305038 0.06749999 -0.06837737 -0.02213621 0.06749999 -0.07060688 -0.01342195 0.06749999 0.05828481 -0.04205185 0.06749999 0.06307291 -0.03445708 0.06749999 0.0668767 -0.02632457 0.06749999 -0.04568189 0.05548548 0.06749999 -0.02281403 0.05707526 0.06749999 -0.02184194 0.05429714 0.06749999 0.001841962 0.05429714 0.06749999 0.002814054 0.05707526 0.06749999 0.04727458 0.04727458 0.06749999 -0.02314358 -0.06804305 0.06749999 -0.031143 -0.06477338 0.06749999 -0.02314358 -0.06 0.06749999 -0.03869217 -0.06056731 0.06749999 -0.04568189 -0.05548548 0.06749999 -0.06507688 0.0305038 0.06749999 -0.06837737 0.02213621 0.06749999 -0.07060688 0.01342195 0.06749999 0.04205185 -0.05828481 0.06749999 0.03500771 -0.06276893 0.06749999 0.04260092 0.05532574 0.06749999 0.04363161 0.05249816 0.06749999 0.0452221 0.04972529 0.06749999 -0.07173043 -0.004497468 0.06749999 -0.07173043 0.004497468 0.06749999 0.07131052 0.008960545 0.06749999 0.07187128 0 0.06749999 2.76089e-4 0.05180507 0.06749999 0.07131052 -0.008960545 0.06749999 -0.001805067 0.04972386 0.06749999 -0.004297196 0.04815798 0.06749999 0.04972529 0.0452221 0.06749999 0.0668767 0.02632457 0.06749999 0.06963694 0.01778131 0.06749999 0.05249816 0.04363161 0.06749999 0.05532574 0.04260092 0.06749999 0.06307291 0.03445708 0.06749999 0.05828481 0.04205185 0.06749999 0.04205185 0.05828481 0.06749999 0.003143608 0.06 0.06749999 0.03500771 0.06276893 0.06749999 0.003143608 0.07180249 0.06749999 0.01145064 0.07095324 0.06749999 0.01960307 0.06914621 0.06749999 0.02749091 0.06640577 0.06749999 0.05219519 -0.06010407 0.06304466 0.05224817 -0.05877494 0.06640708 0.05292016 -0.05643522 0.07207816 0.05250173 -0.05754798 0.06944388 0.05432951 -0.05439502 0.07515543 0.05405145 -0.05469381 0.07503706 0.05382585 -0.05496424 0.07478642 0.05342298 -0.05552583 0.07394945 0.0531212 -0.05607163 0.07282626 0.05607354 -0.05312508 0.072811 0.05551856 -0.05342769 0.07396239 0.05459117 -0.0541433 0.07509833 0.05489897 -0.05387824 0.07485783 0.05544453 -0.05347639 0.07409125 0.06010407 -0.05219519 0.06304466 0.05933511 -0.05219835 0.06500095 0.05747652 -0.05252289 0.06961798 0.05652451 -0.05287921 0.07187551 0.05228328 -0.06244295 0.05799919 0.05244857 -0.06716126 0.04852938 0.05263519 -0.07233113 0.03783887 0.05275696 -0.07523918 0.03086262 0.06995457 -0.05254703 0.0428881 0.0669201 -0.05244022 0.04900956 0.06359165 -0.05232423 0.0556522 0.07652723 -0.05282402 0.02701967 0.07483249 -0.05273824 0.03193378 0.07261359 -0.0526461 0.03721195 0.05816513 -0.06734013 0.02529996 0.05635839 -0.06659173 0.02529996 0.05480688 -0.06540125 0.02529996 0.06384974 -0.05361634 0.02529996 0.06540125 -0.05480688 0.02529996 0.06659173 -0.05635839 0.02529996 0.06734013 -0.05816513 0.02529996 0.06759542 -0.06010407 0.02529996 0.06949198 -0.06183743 0.02529996 0.06734013 -0.06204295 0.02529996 0.06659173 -0.06384974 0.02529996 0.06540125 -0.06540125 0.02529996 0.06183743 -0.06949198 0.02529996 0.06384974 -0.06659173 0.02529996 0.06204295 -0.06734013 0.02529996 0.06010407 -0.06759542 0.02529996 7.91848e-4 -0.07937252 0.04536491 8.88258e-6 -0.07937252 5.08883e-4 8.27928e-4 -0.0785253 0.04743194 0.00102508 -0.07406407 0.05872863 0.001143872 -0.07180249 0.06553488 0.00716114 -0.08849626 0.02408218 0.007338523 -0.08858066 0.02377384 0.007072031 -0.08882969 5.08883e-4 0.009730875 -0.08902275 0.01982468 0.01015502 -0.08903825 0.01907902 0.01097452 -0.08901935 0.01741844 0.01040023 -0.08904361 0.0183674 0.01106435 -0.08901643 0.01704621 0.0110712 -0.08901804 0.01691013 0.01110261 -0.08928054 0.001766502 0.01110517 -0.0893023 5.08883e-4 0.007454156 -0.08903384 5.08883e-4 0.005006849 -0.0874713 0.02782738 0.003384947 -0.08686012 5.08883e-4 0.003377556 -0.08684957 5.08883e-4 9.60887e-4 -0.08342272 5.08883e-4 0.003115892 -0.08583128 0.03210467 0.003774702 -0.08640265 0.03061455 0.001031219 -0.08179491 0.0406692 7.26193e-4 -0.08308988 5.08883e-4 0.001553416 -0.08318084 0.0378434 0.001881659 -0.08405208 0.03606706 0.0411182 -0.07890695 0.02361792 0.04148668 -0.0784713 0.02435964 0.041754 -0.0787509 4.99924e-4 0.0431807 -0.07641041 0.02785158 0.04429787 -0.07423508 0.0314083 0.04481649 -0.07447248 4.99924e-4 0.04452782 -0.07378727 0.03214043 0.04529136 -0.07103049 0.0367586 0.04606539 -0.06936669 4.99924e-4 0.04541569 -0.069332 0.0397613 0.04619342 -0.06883299 4.99924e-4 0.0454899 -0.0683186 0.04155284 0.04565149 -0.06415194 4.99924e-4 0.04513144 -0.06547397 0.04701864 0.04483139 -0.06438165 0.04929053 0.04485255 -0.07442212 4.99924e-4 0.04299551 -0.07668739 0.02739727 0.04150706 -0.0790959 4.99924e-4 0.0376147 -0.08175206 4.99924e-4 0.03755432 -0.08162224 0.008705019 0.03763473 -0.0814132 0.01751613 0.03831028 -0.08103746 0.01880884 0.03880536 -0.08073389 0.01965808 0.03749394 -0.08149236 0.01691013 0.0804221 -0.039285 0.02007162 0.08149236 -0.03749394 0.01691013 0.08162224 -0.03755432 0.008705019 0.0807197 -0.03882747 0.01969552 0.0812298 -0.03797328 0.01820498 0.0814895 -0.03749632 0.01699984 0.08146125 -0.0375449 0.01726675 0.08175206 -0.0376147 4.99924e-4 0.0790959 -0.04150706 4.99924e-4 0.0787509 -0.041754 4.99924e-4 0.07911354 -0.04090011 0.02323311 0.07447248 -0.04481649 4.99924e-4 0.07424515 -0.04431253 0.03139418 0.07452988 -0.04421454 0.03092247 0.07558745 -0.0436787 0.02919602 0.07793664 -0.0420342 0.02531808 0.07848554 -0.04150527 0.02434569 0.0693348 -0.04547506 0.03971987 0.06935644 -0.0454759 0.03967994 0.07442212 -0.04485255 4.99924e-4 0.071949 -0.04510295 0.03519809 0.06936669 -0.04606539 4.99924e-4 0.06883299 -0.04619342 4.99924e-4 0.0668134 -0.04537391 0.04437536 0.06415194 -0.04565149 4.99924e-4 0.06438165 -0.04483139 0.04929053 0.07890695 0.0411182 0.02361792 0.0784713 0.04148668 0.02435964 0.07873934 0.04173898 5.08883e-4 0.07103049 0.04529136 0.0367586 0.069332 0.04541569 0.0397613 0.0693674 0.04606962 5.08883e-4 0.06886589 0.04619181 5.08883e-4 0.0683186 0.0454899 0.04155284 0.064152 0.04565131 5.08883e-4 0.06547397 0.04513144 0.04701864 0.06438165 0.04483139 0.04929053 0.07447892 0.04482418 5.08883e-4 0.07423508 0.04429787 0.0314083 0.07378727 0.04452782 0.03214043 0.07448852 0.04482185 5.08883e-4 0.07668739 0.04299551 0.02739727 0.07641041 0.0431807 0.02785158 0.07917326 0.04142421 5.08883e-4 0.08175194 0.03761464 5.08883e-4 0.08162289 0.03755462 0.008660256 0.0814132 0.03763473 0.01751613 0.08103746 0.03831028 0.01880884 0.08073389 0.03880536 0.01965808 0.08149236 0.03749394 0.01691013 0.039285 0.0804221 0.02007162 0.03749394 0.08149236 0.01691013 0.03755426 0.08162212 0.00870949 0.03882747 0.0807197 0.01969552 0.03797328 0.0812298 0.01820498 0.03749632 0.0814895 0.01699984 0.0375449 0.08146125 0.01726675 0.03761464 0.08175194 5.08883e-4 0.04150694 0.07909578 5.08883e-4 0.04175394 0.07875078 5.08883e-4 0.04090011 0.07911354 0.02323311 0.04481637 0.07447242 5.08883e-4 0.04431253 0.07424515 0.03139418 0.04421454 0.07452988 0.03092247 0.0436787 0.07558745 0.02919602 0.0420342 0.07793664 0.02531808 0.04150527 0.07848554 0.02434569 0.04547506 0.0693348 0.03971987 0.0454759 0.06935644 0.03967994 0.04485243 0.07442206 5.08883e-4 0.04510295 0.071949 0.03519809 0.04606521 0.06936669 5.08883e-4 0.0461933 0.06883299 5.08883e-4 0.04537391 0.0668134 0.04437536 0.04565131 0.064152 5.08883e-4 0.04483139 0.06438165 0.04929053 8.90072e-4 0.08347308 5.08883e-4 0.001562058 0.08317559 0.03784716 8.88258e-6 0.07937252 5.08883e-4 0.001094818 0.0820499 0.04016375 7.91848e-4 0.07937252 0.04536491 0.003376424 0.08685028 5.08883e-4 0.003776729 0.08640205 0.03061491 8.90934e-4 0.08347707 5.08883e-4 0.003019988 0.08572077 0.03236496 0.002053797 0.08436042 0.03540879 0.007029652 0.0889092 5.08883e-4 0.007151126 0.08851736 0.02407628 0.003381311 0.0868569 5.08883e-4 0.007127642 0.08851081 0.02411431 0.004839718 0.08735901 0.02815663 0.007040381 0.08891522 5.08883e-4 0.01110517 0.0893023 5.08883e-4 0.01110261 0.08928054 0.001766502 0.01066243 0.08903342 0.01812583 0.0104869 0.08903789 0.01846796 0.008221805 0.08881658 0.02234393 0.0110712 0.08901804 0.01691013 9.33983e-4 0.07606583 0.0535078 0.001060128 0.07334399 0.06073749 0.001143872 0.07180249 0.06553488 0.03753602 0.08163064 0.00870949 0.03747558 0.08150088 0.01691013 0.03404134 0.08299398 0.01691013 0.01109784 0.08901488 0.01691013 0.01112878 0.08927744 0.001766502 0.01339888 0.08869773 0.01691013 0.01113134 0.08929926 5.08883e-4 0.02389097 0.0864641 0.01691013 0.02456659 0.08657217 5.08883e-4 0.02456253 0.0862345 0.01691013 0.0246514 0.08654087 5.08883e-4 0.03759652 0.0817604 5.08883e-4 0.08150088 -0.03747558 0.01691013 0.0825352 -0.03513902 0.01691013 0.0816307 -0.03753608 0.008705019 0.08176052 -0.03759658 4.99924e-4 0.0817604 0.03759652 5.08971e-4 0.08157962 0.03798758 4.99924e-4 0.08528739 0.02871143 4.99924e-4 0.08150088 0.03747558 0.01691013 0.08163142 0.03753638 0.008660256 0.0825352 0.03513902 0.01691013 0.0858013 0.02605086 0.01691013 0.08593887 0.02610361 4.99924e-4 0.08556991 -0.02785813 4.99924e-4 0.08594632 -0.02564728 0.01691013 0.08608657 -0.02569854 4.99924e-4 0.08602219 -0.02543622 0.01691013 0.08891344 -0.01388138 4.99924e-4 0.0883727 -0.01539736 0.01691013 0.08898776 -0.01289105 4.99924e-4 0.0886678 -0.01284283 0.01691013 0.08997189 2.16785e-4 4.99924e-4 0.08955579 -0.005155146 0.01691013 0.08955579 2.14723e-4 0.01691013 0.08998936 4.49418e-4 4.99924e-4 0.08955579 0.005155146 0.01691013 0.08889418 0.01331388 4.99924e-4 0.08861851 0.01326918 0.01691013 0.08877032 0.01476871 4.99924e-4 0.0883727 0.01539736 0.01691013 0.08602219 0.02543622 0.01691013 0.03747558 -0.08150088 0.01691013 0.03753608 -0.0816307 0.008705019 0.03402656 -0.08300006 0.01691013 0.03759658 -0.08176052 4.99924e-4 0.02439945 -0.08628886 0.01691013 0.01113134 -0.08929926 5.09024e-4 0.02386772 -0.08647048 0.01691013 0.02448546 -0.08658856 4.99924e-4 0.0244069 -0.08661746 4.99924e-4 0.0107885 -0.08934146 4.99924e-4 0.01336705 -0.08870249 0.01691013 0.01112878 -0.08927744 0.001766502 0.01109784 -0.08901488 0.01691013 0.03402769 0.08296078 0.01824378 0.007701516 0.08844691 0.02495312 0.01326429 0.08780658 0.02495163 0.01311701 0.08683174 0.02863925 0.04313331 0.06056553 0.06419122 0.04317635 0.05984336 0.0660535 0.03595292 0.06444233 0.0660535 0.04318654 0.06179994 0.06122696 0.04325646 0.06342226 0.0573312 0.03671067 0.06580048 0.06121188 0.04352259 0.06463015 0.05442601 0.03795355 0.06802827 0.0544179 0.04392725 0.06646645 0.05000931 0.04439002 0.06856203 0.04509621 0.04447162 0.07076758 0.04038429 0.04073488 0.07301348 0.04031622 0.04446661 0.07080167 0.04031616 0.04201471 0.07530748 0.03340768 0.04268038 0.07653808 0.02917224 0.04289358 0.07622855 0.02976632 0.04336231 0.07529538 0.03152918 0.04369968 0.0743137 0.03340822 0.04414099 0.07302951 0.03586637 0.04249161 0.07681214 0.02864623 0.03332519 0.08124804 0.02863925 0.03272485 0.07978427 0.03340768 0.03369933 0.08216017 0.02495163 0.04109424 0.07870066 0.02495753 0.04145663 0.07831466 0.02576249 0.03789752 0.08126568 0.01824951 0.03392606 0.082713 0.02155834 0.03789532 0.08126688 0.01824384 0.03752022 0.08147263 0.01727449 0.03864926 0.08080971 0.01981574 0.039505 0.08013147 0.02158033 0.04046636 0.07936942 0.02356284 0.03747761 0.0814982 0.01700127 0.01076555 0.08902251 0.01816672 0.01339352 0.0886622 0.01824378 0.01335352 0.08839744 0.02155834 0.01062297 0.08902454 0.01852488 0.01073479 0.08902299 0.01824402 0.007901072 0.08855098 0.02449846 0.00878638 0.08881783 0.02261775 0.00925529 0.08887058 0.0215727 0.01288074 0.08526742 0.03340768 0.00459975 0.08625841 0.03299635 0.006057024 0.08758932 0.02870035 0.01248836 0.08267009 0.04031622 0.003831565 0.08516687 0.03607934 0.004497528 0.08611309 0.03340679 0.002856612 0.08122265 0.0460869 0.003078401 0.08333021 0.04087066 0.003165781 0.0835433 0.04031479 0.003005325 0.07792419 0.05420869 0.01163566 0.07702553 0.0544179 0.003009259 0.07784485 0.05441927 0.0112546 0.07450306 0.06121188 0.0031358 0.0752865 0.06121319 0.01102232 0.07296532 0.0660535 0.003227651 0.07372254 0.0660535 0.003138542 0.07523107 0.06136047 0.02388137 0.08642947 0.01824378 0.03172796 0.07735395 0.04031622 0.02956163 0.07207238 0.0544179 0.02859359 0.06971216 0.06121188 0.02381008 0.08617132 0.02155834 0.02365094 0.08559542 0.02495163 0.02338832 0.08464509 0.02863925 0.02296698 0.08312016 0.03340768 0.0222674 0.08058822 0.04031622 0.020747 0.07508581 0.0544179 0.02006757 0.07262688 0.06121188 0.03594356 0.06444686 0.0660535 0.02821999 0.06816887 0.0660535 0.02800339 0.06827324 0.0660535 0.02011829 0.07096892 0.0660535 0.01965337 0.07112789 0.0660535 0.01174831 0.07281076 0.0660535 0.08598774 0.02542603 0.01824378 0.08951997 -0.005153059 0.01824378 0.08833736 -0.01539123 0.01824378 0.08250218 -0.03512495 0.01824378 0.06056553 -0.04313331 0.06419122 0.05984336 -0.04317635 0.0660535 0.06413048 -0.03650629 0.0660535 0.06856203 -0.04439002 0.04509621 0.06646645 -0.04392725 0.05000931 0.06769907 -0.03853774 0.0544179 0.06463015 -0.04352259 0.05442601 0.06548207 -0.03727567 0.06121188 0.06342226 -0.04325646 0.0573312 0.06179994 -0.04318654 0.06122696 0.07076758 -0.04447162 0.04038429 0.07266014 -0.0413618 0.04031622 0.07080167 -0.04446661 0.04031616 0.07576799 -0.04312491 0.03063637 0.07529538 -0.04336231 0.03152918 0.074943 -0.04266136 0.03340768 0.0743137 -0.04369968 0.03340822 0.07302951 -0.04414099 0.03586637 0.08079892 -0.0343998 0.02863925 0.08170604 -0.03478598 0.02495163 0.07870066 -0.04109424 0.02495753 0.07622855 -0.04289358 0.02976632 0.07934325 -0.03378003 0.03340768 0.07681214 -0.04249161 0.02864623 0.07831466 -0.04145663 0.02576249 0.08126568 -0.03789752 0.01824951 0.08225578 -0.03502005 0.02155834 0.08126688 -0.03789532 0.01824384 0.08147263 -0.03752022 0.01727449 0.08080971 -0.03864926 0.01981574 0.08013147 -0.039505 0.02158033 0.07936942 -0.04046636 0.02356284 0.0814982 -0.03747761 0.01700127 0.08250218 0.03512495 0.01824378 0.0812509 0.03791594 0.01825076 0.0814296 0.03759932 0.01753199 0.08109378 0.03819423 0.01888257 0.08225578 0.03502005 0.02155834 0.08082234 0.03862982 0.01977628 0.08170604 0.03478598 0.02495163 0.07918369 0.0406568 0.02397239 0.08011621 0.03950333 0.02158451 0.07682305 0.04252648 0.02864021 0.07695704 0.04245829 0.02838659 0.08079892 0.0343998 0.02863925 0.07720273 0.0422964 0.02791869 0.07868605 0.04106867 0.02496367 0.07574021 0.04307758 0.03068953 0.074943 0.04266136 0.03340768 0.07464182 0.04363656 0.0327683 0.07431149 0.04372829 0.0334075 0.07222664 0.04430705 0.03744214 0.07266014 0.0413618 0.04031622 0.07082068 0.04441392 0.04031503 0.06463021 0.04352229 0.05442601 0.06646645 0.04392725 0.05000931 0.06769907 0.03853774 0.0544179 0.06740599 0.04418379 0.04774081 0.06986588 0.04448652 0.04226607 0.06342792 0.04325717 0.05731785 0.06548207 0.03727567 0.06121188 0.06179982 0.04318642 0.0612269 0.06057262 0.04313302 0.0641734 0.06413048 0.03650629 0.0660535 0.05984336 0.04317635 0.0660535 0.08598774 -0.02542603 0.01824378 0.08951997 0.005153059 0.01824378 0.08833736 0.01539123 0.01824378 0.08573091 -0.02535009 0.02155834 0.08515793 -0.02518063 0.02495163 0.08421248 -0.02490109 0.02863925 0.08269536 -0.0244525 0.03340768 0.07692641 -0.03275108 0.04031622 0.08017635 -0.02370762 0.04031622 0.07167398 -0.03051489 0.0544179 0.07470208 -0.02208894 0.0544179 0.06932681 -0.02951556 0.06121188 0.07225573 -0.02136558 0.06121188 0.08807349 -0.01534527 0.02155834 0.08925259 -0.005137681 0.02155834 0.08748483 -0.01524269 0.02495163 0.08865606 -0.005103349 0.02495163 0.08651357 -0.01507347 0.02863925 0.08767175 -0.005046665 0.02863925 0.08495497 -0.01480191 0.03340768 0.08609235 -0.004955768 0.03340768 0.08236718 -0.01435101 0.04031622 0.08346986 -0.00480479 0.04031622 0.0767433 -0.01337116 0.0544179 0.07777065 -0.004476726 0.0544179 0.07423007 -0.01293325 0.06121188 0.07522386 -0.004330158 0.06121188 0.08573091 0.02535009 0.02155834 0.08515793 0.02518063 0.02495163 0.08421248 0.02490109 0.02863925 0.08269536 0.0244525 0.03340768 0.07934325 0.03378003 0.03340768 0.08017635 0.02370762 0.04031622 0.07692641 0.03275108 0.04031622 0.07470208 0.02208894 0.0544179 0.07167398 0.03051489 0.0544179 0.07225573 0.02136558 0.06121188 0.06932681 0.02951556 0.06121188 0.0647031 -0.03535056 0.0660535 0.06789588 -0.02890634 0.0660535 0.06858152 -0.02699851 0.0660535 0.07076436 -0.02092456 0.0660535 0.07139468 -0.01823234 0.0660535 0.07269793 -0.01266634 0.0660535 0.07309991 -0.009186565 0.0660535 0.07367122 -0.004240751 0.0660535 0.07367122 0 0.0660535 0.08925259 0.005137681 0.02155834 0.08865606 0.005103349 0.02495163 0.08767175 0.005046665 0.02863925 0.08609235 0.004955768 0.03340768 0.08346986 0.00480479 0.04031622 0.07777065 0.004476726 0.0544179 0.07522386 0.004330158 0.06121188 0.07367122 0.004240751 0.0660535 0.07423007 0.01293325 0.06121188 0.0767433 0.01337116 0.0544179 0.08236718 0.01435101 0.04031622 0.08495497 0.01480191 0.03340768 0.08651357 0.01507347 0.02863925 0.08748483 0.01524269 0.02495163 0.08807349 0.01534527 0.02155834 0.07309991 0.009186565 0.0660535 0.07269793 0.01266634 0.0660535 0.07139468 0.01823234 0.0660535 0.07076436 0.02092456 0.0660535 0.06858152 0.02699851 0.0660535 0.06789588 0.02890634 0.0660535 0.0647031 0.03535056 0.0660535 0.03594368 -0.06444722 0.0660535 0.03594726 -0.06444549 0.0660535 0.03670489 -0.0658037 0.06121188 0.02385812 -0.08643591 0.01824378 0.01101917 -0.08901411 0.0174309 0.01070481 -0.08901768 0.01825076 0.01336169 -0.08866703 0.01824378 0.03401291 -0.0829668 0.01824378 0.03791594 -0.0812509 0.01825076 0.03759932 -0.0814296 0.01753199 0.03819423 -0.08109378 0.01888257 0.03391134 -0.08271902 0.02155834 0.03862982 -0.08082234 0.01977628 0.03368467 -0.08216619 0.02495163 0.0406568 -0.07918369 0.02397239 0.03950333 -0.08011621 0.02158451 0.04252648 -0.07682305 0.02864021 0.04245829 -0.07695704 0.02838659 0.03331071 -0.08125394 0.02863925 0.0422964 -0.07720273 0.02791869 0.04106867 -0.07868605 0.02496367 0.04267024 -0.07654052 0.02917492 0.0420081 -0.07531112 0.03340768 0.04363656 -0.07464182 0.0327683 0.04372829 -0.07431149 0.0334075 0.04430705 -0.07222664 0.03744214 0.04072844 -0.07301706 0.04031622 0.04441392 -0.07082068 0.04031503 0.04352259 -0.06463015 0.05442601 0.04392725 -0.06646645 0.05000931 0.03794759 -0.0680316 0.0544179 0.04418379 -0.06740599 0.04774081 0.04448652 -0.06986588 0.04226607 0.04325646 -0.06342226 0.0573312 0.04318654 -0.06179994 0.06122696 0.04313331 -0.06056553 0.06419122 0.04317635 -0.05984336 0.0660535 0.003029346 -0.08312863 0.04137861 0.002856612 -0.08122265 0.0460869 0.01245862 -0.08267456 0.04031622 0.002894222 -0.08037543 0.04815381 0.011608 -0.0770297 0.0544179 0.003010213 -0.07789301 0.05443841 0.01122784 -0.07450711 0.06121188 0.003101408 -0.07594078 0.05938094 0.003136336 -0.07532721 0.06122648 0.0128501 -0.08527207 0.03340768 0.003695428 -0.08492064 0.03674423 0.003182351 -0.08354032 0.04031395 0.01308584 -0.08683645 0.02863925 0.004676282 -0.08634752 0.03273195 0.004511535 -0.08610785 0.03340578 0.01323276 -0.08781135 0.02495163 0.006191313 -0.08768159 0.02836173 0.006095349 -0.08759707 0.0286386 0.0100094 -0.08900475 0.01995193 0.009260177 -0.08885258 0.02157044 0.01332175 -0.08840221 0.02155834 0.008071541 -0.0886113 0.02413803 0.007708013 -0.08843153 0.02495461 0.01035356 -0.08902168 0.01916658 0.01109224 -0.08901309 0.01704853 0.0237869 -0.08617776 0.02155834 0.02362793 -0.08560174 0.02495163 0.02336561 -0.08465141 0.02863925 0.02294462 -0.08312636 0.03340768 0.03271061 -0.07979011 0.03340768 0.0222457 -0.08059424 0.04031622 0.0317142 -0.07735961 0.04031622 0.02072679 -0.07509142 0.0544179 0.02954882 -0.07207763 0.0544179 0.02004808 -0.07263231 0.06121188 0.02858114 -0.06971722 0.06121188 0.003227651 -0.07372254 0.0660535 0.0109961 -0.07296925 0.0660535 0.01174807 -0.07280945 0.0660535 0.01963424 -0.07113313 0.0660535 0.02011793 -0.07096791 0.0660535 0.02799123 -0.06827825 0.0660535 0.02821964 -0.06816822 0.0660535 0.04402279 -0.05913233 0.06362515 0.04403185 -0.05881935 0.0645489 0.04532849 -0.05889707 4.99924e-4 0.04526454 -0.05785655 4.99924e-4 0.05889707 -0.04532849 4.99924e-4 0.05913233 -0.04402279 0.06362515 0.06168061 -0.04419302 0.05665552 0.0539177 -0.04675614 4.99924e-4 0.05585235 -0.04453003 0.06553488 0.05785655 -0.04526454 4.99924e-4 0.05848532 -0.04404151 0.06553488 0.05881935 -0.04403185 0.0645489 0.04419302 -0.06168061 0.05665552 0.04404151 -0.05848532 0.06553488 0.04453003 -0.05585235 0.06553488 0.04675614 -0.0539177 4.99924e-4 0.04544711 -0.05333644 0.06553488 0.04749828 -0.05195814 4.99924e-4 0.04686236 -0.05086916 0.06553488 0.04972821 -0.04972821 4.99924e-4 0.04868859 -0.04868859 0.06553488 0.05195814 -0.04749828 4.99924e-4 0.05086916 -0.04686236 0.06553488 0.05333644 -0.04544711 0.06553488 0.05913865 0.04402273 0.06360691 0.05881935 0.04403191 0.0645492 0.05889707 0.04532837 5.08883e-4 0.05785655 0.04526442 5.08883e-4 0.04532837 0.05889707 5.08883e-4 0.04402279 0.05913233 0.06362515 0.04419302 0.06168061 0.05665552 0.04675602 0.05391764 5.08883e-4 0.04453003 0.05585235 0.06553488 0.04526442 0.05785655 5.08883e-4 0.04404151 0.05848532 0.06553488 0.04403185 0.05881935 0.0645489 0.06168568 0.0441938 0.05664199 0.05848532 0.04404151 0.06553488 0.05585235 0.04453003 0.06553488 0.05391764 0.04675602 5.08883e-4 0.05333644 0.04544711 0.06553488 0.05195808 0.0474981 5.08883e-4 0.05086916 0.04686236 0.06553488 0.04972809 0.04972809 5.08883e-4 0.04868859 0.04868859 0.06553488 0.0474981 0.05195808 5.08883e-4 0.04686236 0.05086916 0.06553488 0.04544711 0.05333644 0.06553488 -0.07352501 -0.004610538 0.0660535 -0.07329571 -0.008553743 0.0660535 -0.07484048 -0.008734047 0.06121188 -0.0833075 0.03296494 0.01691013 -0.08019119 0.04020184 0.01691013 -0.08015906 0.04018574 0.01824378 -0.08653217 -0.01779133 0.0268017 -0.08649998 -0.01510477 0.02864283 -0.08545702 -0.02022147 0.02863925 -0.06271755 0.04631638 0.0542494 -0.06263715 0.04631602 0.05441862 -0.06512218 0.04274833 0.0544179 -0.06298959 0.04134839 0.06121188 -0.05998528 0.04630404 0.06000322 -0.05937975 0.04642438 0.0612179 -0.06989449 0.04588097 0.04031622 -0.06743353 0.04724532 0.04347616 -0.06532406 0.04682564 0.04828631 -0.07156229 0.04696476 0.03513258 -0.069646 0.04728281 0.03886806 -0.06895118 0.04727107 0.04031521 -0.07502412 0.04561519 0.02864235 -0.07485353 0.04573214 0.02896422 -0.0770899 0.03864705 0.03340768 -0.0719102 0.046907 0.03445446 -0.07474166 0.03746986 0.04031622 -0.07246929 0.04670286 0.03340888 -0.07417488 0.04607993 0.03021943 -0.0785042 0.03935611 0.02863925 -0.07938551 0.03979796 0.02495163 -0.07696646 0.0442838 0.02497756 -0.07991969 0.0400657 0.02155834 -0.07846093 0.04273617 0.02158057 -0.07784783 0.04347449 0.02314615 -0.07988142 0.04079955 0.0172528 -0.0799058 0.04076278 0.01699441 -0.07990831 0.04076123 0.01691013 -0.0796808 0.04113316 0.01815831 -0.07965451 0.04117351 0.01824545 -0.07927709 0.04175317 0.01949644 -0.08626878 0.02445811 0.0182259 -0.08617013 0.02490586 0.01726603 -0.08427691 0.03062313 0.01824378 -0.08616089 0.0249567 0.01699751 -0.08627033 0.02444607 0.0182448 -0.0840252 0.0305317 0.02155834 -0.08654481 0.02232629 0.02157157 -0.08657675 0.02207958 0.0219587 -0.0834636 0.03032761 0.02495163 -0.08658957 0.02099996 0.02351045 -0.08649992 0.01500701 0.02864885 -0.0865125 0.01625823 0.02792882 -0.08545702 0.02022147 0.02863925 -0.08655065 0.01901912 0.02574181 -0.08641642 0.02044844 0.02495163 -0.08656424 0.01971089 0.0249626 -0.08657985 0.02050316 0.02407008 -0.08647793 0.01281857 0.02990829 -0.08391749 0.01985716 0.03340768 -0.08645874 0.01009434 0.03100675 -0.08643031 0.003649473 0.032637 -0.0864439 0.007601618 0.03185647 -0.08565354 0.009995937 0.03340768 -0.08645159 0.009074151 0.03141814 -0.08645778 -0.01009023 0.03106075 -0.08645647 -0.009898185 0.03113603 -0.08565354 -0.009995937 0.03340768 -0.08643722 -0.006008446 0.03223907 -0.08642745 -0.001998126 0.03279882 -0.08642631 -3.42259e-4 0.03286582 -0.08623486 0 0.03340768 -0.08642667 0 0.03284621 -0.08391749 -0.01985716 0.03340768 -0.08649677 -0.01483082 0.02883058 -0.0864675 -0.01150929 0.03050446 -0.08657789 -0.02048707 0.02418142 -0.08657729 -0.02045983 0.024217 -0.08641642 -0.02044844 0.02495163 -0.0865643 -0.01972812 0.02496141 -0.08654248 -0.01850187 0.02620887 -0.0840252 -0.0305317 0.02155834 -0.0865119 -0.02230352 0.02158349 -0.0834636 -0.03032761 0.02495163 -0.08658957 -0.02099996 0.02351045 -0.08616089 -0.0249567 0.01699751 -0.08617013 -0.02490586 0.01726603 -0.08427691 -0.03062313 0.01824378 -0.08616155 -0.02495992 0.01691013 -0.08626878 -0.02445811 0.0182259 -0.08627074 -0.02444702 0.01824426 -0.08644151 -0.0234847 0.01983749 -0.07990831 -0.04076123 0.01691013 -0.08019119 -0.04020184 0.01691013 -0.07983201 -0.04088199 0.01753199 -0.08015906 -0.04018574 0.01824378 -0.07964056 -0.04119104 0.01825076 -0.0794723 -0.04146277 0.01888257 -0.07991969 -0.0400657 0.02155834 -0.07918334 -0.04188692 0.01977628 -0.07938551 -0.03979796 0.02495163 -0.07746356 -0.04384553 0.02397239 -0.07844227 -0.04273092 0.02158451 -0.07502883 -0.04561758 0.02864021 -0.07516545 -0.04555487 0.02838659 -0.0785042 -0.03935611 0.02863925 -0.07541751 -0.04540318 0.02791869 -0.07694959 -0.04423683 0.02496367 -0.07280421 -0.04663801 0.0327683 -0.0770899 -0.03864705 0.03340768 -0.07247042 -0.04671615 0.0334075 -0.07153981 -0.04693412 0.03518968 -0.06989449 -0.04588097 0.04031622 -0.0703637 -0.04720962 0.03744214 -0.06895458 -0.04725921 0.04031503 -0.06263715 -0.04631602 0.05441862 -0.06271755 -0.04631638 0.0542494 -0.06512218 -0.04274833 0.0544179 -0.06532406 -0.04682564 0.04828631 -0.06799757 -0.04729282 0.04226607 -0.05998528 -0.04630404 0.06000322 -0.06298959 -0.04134839 0.06121188 -0.05937975 -0.04642438 0.0612179 -0.06168943 -0.04049491 0.0660535 -0.05696922 -0.04690349 0.0660535 -0.08431065 0.03063541 0.01691013 -0.08616155 0.02495992 0.01691013 -0.08330559 -0.03296941 0.01691013 -0.08431065 -0.03063541 0.01691013 -0.08253699 0.02999097 0.02863925 -0.08105003 0.02945065 0.03340768 -0.07858115 0.02855354 0.04031622 -0.06963843 0.03491145 0.0544179 -0.07321578 0.02660393 0.0544179 -0.06735789 0.03376817 0.06121188 -0.07081812 0.02573269 0.06121188 -0.08136123 0.0192523 0.04031622 -0.0830444 0.009691476 0.04031622 -0.07580602 0.01793777 0.0544179 -0.07737427 0.009029746 0.0544179 -0.07332354 0.01735031 0.06121188 -0.07484048 0.008734047 0.06121188 -0.08253699 -0.02999097 0.02863925 -0.08105003 -0.02945065 0.03340768 -0.07858115 -0.02855354 0.04031622 -0.07474166 -0.03746986 0.04031622 -0.07321578 -0.02660393 0.0544179 -0.06963843 -0.03491145 0.0544179 -0.07081812 -0.02573269 0.06121188 -0.06735789 -0.03376817 0.06121188 -0.05696922 0.04690349 0.0660535 -0.06168943 0.04049491 0.0660535 -0.06232696 0.03938865 0.0660535 -0.06596761 0.03307121 0.0660535 -0.06673681 0.03128492 0.0660535 -0.06935638 0.02520161 0.0660535 -0.07010471 0.02269792 0.0660535 -0.07181012 0.01699221 0.0660535 -0.07237905 0.01376044 0.0660535 -0.07329571 0.008553743 0.0660535 -0.07352501 0.004610538 0.0660535 -0.08360803 0 0.04031622 -0.07789939 0 0.0544179 -0.07534837 0 0.06121188 -0.07379317 0 0.0660535 -0.0830444 -0.009691476 0.04031622 -0.07737427 -0.009029746 0.0544179 -0.07332354 -0.01735031 0.06121188 -0.07580602 -0.01793777 0.0544179 -0.08136123 -0.0192523 0.04031622 -0.07237905 -0.01376044 0.0660535 -0.07181012 -0.01699221 0.0660535 -0.07010471 -0.02269792 0.0660535 -0.06935638 -0.02520161 0.0660535 -0.06673681 -0.03128492 0.0660535 -0.06596761 -0.03307121 0.0660535 -0.06232696 -0.03938865 0.0660535 -0.046907 -0.0719102 0.03445446 -0.04715734 -0.07040208 0.03739416 -0.04654145 -0.06945645 0.04031622 -0.0301029 -0.08352237 0.02495312 -0.03365623 -0.08217781 0.02495163 -0.03328257 -0.0812655 0.02863925 -0.03321218 -0.08329385 0.01816672 -0.03353142 -0.08320128 0.01691013 -0.03399783 -0.0830118 0.01691013 -0.03398424 -0.0829786 0.01824378 -0.03318256 -0.08330214 0.01824402 -0.03032243 -0.08357185 0.02449846 -0.03124654 -0.08360296 0.02261775 -0.03388273 -0.08273077 0.02155834 -0.03171342 -0.08353388 0.0215727 -0.03307485 -0.0833323 0.01852488 -0.03268301 -0.07980144 0.03340768 -0.02654403 -0.08220148 0.03299635 -0.02829355 -0.08311468 0.02870035 -0.0243256 -0.07976496 0.04085892 -0.0244618 -0.07994461 0.04031479 -0.03168743 -0.07737058 0.04031622 -0.02552181 -0.08134317 0.03607934 -0.02640795 -0.08208721 0.03340679 -0.02357763 -0.07278621 0.05801779 -0.02349978 -0.07429397 0.05442732 -0.02952384 -0.07208788 0.0544179 -0.02341514 -0.0759328 0.05052477 -0.02361696 -0.07798582 0.04557162 -0.02365118 -0.07159042 0.06122791 -0.028557 -0.06972712 0.06121188 -0.02372944 -0.07031744 0.06464534 -0.02796757 -0.06828796 0.0660535 -0.02376246 -0.06986254 0.0660535 -0.0419436 -0.06259483 0.06121188 -0.04642438 -0.05937975 0.0612179 -0.04690349 -0.05696922 0.0660535 -0.04682564 -0.06532406 0.04828631 -0.04631638 -0.06271755 0.0542494 -0.04336363 -0.06471407 0.0544179 -0.04631602 -0.06263715 0.05441862 -0.04630404 -0.05998528 0.06000322 -0.04728281 -0.069646 0.03886806 -0.04727107 -0.06895118 0.04031521 -0.04724532 -0.06743353 0.04347616 -0.04561519 -0.07502412 0.02864235 -0.04573214 -0.07485353 0.02896422 -0.04054927 -0.07610654 0.03340768 -0.03931409 -0.07378822 0.04031622 -0.04670286 -0.07246929 0.03340888 -0.04607993 -0.07417488 0.03021943 -0.0412932 -0.07750278 0.02863925 -0.04175674 -0.07837289 0.02495163 -0.0442838 -0.07696646 0.02497756 -0.04175317 -0.07927709 0.01949644 -0.04206377 -0.07901918 0.02015501 -0.04203772 -0.07890021 0.02155834 -0.04273617 -0.07846093 0.02158057 -0.04347449 -0.07784783 0.02314615 -0.04076278 -0.0799058 0.01699441 -0.04079955 -0.07988142 0.0172528 -0.04076123 -0.07990831 0.01691013 -0.04117351 -0.07965451 0.01824545 -0.04113316 -0.0796808 0.01815831 -0.03662979 -0.06875008 0.0544179 -0.03543025 -0.06649869 0.06121188 -0.04107785 -0.06130284 0.0660535 -0.03969407 -0.06213223 0.0660535 -0.03469896 -0.06512612 0.0660535 -0.03193718 -0.06642335 0.0660535 -0.08643692 -0.0250383 5.08883e-4 -0.08016264 -0.0408926 5.08971e-4 -0.07985186 -0.04149699 4.89925e-4 -0.08367466 -0.03311902 4.89925e-4 -0.08003622 -0.04082733 0.008660256 -0.08662122 -0.02439427 4.89925e-4 -0.04082733 -0.08003622 0.008660256 -0.0408926 -0.08016264 5.08883e-4 -0.03363662 -0.0834676 5.08883e-4 -0.03362858 -0.08344715 0.001766502 -0.04082733 0.08003622 0.008660256 -0.0408926 0.08016264 5.08883e-4 -0.03363662 0.0834676 5.08883e-4 -0.03362858 0.08344715 0.001766502 -0.03353142 0.08320128 0.01691013 -0.03404623 0.08299195 0.01691013 -0.04076123 0.07990831 0.01691013 -0.02372944 0.07031744 0.06464534 -0.02376246 0.06986254 0.0660535 -0.02800738 0.06827163 0.0660535 -0.02365118 0.07159042 0.06122791 -0.02859771 0.06971049 0.06121188 -0.02357763 0.07278621 0.05801779 -0.02956593 0.07207065 0.0544179 -0.02349978 0.07429397 0.05442732 -0.02445918 0.07994633 0.04031497 -0.02429598 0.07971173 0.04100787 -0.03173255 0.0773521 0.04031622 -0.02359449 0.07789307 0.04580479 -0.02341514 0.0759328 0.05052477 -0.02515721 0.08094948 0.0373516 -0.0327295 0.07978236 0.03340768 -0.02641057 0.08208566 0.03340655 -0.02651864 0.08218365 0.03306639 -0.03332996 0.08124607 0.02863925 -0.02819555 0.08307772 0.02891916 -0.02832943 0.08311039 0.02863979 -0.03370416 0.0821582 0.02495163 -0.03014844 0.08355396 0.02484542 -0.03053009 0.0835883 0.02408301 -0.03393095 0.08271098 0.02155834 -0.03171956 0.08352416 0.02156811 -0.03350669 0.08320546 0.01719731 -0.03352993 0.08320063 0.01697665 -0.03328281 0.08327311 0.01797264 -0.03403258 0.08295875 0.01824378 -0.03316944 0.08330005 0.01824867 -0.03237605 0.08348876 0.0201801 -0.04119104 0.07964056 0.01825076 -0.04088199 0.07983201 0.01753199 -0.04146277 0.0794723 0.01888257 -0.04188692 0.07918334 0.01977628 -0.04178714 0.07835674 0.02495163 -0.04384553 0.07746356 0.02397239 -0.0420683 0.07888394 0.02155834 -0.04273092 0.07844227 0.02158451 -0.04209864 0.07899743 0.02022993 -0.04561758 0.07502883 0.02864021 -0.04555487 0.07516545 0.02838659 -0.04132318 0.07748681 0.02863925 -0.04540318 0.07541751 0.02791869 -0.04423683 0.07694959 0.02496367 -0.04663801 0.07280421 0.0327683 -0.04057872 0.07609081 0.03340768 -0.04671615 0.07247042 0.0334075 -0.04719859 0.0704109 0.03735178 -0.04655468 0.06944751 0.04031622 -0.04720962 0.0703637 0.03744214 -0.04725921 0.06895458 0.04031503 -0.04631602 0.06263715 0.05441862 -0.04631638 0.06271755 0.0542494 -0.04337602 0.06470578 0.0544179 -0.04682564 0.06532406 0.04828631 -0.04729282 0.06799757 0.04226607 -0.04630404 0.05998528 0.06000322 -0.04195553 0.06258678 0.06121188 -0.04642438 0.05937975 0.0612179 -0.04108959 0.06129497 0.0660535 -0.04690349 0.05696922 0.0660535 -0.035456 0.06648492 0.06121188 -0.03665637 0.06873589 0.0544179 -0.03934264 0.07377302 0.04031622 -0.03193718 0.06642341 0.0660535 -0.03472417 0.0651127 0.0660535 -0.03969389 0.06213206 0.0660535 -0.0800355 0.04082691 0.00870949 -0.08643692 0.0250383 5.08883e-4 -0.08369541 0.03306567 5.08883e-4 -0.08367389 0.03311336 5.08883e-4 -0.08016264 0.0408926 5.08883e-4 -0.08673405 -0.002075135 0.01523566 -0.08673042 -4.98765e-4 0.0154432 -0.08672928 0 0.01550883 -0.08673405 0.002075135 0.01523566 -0.08681344 -0.007279932 0.01068788 -0.08679926 -0.006943583 0.0115 -0.08674329 -0.003354787 0.01470559 -0.086748 -0.004008829 0.01443469 -0.08677023 -0.005669414 0.01316052 -0.08673638 0.002401709 0.01510035 -0.086748 0.004008829 0.01443469 -0.08676093 0.004971265 0.01369619 -0.08677023 0.005669414 0.01316052 -0.08679926 0.006943583 0.0115 -0.08677071 -0.00568962 0.01313412 -0.08693921 0.006943583 0.003482222 -0.08695131 0.006741821 0.002789258 -0.08697348 0.006965517 0.001516819 -0.08693921 -0.006943583 0.003482222 -0.08693343 -0.007077515 0.003813028 -0.08699107 -0.02099996 5.08883e-4 -0.08690327 -0.007776498 0.005539178 -0.08688652 -0.007895052 0.006498515 -0.08698332 0.007426738 9.55465e-4 -0.08698892 0.008078038 6.3183e-4 -0.08690541 0.00774455 0.005415916 -0.08699029 0.008230626 5.55992e-4 -0.08694607 -0.006769716 0.003087103 -0.08694905 -0.006759047 0.002916574 -0.08696174 -0.006713509 0.002190649 -0.08699107 -0.008660197 5.08883e-4 -0.08698809 -0.007959365 6.80574e-4 -0.08686923 -0.008017718 0.007491111 -0.08686345 -0.007974386 0.007820427 -0.086833 -0.00774455 0.009566247 -0.086833 0.00774455 0.009566247 -0.08699107 0.02099996 5.08883e-4 -0.0868476 0.007854819 0.008728682 -0.08686923 0.008017718 0.007491111 -0.08697128 0.006868362 0.001643419 -0.08696168 0.006757378 0.002192556 -0.08695501 0.006679832 0.002576291 -0.08698284 0.007377326 9.80041e-4 -0.08689081 0.007854819 0.00625348 -0.08699107 0.008660197 5.08883e-4 -0.08698719 -0.007744014 7.33333e-4 -0.08698266 -0.007450163 9.9257e-4 -0.08697617 -0.007030427 0.0013628 -0.0869736 -0.006969213 0.00151056 -0.08696269 -0.006710052 0.002135932 -0.08621877 0.0247035 0.01757746 -0.0788477 0.04240345 0.0198757 -0.07989901 0.04077923 0.01691013 -0.08002626 0.04084479 0.00870949 -0.07715135 0.04477804 5.08883e-4 -0.07689923 0.04452812 0.02406662 -0.0775963 0.04387003 0.02284133 -0.07919275 0.04190659 0.01939243 -0.07964485 0.04120188 0.01811778 -0.07989639 0.04078108 0.01699316 -0.07986938 0.04082304 0.01724565 -0.08015346 0.04091036 5.08883e-4 -0.07748627 0.04454767 5.08883e-4 -0.07661354 0.04479783 0.02456891 -0.07300168 0.04763227 5.08883e-4 -0.0742377 0.04645746 0.02841359 -0.06811106 0.04881674 5.08883e-4 -0.07089585 0.04780077 0.03380268 -0.07295274 0.04766595 5.08883e-4 -0.07277423 0.04711103 0.03076428 -0.07346993 0.04685562 0.02963894 -0.06311261 0.04847812 5.08883e-4 -0.06331837 0.047683 0.04756456 -0.06576037 0.04817563 0.04275888 -0.06759947 0.04893839 5.08883e-4 -0.06807601 0.04822188 0.03858745 -0.0683059 0.04822647 0.03817331 -0.04726308 0.0580002 0.06103563 -0.04758632 0.05609536 0.06553488 -0.04909294 0.05292648 0.06553488 -0.0580002 0.04726308 0.06103563 -0.05816447 0.04825282 5.08883e-4 -0.0535463 0.05004376 5.08883e-4 -0.06107181 0.04720562 0.05354881 -0.05870991 0.04714268 0.05935943 -0.04847812 0.06311261 5.08883e-4 -0.047683 0.06331837 0.04756456 -0.04825282 0.05816447 5.08883e-4 -0.04720562 0.06107181 0.05354881 -0.04714268 0.05870991 0.05935943 -0.05609536 0.04758632 0.06553488 -0.05292648 0.04909294 0.06553488 -0.05080991 0.05080991 0.06553488 -0.05004376 0.0535463 5.08883e-4 -0.04429531 0.07716828 0.02361792 -0.04451292 0.07688862 0.0240786 -0.04483449 0.07719022 5.08883e-4 -0.04890233 0.06813156 5.08883e-4 -0.04817855 0.06807458 0.03861778 -0.04823243 0.06641077 0.04155284 -0.04764026 0.07300758 5.08883e-4 -0.04709935 0.07276558 0.0307756 -0.04890263 0.06813472 5.08883e-4 -0.04749375 0.07191407 0.03214043 -0.04814445 0.06912851 0.0367586 -0.04763871 0.07301366 5.08883e-4 -0.0460807 0.07487416 0.02739727 -0.04625451 0.07458984 0.02785158 -0.0448293 0.07719796 5.08883e-4 -0.04091036 0.08015346 5.08883e-4 -0.04084521 0.08002704 0.008660256 -0.04091668 0.07981419 0.01751613 -0.04157638 0.07941126 0.01880884 -0.0420587 0.07908779 0.01965808 -0.04077923 0.07989901 0.01691013 -0.03168356 0.08365929 0.02031606 -0.03350645 0.08321118 0.01691013 -0.03360402 0.08345687 0.001766502 -0.03208845 0.08358347 0.02004098 -0.03320193 0.08330428 0.01793998 -0.03350466 0.08321064 0.01697564 -0.03347647 0.0832175 0.01719164 -0.03361213 0.08347725 5.08883e-4 -0.0303995 0.08414506 5.08883e-4 -0.02897292 0.08389508 5.08883e-4 -0.02981996 0.08374619 0.02372205 -0.02693623 0.08315944 0.02836966 -0.02899223 0.08363109 0.02502572 -0.02935028 0.08371323 0.02444326 -0.02135658 0.07873785 5.08883e-4 -0.02204298 0.07896947 0.04030025 -0.02313691 0.08052647 0.03666889 -0.02484744 0.08206444 0.03243392 -0.02622956 0.08341431 5.08883e-4 -0.02473008 0.08195894 0.03272449 -0.02453106 0.08225125 5.08883e-4 -0.0227366 0.08102244 5.08883e-4 -0.02000886 0.07416194 5.08883e-4 -0.02086937 0.07416194 0.04980736 -0.02054768 0.07739877 5.08883e-4 -0.02113324 0.07666438 0.04508304 -0.02185517 0.07849359 0.04128766 -0.02100104 0.0710051 0.05734926 -0.0211187 0.06850671 0.06409043 -0.02114391 0.06804305 0.06553488 -0.02000886 -0.07416194 5.08883e-4 -0.02086937 -0.07416194 0.04980736 -0.02100104 -0.0710051 0.05734926 -0.0211187 -0.06850671 0.06409043 -0.02114391 -0.06804305 0.06553488 -0.02956455 -0.08373117 0.02411431 -0.02899575 -0.08361148 0.0250315 -0.02897292 -0.08389508 5.08883e-4 -0.02135658 -0.07873785 5.08883e-4 -0.02185904 -0.07849162 0.04128789 -0.02054768 -0.07739877 5.08883e-4 -0.02116316 -0.07678234 0.04485017 -0.02453106 -0.08225125 5.08883e-4 -0.024728 -0.08196061 0.0327239 -0.0227366 -0.08102244 5.08883e-4 -0.02359682 -0.0810191 0.03540879 -0.02208089 -0.07903665 0.04015201 -0.02622956 -0.08341431 5.08883e-4 -0.02705788 -0.08320385 0.02815663 -0.02487921 -0.0820865 0.03236496 -0.0303995 -0.08414506 5.08883e-4 -0.03361213 -0.08347725 5.08883e-4 -0.03360402 -0.08345687 0.001766502 -0.03311526 -0.08333081 0.01812583 -0.0329467 -0.08338004 0.01846796 -0.03070056 -0.08374637 0.02234393 -0.03350645 -0.08321118 0.01691013 -0.04240345 -0.0788477 0.0198757 -0.04077923 -0.07989901 0.01691013 -0.04084521 -0.08002704 0.008660256 -0.04483449 -0.07719022 5.08883e-4 -0.04452812 -0.07689923 0.02406662 -0.04387003 -0.0775963 0.02284133 -0.04190659 -0.07919275 0.01939243 -0.04120188 -0.07964485 0.01811778 -0.04078108 -0.07989639 0.01699316 -0.04082304 -0.07986938 0.01724565 -0.04091036 -0.08015346 5.08883e-4 -0.0448293 -0.07719796 5.08883e-4 -0.04711103 -0.07277423 0.03076428 -0.04685562 -0.07346993 0.02963894 -0.04764026 -0.07300758 5.08883e-4 -0.04645746 -0.0742377 0.02841359 -0.04479783 -0.07661354 0.02456891 -0.04763871 -0.07301366 5.08883e-4 -0.04822188 -0.06807601 0.03858745 -0.04822647 -0.0683059 0.03817331 -0.04890233 -0.06813156 5.08883e-4 -0.04780077 -0.07089585 0.03380268 -0.04890263 -0.06813472 5.08883e-4 -0.04817563 -0.06576037 0.04275888 -0.04847812 -0.06311261 5.08883e-4 -0.047683 -0.06331837 0.04756456 -0.04726308 -0.0580002 0.06103563 -0.04825282 -0.05816447 5.08883e-4 -0.05004376 -0.0535463 5.08883e-4 -0.0580002 -0.04726308 0.06103563 -0.05609536 -0.04758632 0.06553488 -0.05292648 -0.04909294 0.06553488 -0.06311261 -0.04847812 5.08883e-4 -0.06331837 -0.047683 0.04756456 -0.05816447 -0.04825282 5.08883e-4 -0.06107181 -0.04720562 0.05354881 -0.05870991 -0.04714268 0.05935943 -0.04720562 -0.06107181 0.05354881 -0.04714268 -0.05870991 0.05935943 -0.04758632 -0.05609536 0.06553488 -0.04909294 -0.05292648 0.06553488 -0.05080991 -0.05080991 0.06553488 -0.0535463 -0.05004376 5.08883e-4 -0.07716828 -0.04429531 0.02361792 -0.07688862 -0.04451292 0.0240786 -0.07718968 -0.04483371 5.08883e-4 -0.06813162 -0.04890203 5.08883e-4 -0.06807458 -0.04817855 0.03861778 -0.06641077 -0.04823243 0.04155284 -0.07300746 -0.04763966 5.08883e-4 -0.07276558 -0.04709935 0.0307756 -0.06813657 -0.04890245 5.08883e-4 -0.07191407 -0.04749375 0.03214043 -0.06912851 -0.04814445 0.0367586 -0.07301706 -0.04763722 5.08883e-4 -0.07487416 -0.0460807 0.02739727 -0.07458984 -0.04625451 0.02785158 -0.07720202 -0.04482543 5.08883e-4 -0.08015346 -0.04091036 5.08883e-4 -0.08002704 -0.04084521 0.008660256 -0.07981419 -0.04091668 0.01751613 -0.07941126 -0.04157638 0.01880884 -0.07908779 -0.0420587 0.01965808 -0.07989901 -0.04077923 0.01691013 -0.08621865 -0.02470391 0.01757723 -0.01344799 -0.08898806 4.36078e-5 -0.007241249 -0.08970665 4.36078e-5 -0.007206976 -0.08970981 2.18039e-5 -0.01348668 -0.08898246 2.95424e-5 -0.01346844 -0.08898502 3.96839e-5 -0.007220685 -0.08970838 3.96917e-5 -0.007202386 -0.08971005 2.95727e-5 -0.007177233 -0.08891415 0.02281242 -0.0133292 -0.08820188 0.02281242 -0.01428174 -0.08780503 0.02297222 -0.01415437 -0.08789521 0.02292895 -0.01398664 -0.08799052 0.02288502 -0.01384001 -0.08805853 0.02285563 -0.01363128 -0.08813369 0.02282726 -0.01340639 -0.08818876 0.02281337 -0.01351958 -0.08816426 0.02281826 -0.01493042 -0.0870127 0.02334922 -0.01480525 -0.08726054 0.02323538 -0.01456576 -0.08755958 0.02309149 -0.01434695 -0.08775889 0.02299439 -0.01503908 -0.08679747 0.02344816 -0.01516979 -0.08602321 0.02377253 -0.01418817 -0.07547104 0.05188345 -0.01418334 -0.07575476 0.05202126 -0.01419138 -0.07539576 0.05179142 -0.0144177 -0.07848167 0.04531037 -0.01419818 -0.07523626 0.05159652 -0.01421141 -0.07514911 0.05121845 -0.01463562 -0.08099824 0.03907078 -0.01483398 -0.08315658 0.03338903 -0.01501423 -0.08488076 0.02822834 -0.01375067 -0.07419949 0.05124431 -0.01409786 -0.0746746 0.05123531 -0.01408541 -0.07462269 0.05123716 -0.01408088 -0.07460361 0.05123782 -0.01326167 -0.07397145 0.05123716 -0.01328128 -0.0739715 0.05123782 -0.01350694 -0.07408106 0.05124092 -0.01320832 -0.07397133 0.05123531 -0.01299083 -0.07397091 0.0512278 -0.0127204 -0.07397037 0.05121845 -0.009232163 -0.07428371 0.05179446 -0.008782327 -0.07425415 0.05203437 -0.007264077 -0.07403546 0.05313438 -0.01147508 -0.07419389 0.05116152 -0.01068085 -0.07427102 0.05127876 -0.007008612 -0.074036 0.0531432 -0.006803154 -0.07403641 0.05315029 -0.006752729 -0.07403647 0.05315202 -0.006734192 -0.07403653 0.05315268 -0.005962729 -0.07470077 0.05315029 -0.005974471 -0.07465177 0.05315202 -0.005978763 -0.07463371 0.05315268 -0.006128728 -0.07445019 0.0531556 -0.006290733 -0.07425194 0.05315876 -0.005855441 -0.07514911 0.05313438 -0.005274474 -0.08266156 0.03649741 -0.005886197 -0.0755257 0.0540145 -0.005875468 -0.07527822 0.05370688 -0.004836738 -0.0867179 0.02396136 -0.005011379 -0.08535885 0.02896344 -0.006293356 -0.08877933 0.02294206 -0.006942451 -0.08892023 0.02282094 -0.006762087 -0.08890748 0.022839 -0.00706762 -0.08892017 0.02281427 -0.006399989 -0.08883464 0.02290487 -0.006363749 -0.08882373 0.02291357 -0.00499171 -0.08755266 0.023629 -0.005013346 -0.08758699 0.02361208 -0.005417287 -0.08822643 0.02329665 -0.005533337 -0.08829969 0.02324968 -0.01200741 -0.07801032 0.05183959 -0.0110563 -0.07810324 0.05195635 -0.007548809 -0.08327198 0.04020708 -0.009322106 -0.07812118 0.05246984 -0.008783936 -0.07808709 0.05270862 -0.008019983 -0.07800626 0.05311375 -0.007143139 -0.08744561 0.02881091 -0.0133028 -0.08674651 0.02881693 -0.007166385 -0.08726072 0.02949231 -0.01313453 -0.08513432 0.03364324 -0.007312595 -0.08578085 0.03362637 -0.01312208 -0.08501517 0.03399997 -0.00743699 -0.08452188 0.0371434 -0.01292353 -0.08283585 0.03973639 -0.01290696 -0.08264172 0.04021769 -0.01270824 -0.08031016 0.04599744 -0.01250904 -0.07793718 0.05182552 -0.01343584 -0.08810573 0.02337503 -0.01345354 -0.08807486 0.02352809 -0.006989359 -0.08866977 0.0242998 -0.01341801 -0.08812701 0.02327173 -0.006991505 -0.08874148 0.02394711 -0.01340138 -0.08814185 0.02320218 -0.01334315 -0.08817124 0.02308452 -0.0133537 -0.08816796 0.02309405 -0.01335579 -0.08816373 0.02311688 -0.01338642 -0.08815234 0.02315545 -0.007019042 -0.08880746 0.0235933 -0.007098734 -0.08887463 0.02318584 -0.007152795 -0.08888733 0.02308738 -0.007164657 -0.08888757 0.02308028 -0.007175087 -0.08888709 0.02307832 -0.007102012 -0.088876 0.02317655 -0.00713855 -0.08888161 0.02312737 -0.007135748 -0.08888542 0.02310657 -0.01337307 -0.08815979 0.02312421 -0.01332515 -0.08817499 0.02307832 -0.01333248 -0.08817374 0.02307933 -0.01346755 -0.08802968 0.02375453 -0.01346772 -0.08796089 0.02409958 -0.007015943 -0.08845824 0.02507925 -0.01343351 -0.08771014 0.02507847 -0.01330554 -0.08677285 0.02873814 -0.007241249 0.08970665 4.36078e-5 -0.01344799 0.08898806 4.36078e-5 -0.01348209 0.08898329 2.18039e-5 -0.007202327 0.08971005 2.95292e-5 -0.007220625 0.08970838 3.96707e-5 -0.01346838 0.08898502 3.96917e-5 -0.01348662 0.08898246 2.95727e-5 -0.01285165 0.07202357 0.06749999 -0.007148325 0.07202357 0.06749999 -0.01285433 0.07202297 0.06749999 -0.01308578 0.07199114 0.06690835 -0.0131452 0.07199484 0.0666877 -0.01316845 0.07199627 0.06660133 -0.01344341 0.07211208 0.06499487 -0.01351612 0.07214272 0.06457012 -0.01369589 0.07233011 0.06282162 -0.0136308 0.07222825 0.06366711 -0.01359826 0.07217735 0.06408989 -0.01389855 0.07264912 0.06017607 -0.01389783 0.0726462 0.06019717 -0.01474905 0.08225637 0.03582149 -0.01426261 0.0766704 0.0497508 -0.01401233 0.07384258 0.05691772 -0.01516979 0.08602321 0.02377253 -0.01500111 0.08476662 0.02860403 -0.01425099 0.08777511 0.022987 -0.01355922 0.08815413 0.02282094 -0.01373183 0.08810049 0.022839 -0.0133292 0.08820188 0.02281242 -0.01343733 0.08818268 0.02281427 -0.01406776 0.08794689 0.02290487 -0.01410055 0.08792799 0.02291357 -0.01488548 0.08713018 0.02329665 -0.01491582 0.08701211 0.02334743 -0.007177233 0.08891415 0.02281242 -0.006365358 0.08882427 0.02291321 -0.006541311 0.08887082 0.02287447 -0.006756007 0.08890676 0.02283978 -0.006900012 0.08891862 0.02282428 -0.007031023 0.08892095 0.02281576 -0.007136523 0.08891701 0.02281266 -0.006283521 0.08879417 0.02293598 -0.006157994 0.08874809 0.02297097 -0.005912601 0.08862447 0.02305674 -0.005017876 0.08758491 0.02361184 -0.005298018 0.0880863 0.02337211 -0.0055238 0.08831888 0.02324193 -0.005624473 0.08842259 0.02318388 -0.00497359 0.08750569 0.02364969 -0.004836738 0.0867179 0.02396136 -0.006152927 0.07264912 0.06165295 -0.00612086 0.07297092 0.06073367 -0.005881845 0.07557535 0.05389016 -0.005273997 0.08266675 0.03648406 -0.00501126 0.08536005 0.02895963 -0.006582021 0.0721246 0.06654345 -0.006490647 0.07220476 0.06570339 -0.006361603 0.0723738 0.0641607 -0.006153702 0.0726462 0.06167477 -0.00653851 0.07214206 0.06627553 -0.006737291 0.07206237 0.06749999 -0.006860911 0.07202148 0.06749999 -0.007793188 0.08055114 0.04688566 -0.008073627 0.07742595 0.05455392 -0.01234304 0.07602638 0.05670064 -0.00815469 0.07660591 0.05670678 -0.0123139 0.07568866 0.05755627 -0.008328497 0.07484781 0.06132239 -0.01213508 0.0738421 0.06281459 -0.008385956 0.07437425 0.06281727 -0.01209497 0.07342785 0.06399428 -0.008566021 0.07289087 0.06749999 -0.01197493 0.07240897 0.06749999 -0.01255655 0.07850015 0.05043357 -0.01267856 0.07992458 0.04688215 -0.007436454 0.08452713 0.03712993 -0.01301604 0.08386331 0.03706175 -0.007434189 0.0845502 0.03706544 -0.01303672 0.08410423 0.03646105 -0.007242083 0.08649426 0.03163337 -0.01320481 0.08578348 0.03163188 -0.007166266 0.08726191 0.0294885 -0.01329207 0.08665561 0.02912384 -0.007089912 0.08786928 0.02724993 -0.01335752 0.08714216 0.02725112 -0.006989359 0.08866977 0.0242998 -0.01346772 0.08796089 0.02409958 -0.006990611 0.08873718 0.02396905 -0.01346385 0.08800506 0.02387791 -0.007135152 0.0888853 0.0231074 -0.007115066 0.08888053 0.02314424 -0.007127642 0.08887642 0.02316242 -0.01345884 0.0880618 0.0235933 -0.01339668 0.08814549 0.02318584 -0.01339375 0.08814758 0.02317655 -0.01335948 0.08816134 0.02312737 -0.01336306 0.08816438 0.02310657 -0.01334691 0.08817017 0.02308738 -0.007098853 0.08887469 0.02318543 -0.007080137 0.08886545 0.02324682 -0.007058799 0.08885097 0.02333807 -0.007034957 0.08882838 0.02347332 -0.007171213 0.08888733 0.02307856 -0.007175087 0.08888709 0.02307832 -0.01332515 0.08817499 0.02307832 -0.0133354 0.08817315 0.02308028 -0.0071612 0.08888757 0.02308183 -0.007148742 0.08888703 0.02309095 -0.007010459 0.08879297 0.02367359 -0.006996691 0.08875435 0.02387803 -0.01282662 0.07203787 0.06749999 -0.007746875 0.0727874 0.06749999 -0.007316768 0.07261109 0.06749999 -0.007917523 0.07285732 0.06749999 -0.006826817 0.07218021 0.06749999 -0.007035493 0.07236373 0.06749999 -0.0122773 0.07233351 0.06749999 -0.01269203 -0.07423573 0.05206888 -0.01269471 -0.07427763 0.0521236 -0.01295936 -0.07420533 0.05209743 -0.01373279 -0.07517075 0.05268836 -0.01372319 -0.07476341 0.05237978 -0.01324057 -0.07461732 0.05253815 -0.01301866 -0.07505029 0.05291545 -0.01277422 -0.07509177 0.05285918 -0.01283442 -0.07554757 0.05308371 -0.01403343 -0.07565701 0.05253958 -0.01404988 -0.07566773 0.05248278 -0.01405858 -0.07534921 0.05236035 -0.01407921 -0.07466983 0.05156493 -0.01365363 -0.07558166 0.05292963 -0.01374006 -0.07559883 0.05284088 -0.01296317 -0.07403945 0.0517528 -0.01323807 -0.07405632 0.0517224 -0.01269567 -0.0741108 0.05177658 -0.01268714 -0.0741592 0.05196899 -0.01349449 -0.07428276 0.05199956 -0.01323312 -0.07421565 0.05205047 -0.01372945 -0.07440239 0.05194175 -0.01373553 -0.07426697 0.05165392 -0.01406204 -0.07504022 0.05213385 -0.01407253 -0.07476931 0.05179554 -0.01308017 -0.0755465 0.05309778 -0.01312261 -0.07554632 0.05310022 -0.01327222 -0.07506424 0.05287909 -0.01331263 -0.07555896 0.05303919 -0.01354461 -0.07557439 0.05296468 -0.01272106 -0.07468903 0.0526607 -0.0129764 -0.07460761 0.05258738 -0.01371955 -0.07602691 0.05288714 -0.0127871 -0.07733827 0.05255985 -0.01271605 -0.07749122 0.05237227 -0.01284712 -0.07758009 0.05232959 -0.01394981 -0.07665067 0.05219006 -0.01398849 -0.07659655 0.05219388 -0.01388806 -0.07648736 0.05254697 -0.01409894 -0.07611942 0.052096 -0.01385676 -0.07678085 0.05218076 -0.01372146 -0.07683873 0.052504 -0.01362252 -0.0764594 0.05284202 -0.01363855 -0.07708626 0.05215895 -0.01351886 -0.07714116 0.0524106 -0.01342946 -0.07737886 0.05213809 -0.01332837 -0.07712614 0.05260074 -0.01335078 -0.07742768 0.05211162 -0.01289004 -0.07652586 0.05300301 -0.01285332 -0.07695072 0.05280578 -0.01299524 -0.07702666 0.05280661 -0.01282733 -0.07725161 0.05266612 -0.01311117 -0.07706999 0.05274999 -0.01284211 -0.07563501 0.05308377 -0.0128436 -0.0756523 0.05308377 -0.01289933 -0.076285 0.05308407 -0.01309436 -0.07634115 0.0530833 -0.01290512 -0.07635098 0.05308413 -0.01328128 -0.07638967 0.05303424 -0.01345896 -0.07642936 0.0529527 -0.0140106 -0.07608073 0.05254644 -0.01255404 -0.0779218 0.051844 -0.01294916 -0.07760572 0.05224686 -0.01311832 -0.0775718 0.05203354 -0.01417255 -0.08643126 0.0286656 -0.01433348 -0.08761101 0.02406007 -0.01357394 -0.0799787 0.04589229 -0.01418828 -0.07932156 0.04564535 -0.01494538 -0.08691442 0.02394247 -0.01478683 -0.08575105 0.02848231 -0.01440602 -0.08184301 0.03939622 -0.01379054 -0.08250361 0.03963553 -0.01460504 -0.08401137 0.03368955 -0.01398956 -0.08467954 0.0339092 -0.007518112 -0.07434189 0.05396038 -0.007448792 -0.07425826 0.05373495 -0.007199406 -0.07413512 0.05375069 -0.007650315 -0.07495296 0.05458378 -0.007621228 -0.07479822 0.05443787 -0.007391333 -0.07467591 0.05456608 -0.007115066 -0.07404917 0.05347645 -0.007365226 -0.07415747 0.05346322 -0.006343662 -0.0742498 0.05344271 -0.006844699 -0.0740543 0.05347073 -0.006921708 -0.07412415 0.05374431 -0.006646037 -0.07417875 0.05372685 -0.007540464 -0.07436883 0.05403304 -0.007322371 -0.07437789 0.05420374 -0.007104396 -0.07463914 0.05461716 -0.006035506 -0.07481741 0.05396836 -0.006060838 -0.07523828 0.0544961 -0.006222605 -0.07462465 0.05407631 -0.006284773 -0.07512837 0.0546748 -0.005891084 -0.07548755 0.05407905 -0.005962073 -0.0753833 0.05425345 -0.006011426 -0.07531082 0.05437475 -0.00639069 -0.07429522 0.05369687 -0.006173312 -0.07446688 0.05365413 -0.006007492 -0.07468247 0.05360054 -0.007409036 -0.07502716 0.05480736 -0.007671296 -0.07508605 0.05469828 -0.007669746 -0.07505613 0.05468112 -0.007190823 -0.07497811 0.05489814 -0.006959259 -0.07497125 0.05491787 -0.006800413 -0.0746569 0.05461394 -0.006831765 -0.07499057 0.05488955 -0.006506383 -0.07472878 0.05455267 -0.006530523 -0.07503628 0.0548225 -0.00644648 -0.07504904 0.05480384 -0.006465494 -0.07447564 0.05415737 -0.006745576 -0.07438176 0.05420517 -0.007039189 -0.07434856 0.0542196 -0.007703602 -0.07435727 0.05380904 -0.01198709 -0.07749259 0.05257517 -0.01283216 -0.07563513 0.05308014 -0.01180225 -0.07581698 0.05305755 -0.0126565 -0.07422405 0.05207824 -0.01269865 -0.0748192 0.05275034 -0.01191371 -0.07670855 0.05301052 -0.007826566 -0.07721948 0.0542913 -0.007869184 -0.07739287 0.05403184 -0.00913906 -0.07758033 0.05334049 -0.007893145 -0.07749044 0.05388587 -0.007753908 -0.0764299 0.05473417 -0.007770955 -0.07661485 0.05463045 -0.007844388 -0.07664668 0.05463653 -0.007781684 -0.07673168 0.05456495 -0.009384155 -0.0768119 0.0537033 -0.007791519 -0.07683891 0.05450475 -0.007694005 -0.07549256 0.0548523 -0.007708787 -0.07575172 0.05484694 -0.008023858 -0.07579827 0.05463808 -0.007724642 -0.0760287 0.05484116 -0.0077371 -0.07624733 0.05483657 -0.00797379 -0.07498413 0.05434381 -0.009823143 -0.0768274 0.05350756 -0.009624123 -0.07760524 0.05312705 -0.01118803 -0.0767861 0.0531001 -0.01115864 -0.07757663 0.05267596 -0.01155823 -0.07441806 0.05202895 -0.0108565 -0.07449251 0.05213069 -0.009552061 -0.07453012 0.05258584 -0.009137809 -0.07451462 0.05280119 -0.009383499 -0.07511293 0.05340445 -0.009783148 -0.07512152 0.05320733 -0.01102006 -0.07507133 0.05279695 -0.01167517 -0.07499825 0.05270665 -0.009471297 -0.07593208 0.05372607 -0.009879887 -0.0759412 0.05353617 -0.01113855 -0.07589089 0.05314332 -0.01413249 -0.08781421 0.02368593 -0.01332712 -0.08818787 0.0229901 -0.01332843 -0.08819681 0.02290141 -0.01338243 -0.08818793 0.02290242 -0.01379477 -0.08806872 0.02297765 -0.0136891 -0.0881083 0.02294677 -0.01354062 -0.08815318 0.02291697 -0.01346188 -0.08817213 0.02290755 -0.01406282 -0.0879364 0.02309292 -0.0139178 -0.08801394 0.0230239 -0.01423507 -0.08782351 0.0231958 -0.0144397 -0.08765363 0.02334928 -0.01467877 -0.08738589 0.02357947 -0.01397752 -0.08793205 0.02344936 -0.01385241 -0.08800852 0.02329182 -0.01375001 -0.08806037 0.02318632 -0.01366513 -0.08809673 0.02311557 -0.01359385 -0.0881229 0.02306818 -0.01353299 -0.08814215 0.02303653 -0.01344799 -0.08816462 0.02300602 -0.01340305 -0.08817446 0.02299636 -0.01335781 -0.08818292 0.02299112 -0.007579028 -0.07658076 0.05482512 -0.006225645 -0.07661646 0.05424398 -0.006367087 -0.07677978 0.05418026 -0.006477892 -0.07686072 0.05438607 -0.006092131 -0.07629495 0.05421411 -0.006145238 -0.07642287 0.05422598 -0.006225705 -0.07644534 0.0544508 -0.006855428 -0.075257 0.05501377 -0.00731343 -0.07620173 0.05499595 -0.007537245 -0.07611739 0.05496197 -0.007479071 -0.07556068 0.05498689 -0.007444381 -0.07526171 0.05493599 -0.00716114 -0.0752412 0.05501097 -0.007213473 -0.07557505 0.055049 -0.006922364 -0.07561224 0.05504399 -0.007068574 -0.0762794 0.05497664 -0.006820261 -0.07634681 0.05490624 -0.006999135 -0.07684314 0.05475735 -0.007195889 -0.07678002 0.05481708 -0.007391691 -0.0766915 0.05484002 -0.007742702 -0.07762461 0.05388307 -0.00750482 -0.07706344 0.05455249 -0.007200837 -0.07718265 0.05446416 -0.006577491 -0.07702267 0.05408543 -0.006668984 -0.07712829 0.05404424 -0.006767511 -0.07720559 0.05420511 -0.006955623 -0.07745927 0.05391508 -0.007598876 -0.0776751 0.05382603 -0.007454812 -0.07770419 0.05375599 -0.006904006 -0.07721984 0.05430603 -0.005966722 -0.07599288 0.05418604 -0.007240176 -0.07760554 0.05370086 -0.006009697 -0.07556742 0.05448693 -0.006084799 -0.07550686 0.05460077 -0.006290912 -0.07539641 0.0547989 -0.006555616 -0.07530987 0.05494177 -0.005940318 -0.0759294 0.05418014 -0.006020665 -0.07592177 0.0544281 -0.006081581 -0.07587963 0.05454015 -0.006161153 -0.07583582 0.05464679 -0.006371021 -0.07574892 0.05483365 -0.006632447 -0.07567149 0.05497074 -0.006809175 -0.07687836 0.05466294 -0.006586432 -0.07639998 0.05478906 -0.006633102 -0.07688438 0.05453759 -0.006383419 -0.07643437 0.05463379 -0.007649838 -0.07697582 0.05456733 -0.007320404 -0.07764673 0.05364048 -0.007175862 -0.08889716 0.02301222 -0.007176995 -0.08891069 0.02287918 -0.007176518 -0.08890503 0.02294582 -0.005450248 -0.08340495 0.03677958 -0.005928218 -0.08402508 0.03700345 -0.006629228 -0.08441919 0.03713178 -0.005185127 -0.08611798 0.02919852 -0.005660891 -0.08675158 0.02938318 -0.006359815 -0.08715468 0.02948683 -0.006181955 -0.0885623 0.02430522 -0.005482912 -0.08814889 0.02424204 -0.00500828 -0.08749812 0.02412068 -0.007140636 -0.08889949 0.02301424 -0.005317986 -0.08807283 0.02374452 -0.005754888 -0.08850395 0.02338671 -0.006543457 -0.08886528 0.02298438 -0.006572067 -0.08887153 0.02297526 -0.006855189 -0.08891189 0.02290678 -0.006995141 -0.08891743 0.02288806 -0.007092058 -0.08891582 0.02288115 -0.007116436 -0.08890891 0.02294778 -0.007047832 -0.08891099 0.02295494 -0.006948709 -0.08890962 0.02297413 -0.006747484 -0.08889079 0.02304446 -0.006727039 -0.08888769 0.02305382 -0.006147742 -0.08869898 0.02346873 -0.005792617 -0.08846735 0.02384191 -0.007100403 -0.08890098 0.02302139 -0.007042348 -0.0889008 0.02304077 -0.006924629 -0.08889228 0.02311176 -0.006912767 -0.08889085 0.02312117 -0.00657624 -0.08880186 0.02353876 -0.006369233 -0.08869773 0.02391171 -0.005482912 0.08814889 0.02424204 -0.00500828 0.08749812 0.02412068 -0.005185008 0.08611923 0.02919471 -0.006790757 0.07436436 0.06120461 -0.006300687 0.07373261 0.0609976 -0.007507383 0.07475852 0.06131941 -0.00725764 0.07733231 0.05454492 -0.006628692 0.08442443 0.03711831 -0.006359696 0.08715593 0.02948296 -0.006546735 0.07694238 0.05441379 -0.005927741 0.08403033 0.03698998 -0.005660712 0.08675277 0.0293793 -0.006181955 0.0885623 0.02430522 -0.005449771 0.08341014 0.03676623 -0.006060838 0.07632184 0.05418252 -0.005294978 0.08804184 0.02376717 -0.007176518 0.08890503 0.02294582 -0.007176995 0.08891069 0.02287918 -0.007145404 0.08891302 0.02287948 -0.006683051 0.08889204 0.02294367 -0.006850481 0.08891153 0.02290761 -0.006962239 0.08891695 0.02289152 -0.007063746 0.08891677 0.02288264 -0.006379783 0.08882105 0.02304416 -0.006544709 0.08886551 0.02298396 -0.006180644 0.0887475 0.02313387 -0.005938351 0.08862501 0.02326744 -0.005643725 0.08841621 0.02346694 -0.006061375 0.08865225 0.02355206 -0.00628668 0.08876305 0.02334541 -0.006465494 0.08882731 0.0232076 -0.006609737 0.08886533 0.02311527 -0.006727993 0.08888781 0.0230534 -0.006826519 0.0889008 0.02301198 -0.006945371 0.0889095 0.02297496 -0.007024526 0.08891117 0.02295851 -0.00709635 0.0889098 0.02294933 -0.007154166 0.0889067 0.02294611 -0.007175862 0.08889716 0.02301222 -0.006526112 0.0887804 0.02362227 -0.006656765 0.08883172 0.02341485 -0.006760478 0.08886206 0.02327615 -0.006844341 0.08888018 0.02318316 -0.006913304 0.08889091 0.02312076 -0.006970822 0.08889693 0.02307897 -0.007040381 0.08890074 0.02304166 -0.007086753 0.08890116 0.02302503 -0.007128834 0.08890008 0.02301579 -0.007162809 0.08889812 0.02301251 -0.006357192 0.08869034 0.02393537 -0.005772292 0.08845049 0.02386575 -0.01332712 0.08818787 0.0229901 -0.01332843 0.08819681 0.02290141 -0.01337015 0.08818072 0.02299213 -0.01494538 0.08691442 0.02394247 -0.01451486 0.08757901 0.02341514 -0.01433348 0.08761101 0.02406007 -0.01387804 0.08803272 0.02300775 -0.01385396 0.08804357 0.02299851 -0.01361191 0.08813315 0.02292931 -0.01348978 0.08816576 0.02291035 -0.01340413 0.08818393 0.02290338 -0.01341897 0.08817112 0.02299928 -0.0134887 0.08815449 0.02301865 -0.01362806 0.0881108 0.02308958 -0.01364201 0.08810561 0.023099 -0.01402497 0.08789891 0.02351701 -0.01415914 0.08631461 0.02904951 -0.01355934 0.07240772 0.06372284 -0.01378518 0.07468861 0.05722957 -0.0129528 0.0730831 0.06391525 -0.01317507 0.07535171 0.05745899 -0.01390415 0.08377045 0.03636497 -0.01342076 0.07816773 0.05032891 -0.01403379 0.07751023 0.05008351 -0.01451969 0.08310616 0.03613507 -0.01477354 0.08563548 0.02886265 -0.03351271 0.08320873 0.01691013 -0.03351891 0.08320623 0.01691013 -0.03352516 0.08320379 0.01691013 -0.02166897 0.07562392 0.05042237 -0.02250409 0.075966 0.05055499 -0.02281391 0.07797312 0.04576301 -0.03351098 0.0832082 0.01697587 -0.03352361 0.08320319 0.01697641 -0.03349918 0.0832085 0.01719588 -0.03326272 0.08328127 0.01796448 -0.03230571 0.08351743 0.02014565 -0.0299555 0.08363199 0.02475023 -0.03035855 0.08365815 0.02399665 -0.03348404 0.08321452 0.01719307 -0.03322231 0.08329689 0.01794815 -0.03216177 0.08356475 0.02007597 -0.03000164 0.08373755 0.02381521 -0.02955383 0.0837121 0.02454787 -0.02724546 0.08322948 0.02851998 -0.02608966 0.08230793 0.03294366 -0.0278849 0.08318793 0.02879899 -0.02523106 0.08224672 0.0326187 -0.02355545 0.08085161 0.03688591 -0.02245467 0.07942932 0.0405457 -0.02148038 0.0773074 0.045372 -0.02108347 0.07497781 0.05015462 -0.022071 0.07776731 0.04561096 -0.02300971 0.07972437 0.04076021 -0.02405983 0.08103859 0.03708225 -0.0256527 0.08232933 0.03279173 -0.02756494 0.08323907 0.02866452 -0.02975642 0.08368492 0.02465063 -0.03018182 0.0837081 0.02390712 -0.03223425 0.08354276 0.0201109 -0.03324258 0.0832892 0.01795631 -0.03349161 0.08321154 0.0171945 -0.0335173 0.08320569 0.01697611 -0.02364689 0.07982212 0.04092019 -0.02460873 0.08107215 0.03724187 -0.02121847 0.07183641 0.05767846 -0.0226593 0.07283234 0.0580523 -0.02136546 0.06890827 0.06579935 -0.02133953 0.06936466 0.0643711 -0.02139347 0.0689395 0.06580859 -0.02194446 0.07003742 0.06458365 -0.02197277 0.06958585 0.06599891 -0.02280288 0.07037961 0.06468218 -0.02283406 0.0699287 0.06609022 -0.0228635 0.06992661 0.06608909 -0.02181321 0.0724917 0.05793064 -0.02136546 -0.06890827 0.06579935 -0.02133953 -0.06936466 0.0643711 -0.02139347 -0.0689395 0.06580859 -0.02194446 -0.07003742 0.06458365 -0.02197277 -0.06958585 0.06599891 -0.02283406 -0.0699287 0.06609022 -0.02280288 -0.07037961 0.06468218 -0.0228635 -0.06992661 0.06608909 -0.0226593 -0.07283234 0.0580523 -0.02121847 -0.07183641 0.05767846 -0.02181321 -0.0724917 0.05793064 -0.02108347 -0.07497781 0.05015462 -0.02166897 -0.07562392 0.05042237 -0.02250409 -0.075966 0.05055499 -0.0330432 -0.08334523 0.01851063 -0.03111439 -0.08365678 0.02255111 -0.02975809 -0.08372634 0.02421391 -0.02526193 -0.08226662 0.0325492 -0.02151501 -0.07741647 0.04513669 -0.0224936 -0.07949084 0.04039621 -0.02284282 -0.07806771 0.04552716 -0.02368068 -0.079876 0.04077005 -0.02210474 -0.0778678 0.04537439 -0.02304691 -0.07978117 0.04061001 -0.02449196 -0.08145296 0.03580605 -0.02400958 -0.08129966 0.03561627 -0.02568197 -0.08234775 0.03272175 -0.02500861 -0.0814678 0.03596425 -0.02611702 -0.08232563 0.03287351 -0.02798926 -0.08322364 0.02858084 -0.03013932 -0.08364623 0.02440714 -0.02767568 -0.08327555 0.02844768 -0.02995043 -0.08369791 0.0243119 -0.0273621 -0.08326894 0.02830487 -0.03097879 -0.08369874 0.02248299 -0.03297913 -0.08336907 0.0184822 -0.03313964 -0.0833221 0.01813608 -0.03316396 -0.08331304 0.01814633 -0.03084057 -0.08372873 0.02241379 -0.03301125 -0.08335745 0.01849645 -0.03318816 -0.08330363 0.01815652 -0.03352516 -0.08320379 0.01691013 -0.03351897 -0.08320629 0.01691013 -0.03351271 -0.08320873 0.01691013 -0.07990211 0.04077321 0.01691013 -0.07990521 0.04076719 0.01691013 -0.07989954 0.040775 0.01699358 -0.0799027 0.04076892 0.01699399 -0.07987743 0.04080742 0.01725041 -0.07966917 0.04115629 0.01814478 -0.07925099 0.04180544 0.01946187 -0.07922285 0.04185664 0.01942718 -0.07965719 0.04117918 0.01813131 -0.07987344 0.04081523 0.01724803 -0.07675486 0.04464644 0.02470856 -0.07769405 0.04374861 0.02294445 -0.07777816 0.04361635 0.02304631 -0.07687312 0.04447418 0.02484548 -0.07469654 0.04602086 0.02879273 -0.07399553 0.04639619 0.03004115 -0.07130479 0.04760926 0.03404277 -0.07375735 0.04665833 0.02984499 -0.07448887 0.04626548 0.02860707 -0.07165044 0.04730468 0.03426486 -0.06929659 0.0477494 0.03867983 -0.06640452 0.04809379 0.04304975 -0.06406611 0.04770135 0.04787588 -0.06883549 0.04807412 0.03844076 -0.06698679 0.04777002 0.04329937 -0.06477338 0.04739904 0.04813039 -0.06170099 0.04712724 0.05383014 -0.05658769 0.04730826 0.0658124 -0.05672693 0.04719942 0.06589508 -0.05964052 0.0467171 0.05982285 -0.06227248 0.04681843 0.05407339 -0.05920368 0.04700434 0.05960232 -0.05643141 0.04743033 0.06571966 0.03748166 0.08149802 0.01691013 0.0374878 0.08149522 0.01691013 0.04485946 0.06516385 0.04960817 0.04453903 0.0659027 0.04986292 0.04495149 0.06810289 0.04492551 0.03749006 0.08149242 0.01700031 0.03748381 0.08149528 0.01700079 0.03752845 0.08146888 0.01727193 0.03792297 0.08125418 0.01823467 0.03871011 0.08078235 0.0197758 0.04062205 0.07930088 0.02345514 0.03753668 0.08146512 0.01726931 0.03794825 0.0812422 0.01821982 0.03876954 0.08075237 0.01973569 0.04076713 0.07921528 0.02334487 0.0418654 0.0780918 0.02547067 0.04167169 0.07821857 0.0256198 0.04320681 0.07607001 0.0295903 0.04371351 0.07510608 0.03134572 0.04347193 0.07585352 0.02939772 0.04400223 0.07484674 0.0311402 0.04490244 0.07238966 0.03544759 0.04457372 0.07275897 0.035676 0.04532063 0.06991934 0.03995555 0.04529535 0.06749176 0.04467356 0.04497385 0.07040661 0.0401988 0.04412114 0.06235092 0.05693262 0.04374313 0.05925905 0.06582653 0.04360365 0.05947804 0.06591016 0.04358541 0.06018203 0.06403845 0.04379445 0.06295835 0.0571683 0.04390031 0.05901229 0.0657323 0.04389148 0.05968886 0.06384366 0.08149802 -0.03748166 0.01691013 0.08149522 -0.0374878 0.01691013 0.06516385 -0.04485946 0.04960817 0.0659027 -0.04453903 0.04986292 0.06810289 -0.04495149 0.04492551 0.08149242 -0.03749006 0.01700031 0.08149528 -0.03748381 0.01700079 0.08146888 -0.03752845 0.01727193 0.08125418 -0.03792297 0.01823467 0.08078235 -0.03871011 0.0197758 0.07930088 -0.04062205 0.02345514 0.08146512 -0.03753668 0.01726931 0.0812422 -0.03794825 0.01821982 0.08075237 -0.03876954 0.01973569 0.07921528 -0.04076713 0.02334487 0.0780918 -0.0418654 0.02547067 0.07821857 -0.04167169 0.0256198 0.07607001 -0.04320681 0.0295903 0.07510608 -0.04371351 0.03134572 0.07585352 -0.04347193 0.02939772 0.07484674 -0.04400223 0.0311402 0.07238966 -0.04490244 0.03544759 0.07275897 -0.04457372 0.035676 0.06991934 -0.04532063 0.03995555 0.06749176 -0.04529535 0.04467356 0.07040661 -0.04497385 0.0401988 0.06235092 -0.04412114 0.05693262 0.05925905 -0.04374313 0.06582653 0.05947804 -0.04360365 0.06591016 0.06018203 -0.04358541 0.06403845 0.06295835 -0.04379445 0.0571683 0.05901229 -0.04390031 0.0657323 0.05968886 -0.04389148 0.06384366 0.04379445 -0.06295835 0.0571683 0.04358541 -0.06018203 0.06403845 0.04390031 -0.05901229 0.0657323 0.04389148 -0.05968886 0.06384366 0.04360365 -0.05947804 0.06591016 0.04374313 -0.05925905 0.06582653 0.04412114 -0.06235092 0.05693262 0.04485946 -0.06516385 0.04960817 0.04453903 -0.0659027 0.04986292 0.03874826 -0.08076596 0.0196976 0.04097795 -0.07901787 0.02373832 0.0451073 -0.0662105 0.04732787 0.04477363 -0.06689071 0.04758208 0.04501384 -0.06946611 0.0420854 0.04536199 -0.06892931 0.04183793 0.04510319 -0.07151484 0.03701782 0.04476559 -0.0719251 0.03725224 0.04401272 -0.07443004 0.03258144 0.04431539 -0.07413983 0.03236818 0.04298293 -0.0766372 0.02803879 0.04273957 -0.07682138 0.02821898 0.04256641 -0.07707452 0.0277546 0.04082357 -0.0791105 0.02385693 0.04280173 -0.07690107 0.02757906 0.03868973 -0.08079546 0.019737 0.03823351 -0.08107608 0.01885807 0.0382722 -0.08105731 0.01883351 0.03762292 -0.08141875 0.01752138 0.03761112 -0.08142423 0.01752668 0.03748172 -0.08149808 0.01691013 0.0374878 -0.08149522 0.01691013 0.03541392 -0.0634973 0.06731778 0.02780991 -0.06717634 0.06731778 0.01983058 -0.06994855 0.06731778 0.0115835 -0.07177656 0.06731778 0.003180086 -0.07263588 0.06731766 0.01169216 -0.07244992 0.06680446 0.003209888 -0.07331728 0.06680411 0.02001661 -0.07060474 0.06680446 0.0280708 -0.06780648 0.06680446 0.03574609 -0.06409299 0.06680446 0.04303896 -0.05965292 0.06648796 0.04293888 -0.05951422 0.06680446 0.04262346 -0.05907702 0.06721025 0.04253983 -0.05896115 0.06731778 0.04354757 -0.05914741 0.06650936 0.04291409 -0.05878204 0.06723475 0.04303681 -0.05838406 0.06723779 0.04376679 -0.05845761 0.06650847 0.04376351 -0.05845731 0.06652009 0.04304105 -0.05838447 0.06723362 0.0442605 -0.0557788 0.06652009 0.04355591 -0.05558645 0.06723779 0.04453033 -0.05291312 0.06723779 0.04603409 -0.05029153 0.06723779 0.04797452 -0.04797452 0.06723779 0.05029153 -0.04603409 0.06723779 0.04519349 -0.05321931 0.06652009 0.04663318 -0.05070936 0.06652009 0.048491 -0.048491 0.06652009 0.05070936 -0.04663318 0.06652009 0.05321931 -0.04519349 0.06652009 0.05291312 -0.04453033 0.06723779 0.05558645 -0.04355591 0.06723779 0.0557788 -0.0442605 0.06652009 0.05838406 -0.04303681 0.06723779 0.05838447 -0.04304105 0.06723362 0.05845731 -0.04376351 0.06652009 0.05845761 -0.04376679 0.06650847 0.05914741 -0.04354757 0.06650936 0.05878204 -0.04291409 0.06723475 0.05896115 -0.04253983 0.06731778 0.05965292 -0.04303896 0.06648796 0.05951422 -0.04293888 0.06680446 0.05907702 -0.04262346 0.06721025 0.06828737 0.02687984 0.06680446 0.07110583 0.0181564 0.06680446 0.0728147 0.009149551 0.06680446 0.07338726 0 0.06680446 0.0728147 -0.009149551 0.06680446 0.07110583 -0.0181564 0.06680446 0.06440329 -0.0351839 0.06680446 0.07213795 0.009064555 0.06731778 0.070445 0.01798766 0.06731778 0.05896115 0.04253983 0.06731778 0.06380474 0.03485691 0.06731778 0.06765276 0.02663004 0.06731778 0.06380474 -0.03485691 0.06731778 0.06828737 -0.02687984 0.06680446 0.05906701 0.04261624 0.06721955 0.06440329 0.0351839 0.06680446 0.06765276 -0.02663004 0.06731778 0.070445 -0.01798766 0.06731778 0.07213795 -0.009064555 0.06731778 0.07270526 0 0.06731778 0.05949044 0.04292172 0.06682658 0.05951422 0.04293888 0.06680446 0.0595749 0.04298269 0.066666 0.07304716 -0.05252271 0.03740394 0.07527691 -0.05261433 0.03210395 0.077443 -0.05261325 0.02593678 0.07717466 -0.05276399 0.0258696 0.07732713 -0.05272352 0.02590852 0.07698345 -0.05270141 0.0271514 0.070378 -0.0524258 0.04309147 0.06050407 -0.05209177 0.06321799 0.06399732 -0.05221247 0.05585092 0.06733411 -0.05232274 0.04921555 0.07722449 -0.05290448 0.0254662 0.07685965 -0.05380332 0.02490192 0.07657092 -0.05360126 0.02519494 0.07702255 -0.05359745 0.02489465 0.07697468 -0.05323123 0.02521646 0.07673615 -0.05346161 0.02517873 0.07713437 -0.05304533 0.02531731 0.07725793 -0.05326527 0.02497106 0.07741552 -0.05300134 0.02512985 0.07750439 -0.05280214 0.02535152 0.07752305 -0.05272608 0.02548801 0.07752174 -0.05267161 0.0256353 0.0772435 -0.05285114 0.02555948 0.07724237 -0.05281358 0.02566075 0.05968219 -0.052082 0.06515896 0.0576933 -0.05240643 0.06973445 0.05667376 -0.05278038 0.07197105 0.05559676 -0.05336254 0.0740388 0.05551755 -0.0534144 0.07416647 0.05493378 -0.0538429 0.07492619 0.05460464 -0.05412596 0.07516455 0.05432492 -0.05439496 0.07522112 0.05402785 -0.05471438 0.07510387 0.05378699 -0.05500358 0.07485544 0.05335754 -0.05560457 0.07402598 0.05282372 -0.05657815 0.0721718 0.05212712 -0.0590831 0.06655275 0.05238437 -0.05776977 0.06956195 0.05209177 -0.06050407 0.06321799 0.06236827 -0.07008856 0.02490192 0.07008856 -0.06236827 0.02490192 0.06213396 -0.06982529 0.02519494 0.05360126 -0.07657092 0.02519494 0.05380332 -0.07685965 0.02490192 0.06982529 -0.06213396 0.02519494 0.05217391 -0.06284636 0.05819231 0.05233079 -0.06757599 0.04873549 0.05251193 -0.0727635 0.03803265 0.05263316 -0.07568603 0.03102642 0.05261325 -0.077443 0.02593678 0.05272352 -0.07732713 0.02590852 0.05276399 -0.07717466 0.0258696 0.05264902 -0.07751041 0.02573269 0.05287504 -0.07723683 0.02551329 0.05282741 -0.07724535 0.0256173 0.05279856 -0.07723104 0.02572786 0.05269181 -0.07752472 0.02557218 0.05276024 -0.07751649 0.0254206 0.05286926 -0.077479 0.02526146 0.05300265 -0.07741481 0.02512872 0.05295187 -0.07719868 0.02540516 0.05304622 -0.07713365 0.02531659 0.05326318 -0.07694405 0.02520614 0.05331093 -0.07722777 0.02495348 0.06652396 -0.06182426 0.01629996 0.06478512 -0.06010407 0.01629996 0.06415796 -0.06244456 0.01629996 0.06244456 -0.06415796 0.01629996 0.06480371 -0.06480371 0.01629996 0.06585997 -0.06342726 0.01629996 0.06010407 -0.06478512 0.01629996 0.06182426 -0.06652396 0.01629996 0.06342726 -0.06585997 0.01629996 0.05540436 -0.06480371 0.01629996 0.05776351 -0.06415796 0.01629996 0.05605012 -0.06244456 0.01629996 0.0667504 -0.06010407 0.01629996 0.06652396 -0.05838382 0.01629996 0.06415796 -0.05776351 0.01629996 0.05678087 -0.06585997 0.01629996 0.05838382 -0.06652396 0.01629996 0.06010407 -0.0667504 0.01629996 0.06585997 -0.05678087 0.01629996 0.06480371 -0.05540436 0.01629996 0.06244456 -0.05605012 0.01629996 0.05542302 -0.06010407 0.01629996 0.05368417 -0.06182426 0.01629996 0.05434811 -0.06342726 0.01629996 0.05605012 -0.05776351 0.01629996 0.05368417 -0.05838382 0.01629996 0.05345767 -0.06010407 0.01629996 0.05776351 -0.05605012 0.01629996 0.05540436 -0.05540436 0.01629996 0.05434811 -0.05678087 0.01629996 0.06342726 -0.05434811 0.01629996 0.06182426 -0.05368417 0.01629996 0.06010407 -0.05542302 0.01629996 0.06010407 -0.05345767 0.01629996 0.05838382 -0.05368417 0.01629996 0.05678087 -0.05434811 0.01629996 0.0532577 -0.06010407 0.01649647 0.05324542 -0.0614776 0.0250014 0.05349099 -0.06187599 0.01649647 0.05379641 -0.06311964 0.0248087 0.05417495 -0.06352722 0.01649647 0.05410712 -0.06355887 0.0248087 0.05526298 -0.06494516 0.01649647 0.05516034 -0.06504774 0.0248087 0.05668085 -0.06603318 0.01649647 0.05660831 -0.06615883 0.0248087 0.05833208 -0.06671708 0.01649647 0.05829453 -0.06685727 0.0248087 0.06010407 -0.06695038 0.01649647 0.06010407 -0.06709545 0.0248087 0.06187599 -0.06671708 0.01649647 0.06191354 -0.06685727 0.0248087 0.06352722 -0.06603318 0.01649647 0.06359976 -0.06615883 0.0248087 0.06494516 -0.06494516 0.01649647 0.06504774 -0.06504774 0.0248087 0.06603318 -0.06352722 0.01649647 0.06615883 -0.06359976 0.0248087 0.06671708 -0.06187599 0.01649647 0.06685727 -0.06191354 0.0248087 0.06695038 -0.06010407 0.01649647 0.06709545 -0.06010407 0.0248087 0.06671708 -0.05833208 0.01649647 0.06685727 -0.05829453 0.0248087 0.06603318 -0.05668085 0.01649647 0.06615883 -0.05660831 0.0248087 0.06494516 -0.05526298 0.01649647 0.06504774 -0.05516034 0.0248087 0.06352722 -0.05417495 0.01649647 0.06359976 -0.05404931 0.0248087 0.06187599 -0.05349099 0.01649647 0.06311964 -0.05379641 0.0248087 0.06010407 -0.0532577 0.01649647 0.06180632 -0.05332052 0.02494841 0.06010407 -0.05310696 0.02513432 0.05833208 -0.05349099 0.01649647 0.05829304 -0.05334538 0.02513432 0.05668085 -0.05417495 0.01649647 0.05660551 -0.05404436 0.02513432 0.05526298 -0.05526298 0.01649647 0.05515635 -0.05515635 0.02513432 0.05417495 -0.05668085 0.01649647 0.05404436 -0.05660551 0.02513432 0.05349099 -0.05833208 0.01649647 0.05334538 -0.05829304 0.02513432 0.05310696 -0.06010407 0.02513432 -0.06010407 -0.05219519 0.06304466 -0.05877494 -0.05224817 0.06640708 -0.05643522 -0.05292016 0.07207816 -0.05754798 -0.05250173 0.06944388 -0.05439502 -0.05432951 0.07515543 -0.05469381 -0.05405145 0.07503706 -0.05496424 -0.05382585 0.07478642 -0.05552583 -0.05342298 0.07394945 -0.05607163 -0.0531212 0.07282626 -0.05312508 -0.05607354 0.072811 -0.05342769 -0.05551856 0.07396239 -0.0541433 -0.05459117 0.07509833 -0.05387824 -0.05489897 0.07485783 -0.05347639 -0.05544453 0.07409125 -0.05219519 -0.06010407 0.06304466 -0.05219835 -0.05933511 0.06500095 -0.05252289 -0.05747652 0.06961798 -0.05287921 -0.05652451 0.07187551 -0.06244295 -0.05228328 0.05799919 -0.06716126 -0.05244857 0.04852938 -0.07233113 -0.05263519 0.03783887 -0.07523918 -0.05275696 0.03086262 -0.05254703 -0.06995457 0.0428881 -0.05244022 -0.0669201 0.04900956 -0.05232423 -0.06359165 0.0556522 -0.05282402 -0.07652723 0.02701967 -0.05273824 -0.07483249 0.03193378 -0.0526461 -0.07261359 0.03721195 -0.06734013 -0.05816513 0.02529996 -0.06659173 -0.05635839 0.02529996 -0.06540125 -0.05480688 0.02529996 -0.05361634 -0.06384974 0.02529996 -0.05480688 -0.06540125 0.02529996 -0.05635839 -0.06659173 0.02529996 -0.06204295 -0.06734013 0.02529996 -0.06183743 -0.06949198 0.02529996 -0.06010407 -0.06759542 0.02529996 -0.05816513 -0.06734013 0.02529996 -0.06384974 -0.06659173 0.02529996 -0.06540125 -0.06540125 0.02529996 -0.06949198 -0.06183743 0.02529996 -0.06659173 -0.06384974 0.02529996 -0.06734013 -0.06204295 0.02529996 -0.06759542 -0.06010407 0.02529996 -0.05219519 0.06010407 0.06304466 -0.05224817 0.05877494 0.06640708 -0.05292016 0.05643522 0.07207816 -0.05250173 0.05754798 0.06944388 -0.05432951 0.05439502 0.07515543 -0.05405145 0.05469381 0.07503706 -0.05382585 0.05496424 0.07478642 -0.05342298 0.05552583 0.07394945 -0.0531212 0.05607163 0.07282626 -0.05607354 0.05312508 0.072811 -0.05551856 0.05342769 0.07396239 -0.05459117 0.0541433 0.07509833 -0.05489897 0.05387824 0.07485783 -0.05544453 0.05347639 0.07409125 -0.06010407 0.05219519 0.06304466 -0.05933511 0.05219835 0.06500095 -0.05747652 0.05252289 0.06961798 -0.05652451 0.05287921 0.07187551 -0.05228328 0.06244295 0.05799919 -0.05244857 0.06716126 0.04852938 -0.05263519 0.07233113 0.03783887 -0.05275696 0.07523918 0.03086262 -0.06995457 0.05254703 0.0428881 -0.0669201 0.05244022 0.04900956 -0.06359165 0.05232423 0.0556522 -0.07652723 0.05282402 0.02701967 -0.07483249 0.05273824 0.03193378 -0.07261359 0.0526461 0.03721195 -0.05816513 0.06734013 0.02529996 -0.05635839 0.06659173 0.02529996 -0.05480688 0.06540125 0.02529996 -0.06540125 0.05480688 0.02529996 -0.06384974 0.05361634 0.02529996 -0.06759542 0.06010407 0.02529996 -0.06949198 0.06183743 0.02529996 -0.06734013 0.06204295 0.02529996 -0.06659173 0.06384974 0.02529996 -0.06540125 0.06540125 0.02529996 -0.06183743 0.06949198 0.02529996 -0.06659173 0.05635839 0.02529996 -0.06734013 0.05816513 0.02529996 -0.06384974 0.06659173 0.02529996 -0.06204295 0.06734013 0.02529996 -0.06010407 0.06759542 0.02529996 0.06010407 0.05219519 0.06304466 0.05877494 0.05224817 0.06640708 0.05643522 0.05292016 0.07207816 0.05754798 0.05250173 0.06944388 0.05439502 0.05432951 0.07515543 0.05469381 0.05405145 0.07503706 0.05496424 0.05382585 0.07478642 0.05552583 0.05342298 0.07394945 0.05607163 0.0531212 0.07282626 0.05312508 0.05607354 0.072811 0.05342769 0.05551856 0.07396239 0.0541433 0.05459117 0.07509833 0.05387824 0.05489897 0.07485783 0.05347639 0.05544453 0.07409125 0.05219519 0.06010407 0.06304466 0.05219835 0.05933511 0.06500095 0.05252289 0.05747652 0.06961798 0.05287921 0.05652451 0.07187551 0.06244295 0.05228328 0.05799919 0.06716126 0.05244857 0.04852938 0.07233113 0.05263519 0.03783887 0.07523918 0.05275696 0.03086262 0.05254703 0.06995457 0.0428881 0.05244022 0.0669201 0.04900956 0.05232423 0.06359165 0.0556522 0.05282402 0.07652723 0.02701967 0.05273824 0.07483249 0.03193378 0.0526461 0.07261359 0.03721195 0.06734013 0.05816513 0.02529996 0.06659173 0.05635839 0.02529996 0.06540125 0.05480688 0.02529996 0.05361634 0.06384974 0.02529996 0.05480688 0.06540125 0.02529996 0.05635839 0.06659173 0.02529996 0.06204295 0.06734013 0.02529996 0.06183743 0.06949198 0.02529996 0.06010407 0.06759542 0.02529996 0.05816513 0.06734013 0.02529996 0.06949198 0.06183743 0.02529996 0.06734013 0.06204295 0.02529996 0.06759542 0.06010407 0.02529996 0.06384974 0.06659173 0.02529996 0.06540125 0.06540125 0.02529996 0.06659173 0.06384974 0.02529996 -0.05261325 -0.077443 0.02593678 -0.05276399 -0.07717466 0.0258696 -0.05272352 -0.07732713 0.02590852 -0.05270141 -0.07698345 0.0271514 -0.05261433 -0.07527691 0.03210395 -0.05252271 -0.07304716 0.03740394 -0.0524258 -0.070378 0.04309147 -0.05209177 -0.06050407 0.06321799 -0.05221247 -0.06399732 0.05585092 -0.05232274 -0.06733411 0.04921555 -0.05290448 -0.07722449 0.0254662 -0.05380332 -0.07685965 0.02490192 -0.05360126 -0.07657092 0.02519494 -0.05359745 -0.07702255 0.02489465 -0.05323123 -0.07697468 0.02521646 -0.05346161 -0.07673615 0.02517873 -0.05304533 -0.07713437 0.02531731 -0.05326527 -0.07725793 0.02497106 -0.05300134 -0.07741552 0.02512985 -0.05280214 -0.07750439 0.02535152 -0.05272608 -0.07752305 0.02548801 -0.05267161 -0.07752174 0.0256353 -0.05285114 -0.0772435 0.02555948 -0.05281358 -0.07724237 0.02566075 -0.05278038 -0.05667376 0.07197105 -0.052082 -0.05968219 0.06515896 -0.05240643 -0.0576933 0.06973445 -0.05336254 -0.05559676 0.0740388 -0.0534144 -0.05551755 0.07416647 -0.0538429 -0.05493378 0.07492619 -0.05412596 -0.05460464 0.07516455 -0.05439496 -0.05432492 0.07522112 -0.05471438 -0.05402785 0.07510387 -0.05500358 -0.05378699 0.07485544 -0.05560457 -0.05335754 0.07402598 -0.05657815 -0.05282372 0.0721718 -0.05776977 -0.05238437 0.06956195 -0.0590831 -0.05212712 0.06655275 -0.06050407 -0.05209177 0.06321799 -0.06236827 -0.07008856 0.02490192 -0.07008856 -0.06236827 0.02490192 -0.07685965 -0.05380332 0.02490192 -0.07657092 -0.05360126 0.02519494 -0.06982529 -0.06213396 0.02519494 -0.06213396 -0.06982529 0.02519494 -0.06284636 -0.05217391 0.05819231 -0.06757599 -0.05233079 0.04873549 -0.0727635 -0.05251193 0.03803265 -0.07568603 -0.05263316 0.03102642 -0.077443 -0.05261325 0.02593678 -0.07732713 -0.05272352 0.02590852 -0.07717466 -0.05276399 0.0258696 -0.07751041 -0.05264902 0.02573269 -0.07723683 -0.05287504 0.02551329 -0.07724535 -0.05282741 0.0256173 -0.07723104 -0.05279856 0.02572786 -0.07752472 -0.05269181 0.02557218 -0.07751649 -0.05276024 0.0254206 -0.077479 -0.05286926 0.02526146 -0.07741481 -0.05300265 0.02512872 -0.07719868 -0.05295187 0.02540516 -0.07713365 -0.05304622 0.02531659 -0.07694405 -0.05326318 0.02520614 -0.07722777 -0.05331093 0.02495348 -0.077443 0.05261325 0.02593678 -0.07717466 0.05276399 0.0258696 -0.07732713 0.05272352 0.02590852 -0.07698345 0.05270141 0.0271514 -0.07527691 0.05261433 0.03210395 -0.07304716 0.05252271 0.03740394 -0.070378 0.0524258 0.04309147 -0.06733411 0.05232274 0.04921555 -0.06399732 0.05221247 0.05585092 -0.06050407 0.05209177 0.06321799 -0.07722449 0.05290448 0.0254662 -0.07685965 0.05380332 0.02490192 -0.07657092 0.05360126 0.02519494 -0.07702255 0.05359745 0.02489465 -0.07697468 0.05323123 0.02521646 -0.07673615 0.05346161 0.02517873 -0.07713437 0.05304533 0.02531731 -0.07725793 0.05326527 0.02497106 -0.07741552 0.05300134 0.02512985 -0.07750439 0.05280214 0.02535152 -0.07752305 0.05272608 0.02548801 -0.07752174 0.05267161 0.0256353 -0.0772435 0.05285114 0.02555948 -0.07724237 0.05281358 0.02566075 -0.05667376 0.05278038 0.07197105 -0.0576933 0.05240643 0.06973445 -0.05968219 0.052082 0.06515896 -0.05559676 0.05336254 0.0740388 -0.05551755 0.0534144 0.07416647 -0.05493378 0.0538429 0.07492619 -0.05460464 0.05412596 0.07516455 -0.05432492 0.05439496 0.07522112 -0.05402785 0.05471438 0.07510387 -0.05378699 0.05500358 0.07485544 -0.05335754 0.05560457 0.07402598 -0.05282372 0.05657815 0.0721718 -0.05212712 0.0590831 0.06655275 -0.05238437 0.05776977 0.06956195 -0.05209177 0.06050407 0.06321799 -0.07008856 0.06236827 0.02490192 -0.06236827 0.07008856 0.02490192 -0.05380332 0.07685965 0.02490192 -0.05360126 0.07657092 0.02519494 -0.06213396 0.06982529 0.02519494 -0.06982529 0.06213396 0.02519494 -0.05217391 0.06284636 0.05819231 -0.05251193 0.0727635 0.03803265 -0.05233079 0.06757599 0.04873549 -0.05263316 0.07568603 0.03102642 -0.05261325 0.077443 0.02593678 -0.05272352 0.07732713 0.02590852 -0.05276399 0.07717466 0.0258696 -0.05264902 0.07751041 0.02573269 -0.05287504 0.07723683 0.02551329 -0.05282741 0.07724535 0.0256173 -0.05279856 0.07723104 0.02572786 -0.05269181 0.07752472 0.02557218 -0.05276024 0.07751649 0.0254206 -0.05286926 0.077479 0.02526146 -0.05300265 0.07741481 0.02512872 -0.05295187 0.07719868 0.02540516 -0.05304622 0.07713365 0.02531659 -0.05326318 0.07694405 0.02520614 -0.05331093 0.07722777 0.02495348 0.05261325 0.077443 0.02593678 0.05276399 0.07717466 0.0258696 0.05272352 0.07732713 0.02590852 0.05270141 0.07698345 0.0271514 0.05261433 0.07527691 0.03210395 0.05252271 0.07304716 0.03740394 0.0524258 0.070378 0.04309147 0.05232274 0.06733411 0.04921555 0.05209177 0.06050407 0.06321799 0.05221247 0.06399732 0.05585092 0.05290448 0.07722449 0.0254662 0.05380332 0.07685965 0.02490192 0.05360126 0.07657092 0.02519494 0.05359745 0.07702255 0.02489465 0.05323123 0.07697468 0.02521646 0.05346161 0.07673615 0.02517873 0.05304533 0.07713437 0.02531731 0.05326527 0.07725793 0.02497106 0.05300134 0.07741552 0.02512985 0.05280214 0.07750439 0.02535152 0.05272608 0.07752305 0.02548801 0.05267161 0.07752174 0.0256353 0.05285114 0.0772435 0.02555948 0.05281358 0.07724237 0.02566075 0.05278038 0.05667376 0.07197105 0.05240643 0.0576933 0.06973445 0.052082 0.05968219 0.06515896 0.05336254 0.05559676 0.0740388 0.0534144 0.05551755 0.07416647 0.0538429 0.05493378 0.07492619 0.05412596 0.05460464 0.07516455 0.05439496 0.05432492 0.07522112 0.05471438 0.05402785 0.07510387 0.05500358 0.05378699 0.07485544 0.05560457 0.05335754 0.07402598 0.05657815 0.05282372 0.0721718 0.0590831 0.05212712 0.06655275 0.05776977 0.05238437 0.06956195 0.06050407 0.05209177 0.06321799 0.06236827 0.07008856 0.02490192 0.07008856 0.06236827 0.02490192 0.07685965 0.05380332 0.02490192 0.07657092 0.05360126 0.02519494 0.06982529 0.06213396 0.02519494 0.06213396 0.06982529 0.02519494 0.07568603 0.05263316 0.03102642 0.0727635 0.05251193 0.03803265 0.06284636 0.05217391 0.05819231 0.06757599 0.05233079 0.04873549 0.077443 0.05261325 0.02593678 0.07732713 0.05272352 0.02590852 0.07717466 0.05276399 0.0258696 0.07751041 0.05264902 0.02573269 0.07723683 0.05287504 0.02551329 0.07724535 0.05282741 0.0256173 0.07723104 0.05279856 0.02572786 0.07752472 0.05269181 0.02557218 0.07751649 0.05276024 0.0254206 0.077479 0.05286926 0.02526146 0.07741481 0.05300265 0.02512872 0.07719868 0.05295187 0.02540516 0.07713365 0.05304622 0.02531659 0.07694405 0.05326318 0.02520614 0.07722777 0.05331093 0.02495348 0.06182426 0.06652396 0.01629996 0.06010407 0.06478512 0.01629996 0.06244456 0.06415796 0.01629996 0.06415796 0.06244456 0.01629996 0.06480371 0.06480371 0.01629996 0.06342726 0.06585997 0.01629996 0.06478512 0.06010407 0.01629996 0.06652396 0.06182426 0.01629996 0.06585997 0.06342726 0.01629996 0.06415796 0.05776351 0.01629996 0.06652396 0.05838382 0.01629996 0.0667504 0.06010407 0.01629996 0.06244456 0.05605012 0.01629996 0.06480371 0.05540436 0.01629996 0.06585997 0.05678087 0.01629996 0.06010407 0.05542302 0.01629996 0.06182426 0.05368417 0.01629996 0.06342726 0.05434811 0.01629996 0.05368417 0.05838382 0.01629996 0.05605012 0.05776351 0.01629996 0.05542302 0.06010407 0.01629996 0.05605012 0.06244456 0.01629996 0.05368417 0.06182426 0.01629996 0.05345767 0.06010407 0.01629996 0.05776351 0.06415796 0.01629996 0.05540436 0.06480371 0.01629996 0.05434811 0.06342726 0.01629996 0.06010407 0.0667504 0.01629996 0.05838382 0.06652396 0.01629996 0.05678087 0.06585997 0.01629996 0.05776351 0.05605012 0.01629996 0.05838382 0.05368417 0.01629996 0.06010407 0.05345767 0.01629996 0.05434811 0.05678087 0.01629996 0.05540436 0.05540436 0.01629996 0.05678087 0.05434811 0.01629996 0.06010407 0.0532577 0.01649647 0.0614776 0.05324542 0.0250014 0.06187599 0.05349099 0.01649647 0.06311964 0.05379641 0.0248087 0.06352722 0.05417495 0.01649647 0.06355887 0.05410712 0.0248087 0.06494516 0.05526298 0.01649647 0.06504774 0.05516034 0.0248087 0.06603318 0.05668085 0.01649647 0.06615883 0.05660831 0.0248087 0.06671708 0.05833208 0.01649647 0.06685727 0.05829453 0.0248087 0.06695038 0.06010407 0.01649647 0.06709545 0.06010407 0.0248087 0.06671708 0.06187599 0.01649647 0.06685727 0.06191354 0.0248087 0.06603318 0.06352722 0.01649647 0.06615883 0.06359976 0.0248087 0.06494516 0.06494516 0.01649647 0.06504774 0.06504774 0.0248087 0.06352722 0.06603318 0.01649647 0.06359976 0.06615883 0.0248087 0.06187599 0.06671708 0.01649647 0.06191354 0.06685727 0.0248087 0.06010407 0.06695038 0.01649647 0.06010407 0.06709545 0.0248087 0.05833208 0.06671708 0.01649647 0.05829453 0.06685727 0.0248087 0.05668085 0.06603318 0.01649647 0.05660831 0.06615883 0.0248087 0.05526298 0.06494516 0.01649647 0.05516034 0.06504774 0.0248087 0.05417495 0.06352722 0.01649647 0.05404931 0.06359976 0.0248087 0.05349099 0.06187599 0.01649647 0.05379641 0.06311964 0.0248087 0.0532577 0.06010407 0.01649647 0.05332052 0.06180632 0.02494841 0.05310696 0.06010407 0.02513432 0.05349099 0.05833208 0.01649647 0.05334538 0.05829304 0.02513432 0.05417495 0.05668085 0.01649647 0.05404436 0.05660551 0.02513432 0.05526298 0.05526298 0.01649647 0.05515635 0.05515635 0.02513432 0.05668085 0.05417495 0.01649647 0.05660551 0.05404436 0.02513432 0.05833208 0.05349099 0.01649647 0.05829304 0.05334538 0.02513432 0.06010407 0.05310696 0.02513432 -0.06480371 0.06480371 0.01629996 -0.06415796 0.06244456 0.01629996 -0.06244456 0.06415796 0.01629996 -0.05776351 0.06415796 0.01629996 -0.05605012 0.06244456 0.01629996 -0.05540436 0.06480371 0.01629996 -0.05542302 0.06010407 0.01629996 -0.05368417 0.06182426 0.01629996 -0.05434811 0.06342726 0.01629996 -0.06010407 0.06478512 0.01629996 -0.06182426 0.06652396 0.01629996 -0.06342726 0.06585997 0.01629996 -0.05678087 0.06585997 0.01629996 -0.05838382 0.06652396 0.01629996 -0.06010407 0.0667504 0.01629996 -0.05605012 0.05776351 0.01629996 -0.05368417 0.05838382 0.01629996 -0.05345767 0.06010407 0.01629996 -0.05776351 0.05605012 0.01629996 -0.05540436 0.05540436 0.01629996 -0.05434811 0.05678087 0.01629996 -0.06652396 0.05838382 0.01629996 -0.06415796 0.05776351 0.01629996 -0.06478512 0.06010407 0.01629996 -0.06585997 0.06342726 0.01629996 -0.06652396 0.06182426 0.01629996 -0.0667504 0.06010407 0.01629996 -0.06010407 0.05542302 0.01629996 -0.05838382 0.05368417 0.01629996 -0.05678087 0.05434811 0.01629996 -0.06585997 0.05678087 0.01629996 -0.06480371 0.05540436 0.01629996 -0.06244456 0.05605012 0.01629996 -0.06342726 0.05434811 0.01629996 -0.06182426 0.05368417 0.01629996 -0.06010407 0.05345767 0.01629996 -0.0532577 0.06010407 0.01649647 -0.05324542 0.0614776 0.0250014 -0.05349099 0.06187599 0.01649647 -0.05379641 0.06311964 0.0248087 -0.05417495 0.06352722 0.01649647 -0.05410712 0.06355887 0.0248087 -0.05526298 0.06494516 0.01649647 -0.05516034 0.06504774 0.0248087 -0.05668085 0.06603318 0.01649647 -0.05660831 0.06615883 0.0248087 -0.05833208 0.06671708 0.01649647 -0.05829453 0.06685727 0.0248087 -0.06010407 0.06695038 0.01649647 -0.06010407 0.06709545 0.0248087 -0.06187599 0.06671708 0.01649647 -0.06191354 0.06685727 0.0248087 -0.06352722 0.06603318 0.01649647 -0.06359976 0.06615883 0.0248087 -0.06494516 0.06494516 0.01649647 -0.06504774 0.06504774 0.0248087 -0.06603318 0.06352722 0.01649647 -0.06615883 0.06359976 0.0248087 -0.06671708 0.06187599 0.01649647 -0.06685727 0.06191354 0.0248087 -0.06695038 0.06010407 0.01649647 -0.06709545 0.06010407 0.0248087 -0.06671708 0.05833208 0.01649647 -0.06685727 0.05829453 0.0248087 -0.06603318 0.05668085 0.01649647 -0.06615883 0.05660831 0.0248087 -0.06494516 0.05526298 0.01649647 -0.06504774 0.05516034 0.0248087 -0.06352722 0.05417495 0.01649647 -0.06359976 0.05404931 0.0248087 -0.06187599 0.05349099 0.01649647 -0.06311964 0.05379641 0.0248087 -0.06010407 0.0532577 0.01649647 -0.06180632 0.05332052 0.02494841 -0.06010407 0.05310696 0.02513432 -0.05833208 0.05349099 0.01649647 -0.05829304 0.05334538 0.02513432 -0.05668085 0.05417495 0.01649647 -0.05660551 0.05404436 0.02513432 -0.05526298 0.05526298 0.01649647 -0.05515635 0.05515635 0.02513432 -0.05417495 0.05668085 0.01649647 -0.05404436 0.05660551 0.02513432 -0.05349099 0.05833208 0.01649647 -0.05334538 0.05829304 0.02513432 -0.05310696 0.06010407 0.02513432 -0.06182426 -0.06652396 0.01629996 -0.06010407 -0.06478512 0.01629996 -0.06244456 -0.06415796 0.01629996 -0.06415796 -0.06244456 0.01629996 -0.06480371 -0.06480371 0.01629996 -0.06342726 -0.06585997 0.01629996 -0.05542302 -0.06010407 0.01629996 -0.05605012 -0.06244456 0.01629996 -0.05368417 -0.06182426 0.01629996 -0.06478512 -0.06010407 0.01629996 -0.06652396 -0.06182426 0.01629996 -0.06585997 -0.06342726 0.01629996 -0.06182426 -0.05368417 0.01629996 -0.06244456 -0.05605012 0.01629996 -0.06010407 -0.05542302 0.01629996 -0.05776351 -0.05605012 0.01629996 -0.05605012 -0.05776351 0.01629996 -0.05540436 -0.05540436 0.01629996 -0.05345767 -0.06010407 0.01629996 -0.05368417 -0.05838382 0.01629996 -0.05434811 -0.05678087 0.01629996 -0.05776351 -0.06415796 0.01629996 -0.05540436 -0.06480371 0.01629996 -0.05434811 -0.06342726 0.01629996 -0.06010407 -0.0667504 0.01629996 -0.05838382 -0.06652396 0.01629996 -0.05678087 -0.06585997 0.01629996 -0.06415796 -0.05776351 0.01629996 -0.06652396 -0.05838382 0.01629996 -0.0667504 -0.06010407 0.01629996 -0.06342726 -0.05434811 0.01629996 -0.06480371 -0.05540436 0.01629996 -0.06585997 -0.05678087 0.01629996 -0.05678087 -0.05434811 0.01629996 -0.05838382 -0.05368417 0.01629996 -0.06010407 -0.05345767 0.01629996 -0.06010407 -0.0532577 0.01649647 -0.0614776 -0.05324542 0.0250014 -0.06187599 -0.05349099 0.01649647 -0.06311964 -0.05379641 0.0248087 -0.06352722 -0.05417495 0.01649647 -0.06355887 -0.05410712 0.0248087 -0.06494516 -0.05526298 0.01649647 -0.06504774 -0.05516034 0.0248087 -0.06603318 -0.05668085 0.01649647 -0.06615883 -0.05660831 0.0248087 -0.06671708 -0.05833208 0.01649647 -0.06685727 -0.05829453 0.0248087 -0.06695038 -0.06010407 0.01649647 -0.06709545 -0.06010407 0.0248087 -0.06671708 -0.06187599 0.01649647 -0.06685727 -0.06191354 0.0248087 -0.06603318 -0.06352722 0.01649647 -0.06615883 -0.06359976 0.0248087 -0.06494516 -0.06494516 0.01649647 -0.06504774 -0.06504774 0.0248087 -0.06352722 -0.06603318 0.01649647 -0.06359976 -0.06615883 0.0248087 -0.06187599 -0.06671708 0.01649647 -0.06191354 -0.06685727 0.0248087 -0.06010407 -0.06695038 0.01649647 -0.06010407 -0.06709545 0.0248087 -0.05833208 -0.06671708 0.01649647 -0.05829453 -0.06685727 0.0248087 -0.05668085 -0.06603318 0.01649647 -0.05660831 -0.06615883 0.0248087 -0.05526298 -0.06494516 0.01649647 -0.05516034 -0.06504774 0.0248087 -0.05417495 -0.06352722 0.01649647 -0.05404931 -0.06359976 0.0248087 -0.05349099 -0.06187599 0.01649647 -0.05379641 -0.06311964 0.0248087 -0.0532577 -0.06010407 0.01649647 -0.05332052 -0.06180632 0.02494841 -0.05310696 -0.06010407 0.02513432 -0.05349099 -0.05833208 0.01649647 -0.05334538 -0.05829304 0.02513432 -0.05417495 -0.05668085 0.01649647 -0.05404436 -0.05660551 0.02513432 -0.05526298 -0.05526298 0.01649647 -0.05515635 -0.05515635 0.02513432 -0.05668085 -0.05417495 0.01649647 -0.05660551 -0.05404436 0.02513432 -0.05833208 -0.05349099 0.01649647 -0.05829304 -0.05334538 0.02513432 -0.06010407 -0.05310696 0.02513432 0.06692242 -0.06010407 0.01639795 0.06669014 -0.05833929 0.01639795 0.06600898 -0.05669486 0.01639795 0.06492537 -0.05528271 0.01639795 0.06351327 -0.05419915 0.01639795 0.06186878 -0.05351799 0.01639795 0.06010407 -0.05328565 0.01639795 0.05833929 -0.05351799 0.01639795 0.05669486 -0.05419915 0.01639795 0.05528271 -0.05528271 0.01639795 0.05419915 -0.05669486 0.01639795 0.05351799 -0.05833929 0.01639795 0.05328565 -0.06010407 0.01639795 0.05351799 -0.06186878 0.01639795 0.05419915 -0.06351327 0.01639795 0.05528271 -0.06492537 0.01639795 0.05669486 -0.06600898 0.01639795 0.05833929 -0.06669014 0.01639795 0.06010407 -0.06692242 0.01639795 0.06186878 -0.06669014 0.01639795 0.06351327 -0.06600898 0.01639795 0.06492537 -0.06492537 0.01639795 0.06600898 -0.06351327 0.01639795 0.06669014 -0.06186878 0.01639795 0.06684941 -0.06010407 0.01632618 0.06661957 -0.05835825 0.01632618 0.06594568 -0.0567314 0.01632618 0.06487375 -0.05533438 0.01632618 0.06347674 -0.05426239 0.01632618 0.06184989 -0.0535885 0.01632618 0.06010407 -0.05335867 0.01632618 0.05835825 -0.0535885 0.01632618 0.0567314 -0.05426239 0.01632618 0.05533438 -0.05533438 0.01632618 0.05426239 -0.0567314 0.01632618 0.0535885 -0.05835825 0.01632618 0.05335867 -0.06010407 0.01632618 0.0535885 -0.06184989 0.01632618 0.05426239 -0.06347674 0.01632618 0.05533438 -0.06487375 0.01632618 0.0567314 -0.06594568 0.01632618 0.05835825 -0.06661957 0.01632618 0.06010407 -0.06684941 0.01632618 0.06184989 -0.06661957 0.01632618 0.06347674 -0.06594568 0.01632618 0.06487375 -0.06487375 0.01632618 0.06594568 -0.06347674 0.01632618 0.06661957 -0.06184989 0.01632618 0.06692242 0.06010407 0.01639795 0.06669014 0.06186878 0.01639795 0.06600898 0.06351327 0.01639795 0.06492537 0.06492537 0.01639795 0.06351327 0.06600898 0.01639795 0.06186878 0.06669014 0.01639795 0.06010407 0.06692242 0.01639795 0.05833929 0.06669014 0.01639795 0.05669486 0.06600898 0.01639795 0.05528271 0.06492537 0.01639795 0.05419915 0.06351327 0.01639795 0.05351799 0.06186878 0.01639795 0.05328565 0.06010407 0.01639795 0.05351799 0.05833929 0.01639795 0.05419915 0.05669486 0.01639795 0.05528271 0.05528271 0.01639795 0.05669486 0.05419915 0.01639795 0.05833929 0.05351799 0.01639795 0.06010407 0.05328565 0.01639795 0.06186878 0.05351799 0.01639795 0.06351327 0.05419915 0.01639795 0.06492537 0.05528271 0.01639795 0.06600898 0.05669486 0.01639795 0.06669014 0.05833929 0.01639795 0.06684941 0.06010407 0.01632618 0.06661957 0.06184989 0.01632618 0.06594568 0.06347674 0.01632618 0.06487375 0.06487375 0.01632618 0.06347674 0.06594568 0.01632618 0.06184989 0.06661957 0.01632618 0.06010407 0.06684941 0.01632618 0.05835825 0.06661957 0.01632618 0.0567314 0.06594568 0.01632618 0.05533438 0.06487375 0.01632618 0.05426239 0.06347674 0.01632618 0.0535885 0.06184989 0.01632618 0.05335867 0.06010407 0.01632618 0.0535885 0.05835825 0.01632618 0.05426239 0.0567314 0.01632618 0.05533438 0.05533438 0.01632618 0.0567314 0.05426239 0.01632618 0.05835825 0.0535885 0.01632618 0.06010407 0.05335867 0.01632618 0.06184989 0.0535885 0.01632618 0.06347674 0.05426239 0.01632618 0.06487375 0.05533438 0.01632618 0.06594568 0.0567314 0.01632618 0.06661957 0.05835825 0.01632618 -0.05328565 0.06010407 0.01639795 -0.05351799 0.06186878 0.01639795 -0.05419915 0.06351327 0.01639795 -0.05528271 0.06492537 0.01639795 -0.05669486 0.06600898 0.01639795 -0.05833929 0.06669014 0.01639795 -0.06010407 0.06692242 0.01639795 -0.06186878 0.06669014 0.01639795 -0.06351327 0.06600898 0.01639795 -0.06492537 0.06492537 0.01639795 -0.06600898 0.06351327 0.01639795 -0.06669014 0.06186878 0.01639795 -0.06692242 0.06010407 0.01639795 -0.06669014 0.05833929 0.01639795 -0.06600898 0.05669486 0.01639795 -0.06492537 0.05528271 0.01639795 -0.06351327 0.05419915 0.01639795 -0.06186878 0.05351799 0.01639795 -0.06010407 0.05328565 0.01639795 -0.05833929 0.05351799 0.01639795 -0.05669486 0.05419915 0.01639795 -0.05528271 0.05528271 0.01639795 -0.05419915 0.05669486 0.01639795 -0.05351799 0.05833929 0.01639795 -0.05335867 0.06010407 0.01632618 -0.0535885 0.06184989 0.01632618 -0.05426239 0.06347674 0.01632618 -0.05533438 0.06487375 0.01632618 -0.0567314 0.06594568 0.01632618 -0.05835825 0.06661957 0.01632618 -0.06010407 0.06684941 0.01632618 -0.06184989 0.06661957 0.01632618 -0.06347674 0.06594568 0.01632618 -0.06487375 0.06487375 0.01632618 -0.06594568 0.06347674 0.01632618 -0.06661957 0.06184989 0.01632618 -0.06684941 0.06010407 0.01632618 -0.06661957 0.05835825 0.01632618 -0.06594568 0.0567314 0.01632618 -0.06487375 0.05533438 0.01632618 -0.06347674 0.05426239 0.01632618 -0.06184989 0.0535885 0.01632618 -0.06010407 0.05335867 0.01632618 -0.05835825 0.0535885 0.01632618 -0.0567314 0.05426239 0.01632618 -0.05533438 0.05533438 0.01632618 -0.05426239 0.0567314 0.01632618 -0.0535885 0.05835825 0.01632618 -0.05328565 -0.06010407 0.01639795 -0.05351799 -0.05833929 0.01639795 -0.05419915 -0.05669486 0.01639795 -0.05528271 -0.05528271 0.01639795 -0.05669486 -0.05419915 0.01639795 -0.05833929 -0.05351799 0.01639795 -0.06010407 -0.05328565 0.01639795 -0.06186878 -0.05351799 0.01639795 -0.06351327 -0.05419915 0.01639795 -0.06492537 -0.05528271 0.01639795 -0.06600898 -0.05669486 0.01639795 -0.06669014 -0.05833929 0.01639795 -0.06692242 -0.06010407 0.01639795 -0.06669014 -0.06186878 0.01639795 -0.06600898 -0.06351327 0.01639795 -0.06492537 -0.06492537 0.01639795 -0.06351327 -0.06600898 0.01639795 -0.06186878 -0.06669014 0.01639795 -0.06010407 -0.06692242 0.01639795 -0.05833929 -0.06669014 0.01639795 -0.05669486 -0.06600898 0.01639795 -0.05528271 -0.06492537 0.01639795 -0.05419915 -0.06351327 0.01639795 -0.05351799 -0.06186878 0.01639795 -0.05335867 -0.06010407 0.01632618 -0.0535885 -0.05835825 0.01632618 -0.05426239 -0.0567314 0.01632618 -0.05533438 -0.05533438 0.01632618 -0.0567314 -0.05426239 0.01632618 -0.05835825 -0.0535885 0.01632618 -0.06010407 -0.05335867 0.01632618 -0.06184989 -0.0535885 0.01632618 -0.06347674 -0.05426239 0.01632618 -0.06487375 -0.05533438 0.01632618 -0.06594568 -0.0567314 0.01632618 -0.06661957 -0.05835825 0.01632618 -0.06684941 -0.06010407 0.01632618 -0.06661957 -0.06184989 0.01632618 -0.06594568 -0.06347674 0.01632618 -0.06487375 -0.06487375 0.01632618 -0.06347674 -0.06594568 0.01632618 -0.06184989 -0.06661957 0.01632618 -0.06010407 -0.06684941 0.01632618 -0.05835825 -0.06661957 0.01632618 -0.0567314 -0.06594568 0.01632618 -0.05533438 -0.06487375 0.01632618 -0.05426239 -0.06347674 0.01632618 -0.0535885 -0.06184989 0.01632618 -0.013933 -0.0625 0.008249998 -0.013933 -0.0575 0.008249998 -0.01374995 -0.0625 0.008432984 -0.01374995 -0.0575 0.008432984 -0.01324754 -0.05562496 0.008432984 -0.01187497 -0.05425238 0.008432984 -0.00999999 -0.05374997 0.008432984 -0.008124947 -0.05425238 0.008432984 -0.006752371 -0.05562496 0.008432984 -0.006249964 -0.0575 0.008432984 -0.01340603 -0.05553346 0.008249998 -0.01196646 -0.05409389 0.008249998 -0.00999999 -0.05356699 0.008249998 -0.008033454 -0.05409389 0.008249998 -0.006593883 -0.05553346 0.008249998 -0.006066977 -0.0575 0.008249998 -0.006249964 -0.0625 0.008432984 -0.006752371 -0.06437498 0.008432984 -0.008124947 -0.06574755 0.008432984 -0.00999999 -0.06624996 0.008432984 -0.01187497 -0.06574755 0.008432984 -0.01324754 -0.06437498 0.008432984 -0.006066977 -0.0625 0.008249998 -0.006593883 -0.06446647 0.008249998 -0.008033454 -0.06590604 0.008249998 -0.00999999 -0.06643301 0.008249998 -0.01196646 -0.06590604 0.008249998 -0.01340603 -0.06446647 0.008249998 -0.01324754 0.06187498 0.008432984 -0.01187497 0.06324756 0.008432984 -0.00999999 0.06374996 0.008432984 -0.008124947 0.06324756 0.008432984 -0.006752371 0.06187498 0.008432984 -0.006249964 0.06 0.008432984 -0.006752371 0.05812495 0.008432984 -0.008124947 0.05675238 0.008432984 -0.00999999 0.05624997 0.008432984 -0.01187497 0.05675238 0.008432984 -0.01324754 0.05812495 0.008432984 -0.01374995 0.06 0.008432984 -0.01340603 0.06196647 0.008249998 -0.01196646 0.06340605 0.008249998 -0.00999999 0.06393301 0.008249998 -0.008033454 0.06340605 0.008249998 -0.006593883 0.06196647 0.008249998 -0.006066977 0.06 0.008249998 -0.006593883 0.05803346 0.008249998 -0.008033454 0.05659389 0.008249998 -0.00999999 0.05606698 0.008249998 -0.01196646 0.05659389 0.008249998 -0.01340603 0.05803346 0.008249998 -0.013933 0.06 0.008249998 -0.05619913 0.06235855 0.01620197 -0.05784952 0.06400901 0.01620197 -0.06010407 0.0646131 0.01620197 -0.06235855 0.06400901 0.01620197 -0.06400901 0.06235855 0.01620197 -0.0646131 0.06010407 0.01620197 -0.06400901 0.05784952 0.01620197 -0.06235855 0.05619913 0.01620197 -0.06010407 0.05559504 0.01620197 -0.05784952 0.05619913 0.01620197 -0.05619913 0.05784952 0.01620197 -0.05559504 0.06010407 0.01620197 -0.05613589 0.06239509 0.01627373 -0.05781304 0.06407225 0.01627373 -0.06010407 0.06468611 0.01627373 -0.06239509 0.06407225 0.01627373 -0.06407225 0.06239509 0.01627373 -0.06468611 0.06010407 0.01627373 -0.06407225 0.05781304 0.01627373 -0.06239509 0.05613589 0.01627373 -0.06010407 0.05552196 0.01627373 -0.05781304 0.05613589 0.01627373 -0.05613589 0.05781304 0.01627373 -0.05552196 0.06010407 0.01627373 -0.05794095 0.06385064 1.55598e-5 -0.06010407 0.06443023 1.55598e-5 -0.05635744 0.06226712 1.55598e-5 -0.05577784 0.06010407 1.55598e-5 -0.05635744 0.05794095 1.55598e-5 -0.05794095 0.05635744 1.55598e-5 -0.06010407 0.05577784 1.55598e-5 -0.06226712 0.05635744 1.55598e-5 -0.06385064 0.05794095 1.55598e-5 -0.06443023 0.06010407 1.55598e-5 -0.06385064 0.06226712 1.55598e-5 -0.06226712 0.06385064 1.55598e-5 -0.056414 0.06223446 5.98181e-5 -0.05797362 0.06379407 5.98181e-5 -0.06010407 0.06436491 5.98181e-5 -0.06223446 0.06379407 5.98181e-5 -0.06379407 0.06223446 5.98181e-5 -0.06436491 0.06010407 5.98181e-5 -0.06379407 0.05797362 5.98181e-5 -0.06223446 0.056414 5.98181e-5 -0.06010407 0.05584317 5.98181e-5 -0.05797362 0.056414 5.98181e-5 -0.056414 0.05797362 5.98181e-5 -0.05584317 0.06010407 5.98181e-5 -0.05645138 0.06221294 1.25889e-4 -0.0579952 0.06375676 1.25889e-4 -0.06010407 0.06432181 1.25889e-4 -0.06221294 0.06375676 1.25889e-4 -0.06375676 0.06221294 1.25889e-4 -0.06432181 0.06010407 1.25889e-4 -0.06375676 0.0579952 1.25889e-4 -0.06221294 0.05645138 1.25889e-4 -0.06010407 0.05588626 1.25889e-4 -0.0579952 0.05645138 1.25889e-4 -0.05645138 0.0579952 1.25889e-4 -0.05588626 0.06010407 1.25889e-4 -0.05619913 -0.05784952 0.01620197 -0.05784952 -0.05619913 0.01620197 -0.06010407 -0.05559504 0.01620197 -0.06235855 -0.05619913 0.01620197 -0.06400901 -0.05784952 0.01620197 -0.0646131 -0.06010407 0.01620197 -0.06400901 -0.06235855 0.01620197 -0.06235855 -0.06400901 0.01620197 -0.06010407 -0.0646131 0.01620197 -0.05784952 -0.06400901 0.01620197 -0.05619913 -0.06235855 0.01620197 -0.05559504 -0.06010407 0.01620197 -0.05613589 -0.05781304 0.01627373 -0.05781304 -0.05613589 0.01627373 -0.06010407 -0.05552196 0.01627373 -0.06239509 -0.05613589 0.01627373 -0.06407225 -0.05781304 0.01627373 -0.06468611 -0.06010407 0.01627373 -0.06407225 -0.06239509 0.01627373 -0.06239509 -0.06407225 0.01627373 -0.06010407 -0.06468611 0.01627373 -0.05781304 -0.06407225 0.01627373 -0.05613589 -0.06239509 0.01627373 -0.05552196 -0.06010407 0.01627373 -0.05635744 -0.05794095 1.55598e-5 -0.05794095 -0.05635744 1.55598e-5 -0.06010407 -0.05577784 1.55598e-5 -0.06226712 -0.05635744 1.55598e-5 -0.06385064 -0.05794095 1.55598e-5 -0.06443023 -0.06010407 1.55598e-5 -0.06385064 -0.06226712 1.55598e-5 -0.06226712 -0.06385064 1.55598e-5 -0.06010407 -0.06443023 1.55598e-5 -0.05794095 -0.06385064 1.55598e-5 -0.05635744 -0.06226712 1.55598e-5 -0.05577784 -0.06010407 1.55598e-5 -0.056414 -0.05797362 5.98181e-5 -0.05797362 -0.056414 5.98181e-5 -0.06010407 -0.05584317 5.98181e-5 -0.06223446 -0.056414 5.98181e-5 -0.06379407 -0.05797362 5.98181e-5 -0.06436491 -0.06010407 5.98181e-5 -0.06379407 -0.06223446 5.98181e-5 -0.06223446 -0.06379407 5.98181e-5 -0.06010407 -0.06436491 5.98181e-5 -0.05797362 -0.06379407 5.98181e-5 -0.056414 -0.06223446 5.98181e-5 -0.05584317 -0.06010407 5.98181e-5 -0.05645138 -0.0579952 1.25889e-4 -0.0579952 -0.05645138 1.25889e-4 -0.06010407 -0.05588626 1.25889e-4 -0.06221294 -0.05645138 1.25889e-4 -0.06375676 -0.0579952 1.25889e-4 -0.06432181 -0.06010407 1.25889e-4 -0.06375676 -0.06221294 1.25889e-4 -0.06221294 -0.06375676 1.25889e-4 -0.06010407 -0.06432181 1.25889e-4 -0.0579952 -0.06375676 1.25889e-4 -0.05645138 -0.06221294 1.25889e-4 -0.05588626 -0.06010407 1.25889e-4 0.06400901 -0.05784952 0.01620197 0.06235855 -0.05619913 0.01620197 0.06010407 -0.05559504 0.01620197 0.05784952 -0.05619913 0.01620197 0.05619913 -0.05784952 0.01620197 0.05559504 -0.06010407 0.01620197 0.05619913 -0.06235855 0.01620197 0.05784952 -0.06400901 0.01620197 0.06010407 -0.0646131 0.01620197 0.06235855 -0.06400901 0.01620197 0.06400901 -0.06235855 0.01620197 0.0646131 -0.06010407 0.01620197 0.06407225 -0.05781304 0.01627373 0.06239509 -0.05613589 0.01627373 0.06010407 -0.05552196 0.01627373 0.05781304 -0.05613589 0.01627373 0.05613589 -0.05781304 0.01627373 0.05552196 -0.06010407 0.01627373 0.05613589 -0.06239509 0.01627373 0.05781304 -0.06407225 0.01627373 0.06010407 -0.06468611 0.01627373 0.06239509 -0.06407225 0.01627373 0.06407225 -0.06239509 0.01627373 0.06468611 -0.06010407 0.01627373 0.06385064 -0.05794095 1.55598e-5 0.06226712 -0.05635744 1.55598e-5 0.06010407 -0.05577784 1.55598e-5 0.05794095 -0.05635744 1.55598e-5 0.05635744 -0.05794095 1.55598e-5 0.05577784 -0.06010407 1.55598e-5 0.05635744 -0.06226712 1.55598e-5 0.05794095 -0.06385064 1.55598e-5 0.06010407 -0.06443023 1.55598e-5 0.06226712 -0.06385064 1.55598e-5 0.06385064 -0.06226712 1.55598e-5 0.06443023 -0.06010407 1.55598e-5 0.06379407 -0.05797362 5.98181e-5 0.06223446 -0.056414 5.98181e-5 0.06010407 -0.05584317 5.98181e-5 0.05797362 -0.056414 5.98181e-5 0.056414 -0.05797362 5.98181e-5 0.05584317 -0.06010407 5.98181e-5 0.056414 -0.06223446 5.98181e-5 0.05797362 -0.06379407 5.98181e-5 0.06010407 -0.06436491 5.98181e-5 0.06223446 -0.06379407 5.98181e-5 0.06379407 -0.06223446 5.98181e-5 0.06436491 -0.06010407 5.98181e-5 0.06375676 -0.0579952 1.25889e-4 0.06221294 -0.05645138 1.25889e-4 0.06010407 -0.05588626 1.25889e-4 0.0579952 -0.05645138 1.25889e-4 0.05645138 -0.0579952 1.25889e-4 0.05588626 -0.06010407 1.25889e-4 0.05645138 -0.06221294 1.25889e-4 0.0579952 -0.06375676 1.25889e-4 0.06010407 -0.06432181 1.25889e-4 0.06221294 -0.06375676 1.25889e-4 0.06375676 -0.06221294 1.25889e-4 0.06432181 -0.06010407 1.25889e-4 0.06400901 0.06235855 0.01620197 0.06235855 0.06400901 0.01620197 0.06010407 0.0646131 0.01620197 0.05784952 0.06400901 0.01620197 0.05619913 0.06235855 0.01620197 0.05559504 0.06010407 0.01620197 0.05619913 0.05784952 0.01620197 0.05784952 0.05619913 0.01620197 0.06010407 0.05559504 0.01620197 0.06235855 0.05619913 0.01620197 0.06400901 0.05784952 0.01620197 0.0646131 0.06010407 0.01620197 0.06407225 0.06239509 0.01627373 0.06239509 0.06407225 0.01627373 0.06010407 0.06468611 0.01627373 0.05781304 0.06407225 0.01627373 0.05613589 0.06239509 0.01627373 0.05552196 0.06010407 0.01627373 0.05613589 0.05781304 0.01627373 0.05781304 0.05613589 0.01627373 0.06010407 0.05552196 0.01627373 0.06239509 0.05613589 0.01627373 0.06407225 0.05781304 0.01627373 0.06468611 0.06010407 0.01627373 0.06226712 0.06385064 1.55598e-5 0.06010407 0.06443023 1.55598e-5 0.06385064 0.06226712 1.55598e-5 0.06443023 0.06010407 1.55598e-5 0.06385064 0.05794095 1.55598e-5 0.06226712 0.05635744 1.55598e-5 0.06010407 0.05577784 1.55598e-5 0.05794095 0.05635744 1.55598e-5 0.05635744 0.05794095 1.55598e-5 0.05577784 0.06010407 1.55598e-5 0.05635744 0.06226712 1.55598e-5 0.05794095 0.06385064 1.55598e-5 0.06379407 0.06223446 5.98181e-5 0.06223446 0.06379407 5.98181e-5 0.06010407 0.06436491 5.98181e-5 0.05797362 0.06379407 5.98181e-5 0.056414 0.06223446 5.98181e-5 0.05584317 0.06010407 5.98181e-5 0.056414 0.05797362 5.98181e-5 0.05797362 0.056414 5.98181e-5 0.06010407 0.05584317 5.98181e-5 0.06223446 0.056414 5.98181e-5 0.06379407 0.05797362 5.98181e-5 0.06436491 0.06010407 5.98181e-5 0.06375676 0.06221294 1.25889e-4 0.06221294 0.06375676 1.25889e-4 0.06010407 0.06432181 1.25889e-4 0.0579952 0.06375676 1.25889e-4 0.05645138 0.06221294 1.25889e-4 0.05588626 0.06010407 1.25889e-4 0.05645138 0.0579952 1.25889e-4 0.0579952 0.05645138 1.25889e-4 0.06010407 0.05588626 1.25889e-4 0.06221294 0.05645138 1.25889e-4 0.06375676 0.0579952 1.25889e-4 0.06432181 0.06010407 1.25889e-4 0.05356866 0.06322854 0.02523446 0.05329495 0.06183791 0.02511537 0.0537334 0.0631498 0.02505499 0.05321514 0.06188011 0.02526164 0.05309045 0.06010407 0.02525335 0.05306822 0.06010407 0.02530914 0.05304598 0.06010407 0.02536499 0.05331122 0.05828392 0.02531051 0.05401372 0.05658781 0.02531051 0.05513131 0.05513131 0.02531051 0.05658781 0.05401372 0.02531051 0.05828392 0.05331122 0.02531051 0.06010407 0.05304598 0.02536499 0.06010407 0.05306822 0.02530914 0.06010407 0.05309045 0.02525335 0.06509715 0.05511099 0.02505499 0.06522625 0.05498188 0.02523446 0.06637746 0.05648213 0.02523446 0.0631498 0.0537334 0.02505499 0.06710112 0.0582292 0.02523446 0.06734794 0.06010407 0.02523446 0.06710112 0.06197887 0.02523446 0.06637746 0.063726 0.02523446 0.06522625 0.06522625 0.02523446 0.063726 0.06637746 0.02523446 0.06197887 0.06710112 0.02523446 0.06010407 0.06734794 0.02523446 0.0582292 0.06710112 0.02523446 0.05648213 0.06637746 0.02523446 0.05498188 0.06522625 0.02523446 0.05383068 0.063726 0.02523446 0.06621932 0.05657339 0.02505499 0.06692475 0.05827647 0.02505499 0.06716531 0.06010407 0.02505499 0.06692475 0.06193166 0.02505499 0.06621932 0.06363469 0.02505499 0.06509715 0.06509715 0.02505499 0.06363469 0.06621932 0.02505499 0.06193166 0.06692475 0.02505499 0.06010407 0.06716531 0.02505499 0.05827647 0.06692475 0.02505499 0.05657339 0.06621932 0.02505499 0.05511099 0.06509715 0.02505499 0.05398881 0.06363469 0.02505499 0.06322854 0.05356866 0.02523446 0.06150454 0.05322349 0.02515292 0.06153833 0.05315631 0.02528893 0.06322854 -0.05356866 0.02523446 0.06183791 -0.05329495 0.02511537 0.0631498 -0.0537334 0.02505499 0.06188011 -0.05321514 0.02526164 0.06010407 -0.05309045 0.02525335 0.06010407 -0.05306822 0.02530914 0.06010407 -0.05304598 0.02536499 0.05828392 -0.05331122 0.02531051 0.05658781 -0.05401372 0.02531051 0.05513131 -0.05513131 0.02531051 0.05401372 -0.05658781 0.02531051 0.05331122 -0.05828392 0.02531051 0.05304598 -0.06010407 0.02536499 0.05306822 -0.06010407 0.02530914 0.05309045 -0.06010407 0.02525335 0.05511099 -0.06509715 0.02505499 0.05498188 -0.06522625 0.02523446 0.05648213 -0.06637746 0.02523446 0.0537334 -0.0631498 0.02505499 0.0582292 -0.06710112 0.02523446 0.06010407 -0.06734794 0.02523446 0.06197887 -0.06710112 0.02523446 0.063726 -0.06637746 0.02523446 0.06522625 -0.06522625 0.02523446 0.06637746 -0.063726 0.02523446 0.06710112 -0.06197887 0.02523446 0.06734794 -0.06010407 0.02523446 0.06710112 -0.0582292 0.02523446 0.06637746 -0.05648213 0.02523446 0.06522625 -0.05498188 0.02523446 0.063726 -0.05383068 0.02523446 0.05657339 -0.06621932 0.02505499 0.05827647 -0.06692475 0.02505499 0.06010407 -0.06716531 0.02505499 0.06193166 -0.06692475 0.02505499 0.06363469 -0.06621932 0.02505499 0.06509715 -0.06509715 0.02505499 0.06621932 -0.06363469 0.02505499 0.06692475 -0.06193166 0.02505499 0.06716531 -0.06010407 0.02505499 0.06692475 -0.05827647 0.02505499 0.06621932 -0.05657339 0.02505499 0.06509715 -0.05511099 0.02505499 0.06363469 -0.05398881 0.02505499 0.05356866 -0.06322854 0.02523446 0.05322349 -0.06150454 0.02515292 0.05315631 -0.06153833 0.02528893 -0.05356866 -0.06322854 0.02523446 -0.05329495 -0.06183791 0.02511537 -0.0537334 -0.0631498 0.02505499 -0.05321514 -0.06188011 0.02526164 -0.05309045 -0.06010407 0.02525335 -0.05306822 -0.06010407 0.02530914 -0.05304598 -0.06010407 0.02536499 -0.05331122 -0.05828392 0.02531051 -0.05401372 -0.05658781 0.02531051 -0.05513131 -0.05513131 0.02531051 -0.05658781 -0.05401372 0.02531051 -0.05828392 -0.05331122 0.02531051 -0.06010407 -0.05304598 0.02536499 -0.06010407 -0.05306822 0.02530914 -0.06010407 -0.05309045 0.02525335 -0.06509715 -0.05511099 0.02505499 -0.06522625 -0.05498188 0.02523446 -0.06637746 -0.05648213 0.02523446 -0.0631498 -0.0537334 0.02505499 -0.06710112 -0.0582292 0.02523446 -0.06734794 -0.06010407 0.02523446 -0.06710112 -0.06197887 0.02523446 -0.06637746 -0.063726 0.02523446 -0.06522625 -0.06522625 0.02523446 -0.063726 -0.06637746 0.02523446 -0.06197887 -0.06710112 0.02523446 -0.06010407 -0.06734794 0.02523446 -0.0582292 -0.06710112 0.02523446 -0.05648213 -0.06637746 0.02523446 -0.05498188 -0.06522625 0.02523446 -0.05383068 -0.063726 0.02523446 -0.06621932 -0.05657339 0.02505499 -0.06692475 -0.05827647 0.02505499 -0.06716531 -0.06010407 0.02505499 -0.06692475 -0.06193166 0.02505499 -0.06621932 -0.06363469 0.02505499 -0.06509715 -0.06509715 0.02505499 -0.06363469 -0.06621932 0.02505499 -0.06193166 -0.06692475 0.02505499 -0.06010407 -0.06716531 0.02505499 -0.05827647 -0.06692475 0.02505499 -0.05657339 -0.06621932 0.02505499 -0.05511099 -0.06509715 0.02505499 -0.05398881 -0.06363469 0.02505499 -0.06322854 -0.05356866 0.02523446 -0.06150454 -0.05322349 0.02515292 -0.06153833 -0.05315631 0.02528893 -0.06322854 0.05356866 0.02523446 -0.06183791 0.05329495 0.02511537 -0.0631498 0.0537334 0.02505499 -0.06188011 0.05321514 0.02526164 -0.06010407 0.05309045 0.02525335 -0.06010407 0.05306822 0.02530914 -0.06010407 0.05304598 0.02536499 -0.05828392 0.05331122 0.02531051 -0.05658781 0.05401372 0.02531051 -0.05513131 0.05513131 0.02531051 -0.05401372 0.05658781 0.02531051 -0.05331122 0.05828392 0.02531051 -0.05304598 0.06010407 0.02536499 -0.05306822 0.06010407 0.02530914 -0.05309045 0.06010407 0.02525335 -0.05511099 0.06509715 0.02505499 -0.05498188 0.06522625 0.02523446 -0.05648213 0.06637746 0.02523446 -0.0537334 0.0631498 0.02505499 -0.0582292 0.06710112 0.02523446 -0.06010407 0.06734794 0.02523446 -0.06197887 0.06710112 0.02523446 -0.063726 0.06637746 0.02523446 -0.06522625 0.06522625 0.02523446 -0.06637746 0.063726 0.02523446 -0.06710112 0.06197887 0.02523446 -0.06734794 0.06010407 0.02523446 -0.06710112 0.0582292 0.02523446 -0.06637746 0.05648213 0.02523446 -0.06522625 0.05498188 0.02523446 -0.063726 0.05383068 0.02523446 -0.05657339 0.06621932 0.02505499 -0.05827647 0.06692475 0.02505499 -0.06010407 0.06716531 0.02505499 -0.06193166 0.06692475 0.02505499 -0.06363469 0.06621932 0.02505499 -0.06509715 0.06509715 0.02505499 -0.06621932 0.06363469 0.02505499 -0.06692475 0.06193166 0.02505499 -0.06716531 0.06010407 0.02505499 -0.06692475 0.05827647 0.02505499 -0.06621932 0.05657339 0.02505499 -0.06509715 0.05511099 0.02505499 -0.06363469 0.05398881 0.02505499 -0.05356866 0.06322854 0.02523446 -0.05322349 0.06150454 0.02515292 -0.05315631 0.06153833 0.02528893 -0.09319996 0.007319927 0.001428186 -0.09319996 0.00731939 0.001437783 -0.0941649 0.007363855 0.001446187 -0.09408599 0.008817255 4.4425e-5 -0.09319996 0.008554697 1.19779e-4 -0.09410226 0.008556485 1.71245e-4 -0.09319996 0.00853759 1.31005e-4 -0.09319996 0.007781863 6.27327e-4 -0.09413969 0.007956862 4.62885e-4 -0.09410357 0.008535325 1.81547e-4 -0.09416544 0.007412374 0.001179814 -0.09416007 0.00752598 0.001030206 -0.09319996 0.007774353 6.40342e-4 -0.0941469 0.007804393 6.63685e-4 -0.09414231 0.007902324 5.34694e-4 -0.09415656 0.007307887 0.002343297 -0.09415721 0.007301568 0.002322912 -0.09319996 0.007267534 0.002351343 -0.09416365 0.007240355 0.002124905 -0.09416443 0.007315278 0.001713216 -0.09319996 0.007269024 0.002355277 -0.09319996 0.007518053 0.003023207 -0.09413439 0.007518053 0.003023207 -0.09413439 -0.007518053 0.003023207 -0.09319996 -0.007518053 0.003023207 -0.09415137 -0.007333576 0.00261569 -0.09319996 -0.007269024 0.002355277 -0.09319996 -0.00731939 0.001437783 -0.09416747 -0.007269144 0.00170046 -0.09319996 -0.007267534 0.002351343 -0.09415632 -0.007313728 0.002333998 -0.09415602 -0.007315039 0.002352237 -0.09319996 -0.007319927 0.001428186 -0.09416568 -0.007349789 0.001450955 -0.09416824 -0.007266104 0.001656949 -0.09319996 -0.007781863 6.27327e-4 -0.0941466 -0.007804512 6.75735e-4 -0.09319996 -0.007774353 6.40342e-4 -0.09415853 -0.007585167 8.71616e-4 -0.09416037 -0.007524609 0.001020669 -0.09319996 -0.00853759 1.31005e-4 -0.0941196 -0.008301317 2.32087e-4 -0.09413534 -0.008011341 4.91016e-4 -0.09319996 -0.008554697 1.19779e-4 -0.09410297 -0.008545994 1.71355e-4 -0.09410434 -0.008525073 1.76548e-4 -0.09400981 0.008423089 0.005130648 -0.09319996 0.008514344 0.005482971 -0.09399795 0.008474409 0.005488693 -0.09319996 0.008402764 0.009940385 -0.09392535 0.008374929 0.00992906 -0.09392058 0.008470892 0.009692192 -0.09319996 0.00874722 0.007718861 -0.09392601 0.008580386 0.008794188 -0.09393441 0.008749485 0.007407188 -0.09398007 0.008551955 0.006029307 -0.09396356 0.00760734 0.01182317 -0.09319996 0.007503688 0.01200073 -0.09404337 0.006222307 0.01365184 -0.09319996 0.006109237 0.01376408 -0.09404945 0.006097316 0.0137487 -0.09419953 0.002283871 0.01594662 -0.09417235 0.003136336 0.01559031 -0.09319996 0.002229392 0.01596117 -0.09319996 0.004311621 0.01511394 -0.09413176 0.00440675 0.01505929 -0.09407919 0.005486845 0.01422196 -0.094172 -0.003148078 0.01558595 -0.09319996 -0.002229392 0.01596117 -0.0941326 -0.004386782 0.01507085 -0.09319996 -0.004311621 0.01511394 -0.09406012 -0.005878806 0.0139181 -0.09319996 -0.006109237 0.01376408 -0.09404945 -0.006097614 0.013749 -0.09419977 -0.00227487 0.01594907 -0.09420025 -0.002228558 0.0159552 -0.09319996 0 0.01624995 -0.09422481 2.74207e-6 0.01624995 -0.09420019 0.002228438 0.01595401 -0.09319996 -0.007503688 0.01200073 -0.09319996 -0.008402764 0.009940385 -0.09392553 -0.008372902 0.009928345 -0.09396308 -0.007615149 0.0118094 -0.09396386 -0.007601678 0.01182723 -0.09404361 -0.006218552 0.0136556 -0.09319996 -0.008514344 0.005482971 -0.09399843 -0.008469283 0.005489647 -0.09397941 -0.008553266 0.006056666 -0.09319996 -0.00874722 0.007718861 -0.09393495 -0.008749127 0.007379055 -0.09392607 -0.008581697 0.00878489 -0.0939204 -0.008475959 0.009672641 -0.09401226 -0.008408546 0.005079627 -0.09299999 0.007128238 0.001371026 -0.09299999 0.007528305 6.13519e-4 -0.09299999 0.006950557 0.001115381 -0.09299999 -0.006754994 0.01139998 -0.09299999 -0.007799983 0.007499992 -0.09299999 -0.008547306 0.007713854 -0.09299999 -0.006950557 0.001115381 -0.09299999 -0.007528305 6.13519e-4 -0.09299999 -0.007128238 0.001371026 -0.09299999 -0.003899991 0.01425498 -0.09299999 -0.004213094 0.0149399 -0.09299999 0 0.01529997 -0.09299999 -0.00217843 0.01576781 -0.09299999 -0.008210718 0.009884595 -0.09299999 -0.007332146 0.01189786 -0.09299999 -0.005969643 0.01362091 -0.09299999 0.00707066 0.00238645 -0.09299999 0 0.01604998 -0.09299999 0.00217843 0.01576781 -0.09299999 0.003899991 0.01425498 -0.09299999 -0.006530463 0.001948475 -0.09299999 -0.00707066 0.00238645 -0.09299999 -0.006493449 0.002880752 -0.09299999 0.007799983 0.007499992 -0.09299999 0.006754994 0.01139998 -0.09299999 0.008210718 0.009884595 -0.09299999 0.004213094 0.0149399 -0.09299999 0.005969643 0.01362091 -0.09299999 0.007332146 0.01189786 -0.09299999 -0.006754994 0.003599941 -0.09299999 -0.007346212 0.003125548 -0.09299999 -0.008319735 0.005529046 -0.09299999 0.006530463 0.001948475 -0.09299999 0.006493449 0.002880752 -0.09299999 0.007346212 0.003125548 -0.09299999 0.006754994 0.003599941 -0.09299999 0.008319735 0.005529046 -0.09299999 0.008547306 0.007713854 -0.09303474 -0.008039772 3.29392e-4 -0.09306049 -0.008418262 1.19091e-4 -0.09305858 -0.007739305 5.87122e-4 -0.09306252 -0.008448064 1.02529e-4 -0.09307634 -0.008540213 8.0096e-5 -0.09313076 -0.008550524 1.08157e-4 -0.09310239 -0.007491827 0.003038823 -0.09305858 -0.007467687 0.003053188 -0.09305858 -0.007209897 0.002361595 -0.09303051 -0.007430076 0.003075599 -0.09301233 -0.007405698 0.003090143 -0.09301233 -0.007138788 0.002374291 -0.09300959 -0.007669389 5.35155e-4 -0.09301233 -0.007686793 5.3757e-4 -0.09301233 -0.007194578 0.001390814 -0.09313076 -0.007507383 0.003029525 -0.09313076 -0.007255375 0.002353489 -0.09313076 -0.007308065 0.00142467 -0.09313076 -0.007772862 6.18842e-4 -0.09308266 -0.008582234 6.98622e-5 -0.0931341 -0.008868932 3.92477e-5 -0.09314066 -0.00890547 3.53406e-5 -0.09302765 -0.007935285 3.8741e-4 -0.09305858 -0.007263779 0.001411437 -0.09301811 0.007404327 0.003090918 -0.09306335 0.007463574 0.003055691 -0.09302675 0.007432103 0.003074407 -0.09302675 0.00841701 0.005506038 -0.09313231 0.007502436 0.003032505 -0.09309995 0.007494986 0.003036916 -0.09309995 0.008488237 0.00548911 -0.09302675 -0.00841701 0.005506038 -0.09309995 -0.008488237 0.00548911 -0.09309995 0.008720457 0.007718205 -0.09309995 0.008377015 0.009932875 -0.09309995 0.00748068 0.01198697 -0.09309995 0.006090581 0.01374489 -0.09309995 0.004298388 0.01509058 -0.09309995 0.002222537 0.0159353 -0.09309995 0 0.01622319 -0.09309995 -0.002222537 0.0159353 -0.09309995 -0.004298388 0.01509058 -0.09309995 -0.006090581 0.01374489 -0.09309995 -0.00748068 0.01198697 -0.09309995 -0.008377015 0.009932875 -0.09309995 -0.008720457 0.007718205 -0.09302675 0.008647263 0.007716357 -0.09302675 0.008306741 0.00991249 -0.09302675 0.007417917 0.0119493 -0.09302675 0.00603944 0.01369249 -0.09302675 0.004262328 0.01502692 -0.09302675 0.002203881 0.01586449 -0.09302675 0 0.01614999 -0.09302675 -0.002203881 0.01586449 -0.09302675 -0.004262328 0.01502692 -0.09302675 -0.00603944 0.01369249 -0.09302675 -0.007417917 0.0119493 -0.09302675 -0.008306741 0.00991249 -0.09302675 -0.008647263 0.007716357 -0.09305858 0.007209897 0.002361595 -0.09313076 0.007255375 0.002353489 -0.09301233 0.007138788 0.002374291 -0.09301233 0.007194578 0.001390814 -0.09301233 0.007686793 5.3757e-4 -0.0930249 0.007922589 3.79681e-4 -0.09300142 0.007653653 5.06343e-4 -0.09305858 0.007739305 5.87122e-4 -0.09306752 0.00840938 1.51029e-4 -0.09303456 0.008033037 3.27808e-4 -0.09313076 0.008550524 1.08157e-4 -0.0931341 0.008868932 3.92477e-5 -0.09308266 0.008582234 6.98622e-5 -0.09314066 0.00890547 3.53406e-5 -0.09313076 0.007772862 6.18842e-4 -0.09313076 0.007308065 0.00142467 -0.09307932 0.008543789 8.79099e-5 -0.09305858 0.007263779 0.001411437 -0.0868262 -0.0247001 2.1906e-4 -0.04090124 0.08015823 5.08906e-4 0.01111894 0.08930075 5.08921e-4 -0.0802111 -0.04141408 2.18681e-4 -0.04090124 -0.08015823 5.08906e-4 0.08149522 0.0374878 0.01691013 0.08149802 0.03748166 0.01691013 0.08076596 0.03874826 0.0196976 0.07901787 0.04097795 0.02373832 0.06516385 0.04485946 0.04960817 0.0659027 0.04453903 0.04986292 0.0662105 0.0451073 0.04732787 0.06689071 0.04477363 0.04758208 0.06946611 0.04501384 0.0420854 0.06892931 0.04536199 0.04183793 0.07151484 0.04510319 0.03701782 0.0719251 0.04476559 0.03725224 0.07443004 0.04401272 0.03258144 0.07413983 0.04431539 0.03236818 0.0766372 0.04298293 0.02803879 0.07682138 0.04273957 0.02821898 0.07707452 0.04256641 0.0277546 0.0791105 0.04082357 0.02385693 0.07690107 0.04280173 0.02757906 0.08079546 0.03868973 0.019737 0.08107608 0.03823351 0.01885807 0.08105731 0.0382722 0.01883351 0.08141875 0.03762292 0.01752138 0.08142423 0.03761112 0.01752668 0.06296384 0.04379534 0.05715495 0.06018894 0.04358536 0.06402051 0.05901229 0.04390031 0.0657323 0.05969554 0.04389148 0.0638256 0.05947804 0.04360365 0.06591016 0.05938023 0.04366594 0.06587278 0.06235617 0.04412198 0.05691921 0.05845731 0.04376351 0.06652009 0.0588479 0.04372239 0.06644463 0.05906111 0.04296016 0.06710386 0.05838292 0.04302525 0.06724089 0.05917567 0.04369336 0.06621545 0.05838406 0.04303681 0.06723779 0.05845689 0.04375922 0.06652426 0.0557788 0.0442605 0.06652009 0.05558645 0.04355591 0.06723779 0.05291312 0.04453033 0.06723779 0.05029153 0.04603409 0.06723779 0.04797452 0.04797452 0.06723779 0.04603409 0.05029153 0.06723779 0.05321931 0.04519349 0.06652009 0.05070936 0.04663318 0.06652009 0.048491 0.048491 0.06652009 0.04663318 0.05070936 0.06652009 0.04519349 0.05321931 0.06652009 0.04453033 0.05291312 0.06723779 0.04355591 0.05558645 0.06723779 0.0442605 0.0557788 0.06652009 0.04303681 0.05838406 0.06723779 0.04304105 0.05838447 0.06723362 0.04376351 0.05845731 0.06652009 0.04376679 0.05845761 0.06650847 0.01109117 0.08901572 0.01691013 0.01108455 0.08901649 0.01691013 0.01107788 0.08901727 0.01691013 0.04354757 0.05914741 0.06650936 0.04291409 0.05878204 0.06723475 0.04253983 0.05896115 0.06731778 0.04303896 0.05965292 0.06648796 0.04293888 0.05951422 0.06680446 0.04262346 0.05907702 0.06721025 0.01058906 0.08902889 0.01851063 0.008644819 0.08883595 0.02255111 0.008361697 0.08883535 0.02241379 0.005117118 0.08749979 0.02830487 0.002426207 0.08327215 0.04078197 0.001405417 0.08069801 0.0458973 9.54208e-4 0.08009183 0.0456568 0.001377165 0.08259505 0.04040807 0.002380967 0.08473742 0.03561627 0.002074658 0.08109581 0.04604858 0.00183773 0.08301788 0.04062193 0.002807974 0.08500915 0.03580605 0.003728985 0.08617895 0.03272175 0.003303527 0.0851559 0.03596425 0.004155218 0.08626908 0.03287351 0.00573492 0.08761668 0.02858084 0.007704973 0.08857595 0.02440714 0.005418479 0.08758652 0.02844768 0.00334376 0.08599293 0.0325492 0.007509171 0.08857756 0.0243119 0.007315993 0.08855575 0.02421391 0.008503019 0.08884185 0.02248299 0.01052099 0.08903557 0.0184822 0.01068824 0.08903127 0.01813608 0.01071405 0.08902877 0.01814633 0.01055502 0.08903259 0.01849645 0.0107398 0.08902585 0.01815652 0.03574609 0.06409299 0.06680446 0.03541392 0.0634973 0.06731778 0.02780991 0.06717634 0.06731778 0.01983058 0.06994855 0.06731778 0.003180086 0.07263565 0.06731778 0.0115835 0.07177656 0.06731778 0.0280708 0.06780648 0.06680446 0.02001661 0.07060474 0.06680446 0.01169216 0.07244992 0.06680446 0.003180265 0.07264012 0.06731444 0.003210127 0.07332211 0.06679511 0.003209888 0.07331705 0.06680446 0.001182496 0.07198041 0.06558561 0.001248478 0.07228422 0.06567233 0.00130707 0.07255423 0.06574934 0.001223385 0.07408118 0.06099218 0.001311957 0.07256096 0.06575119 0.001678109 0.07470136 0.06120091 0.001763105 0.07318615 0.06592404 0.0024392 0.07359743 0.06603109 0.002352178 0.07510608 0.06133049 0.002454459 0.07359987 0.06603157 0.002221345 0.07779872 0.05417263 0.001096844 0.07678991 0.05379211 0.001549839 0.07739967 0.05402606 0.002453982 0.07258957 0.06720435 0.002453982 0.07323163 0.06671738 0.001310527 0.07241147 0.06601876 0.001772046 0.0729106 0.06644392 0.001310527 0.07213789 0.06622624 0.001310527 0.07180249 0.06629997 0.001451492 0.07180249 0.06650018 0.001772046 0.07241278 0.06682151 0.001772046 0.07180249 0.06695562 0.002174317 0.07180249 0.06720441 0.002453982 0.07180249 0.06737732 0.001423299 0.06 0.06652009 0.002153694 0.06 0.06723779 0.001848936 0.0572955 0.06723779 9.5011e-4 0.05472666 0.06723779 -4.97851e-4 0.05242228 0.06723779 -0.002422273 0.05049782 0.06723779 -0.004726648 0.04904985 0.06723779 -0.007295489 0.04815101 0.06723779 -0.00999999 0.04784625 0.06723779 -0.01270443 0.04815101 0.06723779 -0.01527327 0.04904985 0.06723779 -0.0175777 0.05049782 0.06723779 -0.0195021 0.05242228 0.06723779 -0.02095007 0.05472666 0.06723779 -0.02184897 0.0572955 0.06723779 -0.02215367 0.06 0.06723779 0.001136898 0.05745804 0.06652009 2.92049e-4 0.05504357 0.06652009 -0.00106889 0.05287766 0.06652009 -0.002877652 0.05106884 0.06652009 -0.005043566 0.04970794 0.06652009 -0.007458031 0.04886305 0.06652009 -0.00999999 0.04857665 0.06652009 -0.01254189 0.04886305 0.06652009 -0.01495635 0.04970794 0.06652009 -0.01712226 0.05106884 0.06652009 -0.01893109 0.05287766 0.06652009 -0.02029204 0.05504357 0.06652009 -0.02113687 0.05745804 0.06652009 -0.02142328 0.06 0.06652009 0.01107788 -0.08901727 0.01691013 0.01108455 -0.08901649 0.01691013 0.01109117 -0.08901572 0.01691013 -0.02142554 0.06804305 0.06651782 -0.02141696 0.06804305 0.06650936 -0.02215409 0.06804305 0.0672363 -0.02214831 0.06804305 0.06723475 -0.04076719 0.07990521 0.01691013 -0.04077321 0.07990211 0.01691013 0.001305222 -0.08235776 0.04091769 0.01107132 -0.0890156 0.0170468 0.01108527 -0.08901399 0.01704794 0.01100802 -0.08901554 0.0174278 0.01030409 -0.08902806 0.01914477 0.009940028 -0.08901363 0.01992034 0.00788623 -0.08863508 0.02405095 0.01098573 -0.08901816 0.01742154 0.01020479 -0.08903634 0.01910102 0.009800672 -0.08902263 0.01985669 0.007517755 -0.08861964 0.0238679 0.005278587 -0.08760285 0.0279724 0.005879223 -0.08770954 0.02824336 0.003438234 -0.08609473 0.03228688 0.003819167 -0.08627396 0.03245788 0.00557208 -0.08768308 0.02811235 0.007700979 -0.08863788 0.02396064 0.009870409 -0.08901959 0.01988857 0.0102545 -0.08903294 0.01912289 0.01099687 -0.08901685 0.01742464 0.01107829 -0.08901482 0.0170474 0.004239082 -0.08635967 0.03260886 0.003149747 -0.08490407 0.03663176 0.002640187 -0.08474379 0.03647273 0.002206265 -0.08445227 0.03627949 0.002364337 -0.08306467 0.04129374 0.001767039 -0.08279758 0.04113405 0.002074658 -0.08109581 0.04604858 0.001405417 -0.08069801 0.0458973 9.54208e-4 -0.08009183 0.0456568 -0.02363175 0.06947827 0.06680446 -0.02368682 0.06964021 0.06648796 -0.02289104 0.06975108 0.06650936 -0.02225834 0.06849795 0.06723475 -0.02256411 0.06885224 0.06723475 -0.02160787 0.06883215 0.06650936 -0.02213829 0.0694468 0.06650936 -0.02345818 0.06896787 0.06721025 -0.02299797 0.06902766 0.06723475 -0.0234121 0.06883257 0.06731778 -0.04150122 0.07945299 0.01885807 -0.04415965 0.07728481 0.02373832 -0.04780352 0.0675767 0.0420854 -0.04770135 0.06406611 0.04787588 -0.04739904 0.06477338 0.04813039 -0.04812949 0.06702619 0.04183793 -0.04797613 0.06962013 0.03701782 -0.04765552 0.07004374 0.03725224 -0.04700523 0.07257723 0.03258144 -0.04729586 0.07227498 0.03236818 -0.0460661 0.07482451 0.02803879 -0.0456677 0.07527846 0.0277546 -0.04583042 0.07501846 0.02821898 -0.04589575 0.07509553 0.02757906 -0.04400914 0.07738363 0.02385693 -0.04194569 0.07915401 0.019737 -0.04200297 0.07912218 0.0196976 -0.04153913 0.07943266 0.01883351 -0.04090511 0.07982021 0.01752138 -0.04089355 0.07982617 0.01752668 9.9044e-4 -0.07924497 0.04772394 0.001642465 -0.07541304 0.0592128 0.002315759 -0.07581573 0.05934876 0.001442074 -0.07985138 0.04796445 0.002111792 -0.08024907 0.04811567 0.001188218 -0.07479661 0.05899459 0.00130707 -0.07255423 0.06574934 0.001309812 -0.07255798 0.06575036 0.001763105 -0.07318615 0.06592404 0.0024392 -0.07359743 0.06603109 0.002453207 -0.07359963 0.06603151 -0.03179991 0.06613969 0.06680446 -0.03150439 0.06552499 0.06731778 -0.04621195 0.05612933 0.06731778 -0.03914111 0.06127011 0.06731778 -0.04639387 0.05635029 0.06710243 -0.03950828 0.06184488 0.06680446 -0.04649215 0.05646967 0.06698602 -0.04664552 0.05665588 0.06680446 -0.04679876 0.05684202 0.06635838 -0.04681843 0.06227248 0.05407339 -0.04743033 0.05643141 0.06571966 -0.04700434 0.05920368 0.05960232 -0.04719942 0.05672693 0.06589508 -0.0471726 0.05674886 0.06590938 -0.04712724 0.06170099 0.05383014 -0.0467171 0.05964052 0.05982285 0.001317679 -0.07213044 0.06624734 0.001314163 -0.07239872 0.06604564 0.002473413 -0.07258319 0.06721502 0.002476394 -0.07180249 0.06738543 0.001779556 -0.07289874 0.06646835 0.001786053 -0.07240545 0.06683921 0.002174377 -0.07180249 0.06720346 0.002465069 -0.07322186 0.06673491 0.001318931 -0.07180249 0.06631892 0.001449942 -0.07180249 0.06650084 0.001788318 -0.07180249 0.06697082 -0.04648685 0.05574327 0.06727612 -0.04747414 0.05605947 0.06595039 -0.04717493 0.05661392 0.06620538 -0.04717493 0.05612528 0.0666669 -0.04715406 0.05595695 0.06669157 -0.04732024 0.05601018 0.06652009 -0.04732763 0.05601251 0.06649285 -0.04662466 0.05578744 0.06723779 -0.04649305 0.05636441 0.06710296 0.001423299 -0.06 0.06652009 0.002153694 -0.06 0.06723779 -0.05061233 0.05061233 0.06652009 -0.04885888 0.05277389 0.06652009 -0.04824697 0.05237501 0.06723779 -0.05009585 0.05009585 0.06723779 -0.05237501 0.04824697 0.06723779 -0.05277389 0.04885888 0.06652009 -0.05578744 0.04662466 0.06723779 -0.05578875 0.04662871 0.06723362 -0.05601018 0.04732024 0.06652009 -0.05601119 0.0473234 0.06650847 -0.07990211 -0.04077321 0.01691013 -0.07990521 -0.04076719 0.01691013 -0.02215367 -0.06 0.06723779 -0.02184897 -0.0572955 0.06723779 -0.02095007 -0.05472666 0.06723779 -0.0195021 -0.05242228 0.06723779 -0.0175777 -0.05049782 0.06723779 -0.01527327 -0.04904985 0.06723779 -0.01270443 -0.04815101 0.06723779 -0.00999999 -0.04784625 0.06723779 -0.007295489 -0.04815101 0.06723779 -0.004726648 -0.04904985 0.06723779 -0.002422273 -0.05049782 0.06723779 -4.97851e-4 -0.05242228 0.06723779 9.5011e-4 -0.05472666 0.06723779 0.001848936 -0.0572955 0.06723779 -0.02142328 -0.06 0.06652009 -0.02113687 -0.05745804 0.06652009 -0.02029204 -0.05504357 0.06652009 -0.01893109 -0.05287766 0.06652009 -0.01712226 -0.05106884 0.06652009 -0.01495635 -0.04970794 0.06652009 -0.01254189 -0.04886305 0.06652009 -0.00999999 -0.04857665 0.06652009 -0.007458031 -0.04886305 0.06652009 -0.005043566 -0.04970794 0.06652009 -0.002877652 -0.05106884 0.06652009 -0.00106889 -0.05287766 0.06652009 2.92049e-4 -0.05504357 0.06652009 0.001136898 -0.05745804 0.06652009 -0.05645465 0.04711085 0.06650936 -0.05678796 0.04675424 0.06648796 -0.05604416 0.04650563 0.06723475 -0.05612933 0.04621195 0.06731778 -0.05623966 0.04630279 0.06721025 -0.05665588 0.04664552 0.06680446 -0.0675767 -0.04780352 0.0420854 -0.06406611 -0.04770135 0.04787588 -0.06477338 -0.04739904 0.04813039 -0.06702619 -0.04812949 0.04183793 -0.06962013 -0.04797613 0.03701782 -0.07004374 -0.04765552 0.03725224 -0.07257723 -0.04700523 0.03258144 -0.07227498 -0.04729586 0.03236818 -0.07482451 -0.0460661 0.02803879 -0.07527846 -0.0456677 0.0277546 -0.07501846 -0.04583042 0.02821898 -0.07728481 -0.04415965 0.02373832 -0.07509553 -0.04589575 0.02757906 -0.07738363 -0.04400914 0.02385693 -0.07912218 -0.04200297 0.0196976 -0.07915401 -0.04194569 0.019737 -0.07945299 -0.04150122 0.01885807 -0.07943266 -0.04153913 0.01883351 -0.07982021 -0.04090511 0.01752138 -0.07982617 -0.04089355 0.01752668 -0.02141696 -0.06804305 0.06650936 -0.02142554 -0.06804305 0.06651782 -0.02214831 -0.06804305 0.06723475 -0.02215409 -0.06804305 0.0672363 -0.06644958 -0.03114724 0.06680446 -0.06981968 -0.02260315 0.06680446 -0.07209622 -0.01370507 0.06680446 -0.07324343 -0.004592299 0.06680446 -0.07324343 0.004592299 0.06680446 -0.07209622 0.01370507 0.06680446 -0.06981968 0.02260315 0.06680446 -0.0620386 0.0392034 0.06680446 -0.07142615 -0.01357769 0.06731778 -0.06917083 -0.0223931 0.06731778 -0.05612933 -0.04621195 0.06731778 -0.06583201 -0.03085774 0.06731778 -0.06146204 0.03883904 0.06731778 -0.06644958 0.03114724 0.06680446 -0.06146204 -0.03883904 0.06731778 -0.0620386 -0.0392034 0.06680446 -0.05628162 -0.04633736 0.06716936 -0.06583201 0.03085774 0.06731778 -0.06917083 0.0223931 0.06731778 -0.07142615 0.01357769 0.06731778 -0.07256275 0.004549622 0.06731778 -0.07256275 -0.004549622 0.06731778 -0.05629253 -0.04634636 0.06715869 -0.05665588 -0.04664552 0.06680446 -0.05674576 -0.04671949 0.06658911 -0.05920368 -0.04700434 0.05960232 -0.05643141 -0.04743033 0.06571966 -0.05629479 -0.04749375 0.06564456 -0.05964052 -0.0467171 0.05982285 -0.05672693 -0.04719942 0.06589508 -0.05693662 -0.0469433 0.06603217 -0.06227248 -0.04681843 0.05407339 -0.06170099 -0.04712724 0.05383014 -0.02160787 -0.06883215 0.06650936 -0.02363175 -0.06947827 0.06680446 -0.02345818 -0.06896787 0.06721025 -0.02299797 -0.06902766 0.06723475 -0.02256411 -0.06885224 0.06723475 -0.02368682 -0.06964021 0.06648796 -0.02289104 -0.06975108 0.06650936 -0.02213829 -0.0694468 0.06650936 -0.0234121 -0.06883257 0.06731778 -0.02225834 -0.06849795 0.06723475 -0.05629724 -0.04736423 0.06621479 -0.05603462 -0.04739665 0.06623709 -0.05578744 -0.04662466 0.06723779 -0.0559085 -0.04700273 0.06684768 -0.05629724 -0.04696249 0.06680428 -0.05601018 -0.04732024 0.06652009 -0.05571943 -0.04641228 0.06729686 -0.04639387 -0.05635029 0.06710243 -0.04621195 -0.05612933 0.06731778 -0.03914111 -0.06127011 0.06731778 -0.03150439 -0.06552499 0.06731778 -0.04679876 -0.05684202 0.06635838 -0.04664552 -0.05665588 0.06680446 -0.03950828 -0.06184488 0.06680446 -0.04649215 -0.05646967 0.06698602 -0.03179991 -0.06613969 0.06680446 -0.05061233 -0.05061233 0.06652009 -0.05277389 -0.04885888 0.06652009 -0.05237501 -0.04824697 0.06723779 -0.05009585 -0.05009585 0.06723779 -0.04824697 -0.05237501 0.06723779 -0.04885888 -0.05277389 0.06652009 -0.04648685 -0.05574327 0.06727612 -0.04732763 -0.05601251 0.06649285 -0.04747414 -0.05605947 0.06595039 -0.04662466 -0.05578744 0.06723779 -0.04715406 -0.05595695 0.06669157 -0.04732024 -0.05601018 0.06652009 -0.04743033 -0.05643141 0.06571966 -0.04719942 -0.05672693 0.06589508 -0.04717493 -0.05661392 0.06620538 -0.0471726 -0.05674886 0.06590938 -0.04717493 -0.05612528 0.0666669 -0.04649305 -0.05636441 0.06710296 -0.0467171 -0.05964052 0.05982285 -0.04712724 -0.06170099 0.05383014 -0.04700434 -0.05920368 0.05960232 -0.04681843 -0.06227248 0.05407339 -0.04739904 -0.06477338 0.04813039 -0.04770135 -0.06406611 0.04787588 -0.04730468 -0.07165044 0.03426486 -0.04760926 -0.07130479 0.03404277 -0.04076725 -0.07990521 0.01691013 -0.04077321 -0.07990211 0.01691013 -0.040775 -0.07989954 0.01699358 -0.04076892 -0.0799027 0.01699399 -0.04080742 -0.07987743 0.01725041 -0.04115629 -0.07966917 0.01814478 -0.04180544 -0.07925099 0.01946187 -0.04185664 -0.07922285 0.01942718 -0.04117918 -0.07965719 0.01813131 -0.04081523 -0.07987344 0.01724803 -0.04361635 -0.07777816 0.02304631 -0.04464644 -0.07675486 0.02470856 -0.04374861 -0.07769405 0.02294445 -0.04447418 -0.07687312 0.02484548 -0.04626548 -0.07448887 0.02860707 -0.04602086 -0.07469654 0.02879273 -0.04639619 -0.07399553 0.03004115 -0.04665833 -0.07375735 0.02984499 -0.0477494 -0.06929659 0.03867983 -0.04809379 -0.06640452 0.04304975 -0.04807412 -0.06883549 0.03844076 -0.04777002 -0.06698679 0.04329937 0.07579576 0 0.1015 0.0745052 0.0139274 0.1015 0.07067745 0.02738058 0.1015 0.06444287 0.03990131 0.1015 0.0560137 0.05106323 0.1015 0.04567712 0.06048631 0.1015 0.03378504 0.06784957 0.1015 0.02074247 0.07290232 0.1015 0.006993532 0.07547241 0.1015 -0.006993532 0.07547241 0.1015 -0.02074247 0.07290232 0.1015 -0.03378504 0.06784957 0.1015 -0.04567712 0.06048631 0.1015 -0.0560137 0.05106323 0.1015 -0.06444287 0.03990131 0.1015 -0.07067745 0.02738058 0.1015 -0.0745052 0.0139274 0.1015 -0.07579576 0 0.1015 -0.0745052 -0.0139274 0.1015 -0.07067745 -0.02738058 0.1015 -0.06444287 -0.03990131 0.1015 -0.0560137 -0.05106323 0.1015 -0.04567712 -0.06048631 0.1015 -0.03378504 -0.06784957 0.1015 -0.02074247 -0.07290232 0.1015 -0.006993532 -0.07547241 0.1015 0.006993532 -0.07547241 0.1015 0.02074247 -0.07290232 0.1015 0.03378504 -0.06784957 0.1015 0.04567712 -0.06048631 0.1015 0.0560137 -0.05106323 0.1015 0.06444287 -0.03990131 0.1015 0.07067745 -0.02738058 0.1015 0.0745052 -0.0139274 0.1015 0 0 0.1015</float_array>
          <technique_common>
            <accessor source="#Base-mesh-positions-array" count="5986" stride="3">
              <param name="X" type="float"/>
              <param name="Y" type="float"/>
              <param name="Z" type="float"/>
            </accessor>
          </technique_common>
        </source>
        <source id="Base-mesh-normals">
          <float_array id="Base-mesh-normals-array" count="35952">0 0 -1 0 0 -1 0 0 -1 0 0 -1 0 0 -1 0 0 -1 0 0 -1 0 0 -1 0 0 -1 0 0 -1 0 0 -1 0 0 -1 0 0 -1 0 0 -1 0 0 -1 0 0 -1 0 0 -1 0 0 -1 0 0 -1 0 0 -1 0 0 -1 0 0 -1 0 0 -1 0 0 -1 0 0 -1 0 0 -1 0 0 -1 0 0 -1 0 0 -1 0 0 -1 0 0 -1 0 0 -1 0 0 -1 0 0 -1 0 0 -1 0 0 -1 0 0 -1 0 0 -1 0 0 -1 0 0 -1 0 0 -1 0 0 -1 0 0 -1 0 0 -1 0 0 -1 0 0 -1 0 0 -1 0 0 -1 0 0 -1 0 0 -1 0 0 -1 0 0 -1 0 0 -1 0 0 -1 0 0 -1 0 0 -1 0 0 -1 0 0 -1 0 0 -1 0 0 -1 0 0 -1 0 0 -1 0 0 -1 0 0 -1 0 0 -1 0 0 -1 0 0 -1 0 0 -1 7.59916e-4 7.82659e-5 -0.9999997 -1.27155e-4 7.62002e-4 -0.9999997 -2.31201e-4 6.91887e-5 -1 0 0 -1 0 0 -1 0 0 -1 0 0 -1 0 0 -1 0 0 -1 0 0 -1 0 0 -1 0 0 -1 0 0 -1 0 0 -1 0 0 -1 0 0 -1 0 0 -1 0 0 -1 0 0 -1 0 0 -1 0 0 -1 0 0 -1 0 0 -1 0 0 -1 0 0 -1 0 0 -1 0 0 -1 0 0 -1 0 0 -1 0 0 -1 0 0 -1 0 0 -1 0 0 -1 0 0 -1 0 0 -1 0 0 -1 0 0 -1 0 0 -1 0 0 -1 0 0 -1 0 0 -1 0 0 -1 0 0 -1 0 0 -1 0 0 -1 0 0 -1 0 0 -1 0 0 -1 0 0 -1 0 0 -1 0 0 -1 0 0 -1 0 0 -1 0 0 -1 0 0 -1 0 0 -1 0 0 -1 0 0 -1 0 0 -1 0 0 -1 7.40555e-4 1.22333e-4 -0.9999997 -2.1784e-4 2.4237e-4 -1 0 0 -1 0 0 -1 0 0 -1 0 0 -1 0 0 -1 0 0 -1 0 0 -1 0 0 -1 0 0 -1 0 0 -1 0 0 -1 0 0 -1 0 0 -1 0 0 -1 0 0 -1 0 0 -1 0 0 -1 0 0 -1 0 0 -1 0 0 -1 0 0 -1 0 0 -1 0 0 -1 0 0 -1 0 0 -1 0 0 -1 0 0 -1 0 0 -1 0 0 -1 0 0 -1 0 0 -1 0 0 -1 0 0 -1 0 0 -1 0 0 -1 0 0 -1 0 0 -1 0 0 -1 0 0 -1 0 0 -1 0 0 -1 0 0 -1 0 0 -1 0 0 -1 0 0 -1 0 0 -1 0 0 -1 0 0 -1 0 0 -1 0 0 -1 0 0 -1 0 0 -1 0 0 -1 0 0 -1 0 0 -1 0 0 -1 0 0 -1 0 0 -1 0 0 -1 0 0 -1 0 0 -1 0 0 -1 0 0 -1 0 0 -1 0 0 -1 0 0 -1 0 0 -1 0 0 -1 0 0 -1 0 0 -1 0 0 -1 0 0 -1 0 0 -1 0 0 -1 0 0 -1 0 0 -1 0 0 -1 0 0 -1 0 0 -1 0 0 -1 0 0 -1 0 0 -1 0 0 -1 0 0 -1 0 0 -1 0 0 -1 0 0 -1 0 0 -1 0 0 -1 0 0 -1 0 0 -1 0 0 -1 0 0 -1 0 0 -1 0 0 -1 0 0 -1 0 0 -1 0 0 -1 0 0 -1 0 0 -1 0 0 -1 0 0 -1 0 0 -1 0 0 -1 0 0 -1 0 0 -1 0 0 -1 0 0 -1 0 0 -1 0 0 -1 0 0 -1 0 0 -1 0 0 -1 0 0 -1 0 0 -1 0 0 -1 0 0 -1 0 0 -1 0 0 -1 0 0 -1 0 0 -1 0 0 -1 0 0 -1 0 0 -1 0 0 -1 0 0 -1 0 0 -1 0 0 -1 0 0 -1 0 0 -1 0 0 -1 0 0 -1 0 0 -1 0 0 -1 0 0 -1 0 0 -1 0 0 -1 0 0 -1 0 0 -1 0 0 -1 0 0 -1 0 0 -1 0 0 -1 0 0 -1 0 0 -1 0 0 -1 0 0 -1 0 0 -1 0 0 -1 0 0 -1 0 0 -1 0 0 -1 0 0 -1 0 0 -1 0 0 -1 0 0 -1 0 0 -1 0 0 -1 0 0 -1 0 0 -1 0 0 -1 0 0 -1 0 0 -1 0 0 -1 0 0 -1 0 0 -1 0 0 -1 0 0 -1 0 0 -1 0 0 -1 0 0 -1 0 0 -1 0 0 -1 0 0 -1 0 0 -1 0 0 -1 0 0 -1 0 0 -1 0 0 -1 0 0 -1 0 0 -1 0 0 -1 0 0 -1 0 0 -1 0 0 -1 0 0 -1 0 0 -1 0 0 -1 0 0 -1 0 0 -1 0 0 -1 0 0 -1 0 0 -1 0 0 -1 0 0 -1 0 0 -1 0 0 -1 0 0 -1 0 0 -1 0 0 -1 0 0 -1 0 0 -1 0 0 -1 0 0 -1 0 0 -1 0 0 -1 0 0 -1 0 0 -1 0 0 -1 0 0 -1 0 0 -1 0 0 -1 0 0 -1 0 0 -1 0 0 -1 0 0 -1 0 0 -1 0 0 -1 0 0 -1 0 0 -1 0 0 -1 0 0 -1 0 0 -1 0 0 -1 0 0 -1 0 0 -1 0 0 -1 0 0 -1 0 0 -1 0 0 -1 0 0 -1 0 0 -1 0 0 -1 0 0 -1 0 0 -1 0 0 -1 0 0 -1 0 0 -1 0 0 -1 0 0 -1 0 0 -1 0 0 -1 0.008895337 0.958433 0.2851788 0.01599931 0.9990845 -0.03967487 0.009860098 0.9584277 0.2851648 0 0.9397916 0.3417482 -0.06518208 0.8039711 -0.5910852 0.008895337 0.9584328 0.2851797 -0.01566529 0.9850288 -0.1716768 0.004263699 0.9992024 -0.03970557 0.0108056 0.9850301 -0.1720435 0.004844725 0.8928861 -0.4502566 0.005384862 0.9850862 -0.1719773 -0.009830832 0.8928534 -0.4502401 0.0125724 0.8051067 -0.5929967 0.02871298 0.6555309 -0.7546223 0.004954934 0.8052113 -0.5929674 0.004602372 0.655795 -0.754925 0.03899329 0.4309148 -0.9015497 0 0.1073431 -0.9942221 -0.00717312 0.1789137 -0.9838386 -1.11046e-4 0.4426449 -0.896697 0.01108127 0.1751211 -0.9844845 0.01154333 0.442557 -0.8966661 0.01154333 0.4425517 -0.8966687 0.01154351 0.4425516 -0.8966687 0 0.8957744 0.444509 0 0.8957744 0.444509 0.03443777 0.9639598 0.26381 0.03669834 0.9652752 0.2586448 0.0366975 0.9638929 0.2637491 0.06626337 0.9978022 1.47008e-4 0.03269189 0.9654096 0.2586806 -0.01310044 0.9999129 0.001625597 -0.01310038 0.9999129 0.001625001 0.03656774 0.9652798 -0.2586457 0.03596985 0.9645876 -0.2612986 0.03596985 0.9645876 -0.2612988 0.03558248 0.9653142 -0.2586553 -0.01200765 0.8657649 -0.5003069 -0.01200783 0.8657645 -0.5003077 0.03558635 0.7066588 -0.706659 0.03524541 0.7054811 -0.707852 0.03510832 0.2579694 -0.965515 0.03524136 0.2586584 -0.9653258 -0.01175397 0.4991521 -0.8664346 -0.01175379 0.4991509 -0.8664354 0.03498131 0.7066739 -0.706674 0.03524547 0.7054809 -0.7078521 0.03524547 0.7054831 -0.7078498 0.03510832 0.257969 -0.9655151 0.03498584 0.2586605 -0.9653345 -0.01174092 -1.90138e-4 -0.9999311 -0.01174086 -1.8911e-4 -0.999931 0.03505355 -0.2586599 -0.9653322 0.03540271 -0.256682 -0.9658474 0.03577488 -0.2586535 -0.9653075 0.03540253 -0.2566812 -0.9658476 0.03540271 -0.2566836 -0.9658469 0.03526818 -0.7066668 -0.7066669 0.03482502 -0.7051509 -0.7082015 -0.01213937 -0.4983751 -0.8668766 0.03597903 -0.7066489 -0.706649 0.03554457 -0.7051248 -0.7081918 0.03554457 -0.705125 -0.7081916 0.03510355 -0.9748656 -0.2200111 0.03510355 -0.9748656 -0.2200109 0.0394752 -0.9651728 -0.2586175 -0.0143854 -0.8710001 -0.4910722 -0.0143854 -0.871 -0.4910724 0.03510367 -0.9748657 -0.2200104 0.02301323 -0.96567 -0.2587503 -0.01174652 -0.9969288 0.07742714 0.02886688 -0.9655234 0.258711 0.04485017 -0.9960753 0.07630425 0 -0.9659258 0.2588192 0.04822599 -0.9294558 0.3657681 0.04485023 -0.9960749 0.0763098 0 -0.05634975 -0.9984111 0.01405853 -0.319294 -0.9475514 0.004073798 -0.2422581 -0.9702032 0.002488255 -0.3205512 -0.9472279 6.3477e-4 -0.2422705 -0.9702085 5.61478e-4 -0.3207564 -0.9471616 -0.006539344 -0.2422894 -0.970182 0.00539726 -0.6720886 -0.7404512 0.006794154 -0.6557869 -0.7549155 0.00827533 -0.6720556 -0.7404544 0.008271038 -0.6557788 -0.7549077 0.009032428 -0.6720461 -0.7404543 -0.01298671 -0.9416409 -0.3363683 -0.003897964 -0.8928897 -0.4502585 0.009791254 -0.9415755 -0.3366597 0.009791254 -0.9415751 -0.3366611 0.01763683 -0.8927577 -0.4501918 0 -0.9109899 0.4124284 -0.007147252 -0.9397676 0.3417394 0.009953081 -0.9935797 0.1126964 0.009373545 -0.9991686 -0.03967821 0.009498953 -0.9935828 0.1127079 0.00859934 -0.9991745 -0.03970444 -0.02089214 -0.993364 0.1130988 0.01209682 -0.9415416 -0.3366794 0.7070063 0.7070063 0.0168578 0.7070063 0.7070063 0.0168578 0.2587814 0.9657888 0.0168578 0.2587828 0.9657884 0.01685804 -0.2587814 0.9657888 0.01685804 -0.2587824 0.9657886 0.01685786 -0.7070071 0.7070055 0.01685798 -0.7070071 0.7070055 0.01685798 -0.965788 0.2587847 0.01685804 -0.9657884 0.2587828 0.0168578 -0.9657879 -0.2587846 0.0168578 -0.9657886 -0.2587824 0.0168581 -0.7070063 -0.7070063 0.01685816 -0.7070063 -0.7070063 0.01685816 -0.2587846 -0.9657879 0.0168581 -0.2587824 -0.9657886 0.0168578 0.2587846 -0.9657879 0.0168578 0.2587828 -0.9657884 0.01685804 0.7070054 -0.7070071 0.01685798 0.7070055 -0.7070071 0.01685798 0.9657888 -0.2587814 0.01685786 0.9657886 -0.2587824 0.01685804 0.9657888 0.2587814 0.01685804 0.9657884 0.2587828 0.0168578 0.7070071 0.7070054 0.01685798 0.7070071 0.7070055 0.01685798 0.2587814 0.9657888 0.01685786 0.2587824 0.9657886 0.01685804 -0.2587814 0.9657888 0.01685804 -0.2587828 0.9657884 0.0168578 -0.7070063 0.7070063 0.0168578 -0.7070063 0.7070063 0.0168578 -0.9657888 0.2587814 0.0168578 -0.9657884 0.2587828 0.01685804 -0.9657888 -0.2587814 0.01685804 -0.9657886 -0.2587824 0.01685786 -0.7070055 -0.7070071 0.01685798 -0.7070055 -0.7070071 0.01685798 -0.2587847 -0.965788 0.01685804 -0.2587828 -0.9657884 0.0168578 0.2587846 -0.9657879 0.0168578 0.2587824 -0.9657886 0.0168581 0.7070063 -0.7070063 0.01685816 0.7070063 -0.7070063 0.01685816 0.9657879 -0.2587846 0.0168581 0.9657886 -0.2587824 0.0168578 0.9657879 0.2587846 0.0168578 0.9657884 0.2587828 0.01685804 0.7070063 0.7070063 0.01685816 0.7070063 0.7070063 0.01685816 0.2587846 0.9657879 0.0168581 0.2587824 0.9657886 0.0168578 -0.2587846 0.9657879 0.0168578 -0.2587828 0.9657884 0.01685804 -0.7070054 0.7070071 0.01685798 -0.7070055 0.7070071 0.01685798 -0.9657888 0.2587814 0.01685786 -0.9657886 0.2587824 0.01685804 -0.9657888 -0.2587814 0.01685804 -0.9657884 -0.2587828 0.0168578 -0.7070063 -0.7070063 0.0168578 -0.7070063 -0.7070063 0.0168578 -0.2587814 -0.9657888 0.0168578 -0.2587828 -0.9657884 0.01685804 0.2587814 -0.9657888 0.01685804 0.2587824 -0.9657886 0.01685786 0.7070071 -0.7070055 0.01685798 0.7070071 -0.7070055 0.01685798 0.965788 -0.2587847 0.01685804 0.9657884 -0.2587828 0.0168578 0.9657879 0.2587846 0.0168578 0.9657886 0.2587824 0.0168581 -0.8562958 -0.4018791 0.3244234 -0.8475483 -4.3082e-4 0.5307182 -0.9883404 0 0.1522604 -0.9804377 -3.62978e-4 0.1968297 -0.9369586 6.31166e-5 0.3494405 -0.8803592 -1.28159e-4 0.4743076 -0.5742974 1.40733e-5 0.8186467 -0.781908 -0.002145111 0.6233901 -0.3031481 0.007626712 0.9529129 -0.7268779 -4.23007e-4 0.6867665 -0.8472423 0.02605181 0.5305674 -0.08942568 0 0.9959935 -0.2582734 -0.001170516 0.9660711 -0.322775 -3.83944e-4 0.9464756 -0.5743691 1.40766e-5 0.8185964 -0.8423209 -0.1108943 0.5274448 -0.1108908 -0.8423029 0.5274742 -0.8423029 -0.1108908 0.5274742 -0.8423166 -0.110894 0.5274516 -0.7849136 -0.3251214 0.5274531 -0.7849141 -0.3251217 0.5274521 -0.6740226 -0.5171949 0.5274494 -0.6740257 -0.5171985 0.5274419 -0.5171979 -0.6740264 0.5274418 -0.5171958 -0.6740221 0.5274493 -0.3251215 -0.7849141 0.5274522 -0.3251214 -0.7849136 0.5274531 -0.110894 -0.8423167 0.5274516 -0.1108943 -0.8423209 0.5274448 -0.1280148 -0.9723708 0.1952102 -0.1280155 -0.972369 0.1952196 -0.3753209 -0.9061039 0.1952177 -0.3753208 -0.9061058 0.1952093 -0.5970506 -0.77809 0.1952095 -0.5970509 -0.7780914 0.1952028 -0.778091 -0.5970514 0.1952027 -0.7780902 -0.59705 0.1952096 -0.9061054 -0.3753216 0.1952095 -0.9061042 -0.3753201 0.1952177 -0.972369 -0.1280146 0.1952195 -0.9723708 -0.1280158 0.1952103 0.01871335 -0.8473816 0.5306547 0 -0.2154417 0.9765167 -0.001461565 -0.302524 0.9531406 -6.42621e-4 -0.5568197 0.8306332 -0.004416286 -0.8395783 0.5432206 -0.002374291 -0.7376175 0.6752147 -6.42625e-4 -0.5568025 0.8306447 0.006148993 -0.3433292 0.939195 -3.90298e-4 -0.764291 0.6448714 -3.94312e-4 -0.8385654 0.5448008 -4.15853e-4 -0.8475483 0.5307182 5.47637e-5 -0.9134621 0.4069238 0 -0.9804376 0.1968297 -9.46605e-4 -0.9939889 0.1094766 -8.57402e-5 -0.9628161 0.2701574 -0.4018791 0.8562958 0.3244234 -4.3082e-4 0.8475483 0.5307182 0 0.9883404 0.1522604 -3.62978e-4 0.9804377 0.1968297 6.31166e-5 0.9369586 0.3494405 -1.28159e-4 0.8803592 0.4743076 1.40733e-5 0.5742974 0.8186467 -0.002145111 0.781908 0.6233901 0.007626712 0.3031481 0.9529129 -4.23007e-4 0.7268779 0.6867665 0.02605181 0.8472423 0.5305674 0 0.08942568 0.9959935 -0.001170516 0.2582734 0.9660711 -3.83944e-4 0.322775 0.9464756 1.40766e-5 0.5743691 0.8185964 -0.1108943 0.8423209 0.5274448 -0.8423029 0.1108908 0.5274742 -0.1108908 0.8423029 0.5274742 -0.110894 0.8423166 0.5274516 -0.3251214 0.7849136 0.5274531 -0.3251217 0.7849141 0.5274521 -0.5171949 0.6740226 0.5274494 -0.5171985 0.6740257 0.5274419 -0.6740264 0.5171979 0.5274418 -0.6740221 0.5171958 0.5274493 -0.7849141 0.3251215 0.5274522 -0.7849136 0.3251214 0.5274531 -0.8423167 0.110894 0.5274516 -0.8423209 0.1108943 0.5274448 -0.9723708 0.1280148 0.1952102 -0.972369 0.1280155 0.1952196 -0.9061039 0.3753209 0.1952177 -0.9061058 0.3753208 0.1952093 -0.77809 0.5970506 0.1952095 -0.7780914 0.5970509 0.1952028 -0.5970514 0.778091 0.1952027 -0.59705 0.7780902 0.1952096 -0.3753216 0.9061054 0.1952095 -0.3753201 0.9061042 0.1952177 -0.1280146 0.972369 0.1952195 -0.1280158 0.9723708 0.1952103 -0.8473816 -0.01871335 0.5306547 -0.2154417 0 0.9765167 -0.302524 0.001461565 0.9531406 -0.5568197 6.42621e-4 0.8306332 -0.8395783 0.004416286 0.5432206 -0.7376175 0.002374291 0.6752147 -0.5568025 6.42625e-4 0.8306447 -0.3433292 -0.006148993 0.939195 -0.764291 3.90298e-4 0.6448714 -0.8385654 3.94312e-4 0.5448008 -0.8475483 4.15853e-4 0.5307182 -0.9134621 -5.47637e-5 0.4069238 -0.9804376 0 0.1968297 -0.9939889 9.46605e-4 0.1094766 -0.9628161 8.57402e-5 0.2701574 0.8562958 0.4018791 0.3244234 0.8475483 4.3082e-4 0.5307182 0.9883404 0 0.1522604 0.9804377 3.62978e-4 0.1968297 0.9369586 -6.31166e-5 0.3494405 0.8803592 1.28159e-4 0.4743076 0.5742974 -1.40733e-5 0.8186467 0.781908 0.002145111 0.6233901 0.3031481 -0.007626712 0.9529129 0.7268779 4.23007e-4 0.6867665 0.8472423 -0.02605181 0.5305674 0.08942568 0 0.9959935 0.2582734 0.001170516 0.9660711 0.322775 3.83944e-4 0.9464756 0.5743691 -1.40766e-5 0.8185964 0.8423209 0.1108943 0.5274448 0.1108908 0.8423029 0.5274742 0.8423029 0.1108908 0.5274742 0.8423166 0.110894 0.5274516 0.7849136 0.3251214 0.5274531 0.7849141 0.3251217 0.5274521 0.6740226 0.5171949 0.5274494 0.6740257 0.5171985 0.5274419 0.5171979 0.6740264 0.5274418 0.5171958 0.6740221 0.5274493 0.3251215 0.7849141 0.5274522 0.3251214 0.7849136 0.5274531 0.110894 0.8423167 0.5274516 0.1108943 0.8423209 0.5274448 0.1280148 0.9723708 0.1952102 0.1280155 0.972369 0.1952196 0.3753209 0.9061039 0.1952177 0.3753208 0.9061058 0.1952093 0.5970506 0.77809 0.1952095 0.5970509 0.7780914 0.1952028 0.778091 0.5970514 0.1952027 0.7780902 0.59705 0.1952096 0.9061054 0.3753216 0.1952095 0.9061042 0.3753201 0.1952177 0.972369 0.1280146 0.1952195 0.9723708 0.1280158 0.1952103 -0.01871335 0.8473816 0.5306547 0 0.2154417 0.9765167 0.001461565 0.302524 0.9531406 6.42621e-4 0.5568197 0.8306332 0.004416286 0.8395783 0.5432206 0.002374291 0.7376175 0.6752147 6.42625e-4 0.5568025 0.8306447 -0.006148993 0.3433292 0.939195 3.90298e-4 0.764291 0.6448714 3.94312e-4 0.8385654 0.5448008 4.15853e-4 0.8475483 0.5307182 -5.47637e-5 0.9134621 0.4069238 0 0.9804376 0.1968297 9.46605e-4 0.9939889 0.1094766 8.57402e-5 0.9628161 0.2701574 0.7070055 0.7070071 0.01685798 0.7070055 0.7070071 0.01685798 0.2587847 0.965788 0.01685804 0.2587828 0.9657884 0.0168578 -0.2587846 0.9657879 0.0168578 -0.2587824 0.9657886 0.0168581 -0.7070063 0.7070063 0.01685816 -0.7070063 0.7070063 0.01685816 -0.9657879 0.2587846 0.0168581 -0.9657886 0.2587824 0.0168578 -0.9657879 -0.2587846 0.0168578 -0.9657884 -0.2587828 0.01685804 -0.7070071 -0.7070054 0.01685798 -0.7070071 -0.7070055 0.01685798 -0.2587814 -0.9657888 0.01685786 -0.2587824 -0.9657886 0.01685804 0.2587814 -0.9657888 0.01685804 0.2587828 -0.9657884 0.0168578 0.7070063 -0.7070063 0.0168578 0.7070063 -0.7070063 0.0168578 0.9657888 -0.2587814 0.0168578 0.9657884 -0.2587828 0.01685804 0.9657888 0.2587814 0.01685804 0.9657886 0.2587824 0.01685786 0.4018791 -0.8562958 0.3244234 4.3082e-4 -0.8475483 0.5307182 0 -0.9883404 0.1522604 3.62978e-4 -0.9804377 0.1968297 -6.31166e-5 -0.9369586 0.3494405 1.28159e-4 -0.8803592 0.4743076 -1.40733e-5 -0.5742974 0.8186467 0.002145111 -0.781908 0.6233901 -0.007626712 -0.3031481 0.9529129 4.23007e-4 -0.7268779 0.6867665 -0.02605181 -0.8472423 0.5305674 0 -0.08942568 0.9959935 0.001170516 -0.2582734 0.9660711 3.83944e-4 -0.322775 0.9464756 -1.40766e-5 -0.5743691 0.8185964 0.1108943 -0.8423209 0.5274448 0.8423029 -0.1108908 0.5274742 0.1108908 -0.8423029 0.5274742 0.110894 -0.8423166 0.5274516 0.3251214 -0.7849136 0.5274531 0.3251217 -0.7849141 0.5274521 0.5171949 -0.6740226 0.5274494 0.5171985 -0.6740257 0.5274419 0.6740264 -0.5171979 0.5274418 0.6740221 -0.5171958 0.5274493 0.7849141 -0.3251215 0.5274522 0.7849136 -0.3251214 0.5274531 0.8423167 -0.110894 0.5274516 0.8423209 -0.1108943 0.5274448 0.9723708 -0.1280148 0.1952102 0.972369 -0.1280155 0.1952196 0.9061039 -0.3753209 0.1952177 0.9061058 -0.3753208 0.1952093 0.77809 -0.5970506 0.1952095 0.7780914 -0.5970509 0.1952028 0.5970514 -0.778091 0.1952027 0.59705 -0.7780902 0.1952096 0.3753216 -0.9061054 0.1952095 0.3753201 -0.9061042 0.1952177 0.1280146 -0.972369 0.1952195 0.1280158 -0.9723708 0.1952103 0.8473816 0.01871335 0.5306547 0.2154417 0 0.9765167 0.302524 -0.001461565 0.9531406 0.5568197 -6.42621e-4 0.8306332 0.8395783 -0.004416286 0.5432206 0.7376175 -0.002374291 0.6752147 0.5568025 -6.42625e-4 0.8306447 0.3433292 0.006148993 0.939195 0.764291 -3.90298e-4 0.6448714 0.8385654 -3.94312e-4 0.5448008 0.8475483 -4.15853e-4 0.5307182 0.9134621 5.47637e-5 0.4069238 0.9804376 0 0.1968297 0.9939889 -9.46605e-4 0.1094766 0.9628161 -8.57402e-5 0.2701574 -0.1768207 -0.9838421 0.02809226 0.9886497 0.1475892 0.02809011 0.5083311 -0.8607035 0.02809286 -0.8083908 0.5800401 0.1002882 -0.9892106 -0.0881862 0.1169853 -0.2332732 0.9653486 0.1169862 0.9580119 0.2617776 0.1169857 -0.2918974 -0.9558809 0.03297901 -0.6064696 -0.7944225 0.03297907 -0.7761013 -0.6297453 0.03297924 -0.9468111 -0.3200955 0.03297936 -0.9780241 -0.205867 0.03297954 -0.8752577 0.4825312 0.03297907 -0.5583427 0.8289546 0.03297948 0.5583413 0.8289556 0.03297919 0.8752585 0.4825295 0.03297954 0.9261857 0.3756228 0.0329796 0.9993445 -0.01480782 0.03303343 0.9468103 -0.3200982 0.03297919 0.7761084 -0.6297366 0.03297919 0.4029043 -0.9146478 0.03297901 0.05920803 -0.9977008 0.03297984 0.6430656 0.7461916 0.1722348 0.7268059 0.6648952 0.1722425 0.7996945 0.5382176 0.2661023 0.7363291 0.6181156 0.2752317 0.7345635 0.647039 0.2043453 0.5069915 0.7770863 0.3729565 0.5207195 0.8042592 0.2863885 -0.7268077 0.6648952 0.1722347 -0.6430655 0.7461905 0.1722399 -0.5221288 0.8093635 0.2689092 -0.60734 0.74358 0.2796905 -0.7537568 0.5461556 0.365465 -0.7537569 0.5461558 0.3654646 -0.8173775 -0.5082623 0.2712262 -0.7510978 -0.5958163 0.2843499 -0.6889693 -0.6965936 0.2001966 0.6589539 -0.72622 0.1959196 0.6869326 -0.6989413 0.1990092 0.7836825 -0.4945465 0.3758531 0.8124021 -0.5064754 0.2889388 0.835341 -0.4945541 0.2400454 0.8367685 -0.5043778 0.213123 0.8378484 -0.5100703 0.1945205 0.8385727 -0.5135507 0.1818287 0.8396776 -0.5184414 0.1617408 0.8415067 -0.5252013 0.1266106 0.8037115 -0.4838326 0.3463434 0.7311705 -0.5690066 0.3763259 0.7429719 -0.5638904 0.3605833 0.7510601 -0.5919942 0.2923213 0.75106 -0.5919942 0.2923213 0.7370471 -0.5931252 0.3239816 0.6976775 -0.7020108 0.1429229 0.6673486 -0.7354736 0.1171509 0.7111802 -0.6853473 0.1565942 0.6999377 -0.6991353 0.1459349 0.705195 -0.699079 0.1182736 0.700577 -0.7030335 0.122212 0.6970486 -0.7060731 0.1248353 0.7189073 -0.6722629 0.1767343 0.7176762 -0.6702829 0.1888431 0.7176785 -0.6702851 0.1888264 0.6397793 -0.7069047 0.3016092 0.6224463 -0.7333533 0.2734112 0.6302585 -0.7424564 0.2270079 0.7012711 -0.6723095 0.2371053 0.6660924 -0.713365 0.2177875 0.5838491 -0.7325813 0.3499214 0.5649355 -0.7585049 0.3248357 0.5578967 -0.7490695 0.3572761 0.5541244 -0.7411272 0.379047 0.5442379 -0.7514855 0.372927 0.5294579 -0.7628203 0.3711867 0.5370864 -0.7752311 0.3324983 0.4968307 -0.8040235 0.3266582 0.5822627 -0.7710678 0.2577298 0.5500953 -0.8157582 0.1787003 0.5412101 -0.820773 0.1828203 0.5304233 -0.8271717 0.1855754 0.5098582 -0.8394662 0.1879925 0.4571686 -0.8687923 0.1902547 -0.4469816 -0.886848 0.1170817 -0.3454884 -0.9276608 0.1417152 0.5822632 -0.7710685 0.2577266 0.6861406 -0.7067835 0.1722443 0.6861417 -0.706784 0.1722382 0.6861406 -0.7067846 0.1722404 0.597731 -0.7829756 0.1722408 0.6133168 -0.7885845 0.04446375 0.5594742 -0.8115113 0.1686356 0.8107358 -0.5632178 0.159666 0.8036351 -0.5695658 0.1725262 0.7649195 -0.6206715 0.1722353 0.7649188 -0.6206713 0.1722391 0.7649163 -0.6206731 0.172244 -0.5899231 -0.760117 0.2724204 -0.5899231 -0.7601171 0.2724204 -0.2148303 -0.958321 0.1883314 -0.494781 -0.8482284 0.1889451 -0.5216336 -0.832468 0.1868031 -0.5387773 -0.8221257 0.1839247 -0.5494161 -0.8161444 0.1790261 -0.556688 -0.8127315 0.1719477 -0.55368 -0.7492414 0.3634224 -0.5559849 -0.7391612 0.38016 -0.552629 -0.7428321 0.3778911 -0.5262334 -0.7650406 0.3712027 -0.5333299 -0.7623978 0.3664817 -0.5333312 -0.7623997 0.3664759 -0.55368 -0.7492414 0.3634225 -0.5796232 -0.7474812 0.3245132 -0.5802122 -0.7455462 0.3278943 -0.5964831 -0.7481713 0.2905985 -0.5964831 -0.7481713 0.2905985 -0.6820873 -0.6952877 0.226566 -0.6669068 -0.7126929 0.2174953 -0.6995314 -0.7039295 0.1230413 -0.6959311 -0.7070471 0.1255561 -0.6987146 -0.7006369 0.1445887 -0.6976766 -0.7020134 0.1429142 -0.6993311 -0.699895 0.1452002 -0.7024599 -0.6961005 0.1483045 -0.6685898 -0.7343463 0.1171457 -0.6587619 -0.7260844 0.1970642 -0.658764 -0.7260869 0.1970474 -0.6889752 -0.6965877 0.2001966 -0.7177637 -0.670558 0.1875295 -0.7256949 -0.677964 0.1171824 -0.6648432 -0.7341456 0.1378902 -0.6883581 -0.7136433 0.1299096 -0.7630238 -0.6052874 0.2267638 -0.7473621 -0.5511646 0.3710356 -0.7337574 -0.5661951 0.3755304 -0.741919 -0.5693642 0.3540913 -0.7502409 -0.5757654 0.3250118 -0.7221826 -0.5993647 0.3452744 -0.7409889 -0.5913596 0.3181655 -0.7957268 -0.5009207 0.3404369 -0.8161193 -0.5581765 0.1496268 -0.8431359 -0.5322703 0.07622575 -0.8416359 -0.5258541 0.1229897 -0.8400501 -0.5195973 0.1559951 -0.8390254 -0.5155798 0.1738211 -0.8381671 -0.5116751 0.1888507 -0.8374255 -0.5078185 0.2020859 -0.7649191 -0.6206712 0.1722387 -0.7649194 -0.6206718 0.1722354 -0.8036351 -0.5695658 0.1725262 -0.60474 -0.7775566 0.1723232 -0.6861406 -0.7067846 0.1722404 -0.6861413 -0.7067842 0.172239 -0.686141 -0.7067832 0.1722443 -0.7649163 -0.6206731 0.172244 -0.7940813 0.5378096 0.2831882 -0.8318149 0.5032073 0.2342356 -0.8342348 0.4965474 0.2397768 -0.8279067 0.518494 0.2138558 -0.8254782 0.5274831 0.2008664 -0.8243159 0.5321151 0.1932793 -0.8230731 0.5377249 0.1827644 -0.82221 0.5440899 0.1671434 -0.7871924 0.5229986 0.3268038 -0.7977693 0.4951813 0.3440344 -0.7940815 0.5378096 0.2831882 -0.7738724 0.4970698 0.3924834 -0.7701621 0.5196329 0.369908 -0.7701641 0.5196343 0.3699021 -0.7390319 0.6103316 0.2851793 -0.7390319 0.6103315 0.2851793 -0.7344219 0.6468787 0.2053586 -0.7344247 0.6468812 0.2053417 -0.7146427 0.6906251 0.1110081 -0.7286505 0.6757119 0.1117233 -0.7073925 0.6982362 0.1098282 -0.7003454 0.7056249 0.1077485 -0.7324134 0.6700248 0.1209853 -0.7072846 0.6877994 0.1633412 -0.7091357 0.6865391 0.1605947 -0.7286367 0.6757267 0.1117233 -0.6480194 0.7519387 0.1210749 -0.6769432 0.7129661 0.1828312 -0.6453573 0.7548655 0.1170123 -0.6349515 0.7426929 0.2127063 -0.6160962 0.7542831 0.2268977 -0.6468375 0.7159029 0.2628387 -0.6358001 0.7354562 0.2342272 -0.5499913 0.7480682 0.3713538 -0.5786461 0.7259116 0.3717809 -0.5802304 0.7349455 0.3509811 -0.5860009 0.7422247 0.3251238 -0.6180684 0.7090796 0.3394076 -0.6037317 0.7326914 0.3141199 -0.513132 0.7890218 0.3378463 -0.5814154 0.7951104 0.1724984 -0.5585348 0.829239 -0.02004051 -0.5558305 0.8252241 0.1002879 -0.5499296 0.8326448 0.06542241 -0.5358173 0.8317345 0.1453188 -0.5298991 0.8311148 0.1686864 -0.525938 0.8308196 0.1820112 -0.5219254 0.8307077 0.1936976 -0.5178011 0.830729 0.2043805 -0.8218007 0.5518352 0.1418505 -0.8211286 0.5637894 0.08882266 -0.8120837 0.5826899 -0.03150421 -0.7864171 0.5931404 0.1724317 -0.7268059 0.6648952 0.1722425 0.513988 0.8307705 0.2136275 0.5016103 0.8313991 0.2390872 0.5202296 0.8307037 0.1982235 0.5238712 0.8307503 0.1881831 0.5287782 0.8309512 0.1729558 0.5352101 0.8316896 0.1477922 0.5443105 0.8328372 0.10054 0.5588154 0.8289517 -0.02375489 0.4924989 0.79919 0.344587 0.4906443 0.7771793 0.3940311 0.5714902 0.7381971 0.3584187 0.6023588 0.7443361 0.2883187 0.6023588 0.7443361 0.2883187 0.6069211 0.7276449 0.3196558 0.6348136 0.7425552 0.2135966 0.6348161 0.742558 0.2135794 0.7452362 0.6564389 0.1170938 0.7004317 0.6929897 0.1707647 0.7089084 0.6866966 0.1609242 0.6979307 0.7081434 0.106891 0.7053548 0.7003774 0.1092975 0.6737231 0.7178291 0.175552 0.6487355 0.7527697 0.1117147 0.725745 0.6788211 0.111786 0.7123888 0.6929898 0.1107579 0.7459076 0.6261789 0.2269843 0.6997758 0.6679793 0.2532147 0.7255319 0.6497505 0.2267767 0.714133 0.5966199 0.3661404 0.7321006 0.5845776 0.3497111 0.738927 0.5901373 0.3251537 0.6872046 0.6473963 0.3295875 0.7235152 0.6169589 0.3096574 0.7569113 0.53493 0.3754133 0.7821657 0.5252278 0.3351907 0.7864171 0.5931404 0.1724317 0.8120837 0.5826899 -0.03150421 0.8083909 0.5800402 0.1002876 0.821448 0.5562488 0.1257392 0.8221251 0.5446444 0.1657493 0.8229309 0.5389011 0.1799175 0.8237507 0.5345656 0.1888767 0.824904 0.5296939 0.1973776 0.8263797 0.5241467 0.2058323 0.6430655 0.7461905 0.1722399 0.1767941 -0.9836952 0.03297919 0.5082542 -0.8605754 0.0329793 0.6904594 -0.7112324 0.1319624 0.6961721 -0.717117 0.03297924 0.6961722 -0.717117 0.03297907 0.7761013 -0.6297453 0.03297924 0.8451358 -0.5335335 0.03297924 0.9023069 -0.429831 0.03297919 0.9780244 -0.205866 0.03297936 0.9468111 -0.3200955 0.03297936 0.9780241 -0.205867 0.03297954 0.9641108 0.2634441 0.0329796 0.9641107 0.2634442 0.03297954 0.988502 0.1475666 0.03297954 0.812045 0.5826622 0.03297907 0.7083034 0.6871141 0.161804 0.7322832 0.6699058 0.1224229 0.7374319 0.6746159 0.03297954 0.6524669 0.7570993 0.03297919 0.6524673 0.757099 0.03297966 0.7374317 0.6746161 0.03297966 0.4563809 0.8891731 0.03297948 0.5583427 0.8289546 0.03297948 0.4563808 0.8891732 0.03297972 0.3480128 0.9369095 0.03297972 0.2347589 0.971494 0.03297895 0.1182066 0.9924412 0.0329793 -0.3480128 0.9369096 0.03297883 -0.2347543 0.9714952 0.03297883 -0.2347583 0.9714941 0.03297942 -0.2347589 0.971494 0.03297895 -0.1182087 0.992441 0.03297895 -0.6524673 0.757099 0.03297919 -0.6524668 0.7570993 0.03297972 -0.7374317 0.6746161 0.03297966 -0.7374319 0.6746159 0.03297954 -0.7374317 0.6746162 0.0329793 -0.9261856 0.375623 0.03297954 -0.8752585 0.4825295 0.03297954 -0.9261857 0.3756228 0.0329796 -0.9885022 0.1475664 0.03297883 -0.9955081 -0.08874762 0.03297954 -0.995508 -0.08874809 0.03297913 -0.9990171 0.02961856 0.03297913 -0.9023069 -0.429831 0.03297919 -0.6906112 -0.7113887 0.130316 -0.6961721 -0.717117 0.03297913 -0.6961722 -0.717117 0.03297924 -0.5082542 -0.8605754 0.03297924 -0.1767941 -0.9836952 0.03297901 0.05920714 -0.9977008 0.03297924 0.05920845 -0.9977008 0.03297948 0.05883389 -0.9913893 0.1169857 0.05883347 -0.9913895 0.1169852 0.05769878 -0.9722691 0.2266357 0.761023 -0.61751 0.19881 0.771192 -0.6257613 0.1169858 0.7205703 -0.6834102 0.11717 0.6899362 -0.7122586 0.1291347 0.9261856 0.375623 0.03297954 0.9261856 0.3756229 0.03297948 0.9203267 0.3732468 0.1169851 0.9203265 0.3732472 0.1169857 0.9025766 0.3660485 0.2266361 -0.4563808 0.8891732 0.03297972 -0.3480119 0.9369099 0.03297972 -0.3458104 0.9309831 0.1169853 -0.345811 0.9309828 0.1169862 -0.3391415 0.9130275 0.2266358 -0.9780244 -0.205866 0.03297936 -0.9780242 -0.2058665 0.03297972 -0.9718374 -0.2045642 0.1169857 -0.9718375 -0.2045639 0.1169853 -0.9530941 -0.2006186 0.2266359 -0.7761084 -0.6297366 0.03297919 -0.7761014 -0.6297452 0.03297936 -0.7711918 -0.6257616 0.1169858 -0.771192 -0.6257614 0.1169854 -0.7585147 -0.6154748 0.2141175 -0.7282629 -0.6297356 0.2703079 0.2918986 -0.9558805 0.03297901 0.1767943 -0.9836952 0.03297901 0.1756759 -0.9774724 0.1169864 0.1756755 -0.9774725 0.1169858 0.1722874 -0.9586207 0.2266348 0.172288 -0.9586204 0.2266357 0.1673092 -0.9309182 0.324652 0.6064696 -0.7944225 0.03297907 0.6064702 -0.794422 0.03297942 0.6026337 -0.7893966 0.1169857 0.6026337 -0.7893967 0.1169856 0.5910109 -0.774172 0.2266357 0.5910109 -0.7741721 0.2266356 0.5786563 -0.7579887 0.301015 0.5791851 -0.7488939 0.3220286 0.8752577 0.4825312 0.03297907 0.8752583 0.4825301 0.03297895 0.8697214 0.4794776 0.1169866 0.8697221 0.4794768 0.1169852 0.8529483 0.4702295 0.2266351 0.8529477 0.4702299 0.226636 0.8282994 0.4566413 0.3246518 -0.4563809 0.8891731 0.03297948 -0.4563811 0.889173 0.0329796 -0.4534941 0.8835482 0.1169855 -0.453494 0.8835483 0.1169853 -0.4447476 0.8665077 0.2266362 -0.4447473 0.8665079 0.2266358 -0.4318951 0.8414677 0.3246516 -0.9468103 -0.3200982 0.03297919 -0.9468109 -0.320096 0.03297889 -0.9408214 -0.3180711 0.1169863 -0.9408216 -0.3180707 0.1169857 -0.9226766 -0.3119363 0.2266358 -0.9226765 -0.3119363 0.2266359 -0.8960133 -0.3029221 0.3246511 -0.6064705 -0.7944217 0.03297924 -0.6064702 -0.794422 0.03297942 -0.6026337 -0.7893966 0.1169856 -0.6026336 -0.7893967 0.1169857 -0.591011 -0.7741721 0.2266356 -0.5910109 -0.7741721 0.2266357 -0.5795962 -0.7592198 0.2960633 -0.6751267 -0.6757711 0.2958672 0.2918974 -0.9558809 0.03297901 0.2918978 -0.9558808 0.03297924 0.2900513 -0.9498339 0.1169857 0.2900518 -0.9498338 0.1169864 0.2844578 -0.931515 0.2266356 0.2844572 -0.9315153 0.2266348 0.2762369 -0.9045963 0.3246515 0.2762373 -0.904596 0.324652 0.271254 -0.8882768 0.3706557 0.7997931 -0.5049083 0.3246515 0.7365494 -0.5933447 0.3247106 0.742972 -0.5638905 0.3605833 0.7675779 0.5159695 0.3802626 0.7706654 0.5180445 0.371086 0.8133569 0.4484027 0.3706556 0.8282999 0.4566408 0.3246511 0.8764944 0.3554705 0.3246511 0.9025767 0.3660483 0.2266359 0.9395353 0.2567288 0.2266359 0.9580119 0.2617776 0.1169856 0.9822492 0.1466322 0.1169856 0.9885022 0.1475657 0.03297936 0.9885022 0.1475664 0.03297883 0.7374316 0.6746162 0.0329793 0.8120452 0.5826619 0.03297936 0.8069084 0.5789761 0.1169853 0.8069077 0.5789768 0.1169866 0.7913453 0.5678104 0.2266361 0.791346 0.56781 0.2266351 0.7684776 0.5514013 0.3246515 0.7684774 0.5514016 0.3246518 0.7562024 0.542594 0.3657181 0.7482354 0.5421146 0.3824338 0.528387 0.7844798 0.3246515 0.6098689 0.7228791 0.3248165 0.5714903 0.7381972 0.3584187 -0.5038073 0.7741402 0.3832558 -0.5065476 0.7783516 0.3709155 -0.4241038 0.8262872 0.3706554 -0.4318954 0.8414676 0.324652 -0.329341 0.8866429 0.3246519 -0.3391415 0.9130275 0.2266358 -0.2287742 0.9467306 0.2266358 -0.2332732 0.9653486 0.1169862 -0.1174607 0.9861629 0.1169862 -0.1182085 0.992441 0.03297877 -0.1182066 0.9924412 0.0329793 -0.5583413 0.8289556 0.03297919 -0.5583429 0.8289545 0.03297924 -0.5548108 0.8237106 0.1169861 -0.5548106 0.8237109 0.1169855 -0.5441102 0.8078243 0.2266358 -0.5441105 0.8078241 0.2266362 -0.528387 0.7844799 0.3246515 -0.528387 0.7844798 0.3246516 -0.5188072 0.7702569 0.3708683 -0.5245688 0.7627991 0.3781074 -0.7156419 0.6238372 0.3141398 -0.696584 0.63984 0.3246161 -0.7684774 0.5514016 0.3246515 -0.7563114 0.5426722 0.3653765 -0.7558326 0.5426462 0.3664044 -0.8451358 -0.5335335 0.03297924 -0.9023069 -0.429831 0.03297919 -0.8965989 -0.4271119 0.1169862 -0.8965989 -0.4271119 0.1169863 -0.8793068 -0.4188745 0.2266355 -0.8793067 -0.4188747 0.2266358 -0.8538966 -0.4067701 0.3246517 -0.853897 -0.4067696 0.3246511 -0.8384922 -0.3994314 0.3706554 -0.8451364 -0.5335325 0.03297924 -0.8451361 -0.5335329 0.03297954 -0.8397899 -0.5301579 0.1169854 -0.8397895 -0.5301583 0.1169862 -0.823593 -0.5199334 0.226636 -0.8235933 -0.5199331 0.2266355 -0.7997932 -0.5049082 0.3246515 -0.7997931 -0.5049083 0.3246517 -0.7854027 -0.4958237 0.3705422 -0.7852342 -0.4960096 0.3706503 -0.7805079 -0.4916033 0.3861783 -0.7805168 -0.4916089 0.3861533 0.4029075 -0.9146463 0.0329793 0.4029043 -0.9146477 0.03297895 0.4003556 -0.9088617 0.1169862 0.4003553 -0.9088619 0.1169857 0.3926339 -0.8913331 0.2266359 0.3926337 -0.8913334 0.2266356 0.3812875 -0.8655757 0.3246514 0.3812876 -0.8655756 0.3246515 0.374409 -0.8499602 0.3706556 0.3744092 -0.84996 0.3706558 0.3810493 -0.8650341 0.3263702 0.7996938 0.5382171 0.2661055 0.7947072 0.5114637 0.3268719 0.8277814 0.4563556 0.3263702 0.8133565 0.4484031 0.3706558 0.8606816 0.3490578 0.3706558 0.8764942 0.3554707 0.3246515 0.9123849 0.2493097 0.3246514 0.9395354 0.2567287 0.2266358 0.9633051 0.1438043 0.2266357 0.9822491 0.1466323 0.1169857 0.9926975 0.02943003 0.1169857 0.9990171 0.02961736 0.03297883 0.9988393 0.04443329 0.01859694 -0.5221284 0.8093627 0.2689125 -0.5034267 0.7998656 0.3267669 -0.4316251 0.8409411 0.3263707 -0.4241038 0.8262872 0.3706554 -0.3233989 0.8706479 0.3706554 -0.3293404 0.8866434 0.3246511 -0.2221626 0.9193723 0.3246511 -0.2287737 0.9467307 0.226635 -0.1151957 0.9671434 0.226635 -0.1174611 0.9861628 0.1169866 0 0.9931335 0.1169866 0 0.9994561 0.0329793 0 0.9994561 0.0329793 -0.8173766 -0.5082617 0.2712295 -0.8063631 -0.4930708 0.3265881 -0.8533623 -0.4065158 0.3263705 -0.8384918 -0.399432 0.3706557 -0.8798485 -0.2974574 0.3706557 -0.8960131 -0.3029223 0.3246514 -0.9255518 -0.194821 0.3246514 -0.9530941 -0.2006185 0.2266357 -0.9701322 -0.08648538 0.2266357 -0.9892106 -0.08818614 0.1169852 -0.9926975 0.02943003 0.1169852 -0.9990171 0.02961736 0.03297936 -0.9990171 0.02961665 0.03297883 -0.4029075 -0.9146463 0.0329793 -0.5082542 -0.8605754 0.0329793 -0.505039 -0.8551315 0.1169862 -0.5050395 -0.8551313 0.1169855 -0.4952991 -0.8386389 0.2266359 -0.4952992 -0.8386387 0.2266356 -0.4809862 -0.814404 0.3246514 -0.4809859 -0.814404 0.3246517 -0.4723087 -0.7997118 0.3706556 -0.4723086 -0.7997118 0.3706557 -0.4806849 -0.8138946 0.3263702 0.6064705 -0.7944217 0.03297924 0.5082542 -0.8605754 0.03297924 0.5050391 -0.8551315 0.1169856 0.5050395 -0.8551312 0.1169862 0.4952991 -0.8386389 0.2266356 0.4952992 -0.8386387 0.2266358 0.4809861 -0.8144039 0.3246517 0.4809859 -0.814404 0.3246514 0.4723087 -0.7997118 0.3706557 0.4723085 -0.7997119 0.3706556 0.4806849 -0.8138946 0.3263702 0.4806849 -0.8138947 0.3263702 0.4944264 -0.8371617 0.2338865 0.8287448 0.5158072 0.2170827 0.8329578 0.5013181 0.2342255 0.8514453 0.4694015 0.2338869 0.8277813 0.4563556 0.3263702 0.8759461 0.3552478 0.3263703 0.860682 0.3490573 0.3706556 0.8959249 0.244812 0.3706556 0.9123849 0.2493097 0.3246514 0.9354677 0.1396486 0.3246514 0.963305 0.1438043 0.2266356 0.9735519 0.02886205 0.2266356 0.9926975 0.02942967 0.1169852 0.9892106 -0.0881862 0.1169853 0.9955081 -0.08874762 0.03297913 0.995508 -0.08874809 0.03297954 -0.5123209 0.8308957 0.2171166 -0.5039947 0.8313309 0.2342613 -0.4439638 0.8649814 0.2338871 -0.4316249 0.8409414 0.3263703 -0.329135 0.8860884 0.3263703 -0.3233996 0.8706476 0.3706557 -0.218155 0.9027861 0.3706557 -0.222163 0.9193721 0.3246516 -0.111867 0.9391949 0.3246516 -0.1151959 0.9671434 0.2266352 0 0.9739797 0.2266352 0 0.9931334 0.1169866 0.1174607 0.9861628 0.1169866 0.1182085 0.992441 0.03297883 0.1182087 0.992441 0.03297895 -0.8365976 -0.5029246 0.2171895 -0.8357128 -0.4967429 0.2341592 -0.8777576 -0.418137 0.2338868 -0.8533623 -0.4065158 0.3263704 -0.8954527 -0.3027324 0.3263705 -0.8798487 -0.297457 0.3706555 -0.9088543 -0.1913069 0.3706555 -0.9255515 -0.1948215 0.324652 -0.9420974 -0.08398622 0.324652 -0.9701322 -0.08648544 0.2266358 -0.9735519 0.02886205 0.2266358 -0.9926974 0.02942967 0.1169857 -0.9822492 0.1466322 0.1169857 -0.9885022 0.1475657 0.03297936 -0.988502 0.1475666 0.03297954 -0.4029043 -0.9146478 0.03297901 -0.4029043 -0.9146477 0.03297895 -0.4003556 -0.9088618 0.1169857 -0.4003553 -0.9088618 0.1169862 -0.3926339 -0.8913332 0.2266356 -0.3926336 -0.8913332 0.2266359 -0.3812875 -0.8655757 0.3246515 -0.3812876 -0.8655756 0.3246514 -0.374409 -0.8499602 0.3706558 -0.3744093 -0.84996 0.3706557 -0.3810493 -0.865034 0.3263704 -0.3810495 -0.865034 0.3263702 -0.3919427 -0.8897629 0.2338863 -0.9009869 0.3654034 0.2338867 -0.2918986 -0.9558805 0.03297901 -0.2918978 -0.9558808 0.03297924 -0.2900513 -0.9498339 0.1169864 -0.2900518 -0.9498339 0.1169857 -0.2844578 -0.9315152 0.2266348 -0.2844572 -0.9315152 0.2266356 -0.2762369 -0.9045962 0.3246521 -0.2762374 -0.9045962 0.3246515 -0.271254 -0.8882769 0.3706555 -0.2712535 -0.8882769 0.3706557 -0.2760641 -0.9040304 0.3263705 -0.2760642 -0.9040304 0.3263704 -0.2839561 -0.9298741 0.2338869 -0.2839565 -0.9298741 0.2338863 -0.2905846 -0.9515792 0.1002874 0.05894148 -0.9932112 0.100287 0.05894249 -0.9932109 0.1002892 0.05759799 -0.970556 0.2338875 0.05759733 -0.9705564 0.2338864 0.05599653 -0.943582 0.3263698 0.2905843 -0.9515793 0.1002873 0.6037406 -0.7908475 0.1002871 0.6930392 -0.7138902 0.1002871 0.6930394 -0.7138898 0.100288 0.7726091 -0.6269111 0.1002879 0.7726091 -0.6269111 0.100288 0.8982462 -0.4278972 0.1002882 0.7359565 -0.5639241 0.3746434 0.7724341 -0.5155309 0.3709092 0.7854024 -0.4958235 0.370543 0.7852352 -0.4960079 0.3706504 0.8384919 -0.3994321 0.3706554 0.8533623 -0.4065158 0.3263704 0.8954527 -0.3027324 0.3263705 0.921051 -0.3113865 0.2338876 0.951415 -0.200265 0.2338876 0.9736231 -0.2049396 0.100289 0.9910281 -0.08834809 0.1002889 0.9023069 -0.429831 0.03297913 0.8965989 -0.4271119 0.1169864 0.9408215 -0.3180707 0.1169863 0.9226766 -0.3119363 0.2266359 0.9530941 -0.2006185 0.2266359 0.9255517 -0.194821 0.324652 0.9420974 -0.08398586 0.324652 0.9251016 -0.08247071 0.3706556 0.9283625 0.02752256 0.3706556 0.9448269 0.02801066 0.3263706 0.9348822 0.1395617 0.3263705 0.9616081 0.1435514 0.2338868 0.9378802 0.2562764 0.2338868 0.9597722 0.2622585 0.1002879 0.9220176 0.3739328 0.1002879 0.649531 0.7536922 0.1002873 0.6430657 0.7461905 0.1722387 0.6495307 0.7536923 0.100288 0.5558304 0.8252241 0.1002879 0.5207195 0.8042592 0.2863886 0.5048967 0.8307842 0.2342584 0.443964 0.8649813 0.2338871 0.4543272 0.8851719 0.1002873 0.3464464 0.9326936 0.1002872 0.6361199 0.7351967 0.2341738 0.6333209 0.7399471 0.2266778 0.5441105 0.8078243 0.2266358 0.528387 0.7844799 0.3246516 0.4318954 0.8414676 0.3246517 0.4241038 0.8262872 0.3706554 0.3233996 0.8706476 0.3706555 0.3291349 0.8860883 0.3263706 0.222024 0.9187968 0.3263707 0.2283712 0.9450629 0.2338865 0.1149928 0.9654397 0.2338865 0.117677 0.987975 0.1002877 0 0.9949585 0.1002877 0.4563811 0.889173 0.0329796 0.4534941 0.8835483 0.1169853 0.345811 0.930983 0.1169853 0.3391415 0.9130275 0.2266358 0.2287736 0.9467307 0.2266358 0.2221626 0.9193722 0.3246516 0.1118671 0.9391949 0.3246515 0.109849 0.9222514 0.3706554 0 0.9287704 0.3706555 0 0.9452418 0.3263708 -0.1117967 0.9386072 0.3263707 -0.1149926 0.9654397 0.2338865 -0.2283712 0.9450628 0.2338865 -0.2337018 0.9671224 0.1002881 -0.3464464 0.9326935 0.1002881 0.3480119 0.9369099 0.03297883 0.3458104 0.9309831 0.1169862 0.2332732 0.9653486 0.1169862 0.2287743 0.9467307 0.226635 0.1151959 0.9671435 0.226635 0.1118669 0.9391949 0.3246518 0 0.9458336 0.3246518 0 0.9287704 0.3706555 -0.1098484 0.9222515 0.3706555 -0.1117965 0.9386074 0.3263706 -0.222024 0.9187968 0.3263705 -0.2283712 0.9450629 0.2338865 -0.3385437 0.9114193 0.2338865 -0.346446 0.9326937 0.1002873 -0.454327 0.885172 0.1002873 -0.7341135 0.6715802 0.1002873 -0.9597723 0.2622584 0.1002879 -0.9220178 0.3739327 0.1002879 -0.9220177 0.3739329 0.1002874 -0.7076073 0.6876794 0.1624467 -0.7444469 0.6573349 0.117088 -0.8069078 0.5789769 0.1169853 -0.7913455 0.5678105 0.226635 -0.852948 0.4702301 0.2266351 -0.8282996 0.4566414 0.3246511 -0.8764942 0.3554708 0.3246511 -0.8606817 0.3490579 0.3706555 -0.895925 0.244812 0.3706556 -0.911814 0.2491537 0.3263705 -0.9348822 0.1395617 0.3263705 -0.9616079 0.1435514 0.2338871 -0.9718368 0.02881133 0.2338871 -0.9945215 0.02948385 0.1002879 -0.9910282 -0.08834809 0.1002879 -0.8752583 0.4825301 0.03297895 -0.8697215 0.4794777 0.1169852 -0.9203266 0.3732472 0.1169852 -0.9025766 0.3660485 0.2266359 -0.9395353 0.2567287 0.2266359 -0.9123849 0.2493097 0.3246513 -0.9354676 0.1396492 0.3246514 -0.9185913 0.1371299 0.3706555 -0.9283626 0.02752256 0.3706555 -0.9448267 0.02801066 0.3263707 -0.941508 -0.08393353 0.3263707 -0.9684234 -0.08633297 0.2338861 -0.9514154 -0.2002651 0.2338861 -0.9736232 -0.2049397 0.1002876 -0.9425504 -0.3186552 0.1002876 -0.841333 -0.5311321 0.1002881 -0.7726091 -0.6269111 0.100288 -0.7726091 -0.6269111 0.1002879 -0.6930391 -0.7138901 0.100288 -0.6930395 -0.7138899 0.1002871 -0.5059673 -0.8567026 0.1002885 0.05921691 -0.9978497 0.02809309 0.05921673 -0.9978498 0.02809393 -0.05921685 -0.9978497 0.02809393 0.05921727 -0.9978498 0.0280922 0.1768209 -0.983842 0.02809226 0.1759989 -0.9792683 0.1002891 0.1759981 -0.9792687 0.1002873 0.1719837 -0.956932 0.2338864 0.1768207 -0.9838421 0.02809369 0.2919402 -0.9560239 0.02809363 0.2919415 -0.9560235 0.02809447 0.2919414 -0.9560235 0.028095 0.4029646 -0.9147843 0.02809488 0.0550211 -0.9271392 0.3706558 0.05599689 -0.9435819 0.3263702 0.167204 -0.9303361 0.3263702 0.1719839 -0.9569318 0.2338869 0.2839565 -0.929874 0.2338869 0.2905846 -0.9515792 0.1002879 0.401091 -0.9105319 0.1002879 0.4029642 -0.9147844 0.02809357 0.4029648 -0.9147842 0.02809154 0.0560317 -0.9441725 0.3246518 0.05502086 -0.9271392 0.3706557 0.1642906 -0.9141242 0.3706557 0.1672042 -0.930336 0.3263705 0.2760642 -0.9040303 0.3263705 0.2839562 -0.9298743 0.2338863 0.3919424 -0.8897631 0.2338863 0.401091 -0.9105319 0.100288 0.5059673 -0.8567027 0.100288 0.5083304 -0.8607038 0.0280916 0.5083301 -0.860704 0.02809375 0.05769878 -0.972269 0.2266356 0.0560314 -0.9441726 0.3246515 0.1673087 -0.9309185 0.3246515 0.1642904 -0.9141243 0.3706555 0.2712535 -0.888277 0.3706556 0.2760641 -0.9040305 0.3263704 0.3810495 -0.8650339 0.3263704 0.3919427 -0.8897628 0.2338869 0.4944265 -0.8371615 0.2338869 0.5059674 -0.8567025 0.1002886 0.603741 -0.790847 0.1002885 0.6065608 -0.7945407 0.02809268 0.6065605 -0.7945408 0.02809548 0.696277 -0.7172232 0.0280953 0.696276 -0.7172244 0.02809226 0.6962761 -0.7172242 0.02809119 0.7762175 -0.6298391 0.0280916 0.7762175 -0.6298391 0.02809166 0.7762174 -0.6298393 0.02809226 0.8452622 -0.5336127 0.0280919 0.8413329 -0.5311321 0.100288 0.8413329 -0.5311321 0.1002882 0.842724 -0.5320102 0.08234846 0.8431154 -0.5349004 0.05511718 0.8452622 -0.5336129 0.02809345 0.9024406 -0.4298971 0.02809369 0.9024413 -0.4298956 0.02809447 0.9024414 -0.4298955 0.02809363 0.9469528 -0.3201424 0.02809351 0.812402 -0.5064754 0.2889388 0.8352611 -0.4975053 0.2341526 0.8777576 -0.418137 0.2338868 0.8982462 -0.4278971 0.1002882 0.9425504 -0.3186552 0.1002883 0.9469525 -0.3201435 0.02808994 0.9469522 -0.3201441 0.02809292 0.7836841 -0.4945475 0.3758483 0.8013479 -0.5012772 0.3264393 0.8533623 -0.4065158 0.3263705 0.8777576 -0.418137 0.2338868 0.9210511 -0.3113871 0.2338868 0.9425503 -0.3186555 0.1002876 0.973623 -0.2049403 0.1002876 0.9781703 -0.2058974 0.02809286 0.9781706 -0.2058969 0.02808833 0.9781703 -0.2058977 0.02808928 0.9956568 -0.08876073 0.02808922 0.9956567 -0.08876115 0.02809208 0.9991664 0.02962148 0.02809208 0.7442717 -0.6228554 0.2410617 0.7517136 -0.6193617 0.2265343 0.8235932 -0.5199331 0.2266361 0.7997931 -0.5049081 0.3246517 0.8538967 -0.4067695 0.3246517 0.8384921 -0.3994313 0.3706557 0.8798487 -0.297457 0.3706557 0.8954527 -0.3027324 0.3263704 0.9249726 -0.1947 0.3263704 0.9514152 -0.200266 0.2338861 0.9684234 -0.08633345 0.233886 0.9910281 -0.08834862 0.1002879 0.9945215 0.02948397 0.1002879 0.9991664 0.02962166 0.02809232 0.9991664 0.02962183 0.02809125 0.7761014 -0.6297452 0.03297936 0.7711919 -0.6257616 0.1169854 0.8397896 -0.5301584 0.1169854 0.8235931 -0.5199335 0.2266355 0.8793067 -0.4188748 0.2266355 0.8538968 -0.4067702 0.3246511 0.8960132 -0.3029224 0.3246511 0.8798486 -0.2974575 0.3706555 0.9088543 -0.1913071 0.3706555 0.9249725 -0.1946999 0.3263706 0.9415081 -0.08393353 0.3263706 0.9684232 -0.08633297 0.2338868 0.9718368 0.02881133 0.2338868 0.9945215 0.02948385 0.1002877 0.9840539 0.1469023 0.1002877 0.9886499 0.1475884 0.02809131 0.9886499 0.1475881 0.02809286 0.9642549 0.2634833 0.02809005 0.9597724 0.2622584 0.1002878 0.9840539 0.1469023 0.1002878 0.9616079 0.1435515 0.2338871 0.9718368 0.02881151 0.2338871 0.9448267 0.02801078 0.3263707 0.9415081 -0.08393341 0.3263707 0.9251016 -0.08247083 0.3706556 0.9088543 -0.1913069 0.3706556 0.9255518 -0.1948215 0.3246514 0.8960132 -0.3029221 0.3246514 0.9226766 -0.3119363 0.2266358 0.8793067 -0.4188745 0.2266358 0.8965989 -0.4271119 0.1169862 0.8397898 -0.5301578 0.1169862 0.8451361 -0.5335329 0.03297954 0.8451364 -0.5335325 0.03297924 0.9642549 0.2634831 0.02809137 0.9263282 0.3756685 0.02809143 0.9263237 0.3756793 0.02809464 0.9263238 0.375679 0.02809643 0.8753886 0.4826026 0.02809613 0.9468109 -0.3200961 0.03297889 0.9408215 -0.3180712 0.1169857 0.9718374 -0.2045639 0.1169857 0.9530942 -0.2006186 0.2266357 0.9701322 -0.08648544 0.2266357 0.9420974 -0.08398622 0.3246516 0.9454183 0.02802783 0.3246516 0.9283626 0.0275222 0.3706555 0.9185913 0.1371297 0.3706555 0.9348823 0.1395616 0.3263705 0.911814 0.2491536 0.3263705 0.9378803 0.2562762 0.2338864 0.9009869 0.3654035 0.2338864 0.9220178 0.3739327 0.1002874 0.87132 0.4803581 0.1002875 0.8753895 0.4826015 0.02809202 0.8753895 0.4826012 0.02809333 0.9780242 -0.2058665 0.03297972 0.9718374 -0.2045642 0.1169853 0.9892106 -0.08818614 0.1169853 0.9701322 -0.08648538 0.2266358 0.9735519 0.02886223 0.2266358 0.9454182 0.02802813 0.324652 0.9354674 0.1396492 0.324652 0.9185913 0.1371299 0.3706557 0.895925 0.244812 0.3706556 0.911814 0.2491537 0.3263707 0.8759459 0.355248 0.3263706 0.9009867 0.3654035 0.2338867 0.8514454 0.4694015 0.2338867 0.8713198 0.4803583 0.1002882 0.8083907 0.5800404 0.1002882 0.8121662 0.5827494 0.02809327 0.8121661 0.5827496 0.02809244 0.8121653 0.5827507 0.02809077 0.7375421 0.6747167 0.02809059 0.7341135 0.6715802 0.1002876 0.7341135 0.6715801 0.1002873 0.7268059 0.6648949 0.1722437 0.7268077 0.6648952 0.1722347 0.7375423 0.6747164 0.02809333 0.6525657 0.7572113 0.02809321 0.6525645 0.7572122 0.0280956 0.6525642 0.7572125 0.02809351 0.5584264 0.8290782 0.02809351 0.5584264 0.8290782 0.02809315 0.5584257 0.8290788 0.02809089 0.4564489 0.8893061 0.02809071 0.4543269 0.8851719 0.1002876 0.5558305 0.8252241 0.1002877 0.5585348 0.829239 -0.02004021 0.5814154 0.7951104 0.1724984 0.4564493 0.8893057 0.0280947 0.3480637 0.9370498 0.028095 0.3480644 0.9370495 0.02809488 0.348064 0.9370497 0.0280919 0.2347925 0.9716395 0.02809196 0.5069928 0.7770882 0.3729507 0.5124867 0.7941374 0.3266545 0.4316248 0.8409413 0.3263707 0.4439638 0.8649814 0.2338875 0.3385437 0.9114192 0.2338875 0.346446 0.9326937 0.1002881 0.2337018 0.9671224 0.1002881 0.2347933 0.9716393 0.02808988 0.2347937 0.9716393 0.02809184 0.5838961 0.7216994 0.3717736 0.5743621 0.7294239 0.3715493 0.5187643 0.7701932 0.3710609 0.518449 0.7705958 0.3706654 0.4241038 0.8262872 0.3706554 0.4316252 0.8409412 0.3263702 0.3291352 0.8860883 0.3263704 0.3385443 0.9114192 0.2338865 0.2283712 0.9450628 0.2338865 0.2337018 0.9671224 0.1002882 0.1176767 0.987975 0.1002882 0.1182264 0.9925892 0.02809178 0.1182264 0.9925892 0.02809154 0.1182261 0.9925893 0.02809119 0 0.9996054 0.02809119 0 0.9996054 0.02809119 -0.1182261 0.9925893 0.02809119 0.6736768 0.7178993 0.1754427 0.6460934 0.7542367 0.117006 0.5548105 0.8237108 0.1169861 0.5441102 0.8078243 0.2266362 0.4447473 0.8665078 0.2266362 0.4318951 0.8414676 0.324652 0.3293403 0.8866432 0.3246519 0.3233988 0.8706477 0.3706557 0.2181552 0.902786 0.3706557 0.2220241 0.9187968 0.3263705 0.1117967 0.9386074 0.3263706 0.1149926 0.9654396 0.2338867 0 0.9722638 0.2338868 0 0.9949585 0.1002877 -0.1176767 0.987975 0.1002877 -0.1182264 0.9925892 0.02809154 -0.1182264 0.9925892 0.02809178 0.558343 0.8289545 0.03297924 0.554811 0.8237107 0.1169855 0.453494 0.8835483 0.1169855 0.4447476 0.8665078 0.2266358 0.3391415 0.9130275 0.2266358 0.3293411 0.8866431 0.3246511 0.222163 0.9193722 0.3246511 0.218155 0.9027861 0.3706558 0.1098484 0.9222514 0.3706558 0.1117965 0.9386073 0.3263708 0 0.9452418 0.3263708 0 0.9722638 0.2338867 -0.1149928 0.9654396 0.2338868 -0.117677 0.9879749 0.1002882 -0.2337018 0.9671224 0.1002882 -0.2347933 0.9716393 0.02809178 -0.2347937 0.9716393 0.02808868 -0.2347925 0.9716395 0.02809196 -0.348064 0.9370497 0.0280919 -0.3480644 0.9370495 0.02809488 -0.3480637 0.9370498 0.028095 -0.4564489 0.889306 0.0280947 -0.4564494 0.8893059 0.02809059 -0.5584257 0.8290788 0.02809089 -0.5584264 0.8290782 0.02809339 -0.5558305 0.8252242 0.1002877 -0.4543272 0.8851719 0.1002876 -0.443964 0.8649812 0.2338875 -0.3385442 0.9114189 0.2338875 -0.3291352 0.8860881 0.3263707 -0.2220241 0.9187968 0.3263707 -0.2181552 0.902786 0.3706558 -0.109849 0.9222513 0.3706557 -0.1118671 0.9391949 0.3246518 0 0.9458336 0.3246518 0 0.9739797 0.2266352 0.1151957 0.9671434 0.2266352 0.1174611 0.9861629 0.1169862 0.2332732 0.9653486 0.1169861 0.2347583 0.9714941 0.03297942 0.2347543 0.9714952 0.03297883 -0.5584264 0.8290782 0.02809351 -0.6525645 0.7572122 0.02809357 -0.649531 0.7536922 0.1002879 -0.6495308 0.7536924 0.1002873 -0.6430657 0.7461905 0.1722387 -0.6430656 0.7461916 0.1722348 -0.6525642 0.7572124 0.02809607 -0.6525657 0.7572113 0.02809321 -0.7375419 0.6747167 0.02809333 -0.7375423 0.6747164 0.02809059 -0.8121653 0.5827507 0.02809077 -0.7268059 0.6648949 0.1722437 -0.7341135 0.67158 0.1002876 -0.8083907 0.5800405 0.1002875 -0.8121662 0.5827494 0.02809256 -0.8121661 0.5827496 0.02809321 -0.8753895 0.4826012 0.02809333 -0.8753895 0.4826015 0.02809202 -0.87132 0.480358 0.1002881 -0.8713198 0.4803583 0.1002875 -0.8514454 0.4694015 0.233887 -0.8514453 0.4694016 0.2338867 -0.8277814 0.4563557 0.3263702 -0.8753886 0.4826026 0.02809613 -0.9263238 0.375679 0.02809631 -0.9263237 0.3756793 0.02809464 -0.9263282 0.3756685 0.02809143 -0.9642548 0.2634832 0.02809137 -0.964255 0.2634831 0.02809017 -0.9886497 0.1475892 0.02809011 -0.7465925 0.5434691 0.3837199 -0.7616385 0.5313717 0.3708786 -0.8133566 0.4484032 0.3706556 -0.8277814 0.4563556 0.3263703 -0.8759459 0.355248 0.3263703 -0.9009869 0.3654036 0.2338864 -0.9378803 0.2562765 0.2338864 -0.9597724 0.2622585 0.1002878 -0.9840539 0.1469023 0.1002878 -0.9886499 0.1475884 0.02809226 -0.9886499 0.1475881 0.02809125 -0.7251473 0.6502208 0.2266591 -0.7250642 0.6502813 0.2267515 -0.7913458 0.5678099 0.2266361 -0.7684776 0.5514013 0.3246518 -0.8282997 0.4566407 0.3246519 -0.8133568 0.4484027 0.3706558 -0.8606819 0.3490573 0.3706558 -0.8759459 0.3552477 0.3263707 -0.9118139 0.2491536 0.3263707 -0.9378803 0.2562762 0.2338868 -0.961608 0.1435515 0.2338868 -0.9840539 0.1469023 0.1002877 -0.9945216 0.02948397 0.1002877 -0.9991664 0.02962166 0.02809125 -0.9901627 0.04404824 0.1328058 -0.9994943 -0.01481199 0.02813833 -0.9956568 -0.08876073 0.02809208 -0.9956567 -0.08876115 0.02808922 -0.9781703 -0.2058977 0.02808928 -0.9781703 -0.2058975 0.02808892 -0.9736229 -0.2049403 0.100289 -0.9910281 -0.08834862 0.100289 -0.9684232 -0.08633339 0.2338868 -0.9718368 0.02881151 0.2338868 -0.9448267 0.02801078 0.3263705 -0.9348823 0.1395616 0.3263705 -0.9185913 0.1371296 0.3706556 -0.895925 0.244812 0.3706556 -0.9123849 0.2493097 0.3246514 -0.8764942 0.3554704 0.3246514 -0.9025767 0.3660483 0.2266361 -0.8529481 0.4702293 0.2266361 -0.8697219 0.4794767 0.1169866 -0.8069082 0.578976 0.1169866 -0.8120452 0.5826619 0.03297907 -0.812045 0.5826622 0.03297936 -0.9781705 -0.2058968 0.02809286 -0.9469522 -0.3201441 0.0280928 -0.9469525 -0.3201435 0.02809 -0.9469528 -0.3201424 0.02809345 -0.9024414 -0.4298955 0.02809357 -0.9261856 0.3756229 0.03297948 -0.9203267 0.3732468 0.1169857 -0.9580119 0.2617776 0.1169857 -0.9395354 0.2567288 0.2266357 -0.963305 0.1438043 0.2266357 -0.9354674 0.1396486 0.324652 -0.9454182 0.02802783 0.3246519 -0.9283624 0.0275222 0.3706557 -0.9251016 -0.08247083 0.3706557 -0.9415081 -0.08393347 0.3263706 -0.9249725 -0.1947 0.3263706 -0.9514148 -0.200266 0.2338876 -0.9210509 -0.311387 0.2338876 -0.9425503 -0.3186555 0.1002883 -0.8982462 -0.4278972 0.1002882 -0.9024413 -0.4298956 0.02809458 -0.9024406 -0.4298971 0.02809369 -0.8452622 -0.5336127 0.02809339 -0.8413329 -0.5311321 0.1002882 -0.8982462 -0.4278971 0.1002882 -0.8777576 -0.418137 0.2338868 -0.9210512 -0.3113866 0.2338867 -0.8954527 -0.3027324 0.3263704 -0.9249726 -0.1946999 0.3263704 -0.9088542 -0.1913071 0.3706556 -0.9251016 -0.08247077 0.3706556 -0.9420975 -0.08398586 0.3246516 -0.9454184 0.02802819 0.3246517 -0.9735519 0.02886223 0.2266356 -0.9633051 0.1438043 0.2266356 -0.9822491 0.1466323 0.1169856 -0.9580119 0.2617776 0.1169856 -0.9641108 0.2634441 0.03297954 -0.9641107 0.2634442 0.0329796 -0.8452622 -0.5336129 0.0280919 -0.7762174 -0.6298393 0.02809226 -0.7762175 -0.6298391 0.02809166 -0.7762175 -0.6298391 0.02809154 -0.696276 -0.7172244 0.02809113 -0.6962761 -0.7172242 0.02809262 -0.696277 -0.7172232 0.0280953 -0.6065607 -0.7945405 0.02809548 -0.6037411 -0.7908471 0.100287 -0.6037405 -0.7908474 0.1002885 -0.6055473 -0.7932142 0.06421804 -0.5631821 -0.8105171 0.1608973 -0.3950309 -0.8835654 0.251521 0.4351289 -0.8923652 0.1197801 -0.4944266 -0.8371616 0.2338865 -0.5059674 -0.8567025 0.100288 -0.401091 -0.9105319 0.100288 -0.4029642 -0.9147844 0.02809357 -0.4029646 -0.9147843 0.02809494 -0.6065605 -0.7945408 0.02809268 -0.5083311 -0.8607035 0.02809286 -0.5083304 -0.8607039 0.02809351 -0.5083301 -0.860704 0.02809143 -0.4029648 -0.9147842 0.0280916 -0.5314248 -0.7775581 0.3361414 -0.4863629 -0.8104683 0.3264845 -0.4806849 -0.8138946 0.3263702 -0.4944263 -0.8371616 0.2338869 -0.3919423 -0.889763 0.2338869 -0.401091 -0.9105319 0.1002879 -0.2905843 -0.9515792 0.1002879 -0.2919415 -0.9560235 0.02809494 -0.2919414 -0.9560236 0.02809441 -0.2919402 -0.9560239 0.02809363 -0.1768209 -0.983842 0.02809369 -0.1759989 -0.9792686 0.1002873 -0.175998 -0.9792685 0.1002891 -0.1719837 -0.9569319 0.2338868 -0.171984 -0.956932 0.2338864 -0.167204 -0.930336 0.3263705 -0.1672043 -0.9303361 0.3263703 -0.1642906 -0.9141243 0.3706556 -0.1642904 -0.9141242 0.3706557 -0.1673086 -0.9309182 0.3246521 -0.1673093 -0.9309184 0.3246515 -0.172288 -0.9586206 0.2266348 -0.1722874 -0.9586206 0.2266357 -0.1756755 -0.9774724 0.1169864 -0.1756759 -0.9774724 0.1169858 -0.1767943 -0.9836952 0.03297919 -0.05920714 -0.9977008 0.03297924 -0.05921727 -0.9978498 0.02809226 -0.05921673 -0.9978498 0.02809333 -0.05894148 -0.993211 0.1002892 -0.05894249 -0.9932111 0.100287 -0.05759805 -0.9705563 0.2338864 -0.05759733 -0.9705561 0.2338876 -0.05599653 -0.9435819 0.3263702 -0.05599689 -0.943582 0.3263698 -0.0550211 -0.9271392 0.3706557 -0.05502086 -0.9271392 0.3706558 -0.0560317 -0.9441726 0.3246515 -0.0560314 -0.9441725 0.3246518 -0.05769878 -0.972269 0.2266356 -0.05769878 -0.9722691 0.2266356 -0.05883342 -0.9913894 0.1169858 -0.05883389 -0.9913895 0.1169852 -0.05920845 -0.9977008 0.03297948 -0.05920803 -0.9977008 0.03297984 -0.9265275 0.3757494 0.01895409 -0.348145 0.9372689 0.01794648 0.8122682 0.5828245 0.023153 0.9783104 -0.2059272 0.02242529 0.5084127 -0.8608416 0.02164143 -0.2919923 -0.9561944 0.0208016 -0.9026182 -0.4299817 0.01990586 -0.9951332 -0.08871448 0.0428909 -0.9859406 -0.07854998 0.1474822 -0.9936376 -0.08951187 0.06835377 -0.9942787 -0.09916234 0.03970617 -0.9942788 -0.09916347 0.03970301 -0.9722768 -0.2046572 -0.1131076 -0.9916957 -0.1236667 0.03530144 -0.9916957 -0.123667 0.03530085 -0.9907365 -0.1334729 0.02502197 -0.9915598 -0.1287392 0.01534467 -0.9952725 -0.09406936 0.02415627 -0.9964069 -0.08286762 0.01750242 -0.9964163 -0.08275407 0.01750063 -0.9960409 -0.08729737 0.01678067 -0.9962908 -0.08419531 0.01777422 -0.9961919 -0.08541339 0.01750212 -0.9961739 -0.08562952 0.01746457 -0.9957082 -0.09090036 0.01738321 -0.9957077 -0.09090626 0.01738405 -0.9915586 -0.1287473 0.01535451 -0.9924672 -0.1222981 0.007214725 -0.9909266 -0.1311813 0.02925884 -0.9951959 -0.09614884 0.01845008 -0.988893 0.1468719 0.02278923 -0.9919111 0.1262971 0.01269996 -0.990259 0.1310929 0.04692184 -0.9963632 0.08341395 0.01738756 -0.9962311 0.08500653 0.01724529 -0.9953764 0.09425127 0.01850479 -0.9953736 0.09427958 0.01851487 -0.9960598 0.08703815 0.01700985 -0.996061 0.08702397 0.01701122 -0.9962101 0.08505427 0.01819658 -0.9962087 0.08507549 0.01817822 -0.9962306 0.08500885 0.01726257 -0.996259 0.08473068 0.01698994 -0.9911254 0.1288427 0.03270947 -0.9927216 0.1203767 0.003648519 -0.9919114 0.1262957 0.01269817 -0.9974402 0.06733864 0.02405464 -0.9903512 0.1342909 0.03421396 -0.991082 0.1235744 0.04985845 -0.9889597 0.1476344 0.01275676 -0.996677 0.079481 0.01782566 -0.9974403 0.06733429 0.02405935 -0.9984798 0.02257114 0.05028569 -0.9892416 0.04400724 0.1395152 -0.997264 0.0552569 0.04910498 -0.9972642 0.05525803 0.04909861 -0.999972 -0.006982028 0.002682745 -0.9999718 -0.007013499 0.00268203 -0.9998866 -0.01481783 0.002681016 -0.9989663 -0.0104869 0.04422879 -0.9995144 -0.02977699 0.009184777 -0.990737 -0.1334692 0.02502495 -0.9903082 -0.1370653 0.02242183 -0.9783105 -0.2059263 0.02242529 -0.9693995 -0.2454853 -0.001205682 -0.9469687 -0.3201497 0.02746349 -0.9155927 -0.401616 0.01986819 -0.9027549 -0.4300448 -0.009752988 -0.9469694 -0.3201481 0.02746349 -0.8455059 -0.5337667 0.01458758 -0.837162 -0.5469453 0.003263413 -0.7762543 -0.6298692 0.02634394 -0.5084127 -0.8608416 0.02164143 -0.6141734 -0.7890901 0.01130366 -0.6067969 -0.7948506 0.003169059 -0.6963254 -0.717273 0.02550441 -0.7354859 -0.6770623 0.02543824 -0.6962808 -0.717229 -0.02785098 -0.7762545 -0.6298691 0.02634394 -0.5084117 -0.8608422 0.02164143 -0.4759472 -0.8794735 -8.42142e-4 -0.4029712 -0.9147988 0.02751946 -0.3246294 -0.9456136 0.02076041 -0.2920362 -0.9563341 -0.01182132 -0.402971 -0.9147989 0.02751946 -0.1768748 -0.9841427 0.01335602 -0.1645933 -0.9863531 0.004072964 -0.05922073 -0.9979075 0.02595186 -0.05922031 -0.9979076 0.02595186 0 -0.9999975 -0.002211093 0.05922031 -0.9979076 0.02595186 0.2919923 -0.9561944 0.0208016 0.1645817 -0.9862835 0.01255935 0.1768903 -0.9842295 0.001490175 0.05922073 -0.9979075 0.02595192 0.2919935 -0.9561941 0.0208016 0.3246994 -0.9458172 -4.23475e-4 0.402971 -0.9147989 0.02751946 0.4758364 -0.8792687 0.02159678 0.5084813 -0.8609601 -0.01394498 0.4029712 -0.9147988 0.02751946 0.6067557 -0.7947967 0.01206856 0.6142051 -0.7891311 0.004938721 0.6963254 -0.7172731 0.02550441 0.6963244 -0.7172739 0.02550441 0.7357222 -0.6772798 -0.002183139 0.7762545 -0.6298691 0.02634394 0.9026182 -0.4299817 0.01990586 0.837086 -0.5468956 0.01387083 0.8455958 -0.5338235 -2.4405e-4 0.7762543 -0.6298692 0.02634394 0.902619 -0.42998 0.01990586 0.9157734 -0.4016953 5.12476e-5 0.9469694 -0.320148 0.02746349 0.9691576 -0.245424 0.02237707 0.9784294 -0.2059513 -0.0161252 0.9469688 -0.3201497 0.02746349 0.9959926 -0.08879107 0.01072514 0.9965674 -0.08257806 0.005860149 0.9992484 0.02962392 0.02500027 0.9992484 0.02962428 0.02500027 0.9965823 0.08257925 -0.002099394 0.9886882 0.1475939 0.02667963 0.9265275 0.3757494 0.01895409 0.9692877 0.2454569 0.01523804 0.9646336 0.2635866 -0.002034366 0.988688 0.1475949 0.02667963 0.9265232 0.3757599 0.01895409 0.9157732 0.4016953 5.81912e-4 0.8754067 0.4826126 0.02735161 0.836943 0.5468022 0.02310121 0.8123497 0.5828813 -0.01835972 0.8754075 0.4826111 0.02735161 0.7378014 0.6749535 0.009325921 0.7357068 0.6772657 0.006837487 0.6526283 0.757284 0.02444046 0.6526269 0.7572851 0.02444046 0.6142114 0.7891391 -0.001959681 0.5584438 0.8291041 0.02695959 0.348145 0.9372689 0.01794648 0.4758813 0.8793516 0.01666051 0.4566261 0.8896502 -0.003880262 0.5584431 0.8291046 0.02695953 0.3481454 0.9372687 0.01794648 0.3246991 0.9458166 0.001168608 0.2347984 0.9716638 0.02718359 -0.1182392 0.9926993 0.02382487 0 0.9999691 0.007870554 0 0.999969 0.007870554 0.1182392 0.9926993 0.02382487 0.1645482 0.9860826 0.02376955 0.1182478 0.9927694 -0.02064985 0.2347996 0.9716637 0.02718359 -0.1182395 0.9926992 0.02382487 -0.1645944 0.9863598 -0.001764178 -0.2347996 0.9716637 0.02718365 -0.3246473 0.9456655 0.01791578 -0.3481957 0.937404 -0.005782365 -0.2347984 0.9716638 0.02718359 -0.4565645 0.8895301 0.01688277 -0.4759466 0.8794723 0.001811206 -0.5584431 0.8291046 0.02695953 -0.8122682 0.5828245 0.023153 -0.7356945 0.6772543 0.008959293 -0.7378185 0.6749691 0.006359219 -0.6526283 0.7572839 0.02444046 -0.6140301 0.788906 0.02438157 -0.6526492 0.7573111 -0.02299493 -0.5584438 0.8291041 0.02695959 -0.812269 0.5828234 0.023153 -0.8371655 0.5469475 -0.001512825 -0.8754075 0.4826111 0.02735161 -0.9156094 0.4016234 0.01891988 -0.926662 0.3758162 -0.007739961 -0.8754067 0.4826126 0.02735161 -0.9645158 0.2635544 0.0157634 -0.9693973 0.2454847 0.002509355 -0.988688 0.1475949 0.02667963 -0.9896496 0.1410035 0.02667707 -0.9888924 0.1468766 0.02278542 -0.9659256 0.2588194 0 -0.9659256 0.2588194 0 -0.7071078 0.7071058 0 -0.7071078 0.7071058 0 -0.2588189 0.9659259 0 -0.2588189 0.9659259 0 0.2588188 0.9659259 0 0.2588188 0.9659259 0 0.707108 0.7071057 0 0.707108 0.7071057 0 0.9659256 0.2588196 0 0.9659256 0.2588196 0 -1 0 0 -1 0 0 0.9659258 -0.2588192 0 0.9659258 -0.2588192 0 0.707107 -0.7071065 0 0.707107 -0.7071065 0 0.2588188 -0.9659259 0 0.2588188 -0.9659259 0 -0.2588189 -0.9659259 0 -0.2588189 -0.9659259 0 -0.707107 -0.7071067 0 -0.707107 -0.7071067 0 -0.9659259 -0.258819 0 -0.9659259 -0.258819 0 1 0 0 1 0 0 0 0 -1 0 0 -1 0 0 -1 0 0 -1 0 0 -1 0 0 -1 0 0 -1 0 0 -1 0 0 -1 0 0 -1 0 0 -1 0 0 -1 0.9659258 -0.2588192 0 0.9659258 -0.2588192 0 0.707108 -0.7071057 0 0.707108 -0.7071057 0 0.2588188 -0.9659259 0 0.2588188 -0.9659259 0 -0.2588189 -0.9659259 0 -0.2588189 -0.9659259 0 -0.7071078 -0.7071058 0 -0.7071078 -0.7071058 0 -0.9659259 -0.258819 0 -0.9659259 -0.258819 0 -0.9659259 0.258819 0 -0.9659259 0.258819 0 -0.707106 0.7071076 0 -0.707106 0.7071076 0 -0.2588189 0.9659259 0 -0.2588189 0.9659259 0 0.2588188 0.9659259 0 0.2588188 0.9659259 0 0.7071062 0.7071076 0 0.7071062 0.7071076 0 0.9659258 0.2588192 0 0.9659258 0.2588192 0 0 0 -1 0 0 -1 0 0 -1 0 0 -1 0 0 -1 0 0 -1 0 0 -1 0 0 -1 0 0 -1 0 0 -1 0 0 -1 0 0 -1 0.9935628 -0.1119476 -0.01734268 0.9656796 -0.2587532 -0.02257418 0.9436964 -0.3302139 -0.01989555 0.9657383 -0.2587684 -0.01970827 0.8466092 -0.5319597 -0.01648288 0.7069417 -0.7069414 -0.02161717 0.7069417 -0.7069414 -0.02161717 0.7069416 -0.7069416 -0.02161717 0.5319595 -0.8466093 -0.01648288 0.2587683 -0.9657384 -0.01970827 0.3301961 -0.943645 -0.02246236 0.2587541 -0.9656794 -0.02257418 0.1119473 -0.9935628 -0.01734268 -0.2587833 -0.9657883 -0.01685786 -0.111936 -0.9934625 -0.02241939 -0.2587526 -0.9656798 -0.02257424 -0.3302194 -0.9437118 -0.01905739 -0.7070463 -0.7070463 -0.01308161 -0.9935628 -0.1119474 -0.01734268 -0.9656796 -0.2587532 -0.02257418 -0.9436965 -0.3302136 -0.01989555 -0.9657388 -0.2587668 -0.01970827 -0.8466091 -0.53196 -0.01648283 -0.7069416 -0.7069416 -0.02161717 -0.7069419 -0.7069412 -0.02161717 -0.5319085 -0.8465285 -0.02151 -0.9935628 0.1119473 -0.01734268 -0.9656796 0.2587532 -0.02257418 -0.9436965 0.3302136 -0.01989555 -0.9657388 0.2587669 -0.01970827 -0.8466091 0.53196 -0.01648283 -0.7069416 0.7069416 -0.02161717 -0.706942 0.7069412 -0.02161717 -0.7069416 0.7069416 -0.02161717 -0.5319595 0.8466094 -0.01648288 -0.2587683 0.9657384 -0.01970827 -0.330196 0.943645 -0.02246236 -0.2587541 0.9656794 -0.02257418 -0.1119473 0.9935628 -0.01734268 0.2587833 0.9657883 -0.01685786 0.111936 0.9934625 -0.02241939 0.2587527 0.9656798 -0.02257418 0.3302195 0.9437118 -0.01905739 0.7070463 0.7070463 -0.01308161 0.9935628 0.1119476 -0.01734268 0.9656796 0.2587532 -0.02257418 0.9436964 0.3302139 -0.01989555 0.9657383 0.2587683 -0.01970827 0.8466092 0.5319597 -0.01648288 0.7069417 0.7069414 -0.02161717 0.7069417 0.7069414 -0.02161717 0.5319088 0.8465285 -0.02151 0 0 -1 0 0 -1 0 0 -1 0 0 -1 0 0 -1 0 0 -1 0 0 -1 0 0 -1 0 0 -1 0 0 -1 0 0 -1 0 0 -1 0 0 -1 0 0 -1 0 0 -1 0 0 -1 0 0 -1 0 0 -1 0 0 -1 0 0 -1 0 0 -1 0 0 -1 0 0 -1 0 0 -1 0 0 -1 0 0 -1 0 0 -1 0 0 -1 0 0 -1 0 0 -1 0 0 -1 0 0 -1 0 0 -1 0 0 -1 0 0 -1 0 0 -1 0 0 -1 0 0 -1 0 0 -1 0 0 -1 0 0 -1 0 0 -1 0 0 -1 0 0 -1 0 0 -1 0 0 -1 0 0 -1 0 0 -1 0 0 -1 0 0 -1 0 0 -1 0 0 -1 0 0 -1 0 0 -1 0 0 -1 0 0 -1 0 0 -1 0 0 -1 0 0 -1 0 0 -1 0 0 -1 0 0 -1 0 0 -1 0 0 -1 0 0 -1 0 0 -1 0 0 -1 0 0 -1 0 0 -1 0 0 -1 0 0 -1 0 0 -1 0 0 -1 0 0 -1 0 0 -1 0 0 -1 0 0 -1 0 0 -1 0 0 -1 0 0 -1 0 0 -1 0 0 -1 0 0 -1 0 0 -1 0 0 -1 0 0 -1 0 0 -1 0 0 -1 0 0 -1 0 0 -1 0 0 -1 0.99634 -0.08369016 0.01739114 0.9912688 -0.1305028 0.01884847 0.9237257 -0.38262 0.01824349 0.9206182 -0.3900246 0.01851826 0.9700594 -0.2422795 0.01689505 0.7284611 -0.6848644 0.01747035 0.7595368 -0.6502192 0.01785558 0.7989543 -0.6010988 0.01877003 0.793217 -0.6086581 0.01849853 0.859675 -0.5105548 0.01711052 0.8596748 -0.510555 0.01711052 0.6086755 -0.7932397 0.01688235 0.5129022 -0.8581734 0.02167701 0.7018511 -0.7012302 0.1252251 0.6769185 -0.7358524 0.01739549 0.6097013 -0.792414 0.01855641 0.5732718 -0.8191275 0.0197401 0.1305065 -0.9912965 0.0173031 0.05786132 -0.998101 0.0211305 0.2111788 -0.9773113 0.01631695 0.382618 -0.9237204 0.01854944 0.3883264 -0.9213392 0.01834863 0.5056431 -0.8625748 0.01702493 0.9998477 3.52232e-7 0.01745235 0.9998478 -3.02918e-7 0.01745229 0.9998477 0 0.01745241 0.9998477 1.39804e-7 0.01745253 0.9998477 0 0.01745212 -4.25578e-7 -0.9998477 0.01745253 4.43334e-7 -0.9998477 0.01745229 -1.99475e-7 -0.9998477 0.01745235 0 -0.9998477 0.01745295 0 -0.9998477 0.01745218 0 -0.9998477 0.01745218 0 -0.9998477 0.01745235 0 0 1 0 0 1 0 0 1 0 0 1 0 0 1 0 0 1 0 0 1 0 0 1 0 0 1 0 0 1 0 0 1 0 0 1 0 0 1 0 0 1 0 0 1 0 0 1 0 0 1 0 0 1 0.9998477 0 -0.01745235 0.9998477 0 -0.01745235 0.9998477 0 -0.01745235 0.9998477 0 -0.01745235 0.9998477 0 -0.01745235 0.4089872 0.9124256 -0.01445353 0.1618419 0.9867386 -0.01241809 -0.1259394 0.9907318 -0.0508911 -0.04834532 0.9988238 -0.003724753 -0.07185792 0.9972933 -0.01557517 -0.07588839 0.9969639 -0.01743668 0.07332289 0.997161 -0.01713317 0.3025468 0.5663663 -0.7666124 0.1140282 0.9934335 -0.009351253 0.04073548 0.9991604 0.004376471 0.05893576 0.9981803 0.01275032 0.4089815 0.9124282 -0.01445353 0.4711627 0.8820078 -0.008240103 0.8166388 0.5760504 -0.03559559 0.8171696 0.5762763 -0.01180595 0.6290866 0.7770822 -0.01983487 0.6290871 0.7770817 -0.01983487 0.9911654 0.1314986 -0.01730084 0.9817969 0.1894487 -0.01356685 0.9218529 0.3870498 -0.01948314 0.817114 0.5762341 -0.01670145 0.9236162 0.3829352 -0.01713967 0.810382 0.5858057 -0.01061654 -0.749693 0.6615886 -0.01615238 -0.8768557 0.4804013 -0.01840323 -0.9602968 0.2788742 -0.007702946 -0.9946398 0.1020676 -0.01654911 -0.9722772 0.2332627 -0.01629501 -0.9942775 0.1052389 -0.01835799 -0.9932443 -0.1149913 -0.01558065 -0.9950281 -0.09861612 -0.01392573 -0.9728081 -0.2309551 -0.01743841 -0.900431 0.4346677 0.01697224 -0.9722343 0.2332484 -0.0188592 -0.8129778 0.5820128 -0.01811194 -0.8130483 0.5819783 -0.01592957 -0.764614 0.6444872 0.001306056 -0.8242375 0.5661699 -0.009179532 -0.5635886 0.8258761 -0.01721984 -0.5047152 0.86319 0.01287043 -0.5303207 0.8477751 0.006129145 -0.6077763 0.7940272 -0.01135528 -0.7953874 0.5693392 -0.2078745 -0.586905 0.8094746 -0.01713109 -0.5176911 0.8555251 0.00853002 -0.8715165 0.4900575 -0.01740026 -0.819059 0.5717507 0.04736524 -0.8694854 0.493742 -0.01462495 -0.8151129 0.5769008 0.05269217 -0.8895618 0.4566842 -0.01092571 -0.8258761 0.5635886 -0.01721984 -0.5693396 0.795387 -0.2078747 -0.8246461 0.5656484 -9.41933e-4 -0.7870001 0.6168616 -0.01061707 -0.8750779 0.4680694 -0.1230843 -0.3517452 0.9359256 -0.01785451 -0.4732901 0.8807514 -0.01653337 -0.5839117 0.8117615 -0.009499907 -0.5820236 0.8131114 -0.009914815 -0.7077046 0.706344 -0.01524335 -0.7077034 0.7063452 -0.01524335 0.09093832 0.9954741 0.02759587 -0.580981 0.8115366 -0.06220501 -0.1466252 0.9891889 -0.002497494 -0.3517384 0.935928 -0.01785451 -0.2332643 0.9723004 -0.01482498 -0.233268 0.9722995 -0.01482498 0.00614798 0.999812 -0.01839208 0.1149952 0.9932776 -0.01325982 0.1840975 0.9827542 -0.01738494 -0.6608268 -0.7503811 -0.01536321 -0.1022658 -0.9946175 -0.01666218 -0.2366989 -0.9714447 -0.01639735 -0.1053277 -0.9942672 -0.01840865 0.1139004 -0.9933718 -0.01547008 0.09861725 -0.995028 -0.01392513 0.2309551 -0.9728081 -0.01743841 -0.2366884 -0.9714111 -0.01841437 -0.4347994 -0.9003694 0.01686787 -0.2790459 -0.960246 -0.007813811 -0.5870323 -0.8094216 -0.01515853 -0.6449558 -0.7642195 8.34896e-4 -0.2365899 -0.9704928 -0.04657042 -0.5665362 -0.8239821 -0.009507 -0.4808123 -0.8766235 -0.01872658 -0.8280008 -0.5604622 -0.01723051 -0.8625885 -0.5057241 0.01357251 -0.847202 -0.5312266 0.006862163 -0.7934107 -0.6085945 -0.01059299 -0.5748174 -0.7925728 -0.2035029 -0.8073962 -0.5897613 -0.0171194 -0.8545446 -0.5192996 0.009031772 -0.4900567 -0.8715168 -0.01740086 -0.5717507 -0.819059 0.04736524 -0.493742 -0.8694854 -0.01462495 -0.5769008 -0.8151129 0.05269217 -0.4566842 -0.8895618 -0.01092571 -0.5635898 -0.8258754 -0.01721942 -0.7953651 -0.5693363 -0.2079676 -0.565652 -0.8246437 -9.35173e-4 -0.6168646 -0.7869977 -0.01061463 -0.4680694 -0.8750779 -0.1230843 -0.9359253 -0.3517457 -0.01785469 -0.8807516 -0.4732899 -0.01653325 -0.8117633 -0.5839095 -0.009497821 -0.8131111 -0.582024 -0.009912252 -0.7063447 -0.707704 -0.01524257 -0.7063459 -0.7077026 -0.01524257 -0.995471 0.09096801 0.0276094 -0.8115772 -0.580924 -0.06220728 -0.9891901 -0.1466182 -0.002493321 -0.935928 -0.3517388 -0.01785469 -0.9723003 -0.2332646 -0.0148245 -0.9723003 -0.2332646 -0.0148245 -0.999812 0.006147623 -0.01839232 -0.9932776 0.1149949 -0.01325899 -0.9827542 0.1840975 -0.017385 0.9774986 -0.2100606 -0.01926589 0.9239803 -0.3824397 5.17921e-4 0.989209 -0.1454902 -0.01726669 0.8049004 -0.5930886 -0.01953208 0.6773663 -0.7356168 0.00654006 0.9764384 -0.209809 -0.0504806 0.802784 -0.5961569 -0.01161146 0.9084416 -0.4175484 -0.01967602 0.4902098 -0.8714384 -0.01701438 0.2983815 -0.9542474 0.01950466 0.8023843 -0.5905845 -0.08596235 0.4400884 -0.8979289 -0.006770253 0.6430642 -0.7655525 -0.01994824 0.09478741 -0.9953514 -0.01705729 -0.008299708 -0.9999272 0.008764386 0.08244669 -0.9965573 -0.008728981 0.2428981 -0.9698962 -0.01737642 0.294603 -0.5233465 -0.7995733 0.09600001 -0.9952352 -0.01705032 -0.01034837 -0.9999043 0.009186685 0.9998477 0 -0.01745235 0.9998477 0 -0.01745235 0.9998477 0 -0.01745235 0.9998477 0 -0.01745235 0.9998477 0 -0.01745235 -0.3986539 -0.9169355 -0.01744681 -0.1365325 -0.9904819 -0.01744961 -0.1365408 -0.9904807 -0.0174483 -0.2082168 -0.9780571 -0.007083117 -0.1989 -0.9799102 -0.01465153 -0.3234245 -0.9460519 -0.01955831 -0.3463803 -0.9378936 -0.01939606 -0.3234261 -0.946054 -0.01942414 -0.3464178 -0.9380694 -0.004534363 -0.3986536 -0.9169356 -0.01744663 -0.9142718 0.4047253 -0.01744985 -0.9142731 0.4047223 -0.01744884 -0.3434761 -0.137292 0.9290722 -0.9142718 -0.4047253 -0.01744997 -0.9142732 -0.4047222 -0.0174489 -0.9410565 -0.3381923 -0.006214916 -0.9290208 -0.3687522 -0.03069299 -0.9701486 -0.2423474 -0.008911311 -0.9312328 0.3642713 -0.01059031 -0.9408044 0.3381013 -0.02397149 -0.9725199 0.2326444 -0.009036421 -0.94103 0.3382008 -0.009096801 -0.972532 0.2326472 -0.007533192 -0.973607 0.2279649 -0.01101946 -0.9968582 0.07484191 -0.02593153 -0.9932022 0.1147226 -0.01970356 -0.9970007 0.07485425 -0.01966041 -0.9933186 0.1147385 0.01237297 -0.9996787 0 -0.02534842 -0.9968755 0.07483714 -0.02526795 -0.9996511 0 -0.02641159 -0.9963939 -0.08482444 -0.002001464 -0.9932513 -0.1147301 -0.01699656 -0.996252 -0.0848177 -0.01696544 -0.9932026 -0.1147247 -0.01967006 -0.9700894 -0.2423312 -0.01422166 -0.973657 -0.2279766 -0.004327476 -0.9410368 -0.3381852 -0.008975386 -0.3985728 0.9169706 -0.01744717 -0.3985708 0.9169716 -0.01744616 -0.3232749 0.9463044 0.001149952 -0.3220322 0.9426774 0.08749008 -0.3454942 0.9382296 -0.01894694 -0.3454751 0.9382366 -0.018947 -0.1979808 0.9800075 -0.01971608 -0.0651552 0.3257416 0.9432111 -0.2079094 0.9781213 -0.007245481 -0.1363523 0.9905067 -0.01745021 -0.136356 0.9905063 -0.01744967 -0.3233704 -0.945891 -0.02686649 -0.11055 -0.9597635 -0.2581329 -0.5122939 -0.804643 -0.3001744 -0.5134981 -0.7888373 -0.337721 -0.5033258 -0.7805688 -0.3706421 -0.4872986 -0.7994569 -0.3512958 -0.4827679 -0.7920849 -0.3735459 -0.4867603 -0.7860174 -0.381105 -0.4822367 -0.790188 -0.3782204 -0.4724995 -0.7975109 -0.3751273 -0.47448 -0.8005319 -0.3660839 -0.3873208 -0.8672393 -0.3128556 -0.4533184 -0.8319787 -0.3198653 -0.4780587 -0.8107927 -0.33775 -0.4747573 -0.8052054 -0.3553163 -0.4511311 -0.8216945 -0.3482799 -0.4744814 -0.8005341 -0.3660772 -0.4155558 -0.8591854 -0.2985191 -0.4125315 -0.8549737 -0.3143848 -0.4092303 -0.8751943 -0.2580029 -0.4037382 -0.8824548 -0.2413899 -0.4155557 -0.859185 -0.2985205 -0.378187 -0.9244003 -0.04958593 -0.3998731 -0.9130276 -0.08051156 -0.4008679 -0.9152974 -0.03918552 -0.3966662 -0.9148154 -0.07595151 -0.4151107 -0.898306 -0.1439769 -0.4130397 -0.8940799 -0.1732612 -0.4032467 -0.9024909 -0.1513354 -0.4115436 -0.8801026 -0.2367514 -0.397428 -0.9173279 -0.02367329 -0.3983803 -0.9168255 -0.02690893 -0.3986471 -0.9169199 -0.01839697 -0.1364915 -0.9901845 -0.03007739 -0.1350185 -0.9904775 -0.02691477 -0.1372889 -0.9872523 -0.08052742 -0.1343097 -0.9897812 -0.04789888 -0.1343101 -0.9897843 -0.0478329 -0.1102612 -0.9572325 -0.2674854 -0.1187612 -0.973775 -0.1940569 -0.1300834 -0.9762237 -0.1733942 -0.1144624 -0.9882512 -0.1012812 -0.1144624 -0.9882512 -0.1012811 -0.09736609 -0.9442226 -0.3145845 -0.1036412 -0.9395878 -0.326241 -0.1051304 -0.9583665 -0.265483 -0.0944823 -0.9300659 -0.3550361 -0.0938661 -0.9309102 -0.3529807 -0.09386622 -0.9309114 -0.3529775 -0.0868861 -0.9223821 -0.3763803 -0.08664399 -0.9256094 -0.3684292 -0.08664417 -0.9256108 -0.3684256 -0.08500957 -0.9236953 -0.3735776 -0.08702886 -0.9230395 -0.3747319 -0.08864647 -0.9327121 -0.3495568 -0.08859372 -0.9321541 -0.3510553 -0.09004884 -0.9325966 -0.3495066 -0.09206962 -0.9477509 -0.3054366 -0.09063702 -0.9486069 -0.3031994 -0.09004849 -0.9325931 -0.3495161 -0.3233695 -0.9458912 -0.02686923 -0.2081468 -0.9777284 -0.02686935 -0.4122604 -0.855481 -0.3133587 -0.4058739 -0.8422284 -0.3548489 -0.4058747 -0.8422283 -0.354848 -0.4025054 -0.8352366 -0.3746589 -0.4025053 -0.8352366 -0.374659 -0.4065092 -0.8435451 -0.3509728 -0.4065093 -0.8435451 -0.3509727 -0.32337 -0.9458911 -0.02686965 -0.3224398 -0.9431702 -0.08039069 -0.32244 -0.9431701 -0.08038985 -0.3186026 -0.9319453 -0.1731195 -0.3186023 -0.9319453 -0.1731206 -0.3125479 -0.9142356 -0.2578508 -0.3125485 -0.9142358 -0.2578495 -0.3070841 -0.8982518 -0.3143932 -0.3070843 -0.8982519 -0.3143928 -0.3024361 -0.8846555 -0.354848 -0.3024358 -0.8846554 -0.3548483 -0.2999252 -0.8773115 -0.374659 -0.2999247 -0.8773116 -0.3746592 -0.3029083 -0.8860388 -0.3509727 -0.3029085 -0.8860389 -0.3509724 -0.4933058 -0.7998305 -0.3419365 -0.4999101 -0.8103843 -0.3055605 -0.4133949 -0.8578332 -0.3053308 -0.4138067 -0.8578505 -0.3047237 -0.4133945 -0.8578333 -0.3053308 -0.4133822 -0.857839 -0.3053317 -0.3080391 -0.9010463 -0.3053315 -0.3080391 -0.9010464 -0.3053314 -0.308048 -0.9010437 -0.3053303 -0.1982788 -0.9313747 -0.3053305 -0.2081468 -0.9777284 -0.02686941 -0.2075481 -0.9749161 -0.08038979 -0.2075481 -0.9749161 -0.08038985 -0.205078 -0.9633132 -0.1731206 -0.2050786 -0.9633133 -0.1731188 -0.2011815 -0.9450078 -0.2578494 -0.2011808 -0.9450074 -0.2578513 -0.1976636 -0.928486 -0.3143929 -0.1976637 -0.9284861 -0.3143925 -0.1946718 -0.9144319 -0.3548483 -0.1946717 -0.9144318 -0.3548484 -0.1930556 -0.9068407 -0.3746592 -0.1930559 -0.9068407 -0.3746591 -0.1949763 -0.9158617 -0.3509725 -0.194976 -0.9158616 -0.3509728 -0.1982786 -0.9313749 -0.3053302 -0.1982722 -0.9313759 -0.3053312 -0.9407349 -0.3380767 -0.0268715 -0.999639 0 -0.02686703 -0.9930362 0.1147034 -0.02687573 -0.9407351 0.3380764 -0.0268684 -0.8026562 0.5158974 -0.2993207 -0.7839031 0.4905789 -0.3805629 -0.7903383 0.4859555 -0.3731118 -0.7975258 0.4904158 -0.3513472 -0.7778947 0.5079507 -0.369954 -0.798204 0.496362 -0.341314 -0.7887231 0.4851243 -0.3775846 -0.7954688 0.4759033 -0.3751606 -0.7988395 0.478178 -0.3649676 -0.8345279 0.4462977 -0.3230813 -0.8063064 0.4884936 -0.3335326 -0.7994856 0.4843474 -0.3552891 -0.8223618 0.4494027 -0.3489389 -0.7988422 0.4781796 -0.3649595 -0.8722943 0.4153343 -0.2580703 -0.8597934 0.413543 -0.299562 -0.8516327 0.4193207 -0.3144711 -0.857177 0.422069 -0.2951365 -0.8812762 0.4076873 -0.2390468 -0.9251123 0.376328 -0.0504443 -0.9103528 0.4059236 -0.08052211 -0.912717 0.406979 -0.03627318 -0.9136536 0.3996697 -0.07417172 -0.8952602 0.4233719 -0.1387999 -0.8904001 0.4209006 -0.1732924 -0.9011557 0.4071012 -0.148953 -0.8780577 0.4181038 -0.2328175 -0.915133 0.4025142 -0.02267366 -0.9142057 0.404356 -0.0269103 -0.9142599 0.40472 -0.0181846 -0.9115365 -0.4085634 -0.04666107 -0.9115363 -0.4085634 -0.04666495 -0.9121758 -0.4018092 -0.08052742 -0.9119914 -0.402134 -0.08099263 -0.8940653 -0.4130366 -0.1733438 -0.8934979 -0.4255731 -0.1433497 -0.893498 -0.4255731 -0.1433488 -0.8461287 -0.4139146 -0.3357694 -0.8559098 -0.4176128 -0.3049884 -0.8701618 -0.4198172 -0.2580152 -0.8697307 -0.4175521 -0.2630945 -0.8697299 -0.4175516 -0.2630981 -0.8294128 -0.4620332 -0.3140059 -0.8066362 -0.4774996 -0.3483276 -0.8066355 -0.4774992 -0.3483299 -0.8102207 -0.4660825 -0.3554008 -0.7951754 -0.4793971 -0.3713146 -0.790323 -0.4859668 -0.3731298 -0.7841916 -0.4903743 -0.3802322 -0.7902591 -0.4845788 -0.3750653 -0.7944047 -0.4714124 -0.3830034 -0.795176 -0.4793975 -0.3713126 -0.7903231 -0.4859669 -0.3731296 -0.7913714 -0.5003949 -0.3511926 -0.7981569 -0.4963639 -0.3414213 -0.7981566 -0.4963638 -0.3414222 -0.8001416 -0.5162402 -0.3054006 -0.802629 -0.5158799 -0.2994238 -0.9407291 0.3380926 -0.02687144 -0.993036 0.1147059 -0.0268709 -0.999639 0 -0.02686703 -0.993036 -0.1147055 -0.02687573 -0.9407349 -0.3380767 -0.0268684 -0.9143235 -0.4040896 -0.02691042 -0.9141411 -0.4046674 -0.02430009 -0.9407351 0.3380764 -0.02686852 -0.9380282 0.3371036 -0.08040136 -0.9380282 0.337103 -0.08040308 -0.9268617 0.33309 -0.1731428 -0.9268618 0.3330905 -0.1731417 -0.909244 0.326759 -0.2578831 -0.909244 0.3267588 -0.2578837 -0.8933437 0.3210446 -0.3144316 -0.8933438 0.3210446 -0.3144317 -0.8798182 0.3161839 -0.3548913 -0.8798182 0.3161845 -0.3548906 -0.8725128 0.3135591 -0.3747028 -0.8725128 0.3135586 -0.374703 -0.8811942 0.3166785 -0.3510147 -0.8811944 0.3166789 -0.3510143 -0.9930361 0.1147064 -0.02686709 -0.9901787 0.1143763 -0.08040118 -0.9901786 0.1143757 -0.08040326 -0.9783916 0.1130141 -0.1731408 -0.9783915 0.1130139 -0.1731414 -0.9597939 0.1108657 -0.257885 -0.9597939 0.1108658 -0.2578846 -0.9430099 0.1089271 -0.3144316 -0.9430101 0.1089275 -0.314431 -0.9287326 0.1072783 -0.3548902 -0.9287326 0.1072782 -0.3548904 -0.9210208 0.1063874 -0.3747031 -0.9210208 0.1063868 -0.3747035 -0.9301851 0.1074454 -0.3510144 -0.9301851 0.1074452 -0.3510147 -0.940735 -0.3380763 -0.02687126 -0.938028 -0.3371036 -0.08040308 -0.9380283 -0.337103 -0.0804013 -0.9268619 -0.3330901 -0.1731417 -0.9268616 -0.3330904 -0.1731429 -0.9092439 -0.326759 -0.2578838 -0.9092441 -0.3267589 -0.2578831 -0.8933437 -0.3210446 -0.3144317 -0.8933438 -0.3210446 -0.3144317 -0.8798183 -0.3161839 -0.3548906 -0.8798179 -0.3161844 -0.3548913 -0.8725126 -0.3135591 -0.374703 -0.8725129 -0.3135586 -0.3747027 -0.8811944 -0.3166786 -0.3510143 -0.8811942 -0.3166788 -0.3510147 -0.8532512 0.4227436 -0.3053689 -0.8085227 0.5028809 -0.3056173 -0.7864636 0.5177212 -0.3368083 -0.8532507 0.4227446 -0.3053692 -0.8390356 0.4157017 -0.3510146 -0.8390356 0.4157023 -0.351014 -0.8307694 0.4116068 -0.3747028 -0.8307695 0.411606 -0.3747032 -0.8377254 0.4150523 -0.3548913 -0.8377254 0.415053 -0.3548906 -0.8471485 0.4197217 -0.325842 -0.8345279 0.4462976 -0.3230813 -0.8532506 0.422745 -0.3053687 -0.8961241 0.3220428 -0.3053687 -0.8961235 0.3220441 -0.3053693 -0.8961234 0.3220444 -0.3053687 -0.9271583 0.2170885 -0.3053688 -0.927158 0.2170892 -0.3053691 -0.9117118 0.2134726 -0.3510144 -0.9117118 0.2134726 -0.3510143 -0.9027295 0.2113695 -0.3747031 -0.9027295 0.2113696 -0.374703 -0.9102881 0.2131394 -0.3548903 -0.9102881 0.2131391 -0.3548906 -0.9242818 0.2164157 -0.3144316 -0.9242818 0.2164157 -0.3144317 -0.9407325 0.2202675 -0.257885 -0.9407327 0.220268 -0.2578838 -0.9589607 0.224536 -0.1731408 -0.9589607 0.2245357 -0.1731417 -0.9705139 0.2272408 -0.08040118 -0.9705139 0.2272402 -0.08040314 -0.9733145 0.2278959 -0.02687561 -0.9733145 0.2278965 -0.02687162 -0.927158 0.2170891 -0.3053692 -0.9459443 0.109266 -0.3053693 -0.9459444 0.1092655 -0.3053689 -0.9459446 0.1092666 -0.305368 -0.9522344 0 -0.305368 -0.999639 0 -0.02686703 -0.9967625 0 -0.08040326 -0.9967625 0 -0.08040326 -0.9848969 0 -0.1731414 -0.984897 0 -0.1731415 -0.9661757 0 -0.2578846 -0.9661757 0 -0.2578846 -0.9492803 0 -0.314431 -0.9492804 0 -0.314431 -0.934908 0 -0.3548904 -0.9349079 0 -0.3548904 -0.9271447 0 -0.3747034 -0.9271447 0 -0.3747034 -0.93637 0 -0.3510146 -0.93637 0 -0.3510146 -0.9522344 0 -0.305368 -0.9522344 0 -0.305368 -0.9459447 -0.1092656 -0.305368 -0.9301853 -0.1074452 -0.3510144 -0.9301851 -0.1074454 -0.3510146 -0.9210209 -0.1063868 -0.3747031 -0.9210206 -0.1063874 -0.3747034 -0.9287326 -0.1072782 -0.3548903 -0.9287326 -0.1072783 -0.3548904 -0.9430098 -0.1089275 -0.3144317 -0.9430101 -0.1089271 -0.314431 -0.9597938 -0.1108658 -0.257885 -0.9597939 -0.1108657 -0.2578846 -0.9783916 -0.1130139 -0.1731408 -0.9783914 -0.1130141 -0.1731414 -0.9901787 -0.1143757 -0.08040118 -0.9901784 -0.1143763 -0.08040326 -0.9930359 -0.1147064 -0.02687424 -0.9930362 -0.1147052 -0.02686703 -0.9459441 -0.1092665 -0.3053696 -0.9459443 -0.109266 -0.3053693 -0.927158 -0.2170891 -0.3053692 -0.927158 -0.2170892 -0.3053691 -0.9117118 -0.2134726 -0.3510143 -0.9117118 -0.2134726 -0.3510144 -0.9027295 -0.2113695 -0.374703 -0.9027295 -0.2113696 -0.3747031 -0.9102879 -0.2131394 -0.3548906 -0.9102883 -0.2131391 -0.3548903 -0.9242818 -0.2164157 -0.3144317 -0.9242819 -0.2164157 -0.3144316 -0.9407327 -0.2202675 -0.2578838 -0.9407324 -0.2202679 -0.257885 -0.9589607 -0.224536 -0.1731417 -0.9589608 -0.2245357 -0.1731408 -0.9705138 -0.2272408 -0.08040308 -0.970514 -0.2272402 -0.08040124 -0.9733146 -0.2278959 -0.02687162 -0.9733144 -0.2278964 -0.02687561 -0.9271583 -0.2170885 -0.3053688 -0.8961234 -0.3220444 -0.3053687 -0.8961235 -0.3220441 -0.3053693 -0.8961241 -0.3220428 -0.3053687 -0.8532506 -0.422745 -0.3053687 -0.8461255 -0.4139131 -0.3357791 -0.8505525 -0.4215381 -0.3144296 -0.8507179 -0.4214901 -0.3140463 -0.8377252 -0.4150528 -0.3548913 -0.8377256 -0.4150524 -0.3548906 -0.8307697 -0.4116061 -0.3747028 -0.8307693 -0.4116067 -0.3747032 -0.8390355 -0.4157022 -0.3510147 -0.8390359 -0.4157018 -0.351014 -0.8532507 -0.4227446 -0.3053692 -0.8532512 -0.4227437 -0.3053689 -0.412591 0.8582251 -0.3053167 -0.3231552 0.9459645 -0.0268678 -0.1308305 0.9903444 -0.04584228 -0.4018837 0.9143086 -0.05029273 -0.4018837 0.9143084 -0.05029654 -0.3972128 0.9141877 -0.0805155 -0.3985519 0.9133682 -0.0831567 -0.4078226 0.8964644 -0.1732987 -0.4167078 0.8967616 -0.1489067 -0.4167079 0.8967617 -0.1489058 -0.4077103 0.848066 -0.3384616 -0.411436 0.857782 -0.308108 -0.4142139 0.8728675 -0.2579323 -0.4104785 0.8718719 -0.2671082 -0.4104781 0.8718709 -0.2671118 -0.463635 0.8288029 -0.3132543 -0.4705229 0.8096268 -0.3508739 -0.4705225 0.8096262 -0.3508761 -0.4645767 0.8110918 -0.3553848 -0.4752008 0.7971637 -0.3724437 -0.482735 0.7921029 -0.3735504 -0.4865049 0.7863727 -0.380698 -0.4810324 0.7924451 -0.375018 -0.4684146 0.7959266 -0.3835214 -0.4752012 0.7971643 -0.3724417 -0.4827349 0.7921026 -0.3735512 -0.4965314 0.7938261 -0.3511365 -0.4932744 0.7998471 -0.3419429 -0.4932745 0.7998472 -0.3419428 -0.512471 0.8025851 -0.305337 -0.5122573 0.8046631 -0.300183 -0.08683836 0.9223162 -0.3765527 -0.08679395 0.9223473 -0.3764867 -0.08511811 0.9232305 -0.3747006 -0.09390616 0.9265543 -0.3642511 -0.09437638 0.9315469 -0.3511599 -0.08142101 0.927498 -0.3648535 -0.0963487 0.9450668 -0.3123552 -0.0936889 0.930149 -0.3550286 -0.08623701 0.9249932 -0.3700687 -0.08623689 0.9249923 -0.3700711 -0.09821486 0.9441289 -0.314602 -0.09320783 0.930679 -0.3537641 -0.09320777 0.9306787 -0.3537645 -0.1073065 0.9601389 -0.258106 -0.1023512 0.9409379 -0.3227382 -0.1023518 0.9409435 -0.3227218 -0.1095037 0.9836252 -0.1431441 -0.1095037 0.9836252 -0.143145 -0.1240931 0.9770069 -0.1733738 -0.1078789 0.9597601 -0.2592735 -0.1078789 0.95976 -0.2592736 -0.1306323 0.9881557 -0.08051991 -0.1597847 0.9855071 -0.05696141 -0.1395126 0.9867818 -0.08244967 -0.1384212 0.9900861 -0.02385836 -0.1368334 0.9902284 -0.02691423 -0.1363536 0.9904886 -0.01844286 -0.3231583 0.9459633 -0.02687054 -0.3983311 0.9168468 -0.02691298 -0.3985005 0.9168042 -0.02583271 -0.3231585 0.9459633 -0.02686929 -0.3222289 0.9432421 -0.08039057 -0.3222287 0.9432424 -0.08038955 -0.3183938 0.9320168 -0.1731187 -0.3183937 0.932017 -0.173118 -0.3123432 0.9143059 -0.2578496 -0.3123438 0.914305 -0.2578518 -0.3068833 0.8983208 -0.3143918 -0.3068829 0.8983215 -0.3143907 -0.3022376 0.8847236 -0.3548473 -0.3022381 0.8847231 -0.3548481 -0.2997292 0.8773788 -0.3746584 -0.2997289 0.877379 -0.3746582 -0.3027105 0.886107 -0.3509712 -0.3027108 0.8861067 -0.3509716 -0.09634876 0.9450672 -0.3123538 -0.09189927 0.9477667 -0.3054389 -0.1979851 0.9314373 -0.3053301 -0.1979858 0.9314372 -0.30533 -0.1946882 0.9159234 -0.3509712 -0.1946885 0.9159232 -0.3509716 -0.1927709 0.9069016 -0.3746584 -0.1927706 0.9069018 -0.3746582 -0.1943842 0.9144935 -0.3548473 -0.1943845 0.9144932 -0.3548477 -0.197372 0.9285483 -0.3143919 -0.1973723 0.928548 -0.3143925 -0.2008844 0.9450709 -0.2578496 -0.2008847 0.9450706 -0.2578505 -0.2047761 0.9633777 -0.1731187 -0.2047758 0.963378 -0.1731177 -0.2072421 0.974981 -0.08039057 -0.2072419 0.9749812 -0.08038967 -0.2078397 0.9777938 -0.02686768 -0.2078398 0.9777938 -0.0268681 -0.1979857 0.9314373 -0.3053298 -0.3078383 0.9011155 -0.3053299 -0.3078381 0.9011157 -0.3053299 -0.3078384 0.9011152 -0.3053306 -0.4132788 0.8578892 -0.3053306 -0.4077093 0.8480639 -0.3384684 -0.4125615 0.8549612 -0.3143796 -0.4121981 0.8556414 -0.3130025 -0.4057625 0.8422824 -0.354848 -0.4057627 0.8422822 -0.3548483 -0.4023944 0.8352904 -0.3746582 -0.4023941 0.8352906 -0.3746579 -0.4063969 0.8435997 -0.3509716 -0.4063969 0.8435997 -0.3509716 -0.4132804 0.8578885 -0.3053305 -0.4132804 0.8578884 -0.3053307 -0.9958614 0.08859634 -0.02026844 -0.9979142 -0.06133568 -0.02012813 0.06133508 0.997899 -0.02086937 -0.004803121 0.9996459 -0.02617365 0.1848273 0.9826172 -0.01738607 -0.3540685 0.934973 -0.02147084 -0.1824184 0.9830787 -0.01672434 0.06133663 0.9979294 -0.01936018 -0.08859068 0.9958619 -0.02026844 -0.08859634 0.9958614 -0.02026844 -0.9979712 -0.06133955 -0.01706284 -0.9871164 -0.1575758 -0.02777016 -0.9997341 -0.01012808 -0.02071648 -0.9964901 0.08176451 -0.01794964 -0.9830787 0.1824184 -0.01672434 -0.934973 0.3540685 -0.02147084 -0.9393045 0.3423805 -0.02196681 -0.9349624 0.354065 -0.02198386 -0.8673098 0.4974848 -0.01681071 -0.7069818 0.7069831 -0.01875096 -0.7664538 0.6419048 -0.02251338 -0.7069268 0.7069255 -0.02260118 -0.6419607 0.7665205 -0.01824432 -0.3541104 0.9350821 -0.01507264 -0.4974358 0.8672243 -0.0219019 -0.3423805 0.9393045 -0.02196681 -0.08838915 -0.9958798 -0.02026802 0.06133532 -0.9979143 -0.02012753 -0.997899 0.06133508 -0.02086991 -0.9996458 -0.004807829 -0.02617537 -0.9826173 0.1848272 -0.01738613 -0.9349731 -0.3540683 -0.0214715 -0.9830787 -0.1824185 -0.01672428 -0.9979295 0.06133615 -0.01936048 -0.9958617 -0.08859199 -0.02026891 -0.9958612 -0.08859765 -0.02026891 0.06133955 -0.9979712 -0.01706284 0.1576943 -0.987097 -0.02778536 0.01045829 -0.9997305 -0.0207262 -0.0815804 -0.996505 -0.01795178 -0.1824185 -0.9830787 -0.01672428 -0.3540683 -0.9349731 -0.0214715 -0.3423805 -0.9393045 -0.02196753 -0.3540646 -0.9349626 -0.02198457 -0.4974848 -0.8673098 -0.01681065 -0.706983 -0.7069819 -0.01875114 -0.6419048 -0.7664538 -0.02251416 -0.7069256 -0.7069268 -0.02260196 -0.7665205 -0.6419607 -0.0182445 -0.9350823 -0.35411 -0.0150724 -0.8672243 -0.4974358 -0.02190262 -0.9393045 -0.3423805 -0.02196753 0.9506309 0.05528295 -0.30536 0.9181317 -0.3953632 -0.02687233 0.9361732 0.1910381 -0.2951002 0.7642896 -0.5322787 -0.3640617 0.768266 -0.5350509 -0.3514085 0.7561714 -0.5462831 -0.3602495 0.7696224 -0.5469301 -0.3294675 0.7688506 -0.517768 -0.3752135 0.7574912 -0.5318526 -0.3786026 0.7596188 -0.5297552 -0.377278 0.7827829 -0.5088294 -0.3582509 0.7676885 -0.5212072 -0.3728234 0.7676886 -0.5212072 -0.3728236 0.8472824 -0.4471825 -0.2866017 0.8169934 -0.4606105 -0.346929 0.8109912 -0.4651095 -0.3549175 0.8144303 -0.4670836 -0.3442908 0.8275359 -0.4616059 -0.3195378 0.8296697 -0.4611376 -0.314643 0.8444435 -0.4693801 -0.2580646 0.8449112 -0.4539952 -0.2828664 0.8649204 -0.4710329 -0.1733228 0.8871282 -0.4397796 -0.1399911 0.8611031 -0.4631501 -0.2097462 0.8970866 -0.4413077 -0.02198088 0.8926074 -0.4500306 -0.02691757 0.8922392 -0.4512119 -0.01780885 0.8911588 -0.4526537 -0.03066992 0.8890907 -0.4540618 -0.05784273 0.8877048 -0.4533157 -0.08052974 0.8997095 -0.4305189 -0.07194578 0.87195 -0.4753406 -0.1172793 0.9506186 -0.3070048 -0.04552263 0.9503034 -0.3102363 -0.02601665 0.9451797 -0.3050416 -0.1165546 0.9485807 -0.3061331 -0.08048182 0.9503432 -0.291994 -0.1076442 0.9503423 -0.2919938 -0.1076531 0.9405541 -0.2921454 -0.1732315 0.9392657 -0.2853085 -0.1907325 0.9227868 -0.18518 -0.3378946 0.9410416 -0.2019632 -0.2713882 0.9380787 -0.2308761 -0.258272 0.9620077 -0.1956274 -0.1904496 0.9620065 -0.1956272 -0.1904559 0.9227882 -0.1851802 -0.337891 0.9315054 -0.1824043 -0.3146848 0.9148203 -0.1454778 -0.3767495 0.9279861 -0.06911581 -0.3661485 0.9383062 -0.09416854 -0.3327369 0.9394413 -0.1224613 -0.3200833 0.9374889 0.1214227 -0.326146 0.9403245 0.08851855 -0.328564 0.9070943 0.05601686 -0.4171835 0.9401562 0.01312172 -0.3404912 0.9461612 -0.01758152 -0.3232181 0.9461612 -0.0175811 -0.3232181 0.9300011 0.1897938 -0.3147636 0.930947 0.1987974 -0.3062962 0.9254775 0.1639454 -0.341487 0.9440438 0.2538136 -0.2106184 0.9566301 0.1992231 -0.2125298 0.9456692 0.1975947 -0.2581979 0.9383388 0.2382212 -0.2505414 0.9393705 0.2115024 -0.2699071 0.9426305 0.2854117 -0.1731702 0.9432299 0.2915123 -0.1591786 0.9503034 0.3102363 -0.02601665 0.9499928 0.3117 -0.01888936 0.9506186 0.3070048 -0.04552263 0.9483216 0.3061528 -0.08340573 0.9485505 0.3062265 -0.08048212 0.9487206 0.3051317 -0.08260744 0.945463 0.2862136 -0.1555045 0.8921678 0.4511758 -0.0218442 0.8939023 0.4474531 -0.02691763 0.8881583 0.45782 -0.03969639 0.8881583 0.4578201 -0.03969269 0.8940925 0.4405832 -0.08053004 0.8943471 0.4401183 -0.08024466 0.8727354 0.4563629 -0.1733953 0.8675376 0.4796206 -0.1316915 0.8675374 0.4796205 -0.1316931 0.824961 0.4578364 -0.331399 0.8347207 0.4618115 -0.2999525 0.8476927 0.4634497 -0.2581306 0.8477121 0.4645048 -0.2561632 0.8477118 0.4645045 -0.2561644 0.8249615 0.4578367 -0.3313972 0.8258198 0.4680716 -0.3145322 0.8078771 0.4625079 -0.3652684 0.7963692 0.4889111 -0.3560364 0.7681365 0.5241622 -0.367723 0.7642896 0.5322787 -0.3640617 0.7596188 0.5297552 -0.377278 0.7630057 0.5263881 -0.3751505 0.7714577 0.5087882 -0.3820833 0.7681373 0.5241629 -0.3677204 0.764286 0.5322763 -0.3640727 0.7602122 0.5465371 -0.3512472 0.7696224 0.5469301 -0.3294675 0.7761133 0.5515744 -0.3056366 0.7617011 0.5610333 -0.3241189 0.9181314 -0.395364 -0.02687114 0.9503384 -0.3100533 -0.02690166 0.9505505 -0.3099982 -0.01883137 0.9181315 0.3953636 -0.02687257 0.9181318 0.3953629 -0.0268712 0.9503751 0.309941 -0.02690154 0.9181316 -0.3953636 -0.02687025 0.9154901 -0.3942261 -0.08039695 0.9154903 -0.3942252 -0.08039963 0.9045929 -0.3895326 -0.1731362 0.9045928 -0.3895325 -0.1731364 0.8873991 -0.3821286 -0.2578768 0.8873993 -0.3821294 -0.2578752 0.871882 -0.3754473 -0.3144216 0.8718821 -0.3754476 -0.3144212 0.858682 -0.3697634 -0.3548806 0.858682 -0.3697633 -0.3548808 0.8515527 -0.3666933 -0.3746919 0.8515528 -0.3666931 -0.374692 0.8600251 -0.3703414 -0.3510043 0.8600251 -0.3703413 -0.3510046 0.93317 -0.1642855 -0.3196938 0.9207517 -0.1620993 -0.3548805 0.9207517 -0.1620991 -0.3548806 0.9131068 -0.1607532 -0.3746923 0.9131069 -0.1607532 -0.3746923 0.922192 -0.1623527 -0.3510035 0.9221921 -0.1623528 -0.3510034 0.9181315 0.3953636 -0.02687233 0.9154899 0.394226 -0.08039969 0.9154905 0.3942253 -0.08039695 0.9045928 0.3895326 -0.1731365 0.9045929 0.3895326 -0.1731361 0.8873996 0.3821288 -0.2578751 0.8873989 0.3821293 -0.2578767 0.8718822 0.3754474 -0.3144212 0.871882 0.3754476 -0.3144217 0.8586819 0.3697634 -0.3548808 0.858682 0.3697633 -0.3548806 0.8515527 0.3666933 -0.374692 0.8515528 0.3666931 -0.3746919 0.8600251 0.3703414 -0.3510046 0.8600251 0.3703413 -0.3510043 0.769623 -0.5469306 -0.3294653 0.7666935 -0.5647106 -0.3054226 0.8250446 -0.4754551 -0.3053584 0.8250439 -0.4754564 -0.3053588 0.8112992 -0.4675356 -0.3510044 0.8112993 -0.4675353 -0.3510048 0.8033072 -0.4629296 -0.3746919 0.8033071 -0.4629294 -0.3746919 0.8084775 -0.465909 -0.3595731 0.782794 -0.5088121 -0.3582509 0.8250437 -0.4754565 -0.3053587 0.874595 -0.376616 -0.3053587 0.8745954 -0.3766155 -0.3053584 0.8745954 -0.3766151 -0.3053588 0.9123554 -0.2726969 -0.3053588 0.9123549 -0.2726981 -0.3053594 0.8971562 -0.2681553 -0.3510035 0.8971561 -0.2681543 -0.3510045 0.888318 -0.2655127 -0.3746923 0.8883179 -0.2655132 -0.374692 0.8957552 -0.2677361 -0.3548805 0.8957551 -0.2677358 -0.3548808 0.909525 -0.2718516 -0.3144217 0.909525 -0.2718519 -0.3144212 0.9257121 -0.2766901 -0.257875 0.9257122 -0.2766901 -0.2578752 0.9403396 -0.2810621 -0.1917432 0.9276078 -0.2711755 -0.2569192 0.9123549 -0.2726984 -0.3053591 0.937815 -0.1651025 -0.3053591 0.9378148 -0.1651031 -0.3053596 0.9378147 -0.1651026 -0.30536 0.9506309 -0.05528295 -0.30536 0.8827688 -0.05133616 -0.4669945 0.9333348 -0.05427676 -0.3548806 0.9333345 -0.05427646 -0.3548809 0.9255854 -0.05382585 -0.3746923 0.9255856 -0.05382651 -0.374692 0.9347949 -0.05436205 -0.3510034 0.9347946 -0.05436128 -0.3510043 0.9506311 -0.05528223 -0.3053595 0.9506314 -0.0552833 -0.3053586 0.890644 0.05179417 -0.4517419 0.9333346 0.05427676 -0.3548809 0.9333348 0.05427652 -0.3548806 0.9255856 0.05382585 -0.3746919 0.9255855 0.05382651 -0.3746923 0.9347945 0.05436205 -0.3510043 0.9347949 0.05436134 -0.3510034 0.9506314 0.05528223 -0.3053586 0.9506308 0.05528324 -0.3053603 0.9378146 0.1651031 -0.30536 0.922192 0.1623528 -0.3510035 0.922192 0.1623527 -0.3510034 0.9131069 0.1607532 -0.3746923 0.9131068 0.1607532 -0.3746923 0.9207517 0.1620991 -0.3548805 0.9207516 0.1620992 -0.3548806 0.9247062 0.1627954 -0.3441163 0.9374858 0.1214469 -0.3261459 0.9378149 0.1651027 -0.3053592 0.937815 0.1651025 -0.3053591 0.9123549 0.2726984 -0.3053591 0.9123549 0.2726981 -0.3053595 0.8971559 0.2681552 -0.3510046 0.8971565 0.2681544 -0.3510035 0.888318 0.2655127 -0.3746919 0.8883178 0.2655132 -0.3746923 0.8957549 0.2677361 -0.3548808 0.8957552 0.2677359 -0.3548805 0.9095251 0.2718517 -0.3144212 0.9095249 0.2718518 -0.3144217 0.9257121 0.2766901 -0.2578751 0.9257122 0.2766901 -0.2578751 0.9348055 0.279408 -0.2192481 0.9440025 0.2539676 -0.2106175 0.9123554 0.2726969 -0.3053588 0.8745954 0.3766151 -0.3053588 0.8745954 0.3766155 -0.3053584 0.874595 0.376616 -0.3053587 0.8250437 0.4754565 -0.3053587 0.8078752 0.4625068 -0.365274 0.8102873 0.4663552 -0.3548905 0.8097449 0.4666393 -0.355754 0.8033071 0.4629294 -0.3746918 0.8033071 0.4629296 -0.3746919 0.8112995 0.4675354 -0.3510044 0.811299 0.4675356 -0.3510047 0.8250439 0.4754564 -0.3053588 0.8250446 0.4754551 -0.3053584 0.5028166 0.7857336 -0.3602751 0.3419991 0.9035332 -0.2581945 0.3762604 0.9261084 -0.02741396 0.3738939 0.9264361 -0.04381322 0.341533 0.9022961 -0.2630912 0.3565908 0.914663 -0.1903542 0.3714773 0.9121021 -0.1734201 0.3462175 0.9335414 -0.09291857 0.3465206 0.9345828 -0.08048856 0.390563 0.9134839 -0.1140513 0.3738938 0.9264357 -0.0438205 0.3272476 0.8909923 -0.3147093 0.3323204 0.8858975 -0.3236492 0.3382499 0.903942 -0.2616789 0.3120476 0.8761525 -0.3674007 0.312048 0.8761536 -0.3673973 0.3214858 0.8777761 -0.3551845 0.3204202 0.8797774 -0.3511734 0.3204205 0.8797782 -0.3511711 0.3212209 0.8756076 -0.3607332 0.3212211 0.8756077 -0.3607327 0.3108227 0.8734142 -0.3748824 0.3106194 0.8735491 -0.3747367 0.311535 0.8725688 -0.3762574 0.3028598 0.895334 -0.3265779 0.3334161 0.8748314 -0.3514309 0.3370869 0.8847514 -0.3218502 0.326718 0.8943436 -0.3056219 0.3364037 0.8984028 -0.2823205 0.5504015 0.7677022 -0.3281639 0.5335546 0.7572984 -0.3765882 0.5360509 0.7621334 -0.3630459 0.5386057 0.7657611 -0.3514456 0.5505485 0.7536408 -0.3590569 0.550401 0.7677016 -0.3281661 0.5028199 0.7857315 -0.3602751 0.529067 0.763291 -0.3707761 0.5280597 0.7618274 -0.375196 0.5151284 0.7710281 -0.3743774 0.5361627 0.7548406 -0.3778163 0.4493523 0.846534 -0.2854167 0.4671898 0.8143867 -0.3442499 0.4756209 0.8047906 -0.3551011 0.4785547 0.8097488 -0.3395471 0.4698517 0.8244138 -0.3155649 0.4720304 0.8234752 -0.3147633 0.4804837 0.8381438 -0.2581672 0.4651549 0.8408812 -0.2766762 0.52881 0.8448244 -0.08143657 0.5288145 0.8448215 -0.08143639 0.5204524 0.8361734 -0.1730411 0.4276689 0.8918139 -0.1475378 0.4746479 0.8565687 -0.2024833 0.4167782 0.9086201 -0.02656364 0.3755674 0.9264041 -0.02691435 0.4169065 0.9085516 -0.02689135 0.4156904 0.9093084 -0.01896929 0.4179247 0.9050071 -0.07937973 0.4183 0.9047387 -0.08045524 0.4183444 0.904834 -0.07914185 0.4188825 0.9068446 -0.04658532 0.4787761 0.7988091 -0.3642491 0.4766137 0.7952011 -0.3748263 0.4766136 0.7952011 -0.3748263 0.481359 0.8031184 -0.3511328 0.4813597 0.8031184 -0.3511321 0.5683249 0.7639911 -0.3054906 0.4895202 0.8167347 -0.3054741 0.4895207 0.8167343 -0.3054743 0.4895207 0.8167343 -0.3054742 0.4048275 0.8618586 -0.3054742 0.4227469 0.9000084 -0.1061601 0.4187235 0.8914427 -0.1732072 0.4187236 0.8914426 -0.1732068 0.4107587 0.8744857 -0.2579768 0.4107595 0.8744858 -0.2579752 0.4035716 0.859183 -0.3145388 0.4035706 0.8591829 -0.3145402 0.3974562 0.8461657 -0.3550102 0.3974566 0.8461656 -0.3550099 0.3941543 0.8391351 -0.3748263 0.3941545 0.839135 -0.3748261 0.398079 0.84749 -0.3511322 0.3980786 0.84749 -0.3511326 0.4048276 0.8618585 -0.3054742 0.4048271 0.8618586 -0.3054747 0.9505746 0.3100061 -0.01744014 0.9183474 0.3954558 0.01589834 0.4665682 0.2128921 0.8584819 0.8922448 0.4512147 -0.01745235 0.8922461 0.4512121 -0.01745212 0.9183591 0.3954616 -0.01505863 0.9110664 0.4115474 -0.02422702 0.9459477 0.3234142 -0.02420777 0.4890415 0.1651619 0.8564812 0.416994 0.9087421 -0.017434 0.4144397 0.9099099 -0.01743125 0.4156745 0.9093706 -0.016115 0.3763735 0.9263037 -0.0174511 0.3763445 0.9263154 -0.01745212 0.4144397 -0.9099099 -0.01743125 0.3766136 -0.926206 -0.01745206 0.3766398 -0.9261955 -0.01745098 0.4172695 -0.9086433 -0.01592737 0.4144393 -0.90991 -0.01743167 0.3366696 -0.8983142 -0.2822856 0.3190636 -0.8904851 -0.3243988 0.3391164 -0.8896759 -0.3057397 0.3372735 -0.8846894 -0.3218248 0.3164342 -0.881201 -0.3512181 0.3214561 -0.8755358 -0.3606979 0.3120815 -0.875147 -0.3697605 0.3118296 -0.8724164 -0.3763667 0.3108885 -0.8733941 -0.374875 0.3113256 -0.8733742 -0.3745585 0.3214562 -0.8755359 -0.3606975 0.3120813 -0.8751463 -0.3697623 0.3203375 -0.878205 -0.3551619 0.3201408 -0.8784597 -0.3547089 0.3201397 -0.8784565 -0.354718 0.3271936 -0.8910145 -0.3147024 0.3333947 -0.8847929 -0.3255606 0.336689 -0.9029845 -0.2669447 0.3375236 -0.9052258 -0.2581555 0.3447796 -0.8989059 -0.2703611 0.3510867 -0.9108976 -0.2168034 0.3647297 -0.9148227 -0.1734119 0.3423516 -0.9293496 -0.1382198 0.3767882 -0.9260963 -0.01939541 0.376612 -0.9262021 -0.01769578 0.3777593 -0.9254698 -0.02834832 0.3673485 -0.9281315 -0.06022489 0.3669205 -0.9267603 -0.08052736 0.3941224 -0.9162026 -0.07238936 0.3423517 -0.9293498 -0.1382189 0.4197261 -0.9056171 -0.06072711 0.3801692 -0.9245253 -0.02691465 0.4174379 -0.9083075 -0.02689146 0.417129 -0.9083374 -0.03043884 0.4197263 -0.9056172 -0.0607239 0.4177388 -0.9049977 -0.08045893 0.4207764 -0.9024817 -0.09205472 0.4602878 -0.870667 -0.1734186 0.5504202 -0.8306972 -0.08354514 0.5504199 -0.830697 -0.08354836 0.4695476 -0.8204817 -0.3260901 0.4731228 -0.830491 -0.2940059 0.4728675 -0.8424458 -0.2582275 0.481886 -0.8410392 -0.2458431 0.4818859 -0.841039 -0.2458443 0.4695479 -0.8204821 -0.3260886 0.4780111 -0.8200433 -0.3146973 0.4737446 -0.8030933 -0.3613962 0.4678608 -0.8056253 -0.36342 0.5342283 -0.7625669 -0.3648176 0.536126 -0.7620902 -0.3630255 0.5336308 -0.7572517 -0.3765743 0.5306509 -0.7600336 -0.3751783 0.5071508 -0.7723925 -0.3823713 0.5342289 -0.7625678 -0.3648149 0.5361235 -0.7620866 -0.3630366 0.5506538 -0.7572116 -0.3512992 0.5504696 -0.7676634 -0.3281402 0.554864 -0.7737445 -0.3056883 0.565024 -0.7594021 -0.3225776 0.4052461 -0.861661 -0.3054763 0.3984901 -0.847296 -0.351134 0.39849 -0.8472962 -0.3511337 0.3945614 -0.8389429 -0.3748281 0.3945611 -0.8389431 -0.3748279 0.3978669 -0.8459723 -0.355011 0.3978673 -0.845972 -0.3550115 0.403988 -0.8589863 -0.3145412 0.403988 -0.8589862 -0.3145414 0.4111834 -0.8742856 -0.2579783 0.411183 -0.8742862 -0.2579769 0.4191561 -0.8912392 -0.1732069 0.4191563 -0.8912391 -0.1732073 0.4239861 -0.9015087 -0.08670526 0.43021 -0.887875 -0.163087 0.4052455 -0.8616619 -0.3054751 0.4052464 -0.8616611 -0.3054757 0.4897559 -0.8165928 -0.3054757 0.4737434 -0.8030914 -0.3614021 0.4778535 -0.8034822 -0.3550667 0.4791236 -0.7988649 -0.3636695 0.4768432 -0.7950626 -0.3748282 0.4768432 -0.7950626 -0.3748282 0.4815911 -0.8029789 -0.351134 0.4815911 -0.8029788 -0.351134 0.4897561 -0.8165927 -0.3054755 0.4897564 -0.8165926 -0.3054756 0.8922448 -0.4512147 -0.01745188 0.9505746 -0.3100061 -0.01744014 0.9462602 -0.3231689 -0.01238888 0.9181953 -0.3953915 -0.02414327 0.9111719 -0.4113225 -0.02407503 0.9181969 -0.3953914 -0.02408778 0.9113456 -0.4113413 -0.01573956 0.8922412 -0.4512218 -0.01745247 0.9998477 9.55109e-7 -0.01745212 0.9998477 2.9955e-7 -0.01745218 0.9998477 -2.47847e-6 -0.01745218 0.9998477 7.6622e-7 -0.01745212 0.9998477 -1.94023e-7 -0.01745212 0.9998477 -1.2657e-7 -0.01745212 0.9998477 6.36536e-7 -0.01745218 0.9998476 -2.59165e-6 -0.01745545 0.9998478 5.13722e-7 -0.01745212 0.9998477 3.13696e-7 -0.01745218 0.9998477 -1.00241e-6 -0.01745283 0.9998475 -2.16961e-5 -0.01746106 0.9998477 -2.83214e-6 -0.01745331 0.9998477 1.50058e-6 -0.0174517 0.9998477 -9.79701e-7 -0.01745289 0.9998477 1.92998e-7 -0.017452 0.9998479 1.67973e-5 -0.01744228 0.9998477 -1.14411e-6 -0.01745325 0.9998477 6.08559e-7 -0.01745218 0.9998477 1.5675e-6 -0.01745259 0.9998477 -4.57213e-6 -0.01745009 0.9998477 1.61745e-6 -0.01745307 0.9998477 1.02636e-6 -0.01745283 0.9998477 -1.34506e-6 -0.01745152 0.9998477 -3.70838e-7 -0.01745229 0.9998477 3.8569e-7 -0.01745277 0.9998478 6.25391e-7 -0.01745295 0.9998478 -1.97947e-7 -0.017452 0.9998478 -2.96279e-6 -0.01744908 0.9998477 -7.14246e-7 -0.01745176 0.9998477 1.64876e-7 -0.01745259 0.9998477 -1.23832e-6 -0.01745331 0.9998477 1.62911e-6 -0.01745051 0.9998469 -3.50718e-5 -0.01749408 0.9998477 -1.22717e-7 -0.01745271 0.9998478 1.18349e-6 -0.01745098 0.9998465 -6.37193e-5 -0.01751995 0.9998478 5.11336e-6 -0.01744645 0.9998477 -1.49355e-5 -0.01745444 0.9998477 -3.82044e-7 -0.0174508 0.9998477 0 -0.01745277 0.9998478 -1.59446e-6 -0.01744836 0.9998477 -2.31829e-6 -0.01745223 0.9998478 1.68326e-5 -0.01745092 0.9998482 8.20565e-5 -0.01742357 0.9998478 -4.47392e-7 -0.01745051 0.9998477 3.86239e-7 -0.01745545 0.9998477 0 -0.01745212 0.9998477 3.41099e-6 -0.01745611 0.9998476 2.17022e-6 -0.01745659 0.9998479 -6.91645e-6 -0.01743972 0.9998477 2.64057e-7 -0.01745247 0.9998477 7.80901e-7 -0.01745206 0.9998477 -8.48008e-7 -0.01745361 0.9998477 -4.10869e-7 -0.01745194 0.9998476 1.64474e-6 -0.01745438 0.9998477 -3.31059e-7 -0.01745247 0.9998477 1.09974e-6 -0.01745039 0.9998477 1.54087e-6 -0.01744967 0.999848 4.52494e-5 -0.01743733 0.9998477 -4.09333e-6 -0.01745253 0.9998477 -3.35393e-6 -0.01745247 0.9998477 7.18043e-6 -0.01745414 0.9998477 -8.71453e-6 -0.01745098 0.9998477 6.18686e-5 -0.01745682 0.9998477 -1.68974e-6 -0.01745569 0.9998477 5.33288e-7 -0.01745063 0.9998477 0 -0.01745206 0.9998477 -6.46794e-6 -0.01745325 0.9998483 -2.22707e-5 -0.01741749 0.9998465 6.83168e-5 -0.0175206 0.9998477 -7.14592e-7 -0.01745271 0.9998478 -1.30136e-5 -0.01744514 0.999848 -3.32822e-5 -0.01743751 0.999165 -0.03694796 -0.01744055 0.9905673 -0.1359334 -0.01727968 0.9770984 -0.212779 0.00195533 0.9655306 -0.2597289 -0.01707541 0.9667164 -0.255406 -0.01507008 0.9597133 -0.2791968 -0.03161793 0.9973907 -0.02008211 0.06934362 0.9799515 -0.1992328 -0.001112997 0.9891414 -0.1464982 -0.01173281 0.9891431 -0.1464861 -0.01173359 0.8535636 -0.5206979 -0.01740729 0.700281 -0.7137083 -0.01506745 0.7967103 -0.6022596 0.05035901 0.8517119 -0.5237939 -0.01505529 0.8019259 -0.5958305 0.04359966 0.8721205 -0.4891435 -0.01202076 0.8063032 -0.5912513 -0.01723933 0.5560657 -0.8084616 -0.1928235 0.8051477 -0.5930704 -0.002195179 0.7710738 -0.6366589 -0.01052427 0.8696103 -0.475872 -0.1316199 0.7002926 -0.7136968 -0.01506745 0.5666632 -0.8238623 -0.01198959 0.5818079 -0.8132821 -0.008469641 0.2312382 -0.9728422 -0.01034587 0.371861 -0.9280896 -0.01921492 0.5666077 -0.8237811 -0.01845097 0.3712552 -0.9283408 -0.01878386 0.4799167 -0.877174 -0.0156728 -0.1647348 -0.9861847 -0.0173853 -0.1020272 -0.9946898 -0.01351636 0.01359242 -0.9997339 -0.01864022 0.2312297 -0.9727771 -0.01540958 0.008172988 -0.9998444 -0.01562702 0.1858543 -0.9824713 -0.0144357 0.8970196 -0.4264669 -0.1161109 0.3615199 -0.9322232 -0.0162245 -0.1632972 -0.9864238 -0.01738309 -0.04547345 -0.9987186 -0.02221149 0.01932162 -0.9996388 -0.01867794 0.2051644 -0.9785874 -0.0165584 0.9988193 0.04547804 -0.01707732 0.9900426 0.1381317 -0.02711921 0.9996388 -0.01932156 -0.01867794 0.4264669 -0.8970197 -0.1161109 0.3525438 -0.9356402 -0.01704198 0.6298919 -0.7764889 -0.01735836 0.7069446 -0.7069446 -0.02142024 0.7764889 -0.6298919 -0.01735836 0.93221 -0.3615149 -0.01707732 0.9358827 -0.3519363 -0.01625829 0.9785874 -0.2051644 -0.0165584 0.7738981 -0.6330352 -0.01865953 0.9962709 0.08420807 -0.0187956 0.9992892 -0.03758013 -0.002961814 0.9896952 0.1421354 -0.01734584 0.9678654 -0.2507271 -0.01930207 0.9123626 -0.4092993 0.008266508 0.9949209 0.08467173 -0.05443447 0.9685402 -0.2484953 -0.01341599 0.9976445 -0.06590008 -0.01904618 0.8300853 -0.5573309 -0.01845741 0.7868496 -0.617138 -0.002890944 0.9673421 -0.2504996 -0.03871881 0.8446391 -0.5352053 -0.0118376 0.8949112 -0.4458153 -0.01955831 0.6020373 -0.7982828 -0.01720064 0.5324758 -0.8464081 0.007926464 0.5584857 -0.8295133 0.0012452 0.6352004 -0.7721908 -0.01555538 0.8120098 -0.5454943 -0.2075478 0.6025336 -0.7979082 -0.0171988 0.5411799 -0.8408915 0.005070209 0.2691336 -0.9629465 -0.01735585 0.1496922 -0.9873724 0.05184489 0.2652294 -0.9640668 -0.01511877 0.1585319 -0.9862802 0.04603302 0.336307 -0.9416467 -0.01410996 0.2034959 -0.9789248 -0.01718986 -0.1233543 -0.7038857 -0.6995204 0.0945 -0.9955244 0.001079618 0.05463933 -0.9984965 -0.004410684 0.259333 -0.9586226 -0.1174277 -0.2070159 -0.9782791 -0.010697 -0.2070046 -0.9782814 -0.01069706 -0.05704742 -0.9983355 -0.008485078 -0.8065332 -0.5910959 -0.01047158 -0.4827318 -0.8756837 0.01216721 -0.1725117 -0.9844151 -0.03415524 -0.6647562 -0.7470551 -0.002808928 -0.5649714 -0.8250376 -0.01097637 -0.6534977 -0.75685 -0.01090461 -0.5649173 -0.8249605 -0.01756846 -0.8558385 -0.5169779 -0.0165655 -0.9862786 -0.1641892 -0.01721554 -0.9909689 -0.1332263 -0.01521319 -0.8557892 -0.5169472 -0.01975929 -0.9201428 -0.3913471 -0.01359444 -0.9201428 -0.3913469 -0.01359444 -0.9998477 0 -0.01745235 -0.9998477 0 -0.01745235 -0.9998477 -1.68246e-7 -0.01745235 -0.9998478 0 -0.01745235 -0.9998477 0 -0.01745212 -0.9998476 0 -0.01745235 -0.9998477 0 -0.01745235 -0.9998477 0 -0.01745235 -0.9998477 0 -0.01745229 -0.9998477 0 -0.01745212 -0.1879894 0.9821034 -0.01153254 -0.8558765 0.5169999 -0.0136671 -0.912092 0.4095745 -0.01835376 -0.986299 0.1641926 -0.01597255 -0.9894828 0.1436156 -0.01727145 -0.5649709 0.8250389 -0.01089608 -0.6179531 0.7860659 -0.01530623 -0.8557646 0.5169332 -0.02114188 -0.7830979 0.6218241 -0.009621143 -0.9158018 0.4013965 -0.01370751 -0.1726009 0.9849241 -0.01155084 -0.1856442 0.9825305 -0.01304137 -0.5648533 0.8248651 -0.023202 -0.4417895 0.8970687 -0.009467065 -0.6243334 0.7810825 -0.01086241 0.2034959 0.9789248 -0.01718986 0.2350946 0.9716724 0.02415353 0.1520408 0.98836 0.00529778 -0.002484738 0.9999724 -0.007007479 -0.1233543 0.7038856 -0.6995204 0.08969163 0.995829 -0.01673287 0.2279449 0.973416 0.02241653 0.5206972 0.853564 -0.01740783 0.7111057 0.7028566 -0.01793038 0.6022596 0.7967103 0.05035901 0.5237939 0.8517119 -0.01505529 0.5958305 0.8019259 0.04359966 0.4891435 0.8721205 -0.01202076 0.6020373 0.7982828 -0.01720064 0.812007 0.5454942 -0.2075588 0.5849447 0.8110633 -0.004012525 0.6333582 0.7737448 -0.01328366 0.475872 0.8696103 -0.1316199 0.9281554 0.3717024 -0.01910251 0.8769475 0.4803199 -0.01599907 0.8130246 0.5821629 -0.008800148 0.7110943 0.7028681 -0.01793038 0.830138 0.5573662 -0.01462417 0.9652297 0.2499362 -0.07657283 0.9997652 0.01223927 -0.01788336 0.9817156 0.1896164 -0.01673865 0.9281551 0.3717032 -0.01910251 0.9679846 0.2507579 -0.01123911 0.9955993 -0.08475726 -0.03997796 0.9997653 0.01222836 -0.01788336 0.9963702 -0.08421641 -0.01241219 0.9861847 -0.1647348 -0.0173853 0.9322232 0.3615199 -0.0162245 0.4264669 0.8970196 -0.1161109 -0.04547804 0.9988193 -0.01707732 -0.1381317 0.9900426 -0.02711921 0.01932156 0.9996388 -0.01867794 0.9864238 -0.1632972 -0.01738309 0.9987186 -0.04547345 -0.02221149 0.9996388 0.01932162 -0.01867794 0.9785874 0.2051644 -0.0165584 0.8970197 0.4264669 -0.1161109 0.9356402 0.3525438 -0.01704198 0.7764889 0.6298919 -0.01735836 0.7069446 0.7069446 -0.02142024 0.6298919 0.7764889 -0.01735836 0.3615149 0.93221 -0.01707732 0.3519363 0.9358827 -0.01625829 0.2051644 0.9785874 -0.0165584 0.6329958 0.7739313 -0.01861989 -0.08414602 0.9962763 -0.01878756 0.03758013 0.9992892 -0.002961814 -0.1421354 0.9896952 -0.01734584 0.2509074 0.9678191 -0.01928198 0.409321 0.9123532 0.008250176 -0.08402311 0.9949807 -0.05434745 0.2484831 0.9685434 -0.01340818 0.06588572 0.9976456 -0.01903802 0.5575888 0.829913 -0.01841861 0.6171684 0.7868257 -0.002920687 0.2508322 0.9672579 -0.03866791 0.5351825 0.8446537 -0.01181781 0.4457892 0.8949247 -0.01953804 0.798395 0.6018884 -0.01720118 0.8463773 0.5325244 0.007960855 0.8294838 0.5585294 0.001281201 0.7721589 0.6352401 -0.01551741 0.5457058 0.8119212 -0.2073379 0.7977997 0.6026773 -0.01719826 0.8408411 0.541258 0.005095005 0.9962227 0.08507579 -0.01738923 0.9962228 0.08507537 -0.01738923 0.9655238 0.2597543 -0.01707631 0.9909964 0.1311646 0.02686941 0.95966 0.2793698 -0.03170418 0.9667077 0.2554386 -0.01507657 0.9652691 0.2606741 -0.0174511 0.9905987 0.1359377 -0.01533114 0.9796562 0.2006816 -7.86087e-4 0.9832798 0.1820446 -0.004555583 0.1149303 0.9926599 0.03764969 0.1496918 0.98857 -0.01793962 0.1492241 0.9886638 -0.01661771 0.1149302 0.992654 0.03780275 0.1149287 0.9926469 0.03799313 0.08024495 0.9966236 -0.01738029 0.08043259 0.996611 -0.01723551 0.08020532 0.9966317 -0.01709973 0.114942 0.9927598 -0.03487843 0.1149418 0.9927597 -0.03487843 0.5726369 0.8195177 -0.02185845 0.4884949 0.8721524 -0.02688616 0.4157845 0.9089637 -0.03013795 0.3345601 0.9418036 -0.03279447 0.1668453 0.9853655 -0.03489398 0.1528252 0.9876351 -0.03494799 0.2101175 0.977059 -0.0347343 0.2611843 0.9646838 -0.03417366 0.3750142 0.8913352 -0.2547273 0.8854001 0.4634678 -0.03555536 0.7724615 0.6342389 -0.03231585 0.6667806 0.7447844 -0.02645885 0.7576801 0.6517824 -0.03317379 0.5714675 0.8201887 -0.02674472 0.7576573 0.651764 -0.03404635 0.3801802 0.9242845 -0.03407472 0.3545643 0.8322798 -0.426139 0.8853986 0.4634709 -0.03555536 0.971593 0.2344744 -0.03207218 0.983005 0.1803407 -0.03432726 0.9993909 2.07392e-6 -0.03489887 0.9993909 1.28643e-6 -0.03490006 0.9993909 -1.21909e-6 -0.03489941 0.9993909 -6.41166e-7 -0.03489917 0.9993908 0 -0.03489947 0.9993909 0 -0.03489947 0.9993909 0 -0.03489947 0.9993909 0 -0.03489947 0.9993908 -1.80318e-7 -0.03489959 0.9993909 0 -0.03489947 0.7933036 -0.6078854 -0.03383296 0.9722579 -0.2314343 -0.03395199 0.9789013 -0.2014036 -0.03447675 0.9722394 -0.2314047 -0.03467673 0.7933129 -0.607882 -0.03367632 0.9723779 -0.2317185 -0.02806448 0.7742243 -0.6320137 -0.03369641 0.001103341 -0.9997354 -0.02297562 0.4362695 -0.8991704 -0.0340802 0.4362762 -0.8991672 -0.03408026 0.00116074 -0.9997353 -0.02297741 0.4084013 -0.9121654 -0.03410023 7.86722e-4 -0.9993982 -0.03467667 -0.0299353 -0.9989615 -0.0343464 8.08331e-4 -0.9994231 -0.03395211 0.0850678 -0.9956898 -0.03694945 0.1671563 -0.9853152 -0.03482621 -0.1781056 -0.983394 -0.03484928 0 -0.9992641 -0.03835695 -0.08995229 -0.9949361 -0.0448417 0.005295395 -0.9992071 -0.03946059 -8.37375e-4 -0.9994231 -0.03395181 -8.19346e-4 -0.9994232 -0.03395205 0.02993524 -0.998958 -0.0344507 -7.22133e-4 -0.9993992 -0.03465026 -0.4084068 -0.9121781 -0.03369027 -0.001192152 -0.999726 -0.02337408 -0.9723884 -0.2316494 -0.02827531 -0.9723985 -0.2316068 -0.02827447 -0.7742263 -0.6320105 -0.0337103 -0.7933076 -0.6078885 -0.03368508 -0.7742231 -0.6319946 -0.0340802 -0.4362821 -0.8991643 -0.03408032 -0.7933019 -0.6078742 -0.03407633 -0.9789025 -0.2014027 -0.03445059 -0.9722597 -0.2314267 -0.03395205 -0.9993909 -2.17507e-7 -0.03489935 -0.9993908 0 -0.03489947 -0.9993909 -1.20611e-7 -0.03489953 -0.9993909 0 -0.03489947 -0.9993909 0 -0.03489947 -0.9993909 8.45552e-7 -0.03489977 0.06616485 0.9968766 -0.04311859 -0.06720489 0.9971707 -0.03367769 0.07688218 0.9964292 -0.03489917 0.05552583 0.9978469 -0.03490787 0.002321779 0.9993984 -0.03460401 -0.1916587 0.9809843 -0.03060579 -0.282885 0.9587882 -0.02648317 -0.5298365 0.848001 -0.0129466 -0.9800916 0.1955736 -0.03422552 -0.9782115 0.2048377 -0.03381931 -0.8371627 0.5458503 -0.03472799 -0.8371422 0.5458819 -0.03472775 -0.8138642 0.5801107 -0.03311544 -0.5249024 0.8506542 -0.02941066 -0.8137997 0.5800654 -0.03541457 -0.5127034 0.8578311 -0.03551059 -0.5232091 0.8514875 -0.03494793 -0.1368187 0.9899761 -0.0350418 0.05474191 0.9975873 -0.04269427 0.1348317 0.9211927 -0.3649994 0.1190307 0.9214444 -0.3698272 0.1066645 0.9221239 -0.3719009 0.1000689 0.9225317 -0.3727216 0.1087394 0.9603066 -0.2568794 0.1138957 0.941109 -0.3183422 0.1031624 0.9376249 -0.3319895 0.1037181 0.9422731 -0.3183767 0.1022366 0.9377048 -0.3320502 0.1165341 0.9270977 -0.3562439 0.1073998 0.9219169 -0.3722023 0.1075577 0.9207164 -0.3751169 0.1075526 0.9206746 -0.3752209 0.104742 0.9210296 -0.3751448 0.143923 0.9148008 -0.3773932 0.1118372 0.9765399 -0.1840171 0.1116039 0.9769142 -0.1821624 0.1139386 0.9734355 -0.1985985 0.1124976 0.9768899 -0.1817426 0.1470176 0.9746096 -0.1688843 0.1125984 0.9766857 -0.1827751 0.1134266 0.9750814 -0.1906586 0.1130666 0.9765459 -0.1832326 0.07938319 0.9824152 -0.1689932 0.1128396 0.9744092 -0.1944065 0.0775271 0.9825449 -0.1691009 0.07942533 0.9824407 -0.1688248 0.1130797 0.9766936 -0.1824347 0.1128044 0.9738761 -0.19708 0.1474478 0.9743959 -0.16974 0.1478787 0.9744969 -0.168783 0.07929754 0.9824585 -0.1687819 0.1128523 0.9747101 -0.1928848 0.1128084 0.9741165 -0.1958861 0.1473472 0.9746142 -0.1685702 0.1465449 0.9746473 -0.1690777 0.1122149 0.9757829 -0.1877648 0.1126293 0.9744686 -0.1942303 0.1129621 0.9598881 -0.2566213 0.1121287 0.9616723 -0.2502271 0.1119335 0.9599909 -0.2566872 0.1079961 0.9621511 -0.2502044 0.1065967 0.9419544 -0.3183693 0.1149304 -0.9926605 0.0376318 0.0804066 -0.9966137 -0.0172041 0.08061629 -0.9966066 -0.01662278 0.1149289 -0.9926535 0.03782051 0.1149288 -0.9926475 0.0379756 0.1492832 -0.9886503 -0.01688492 0.1499481 -0.9885407 -0.01740384 0.1498573 -0.9885535 -0.01745843 0 0.9994233 -0.03395855 0 0.9994233 -0.03395855 -0.2294802 0.9725909 0.03749346 -0.05154466 0.9980806 -0.03432834 0.1764657 0.9838123 -0.03119456 -0.007405638 0.9993933 -0.03403294 0.1902262 0.9811196 -0.03490239 0.5437036 0.8386446 -0.03258329 0.4288485 0.9027144 -0.03457802 0.5562273 0.8302789 -0.03533101 0.7793761 0.6255944 -0.03470742 0.9404734 0.3383942 -0.03161031 0.7793982 0.6256033 -0.03404301 0.9337095 0.3568662 -0.02886611 0.5562218 0.8302825 -0.03533089 0.9741277 0.2234233 -0.03401726 0.9989936 0.03277736 -0.03061974 0.9488155 0.3138623 -0.03520858 0.9993909 0 -0.03489947 0.9993909 0 -0.03489947 0.9993908 0 -0.03489947 0.9993908 0 -0.03489947 0.9993909 0 -0.03489953 0.9993909 0 -0.03489953 0.9715335 -0.2344601 -0.03392666 0.3875577 -0.9211486 -0.03583425 0.1775269 -0.9830501 -0.04578936 0.1655115 -0.9851205 -0.04629826 0.2932655 -0.9554377 -0.03367823 0.1526042 -0.987671 -0.03489923 0.1739087 -0.9841429 -0.03490811 0.2261462 -0.9734785 -0.03460371 0.4107465 -0.9112358 -0.03060585 0.494295 -0.8688905 -0.02649313 0.7096439 -0.7044417 -0.01294219 0.7576085 -0.651722 -0.03588593 0.7042251 -0.7091705 -0.03382694 0.7576891 -0.65179 -0.03281778 0.9641844 -0.2628592 -0.03540688 0.9641832 -0.2628633 -0.03540688 0.114942 -0.9927598 -0.03487843 0.1149418 -0.9927597 -0.03487843 -0.2499382 -0.967855 -0.0280658 -0.160233 -0.986579 -0.03142136 -0.07820093 -0.9963767 -0.03343743 -0.01570355 -0.9992842 -0.03441774 0.07696819 -0.9964159 -0.0350902 0.03803038 -0.9986701 -0.03480851 0.07116597 -0.9968538 -0.03489792 -0.1333091 -0.964582 -0.2276188 -0.1305075 -0.9136788 -0.3849141 -0.338862 -0.9405379 -0.02368485 -0.128885 -0.9910663 -0.03429639 -0.3359726 -0.9412208 -0.03501284 -0.5127452 -0.857901 -0.03314191 -0.4413635 -0.8968356 -0.02973347 -0.8651483 -0.5002798 -0.03519284 -0.813885 -0.5801256 -0.03233569 -0.7079164 -0.7055381 -0.03271543 -0.8138226 -0.5800817 -0.03461545 -0.7071008 -0.7062296 -0.03533148 -0.5634727 -0.8254419 -0.0338236 -0.8651388 -0.5002962 -0.03519278 -0.9782238 -0.2048403 -0.03344815 -0.9822856 -0.1842233 -0.03430211 -0.9993908 6.41307e-7 -0.03489947 -0.9993909 0 -0.03489947 -0.9993909 0 -0.03489947 -0.9993909 0 -0.03489947 -0.9993909 0 -0.03489947 -0.9993909 0 -0.03489947 -0.4288554 0.902729 -0.03410786 -0.974128 0.2234225 -0.03401726 -0.9247218 0.3789554 -0.0358116 -0.9247193 0.3789613 -0.0358116 -0.9989791 0.03311395 -0.03072863 -0.5493257 0.8348811 -0.03485465 -0.9098051 0.4138962 -0.03073614 -0.7793939 0.6255999 -0.03420537 -0.7793896 0.6256052 -0.03420537 -0.3141006 0.9493284 0.01078116 -0.4467273 0.8940294 -0.03385555 0.007409334 0.9993938 -0.0340172 0.007405638 0.9993939 -0.03401726 0.1153401 -0.9213326 -0.3712721 0.1289564 -0.9283059 -0.3487383 0.1279754 -0.9210132 -0.3679088 0.133462 -0.9278041 -0.3483781 0.1168624 -0.9358004 -0.3325972 0.1345066 -0.9461247 -0.2945441 0.1327757 -0.9337394 -0.3324176 0.1478594 -0.9444543 -0.2935023 0.1343462 -0.9503178 -0.2807974 0.1227654 -0.9216882 -0.3679939 0.1182932 -0.920203 -0.3731396 0.1183988 -0.921038 -0.3710399 0.114096 -0.9207093 -0.3731977 0.1154616 -0.9365131 -0.3310769 0.1135522 -0.9207718 -0.3732092 0.1103381 -0.9370011 -0.3314428 0.1118229 -0.9373866 -0.3298515 0.1117613 -0.9368672 -0.3313446 0.1124039 -0.937319 -0.329846 0.1103139 -0.9601604 -0.2567547 0.1114321 -0.960889 -0.2535258 0.1113352 -0.9600589 -0.2566931 0.1129565 -0.9607095 -0.2535313 0.1126697 -0.9735295 -0.1988616 0.1129522 -0.9747974 -0.1923843 0.07901036 -0.982349 -0.1695519 0.1123328 -0.9748645 -0.1924074 0.1131755 -0.9765406 -0.1831936 0.1131914 -0.9766572 -0.1825609 0.1129014 -0.9743942 -0.194446 0.1491433 -0.9742428 -0.1691371 0.147131 -0.9746001 -0.1688402 0.07809078 -0.9823141 -0.1701784 0.079822 -0.9818041 -0.1723052 0.1126732 -0.9753099 -0.1899352 0.113666 -0.976737 -0.1818378 0.1135308 -0.9765173 -0.1830976 0.07827621 -0.9825605 -0.1686647 0.1130186 -0.9757609 -0.1873968 0.112854 -0.9747246 -0.1928104 0.1470769 -0.9746052 -0.1688582 0.1472249 -0.9746409 -0.1685229 0.07995039 -0.9822821 -0.1694986 0.08030056 -0.9822297 -0.1696372 0.08074897 -0.9821714 -0.1697611 0.1132597 -0.9759517 -0.1862537 0.1129576 -0.9749134 -0.191793 0.1129567 -0.9749048 -0.1918372 0 0 -1 0 0 -1 0 0 -1 0 0 -1 0 0 -1 0 0 -1 0 0 -1 0 0 -1 0 0 -1 0 0 -1 0 0 -1 0 0 -1 -0.1533043 -0.7808566 -0.6056079 0.4062697 -0.5578222 -0.723726 -0.2694315 -0.3967738 -0.8774834 0.9616141 -0.07522892 -0.2638921 0.9716632 -0.2306637 -0.05162042 0.7179017 -0.2444835 -0.6518014 -0.00250101 -0.9916021 -0.1293025 0.07879596 -0.9828611 -0.1666595 -0.002504169 -0.9916021 -0.1293022 -0.2319818 -0.9457103 -0.2276322 -0.2319824 -0.9457111 -0.227628 0.3015923 -0.8558381 -0.4202182 0.1031405 -0.8941094 -0.4358102 0.1078266 -0.8952814 -0.4322553 -0.05153542 -0.9000355 -0.432759 -0.1533046 -0.7808457 -0.6056219 0.4921696 -0.7836447 -0.3790385 0.7686935 -0.6259288 -0.1316187 0.4293069 -0.8884574 -0.162293 0.2978721 -0.9213313 -0.2498416 0.4215228 -0.8746315 -0.2394539 0.5248036 -0.8292838 -0.1920145 -0.004073381 -0.9850714 -0.1720979 -0.004024088 -0.9850713 -0.1721002 0.9616166 -0.07522559 -0.2638836 0.9663795 -0.09887486 -0.237349 0.9628925 -0.1524336 -0.2227149 0.9673287 -0.1785897 -0.1799471 0.9673287 -0.1785966 -0.1799399 0.7179033 -0.2444829 -0.6517998 0.7531056 -0.2841272 -0.5933833 0.7487156 -0.4113709 -0.5198066 0.7293519 -0.3990945 -0.5556701 0.7376356 -0.5157027 -0.435826 0.9666652 -0.1843742 -0.1776641 0.9703586 -0.2104524 -0.1188026 0.9743933 -0.2092615 -0.08226388 0.9716633 -0.2306639 -0.05162042 -0.05522334 -0.3383592 -0.9393953 -0.05531138 -0.3383479 -0.9393942 0.1518562 -0.372817 -0.9153946 0.3091337 -0.3156225 -0.897117 0.3091306 -0.3156225 -0.897118 0.1106809 -0.4509643 -0.8856528 -0.2750276 -0.555391 -0.7847934 0.1681635 -0.597257 -0.7842226 0.1455585 -0.6065592 -0.7816001 0.4234911 -0.5682035 -0.7055495 0.4270067 -0.3667296 -0.8265438 0.3010805 -0.439079 -0.8464987 -0.1533066 -0.7808619 -0.6056003 -0.06324136 -0.7702575 -0.6345897 0.1362114 -0.7680044 -0.625792 0.1451651 -0.7647831 -0.6277212 0.3065695 -0.7370043 -0.6023617 0.4061958 -0.6779763 -0.6126608 0.4809225 -0.6732151 -0.5616894 0.7374966 -0.5159741 -0.4357402 0.7538492 -0.5882717 -0.2926564 0.7605051 -0.5879343 -0.2756178 0.7683069 -0.626581 -0.1307703 0.9716529 -0.2307063 -0.05162632 0.3026931 0.04605895 -0.9519745 -0.2564541 0.6991965 -0.6673498 0.7388585 0.5552329 -0.3818436 0.9406492 0.1559444 -0.3014307 0.7850487 0.5770389 -0.2252212 0.8316908 0.4362493 -0.3434776 0.6647058 0.3927947 -0.6355143 0.7803126 0.5751371 -0.2456204 0.4429152 0.7426121 -0.502348 0.3249253 0.7983472 -0.5070161 -0.2169607 0.3954992 -0.8924732 -0.2169551 0.3954886 -0.8924793 0.1557793 0.6043392 -0.7813494 0.3530072 0.7860644 -0.5074335 0.1226701 0.6682553 -0.7337486 0.2782217 0.6925576 -0.6655499 -0.05716609 0.004523038 -0.9983544 0.004387617 -9.10318e-4 -0.99999 0.004382848 -8.93708e-4 -0.9999899 -0.05713802 0.004598677 -0.9983558 -0.05065453 0.01912379 -0.9985331 -0.05717563 0.01923382 -0.9981788 0.2466614 0.02938932 -0.968656 0.3047135 0.01718699 -0.9522889 0.3047142 0.01718705 -0.9522888 0.4064406 0.05347871 -0.9121107 0.5509097 0.06683087 -0.8318847 0.1079311 0.1271722 -0.985991 0.7126036 0.2291519 -0.6630879 0.7249246 0.2176007 -0.6535552 0.9005648 0.2709669 -0.3399412 0.9620745 0.180849 -0.2042211 0.9783455 0.06266176 -0.1972651 0.9571704 0.04703319 -0.2856796 0.7576652 0.03036499 -0.6519367 0.7197729 -0.04040205 -0.6930329 0.7197726 -0.04040211 -0.6930332 0.02558672 0.7985567 -0.6013756 0.4574788 0.8600097 -0.2260453 0.4574765 0.8600115 -0.2260432 0.4854263 0.7341315 -0.474776 0.3235777 0.7139791 -0.6209117 0.1787472 0.8554144 -0.4861231 -0.2564556 0.6991977 -0.6673479 0.02596348 0.4226919 -0.9059014 -0.03019064 0.3703432 -0.9284042 0.1385346 0.3878235 -0.9112634 0.2629601 0.4271886 -0.8650791 0.2952353 0.4302417 -0.8530699 0.4135201 0.4710779 -0.7791577 0.4342001 0.4696661 -0.7686899 0.5951891 0.4923425 -0.6350974 0.4511868 0.525156 -0.7215551 0.7712977 0.5902913 -0.2380251 0.7850459 0.5770437 -0.2252191 0.3710374 0.8768122 -0.3058292 0.3729933 0.895604 -0.2424243 0.4014822 0.842206 -0.3598628 0.7761783 0.5733734 -0.2622789 0.7761939 0.5733554 -0.2622722 0.77619 0.5733599 -0.2622737 0.7761796 0.5733725 -0.2622772 0.7519495 0.6022477 -0.2680851 0.4015505 0.8421774 -0.3598533 0.4014786 0.8422075 -0.3598631 0.9726341 0.2014219 -0.1158102 0.7534292 0.6301413 -0.1877935 0.7517558 0.6073112 -0.2569754 0.7514509 0.6076678 -0.2570241 0.7522686 0.6165646 -0.2322503 0.7521716 0.6166796 -0.2322588 0.7535951 0.6299695 -0.1877043 0.3731161 0.8955483 -0.2424408 0.3729927 0.8956044 -0.2424237 0.3710374 0.8768119 -0.3058302 0.3711941 0.8767407 -0.3058444 0.3712062 0.8767459 -0.3058146 0.3700181 0.8640972 -0.3412077 0.3707225 0.8638685 -0.3410221 0.9687159 0.2165768 -0.1211782 0.9688675 0.2183259 -0.1167452 0.9688283 0.2184599 -0.1168204 0.9691323 0.2216787 -0.1078951 0.9691166 0.2217326 -0.1079237 0.969654 0.2265436 -0.09192025 0.9696229 0.2266545 -0.09197336 0.3714587 0.8565298 -0.3582949 0.3714185 0.8560448 -0.3594937 0.1566982 0.9128475 -0.3770346 0.9726329 0.201427 -0.1158119 0.9688295 0.2168375 -0.119795 0.9687883 0.2163305 -0.121038 0.7519187 0.6018598 -0.2690412 0.7513486 0.6025192 -0.2691575 0.3702272 0.8569247 -0.3586249 0.3701328 0.8570365 -0.3584553 0.4445136 -0.8757759 -0.1882136 0.6085872 -0.6019535 -0.5169853 0.3978564 -0.8933114 -0.2090578 -0.3663125 -0.9132571 -0.1782601 -6.38992e-4 -0.9992123 -0.03967702 -6.21051e-4 -0.9992126 -0.0396713 -0.02016085 -0.9980947 -0.05831414 8.59732e-6 -0.9984465 -0.0557177 -6.84757e-5 -0.9984453 -0.05573987 0.4445149 -0.8757832 -0.1881766 0.3993366 -0.9027295 -0.1600306 0.03094536 -0.9564579 -0.2902252 -0.02371495 -0.9669854 -0.2537261 -0.2033812 -0.933372 -0.2957242 0.608587 -0.601955 -0.5169837 0.3912349 -0.7458717 -0.5390832 0.2057241 -0.7746205 -0.5980308 -0.7562304 -0.4933542 -0.4297876 -0.6723409 -0.5304396 -0.5163251 -0.9405953 -0.2419885 -0.2381641 -0.9405983 -0.2419846 -0.2381557 -0.9405941 -0.2419919 -0.2381647 -0.9978579 -0.02936178 -0.05845981 -0.4231545 -0.8995006 -0.1088071 -0.364933 -0.9024715 -0.228843 -0.6299321 -0.7359631 -0.2480804 -0.9695596 -0.2288388 -0.08710378 -0.8010959 -0.5873221 -0.115318 -0.7719605 -0.6292579 -0.09006386 -0.7399491 -0.6668212 -0.08845818 -0.7680277 -0.6252614 -0.1384977 -0.4348806 -0.8974187 -0.07428628 -0.9567421 -0.2345603 -0.1721221 -0.9570385 -0.2627803 -0.1225714 -0.969669 -0.2289736 -0.08551651 0.427042 -0.4666765 -0.7744987 0.3823654 -0.6709768 -0.635285 0.4959011 -0.5085455 -0.7038916 0.4246432 -0.5270846 -0.7361114 0.2129808 -0.6551588 -0.7248489 0.08370542 -0.648509 -0.7565907 -0.04763478 -0.6818048 -0.7299815 -0.259305 -0.6004356 -0.7564642 -0.3004451 -0.5904524 -0.7490653 -0.2585957 -0.6256541 -0.7359926 -0.2586308 -0.6256464 -0.7359869 -0.6723351 -0.530444 -0.5163281 -0.6720133 -0.5307655 -0.5164166 -0.5691584 -0.6644143 -0.484368 -0.3042235 -0.7875999 -0.5358492 -0.3480353 -0.7553952 -0.5552023 -0.05423212 -0.8249321 -0.5626242 -0.1188353 -0.7922719 -0.5984843 0.1159561 -0.8108833 -0.5736049 0.1883034 -0.9382878 -0.2900998 0.3138234 -0.8697332 -0.3808926 0.1167437 -0.8882413 -0.4442954 0.02595824 -0.9064313 -0.4215548 -0.1220147 -0.885533 -0.4482676 -0.2017073 -0.8857921 -0.4179552 -0.3521217 -0.8329581 -0.4268388 -0.4197512 -0.8198477 -0.3894338 -0.5724384 -0.7275784 -0.3780795 -0.623448 -0.7057377 -0.3365218 -0.7630149 -0.5712041 -0.302546 -0.7955304 -0.546792 -0.2610554 -0.9937031 -0.05694556 -0.09649497 -0.9695504 -0.2288772 -0.08710575 0.2846322 -0.924022 -0.25528 0.1643455 0.7939706 -0.5853216 -0.05226057 -0.1738036 -0.9833927 -0.8184398 -0.5647703 -0.1057867 0.3878568 -0.7408383 -0.5483847 0.3878469 -0.7408378 -0.5483924 0.3878471 -0.7408269 -0.548407 0.08557641 -0.3897851 -0.9169211 -0.9922332 0.08731704 -0.08859425 -0.07194256 0.005827307 -0.9973918 0.08661639 0.42557 -0.9007707 0.08661234 0.4255816 -0.9007656 0.08660739 0.4255549 -0.9007787 0.1321608 0.7920707 -0.595951 0.1902728 0.8015612 -0.5668297 0.1902864 0.8015437 -0.5668499 -0.2801964 0.4890401 -0.8260325 -0.2802029 0.4890573 -0.8260201 0.2931899 0.7332087 -0.613551 0.4144372 0.4158788 -0.8094977 0.5539347 -0.01425659 -0.8324381 0.5539355 -0.01426559 -0.8324373 0.5539424 -0.0142529 -0.832433 0.632112 -0.4101778 -0.6574105 0.495099 -0.6435411 -0.5837224 0.4950987 -0.6435394 -0.5837244 0.4950936 -0.6435511 -0.583716 0.4144377 0.4158762 -0.8094988 0.4172428 0.4934103 -0.7631872 0.3410043 0.4880877 -0.8034217 0.3321052 0.4816793 -0.8109816 0.2645455 0.4775314 -0.8378421 0.2577413 0.4642271 -0.8473858 0.1574931 0.4714171 -0.8677337 0.1534152 0.4687147 -0.8699255 0.04347586 0.481898 -0.875148 0.1643459 0.7939733 -0.5853178 0.1603977 0.805082 -0.5710653 0.1513807 0.8063637 -0.571718 0.1489507 0.8079705 -0.5700854 0.180794 0.8057761 -0.5639489 0.1734856 0.8117991 -0.5575706 0.1989344 0.8131793 -0.5469592 0.1909437 0.8153254 -0.5466123 0.1823213 0.8144888 -0.5507876 0.2164546 0.7949687 -0.5667206 -0.8184202 -0.5647964 -0.105799 -0.1820738 -0.9466883 -0.2657637 -0.1792928 -0.9482035 -0.2622293 -0.05607485 -0.9653533 -0.2548499 -0.06390708 -0.9625509 -0.2634609 0.07562935 -0.9687341 -0.236293 0.06716263 -0.9600126 -0.2717811 0.1824846 -0.9572786 -0.2243148 0.1646104 -0.9546821 -0.2479628 0.2750939 -0.9419632 -0.1924284 0.2820726 -0.924312 -0.2570648 0.2846013 -0.9240306 -0.2552832 0.2846472 -0.9240291 -0.2552375 0.2845804 -0.9240564 -0.255213 0.5944824 -0.6545903 -0.4670142 0.4694184 -0.6813648 -0.5615945 0.4277149 -0.7228312 -0.5427476 0.3348213 -0.7336513 -0.5913124 0.3084543 -0.7437316 -0.5930592 0.2001944 -0.7458411 -0.6353293 0.1749976 -0.7641173 -0.620887 0.01453566 -0.7565863 -0.6537324 0.004727423 -0.7600706 -0.6498234 -0.1595904 -0.7361665 -0.6577156 -0.1566755 -0.7345256 -0.660246 -0.7883042 -0.4352819 -0.4348634 0.4865525 -0.4369575 -0.756528 0.6846127 -0.2914695 -0.668095 0.6927748 -0.2824301 -0.6635483 0.5461601 -0.3142414 -0.776506 0.5209536 -0.3598117 -0.7740433 0.4171869 -0.3705893 -0.8298305 0.3965626 -0.3817488 -0.8348689 0.2763898 -0.3857638 -0.8802244 0.2571837 -0.4075385 -0.8762243 0.08150923 -0.3980079 -0.9137538 0.07315945 -0.4024261 -0.9125245 -0.1053566 -0.3778572 -0.9198499 -0.08420336 -0.3615316 -0.9285498 -0.3291162 -0.3070731 -0.8929662 -0.3428792 0.02977788 -0.9389074 0.7830469 0.2478862 -0.5704298 0.5763006 0.1233799 -0.8078706 0.5222895 0.1120216 -0.8453785 0.5112196 0.07282835 -0.8563589 0.4193984 0.06500506 -0.9054719 0.4049862 0.05542325 -0.9126415 0.2993798 0.04995948 -0.9528251 0.2867335 0.03036791 -0.9575289 0.1325582 0.04048186 -0.9903482 0.126286 0.03646397 -0.9913235 -0.01650488 0.05469024 -0.998367 -0.07194918 0.00581181 -0.9973914 0.7472071 0.6633166 0.04114037 0.1600046 0.981867 -0.1016651 0.4473334 0.8742641 -0.1885606 0.3607748 0.931825 0.03929227 0.3909061 0.9078548 -0.1516313 0.2951448 0.9548938 0.03266996 0.3216258 0.9391205 -0.1208705 0.2312217 0.9726467 -0.02225053 0.2569471 0.9630143 -0.08112788 0.1926719 0.9805247 -0.03806447 0.2085356 0.9758371 -0.06522923 0.1615015 0.9854649 -0.05268889 0.1664072 0.9844009 -0.05712717 0.5519628 0.8278418 -0.1000753 0.4589415 0.8878515 -0.03305101 0.4263083 0.9021551 0.0661624 0.5519679 0.8278366 -0.1000902 0.5765076 0.7683042 -0.2781143 0.594772 0.7942005 0.1244654 0.650113 0.6819584 -0.3350906 0.6991236 0.6967199 0.1606472 0.7354843 0.6771289 -0.02365076 0.8581399 0.4953646 -0.1349439 0.8581394 0.4953665 -0.1349403 0.7699136 0.352788 -0.5317648 0.9108947 0.2860974 0.2973536 0.6085366 0.6706776 -0.4241166 0.6281689 0.7472754 -0.2167564 0.5266503 0.8466114 -0.07673758 0.536692 0.8212561 -0.1936498 0.4492094 0.8902508 -0.07526355 0.4638553 0.8682489 -0.1760173 0.3869417 0.9189453 -0.07625979 0.4047473 0.9001787 -0.1608042 0.3360852 0.9385203 -0.07890808 0.3555957 0.923067 -0.1466255 0.2941485 0.9521517 -0.08296823 0.3135252 0.9402033 -0.1331152 0.2591766 0.961822 -0.08789736 0.2682749 0.9575682 -0.1053178 0.2191603 0.9702002 -0.1033454 0.2206082 0.9697034 -0.1049155 0.1914526 0.9762613 -0.1012904 0.1880674 0.9771513 -0.09902441 0.1715127 0.9797797 -0.1030292 0.155317 0.982921 -0.0987069 0.1528662 0.9774332 -0.1457959 0.151136 0.9777936 -0.1451805 0.1652782 0.9749351 -0.148945 0.1592693 0.9766992 -0.1438474 0.1784723 0.9713876 -0.1566966 0.1694433 0.9749122 -0.1443437 0.1938556 0.9660425 -0.1708271 0.1859775 0.9720038 -0.1435995 0.2078195 0.9603637 -0.1857756 0.1992352 0.9689712 -0.1462875 0.2190001 0.9554632 -0.1978104 0.2138766 0.9656032 -0.1478762 0.2316074 0.9498564 -0.2100738 0.231522 0.9611946 -0.1500086 0.2468622 0.9428142 -0.2239651 0.2534928 0.9551329 -0.1531752 0.2660317 0.9332041 -0.2415723 0.2816872 0.9463646 -0.1582602 0.2905494 0.9187555 -0.2673374 0.3194434 0.9328827 -0.1663903 0.3218265 0.8937267 -0.3125386 0.375577 0.9089368 -0.1810409 0.643216 0.32868 -0.6915509 -0.7255449 0.6768698 -0.124225 -0.8942295 0.3448252 -0.2853933 -0.2558789 -0.389815 -0.88463 0.1599331 0.02741456 -0.9867471 0.4732776 -0.2009887 -0.8576782 0.5547055 -0.3218022 -0.7672973 0.4266047 -0.4833692 -0.7644361 0.08970719 -0.3839293 -0.9189946 -0.007854759 -0.3206724 -0.9471576 0.003292441 -0.1137983 -0.9934985 -0.02731853 -0.07965987 -0.9964477 -0.00415498 0.1013579 -0.9948413 -0.2325237 0.1480134 -0.9612621 -0.1704593 0.3389689 -0.9252263 0.02363342 0.2998034 -0.9537082 0.2293114 0.2617751 -0.9374914 0.2382926 0.2552792 -0.9370427 0.5737887 0.183981 -0.7980711 0.1003373 0.7446506 -0.6598696 0.03981465 0.6583241 -0.751681 0.2394662 0.4580723 -0.8560524 0.537588 -0.01309567 -0.843106 0.5358213 -0.01822984 -0.8441346 0.5278025 -0.0124213 -0.8492763 0.5277969 -0.01241171 -0.8492799 -0.7267553 0.6763045 -0.1201626 -0.7267417 0.676322 -0.1201458 0.1178712 0.8719801 -0.475139 0.02840042 0.7827088 -0.6217396 -0.1090224 0.818687 -0.5637958 -0.184234 0.8218223 -0.5391344 -0.8942273 0.3448393 -0.2853831 -0.725539 0.6768772 -0.124219 -0.7273318 0.6752222 -0.1227332 -0.4766995 0.6876683 -0.5476037 -0.4070501 0.8018921 -0.437355 -0.2585723 0.8386024 -0.4794647 -0.427394 0.9027598 -0.04856956 -0.9434422 -0.1380601 -0.3014239 -0.8637672 -0.2066525 -0.4595661 -0.9355427 -0.05265003 -0.3492677 -0.7314448 -0.1899324 -0.6549153 -0.6802403 -0.2951418 -0.6709431 -0.6802325 -0.2951449 -0.6709495 -0.5180239 -0.2203041 -0.8265091 -0.2546615 -0.3666639 -0.8948212 -0.9889491 0.08194589 -0.1235499 -0.950439 0.03525662 -0.3089058 -0.9298105 -0.01807403 -0.3675948 -0.8855258 -0.05335706 -0.4615162 -0.9751463 0.2200907 -0.02549344 -0.7842535 0.07550752 -0.6158288 -0.8038438 0.1045798 -0.5855751 -0.6534653 0.04587775 -0.7555649 -0.6685141 0.07915246 -0.7394753 -0.4603999 0.0172767 -0.8875434 -0.4674612 0.02853524 -0.8835529 -0.353143 0.383276 -0.8534574 -0.3419053 0.3852048 -0.8571569 -0.5124928 0.4339774 -0.7409553 -0.4986212 0.4367024 -0.7487776 -0.6477992 0.4849929 -0.5874844 -0.2558929 -0.3898124 -0.8846271 -0.2775675 -0.362352 -0.8897512 -0.2396217 -0.0374096 -0.9701454 -0.2496951 -0.02447319 -0.9680152 -0.2130531 0.1514635 -0.9652291 -0.4084177 0.1987088 -0.890904 -0.40364 0.1947489 -0.8939506 -0.5853396 0.2465518 -0.7723922 -0.5668374 0.2277267 -0.7917297 -0.7116826 0.2783298 -0.645012 -0.7179489 0.2832873 -0.6358441 -0.7922219 0.2868546 -0.5386083 -0.8931565 0.3368288 -0.298023 -0.8907877 0.3421442 -0.2990567 0.5625808 0.6417499 -0.5212102 0.5625725 0.641741 -0.5212299 0.3804321 0.6377214 -0.6697632 0.05461871 0.8260676 -0.5609182 0.2960712 0.614014 -0.7316615 0.6316532 0.334211 -0.6995122 0.6316543 0.334213 -0.6995103 0.1640763 0.5716412 -0.8039312 0.24696 0.5445752 -0.8015289 0.342386 0.4696645 -0.8137488 0.6376988 0.337547 -0.6923888 0.6432104 0.3286965 -0.6915482 -0.01726245 0.9105 -0.4131485 -0.4273893 0.9027634 -0.04854434 -0.4273998 0.9027577 -0.04855948 -0.8942259 0.3448362 -0.2853909 -0.7415634 0.5168852 -0.4276837 -0.6476905 0.4848442 -0.5877271 -0.5324691 0.7280308 -0.4317961 -0.3889437 0.7150509 -0.580883 -0.2465547 0.7320904 -0.6350232 -0.2055453 0.7067086 -0.6769891 -0.01674115 0.6591511 -0.7518242 -0.1721723 0.3386762 -0.9250163 0.01977032 0.2991122 -0.9540131 -0.04906588 0.09208685 -0.9945414 0.2298868 0.04569602 -0.972144 0.2180072 -0.1442443 -0.9652287 0.2640951 -0.1916103 -0.945272 0.263188 -0.3549571 -0.8970717 0.4266085 -0.4833688 -0.7644343 0.1137846 0.982762 -0.1457123 0.113769 0.9819242 -0.1512666 0.1143182 0.9882341 -0.1016116 0.1148587 0.9920402 -0.05161184 0.1148833 0.9917364 -0.05710124 0.114556 0.9897817 -0.08490645 0.114405 0.986391 -0.1180859 -0.9140466 0.3627008 -0.1815679 -0.9918892 0.1018007 -0.07610774 -0.9151917 0.3639814 -0.1730369 -0.9140413 0.3627122 -0.1815721 -0.6567214 0.6886928 -0.3072772 -0.6567456 0.6886728 -0.3072702 -0.8084604 0.5331505 -0.2492834 -0.6613544 0.6887338 -0.2970795 -0.6613621 0.6887272 -0.2970773 -0.1220714 0.9174159 -0.3787435 -0.19301 0.9106667 -0.3652853 -0.5072442 0.7903003 -0.3436987 -0.1803634 0.9073279 -0.3797699 -0.1323283 0.9150815 -0.3809398 -0.1827252 0.9079672 -0.3771037 -0.9760525 0.1917483 -0.102733 -0.9757097 0.1879346 -0.1125667 -0.9151906 0.3639835 -0.1730376 -0.9760844 0.1916044 -0.1026989 -0.8096529 0.5430381 -0.222647 -0.8093641 0.5433983 -0.2228183 -0.5093214 0.8044521 -0.3056936 -0.5085191 0.8048751 -0.3059158 -0.1241276 0.9328638 -0.3381677 -0.1234582 0.9329002 -0.3383123 -0.1274731 0.9561179 -0.2637977 -0.1274752 0.9561182 -0.2637956 -0.1249077 0.9327128 -0.3382971 -0.1255109 0.9563773 -0.2637982 -0.1257957 0.9562595 -0.2640893 -0.5100478 0.8254736 -0.2417528 -0.5114583 0.8245809 -0.2418195 -0.8104394 0.5576103 -0.1796073 -0.8110918 0.5566775 -0.1795558 -0.9765219 0.1968392 -0.08751749 -0.9766063 0.1964377 -0.08747714 0.07265949 0.9903334 -0.1181536 -0.9774813 0.203579 -0.05554944 -0.8101971 0.5567258 -0.1834043 -0.8524467 0.5157009 -0.0859487 -0.8465937 0.5322164 0.004992187 -0.7797173 0.5633784 0.2732136 -0.6348172 0.6250312 -0.45425 -0.5830503 0.7814832 0.2221179 -0.525524 0.786951 0.3233153 -0.3576348 0.8349519 -0.4182735 -0.357635 0.8350065 -0.4181643 -0.2634915 0.95875 -0.1066335 -0.2125146 0.9771281 -0.007630944 -0.2008892 0.9793682 0.02194225 -0.1172628 0.9883471 -0.09705442 -0.06773525 0.9972972 -0.02846372 -0.03096801 0.9973498 -0.06583565 0.002586722 0.9992134 -0.039572 0.02083051 0.9981306 -0.05745798 0.05567049 0.9974495 -0.04466986 0.06127613 0.9967844 -0.05163413 0.06181424 0.9948554 -0.08026045 0.02341854 0.9952664 -0.09432119 0.03730601 0.9970963 -0.06638735 -0.02428144 0.9931228 -0.1145319 -0.005917787 0.9991351 -0.0411567 -0.09867715 0.9806047 -0.1693438 -0.1006793 0.9946814 0.02173674 -0.166363 0.9745211 -0.1504393 -0.1346201 0.9902462 -0.03591573 -0.2407992 0.9078115 -0.343357 -0.4106153 0.8966719 0.1654524 -0.4738227 0.7948255 -0.3791365 -0.621823 0.7753283 0.1104634 -0.6480503 0.7550923 -0.09933006 -0.5088933 0.8208311 -0.2593527 0.06715023 0.9941199 -0.08495044 0.06796628 0.9909514 -0.1157411 0.04318428 0.9912402 -0.1248127 0.05504077 0.9927822 -0.1065552 0.01322692 0.9901716 -0.1392311 0.02808862 0.9953172 -0.09249126 -0.03121238 0.9841997 -0.1742894 -0.0330162 0.9973559 -0.06473904 -0.07245063 0.982968 -0.1688926 -0.05017346 0.9944961 -0.09197914 -0.1153194 0.9549742 -0.2733598 -0.2360159 0.9716028 -0.01686769 -0.2695164 0.9118785 -0.3095778 -0.3757698 0.9253747 -0.04978668 -0.3815932 0.9146886 -0.1331593 -0.1252874 0.9549596 -0.2689892 -0.07995396 0.9769083 -0.198135 -0.08110672 0.9707396 -0.2260234 -0.03466552 0.9829465 -0.1805949 -0.03476727 0.9827877 -0.1814374 0.02731454 0.9854213 -0.1679251 0.02235949 0.9831185 -0.1815987 0.03377985 0.9872179 -0.1557561 0.02950638 0.9855114 -0.1670231 0.05195224 0.9861871 -0.1572768 0.05045068 0.9859323 -0.1593495 0.06268429 0.986035 -0.154291 0.06323647 0.9860672 -0.1538594 0.06961065 0.9858089 -0.1527578 0.0742309 0.985733 -0.1510636 0.07616341 0.9855409 -0.1513552 -0.81043 -0.5575755 -0.1797577 -0.6384699 -0.7259861 -0.2555394 -0.8824092 -0.4380111 -0.1717568 -0.9751389 -0.1961729 -0.1030545 -0.9840617 -0.1685245 -0.05676412 -0.9751394 -0.1961708 -0.1030539 -0.9751396 -0.1961703 -0.1030538 -0.3622613 -0.883853 -0.2959235 -0.3622618 -0.8838527 -0.2959235 -0.04937493 -0.9537091 -0.2966499 -0.1041021 -0.9469711 -0.3039875 -0.104101 -0.9469715 -0.3039869 -0.1023003 -0.928644 -0.3565881 -0.1103545 -0.9274061 -0.3574069 -0.1103528 -0.9274066 -0.3574063 -0.1096271 -0.919057 -0.378571 -0.1151108 -0.9186199 -0.3780038 -0.1220976 -0.9175491 -0.3784121 -0.1234748 -0.9329234 -0.3382424 -0.1234902 -0.9329677 -0.3381145 -0.1249088 -0.9327349 -0.3382355 -0.1249086 -0.932735 -0.3382354 -0.1274748 -0.9561263 -0.2637663 -0.638457 -0.7259965 -0.2555422 -0.4968357 -0.8244086 -0.2711179 -0.4952366 -0.8061491 -0.3238277 -0.5002815 -0.80313 -0.3235747 -0.4996964 -0.7960117 -0.3415682 -0.5073941 -0.7916013 -0.3404685 -0.5085306 -0.8049211 -0.3057755 -0.5093194 -0.8044397 -0.3057293 -0.5114639 -0.8246561 -0.2415512 -0.1266161 -0.9561599 -0.2640579 -0.1255121 -0.9563848 -0.2637704 -0.5100346 -0.8254182 -0.2419697 -0.8110941 -0.5567333 -0.1793726 -0.809651 -0.5430361 -0.2226592 -0.8093649 -0.5434302 -0.2227376 -0.8086016 -0.5344042 -0.2461211 -0.8054709 -0.538511 -0.2474316 -0.8058654 -0.5433672 -0.2352297 -0.8037825 -0.546197 -0.235802 -0.8048713 -0.5592198 -0.1986342 -0.8461157 -0.4989039 -0.1875716 -0.785149 -0.5965647 -0.1662881 -0.9754744 -0.1948952 -0.1023008 -0.9752767 -0.1929955 -0.1076485 -0.9755398 -0.1919571 -0.1071197 -0.9753877 -0.1901596 -0.1116163 -0.9757752 -0.1885815 -0.110904 -0.9760525 -0.1917474 -0.1027348 -0.9760856 -0.1916132 -0.1026717 -0.9766083 -0.1964582 -0.08741015 -0.9765194 -0.1968272 -0.08757317 -0.8614177 -0.5054073 -0.05023157 0.07348442 -0.9936712 -0.08495575 -0.2204588 -0.9628583 -0.1558906 -0.1253911 -0.9909716 0.04745805 -0.1432133 -0.980983 -0.1310055 -0.04902297 -0.9987967 0.001398384 -0.0718249 -0.993305 -0.0904783 0.003928542 -0.9997818 -0.02051615 -0.01340168 -0.9975202 -0.06909441 0.04731243 -0.9981011 -0.03944224 0.03858482 -0.9977368 -0.05506974 0.07336306 -0.9960345 -0.0503301 0.07122039 -0.996123 -0.05164134 -0.3296393 -0.9422571 -0.05907225 -0.2428469 -0.9687671 -0.05015748 -0.2033869 -0.9775543 0.05496662 -0.3296495 -0.9422529 -0.05908244 -0.3721431 -0.8990005 -0.2308844 -0.3880353 -0.9149581 0.1108159 -0.4656614 -0.8399958 -0.2785077 -0.508794 -0.848635 0.1447321 -0.5516608 -0.8321745 -0.05617803 -0.6980691 -0.7132114 -0.06347501 -0.6980765 -0.7132034 -0.0634824 -0.5085116 -0.8498577 -0.1384124 -0.3822137 -0.9208587 -0.07701927 -0.3901072 -0.9117736 -0.1283943 -0.2866589 -0.9552221 -0.07333034 -0.2964287 -0.9475661 -0.1193675 -0.2102993 -0.9748957 -0.07316142 -0.2207934 -0.9690105 -0.1107647 -0.1483592 -0.9860901 -0.07494008 -0.1583203 -0.9820499 -0.1025318 -0.09754514 -0.9921662 -0.07804679 -0.09819304 -0.9919925 -0.07942956 -0.04429149 -0.9947651 -0.09209066 -0.03693598 -0.9959669 -0.08176618 -0.002442777 -0.9960521 -0.08873677 0.008982539 -0.9968988 -0.07817924 0.03022319 -0.9955676 -0.08906042 0.04877734 -0.9956016 -0.07998907 0.05805432 -0.9945628 -0.08645552 0.07529407 -0.9936085 -0.08410048 0.07545411 -0.9901242 -0.1181556 -0.2875118 -0.9387627 -0.1898988 -0.2017359 -0.9728296 -0.1136006 -0.2111006 -0.9617798 -0.1744017 -0.1414425 -0.9838546 -0.1096551 -0.1527695 -0.9747281 -0.1629933 -0.09401798 -0.9896677 -0.1082519 -0.1066128 -0.9824005 -0.1533716 -0.05587548 -0.9925289 -0.1084637 -0.06891518 -0.9870908 -0.144577 -0.02457243 -0.9936479 -0.1098181 -0.03294467 -0.991264 -0.1277121 0.008736014 -0.9930084 -0.1177195 0.004813253 -0.9923672 -0.1232248 0.03346031 -0.9924767 -0.1177728 0.03377962 -0.9925009 -0.1174777 0.0521667 -0.9914393 -0.1196944 0.05956143 -0.9914525 -0.1160786 0.06768393 -0.9905907 -0.1189489 0.07682061 -0.9900734 -0.1176999 0.077192 -0.9854607 -0.1513556 0.07723706 -0.9854586 -0.1513469 0.07064884 -0.9858145 -0.1522445 0.07375526 -0.9859055 -0.1501681 0.06014615 -0.9857961 -0.1568072 0.06558984 -0.9865305 -0.149852 0.05013549 -0.9851699 -0.1640935 0.05664139 -0.9870147 -0.1503125 0.03956431 -0.983915 -0.174201 0.0438258 -0.9875546 -0.1510469 0.02916043 -0.9828171 -0.1822639 0.03279936 -0.9876627 -0.1531224 0.01947897 -0.9816229 -0.1898342 0.01992273 -0.9877207 -0.154954 0.007774353 -0.9801321 -0.1981934 0.003990411 -0.9874609 -0.1578135 -0.006964206 -0.977909 -0.2089154 -0.01635962 -0.9866642 -0.1619444 -0.02613967 -0.9741206 -0.2245127 -0.04351043 -0.9847249 -0.1685931 -0.8614203 -0.5054 -0.0502578 -0.08202236 -0.9802835 -0.1797685 -0.6991265 -0.7110889 -0.07466447 -0.6607012 -0.7355503 -0.1497987 -0.5037055 -0.8593239 -0.08856272 -0.3923255 -0.8946127 -0.21389 -0.2809063 -0.9519224 -0.1222103 -0.07563591 -0.9683926 -0.2376866 -0.04492324 -0.9821664 -0.182568 -0.1280192 -0.9718839 -0.1976177 -0.08586269 -0.9533517 -0.2893927 -0.5119262 -0.8573166 -0.05422043 -0.3896139 -0.8413136 -0.3746897 -0.7900189 -0.5998349 0.1267605 -0.6317121 -0.6283246 -0.4540352 -0.9070127 -0.2660863 0.3263836 -0.7714926 -0.3454124 -0.5343123 0.1136887 -0.9819333 -0.1512677 0.1138449 -0.982755 -0.1457119 0.114168 -0.9864184 -0.1180868 0.1144959 -0.9882133 -0.1016121 0.114556 -0.9897817 -0.08490645 0.1148833 -0.9917364 -0.05710124 0.1148587 -0.9920402 -0.05161184 0.1579315 -0.9822022 -0.1016674 0.9693377 -0.2456083 0.007809817 0.8182575 -0.5723724 -0.05333429 0.7538514 -0.6317108 -0.1806915 0.6995053 -0.4262347 -0.5735995 0.7406513 -0.653195 0.1573911 0.5691461 -0.8218386 -0.02557522 0.5276569 -0.728741 -0.4364801 0.4680276 -0.8734149 -0.1345236 0.4114438 -0.9114338 0.001547932 0.4146941 -0.9099306 -0.007423222 0.3233506 -0.9421005 -0.08883231 0.2922939 -0.9553712 -0.04278242 0.2478 -0.9665206 -0.06658113 0.2253071 -0.9730916 -0.04826503 0.2021123 -0.9774177 -0.0616874 0.1735191 -0.9835113 -0.05095636 0.1662469 -0.984428 -0.05712735 0.164665 -0.9814256 -0.09843397 0.1973904 -0.974054 -0.1107058 0.1804161 -0.9799292 -0.08478701 0.2368369 -0.9627075 -0.1307768 0.2146376 -0.9746533 -0.06309962 0.2949811 -0.937891 -0.1826107 0.2914544 -0.9564401 -0.01663243 0.3463979 -0.9208027 -0.1792509 0.3142479 -0.9477252 -0.05536323 0.3942986 -0.855294 -0.336156 0.5345534 -0.8419468 0.07333642 0.5599266 -0.8202726 -0.1167693 0.3757531 -0.9100678 -0.1748893 0.3477733 -0.8956443 -0.2772634 0.2944942 -0.9381797 -0.1819117 0.2952331 -0.9358652 -0.1923378 0.2146472 -0.9626789 -0.1648516 0.2235676 -0.9553012 -0.1934354 0.2075023 -0.9665437 -0.1507844 0.2143625 -0.961607 -0.1713488 0.1836041 -0.9709799 -0.1532567 0.1869961 -0.9695274 -0.1582693 0.1697745 -0.9740642 -0.1495847 0.1697415 -0.9740741 -0.1495578 0.1605166 -0.9759474 -0.1475161 0.1550501 -0.9771384 -0.1454652 0.1521708 -0.9775416 -0.1457964 0.7532944 -0.6296626 -0.1899277 0.9588196 -0.2558869 -0.1232356 0.9753307 -0.1973902 -0.09882777 0.9899454 -0.1312455 -0.05275011 0.879772 -0.4390857 -0.1822226 0.9346286 -0.3373452 -0.112551 0.9346286 -0.3373441 -0.1125545 0.4572349 -0.8493384 -0.2637434 0.6748537 -0.7024058 -0.226271 0.7268255 -0.6549918 -0.2066655 0.7267701 -0.6550453 -0.2066903 0.7850282 -0.5935903 -0.1771475 0.3803578 -0.8845195 -0.2700986 0.2349543 -0.9416123 -0.2411696 0.4571389 -0.8493867 -0.2637541 0.3763772 -0.869946 -0.3186441 0.3786184 -0.8691717 -0.3181015 0.3786151 -0.8691721 -0.3181044 0.3696742 -0.8579233 -0.3568035 0.3696716 -0.857926 -0.3567999 0.3719729 -0.8569651 -0.3567167 0.3727656 -0.8567396 -0.356431 0.3729112 -0.8585385 -0.3519219 0.3752973 -0.8577324 -0.3513506 0.3752943 -0.8577323 -0.3513538 0.3710232 -0.8730261 -0.3164921 0.3707346 -0.8731189 -0.3165743 0.3705832 -0.8731976 -0.3165345 0.9692217 -0.2183048 -0.1138087 0.9690316 -0.2162755 -0.119175 0.9689103 -0.2167531 -0.1192938 0.9688685 -0.2162435 -0.1205514 0.9686991 -0.2168866 -0.1207569 0.969044 -0.2207245 -0.1106089 0.9690089 -0.2208645 -0.1106375 0.969621 -0.226354 -0.09273213 0.9695863 -0.226499 -0.09274047 0.7534896 -0.6294282 -0.1899302 0.7518277 -0.6141863 -0.2398548 0.7520769 -0.6139312 -0.2397266 0.7511401 -0.6032196 -0.2681689 0.7524912 -0.6018229 -0.2675188 0.7525914 -0.6031088 -0.2643218 0.7536022 -0.6020932 -0.2637563 0.7543472 -0.6107297 -0.2407687 0.7552579 -0.6097978 -0.2402749 0.7557249 -0.6130577 -0.2303048 0.7850282 -0.5935903 -0.1771475 0.3728218 -0.8948284 -0.2455322 0.3729805 -0.8947734 -0.2454917 0.3729786 -0.8947738 -0.2454928 0.3675745 -0.9298303 -0.01745063 0.3676285 -0.929809 -0.01745188 0.3676285 -0.929809 -0.01745307 0.3673127 -0.9299338 -0.01745247 0.3673127 -0.9299338 -0.01745247 0.3673127 -0.9299338 -0.01745247 0.3682721 -0.9295542 -0.01745289 -0.4021808 -0.8534504 -0.331471 0.3673119 -0.9299317 -0.01757478 0.367315 -0.9299396 -0.01709318 0.3718813 -0.9281133 -0.01760715 0.3718315 -0.9281089 -0.01884597 0.3714435 -0.9282655 -0.01878595 0.370221 -0.9285806 -0.02596902 0.3558775 -0.9329032 -0.05516147 0.3570857 -0.932416 -0.05559039 0.3681949 -0.9294059 -0.02524316 0.2884446 -0.939067 -0.186957 0.3188025 -0.9392973 -0.1268283 0.3192081 -0.9391277 -0.127065 0.3198075 -0.9388902 -0.1273131 0.3536657 -0.9338089 -0.05405062 0.3629857 -0.9316397 -0.01699638 0.362949 -0.9316369 -0.0179097 0.360585 -0.9325624 -0.01749116 0.3595362 -0.9328313 -0.02365326 0.3374096 -0.9412496 -0.01428526 0.3254148 -0.9444027 -0.04699778 0.2462738 -0.9692 -7.23698e-4 0.2074897 -0.9745569 -0.08477491 0.0549587 -0.9983851 0.01437914 0.01810938 -0.9981856 -0.05742311 -0.009417057 -0.9995372 -0.02892643 -0.05057328 -0.9927636 -0.1089166 -0.08041918 -0.9940068 -0.07404965 0.1766489 -0.929479 -0.323827 0.192224 -0.940418 -0.2804709 0.217506 -0.9313675 -0.2919688 0.2460234 -0.9420546 -0.2280477 0.2463941 -0.9416595 -0.2292757 0.2623903 -0.9358627 -0.2351856 0.2878482 -0.9393558 -0.1864245 -0.2214524 -0.9751702 -0.001382708 -0.2730278 -0.9548717 -0.1169437 -0.4309002 -0.9023879 -0.004598081 -0.4742077 -0.8714989 -0.1249669 -0.4803901 -0.8717452 -0.09636223 -0.623447 -0.781215 -0.03189057 -0.6486245 -0.7505386 -0.1264047 -0.7524363 -0.6580079 -0.02941399 -0.7748568 -0.6143916 -0.1487277 -0.8007744 -0.5908735 -0.09812688 -0.8882294 -0.4565504 -0.05109 -0.8970223 -0.4093374 -0.166715 -0.9702792 -0.2392906 -0.03603059 -0.6580321 -0.697012 -0.2849004 -0.6501403 -0.7351624 -0.1919732 -0.5244888 -0.8199555 -0.2293133 -0.5134452 -0.8406517 -0.1722753 -0.4084779 -0.8902512 -0.2014912 -0.3924776 -0.9085882 -0.142929 -0.2624124 -0.9465946 -0.1873458 -0.2363665 -0.9648142 -0.1151714 -0.1051744 -0.9802725 -0.1673449 -0.0669431 -0.9943875 -0.08192747 0.06030046 -0.9879332 -0.1426602 0.08837008 -0.9921532 -0.08844637 0.1129615 -0.9890024 -0.09546661 0.1428679 -0.989056 -0.03683644 0.2486137 -0.9641836 -0.09241819 0.2820706 -0.9591888 -0.01982557 0.3371681 -0.9402631 -0.0471487 0.3477334 -0.9374153 -0.01828175 0.3633164 -0.9313616 -0.02380377 0.3643034 -0.9311065 -0.01799553 0.3652248 -0.9307437 -0.01808297 0.365275 -0.9307476 -0.0168237 0.3673164 -0.9299431 -0.01686686 -0.7661263 -0.6084333 -0.2070253 -0.3171079 -0.8758847 -0.3636876 -0.3115462 -0.9006068 -0.3030619 -0.2205937 -0.9232537 -0.3145492 -0.2127384 -0.9377983 -0.2743661 -0.1408787 -0.9480171 -0.285336 -0.1289647 -0.9618023 -0.2414632 -0.04389446 -0.964054 -0.2620556 -0.02330881 -0.978508 -0.204887 0.05790573 -0.9711606 -0.2312878 0.09038418 -0.9832037 -0.1585597 0.1627718 -0.9683082 -0.1894325 0.1892307 -0.9721054 -0.1385739 0.2018744 -0.9691071 -0.1416969 0.2316452 -0.9692511 -0.08302319 0.2847573 -0.9523637 -0.1091623 0.3179161 -0.9473848 -0.037301 0.3473622 -0.9363402 -0.0510534 0.3580432 -0.9334489 -0.02186733 0.3667892 -0.929974 -0.02478152 0.3678711 -0.9296943 -0.01842272 0.3695691 -0.9290176 -0.01857173 0.3696253 -0.9290223 -0.0171684 0.368274 -0.9295593 -0.01714146 0.1766598 -0.9294795 -0.3238196 0.1455071 -0.9363954 -0.319361 0.1381283 -0.9277847 -0.3466065 0.1159063 -0.9308118 -0.3466341 0.1123235 -0.9328717 -0.3422482 0.1067486 -0.9226314 -0.3706159 0.07579731 -0.9286366 -0.3631649 0.07332581 -0.9181761 -0.3893277 0.04633116 -0.9219021 -0.3846427 0.04635381 -0.9213702 -0.3859124 -0.9716196 -0.2157775 -0.09693038 0.06007897 -0.9358531 -0.347231 -0.9711072 -0.2216441 -0.08845746 -0.7579 -0.6173008 -0.2110154 -0.7590433 -0.6160103 -0.2106766 -0.7579448 -0.6169147 -0.2119813 -0.382965 -0.8778094 -0.2877299 -0.3803718 -0.8783016 -0.2896614 0.07966387 -0.9498475 -0.3023962 0.07651489 -0.934922 -0.3465057 0.07579058 -0.9500867 -0.30264 0.07970309 -0.9491012 -0.3047199 0.06805229 -0.9361808 -0.3448687 -0.3930329 -0.8595973 -0.3265234 -0.3821154 -0.8645277 -0.3264655 -0.763058 -0.6013507 -0.2368962 -0.7583979 -0.6068486 -0.2378386 -0.9710384 -0.217885 -0.0980339 -0.9712458 -0.2212321 -0.0879662 -0.9719653 -0.2103665 -0.1050205 -0.9714717 -0.2121438 -0.1060076 -0.7667133 -0.5874177 -0.2590198 -0.7626881 -0.5915717 -0.2614381 -0.4019949 -0.8422867 -0.3591005 -0.3924818 -0.8456977 -0.3615983 0.05385988 -0.9217075 -0.384128 0.06075364 -0.9207691 -0.385348 -0.7578999 0.6173008 -0.2110154 -0.7590433 0.6160103 -0.2106766 -0.7579447 0.6169147 -0.2119813 -0.3804069 0.878831 -0.2880046 -0.3829419 0.8772738 -0.2893891 0.07966303 0.9498475 -0.3023962 0.07579058 0.9500867 -0.30264 0.07970303 0.9491012 -0.3047199 -0.971046 0.2179837 -0.09773808 -0.9712407 0.2211236 -0.08829361 -0.9711138 0.2217462 -0.08812898 0.06075364 0.9207691 -0.385348 0.06007897 0.9358531 -0.347231 -0.9716162 0.2156608 -0.09722286 -0.7630614 0.6016916 -0.2360184 -0.7583665 0.6065422 -0.2387188 -0.3930435 0.8601453 -0.3250644 -0.382071 0.8639989 -0.3279144 0.06805229 0.9361808 -0.3448687 0.07651489 0.934922 -0.3465057 -0.9714764 0.2122303 -0.1057921 -0.9719621 0.2102741 -0.1052357 -0.7627047 0.5918353 -0.2607924 -0.7667054 0.587142 -0.2596673 -0.3925072 0.8461433 -0.360527 -0.4019804 0.8418328 -0.3601795 0.05385988 0.9217075 -0.384128 0.04635381 0.9213702 -0.3859124 0.3621563 0.9313096 -0.03879737 0.3370145 0.9373254 -0.0885573 -0.03187507 0.9934405 -0.1098178 -0.4665074 0.8775031 -0.1111717 -0.9715853 0.2281468 -0.06301558 -0.766621 0.600961 -0.2261375 -0.8910051 0.4337175 -0.1341609 -0.8791855 0.4757322 -0.026681 -0.7701945 0.620564 -0.1473116 0.07520812 0.9200847 -0.3844321 0.07703441 0.9273844 -0.3660926 0.1088122 0.9244803 -0.365371 -0.4665041 0.8775035 -0.1111825 -0.4021486 0.8490265 -0.3426812 -0.6507843 0.7130721 -0.2607838 -0.6416129 0.7472181 -0.1731994 -0.5235747 0.8149285 -0.2485179 -0.503075 0.8519642 -0.1451636 -0.3736844 0.9005342 -0.2222567 -0.3479658 0.9277508 -0.1349011 0.04638957 0.9205248 -0.3879203 -0.3115608 0.8839978 -0.3485366 -0.3057399 0.9066245 -0.2907837 -0.2198716 0.9195177 -0.3257968 -0.2059671 0.9444974 -0.2559339 -0.1175187 0.9483431 -0.2946773 -0.09916365 0.9674211 -0.232944 -0.04279357 0.9638165 -0.2631095 -0.01884496 0.980255 -0.1968374 0.2497901 0.9422402 -0.223133 0.2206336 0.9318858 -0.2879403 0.1927107 0.9402396 -0.2807348 0.179103 0.9308382 -0.3185316 0.174621 0.9308484 -0.3209811 0.1573664 0.936644 -0.3129438 0.1470813 0.9261108 -0.3473988 0.1144083 0.9344605 -0.3371858 0.114411 0.9344587 -0.33719 0.2654764 0.9362655 -0.2300634 0.2623924 0.9371364 -0.2300553 0.0989663 0.9836325 -0.1505751 0.05942994 0.9694067 -0.2381569 -0.2293534 0.9678659 -0.1031149 -0.2614513 0.946028 -0.1915053 -0.5707429 0.820726 -0.02571481 -0.5963813 0.7948983 -0.1116514 -0.7493952 0.6610992 -0.03680694 -0.7701909 0.6205671 -0.1473176 0.3003908 0.9397585 -0.1631544 0.3003049 0.9397917 -0.1631209 0.2080113 0.9713649 -0.114811 0.1682481 0.9670055 -0.1912928 -0.05394065 0.9959421 -0.072039 -0.1028006 0.978253 -0.1801475 -0.2548302 0.9616958 -0.101009 -0.4319872 0.9017416 -0.01578247 -0.2083261 0.9780581 0.001606941 -0.08217412 0.9946193 -0.06308573 0.06896984 0.9861764 -0.150663 0.1136974 0.9914267 -0.0643903 0.2324952 0.9637111 -0.1311752 0.2701059 0.9612693 -0.05481088 0.337269 0.9372178 -0.08872663 0.3408675 0.9357569 -0.09037941 0.313876 0.9492956 -0.01787877 0.3263841 0.9449544 -0.02312403 0.338392 0.9405493 -0.02929276 0.1332704 0.9909437 0.01641952 0.2918056 0.9538027 -0.07148271 0.3071686 0.9482573 -0.0803464 0.3302794 0.9435697 -0.02432376 0.3505781 0.9359107 -0.03414899 0.3628529 0.9310262 -0.03908765 0.3626269 0.9311149 -0.03907465 0.3461016 0.9376667 -0.03154134 0.3242066 0.9421936 -0.08462429 0.2023068 0.9791318 -0.01931416 0.1628511 0.9816499 -0.09921157 0.09597206 0.9936333 -0.05901068 0.01530379 0.9997132 -0.01841986 0.3727913 0.9275388 -0.02642709 0.3681324 0.9294337 -0.02513098 0.3684014 0.9293249 -0.02521228 0.3554182 0.9344632 -0.02136522 0.366106 0.9302427 -0.02479875 0.3428671 0.9392212 -0.01748555 0.3626606 0.9316068 -0.02421247 0.3300855 0.9438565 -0.01335847 0.3627122 0.9317377 -0.01745265 0.3676285 0.929809 -0.01745063 0.3675745 0.9298303 -0.01745188 0.3728643 0.9277218 -0.01745259 0.3676286 0.929809 -0.01745039 0.3684621 0.929479 -0.01744925 0.3661631 0.930387 -0.01745134 0.8883635 -0.4588088 -0.01745229 0.8883636 -0.4588088 -0.01745313 0.8884021 -0.4587344 -0.01745331 0.8882531 -0.4590227 -0.0174517 0.8882531 -0.4590227 -0.0174517 0.8887029 -0.4581512 -0.01745247 0.8882547 -0.4590235 -0.01735067 0.8898472 -0.4559172 -0.01765143 0.8897774 -0.4559901 -0.01921272 0.8896102 -0.4563196 -0.01913672 0.8883205 -0.4583677 -0.02803492 0.8870726 -0.4608544 -0.02674371 0.8812115 -0.4702842 -0.04794853 0.8811343 -0.4704324 -0.04791188 0.8806818 -0.4713421 -0.04728925 0.831647 -0.5506881 -0.07145452 0.8525915 -0.5224241 -0.01268327 0.8690071 -0.4935321 -0.03539335 0.8747868 -0.4842888 -0.0145747 0.8845849 -0.4656859 -0.02542018 0.8857168 -0.4638912 -0.01762497 0.886485 -0.4624071 -0.01799982 0.8865194 -0.4623708 -0.01722639 0.8882498 -0.459021 -0.01766282 0.7155807 -0.6977818 -0.03232485 0.7499578 -0.6583622 -0.06420719 0.778557 -0.6275733 -8.20026e-4 0.8611299 -0.497972 -0.1023683 0.8618409 -0.4965567 -0.1032551 0.8620012 -0.4962208 -0.1035315 0.8330528 -0.5271573 -0.1677151 0.8336571 -0.5258429 -0.168835 0.8035964 -0.5506575 -0.2258521 0.7972228 -0.5624855 -0.2191938 0.7972321 -0.5629262 -0.2180255 0.7742801 -0.5762759 -0.2615272 0.7718404 -0.5819703 -0.2560723 0.4034553 -0.9140378 -0.04193717 0.4790747 -0.8739429 -0.08192396 0.5036467 -0.8559412 -0.1170663 0.5395121 -0.8403624 -0.05213117 0.5626904 -0.8222468 -0.08538049 0.599366 -0.800315 -0.01601231 0.6773085 -0.7282864 -0.1041736 0.7155985 -0.6977632 -0.0323323 0.7542325 -0.5900322 -0.2880888 0.7413076 -0.6097704 -0.2804341 0.7394217 -0.6143254 -0.2754269 0.8887042 -0.4581518 -0.0173707 0.8881947 -0.4591402 -0.01733571 0.8881399 -0.4591979 -0.01856946 0.8875462 -0.4603523 -0.01837259 0.8864243 -0.4621359 -0.02612364 0.8809828 -0.4726876 -0.02087157 0.8755059 -0.4814928 -0.04067277 0.8669403 -0.4974757 -0.03053474 0.8479835 -0.5233171 -0.08404171 0.8232694 -0.5650894 -0.05386537 0.7951229 -0.5952146 -0.1161862 0.7805603 -0.6167557 -0.1016758 0.7490891 -0.642536 -0.1612856 0.7084051 -0.6949824 -0.1231327 0.6835176 -0.7097579 -0.1704326 0.6664113 -0.7275656 -0.1629244 0.6458729 -0.7367461 -0.2001338 0.5898988 -0.79031 -0.1656185 0.5618973 -0.7976276 -0.2192296 0.6848428 -0.6475977 -0.3340774 0.6848433 -0.6475971 -0.3340772 0.6981889 -0.6467025 -0.3070964 0.718396 -0.6198369 -0.315768 0.7184038 -0.6198289 -0.3157656 0.09689849 -0.9931818 -0.06481164 0.06493705 -0.9888023 -0.1343619 -0.048473 -0.9971622 -0.05760067 0.2133764 -0.9683907 -0.1291891 0.2096779 -0.9719588 -0.1064475 0.4049092 -0.8899691 -0.2097705 0.3828308 -0.8871666 -0.2576352 0.3169632 -0.9234803 -0.2161442 0.3604671 -0.9245536 -0.1235476 0.2565986 -0.965605 -0.04200267 0.4975609 -0.8463885 -0.1898937 0.4757094 -0.847885 -0.2340759 0.6618896 -0.6740591 -0.3279428 0.6516336 -0.672838 -0.3502326 0.6312693 -0.6981543 -0.3377568 0.3173757 -0.923579 -0.2151149 0.5321342 -0.8251138 -0.1897904 0.6707291 -0.6920307 -0.2668632 0.6778727 -0.6837357 -0.2701741 0.6778681 -0.6837403 -0.2701742 0.6571834 -0.6854205 -0.3135422 0.6542764 -0.6890501 -0.311661 0.6540216 -0.6891224 -0.3120355 0.6417555 -0.6877903 -0.3392558 0.6326066 -0.6985381 -0.3344449 0.3775748 -0.8926794 -0.246091 0.3991578 -0.8951355 -0.1985082 0.4577869 -0.8623186 -0.2164202 0.483892 -0.8600491 -0.1617535 0.5346605 -0.8245965 -0.1848747 0.3766066 -0.92167 -0.09323078 0.2753804 -0.9595857 -0.05797392 0.2524847 -0.9668765 -0.03743368 0.2156631 -0.9697957 -0.1139554 0.1006453 -0.9935798 -0.05166929 0.0684691 -0.9900844 -0.1226576 -0.04980874 -0.9969049 -0.06082415 -0.4215821 -0.9066223 -0.01745271 -0.422158 -0.9063542 -0.01745235 -0.4226998 -0.9061018 -0.0174517 -0.4220912 -0.9063854 -0.01745253 -0.4220913 -0.9063854 -0.01745253 -0.4217932 -0.9065241 -0.01745331 -0.9202829 -0.3229869 -0.2208144 -0.4217912 -0.9065199 -0.01771491 -0.4227008 -0.9061029 -0.01736152 -0.4198663 -0.9074144 -0.01764619 -0.4199514 -0.9073426 -0.01924031 -0.4203839 -0.9071445 -0.01913756 -0.4227582 -0.9057881 -0.02869665 -0.4247723 -0.9048749 -0.02774637 -0.4247043 -0.9049148 -0.0274862 -0.4361586 -0.8983504 -0.0522716 -0.4372374 -0.8978679 -0.05154448 -0.4669083 -0.8773371 -0.1107981 -0.4651424 -0.8781394 -0.1118652 -0.4644489 -0.8784367 -0.1124103 -0.4255385 -0.9047759 -0.0172491 -0.4255892 -0.9047337 -0.01819074 -0.4283001 -0.9034674 -0.01748496 -0.4304255 -0.9022503 -0.02604407 -0.4506096 -0.8926082 -0.01420205 -0.4618499 -0.886119 -0.03857064 -0.4966164 -0.8678952 -0.01140278 -0.5281137 -0.8458859 -0.07465183 -0.6084727 -0.793574 -0.001186072 -0.6461107 -0.7593343 -0.07715219 -0.6717541 -0.7394806 -0.04376167 -0.4987943 -0.8474372 -0.181809 -0.4990095 -0.8473339 -0.1817001 -0.4990891 -0.8473061 -0.1816105 -0.523584 -0.8179752 -0.2382782 -0.5360388 -0.811693 -0.2319845 -0.5389671 -0.810622 -0.2289241 -0.5389604 -0.8106237 -0.2289344 -0.552196 -0.787705 -0.2731308 -0.5612423 -0.7838462 -0.2656921 -0.6915017 -0.7217 -0.0312168 -0.723343 -0.6822187 -0.1065483 -0.79635 -0.604544 -0.01879596 -0.8190352 -0.5662193 -0.0926125 -0.8453016 -0.531939 -0.05006116 -0.8608734 -0.4945509 -0.1196506 -0.8671755 -0.4883922 -0.09736371 -0.5688731 -0.7664324 -0.2982695 -0.5823026 -0.7575774 -0.2949579 -0.5952639 -0.7510932 -0.2855169 -0.9187992 -0.3920643 -0.04575574 -0.9279237 -0.3509134 -0.1257672 -0.968426 -0.2452836 -0.044577 -0.9702677 -0.2033577 -0.1312491 -0.9709385 -0.2106558 -0.1135898 -0.9940506 -0.08526474 -0.06777548 -0.9891743 -0.05462288 -0.1362012 -0.996411 0.05998212 -0.05972731 -0.8832562 -0.3891311 -0.2616015 -0.8863204 -0.4098147 -0.2156108 -0.8435017 -0.4812523 -0.2385396 -0.8425301 -0.5014712 -0.1966458 -0.7926861 -0.5667348 -0.2246341 -0.7864718 -0.5926902 -0.1737251 -0.7312139 -0.6499664 -0.2070503 -0.7222082 -0.6709958 -0.1678692 -0.6972582 -0.6939151 -0.1797575 -0.6823577 -0.7192228 -0.1307918 -0.6273878 -0.7601922 -0.1687972 -0.6011882 -0.7917937 -0.1078681 -0.5736548 -0.809274 -0.126475 -0.5400165 -0.8396065 -0.05867916 -0.4963943 -0.8634493 -0.08971047 -0.4675916 -0.8833606 -0.03212612 -0.4486569 -0.8926138 -0.04413157 -0.4380139 -0.8987208 -0.02108877 -0.4260195 -0.9043077 -0.02710962 -0.4238684 -0.9055356 -0.01846283 -0.4223308 -0.906248 -0.01874196 -0.4222593 -0.9063078 -0.0174154 -0.4215822 -0.9066225 -0.01744091 -0.5998034 -0.7321928 -0.3226914 -0.6275017 -0.7121126 -0.3148605 -0.6277366 -0.7134773 -0.3112825 -0.6284406 -0.6980558 -0.3431918 -0.6556887 -0.6794037 -0.3293675 -0.6542602 -0.6689583 -0.3527582 -0.6798771 -0.6492418 -0.3409578 -0.9206328 -0.3243293 -0.217361 -0.8592915 -0.4814429 -0.1727159 -0.6763637 -0.6918791 -0.2526571 -0.674144 -0.6934557 -0.2542618 -0.674113 -0.6774929 -0.2942363 -0.6739149 -0.6776409 -0.2943495 -0.6736984 -0.6778448 -0.2943753 -0.6713863 -0.6605033 -0.3361191 -0.8592519 -0.4828485 -0.1689487 -0.8659304 -0.4714677 -0.1669814 -0.8658478 -0.4565481 -0.204625 -0.8935071 -0.4062372 -0.1913542 -0.8903231 -0.3835809 -0.2453374 -0.6755735 -0.6573972 -0.3338104 -0.680781 -0.6521573 -0.3335089 -0.9698148 -0.2336754 -0.06967705 -0.9735948 -0.2163215 -0.07292634 -0.9765359 -0.2066912 -0.06046694 -0.9763092 -0.1890511 -0.1052612 -0.9949442 -0.08401644 -0.05502158 -0.9910089 -0.05612862 -0.1214537 -0.9960633 0.06160038 -0.06374317 -0.9066222 0.4215821 -0.01745313 -0.906321 0.4222294 -0.01745277 -0.9061012 0.4227008 -0.01745212 -0.9062106 0.4224663 -0.01745212 -0.9062106 0.4224663 -0.01745194 -0.9065241 0.4217932 -0.01745373 -0.3229869 0.9202829 -0.2208144 -0.9065199 0.4217912 -0.01771491 -0.9061029 0.4227008 -0.01736152 -0.9074144 0.4198663 -0.01764619 -0.9073426 0.4199514 -0.01924031 -0.9071445 0.4203839 -0.01913756 -0.9057881 0.4227582 -0.02869665 -0.9048749 0.4247723 -0.02774637 -0.9049148 0.4247043 -0.0274862 -0.8983504 0.4361586 -0.0522716 -0.8978679 0.4372374 -0.05154448 -0.8773371 0.4669083 -0.1107981 -0.8781394 0.4651424 -0.1118652 -0.8784367 0.4644489 -0.1124103 -0.9047759 0.4255385 -0.0172491 -0.9047337 0.4255892 -0.01819074 -0.9034674 0.4283001 -0.01748496 -0.9022503 0.4304255 -0.02604407 -0.8926082 0.4506096 -0.01420205 -0.886119 0.4618499 -0.03857064 -0.8678952 0.4966164 -0.01140278 -0.8458859 0.5281137 -0.07465183 -0.793574 0.6084727 -0.001186072 -0.7593343 0.6461107 -0.07715219 -0.7394806 0.6717541 -0.04376167 -0.8474372 0.4987943 -0.181809 -0.8473339 0.4990095 -0.1817001 -0.8473061 0.4990891 -0.1816105 -0.8179752 0.523584 -0.2382782 -0.811693 0.5360388 -0.2319845 -0.8106249 0.5389597 -0.228932 -0.7889001 0.5515692 -0.2709391 -0.7851697 0.5571767 -0.270301 -0.7838461 0.5612424 -0.2656922 -0.7217 0.6915017 -0.0312168 -0.6822187 0.723343 -0.1065483 -0.604544 0.79635 -0.01879596 -0.5662193 0.8190352 -0.0926125 -0.531939 0.8453016 -0.05006116 -0.4945505 0.8608735 -0.1196512 -0.4883916 0.8671759 -0.09736329 -0.7664324 0.5688731 -0.2982695 -0.7575774 0.5823026 -0.2949579 -0.7510932 0.5952639 -0.2855169 -0.3920643 0.9187993 -0.04575568 -0.3509134 0.9279237 -0.1257672 -0.2452836 0.968426 -0.044577 -0.2033529 0.9702674 -0.1312587 -0.2106552 0.9709386 -0.1135895 -0.08526474 0.9940505 -0.06777542 -0.05462288 0.9891743 -0.1362012 0.05998212 0.996411 -0.05972731 -0.3891311 0.8832562 -0.2616015 -0.4098147 0.8863204 -0.2156108 -0.4812523 0.8435017 -0.2385396 -0.5014712 0.8425301 -0.1966458 -0.5667348 0.7926861 -0.2246341 -0.5926902 0.7864718 -0.1737251 -0.6499664 0.7312139 -0.2070503 -0.6709958 0.7222082 -0.1678692 -0.6939151 0.6972582 -0.1797575 -0.7192228 0.6823577 -0.1307918 -0.7601922 0.6273878 -0.1687972 -0.7917937 0.6011882 -0.1078681 -0.809274 0.5736548 -0.126475 -0.8396065 0.5400165 -0.05867916 -0.8634493 0.4963943 -0.08971047 -0.8833606 0.4675916 -0.03212612 -0.8926138 0.4486569 -0.04413157 -0.8987208 0.4380139 -0.02108877 -0.9043077 0.4260195 -0.02710962 -0.9055356 0.4238684 -0.01846283 -0.906248 0.4223308 -0.01874196 -0.9063078 0.4222593 -0.0174154 -0.9066225 0.4215822 -0.01744091 -0.7321928 0.5998034 -0.3226914 -0.7121126 0.6275017 -0.3148605 -0.7134773 0.6277366 -0.3112825 -0.6980558 0.6284406 -0.3431918 -0.6794037 0.6556887 -0.3293675 -0.6689583 0.6542602 -0.3527582 -0.6492418 0.6798771 -0.3409578 -0.3243293 0.9206328 -0.217361 -0.4814429 0.8592915 -0.1727159 -0.6918791 0.6763637 -0.2526571 -0.6934557 0.674144 -0.2542618 -0.6774929 0.674113 -0.2942363 -0.6776409 0.6739149 -0.2943495 -0.6778448 0.6736984 -0.2943753 -0.6605033 0.6713863 -0.3361191 -0.4828485 0.8592519 -0.1689487 -0.4714677 0.8659304 -0.1669814 -0.4565481 0.8658478 -0.204625 -0.4062372 0.8935071 -0.1913542 -0.3835809 0.8903231 -0.2453374 -0.6573972 0.6755735 -0.3338104 -0.6521573 0.680781 -0.3335089 -0.2336754 0.9698148 -0.06967705 -0.2163215 0.9735948 -0.07292634 -0.2066912 0.9765359 -0.06046694 -0.1890511 0.9763092 -0.1052612 -0.08401644 0.9949442 -0.05502158 -0.05612862 0.9910089 -0.1214537 0.06160038 0.9960633 -0.06374317 -0.6713863 0.6605033 -0.3361191 -0.674113 0.6774929 -0.2942363 -0.9699211 0.2305679 -0.07804751 -0.9765353 0.2066936 -0.06047004 -0.9765359 0.2066912 -0.06046694 -0.6741316 0.6937681 -0.2534411 -0.6763743 0.6915515 -0.2535238 -0.8592915 0.4814429 -0.1727159 -0.97657 0.1933225 -0.09453839 -0.9947163 0.08028841 -0.06397962 -0.8936327 0.408046 -0.1868663 -0.6736984 0.6778448 -0.2943753 -0.6739149 0.6776409 -0.2943495 -0.8657206 0.4543632 -0.2099569 -0.8659304 0.4714676 -0.1669814 -0.8592519 0.4828485 -0.1689487 -0.9921789 0.06157672 -0.1085798 -0.9949969 -0.06609857 -0.07491463 -0.8909161 0.3866329 -0.2382929 -0.9200001 0.321933 -0.2235153 -0.6755735 0.6573972 -0.3338104 -0.6807809 0.6521573 -0.333509 -0.5271477 0.8464318 -0.07528877 -0.9926631 -0.07432276 -0.09537369 -0.9176173 0.3139017 -0.2438123 -0.6681415 0.6576683 -0.3479359 -0.6690113 0.6613811 -0.3391149 -0.9946032 -0.01066386 -0.1032023 -0.9976972 0.004346966 -0.06768631 -0.9814577 0.1497253 -0.1196789 -0.9822425 0.1777968 -0.05989927 -0.9717407 0.2257626 -0.06892949 -0.6290268 0.7054453 -0.3266072 -0.6395369 0.6996337 -0.3185988 -0.63924 0.6876237 -0.3443047 -0.5836138 0.7510579 -0.3087181 -0.6071879 0.7380511 -0.2942845 -0.6102308 0.7203087 -0.3298088 -0.9456962 0.2981463 -0.1294893 -0.9393697 0.3396115 -0.0474193 -0.8811888 0.4597306 -0.1102461 -0.8655372 0.4997051 -0.03376567 -0.8546223 0.518016 -0.03578203 -0.5509203 0.7890716 -0.2717588 -0.5685081 0.7806429 -0.2596055 -0.5782607 0.7556694 -0.3075361 -0.5347516 0.8096213 -0.2419793 -0.5449002 0.7929967 -0.2724705 -0.5449078 0.7929902 -0.2724743 -0.5128209 0.8334065 -0.2060304 -0.5177211 0.831314 -0.2021926 -0.5323135 0.81126 -0.2418667 -0.793942 0.5968853 -0.1156895 -0.7777518 0.6252871 -0.06417369 -0.7660856 0.6394382 -0.06505089 -0.7481523 0.6632854 -0.01791083 -0.6890906 0.7212561 -0.07031148 -0.6688793 0.7365693 -0.1003304 -0.6202557 0.7843998 3.75196e-4 -0.6787735 0.6458073 -0.3495703 -0.9034906 0.3515319 -0.2452144 -0.9064678 0.3657829 -0.2109953 -0.8605921 0.4393898 -0.2575228 -0.8614976 0.4690728 -0.1944031 -0.8124662 0.530813 -0.2411146 -0.8067342 0.5650264 -0.1729891 -0.751909 0.6204484 -0.2228825 -0.7365537 0.660223 -0.14695 -0.6803898 0.7056899 -0.1976655 -0.6650872 0.7313928 -0.1507437 -0.6605014 0.7334433 -0.1606205 -0.6415303 0.7592103 -0.1097201 -0.5926909 0.7905194 -0.1542614 -0.5463091 0.8355204 -0.0587536 -0.4992316 0.8610215 -0.09700429 -0.4698489 0.8819407 -0.03771656 -0.4290713 0.9025766 -0.03540378 -0.4400781 0.8961055 -0.05767393 -0.4402499 0.8960273 -0.0575782 -0.4689896 0.8756322 -0.1153989 -0.4669692 0.8765491 -0.1166258 -0.466069 0.8769355 -0.1173195 -0.5098814 0.8349047 -0.207256 -0.4682313 0.8835229 -0.01210558 -0.4380934 0.8984048 -0.03070968 -0.4324144 0.9010246 -0.03424137 -0.4991306 0.8663252 -0.01868629 -0.47827 0.8776144 -0.03241568 -0.4596141 0.8869351 -0.04583734 -0.4487386 0.8933454 -0.02382802 -0.4286082 0.9027847 -0.03570586 -0.4264888 0.9037429 -0.03682732 -0.4184067 0.9080202 -0.02086383 -0.4206176 0.9070102 -0.0203346 -0.4226824 0.9060618 -0.01978766 -0.4268925 0.9041086 -0.01872032 -0.4249208 0.9050254 -0.01927095 -0.433233 0.9011208 -0.01704621 -0.4249347 0.9050558 -0.01745182 -0.4222294 0.906321 -0.01745212 -0.4227008 0.9061013 -0.01744991 -0.4224663 0.9062106 -0.01745277 -0.4224663 0.9062106 -0.01745313 -0.4184342 0.9080796 -0.01744204 -0.09309786 0.1924186 -0.9768868 -0.07015061 0.2019165 -0.9768872 -0.04625719 0.2086902 -0.9768872 -0.0217396 0.2126474 -0.9768871 -0.02173936 0.2127726 -0.9768599 -0.06122392 0.5988687 -0.7985035 -0.06121981 0.5990448 -0.7983717 -0.1871612 0.8805153 -0.4355036 -0.08744597 0.85539 -0.5105498 -0.08493119 0.8759041 -0.4749512 -0.288999 0.8459683 -0.4481263 -0.04625725 0.2086907 -0.9768872 -0.1302724 0.5877273 -0.7985022 -0.1302723 0.5877256 -0.7985035 -0.1874552 0.8457075 -0.4996393 -0.1871618 0.8805152 -0.4355036 -0.3850646 0.799322 -0.461313 -0.07015061 0.2019163 -0.9768872 -0.1975635 0.5686523 -0.7985007 -0.197563 0.5686502 -0.7985022 -0.2865102 0.824669 -0.4876812 -0.2889991 0.8459683 -0.4481264 -0.09309726 0.1924169 -0.9768872 -0.2621855 0.5418948 -0.7985041 -0.262187 0.5418992 -0.7985007 -0.3833501 0.7923242 -0.4746211 -0.3850662 0.7993212 -0.461313 -0.4726184 0.7423976 -0.4748448 -0.1425915 0.2966026 -0.9442958 -0.472579 0.7424253 -0.4748408 -0.4726629 0.7425111 -0.4746232 -0.3232714 0.5078304 -0.7985011 -0.323269 0.5078274 -0.798504 -0.3232676 0.5078251 -0.798506 -0.1147878 0.1803215 -0.9768868 -0.1147872 0.1803203 -0.9768872 -0.8507034 0.4224886 -0.3127414 -0.8507003 0.4224947 -0.3127415 -0.2483902 0.08407425 -0.9650046 -0.3950277 0.4554257 -0.7978349 -0.2516063 0.07831192 -0.9646561 -0.3950338 0.4554312 -0.7978287 -0.5829489 0.3968604 -0.7089939 -0.6115507 0.6351636 -0.4717763 -0.6311347 0.6526428 -0.4191974 -0.659977 0.588718 -0.4667351 -0.950032 0.1524274 -0.2724062 -0.8909697 0.282693 -0.3553275 -0.9184547 0.2915367 -0.2672964 -0.6760601 0.222447 -0.7024672 -0.6754758 0.2137683 -0.7057163 -0.6752467 0.2136943 -0.705958 -0.9461924 0.1755742 -0.2718335 -0.6901012 0.1280539 -0.7122938 -0.2525268 0.04685837 -0.9664547 -0.2525269 0.04685848 -0.9664546 -0.241307 0.08795726 -0.9664546 -0.2413071 0.08795738 -0.9664546 -0.2228817 0.1278441 -0.9664263 -0.2228815 0.1278439 -0.9664263 -0.1969857 0.1649752 -0.9664263 -0.1969856 0.1649748 -0.9664264 -0.1649749 0.1969855 -0.9664264 -0.6903547 0.1281012 -0.7120397 -0.6903527 0.1280997 -0.7120419 -0.6596799 0.2404555 -0.7120418 -0.6596802 0.2404558 -0.7120414 -0.6091935 0.3494314 -0.7118855 -0.6091932 0.349431 -0.7118859 -0.5384136 0.4509207 -0.7118859 -0.5384132 0.4509199 -0.7118865 -0.4509202 0.538413 -0.7118865 -0.4509204 0.5384137 -0.711886 -0.3494312 0.6091932 -0.711886 -0.9461547 0.1755669 -0.2719701 -0.9461551 0.1755679 -0.2719677 -0.9041169 0.3295545 -0.2719677 -0.9041166 0.3295535 -0.2719699 -0.8347625 0.4788158 -0.2718583 -0.8347628 0.4788172 -0.2718552 -0.7377747 0.6178862 -0.2718551 -0.7377747 0.6178853 -0.2718569 -0.6178858 0.7377743 -0.2718569 -0.6178857 0.7377752 -0.271855 -0.4788162 0.8347632 -0.2718553 -0.4788168 0.834762 -0.2718583 -0.3295543 0.9041164 -0.2719699 -0.127844 0.2228817 -0.9664262 -0.08795732 0.2413071 -0.9664545 -0.2404557 0.6596798 -0.7120418 -0.04685842 0.2525267 -0.9664546 -0.08795732 0.241307 -0.9664546 -0.04685842 0.2525269 -0.9664545 -0.1281005 0.6903524 -0.712042 -0.1279204 0.6901202 -0.7122995 -0.1281012 0.6903547 -0.7120397 -0.1755669 0.9461547 -0.2719701 -0.1649751 0.1969859 -0.9664263 -0.127844 0.2228814 -0.9664263 -0.3494312 0.6091935 -0.7118856 -0.2404556 0.6596803 -0.7120414 -0.3295537 0.9041172 -0.2719677 -0.1755673 0.9461552 -0.2719677 -0.1756266 0.9461831 -0.2718324 -0.4224947 0.8507003 -0.3127415 -0.4224886 0.8507034 -0.3127414 -0.07831192 0.2516063 -0.9646561 -0.2136944 0.6752467 -0.7059579 -0.08407431 0.2483902 -0.9650046 -0.2137683 0.6754758 -0.7057163 -0.222447 0.6760601 -0.7024672 -0.2915367 0.9184547 -0.2672964 -0.2826931 0.8909697 -0.3553275 -0.1524274 0.950032 -0.2724062 -0.588718 0.659977 -0.4667351 -0.6526428 0.6311347 -0.4191973 -0.6351636 0.6115507 -0.4717763 -0.3968604 0.5829489 -0.7089939 -0.4554312 0.3950338 -0.7978287 -0.4554257 0.3950277 -0.7978348 -0.8670232 -0.3115847 -0.3888262 -0.9047719 -0.2118469 -0.3694708 -0.927698 -0.1071584 -0.3576222 -0.9353842 0 -0.3536332 -0.927698 0.1071589 -0.3576222 -0.9047718 0.2118475 -0.3694708 -0.7445171 0.4693745 -0.4747442 -0.5915406 -0.1122325 -0.7984256 -0.1808665 -0.1140258 -0.9768754 -0.1936718 -0.09058666 -0.9768753 -0.2034547 -0.06573379 -0.9768753 -0.5093198 0.3210964 -0.79843 -0.1808665 0.1140258 -0.9768754 -0.2100623 -0.03985494 -0.9768754 -0.210063 -0.03985506 -0.9768751 -0.2133929 -0.01335448 -0.9768752 -0.5093259 0.3211002 -0.7984246 -0.5093256 0.3210999 -0.798425 -0.5453848 0.2550945 -0.7984248 -0.1808667 -0.114026 -0.9768753 -0.5093207 -0.321097 -0.7984293 -0.5093255 -0.3210999 -0.798425 -0.8670226 0.3115863 -0.3888263 -0.8670232 0.3115847 -0.3888262 -0.7521417 0.3518015 -0.5572419 -0.8152157 0.4039005 -0.4150756 -0.7710329 0.4830023 -0.4149904 -0.3261085 0.1615706 -0.9314227 -0.7402951 0.4758155 -0.4749348 -0.9047719 0.2118469 -0.3694708 -0.7793477 0.2517982 -0.5737724 -0.5729336 0.1851082 -0.7984247 -0.5453848 0.2550945 -0.7984247 -0.1936718 0.09058666 -0.9768753 -0.1808668 0.114026 -0.9768753 -0.927698 0.1071584 -0.3576222 -0.7972298 0.1512579 -0.5844192 -0.5915406 0.1122326 -0.7984257 -0.5729324 0.1851077 -0.7984256 -0.2034547 0.06573379 -0.9768752 -0.1936718 0.09058672 -0.9768753 -0.9353842 0 -0.3536332 -0.8060941 0.05044692 -0.5896332 -0.6009162 0.03760647 -0.7984269 -0.5915391 0.1122322 -0.7984269 -0.2100623 0.03985488 -0.9768753 -0.2034543 0.06573361 -0.9768753 -0.210063 0.03985512 -0.9768752 -0.2133929 0.01335453 -0.9768752 -0.6009172 0.03760665 -0.798426 -0.6009172 -0.03760653 -0.7984261 -0.8060941 -0.05044692 -0.5896332 -0.9276979 -0.1071589 -0.3576222 -0.2133917 0.01335436 -0.9768754 -0.2133917 -0.01335448 -0.9768754 -0.6009162 -0.03760659 -0.7984269 -0.591539 -0.1122323 -0.7984269 -0.7972298 -0.1512579 -0.5844192 -0.9047718 -0.2118475 -0.3694708 -0.2034543 -0.06573367 -0.9768753 -0.5729336 -0.1851081 -0.7984247 -0.5729324 -0.1851078 -0.7984257 -0.8769249 -0.2833243 -0.3882397 -0.728161 -0.2616829 -0.6334852 -0.1936719 -0.09058672 -0.9768752 -0.5453848 -0.2550945 -0.7984248 -0.5453848 -0.2550945 -0.7984248 -0.8242838 -0.3855447 -0.4146221 -0.7234233 -0.3584218 -0.5900784 -0.5093258 -0.3211001 -0.7984247 -0.5093205 -0.3210968 -0.7984294 -0.7696631 -0.4852276 -0.4149373 -0.7477679 -0.4643541 -0.474572 -0.4055352 -0.2009227 -0.8917238 -0.7402947 -0.4758153 -0.4749354 0.6233508 -0.7320262 0.2749025 0.6511762 -0.7338173 0.1936021 0.2359219 -0.9682679 0.08245086 0.6512964 -0.7338345 0.1931316 0.2359561 -0.968273 0.08229261 0.6521705 -0.7329539 0.1935262 0.640089 -0.7319229 0.2336126 0.6408509 -0.731233 0.2336848 0.6413372 -0.7306989 0.2340207 0.6253779 -0.7300856 0.2754588 0.6124841 -0.7316448 0.2992644 0.6124786 -0.7316487 0.2992661 0.6110286 -0.7328689 0.2992445 0.5677469 -0.7740454 0.2802091 0.5785748 -0.7635233 0.2868507 0.5862292 -0.7569383 0.2887555 0.5788972 -0.7567355 0.3036929 0.5916625 -0.7447662 0.3086402 0.5924769 -0.7447913 0.3070131 0.6011053 -0.7365107 0.3102006 0.6074841 -0.7367169 0.2970038 0.236325 -0.9681649 0.08250594 0.2320616 -0.9678542 0.09698247 0.2326028 -0.9677116 0.09710967 0.2267822 -0.9674688 0.1121337 0.2258939 -0.9677091 0.1118533 0.2219552 -0.9675633 0.1206523 0.2196806 -0.9681869 0.1198107 0.2174654 -0.968111 0.1243782 0.2137501 -0.9691298 0.1228756 0.2134608 -0.9691203 0.1234517 0.2080388 -0.9705845 0.1211841 0.2106953 -0.970668 0.1158065 0.2026909 -0.972747 0.1126038 0.1626236 -0.830186 0.53324 0.7405048 -0.5378768 0.4029157 0.5144376 -0.3798177 0.7688255 0.0856201 -0.6582342 0.7479283 0.150874 -0.5556855 0.8175883 0.1589475 -0.3176294 0.934798 0.1337121 -0.3546927 0.9253724 0.1962316 -0.1192163 0.9732834 0.08564871 -0.6581996 0.7479556 0.2072725 -0.5979654 0.774258 0.1368083 -0.759715 0.6357017 0.7307697 -0.5646955 0.3835293 0.7238934 -0.5747832 0.3815792 0.7239186 -0.5937865 0.3512256 0.7132606 -0.6120117 0.3416152 0.716786 -0.6199596 0.3191677 0.7079191 -0.6386376 0.3016498 0.7120678 -0.6397131 0.2893555 0.7085657 -0.6520184 0.269827 0.7094392 -0.6523792 0.2666409 0.7084856 -0.6602986 0.2491062 0.7079296 -0.660354 0.2505364 0.7097486 -0.6698857 0.2179684 0.6176161 -0.7262362 0.3018795 0.6176099 -0.7262418 0.3018789 0.4854125 -0.4904202 0.7237836 0.4763466 -0.5034345 0.7208659 0.4803929 -0.6018251 0.6379885 0.4561147 -0.6426292 0.6156193 0.4699758 -0.6972153 0.5413072 0.4455376 -0.7473627 0.4928948 0.4627074 -0.7667443 0.4449775 0.4522407 -0.8039429 0.3862049 0.4566197 -0.8092402 0.3696333 0.4534319 -0.8346269 0.3127261 0.4527825 -0.8343397 0.3144282 0.4588633 -0.8738429 0.1607576 0.1782713 -0.9427789 0.2817575 0.144074 -0.8908545 0.4308375 0.1526114 -0.8710444 0.4668954 0.1582981 -0.8907564 0.426022 0.1538299 -0.9258982 0.3450348 0.1531612 -0.92517 0.3472783 0.1577 -0.9480348 0.2763345 0.1914343 -0.9518182 0.2395727 0.5800427 -0.7745653 0.2521888 0.210747 -0.9729951 0.09416127 0.5902533 -0.7662766 0.2538132 0.6086208 -0.7647054 0.2116754 0.614353 -0.7596849 0.2131881 0.2726398 -0.9563016 0.1056162 0.2928833 -0.9542856 0.05965054 0.4250443 -0.8987144 0.1079341 0.4493082 -0.8916385 0.05570489 0.5132246 -0.8543675 0.08158856 0.6236375 -0.7501605 0.2198535 0.6464425 -0.7435427 0.1710447 0.6489432 -0.7411718 0.1718638 0.6514109 -0.7384068 0.1744107 0.6674073 -0.7310656 0.1418115 0.6707622 -0.7273198 0.1452034 0.5353118 -0.8438767 0.03624111 0.5529092 -0.8314967 0.05389618 0.5936528 -0.8011636 0.07558649 0.6070719 -0.792763 0.05468642 0.613184 -0.788064 0.05441051 0.623437 -0.7809215 0.03857505 0.6474195 -0.7595566 0.06262415 0.6690114 -0.7420319 0.04257225 0.6759681 -0.7348735 0.05502778 0.6971813 -0.7154411 0.04563283 0.698 -0.7143791 0.04958367 0.7218614 -0.6901397 0.05121809 0.7228116 -0.6897073 0.04297745 0.7426242 -0.6672883 0.05688291 0.7474484 -0.6629602 0.04248011 0.7660948 -0.6392792 0.06649005 0.7854983 -0.6177898 0.03644657 0.6707611 -0.7273176 0.1452197 0.6806018 -0.7210574 0.1298364 0.6809923 -0.7206901 0.1298282 0.6857506 -0.7174484 0.1225315 0.6870648 -0.7159146 0.1241301 0.6947957 -0.709635 0.1169493 0.6952024 -0.709088 0.1178473 0.7004885 -0.7042541 0.1155083 0.7005296 -0.7041655 0.1157985 0.7057513 -0.6988726 0.1161559 0.7058424 -0.6988745 0.115589 0.710551 -0.6935273 0.1188995 0.7109376 -0.6933041 0.1178861 0.7170954 -0.6855306 0.1257859 0.7185607 -0.6843631 0.1237652 0.7268135 -0.6715772 0.1439664 0.7268649 -0.6716425 0.1434003 0.7302884 -0.6684093 0.1410954 0.7380486 -0.6518305 0.17436 0.7586393 -0.6180373 0.2061464 0.7494218 -0.6279189 0.2099636 0.7439143 -0.6463209 0.1698847 0.7586395 -0.6180371 0.2061464 0.7612252 -0.5984619 0.2497589 0.7692694 -0.5906819 0.2435562 0.7745777 -0.5839757 0.2429029 0.8008172 -0.5943629 0.07365173 0.8297191 -0.5556694 0.0528928 0.8396117 -0.5418756 0.03772139 0.8522536 -0.5150289 0.0917012 0.8931221 -0.4473417 0.0470981 0.9012245 -0.4201145 0.1062932 0.9383293 -0.3406234 0.05927824 0.9420913 -0.3119962 0.1229729 0.9727681 -0.2203809 0.07179427 0.7466973 -0.5292119 0.4029616 0.5156017 -0.6629453 0.5428244 0.5858822 -0.6035082 0.540851 0.6631987 -0.5381335 0.520173 0.1423428 -0.1800528 0.9733033 0.1423407 -0.1800501 0.9733043 0.3968935 -0.5020396 0.7683956 0.3968957 -0.5020428 0.7683923 0.5677444 -0.7181535 0.402395 0.6745762 -0.6948722 0.2491977 0.6848509 -0.6848508 0.248915 0.4525303 -0.4525303 0.7683962 0.4525305 -0.4525305 0.7683959 0.1622968 -0.1622968 0.9733034 0.1622968 -0.1622968 0.9733034 0.7480909 -0.6070205 0.2681158 0.7557997 -0.5975061 0.2678681 0.5020396 -0.3968932 0.7683957 0.5020427 -0.3968959 0.7683924 0.1800528 -0.1423429 0.9733034 0.1800501 -0.1423406 0.9733042 0.97279 -0.2035089 0.1107417 0.7741199 -0.5688459 0.2777637 0.7620087 -0.5827651 0.282361 0.7620103 -0.5827623 0.2823621 0.7617559 -0.5748562 0.298778 0.744023 -0.5925652 0.3087011 0.7441209 -0.5964609 0.3008627 0.7318572 -0.6082802 0.3072136 0.7324084 -0.6238851 0.2726632 0.7299798 -0.6262115 0.2738407 0.7308415 -0.6460037 0.2203406 0.7328677 -0.6439207 0.219707 0.7311496 -0.6457509 0.2200589 0.7328851 -0.6439904 0.2194444 0.9680166 -0.2334312 0.09194481 0.9712985 -0.2088831 0.1137854 0.9712071 -0.2062391 0.119257 0.9690301 -0.21386 0.1234686 0.9690713 -0.2152351 0.1207252 0.9675559 -0.2204244 0.1234857 0.9677635 -0.2260615 0.1110404 0.9674577 -0.2271131 0.1115583 0.9677831 -0.2343007 0.0921899 0.9680209 -0.2334468 0.09185922 0.7229788 -0.6082351 0.3276457 0.7334367 -0.6478141 0.205931 0.9532188 -0.2812577 -0.1107605 0.9028962 -0.1556552 0.4006868 0.9416093 -0.1572933 0.2977091 0.9517076 -0.1504758 0.2676001 0.9670207 -0.1594173 0.1986384 0.9387747 -0.173081 0.2979012 0.6399541 -0.6891869 0.3398238 0.6659852 -0.7074127 0.2367087 0.6632898 -0.708815 0.2400583 0.6566321 -0.7085452 0.2584531 0.6570891 -0.7082704 0.2580446 0.6448603 -0.7108195 0.2808752 0.6496773 -0.7073984 0.2784005 0.6303197 -0.7145769 0.3034419 0.6395373 -0.7074318 0.300886 0.820797 -0.4330077 0.3725542 0.8514525 -0.4512416 0.2672261 0.8453459 -0.4554088 0.2792724 0.8209667 -0.4543278 0.3458321 0.8247118 -0.4514743 0.3406193 0.7790548 -0.4607571 0.4251781 0.7966879 -0.4446868 0.4093192 0.7256025 -0.4710418 0.5016182 0.7568606 -0.4401144 0.4831784 0.7113871 -0.160063 0.6843305 0.794741 -0.1172652 0.5955129 0.7362738 -0.1800718 0.6522845 0.8643255 -0.1327086 0.4851081 0.8304519 -0.1608971 0.5333496 0.8673182 -0.1594182 0.4715349 0.9108561 -0.1494554 0.3847132 0.636837 -0.07803589 0.7670391 0.5534477 -0.1568574 0.8179801 0.6765059 -0.4230633 0.6027912 0.6365269 -0.494228 0.5920916 0.6216771 -0.7053859 0.3405116 0.6056405 -0.72309 0.3321753 0.3127254 -0.05360108 0.94833 0.3187866 -0.2614526 0.911053 0.4937939 -0.4245648 0.7588888 0.4757422 -0.5390272 0.6950678 0.5748353 -0.7126088 0.4021853 0.5596659 -0.7417927 0.3694831 0 0 1 0 0 1 0 0 1 0 0 1 0 0 1 0 0 1 0 0 1 0 0 1 0 0 1 0 0 1 0 0 1 0 0 1 0 0 1 0 0 1 0 0 1 0 0 1 0 0 1 0 0 1 0 0 1 0 0 1 0 0 1 0 0 1 0 0 1 0 0 1 0 0 1 0 0 1 0 0 1 0 0 1 0 0 1 0 0 1 0 0 1 0 0 1 0 0 1 0 0 1 0 0 1 0 0 1 0.9911937 0.130494 0.02250438 0.948422 0.3167622 0.01254349 0.9236282 0.3825805 0.02330207 0.8163472 0.5774935 0.008859992 0.7933242 0.6087359 0.008791029 0.8162602 0.5774283 0.01720172 0.6086693 0.7932354 0.01730316 0.6086702 0.7932346 0.0173034 0.3826246 0.9237418 0.0173034 0.3826234 0.9237424 0.0173031 0.1305078 0.9912963 0.01730304 0.1305094 0.9912961 0.0173034 -0.1305075 0.9912963 0.0173034 -0.1305094 0.9912961 0.01730298 -0.3826254 0.9237415 0.01730293 -0.3826234 0.9237424 0.0173034 -0.6086683 0.7932361 0.0173034 -0.6086693 0.7932354 0.01730316 -0.7932361 0.6086683 0.01730316 -0.7932354 0.6086693 0.0173034 -0.9237415 0.3826254 0.0173034 -0.9237424 0.3826234 0.01730293 -0.9912963 0.1305075 0.01730298 -0.9912961 0.1305094 0.0173034 -0.9912963 -0.1305078 0.0173034 -0.9912961 -0.1305094 0.01730304 -0.9237418 -0.3826246 0.0173031 -0.9237424 -0.3826234 0.0173034 -0.7932354 -0.6086693 0.0173034 -0.7932346 -0.6086702 0.01730316 -0.6086683 -0.7932361 0.01730316 -0.6086693 -0.7932354 0.0173034 -0.3826271 -0.9237408 0.0173034 -0.4656904 -0.8841661 0.03718674 -0.1305084 -0.9913032 -0.01689875 -0.3343901 -0.9404999 0.06036049 -0.122605 -0.9923044 0.01732069 0.1305078 -0.9912962 0.0173031 0.1305077 -0.9912964 0.0173031 0.3826264 -0.9237411 0.0173031 0.3826254 -0.9237415 0.01730334 0.6086693 -0.7932353 0.01730334 0.6086696 -0.793235 0.01730322 0.7932354 -0.6086693 0.01730322 0.793235 -0.6086696 0.01730334 0.9237411 -0.3826264 0.01730328 0.9237415 -0.3826254 0.0173031 0.9912962 -0.1305078 0.0173031 0.9912964 -0.1305077 0.0173031 0.9949706 0.09865111 0.01736724 -0.08369016 -0.99634 0.01739114 -0.1305028 -0.9912688 0.01884847 -0.38262 -0.9237257 0.01824349 -0.3900246 -0.9206182 0.01851826 -0.2422795 -0.9700594 0.01689505 -0.6848644 -0.7284611 0.01747035 -0.6502192 -0.7595368 0.01785558 -0.6010988 -0.7989543 0.01877003 -0.6086581 -0.793217 0.01849853 -0.5105548 -0.859675 0.01711052 -0.510555 -0.8596748 0.01711052 -0.7932397 -0.6086755 0.01688235 -0.8581734 -0.5129022 0.02167701 -0.7012302 -0.7018511 0.1252251 -0.7358524 -0.6769185 0.01739549 -0.792414 -0.6097013 0.01855641 -0.8191275 -0.5732718 0.0197401 -0.9912965 -0.1305065 0.0173031 -0.998101 -0.05786132 0.0211305 -0.9773113 -0.2111788 0.01631695 -0.9237204 -0.382618 0.01854944 -0.9213392 -0.3883264 0.01834863 -0.8625748 -0.5056431 0.01702493 3.52232e-7 -0.9998477 0.01745235 -3.02918e-7 -0.9998478 0.01745229 0 -0.9998477 0.01745241 1.39804e-7 -0.9998477 0.01745253 0 -0.9998477 0.01745212 -0.9998477 4.25578e-7 0.01745253 -0.9998477 -4.43334e-7 0.01745229 -0.9998477 1.99475e-7 0.01745235 -0.9998477 0 0.01745295 -0.9998477 0 0.01745218 -0.9998477 0 0.01745218 -0.9998477 0 0.01745235 0 0 1 0 0 1 0 0 1 0 0 1 0 0 1 0 0 1 0 0 1 0 0 1 0 0 1 0 0 1 0 0 1 0 0 1 0 0 1 0 0 1 0 0 1 0 0 1 0 0 1 0 0 1 -0.99634 0.08369016 0.01739114 -0.9912688 0.1305028 0.01884847 -0.9237257 0.38262 0.01824349 -0.9206182 0.3900246 0.01851826 -0.9700594 0.2422795 0.01689505 -0.7284611 0.6848644 0.01747035 -0.7595368 0.6502192 0.01785558 -0.7989543 0.6010988 0.01877003 -0.793217 0.6086581 0.01849853 -0.859675 0.5105548 0.01711052 -0.8596748 0.510555 0.01711052 -0.6086755 0.7932397 0.01688235 -0.5129022 0.8581734 0.02167701 -0.7018511 0.7012302 0.1252251 -0.6769185 0.7358524 0.01739549 -0.6097013 0.792414 0.01855641 -0.5732718 0.8191275 0.0197401 -0.1305065 0.9912965 0.0173031 -0.05786132 0.998101 0.0211305 -0.2111788 0.9773113 0.01631695 -0.382618 0.9237204 0.01854944 -0.3883264 0.9213392 0.01834863 -0.5056431 0.8625748 0.01702493 -0.9998477 -3.52232e-7 0.01745235 -0.9998478 3.02918e-7 0.01745229 -0.9998477 0 0.01745241 -0.9998477 -1.39804e-7 0.01745253 -0.9998477 0 0.01745212 4.25578e-7 0.9998477 0.01745253 -4.43334e-7 0.9998477 0.01745229 1.99475e-7 0.9998477 0.01745235 0 0.9998477 0.01745295 0 0.9998477 0.01745218 0 0.9998477 0.01745218 0 0.9998477 0.01745235 0 0 1 0 0 1 0 0 1 0 0 1 0 0 1 0 0 1 0 0 1 0 0 1 0 0 1 0 0 1 0 0 1 0 0 1 0 0 1 0 0 1 0 0 1 0 0 1 0 0 1 0 0 1 0.08369016 0.99634 0.01739114 0.1305028 0.9912688 0.01884847 0.38262 0.9237257 0.01824349 0.3900246 0.9206182 0.01851826 0.2422795 0.9700594 0.01689505 0.6848644 0.7284611 0.01747035 0.6502192 0.7595368 0.01785558 0.6010988 0.7989543 0.01877003 0.6086581 0.793217 0.01849853 0.5105548 0.859675 0.01711052 0.510555 0.8596748 0.01711052 0.7932397 0.6086755 0.01688235 0.8581734 0.5129022 0.02167701 0.7012302 0.7018511 0.1252251 0.7358524 0.6769185 0.01739549 0.792414 0.6097013 0.01855641 0.8191275 0.5732718 0.0197401 0.9912965 0.1305065 0.0173031 0.998101 0.05786132 0.0211305 0.9773113 0.2111788 0.01631695 0.9237204 0.382618 0.01854944 0.9213392 0.3883264 0.01834863 0.8625748 0.5056431 0.01702493 -3.52232e-7 0.9998477 0.01745235 3.02918e-7 0.9998478 0.01745229 0 0.9998477 0.01745241 -1.39804e-7 0.9998477 0.01745253 0 0.9998477 0.01745212 0.9998477 -4.25578e-7 0.01745253 0.9998477 4.43334e-7 0.01745229 0.9998477 -1.99475e-7 0.01745235 0.9998477 0 0.01745295 0.9998477 0 0.01745218 0.9998477 0 0.01745218 0.9998477 0 0.01745235 0 0 1 0 0 1 0 0 1 0 0 1 0 0 1 0 0 1 0 0 1 0 0 1 0 0 1 0 0 1 0 0 1 0 0 1 0 0 1 0 0 1 0 0 1 0 0 1 0 0 1 0 0 1 -0.7338173 -0.6511762 0.1936021 -0.9682679 -0.2359219 0.08245086 -0.7338345 -0.6512964 0.1931316 -0.968273 -0.2359561 0.08229261 -0.7329539 -0.6521705 0.1935262 -0.7319229 -0.640089 0.2336126 -0.731233 -0.6408509 0.2336848 -0.7306988 -0.6413373 0.2340207 -0.7300856 -0.6253779 0.2754588 -0.7320262 -0.6233508 0.2749026 -0.7316448 -0.6124841 0.2992644 -0.7322323 -0.6116532 0.2995267 -0.7740454 -0.5677469 0.2802091 -0.7635233 -0.5785748 0.2868507 -0.7569383 -0.5862292 0.2887555 -0.7567355 -0.5788972 0.3036929 -0.7447662 -0.5916625 0.3086402 -0.7447913 -0.5924769 0.3070131 -0.7365107 -0.6011053 0.3102006 -0.7367169 -0.6074842 0.2970036 -0.9681649 -0.236325 0.08250594 -0.9678542 -0.2320616 0.09698247 -0.9677116 -0.2326028 0.09710967 -0.9674688 -0.2267822 0.1121337 -0.9677091 -0.2258939 0.1118533 -0.9675633 -0.2219552 0.1206523 -0.9681869 -0.2196806 0.1198107 -0.968111 -0.2174654 0.1243782 -0.9691298 -0.2137501 0.1228756 -0.9691203 -0.2134608 0.1234517 -0.9705845 -0.2080388 0.1211841 -0.970668 -0.2106953 0.1158065 -0.972747 -0.2026909 0.1126038 -0.830186 -0.1626236 0.53324 -0.5378768 -0.7405048 0.4029157 -0.3798177 -0.5144376 0.7688255 -0.6582342 -0.0856201 0.7479283 -0.5556855 -0.150874 0.8175883 -0.3176294 -0.1589475 0.934798 -0.3546927 -0.1337121 0.9253724 -0.1192163 -0.1962316 0.9732834 -0.6581996 -0.08564871 0.7479556 -0.5979654 -0.2072725 0.774258 -0.759715 -0.1368083 0.6357017 -0.5646955 -0.7307697 0.3835293 -0.5747832 -0.7238934 0.3815792 -0.5937865 -0.7239186 0.3512256 -0.6120117 -0.7132606 0.3416152 -0.6199596 -0.716786 0.3191677 -0.6386376 -0.7079191 0.3016498 -0.6397131 -0.7120678 0.2893555 -0.6520184 -0.7085657 0.269827 -0.6523792 -0.7094392 0.2666409 -0.6602986 -0.7084856 0.2491062 -0.660354 -0.7079296 0.2505364 -0.6698857 -0.7097486 0.2179684 -0.7262362 -0.6176161 0.3018795 -0.7262418 -0.6176099 0.3018789 -0.4904202 -0.4854125 0.7237836 -0.5034345 -0.4763466 0.7208659 -0.6018251 -0.4803929 0.6379885 -0.6426292 -0.4561147 0.6156193 -0.6972153 -0.4699758 0.5413072 -0.7473627 -0.4455376 0.4928948 -0.7667443 -0.4627074 0.4449775 -0.8039429 -0.4522407 0.3862049 -0.8092402 -0.4566197 0.3696333 -0.8346269 -0.4534319 0.3127261 -0.8343397 -0.4527825 0.3144282 -0.8738429 -0.4588633 0.1607576 -0.9427789 -0.1782713 0.2817575 -0.8908545 -0.144074 0.4308375 -0.8710444 -0.1526114 0.4668954 -0.8907564 -0.1582981 0.426022 -0.9258982 -0.1538299 0.3450348 -0.92517 -0.1531612 0.3472783 -0.9480348 -0.1577 0.2763345 -0.9518182 -0.1914343 0.2395727 -0.8543675 -0.5132246 0.08158856 -0.7745755 -0.5810024 0.249938 -0.7663235 -0.5891109 0.2563138 -0.9542856 -0.2928833 0.05965054 -0.9563016 -0.2726398 0.1056162 -0.9729951 -0.210747 0.09416127 -0.7663193 -0.5891129 0.2563215 -0.7647054 -0.6086208 0.2116754 -0.7596849 -0.614353 0.2131881 -0.7501605 -0.6236376 0.2198534 -0.7435426 -0.6464428 0.1710439 -0.72732 -0.670762 0.1452034 -0.7310656 -0.6674073 0.1418116 -0.7382472 -0.6517944 0.1736525 -0.8916385 -0.4493082 0.05570489 -0.8987144 -0.4250443 0.1079341 -0.8438767 -0.5353118 0.03624111 -0.8314967 -0.5529092 0.05389618 -0.8011636 -0.5936528 0.07558649 -0.792763 -0.6070719 0.05468642 -0.788064 -0.613184 0.05441051 -0.7809215 -0.623437 0.03857505 -0.7595566 -0.6474195 0.06262415 -0.7420319 -0.6690114 0.04257225 -0.7348735 -0.6759681 0.05502778 -0.7154411 -0.6971813 0.04563283 -0.7143791 -0.698 0.04958367 -0.6901397 -0.7218614 0.05121809 -0.6897073 -0.7228116 0.04297745 -0.6672883 -0.7426242 0.05688291 -0.6629602 -0.7474484 0.04248011 -0.6392792 -0.7660948 0.06649005 -0.6177898 -0.7854983 0.03644657 -0.7273176 -0.6707611 0.1452197 -0.7210574 -0.6806018 0.1298364 -0.7206901 -0.6809923 0.1298282 -0.7174484 -0.6857506 0.1225315 -0.7159146 -0.6870648 0.1241301 -0.709635 -0.6947957 0.1169493 -0.709088 -0.6952024 0.1178473 -0.7042541 -0.7004885 0.1155083 -0.7041655 -0.7005296 0.1157985 -0.6988726 -0.7057513 0.1161559 -0.6988745 -0.7058424 0.115589 -0.6935273 -0.710551 0.1188995 -0.6933041 -0.7109376 0.1178861 -0.6855306 -0.7170954 0.1257859 -0.6843631 -0.7185607 0.1237652 -0.6715772 -0.7268135 0.1439664 -0.6716425 -0.7268649 0.1434003 -0.6684094 -0.7302884 0.1410954 -0.6518313 -0.7380482 0.1743585 -0.6487718 -0.7414239 0.171423 -0.6460726 -0.7440014 0.170447 -0.6279189 -0.7494218 0.2099636 -0.6180374 -0.7586392 0.2061464 -0.6180371 -0.7586395 0.2061464 -0.5984624 -0.7612252 0.249758 -0.5847793 -0.7745704 0.2409849 -0.5943629 -0.8008172 0.07365173 -0.5556694 -0.8297191 0.0528928 -0.5418756 -0.8396117 0.03772139 -0.5150289 -0.8522536 0.0917012 -0.4473417 -0.8931221 0.0470981 -0.4201145 -0.9012245 0.1062932 -0.3406234 -0.9383293 0.05927824 -0.3119962 -0.9420913 0.1229729 -0.2203809 -0.9727681 0.07179427 -0.5619874 -0.7225866 0.4025403 -0.6745771 -0.6948714 0.2491977 -0.7480927 -0.6070183 0.2681158 -0.7466973 -0.5292119 0.4029616 -0.6796787 -0.5373279 0.4993151 -0.5020428 -0.3968957 0.7683925 -0.5020395 -0.3968933 0.7683958 -0.1800501 -0.1423408 0.9733043 -0.1800528 -0.1423428 0.9733034 -0.7480909 -0.6070205 0.2681158 -0.6069232 -0.6069233 0.5131163 -0.4525303 -0.4525303 0.7683962 -0.4525305 -0.4525305 0.7683959 -0.1622968 -0.1622968 0.9733034 -0.1622968 -0.1622968 0.9733034 -0.6745762 -0.6948722 0.2491978 -0.5274713 -0.667211 0.5259311 -0.3968932 -0.5020396 0.7683957 -0.3968959 -0.5020427 0.7683924 -0.1423429 -0.1800528 0.9733034 -0.1423406 -0.1800501 0.9733042 -0.2035089 -0.97279 0.1107417 -0.5688459 -0.7741199 0.2777637 -0.5827651 -0.7620087 0.282361 -0.5827623 -0.7620103 0.2823621 -0.5748562 -0.7617559 0.298778 -0.5925652 -0.744023 0.3087011 -0.5961304 -0.7441148 0.3015323 -0.6085835 -0.7318828 0.3065512 -0.6085876 -0.7318798 0.3065503 -0.6086016 -0.7318786 0.3065252 -0.6238851 -0.7324084 0.2726632 -0.6262115 -0.7299798 0.2738407 -0.6460037 -0.7308415 0.2203406 -0.6439207 -0.7328677 0.219707 -0.6457509 -0.7311496 0.2200589 -0.6439904 -0.7328851 0.2194444 -0.2334312 -0.9680166 0.09194481 -0.2088831 -0.9712985 0.1137854 -0.2062391 -0.9712071 0.119257 -0.21386 -0.9690301 0.1234686 -0.2152351 -0.9690713 0.1207252 -0.2204244 -0.9675559 0.1234857 -0.2260615 -0.9677635 0.1110404 -0.2271131 -0.9674577 0.1115583 -0.2343007 -0.9677831 0.0921899 -0.2334468 -0.9680209 0.09185922 -0.6082351 -0.7229788 0.3276457 -0.6478141 -0.7334367 0.205931 -0.2812577 -0.9532188 -0.1107605 -0.1556552 -0.9028962 0.4006868 -0.1572933 -0.9416093 0.2977091 -0.1504758 -0.9517076 0.2676001 -0.1594173 -0.9670207 0.1986384 -0.173081 -0.9387747 0.2979012 -0.6891869 -0.6399541 0.3398238 -0.7074127 -0.6659852 0.2367087 -0.708815 -0.6632898 0.2400583 -0.7085452 -0.6566321 0.2584531 -0.7082704 -0.6570891 0.2580446 -0.7108195 -0.6448603 0.2808752 -0.7073984 -0.6496773 0.2784005 -0.7145769 -0.6303197 0.3034419 -0.7074318 -0.6395373 0.300886 -0.4330077 -0.820797 0.3725542 -0.4512416 -0.8514525 0.2672261 -0.4554088 -0.8453459 0.2792724 -0.4543278 -0.8209667 0.3458321 -0.4514743 -0.8247118 0.3406193 -0.4607571 -0.7790548 0.4251781 -0.4446868 -0.7966879 0.4093192 -0.4710418 -0.7256025 0.5016182 -0.4401144 -0.7568606 0.4831784 -0.160063 -0.7113871 0.6843305 -0.1172652 -0.794741 0.5955129 -0.1800718 -0.7362738 0.6522845 -0.1327086 -0.8643255 0.4851081 -0.1608971 -0.8304519 0.5333496 -0.1594182 -0.8673182 0.4715349 -0.1494554 -0.9108561 0.3847132 -0.07803589 -0.636837 0.7670391 -0.1568574 -0.5534477 0.8179801 -0.4230633 -0.6765059 0.6027912 -0.494228 -0.6365269 0.5920916 -0.7053859 -0.6216771 0.3405116 -0.72309 -0.6056405 0.3321753 -0.05360108 -0.3127254 0.94833 -0.2614526 -0.3187866 0.911053 -0.4245648 -0.4937939 0.7588888 -0.5390272 -0.4757422 0.6950678 -0.7126088 -0.5748353 0.4021853 -0.7417927 -0.5596659 0.3694831 -0.6511762 0.7338173 0.1936021 -0.2359219 0.9682679 0.08245086 -0.6512964 0.7338345 0.1931316 -0.2359561 0.968273 0.08229261 -0.6521705 0.7329539 0.1935262 -0.640089 0.7319229 0.2336126 -0.6408509 0.731233 0.2336848 -0.6413373 0.7306988 0.2340207 -0.6253779 0.7300856 0.2754588 -0.6233508 0.7320262 0.2749026 -0.6124841 0.7316448 0.2992644 -0.6116532 0.7322323 0.2995267 -0.6074842 0.7367168 0.2970036 -0.6011052 0.7365108 0.3102006 -0.5924769 0.7447913 0.3070131 -0.5916625 0.7447662 0.3086402 -0.5788972 0.7567355 0.3036929 -0.5677469 0.7740454 0.2802091 -0.5785748 0.7635233 0.2868507 -0.5862304 0.7569372 0.2887558 -0.5862289 0.7569383 0.2887561 -0.236325 0.9681649 0.08250594 -0.2320616 0.9678542 0.09698247 -0.2326028 0.9677116 0.09710967 -0.2267822 0.9674688 0.1121337 -0.2258939 0.9677091 0.1118533 -0.2219552 0.9675633 0.1206523 -0.2196806 0.9681869 0.1198107 -0.2174654 0.968111 0.1243782 -0.2137501 0.9691298 0.1228756 -0.2134608 0.9691203 0.1234517 -0.2080388 0.9705845 0.1211841 -0.2106953 0.970668 0.1158065 -0.2026909 0.972747 0.1126038 -0.1626236 0.830186 0.53324 -0.7405048 0.5378768 0.4029157 -0.5144376 0.3798177 0.7688255 -0.0856201 0.6582342 0.7479283 -0.150874 0.5556855 0.8175883 -0.1589475 0.3176294 0.934798 -0.1337121 0.3546927 0.9253724 -0.1962316 0.1192163 0.9732834 -0.08564871 0.6581996 0.7479556 -0.2072725 0.5979654 0.774258 -0.1368083 0.759715 0.6357017 -0.7307697 0.5646955 0.3835293 -0.7238934 0.5747832 0.3815792 -0.7239186 0.5937865 0.3512256 -0.7132606 0.6120117 0.3416152 -0.716786 0.6199596 0.3191677 -0.7079191 0.6386376 0.3016498 -0.7120678 0.6397131 0.2893555 -0.7085657 0.6520184 0.269827 -0.7094392 0.6523792 0.2666409 -0.7084856 0.6602986 0.2491062 -0.7079296 0.660354 0.2505364 -0.7097486 0.6698857 0.2179684 -0.6176161 0.7262362 0.3018795 -0.6176099 0.7262418 0.3018789 -0.4854125 0.4904202 0.7237836 -0.4763466 0.5034345 0.7208659 -0.4803929 0.6018251 0.6379885 -0.4561147 0.6426292 0.6156193 -0.4699758 0.6972153 0.5413072 -0.4455376 0.7473627 0.4928948 -0.4627074 0.7667443 0.4449775 -0.4522407 0.8039429 0.3862049 -0.4566197 0.8092402 0.3696333 -0.4534319 0.8346269 0.3127261 -0.4527825 0.8343397 0.3144282 -0.4588633 0.8738429 0.1607576 -0.1782713 0.9427789 0.2817575 -0.144074 0.8908545 0.4308375 -0.1526114 0.8710444 0.4668954 -0.1582981 0.8907564 0.426022 -0.1538299 0.9258982 0.3450348 -0.1531612 0.92517 0.3472783 -0.1577 0.9480348 0.2763345 -0.1914343 0.9518182 0.2395727 -0.5132246 0.8543675 0.08158856 -0.5800427 0.7745653 0.2521888 -0.2928833 0.9542856 0.05965054 -0.2726398 0.9563016 0.1056162 -0.210747 0.9729951 0.09416127 -0.5902533 0.7662766 0.2538132 -0.6086208 0.7647054 0.2116754 -0.614353 0.7596849 0.2131881 -0.6236376 0.7501605 0.2198534 -0.6464428 0.7435426 0.1710439 -0.670762 0.72732 0.1452034 -0.6674073 0.7310656 0.1418116 -0.6517944 0.7382472 0.1736525 -0.4493082 0.8916385 0.05570489 -0.4250443 0.8987144 0.1079341 -0.6707611 0.7273176 0.1452197 -0.6806018 0.7210574 0.1298364 -0.6809923 0.7206901 0.1298282 -0.6857506 0.7174484 0.1225315 -0.6870648 0.7159146 0.1241301 -0.6947957 0.709635 0.1169493 -0.6952024 0.709088 0.1178473 -0.7004885 0.7042541 0.1155083 -0.7005296 0.7041655 0.1157985 -0.7057513 0.6988726 0.1161559 -0.7058424 0.6988745 0.115589 -0.710551 0.6935273 0.1188995 -0.7109376 0.6933041 0.1178861 -0.7171002 0.6855244 0.1257922 -0.7175658 0.6852023 0.1248883 -0.5353118 0.8438767 0.03624111 -0.5529092 0.8314967 0.05389618 -0.5936528 0.8011636 0.07558649 -0.6070719 0.792763 0.05468642 -0.613184 0.788064 0.05441051 -0.623437 0.7809215 0.03857505 -0.6474195 0.7595566 0.06262415 -0.6690114 0.7420319 0.04257225 -0.6759681 0.7348735 0.05502778 -0.6971813 0.7154411 0.04563283 -0.698 0.7143791 0.04958367 -0.7218614 0.6901397 0.05121809 -0.7228116 0.6897073 0.04297745 -0.7426242 0.6672883 0.05688291 -0.7474484 0.6629602 0.04248011 -0.7660948 0.6392792 0.06649005 -0.7854983 0.6177898 0.03644657 -0.7186315 0.6842581 0.1239343 -0.7268135 0.6715772 0.1439664 -0.7268649 0.6716425 0.1434003 -0.7302884 0.6684093 0.1410954 -0.7380486 0.6518305 0.17436 -0.7586393 0.6180373 0.2061464 -0.7494218 0.6279189 0.2099636 -0.7439143 0.6463209 0.1698847 -0.7586395 0.6180371 0.2061464 -0.7612252 0.5984624 0.249758 -0.7745704 0.5847793 0.2409849 -0.8008172 0.5943629 0.07365173 -0.8297191 0.5556694 0.0528928 -0.8396117 0.5418756 0.03772139 -0.8522536 0.5150289 0.0917012 -0.8931221 0.4473417 0.0470981 -0.9012245 0.4201145 0.1062932 -0.9383293 0.3406234 0.05927824 -0.9420913 0.3119962 0.1229729 -0.9727681 0.2203809 0.07179427 -0.7307594 0.5511617 0.4027549 -0.7361407 0.6734333 0.0677095 -0.6509997 0.7553972 0.07466328 -0.5402364 0.7387963 0.4028953 -0.4873155 0.616417 0.6185092 -0.3968957 0.5020428 0.7683925 -0.3968933 0.5020395 0.7683958 -0.1423408 0.1800501 0.9733043 -0.1423428 0.1800528 0.9733034 -0.6509993 0.7553975 0.07466351 -0.5535976 0.5535976 0.622141 -0.4525303 0.4525303 0.7683962 -0.4525305 0.4525305 0.7683959 -0.1622968 0.1622968 0.9733034 -0.1622968 0.1622968 0.9733034 -0.7361399 0.6734341 0.06770932 -0.6122211 0.4839984 0.6252447 -0.5020396 0.3968932 0.7683957 -0.5020427 0.3968959 0.7683924 -0.1800528 0.1423429 0.9733034 -0.1800501 0.1423406 0.9733042 -0.97279 0.2035089 0.1107417 -0.7741199 0.5688459 0.2777637 -0.7620087 0.5827651 0.282361 -0.73188 0.6085863 0.3065527 -0.7434931 0.5967574 0.3018257 -0.744121 0.596463 0.3008586 -0.744023 0.5925652 0.3087011 -0.7617559 0.5748562 0.2987779 -0.7620103 0.5827623 0.2823621 -0.7318786 0.6086016 0.3065252 -0.7324084 0.6238851 0.2726632 -0.7299798 0.6262115 0.2738407 -0.7308415 0.6460037 0.2203406 -0.7328677 0.6439207 0.219707 -0.7311496 0.6457509 0.2200589 -0.7328851 0.6439904 0.2194444 -0.9680166 0.2334312 0.09194481 -0.9712985 0.2088831 0.1137854 -0.9712071 0.2062391 0.119257 -0.9690301 0.21386 0.1234686 -0.9690713 0.2152351 0.1207252 -0.9675559 0.2204244 0.1234857 -0.9677635 0.2260615 0.1110404 -0.9674577 0.2271131 0.1115583 -0.9677831 0.2343007 0.0921899 -0.9680209 0.2334468 0.09185922 -0.7229788 0.6082351 0.3276457 -0.7334367 0.6478141 0.205931 -0.9532188 0.2812577 -0.1107605 -0.9028962 0.1556552 0.4006868 -0.9416093 0.1572933 0.2977091 -0.9517076 0.1504758 0.2676001 -0.9670207 0.1594173 0.1986384 -0.9387747 0.173081 0.2979012 -0.6399541 0.6891869 0.3398238 -0.6659852 0.7074127 0.2367087 -0.6632898 0.708815 0.2400583 -0.6566321 0.7085452 0.2584531 -0.6570891 0.7082704 0.2580446 -0.6448603 0.7108195 0.2808752 -0.6496773 0.7073984 0.2784005 -0.6303197 0.7145769 0.3034419 -0.6395373 0.7074318 0.300886 -0.820797 0.4330077 0.3725542 -0.8514525 0.4512416 0.2672261 -0.8453459 0.4554088 0.2792724 -0.8209667 0.4543278 0.3458321 -0.8247118 0.4514743 0.3406193 -0.7790548 0.4607571 0.4251781 -0.7966879 0.4446868 0.4093192 -0.7256025 0.4710418 0.5016182 -0.7568606 0.4401144 0.4831784 -0.7113871 0.160063 0.6843305 -0.794741 0.1172652 0.5955129 -0.7362738 0.1800718 0.6522845 -0.8643255 0.1327086 0.4851081 -0.8304519 0.1608971 0.5333496 -0.8673182 0.1594182 0.4715349 -0.9108561 0.1494554 0.3847132 -0.636837 0.07803589 0.7670391 -0.5534477 0.1568574 0.8179801 -0.6765059 0.4230633 0.6027912 -0.6365269 0.494228 0.5920916 -0.6216771 0.7053859 0.3405116 -0.6056405 0.72309 0.3321753 -0.3127254 0.05360108 0.94833 -0.3187866 0.2614526 0.911053 -0.4937939 0.4245648 0.7588888 -0.4757422 0.5390272 0.6950678 -0.5748353 0.7126088 0.4021853 -0.5596659 0.7417927 0.3694831 0.7338173 0.6511762 0.1936021 0.9682679 0.2359219 0.08245086 0.7338345 0.6512964 0.1931316 0.968273 0.2359561 0.08229261 0.7329539 0.6521705 0.1935262 0.7319229 0.640089 0.2336126 0.731233 0.6408509 0.2336848 0.7306988 0.6413373 0.2340207 0.7300856 0.6253779 0.2754588 0.7320262 0.6233508 0.2749026 0.7316448 0.6124841 0.2992644 0.7322323 0.6116532 0.2995267 0.7367169 0.6074842 0.2970036 0.7364937 0.6007264 0.3109738 0.7447974 0.5928729 0.3062329 0.7740454 0.5677469 0.2802091 0.7635233 0.5785748 0.2868507 0.7569383 0.5862292 0.2887555 0.7567355 0.5788972 0.3036929 0.7447662 0.5916625 0.3086402 0.7448025 0.5928693 0.3062274 0.9681649 0.236325 0.08250594 0.9678542 0.2320616 0.09698247 0.9677116 0.2326028 0.09710967 0.9674688 0.2267822 0.1121337 0.9677091 0.2258939 0.1118533 0.9675633 0.2219552 0.1206523 0.9681869 0.2196806 0.1198107 0.968111 0.2174654 0.1243782 0.9691298 0.2137501 0.1228756 0.9691203 0.2134608 0.1234517 0.9705845 0.2080388 0.1211841 0.970668 0.2106953 0.1158065 0.972747 0.2026909 0.1126038 0.830186 0.1626236 0.53324 0.5378768 0.7405048 0.4029157 0.3798177 0.5144376 0.7688255 0.6582342 0.0856201 0.7479283 0.5556855 0.150874 0.8175883 0.3176294 0.1589475 0.934798 0.3546927 0.1337121 0.9253724 0.1192163 0.1962316 0.9732834 0.6581996 0.08564871 0.7479556 0.5979654 0.2072725 0.774258 0.759715 0.1368083 0.6357017 0.5646955 0.7307697 0.3835293 0.5747832 0.7238934 0.3815792 0.5937865 0.7239186 0.3512256 0.6120117 0.7132606 0.3416152 0.6199596 0.716786 0.3191677 0.6386376 0.7079191 0.3016498 0.6397131 0.7120678 0.2893555 0.6520184 0.7085657 0.269827 0.6523792 0.7094392 0.2666409 0.6602986 0.7084856 0.2491062 0.660354 0.7079296 0.2505364 0.6698857 0.7097486 0.2179684 0.7262362 0.6176161 0.3018795 0.7262418 0.6176099 0.3018789 0.4904202 0.4854125 0.7237836 0.5034345 0.4763466 0.7208659 0.6018251 0.4803929 0.6379885 0.6426292 0.4561147 0.6156193 0.6972153 0.4699758 0.5413072 0.7473627 0.4455376 0.4928948 0.7667443 0.4627074 0.4449775 0.8039429 0.4522407 0.3862049 0.8092402 0.4566197 0.3696333 0.8346269 0.4534319 0.3127261 0.8343397 0.4527825 0.3144282 0.8738429 0.4588633 0.1607576 0.9427789 0.1782713 0.2817575 0.8908545 0.144074 0.4308375 0.8710444 0.1526114 0.4668954 0.8907564 0.1582981 0.426022 0.9258982 0.1538299 0.3450348 0.92517 0.1531612 0.3472783 0.9480348 0.1577 0.2763345 0.9518182 0.1914343 0.2395727 0.8543675 0.5132246 0.08158856 0.7745653 0.5800427 0.2521888 0.9542856 0.2928833 0.05965054 0.9563016 0.2726398 0.1056162 0.9729951 0.210747 0.09416127 0.7662766 0.5902533 0.2538132 0.7647054 0.6086208 0.2116754 0.7596849 0.614353 0.2131881 0.7501605 0.6236376 0.2198534 0.7435426 0.6464428 0.1710439 0.72732 0.670762 0.1452034 0.7310656 0.6674073 0.1418116 0.7382472 0.6517944 0.1736525 0.8916385 0.4493082 0.05570489 0.8987144 0.4250443 0.1079341 0.7273176 0.6707611 0.1452197 0.7210574 0.6806018 0.1298364 0.7206901 0.6809923 0.1298282 0.7174474 0.685752 0.1225293 0.7166749 0.686436 0.1232181 0.8438767 0.5353118 0.03624111 0.8314967 0.5529092 0.05389618 0.8011636 0.5936528 0.07558649 0.792763 0.6070719 0.05468642 0.788064 0.613184 0.05441051 0.7809215 0.623437 0.03857505 0.7595566 0.6474195 0.06262415 0.7420319 0.6690114 0.04257225 0.7348735 0.6759681 0.05502778 0.7154411 0.6971813 0.04563283 0.7143791 0.698 0.04958367 0.6901397 0.7218614 0.05121809 0.6897073 0.7228116 0.04297745 0.6672883 0.7426242 0.05688291 0.6629602 0.7474484 0.04248011 0.6392792 0.7660948 0.06649005 0.6177898 0.7854983 0.03644657 0.7160659 0.6868755 0.1243044 0.709635 0.6947957 0.1169493 0.709088 0.6952024 0.1178473 0.7042541 0.7004885 0.1155083 0.7041655 0.7005296 0.1157985 0.6988726 0.7057513 0.1161559 0.6988745 0.7058424 0.115589 0.6935273 0.710551 0.1188995 0.6933041 0.7109376 0.1178861 0.6855306 0.7170954 0.1257859 0.6843631 0.7185607 0.1237652 0.6715772 0.7268135 0.1439664 0.6716425 0.7268649 0.1434003 0.6684093 0.7302884 0.1410954 0.6518305 0.7380486 0.17436 0.6180373 0.7586393 0.2061464 0.6279189 0.7494218 0.2099636 0.6463209 0.7439143 0.1698847 0.6180371 0.7586395 0.2061464 0.5984624 0.7612252 0.249758 0.5847793 0.7745704 0.2409849 0.5943629 0.8008172 0.07365173 0.5556694 0.8297191 0.0528928 0.5418756 0.8396117 0.03772139 0.5150289 0.8522536 0.0917012 0.4473417 0.8931221 0.0470981 0.4201145 0.9012245 0.1062932 0.3406234 0.9383293 0.05927824 0.3119962 0.9420913 0.1229729 0.2203809 0.9727681 0.07179427 0.5402364 0.7387964 0.4028952 0.6509993 0.7553975 0.07466328 0.7361399 0.6734341 0.06770944 0.7307593 0.5511617 0.4027551 0.6122211 0.4839984 0.6252447 0.5020428 0.3968957 0.7683925 0.5020395 0.3968933 0.7683958 0.1800501 0.1423408 0.9733043 0.1800528 0.1423428 0.9733034 0.7361407 0.6734333 0.06770956 0.5535976 0.5535976 0.622141 0.4525303 0.4525303 0.7683962 0.4525305 0.4525305 0.7683959 0.1622968 0.1622968 0.9733034 0.1622968 0.1622968 0.9733034 0.6509997 0.7553972 0.07466346 0.4873155 0.616417 0.6185092 0.3968932 0.5020396 0.7683957 0.3968959 0.5020427 0.7683924 0.1423429 0.1800528 0.9733034 0.1423406 0.1800501 0.9733042 0.6262115 0.7299798 0.2738407 0.2035089 0.97279 0.1107417 0.5688459 0.7741199 0.2777637 0.5827651 0.7620087 0.282361 0.5827623 0.7620103 0.2823621 0.5748566 0.7617559 0.2987772 0.5775433 0.7586719 0.3014312 0.5930894 0.7440394 0.307653 0.5964609 0.7441209 0.3008629 0.6082295 0.7319093 0.30719 0.6086016 0.7318786 0.3065252 0.6238851 0.7324084 0.2726632 0.6439207 0.7328677 0.219707 0.6438955 0.7328913 0.2197021 0.6460637 0.7308405 0.2201681 0.6439904 0.7328851 0.2194444 0.2334312 0.9680166 0.09194481 0.2088831 0.9712985 0.1137854 0.2062391 0.9712071 0.119257 0.21386 0.9690301 0.1234686 0.2152351 0.9690713 0.1207252 0.2204244 0.9675559 0.1234857 0.2260615 0.9677635 0.1110404 0.2271131 0.9674577 0.1115583 0.2343007 0.9677831 0.0921899 0.2334468 0.9680209 0.09185922 0.6082351 0.7229788 0.3276457 0.6478141 0.7334367 0.205931 0.2812577 0.9532188 -0.1107605 0.1556552 0.9028962 0.4006868 0.1572933 0.9416093 0.2977091 0.1504758 0.9517076 0.2676001 0.1594173 0.9670207 0.1986384 0.173081 0.9387747 0.2979012 0.6891869 0.6399541 0.3398238 0.7074127 0.6659852 0.2367087 0.708815 0.6632898 0.2400583 0.7085452 0.6566321 0.2584531 0.7082704 0.6570891 0.2580446 0.7108195 0.6448603 0.2808752 0.7073984 0.6496773 0.2784005 0.7145769 0.6303197 0.3034419 0.7074318 0.6395373 0.300886 0.4330077 0.820797 0.3725542 0.4512416 0.8514525 0.2672261 0.4554088 0.8453459 0.2792724 0.4543278 0.8209667 0.3458321 0.4514743 0.8247118 0.3406193 0.4607571 0.7790548 0.4251781 0.4446868 0.7966879 0.4093192 0.4710418 0.7256025 0.5016182 0.4401144 0.7568606 0.4831784 0.160063 0.7113871 0.6843305 0.1172652 0.794741 0.5955129 0.1800718 0.7362738 0.6522845 0.1327086 0.8643255 0.4851081 0.1608971 0.8304519 0.5333496 0.1594182 0.8673182 0.4715349 0.1494554 0.9108561 0.3847132 0.07803589 0.636837 0.7670391 0.1568574 0.5534477 0.8179801 0.4230633 0.6765059 0.6027912 0.494228 0.6365269 0.5920916 0.7053859 0.6216771 0.3405116 0.72309 0.6056405 0.3321753 0.05360108 0.3127254 0.94833 0.2614526 0.3187866 0.911053 0.4245648 0.4937939 0.7588888 0.5390272 0.4757422 0.6950678 0.7126088 0.5748353 0.4021853 0.7417927 0.5596659 0.3694831 0 0 1 0 0 1 0 0 1 0 0 1 0 0 1 0 0 1 0 0 1 0 0 1 0 0 1 0 0 1 0 0 1 0 0 1 0 0 1 0 0 1 0 0 1 0 0 1 0 0 1 0 0 1 0 0 1 0 0 1 0 0 1 0 0 1 0 0 1 0 0 1 0 0 1 0 0 1 0 0 1 0 0 1 0 0 1 0 0 1 0 0 1 0 0 1 0 0 1 0 0 1 0 0 1 0 0 1 -0.130494 0.9911937 0.02250438 -0.3167622 0.948422 0.01254349 -0.3825805 0.9236282 0.02330207 -0.5774935 0.8163472 0.008859992 -0.6087359 0.7933242 0.008791029 -0.5774283 0.8162602 0.01720172 -0.7932354 0.6086693 0.01730316 -0.7932346 0.6086702 0.0173034 -0.9237418 0.3826246 0.0173034 -0.9237424 0.3826234 0.0173031 -0.9912963 0.1305078 0.01730304 -0.9912961 0.1305094 0.0173034 -0.9912963 -0.1305075 0.0173034 -0.9912961 -0.1305094 0.01730298 -0.9237415 -0.3826254 0.01730293 -0.9237424 -0.3826234 0.0173034 -0.7932361 -0.6086683 0.0173034 -0.7932354 -0.6086693 0.01730316 -0.6086683 -0.7932361 0.01730316 -0.6086693 -0.7932354 0.0173034 -0.3826254 -0.9237415 0.0173034 -0.3826234 -0.9237424 0.01730293 -0.1305075 -0.9912963 0.01730298 -0.1305094 -0.9912961 0.0173034 0.1305078 -0.9912963 0.0173034 0.1305094 -0.9912961 0.01730304 0.3826246 -0.9237418 0.0173031 0.3826234 -0.9237424 0.0173034 0.6086693 -0.7932354 0.0173034 0.6086702 -0.7932346 0.01730316 0.7932361 -0.6086683 0.01730316 0.7932354 -0.6086693 0.0173034 0.9237408 -0.3826271 0.0173034 0.8841661 -0.4656904 0.03718674 0.9913032 -0.1305084 -0.01689875 0.9404999 -0.3343901 0.06036049 0.9923044 -0.122605 0.01732069 0.9912962 0.1305078 0.0173031 0.9912964 0.1305077 0.0173031 0.9237411 0.3826264 0.0173031 0.9237415 0.3826254 0.01730334 0.7932353 0.6086693 0.01730334 0.793235 0.6086696 0.01730322 0.6086693 0.7932354 0.01730322 0.6086696 0.793235 0.01730334 0.3826264 0.9237411 0.01730328 0.3826254 0.9237415 0.0173031 0.1305078 0.9912962 0.0173031 0.1305077 0.9912964 0.0173031 -0.09865111 0.9949706 0.01736724 0 0 1 0 0 1 0 0 1 0 0 1 0 0 1 0 0 1 0 0 1 0 0 1 0 0 1 0 0 1 0 0 1 0 0 1 0 0 1 0 0 1 0 0 1 0 0 1 0 0 1 0 0 1 0 0 1 0 0 1 0 0 1 0 0 1 0 0 1 0 0 1 0 0 1 0 0 1 0 0 1 0 0 1 0 0 1 0 0 1 0 0 1 0 0 1 0 0 1 0 0 1 0 0 1 0 0 1 -0.9911937 -0.130494 0.02250438 -0.948422 -0.3167622 0.01254349 -0.9236282 -0.3825805 0.02330207 -0.8163472 -0.5774935 0.008859992 -0.7933242 -0.6087359 0.008791029 -0.8162602 -0.5774283 0.01720172 -0.6086693 -0.7932354 0.01730316 -0.6086702 -0.7932346 0.0173034 -0.3826246 -0.9237418 0.0173034 -0.3826234 -0.9237424 0.0173031 -0.1305078 -0.9912963 0.01730304 -0.1305094 -0.9912961 0.0173034 0.1305075 -0.9912963 0.0173034 0.1305094 -0.9912961 0.01730298 0.3826254 -0.9237415 0.01730293 0.3826234 -0.9237424 0.0173034 0.6086683 -0.7932361 0.0173034 0.6086693 -0.7932354 0.01730316 0.7932361 -0.6086683 0.01730316 0.7932354 -0.6086693 0.0173034 0.9237415 -0.3826254 0.0173034 0.9237424 -0.3826234 0.01730293 0.9912963 -0.1305075 0.01730298 0.9912961 -0.1305094 0.0173034 0.9912963 0.1305078 0.0173034 0.9912961 0.1305094 0.01730304 0.9237418 0.3826246 0.0173031 0.9237424 0.3826234 0.0173034 0.7932354 0.6086693 0.0173034 0.7932346 0.6086702 0.01730316 0.6086683 0.7932361 0.01730316 0.6086693 0.7932354 0.0173034 0.3826271 0.9237408 0.0173034 0.4656904 0.8841661 0.03718674 0.1305084 0.9913032 -0.01689875 0.3343901 0.9404999 0.06036049 0.122605 0.9923044 0.01732069 -0.1305078 0.9912962 0.0173031 -0.1305077 0.9912964 0.0173031 -0.3826264 0.9237411 0.0173031 -0.3826254 0.9237415 0.01730334 -0.6086693 0.7932353 0.01730334 -0.6086696 0.793235 0.01730322 -0.7932354 0.6086693 0.01730322 -0.793235 0.6086696 0.01730334 -0.9237411 0.3826264 0.01730328 -0.9237415 0.3826254 0.0173031 -0.9912962 0.1305078 0.0173031 -0.9912964 0.1305077 0.0173031 -0.9949706 -0.09865111 0.01736724 0 0 1 0 0 1 0 0 1 0 0 1 0 0 1 0 0 1 0 0 1 0 0 1 0 0 1 0 0 1 0 0 1 0 0 1 0 0 1 0 0 1 0 0 1 0 0 1 0 0 1 0 0 1 0 0 1 0 0 1 0 0 1 0 0 1 0 0 1 0 0 1 0 0 1 0 0 1 0 0 1 0 0 1 0 0 1 0 0 1 0 0 1 0 0 1 0 0 1 0 0 1 0 0 1 0 0 1 0.130494 -0.9911937 0.02250438 0.3167622 -0.948422 0.01254349 0.3825805 -0.9236282 0.02330207 0.5774935 -0.8163472 0.008859992 0.6087359 -0.7933242 0.008791029 0.5774283 -0.8162602 0.01720172 0.7932354 -0.6086693 0.01730316 0.7932346 -0.6086702 0.0173034 0.9237418 -0.3826246 0.0173034 0.9237424 -0.3826234 0.0173031 0.9912963 -0.1305078 0.01730304 0.9912961 -0.1305094 0.0173034 0.9912963 0.1305075 0.0173034 0.9912961 0.1305094 0.01730298 0.9237415 0.3826254 0.01730293 0.9237424 0.3826234 0.0173034 0.7932361 0.6086683 0.0173034 0.7932354 0.6086693 0.01730316 0.6086683 0.7932361 0.01730316 0.6086693 0.7932354 0.0173034 0.3826254 0.9237415 0.0173034 0.3826234 0.9237424 0.01730293 0.1305075 0.9912963 0.01730298 0.1305094 0.9912961 0.0173034 -0.1305078 0.9912963 0.0173034 -0.1305094 0.9912961 0.01730304 -0.3826246 0.9237418 0.0173031 -0.3826234 0.9237424 0.0173034 -0.6086693 0.7932354 0.0173034 -0.6086702 0.7932346 0.01730316 -0.7932361 0.6086683 0.01730316 -0.7932354 0.6086693 0.0173034 -0.9237408 0.3826271 0.0173034 -0.8841661 0.4656904 0.03718674 -0.9913032 0.1305084 -0.01689875 -0.9404999 0.3343901 0.06036049 -0.9923044 0.122605 0.01732069 -0.9912962 -0.1305078 0.0173031 -0.9912964 -0.1305077 0.0173031 -0.9237411 -0.3826264 0.0173031 -0.9237415 -0.3826254 0.01730334 -0.7932353 -0.6086693 0.01730334 -0.793235 -0.6086696 0.01730322 -0.6086693 -0.7932354 0.01730322 -0.6086696 -0.793235 0.01730334 -0.3826264 -0.9237411 0.01730328 -0.3826254 -0.9237415 0.0173031 -0.1305078 -0.9912962 0.0173031 -0.1305077 -0.9912964 0.0173031 0.09865111 -0.9949706 0.01736724 -0.1861565 0.6947458 -0.6947473 -0.1861563 0.694746 -0.6947474 0.1861563 0.694746 -0.6947474 0.1861564 0.694746 -0.6947474 0.1861569 0.6947466 -0.6947467 0.5085893 0.5085904 -0.6947465 0.5085909 0.5085909 -0.694745 0.694747 0.186157 -0.6947461 0.6947472 0.186157 -0.694746 0.6947471 -0.1861571 -0.6947459 0.6947465 -0.1861565 -0.6947467 0.5085903 -0.5085887 -0.694747 0.5085906 -0.5085894 -0.6947464 0.1861566 -0.6947467 -0.6947465 0.1861558 -0.6947512 -0.6947423 -0.1861578 -0.694751 -0.694742 -0.1861548 -0.6947472 -0.6947464 -0.5085904 -0.508589 -0.6947468 -0.5085901 -0.5085889 -0.694747 -0.6947464 -0.1861567 -0.6947467 -0.6947466 -0.1861566 -0.6947467 -0.6947466 0.1861567 -0.6947466 -0.694747 0.1861571 -0.6947461 -0.5085905 0.5085916 -0.6947448 -0.5085897 0.5085896 -0.6947469 -0.1861569 0.6947464 -0.6947468 0.6947471 -0.1861571 -0.6947459 0.6947465 -0.1861565 -0.6947467 0.5085898 -0.5085895 -0.694747 0.5085899 -0.5085899 -0.6947465 0.1861566 -0.6947467 -0.6947465 0.1861567 -0.6947459 -0.6947473 -0.1861565 -0.694746 -0.6947473 -0.1861568 -0.6947464 -0.6947468 -0.5085897 -0.5085895 -0.6947469 -0.5085896 -0.5085895 -0.6947469 -0.6947464 -0.1861567 -0.6947467 -0.6947466 -0.1861566 -0.6947467 -0.7071068 0 -0.7071068 -0.7071068 0 -0.7071068 0.7071074 0 -0.7071062 0.7071074 0 -0.7071062 0.6947472 0.1861567 -0.694746 0.6947456 0.186157 -0.6947476 0.5085889 0.5085875 -0.6947491 0.508589 0.5085874 -0.6947488 -0.1861566 0.6947465 -0.6947467 -0.1861567 0.6947459 -0.6947473 0.1861564 0.694746 -0.6947473 0.1861569 0.6947466 -0.6947466 0.5085887 0.5085909 -0.6947467 -0.6947465 0.1861571 -0.6947466 -0.6947458 0.1861565 -0.6947475 -0.5085889 0.5085875 -0.6947491 -0.5085889 0.5085875 -0.6947489 -0.5085886 0.5085904 -0.694747 -0.9544337 -0.1256538 0.2706794 -0.9544379 -0.1256552 0.2706642 -0.8893944 -0.3684002 0.2706637 -0.8893848 -0.3683935 0.2707048 -0.7637333 -0.586031 0.2707012 -0.7637351 -0.5860329 0.2706919 -0.5860336 -0.7637368 0.2706857 -0.5860351 -0.7637397 0.2706742 -0.3683991 -0.8893918 0.2706735 -0.3683989 -0.889391 0.2706769 -0.1256542 -0.9544368 0.2706683 -0.1256544 -0.9544337 0.2706793 0.1256538 -0.9544337 0.2706794 0.1256552 -0.9544379 0.2706642 0.3684002 -0.8893944 0.2706637 0.3683986 -0.8893921 0.2706735 0.5860356 -0.7637392 0.2706744 0.5860375 -0.763741 0.2706654 0.7637413 -0.5860372 0.2706652 0.7637391 -0.586036 0.2706741 0.8893918 -0.3683991 0.2706735 0.8893947 -0.3683996 0.2706637 0.954438 -0.1256543 0.270664 0.9544336 -0.1256547 0.2706794 0.9544337 0.1256538 0.2706794 0.9544367 0.1256548 0.2706685 0.8893911 0.3683988 0.2706766 0.8893917 0.3683992 0.270674 0.7637392 0.5860356 0.2706744 0.7637372 0.5860331 0.2706857 0.5860326 0.7637354 0.2706919 0.5860314 0.763733 0.2707011 0.3683958 0.8893838 0.2707047 0.3683979 0.8893954 0.2706639 0.1256543 0.954438 0.270664 0.1256547 0.9544336 0.2706794 -0.1256538 0.9544337 0.2706794 -0.1256548 0.9544367 0.2706685 -0.3683988 0.8893911 0.2706766 -0.3683942 0.8893845 0.2707048 -0.586031 0.7637333 0.2707012 -0.5860285 0.7637313 0.2707123 -0.7637308 0.586029 0.2707124 -0.7637337 0.5860304 0.2707013 -0.8893838 0.3683958 0.2707047 -0.8893916 0.3683972 0.2706771 -0.9544368 0.1256542 0.2706683 -0.9544337 0.1256544 0.2706793 -0.6979484 -0.09188681 0.7102287 -0.6979483 -0.09188675 0.7102289 -0.6503856 -0.2694004 0.7102268 -0.6503731 -0.269394 0.7102406 -0.5584903 -0.4285432 0.7102389 -0.5584892 -0.4285422 0.7102404 -0.4285438 -0.5584877 0.7102406 -0.4285588 -0.5585108 0.7102133 -0.2694025 -0.6503955 0.7102168 -0.2693993 -0.6503858 0.7102269 -0.09188532 -0.6979486 0.7102287 -0.09188443 -0.6979305 0.7102467 0.09188294 -0.6979306 0.7102468 0.09188675 -0.6979483 0.7102289 0.2693991 -0.650386 0.7102268 0.2694004 -0.6503884 0.7102241 0.428553 -0.5585011 0.7102245 0.4285422 -0.5584892 0.7102404 0.5584883 -0.4285432 0.7102406 0.5585019 -0.428552 0.7102246 0.6503888 -0.2694003 0.7102239 0.6503858 -0.2693993 0.7102269 0.6979486 -0.09188532 0.7102287 0.6979305 -0.09188443 0.7102467 0.6979306 0.09188294 0.7102468 0.6979483 0.09188675 0.7102289 0.6503862 0.2693986 0.7102269 0.6503951 0.2694032 0.710217 0.5585094 0.4285605 0.7102134 0.5584892 0.4285422 0.7102404 0.4285423 0.5584891 0.7102405 0.4285432 0.5584905 0.7102388 0.2693951 0.6503726 0.7102406 0.2693993 0.6503858 0.7102269 0.09188675 0.6979483 0.7102288 0.09188681 0.6979485 0.7102288 -0.09188681 0.6979484 0.7102287 -0.09188675 0.6979483 0.7102289 -0.2693999 0.6503857 0.7102268 -0.2693968 0.6503797 0.7102334 -0.4285507 0.5584986 0.7102279 -0.4285422 0.5584892 0.7102404 -0.5584884 0.4285429 0.7102405 -0.5584994 0.42855 0.7102277 -0.6503793 0.2693972 0.7102337 -0.6503858 0.2693993 0.7102269 -0.6979483 0.09188675 0.7102288 -0.6979485 0.09188681 0.7102288 -0.2558742 -0.03368735 0.9661229 -0.2558606 -0.03368473 0.9661266 -0.2384237 -0.09875804 0.9661267 -0.2384366 -0.09876435 0.9661229 -0.2047504 -0.1571107 0.9661229 -0.2047429 -0.1571042 0.9661256 -0.1571049 -0.2047423 0.9661256 -0.1571064 -0.2047445 0.9661249 -0.09876018 -0.2384294 0.9661251 -0.09875816 -0.2384235 0.9661269 -0.03368502 -0.2558606 0.9661267 -0.03368598 -0.2558742 0.966123 0.03368681 -0.2558742 0.9661229 0.03368419 -0.2558608 0.9661266 0.09875804 -0.2384237 0.9661267 0.09876072 -0.2384291 0.9661252 0.1571063 -0.2047446 0.9661248 0.1571044 -0.2047425 0.9661256 0.2047425 -0.1571046 0.9661256 0.2047448 -0.1571062 0.9661248 0.2384293 -0.09876042 0.9661251 0.2384235 -0.09875839 0.9661268 0.2558606 -0.03368502 0.9661267 0.2558742 -0.03368598 0.966123 0.2558742 0.03368681 0.9661229 0.2558608 0.03368419 0.9661266 0.2384237 0.09875786 0.9661269 0.2384293 0.09876054 0.9661251 0.2047445 0.1571066 0.9661248 0.2047424 0.1571048 0.9661256 0.1571046 0.2047425 0.9661256 0.1571102 0.2047507 0.9661229 0.09876364 0.2384371 0.9661229 0.09875887 0.2384234 0.9661268 0.03368556 0.2558605 0.9661267 0.03368651 0.2558742 0.966123 -0.03368735 0.2558742 0.9661229 -0.03368473 0.2558606 0.9661266 -0.09875786 0.2384237 0.9661269 -0.09876418 0.2384367 0.966123 -0.157111 0.2047502 0.9661229 -0.1571044 0.2047427 0.9661256 -0.2047423 0.1571049 0.9661256 -0.2047505 0.1571104 0.966123 -0.2384372 0.09876346 0.9661229 -0.2384235 0.09875869 0.9661268 -0.2558605 0.03368556 0.9661267 -0.2558742 0.03368651 0.966123 -0.9544337 -0.1256538 0.2706794 -0.9544367 -0.1256548 0.2706685 -0.8893911 -0.3683988 0.2706766 -0.8893845 -0.3683942 0.2707048 -0.7637333 -0.586031 0.2707012 -0.7637313 -0.5860285 0.2707123 -0.586029 -0.7637308 0.2707124 -0.5860304 -0.7637337 0.2707013 -0.3683958 -0.8893838 0.2707047 -0.3683972 -0.8893916 0.2706771 -0.1256542 -0.9544368 0.2706683 -0.1256544 -0.9544337 0.2706793 0.1256538 -0.9544337 0.2706794 0.1256552 -0.9544379 0.2706642 0.3684002 -0.8893944 0.2706637 0.3683935 -0.8893848 0.2707048 0.586031 -0.7637333 0.2707012 0.5860329 -0.7637351 0.2706919 0.7637368 -0.5860336 0.2706857 0.7637397 -0.5860351 0.2706742 0.8893918 -0.3683991 0.2706735 0.889391 -0.3683989 0.2706769 0.9544368 -0.1256542 0.2706683 0.9544337 -0.1256544 0.2706793 0.9544337 0.1256538 0.2706794 0.9544379 0.1256552 0.2706642 0.8893944 0.3684002 0.2706637 0.8893921 0.3683986 0.2706735 0.7637392 0.5860356 0.2706744 0.763741 0.5860375 0.2706654 0.5860372 0.7637413 0.2706652 0.586036 0.7637391 0.2706741 0.3683991 0.8893918 0.2706735 0.3683996 0.8893947 0.2706637 0.1256543 0.954438 0.270664 0.1256547 0.9544336 0.2706794 -0.1256538 0.9544337 0.2706794 -0.1256548 0.9544367 0.2706685 -0.3683988 0.8893911 0.2706766 -0.3683992 0.8893917 0.270674 -0.5860356 0.7637392 0.2706744 -0.5860331 0.7637372 0.2706857 -0.7637354 0.5860326 0.2706919 -0.763733 0.5860314 0.2707011 -0.8893838 0.3683958 0.2707047 -0.8893954 0.3683979 0.2706639 -0.954438 0.1256543 0.270664 -0.9544336 0.1256547 0.2706794 -0.6979484 -0.09188681 0.7102287 -0.6979483 -0.09188675 0.7102289 -0.6503857 -0.2693999 0.7102268 -0.6503797 -0.2693968 0.7102334 -0.5584986 -0.4285507 0.7102279 -0.5584892 -0.4285422 0.7102404 -0.4285429 -0.5584884 0.7102405 -0.42855 -0.5584994 0.7102277 -0.2693972 -0.6503793 0.7102337 -0.2693993 -0.6503858 0.7102269 -0.09188675 -0.6979483 0.7102288 -0.09188681 -0.6979485 0.7102288 0.09188681 -0.6979484 0.7102287 0.09188675 -0.6979483 0.7102289 0.2694004 -0.6503856 0.7102268 0.269394 -0.6503731 0.7102406 0.4285432 -0.5584903 0.7102389 0.4285422 -0.5584892 0.7102404 0.5584877 -0.4285438 0.7102406 0.5585108 -0.4285588 0.7102133 0.6503955 -0.2694025 0.7102168 0.6503858 -0.2693993 0.7102269 0.6979486 -0.09188532 0.7102287 0.6979305 -0.09188443 0.7102467 0.6979306 0.09188294 0.7102468 0.6979483 0.09188675 0.7102289 0.650386 0.2693991 0.7102268 0.6503884 0.2694004 0.7102241 0.5585011 0.428553 0.7102245 0.5584892 0.4285422 0.7102404 0.4285432 0.5584883 0.7102406 0.428552 0.5585019 0.7102246 0.2694003 0.6503888 0.7102239 0.2693993 0.6503858 0.7102269 0.09188532 0.6979486 0.7102287 0.09188443 0.6979305 0.7102467 -0.09188294 0.6979306 0.7102468 -0.09188675 0.6979483 0.7102289 -0.2693986 0.6503862 0.7102269 -0.2694032 0.6503951 0.710217 -0.4285605 0.5585094 0.7102134 -0.4285422 0.5584892 0.7102404 -0.5584891 0.4285423 0.7102405 -0.5584905 0.4285432 0.7102388 -0.6503726 0.2693951 0.7102406 -0.6503858 0.2693993 0.7102269 -0.6979483 0.09188675 0.7102288 -0.6979485 0.09188681 0.7102288 -0.2558742 -0.03368735 0.9661229 -0.2558606 -0.03368473 0.9661266 -0.2384237 -0.09875786 0.9661269 -0.2384367 -0.09876418 0.966123 -0.2047502 -0.157111 0.9661229 -0.2047427 -0.1571044 0.9661256 -0.1571049 -0.2047423 0.9661256 -0.1571104 -0.2047505 0.966123 -0.09876346 -0.2384372 0.9661229 -0.09875869 -0.2384235 0.9661268 -0.03368556 -0.2558605 0.9661267 -0.03368651 -0.2558742 0.966123 0.03368735 -0.2558742 0.9661229 0.03368473 -0.2558606 0.9661266 0.09875804 -0.2384237 0.9661267 0.09876435 -0.2384366 0.9661229 0.1571107 -0.2047504 0.9661229 0.1571042 -0.2047429 0.9661256 0.2047423 -0.1571049 0.9661256 0.2047445 -0.1571064 0.9661249 0.2384294 -0.09876018 0.9661251 0.2384235 -0.09875816 0.9661269 0.2558606 -0.03368502 0.9661267 0.2558742 -0.03368598 0.966123 0.2558742 0.03368681 0.9661229 0.2558608 0.03368419 0.9661266 0.2384237 0.09875804 0.9661267 0.2384291 0.09876072 0.9661252 0.2047446 0.1571063 0.9661248 0.2047425 0.1571044 0.9661256 0.1571046 0.2047425 0.9661256 0.1571062 0.2047448 0.9661248 0.09876042 0.2384293 0.9661251 0.09875839 0.2384235 0.9661268 0.03368502 0.2558606 0.9661267 0.03368598 0.2558742 0.966123 -0.03368681 0.2558742 0.9661229 -0.03368419 0.2558608 0.9661266 -0.09875786 0.2384237 0.9661269 -0.09876054 0.2384293 0.9661251 -0.1571066 0.2047445 0.9661248 -0.1571048 0.2047424 0.9661256 -0.2047425 0.1571046 0.9661256 -0.2047507 0.1571102 0.9661229 -0.2384371 0.09876364 0.9661229 -0.2384234 0.09875887 0.9661268 -0.2558605 0.03368556 0.9661267 -0.2558742 0.03368651 0.966123 -0.9544337 -0.1256538 0.2706794 -0.9544367 -0.1256548 0.2706685 -0.8893911 -0.3683988 0.2706766 -0.8893917 -0.3683992 0.270674 -0.7637392 -0.5860356 0.2706744 -0.7637372 -0.5860331 0.2706857 -0.5860326 -0.7637354 0.2706919 -0.5860314 -0.763733 0.2707011 -0.3683958 -0.8893838 0.2707047 -0.3683979 -0.8893954 0.2706639 -0.1256543 -0.954438 0.270664 -0.1256547 -0.9544336 0.2706794 0.1256538 -0.9544337 0.2706794 0.1256548 -0.9544367 0.2706685 0.3683988 -0.8893911 0.2706766 0.3683942 -0.8893845 0.2707048 0.586031 -0.7637333 0.2707012 0.5860285 -0.7637313 0.2707123 0.7637308 -0.586029 0.2707124 0.7637337 -0.5860304 0.2707013 0.8893838 -0.3683958 0.2707047 0.8893916 -0.3683972 0.2706771 0.9544368 -0.1256542 0.2706683 0.9544337 -0.1256544 0.2706793 0.9544337 0.1256538 0.2706794 0.9544379 0.1256552 0.2706642 0.8893944 0.3684002 0.2706637 0.8893848 0.3683935 0.2707048 0.7637333 0.586031 0.2707012 0.7637351 0.5860329 0.2706919 0.5860336 0.7637368 0.2706857 0.5860351 0.7637397 0.2706742 0.3683991 0.8893918 0.2706735 0.3683989 0.889391 0.2706769 0.1256542 0.9544368 0.2706683 0.1256544 0.9544337 0.2706793 -0.1256538 0.9544337 0.2706794 -0.1256552 0.9544379 0.2706642 -0.3684002 0.8893944 0.2706637 -0.3683986 0.8893921 0.2706735 -0.5860356 0.7637392 0.2706744 -0.5860375 0.763741 0.2706654 -0.7637413 0.5860372 0.2706652 -0.7637391 0.586036 0.2706741 -0.8893918 0.3683991 0.2706735 -0.8893947 0.3683996 0.2706637 -0.954438 0.1256543 0.270664 -0.9544336 0.1256547 0.2706794 -0.6979306 -0.09188294 0.7102468 -0.6979483 -0.09188675 0.7102289 -0.6503862 -0.2693986 0.7102269 -0.6503951 -0.2694032 0.710217 -0.5585094 -0.4285605 0.7102134 -0.5584892 -0.4285422 0.7102404 -0.4285423 -0.5584891 0.7102405 -0.4285432 -0.5584905 0.7102388 -0.2693951 -0.6503726 0.7102406 -0.2693993 -0.6503858 0.7102269 -0.09188675 -0.6979483 0.7102288 -0.09188681 -0.6979485 0.7102288 0.09188681 -0.6979484 0.7102287 0.09188675 -0.6979483 0.7102289 0.2693999 -0.6503857 0.7102268 0.2693968 -0.6503797 0.7102334 0.4285507 -0.5584986 0.7102279 0.4285422 -0.5584892 0.7102404 0.5584884 -0.4285429 0.7102405 0.5584994 -0.42855 0.7102277 0.6503793 -0.2693972 0.7102337 0.6503858 -0.2693993 0.7102269 0.6979483 -0.09188675 0.7102288 0.6979485 -0.09188681 0.7102288 0.6979484 0.09188681 0.7102287 0.6979483 0.09188675 0.7102289 0.6503856 0.2694004 0.7102268 0.6503731 0.269394 0.7102406 0.5584903 0.4285432 0.7102389 0.5584892 0.4285422 0.7102404 0.4285438 0.5584877 0.7102406 0.4285588 0.5585108 0.7102133 0.2694025 0.6503955 0.7102168 0.2693993 0.6503858 0.7102269 0.09188532 0.6979486 0.7102287 0.09188443 0.6979305 0.7102467 -0.09188294 0.6979306 0.7102468 -0.09188675 0.6979483 0.7102289 -0.2693991 0.650386 0.7102268 -0.2694004 0.6503884 0.7102241 -0.428553 0.5585011 0.7102245 -0.4285422 0.5584892 0.7102404 -0.5584883 0.4285432 0.7102406 -0.5585019 0.428552 0.7102246 -0.6503888 0.2694003 0.7102239 -0.6503858 0.2693993 0.7102269 -0.6979486 0.09188532 0.7102287 -0.6979305 0.09188443 0.7102467 -0.2558742 -0.03368681 0.9661229 -0.2558608 -0.03368419 0.9661266 -0.2384237 -0.09875786 0.9661269 -0.2384293 -0.09876054 0.9661251 -0.2047445 -0.1571066 0.9661248 -0.2047424 -0.1571048 0.9661256 -0.1571046 -0.2047425 0.9661256 -0.1571102 -0.2047507 0.9661229 -0.09876364 -0.2384371 0.9661229 -0.09875887 -0.2384234 0.9661268 -0.03368556 -0.2558605 0.9661267 -0.03368651 -0.2558742 0.966123 0.03368735 -0.2558742 0.9661229 0.03368473 -0.2558606 0.9661266 0.09875786 -0.2384237 0.9661269 0.09876418 -0.2384367 0.966123 0.157111 -0.2047502 0.9661229 0.1571044 -0.2047427 0.9661256 0.2047423 -0.1571049 0.9661256 0.2047505 -0.1571104 0.966123 0.2384372 -0.09876346 0.9661229 0.2384235 -0.09875869 0.9661268 0.2558605 -0.03368556 0.9661267 0.2558742 -0.03368651 0.966123 0.2558742 0.03368735 0.9661229 0.2558606 0.03368473 0.9661266 0.2384237 0.09875804 0.9661267 0.2384366 0.09876435 0.9661229 0.2047504 0.1571107 0.9661229 0.2047429 0.1571042 0.9661256 0.1571049 0.2047423 0.9661256 0.1571064 0.2047445 0.9661249 0.09876018 0.2384294 0.9661251 0.09875816 0.2384235 0.9661269 0.03368502 0.2558606 0.9661267 0.03368598 0.2558742 0.966123 -0.03368681 0.2558742 0.9661229 -0.03368419 0.2558608 0.9661266 -0.09875804 0.2384237 0.9661267 -0.09876072 0.2384291 0.9661252 -0.1571063 0.2047446 0.9661248 -0.1571044 0.2047425 0.9661256 -0.2047425 0.1571046 0.9661256 -0.2047448 0.1571062 0.9661248 -0.2384293 0.09876042 0.9661251 -0.2384235 0.09875839 0.9661268 -0.2558606 0.03368502 0.9661267 -0.2558742 0.03368598 0.966123 -0.9544337 -0.1256538 0.2706794 -0.9544379 -0.1256552 0.2706642 -0.8893944 -0.3684002 0.2706637 -0.8893921 -0.3683986 0.2706735 -0.7637392 -0.5860356 0.2706744 -0.763741 -0.5860375 0.2706654 -0.5860372 -0.7637413 0.2706652 -0.586036 -0.7637391 0.2706741 -0.3683991 -0.8893918 0.2706735 -0.3683996 -0.8893947 0.2706637 -0.1256543 -0.954438 0.270664 -0.1256547 -0.9544336 0.2706794 0.1256538 -0.9544337 0.2706794 0.1256548 -0.9544367 0.2706685 0.3683988 -0.8893911 0.2706766 0.3683992 -0.8893917 0.270674 0.5860356 -0.7637392 0.2706744 0.5860331 -0.7637372 0.2706857 0.7637354 -0.5860326 0.2706919 0.763733 -0.5860314 0.2707011 0.8893838 -0.3683958 0.2707047 0.8893954 -0.3683979 0.2706639 0.954438 -0.1256543 0.270664 0.9544336 -0.1256547 0.2706794 0.9544337 0.1256538 0.2706794 0.9544367 0.1256548 0.2706685 0.8893911 0.3683988 0.2706766 0.8893845 0.3683942 0.2707048 0.7637333 0.586031 0.2707012 0.7637313 0.5860285 0.2707123 0.586029 0.7637308 0.2707124 0.5860304 0.7637337 0.2707013 0.3683958 0.8893838 0.2707047 0.3683972 0.8893916 0.2706771 0.1256542 0.9544368 0.2706683 0.1256544 0.9544337 0.2706793 -0.1256538 0.9544337 0.2706794 -0.1256552 0.9544379 0.2706642 -0.3684002 0.8893944 0.2706637 -0.3683935 0.8893848 0.2707048 -0.586031 0.7637333 0.2707012 -0.5860329 0.7637351 0.2706919 -0.7637368 0.5860336 0.2706857 -0.7637397 0.5860351 0.2706742 -0.8893918 0.3683991 0.2706735 -0.889391 0.3683989 0.2706769 -0.9544368 0.1256542 0.2706683 -0.9544337 0.1256544 0.2706793 -0.6979306 -0.09188294 0.7102468 -0.6979483 -0.09188675 0.7102289 -0.650386 -0.2693991 0.7102268 -0.6503884 -0.2694004 0.7102241 -0.5585011 -0.428553 0.7102245 -0.5584892 -0.4285422 0.7102404 -0.4285432 -0.5584883 0.7102406 -0.428552 -0.5585019 0.7102246 -0.2694003 -0.6503888 0.7102239 -0.2693993 -0.6503858 0.7102269 -0.09188532 -0.6979486 0.7102287 -0.09188443 -0.6979305 0.7102467 0.09188294 -0.6979306 0.7102468 0.09188675 -0.6979483 0.7102289 0.2693986 -0.6503862 0.7102269 0.2694032 -0.6503951 0.710217 0.4285605 -0.5585094 0.7102134 0.4285422 -0.5584892 0.7102404 0.5584891 -0.4285423 0.7102405 0.5584905 -0.4285432 0.7102388 0.6503726 -0.2693951 0.7102406 0.6503858 -0.2693993 0.7102269 0.6979483 -0.09188675 0.7102288 0.6979485 -0.09188681 0.7102288 0.6979484 0.09188681 0.7102287 0.6979483 0.09188675 0.7102289 0.6503857 0.2693999 0.7102268 0.6503797 0.2693968 0.7102334 0.5584986 0.4285507 0.7102279 0.5584892 0.4285422 0.7102404 0.4285429 0.5584884 0.7102405 0.42855 0.5584994 0.7102277 0.2693972 0.6503793 0.7102337 0.2693993 0.6503858 0.7102269 0.09188675 0.6979483 0.7102288 0.09188681 0.6979485 0.7102288 -0.09188681 0.6979484 0.7102287 -0.09188675 0.6979483 0.7102289 -0.2694004 0.6503856 0.7102268 -0.269394 0.6503731 0.7102406 -0.4285432 0.5584903 0.7102389 -0.4285422 0.5584892 0.7102404 -0.5584877 0.4285438 0.7102406 -0.5585108 0.4285588 0.7102133 -0.6503955 0.2694025 0.7102168 -0.6503858 0.2693993 0.7102269 -0.6979486 0.09188532 0.7102287 -0.6979305 0.09188443 0.7102467 -0.2558742 -0.03368681 0.9661229 -0.2558608 -0.03368419 0.9661266 -0.2384237 -0.09875804 0.9661267 -0.2384291 -0.09876072 0.9661252 -0.2047446 -0.1571063 0.9661248 -0.2047425 -0.1571044 0.9661256 -0.1571046 -0.2047425 0.9661256 -0.1571062 -0.2047448 0.9661248 -0.09876042 -0.2384293 0.9661251 -0.09875839 -0.2384235 0.9661268 -0.03368502 -0.2558606 0.9661267 -0.03368598 -0.2558742 0.966123 0.03368681 -0.2558742 0.9661229 0.03368419 -0.2558608 0.9661266 0.09875786 -0.2384237 0.9661269 0.09876054 -0.2384293 0.9661251 0.1571066 -0.2047445 0.9661248 0.1571048 -0.2047424 0.9661256 0.2047425 -0.1571046 0.9661256 0.2047507 -0.1571102 0.9661229 0.2384371 -0.09876364 0.9661229 0.2384234 -0.09875887 0.9661268 0.2558605 -0.03368556 0.9661267 0.2558742 -0.03368651 0.966123 0.2558742 0.03368735 0.9661229 0.2558606 0.03368473 0.9661266 0.2384237 0.09875786 0.9661269 0.2384367 0.09876418 0.966123 0.2047502 0.157111 0.9661229 0.2047427 0.1571044 0.9661256 0.1571049 0.2047423 0.9661256 0.1571104 0.2047505 0.966123 0.09876346 0.2384372 0.9661229 0.09875869 0.2384235 0.9661268 0.03368556 0.2558605 0.9661267 0.03368651 0.2558742 0.966123 -0.03368735 0.2558742 0.9661229 -0.03368473 0.2558606 0.9661266 -0.09875804 0.2384237 0.9661267 -0.09876435 0.2384366 0.9661229 -0.1571107 0.2047504 0.9661229 -0.1571042 0.2047429 0.9661256 -0.2047423 0.1571049 0.9661256 -0.2047445 0.1571064 0.9661249 -0.2384294 0.09876018 0.9661251 -0.2384235 0.09875816 0.9661269 -0.2558606 0.03368502 0.9661267 -0.2558742 0.03368598 0.966123 0.9659249 0 -0.2588226 0.9659249 0 -0.2588226 0.7071068 0 -0.7071068 0.7071068 0 -0.7071068 0.2588226 0 -0.9659249 0.2588226 0 -0.9659249 0.2582024 -0.06918519 -0.9636104 0.2582014 -0.06918478 -0.9636107 0.1890159 -0.1890158 -0.963611 0.1890167 -0.1890168 -0.9636105 0.06918478 -0.258202 -0.9636105 0.06918472 -0.2582015 -0.9636106 -0.06918466 -0.2582015 -0.9636107 -0.06918483 -0.258202 -0.9636105 -0.1890169 -0.1890167 -0.9636105 -0.1890158 -0.1890159 -0.963611 -0.2582014 -0.06918483 -0.9636107 -0.258202 -0.06918489 -0.9636105 0.6947466 -0.1861566 -0.6947466 0.6947474 -0.1861569 -0.6947457 0.5085914 -0.5085918 -0.694744 0.5085906 -0.5085906 -0.6947453 0.1861569 -0.6947483 -0.6947448 0.1861568 -0.6947466 -0.6947466 -0.1861565 -0.6947467 -0.6947467 -0.1861572 -0.6947482 -0.6947449 -0.5085905 -0.5085907 -0.6947454 -0.5085911 -0.5085911 -0.6947446 -0.6947466 -0.1861566 -0.6947467 -0.6947457 -0.1861565 -0.6947475 0.9351122 -0.2505626 -0.2505663 0.9351127 -0.2505629 -0.2505648 0.6845499 -0.6845499 -0.2505651 0.6845498 -0.6845493 -0.2505673 0.2505624 -0.9351119 -0.250568 0.2505623 -0.9351124 -0.2505663 -0.2505626 -0.9351122 -0.2505663 -0.2505624 -0.9351121 -0.2505671 -0.6845499 -0.6845499 -0.2505651 -0.6845502 -0.6845501 -0.2505637 -0.9351131 -0.2505627 -0.250563 -0.9351131 -0.2505627 -0.2505629 -0.258202 0.06918501 -0.9636105 -0.2582023 0.06918513 -0.9636104 -0.1890178 0.1890176 -0.9636102 -0.1890171 0.1890166 -0.9636105 -0.06918478 0.258202 -0.9636105 -0.06918519 0.2582051 -0.9636096 0.06918561 0.2582051 -0.9636096 0.06918442 0.2582021 -0.9636105 0.1890169 0.1890168 -0.9636105 0.1890178 0.1890175 -0.9636102 0.2582023 0.06918519 -0.9636104 0.2582024 0.06918519 -0.9636103 -0.6947457 0.1861567 -0.6947475 -0.6947448 0.1861563 -0.6947485 -0.508588 0.5085868 -0.6947501 -0.5085877 0.5085864 -0.6947505 -0.1861538 0.694742 -0.694752 -0.1861537 0.6947399 -0.6947541 0.1861533 0.69474 -0.6947542 0.1861541 0.6947419 -0.6947519 0.5085875 0.5085865 -0.6947506 0.5085884 0.5085871 -0.6947497 0.6947455 0.1861566 -0.6947478 0.6947466 0.1861568 -0.6947466 -0.9351131 0.2505627 -0.250563 -0.9351138 0.2505634 -0.2505596 -0.6845528 0.684551 -0.2505545 -0.6845527 0.6845507 -0.2505555 -0.2505617 0.9351158 -0.2505539 -0.2505624 0.9351123 -0.2505663 0.2505609 0.9351127 -0.2505664 0.2505631 0.9351152 -0.2505548 0.6845521 0.6845503 -0.2505578 0.6845527 0.6845506 -0.2505555 0.9351135 0.2505629 -0.2505612 0.9351121 0.2505632 -0.2505661 -0.9659258 0 -0.2588192 -0.9659258 0 -0.2588192 -0.7071059 0 -0.7071077 -0.7071059 0 -0.7071077 -0.2588222 0 -0.965925 -0.2588222 0 -0.965925 0.1890161 -0.1890154 -0.963611 0.189017 -0.1890166 -0.9636106 0.06918478 -0.258202 -0.9636105 0.06918519 -0.2582051 -0.9636096 -0.06918561 -0.2582051 -0.9636096 -0.06918442 -0.2582021 -0.9636105 -0.1890172 -0.1890165 -0.9636105 -0.189016 -0.1890156 -0.9636109 -0.2582014 -0.06918483 -0.9636107 -0.258202 -0.06918489 -0.9636105 -0.258202 0.06918501 -0.9636105 -0.2582023 0.06918513 -0.9636104 -0.1890176 0.189018 -0.9636102 -0.1890168 0.1890168 -0.9636105 -0.06918525 0.2582017 -0.9636105 -0.06918525 0.2582015 -0.9636107 0.06918525 0.2582015 -0.9636105 0.06918531 0.2582017 -0.9636106 0.1890165 0.1890169 -0.9636106 0.1890177 0.1890178 -0.9636101 0.2582023 0.06918519 -0.9636104 0.2582024 0.06918519 -0.9636103 0.2582024 -0.06918519 -0.9636104 0.2582014 -0.06918478 -0.9636107 0.508592 -0.5085909 -0.6947441 0.5085943 -0.5085943 -0.6947399 0.1861575 -0.6947556 -0.6947373 0.1861562 -0.6947396 -0.6947538 -0.1861533 -0.69474 -0.6947542 -0.1861602 -0.6947546 -0.6947377 -0.508595 -0.5085937 -0.6947399 -0.5085911 -0.5085911 -0.6947446 -0.6947466 -0.1861566 -0.6947467 -0.6947457 -0.1861565 -0.6947475 -0.6947457 0.1861567 -0.6947475 -0.6947448 0.1861563 -0.6947485 -0.5085873 0.5085875 -0.69475 -0.5085871 0.5085871 -0.6947507 -0.1861563 0.694741 -0.6947524 -0.1861568 0.6947466 -0.6947466 0.1861578 0.6947464 -0.6947464 0.1861553 0.6947413 -0.6947523 0.5085868 0.5085871 -0.6947508 0.5085879 0.5085879 -0.6947494 0.6947455 0.1861566 -0.6947478 0.6947466 0.1861568 -0.6947466 0.6947466 -0.1861566 -0.6947466 0.6947474 -0.1861569 -0.6947457 0.6845499 -0.6845499 -0.2505651 0.6845488 -0.6845467 -0.250577 0.2505632 -0.9351081 -0.2505811 0.2505623 -0.9351124 -0.2505663 -0.2505642 -0.9351119 -0.2505661 -0.2505615 -0.9351089 -0.25058 -0.6845481 -0.6845481 -0.2505747 -0.6845511 -0.6845492 -0.2505638 -0.9351131 -0.2505627 -0.250563 -0.9351131 -0.2505627 -0.2505629 -0.9351131 0.2505627 -0.250563 -0.9351131 0.2505627 -0.250563 -0.6845501 0.6845501 -0.2505639 -0.6845508 0.6845524 -0.2505556 -0.2505633 0.9351153 -0.250554 -0.2505633 0.9351156 -0.2505533 0.2505634 0.9351155 -0.2505532 0.2505631 0.9351152 -0.2505548 0.6845512 0.6845512 -0.2505579 0.6845493 0.6845507 -0.2505648 0.9351127 0.2505626 -0.2505647 0.9351122 0.2505627 -0.2505663 0.9351122 -0.2505626 -0.2505663 0.9351127 -0.2505629 -0.2505648 -0.9316049 -0.2496229 0.2641984 -0.6819818 -0.6819818 0.2642001 -0.6819764 -0.6819779 0.2642241 -0.2496198 -0.9315964 0.2642312 -0.2496228 -0.9316031 0.2642046 0.2496213 -0.9316035 0.2642048 0.2496206 -0.9315962 0.2642312 0.6819772 -0.6819772 0.2642241 0.6819772 -0.6819772 0.2642241 0.9315965 -0.2496194 0.2642311 0.9316032 -0.2496225 0.2642046 0.9316034 0.2496217 0.2642047 0.9315961 0.249621 0.2642312 0.6819772 0.6819772 0.2642241 0.6819826 0.681981 0.2642 0.2496232 0.9316048 0.2641984 0.2496225 0.9316032 0.2642046 -0.2496231 0.9316031 0.2642046 -0.2496232 0.9316048 0.2641984 -0.6819818 0.6819818 0.2642001 -0.6819818 0.6819818 0.2642001 -0.9316047 0.2496235 0.2641985 -0.9316031 0.2496228 0.2642046 -0.9316031 -0.2496227 0.2642046 -0.6888576 -0.1845791 0.7010034 -0.5042803 -0.5042825 0.7009997 -0.5042998 -0.5042998 0.7009733 -0.184589 -0.6888919 0.7009671 -0.1845816 -0.68887 0.7009905 0.1845828 -0.6888699 0.7009904 0.1845874 -0.6888926 0.7009668 0.5042997 -0.5042997 0.7009732 0.5042998 -0.5042998 0.7009733 0.688892 -0.1845887 0.700967 0.68887 -0.1845813 0.7009906 0.6888698 0.184583 0.7009904 0.6888924 0.1845876 0.7009669 0.5043007 0.5042985 0.7009735 0.5042813 0.5042812 0.7009999 0.1845784 0.6888579 0.7010033 0.1845824 0.6888699 0.7009904 -0.1845819 0.6888699 0.7009905 -0.1845794 0.6888574 0.7010034 -0.5042813 0.5042813 0.7009999 -0.5042812 0.5042813 0.7009999 -0.6888577 0.1845787 0.7010033 -0.6888698 0.1845827 0.7009904 -0.68887 -0.1845816 0.7009905 -0.2554196 -0.0684393 0.964405 -0.1869801 -0.1869797 0.964405 -0.1869651 -0.1869659 0.9644106 -0.06843352 -0.2553995 0.9644106 -0.06843972 -0.2554193 0.964405 0.06843882 -0.2554193 0.9644051 0.06843483 -0.2554015 0.9644101 0.1869704 -0.1869704 0.9644087 0.1869704 -0.1869704 0.9644087 0.2554019 -0.06843417 0.9644101 0.2554193 -0.0684396 0.9644051 0.2554193 0.06843882 0.9644051 0.2553991 0.06843429 0.9644108 0.1869655 0.1869658 0.9644106 0.1869805 0.1869797 0.964405 0.06843966 0.2554194 0.964405 0.0684368 0.2554103 0.9644076 -0.06843721 0.2554103 0.9644075 -0.0684387 0.2554171 0.9644057 -0.1869752 0.1869752 0.9644068 -0.1869752 0.1869752 0.9644068 -0.2554169 0.068439 0.9644057 -0.2554103 0.06843692 0.9644076 -0.2554103 -0.06843721 0.9644075 -0.05277806 -0.1969689 -0.9789881 -0.05277395 -0.1969555 -0.978991 -0.1441835 -0.1441838 -0.9789904 -0.1441788 -0.1441788 -0.9789918 -0.196953 -0.05277329 -0.9789915 -0.1969583 -0.0527749 -0.9789905 -0.1969583 0.05277478 -0.9789904 -0.1969553 0.05277413 -0.978991 -0.1441837 0.1441837 -0.9789904 -0.1441837 0.1441837 -0.9789903 -0.05277401 0.1969554 -0.978991 -0.0527749 0.1969583 -0.9789905 0.05277466 0.1969583 -0.9789904 0.05277347 0.1969529 -0.9789916 0.144179 0.1441787 -0.9789918 0.1441837 0.1441837 -0.9789903 0.1969554 0.05277401 -0.978991 0.1969674 0.05277764 -0.9789884 0.1969674 -0.05277711 -0.9789885 0.1969528 -0.05277377 -0.9789916 0.1441788 -0.1441788 -0.9789918 0.1441788 -0.1441788 -0.9789918 0.05277323 -0.1969531 -0.9789916 0.05277806 -0.1969689 -0.9789881 0.05278676 -0.1969673 -0.978988 -0.05278676 -0.1969673 -0.978988 -0.5547755 -0.1486519 -0.8186128 -0.4061259 -0.4061269 -0.8186103 -0.4061149 -0.4061149 -0.8186216 -0.1486502 -0.5547699 -0.8186169 -0.1486448 -0.5547453 -0.8186346 0.1486434 -0.5547453 -0.8186346 0.1486527 -0.5547751 -0.8186129 0.4061263 -0.4061263 -0.8186103 0.4061263 -0.4061263 -0.8186103 0.5547756 -0.1486515 -0.8186126 0.5547453 -0.1486448 -0.8186346 0.5547453 0.1486437 -0.8186347 0.5547693 0.1486512 -0.818617 0.4061153 0.4061143 -0.8186217 0.4061263 0.4061263 -0.8186103 0.1486515 0.5547756 -0.8186126 0.1486495 0.5547665 -0.8186192 -0.1486493 0.5547666 -0.8186193 -0.1486504 0.5547698 -0.8186168 -0.4061149 0.4061149 -0.8186216 -0.4061149 0.4061149 -0.8186216 -0.5547699 0.1486502 -0.8186169 -0.5547665 0.1486495 -0.8186192 -0.5547665 -0.1486491 -0.8186193 -0.817161 -0.2189574 -0.5332032 -0.5981979 -0.5981979 -0.5332154 -0.5982079 -0.5982093 -0.5331913 -0.2189597 -0.817166 -0.5331944 -0.2189611 -0.8171733 -0.5331827 0.2189616 -0.8171733 -0.5331826 0.2189574 -0.817161 -0.5332032 0.5981979 -0.5981979 -0.5332154 0.5981979 -0.5981979 -0.5332154 0.8171607 -0.2189583 -0.5332033 0.8171734 -0.2189608 -0.5331827 0.8171733 0.2189616 -0.5331826 0.8171662 0.2189592 -0.5331944 0.5982087 0.5982087 -0.5331913 0.5981987 0.5981972 -0.5332153 0.218957 0.8171612 -0.5332031 0.2189553 0.8171533 -0.5332157 -0.2189549 0.8171535 -0.5332158 -0.2189592 0.8171662 -0.5331944 -0.5982087 0.5982087 -0.5331913 -0.5982086 0.5982086 -0.5331912 -0.8171665 0.2189584 -0.5331943 -0.8171532 0.2189557 -0.5332157 -0.8171535 -0.2189549 -0.5332158 -0.951166 -0.2548633 -0.1741493 -0.6963008 -0.6963025 -0.1741495 -0.6962976 -0.6962976 -0.174182 -0.2548644 -0.9511575 -0.1741937 -0.2548648 -0.9511654 -0.1741502 0.2548664 -0.951165 -0.1741502 0.2548629 -0.9511581 -0.1741937 0.6962976 -0.6962976 -0.174182 0.6962976 -0.6962976 -0.174182 0.9511575 -0.2548644 -0.1741937 0.9511654 -0.2548648 -0.1741502 0.951165 0.2548664 -0.1741502 0.9511581 0.2548629 -0.1741937 0.6962984 0.6962967 -0.1741821 0.6963016 0.6963016 -0.1741496 0.2548633 0.9511659 -0.1741493 0.2548633 0.9511658 -0.1741504 -0.2548632 0.9511657 -0.1741503 -0.2548633 0.951166 -0.1741493 -0.6963017 0.6963017 -0.1741496 -0.6963016 0.6963016 -0.1741496 -0.9511659 0.2548633 -0.1741493 -0.9511658 0.2548633 -0.1741504 -0.9511657 -0.2548632 -0.1741503 -0.9316048 -0.2496232 0.2641984 -0.6819818 -0.6819818 0.2642001 -0.6819818 -0.6819818 0.2642001 -0.2496235 -0.9316047 0.2641985 -0.2496228 -0.9316031 0.2642046 0.2496227 -0.9316031 0.2642046 0.2496229 -0.9316049 0.2641984 0.6819818 -0.6819818 0.2642001 0.6819779 -0.6819764 0.2642241 0.9315964 -0.2496198 0.2642312 0.9316031 -0.2496228 0.2642046 0.9316035 0.2496213 0.2642048 0.9315962 0.2496206 0.2642312 0.6819772 0.6819772 0.2642241 0.6819772 0.6819772 0.2642241 0.2496194 0.9315965 0.2642311 0.2496225 0.9316032 0.2642046 -0.2496217 0.9316034 0.2642047 -0.249621 0.9315961 0.2642312 -0.6819772 0.6819772 0.2642241 -0.681981 0.6819826 0.2642 -0.9316048 0.2496232 0.2641984 -0.9316032 0.2496225 0.2642046 -0.9316031 -0.2496231 0.2642046 -0.6888574 -0.1845794 0.7010034 -0.5042813 -0.5042813 0.7009999 -0.5042813 -0.5042812 0.7009999 -0.1845787 -0.6888577 0.7010033 -0.1845827 -0.6888698 0.7009904 0.1845816 -0.68887 0.7009905 0.1845791 -0.6888576 0.7010034 0.5042825 -0.5042803 0.7009997 0.5042998 -0.5042998 0.7009733 0.6888919 -0.184589 0.7009671 0.68887 -0.1845816 0.7009905 0.6888699 0.1845828 0.7009904 0.6888926 0.1845874 0.7009668 0.5042997 0.5042997 0.7009732 0.5042998 0.5042998 0.7009733 0.1845887 0.688892 0.700967 0.1845813 0.68887 0.7009906 -0.184583 0.6888698 0.7009904 -0.1845876 0.6888924 0.7009669 -0.5042985 0.5043007 0.7009735 -0.5042812 0.5042813 0.7009999 -0.6888579 0.1845784 0.7010033 -0.6888699 0.1845824 0.7009904 -0.6888699 -0.1845819 0.7009905 -0.2554171 -0.0684387 0.9644057 -0.1869752 -0.1869752 0.9644068 -0.1869752 -0.1869752 0.9644068 -0.068439 -0.2554169 0.9644057 -0.06843692 -0.2554103 0.9644076 0.06843721 -0.2554103 0.9644075 0.0684393 -0.2554196 0.964405 0.1869797 -0.1869801 0.964405 0.1869659 -0.1869651 0.9644106 0.2553995 -0.06843352 0.9644106 0.2554193 -0.06843972 0.964405 0.2554193 0.06843882 0.9644051 0.2554015 0.06843483 0.9644101 0.1869704 0.1869704 0.9644087 0.1869704 0.1869704 0.9644087 0.06843417 0.2554019 0.9644101 0.0684396 0.2554193 0.9644051 -0.06843882 0.2554193 0.9644051 -0.06843429 0.2553991 0.9644108 -0.1869658 0.1869655 0.9644106 -0.1869797 0.1869805 0.964405 -0.2554194 0.06843966 0.964405 -0.2554103 0.0684368 0.9644076 -0.2554103 -0.06843721 0.9644075 -0.1969554 -0.05277401 -0.978991 -0.1441837 -0.1441837 -0.9789903 -0.1441837 -0.1441837 -0.9789904 -0.05277413 -0.1969554 -0.978991 -0.05277478 -0.1969583 -0.9789904 0.0527749 -0.1969583 -0.9789905 0.05277329 -0.196953 -0.9789915 0.1441788 -0.1441788 -0.9789918 0.1441838 -0.1441835 -0.9789904 0.1969552 -0.05277442 -0.978991 0.1969673 -0.05277723 -0.9789885 0.1969674 0.05277764 -0.9789884 0.196953 0.05277329 -0.9789915 0.1441788 0.1441788 -0.9789918 0.1441788 0.1441788 -0.9789918 0.05277377 0.1969528 -0.9789916 0.05277711 0.1969674 -0.9789885 -0.05277764 0.1969674 -0.9789884 -0.05277401 0.1969554 -0.978991 -0.1441837 0.1441837 -0.9789903 -0.1441787 0.1441791 -0.9789918 -0.1969529 0.05277347 -0.9789916 -0.1969583 0.05277466 -0.9789904 -0.1969583 -0.0527749 -0.9789905 -0.5547698 -0.1486504 -0.8186168 -0.4061149 -0.4061149 -0.8186216 -0.4061149 -0.4061149 -0.8186216 -0.1486502 -0.5547699 -0.8186169 -0.1486495 -0.5547665 -0.8186192 0.1486491 -0.5547665 -0.8186193 0.1486519 -0.5547755 -0.8186128 0.4061269 -0.4061259 -0.8186103 0.4061149 -0.4061149 -0.8186216 0.5547699 -0.1486502 -0.8186169 0.5547453 -0.1486448 -0.8186346 0.5547453 0.1486434 -0.8186346 0.5547751 0.1486527 -0.8186129 0.4061263 0.4061263 -0.8186103 0.4061263 0.4061263 -0.8186103 0.1486515 0.5547756 -0.8186126 0.1486448 0.5547453 -0.8186346 -0.1486437 0.5547453 -0.8186347 -0.1486512 0.5547693 -0.818617 -0.4061143 0.4061153 -0.8186217 -0.4061263 0.4061263 -0.8186103 -0.5547756 0.1486515 -0.8186126 -0.5547665 0.1486495 -0.8186192 -0.5547666 -0.1486493 -0.8186193 -0.8171662 -0.2189592 -0.5331944 -0.5982087 -0.5982087 -0.5331913 -0.5982086 -0.5982086 -0.5331912 -0.2189584 -0.8171665 -0.5331943 -0.2189557 -0.8171532 -0.5332157 0.2189549 -0.8171535 -0.5332158 0.2189574 -0.817161 -0.5332032 0.5981979 -0.5981979 -0.5332154 0.5982093 -0.5982079 -0.5331913 0.817166 -0.2189597 -0.5331944 0.8171733 -0.2189611 -0.5331827 0.8171733 0.2189616 -0.5331826 0.817161 0.2189574 -0.5332032 0.5981979 0.5981979 -0.5332154 0.5981979 0.5981979 -0.5332154 0.2189583 0.8171607 -0.5332033 0.2189608 0.8171734 -0.5331827 -0.2189616 0.8171733 -0.5331826 -0.2189592 0.8171662 -0.5331944 -0.5982087 0.5982087 -0.5331913 -0.5981972 0.5981987 -0.5332153 -0.8171612 0.218957 -0.5332031 -0.8171533 0.2189553 -0.5332157 -0.8171535 -0.2189549 -0.5332158 -0.951166 -0.2548633 -0.1741493 -0.6963017 -0.6963017 -0.1741496 -0.6963016 -0.6963016 -0.1741496 -0.2548633 -0.9511659 -0.1741493 -0.2548633 -0.9511658 -0.1741504 0.2548632 -0.9511657 -0.1741503 0.2548633 -0.951166 -0.1741493 0.6963025 -0.6963008 -0.1741495 0.6962976 -0.6962976 -0.174182 0.9511575 -0.2548644 -0.1741937 0.9511654 -0.2548648 -0.1741502 0.951165 0.2548664 -0.1741502 0.9511581 0.2548629 -0.1741937 0.6962976 0.6962976 -0.174182 0.6962976 0.6962976 -0.174182 0.2548644 0.9511575 -0.1741937 0.2548648 0.9511654 -0.1741502 -0.2548664 0.951165 -0.1741502 -0.2548629 0.9511581 -0.1741937 -0.6962967 0.6962984 -0.1741821 -0.6963016 0.6963016 -0.1741496 -0.9511659 0.2548633 -0.1741493 -0.9511658 0.2548633 -0.1741504 -0.9511657 -0.2548632 -0.1741503 -0.9315961 -0.249621 0.2642312 -0.6819772 -0.6819772 0.2642241 -0.6819826 -0.681981 0.2642 -0.2496232 -0.9316048 0.2641984 -0.2496225 -0.9316032 0.2642046 0.2496231 -0.9316031 0.2642046 0.2496232 -0.9316048 0.2641984 0.6819818 -0.6819818 0.2642001 0.6819818 -0.6819818 0.2642001 0.9316047 -0.2496235 0.2641985 0.9316031 -0.2496228 0.2642046 0.9316031 0.2496227 0.2642046 0.9316049 0.2496229 0.2641984 0.6819818 0.6819818 0.2642001 0.6819764 0.6819779 0.2642241 0.2496198 0.9315964 0.2642312 0.2496228 0.9316031 0.2642046 -0.2496213 0.9316035 0.2642048 -0.2496206 0.9315962 0.2642312 -0.6819772 0.6819772 0.2642241 -0.6819772 0.6819772 0.2642241 -0.9315965 0.2496194 0.2642311 -0.9316032 0.2496225 0.2642046 -0.9316034 -0.2496217 0.2642047 -0.6888924 -0.1845876 0.7009669 -0.5043007 -0.5042985 0.7009735 -0.5042813 -0.5042812 0.7009999 -0.1845784 -0.6888579 0.7010033 -0.1845824 -0.6888699 0.7009904 0.1845819 -0.6888699 0.7009905 0.1845794 -0.6888574 0.7010034 0.5042813 -0.5042813 0.7009999 0.5042812 -0.5042813 0.7009999 0.6888577 -0.1845787 0.7010033 0.6888698 -0.1845827 0.7009904 0.68887 0.1845816 0.7009905 0.6888576 0.1845791 0.7010034 0.5042803 0.5042825 0.7009997 0.5042998 0.5042998 0.7009733 0.184589 0.6888919 0.7009671 0.1845816 0.68887 0.7009905 -0.1845828 0.6888699 0.7009904 -0.1845874 0.6888926 0.7009668 -0.5042997 0.5042997 0.7009732 -0.5042998 0.5042998 0.7009733 -0.688892 0.1845887 0.700967 -0.68887 0.1845813 0.7009906 -0.6888698 -0.184583 0.7009904 -0.2553991 -0.06843429 0.9644108 -0.1869655 -0.1869658 0.9644106 -0.1869805 -0.1869797 0.964405 -0.06843966 -0.2554194 0.964405 -0.0684368 -0.2554103 0.9644076 0.06843721 -0.2554103 0.9644075 0.0684387 -0.2554171 0.9644057 0.1869752 -0.1869752 0.9644068 0.1869752 -0.1869752 0.9644068 0.2554169 -0.068439 0.9644057 0.2554103 -0.06843692 0.9644076 0.2554103 0.06843721 0.9644075 0.2554196 0.0684393 0.964405 0.1869801 0.1869797 0.964405 0.1869651 0.1869659 0.9644106 0.06843352 0.2553995 0.9644106 0.06843972 0.2554193 0.964405 -0.06843882 0.2554193 0.9644051 -0.06843483 0.2554015 0.9644101 -0.1869704 0.1869704 0.9644087 -0.1869704 0.1869704 0.9644087 -0.2554019 0.06843417 0.9644101 -0.2554193 0.0684396 0.9644051 -0.2554193 -0.06843882 0.9644051 -0.1969554 -0.05277401 -0.978991 -0.1441837 -0.1441837 -0.9789903 -0.1441791 -0.1441787 -0.9789918 -0.05277347 -0.1969529 -0.9789916 -0.05277466 -0.1969583 -0.9789904 0.0527749 -0.1969583 -0.9789905 0.05277401 -0.1969554 -0.978991 0.1441837 -0.1441837 -0.9789903 0.1441837 -0.1441837 -0.9789904 0.1969554 -0.05277413 -0.978991 0.1969583 -0.05277478 -0.9789904 0.1969583 0.0527749 -0.9789905 0.196953 0.05277329 -0.9789915 0.1441788 0.1441788 -0.9789918 0.1441835 0.1441838 -0.9789904 0.05277442 0.1969552 -0.978991 0.05277723 0.1969673 -0.9789885 -0.05277764 0.1969674 -0.9789884 -0.05277329 0.196953 -0.9789915 -0.1441788 0.1441788 -0.9789918 -0.1441788 0.1441788 -0.9789918 -0.1969528 0.05277377 -0.9789916 -0.1969674 0.05277711 -0.9789885 -0.1969674 -0.05277764 -0.9789884 -0.5547693 -0.1486512 -0.818617 -0.4061153 -0.4061143 -0.8186217 -0.4061263 -0.4061263 -0.8186103 -0.1486515 -0.5547756 -0.8186126 -0.1486495 -0.5547665 -0.8186192 0.1486493 -0.5547666 -0.8186193 0.1486504 -0.5547698 -0.8186168 0.4061149 -0.4061149 -0.8186216 0.4061149 -0.4061149 -0.8186216 0.5547699 -0.1486502 -0.8186169 0.5547665 -0.1486495 -0.8186192 0.5547665 0.1486491 -0.8186193 0.5547755 0.1486519 -0.8186128 0.4061259 0.4061269 -0.8186103 0.4061149 0.4061149 -0.8186216 0.1486502 0.5547699 -0.8186169 0.1486448 0.5547453 -0.8186346 -0.1486434 0.5547453 -0.8186346 -0.1486527 0.5547751 -0.8186129 -0.4061263 0.4061263 -0.8186103 -0.4061263 0.4061263 -0.8186103 -0.5547756 0.1486515 -0.8186126 -0.5547453 0.1486448 -0.8186346 -0.5547453 -0.1486437 -0.8186347 -0.8171662 -0.2189592 -0.5331944 -0.5982087 -0.5982087 -0.5331913 -0.5981987 -0.5981972 -0.5332153 -0.218957 -0.8171612 -0.5332031 -0.2189553 -0.8171533 -0.5332157 0.2189549 -0.8171535 -0.5332158 0.2189592 -0.8171662 -0.5331944 0.5982087 -0.5982087 -0.5331913 0.5982086 -0.5982086 -0.5331912 0.8171665 -0.2189584 -0.5331943 0.8171532 -0.2189557 -0.5332157 0.8171535 0.2189549 -0.5332158 0.817161 0.2189574 -0.5332032 0.5981979 0.5981979 -0.5332154 0.5982079 0.5982093 -0.5331913 0.2189597 0.817166 -0.5331944 0.2189611 0.8171733 -0.5331827 -0.2189616 0.8171733 -0.5331826 -0.2189574 0.817161 -0.5332032 -0.5981979 0.5981979 -0.5332154 -0.5981979 0.5981979 -0.5332154 -0.8171607 0.2189583 -0.5332033 -0.8171734 0.2189608 -0.5331827 -0.8171733 -0.2189616 -0.5331826 -0.9511581 -0.2548629 -0.1741937 -0.6962984 -0.6962967 -0.1741821 -0.6963016 -0.6963016 -0.1741496 -0.2548633 -0.9511659 -0.1741493 -0.2548633 -0.9511658 -0.1741504 0.2548632 -0.9511657 -0.1741503 0.2548633 -0.951166 -0.1741493 0.6963017 -0.6963017 -0.1741496 0.6963016 -0.6963016 -0.1741496 0.9511659 -0.2548633 -0.1741493 0.9511658 -0.2548633 -0.1741504 0.9511657 0.2548632 -0.1741503 0.951166 0.2548633 -0.1741493 0.6963008 0.6963025 -0.1741495 0.6962976 0.6962976 -0.174182 0.2548644 0.9511575 -0.1741937 0.2548648 0.9511654 -0.1741502 -0.2548664 0.951165 -0.1741502 -0.2548629 0.9511581 -0.1741937 -0.6962976 0.6962976 -0.174182 -0.6962976 0.6962976 -0.174182 -0.9511575 0.2548644 -0.1741937 -0.9511654 0.2548648 -0.1741502 -0.951165 -0.2548664 -0.1741502 -0.9315962 -0.2496206 0.2642312 -0.6819772 -0.6819772 0.2642241 -0.6819772 -0.6819772 0.2642241 -0.2496194 -0.9315965 0.2642311 -0.2496225 -0.9316032 0.2642046 0.2496217 -0.9316034 0.2642047 0.249621 -0.9315961 0.2642312 0.6819772 -0.6819772 0.2642241 0.681981 -0.6819826 0.2642 0.9316048 -0.2496232 0.2641984 0.9316032 -0.2496225 0.2642046 0.9316031 0.2496231 0.2642046 0.9316048 0.2496232 0.2641984 0.6819818 0.6819818 0.2642001 0.6819818 0.6819818 0.2642001 0.2496235 0.9316047 0.2641985 0.2496228 0.9316031 0.2642046 -0.2496227 0.9316031 0.2642046 -0.2496229 0.9316049 0.2641984 -0.6819818 0.6819818 0.2642001 -0.6819779 0.6819764 0.2642241 -0.9315964 0.2496198 0.2642312 -0.9316031 0.2496228 0.2642046 -0.9316035 -0.2496213 0.2642048 -0.6888926 -0.1845874 0.7009668 -0.5042997 -0.5042997 0.7009732 -0.5042998 -0.5042998 0.7009733 -0.1845887 -0.688892 0.700967 -0.1845813 -0.68887 0.7009906 0.184583 -0.6888698 0.7009904 0.1845876 -0.6888924 0.7009669 0.5042985 -0.5043007 0.7009735 0.5042812 -0.5042813 0.7009999 0.6888579 -0.1845784 0.7010033 0.6888699 -0.1845824 0.7009904 0.6888699 0.1845819 0.7009905 0.6888574 0.1845794 0.7010034 0.5042813 0.5042813 0.7009999 0.5042813 0.5042812 0.7009999 0.1845787 0.6888577 0.7010033 0.1845827 0.6888698 0.7009904 -0.1845816 0.68887 0.7009905 -0.1845791 0.6888576 0.7010034 -0.5042825 0.5042803 0.7009997 -0.5042998 0.5042998 0.7009733 -0.6888919 0.184589 0.7009671 -0.68887 0.1845816 0.7009905 -0.6888699 -0.1845828 0.7009904 -0.2554015 -0.06843483 0.9644101 -0.1869704 -0.1869704 0.9644087 -0.1869704 -0.1869704 0.9644087 -0.06843417 -0.2554019 0.9644101 -0.0684396 -0.2554193 0.9644051 0.06843882 -0.2554193 0.9644051 0.06843429 -0.2553991 0.9644108 0.1869658 -0.1869655 0.9644106 0.1869797 -0.1869805 0.964405 0.2554194 -0.06843966 0.964405 0.2554103 -0.0684368 0.9644076 0.2554103 0.06843721 0.9644075 0.2554171 0.0684387 0.9644057 0.1869752 0.1869752 0.9644068 0.1869752 0.1869752 0.9644068 0.068439 0.2554169 0.9644057 0.06843692 0.2554103 0.9644076 -0.06843721 0.2554103 0.9644075 -0.0684393 0.2554196 0.964405 -0.1869797 0.1869801 0.964405 -0.1869659 0.1869651 0.9644106 -0.2553995 0.06843352 0.9644106 -0.2554193 0.06843972 0.964405 -0.2554193 -0.06843882 0.9644051 -0.05277806 -0.1969689 -0.9789881 -0.05277323 -0.1969531 -0.9789916 -0.1441788 -0.1441788 -0.9789918 -0.1441788 -0.1441788 -0.9789918 -0.196953 -0.05277329 -0.9789915 -0.1969674 -0.05277764 -0.9789884 -0.1969673 0.05277723 -0.9789885 -0.1969552 0.05277442 -0.978991 -0.1441838 0.1441835 -0.9789904 -0.1441788 0.1441788 -0.9789918 -0.05277329 0.196953 -0.9789915 -0.0527749 0.1969583 -0.9789905 0.05277478 0.1969583 -0.9789904 0.05277413 0.1969553 -0.978991 0.1441837 0.1441837 -0.9789904 0.1441837 0.1441837 -0.9789903 0.1969554 0.05277401 -0.978991 0.1969583 0.0527749 -0.9789905 0.1969583 -0.05277466 -0.9789904 0.1969529 -0.05277347 -0.9789916 0.1441787 -0.144179 -0.9789918 0.1441837 -0.1441837 -0.9789903 0.05277395 -0.1969555 -0.978991 0.05277806 -0.1969689 -0.9789881 0.05278676 -0.1969673 -0.978988 -0.05278676 -0.1969673 -0.978988 -0.5547751 -0.1486527 -0.8186129 -0.4061263 -0.4061263 -0.8186103 -0.4061263 -0.4061263 -0.8186103 -0.1486515 -0.5547756 -0.8186126 -0.1486448 -0.5547453 -0.8186346 0.1486437 -0.5547453 -0.8186347 0.1486512 -0.5547693 -0.818617 0.4061143 -0.4061153 -0.8186217 0.4061263 -0.4061263 -0.8186103 0.5547756 -0.1486515 -0.8186126 0.5547665 -0.1486495 -0.8186192 0.5547666 0.1486493 -0.8186193 0.5547698 0.1486504 -0.8186168 0.4061149 0.4061149 -0.8186216 0.4061149 0.4061149 -0.8186216 0.1486502 0.5547699 -0.8186169 0.1486495 0.5547665 -0.8186192 -0.1486491 0.5547665 -0.8186193 -0.1486519 0.5547755 -0.8186128 -0.4061269 0.4061259 -0.8186103 -0.4061149 0.4061149 -0.8186216 -0.5547699 0.1486502 -0.8186169 -0.5547453 0.1486448 -0.8186346 -0.5547453 -0.1486434 -0.8186346 -0.817161 -0.2189574 -0.5332032 -0.5981979 -0.5981979 -0.5332154 -0.5981979 -0.5981979 -0.5332154 -0.2189583 -0.8171607 -0.5332033 -0.2189608 -0.8171734 -0.5331827 0.2189616 -0.8171733 -0.5331826 0.2189592 -0.8171662 -0.5331944 0.5982087 -0.5982087 -0.5331913 0.5981972 -0.5981987 -0.5332153 0.8171612 -0.218957 -0.5332031 0.8171533 -0.2189553 -0.5332157 0.8171535 0.2189549 -0.5332158 0.8171662 0.2189592 -0.5331944 0.5982087 0.5982087 -0.5331913 0.5982086 0.5982086 -0.5331912 0.2189584 0.8171665 -0.5331943 0.2189557 0.8171532 -0.5332157 -0.2189549 0.8171535 -0.5332158 -0.2189574 0.817161 -0.5332032 -0.5981979 0.5981979 -0.5332154 -0.5982093 0.5982079 -0.5331913 -0.817166 0.2189597 -0.5331944 -0.8171733 0.2189611 -0.5331827 -0.8171733 -0.2189616 -0.5331826 -0.9511581 -0.2548629 -0.1741937 -0.6962976 -0.6962976 -0.174182 -0.6962976 -0.6962976 -0.174182 -0.2548644 -0.9511575 -0.1741937 -0.2548648 -0.9511654 -0.1741502 0.2548664 -0.951165 -0.1741502 0.2548629 -0.9511581 -0.1741937 0.6962967 -0.6962984 -0.1741821 0.6963016 -0.6963016 -0.1741496 0.9511659 -0.2548633 -0.1741493 0.9511658 -0.2548633 -0.1741504 0.9511657 0.2548632 -0.1741503 0.951166 0.2548633 -0.1741493 0.6963017 0.6963017 -0.1741496 0.6963016 0.6963016 -0.1741496 0.2548633 0.9511659 -0.1741493 0.2548633 0.9511658 -0.1741504 -0.2548632 0.9511657 -0.1741503 -0.2548633 0.951166 -0.1741493 -0.6963025 0.6963008 -0.1741495 -0.6962976 0.6962976 -0.174182 -0.9511575 0.2548644 -0.1741937 -0.9511654 0.2548648 -0.1741502 -0.951165 -0.2548664 -0.1741502 0.2802832 -0.003121435 0.9599123 0.9275803 -0.3147089 0.2013781 0.9167458 -0.2939244 0.2705284 0.8179258 -0.2494868 0.5184147 0.6889094 -0.1663802 0.7054938 0.6017251 -0.1419004 0.7859969 0.6364555 -0.07721823 0.7674385 0.6549364 -0.002527534 0.7556799 0.9846464 -0.1086103 0.1366572 0.9802629 -0.10218 0.1692457 0.926152 -0.07993757 0.3685817 0.8690394 -0.05876076 0.4912411 0.927031 -0.06683063 0.3689811 0.8132874 -0.04370504 0.5802184 0.9220285 0.1233612 0.3669407 0.80943 0.106563 0.5774663 0.9238561 0.1061782 0.3677173 0.9829221 0.1235083 0.1364178 0.8419949 0.1127949 0.5275623 0.7849169 0.3251227 0.5274474 0.7849103 0.3251212 0.5274581 0.6740181 0.5171915 0.5274586 0.6740157 0.5171903 0.5274629 0.5171899 0.6740159 0.5274628 0.517192 0.6740179 0.5274586 0.3251202 0.7849108 0.527458 0.3251239 0.7849165 0.5274474 0.106563 0.80943 0.5774663 0.1070448 0.8429622 0.5272154 0.123359 0.9220118 0.3669833 0.1233612 0.9220285 0.3669407 0.9723684 0.1280157 0.1952222 0.9061023 0.3753208 0.1952254 0.9061059 0.3753205 0.1952094 0.7780905 0.5970497 0.1952095 0.778092 0.5970501 0.1952027 0.5970506 0.7780916 0.1952026 0.5970492 0.7780909 0.1952096 0.3753221 0.9061053 0.1952095 0.3753193 0.9061029 0.1952254 0.1241351 0.9728916 0.195122 0.1293088 0.98219 0.1363162 -0.5584971 0.4285506 0.710229 -0.2047395 0.1571019 0.9661266 -0.5561937 0.7862377 0.2692189 -0.5561904 0.786238 0.2692249 -0.2047413 0.1571038 0.966126 -0.2384264 0.09875923 0.966126 -0.2384292 0.0987609 0.9661251 -0.2558656 0.03368473 0.9661254 -0.2558708 0.03368616 0.9661238 -0.2558708 -0.03368538 0.9661238 -0.2558649 -0.03368538 0.9661255 -0.2384279 -0.0987603 0.9661256 -0.2384289 -0.09876054 0.9661252 -0.2047453 -0.1571056 0.9661248 -0.2047352 -0.1570999 0.9661279 -0.1570988 -0.2047363 0.9661278 -0.1571071 -0.2047445 0.9661248 -0.09876066 -0.2384288 0.9661252 -0.09876018 -0.2384279 0.9661255 -0.03368461 -0.2558651 0.9661254 -0.03368616 -0.2558708 0.9661238 0.03368544 -0.2558708 0.9661239 0.03368544 -0.2558653 0.9661253 0.09876042 -0.2384293 0.9661251 0.09875965 -0.2384262 0.966126 0.1571035 -0.2047414 0.966126 0.1571022 -0.2047392 0.9661267 0.204741 -0.1571024 0.9661263 0.204747 -0.1571084 0.966124 0.2266744 -0.1193927 0.9666251 0.2266697 -0.1193865 0.966627 -0.5584968 0.4285503 0.7102296 -0.6503843 0.2693987 0.7102286 -0.6503751 0.2693927 0.7102392 -0.6979392 0.09188586 0.7102379 -0.6979412 0.09188652 0.7102358 -0.6979413 -0.09188616 0.7102359 -0.6979401 -0.09188622 0.710237 -0.6503772 -0.2693952 0.7102363 -0.6503852 -0.2693969 0.7102285 -0.5584958 -0.4285517 0.7102293 -0.5585042 -0.428556 0.7102202 -0.4285573 -0.5585031 0.7102204 -0.4285503 -0.5584968 0.7102296 -0.2693982 -0.6503845 0.7102286 -0.2693938 -0.6503778 0.7102364 -0.09188598 -0.6979402 0.710237 -0.09188634 -0.6979412 0.7102358 0.09188616 -0.6979413 0.7102359 0.09188628 -0.6979391 0.7102379 0.2693946 -0.6503745 0.710239 0.2693969 -0.6503852 0.7102285 0.4285504 -0.5584968 0.7102296 0.4285506 -0.5584971 0.710229 0.5584946 -0.4285495 0.7102317 0.5584922 -0.4285467 0.7102353 0.6203854 -0.3267558 0.7129884 0.6203887 -0.3267617 0.7129829 -0.1498595 0.2118424 0.9657458 -0.1498592 0.2118419 0.9657459 -0.4077576 0.5764086 0.7081575 -0.4077566 0.5764065 0.7081596 -0.5561966 0.7862421 0.2692004 -0.7637384 0.5860379 0.2706719 -0.7637377 0.5860365 0.2706769 -0.8893921 0.3683962 0.2706768 -0.8893908 0.3683946 0.2706834 -0.9544315 0.1256544 0.2706871 -0.9544342 0.1256563 0.2706765 -0.9544345 -0.1256546 0.2706766 -0.9544308 -0.1256559 0.2706888 -0.889389 -0.368395 0.2706885 -0.8893911 -0.3683947 0.2706819 -0.7637354 -0.5860357 0.270685 -0.7637396 -0.5860365 0.2706718 -0.5860379 -0.7637384 0.2706719 -0.5860342 -0.7637366 0.2706851 -0.3683956 -0.8893908 0.270682 -0.3683941 -0.8893893 0.2706885 -0.1256541 -0.9544311 0.2706888 -0.1256563 -0.9544342 0.2706765 0.1256548 -0.9544344 0.2706766 0.125656 -0.9544312 0.2706871 0.3683955 -0.8893904 0.2706834 0.3683953 -0.8893925 0.2706768 0.5860371 -0.7637373 0.2706768 0.5860373 -0.7637388 0.2706719 0.7637384 -0.5860379 0.2706719 0.7637366 -0.5860342 0.2706851 0.8512537 -0.4483594 0.2726554 0.8512535 -0.4483553 0.2726626 0.004912197 0.2838168 0.9588659 -0.08397924 0.9839426 0.1574944 -0.01477068 0.8139766 0.5807099 -0.0171144 0.7087326 0.7052696 -0.05177587 0.9278621 0.3693118 -0.04832589 0.8906759 0.4520629 -0.06165301 0.9273578 0.3690617 -0.08396208 0.9870084 0.1369849 -0.2776911 0.9219822 0.2698823 -0.2807178 0.941533 0.1863139 -0.1709839 0.6872608 0.7060009 -0.1944248 0.8593872 0.4729194 -0.1168639 0.5850517 0.8025318 -0.07763546 0.6960159 0.713817 -0.003121435 -0.2802832 0.9599123 -0.3147089 -0.9275803 0.2013781 -0.2939244 -0.9167458 0.2705284 -0.2494868 -0.8179258 0.5184147 -0.1663802 -0.6889094 0.7054938 -0.1419004 -0.6017251 0.7859969 -0.07721823 -0.6364555 0.7674385 -0.002527534 -0.6549364 0.7556799 -0.1086103 -0.9846464 0.1366572 -0.10218 -0.9802629 0.1692457 -0.07993757 -0.926152 0.3685817 -0.05876076 -0.8690394 0.4912411 -0.06683063 -0.927031 0.3689811 -0.04370504 -0.8132874 0.5802184 0.1233612 -0.9220285 0.3669407 0.106563 -0.80943 0.5774663 0.1061782 -0.9238561 0.3677173 0.1235083 -0.9829221 0.1364178 0.1127949 -0.8419949 0.5275623 0.3251227 -0.7849169 0.5274474 0.3251212 -0.7849103 0.5274581 0.5171915 -0.6740181 0.5274586 0.5171903 -0.6740157 0.5274629 0.6740159 -0.5171899 0.5274628 0.6740179 -0.517192 0.5274586 0.7849108 -0.3251202 0.527458 0.7849165 -0.3251239 0.5274474 0.80943 -0.106563 0.5774663 0.8429622 -0.1070448 0.5272154 0.9220118 -0.123359 0.3669833 0.9220285 -0.1233612 0.3669407 0.1280157 -0.9723684 0.1952222 0.3753208 -0.9061023 0.1952254 0.3753205 -0.9061059 0.1952094 0.5970497 -0.7780905 0.1952095 0.5970501 -0.778092 0.1952027 0.7780916 -0.5970506 0.1952026 0.7780909 -0.5970492 0.1952096 0.9061053 -0.3753221 0.1952095 0.9061029 -0.3753193 0.1952254 0.9728916 -0.1241351 0.195122 0.98219 -0.1293088 0.1363162 0.4285506 0.5584971 0.710229 0.1571019 0.2047395 0.9661266 0.7862377 0.5561937 0.2692189 0.786238 0.5561904 0.2692249 0.1571038 0.2047413 0.966126 0.09875923 0.2384264 0.966126 0.0987609 0.2384292 0.9661251 0.03368473 0.2558656 0.9661254 0.03368616 0.2558708 0.9661238 -0.03368538 0.2558708 0.9661238 -0.03368538 0.2558649 0.9661255 -0.0987603 0.2384279 0.9661256 -0.09876054 0.2384289 0.9661252 -0.1571056 0.2047453 0.9661248 -0.1570999 0.2047352 0.9661279 -0.2047363 0.1570988 0.9661278 -0.2047445 0.1571071 0.9661248 -0.2384288 0.09876066 0.9661252 -0.2384279 0.09876018 0.9661255 -0.2558651 0.03368461 0.9661254 -0.2558708 0.03368616 0.9661238 -0.2558708 -0.03368544 0.9661239 -0.2558653 -0.03368544 0.9661253 -0.2384293 -0.09876042 0.9661251 -0.2384262 -0.09875965 0.966126 -0.2047414 -0.1571035 0.966126 -0.2047392 -0.1571022 0.9661267 -0.1571024 -0.204741 0.9661263 -0.1571084 -0.204747 0.966124 -0.1193927 -0.2266744 0.9666251 -0.1193865 -0.2266697 0.966627 0.4285503 0.5584968 0.7102296 0.2693987 0.6503843 0.7102286 0.2693927 0.6503751 0.7102392 0.09188586 0.6979392 0.7102379 0.09188652 0.6979412 0.7102358 -0.09188616 0.6979413 0.7102359 -0.09188622 0.6979401 0.710237 -0.2693952 0.6503772 0.7102363 -0.2693969 0.6503852 0.7102285 -0.4285517 0.5584958 0.7102293 -0.428556 0.5585042 0.7102202 -0.5585031 0.4285573 0.7102204 -0.5584968 0.4285503 0.7102296 -0.6503845 0.2693982 0.7102286 -0.6503778 0.2693938 0.7102364 -0.6979402 0.09188598 0.710237 -0.6979412 0.09188634 0.7102358 -0.6979413 -0.09188616 0.7102359 -0.6979391 -0.09188628 0.7102379 -0.6503745 -0.2693946 0.710239 -0.6503852 -0.2693969 0.7102285 -0.5584968 -0.4285504 0.7102296 -0.5584971 -0.4285506 0.710229 -0.4285495 -0.5584946 0.7102317 -0.4285467 -0.5584922 0.7102353 -0.3267558 -0.6203854 0.7129884 -0.3267617 -0.6203887 0.7129829 0.2118424 0.1498595 0.9657458 0.2118419 0.1498592 0.9657459 0.5764086 0.4077576 0.7081575 0.5764065 0.4077566 0.7081596 0.7862421 0.5561966 0.2692004 0.5860379 0.7637384 0.2706719 0.5860365 0.7637377 0.2706769 0.3683962 0.8893921 0.2706768 0.3683946 0.8893908 0.2706834 0.1256544 0.9544315 0.2706871 0.1256563 0.9544342 0.2706765 -0.1256546 0.9544345 0.2706766 -0.1256559 0.9544308 0.2706888 -0.368395 0.889389 0.2706885 -0.3683947 0.8893911 0.2706819 -0.5860357 0.7637354 0.270685 -0.5860365 0.7637396 0.2706718 -0.7637384 0.5860379 0.2706719 -0.7637366 0.5860342 0.2706851 -0.8893908 0.3683956 0.270682 -0.8893893 0.3683941 0.2706885 -0.9544311 0.1256541 0.2706888 -0.9544342 0.1256563 0.2706765 -0.9544344 -0.1256548 0.2706766 -0.9544312 -0.125656 0.2706871 -0.8893904 -0.3683955 0.2706834 -0.8893925 -0.3683953 0.2706768 -0.7637373 -0.5860371 0.2706768 -0.7637388 -0.5860373 0.2706719 -0.5860379 -0.7637384 0.2706719 -0.5860342 -0.7637366 0.2706851 -0.4483594 -0.8512537 0.2726554 -0.4483553 -0.8512535 0.2726626 0.2838168 -0.004912197 0.9588659 0.9839426 0.08397924 0.1574944 0.8139766 0.01477068 0.5807099 0.7087326 0.0171144 0.7052696 0.9278621 0.05177587 0.3693118 0.8906759 0.04832589 0.4520629 0.9273578 0.06165301 0.3690617 0.9870084 0.08396208 0.1369849 0.9219822 0.2776911 0.2698823 0.941533 0.2807178 0.1863139 0.6872608 0.1709839 0.7060009 0.8593872 0.1944248 0.4729194 0.5850517 0.1168639 0.8025318 0.6960159 0.07763546 0.713817 -0.2802832 0.003121435 0.9599123 -0.9275803 0.3147089 0.2013781 -0.9167458 0.2939244 0.2705284 -0.8179258 0.2494868 0.5184147 -0.6889094 0.1663802 0.7054938 -0.6017251 0.1419004 0.7859969 -0.6364555 0.07721823 0.7674385 -0.6549364 0.002527534 0.7556799 -0.9846464 0.1086103 0.1366572 -0.9802629 0.10218 0.1692457 -0.926152 0.07993757 0.3685817 -0.8690394 0.05876076 0.4912411 -0.927031 0.06683063 0.3689811 -0.8132874 0.04370504 0.5802184 -0.9220285 -0.1233612 0.3669407 -0.80943 -0.106563 0.5774663 -0.9238561 -0.1061782 0.3677173 -0.9829221 -0.1235083 0.1364178 -0.8419949 -0.1127949 0.5275623 -0.7849169 -0.3251227 0.5274474 -0.7849103 -0.3251212 0.5274581 -0.6740181 -0.5171915 0.5274586 -0.6740157 -0.5171903 0.5274629 -0.5171899 -0.6740159 0.5274628 -0.517192 -0.6740179 0.5274586 -0.3251202 -0.7849108 0.527458 -0.3251239 -0.7849165 0.5274474 -0.106563 -0.80943 0.5774663 -0.1070448 -0.8429622 0.5272154 -0.123359 -0.9220118 0.3669833 -0.1233612 -0.9220285 0.3669407 -0.9723684 -0.1280157 0.1952222 -0.9061023 -0.3753208 0.1952254 -0.9061059 -0.3753205 0.1952094 -0.7780905 -0.5970497 0.1952095 -0.778092 -0.5970501 0.1952027 -0.5970506 -0.7780916 0.1952026 -0.5970492 -0.7780909 0.1952096 -0.3753221 -0.9061053 0.1952095 -0.3753193 -0.9061029 0.1952254 -0.1241351 -0.9728916 0.195122 -0.1293088 -0.98219 0.1363162 0.5584971 -0.4285506 0.710229 0.2047395 -0.1571019 0.9661266 0.5561937 -0.7862377 0.2692189 0.5561904 -0.786238 0.2692249 0.2047413 -0.1571038 0.966126 0.2384264 -0.09875923 0.966126 0.2384292 -0.0987609 0.9661251 0.2558656 -0.03368473 0.9661254 0.2558708 -0.03368616 0.9661238 0.2558708 0.03368538 0.9661238 0.2558649 0.03368538 0.9661255 0.2384279 0.0987603 0.9661256 0.2384289 0.09876054 0.9661252 0.2047453 0.1571056 0.9661248 0.2047352 0.1570999 0.9661279 0.1570988 0.2047363 0.9661278 0.1571071 0.2047445 0.9661248 0.09876066 0.2384288 0.9661252 0.09876018 0.2384279 0.9661255 0.03368461 0.2558651 0.9661254 0.03368616 0.2558708 0.9661238 -0.03368544 0.2558708 0.9661239 -0.03368544 0.2558653 0.9661253 -0.09876042 0.2384293 0.9661251 -0.09875965 0.2384262 0.966126 -0.1571035 0.2047414 0.966126 -0.1571022 0.2047392 0.9661267 -0.204741 0.1571024 0.9661263 -0.204747 0.1571084 0.966124 -0.2266744 0.1193927 0.9666251 -0.2266697 0.1193865 0.966627 0.5584968 -0.4285503 0.7102296 0.6503843 -0.2693987 0.7102286 0.6503751 -0.2693927 0.7102392 0.6979392 -0.09188586 0.7102379 0.6979412 -0.09188652 0.7102358 0.6979413 0.09188616 0.7102359 0.6979401 0.09188622 0.710237 0.6503772 0.2693952 0.7102363 0.6503852 0.2693969 0.7102285 0.5584958 0.4285517 0.7102293 0.5585042 0.428556 0.7102202 0.4285573 0.5585031 0.7102204 0.4285503 0.5584968 0.7102296 0.2693982 0.6503845 0.7102286 0.2693938 0.6503778 0.7102364 0.09188598 0.6979402 0.710237 0.09188634 0.6979412 0.7102358 -0.09188616 0.6979413 0.7102359 -0.09188628 0.6979391 0.7102379 -0.2693946 0.6503745 0.710239 -0.2693969 0.6503852 0.7102285 -0.4285504 0.5584968 0.7102296 -0.4285506 0.5584971 0.710229 -0.5584946 0.4285495 0.7102317 -0.5584922 0.4285467 0.7102353 -0.6203854 0.3267558 0.7129884 -0.6203887 0.3267617 0.7129829 0.1498595 -0.2118424 0.9657458 0.1498592 -0.2118419 0.9657459 0.4077576 -0.5764086 0.7081575 0.4077566 -0.5764065 0.7081596 0.5561966 -0.7862421 0.2692004 0.7637384 -0.5860379 0.2706719 0.7637377 -0.5860365 0.2706769 0.8893921 -0.3683962 0.2706768 0.8893908 -0.3683946 0.2706834 0.9544315 -0.1256544 0.2706871 0.9544342 -0.1256563 0.2706765 0.9544345 0.1256546 0.2706766 0.9544308 0.1256559 0.2706888 0.889389 0.368395 0.2706885 0.8893911 0.3683947 0.2706819 0.7637354 0.5860357 0.270685 0.7637396 0.5860365 0.2706718 0.5860379 0.7637384 0.2706719 0.5860342 0.7637366 0.2706851 0.3683956 0.8893908 0.270682 0.3683941 0.8893893 0.2706885 0.1256541 0.9544311 0.2706888 0.1256563 0.9544342 0.2706765 -0.1256548 0.9544344 0.2706766 -0.125656 0.9544312 0.2706871 -0.3683955 0.8893904 0.2706834 -0.3683953 0.8893925 0.2706768 -0.5860371 0.7637373 0.2706768 -0.5860373 0.7637388 0.2706719 -0.7637384 0.5860379 0.2706719 -0.7637366 0.5860342 0.2706851 -0.8512537 0.4483594 0.2726554 -0.8512535 0.4483553 0.2726626 -0.004912197 -0.2838168 0.9588659 0.08397924 -0.9839426 0.1574944 0.01477068 -0.8139766 0.5807099 0.0171144 -0.7087326 0.7052696 0.05177587 -0.9278621 0.3693118 0.04832589 -0.8906759 0.4520629 0.06165301 -0.9273578 0.3690617 0.08396208 -0.9870084 0.1369849 0.2776911 -0.9219822 0.2698823 0.2807178 -0.941533 0.1863139 0.1709839 -0.6872608 0.7060009 0.1944248 -0.8593872 0.4729194 0.1168639 -0.5850517 0.8025318 0.07763546 -0.6960159 0.713817 0.003121435 0.2802832 0.9599123 0.3147089 0.9275803 0.2013781 0.2939244 0.9167458 0.2705284 0.2494868 0.8179258 0.5184147 0.1663802 0.6889094 0.7054938 0.1419004 0.6017251 0.7859969 0.07721823 0.6364555 0.7674385 0.002527534 0.6549364 0.7556799 0.1086103 0.9846464 0.1366572 0.10218 0.9802629 0.1692457 0.07993757 0.926152 0.3685817 0.05876076 0.8690394 0.4912411 0.06683063 0.927031 0.3689811 0.04370504 0.8132874 0.5802184 -0.1233612 0.9220285 0.3669407 -0.106563 0.80943 0.5774663 -0.1061782 0.9238561 0.3677173 -0.1235083 0.9829221 0.1364178 -0.1127949 0.8419949 0.5275623 -0.3251227 0.7849169 0.5274474 -0.3251212 0.7849103 0.5274581 -0.5171915 0.6740181 0.5274586 -0.5171903 0.6740157 0.5274629 -0.6740159 0.5171899 0.5274628 -0.6740179 0.517192 0.5274586 -0.7849108 0.3251202 0.527458 -0.7849165 0.3251239 0.5274474 -0.80943 0.106563 0.5774663 -0.8429622 0.1070448 0.5272154 -0.9220118 0.123359 0.3669833 -0.9220285 0.1233612 0.3669407 -0.1280157 0.9723684 0.1952222 -0.3753208 0.9061023 0.1952254 -0.3753205 0.9061059 0.1952094 -0.5970497 0.7780905 0.1952095 -0.5970501 0.778092 0.1952027 -0.7780916 0.5970506 0.1952026 -0.7780909 0.5970492 0.1952096 -0.9061053 0.3753221 0.1952095 -0.9061029 0.3753193 0.1952254 -0.9728916 0.1241351 0.195122 -0.98219 0.1293088 0.1363162 -0.4285506 -0.5584971 0.710229 -0.1571019 -0.2047395 0.9661266 -0.7862377 -0.5561937 0.2692189 -0.786238 -0.5561904 0.2692249 -0.1571038 -0.2047413 0.966126 -0.09875923 -0.2384264 0.966126 -0.0987609 -0.2384292 0.9661251 -0.03368473 -0.2558656 0.9661254 -0.03368616 -0.2558708 0.9661238 0.03368538 -0.2558708 0.9661238 0.03368538 -0.2558649 0.9661255 0.0987603 -0.2384279 0.9661256 0.09876054 -0.2384289 0.9661252 0.1571056 -0.2047453 0.9661248 0.1570999 -0.2047352 0.9661279 0.2047363 -0.1570988 0.9661278 0.2047445 -0.1571071 0.9661248 0.2384288 -0.09876066 0.9661252 0.2384279 -0.09876018 0.9661255 0.2558651 -0.03368461 0.9661254 0.2558708 -0.03368616 0.9661238 0.2558708 0.03368544 0.9661239 0.2558653 0.03368544 0.9661253 0.2384293 0.09876042 0.9661251 0.2384262 0.09875965 0.966126 0.2047414 0.1571035 0.966126 0.2047392 0.1571022 0.9661267 0.1571024 0.204741 0.9661263 0.1571084 0.204747 0.966124 0.1193927 0.2266744 0.9666251 0.1193865 0.2266697 0.966627 -0.4285503 -0.5584968 0.7102296 -0.2693987 -0.6503843 0.7102286 -0.2693927 -0.6503751 0.7102392 -0.09188586 -0.6979392 0.7102379 -0.09188652 -0.6979412 0.7102358 0.09188616 -0.6979413 0.7102359 0.09188622 -0.6979401 0.710237 0.2693952 -0.6503772 0.7102363 0.2693969 -0.6503852 0.7102285 0.4285517 -0.5584958 0.7102293 0.428556 -0.5585042 0.7102202 0.5585031 -0.4285573 0.7102204 0.5584968 -0.4285503 0.7102296 0.6503845 -0.2693982 0.7102286 0.6503778 -0.2693938 0.7102364 0.6979402 -0.09188598 0.710237 0.6979412 -0.09188634 0.7102358 0.6979413 0.09188616 0.7102359 0.6979391 0.09188628 0.7102379 0.6503745 0.2693946 0.710239 0.6503852 0.2693969 0.7102285 0.5584968 0.4285504 0.7102296 0.5584971 0.4285506 0.710229 0.4285495 0.5584946 0.7102317 0.4285467 0.5584922 0.7102353 0.3267558 0.6203854 0.7129884 0.3267617 0.6203887 0.7129829 -0.2118424 -0.1498595 0.9657458 -0.2118419 -0.1498592 0.9657459 -0.5764086 -0.4077576 0.7081575 -0.5764065 -0.4077566 0.7081596 -0.7862421 -0.5561966 0.2692004 -0.5860379 -0.7637384 0.2706719 -0.5860365 -0.7637377 0.2706769 -0.3683962 -0.8893921 0.2706768 -0.3683946 -0.8893908 0.2706834 -0.1256544 -0.9544315 0.2706871 -0.1256563 -0.9544342 0.2706765 0.1256546 -0.9544345 0.2706766 0.1256559 -0.9544308 0.2706888 0.368395 -0.889389 0.2706885 0.3683947 -0.8893911 0.2706819 0.5860357 -0.7637354 0.270685 0.5860365 -0.7637396 0.2706718 0.7637384 -0.5860379 0.2706719 0.7637366 -0.5860342 0.2706851 0.8893908 -0.3683956 0.270682 0.8893893 -0.3683941 0.2706885 0.9544311 -0.1256541 0.2706888 0.9544342 -0.1256563 0.2706765 0.9544344 0.1256548 0.2706766 0.9544312 0.125656 0.2706871 0.8893904 0.3683955 0.2706834 0.8893925 0.3683953 0.2706768 0.7637373 0.5860371 0.2706768 0.7637388 0.5860373 0.2706719 0.5860379 0.7637384 0.2706719 0.5860342 0.7637366 0.2706851 0.4483594 0.8512537 0.2726554 0.4483553 0.8512535 0.2726626 -0.2838168 0.004912197 0.9588659 -0.9839426 -0.08397924 0.1574944 -0.8139766 -0.01477068 0.5807099 -0.7087326 -0.0171144 0.7052696 -0.9278621 -0.05177587 0.3693118 -0.8906759 -0.04832589 0.4520629 -0.9273578 -0.06165301 0.3690617 -0.9870084 -0.08396208 0.1369849 -0.9219822 -0.2776911 0.2698823 -0.941533 -0.2807178 0.1863139 -0.6872608 -0.1709839 0.7060009 -0.8593872 -0.1944248 0.4729194 -0.5850517 -0.1168639 0.8025318 -0.6960159 -0.07763546 0.713817 -0.04649001 -0.9973154 -0.05657494 0 -0.1053863 -0.9944314 0.03247213 -0.172954 -0.9843944 -0.05216234 -0.4341526 -0.8993278 -0.04871296 -0.5482844 -0.8348719 0.04399299 -0.5484115 -0.8350506 -0.04920512 -0.4343678 -0.8993906 -0.04920536 -0.4343616 -0.8993936 -0.04810023 -0.982717 -0.1787552 0.07854986 -0.7952377 -0.6011881 0.02120685 -0.8660385 -0.4995274 -0.0401079 -0.7950103 -0.6052685 -0.03972917 -0.8655458 -0.4992516 -0.04212176 -0.794909 -0.6052649 -0.04212164 -0.7949084 -0.6052656 -0.04268854 -0.9541364 0.2963128 -0.0426889 -0.9541315 0.2963289 0.04144483 -0.997537 -0.05658864 -0.04688048 -0.9827736 -0.1787689 -0.04688072 -0.9827734 -0.1787697 -0.04237139 -0.9361643 0.3489999 -0.04237139 -0.9361659 0.3489959 0 -0.9553964 0.2953264 0 0.9110348 0.4123294 0.03201389 0.9365271 0.3491306 0.03643327 0.997732 -0.05659967 -0.04941272 0.9962509 0.0710116 -0.05152308 0.9357613 0.3488498 -0.04817008 0.9963124 0.07100313 -0.04817014 0.9963129 0.07099503 -0.03219115 0.9978774 -0.056607 -0.03427422 0.9257643 -0.3765444 0.07034742 0.995145 0.06882929 -0.04620891 0.8653044 -0.4991123 -0.04903608 0.6637939 -0.7463064 0.05037492 0.8651335 -0.4990054 -0.03748762 0.925644 -0.3765339 -0.0374872 0.9256438 -0.3765347 0.04912269 0.5482803 -0.8348507 -0.0540229 0.663472 -0.7462483 -0.05402237 0.6634706 -0.7462495 0 0.1730453 -0.9849139 -0.0531224 0.2371358 -0.970023 -0.04241967 0.5484421 -0.8351119 -0.04556792 0.2377267 -0.9702627 -0.0455684 0.2377086 -0.9702671 0 -0.91885 0.394607 -0.05879241 -0.9252542 0.3747642 0.05045294 -0.9888506 0.1401032 0.04140567 -0.926292 -0.3745245 -0.04063427 -0.9873744 -0.1531037 0.04838836 -0.9914521 -0.121166 0.04838985 -0.9914522 -0.121165 -0.04696333 -0.9935209 0.1034924 0.05045402 -0.9888507 0.1401032 0.05045294 -0.9888508 0.1401018 0.04140567 -0.9262923 -0.374524 -0.03144168 -0.9160827 -0.3997547 0.03185319 -0.7974119 -0.6025941 -0.02254843 -0.7841843 -0.6201182 0.02291476 -0.613213 -0.7895852 -0.007586061 -0.3854538 -0.9226959 0.001752793 -0.3768965 -0.9262537 0.01469379 -0.3860289 -0.9223697 -0.01438909 -0.6003949 -0.7995742 0.02291411 -0.6132126 -0.7895855 0.02291476 -0.6132131 -0.7895851 -0.00627613 0.3837872 -0.9234003 0.01238679 0.3768682 -0.9261841 -0.01269608 0.6109606 -0.7915592 0.01769733 0.6003631 -0.7995317 0.02239465 0.6119258 -0.7905981 -0.006275355 0.3837866 -0.9234005 0.006059288 0.1310212 -0.9913611 0.006059229 0.1284557 -0.9916967 3.50432e-4 0.1309769 -0.9913854 -3.43697e-4 -0.128458 -0.9917148 0.00723648 -0.1318852 -0.9912385 0.00723648 -0.131872 -0.9912403 0.0442751 0.9156371 -0.3995602 -0.04158163 0.9264765 -0.3740483 0.03437656 0.7977691 -0.6019824 0.04021733 0.7837492 -0.6197741 -0.02557194 0.7967135 -0.603816 0.02239465 0.6119233 -0.7906 0.05691808 0.9878808 0.1444016 0.02654409 0.9942679 0.1035702 -0.07120239 0.9863488 0.1484799 0.05219209 0.9915882 -0.1184425 3.4331e-4 0.9881905 -0.1532301 -0.05694591 0.9914115 -0.1177299 0.0442931 0.926963 -0.372529 0 0.9268574 0.3754136 -0.0798037 0.9129856 0.4001109 0.05691808 0.9878806 0.1444029 -1 0 0 -1 0 0 -1 0 0 -1 0 0 -1 0 0 -1 0 0 -1 0 0 -1 0 0 -1 0 0 -1 0 0 -1 0 0 -1 0 0 -1 0 0 -1 0 0 -1 0 0 -1 0 0 -1 0 0 -1 0 0 -1 0 0 -1 0 0 -1 0 0 -1 0 0 -1 0 0 -1 0 0 -1 0 0 -1 0 0 -1 0 0 -1 0 0 -1 0 0 -1 0 0 -1 0 0 -1 0 0 -1 0 0 -1 0 0 -1 0 0 -1 0 0 -0.8600376 0.2912273 -0.4189534 -0.4814867 0.2751029 -0.8321592 -0.5328691 0.7928935 0.295585 -0.8381558 0.5110727 0.1905242 -0.9818827 0.138561 -0.1292567 -0.9923414 0.1070017 -0.0617181 -0.9839251 0.1673325 0.06238031 -0.9839249 0.1673334 0.06238055 -0.9835721 0.1802256 -0.01022392 -0.9835722 0.1802252 -0.01022386 -0.9838309 0.1583718 -0.08363735 -0.1730342 0.9228733 0.3440405 -0.1730358 0.9228731 0.3440406 -0.1730355 0.9228716 0.3440446 -0.1711784 0.9836586 -0.05580133 -0.1711727 0.9836595 -0.0558018 -0.1711724 0.9836597 -0.05580031 -0.1711733 0.8534485 -0.4922655 -0.1711759 0.8534482 -0.4922651 -0.1711779 0.8534443 -0.4922713 -0.1711777 0.5408406 -0.8235226 -0.1711785 0.5408406 -0.8235225 -0.1711811 0.5408337 -0.8235266 -0.4814862 0.2750658 -0.8321718 -0.5353479 0.1840114 -0.8243436 -0.1742951 0.2100249 -0.9620348 -0.3541347 0.1618191 -0.921088 -0.3540707 0.1618352 -0.9211099 -0.8600214 0.291246 -0.4189738 -0.5329664 0.792836 0.2955637 -0.5329068 0.7928724 0.2955737 -0.5286662 0.8474673 -0.04807579 -0.5286689 0.8474656 -0.04807543 -0.5286686 0.7352834 -0.4241082 -0.5286685 0.7352835 -0.4241083 -0.5286683 0.4659584 -0.7095016 -0.6862299 0.4141357 -0.59798 -0.6543264 0.4007621 -0.6412852 -0.8382081 0.5109974 0.1904962 -0.8381878 0.5110276 0.1905047 -0.8353977 0.5487638 -0.03113049 -0.835397 0.5487648 -0.03113067 -0.835397 0.4761227 -0.2746254 -0.8353974 0.476122 -0.274625 -0.8377356 0.3192614 -0.443025 -0.981885 0.1385642 -0.1292356 -0.9651625 -0.2425132 0.09822732 -0.7029584 -0.6592097 0.2670058 -0.2559794 -0.8959766 0.3629056 -0.8394416 0.5030649 0.2055809 -0.5347775 0.7825613 0.3187643 -0.1738248 0.9127475 0.3696985 -0.2560368 -0.8959625 0.3628999 -0.2560189 -0.8959667 0.3629022 -0.2568126 -0.96126 0.1001319 -0.2568139 -0.9612597 0.1001318 -0.2568144 -0.9550474 -0.148091 -0.2568107 -0.9550483 -0.148091 -0.2568104 -0.885797 -0.3865388 -0.2568137 -0.8857961 -0.3865385 -0.2568135 -0.7580763 -0.5994724 -0.2568137 -0.7580763 -0.5994724 -0.2568131 -0.5803184 -0.7728374 -0.2568091 -0.5803192 -0.7728381 -0.2568094 -0.3642567 -0.8951905 -0.2568182 -0.3642554 -0.8951885 -0.2568185 -0.1241495 -0.9584525 -0.2568057 -0.1241506 -0.9584558 -0.2568057 0.12415 -0.9584559 -0.2568185 0.1241501 -0.9584524 -0.2568181 0.3642559 -0.8951883 -0.2568091 0.3642563 -0.8951907 -0.2568096 0.580319 -0.7728381 -0.2568127 0.5803186 -0.7728373 -0.2568132 0.7580764 -0.5994725 -0.2568137 0.7580763 -0.5994724 -0.2568137 0.8857961 -0.3865384 -0.25681 0.885797 -0.3865389 -0.2568107 0.9550483 -0.1480911 -0.2568143 0.9550474 -0.1480908 -0.256814 0.9612597 0.1001319 -0.2568126 0.96126 0.1001319 -0.2561027 0.8967815 0.3608244 -0.5348754 0.782504 0.3187411 -0.7030351 -0.6591395 0.2669773 -0.702996 -0.6591749 0.2669928 -0.7041724 -0.7062079 0.07356375 -0.7041756 -0.7062048 0.07356321 -0.7041755 -0.701641 -0.1087973 -0.7041731 -0.7016433 -0.1087975 -0.7041737 -0.6507659 -0.2839775 -0.7041752 -0.6507644 -0.2839769 -0.7041754 -0.5569329 -0.440412 -0.7041752 -0.556933 -0.4404121 -0.7041752 -0.4263405 -0.5677773 -0.7041743 -0.4263409 -0.5677781 -0.7041746 -0.2676067 -0.6576661 -0.7041779 -0.2676053 -0.6576632 -0.7041781 -0.09120863 -0.7041407 -0.7041774 -0.09120881 -0.7041414 -0.7041773 0.09120875 -0.7041415 -0.704178 0.09120869 -0.7041409 -0.7041779 0.2676055 -0.6576631 -0.7041746 0.2676066 -0.6576662 -0.7041746 0.4263408 -0.5677779 -0.7041748 0.4263406 -0.5677776 -0.7041754 0.5569329 -0.4404121 -0.7041758 0.5569326 -0.4404118 -0.7041751 0.6507645 -0.2839769 -0.7041735 0.650766 -0.2839776 -0.7041732 0.7016433 -0.1087976 -0.7041755 0.701641 -0.1087971 -0.7041755 0.7062047 0.07356345 -0.7041724 0.7062079 0.07356357 -0.7031905 0.6599576 0.2645356 -0.839494 0.5029898 0.2055505 -0.9651916 -0.2424141 0.0981872 -0.9651721 -0.2424805 0.09821516 -0.9653902 -0.259406 0.02702152 -0.9653896 -0.2594085 0.02702188 -0.9653895 -0.2577322 -0.03996419 -0.9653902 -0.2577298 -0.03996396 -0.9653902 -0.2390415 -0.1043116 -0.9653901 -0.2390419 -0.1043117 -0.9653901 -0.2045753 -0.1617742 -0.9653899 -0.2045761 -0.1617749 -0.9653899 -0.1566058 -0.2085593 -0.9653897 -0.1566063 -0.2085598 -0.9653897 -0.09829896 -0.2415782 -0.9653896 -0.09829902 -0.2415784 -0.9653896 -0.03350353 -0.2586511 -0.9653898 -0.03350347 -0.2586505 -0.9653898 0.03350347 -0.2586504 -0.9653896 0.03350353 -0.2586511 -0.9653896 0.09829902 -0.2415784 -0.9653897 0.09829896 -0.2415781 -0.9653897 0.1566063 -0.2085598 -0.9653899 0.1566058 -0.2085592 -0.9653899 0.204576 -0.1617748 -0.9653902 0.2045751 -0.161774 -0.9653901 0.2390419 -0.1043117 -0.9653903 0.2390414 -0.1043115 -0.9653902 0.2577298 -0.03996384 -0.9653895 0.2577322 -0.03996431 -0.9653896 0.2594085 0.02702176 -0.9653903 0.259406 0.02702164 -0.9652579 0.243035 0.09597432 -0.9840719 0.1647684 0.06673765 -0.7004221 -0.6719098 0.2407201 -0.2549147 -0.906052 0.3377696 -0.1737632 -0.9255555 0.3363828 -0.2544825 -0.908972 0.3301644 -0.9648507 -0.2462444 0.091798 -0.9841435 -0.1687613 0.05460095 -0.9835721 -0.1802256 -0.01022392 -0.9835723 -0.1802252 -0.01022392 -0.9838309 -0.1583718 -0.08363735 -0.9923414 -0.1070017 -0.0617181 -0.972229 -0.1637037 -0.1672484 -0.972135 -0.1585929 -0.1726323 -0.8956912 -0.2509233 -0.3671169 -0.5353479 -0.1840114 -0.8243436 -0.3540707 -0.1618352 -0.9211099 -0.3541347 -0.1618191 -0.921088 -0.1742951 -0.2100249 -0.9620348 -0.1711811 -0.5408337 -0.8235266 -0.1711785 -0.5408406 -0.8235225 -0.1711761 -0.8534482 -0.4922651 -0.1711779 -0.8534443 -0.4922713 -0.1711777 -0.5408406 -0.8235226 -0.1730356 -0.9228717 0.3440445 -0.1711784 -0.9836586 -0.05580133 -0.1711727 -0.9836595 -0.05580186 -0.1711724 -0.9836597 -0.05580031 -0.1711733 -0.8534485 -0.4922655 -0.3792688 -0.4203954 -0.8242712 -0.3792698 -0.4203777 -0.8242797 -0.5499134 -0.4584891 -0.6981282 -0.5289217 -0.4678686 -0.7080542 -0.5286684 -0.7352836 -0.4241083 -0.5286685 -0.7352835 -0.4241083 -0.5286689 -0.8474656 -0.04807573 -0.5286663 -0.8474672 -0.04807549 -0.5324012 -0.7910426 0.3013317 -0.7004989 -0.6718391 0.2406937 -0.8956932 -0.2509205 -0.3671138 -0.8392071 -0.3326709 -0.4301879 -0.8353974 -0.4761222 -0.2746251 -0.8353969 -0.4761227 -0.2746254 -0.8353969 -0.5487648 -0.03113061 -0.8353977 -0.5487637 -0.03113061 -0.8376845 -0.5096735 0.196259 -0.9644887 -0.2501069 0.08490008 -0.3044993 0.1549537 -0.9398242 -0.3044975 0.1549516 -0.9398251 -0.3045187 0.1549285 -0.9398221 -0.3045089 0.1549485 -0.939822 -0.2522803 0.264616 -0.9307702 -0.2522674 0.2646333 -0.9307687 -0.2961683 0.2305303 -0.9268981 -0.5939359 0.4211916 -0.6854471 -0.5939366 0.4211921 -0.6854463 -0.617415 0.2656902 -0.7404104 -0.6638411 0.3971931 -0.6336818 -0.6638411 0.3971936 -0.6336815 -0.6920338 0.3395192 -0.6370368 -0.7069801 0.3795896 -0.5967336 -0.7016498 0.6696221 0.243503 -0.7016497 0.4672734 -0.5379065 -0.7016495 0.4672734 -0.5379065 -0.7016496 0.6696223 0.2435033 -0.6989238 0.7146329 -0.02837896 -0.6989223 0.7146337 -0.0283975 -0.6989221 0.7146337 -0.02839756 -0.6989222 0.6385977 -0.3220263 -0.6989222 0.6385976 -0.3220263 -0.698922 0.6385977 -0.3220264 -0.7016497 0.4672729 -0.5379068 -0.6947408 -0.694752 0.1861583 -0.6947401 -0.6947526 -0.1861583 -0.6947403 -0.6947525 0.1861583 -0.6947404 -0.6947523 0.1861582 -0.6947405 -0.6947523 -0.1861581 -0.694741 -0.1861582 -0.6947519 -0.6947407 -0.6947521 -0.1861584 -0.6947404 -0.5085939 -0.5085941 -0.6947408 -0.5085937 -0.5085937 -0.6947411 -0.5085935 -0.5085936 -0.6947413 -0.1861581 -0.6947515 -0.694741 -0.1861581 -0.6947518 -0.694741 0.1861581 -0.6947518 -0.694741 0.1861582 -0.6947519 -0.6947413 0.1861581 -0.6947515 -0.6947411 0.5085935 -0.5085936 -0.6947408 0.5085937 -0.5085937 -0.6947404 0.5085939 -0.5085941 -0.6947407 0.6947521 -0.1861584 -0.6947401 0.6947526 -0.1861583 -0.6947407 0.694752 0.1861583 -0.6947403 0.6947525 0.1861583 -0.6947405 0.6947523 0.1861582 -0.6947405 0.6947523 -0.1861581 -0.7016497 -0.4672734 -0.5379065 -0.7016495 -0.4672734 -0.5379065 -0.7016499 -0.6696221 0.2435032 -0.7016497 -0.4672729 -0.5379068 -0.6989221 -0.6385977 -0.3220264 -0.6989222 -0.6385976 -0.3220263 -0.6989222 -0.6385977 -0.3220263 -0.6989221 -0.7146337 -0.02839756 -0.6989223 -0.7146337 -0.0283975 -0.6989238 -0.7146329 -0.02837896 -0.7016496 -0.6696224 0.2435032 -0.7016093 -0.467644 -0.537637 -0.6400046 -0.3132728 -0.7016083 -0.5988403 -0.3834699 -0.703094 -0.5938215 -0.3202 -0.7381382 -0.1613726 -0.4311138 -0.8877498 -0.3577781 -0.163856 -0.9193183 -0.4738525 -0.4080369 -0.7803651 -0.481332 -0.3316947 -0.8113558 -0.5591213 -0.3921061 -0.730504 -0.5591214 -0.3921056 -0.7305042 -0.3045089 -0.1549485 -0.939822 -0.3044998 -0.1549528 -0.9398242 -0.3044959 -0.1549533 -0.9398254 -0.3045187 -0.1549285 -0.9398221 0.1938045 0.02659535 -0.9806796 0.7047988 0.0807361 -0.7047981 0.7392023 0.09513741 -0.6667301 0.7713842 0.1032949 -0.6279304 0.7071071 0 -0.7071065 0.7071071 0 -0.7071065 0.6898939 0.3165937 -0.6510106 0.7039857 0.6833012 0.1936585 0.6402387 0.7071803 0.299984 0.6897581 0.723272 0.03333759 0.6692801 0.7421911 0.03487884 0.6740154 0.7260841 -0.1360337 0.749553 0.6613354 0.0283901 0.6942694 0.6923749 0.1964867 0.6942681 0.6923739 0.1964945 0.7261461 0.3003323 -0.6184757 0.7426204 0.5343456 -0.40372 0.7064699 0.4620544 -0.5361027 0.6585967 0.6015676 -0.4520695 0.6916469 0.6628668 -0.2867616 0.6883482 0.5795331 -0.4362549 0.7391577 0.6175721 -0.2687948 0.663866 0.7351102 -0.1374588 0.6638697 0.7351046 -0.1374707 0.7261474 0.3003414 -0.6184698 0.5705586 0.5383386 -0.6202053 0.6894065 0.1695673 -0.7042483 0.6898897 0.3166435 -0.6509907 0.7426107 0.1563591 -0.6512152 0.7051116 0.07507526 -0.705111 0.7111423 0.6558775 0.2531828 0.695868 0.6484004 0.3087794 0.6958675 0.6484072 0.308766 0.6573384 0.7024208 0.2729675 0.7526293 0.6384308 0.1611058 0.7326044 0.6769546 0.0708754 0.6562408 0.7307001 0.1882163 0.6744852 0.7381982 -0.01154041 0.6787809 0.7301456 0.07838231 0.7556955 0.6547902 -0.01319819 0.7270728 0.6789313 -0.102066 0.7301865 0.6831302 -0.01268345 0.6608317 0.7425342 -0.109291 0.749933 0.6349558 -0.1855577 0.7291194 0.6276974 -0.2727286 0.6391665 0.7393576 -0.2116995 0.6723271 0.6353606 -0.3798595 0.6756971 0.6768195 -0.2921454 0.7980806 0.4712283 -0.3755148 0.5235244 0.7333416 -0.4337422 0.7460829 0.4632475 -0.4782907 0.7445125 0.5232776 -0.4145863 0.7485822 0.4612365 -0.476325 0.7349246 0.4066082 -0.5427298 0.5171723 0.5996192 -0.6107288 0.8041577 0.2224992 -0.5512028 0.6884473 0.356414 -0.631672 0.6884475 0.3564082 -0.631675 0.6556691 0.2848926 -0.6992384 0.7469604 0.1682568 -0.6432262 0.7405673 0.08603882 -0.6664514 0.5863968 0.2064918 -0.7832623 0.7059229 -1.34676e-4 -0.7082887 0.7053351 0.09093165 -0.7030178 0.7469199 -1.25752e-4 -0.664914 0.655231 -0.09712308 -0.7491591 0.7460117 -0.1676863 -0.6444748 0.7469604 -0.2498158 -0.6161513 0.7174323 -0.1757008 -0.674107 0.7174324 -0.1757056 -0.6741056 0.6557072 -0.2848795 -0.6992079 0.7487484 -0.3242615 -0.5781265 0.6564962 -0.4536529 -0.6026706 0.6719132 -0.5164961 -0.530815 0.6719126 -0.5165069 -0.5308052 0.7339561 -0.4072544 -0.5435552 0.7476252 -0.4617785 -0.4773019 0.6577266 -0.5920107 -0.4657458 0.7572189 -0.5627397 -0.3315774 0.7557517 -0.6002405 -0.2618216 0.5532139 -0.7210965 -0.4171021 0.7577902 -0.6334103 -0.1566694 0.767099 -0.6341717 -0.09687829 0.7106813 -0.6833972 -0.1670345 0.7120768 -0.6943795 -0.1038446 0.6186996 -0.7639133 -0.1834323 0.7670062 -0.6377471 0.0705704 0.7105097 -0.6590176 0.2467224 0.7375129 -0.6283807 0.2474114 0.6748887 -0.7365759 0.04451167 0.6915977 -0.7175675 0.08239853 0.7089374 -0.7040615 0.04129475 0.7089377 -0.7040608 0.04130017 0.7036685 -0.707012 0.07060253 0.7040296 -0.6850677 0.1871489 0.6801896 -0.1754159 -0.7117384 0.696625 -0.1715464 -0.6966244 0.6220263 -0.08417731 -0.7784583 0.6789624 -0.3219815 -0.6598014 0.680182 -0.1753767 -0.7117552 0.7434821 -0.2924279 -0.6014319 0.6638715 -0.4980607 -0.5578622 0.6556041 -0.3314352 -0.6784791 0.6512578 -0.5055554 -0.5659303 0.6512553 -0.5055507 -0.5659372 0.733986 -0.5326223 -0.4214 0.7015377 -0.6679263 -0.248434 0.70322 -0.5581175 -0.4404391 0.6639222 -0.7012187 -0.259807 0.6966111 -0.7007722 -0.1537896 0.7211747 -0.6491149 -0.2419853 0.5809007 -0.7958137 -0.1709822 0.7568637 -0.6504907 0.06339621 0.7211793 -0.6491248 -0.2419452 0.7036646 -0.7070211 0.07054919 0.7485483 -0.6400436 0.1732612 0.713438 -0.6420049 0.280777 0.7071071 0 -0.7071065 0.7071071 0 -0.7071065 0.7038014 -0.09658116 -0.7038008 0.7040114 -0.0966643 -0.7035794 0.6696018 -0.2286839 -0.7066379 0.6695346 -0.2286515 -0.7067121 0.6448516 -0.2910995 -0.7067019 0.6448646 -0.2910636 -0.7067047 0.6448653 -0.2910638 -0.7067041 0.6282942 -0.3244254 -0.7071029 0.6282263 -0.3245643 -0.7070994 -0.07256299 -0.7074323 -0.7030464 0.5734828 -0.4205282 -0.7030459 0.5734819 -0.4205266 -0.7030476 0.5734838 -0.4205269 -0.7030458 -0.07256257 -0.7074312 -0.7030476 0.1649186 -0.693808 -0.7010225 0.1649133 -0.6938062 -0.7010253 0.1649134 -0.6938069 -0.7010247 0.4041385 -0.5875694 -0.7010238 0.4041379 -0.5875696 -0.7010239 0.4041379 -0.5875695 -0.7010241 0.4041364 -0.5875722 -0.7010226 0.7140101 0.03251016 -0.6993802 0.7140094 0.03250998 -0.6993809 0.6663933 -0.2584308 -0.6993808 0.6663917 -0.2584294 -0.6993829 0.6663907 -0.2584295 -0.6993837 0.5054024 -0.5054024 -0.6993832 0.5054025 -0.5054025 -0.6993831 0.2584291 -0.666391 -0.6993837 0.2584307 -0.6663933 -0.6993808 -0.0325101 -0.7140095 -0.6993809 -0.03251004 -0.7140101 -0.6993802 0.7096276 0.05998003 -0.7020193 0.7096181 0.0599811 -0.7020289 0.7096255 0.05997961 -0.7020215 0.7091556 0.06036895 -0.7024627 0.7096248 0.0599814 -0.702022 0.6893987 -0.1785898 -0.7020223 0.6893985 -0.1785897 -0.7020225 0.6894226 -0.1785213 -0.7020161 0.5912502 -0.3969736 -0.7020222 0.5912519 -0.3969753 -0.7020198 0.5911357 -0.3971177 -0.7020372 0.4286496 -0.5683761 -0.7022877 0.4292944 -0.5697287 -0.7007964 0.3273384 -0.6267801 -0.7071042 0.3213227 -0.6298851 -0.7071043 0.2933968 -0.6441581 -0.7063843 0.2932845 -0.6437963 -0.7067606 0.2932845 -0.6437959 -0.706761 0.2599562 -0.6575942 -0.7071015 0.2598901 -0.6576225 -0.7070996 -0.7022584 -0.1169071 -0.7022578 0.1448946 -0.6970215 -0.7022582 0.1448944 -0.697024 -0.7022557 -0.7022572 -0.1169072 -0.7022589 -0.612159 -0.3697801 -0.6989449 -0.6121601 -0.3697822 -0.6989428 -0.6121619 -0.3697826 -0.698941 -0.4040802 -0.5900854 -0.698941 -0.4040775 -0.590083 -0.6989446 -0.4040791 -0.5900839 -0.6989428 -0.1234489 -0.7044421 -0.6989432 -0.1234481 -0.7044401 -0.6989455 -0.1234522 -0.7044445 -0.6989403 -0.7071071 0 -0.7071064 -0.7071071 0 -0.7071065 -0.7071071 0 -0.7071065 -0.7071071 0 -0.7071065 0.6947466 -0.1861568 -0.6947466 0.6947469 -0.1861569 -0.6947463 0.6947468 -0.1861566 -0.6947464 0.6947468 -0.1861565 -0.6947465 0.5085899 -0.5085899 -0.6947464 0.5085895 -0.5085893 -0.6947473 0.5085896 -0.5085886 -0.6947476 0.5085898 -0.5085898 -0.6947467 0.1861565 -0.6947465 -0.6947467 0.1861565 -0.694747 -0.6947464 -0.6947469 -0.186157 -0.6947463 -0.6947475 -0.186157 -0.6947456 -0.6947475 -0.1861556 -0.694746 -0.6947463 -0.186157 -0.6947469 -0.5085898 -0.5085898 -0.6947466 -0.5085894 -0.5085896 -0.6947471 -0.5085895 -0.5085895 -0.6947472 -0.5085904 -0.5085894 -0.6947466 -0.1861563 -0.6947466 -0.6947468 -0.1861565 -0.6947468 -0.6947465 -0.1861569 -0.6947444 -0.6947488 0.1861569 -0.6947444 -0.6947488 0.7071067 0 -0.7071068 0.7071067 0 -0.7071068 0.7071067 0 -0.7071068 0.7071068 0 -0.7071068 0.6990819 -0.1502299 -0.699082 0.6990813 -0.1502296 -0.6990826 0.6990823 -0.1502258 -0.6990823 0.5756457 -0.4241629 -0.6990837 0.5756459 -0.4241631 -0.6990833 0.5758988 -0.423891 -0.6990401 0.3505723 -0.623207 -0.6990795 0.3505716 -0.6232047 -0.6990818 0.3507674 -0.6231231 -0.6990565 0.0677458 -0.7113907 -0.6995241 0.0673837 -0.7138883 -0.6970099 -0.07881927 -0.7026991 -0.7071079 -0.2453216 -0.6643099 -0.7060523 -0.2453219 -0.6643105 -0.7060515 -0.2453201 -0.6643147 -0.7060481 -0.2453411 -0.6643099 -0.7060455 -0.1408053 -0.694001 -0.7060713 -0.1410266 -0.6947881 -0.7052524 -0.08730733 -0.7016932 -0.7071097 -0.2985575 -0.6409885 -0.7071048 -0.2985426 -0.6409949 -0.7071053 -0.7067941 0.0818265 -0.702671 -0.4010602 -0.587707 -0.7026743 -0.4010603 -0.5877072 -0.7026742 -0.7067945 0.08182775 -0.7026705 -0.7067946 0.08182781 -0.7026703 -0.7067944 0.08182799 -0.7026706 -0.6940027 -0.1664982 -0.700456 -0.6940026 -0.1664981 -0.7004561 -0.6940023 -0.1664981 -0.7004564 -0.5803434 -0.4154078 -0.7004556 -0.5803429 -0.4154087 -0.7004553 -0.5803425 -0.4154086 -0.7004557 -0.5803338 -0.4154131 -0.7004603 0.04386663 -0.7136967 -0.6990799 0.04386675 -0.7136954 -0.6990813 0.04386621 -0.7136959 -0.6990808 -0.2532327 -0.6687002 -0.6990804 -0.2532323 -0.6686996 -0.6990811 -0.2532325 -0.6686998 -0.6990808 -0.5056122 -0.5056113 -0.6990805 -0.505613 -0.505613 -0.6990787 -0.5056113 -0.5056122 -0.6990805 -0.6686997 -0.2532327 -0.6990808 -0.6687002 -0.2532327 -0.6990803 -0.6687006 -0.2532326 -0.6990799 -0.7136967 0.04386681 -0.6990799 -0.7136956 0.04386651 -0.6990811 -0.713696 0.04386621 -0.6990807 -0.6687002 -0.2532325 -0.6990804 0.08105856 -0.7069445 -0.7026087 0.0810585 -0.7069448 -0.7026084 -0.1689754 -0.6934981 -0.7003625 -0.1689736 -0.6934977 -0.7003635 -0.1689734 -0.693497 -0.7003641 -0.169053 -0.6934687 -0.7003729 -0.4190623 -0.5778185 -0.700366 -0.4190641 -0.5778202 -0.7003636 -0.4190649 -0.5778177 -0.700365 -0.5891239 -0.3986223 -0.7028751 -0.6224989 -0.4341709 -0.6511457 -0.1108481 -0.07503151 -0.991001 -0.8929328 -0.4167348 -0.1703029 -0.647487 0.2532775 -0.7187567 -0.6360813 -0.2531165 -0.7289257 -0.6474925 0.2532804 -0.7187506 -0.6767162 0.1618828 -0.7182264 -0.6767159 0.1618828 -0.7182267 -0.6767141 0.1618822 -0.7182285 -0.6938546 0.05209302 -0.7182284 -0.6938534 0.05209404 -0.7182295 -0.6938546 0.05209422 -0.7182283 -0.6938534 0.05208879 -0.7182299 -0.6933026 -0.05902183 -0.7182255 -0.693298 -0.05902177 -0.71823 -0.6932983 -0.05902123 -0.7182297 -0.6932967 -0.05902504 -0.718231 -0.6750613 -0.1686323 -0.7182308 -0.6750627 -0.1686328 -0.7182293 -0.6750602 -0.1686331 -0.7182316 -0.64555 -0.2580351 -0.7188067 -0.6296796 0.2933501 -0.7193395 -0.6296247 0.2934752 -0.7193366 0.08040452 0.6945021 -0.7149839 -0.5774887 0.3940858 -0.7149847 -0.5774915 0.3940887 -0.7149809 0.08040505 0.6945037 -0.7149823 -0.1636227 0.6820068 -0.7128074 -0.1636199 0.6820058 -0.7128089 -0.16362 0.6820065 -0.7128082 -0.4082701 0.5702874 -0.7128028 -0.408227 0.5703088 -0.7128103 -0.4082294 0.5703136 -0.7128052 -0.4082303 0.5703118 -0.7128061 -0.701408 -0.04311126 -0.7114551 -0.7014065 -0.04311138 -0.7114565 -0.7014068 -0.0431112 -0.7114562 -0.6571857 0.2488723 -0.7114558 -0.6571851 0.2488719 -0.7114565 -0.6571857 0.2488725 -0.711456 -0.4969053 0.4969061 -0.7114559 -0.4969069 0.4969069 -0.7114542 -0.4969061 0.4969053 -0.7114559 -0.2488725 0.6571857 -0.711456 -0.2488721 0.6571852 -0.7114564 0.0431115 0.7014079 -0.7114551 0.0431112 0.7014068 -0.7114562 0.0431112 0.7014068 -0.7114562 -0.2488722 0.6571858 -0.711456 -0.3940865 0.5774883 -0.7149846 -0.3940881 0.5774921 -0.7149809 -0.5703117 0.4082303 -0.7128061 -0.5703127 0.4082298 -0.7128056 -0.5703092 0.4082262 -0.7128105 -0.5702874 0.4082701 -0.7128028 -0.6820065 0.16362 -0.7128082 -0.6820065 0.16362 -0.7128082 -0.6820062 0.163621 -0.7128083 -0.6820068 0.1636227 -0.7128074 -0.6945037 -0.08040422 -0.7149823 -0.6945011 -0.08040475 -0.7149848 -0.6945019 -0.08040547 -0.714984 -0.2933516 0.6296824 -0.7193364 -0.2934741 0.6296222 -0.7193391 -0.1343891 0.6659485 -0.7337931 -0.2404217 0.6528931 -0.7182812 -0.1364583 0.6822195 -0.7183006 -0.2404104 0.6529032 -0.7182759 -0.2404218 0.6529006 -0.7182745 -0.2404229 0.6528973 -0.7182771 -0.1126017 0.9651641 -0.2361763 0.05576711 0.7472772 -0.6621683 0.06354707 0.7092812 -0.7020555 0.01044523 0.1420514 -0.9898042 0.5857243 0.4130587 -0.697359 0.5857241 0.4130586 -0.6973592 0.5856649 0.4131233 -0.6973706 0.337702 0.6321748 -0.6973611 0.337706 0.6321795 -0.6973548 0.3377035 0.6321794 -0.6973562 0.7006152 0.1351915 -0.7006152 0.7006149 0.1351915 -0.7006155 0.5857245 0.4130567 -0.6973599 0.7071067 0 -0.7071068 0.7071067 0 -0.7071068 0.7071067 0 -0.7071068 0.7071068 0 -0.7071068 -0.6947469 0.1861569 -0.6947463 -0.6947475 0.1861571 -0.6947457 -0.6947469 0.1861554 -0.6947466 -0.5085898 0.5085899 -0.6947467 -0.5085895 0.5085895 -0.694747 -0.5085896 0.5085886 -0.6947476 -0.5085898 0.5085898 -0.6947467 -0.1861565 0.6947466 -0.6947467 -0.1861565 0.694747 -0.6947463 -0.1861569 0.6947444 -0.6947488 0.1861569 0.6947444 -0.6947488 0.1861565 0.6947468 -0.6947465 0.1861564 0.6947466 -0.6947467 0.5085904 0.5085894 -0.6947466 0.5085895 0.5085895 -0.6947472 0.5085895 0.5085895 -0.6947471 0.6947466 0.1861569 -0.6947466 0.6947469 0.1861569 -0.6947463 0.6947468 0.1861565 -0.6947466 0.50859 0.5085898 -0.6947465 -0.7071071 0 -0.7071065 -0.7071071 0 -0.7071064 -0.7071071 0 -0.7071065 -0.7071071 0 -0.7071065 0.1448939 0.6970217 -0.7022582 -0.7022584 0.1169074 -0.7022577 -0.7022573 0.1169068 -0.7022588 0.1448951 0.6970239 -0.7022556 -0.1234522 0.7044445 -0.6989403 -0.1234487 0.7044408 -0.6989447 -0.1234484 0.7044422 -0.6989432 -0.4040791 0.5900839 -0.6989428 -0.4040792 0.590084 -0.6989427 -0.4040796 0.5900859 -0.6989408 -0.6121616 0.3697831 -0.6989411 -0.6121596 0.3697811 -0.6989439 -0.612159 0.3697801 -0.6989449 0.2599563 0.6575963 -0.7070997 0.2598894 0.6576208 -0.7071015 0.634256 0.4810538 -0.6052328 0.132969 0.1002418 -0.9860379 0.8862536 0.4579693 -0.06941711 -0.0599361 0.709635 -0.7020156 -0.05993658 0.709631 -0.7020196 0.1787193 0.6893691 -0.7020183 0.178719 0.6893685 -0.7020189 -0.05993866 0.709631 -0.7020195 0.5990973 0.4659654 -0.6511211 0.5891359 0.4652529 -0.6606501 0.5670596 0.4300895 -0.7024717 0.3972496 0.5910561 -0.7020294 0.3971598 0.5911303 -0.7020179 0.3971583 0.591129 -0.7020198 0.178761 0.689354 -0.7020226 0.3213227 0.6298851 -0.7071043 0.2934396 0.6441367 -0.7063859 0.2932839 0.6439102 -0.7066571 0.2932845 0.6437959 -0.7067609 -0.03251016 0.7140101 -0.6993802 -0.03250998 0.7140094 -0.6993809 0.2584301 0.6663935 -0.6993809 0.2584297 0.6663907 -0.6993837 0.5054024 0.5054024 -0.6993832 0.5054025 0.5054025 -0.6993831 0.666391 0.2584291 -0.6993837 0.6663933 0.2584307 -0.6993808 0.7140095 -0.0325101 -0.6993809 0.7140101 -0.03251004 -0.6993802 0.5912519 0.3969753 -0.7020198 0.5911365 0.3971167 -0.702037 0.4284256 0.5685757 -0.7022629 0.4295507 0.5695709 -0.7007676 0.3273379 0.6267806 -0.7071039 0.6893984 0.1785897 -0.7020225 0.6894236 0.178519 -0.7020156 0.5912502 0.3969736 -0.7020223 0.7096275 -0.05998063 -0.7020195 0.709626 -0.05997985 -0.702021 0.7096235 -0.05998069 -0.7020234 0.7096246 -0.06041163 -0.7019854 0.6893986 0.1785898 -0.7020222 0.6893987 0.1785897 -0.7020222 -0.7133151 -0.09443002 -0.6944528 0.5301092 -0.4879997 -0.6934266 0.3429315 -0.633682 -0.6934299 0.4425552 -0.5685952 -0.6934294 0.4425563 -0.5685965 -0.6934277 0.442574 -0.5685793 -0.6934306 0.5301074 -0.4879987 -0.6934288 0.1185954 -0.7107025 -0.6934242 0.2339565 -0.6814888 -0.6934245 0.2339543 -0.6814859 -0.6934279 0.233954 -0.6814851 -0.6934288 0.3429322 -0.633683 -0.6934287 0 -0.7205268 -0.6934271 0 -0.7205268 -0.6934271 0.1185947 -0.7106998 -0.6934271 -0.1185948 -0.7106995 -0.6934272 -0.1185949 -0.7106996 -0.6934272 0 -0.7205268 -0.6934272 -0.3429321 -0.633683 -0.6934287 -0.2339541 -0.6814852 -0.6934288 -0.2339541 -0.6814854 -0.6934285 -0.2339556 -0.681489 -0.6934245 -0.118595 -0.7107025 -0.6934242 -0.4425563 -0.5685965 -0.6934277 -0.4425553 -0.5685953 -0.6934294 -0.3429316 -0.6336819 -0.6934299 -0.5301092 -0.4879997 -0.6934266 -0.5301074 -0.4879987 -0.6934288 -0.442574 -0.5685793 -0.6934304 -0.7133176 -0.09443074 -0.6944501 -0.6984819 -0.1768797 -0.6934239 -0.6984813 -0.1768795 -0.6934245 -0.6598415 -0.2894335 -0.6934246 -0.659838 -0.2894316 -0.6934285 -0.6032001 -0.39409 -0.6934283 -0.6032014 -0.3940912 -0.6934264 -0.6032017 -0.3940914 -0.6934261 -0.5301092 -0.4879998 -0.6934266 -0.6598415 0.2894332 -0.6934245 -0.6984813 0.1768795 -0.6934245 -0.6984819 0.1768796 -0.6934238 -0.7133176 0.09443032 -0.6944501 -0.713315 0.09443038 -0.6944528 -0.6032018 0.3940911 -0.6934262 -0.6032007 0.3940908 -0.6934272 -0.6032014 0.3940912 -0.6934264 -0.6032001 0.39409 -0.6934283 -0.6598379 0.2894319 -0.6934286 -0.530109 0.4880002 -0.6934266 -0.5301067 0.4879974 -0.6934303 -0.5301067 0.4879974 -0.6934302 -0.530108 0.4879981 -0.6934288 -0.4425553 0.5685951 -0.6934295 -0.4425553 0.5685951 -0.6934294 -0.3429315 0.633682 -0.69343 -0.3429322 0.633683 -0.6934287 -0.2339541 0.6814852 -0.6934288 -0.2339541 0.6814854 -0.6934285 -0.2339556 0.681489 -0.6934245 -0.118595 0.7107025 -0.6934242 -0.1185948 0.7106995 -0.6934272 -0.118595 0.7106997 -0.6934272 0 0.7205268 -0.6934272 0 0.7205268 -0.6934271 0 0.7205268 -0.6934271 0.1185949 0.7106997 -0.6934271 0.1185952 0.7107025 -0.6934242 0.2339565 0.6814888 -0.6934245 0.2339543 0.6814859 -0.693428 0.2339541 0.6814852 -0.6934287 0.3429321 0.633683 -0.6934287 0.3429316 0.633682 -0.69343 0.4425553 0.5685952 -0.6934294 0.4425553 0.5685952 -0.6934295 0.5301066 0.4879973 -0.6934303 0.5301067 0.4879974 -0.6934302 0.530108 0.4879981 -0.6934287 0.6984813 0.1768795 -0.6934245 0.6598415 0.2894335 -0.6934246 0.659838 0.2894316 -0.6934285 0.6032 0.3940901 -0.6934283 0.6032009 0.3940909 -0.693427 0.6032018 0.3940911 -0.6934262 0.5301089 0.4880001 -0.6934266 0.5301092 -0.4879998 -0.6934266 0.6032018 -0.3940912 -0.6934261 0.6031998 -0.3940902 -0.6934283 0.6598379 -0.2894319 -0.6934286 0.6598415 -0.2894332 -0.6934245 0.6984813 -0.1768795 -0.6934245 0.6984819 -0.1768796 -0.6934238 0.7180689 -0.05950087 -0.6934239 0.7180675 -0.05950081 -0.6934254 0.7180675 0.05950075 -0.6934254 0.7180677 0.05950087 -0.6934253 0.7180689 0.05950087 -0.6934239 0.6984819 0.1768797 -0.6934239 -0.7320374 -0.6437768 0.2228735 -0.6594478 -0.6703993 0.3401375 -0.6968001 -0.6785824 0.2323696 -0.7391703 -0.67051 0.06359022 -0.7318069 -0.644012 0.2229514 -0.7683777 -0.636992 0.0619421 -0.705379 -0.697604 -0.1256552 -0.6953161 -0.7156973 0.06567186 -0.6986398 -0.7041369 -0.1268602 -0.6986389 -0.7041387 -0.126856 -0.7635098 -0.5931638 -0.2553614 -0.7262584 -0.5346314 -0.4321088 -0.7321987 -0.6260362 -0.2682608 -0.7027245 -0.5542062 -0.4461318 -0.7311238 -0.4221112 -0.5359853 -0.7536293 -0.5101355 -0.4144932 -0.7536304 -0.5101231 -0.4145064 -0.7649503 -0.3953109 -0.508508 -0.6871311 -0.2826194 -0.6693108 -0.7044961 -0.1092064 -0.7012555 -0.717832 -0.2676532 -0.6427122 -0.7178314 -0.2677434 -0.6426753 -0.7536008 -0.09237521 -0.6508092 -0.7218596 -0.02177846 -0.6916968 -0.7269625 0.6839699 0.06091511 -0.7214186 0.120243 -0.68198 -0.6279283 0.02254468 -0.7779446 -0.6817942 0.1324387 -0.7194558 -0.7293189 0.2487069 -0.6373686 -0.7164552 0.1217972 -0.6869187 -0.757524 0.2330073 -0.6098074 -0.6988885 0.4548857 -0.5519365 -0.6764832 0.2753031 -0.6830657 -0.7529283 0.6554129 0.05943757 -0.7658033 0.5924128 -0.2501848 -0.7414883 0.6599425 -0.1211236 -0.7097587 0.6495256 -0.2726885 -0.7335937 0.5229441 -0.4340159 -0.7374406 0.6225039 -0.2620502 -0.7619336 0.4968438 -0.4154556 -0.6944568 0.4578899 -0.5550374 -0.6944555 0.4578872 -0.5550415 -0.752933 0.6554109 0.05939972 -0.63859 0.7568217 -0.1393694 -0.7218927 0.6519401 0.2320452 -0.7269652 0.6839627 0.0609644 -0.7656866 0.6046599 0.2193409 -0.7358216 0.604878 0.3044489 -0.8026803 0.5937106 0.05667603 -0.7868245 0.6061367 0.1162132 -0.6872161 0.6784186 0.2597734 -0.7775793 0.5588485 0.2881994 -0.7349627 0.5756692 0.3583781 -0.7917115 0.5406951 -0.284327 -0.7810744 0.5736501 -0.2466745 -0.6988189 0.7014845 -0.139899 -0.7504762 0.6568002 -0.07347846 -0.7501069 0.6485171 -0.1294807 -0.7863793 0.6139734 -0.06814801 -0.6954106 0.7159441 0.06187313 -0.7758037 0.619866 0.1178763 -0.7758035 0.6198649 0.1178833 -0.7501675 0.3810665 -0.5404046 -0.6946741 0.5274652 -0.4890893 -0.7725272 0.4897445 -0.4041683 -0.7011328 0.6334419 -0.3273593 -0.6952112 0.558391 -0.4526377 -0.6947939 0.6621975 -0.2806348 -0.7501656 0.3810767 -0.5403999 -0.7533826 0.4793559 -0.4501474 -0.7618519 0.3724432 -0.5299696 -0.6916912 0.38641 -0.6101235 -0.7515613 0.2327771 -0.6172282 -0.7222149 0.2144952 -0.6575694 -0.7233011 0.2454144 -0.6454511 -0.6884944 0.226536 -0.6889536 -0.7459167 0.07919836 -0.6613138 -0.7537522 0.05028289 -0.6552322 -0.6867765 0.08775967 -0.7215512 -0.6931437 -0.1149346 -0.7115769 -0.7437986 -0.07999485 -0.6635997 -0.6882427 0.05647689 -0.7232789 -0.6882423 0.05648595 -0.7232786 -0.7540386 -0.5073286 -0.4171851 -0.7006599 -0.4155076 -0.5800251 -0.7121022 -0.4253206 -0.558581 -0.7274538 -0.3979159 -0.5589936 -0.7282999 -0.4141532 -0.5459455 -0.7493438 -0.3825305 -0.5405129 -0.6988119 -0.2796369 -0.6583808 -0.7321074 -0.242693 -0.6364897 -0.7322271 -0.2644181 -0.6276357 -0.7454544 -0.2366777 -0.6231224 -0.6779078 -0.08945548 -0.7296839 -0.7320064 -0.6318734 -0.2547599 -0.7574872 -0.5995974 -0.2582561 -0.7190122 -0.5499247 -0.4249756 -0.719011 -0.5499178 -0.4249866 -0.7358225 -0.6048328 0.3045365 -0.7384659 -0.6026508 0.3024569 -0.7377019 -0.6644302 0.1197017 -0.7401331 -0.6607132 0.1251441 -0.743235 -0.6583595 0.1190146 -0.7431064 -0.6574442 0.1247407 -0.7504066 -0.6503391 0.1181065 -0.7350835 -0.6746699 -0.06687855 -0.7493497 -0.6578374 -0.0756632 -0.749101 -0.6592468 -0.065126 -0.756854 -0.6493154 -0.07457715 -0.7247267 -0.6333879 -0.2712764 0.6442914 0.2175937 -0.7331723 0.6101346 0.2760908 -0.742637 0.6186749 0.2822974 -0.7331777 0.6327651 0.2877141 -0.7189081 0.6578303 0.2244682 -0.7189391 0.63644 0.2144051 -0.7409282 -0.9065241 -0.4217932 -0.01745206 -0.9062106 -0.4224663 -0.01745218 -0.9063219 -0.4222276 -0.01745277 -0.9062105 -0.4224666 -0.01745325 -0.9066222 -0.4215821 -0.01745086 -0.9061015 -0.4227002 -0.01745283 -0.8464318 -0.5271477 -0.07528877 0.07432276 -0.9926631 -0.09537369 -0.3139017 -0.9176173 -0.2438123 -0.6576683 -0.6681415 -0.3479359 -0.6613811 -0.6690113 -0.3391149 0.01066386 -0.9946032 -0.1032023 -0.004346966 -0.9976972 -0.06768631 -0.1497253 -0.9814577 -0.1196789 -0.1777968 -0.9822425 -0.05989927 -0.2257626 -0.9717407 -0.06892949 -0.7054453 -0.6290268 -0.3266072 -0.6996337 -0.6395369 -0.3185988 -0.6876237 -0.63924 -0.3443047 -0.7510579 -0.5836138 -0.3087181 -0.7380511 -0.6071879 -0.2942845 -0.7203087 -0.6102308 -0.3298088 -0.2981463 -0.9456962 -0.1294893 -0.3396115 -0.9393697 -0.0474193 -0.4597306 -0.8811888 -0.1102461 -0.4997035 -0.865538 -0.03376889 -0.5180209 -0.854619 -0.03578591 -0.7846816 -0.5595275 -0.2668403 -0.7806435 -0.568508 -0.2596046 -0.7556694 -0.5782607 -0.3075361 -0.8096213 -0.5347516 -0.2419793 -0.7929967 -0.5449002 -0.2724705 -0.7929882 -0.54491 -0.2724754 -0.8334065 -0.5128209 -0.2060304 -0.831314 -0.5177211 -0.2021926 -0.81126 -0.5323135 -0.2418667 -0.5968856 -0.7939418 -0.1156889 -0.6252871 -0.7777518 -0.06417369 -0.6394382 -0.7660856 -0.06505089 -0.6632854 -0.7481522 -0.01791083 -0.7212564 -0.6890902 -0.07031178 -0.7365694 -0.6688792 -0.1003302 -0.7843998 -0.6202557 3.75196e-4 -0.6458073 -0.6787735 -0.3495703 -0.3515319 -0.9034906 -0.2452144 -0.3657829 -0.9064678 -0.2109953 -0.4393898 -0.8605921 -0.2575228 -0.4690728 -0.8614976 -0.1944031 -0.530813 -0.8124662 -0.2411146 -0.5650264 -0.8067342 -0.1729891 -0.6204484 -0.751909 -0.2228825 -0.660223 -0.7365537 -0.14695 -0.7056899 -0.6803898 -0.1976655 -0.7313928 -0.6650872 -0.1507437 -0.7334433 -0.6605014 -0.1606205 -0.7592103 -0.6415303 -0.1097201 -0.7905194 -0.5926909 -0.1542614 -0.8355204 -0.5463091 -0.0587536 -0.8610215 -0.4992316 -0.09700429 -0.8819407 -0.4698489 -0.03771656 -0.9025766 -0.4290713 -0.03540378 -0.8961055 -0.4400781 -0.05767393 -0.8960273 -0.4402499 -0.0575782 -0.8756322 -0.4689896 -0.1153989 -0.8765491 -0.4669692 -0.1166258 -0.8769355 -0.466069 -0.1173195 -0.8349047 -0.5098814 -0.207256 -0.8835229 -0.4682313 -0.01210558 -0.8984048 -0.4380934 -0.03070968 -0.9010246 -0.4324144 -0.03424137 -0.8663252 -0.4991306 -0.01868629 -0.8776144 -0.47827 -0.03241568 -0.8869351 -0.4596141 -0.04583734 -0.8933454 -0.4487386 -0.02382802 -0.9027847 -0.4286082 -0.03570586 -0.9037429 -0.4264888 -0.03682732 -0.906578 -0.4215611 -0.02007073 -0.9070166 -0.4206051 -0.02030003 -0.9060629 -0.4226821 -0.0197497 -0.9041152 -0.42688 -0.01868563 -0.9064788 -0.4217723 -0.02011036 -0.9011208 -0.433233 -0.01704621 -0.6604825 -0.6713923 -0.3361477 -0.6774582 -0.6740897 -0.2943698 -0.2305394 -0.9699218 -0.0781244 -0.2063929 -0.9766007 -0.06044179 -0.2063961 -0.9765997 -0.0604459 -0.6937485 -0.6741118 -0.2535475 -0.6915139 -0.6763755 -0.2536231 -0.4814043 -0.8592947 -0.1728076 -0.1930038 -0.9766306 -0.09456306 -0.08001154 -0.9947358 -0.06402188 -0.4078885 -0.893685 -0.1869601 -0.6777852 -0.6737048 -0.2944981 -0.6775935 -0.6739081 -0.2944738 -0.4542006 -0.8657827 -0.2100528 -0.4709718 -0.8660108 -0.1679606 -0.4828172 -0.8592514 -0.1690403 -0.06133061 -0.9921974 -0.1085493 0.06612074 -0.9949913 -0.07496976 -0.3865108 -0.8909665 -0.2383024 -0.3219138 -0.9199948 -0.2235643 -0.657392 -0.6755623 -0.3338434 -0.6521445 -0.680777 -0.3335419 -0.1526532 -0.9499971 -0.272401 -0.5887174 -0.6599768 -0.4667361 -0.5387012 -0.2768807 -0.7956998 -0.0804795 -0.2488064 -0.9652038 -0.3403185 -0.5286152 -0.7776564 -0.5387034 -0.2768563 -0.7957068 -0.4376512 -0.655084 -0.6158949 -0.5591327 -0.6880051 -0.4626226 -0.4750701 -0.64581 -0.5976939 -0.633764 -0.6355657 -0.4409075 -0.1139299 -0.9265884 -0.3584045 -0.4669657 -0.8589618 -0.210066 -0.4669629 -0.8589637 -0.2100642 -0.2456668 -0.9411281 -0.2322193 -0.2169257 -0.3145666 -0.9241164 -0.2139627 -0.2309976 -0.9491366 -0.2161843 -0.672571 -0.7077518 -0.2076632 -0.6767157 -0.7063512 -0.2076663 -0.6766813 -0.7063829 -0.0468586 -0.2525275 -0.9664544 -0.04686933 -0.2524592 -0.9664717 -0.1281009 -0.6903524 -0.7120419 -0.128103 -0.6903452 -0.7120485 -0.1281006 -0.6903533 -0.7120412 -0.04685842 -0.2525269 -0.9664546 -0.08795726 -0.241307 -0.9664546 -0.08795738 -0.2413071 -0.9664546 -0.1278441 -0.2228817 -0.9664263 -0.1278439 -0.2228815 -0.9664263 -0.1649752 -0.1969857 -0.9664263 -0.1649748 -0.1969856 -0.9664264 -0.1969855 -0.1649749 -0.9664264 -0.2404555 -0.6596799 -0.7120418 -0.2404558 -0.6596802 -0.7120414 -0.3494314 -0.6091935 -0.7118855 -0.349431 -0.6091932 -0.7118859 -0.4509207 -0.5384136 -0.7118859 -0.4509199 -0.5384132 -0.7118865 -0.538413 -0.4509202 -0.7118865 -0.5384137 -0.4509204 -0.711886 -0.6091932 -0.3494312 -0.711886 -0.1755669 -0.9461551 -0.2719685 -0.1755673 -0.9461552 -0.2719677 -0.3295545 -0.9041169 -0.2719677 -0.3295535 -0.9041166 -0.2719699 -0.4788158 -0.8347625 -0.2718583 -0.4788172 -0.8347628 -0.2718552 -0.6178862 -0.7377747 -0.2718551 -0.6178853 -0.7377747 -0.2718569 -0.7377743 -0.6178858 -0.2718569 -0.7377752 -0.6178857 -0.271855 -0.8347632 -0.4788162 -0.2718553 -0.834762 -0.4788168 -0.2718583 -0.9041164 -0.3295543 -0.2719699 -0.2228817 -0.127844 -0.9664262 -0.2413071 -0.08795732 -0.9664545 -0.6596798 -0.2404557 -0.7120418 -0.2525267 -0.04685842 -0.9664546 -0.241307 -0.08795732 -0.9664546 -0.2525269 -0.04685842 -0.9664545 -0.6903524 -0.1281005 -0.712042 -0.6901202 -0.1279204 -0.7122995 -0.6903547 -0.1281012 -0.7120397 -0.9461547 -0.1755669 -0.2719701 -0.1969859 -0.1649751 -0.9664263 -0.2228814 -0.127844 -0.9664263 -0.6091935 -0.3494312 -0.7118856 -0.6596803 -0.2404556 -0.7120414 -0.9041172 -0.3295537 -0.2719677 -0.9461552 -0.1755673 -0.2719677 -0.9461831 -0.1756266 -0.2718324 -0.1204203 -0.9925696 -0.01745158 -0.1141945 -0.993304 -0.01751393 -0.1169792 -0.992981 -0.01745533 -0.1169792 -0.992981 -0.01745301 -0.117612 -0.9929063 -0.01745188 -0.1165176 -0.9930353 -0.01745331 -0.1176282 -0.9929044 -0.01745235 -0.1165176 -0.9930353 -0.01745283 -0.8507003 -0.4224947 -0.3127415 -0.8507034 -0.4224886 -0.3127414 -0.2516063 -0.07831192 -0.9646561 -0.6752467 -0.2136944 -0.7059579 -0.2483902 -0.08407431 -0.9650046 -0.6754758 -0.2137683 -0.7057163 -0.6760601 -0.222447 -0.7024672 -0.9184547 -0.2915367 -0.2672964 -0.8909697 -0.2826931 -0.3553275 -0.950032 -0.1524274 -0.2724062 -0.659977 -0.588718 -0.4667351 -0.6311347 -0.6526428 -0.4191973 -0.6115507 -0.6351636 -0.4717763 -0.5829489 -0.3968604 -0.7089939 -0.3950338 -0.4554312 -0.7978287 -0.3950277 -0.4554257 -0.7978348 -0.1113438 -0.9930267 -0.03873848 -0.08562994 -0.992384 -0.08855187 0.1658419 -0.9838457 -0.06741094 0.4990137 -0.8584668 -0.1184059 0.1318579 -0.9210167 -0.3665266 0.822143 -0.5367353 -0.1897261 0.7840705 -0.6055622 -0.1361178 0.8473268 -0.5278415 -0.0584864 0.8939905 -0.4465808 -0.03669738 0.9027069 -0.4120675 -0.1237766 0.9783051 -0.2017939 -0.04688531 0.5366213 -0.7877601 -0.3024428 0.714078 -0.660524 -0.2319499 0.7048318 -0.6943731 -0.1451144 0.5919355 -0.7747069 -0.2223547 0.5740301 -0.807646 -0.1348979 0.1664027 -0.9151859 -0.3670764 0.4474365 -0.8366746 -0.3158738 0.4412639 -0.8601043 -0.2559429 0.3565561 -0.8865621 -0.2947466 0.3436872 -0.909734 -0.2329444 0.2882774 -0.92069 -0.2631085 0.2693392 -0.9427151 -0.1968368 -8.04964e-5 -0.9747867 -0.2231384 0.02544963 -0.9573093 -0.287943 0.05458796 -0.9582316 -0.2807357 0.06533277 -0.9456584 -0.3185309 0.06966942 -0.9445195 -0.3209815 0.08783495 -0.9457016 -0.3129433 0.09508645 -0.9328701 -0.3474363 0.1288999 -0.932564 -0.3372079 0.1288969 -0.932563 -0.337212 -0.01674693 -0.9730319 -0.2300617 -0.01355582 -0.9730834 -0.2300536 0.1563211 -0.9761611 -0.1505765 0.1908935 -0.9522816 -0.2381582 0.469654 -0.8768085 -0.1031119 0.4950858 -0.8474768 -0.1915019 0.6705455 -0.7362781 -0.09090292 0.766206 -0.6411329 -0.04332321 -0.0496065 -0.9853541 -0.1631461 -0.04951286 -0.9853644 -0.1631119 0.0477671 -0.992238 -0.1148129 0.08508747 -0.9778373 -0.1912967 0.3072685 -0.9488916 -0.07204693 0.3499671 -0.9192752 -0.1801559 0.5943731 -0.8033433 -0.03687852 0.6485703 -0.760991 -0.01578897 0.4519295 -0.8920522 0.001605987 0.2791209 -0.9553866 -0.09658211 0.1859652 -0.9709361 -0.1506656 0.1440755 -0.9874693 -0.06439459 0.02210325 -0.9911094 -0.1312001 -0.0148788 -0.9983846 -0.05483418 -0.08590823 -0.9923446 -0.08872413 -0.0896275 -0.9918716 -0.09031969 -0.06012088 -0.9980315 -0.01784855 -0.073605 -0.9970175 -0.02320563 -0.0861451 -0.9958523 -0.02927976 0.1250598 -0.9920131 0.016433 -0.03763794 -0.9967347 -0.07143676 -0.05394476 -0.9953083 -0.08032011 -0.07748878 -0.9966974 -0.02428722 -0.09916889 -0.9944843 -0.03415662 -0.1121931 -0.9929204 -0.03901112 -0.1118016 -0.9929654 -0.03899008 -0.09448647 -0.9950245 -0.03160065 -0.07215636 -0.9937907 -0.084697 0.05526179 -0.9982849 -0.01932418 0.09404689 -0.990611 -0.09922307 0.237145 -0.9713858 -0.01310712 0.2413784 -0.9702548 -0.01849353 -0.1175931 -0.9927455 -0.02506417 -0.1176902 -0.9927334 -0.02508938 -0.1164994 -0.9928823 -0.02475249 -0.1042288 -0.9943243 -0.02134811 -0.117608 -0.9927359 -0.02537351 -0.09081548 -0.9957147 -0.01746082 -0.1164973 -0.9928597 -0.02565526 -0.07747143 -0.9969042 -0.01342123 -0.4725997 -0.7424117 -0.4748414 -0.3232672 -0.5078245 -0.7985064 -0.1147871 -0.1803205 -0.9768872 -0.1147879 -0.1803215 -0.9768868 -0.09309798 -0.1924185 -0.9768868 -0.09309709 -0.192417 -0.9768872 -0.07015061 -0.2019165 -0.9768872 -0.02173972 -0.2126485 -0.9768869 -0.02173948 -0.2126474 -0.9768871 -0.04625725 -0.2086907 -0.9768871 -0.3232714 -0.5078304 -0.7985011 -0.323269 -0.5078274 -0.798504 -0.262185 -0.5418951 -0.7985041 -0.2621874 -0.5418987 -0.7985007 -0.1975637 -0.5686522 -0.7985006 -0.1975628 -0.5686503 -0.7985022 -0.1302726 -0.5877272 -0.7985022 -0.07015055 -0.2019163 -0.9768872 -0.04625713 -0.2086902 -0.9768872 -0.130272 -0.5877256 -0.7985035 -0.06122386 -0.5988687 -0.7985035 -0.06122893 -0.5986523 -0.7986654 -0.2866271 -0.8250053 -0.4870433 -0.3850026 -0.7989463 -0.4620152 -0.3862679 -0.7983549 -0.4619811 -0.3822021 -0.7931061 -0.4742406 -0.4727397 -0.7426818 -0.4742794 -0.1441758 -0.2988867 -0.9433345 -0.4726505 -0.7423763 -0.4748461 -0.1873008 -0.8798381 -0.4368104 -0.187307 -0.8798368 -0.4368103 -0.1875653 -0.8462039 -0.4987566 -0.2890316 -0.8454206 -0.4491378 -0.2890233 -0.8454233 -0.449138 -0.08508884 -0.8758915 -0.4749464 -0.08746147 -0.8560094 -0.509508 -0.08950132 -0.8754734 -0.4749062 -0.06122392 -0.5988731 -0.7985002 0.9786345 -0.1901616 -0.07818526 0.9786348 -0.1901603 -0.0781849 0.8203682 -0.5401155 -0.1878062 0.821168 -0.539016 -0.18747 0.8203642 -0.5400473 -0.1880198 0.5313369 -0.8038376 -0.2674439 0.5332692 -0.8025534 -0.2674549 0.1576696 -0.9393986 -0.3044184 0.1608133 -0.9388956 -0.3043256 0.1576989 -0.9392372 -0.304901 0.978571 -0.1864917 -0.08729094 0.9787303 -0.1896967 -0.07811653 0.9786349 -0.1901601 -0.07818484 0.1636698 -0.9222235 -0.3503085 0.1636745 -0.9222163 -0.3503249 0.9786835 -0.1859638 -0.08715528 0.8216534 -0.5285766 -0.2132896 0.8207138 -0.5297846 -0.213909 0.5348789 -0.7876574 -0.3057784 0.5325943 -0.7889196 -0.3065113 0.1600971 -0.9229245 -0.350113 0.1600122 -0.9227976 -0.3504861 0.1662957 -0.9125412 -0.37365 0.1632836 -0.9131317 -0.3735359 0.5364187 -0.7785853 -0.3256682 0.5345743 -0.7797573 -0.325897 0.8222019 -0.5221922 -0.226494 0.8214499 -0.5232499 -0.2267807 0.9786959 -0.1836893 -0.09171962 0.9786061 -0.1841053 -0.0918439 0.1606078 -0.5983782 -0.7849514 0.1606175 -0.5981606 -0.7851154 0.1522372 -0.8711323 -0.4668537 0.8134768 -0.5095244 -0.2804293 0.813475 -0.5095264 -0.2804304 0.8123927 -0.5093208 -0.2839199 0.5209332 -0.750476 -0.4067117 0.5179672 -0.7501829 -0.4110177 0.1514258 -0.8709325 -0.4674898 0.152259 -0.8708201 -0.4674289 0.1515147 -0.8712592 -0.4668521 0.9738348 -0.1676572 -0.1534178 0.966076 -0.1497024 -0.2104434 0.9816703 -0.04090833 -0.1861447 0.8112698 -0.1254964 -0.5710448 0.8112741 -0.1254906 -0.5710398 0.8112688 -0.125483 -0.571049 0.5170094 -0.1837109 -0.8360332 0.5170006 -0.183719 -0.8360369 0.5169947 -0.1837169 -0.836041 0.1639555 -0.211721 -0.9634796 0.1709085 -0.2176001 -0.9609581 0.1580928 -0.5967329 -0.7867124 0.517001 -0.5172997 -0.6819904 0.5169984 -0.5172979 -0.6819939 0.8112729 -0.3533319 -0.4658248 0.8112723 -0.353331 -0.4658266 0.9848807 -0.10469 -0.1380217 0.9774292 -0.1812304 -0.1085711 0.9770867 0 -0.2128419 0.9620515 0.004101455 -0.2728371 0.8177312 -0.002922713 -0.5755929 0.8177288 -0.002922713 -0.5755962 0.7008972 0.005609333 -0.7132403 0.1751043 0 -0.9845499 0.2560077 0.004912793 -0.9666623 0.5259438 -0.003328919 -0.8505128 0.5259582 -0.003328919 -0.8505039 0.2559043 -0.02883344 -0.9662721 0.2559043 -0.02883344 -0.966272 0.243072 -0.08505457 -0.966272 0.2430722 -0.08505469 -0.966272 0.2180515 -0.1370108 -0.966272 0.2180516 -0.1370109 -0.9662719 0.1820968 -0.1820969 -0.9662719 0.1820966 -0.1820966 -0.9662721 0.1370108 -0.2180513 -0.9662721 0.1370107 -0.2180513 -0.9662721 0.08505481 -0.2430719 -0.9662721 0.08505475 -0.2430728 -0.9662719 0.02883344 -0.2559049 -0.9662718 0.02883356 -0.2559043 -0.966272 -0.02883332 -0.2559043 -0.9662721 -0.02883362 -0.2559049 -0.9662719 -0.08505499 -0.2430726 -0.9662718 -0.08505457 -0.2430721 -0.966272 -0.1370108 -0.2180514 -0.9662721 -0.1370108 -0.2180514 -0.966272 -0.1820965 -0.1820967 -0.9662721 -0.1820971 -0.182097 -0.9662718 -0.2180519 -0.1370111 -0.9662719 -0.2180517 -0.1370111 -0.9662719 -0.2430725 -0.08505463 -0.9662719 -0.2430717 -0.08505469 -0.9662721 -0.255904 -0.0288335 -0.9662721 -0.2559043 -0.02883344 -0.966272 0.6987326 -0.07872825 -0.7110377 0.6987326 -0.07872825 -0.7110377 0.6636952 -0.2322372 -0.7110376 0.663695 -0.2322369 -0.711038 0.5953772 -0.3740998 -0.7110382 0.5953776 -0.3741006 -0.7110374 0.4972049 -0.4972054 -0.7110374 0.4972048 -0.4972053 -0.7110375 0.374101 -0.5953775 -0.7110373 0.3741011 -0.5953783 -0.7110366 0.2322368 -0.6636967 -0.7110364 0.2322372 -0.6636939 -0.7110388 0.07872849 -0.6987313 -0.711039 0.07872796 -0.6987327 -0.7110377 -0.07872861 -0.6987326 -0.7110376 -0.07872778 -0.6987314 -0.7110388 -0.232236 -0.6636944 -0.7110388 -0.2322379 -0.6636961 -0.7110368 -0.3741013 -0.595378 -0.7110369 -0.3741005 -0.5953775 -0.7110375 -0.4972047 -0.4972051 -0.7110376 -0.4972047 -0.4972051 -0.7110376 -0.5953776 -0.3741 -0.7110378 -0.5953767 -0.3741 -0.7110386 -0.6636945 -0.2322368 -0.7110385 -0.6636951 -0.2322367 -0.7110379 -0.6987323 -0.07872861 -0.7110381 -0.6987326 -0.07872843 -0.7110376 0.9564568 -0.1077668 -0.2712504 0.9564568 -0.1077668 -0.2712504 0.908496 -0.3178967 -0.2712503 0.908496 -0.3178968 -0.2712501 0.8149797 -0.5120855 -0.2712498 0.8149797 -0.5120851 -0.2712508 0.6805965 -0.6805963 -0.2712509 0.6805964 -0.6805971 -0.2712494 0.5120854 -0.81498 -0.2712491 0.5120859 -0.814979 -0.2712512 0.3178968 -0.9084957 -0.2712513 0.3178958 -0.9084969 -0.2712483 0.1077666 -0.9564575 -0.2712481 0.1077674 -0.9564568 -0.2712501 -0.1077665 -0.9564569 -0.2712501 -0.1077674 -0.9564573 -0.2712482 -0.317897 -0.9084965 -0.2712484 -0.3178957 -0.9084962 -0.2712511 -0.5120851 -0.8149796 -0.271251 -0.5120863 -0.8149796 -0.2712486 -0.6805973 -0.6805965 -0.2712486 -0.680596 -0.6805968 -0.271251 -0.8149793 -0.5120856 -0.271251 -0.8149801 -0.5120853 -0.2712491 -0.9084963 -0.3178965 -0.2712492 -0.9084962 -0.3178966 -0.2712497 -0.956457 -0.1077665 -0.2712497 -0.9564563 -0.1077673 -0.2712517 -0.117063 0.9929712 -0.01745355 -0.1169792 0.992981 -0.01745533 -0.1169792 0.992981 -0.01745283 -0.1165176 0.9930353 -0.017452 -0.1176282 0.9929043 -0.01745349 -0.1165176 0.9930353 -0.01745253 -0.117612 0.9929063 -0.01745301 -0.9620592 -3.42571e-4 -0.2728407 -0.7029575 0.0619744 -0.7085267 -0.9629019 0 -0.2698519 -0.2560107 0 -0.966674 -0.25751 -1.97508e-4 -0.9662756 -0.7009083 -1.71817e-4 -0.7132515 -0.2574675 0.06247186 -0.9642654 -0.7042255 -3.93509e-4 -0.7099762 0.4564592 -0.8895731 -0.01745253 0.4588088 -0.8883636 -0.01745301 0.4588088 -0.8883636 -0.01745277 0.4608734 -0.8872942 -0.01745843 0.4581512 -0.8887029 -0.01745122 0.4590227 -0.8882531 -0.01745277 0.4590227 -0.8882531 -0.01745277 0.9052619 0.4229521 -0.04015761 -0.116517 0.9930296 -0.01777392 -0.117628 0.9929028 -0.0175389 -0.1215693 0.9924222 -0.01786756 -0.1213434 0.9923967 -0.02060246 -0.120944 0.9924474 -0.02051347 -0.1155155 0.9925016 -0.03995984 -0.111745 0.9929882 -0.03856915 -0.1107859 0.9931123 -0.03813785 -0.09897375 0.9929705 -0.06491458 -0.09809899 0.9930884 -0.06443589 -0.06992059 0.9896411 -0.1253856 -0.06898802 0.9897539 -0.1250124 -0.06847554 0.9898244 -0.1247347 -0.1110187 0.993669 -0.01723164 -0.1108847 0.9936545 -0.01885277 -0.1033875 0.9944977 -0.01689207 -0.0977872 0.994521 -0.03695505 -0.03598743 0.9993347 -0.00592488 -0.02351135 0.9991394 -0.03417122 0.005643784 0.9998701 -0.01509118 0.03901213 0.9953745 -0.08779311 0.2038655 0.978839 0.01769018 0.2658855 0.9578011 -0.1091881 0.280574 0.9561671 -0.08380174 -0.02014589 0.9745041 -0.2234634 -0.01547718 0.9747856 -0.2226063 -0.005033969 0.9761373 -0.2170957 0.4630715 0.8794807 -0.1099026 0.3329523 0.9281017 -0.1666436 0.2956945 0.9523645 -0.07461071 0.1672186 0.9761087 -0.1387431 0.1157825 0.9926983 -0.03383225 -4.65921e-4 0.9956116 -0.09358084 -0.02824562 0.9990495 -0.03320175 -0.04958266 0.9978766 -0.04223692 -0.06056171 0.9980133 -0.01736569 -0.1046019 0.9938505 -0.03632915 -0.1096257 0.993804 -0.01832163 -0.1150667 0.9931684 -0.01939547 -0.1152397 0.9931869 -0.01730984 -0.1165178 0.9930368 -0.01736605 0.2643086 0.9436079 -0.1993622 0.1798892 0.9568319 -0.2282813 0.1478844 0.9777123 -0.149026 0.0735442 0.9806758 -0.1812899 0.02416855 0.9964587 -0.08053612 -0.03554707 0.9934362 -0.1087226 -0.06309187 0.9968044 -0.04899561 -0.07441186 0.9957948 -0.0534358 -0.08563017 0.9959331 -0.02801626 -0.1095358 0.9932691 -0.03766143 -0.114656 0.9932177 -0.0193066 -0.1182084 0.992788 -0.01996344 -0.1184089 0.99281 -0.0175423 -0.1176119 0.9929053 -0.01750922 0.4344076 0.9007101 0.003379166 0.4834305 0.8672826 -0.1188108 0.5915006 0.80577 -0.02935534 0.63738 0.7704293 -0.01361781 0.6683796 0.7338583 -0.1213287 0.06397122 0.9450975 -0.3204661 0.06397056 0.9450976 -0.320466 0.05142676 0.9593949 -0.2773387 0.02223372 0.9583184 -0.2848358 0.02225446 0.9583149 -0.2848461 0.09381043 0.9440501 -0.3161787 0.2814851 0.9241824 -0.2581728 0.3583688 0.9025384 -0.238739 0.4847184 0.8551858 -0.1835898 0.594812 0.7912306 -0.1419603 0.7806916 0.6247091 -0.01610296 0.8034771 0.5796369 -0.1358147 0.1329919 0.9306933 -0.3407686 0.8486291 0.5240917 -0.07180935 0.7196451 0.6745036 -0.1647902 0.6073588 0.7671155 -0.2065163 0.4522601 0.8499823 -0.2701685 0.3677689 0.8845111 -0.2870298 0.1268129 0.9298111 -0.3454995 0.09968966 0.9327889 -0.3463623 0.1664384 0.9161106 -0.3647462 0.1357788 0.9182674 -0.371953 0.5366145 0.7906907 -0.2947083 0.4573777 0.8260244 -0.3293769 0.8218072 0.541766 -0.1764159 0.7267118 0.639144 -0.2517639 0.9774417 0.2093802 -0.02770942 0.9133822 0.378898 -0.1488935 0.1341313 -0.8725262 -0.4697943 -0.6942251 -0.1679278 -0.6998941 -0.2001876 -0.172762 -0.9644057 -0.9501942 -0.161927 -0.2662906 -0.9153673 -0.22142 -0.3362675 -0.7505409 -0.5790919 -0.3183412 -0.7185593 -0.6201184 -0.3148423 -0.739933 -0.5485219 -0.3893877 -0.3780099 -0.8548506 -0.3554418 -0.3425309 -0.8473758 -0.4057425 0.08069747 -0.9216008 -0.3796578 0.1377709 -0.9171189 -0.3740482 0.08123087 -0.8814876 -0.4651679 -0.2574706 -0.06228017 -0.964277 -0.2570118 -0.06217545 -0.9644061 0.1193379 -0.5926388 -0.7965788 -0.07649612 -0.2488004 -0.9655292 -0.0990982 -0.2451555 -0.9644057 0.1193398 -0.5926606 -0.7965623 -0.02184057 -0.706274 -0.7076016 -0.2676756 -0.6621932 -0.6998928 -0.2676754 -0.6621932 -0.6998928 -0.5407293 -0.4666498 -0.6998928 -0.5407286 -0.4666501 -0.699893 -0.6942254 -0.1679294 -0.6998934 -0.6943072 -0.1679474 -0.699808 0.4653083 -0.8844372 -0.03548163 0.6983079 -0.7087329 -0.100319 0.6666584 -0.6606477 -0.3451249 0.9965835 0.05139452 -0.06465208 0.9230933 -0.3153846 -0.2200713 0.9865074 -0.1081041 -0.1229501 0.9886646 -0.137675 -0.05989801 0.9728278 -0.21538 -0.08495593 0.6674779 -0.6730294 -0.3185982 0.6572121 -0.6792643 -0.3266072 0.6390389 -0.6948782 -0.3298084 0.6136968 -0.7266839 -0.3087179 0.6367188 -0.7127305 -0.2942863 0.6367197 -0.7127355 -0.2942722 0.9570457 -0.2594143 -0.1294898 0.952412 -0.3011027 -0.04741984 0.8991685 -0.4234879 -0.1102456 0.8851563 -0.464067 -0.03376388 0.8670533 -0.4960998 -0.04586493 0.567268 -0.7871812 -0.241977 0.5767328 -0.7701544 -0.2724731 0.5791391 -0.7678943 -0.2737448 0.5998035 -0.756862 -0.2596068 0.6085311 -0.7315137 -0.3075348 0.6983078 -0.7087329 -0.1003191 0.6979862 -0.6306906 -0.3391824 0.8783438 -0.4085299 -0.2482243 0.8798726 -0.4336264 -0.1944028 0.833392 -0.4973136 -0.2411164 0.8290571 -0.5317312 -0.1729921 0.7765337 -0.589337 -0.2228842 0.7628098 -0.6297037 -0.1469509 0.7085427 -0.6774182 -0.1976662 0.6943004 -0.70372 -0.1507485 0.6898053 -0.7059536 -0.1606178 0.6718983 -0.7324718 -0.1097169 0.501359 -0.8572477 -0.1173273 0.5434245 -0.8134696 -0.2072609 0.5463096 -0.8118479 -0.2060315 0.5511183 -0.8095589 -0.2021955 0.5648806 -0.788931 -0.2418636 0.5042857 -0.8557962 -0.1153634 0.8175746 -0.5640814 -0.1156892 0.8025543 -0.5931172 -0.06417608 0.7914686 -0.607738 -0.0650537 0.772503 -0.6348839 -0.01270866 0.6243627 -0.7657496 -0.1542681 0.5798507 -0.812601 -0.05875903 0.5022464 -0.8568232 -0.1166302 0.5043153 -0.8557808 -0.1153492 0.4760449 -0.8775225 -0.05775338 0.4764049 -0.8773406 -0.05754888 0.5053343 -0.8620981 -0.03773593 0.5338407 -0.8400011 -0.09701704 0.5611754 -0.824267 -0.07527399 0.6516718 -0.7585009 3.84046e-4 0.5037884 -0.8637421 -0.01211667 0.4740558 -0.8799538 -0.0308603 0.4687573 -0.8826639 -0.03422093 0.5339937 -0.8452821 -0.0186724 0.5135765 -0.8574309 -0.03242421 0.4954129 -0.8674507 -0.04577475 0.4848105 -0.8742961 -0.02377122 0.4648283 -0.8846768 -0.03580069 0.4629577 -0.8856157 -0.03680992 0.4581294 -0.8886591 -0.02006381 0.4572128 -0.8891258 -0.02028763 0.4590028 -0.8882141 -0.01980388 0.4633584 -0.8859741 -0.01867777 0.4590014 -0.8882122 -0.01991772 0.4692804 -0.8828833 -0.01711356 0.8221754 0.5215441 -0.2280777 0.5330672 0.7837384 -0.3187374 0.5361147 0.7818364 -0.318297 0.5359708 0.7778034 -0.3282639 0.1662493 0.9114359 -0.3763587 0.16174 0.9355232 -0.3140646 0.160874 0.9169411 -0.3651554 0.1630252 0.9167196 -0.3647574 0.1657618 0.9161573 -0.3649368 0.165571 0.9114531 -0.376616 0.9787254 0.188986 -0.07988011 0.9785508 0.1851782 -0.09026265 0.9787048 0.1845151 -0.08995091 0.9786661 0.183535 -0.09234493 0.9786864 0.1834607 -0.09227788 0.9785864 0.1895877 -0.0801565 0.8213104 0.5369498 -0.1927024 0.8208449 0.5262023 -0.2220914 0.8221012 0.5244541 -0.2215797 0.8220051 0.5217306 -0.2282647 0.5363793 0.777627 -0.3280144 0.8201544 0.5384564 -0.1934207 0.8201791 0.5384243 -0.1934054 0.5337624 0.7996879 -0.274949 0.5310544 0.8012024 -0.2757822 0.1605642 0.9358679 -0.3136405 0.157391 0.936211 -0.3142245 0.1574825 0.9362012 -0.3142079 0.3329834 -0.8146708 -0.4747983 0.2277748 -0.5572689 -0.7984798 0.1257124 -0.1729119 -0.9768817 0.1257122 -0.1729114 -0.9768818 0.10405 -0.1867498 -0.9768819 0.1040504 -0.1867505 -0.9768816 0.08088403 -0.197889 -0.9768816 0.08088415 -0.1978894 -0.9768815 0.3540214 -0.4869404 -0.7984722 0.3540248 -0.4869458 -0.7984674 0.2930212 -0.5259169 -0.7984673 0.2930203 -0.5259149 -0.7984689 0.2277805 -0.5572819 -0.7984691 0.2277823 -0.5572878 -0.7984644 0.3087697 -0.8238706 -0.4752877 0.2495238 -0.5305554 -0.8100919 0.3526378 -0.8522348 -0.3864485 0.3924297 -0.8344095 -0.3869879 0.3986219 -0.7154494 -0.5737882 0.4681447 -0.7805593 -0.4142076 0.3540295 -0.4869514 -0.7984619 0.3540254 -0.4869461 -0.7984669 0.5353143 -0.736301 -0.4138835 0.5124605 -0.7156198 -0.4746288 0.1679687 -0.2800617 -0.945173 0.5252863 -0.7059941 -0.4750228 0.9228492 -0.31442 -0.2224621 0.92167 -0.3766066 -0.09323078 0.9595857 -0.2753804 -0.05797392 0.8245992 -0.534657 -0.184873 0.6919422 -0.6711577 -0.2660137 0.9668765 -0.2524847 -0.03743368 0.9697919 -0.2221351 -0.1007958 0.9934364 -0.09574943 -0.06257891 0.9913487 -0.07544708 -0.1074035 0.9957214 0.05528372 -0.07404452 0.8932958 -0.3814949 -0.2376642 0.8952643 -0.4016438 -0.1928318 0.8623796 -0.4543957 -0.223217 0.8601683 -0.4830998 -0.163478 0.6919482 -0.6707986 -0.2669025 0.6919167 -0.671178 -0.2660291 0.6837728 -0.677606 -0.2707492 0.6854205 -0.6571834 -0.3135422 0.6890499 -0.6542765 -0.311661 0.6891224 -0.6540216 -0.3120354 0.6878904 -0.6425308 -0.3375809 0.6983703 -0.6320189 -0.3359034 0.9756723 0.1234182 -0.1811946 0.155822 0.2100516 -0.9651932 0.1651838 0.2176916 -0.961938 0.5101606 0.5125459 -0.6906758 0.5075151 0.1818822 -0.8422275 0.5075032 0.1818775 -0.8422358 0.1548777 0.8708328 -0.466544 0.1513567 0.8697575 -0.4696947 0.1513251 0.869762 -0.4696966 0.1586421 0.5986824 -0.7851192 0.1494618 0.5929164 -0.7912719 0.5101551 0.5125536 -0.690674 0.5152497 0.7481178 -0.4181359 0.5204133 0.7485114 -0.4109751 0.8052959 0.1234884 -0.5798699 0.8052958 0.1234881 -0.5798702 0.5075158 0.1818816 -0.8422272 0.8121106 0.5054877 -0.2914766 0.8101025 0.5109061 -0.2875915 0.8070914 0.347992 -0.4769749 0.8070899 0.3479968 -0.476974 0.8052923 0.1234795 -0.5798768 0.9750353 0.04379224 -0.2176887 0.8128165 0.5075716 -0.2858328 0.9769134 0.1786869 -0.1170957 0.246103 -0.0708974 -0.9666472 0.8841136 -0.3208324 -0.3397203 0.7159187 -0.01363635 -0.6980504 0.7452554 -0.6162729 -0.2545629 0.7452694 -0.6162428 -0.2545946 0.7159194 -0.01363617 -0.6980497 0.5869647 -0.3087718 -0.74842 0.1795938 -0.2625243 -0.9480649 -0.0434755 -0.2687031 -0.9622414 0.5485702 -0.3066523 -0.77784 0.5799981 -0.5593224 -0.5922505 0.6831991 -0.5601907 -0.4684285 0.5891755 -0.4068033 -0.6981285 -0.1087921 -0.7383955 -0.6655347 -0.1087713 -0.7383973 -0.6655361 0.9211472 -0.2776133 -0.2727978 0.8143839 -0.3720726 -0.4453546 0.8974827 -0.3869085 -0.2117229 0.6947029 -0.6565266 -0.2938721 0.5841886 -0.7402136 -0.3328776 0.6963247 -0.5452618 -0.4667136 0.9759716 0 -0.2178978 0.9620524 -0.003855943 -0.2728374 0.811504 0.00278449 -0.5843402 0.8115039 0.00278449 -0.5843405 0.7008973 -0.005559265 -0.7132405 0.5161216 0.003401339 -0.8565086 0.5161083 0.003401339 -0.8565165 0.2560074 -0.00508821 -0.9666614 0.1692426 0 -0.9855745 0.5458241 -0.4427754 -0.7113552 0.2331568 -0.110849 -0.9661006 0.6358983 -0.3023231 -0.7100945 0.6358982 -0.3023231 -0.7100946 0.233176 -0.1108582 -0.9660949 0.8694385 -0.4133545 -0.2705822 0.8694422 -0.4133562 -0.2705675 0.6358985 -0.3023232 -0.7100942 0.8694409 -0.4133552 -0.2705734 0.8694401 -0.4133543 -0.2705771 0.7474402 -0.6063275 -0.2714776 0.7474403 -0.6063276 -0.2714773 0.6063275 -0.7474404 -0.2714774 0.1998251 -0.1620993 -0.9663301 0.1620993 -0.199825 -0.9663301 0.4427757 -0.5458238 -0.7113551 0.1108503 -0.2331596 -0.9660998 0.1620994 -0.1998254 -0.9663299 0.1108502 -0.2331594 -0.9660999 0.3023232 -0.6358984 -0.7100944 0.3020911 -0.6356799 -0.7103886 0.3023238 -0.6358998 -0.7100928 0.4133546 -0.8694396 -0.2705787 0.2331598 -0.1108496 -0.9660998 0.1998253 -0.1620995 -0.9663299 0.5458244 -0.4427762 -0.7113543 0.4427759 -0.5458247 -0.7113543 0.6063275 -0.7474402 -0.2714776 0.4133551 -0.8694398 -0.2705771 0.4133755 -0.8694463 -0.2705249 0.8882531 0.4590227 -0.01745277 0.8883636 0.4588089 -0.01745277 0.8883671 0.4588021 -0.01745277 0.8883637 0.4588087 -0.01745301 0.8887029 0.4581512 -0.01745122 0.8882531 0.4590227 -0.01745277 -0.2559043 0.0288335 -0.9662721 -0.255904 0.02883338 -0.9662721 -0.2430718 0.08505439 -0.9662721 -0.2430724 0.08505487 -0.9662719 -0.2180517 0.137011 -0.9662719 -0.2180519 0.1370111 -0.9662718 -0.182097 0.1820971 -0.9662718 -0.1820967 0.1820965 -0.966272 -0.1370108 0.2180513 -0.9662721 -0.1370108 0.2180514 -0.966272 -0.08505475 0.243072 -0.966272 -0.08505475 0.2430727 -0.9662719 -0.02883344 0.2559049 -0.9662718 -0.02883356 0.2559043 -0.966272 0.02883332 0.2559043 -0.9662721 0.02883362 0.2559049 -0.9662719 0.08505505 0.2430727 -0.9662719 0.08505451 0.243072 -0.966272 0.1370107 0.2180513 -0.9662721 0.1370108 0.2180513 -0.966272 0.1820966 0.1820967 -0.9662721 0.1820968 0.1820968 -0.9662719 0.2180516 0.1370109 -0.9662719 0.2180514 0.1370109 -0.966272 0.2430722 0.08505463 -0.966272 0.243072 0.08505463 -0.9662721 0.2559043 0.02883344 -0.966272 0.2559043 0.02883344 -0.966272 -0.6987327 0.07872867 -0.7110376 -0.6987323 0.07872837 -0.711038 -0.663695 0.2322369 -0.7110379 -0.6636946 0.2322365 -0.7110385 -0.5953768 0.3740996 -0.7110386 -0.5953773 0.3741004 -0.7110378 -0.4972047 0.4972052 -0.7110376 -0.4972047 0.4972051 -0.7110377 -0.3741009 0.5953773 -0.7110375 -0.3741009 0.5953782 -0.7110369 -0.2322368 0.6636965 -0.7110366 -0.2322372 0.663694 -0.7110388 -0.07872849 0.6987314 -0.711039 -0.07872796 0.6987327 -0.7110377 0.07872867 0.6987326 -0.7110376 0.07872778 0.6987314 -0.711039 0.232236 0.6636943 -0.711039 0.232238 0.6636962 -0.7110365 0.3741014 0.5953782 -0.7110365 0.3741006 0.5953777 -0.7110373 0.4972049 0.4972053 -0.7110375 0.497205 0.4972054 -0.7110373 0.5953779 0.3741002 -0.7110375 0.595377 0.3741002 -0.7110381 0.6636949 0.2322371 -0.7110379 0.6636953 0.232237 -0.7110376 0.6987326 0.07872825 -0.7110377 0.6987326 0.07872825 -0.7110377 -0.9564564 0.1077665 -0.2712518 -0.9564568 0.1077674 -0.2712498 -0.9084963 0.3178964 -0.2712497 -0.9084963 0.3178967 -0.2712493 -0.8149797 0.5120859 -0.2712491 -0.8149797 0.512085 -0.271251 -0.6805967 0.680596 -0.2712511 -0.6805965 0.6805973 -0.2712487 -0.5120854 0.8149802 -0.2712486 -0.5120859 0.8149791 -0.271251 -0.3178967 0.9084958 -0.2712512 -0.3178959 0.9084969 -0.2712484 -0.1077666 0.9564574 -0.2712482 -0.1077673 0.9564568 -0.2712501 0.1077665 0.9564569 -0.2712501 0.1077674 0.9564574 -0.2712482 0.3178971 0.9084965 -0.2712483 0.3178956 0.9084962 -0.2712512 0.5120852 0.8149795 -0.2712512 0.5120863 0.8149794 -0.2712491 0.6805968 0.6805965 -0.2712492 0.6805961 0.6805968 -0.2712509 0.8149795 0.5120853 -0.2712508 0.81498 0.5120852 -0.2712499 0.9084961 0.3178967 -0.27125 0.9084959 0.3178968 -0.2712503 0.9564568 0.1077668 -0.2712503 0.9564567 0.1077668 -0.2712504 0.4568631 -0.8292053 -0.3220166 0.4568568 -0.8292088 -0.3220164 0.6838126 -0.6155394 -0.3918054 0.5452716 -0.6963155 -0.4667158 0.1185117 -0.2306225 -0.9657993 0.3030409 -0.6353055 -0.7103191 0.3031678 -0.6355663 -0.7100315 0.3153366 -0.6332408 -0.7068018 0.4156002 -0.8684124 -0.2704374 0.4070592 -0.8508369 -0.3322337 0.2776103 -0.9211466 -0.2728028 0.03871512 -0.2823974 -0.958516 0.4784334 -0.3647385 -0.7987912 0.5580188 -0.4540286 -0.6946027 0.2547635 -0.5940549 -0.7630166 0.6569002 -0.5853949 -0.475179 0.6606477 0.6666584 -0.3451249 -0.05139452 0.9965835 -0.06465208 0.3153846 0.9230933 -0.2200713 0.1081041 0.9865074 -0.1229501 0.137675 0.9886646 -0.05989801 0.21538 0.9728278 -0.08495593 0.6730294 0.6674779 -0.3185982 0.6792643 0.6572121 -0.3266072 0.6948782 0.6390389 -0.3298084 0.7127293 0.6367207 -0.2942851 0.7193098 0.6250616 -0.303136 0.7315064 0.6085389 -0.3075367 0.2594143 0.9570457 -0.1294898 0.3011027 0.952412 -0.04741984 0.4234879 0.8991685 -0.1102456 0.464067 0.8851563 -0.03376388 0.4960998 0.8670533 -0.04586493 0.5640815 0.8175745 -0.1156892 0.5931172 0.8025543 -0.06417608 0.7871812 0.567268 -0.241977 0.7701544 0.5767328 -0.2724731 0.7678943 0.5791391 -0.2737448 0.756862 0.5998035 -0.2596068 0.7315137 0.6085311 -0.3075348 0.7087329 0.6983078 -0.1003191 0.6348839 0.772503 -0.01270866 0.6077381 0.7914686 -0.0650537 0.8118479 0.5463096 -0.2060315 0.8095589 0.5511183 -0.2021955 0.788931 0.5648806 -0.2418636 0.7087329 0.6983079 -0.100319 0.7585009 0.6516718 3.84019e-4 0.8242672 0.5611751 -0.07527333 0.6306906 0.6979862 -0.3391824 0.4085299 0.8783438 -0.2482243 0.4336264 0.8798726 -0.1944028 0.4973136 0.833392 -0.2411164 0.5317312 0.8290571 -0.1729921 0.589337 0.7765337 -0.2228842 0.6297037 0.7628098 -0.1469509 0.6774182 0.7085427 -0.1976662 0.70372 0.6943004 -0.1507485 0.7059536 0.6898053 -0.1606178 0.7324718 0.6718983 -0.1097169 0.7657496 0.6243629 -0.154268 0.812601 0.5798507 -0.05875903 0.8400012 0.5338407 -0.09701693 0.8620981 0.5053343 -0.03773593 0.8844372 0.4653083 -0.03548163 0.8775225 0.476045 -0.05775344 0.8773406 0.4764049 -0.05754888 0.8557949 0.5042873 -0.1153668 0.8568232 0.5022464 -0.1166303 0.8572476 0.5013589 -0.1173273 0.8134696 0.5434245 -0.2072609 0.8637421 0.5037884 -0.01211667 0.8799538 0.4740558 -0.0308603 0.8826639 0.4687573 -0.03422093 0.8452821 0.5339937 -0.0186724 0.8574309 0.5135765 -0.03242421 0.8674507 0.4954129 -0.04577475 0.8742961 0.4848105 -0.02377122 0.8846768 0.4648283 -0.03580069 0.8856157 0.4629577 -0.03680992 0.8886591 0.4581294 -0.02006381 0.8891258 0.4572128 -0.02028763 0.8882141 0.4590028 -0.01980388 0.8859741 0.4633584 -0.01867777 0.8882122 0.4590014 -0.01991772 0.8828833 0.4692804 -0.01711356 -0.9629019 0 -0.2698519 -0.9620592 -3.90726e-4 -0.2728407 -0.7043113 3.93508e-4 -0.7098912 -0.7042255 3.93508e-4 -0.7099762 -0.7009081 -1.96542e-4 -0.7132515 -0.2579714 1.9751e-4 -0.9661526 -0.2560107 1.97509e-4 -0.966674 -0.2575101 0 -0.9662757 0.8456423 0.3641484 -0.3902372 0.8896576 0.2659127 -0.3712139 0.9194763 0.1618739 -0.3582738 0.9345277 0.0543465 -0.3517163 0.9345277 -0.05434679 -0.3517163 0.9194763 -0.1618742 -0.3582739 0.8896571 -0.2659142 -0.371214 0.7131435 -0.5157996 -0.4747391 0.5833072 0.1492356 -0.7984244 0.1732458 0.1253045 -0.9768749 0.1988977 0.07845377 -0.976875 0.4878596 -0.3528573 -0.7984265 0.1732457 -0.1253046 -0.9768749 0.2071399 0.05299532 -0.9768749 0.2071386 0.05299514 -0.9768751 0.2121359 0.02670675 -0.9768752 0.4878627 -0.3528593 -0.7984237 0.4878636 -0.3528601 -0.7984228 0.5281178 -0.2891584 -0.7984228 0.1875399 0.1026831 -0.9768751 0.1732452 0.1253042 -0.9768751 0.4878634 0.3528602 -0.7984228 0.4878649 0.3528616 -0.7984213 0.8456426 -0.3641476 -0.3902371 0.8456423 -0.3641484 -0.3902372 0.7295401 -0.3994424 -0.5551731 0.7883604 -0.4543166 -0.4148305 0.7388234 -0.5311427 -0.4147619 0.3129817 -0.1803645 -0.9324758 0.7085649 -0.5218957 -0.4749324 0.8896576 -0.2659127 -0.371214 0.7636283 -0.3012076 -0.5710917 0.5600986 -0.2209268 -0.798424 0.5281165 -0.2891575 -0.798424 0.18754 -0.102683 -0.9768751 0.1732452 -0.1253041 -0.9768751 0.9194763 -0.1618739 -0.3582738 0.7877531 -0.2015414 -0.5820878 0.5833073 -0.1492353 -0.7984244 0.5600982 -0.2209265 -0.7984244 0.1988977 -0.07845371 -0.976875 0.1875405 -0.1026833 -0.976875 0.9345277 -0.0543465 -0.3517163 0.8021432 -0.1009855 -0.5885306 0.5973824 -0.07520723 -0.7984223 0.5833098 -0.1492363 -0.7984223 0.2071399 -0.05299544 -0.9768749 0.198898 -0.07845383 -0.9768749 0.9345277 0.05434679 -0.3517163 0.8069234 0 -0.5906561 0.6020939 0 -0.7984253 0.5973786 -0.07520627 -0.7984253 0.2121359 -0.02670657 -0.9768751 0.2071386 -0.05299502 -0.9768751 0.2121374 -0.02670693 -0.9768749 0.2138118 0 -0.9768748 0.6020939 0 -0.7984253 0.5973785 0.07520675 -0.7984253 0.8021432 0.1009855 -0.5885306 0.9194763 0.1618742 -0.3582739 0.2138119 0 -0.9768749 0.2121374 0.02670675 -0.9768748 0.5973824 0.07520681 -0.7984222 0.5833099 0.149236 -0.7984223 0.7877531 0.2015414 -0.5820878 0.8896571 0.2659142 -0.371214 0.198898 0.07845383 -0.9768749 0.5600987 0.2209268 -0.798424 0.5600982 0.2209266 -0.7984243 0.8567184 0.3379263 -0.3896656 0.7165535 0.3085597 -0.6255734 0.1875405 0.1026833 -0.9768751 0.5281178 0.2891582 -0.7984229 0.5281167 0.2891578 -0.7984238 0.7982777 0.4370781 -0.4143857 0.7020779 0.4045937 -0.5859953 0.4877249 0.3527415 -0.7985599 0.487865 0.3528611 -0.7984215 0.7373121 0.5332801 -0.4147087 0.7167108 0.5109856 -0.4745727 0.3592548 0.2070307 -0.9099858 0.7085654 0.5218961 -0.474931 0.37119 0.9227191 -0.1039602 0.3766081 0.9216692 -0.09323149 0.6778681 0.6837403 -0.2701742 0.534657 0.8245992 -0.184873 0.4830998 0.8601682 -0.1634779 0.6707333 0.6920257 -0.2668656 0.6776636 0.6839414 -0.2701781 0.6711364 0.6919677 -0.2660009 0.2673964 0.9622471 -0.05078977 0.2524847 0.9668765 -0.03743368 0.2221351 0.9697919 -0.1007958 0.6540215 0.6891224 -0.3120355 0.09574943 0.9934364 -0.06257891 0.4016438 0.8952643 -0.1928318 0.4543957 0.8623796 -0.223217 0.6542764 0.68905 -0.311661 0.6571834 0.6854205 -0.3135423 0.6320189 0.6983702 -0.3359034 0.6425308 0.6878904 -0.3375809 0.31442 0.9228492 -0.2224621 0.3814949 0.8932958 -0.2376643 -0.05528372 0.9957214 -0.07404452 0.07544708 0.9913487 -0.1074035 -0.6943073 0.1679474 -0.699808 0.1193399 0.5926606 -0.7965623 -0.0990982 0.2451555 -0.9644057 0.1341315 0.8725283 -0.4697905 0.08070731 0.9216002 -0.379657 0.08069747 0.9216008 -0.3796578 -0.3425309 0.8473758 -0.4057425 -0.3780099 0.8548506 -0.3554418 -0.6971234 0.6016192 -0.3899657 -0.750603 0.5790079 -0.3183473 -0.7505409 0.5790919 -0.3183412 -0.9153673 0.22142 -0.3362675 -0.9501942 0.161927 -0.2662906 0.1193379 0.5926388 -0.7965788 -0.07649606 0.2488004 -0.9655292 -0.2574708 0.06228023 -0.9642769 -0.2570118 0.06217545 -0.9644061 -0.2001876 0.172762 -0.9644057 -0.6942251 0.1679278 -0.6998941 -0.6942254 0.1679294 -0.6998934 -0.5407291 0.4666495 -0.6998931 -0.5407288 0.4666503 -0.6998928 -0.2676755 0.6621931 -0.6998929 -0.2676755 0.6621933 -0.6998928 -0.02184057 0.706274 -0.7076016 0.1341313 0.8725262 -0.4697943 0.3148874 0.9258367 -0.208979 0.1406526 0.9526813 -0.2694725 0.1504958 0.6861785 -0.7116952 0.1504958 0.6861705 -0.7117028 0.2523549 0.5958553 -0.7624129 0.2523456 0.5960815 -0.7622392 0.07089215 0.246109 -0.9666461 0.2503081 0.1841558 -0.9504907 0.3788787 0.4592846 -0.8034355 0.4012005 0.4544414 -0.795312 0.5841115 0.6611571 -0.4708344 0.5452203 0.6963612 -0.4667076 0.5838605 0.6641036 -0.4669833 0.5761172 0.6754426 -0.4602892 0.4270651 0.7472155 -0.5091998 0.1406527 0.9526802 -0.2694761 0.3148859 0.9258373 -0.2089791 0.501574 0.8292019 -0.2466734 0.5797289 0.6988987 -0.4188735 0.3540213 0.4869404 -0.7984723 0.1040505 0.1867505 -0.9768816 0.10405 0.1867498 -0.9768819 0.125712 0.1729114 -0.9768818 0.1257125 0.1729118 -0.9768818 0.5175349 0.7118462 -0.4747974 0.3540254 0.4869461 -0.7984669 0.2930201 0.525915 -0.798469 0.2930214 0.5259169 -0.7984673 0.3540249 0.4869458 -0.7984674 0.3540295 0.4869515 -0.7984619 0.5252195 0.706045 -0.4750211 0.1674144 0.2793207 -0.9454905 0.5320873 0.7384561 -0.4142049 0.4678635 0.7806005 -0.4144474 0.3987529 0.7156845 -0.5734037 0.3920329 0.8346192 -0.386938 0.3085286 0.8239591 -0.4752911 0.2504519 0.5332008 -0.8080661 0.3413408 0.8113483 -0.4745529 0.3489776 0.8538018 -0.3863123 0.2277823 0.5572878 -0.7984644 0.2277805 0.5572819 -0.7984691 0.227775 0.5572693 -0.7984794 0.08088403 0.197889 -0.9768816 0.08088415 0.1978894 -0.9768816 0.4427754 0.5458241 -0.7113552 0.1108508 0.2331606 -0.9660996 0.4133545 0.8694388 -0.2705813 0.3023211 0.6358941 -0.7100991 0.3023239 0.6358979 -0.7100945 0.3023248 0.6359018 -0.7100907 0.1108489 0.2331564 -0.9661007 0.4133548 0.8694401 -0.2705768 0.4133548 0.86944 -0.2705771 0.6063275 0.7474402 -0.2714776 0.6063276 0.7474403 -0.2714773 0.7474404 0.6063275 -0.2714774 0.5458238 0.4427757 -0.7113551 0.2331568 0.110849 -0.9661006 0.2331598 0.1108496 -0.9660999 0.1998254 0.1620995 -0.9663299 0.199825 0.1620993 -0.96633 0.1620993 0.1998251 -0.9663301 0.8694385 0.4133545 -0.2705822 0.233176 0.1108582 -0.9660949 0.6358982 0.3023231 -0.7100946 0.6358983 0.3023231 -0.7100945 0.6358985 0.3023232 -0.7100942 0.8694422 0.4133562 -0.2705675 0.1108505 0.2331593 -0.9660999 0.1620995 0.1998253 -0.9663299 0.4427762 0.5458244 -0.7113543 0.5458247 0.4427759 -0.7113543 0.7474402 0.6063275 -0.2714776 0.8694401 0.4133543 -0.2705771 0.8694409 0.4133552 -0.2705734 0.9211472 0.2776134 -0.2727978 0.8143839 0.3720726 -0.4453547 0.6947029 0.6565266 -0.2938721 0.6963247 0.5452618 -0.4667136 0.5841886 0.7402136 -0.3328776 0.5893831 0.6533902 -0.475088 0.6594049 0.516183 -0.5465714 0.5303444 0.3262197 -0.7825058 0.5665881 0.6145534 -0.5489099 -0.1087712 0.7383973 -0.6655362 -0.1087691 0.7383819 -0.6655535 0.246103 0.07089734 -0.9666472 0.4590095 0.2343384 -0.8569689 0.1795938 0.2625243 -0.9480649 0.5869647 0.3087718 -0.7484199 0.7159194 0.01363617 -0.6980497 0.8974827 0.3869085 -0.2117229 0.8935683 0.3569743 -0.2722226 0.8005173 0.4114902 -0.4357153 0.7452553 0.6162729 -0.2545629 0.7159187 0.01363635 -0.6980504 0.6837403 0.6778681 -0.2701742 0.6919423 0.6711577 -0.2660136 0.6849545 0.6766318 -0.2701978 0.6919482 0.6707986 -0.2669025 0.8623186 0.4577869 -0.2164202 0.8599111 0.4847817 -0.1598114 0.8251112 0.5321376 -0.1897923 0.6891224 0.6540215 -0.3120355 0.6877903 0.6417555 -0.3392558 0.6985382 0.6326066 -0.3344449 0.6854205 0.6571834 -0.3135423 0.6890501 0.6542764 -0.311661 0.8951355 0.3991578 -0.1985082 0.8926794 0.3775748 -0.2460909 0.923579 0.3173757 -0.2151149 0.92167 0.3766066 -0.09323078 0.9595857 0.2753804 -0.05797392 0.9668765 0.2524847 -0.03743368 0.9697957 0.2156631 -0.1139554 0.9935798 0.1006453 -0.05166929 0.9900844 0.0684691 -0.1226576 0.9969049 -0.04980874 -0.06082415 0.6198295 0.7184015 -0.31577 0.9140378 0.4034553 -0.04193717 0.4581493 0.8886994 -0.01768231 0.4559172 0.8898472 -0.01765143 0.4559901 0.8897774 -0.01921272 0.4563196 0.8896102 -0.01913672 0.4583677 0.8883205 -0.02803492 0.4704324 0.8811343 -0.04791188 0.4702842 0.8812115 -0.04794853 0.4608544 0.8870727 -0.02674371 0.5506881 0.831647 -0.07145452 0.5224241 0.8525915 -0.01268327 0.4935321 0.8690071 -0.03539335 0.4842888 0.8747868 -0.0145747 0.4656859 0.8845849 -0.02542018 0.4638912 0.8857168 -0.01762497 0.4624071 0.886485 -0.01799982 0.4623848 0.8865061 -0.01752507 0.4623063 0.8865469 -0.01753532 0.4972828 0.8614836 -0.1027415 0.4979713 0.8611305 -0.1023669 0.471342 0.8806818 -0.04728925 0.6977818 0.7155807 -0.03232485 0.6583622 0.7499578 -0.06420719 0.6275733 0.778557 -8.20026e-4 0.5271573 0.8330528 -0.1677151 0.4962208 0.8620012 -0.1035315 0.4961913 0.8620153 -0.103556 0.6977632 0.7155985 -0.0323323 0.7282864 0.6773085 -0.1041736 0.800315 0.5993659 -0.01601231 0.4557301 0.8899425 -0.01767492 0.4591504 0.8881851 -0.01755422 0.4591979 0.8881399 -0.01856946 0.4603523 0.8875462 -0.01837259 0.4621359 0.8864243 -0.02612364 0.4726876 0.8809828 -0.02087157 0.4814928 0.8755059 -0.04067277 0.4974757 0.8669403 -0.03053474 0.5233171 0.8479835 -0.08404171 0.5650894 0.8232694 -0.05386537 0.5952146 0.7951229 -0.1161862 0.6167557 0.7805603 -0.1016758 0.642536 0.7490891 -0.1612856 0.6949824 0.7084051 -0.1231327 0.7097579 0.6835176 -0.1704326 0.5900322 0.7542326 -0.2880887 0.5819703 0.7718404 -0.2560724 0.5762759 0.7742801 -0.2615273 0.5629262 0.797232 -0.2180255 0.5624855 0.7972227 -0.2191938 0.5506576 0.8035963 -0.2258521 0.5258429 0.8336571 -0.1688351 0.6143254 0.7394217 -0.2754269 0.6097702 0.7413076 -0.2804341 0.7367461 0.6458729 -0.2001338 0.7275656 0.6664113 -0.1629244 0.8403624 0.5395121 -0.05213111 0.8222468 0.5626904 -0.08538049 0.8559412 0.5036467 -0.1170663 0.8739428 0.4790747 -0.08192396 0.79031 0.5898989 -0.1656185 0.7976276 0.5618973 -0.2192296 0.6389722 0.7036517 -0.3107876 0.6475977 0.6848428 -0.3340774 0.6475971 0.6848433 -0.3340772 0.646559 0.6997151 -0.3039086 0.9931818 0.09689849 -0.06481164 0.9888023 0.06493705 -0.1343619 0.9971622 -0.048473 -0.05760067 0.9683907 0.2133764 -0.1291891 0.9719588 0.2096779 -0.1064475 0.8899691 0.4049092 -0.2097705 0.8871666 0.3828308 -0.2576352 0.9234803 0.3169632 -0.2161442 0.9245536 0.3604671 -0.1235476 0.965605 0.2565986 -0.04200267 0.8463885 0.4975609 -0.1898937 0.847885 0.4757094 -0.2340759 0.6740591 0.6618896 -0.3279428 0.672838 0.6516336 -0.3502326 0.6981543 0.6312693 -0.3377568 0.4557318 0.889946 -0.01745289 0.4608734 0.8872942 -0.01745271 0.4564603 0.8895725 -0.01745903 0.4581522 0.8887025 -0.01745074 0.4588088 0.8883636 -0.01745259 0.4588088 0.8883636 -0.01745277 0.462307 0.8865483 -0.017443 0.9988602 0.04443424 0.01743483 0.9947253 0.09217488 0.04500526 0.9638536 0.2633739 0.04025405 0.961413 0.2735455 0.02928948 0.9889868 0.147639 0.01038753 0.9889868 0.1476387 0.01038753 0.9266681 0.3758184 0.006843745 0.9266681 0.3758187 0.006843745 0.8942939 0.4453058 0.04406017 0.8756452 0.4827427 0.01432341 0.8756442 0.4827443 0.01432341 0.797818 0.6024839 0.0223537 0.8114655 0.5822464 0.0501281 0.7378194 0.674971 0.006056308 0.7378196 0.6749709 0.006056368 0.6519122 0.7564548 0.05278861 0.6735551 0.7388549 0.02042257 0.4566195 0.8896381 0.006528675 0.5259311 0.8494075 0.04362684 0.5585795 0.8293061 0.01550376 0.558578 0.829307 0.01550376 0.4566195 0.8896382 0.006528675 0.347886 0.9365683 0.04260653 0.3611031 0.9321152 0.02767407 0.118269 0.9929472 0.00826174 0.1835642 0.9819824 0.04488718 0.2348718 0.9719612 0.01125317 0.2348672 0.9719623 0.01125317 0.1182669 0.9929475 0.00826174 0 0.9994333 0.03366261 0 0.9994333 0.03366261 -0.1182669 0.9929475 0.00826174 -0.118269 0.9929472 0.00826174 -0.1835642 0.9819824 0.04488718 -0.347886 0.9365682 0.04260653 -0.3611032 0.9321152 0.02767407 -0.2348672 0.9719623 0.01125317 -0.2348718 0.9719612 0.01125317 -0.4566195 0.8896382 0.006528675 -0.4566195 0.8896381 0.006528675 -0.5259311 0.8494075 0.04362684 -0.5585795 0.8293061 0.01550376 -0.558578 0.829307 0.01550376 -0.6735551 0.7388549 0.02042257 -0.6519122 0.7564548 0.05278861 -0.7378196 0.6749709 0.006056368 -0.7378194 0.674971 0.006056308 -0.8114655 0.5822464 0.0501281 -0.797818 0.6024839 0.0223537 -0.9266681 0.3758187 0.006843745 -0.8942939 0.4453058 0.04406017 -0.8756451 0.4827427 0.01432341 -0.8756442 0.4827443 0.01432341 -0.9266681 0.3758184 0.006843745 -0.9638536 0.2633739 0.04025405 -0.961413 0.2735455 0.02928948 -0.9889868 0.147639 0.01038753 -0.9889868 0.1476387 0.01038753 -0.9947253 0.09217488 0.04500526 -0.9954119 -0.08873951 0.03578203 -0.9952151 -0.09222024 0.03228408 -0.9995213 0.02963352 0.008891344 -0.9995214 0.02963161 0.008891344 -0.9785274 -0.2059729 0.00770992 -0.9785275 -0.2059719 0.00770992 -0.9608647 -0.2733895 0.04469001 -0.9018819 -0.4296286 0.0450372 -0.8948611 -0.4455882 0.02597904 -0.947255 -0.3202486 0.01219797 -0.947256 -0.3202459 0.01219797 -0.845579 -0.5338132 0.006292819 -0.8455796 -0.5338124 0.006292819 -0.7972753 -0.6020742 0.04311555 -0.7764146 -0.6299995 0.01676261 -0.7764217 -0.6299908 0.01676261 -0.6735814 -0.7388837 0.01841253 -0.6954764 -0.7164002 0.05552691 -0.6067883 -0.7948398 0.006135225 -0.6067892 -0.7948391 0.006135225 -0.5079557 -0.8600701 0.04754418 -0.5262781 -0.8499679 0.02420556 -0.2920486 -0.9563761 0.007237732 -0.360885 -0.9315521 0.04441463 -0.4030883 -0.9150655 0.0132212 -0.4030916 -0.9150642 0.0132212 -0.2920498 -0.9563757 0.007237732 -0.1767627 -0.9835205 0.03797978 -0.1836621 -0.982506 0.03082638 -0.05923664 -0.9981979 0.009600102 0 -0.9999544 0.009549021 -0.0590496 -0.9950312 0.08016228 0.1767627 -0.9835205 0.03797984 0.1836621 -0.982506 0.03082638 0.05923664 -0.9981979 0.009600102 0.05923753 -0.9981978 0.009600102 0.2920498 -0.9563757 0.007237732 0.2920486 -0.9563761 0.007237732 0.360885 -0.9315521 0.04441463 0.4030883 -0.9150655 0.0132212 0.4030916 -0.9150642 0.0132212 0.5262781 -0.8499679 0.02420556 0.5079557 -0.8600701 0.04754418 0.6067892 -0.7948391 0.006135225 0.6067883 -0.7948398 0.006135225 0.6954764 -0.7164002 0.05552691 0.6735814 -0.7388837 0.01841253 0.8455796 -0.5338124 0.006292819 0.7972753 -0.6020741 0.04311555 0.7764146 -0.6299995 0.01676261 0.7764217 -0.6299908 0.01676261 0.845579 -0.5338132 0.006292819 0.9018819 -0.4296286 0.04503726 0.8948611 -0.4455882 0.02597898 0.947255 -0.3202486 0.01219797 0.947256 -0.3202459 0.01219797 0.9608647 -0.2733895 0.04469001 0.9785275 -0.2059719 0.00770992 0.9785274 -0.2059729 0.00770992 0.9951254 -0.0922119 0.03496265 0.9955517 -0.08875197 0.03162139 0.999738 -0.01481366 0.01745015 0 0 1 0 0 1 0 0 1 0 0 1 0 0 1 0 0 1 0 0 1 0 0 1 0 0 1 0 0 1 0 0 1 0 0 1 0 0 1 0 0 1 0 0 1 0 0 1 0 0 1 0 0 1 0 0 1 0 0 1 0 0 1 0 0 1 0 0 1 0 0 1 0 0 1 0 0 1 0 0 1 0 0 1 0 0 1 0 0 1 0 0 1 0 0 1 0 0 1 0 0 1</float_array>
          <technique_common>
            <accessor source="#Base-mesh-normals-array" count="11984" stride="3">
              <param name="X" type="float"/>
              <param name="Y" type="float"/>
              <param name="Z" type="float"/>
            </accessor>
          </technique_common>
        </source>
        <vertices id="Base-mesh-vertices">
          <input semantic="POSITION" source="#Base-mesh-positions"/>
        </vertices>
        <triangles material="材质-material" count="11984">
          <input semantic="VERTEX" source="#Base-mesh-vertices" offset="0"/>
          <input semantic="NORMAL" source="#Base-mesh-normals" offset="1"/>
          <p>0 0 1 0 2 0 3 1 4 1 5 1 6 2 7 2 8 2 9 3 10 3 11 3 12 4 9 4 13 4 13 5 9 5 11 5 13 6 11 6 14 6 14 7 11 7 15 7 14 8 15 8 16 8 17 9 18 9 19 9 19 10 18 10 20 10 19 11 20 11 21 11 21 12 20 12 12 12 21 13 12 13 22 13 22 14 12 14 13 14 8 15 7 15 23 15 23 16 7 16 24 16 23 17 24 17 25 17 26 18 27 18 28 18 28 19 27 19 29 19 28 20 29 20 30 20 30 21 29 21 31 21 17 22 32 22 18 22 18 23 32 23 33 23 18 24 33 24 34 24 8 25 18 25 6 25 6 26 18 26 34 26 6 27 34 27 35 27 35 28 34 28 36 28 35 29 36 29 37 29 37 30 36 30 38 30 37 31 38 31 39 31 39 32 38 32 40 32 39 33 40 33 41 33 41 34 40 34 42 34 41 35 42 35 31 35 31 36 42 36 43 36 31 37 43 37 30 37 25 38 26 38 23 38 23 39 26 39 28 39 23 40 28 40 44 40 44 41 28 41 45 41 44 42 45 42 46 42 46 43 45 43 47 43 46 44 47 44 48 44 49 45 50 45 51 45 51 46 50 46 52 46 51 47 52 47 53 47 53 48 52 48 48 48 53 49 48 49 54 49 54 50 48 50 47 50 55 51 56 51 57 51 57 52 56 52 58 52 49 53 59 53 50 53 50 54 59 54 60 54 50 55 60 55 58 55 61 56 62 56 63 56 63 57 62 57 64 57 63 58 64 58 65 58 65 59 64 59 56 59 65 60 56 60 66 60 66 61 56 61 55 61 67 62 62 62 68 62 69 63 70 63 71 63 72 64 73 64 70 64 70 65 73 65 74 65 70 66 74 66 71 66 68 67 75 67 67 67 67 68 75 68 76 68 67 69 76 69 77 69 77 70 76 70 78 70 77 71 78 71 79 71 79 72 78 72 80 72 79 73 80 73 72 73 72 74 80 74 81 74 72 75 81 75 73 75 71 76 82 76 69 76 69 77 82 77 83 77 69 78 83 78 84 78 84 79 83 79 85 79 86 80 87 80 85 80 85 81 87 81 88 81 85 82 88 82 84 82 89 83 90 83 91 83 91 84 90 84 92 84 91 85 92 85 93 85 92 86 94 86 93 86 93 87 94 87 95 87 93 88 95 88 96 88 96 89 95 89 97 89 96 90 97 90 98 90 98 91 97 91 88 91 98 92 88 92 99 92 99 93 88 93 87 93 86 94 85 94 100 94 100 95 85 95 101 95 100 96 101 96 102 96 102 97 101 97 103 97 102 98 103 98 104 98 104 99 103 99 105 99 104 100 105 100 106 100 106 101 105 101 107 101 106 102 107 102 89 102 89 103 107 103 108 103 89 104 108 104 90 104 94 105 109 105 95 105 95 106 109 106 110 106 95 107 110 107 111 107 112 108 113 108 114 108 115 109 3 109 116 109 116 110 3 110 5 110 116 111 5 111 117 111 117 112 5 112 112 112 117 113 112 113 118 113 118 114 112 114 114 114 110 115 119 115 111 115 111 116 119 116 120 116 111 117 120 117 121 117 121 118 120 118 122 118 121 119 122 119 123 119 123 120 122 120 124 120 123 121 124 121 125 121 125 122 124 122 126 122 125 123 126 123 127 123 127 124 126 124 128 124 127 125 128 125 129 125 129 126 128 126 130 126 129 127 130 127 113 127 113 128 130 128 131 128 113 129 131 129 114 129 132 130 133 130 134 130 135 131 136 131 137 131 137 132 136 132 138 132 137 133 138 133 139 133 139 134 138 134 112 134 139 135 112 135 140 135 134 136 133 136 141 136 141 137 133 137 142 137 141 138 142 138 143 138 140 139 112 139 144 139 144 140 112 140 5 140 144 141 5 141 145 141 143 142 142 142 5 142 5 143 142 143 146 143 5 144 146 144 145 144 135 145 147 145 136 145 136 146 147 146 148 146 136 147 148 147 149 147 132 148 134 148 150 148 150 149 134 149 151 149 150 150 151 150 152 150 148 151 152 151 149 151 149 152 152 152 151 152 149 153 151 153 153 153 153 154 151 154 154 154 153 155 154 155 155 155 154 156 156 156 155 156 155 157 156 157 157 157 155 158 157 158 158 158 159 159 160 159 161 159 162 160 159 160 163 160 163 161 159 161 161 161 163 162 161 162 164 162 164 163 161 163 165 163 164 164 165 164 166 164 167 165 168 165 169 165 169 166 168 166 162 166 169 167 162 167 170 167 170 168 162 168 163 168 157 169 171 169 158 169 158 170 171 170 172 170 158 171 172 171 173 171 173 172 172 172 174 172 173 173 174 173 175 173 166 174 165 174 175 174 175 175 165 175 176 175 175 176 176 176 173 176 177 177 178 177 179 177 179 178 178 178 180 178 179 179 180 179 181 179 181 180 180 180 161 180 181 181 161 181 182 181 182 182 161 182 160 182 177 183 183 183 178 183 178 184 183 184 184 184 178 185 184 185 185 185 185 186 184 186 186 186 185 187 186 187 187 187 187 188 186 188 188 188 187 189 188 189 189 189 187 190 190 190 185 190 185 191 190 191 191 191 185 192 191 192 192 192 192 193 191 193 193 193 194 194 195 194 196 194 196 195 195 195 197 195 196 196 197 196 198 196 198 197 197 197 199 197 193 198 200 198 192 198 192 199 200 199 201 199 192 200 201 200 202 200 202 201 201 201 203 201 202 202 203 202 199 202 199 203 203 203 204 203 199 204 204 204 198 204 205 205 206 205 194 205 194 206 206 206 207 206 194 207 207 207 195 207 195 208 207 208 208 208 195 209 208 209 209 209 210 210 211 210 212 210 212 211 211 211 213 211 212 212 213 212 214 212 214 213 213 213 209 213 214 214 209 214 215 214 215 215 209 215 208 215 210 216 216 216 211 216 211 217 216 217 217 217 211 218 217 218 218 218 217 219 219 219 218 219 218 220 219 220 220 220 218 221 220 221 221 221 221 222 220 222 222 222 221 223 222 223 223 223 223 224 222 224 224 224 223 225 224 225 205 225 205 226 224 226 225 226 205 227 225 227 206 227 226 228 211 228 227 228 218 229 228 229 229 229 229 230 230 230 218 230 218 231 230 231 231 231 218 232 231 232 211 232 211 233 231 233 232 233 211 234 232 234 227 234 233 235 234 235 235 235 235 236 234 236 236 236 235 237 236 237 237 237 227 238 238 238 226 238 226 239 238 239 239 239 226 240 239 240 240 240 241 241 242 241 243 241 243 242 242 242 234 242 243 243 234 243 244 243 244 244 234 244 233 244 239 245 245 245 240 245 240 246 245 246 246 246 240 247 246 247 241 247 241 248 246 248 247 248 241 249 247 249 242 249 0 250 2 250 248 250 249 251 250 251 251 251 252 252 253 252 254 252 254 253 253 253 255 253 254 254 255 254 256 254 256 255 255 255 257 255 258 256 259 256 257 256 258 257 260 257 261 257 261 258 260 258 262 258 261 259 262 259 263 259 264 260 265 260 266 260 266 261 265 261 267 261 268 262 269 262 265 262 265 263 269 263 270 263 265 264 270 264 267 264 271 265 272 265 273 265 274 266 275 266 265 266 265 267 275 267 276 267 265 268 276 268 268 268 268 269 276 269 277 269 268 270 277 270 278 270 278 271 277 271 279 271 278 272 279 272 280 272 280 273 279 273 281 273 280 274 281 274 282 274 282 275 281 275 283 275 282 276 283 276 284 276 284 277 283 277 285 277 284 278 285 278 286 278 271 279 273 279 286 279 273 280 287 280 288 280 286 281 273 281 284 281 284 282 273 282 288 282 284 283 288 283 289 283 61 284 290 284 62 284 62 285 290 285 291 285 62 286 291 286 68 286 68 287 291 287 292 287 68 288 292 288 293 288 293 289 292 289 294 289 293 290 294 290 295 290 295 291 294 291 296 291 295 292 296 292 266 292 266 293 296 293 297 293 266 294 297 294 264 294 264 295 297 295 298 295 264 296 298 296 299 296 60 297 300 297 58 297 58 298 300 298 301 298 58 299 301 299 57 299 57 300 301 300 302 300 57 301 302 301 303 301 303 302 302 302 304 302 303 303 304 303 305 303 305 304 304 304 306 304 305 305 306 305 307 305 307 306 306 306 308 306 307 307 308 307 309 307 309 308 308 308 310 308 309 309 310 309 311 309 311 310 310 310 312 310 299 311 313 311 264 311 264 312 313 312 314 312 264 313 314 313 310 313 310 314 314 314 315 314 310 315 315 315 312 315 189 316 188 316 316 316 316 317 188 317 317 317 316 318 317 318 318 318 318 319 317 319 319 319 318 320 319 320 320 320 320 321 319 321 321 321 320 322 321 322 322 322 323 323 324 323 325 323 325 324 324 324 326 324 325 325 326 325 167 325 167 326 326 326 327 326 167 327 327 327 168 327 322 328 328 328 320 328 320 329 328 329 329 329 320 330 329 330 325 330 325 331 329 331 330 331 325 332 330 332 323 332 272 333 331 333 273 333 273 334 331 334 310 334 273 335 310 335 287 335 287 336 310 336 308 336 331 337 332 337 310 337 310 338 332 338 333 338 310 339 333 339 264 339 264 340 333 340 334 340 264 341 334 341 265 341 265 342 334 342 335 342 265 343 335 343 274 343 336 344 337 344 251 344 258 345 257 345 260 345 260 346 257 346 255 346 260 347 255 347 338 347 254 348 249 348 252 348 252 349 249 349 251 349 252 350 251 350 339 350 339 351 251 351 337 351 2 352 340 352 341 352 340 353 2 353 342 353 342 354 2 354 262 354 342 355 262 355 343 355 341 356 336 356 2 356 2 357 336 357 251 357 2 358 251 358 248 358 248 359 251 359 250 359 248 360 250 360 344 360 338 361 345 361 260 361 260 362 345 362 346 362 260 363 346 363 262 363 262 364 346 364 347 364 262 365 347 365 343 365 1 366 318 366 2 366 2 367 318 367 320 367 2 368 320 368 262 368 262 369 320 369 325 369 262 370 325 370 263 370 263 371 325 371 167 371 348 372 349 372 350 372 350 373 349 373 351 373 350 374 351 374 352 374 352 375 351 375 353 375 354 376 355 376 356 376 348 377 357 377 349 377 349 378 357 378 358 378 349 379 358 379 359 379 359 380 358 380 360 380 359 381 360 381 361 381 361 382 360 382 362 382 361 383 362 383 363 383 363 384 362 384 364 384 363 385 364 385 365 385 365 386 364 386 355 386 365 387 355 387 366 387 366 388 355 388 354 388 14 389 16 389 367 389 367 390 16 390 368 390 367 391 368 391 369 391 369 392 368 392 354 392 369 393 354 393 370 393 370 394 354 394 371 394 371 395 354 395 356 395 352 396 353 396 372 396 372 397 353 397 373 397 373 398 353 398 374 398 374 399 353 399 375 399 374 400 375 400 376 400 376 401 375 401 377 401 377 402 375 402 378 402 377 403 378 403 379 403 379 404 378 404 380 404 380 405 378 405 381 405 380 406 381 406 382 406 382 407 381 407 383 407 383 408 381 408 384 408 383 409 384 409 385 409 385 410 384 410 386 410 386 411 384 411 387 411 386 412 387 412 388 412 389 413 390 413 391 413 389 414 391 414 392 414 391 415 393 415 392 415 392 416 393 416 394 416 392 417 394 417 387 417 387 418 394 418 395 418 387 419 395 419 388 419 390 420 389 420 396 420 396 421 389 421 397 421 396 422 397 422 398 422 398 423 397 423 399 423 399 424 397 424 400 424 399 425 400 425 401 425 402 426 403 426 400 426 400 427 403 427 404 427 400 428 404 428 401 428 405 429 406 429 402 429 402 430 406 430 407 430 402 431 407 431 403 431 408 432 409 432 405 432 405 433 409 433 410 433 405 434 410 434 406 434 411 435 412 435 413 435 413 436 412 436 414 436 413 437 414 437 408 437 408 438 414 438 415 438 408 439 415 439 409 439 411 440 413 440 416 440 416 441 413 441 417 441 416 442 417 442 418 442 418 443 417 443 419 443 418 444 419 444 420 444 421 445 422 445 419 445 419 446 422 446 423 446 419 447 423 447 420 447 424 448 237 448 236 448 424 449 236 449 425 449 425 450 236 450 426 450 425 451 426 451 427 451 427 452 426 452 428 452 427 453 428 453 429 453 428 454 430 454 429 454 429 455 430 455 431 455 429 456 431 456 432 456 432 457 431 457 433 457 432 458 433 458 434 458 433 459 435 459 434 459 434 460 435 460 436 460 434 461 436 461 437 461 436 462 438 462 437 462 437 463 438 463 439 463 437 464 439 464 440 464 422 465 421 465 441 465 441 466 421 466 442 466 441 467 442 467 443 467 443 468 442 468 444 468 443 469 444 469 445 469 445 470 444 470 440 470 445 471 440 471 446 471 446 472 440 472 439 472 447 473 448 473 449 473 449 474 448 474 450 474 449 475 450 475 451 475 451 476 450 476 452 476 451 477 452 477 453 477 453 478 452 478 454 478 453 479 454 479 455 479 455 480 454 480 456 480 455 481 456 481 457 481 457 482 456 482 458 482 457 483 458 483 459 483 459 484 458 484 460 484 459 485 460 485 461 485 461 486 460 486 462 486 461 487 462 487 463 487 463 488 462 488 464 488 463 489 464 489 465 489 465 490 464 490 466 490 465 491 466 491 467 491 467 492 466 492 468 492 467 493 468 493 469 493 469 494 468 494 470 494 469 495 470 495 447 495 447 496 470 496 448 496 471 497 472 497 473 497 473 498 472 498 474 498 473 499 474 499 475 499 475 500 474 500 476 500 475 501 476 501 477 501 477 502 476 502 478 502 477 503 478 503 479 503 479 504 478 504 480 504 479 505 480 505 481 505 481 506 480 506 482 506 481 507 482 507 483 507 483 508 482 508 484 508 483 509 484 509 485 509 485 510 484 510 486 510 485 511 486 511 487 511 487 512 486 512 488 512 487 513 488 513 489 513 489 514 488 514 490 514 489 515 490 515 491 515 491 516 490 516 492 516 491 517 492 517 493 517 493 518 492 518 494 518 493 519 494 519 471 519 471 520 494 520 472 520 495 521 496 521 497 521 497 522 496 522 498 522 497 523 498 523 499 523 499 524 498 524 500 524 499 525 500 525 501 525 501 526 500 526 502 526 501 527 502 527 503 527 503 528 502 528 504 528 503 529 504 529 505 529 505 530 504 530 506 530 505 531 506 531 507 531 507 532 506 532 508 532 507 533 508 533 509 533 509 534 508 534 510 534 509 535 510 535 511 535 511 536 510 536 512 536 511 537 512 537 513 537 513 538 512 538 514 538 513 539 514 539 515 539 515 540 514 540 516 540 515 541 516 541 517 541 517 542 516 542 518 542 517 543 518 543 495 543 495 544 518 544 496 544 519 545 520 545 521 545 522 546 523 546 521 546 524 547 525 547 526 547 526 548 525 548 522 548 526 549 522 549 527 549 527 550 522 550 521 550 528 551 519 551 529 551 529 552 519 552 521 552 529 553 521 553 530 553 530 554 521 554 523 554 530 555 523 555 531 555 532 556 533 556 534 556 532 557 534 557 529 557 529 558 534 558 535 558 529 559 535 559 528 559 523 560 522 560 536 560 537 561 538 561 539 561 531 562 523 562 540 562 540 563 523 563 536 563 540 564 536 564 541 564 541 565 536 565 542 565 541 566 542 566 543 566 543 567 542 567 544 567 543 568 544 568 545 568 545 569 544 569 546 569 545 570 546 570 539 570 539 571 546 571 547 571 539 572 547 572 537 572 537 573 547 573 548 573 549 574 548 574 550 574 550 575 548 575 547 575 550 576 547 576 551 576 551 577 547 577 546 577 551 578 546 578 552 578 552 579 546 579 544 579 552 580 544 580 553 580 553 581 544 581 542 581 553 582 542 582 554 582 554 583 542 583 536 583 554 584 536 584 525 584 525 585 536 585 522 585 555 586 538 586 537 586 556 587 557 587 558 587 558 588 557 588 559 588 558 589 559 589 560 589 561 590 562 590 559 590 559 591 562 591 563 591 559 592 563 592 560 592 559 593 555 593 561 593 561 594 555 594 537 594 561 595 537 595 564 595 564 596 537 596 548 596 564 597 548 597 565 597 549 598 566 598 548 598 548 599 566 599 567 599 548 600 567 600 565 600 568 601 569 601 570 601 571 602 572 602 570 602 573 603 574 603 575 603 575 604 574 604 571 604 575 605 571 605 576 605 576 606 571 606 570 606 577 607 568 607 578 607 578 608 568 608 570 608 578 609 570 609 579 609 579 610 570 610 572 610 579 611 572 611 580 611 581 612 582 612 583 612 581 613 583 613 578 613 578 614 583 614 584 614 578 615 584 615 577 615 572 616 571 616 585 616 586 617 587 617 588 617 580 618 572 618 589 618 589 619 572 619 585 619 589 620 585 620 590 620 590 621 585 621 591 621 590 622 591 622 592 622 592 623 591 623 593 623 592 624 593 624 594 624 594 625 593 625 595 625 594 626 595 626 588 626 588 627 595 627 596 627 588 628 596 628 586 628 586 629 596 629 597 629 598 630 597 630 599 630 599 631 597 631 596 631 599 632 596 632 600 632 600 633 596 633 595 633 600 634 595 634 601 634 601 635 595 635 593 635 601 636 593 636 602 636 602 637 593 637 591 637 602 638 591 638 603 638 603 639 591 639 585 639 603 640 585 640 574 640 574 641 585 641 571 641 604 642 587 642 586 642 605 643 606 643 607 643 607 644 606 644 608 644 607 645 608 645 609 645 610 646 611 646 608 646 608 647 611 647 612 647 608 648 612 648 609 648 608 649 604 649 610 649 610 650 604 650 586 650 610 651 586 651 613 651 613 652 586 652 597 652 613 653 597 653 614 653 598 654 615 654 597 654 597 655 615 655 616 655 597 656 616 656 614 656 617 657 618 657 619 657 620 658 621 658 619 658 622 659 623 659 624 659 624 660 623 660 620 660 624 661 620 661 625 661 625 662 620 662 619 662 626 663 617 663 627 663 627 664 617 664 619 664 627 665 619 665 628 665 628 666 619 666 621 666 628 667 621 667 629 667 630 668 631 668 632 668 630 669 632 669 627 669 627 670 632 670 633 670 627 671 633 671 626 671 621 672 620 672 634 672 635 673 636 673 637 673 629 674 621 674 638 674 638 675 621 675 634 675 638 676 634 676 639 676 639 677 634 677 640 677 639 678 640 678 641 678 641 679 640 679 642 679 641 680 642 680 643 680 643 681 642 681 644 681 643 682 644 682 637 682 637 683 644 683 645 683 637 684 645 684 635 684 635 685 645 685 646 685 647 686 646 686 648 686 648 687 646 687 645 687 648 688 645 688 649 688 649 689 645 689 644 689 649 690 644 690 650 690 650 691 644 691 642 691 650 692 642 692 651 692 651 693 642 693 640 693 651 694 640 694 652 694 652 695 640 695 634 695 652 696 634 696 623 696 623 697 634 697 620 697 653 698 636 698 635 698 654 699 655 699 656 699 656 700 655 700 657 700 656 701 657 701 658 701 659 702 660 702 657 702 657 703 660 703 661 703 657 704 661 704 658 704 657 705 653 705 659 705 659 706 653 706 635 706 659 707 635 707 662 707 662 708 635 708 646 708 662 709 646 709 663 709 647 710 664 710 646 710 646 711 664 711 665 711 646 712 665 712 663 712 666 713 667 713 668 713 668 714 667 714 669 714 668 715 669 715 670 715 670 716 669 716 671 716 670 717 671 717 672 717 672 718 671 718 673 718 672 719 673 719 674 719 674 720 673 720 675 720 674 721 675 721 676 721 676 722 675 722 677 722 676 723 677 723 678 723 678 724 677 724 679 724 678 725 679 725 680 725 680 726 679 726 681 726 680 727 681 727 682 727 682 728 681 728 683 728 682 729 683 729 684 729 684 730 683 730 685 730 684 731 685 731 686 731 686 732 685 732 687 732 686 733 687 733 688 733 688 734 687 734 689 734 688 735 689 735 666 735 666 736 689 736 667 736 690 737 691 737 692 737 693 738 694 738 692 738 695 739 696 739 697 739 697 740 696 740 693 740 697 741 693 741 698 741 698 742 693 742 692 742 699 743 690 743 700 743 700 744 690 744 692 744 700 745 692 745 701 745 701 746 692 746 694 746 701 747 694 747 702 747 703 748 704 748 705 748 703 749 705 749 700 749 700 750 705 750 706 750 700 751 706 751 699 751 694 752 693 752 707 752 708 753 709 753 710 753 702 754 694 754 711 754 711 755 694 755 707 755 711 756 707 756 712 756 712 757 707 757 713 757 712 758 713 758 714 758 714 759 713 759 715 759 714 760 715 760 716 760 716 761 715 761 717 761 716 762 717 762 710 762 710 763 717 763 718 763 710 764 718 764 708 764 708 765 718 765 719 765 720 766 719 766 721 766 721 767 719 767 718 767 721 768 718 768 722 768 722 769 718 769 717 769 722 770 717 770 723 770 723 771 717 771 715 771 723 772 715 772 724 772 724 773 715 773 713 773 724 774 713 774 725 774 725 775 713 775 707 775 725 776 707 776 696 776 696 777 707 777 693 777 726 778 709 778 708 778 727 779 728 779 729 779 729 780 728 780 730 780 729 781 730 781 731 781 732 782 733 782 730 782 730 783 733 783 734 783 730 784 734 784 731 784 730 785 726 785 732 785 732 786 726 786 708 786 732 787 708 787 735 787 735 788 708 788 719 788 735 789 719 789 736 789 720 790 737 790 719 790 719 791 737 791 738 791 719 792 738 792 736 792 739 793 740 793 741 793 742 794 743 794 744 794 745 795 746 795 747 795 748 796 749 796 750 796 751 797 752 797 753 797 754 798 755 798 756 798 757 799 758 799 759 799 760 800 761 800 762 800 763 801 764 801 765 801 766 802 767 802 768 802 769 803 770 803 771 803 772 804 773 804 752 804 774 805 775 805 776 805 777 806 778 806 779 806 780 807 781 807 782 807 783 808 784 808 785 808 786 809 787 809 758 809 788 810 789 810 790 810 791 811 792 811 793 811 794 812 795 812 796 812 797 813 798 813 799 813 800 814 801 814 802 814 803 815 804 815 805 815 806 816 807 816 808 816 809 817 810 817 811 817 812 818 813 818 814 818 815 819 816 819 817 819 818 820 819 820 820 820 821 821 822 821 823 821 824 822 825 822 826 822 827 823 828 823 829 823 830 824 831 824 832 824 833 825 834 825 835 825 836 826 837 826 838 826 838 827 837 827 839 827 840 828 841 828 842 828 843 829 844 829 845 829 846 830 847 830 848 830 849 831 850 831 851 831 852 832 853 832 854 832 855 833 856 833 857 833 858 834 859 834 860 834 861 835 862 835 863 835 863 836 862 836 864 836 863 837 864 837 865 837 865 838 866 838 863 838 863 839 866 839 867 839 863 840 867 840 868 840 858 841 860 841 869 841 870 842 871 842 872 842 872 843 871 843 873 843 874 844 875 844 876 844 876 845 875 845 877 845 876 846 877 846 878 846 879 847 880 847 881 847 851 848 850 848 881 848 881 849 850 849 882 849 881 850 882 850 879 850 880 851 883 851 796 851 796 852 883 852 884 852 796 853 884 853 885 853 886 854 887 854 854 854 854 855 887 855 888 855 854 856 888 856 852 856 889 857 890 857 891 857 891 858 890 858 892 858 891 859 892 859 851 859 851 860 892 860 893 860 851 861 893 861 849 861 894 862 895 862 896 862 896 863 895 863 897 863 896 864 897 864 898 864 898 865 897 865 899 865 899 866 897 866 900 866 900 867 897 867 901 867 900 868 901 868 902 868 902 869 901 869 903 869 902 870 903 870 904 870 905 871 906 871 907 871 907 872 906 872 908 872 907 873 908 873 909 873 909 874 910 874 907 874 907 875 910 875 911 875 907 876 911 876 903 876 903 877 911 877 912 877 903 878 912 878 904 878 913 879 914 879 915 879 915 880 916 880 913 880 913 881 916 881 917 881 913 882 917 882 907 882 907 883 917 883 918 883 907 884 918 884 905 884 919 885 920 885 921 885 921 886 920 886 922 886 921 887 922 887 914 887 914 888 922 888 923 888 914 889 923 889 915 889 924 890 925 890 926 890 926 891 925 891 927 891 928 892 929 892 930 892 930 893 929 893 931 893 930 894 931 894 932 894 932 895 933 895 930 895 930 896 933 896 934 896 930 897 934 897 935 897 936 898 937 898 938 898 938 899 939 899 936 899 936 900 939 900 940 900 936 901 940 901 941 901 941 902 940 902 942 902 941 903 942 903 943 903 937 904 936 904 944 904 944 905 936 905 945 905 944 906 945 906 946 906 947 907 948 907 949 907 948 908 947 908 950 908 950 909 947 909 951 909 950 910 951 910 952 910 953 911 954 911 955 911 953 912 955 912 956 912 954 913 957 913 765 913 765 914 957 914 958 914 958 915 959 915 765 915 765 916 959 916 960 916 765 917 960 917 951 917 951 918 960 918 961 918 951 919 961 919 952 919 847 920 962 920 848 920 848 921 962 921 963 921 848 922 963 922 955 922 955 923 963 923 964 923 955 924 964 924 956 924 845 925 844 925 965 925 966 926 967 926 968 926 968 927 969 927 966 927 966 928 969 928 970 928 966 929 970 929 845 929 845 930 970 930 971 930 845 931 971 931 843 931 972 932 973 932 974 932 975 933 976 933 977 933 975 934 977 934 978 934 978 935 977 935 979 935 978 936 979 936 980 936 980 937 981 937 978 937 978 938 981 938 982 938 978 939 982 939 983 939 984 940 985 940 975 940 975 941 985 941 986 941 975 942 986 942 976 942 987 943 988 943 989 943 989 944 988 944 990 944 989 945 990 945 984 945 984 946 990 946 991 946 984 947 991 947 985 947 992 948 993 948 994 948 992 949 994 949 749 949 994 950 995 950 749 950 749 951 995 951 996 951 749 952 996 952 997 952 997 953 998 953 749 953 749 954 998 954 999 954 749 955 999 955 1000 955 1001 956 1002 956 992 956 992 957 1002 957 1003 957 992 958 1003 958 993 958 1004 959 1005 959 1001 959 1001 960 1005 960 1006 960 1001 961 1006 961 1002 961 1007 962 1008 962 1009 962 1009 963 1008 963 1010 963 1011 964 1012 964 1013 964 1013 965 1012 965 1014 965 1015 966 1016 966 1017 966 1017 967 1016 967 1018 967 1015 968 1019 968 1016 968 1016 969 1019 969 1020 969 1016 970 1020 970 1021 970 1021 971 1020 971 1022 971 1021 972 1022 972 1023 972 1018 973 1016 973 1024 973 1024 974 1016 974 1025 974 1024 975 1025 975 1026 975 1026 976 1025 976 1027 976 1026 977 1027 977 1028 977 835 978 834 978 1027 978 1027 979 834 979 1029 979 1027 980 1029 980 1028 980 1030 981 1031 981 1032 981 1032 982 1033 982 1030 982 1030 983 1033 983 1034 983 1030 984 1034 984 835 984 835 985 1034 985 1035 985 835 986 1035 986 833 986 1036 987 1037 987 1038 987 828 988 1039 988 829 988 829 989 1039 989 1040 989 829 990 1040 990 1041 990 1039 991 1042 991 1040 991 1040 992 1042 992 1043 992 1040 993 1043 993 1044 993 1044 994 1045 994 1040 994 1040 995 1045 995 1046 995 1040 996 1046 996 1047 996 1000 997 1048 997 749 997 749 998 1048 998 1049 998 749 999 1049 999 750 999 750 1000 1049 1000 1050 1000 750 1001 1050 1001 824 1001 1051 1002 1052 1002 1053 1002 1051 1003 1053 1003 1054 1003 1052 1004 1055 1004 1053 1004 1053 1005 1055 1005 1056 1005 1053 1006 1056 1006 1057 1006 1057 1007 1058 1007 1053 1007 1053 1008 1058 1008 1059 1008 1053 1009 1059 1009 1060 1009 821 1010 823 1010 1061 1010 818 1011 820 1011 1062 1011 1063 1012 1064 1012 1065 1012 1066 1013 1067 1013 1068 1013 1068 1014 1067 1014 1069 1014 1068 1015 1069 1015 1070 1015 1071 1016 1072 1016 1073 1016 1073 1017 1072 1017 1074 1017 817 1018 816 1018 1075 1018 1075 1019 816 1019 1076 1019 1075 1020 1076 1020 1077 1020 1078 1021 1079 1021 1080 1021 1080 1022 1079 1022 1081 1022 1082 1023 782 1023 1083 1023 1083 1024 782 1024 1080 1024 1083 1025 1080 1025 1084 1025 1084 1026 1080 1026 1081 1026 814 1027 813 1027 817 1027 817 1028 813 1028 1085 1028 817 1029 1085 1029 815 1029 1086 1030 1087 1030 1088 1030 1088 1031 1087 1031 1089 1031 1088 1032 1089 1032 814 1032 814 1033 1089 1033 1090 1033 814 1034 1090 1034 812 1034 1091 1035 1092 1035 1093 1035 1094 1036 1095 1036 1096 1036 807 1037 1097 1037 808 1037 808 1038 1097 1038 1098 1038 808 1039 1098 1039 1099 1039 1097 1040 1100 1040 1098 1040 1098 1041 1100 1041 1101 1041 1098 1042 1101 1042 1102 1042 1102 1043 1103 1043 1098 1043 1098 1044 1103 1044 1104 1044 1098 1045 1104 1045 1105 1045 1106 1046 1107 1046 803 1046 1108 1047 1109 1047 1110 1047 1111 1048 1112 1048 1113 1048 880 1049 796 1049 881 1049 881 1050 796 1050 795 1050 881 1051 795 1051 1114 1051 1115 1052 1116 1052 794 1052 1117 1053 1118 1053 1119 1053 1118 1054 1117 1054 792 1054 1120 1055 1121 1055 1122 1055 1122 1056 1121 1056 791 1056 1123 1057 1124 1057 1120 1057 758 1058 787 1058 759 1058 759 1059 787 1059 1125 1059 759 1060 1125 1060 1126 1060 1127 1061 1128 1061 1129 1061 1077 1062 1078 1062 1075 1062 1075 1063 1078 1063 1080 1063 1075 1064 1080 1064 1130 1064 782 1065 781 1065 1080 1065 1080 1066 781 1066 1131 1066 1080 1067 1131 1067 1130 1067 1132 1068 1133 1068 1134 1068 1134 1069 1133 1069 780 1069 1135 1070 1136 1070 1132 1070 1136 1071 1135 1071 1137 1071 1138 1072 1139 1072 1140 1072 1141 1073 1142 1073 1143 1073 1144 1074 1145 1074 755 1074 755 1075 1145 1075 1146 1075 755 1076 1146 1076 756 1076 756 1077 1146 1077 1147 1077 756 1078 1147 1078 1148 1078 1149 1079 1025 1079 1150 1079 1150 1080 1025 1080 1016 1080 1150 1081 1016 1081 1151 1081 1151 1082 1016 1082 1021 1082 1151 1083 1021 1083 1152 1083 1153 1084 1154 1084 1155 1084 1155 1085 1154 1085 774 1085 1156 1086 1157 1086 1153 1086 1158 1087 1159 1087 1160 1087 752 1088 773 1088 753 1088 753 1089 773 1089 1161 1089 753 1090 1161 1090 1162 1090 1163 1091 1164 1091 1165 1091 954 1092 765 1092 955 1092 955 1093 765 1093 764 1093 955 1094 764 1094 1166 1094 1167 1095 1168 1095 1169 1095 1170 1096 1171 1096 1172 1096 1109 1097 800 1097 1110 1097 1110 1098 800 1098 802 1098 1110 1099 802 1099 1173 1099 1173 1100 802 1100 1174 1100 1173 1101 1174 1101 1175 1101 853 1102 1176 1102 854 1102 854 1103 1176 1103 796 1103 854 1104 796 1104 886 1104 886 1105 796 1105 885 1105 784 1106 786 1106 785 1106 785 1107 786 1107 758 1107 785 1108 758 1108 1177 1108 1177 1109 758 1109 757 1109 1177 1110 757 1110 1178 1110 1179 1111 1144 1111 1180 1111 1180 1112 1144 1112 755 1112 1180 1113 755 1113 1181 1113 1181 1114 755 1114 754 1114 1181 1115 754 1115 1182 1115 770 1116 772 1116 771 1116 771 1117 772 1117 752 1117 771 1118 752 1118 1183 1118 1183 1119 752 1119 751 1119 1183 1120 751 1120 1184 1120 1166 1121 766 1121 955 1121 955 1122 766 1122 768 1122 955 1123 768 1123 848 1123 848 1124 768 1124 965 1124 848 1125 965 1125 846 1125 846 1126 965 1126 844 1126 1185 1127 1108 1127 1186 1127 1186 1128 1108 1128 1110 1128 1186 1129 1110 1129 1187 1129 1187 1130 1110 1130 1173 1130 1187 1131 1173 1131 1188 1131 1188 1132 1173 1132 1175 1132 1188 1133 1175 1133 1189 1133 1114 1134 1190 1134 881 1134 881 1135 1190 1135 1191 1135 881 1136 1191 1136 851 1136 851 1137 1191 1137 1192 1137 851 1138 1192 1138 891 1138 891 1139 1192 1139 895 1139 891 1140 895 1140 889 1140 889 1141 895 1141 894 1141 1128 1142 783 1142 1129 1142 1129 1143 783 1143 785 1143 1129 1144 785 1144 1193 1144 1193 1145 785 1145 1177 1145 1193 1146 1177 1146 1194 1146 1194 1147 1177 1147 1178 1147 1194 1148 1178 1148 1093 1148 778 1149 1179 1149 779 1149 779 1150 1179 1150 1180 1150 779 1151 1180 1151 1195 1151 1195 1152 1180 1152 1181 1152 1195 1153 1181 1153 1196 1153 1196 1154 1181 1154 1182 1154 1196 1155 1182 1155 1197 1155 1164 1156 769 1156 1165 1156 1165 1157 769 1157 771 1157 1165 1158 771 1158 1198 1158 1198 1159 771 1159 1183 1159 1198 1160 1183 1160 1199 1160 1199 1161 1183 1161 1184 1161 1199 1162 1184 1162 1200 1162 1168 1163 763 1163 1169 1163 1169 1164 763 1164 765 1164 1169 1165 765 1165 1201 1165 1201 1166 765 1166 951 1166 1201 1167 951 1167 945 1167 945 1168 951 1168 947 1168 945 1169 947 1169 946 1169 946 1170 947 1170 949 1170 798 1171 1185 1171 799 1171 799 1172 1185 1172 1186 1172 799 1173 1186 1173 1202 1173 1202 1174 1186 1174 1187 1174 1202 1175 1187 1175 1203 1175 1203 1176 1187 1176 1188 1176 1203 1177 1188 1177 1204 1177 1204 1178 1188 1178 1189 1178 1204 1179 1189 1179 1205 1179 1206 1180 876 1180 871 1180 871 1181 876 1181 878 1181 871 1182 878 1182 873 1182 1095 1183 1091 1183 1096 1183 1096 1184 1091 1184 1093 1184 1096 1185 1093 1185 1207 1185 1207 1186 1093 1186 1178 1186 1207 1187 1178 1187 1208 1187 1208 1188 1178 1188 757 1188 1208 1189 757 1189 1209 1189 1209 1190 757 1190 759 1190 1209 1191 759 1191 1210 1191 1210 1192 759 1192 1126 1192 1210 1193 1126 1193 1211 1193 1130 1194 1127 1194 1075 1194 1075 1195 1127 1195 1129 1195 1075 1196 1129 1196 817 1196 817 1197 1129 1197 1193 1197 817 1198 1193 1198 814 1198 814 1199 1193 1199 1194 1199 814 1200 1194 1200 1088 1200 1088 1201 1194 1201 1093 1201 1088 1202 1093 1202 1086 1202 1086 1203 1093 1203 1092 1203 1212 1204 1068 1204 1063 1204 1063 1205 1068 1205 1070 1205 1063 1206 1070 1206 1064 1206 1037 1207 1213 1207 1038 1207 1038 1208 1213 1208 1197 1208 1038 1209 1197 1209 1214 1209 1214 1210 1197 1210 1182 1210 1214 1211 1182 1211 1215 1211 1215 1212 1182 1212 754 1212 1215 1213 754 1213 1216 1213 1216 1214 754 1214 756 1214 1216 1215 756 1215 1217 1215 1217 1216 756 1216 1148 1216 1217 1217 1148 1217 1218 1217 1149 1218 777 1218 1025 1218 1025 1219 777 1219 779 1219 1025 1220 779 1220 1027 1220 1027 1221 779 1221 1195 1221 1027 1222 1195 1222 835 1222 835 1223 1195 1223 1196 1223 835 1224 1196 1224 1030 1224 1030 1225 1196 1225 1197 1225 1030 1226 1197 1226 1031 1226 1031 1227 1197 1227 1213 1227 1010 1228 836 1228 1009 1228 1009 1229 836 1229 838 1229 1009 1230 838 1230 1219 1230 1219 1231 838 1231 839 1231 1219 1232 839 1232 1220 1232 1221 1233 1163 1233 1222 1233 1222 1234 1163 1234 1165 1234 1222 1235 1165 1235 1223 1235 1223 1236 1165 1236 1198 1236 1223 1237 1198 1237 1224 1237 1224 1238 1198 1238 1199 1238 1224 1239 1199 1239 1225 1239 1225 1240 1199 1240 1200 1240 1225 1241 1200 1241 974 1241 767 1242 1221 1242 768 1242 768 1243 1221 1243 1222 1243 768 1244 1222 1244 965 1244 965 1245 1222 1245 1223 1245 965 1246 1223 1246 845 1246 845 1247 1223 1247 1224 1247 845 1248 1224 1248 966 1248 966 1249 1224 1249 1225 1249 966 1250 1225 1250 967 1250 967 1251 1225 1251 974 1251 967 1252 974 1252 1226 1252 1226 1253 974 1253 973 1253 1112 1254 797 1254 1113 1254 1113 1255 797 1255 799 1255 1113 1256 799 1256 1227 1256 1227 1257 799 1257 1202 1257 1227 1258 1202 1258 1228 1258 1228 1259 1202 1259 1203 1259 1228 1260 1203 1260 1229 1260 1229 1261 1203 1261 1204 1261 1229 1262 1204 1262 1230 1262 1230 1263 1204 1263 1205 1263 1230 1264 1205 1264 1231 1264 810 1265 1094 1265 811 1265 811 1266 1094 1266 1096 1266 811 1267 1096 1267 1232 1267 1232 1268 1096 1268 1207 1268 1232 1269 1207 1269 1233 1269 1233 1270 1207 1270 1208 1270 1233 1271 1208 1271 1234 1271 1234 1272 1208 1272 1209 1272 1234 1273 1209 1273 1235 1273 1235 1274 1209 1274 1210 1274 1235 1275 1210 1275 790 1275 790 1276 1210 1276 1211 1276 790 1277 1211 1277 788 1277 831 1278 1036 1278 832 1278 832 1279 1036 1279 1038 1279 832 1280 1038 1280 1236 1280 1236 1281 1038 1281 1214 1281 1236 1282 1214 1282 1237 1282 1237 1283 1214 1283 1215 1283 1237 1284 1215 1284 1238 1284 1238 1285 1215 1285 1216 1285 1238 1286 1216 1286 1239 1286 1239 1287 1216 1287 1217 1287 1239 1288 1217 1288 1141 1288 1141 1289 1217 1289 1218 1289 1141 1290 1218 1290 1142 1290 841 1291 972 1291 842 1291 842 1292 972 1292 974 1292 842 1293 974 1293 1240 1293 1240 1294 974 1294 1200 1294 1240 1295 1200 1295 1241 1295 1241 1296 1200 1296 1184 1296 1241 1297 1184 1297 1242 1297 1242 1298 1184 1298 751 1298 1242 1299 751 1299 1243 1299 1243 1300 751 1300 753 1300 1243 1301 753 1301 1158 1301 1158 1302 753 1302 1162 1302 1158 1303 1162 1303 1159 1303 1244 1304 1167 1304 1245 1304 1245 1305 1167 1305 1169 1305 1245 1306 1169 1306 1246 1306 1246 1307 1169 1307 1201 1307 1246 1308 1201 1308 1247 1308 1247 1309 1201 1309 945 1309 1247 1310 945 1310 1248 1310 1248 1311 945 1311 936 1311 1248 1312 936 1312 1249 1312 1249 1313 936 1313 941 1313 1249 1314 941 1314 1250 1314 1190 1315 1111 1315 1191 1315 1191 1316 1111 1316 1113 1316 1191 1317 1113 1317 1192 1317 1192 1318 1113 1318 1227 1318 1192 1319 1227 1319 895 1319 895 1320 1227 1320 1228 1320 895 1321 1228 1321 897 1321 897 1322 1228 1322 1229 1322 897 1323 1229 1323 901 1323 901 1324 1229 1324 1230 1324 901 1325 1230 1325 903 1325 903 1326 1230 1326 1231 1326 903 1327 1231 1327 907 1327 1105 1328 809 1328 1098 1328 1098 1329 809 1329 811 1329 1098 1330 811 1330 1251 1330 1251 1331 811 1331 1232 1331 1251 1332 1232 1332 1252 1332 1252 1333 1232 1333 1233 1333 1252 1334 1233 1334 1253 1334 1253 1335 1233 1335 1234 1335 1253 1336 1234 1336 1254 1336 1254 1337 1234 1337 1235 1337 1254 1338 1235 1338 1255 1338 1255 1339 1235 1339 790 1339 1255 1340 790 1340 1123 1340 1123 1341 790 1341 789 1341 1123 1342 789 1342 1124 1342 1047 1343 830 1343 1040 1343 1040 1344 830 1344 832 1344 1040 1345 832 1345 1256 1345 1256 1346 832 1346 1236 1346 1256 1347 1236 1347 1257 1347 1257 1348 1236 1348 1237 1348 1257 1349 1237 1349 1258 1349 1258 1350 1237 1350 1238 1350 1258 1351 1238 1351 1259 1351 1259 1352 1238 1352 1239 1352 1259 1353 1239 1353 1260 1353 1260 1354 1239 1354 1141 1354 1260 1355 1141 1355 1138 1355 1138 1356 1141 1356 1143 1356 1138 1357 1143 1357 1139 1357 983 1358 840 1358 978 1358 978 1359 840 1359 842 1359 978 1360 842 1360 1261 1360 1261 1361 842 1361 1240 1361 1261 1362 1240 1362 1262 1362 1262 1363 1240 1363 1241 1363 1262 1364 1241 1364 1263 1364 1263 1365 1241 1365 1242 1365 1263 1366 1242 1366 1264 1366 1264 1367 1242 1367 1243 1367 1264 1368 1243 1368 1265 1368 1265 1369 1243 1369 1158 1369 1265 1370 1158 1370 1266 1370 1266 1371 1158 1371 1160 1371 1266 1372 1160 1372 1267 1372 761 1373 1244 1373 762 1373 762 1374 1244 1374 1245 1374 762 1375 1245 1375 1268 1375 1268 1376 1245 1376 1246 1376 1268 1377 1246 1377 1269 1377 1269 1378 1246 1378 1247 1378 1269 1379 1247 1379 1270 1379 1270 1380 1247 1380 1248 1380 1270 1381 1248 1381 1271 1381 1271 1382 1248 1382 1249 1382 1271 1383 1249 1383 1272 1383 1272 1384 1249 1384 1250 1384 1272 1385 1250 1385 1273 1385 1274 1386 1275 1386 1276 1386 1171 1387 760 1387 1172 1387 1172 1388 760 1388 762 1388 1172 1389 762 1389 1277 1389 1277 1390 762 1390 1268 1390 1277 1391 1268 1391 1278 1391 1278 1392 1268 1392 1269 1392 1278 1393 1269 1393 1279 1393 1279 1394 1269 1394 1270 1394 1279 1395 1270 1395 1280 1395 1280 1396 1270 1396 1271 1396 1280 1397 1271 1397 1281 1397 1281 1398 1271 1398 1272 1398 1281 1399 1272 1399 1282 1399 1282 1400 1272 1400 1273 1400 1282 1401 1273 1401 1283 1401 1284 1402 1285 1402 1286 1402 1286 1403 1285 1403 1287 1403 1286 1404 1287 1404 1288 1404 1288 1405 1287 1405 1289 1405 1288 1406 1289 1406 1290 1406 1291 1407 1292 1407 1293 1407 907 1408 1294 1408 913 1408 913 1409 1294 1409 1295 1409 913 1410 1295 1410 914 1410 914 1411 1295 1411 1296 1411 914 1412 1296 1412 921 1412 863 1413 1297 1413 1298 1413 870 1414 1299 1414 871 1414 871 1415 1299 1415 855 1415 871 1416 855 1416 1206 1416 1206 1417 855 1417 857 1417 1206 1418 857 1418 1300 1418 1300 1419 857 1419 1301 1419 1300 1420 1301 1420 1302 1420 1302 1421 1301 1421 1303 1421 1302 1422 1303 1422 1304 1422 1304 1423 1303 1423 1305 1423 1304 1424 1305 1424 1306 1424 792 1425 1117 1425 793 1425 793 1426 1117 1426 1307 1426 793 1427 1307 1427 1308 1427 1308 1428 1307 1428 1309 1428 1308 1429 1309 1429 1310 1429 1310 1430 1309 1430 1311 1430 1310 1431 1311 1431 1312 1431 1312 1432 1311 1432 1313 1432 1312 1433 1313 1433 1314 1433 1314 1434 1313 1434 1315 1434 1314 1435 1315 1435 1316 1435 1316 1436 1315 1436 1317 1436 1316 1437 1317 1437 1318 1437 1318 1438 1317 1438 1319 1438 1318 1439 1319 1439 1320 1439 805 1440 1321 1440 1322 1440 803 1441 805 1441 1106 1441 1106 1442 805 1442 1322 1442 1106 1443 1322 1443 1323 1443 822 1444 1054 1444 823 1444 823 1445 1054 1445 1053 1445 823 1446 1053 1446 1324 1446 1324 1447 1053 1447 1325 1447 1324 1448 1325 1448 1326 1448 1074 1449 1066 1449 1073 1449 1073 1450 1066 1450 1068 1450 1073 1451 1068 1451 1327 1451 1327 1452 1068 1452 1212 1452 1327 1453 1212 1453 1328 1453 1328 1454 1212 1454 1329 1454 1328 1455 1329 1455 1330 1455 1330 1456 1329 1456 1331 1456 1330 1457 1331 1457 1332 1457 1332 1458 1331 1458 1333 1458 1332 1459 1333 1459 1334 1459 1334 1460 1333 1460 1335 1460 1334 1461 1335 1461 1336 1461 1132 1462 1134 1462 1135 1462 1135 1463 1134 1463 1337 1463 1135 1464 1337 1464 1338 1464 1338 1465 1337 1465 1339 1465 1338 1466 1339 1466 1340 1466 1340 1467 1339 1467 1341 1467 1340 1468 1341 1468 1342 1468 1342 1469 1341 1469 1343 1469 1342 1470 1343 1470 1344 1470 1344 1471 1343 1471 1345 1471 1344 1472 1345 1472 1346 1472 1346 1473 1345 1473 1347 1473 1346 1474 1347 1474 1348 1474 1348 1475 1347 1475 1349 1475 1348 1476 1349 1476 1350 1476 1137 1477 1135 1477 1351 1477 1351 1478 1135 1478 1338 1478 1351 1479 1338 1479 1352 1479 1352 1480 1338 1480 1340 1480 1352 1481 1340 1481 1353 1481 1353 1482 1340 1482 1342 1482 1353 1483 1342 1483 1354 1483 1354 1484 1342 1484 1344 1484 1354 1485 1344 1485 1355 1485 1355 1486 1344 1486 1346 1486 1355 1487 1346 1487 1356 1487 1356 1488 1346 1488 1348 1488 1356 1489 1348 1489 1357 1489 1357 1490 1348 1490 1350 1490 1357 1491 1350 1491 1358 1491 826 1492 1359 1492 1360 1492 1361 1493 1276 1493 1362 1493 1362 1494 1276 1494 1275 1494 1362 1495 1275 1495 1363 1495 1023 1496 1011 1496 1021 1496 1021 1497 1011 1497 1013 1497 1021 1498 1013 1498 1364 1498 1364 1499 1013 1499 1365 1499 1364 1500 1365 1500 1366 1500 1366 1501 1365 1501 1367 1501 1366 1502 1367 1502 1368 1502 1368 1503 1367 1503 1369 1503 1368 1504 1369 1504 1370 1504 1370 1505 1369 1505 1371 1505 1370 1506 1371 1506 1372 1506 1372 1507 1371 1507 1373 1507 1372 1508 1373 1508 1374 1508 1374 1509 1373 1509 1375 1509 1374 1510 1375 1510 1376 1510 774 1511 776 1511 1155 1511 1155 1512 776 1512 1377 1512 1155 1513 1377 1513 1378 1513 1378 1514 1377 1514 1379 1514 1378 1515 1379 1515 1380 1515 1380 1516 1379 1516 1381 1516 1380 1517 1381 1517 1382 1517 1382 1518 1381 1518 1383 1518 1382 1519 1383 1519 1384 1519 1384 1520 1383 1520 1385 1520 1384 1521 1385 1521 1386 1521 1386 1522 1385 1522 1387 1522 1386 1523 1387 1523 1388 1523 1388 1524 1387 1524 1389 1524 1388 1525 1389 1525 1390 1525 978 1526 1391 1526 975 1526 975 1527 1391 1527 1392 1527 975 1528 1392 1528 984 1528 984 1529 1392 1529 1393 1529 984 1530 1393 1530 989 1530 930 1531 1394 1531 1395 1531 1396 1532 1285 1532 1397 1532 1397 1533 1285 1533 1284 1533 1397 1534 1284 1534 1398 1534 1396 1535 1399 1535 1285 1535 1285 1536 1399 1536 1292 1536 1285 1537 1292 1537 1287 1537 1287 1538 1292 1538 1291 1538 1287 1539 1291 1539 1289 1539 1399 1540 1400 1540 1292 1540 1292 1541 1400 1541 1401 1541 1292 1542 1401 1542 1293 1542 1293 1543 1401 1543 1402 1543 1293 1544 1402 1544 1403 1544 1404 1545 1290 1545 1405 1545 1405 1546 1290 1546 1289 1546 1405 1547 1289 1547 1406 1547 1406 1548 1289 1548 1291 1548 1406 1549 1291 1549 1407 1549 1407 1550 1291 1550 1293 1550 1407 1551 1293 1551 1408 1551 1408 1552 1293 1552 1403 1552 1408 1553 1403 1553 1409 1553 1410 1554 1404 1554 1411 1554 1411 1555 1404 1555 1405 1555 1411 1556 1405 1556 1412 1556 1412 1557 1405 1557 1406 1557 1412 1558 1406 1558 1413 1558 1413 1559 1406 1559 1407 1559 1413 1560 1407 1560 1414 1560 1414 1561 1407 1561 1408 1561 1414 1562 1408 1562 747 1562 747 1563 1408 1563 1409 1563 747 1564 1409 1564 745 1564 1174 1565 1410 1565 1175 1565 1175 1566 1410 1566 1411 1566 1175 1567 1411 1567 1189 1567 1189 1568 1411 1568 1412 1568 1189 1569 1412 1569 1205 1569 1205 1570 1412 1570 1413 1570 1205 1571 1413 1571 1231 1571 1231 1572 1413 1572 1414 1572 1231 1573 1414 1573 907 1573 907 1574 1414 1574 747 1574 907 1575 747 1575 1294 1575 1294 1576 747 1576 746 1576 746 1577 1415 1577 1294 1577 1294 1578 1415 1578 1416 1578 1294 1579 1416 1579 1295 1579 1295 1580 1416 1580 1417 1580 1295 1581 1417 1581 1296 1581 1296 1582 1417 1582 1418 1582 1418 1583 1419 1583 1296 1583 1296 1584 1419 1584 1297 1584 1296 1585 1297 1585 921 1585 921 1586 1297 1586 863 1586 921 1587 863 1587 919 1587 919 1588 863 1588 868 1588 1419 1589 1420 1589 1297 1589 1297 1590 1420 1590 1421 1590 1297 1591 1421 1591 1298 1591 1298 1592 1421 1592 1422 1592 1298 1593 1422 1593 1423 1593 859 1594 861 1594 860 1594 860 1595 861 1595 863 1595 860 1596 863 1596 1424 1596 1424 1597 863 1597 1298 1597 1424 1598 1298 1598 1425 1598 1425 1599 1298 1599 1423 1599 1425 1600 1423 1600 1426 1600 856 1601 869 1601 857 1601 857 1602 869 1602 860 1602 857 1603 860 1603 1301 1603 1301 1604 860 1604 1424 1604 1301 1605 1424 1605 1303 1605 1303 1606 1424 1606 1425 1606 1303 1607 1425 1607 1305 1607 1305 1608 1425 1608 1426 1608 1426 1609 1427 1609 1305 1609 1305 1610 1427 1610 1428 1610 1305 1611 1428 1611 1306 1611 1306 1612 1428 1612 1429 1612 1306 1613 1429 1613 1430 1613 853 1614 874 1614 1176 1614 1176 1615 874 1615 876 1615 1176 1616 876 1616 1431 1616 1431 1617 876 1617 1206 1617 1431 1618 1206 1618 1432 1618 1432 1619 1206 1619 1300 1619 1432 1620 1300 1620 1433 1620 1433 1621 1300 1621 1302 1621 1433 1622 1302 1622 1434 1622 1434 1623 1302 1623 1304 1623 1434 1624 1304 1624 1435 1624 1435 1625 1304 1625 1306 1625 1435 1626 1306 1626 1436 1626 1436 1627 1306 1627 1430 1627 1436 1628 1430 1628 1437 1628 794 1629 796 1629 1115 1629 1115 1630 796 1630 1176 1630 1115 1631 1176 1631 1438 1631 1438 1632 1176 1632 1431 1632 1438 1633 1431 1633 1439 1633 1439 1634 1431 1634 1432 1634 1439 1635 1432 1635 1440 1635 1440 1636 1432 1636 1433 1636 1440 1637 1433 1637 1441 1637 1441 1638 1433 1638 1434 1638 1441 1639 1434 1639 1442 1639 1442 1640 1434 1640 1435 1640 1442 1641 1435 1641 1443 1641 1443 1642 1435 1642 1436 1642 1443 1643 1436 1643 744 1643 744 1644 1436 1644 1437 1644 744 1645 1437 1645 742 1645 743 1646 1319 1646 744 1646 744 1647 1319 1647 1317 1647 744 1648 1317 1648 1443 1648 1443 1649 1317 1649 1315 1649 1443 1650 1315 1650 1442 1650 1442 1651 1315 1651 1313 1651 1442 1652 1313 1652 1441 1652 1441 1653 1313 1653 1311 1653 1441 1654 1311 1654 1440 1654 1440 1655 1311 1655 1309 1655 1440 1656 1309 1656 1439 1656 1439 1657 1309 1657 1307 1657 1439 1658 1307 1658 1438 1658 1438 1659 1307 1659 1117 1659 1438 1660 1117 1660 1115 1660 1115 1661 1117 1661 1119 1661 1115 1662 1119 1662 1116 1662 743 1663 1444 1663 1319 1663 1319 1664 1444 1664 1445 1664 1319 1665 1445 1665 1320 1665 1320 1666 1445 1666 1446 1666 1320 1667 1446 1667 1447 1667 791 1668 793 1668 1122 1668 1122 1669 793 1669 1308 1669 1122 1670 1308 1670 1448 1670 1448 1671 1308 1671 1310 1671 1448 1672 1310 1672 1449 1672 1449 1673 1310 1673 1312 1673 1449 1674 1312 1674 1450 1674 1450 1675 1312 1675 1314 1675 1450 1676 1314 1676 1451 1676 1451 1677 1314 1677 1316 1677 1451 1678 1316 1678 1452 1678 1452 1679 1316 1679 1318 1679 1452 1680 1318 1680 1453 1680 1453 1681 1318 1681 1320 1681 1453 1682 1320 1682 1454 1682 1454 1683 1320 1683 1447 1683 1454 1684 1447 1684 1455 1684 1120 1685 1122 1685 1123 1685 1123 1686 1122 1686 1448 1686 1123 1687 1448 1687 1255 1687 1255 1688 1448 1688 1449 1688 1255 1689 1449 1689 1254 1689 1254 1690 1449 1690 1450 1690 1254 1691 1450 1691 1253 1691 1253 1692 1450 1692 1451 1692 1253 1693 1451 1693 1252 1693 1252 1694 1451 1694 1452 1694 1252 1695 1452 1695 1251 1695 1251 1696 1452 1696 1453 1696 1251 1697 1453 1697 1098 1697 1098 1698 1453 1698 1454 1698 1098 1699 1454 1699 1099 1699 1099 1700 1454 1700 1455 1700 1099 1701 1455 1701 1456 1701 1456 1702 1457 1702 1099 1702 1099 1703 1457 1703 1321 1703 1099 1704 1321 1704 808 1704 808 1705 1321 1705 805 1705 808 1706 805 1706 806 1706 806 1707 805 1707 804 1707 1457 1708 1458 1708 1321 1708 1321 1709 1458 1709 1459 1709 1321 1710 1459 1710 1322 1710 1322 1711 1459 1711 1460 1711 1322 1712 1460 1712 1323 1712 1323 1713 1460 1713 1461 1713 1323 1714 1461 1714 1462 1714 1462 1715 1325 1715 1323 1715 1323 1716 1325 1716 1053 1716 1323 1717 1053 1717 1106 1717 1106 1718 1053 1718 1060 1718 1106 1719 1060 1719 1107 1719 1462 1720 1463 1720 1325 1720 1325 1721 1463 1721 1464 1721 1325 1722 1464 1722 1326 1722 1326 1723 1464 1723 1465 1723 1326 1724 1465 1724 1466 1724 819 1725 1061 1725 820 1725 820 1726 1061 1726 823 1726 820 1727 823 1727 1467 1727 1467 1728 823 1728 1324 1728 1467 1729 1324 1729 1468 1729 1468 1730 1324 1730 1326 1730 1468 1731 1326 1731 1469 1731 1469 1732 1326 1732 1466 1732 1469 1733 1466 1733 1470 1733 1065 1734 1471 1734 1063 1734 1063 1735 1471 1735 1062 1735 1063 1736 1062 1736 1212 1736 1212 1737 1062 1737 820 1737 1212 1738 820 1738 1329 1738 1329 1739 820 1739 1467 1739 1329 1740 1467 1740 1331 1740 1331 1741 1467 1741 1468 1741 1331 1742 1468 1742 1333 1742 1333 1743 1468 1743 1469 1743 1333 1744 1469 1744 1335 1744 1335 1745 1469 1745 1470 1745 1470 1746 1472 1746 1335 1746 1335 1747 1472 1747 1473 1747 1335 1748 1473 1748 1336 1748 1336 1749 1473 1749 1474 1749 1336 1750 1474 1750 1475 1750 1082 1751 1071 1751 782 1751 782 1752 1071 1752 1073 1752 782 1753 1073 1753 1476 1753 1476 1754 1073 1754 1327 1754 1476 1755 1327 1755 1477 1755 1477 1756 1327 1756 1328 1756 1477 1757 1328 1757 1478 1757 1478 1758 1328 1758 1330 1758 1478 1759 1330 1759 1479 1759 1479 1760 1330 1760 1332 1760 1479 1761 1332 1761 1480 1761 1480 1762 1332 1762 1334 1762 1480 1763 1334 1763 1481 1763 1481 1764 1334 1764 1336 1764 1481 1765 1336 1765 1482 1765 1482 1766 1336 1766 1475 1766 1482 1767 1475 1767 1483 1767 780 1768 782 1768 1134 1768 1134 1769 782 1769 1476 1769 1134 1770 1476 1770 1337 1770 1337 1771 1476 1771 1477 1771 1337 1772 1477 1772 1339 1772 1339 1773 1477 1773 1478 1773 1339 1774 1478 1774 1341 1774 1341 1775 1478 1775 1479 1775 1341 1776 1479 1776 1343 1776 1343 1777 1479 1777 1480 1777 1343 1778 1480 1778 1345 1778 1345 1779 1480 1779 1481 1779 1345 1780 1481 1780 1347 1780 1347 1781 1481 1781 1482 1781 1347 1782 1482 1782 1349 1782 1349 1783 1482 1783 1483 1783 1349 1784 1483 1784 1484 1784 1484 1785 1485 1785 1349 1785 1349 1786 1485 1786 1486 1786 1349 1787 1486 1787 1350 1787 1350 1788 1486 1788 1487 1788 1350 1789 1487 1789 1358 1789 1358 1790 1487 1790 1488 1790 1358 1791 1488 1791 1489 1791 1489 1792 1041 1792 1358 1792 1358 1793 1041 1793 1040 1793 1358 1794 1040 1794 1357 1794 1357 1795 1040 1795 1256 1795 1357 1796 1256 1796 1356 1796 1356 1797 1256 1797 1257 1797 1356 1798 1257 1798 1355 1798 1355 1799 1257 1799 1258 1799 1355 1800 1258 1800 1354 1800 1354 1801 1258 1801 1259 1801 1354 1802 1259 1802 1353 1802 1353 1803 1259 1803 1260 1803 1353 1804 1260 1804 1352 1804 1352 1805 1260 1805 1138 1805 1352 1806 1138 1806 1351 1806 1351 1807 1138 1807 1140 1807 1351 1808 1140 1808 1137 1808 1489 1809 1490 1809 1041 1809 1041 1810 1490 1810 1359 1810 1041 1811 1359 1811 829 1811 829 1812 1359 1812 826 1812 829 1813 826 1813 827 1813 827 1814 826 1814 825 1814 1490 1815 1491 1815 1359 1815 1359 1816 1491 1816 1492 1816 1359 1817 1492 1817 1360 1817 1360 1818 1492 1818 1493 1818 1360 1819 1493 1819 1494 1819 824 1820 826 1820 750 1820 750 1821 826 1821 1360 1821 750 1822 1360 1822 748 1822 748 1823 1360 1823 1494 1823 748 1824 1494 1824 1495 1824 1495 1825 1496 1825 748 1825 748 1826 1496 1826 1363 1826 748 1827 1363 1827 749 1827 749 1828 1363 1828 1275 1828 749 1829 1275 1829 992 1829 992 1830 1275 1830 1274 1830 992 1831 1274 1831 1001 1831 1496 1832 1497 1832 1363 1832 1363 1833 1497 1833 1498 1833 1363 1834 1498 1834 1362 1834 1362 1835 1498 1835 1499 1835 1362 1836 1499 1836 1361 1836 1361 1837 1499 1837 1500 1837 1361 1838 1500 1838 1501 1838 1220 1839 1004 1839 1219 1839 1219 1840 1004 1840 1001 1840 1219 1841 1001 1841 1502 1841 1502 1842 1001 1842 1274 1842 1502 1843 1274 1843 1503 1843 1503 1844 1274 1844 1276 1844 1503 1845 1276 1845 1504 1845 1504 1846 1276 1846 1361 1846 1504 1847 1361 1847 1505 1847 1505 1848 1361 1848 1501 1848 1505 1849 1501 1849 1506 1849 1014 1850 1007 1850 1013 1850 1013 1851 1007 1851 1009 1851 1013 1852 1009 1852 1365 1852 1365 1853 1009 1853 1219 1853 1365 1854 1219 1854 1367 1854 1367 1855 1219 1855 1502 1855 1367 1856 1502 1856 1369 1856 1369 1857 1502 1857 1503 1857 1369 1858 1503 1858 1371 1858 1371 1859 1503 1859 1504 1859 1371 1860 1504 1860 1373 1860 1373 1861 1504 1861 1505 1861 1373 1862 1505 1862 1375 1862 1375 1863 1505 1863 1506 1863 1506 1864 1507 1864 1375 1864 1375 1865 1507 1865 1508 1865 1375 1866 1508 1866 1376 1866 1376 1867 1508 1867 1509 1867 1376 1868 1509 1868 1510 1868 1510 1869 1389 1869 1376 1869 1376 1870 1389 1870 1387 1870 1376 1871 1387 1871 1374 1871 1374 1872 1387 1872 1385 1872 1374 1873 1385 1873 1372 1873 1372 1874 1385 1874 1383 1874 1372 1875 1383 1875 1370 1875 1370 1876 1383 1876 1381 1876 1370 1877 1381 1877 1368 1877 1368 1878 1381 1878 1379 1878 1368 1879 1379 1879 1366 1879 1366 1880 1379 1880 1377 1880 1366 1881 1377 1881 1364 1881 1364 1882 1377 1882 776 1882 1364 1883 776 1883 1021 1883 1021 1884 776 1884 775 1884 1021 1885 775 1885 1152 1885 1510 1886 1511 1886 1389 1886 1389 1887 1511 1887 1512 1887 1389 1888 1512 1888 1390 1888 1390 1889 1512 1889 1513 1889 1390 1890 1513 1890 1514 1890 1153 1891 1155 1891 1156 1891 1156 1892 1155 1892 1378 1892 1156 1893 1378 1893 1515 1893 1515 1894 1378 1894 1380 1894 1515 1895 1380 1895 1516 1895 1516 1896 1380 1896 1382 1896 1516 1897 1382 1897 1517 1897 1517 1898 1382 1898 1384 1898 1517 1899 1384 1899 1518 1899 1518 1900 1384 1900 1386 1900 1518 1901 1386 1901 1519 1901 1519 1902 1386 1902 1388 1902 1519 1903 1388 1903 1520 1903 1520 1904 1388 1904 1390 1904 1520 1905 1390 1905 1521 1905 1521 1906 1390 1906 1514 1906 1521 1907 1514 1907 1522 1907 1522 1908 1391 1908 1521 1908 1521 1909 1391 1909 978 1909 1521 1910 978 1910 1520 1910 1520 1911 978 1911 1261 1911 1520 1912 1261 1912 1519 1912 1519 1913 1261 1913 1262 1913 1519 1914 1262 1914 1518 1914 1518 1915 1262 1915 1263 1915 1518 1916 1263 1916 1517 1916 1517 1917 1263 1917 1264 1917 1517 1918 1264 1918 1516 1918 1516 1919 1264 1919 1265 1919 1516 1920 1265 1920 1515 1920 1515 1921 1265 1921 1266 1921 1515 1922 1266 1922 1156 1922 1156 1923 1266 1923 1267 1923 1156 1924 1267 1924 1157 1924 1522 1925 1523 1925 1391 1925 1391 1926 1523 1926 1524 1926 1391 1927 1524 1927 1392 1927 1392 1928 1524 1928 1525 1928 1392 1929 1525 1929 1393 1929 1393 1930 1525 1930 1526 1930 1526 1931 1527 1931 1393 1931 1393 1932 1527 1932 1394 1932 1393 1933 1394 1933 989 1933 989 1934 1394 1934 930 1934 989 1935 930 1935 987 1935 987 1936 930 1936 935 1936 927 1937 928 1937 926 1937 926 1938 928 1938 930 1938 926 1939 930 1939 1528 1939 1528 1940 930 1940 1395 1940 1528 1941 1395 1941 1529 1941 1529 1942 1395 1942 1530 1942 1529 1943 1530 1943 1531 1943 1527 1944 1532 1944 1394 1944 1394 1945 1532 1945 1533 1945 1394 1946 1533 1946 1395 1946 1395 1947 1533 1947 1534 1947 1395 1948 1534 1948 1530 1948 943 1949 924 1949 941 1949 941 1950 924 1950 926 1950 941 1951 926 1951 1250 1951 1250 1952 926 1952 1528 1952 1250 1953 1528 1953 1273 1953 1273 1954 1528 1954 1529 1954 1273 1955 1529 1955 1283 1955 1283 1956 1529 1956 1531 1956 1283 1957 1531 1957 1535 1957 1535 1958 739 1958 1283 1958 1283 1959 739 1959 741 1959 1283 1960 741 1960 1282 1960 1282 1961 741 1961 1536 1961 1282 1962 1536 1962 1281 1962 1281 1963 1536 1963 1537 1963 1281 1964 1537 1964 1280 1964 1280 1965 1537 1965 1538 1965 1280 1966 1538 1966 1279 1966 1279 1967 1538 1967 1539 1967 1279 1968 1539 1968 1278 1968 1278 1969 1539 1969 1540 1969 1278 1970 1540 1970 1277 1970 1277 1971 1540 1971 1541 1971 1277 1972 1541 1972 1172 1972 1172 1973 1541 1973 1542 1973 1172 1974 1542 1974 1170 1974 1170 1975 1542 1975 1543 1975 740 1976 1398 1976 741 1976 741 1977 1398 1977 1284 1977 741 1978 1284 1978 1536 1978 1536 1979 1284 1979 1286 1979 1536 1980 1286 1980 1537 1980 1537 1981 1286 1981 1288 1981 1537 1982 1288 1982 1538 1982 1538 1983 1288 1983 1290 1983 1538 1984 1290 1984 1539 1984 1539 1985 1290 1985 1404 1985 1539 1986 1404 1986 1540 1986 1540 1987 1404 1987 1410 1987 1540 1988 1410 1988 1541 1988 1541 1989 1410 1989 1174 1989 1541 1990 1174 1990 1542 1990 1542 1991 1174 1991 802 1991 1542 1992 802 1992 1543 1992 1543 1993 802 1993 801 1993 1499 1994 1498 1994 1544 1994 1487 1995 1486 1995 1545 1995 1457 1996 1456 1996 1546 1996 1428 1997 1427 1997 1547 1997 746 1998 745 1998 1548 1998 739 1999 1535 1999 1549 1999 1522 2000 1514 2000 1550 2000 1508 2001 1551 2001 1509 2001 1509 2002 1551 2002 1552 2002 1509 2003 1552 2003 1553 2003 1553 2004 1554 2004 1509 2004 1509 2005 1554 2005 1555 2005 1509 2006 1555 2006 1510 2006 1555 2007 1556 2007 1510 2007 1510 2008 1556 2008 1557 2008 1510 2009 1557 2009 1558 2009 1559 2010 1560 2010 1561 2010 1562 2011 1563 2011 1564 2011 1565 2012 1566 2012 1567 2012 1565 2013 1567 2013 1568 2013 1568 2014 1567 2014 1569 2014 1569 2015 1567 2015 1570 2015 1569 2016 1570 2016 1562 2016 1562 2017 1564 2017 1569 2017 1569 2018 1564 2018 1571 2018 1569 2019 1571 2019 1572 2019 1560 2020 1573 2020 1561 2020 1561 2021 1573 2021 1569 2021 1561 2022 1569 2022 1574 2022 1574 2023 1569 2023 1572 2023 1575 2024 1576 2024 1501 2024 1577 2025 1578 2025 1579 2025 1580 2026 1579 2026 1581 2026 1582 2027 1583 2027 1584 2027 1580 2028 1585 2028 1586 2028 1581 2029 1587 2029 1580 2029 1580 2030 1587 2030 1588 2030 1580 2031 1588 2031 1589 2031 1589 2032 1590 2032 1580 2032 1580 2033 1590 2033 1591 2033 1580 2034 1591 2034 1585 2034 1586 2035 1582 2035 1580 2035 1580 2036 1582 2036 1584 2036 1580 2037 1584 2037 1579 2037 1579 2038 1584 2038 1592 2038 1579 2039 1592 2039 1577 2039 1593 2040 1594 2040 1506 2040 1576 2041 1595 2041 1501 2041 1501 2042 1595 2042 1596 2042 1501 2043 1596 2043 1506 2043 1506 2044 1596 2044 1597 2044 1506 2045 1597 2045 1593 2045 1598 2046 1507 2046 1599 2046 1599 2047 1507 2047 1506 2047 1599 2048 1506 2048 1600 2048 1600 2049 1506 2049 1594 2049 1598 2050 1601 2050 1507 2050 1507 2051 1601 2051 1602 2051 1507 2052 1602 2052 1508 2052 1508 2053 1602 2053 1603 2053 1508 2054 1603 2054 1551 2054 1558 2055 1559 2055 1510 2055 1510 2056 1559 2056 1561 2056 1510 2057 1561 2057 1511 2057 1511 2058 1561 2058 1604 2058 1511 2059 1604 2059 1512 2059 1550 2060 1514 2060 1604 2060 1604 2061 1514 2061 1513 2061 1604 2062 1513 2062 1512 2062 1522 2063 1550 2063 1523 2063 1523 2064 1550 2064 1605 2064 1523 2065 1605 2065 1524 2065 1606 2066 1533 2066 1532 2066 1606 2067 1532 2067 1607 2067 1532 2068 1527 2068 1607 2068 1607 2069 1527 2069 1526 2069 1607 2070 1526 2070 1605 2070 1605 2071 1526 2071 1525 2071 1605 2072 1525 2072 1524 2072 1533 2073 1606 2073 1534 2073 1534 2074 1606 2074 1608 2074 1534 2075 1608 2075 1530 2075 1549 2076 1535 2076 1608 2076 1608 2077 1535 2077 1531 2077 1608 2078 1531 2078 1530 2078 739 2079 1549 2079 740 2079 740 2080 1549 2080 1609 2080 740 2081 1609 2081 1398 2081 1398 2082 1609 2082 1397 2082 1397 2083 1609 2083 1610 2083 1397 2084 1610 2084 1396 2084 1611 2085 1401 2085 1400 2085 1611 2086 1400 2086 1610 2086 1610 2087 1400 2087 1399 2087 1610 2088 1399 2088 1396 2088 1401 2089 1611 2089 1402 2089 1402 2090 1611 2090 1612 2090 1402 2091 1612 2091 1403 2091 1548 2092 745 2092 1612 2092 1612 2093 745 2093 1409 2093 1612 2094 1409 2094 1403 2094 746 2095 1548 2095 1415 2095 1415 2096 1548 2096 1613 2096 1415 2097 1613 2097 1416 2097 1416 2098 1613 2098 1417 2098 1417 2099 1613 2099 1614 2099 1417 2100 1614 2100 1418 2100 1615 2101 1421 2101 1420 2101 1615 2102 1420 2102 1614 2102 1614 2103 1420 2103 1419 2103 1614 2104 1419 2104 1418 2104 1421 2105 1615 2105 1422 2105 1422 2106 1615 2106 1616 2106 1422 2107 1616 2107 1423 2107 1547 2108 1427 2108 1616 2108 1616 2109 1427 2109 1426 2109 1616 2110 1426 2110 1423 2110 1428 2111 1547 2111 1429 2111 1429 2112 1547 2112 1617 2112 1429 2113 1617 2113 1430 2113 1430 2114 1617 2114 1437 2114 1437 2115 1617 2115 1618 2115 1437 2116 1618 2116 742 2116 1619 2117 1445 2117 1444 2117 1619 2118 1444 2118 1618 2118 1618 2119 1444 2119 743 2119 1618 2120 743 2120 742 2120 1445 2121 1619 2121 1446 2121 1446 2122 1619 2122 1620 2122 1446 2123 1620 2123 1447 2123 1546 2124 1456 2124 1620 2124 1620 2125 1456 2125 1455 2125 1620 2126 1455 2126 1447 2126 1457 2127 1546 2127 1458 2127 1458 2128 1546 2128 1621 2128 1458 2129 1621 2129 1459 2129 1459 2130 1621 2130 1460 2130 1460 2131 1621 2131 1622 2131 1460 2132 1622 2132 1461 2132 1623 2133 1464 2133 1463 2133 1623 2134 1463 2134 1622 2134 1622 2135 1463 2135 1462 2135 1622 2136 1462 2136 1461 2136 1464 2137 1623 2137 1465 2137 1465 2138 1623 2138 1624 2138 1465 2139 1624 2139 1466 2139 1625 2140 1475 2140 1474 2140 1625 2141 1474 2141 1626 2141 1474 2142 1473 2142 1626 2142 1626 2143 1473 2143 1472 2143 1626 2144 1472 2144 1624 2144 1624 2145 1472 2145 1470 2145 1624 2146 1470 2146 1466 2146 1475 2147 1625 2147 1483 2147 1483 2148 1625 2148 1627 2148 1483 2149 1627 2149 1484 2149 1545 2150 1486 2150 1627 2150 1627 2151 1486 2151 1485 2151 1627 2152 1485 2152 1484 2152 1487 2153 1545 2153 1488 2153 1488 2154 1545 2154 1628 2154 1488 2155 1628 2155 1489 2155 1629 2156 1494 2156 1493 2156 1629 2157 1493 2157 1630 2157 1493 2158 1492 2158 1630 2158 1630 2159 1492 2159 1491 2159 1630 2160 1491 2160 1628 2160 1628 2161 1491 2161 1490 2161 1628 2162 1490 2162 1489 2162 1494 2163 1629 2163 1495 2163 1495 2164 1629 2164 1631 2164 1495 2165 1631 2165 1496 2165 1544 2166 1498 2166 1631 2166 1631 2167 1498 2167 1497 2167 1631 2168 1497 2168 1496 2168 1499 2169 1544 2169 1500 2169 1500 2170 1544 2170 1579 2170 1500 2171 1579 2171 1501 2171 1501 2172 1579 2172 1578 2172 1501 2173 1578 2173 1575 2173 1632 2174 1633 2174 1634 2174 1634 2175 1633 2175 1635 2175 1634 2176 1635 2176 1636 2176 1636 2177 1635 2177 1637 2177 1636 2178 1637 2178 1638 2178 1638 2179 1637 2179 1639 2179 1638 2180 1639 2180 1640 2180 1640 2181 1639 2181 1641 2181 1640 2182 1641 2182 1642 2182 1642 2183 1641 2183 1643 2183 1642 2184 1643 2184 1644 2184 1644 2185 1643 2185 1645 2185 1646 2186 1647 2186 1632 2186 1632 2187 1647 2187 1633 2187 1648 2188 1649 2188 1650 2188 1650 2189 1649 2189 1651 2189 1650 2190 1651 2190 1652 2190 1652 2191 1651 2191 1653 2191 1652 2192 1653 2192 1654 2192 1654 2193 1653 2193 1655 2193 1654 2194 1655 2194 1656 2194 1656 2195 1655 2195 1657 2195 1656 2196 1657 2196 1658 2196 1658 2197 1657 2197 1659 2197 1658 2198 1659 2198 1646 2198 1646 2199 1659 2199 1647 2199 1644 2200 1645 2200 1648 2200 1648 2201 1645 2201 1649 2201 1660 2202 1661 2202 1662 2202 1663 2203 1664 2203 1665 2203 1666 2204 1667 2204 1660 2204 1668 2205 1669 2205 1666 2205 1670 2206 1671 2206 1672 2206 1666 2207 1660 2207 1668 2207 1668 2208 1660 2208 1662 2208 1668 2209 1662 2209 1665 2209 1665 2210 1662 2210 1670 2210 1665 2211 1670 2211 1663 2211 1663 2212 1670 2212 1672 2212 1663 2213 1672 2213 1673 2213 1674 2214 1675 2214 1676 2214 1676 2215 1675 2215 1677 2215 1676 2216 1677 2216 1678 2216 1678 2217 1677 2217 1679 2217 1678 2218 1679 2218 1680 2218 1680 2219 1679 2219 1681 2219 1680 2220 1681 2220 1682 2220 1682 2221 1681 2221 1683 2221 1682 2222 1683 2222 1684 2222 1684 2223 1683 2223 1685 2223 1684 2224 1685 2224 1686 2224 1686 2225 1685 2225 1687 2225 1686 2226 1687 2226 1688 2226 1688 2227 1687 2227 1689 2227 1688 2228 1689 2228 1690 2228 1690 2229 1689 2229 1691 2229 1690 2230 1691 2230 1692 2230 1692 2231 1691 2231 1693 2231 1692 2232 1693 2232 1694 2232 1694 2233 1693 2233 1695 2233 1694 2234 1695 2234 1696 2234 1696 2235 1695 2235 1697 2235 1696 2236 1697 2236 1674 2236 1674 2237 1697 2237 1675 2237 1698 2238 1699 2238 1700 2238 1700 2239 1699 2239 1701 2239 1700 2240 1701 2240 1702 2240 1703 2241 1704 2241 1700 2241 1700 2242 1704 2242 1705 2242 1700 2243 1705 2243 1698 2243 1706 2244 1707 2244 1700 2244 1700 2245 1707 2245 1708 2245 1700 2246 1708 2246 1703 2246 1702 2247 1709 2247 1700 2247 1700 2248 1709 2248 1710 2248 1700 2249 1710 2249 1706 2249 1711 2250 1712 2250 1713 2250 1711 2251 1713 2251 1714 2251 1714 2252 1713 2252 1715 2252 1714 2253 1715 2253 1716 2253 1716 2254 1715 2254 1717 2254 1716 2255 1717 2255 1718 2255 1718 2256 1717 2256 1719 2256 1718 2257 1719 2257 1720 2257 1720 2258 1719 2258 1721 2258 1720 2259 1721 2259 1722 2259 1722 2260 1721 2260 1723 2260 1722 2261 1723 2261 1724 2261 1724 2262 1723 2262 1725 2262 1724 2263 1725 2263 1726 2263 1726 2264 1725 2264 1727 2264 1726 2265 1727 2265 1728 2265 1728 2266 1727 2266 1729 2266 1728 2267 1729 2267 1730 2267 1731 2268 1732 2268 1733 2268 1733 2269 1732 2269 1734 2269 1733 2270 1734 2270 1735 2270 1735 2271 1734 2271 1736 2271 1735 2272 1736 2272 1737 2272 1737 2273 1736 2273 1730 2273 1737 2274 1730 2274 1738 2274 1738 2275 1730 2275 1729 2275 1739 2276 1740 2276 1741 2276 1739 2277 1741 2277 1742 2277 1742 2278 1741 2278 1743 2278 1742 2279 1743 2279 1744 2279 1744 2280 1743 2280 1745 2280 1744 2281 1745 2281 1746 2281 1746 2282 1745 2282 1747 2282 1746 2283 1747 2283 1748 2283 1748 2284 1747 2284 1749 2284 1748 2285 1749 2285 1750 2285 1750 2286 1749 2286 1751 2286 1750 2287 1751 2287 1752 2287 1752 2288 1751 2288 1753 2288 1752 2289 1753 2289 1754 2289 1754 2290 1753 2290 1755 2290 1754 2291 1755 2291 1756 2291 1756 2292 1755 2292 1757 2292 1756 2293 1757 2293 1758 2293 1759 2294 1760 2294 1761 2294 1761 2295 1760 2295 1762 2295 1761 2296 1762 2296 1763 2296 1763 2297 1762 2297 1764 2297 1763 2298 1764 2298 1765 2298 1765 2299 1764 2299 1758 2299 1765 2300 1758 2300 1766 2300 1766 2301 1758 2301 1757 2301 1767 2302 1768 2302 1769 2302 1770 2303 1771 2303 1769 2303 1772 2304 1773 2304 1769 2304 1774 2305 1775 2305 1776 2305 1776 2306 1775 2306 1777 2306 1776 2307 1777 2307 1778 2307 1778 2308 1777 2308 1779 2308 1778 2309 1779 2309 1769 2309 1780 2310 1781 2310 1782 2310 1783 2311 1784 2311 1785 2311 1785 2312 1784 2312 1786 2312 1785 2313 1786 2313 1787 2313 1788 2314 1773 2314 1789 2314 1789 2315 1773 2315 1790 2315 1789 2316 1790 2316 1791 2316 1769 2317 1771 2317 1767 2317 1767 2318 1771 2318 1792 2318 1767 2319 1792 2319 1793 2319 1779 2320 1794 2320 1769 2320 1769 2321 1794 2321 1795 2321 1769 2322 1795 2322 1796 2322 1797 2323 1798 2323 1776 2323 1776 2324 1798 2324 1799 2324 1776 2325 1799 2325 1782 2325 1782 2326 1799 2326 1800 2326 1782 2327 1800 2327 1780 2327 1801 2328 1802 2328 1803 2328 1803 2329 1802 2329 1804 2329 1788 2330 1805 2330 1773 2330 1773 2331 1805 2331 1806 2331 1773 2332 1806 2332 1769 2332 1769 2333 1806 2333 1807 2333 1769 2334 1807 2334 1808 2334 1808 2335 1809 2335 1769 2335 1769 2336 1809 2336 1810 2336 1769 2337 1810 2337 1770 2337 1770 2338 1810 2338 1811 2338 1770 2339 1811 2339 1785 2339 1785 2340 1811 2340 1812 2340 1785 2341 1812 2341 1783 2341 1793 2342 1813 2342 1767 2342 1767 2343 1813 2343 1814 2343 1767 2344 1814 2344 1815 2344 1816 2345 1774 2345 1817 2345 1817 2346 1774 2346 1776 2346 1817 2347 1776 2347 1818 2347 1818 2348 1776 2348 1782 2348 1804 2349 1802 2349 1819 2349 1819 2350 1802 2350 1820 2350 1819 2351 1820 2351 1776 2351 1776 2352 1820 2352 1821 2352 1776 2353 1821 2353 1797 2353 1822 2354 1823 2354 1824 2354 1825 2355 1826 2355 1827 2355 1827 2356 1826 2356 1828 2356 1827 2357 1828 2357 1787 2357 1787 2358 1828 2358 1829 2358 1787 2359 1829 2359 1785 2359 1830 2360 1767 2360 1831 2360 1831 2361 1767 2361 1832 2361 1796 2362 1833 2362 1769 2362 1769 2363 1833 2363 1834 2363 1769 2364 1834 2364 1772 2364 1835 2365 1836 2365 1823 2365 1823 2366 1836 2366 1837 2366 1823 2367 1837 2367 1824 2367 1815 2368 1838 2368 1767 2368 1767 2369 1838 2369 1839 2369 1767 2370 1839 2370 1832 2370 1840 2371 1841 2371 1842 2371 1842 2372 1841 2372 1843 2372 1842 2373 1843 2373 1844 2373 1844 2374 1843 2374 1782 2374 1844 2375 1782 2375 1845 2375 1845 2376 1782 2376 1781 2376 1824 2377 1846 2377 1822 2377 1822 2378 1846 2378 1847 2378 1822 2379 1847 2379 1842 2379 1842 2380 1847 2380 1848 2380 1842 2381 1848 2381 1840 2381 1846 2382 1849 2382 1847 2382 1847 2383 1849 2383 1850 2383 1847 2384 1850 2384 1851 2384 1851 2385 1850 2385 1852 2385 1835 2386 1823 2386 1853 2386 1853 2387 1823 2387 1854 2387 1853 2388 1854 2388 1855 2388 1854 2389 1856 2389 1857 2389 1857 2390 1858 2390 1854 2390 1854 2391 1858 2391 1859 2391 1854 2392 1859 2392 1855 2392 1860 2393 720 2393 1861 2393 1861 2394 720 2394 721 2394 722 2395 1862 2395 721 2395 721 2396 1862 2396 1863 2396 721 2397 1863 2397 1861 2397 723 2398 1864 2398 1865 2398 1865 2399 1866 2399 723 2399 723 2400 1866 2400 1867 2400 723 2401 1867 2401 722 2401 722 2402 1867 2402 1868 2402 722 2403 1868 2403 1862 2403 724 2404 1869 2404 723 2404 723 2405 1869 2405 1870 2405 1871 2406 1864 2406 1872 2406 1872 2407 1864 2407 723 2407 1872 2408 723 2408 1873 2408 1873 2409 723 2409 1870 2409 725 2410 696 2410 1874 2410 1874 2411 1875 2411 725 2411 725 2412 1875 2412 1876 2412 725 2413 1876 2413 724 2413 724 2414 1876 2414 1877 2414 724 2415 1877 2415 1869 2415 1860 2416 1878 2416 720 2416 720 2417 1878 2417 1879 2417 1879 2418 1880 2418 720 2418 720 2419 1880 2419 1881 2419 720 2420 1881 2420 737 2420 1882 2421 1883 2421 696 2421 696 2422 1883 2422 1884 2422 696 2423 1884 2423 1874 2423 696 2424 695 2424 1885 2424 1885 2425 1886 2425 696 2425 696 2426 1886 2426 1887 2426 696 2427 1887 2427 1882 2427 1888 2428 1889 2428 727 2428 727 2429 1889 2429 1890 2429 727 2430 1890 2430 728 2430 703 2431 1891 2431 704 2431 704 2432 1891 2432 1892 2432 704 2433 1892 2433 1893 2433 1893 2434 1894 2434 704 2434 704 2435 1894 2435 1895 2435 704 2436 1895 2436 1896 2436 1896 2437 1895 2437 1897 2437 1897 2438 1898 2438 1896 2438 1896 2439 1898 2439 1899 2439 1896 2440 1899 2440 1900 2440 1899 2441 1901 2441 1900 2441 1900 2442 1901 2442 1902 2442 1900 2443 1902 2443 727 2443 727 2444 1902 2444 1903 2444 727 2445 1903 2445 1888 2445 1904 2446 1905 2446 1906 2446 1906 2447 1905 2447 1760 2447 1906 2448 1760 2448 1907 2448 1907 2449 1760 2449 1759 2449 1907 2450 1759 2450 1908 2450 1909 2451 1910 2451 1911 2451 1911 2452 1910 2452 1912 2452 1913 2453 1914 2453 1915 2453 1914 2454 1916 2454 1915 2454 1915 2455 1916 2455 1917 2455 1915 2456 1917 2456 1918 2456 1919 2457 1920 2457 1918 2457 1918 2458 1920 2458 1911 2458 1918 2459 1911 2459 1915 2459 1915 2460 1911 2460 1912 2460 1915 2461 1912 2461 1913 2461 1909 2462 1911 2462 1921 2462 1921 2463 1911 2463 1922 2463 1921 2464 1922 2464 1923 2464 1924 2465 1925 2465 1923 2465 1923 2466 1925 2466 1926 2466 1923 2467 1926 2467 1921 2467 1905 2468 1904 2468 1927 2468 1905 2469 1927 2469 1928 2469 1928 2470 1927 2470 1929 2470 1928 2471 1929 2471 1924 2471 1924 2472 1929 2472 1930 2472 1924 2473 1930 2473 1925 2473 1931 2474 1932 2474 1933 2474 1934 2475 1935 2475 1936 2475 1937 2476 1938 2476 1939 2476 1939 2477 1938 2477 1940 2477 1939 2478 1940 2478 1941 2478 1941 2479 1940 2479 1942 2479 1941 2480 1942 2480 1943 2480 1943 2481 1942 2481 1944 2481 1943 2482 1944 2482 1945 2482 1937 2483 1939 2483 1935 2483 1935 2484 1939 2484 1946 2484 1935 2485 1946 2485 1936 2485 1933 2486 1932 2486 1936 2486 1936 2487 1932 2487 1947 2487 1936 2488 1947 2488 1934 2488 1948 2489 1949 2489 1950 2489 1951 2490 1952 2490 1933 2490 1933 2491 1952 2491 1953 2491 1933 2492 1953 2492 1931 2492 1948 2493 1950 2493 1933 2493 1933 2494 1950 2494 1954 2494 1933 2495 1954 2495 1951 2495 1955 2496 1956 2496 1957 2496 1955 2497 1958 2497 1959 2497 1956 2498 1955 2498 1960 2498 1960 2499 1955 2499 1959 2499 1960 2500 1959 2500 1961 2500 1962 2501 1963 2501 1957 2501 1957 2502 1963 2502 1964 2502 1957 2503 1964 2503 1955 2503 1955 2504 1964 2504 1965 2504 1955 2505 1965 2505 1958 2505 1966 2506 1967 2506 1968 2506 1968 2507 1969 2507 1966 2507 1966 2508 1969 2508 1970 2508 1966 2509 1970 2509 1964 2509 1964 2510 1970 2510 1971 2510 1964 2511 1971 2511 1965 2511 1972 2512 1973 2512 1974 2512 1974 2513 1973 2513 1966 2513 1966 2514 1973 2514 1975 2514 1966 2515 1975 2515 1967 2515 1974 2516 1976 2516 1972 2516 1972 2517 1976 2517 1977 2517 1972 2518 1977 2518 1978 2518 1978 2519 1977 2519 1979 2519 1978 2520 1979 2520 1980 2520 1981 2521 1982 2521 1983 2521 1984 2522 1985 2522 1986 2522 1986 2523 1985 2523 1987 2523 1987 2524 1985 2524 1988 2524 1987 2525 1988 2525 1989 2525 1989 2526 1988 2526 1990 2526 1989 2527 1990 2527 1991 2527 1992 2528 1993 2528 1986 2528 1986 2529 1993 2529 1994 2529 1986 2530 1994 2530 1984 2530 1983 2531 1982 2531 1995 2531 1995 2532 1982 2532 1996 2532 1995 2533 1996 2533 1992 2533 1992 2534 1996 2534 1997 2534 1992 2535 1997 2535 1993 2535 1998 2536 1999 2536 2000 2536 2001 2537 2002 2537 1983 2537 1983 2538 2002 2538 2003 2538 1983 2539 2003 2539 1981 2539 1998 2540 2000 2540 1983 2540 1983 2541 2000 2541 2004 2541 1983 2542 2004 2542 2001 2542 2005 2543 2006 2543 2007 2543 2005 2544 2008 2544 2009 2544 2006 2545 2005 2545 2010 2545 2010 2546 2005 2546 2009 2546 2010 2547 2009 2547 2011 2547 2012 2548 2013 2548 2007 2548 2007 2549 2013 2549 2014 2549 2007 2550 2014 2550 2005 2550 2005 2551 2014 2551 2015 2551 2005 2552 2015 2552 2008 2552 2016 2553 2017 2553 2018 2553 2018 2554 2019 2554 2016 2554 2016 2555 2019 2555 2020 2555 2016 2556 2020 2556 2014 2556 2014 2557 2020 2557 2021 2557 2014 2558 2021 2558 2015 2558 2022 2559 2023 2559 2024 2559 2024 2560 2023 2560 2016 2560 2016 2561 2023 2561 2025 2561 2016 2562 2025 2562 2017 2562 2024 2563 2026 2563 2022 2563 2022 2564 2026 2564 2027 2564 2022 2565 2027 2565 2028 2565 2028 2566 2027 2566 2029 2566 2028 2567 2029 2567 2030 2567 2031 2568 2032 2568 2033 2568 2033 2569 2032 2569 2034 2569 2033 2570 2034 2570 2035 2570 2036 2571 2037 2571 2038 2571 2038 2572 2037 2572 2039 2572 2038 2573 2039 2573 2031 2573 2031 2574 2039 2574 2040 2574 2031 2575 2040 2575 2032 2575 2041 2576 2042 2576 2043 2576 2043 2577 2042 2577 2044 2577 2043 2578 2044 2578 2036 2578 2036 2579 2044 2579 2045 2579 2036 2580 2045 2580 2037 2580 2046 2581 2047 2581 2048 2581 2049 2582 2050 2582 2041 2582 2041 2583 2050 2583 2051 2583 2041 2584 2051 2584 2042 2584 2046 2585 2048 2585 2041 2585 2041 2586 2048 2586 2052 2586 2041 2587 2052 2587 2049 2587 2033 2588 2035 2588 1711 2588 1711 2589 2035 2589 2053 2589 1711 2590 2053 2590 1712 2590 1712 2591 2053 2591 2054 2591 1712 2592 2054 2592 2055 2592 2056 2593 2057 2593 2058 2593 2059 2594 2060 2594 2061 2594 2061 2595 2060 2595 2062 2595 2061 2596 2062 2596 2063 2596 2063 2597 2062 2597 2064 2597 2063 2598 2064 2598 2065 2598 2065 2599 2064 2599 2066 2599 2065 2600 2066 2600 2058 2600 2058 2601 2066 2601 2067 2601 2058 2602 2067 2602 2056 2602 2068 2603 2069 2603 2070 2603 2070 2604 2069 2604 2071 2604 2072 2605 2073 2605 2074 2605 2075 2606 2076 2606 2077 2606 2077 2607 2076 2607 2072 2607 2077 2608 2072 2608 2078 2608 2078 2609 2072 2609 2074 2609 2078 2610 2074 2610 2079 2610 2071 2611 2069 2611 2080 2611 2080 2612 2069 2612 2081 2612 2080 2613 2081 2613 2082 2613 2082 2614 2081 2614 2083 2614 2082 2615 2083 2615 2084 2615 2084 2616 2083 2616 2085 2616 2084 2617 2085 2617 2086 2617 2086 2618 2085 2618 2087 2618 2086 2619 2087 2619 2088 2619 2087 2620 2089 2620 2088 2620 2088 2621 2089 2621 2090 2621 2088 2622 2090 2622 2091 2622 2091 2623 2090 2623 2092 2623 2091 2624 2092 2624 2093 2624 2093 2625 2092 2625 2094 2625 2093 2626 2094 2626 2095 2626 2095 2627 2094 2627 2096 2627 2095 2628 2096 2628 2079 2628 2079 2629 2096 2629 2097 2629 2079 2630 2097 2630 2078 2630 2098 2631 2099 2631 2100 2631 2100 2632 2099 2632 2101 2632 2100 2633 2101 2633 2102 2633 2103 2634 2104 2634 2102 2634 2101 2635 2105 2635 2102 2635 2102 2636 2105 2636 2106 2636 2102 2637 2106 2637 2103 2637 2103 2638 2106 2638 2107 2638 2104 2639 2103 2639 2108 2639 2108 2640 2103 2640 2109 2640 2108 2641 2109 2641 2110 2641 2065 2642 2058 2642 2111 2642 2112 2643 2113 2643 2114 2643 2115 2644 2116 2644 2117 2644 2115 2645 2117 2645 2118 2645 2119 2646 2120 2646 2121 2646 2121 2647 2120 2647 2122 2647 2121 2648 2122 2648 2123 2648 2123 2649 2122 2649 2124 2649 2124 2650 2122 2650 2125 2650 2125 2651 2122 2651 2126 2651 2125 2652 2126 2652 2127 2652 2128 2653 2129 2653 2130 2653 2130 2654 2131 2654 2128 2654 2128 2655 2131 2655 2132 2655 2128 2656 2132 2656 2126 2656 2126 2657 2132 2657 2133 2657 2126 2658 2133 2658 2127 2658 2134 2659 2129 2659 2135 2659 2135 2660 2129 2660 2136 2660 2137 2661 2138 2661 2135 2661 2135 2662 2138 2662 2139 2662 2135 2663 2139 2663 2134 2663 2140 2664 2141 2664 2142 2664 2142 2665 2141 2665 2111 2665 2142 2666 2111 2666 2143 2666 2140 2667 2144 2667 2141 2667 2141 2668 2144 2668 2145 2668 2141 2669 2145 2669 2137 2669 2137 2670 2145 2670 2146 2670 2137 2671 2146 2671 2138 2671 2143 2672 2111 2672 2147 2672 2147 2673 2111 2673 2058 2673 2147 2674 2058 2674 2057 2674 2059 2675 2061 2675 2148 2675 2148 2676 2061 2676 2149 2676 2150 2677 2151 2677 2149 2677 2149 2678 2151 2678 2152 2678 2149 2679 2152 2679 2148 2679 2112 2680 2153 2680 2113 2680 2113 2681 2153 2681 2154 2681 2113 2682 2154 2682 2150 2682 2150 2683 2154 2683 2155 2683 2150 2684 2155 2684 2151 2684 2156 2685 2157 2685 2114 2685 2114 2686 2157 2686 2158 2686 2114 2687 2158 2687 2112 2687 2159 2688 2160 2688 2156 2688 2156 2689 2160 2689 2161 2689 2156 2690 2161 2690 2157 2690 2162 2691 2163 2691 2159 2691 2159 2692 2163 2692 2164 2692 2159 2693 2164 2693 2160 2693 2162 2694 2159 2694 2165 2694 2165 2695 2159 2695 2166 2695 2165 2696 2166 2696 2167 2696 2167 2697 2166 2697 2168 2697 2167 2698 2168 2698 2169 2698 2170 2699 2171 2699 2168 2699 2168 2700 2171 2700 2172 2700 2168 2701 2172 2701 2169 2701 2173 2702 2063 2702 2065 2702 2063 2703 2173 2703 2061 2703 2129 2704 2128 2704 2136 2704 2136 2705 2128 2705 2126 2705 2136 2706 2126 2706 2174 2706 2174 2707 2126 2707 2122 2707 2174 2708 2122 2708 2175 2708 2175 2709 2122 2709 2120 2709 2175 2710 2120 2710 2176 2710 2065 2711 2111 2711 2173 2711 2173 2712 2111 2712 2141 2712 2173 2713 2141 2713 2177 2713 2177 2714 2141 2714 2137 2714 2177 2715 2137 2715 2178 2715 2178 2716 2137 2716 2135 2716 2178 2717 2135 2717 2179 2717 2179 2718 2135 2718 2136 2718 2179 2719 2136 2719 2180 2719 2180 2720 2136 2720 2174 2720 2180 2721 2174 2721 2181 2721 2181 2722 2174 2722 2175 2722 2181 2723 2175 2723 2182 2723 2182 2724 2175 2724 2176 2724 2182 2725 2176 2725 2183 2725 2119 2726 2118 2726 2120 2726 2120 2727 2118 2727 2117 2727 2120 2728 2117 2728 2176 2728 2176 2729 2117 2729 2184 2729 2176 2730 2184 2730 2185 2730 2185 2731 2186 2731 2176 2731 2176 2732 2186 2732 2187 2732 2176 2733 2187 2733 2183 2733 2183 2734 2187 2734 2188 2734 2183 2735 2188 2735 2189 2735 2061 2736 2173 2736 2149 2736 2149 2737 2173 2737 2177 2737 2149 2738 2177 2738 2150 2738 2150 2739 2177 2739 2178 2739 2150 2740 2178 2740 2113 2740 2113 2741 2178 2741 2179 2741 2113 2742 2179 2742 2114 2742 2114 2743 2179 2743 2180 2743 2114 2744 2180 2744 2156 2744 2156 2745 2180 2745 2181 2745 2156 2746 2181 2746 2159 2746 2159 2747 2181 2747 2182 2747 2159 2748 2182 2748 2166 2748 2166 2749 2182 2749 2183 2749 2166 2750 2183 2750 2168 2750 2168 2751 2183 2751 2189 2751 2168 2752 2189 2752 2170 2752 2078 2753 2097 2753 2190 2753 2090 2754 2089 2754 2191 2754 2087 2755 2085 2755 2192 2755 2081 2756 2069 2756 2193 2756 2194 2757 2195 2757 2196 2757 2197 2758 2198 2758 2199 2758 2199 2759 2198 2759 2200 2759 2199 2760 2200 2760 2201 2760 2201 2761 2200 2761 2202 2761 2201 2762 2202 2762 2203 2762 2197 2763 2199 2763 2204 2763 2204 2764 2199 2764 2205 2764 2204 2765 2205 2765 2206 2765 2207 2766 2208 2766 2209 2766 2209 2767 2208 2767 2210 2767 2209 2768 2210 2768 2205 2768 2205 2769 2210 2769 2211 2769 2205 2770 2211 2770 2206 2770 2212 2771 2213 2771 2214 2771 2215 2772 2216 2772 2217 2772 2217 2773 2216 2773 2212 2773 2217 2774 2212 2774 2218 2774 2218 2775 2212 2775 2214 2775 2219 2776 2220 2776 2221 2776 2221 2777 2220 2777 2193 2777 2221 2778 2193 2778 2222 2778 2219 2779 2223 2779 2220 2779 2220 2780 2223 2780 2224 2780 2220 2781 2224 2781 2213 2781 2213 2782 2224 2782 2225 2782 2213 2783 2225 2783 2214 2783 2222 2784 2193 2784 2226 2784 2226 2785 2193 2785 2069 2785 2226 2786 2069 2786 2068 2786 2227 2787 2228 2787 2229 2787 2228 2788 2227 2788 2230 2788 2230 2789 2227 2789 2231 2789 2230 2790 2231 2790 2232 2790 2233 2791 2234 2791 2231 2791 2231 2792 2234 2792 2235 2792 2231 2793 2235 2793 2232 2793 2236 2794 2237 2794 2238 2794 2238 2795 2237 2795 2239 2795 2238 2796 2239 2796 2233 2796 2233 2797 2239 2797 2240 2797 2233 2798 2240 2798 2234 2798 2241 2799 2242 2799 2243 2799 2243 2800 2242 2800 2244 2800 2244 2801 2242 2801 2245 2801 2245 2802 2242 2802 2246 2802 2245 2803 2246 2803 2247 2803 2248 2804 2249 2804 2250 2804 2250 2805 2249 2805 2251 2805 2250 2806 2251 2806 2246 2806 2246 2807 2251 2807 2252 2807 2246 2808 2252 2808 2247 2808 2248 2809 2250 2809 2253 2809 2253 2810 2250 2810 2254 2810 2253 2811 2254 2811 2255 2811 2255 2812 2254 2812 2256 2812 2256 2813 2254 2813 2257 2813 2256 2814 2257 2814 2258 2814 2259 2815 2083 2815 2081 2815 2087 2816 2192 2816 2089 2816 2260 2817 2092 2817 2090 2817 2261 2818 2096 2818 2094 2818 2078 2819 2227 2819 2077 2819 2077 2820 2227 2820 2229 2820 2077 2821 2229 2821 2075 2821 2081 2822 2193 2822 2259 2822 2259 2823 2193 2823 2220 2823 2259 2824 2220 2824 2262 2824 2262 2825 2220 2825 2213 2825 2262 2826 2213 2826 2263 2826 2263 2827 2213 2827 2212 2827 2263 2828 2212 2828 2264 2828 2264 2829 2212 2829 2216 2829 2264 2830 2216 2830 2265 2830 2265 2831 2216 2831 2266 2831 2265 2832 2266 2832 2267 2832 2267 2833 2266 2833 2268 2833 2267 2834 2268 2834 2269 2834 2269 2835 2268 2835 2270 2835 2269 2836 2270 2836 2271 2836 2089 2837 2192 2837 2191 2837 2191 2838 2192 2838 2272 2838 2191 2839 2272 2839 2273 2839 2273 2840 2272 2840 2274 2840 2273 2841 2274 2841 2275 2841 2275 2842 2274 2842 2276 2842 2275 2843 2276 2843 2277 2843 2277 2844 2276 2844 2278 2844 2277 2845 2278 2845 2279 2845 2279 2846 2278 2846 2280 2846 2279 2847 2280 2847 2281 2847 2281 2848 2280 2848 2282 2848 2281 2849 2282 2849 2283 2849 2283 2850 2282 2850 2284 2850 2283 2851 2284 2851 2285 2851 2078 2852 2190 2852 2227 2852 2227 2853 2190 2853 2286 2853 2227 2854 2286 2854 2231 2854 2231 2855 2286 2855 2287 2855 2231 2856 2287 2856 2233 2856 2233 2857 2287 2857 2288 2857 2233 2858 2288 2858 2238 2858 2238 2859 2288 2859 2289 2859 2238 2860 2289 2860 2290 2860 2290 2861 2289 2861 2291 2861 2290 2862 2291 2862 2292 2862 2292 2863 2291 2863 2293 2863 2292 2864 2293 2864 2294 2864 2294 2865 2293 2865 2295 2865 2294 2866 2295 2866 2296 2866 2297 2867 2201 2867 2196 2867 2196 2868 2201 2868 2203 2868 2196 2869 2203 2869 2194 2869 2297 2870 2270 2870 2201 2870 2201 2871 2270 2871 2268 2871 2201 2872 2268 2872 2199 2872 2199 2873 2268 2873 2266 2873 2199 2874 2266 2874 2205 2874 2205 2875 2266 2875 2216 2875 2205 2876 2216 2876 2209 2876 2209 2877 2216 2877 2215 2877 2209 2878 2215 2878 2207 2878 2297 2879 2298 2879 2270 2879 2270 2880 2298 2880 2299 2880 2270 2881 2299 2881 2271 2881 2271 2882 2299 2882 2300 2882 2271 2883 2300 2883 2301 2883 2301 2884 2284 2884 2271 2884 2271 2885 2284 2885 2282 2885 2271 2886 2282 2886 2269 2886 2269 2887 2282 2887 2280 2887 2269 2888 2280 2888 2267 2888 2267 2889 2280 2889 2278 2889 2267 2890 2278 2890 2265 2890 2265 2891 2278 2891 2276 2891 2265 2892 2276 2892 2264 2892 2264 2893 2276 2893 2274 2893 2264 2894 2274 2894 2263 2894 2263 2895 2274 2895 2272 2895 2263 2896 2272 2896 2262 2896 2262 2897 2272 2897 2192 2897 2262 2898 2192 2898 2259 2898 2259 2899 2192 2899 2085 2899 2259 2900 2085 2900 2083 2900 2301 2901 2302 2901 2284 2901 2284 2902 2302 2902 2303 2902 2284 2903 2303 2903 2285 2903 2285 2904 2303 2904 2304 2904 2285 2905 2304 2905 2305 2905 2090 2906 2191 2906 2260 2906 2260 2907 2191 2907 2273 2907 2260 2908 2273 2908 2306 2908 2306 2909 2273 2909 2275 2909 2306 2910 2275 2910 2307 2910 2307 2911 2275 2911 2277 2911 2307 2912 2277 2912 2308 2912 2308 2913 2277 2913 2279 2913 2308 2914 2279 2914 2309 2914 2309 2915 2279 2915 2281 2915 2309 2916 2281 2916 2310 2916 2310 2917 2281 2917 2283 2917 2310 2918 2283 2918 2311 2918 2311 2919 2283 2919 2285 2919 2311 2920 2285 2920 2312 2920 2312 2921 2285 2921 2305 2921 2312 2922 2305 2922 2313 2922 2313 2923 2314 2923 2312 2923 2312 2924 2314 2924 2315 2924 2312 2925 2315 2925 2311 2925 2311 2926 2315 2926 2316 2926 2311 2927 2316 2927 2310 2927 2310 2928 2316 2928 2317 2928 2310 2929 2317 2929 2309 2929 2309 2930 2317 2930 2318 2930 2309 2931 2318 2931 2308 2931 2308 2932 2318 2932 2319 2932 2308 2933 2319 2933 2307 2933 2307 2934 2319 2934 2320 2934 2307 2935 2320 2935 2306 2935 2306 2936 2320 2936 2261 2936 2306 2937 2261 2937 2260 2937 2260 2938 2261 2938 2094 2938 2260 2939 2094 2939 2092 2939 2313 2940 2321 2940 2314 2940 2314 2941 2321 2941 2322 2941 2314 2942 2322 2942 2323 2942 2323 2943 2295 2943 2314 2943 2314 2944 2295 2944 2293 2944 2314 2945 2293 2945 2315 2945 2315 2946 2293 2946 2291 2946 2315 2947 2291 2947 2316 2947 2316 2948 2291 2948 2289 2948 2316 2949 2289 2949 2317 2949 2317 2950 2289 2950 2288 2950 2317 2951 2288 2951 2318 2951 2318 2952 2288 2952 2287 2952 2318 2953 2287 2953 2319 2953 2319 2954 2287 2954 2286 2954 2319 2955 2286 2955 2320 2955 2320 2956 2286 2956 2190 2956 2320 2957 2190 2957 2261 2957 2261 2958 2190 2958 2097 2958 2261 2959 2097 2959 2096 2959 2323 2960 2324 2960 2295 2960 2295 2961 2324 2961 2325 2961 2295 2962 2325 2962 2296 2962 2296 2963 2325 2963 2326 2963 2296 2964 2326 2964 2327 2964 2236 2965 2238 2965 2241 2965 2241 2966 2238 2966 2290 2966 2241 2967 2290 2967 2242 2967 2242 2968 2290 2968 2292 2968 2242 2969 2292 2969 2246 2969 2246 2970 2292 2970 2294 2970 2246 2971 2294 2971 2250 2971 2250 2972 2294 2972 2296 2972 2250 2973 2296 2973 2254 2973 2254 2974 2296 2974 2327 2974 2254 2975 2327 2975 2257 2975 2328 2976 2329 2976 2330 2976 2102 2977 2104 2977 2331 2977 2332 2978 2333 2978 2334 2978 2335 2979 2336 2979 2337 2979 2336 2980 2335 2980 2338 2980 2338 2981 2335 2981 2339 2981 2338 2982 2339 2982 2340 2982 2341 2983 2342 2983 2339 2983 2339 2984 2342 2984 2343 2984 2339 2985 2343 2985 2340 2985 2344 2986 2345 2986 2346 2986 2346 2987 2345 2987 2347 2987 2346 2988 2347 2988 2341 2988 2341 2989 2347 2989 2348 2989 2341 2990 2348 2990 2342 2990 2349 2991 2350 2991 2351 2991 2351 2992 2350 2992 2352 2992 2352 2993 2350 2993 2353 2993 2353 2994 2350 2994 2354 2994 2353 2995 2354 2995 2355 2995 2356 2996 2357 2996 2358 2996 2358 2997 2357 2997 2359 2997 2358 2998 2359 2998 2354 2998 2354 2999 2359 2999 2360 2999 2354 3000 2360 3000 2355 3000 2356 3001 2358 3001 2361 3001 2361 3002 2358 3002 2330 3002 2361 3003 2330 3003 2362 3003 2362 3004 2330 3004 2363 3004 2363 3005 2330 3005 2329 3005 2363 3006 2329 3006 2364 3006 2365 3007 2366 3007 2367 3007 2367 3008 2366 3008 2368 3008 2367 3009 2368 3009 2369 3009 2369 3010 2368 3010 2370 3010 2369 3011 2370 3011 2371 3011 2371 3012 2370 3012 2372 3012 2371 3013 2372 3013 2373 3013 2374 3014 2375 3014 2367 3014 2367 3015 2375 3015 2376 3015 2367 3016 2376 3016 2365 3016 2377 3017 2378 3017 2374 3017 2374 3018 2378 3018 2379 3018 2374 3019 2379 3019 2375 3019 2380 3020 2381 3020 2377 3020 2377 3021 2381 3021 2382 3021 2377 3022 2382 3022 2378 3022 2383 3023 2384 3023 2385 3023 2385 3024 2384 3024 2386 3024 2385 3025 2386 3025 2380 3025 2380 3026 2386 3026 2387 3026 2380 3027 2387 3027 2381 3027 2334 3028 2333 3028 2385 3028 2385 3029 2333 3029 2388 3029 2385 3030 2388 3030 2383 3030 2332 3031 2334 3031 2389 3031 2389 3032 2334 3032 2108 3032 2389 3033 2108 3033 2110 3033 2102 3034 2335 3034 2100 3034 2100 3035 2335 3035 2337 3035 2100 3036 2337 3036 2098 3036 2102 3037 2331 3037 2335 3037 2335 3038 2331 3038 2390 3038 2335 3039 2390 3039 2339 3039 2339 3040 2390 3040 2391 3040 2339 3041 2391 3041 2341 3041 2341 3042 2391 3042 2392 3042 2341 3043 2392 3043 2346 3043 2346 3044 2392 3044 2393 3044 2346 3045 2393 3045 2394 3045 2394 3046 2393 3046 2395 3046 2394 3047 2395 3047 2396 3047 2396 3048 2395 3048 2397 3048 2396 3049 2397 3049 2398 3049 2398 3050 2397 3050 2399 3050 2398 3051 2399 3051 2400 3051 2373 3052 2401 3052 2371 3052 2371 3053 2401 3053 2402 3053 2371 3054 2402 3054 2403 3054 2403 3055 2399 3055 2371 3055 2371 3056 2399 3056 2397 3056 2371 3057 2397 3057 2369 3057 2369 3058 2397 3058 2395 3058 2369 3059 2395 3059 2367 3059 2367 3060 2395 3060 2393 3060 2367 3061 2393 3061 2374 3061 2374 3062 2393 3062 2392 3062 2374 3063 2392 3063 2377 3063 2377 3064 2392 3064 2391 3064 2377 3065 2391 3065 2380 3065 2380 3066 2391 3066 2390 3066 2380 3067 2390 3067 2385 3067 2385 3068 2390 3068 2331 3068 2385 3069 2331 3069 2334 3069 2334 3070 2331 3070 2104 3070 2334 3071 2104 3071 2108 3071 2403 3072 2404 3072 2399 3072 2399 3073 2404 3073 2405 3073 2399 3074 2405 3074 2400 3074 2400 3075 2405 3075 2406 3075 2400 3076 2406 3076 2407 3076 2344 3077 2346 3077 2349 3077 2349 3078 2346 3078 2394 3078 2349 3079 2394 3079 2350 3079 2350 3080 2394 3080 2396 3080 2350 3081 2396 3081 2354 3081 2354 3082 2396 3082 2398 3082 2354 3083 2398 3083 2358 3083 2358 3084 2398 3084 2400 3084 2358 3085 2400 3085 2330 3085 2330 3086 2400 3086 2407 3086 2330 3087 2407 3087 2328 3087 2408 3088 2409 3088 2410 3088 2410 3089 2409 3089 2411 3089 2412 3090 2413 3090 1979 3090 1979 3091 2413 3091 2414 3091 1979 3092 2414 3092 1980 3092 2415 3093 2416 3093 2417 3093 2417 3094 2416 3094 2418 3094 2417 3095 2418 3095 2412 3095 2412 3096 2418 3096 2419 3096 2412 3097 2419 3097 2413 3097 1943 3098 1945 3098 2410 3098 2410 3099 1945 3099 2420 3099 2410 3100 2420 3100 2408 3100 2409 3101 2421 3101 2411 3101 2411 3102 2421 3102 2422 3102 2411 3103 2422 3103 2423 3103 2423 3104 2422 3104 2424 3104 2423 3105 2424 3105 2425 3105 2425 3106 2424 3106 2426 3106 2425 3107 2426 3107 2427 3107 2427 3108 2426 3108 2428 3108 2427 3109 2428 3109 2429 3109 2429 3110 2428 3110 2430 3110 2429 3111 2430 3111 2415 3111 2415 3112 2430 3112 2431 3112 2415 3113 2431 3113 2416 3113 2432 3114 2433 3114 2434 3114 2434 3115 2433 3115 2435 3115 2436 3116 2437 3116 2029 3116 2029 3117 2437 3117 2438 3117 2029 3118 2438 3118 2030 3118 2439 3119 2440 3119 2441 3119 2441 3120 2440 3120 2442 3120 2441 3121 2442 3121 2436 3121 2436 3122 2442 3122 2443 3122 2436 3123 2443 3123 2437 3123 1989 3124 1991 3124 2434 3124 2434 3125 1991 3125 2444 3125 2434 3126 2444 3126 2432 3126 2433 3127 2445 3127 2435 3127 2435 3128 2445 3128 2446 3128 2435 3129 2446 3129 2447 3129 2447 3130 2446 3130 2448 3130 2447 3131 2448 3131 2449 3131 2449 3132 2448 3132 2450 3132 2449 3133 2450 3133 2451 3133 2451 3134 2450 3134 2452 3134 2451 3135 2452 3135 2453 3135 2453 3136 2452 3136 2454 3136 2453 3137 2454 3137 2439 3137 2439 3138 2454 3138 2455 3138 2439 3139 2455 3139 2440 3139 2456 3140 2457 3140 2458 3140 2459 3141 2460 3141 2461 3141 2462 3142 2463 3142 2464 3142 2465 3143 2466 3143 2467 3143 2467 3144 2466 3144 2468 3144 2468 3145 2466 3145 2469 3145 2468 3146 2469 3146 2470 3146 2471 3147 2472 3147 2467 3147 2467 3148 2472 3148 2473 3148 2467 3149 2473 3149 2465 3149 2474 3150 2475 3150 2471 3150 2471 3151 2475 3151 2476 3151 2471 3152 2476 3152 2472 3152 2477 3153 2478 3153 2479 3153 2480 3154 2481 3154 2482 3154 2482 3155 2481 3155 2479 3155 2482 3156 2479 3156 2483 3156 2483 3157 2479 3157 2478 3157 2479 3158 2484 3158 2477 3158 2477 3159 2484 3159 2485 3159 2477 3160 2485 3160 2486 3160 2487 3161 2488 3161 2485 3161 2485 3162 2488 3162 2489 3162 2485 3163 2489 3163 2486 3163 2490 3164 2461 3164 2491 3164 2491 3165 2461 3165 2460 3165 2491 3166 2460 3166 2492 3166 2490 3167 2493 3167 2461 3167 2461 3168 2493 3168 2494 3168 2461 3169 2494 3169 2487 3169 2487 3170 2494 3170 2495 3170 2487 3171 2495 3171 2488 3171 2496 3172 2497 3172 2498 3172 2498 3173 2497 3173 2499 3173 2496 3174 2498 3174 2500 3174 2500 3175 2498 3175 2501 3175 2500 3176 2501 3176 2502 3176 2502 3177 2501 3177 2503 3177 2503 3178 2501 3178 2504 3178 2503 3179 2504 3179 2505 3179 2506 3180 2507 3180 2508 3180 2508 3181 2507 3181 2509 3181 2508 3182 2509 3182 2510 3182 2510 3183 2509 3183 2511 3183 2510 3184 2511 3184 2512 3184 2506 3185 2508 3185 2513 3185 2513 3186 2508 3186 2514 3186 2513 3187 2514 3187 2515 3187 2516 3188 2517 3188 2518 3188 2518 3189 2517 3189 2519 3189 2518 3190 2519 3190 2515 3190 2520 3191 2521 3191 2522 3191 2522 3192 2521 3192 2523 3192 2522 3193 2523 3193 2524 3193 2524 3194 2525 3194 2526 3194 2526 3195 2525 3195 2527 3195 2526 3196 2527 3196 2516 3196 2464 3197 2463 3197 2528 3197 2528 3198 2463 3198 2529 3198 2528 3199 2529 3199 2530 3199 2531 3200 2532 3200 2533 3200 2533 3201 2532 3201 2534 3201 2533 3202 2534 3202 2464 3202 2464 3203 2534 3203 2535 3203 2464 3204 2535 3204 2462 3204 2536 3205 2537 3205 2538 3205 2538 3206 2537 3206 2539 3206 2540 3207 2541 3207 2542 3207 2540 3208 2542 3208 2543 3208 2541 3209 2544 3209 2542 3209 2542 3210 2544 3210 2545 3210 2542 3211 2545 3211 2536 3211 2536 3212 2545 3212 2546 3212 2536 3213 2546 3213 2537 3213 2547 3214 2548 3214 2549 3214 2549 3215 2548 3215 2550 3215 2549 3216 2550 3216 2551 3216 2551 3217 2550 3217 2552 3217 2552 3218 2550 3218 2553 3218 2552 3219 2553 3219 2554 3219 2555 3220 2556 3220 2553 3220 2553 3221 2556 3221 2557 3221 2553 3222 2557 3222 2554 3222 2558 3223 2559 3223 2560 3223 2560 3224 2559 3224 2561 3224 2560 3225 2561 3225 2555 3225 2555 3226 2561 3226 2562 3226 2555 3227 2562 3227 2556 3227 2558 3228 2560 3228 2563 3228 2563 3229 2560 3229 2564 3229 2563 3230 2564 3230 2565 3230 2566 3231 2567 3231 2568 3231 2568 3232 2567 3232 2569 3232 2570 3233 2571 3233 2572 3233 2572 3234 2571 3234 2573 3234 2572 3235 2573 3235 2567 3235 2567 3236 2573 3236 2574 3236 2567 3237 2574 3237 2569 3237 2570 3238 2572 3238 2575 3238 2575 3239 2572 3239 2576 3239 2575 3240 2576 3240 2577 3240 2577 3241 2576 3241 2578 3241 2577 3242 2578 3242 2579 3242 2459 3243 2498 3243 2580 3243 2580 3244 2498 3244 2499 3244 2580 3245 2499 3245 2581 3245 2548 3246 2582 3246 2542 3246 2542 3247 2582 3247 2583 3247 2542 3248 2583 3248 2543 3248 2459 3249 2461 3249 2498 3249 2498 3250 2461 3250 2487 3250 2498 3251 2487 3251 2501 3251 2501 3252 2487 3252 2485 3252 2501 3253 2485 3253 2504 3253 2504 3254 2485 3254 2484 3254 2504 3255 2484 3255 2584 3255 2584 3256 2484 3256 2479 3256 2584 3257 2479 3257 2585 3257 2585 3258 2479 3258 2481 3258 2585 3259 2481 3259 2586 3259 2586 3260 2481 3260 2587 3260 2586 3261 2587 3261 2588 3261 2588 3262 2587 3262 2589 3262 2588 3263 2589 3263 2590 3263 2515 3264 2514 3264 2518 3264 2518 3265 2514 3265 2591 3265 2518 3266 2591 3266 2592 3266 2592 3267 2591 3267 2593 3267 2592 3268 2593 3268 2594 3268 2594 3269 2593 3269 2595 3269 2594 3270 2595 3270 2596 3270 2548 3271 2542 3271 2550 3271 2550 3272 2542 3272 2536 3272 2550 3273 2536 3273 2553 3273 2553 3274 2536 3274 2538 3274 2553 3275 2538 3275 2555 3275 2555 3276 2538 3276 2597 3276 2555 3277 2597 3277 2560 3277 2560 3278 2597 3278 2598 3278 2560 3279 2598 3279 2564 3279 2564 3280 2598 3280 2599 3280 2564 3281 2599 3281 2600 3281 2600 3282 2599 3282 2601 3282 2600 3283 2601 3283 2602 3283 2602 3284 2601 3284 2603 3284 2602 3285 2603 3285 2604 3285 2470 3286 2605 3286 2468 3286 2468 3287 2605 3287 2606 3287 2468 3288 2606 3288 2607 3288 2607 3289 2589 3289 2468 3289 2468 3290 2589 3290 2587 3290 2468 3291 2587 3291 2467 3291 2467 3292 2587 3292 2481 3292 2467 3293 2481 3293 2471 3293 2471 3294 2481 3294 2480 3294 2471 3295 2480 3295 2474 3295 2607 3296 2608 3296 2589 3296 2589 3297 2608 3297 2609 3297 2589 3298 2609 3298 2590 3298 2590 3299 2609 3299 2610 3299 2590 3300 2610 3300 2611 3300 2611 3301 2595 3301 2590 3301 2590 3302 2595 3302 2593 3302 2590 3303 2593 3303 2588 3303 2588 3304 2593 3304 2591 3304 2588 3305 2591 3305 2586 3305 2586 3306 2591 3306 2514 3306 2586 3307 2514 3307 2585 3307 2585 3308 2514 3308 2508 3308 2585 3309 2508 3309 2584 3309 2584 3310 2508 3310 2510 3310 2584 3311 2510 3311 2504 3311 2504 3312 2510 3312 2512 3312 2504 3313 2512 3313 2505 3313 2611 3314 2612 3314 2595 3314 2595 3315 2612 3315 2613 3315 2595 3316 2613 3316 2596 3316 2596 3317 2613 3317 2614 3317 2596 3318 2614 3318 2615 3318 2516 3319 2518 3319 2526 3319 2526 3320 2518 3320 2592 3320 2526 3321 2592 3321 2616 3321 2616 3322 2592 3322 2594 3322 2616 3323 2594 3323 2617 3323 2617 3324 2594 3324 2596 3324 2617 3325 2596 3325 2618 3325 2618 3326 2596 3326 2615 3326 2618 3327 2615 3327 2619 3327 2524 3328 2526 3328 2522 3328 2522 3329 2526 3329 2616 3329 2522 3330 2616 3330 2620 3330 2620 3331 2616 3331 2617 3331 2620 3332 2617 3332 2621 3332 2621 3333 2617 3333 2618 3333 2621 3334 2618 3334 2458 3334 2458 3335 2618 3335 2619 3335 2458 3336 2619 3336 2456 3336 2457 3337 2622 3337 2458 3337 2458 3338 2622 3338 2623 3338 2458 3339 2623 3339 2621 3339 2621 3340 2623 3340 2624 3340 2621 3341 2624 3341 2620 3341 2620 3342 2624 3342 2528 3342 2620 3343 2528 3343 2522 3343 2522 3344 2528 3344 2530 3344 2522 3345 2530 3345 2520 3345 2457 3346 2625 3346 2622 3346 2622 3347 2625 3347 2626 3347 2622 3348 2626 3348 2627 3348 2627 3349 2603 3349 2622 3349 2622 3350 2603 3350 2601 3350 2622 3351 2601 3351 2623 3351 2623 3352 2601 3352 2599 3352 2623 3353 2599 3353 2624 3353 2624 3354 2599 3354 2598 3354 2624 3355 2598 3355 2528 3355 2528 3356 2598 3356 2597 3356 2528 3357 2597 3357 2464 3357 2464 3358 2597 3358 2538 3358 2464 3359 2538 3359 2533 3359 2533 3360 2538 3360 2539 3360 2533 3361 2539 3361 2531 3361 2627 3362 2628 3362 2603 3362 2603 3363 2628 3363 2629 3363 2603 3364 2629 3364 2604 3364 2604 3365 2629 3365 2630 3365 2604 3366 2630 3366 2631 3366 2565 3367 2564 3367 2566 3367 2566 3368 2564 3368 2600 3368 2566 3369 2600 3369 2567 3369 2567 3370 2600 3370 2602 3370 2567 3371 2602 3371 2572 3371 2572 3372 2602 3372 2604 3372 2572 3373 2604 3373 2576 3373 2576 3374 2604 3374 2631 3374 2576 3375 2631 3375 2578 3375 2632 3376 2633 3376 2634 3376 2635 3377 2636 3377 2637 3377 2638 3378 2639 3378 2640 3378 2641 3379 2642 3379 2638 3379 2635 3380 2643 3380 2636 3380 2636 3381 2643 3381 2644 3381 2636 3382 2644 3382 2645 3382 2645 3383 2644 3383 2646 3383 2645 3384 2646 3384 2641 3384 2641 3385 2646 3385 2647 3385 2641 3386 2647 3386 2642 3386 2648 3387 2649 3387 2637 3387 2637 3388 2649 3388 2650 3388 2637 3389 2650 3389 2635 3389 2651 3390 2652 3390 2653 3390 2653 3391 2652 3391 2654 3391 2653 3392 2654 3392 2648 3392 2648 3393 2654 3393 2655 3393 2648 3394 2655 3394 2649 3394 2656 3395 2657 3395 2658 3395 2658 3396 2657 3396 2659 3396 2658 3397 2659 3397 2653 3397 2653 3398 2659 3398 2660 3398 2653 3399 2660 3399 2651 3399 2656 3400 2658 3400 2661 3400 2661 3401 2658 3401 2662 3401 2661 3402 2662 3402 2663 3402 2663 3403 2662 3403 2664 3403 2663 3404 2664 3404 2665 3404 2666 3405 2667 3405 2668 3405 2669 3406 2670 3406 2671 3406 2671 3407 2670 3407 2672 3407 2671 3408 2672 3408 2666 3408 2666 3409 2672 3409 2673 3409 2666 3410 2673 3410 2667 3410 2633 3411 2674 3411 2634 3411 2634 3412 2674 3412 2675 3412 2634 3413 2675 3413 2671 3413 2671 3414 2675 3414 2676 3414 2671 3415 2676 3415 2669 3415 2677 3416 2678 3416 2679 3416 2632 3417 2680 3417 2681 3417 2681 3418 2680 3418 2679 3418 2681 3419 2679 3419 2682 3419 2682 3420 2679 3420 2678 3420 2679 3421 2683 3421 2677 3421 2677 3422 2683 3422 2684 3422 2677 3423 2684 3423 2685 3423 2686 3424 2687 3424 2688 3424 2688 3425 2687 3425 2689 3425 2688 3426 2689 3426 2684 3426 2684 3427 2689 3427 2690 3427 2684 3428 2690 3428 2685 3428 2691 3429 2692 3429 2641 3429 2638 3430 2640 3430 2641 3430 2641 3431 2640 3431 2693 3431 2641 3432 2693 3432 2691 3432 2686 3433 2645 3433 2694 3433 2694 3434 2645 3434 2641 3434 2694 3435 2641 3435 2695 3435 2695 3436 2641 3436 2692 3436 2632 3437 2634 3437 2680 3437 2680 3438 2634 3438 2671 3438 2680 3439 2671 3439 2696 3439 2696 3440 2671 3440 2666 3440 2696 3441 2666 3441 2697 3441 2668 3442 2698 3442 2666 3442 2666 3443 2698 3443 2699 3443 2666 3444 2699 3444 2697 3444 2697 3445 2699 3445 2700 3445 2697 3446 2700 3446 2701 3446 2686 3447 2688 3447 2645 3447 2645 3448 2688 3448 2684 3448 2645 3449 2684 3449 2636 3449 2636 3450 2684 3450 2683 3450 2636 3451 2683 3451 2637 3451 2637 3452 2683 3452 2679 3452 2637 3453 2679 3453 2648 3453 2648 3454 2679 3454 2680 3454 2648 3455 2680 3455 2653 3455 2653 3456 2680 3456 2696 3456 2653 3457 2696 3457 2658 3457 2658 3458 2696 3458 2697 3458 2658 3459 2697 3459 2662 3459 2662 3460 2697 3460 2701 3460 2662 3461 2701 3461 2664 3461 2543 3462 2583 3462 2702 3462 2702 3463 2583 3463 2582 3463 2703 3464 2704 3464 2705 3464 2547 3465 2706 3465 2548 3465 2548 3466 2706 3466 2703 3466 2548 3467 2703 3467 2582 3467 2582 3468 2703 3468 2705 3468 2582 3469 2705 3469 2702 3469 2702 3470 2705 3470 2707 3470 2708 3471 2693 3471 2640 3471 2709 3472 2708 3472 2710 3472 2710 3473 2708 3473 2640 3473 2710 3474 2640 3474 2711 3474 2711 3475 2640 3475 2639 3475 2712 3476 2713 3476 2714 3476 2715 3477 2716 3477 2717 3477 2715 3478 2717 3478 2714 3478 2714 3479 2717 3479 2718 3479 2714 3480 2718 3480 2712 3480 2719 3481 2720 3481 2721 3481 2719 3482 2721 3482 2722 3482 2722 3483 2721 3483 2723 3483 2722 3484 2723 3484 2724 3484 2724 3485 2723 3485 2725 3485 2724 3486 2725 3486 2726 3486 2727 3487 2728 3487 2729 3487 2729 3488 2728 3488 2730 3488 2729 3489 2730 3489 2725 3489 2725 3490 2730 3490 2731 3490 2725 3491 2731 3491 2726 3491 2727 3492 2729 3492 2732 3492 2732 3493 2729 3493 2733 3493 2732 3494 2733 3494 2734 3494 2734 3495 2733 3495 2735 3495 2735 3496 2733 3496 2736 3496 2735 3497 2736 3497 2737 3497 2737 3498 2736 3498 2738 3498 2738 3499 2736 3499 2739 3499 2738 3500 2739 3500 2740 3500 2740 3501 2739 3501 2741 3501 2741 3502 2739 3502 2742 3502 2741 3503 2742 3503 2743 3503 2744 3504 2717 3504 2745 3504 2745 3505 2717 3505 2716 3505 2744 3506 2746 3506 2747 3506 2747 3507 2746 3507 2748 3507 2747 3508 2748 3508 2742 3508 2742 3509 2748 3509 2749 3509 2742 3510 2749 3510 2743 3510 2747 3511 2750 3511 2751 3511 2744 3512 2747 3512 2717 3512 2717 3513 2747 3513 2751 3513 2717 3514 2751 3514 2718 3514 2750 3515 2747 3515 2752 3515 2752 3516 2747 3516 2742 3516 2752 3517 2742 3517 2753 3517 2754 3518 2755 3518 2756 3518 2756 3519 2755 3519 2757 3519 2756 3520 2757 3520 2758 3520 2759 3521 2760 3521 2761 3521 2761 3522 2760 3522 2762 3522 2761 3523 2762 3523 2754 3523 2754 3524 2762 3524 2763 3524 2754 3525 2763 3525 2755 3525 2759 3526 2761 3526 2764 3526 2764 3527 2761 3527 2765 3527 2764 3528 2765 3528 2766 3528 2767 3529 2768 3529 2769 3529 2769 3530 2768 3530 2770 3530 2771 3531 2772 3531 2773 3531 2773 3532 2772 3532 2774 3532 2773 3533 2774 3533 2768 3533 2768 3534 2774 3534 2775 3534 2768 3535 2775 3535 2770 3535 2771 3536 2773 3536 2776 3536 2776 3537 2773 3537 2777 3537 2776 3538 2777 3538 2778 3538 2778 3539 2777 3539 2779 3539 2778 3540 2779 3540 2780 3540 2721 3541 2781 3541 2723 3541 2723 3542 2781 3542 2782 3542 2723 3543 2782 3543 2725 3543 2725 3544 2782 3544 2783 3544 2725 3545 2783 3545 2729 3545 2729 3546 2783 3546 2765 3546 2729 3547 2765 3547 2733 3547 2733 3548 2765 3548 2761 3548 2733 3549 2761 3549 2736 3549 2736 3550 2761 3550 2754 3550 2736 3551 2754 3551 2739 3551 2739 3552 2754 3552 2756 3552 2739 3553 2756 3553 2742 3553 2742 3554 2756 3554 2758 3554 2742 3555 2758 3555 2753 3555 2721 3556 2784 3556 2781 3556 2781 3557 2784 3557 2785 3557 2781 3558 2785 3558 2786 3558 2766 3559 2765 3559 2767 3559 2767 3560 2765 3560 2783 3560 2767 3561 2783 3561 2768 3561 2768 3562 2783 3562 2782 3562 2768 3563 2782 3563 2773 3563 2773 3564 2782 3564 2781 3564 2773 3565 2781 3565 2777 3565 2777 3566 2781 3566 2786 3566 2777 3567 2786 3567 2779 3567 2787 3568 2492 3568 2460 3568 2581 3569 2788 3569 2580 3569 2580 3570 2788 3570 2789 3570 2580 3571 2789 3571 2459 3571 2459 3572 2789 3572 2790 3572 2459 3573 2790 3573 2460 3573 2460 3574 2790 3574 2791 3574 2460 3575 2791 3575 2787 3575 2792 3576 2793 3576 2524 3576 2524 3577 2793 3577 2525 3577 2525 3578 2793 3578 2794 3578 2525 3579 2794 3579 2527 3579 2527 3580 2794 3580 2516 3580 2516 3581 2794 3581 2795 3581 2516 3582 2795 3582 2517 3582 2796 3583 2797 3583 2539 3583 2524 3584 2523 3584 2792 3584 2792 3585 2523 3585 2521 3585 2792 3586 2521 3586 2798 3586 2798 3587 2521 3587 2520 3587 2798 3588 2520 3588 2799 3588 2520 3589 2530 3589 2799 3589 2799 3590 2530 3590 2529 3590 2799 3591 2529 3591 2800 3591 2800 3592 2529 3592 2463 3592 2800 3593 2463 3593 2462 3593 2517 3594 2795 3594 2519 3594 2519 3595 2795 3595 2801 3595 2519 3596 2801 3596 2515 3596 2515 3597 2801 3597 2802 3597 2515 3598 2802 3598 2513 3598 2513 3599 2802 3599 2506 3599 2506 3600 2802 3600 2803 3600 2506 3601 2803 3601 2507 3601 2507 3602 2803 3602 2509 3602 2509 3603 2803 3603 2804 3603 2509 3604 2804 3604 2511 3604 2511 3605 2804 3605 2805 3605 2511 3606 2805 3606 2512 3606 2462 3607 2535 3607 2800 3607 2800 3608 2535 3608 2534 3608 2800 3609 2534 3609 2806 3609 2806 3610 2534 3610 2532 3610 2806 3611 2532 3611 2797 3611 2797 3612 2532 3612 2531 3612 2797 3613 2531 3613 2539 3613 2807 3614 2808 3614 2809 3614 2810 3615 2811 3615 2812 3615 2812 3616 2811 3616 2813 3616 2812 3617 2813 3617 2814 3617 2815 3618 2816 3618 2817 3618 2817 3619 2816 3619 2818 3619 2819 3620 2810 3620 2820 3620 2820 3621 2810 3621 2812 3621 2820 3622 2812 3622 2821 3622 2821 3623 2812 3623 2822 3623 2821 3624 2822 3624 2823 3624 2814 3625 2824 3625 2812 3625 2812 3626 2824 3626 2825 3626 2812 3627 2825 3627 2539 3627 2539 3628 2825 3628 2826 3628 2539 3629 2826 3629 2796 3629 2512 3630 2805 3630 2505 3630 2505 3631 2805 3631 2827 3631 2505 3632 2827 3632 2828 3632 2828 3633 2827 3633 2829 3633 2828 3634 2829 3634 2830 3634 2831 3635 2809 3635 2832 3635 2832 3636 2809 3636 2808 3636 2832 3637 2808 3637 2833 3637 2807 3638 2809 3638 2817 3638 2817 3639 2809 3639 2834 3639 2817 3640 2834 3640 2815 3640 2830 3641 2835 3641 2828 3641 2828 3642 2835 3642 2817 3642 2828 3643 2817 3643 2836 3643 2836 3644 2817 3644 2818 3644 2823 3645 2837 3645 2838 3645 2838 3646 2839 3646 2840 3646 2823 3647 2838 3647 2821 3647 2821 3648 2838 3648 2840 3648 2821 3649 2840 3649 2841 3649 2503 3650 2505 3650 2828 3650 2828 3651 2788 3651 2581 3651 2828 3652 2581 3652 2842 3652 2842 3653 2581 3653 2499 3653 2842 3654 2499 3654 2497 3654 2497 3655 2496 3655 2842 3655 2842 3656 2496 3656 2500 3656 2842 3657 2500 3657 2828 3657 2828 3658 2500 3658 2502 3658 2828 3659 2502 3659 2503 3659 2843 3660 2844 3660 2845 3660 2846 3661 2847 3661 2848 3661 2843 3662 2849 3662 2850 3662 2844 3663 2843 3663 2851 3663 2851 3664 2843 3664 2850 3664 2851 3665 2850 3665 2852 3665 2853 3666 2854 3666 2845 3666 2845 3667 2854 3667 2846 3667 2845 3668 2846 3668 2843 3668 2843 3669 2846 3669 2848 3669 2843 3670 2848 3670 2849 3670 2847 3671 2846 3671 2855 3671 2855 3672 2846 3672 2856 3672 2855 3673 2856 3673 2857 3673 2858 3674 2859 3674 2860 3674 2860 3675 2859 3675 2861 3675 2860 3676 2861 3676 2856 3676 2856 3677 2861 3677 2862 3677 2856 3678 2862 3678 2857 3678 2863 3679 2864 3679 2865 3679 2863 3680 2865 3680 2866 3680 2866 3681 2865 3681 2867 3681 2866 3682 2867 3682 2858 3682 2858 3683 2867 3683 2868 3683 2858 3684 2868 3684 2859 3684 2869 3685 2870 3685 2871 3685 2872 3686 2873 3686 2874 3686 2864 3687 2863 3687 2875 3687 2875 3688 2863 3688 2873 3688 2875 3689 2873 3689 2876 3689 2876 3690 2873 3690 2872 3690 2877 3691 2878 3691 2879 3691 2879 3692 2878 3692 2880 3692 2879 3693 2880 3693 2881 3693 2882 3694 2872 3694 2883 3694 2883 3695 2872 3695 2874 3695 2883 3696 2874 3696 2884 3696 2884 3697 2874 3697 2885 3697 2884 3698 2885 3698 2871 3698 2871 3699 2885 3699 2879 3699 2871 3700 2879 3700 2869 3700 2869 3701 2879 3701 2881 3701 2886 3702 2887 3702 2888 3702 2889 3703 2890 3703 2877 3703 2877 3704 2890 3704 2891 3704 2877 3705 2891 3705 2878 3705 2892 3706 2893 3706 2894 3706 2894 3707 2893 3707 2895 3707 2894 3708 2895 3708 2889 3708 2889 3709 2895 3709 2896 3709 2889 3710 2896 3710 2890 3710 2888 3711 2887 3711 2897 3711 2897 3712 2887 3712 2898 3712 2897 3713 2898 3713 2892 3713 2892 3714 2898 3714 2899 3714 2892 3715 2899 3715 2893 3715 2900 3716 2901 3716 2902 3716 2903 3717 2904 3717 2888 3717 2888 3718 2904 3718 2905 3718 2888 3719 2905 3719 2886 3719 2900 3720 2902 3720 2888 3720 2888 3721 2902 3721 2906 3721 2888 3722 2906 3722 2903 3722 2907 3723 2908 3723 2909 3723 2907 3724 2910 3724 2911 3724 2908 3725 2907 3725 2912 3725 2912 3726 2907 3726 2911 3726 2912 3727 2911 3727 2913 3727 2914 3728 2915 3728 2909 3728 2909 3729 2915 3729 2916 3729 2909 3730 2916 3730 2907 3730 2907 3731 2916 3731 2917 3731 2907 3732 2917 3732 2910 3732 2918 3733 2919 3733 2916 3733 2916 3734 2919 3734 2920 3734 2916 3735 2920 3735 2917 3735 2921 3736 2922 3736 2923 3736 2918 3737 2916 3737 2924 3737 2924 3738 2916 3738 2925 3738 2924 3739 2925 3739 2926 3739 2926 3740 2925 3740 2927 3740 2926 3741 2927 3741 2923 3741 2923 3742 2927 3742 2928 3742 2923 3743 2928 3743 2921 3743 2929 3744 2930 3744 2931 3744 2931 3745 2930 3745 2932 3745 2931 3746 2932 3746 2921 3746 2921 3747 2932 3747 2933 3747 2921 3748 2933 3748 2922 3748 2930 3749 2929 3749 2934 3749 2934 3750 2929 3750 1732 3750 2934 3751 1732 3751 2935 3751 2935 3752 1732 3752 1731 3752 2935 3753 1731 3753 2936 3753 2937 3754 2938 3754 1739 3754 1739 3755 2938 3755 2939 3755 1739 3756 2939 3756 1740 3756 1740 3757 2939 3757 2940 3757 1740 3758 2940 3758 2941 3758 2942 3759 2943 3759 2944 3759 2945 3760 2946 3760 2947 3760 2947 3761 2946 3761 2948 3761 2947 3762 2948 3762 2937 3762 2937 3763 2948 3763 2938 3763 2949 3764 2950 3764 2951 3764 2951 3765 2950 3765 2952 3765 2951 3766 2952 3766 2945 3766 2945 3767 2952 3767 2953 3767 2945 3768 2953 3768 2946 3768 2944 3769 2943 3769 2954 3769 2954 3770 2943 3770 2955 3770 2954 3771 2955 3771 2949 3771 2949 3772 2955 3772 2956 3772 2949 3773 2956 3773 2950 3773 2957 3774 2958 3774 2959 3774 2960 3775 2961 3775 2944 3775 2944 3776 2961 3776 2962 3776 2944 3777 2962 3777 2942 3777 2957 3778 2959 3778 2944 3778 2944 3779 2959 3779 2963 3779 2944 3780 2963 3780 2960 3780 2964 3781 2965 3781 2966 3781 2967 3782 2968 3782 2969 3782 2964 3783 2970 3783 2971 3783 2965 3784 2964 3784 2972 3784 2972 3785 2964 3785 2971 3785 2972 3786 2971 3786 2973 3786 2974 3787 2975 3787 2966 3787 2966 3788 2975 3788 2967 3788 2966 3789 2967 3789 2964 3789 2964 3790 2967 3790 2969 3790 2964 3791 2969 3791 2970 3791 2976 3792 2977 3792 2978 3792 2978 3793 2977 3793 2979 3793 2978 3794 2979 3794 2980 3794 2968 3795 2967 3795 2980 3795 2980 3796 2967 3796 2981 3796 2980 3797 2981 3797 2978 3797 2982 3798 2983 3798 2984 3798 2984 3799 2983 3799 2985 3799 2976 3800 2978 3800 2985 3800 2985 3801 2978 3801 2986 3801 2985 3802 2986 3802 2984 3802 2982 3803 2984 3803 2987 3803 2987 3804 2984 3804 2988 3804 2987 3805 2988 3805 2989 3805 2990 3806 2991 3806 2992 3806 2993 3807 2994 3807 2995 3807 2996 3808 2997 3808 2998 3808 2998 3809 2997 3809 2999 3809 2998 3810 2999 3810 3000 3810 2989 3811 2988 3811 3001 3811 3001 3812 2988 3812 2991 3812 3001 3813 2991 3813 3002 3813 3002 3814 2991 3814 2990 3814 3003 3815 2990 3815 3004 3815 3004 3816 2990 3816 2992 3816 3004 3817 2992 3817 3005 3817 3005 3818 2992 3818 3006 3818 3005 3819 3006 3819 2995 3819 2995 3820 3006 3820 2998 3820 2995 3821 2998 3821 2993 3821 2993 3822 2998 3822 3000 3822 3007 3823 3008 3823 3009 3823 3010 3824 3011 3824 2996 3824 2996 3825 3011 3825 3012 3825 2996 3826 3012 3826 2997 3826 3013 3827 3014 3827 3015 3827 3015 3828 3014 3828 3016 3828 3015 3829 3016 3829 3010 3829 3010 3830 3016 3830 3017 3830 3010 3831 3017 3831 3011 3831 3009 3832 3008 3832 3018 3832 3018 3833 3008 3833 3019 3833 3018 3834 3019 3834 3013 3834 3013 3835 3019 3835 3020 3835 3013 3836 3020 3836 3014 3836 3021 3837 3022 3837 3023 3837 3024 3838 3025 3838 3009 3838 3009 3839 3025 3839 3026 3839 3009 3840 3026 3840 3007 3840 3021 3841 3023 3841 3009 3841 3009 3842 3023 3842 3027 3842 3009 3843 3027 3843 3024 3843 2539 3844 2537 3844 2812 3844 2812 3845 2537 3845 2546 3845 2540 3846 2543 3846 3028 3846 2545 3847 2544 3847 3028 3847 3028 3848 2544 3848 2541 3848 3028 3849 2541 3849 2540 3849 2543 3850 2702 3850 3028 3850 3028 3851 2702 3851 2812 3851 3028 3852 2812 3852 2545 3852 2545 3853 2812 3853 2546 3853 3029 3854 3030 3854 3031 3854 3032 3855 3033 3855 3029 3855 3032 3856 3029 3856 65 3856 65 3857 3029 3857 3031 3857 65 3858 3031 3858 63 3858 3030 3859 3034 3859 3031 3859 3031 3860 3034 3860 3035 3860 3031 3861 3035 3861 63 3861 3036 3862 3030 3862 3037 3862 3037 3863 3030 3863 3029 3863 3033 3864 3038 3864 3039 3864 3039 3865 3040 3865 3033 3865 3033 3866 3040 3866 3041 3866 3033 3867 3041 3867 3042 3867 3037 3868 3029 3868 3043 3868 3043 3869 3029 3869 3033 3869 3043 3870 3033 3870 3044 3870 3044 3871 3033 3871 3042 3871 3032 3872 65 3872 66 3872 57 3873 3045 3873 3046 3873 3046 3874 3047 3874 57 3874 57 3875 3047 3875 3048 3875 57 3876 3048 3876 55 3876 55 3877 3048 3877 3038 3877 55 3878 3038 3878 66 3878 66 3879 3038 3879 3033 3879 66 3880 3033 3880 3032 3880 3045 3881 57 3881 3049 3881 3049 3882 57 3882 303 3882 3049 3883 303 3883 3050 3883 3051 3884 3052 3884 3053 3884 3053 3885 3052 3885 3054 3885 3055 3886 3053 3886 3056 3886 3056 3887 3053 3887 3054 3887 3056 3888 3054 3888 305 3888 305 3889 3054 3889 3057 3889 305 3890 3057 3890 3058 3890 3058 3891 3059 3891 305 3891 305 3892 3059 3892 3050 3892 305 3893 3050 3893 303 3893 309 3894 311 3894 3060 3894 3056 3895 305 3895 3061 3895 3061 3896 305 3896 307 3896 3061 3897 307 3897 3062 3897 3062 3898 307 3898 309 3898 3062 3899 309 3899 3063 3899 3063 3900 309 3900 3060 3900 3064 3901 3065 3901 311 3901 311 3902 3065 3902 3066 3902 311 3903 3066 3903 3060 3903 3064 3904 311 3904 3067 3904 3067 3905 311 3905 312 3905 3067 3906 312 3906 3068 3906 3068 3907 312 3907 315 3907 3068 3908 315 3908 3069 3908 3070 3909 314 3909 3071 3909 3071 3910 314 3910 3072 3910 3069 3911 315 3911 3073 3911 3073 3912 315 3912 314 3912 3073 3913 314 3913 3074 3913 3074 3914 314 3914 3070 3914 3075 3915 3072 3915 314 3915 3075 3916 314 3916 3076 3916 3076 3917 314 3917 313 3917 3076 3918 313 3918 3077 3918 3077 3919 313 3919 299 3919 3077 3920 299 3920 3078 3920 3079 3921 3080 3921 298 3921 3080 3922 3081 3922 298 3922 298 3923 3081 3923 3082 3923 298 3924 3082 3924 299 3924 299 3925 3082 3925 3083 3925 299 3926 3083 3926 3078 3926 298 3927 297 3927 3079 3927 3079 3928 297 3928 296 3928 3079 3929 296 3929 3084 3929 3085 3930 3086 3930 3087 3930 296 3931 294 3931 3088 3931 3088 3932 3089 3932 296 3932 296 3933 3089 3933 3085 3933 296 3934 3085 3934 3084 3934 3084 3935 3085 3935 3087 3935 3035 3936 3034 3936 3090 3936 3091 3937 3092 3937 3034 3937 3030 3938 3036 3938 3034 3938 3034 3939 3036 3939 3093 3939 3034 3940 3093 3940 3091 3940 3092 3941 3094 3941 3034 3941 3034 3942 3094 3942 3095 3942 3034 3943 3095 3943 3090 3943 3088 3944 294 3944 3096 3944 3096 3945 294 3945 292 3945 3096 3946 292 3946 3097 3946 3097 3947 292 3947 3098 3947 3098 3948 292 3948 291 3948 3098 3949 291 3949 3099 3949 291 3950 290 3950 3099 3950 3099 3951 290 3951 61 3951 3099 3952 61 3952 3090 3952 3090 3953 61 3953 63 3953 3090 3954 63 3954 3035 3954 3100 3955 3101 3955 3102 3955 3101 3956 3103 3956 3102 3956 3102 3957 3103 3957 3104 3957 3102 3958 3104 3958 3105 3958 3106 3959 3107 3959 3108 3959 3108 3960 3107 3960 3109 3960 3108 3961 3109 3961 3110 3961 3110 3962 3109 3962 3111 3962 3110 3963 3111 3963 3112 3963 3112 3964 3111 3964 3113 3964 3112 3965 3113 3965 3102 3965 3102 3966 3113 3966 3114 3966 3102 3967 3114 3967 3100 3967 3100 3968 3114 3968 3115 3968 3100 3969 3115 3969 3116 3969 3117 3970 3118 3970 3119 3970 3117 3971 3119 3971 3120 3971 3120 3972 3119 3972 3121 3972 3120 3973 3121 3973 3122 3973 3123 3974 3124 3974 3125 3974 3122 3975 3121 3975 3126 3975 3126 3976 3121 3976 3127 3976 3126 3977 3127 3977 3128 3977 3129 3978 3130 3978 3131 3978 3125 3979 3132 3979 3133 3979 3133 3980 3132 3980 3134 3980 3133 3981 3134 3981 3129 3981 3128 3982 3132 3982 3126 3982 3126 3983 3132 3983 3125 3983 3126 3984 3125 3984 3135 3984 3135 3985 3125 3985 3124 3985 3129 3986 3131 3986 3133 3986 3133 3987 3131 3987 3136 3987 3133 3988 3136 3988 3125 3988 3125 3989 3136 3989 3137 3989 3125 3990 3137 3990 3123 3990 3118 3991 3138 3991 3119 3991 3119 3992 3138 3992 3139 3992 3119 3993 3139 3993 3140 3993 3140 3994 3139 3994 3141 3994 3140 3995 3141 3995 3106 3995 3106 3996 3141 3996 3142 3996 3106 3997 3142 3997 3107 3997 3143 3998 3144 3998 3145 3998 3146 3999 3147 3999 3143 3999 3146 4000 3143 4000 179 4000 179 4001 3143 4001 3145 4001 179 4002 3145 4002 177 4002 3144 4003 3148 4003 3145 4003 3145 4004 3148 4004 3149 4004 3145 4005 3149 4005 177 4005 3150 4006 3151 4006 329 4006 329 4007 3151 4007 330 4007 3152 4008 3150 4008 3153 4008 3153 4009 3150 4009 329 4009 3153 4010 329 4010 3154 4010 3154 4011 329 4011 328 4011 3154 4012 328 4012 3155 4012 3155 4013 328 4013 3156 4013 3156 4014 328 4014 322 4014 3156 4015 322 4015 3157 4015 319 4016 3158 4016 321 4016 321 4017 3158 4017 3159 4017 321 4018 3159 4018 322 4018 322 4019 3159 4019 3160 4019 322 4020 3160 4020 3157 4020 317 4021 3161 4021 319 4021 319 4022 3161 4022 3162 4022 319 4023 3162 4023 3158 4023 3163 4024 3164 4024 317 4024 317 4025 3164 4025 3165 4025 317 4026 3165 4026 3161 4026 188 4027 3166 4027 317 4027 317 4028 3166 4028 3167 4028 317 4029 3167 4029 3163 4029 3166 4030 188 4030 186 4030 183 4031 177 4031 3168 4031 3168 4032 177 4032 3149 4032 3168 4033 3149 4033 3148 4033 3169 4034 3170 4034 3148 4034 3144 4035 3171 4035 3148 4035 3148 4036 3171 4036 3172 4036 3148 4037 3172 4037 3169 4037 3170 4038 3173 4038 3148 4038 3148 4039 3173 4039 3174 4039 3148 4040 3174 4040 3168 4040 183 4041 3168 4041 184 4041 184 4042 3168 4042 3175 4042 184 4043 3175 4043 186 4043 186 4044 3175 4044 3176 4044 186 4045 3176 4045 3166 4045 3171 4046 3144 4046 3177 4046 3177 4047 3144 4047 3143 4047 3178 4048 3179 4048 3147 4048 3147 4049 3179 4049 3180 4049 3180 4050 3181 4050 3147 4050 3147 4051 3181 4051 3182 4051 3147 4052 3182 4052 3143 4052 3143 4053 3182 4053 3183 4053 3143 4054 3183 4054 3177 4054 3146 4055 179 4055 181 4055 3146 4056 181 4056 3147 4056 3178 4057 3147 4057 3184 4057 3184 4058 3147 4058 181 4058 3184 4059 181 4059 3185 4059 3185 4060 181 4060 182 4060 3185 4061 182 4061 3186 4061 159 4062 3187 4062 3188 4062 159 4063 3188 4063 160 4063 160 4064 3188 4064 3189 4064 160 4065 3189 4065 182 4065 182 4066 3189 4066 3190 4066 182 4067 3190 4067 3186 4067 3187 4068 159 4068 3191 4068 3191 4069 159 4069 162 4069 3191 4070 162 4070 3192 4070 3193 4071 3194 4071 168 4071 168 4072 3194 4072 3195 4072 168 4073 3195 4073 3196 4073 3196 4074 3197 4074 168 4074 168 4075 3197 4075 3192 4075 168 4076 3192 4076 162 4076 3198 4077 324 4077 323 4077 3193 4078 168 4078 327 4078 3199 4079 3200 4079 327 4079 327 4080 3200 4080 3201 4080 327 4081 3201 4081 3193 4081 3198 4082 3202 4082 324 4082 324 4083 3202 4083 3199 4083 324 4084 3199 4084 326 4084 326 4085 3199 4085 327 4085 3203 4086 3198 4086 3204 4086 3204 4087 3198 4087 323 4087 3204 4088 323 4088 3151 4088 3151 4089 323 4089 330 4089 3205 4090 3206 4090 3207 4090 3207 4091 3206 4091 3208 4091 3207 4092 3208 4092 3209 4092 3209 4093 3208 4093 3210 4093 3209 4094 3210 4094 3211 4094 3211 4095 3210 4095 3212 4095 3211 4096 3212 4096 3213 4096 3213 4097 3212 4097 3214 4097 3213 4098 3214 4098 3215 4098 3207 4099 3216 4099 3205 4099 3205 4100 3216 4100 3217 4100 3205 4101 3217 4101 3218 4101 3218 4102 3217 4102 3219 4102 3218 4103 3219 4103 3220 4103 3220 4104 3219 4104 3221 4104 3220 4105 3221 4105 3222 4105 3222 4106 3221 4106 3223 4106 3222 4107 3223 4107 3224 4107 3224 4108 3223 4108 3225 4108 3224 4109 3225 4109 3226 4109 3226 4110 3225 4110 3227 4110 3226 4111 3227 4111 3228 4111 3228 4112 3227 4112 3229 4112 3228 4113 3229 4113 3230 4113 3230 4114 3229 4114 3231 4114 3232 4115 3233 4115 3234 4115 3234 4116 3231 4116 3235 4116 3235 4117 3236 4117 3234 4117 3234 4118 3236 4118 3237 4118 3234 4119 3237 4119 3238 4119 3238 4120 3237 4120 3239 4120 3238 4121 3239 4121 3240 4121 3233 4122 3241 4122 3234 4122 3234 4123 3241 4123 3242 4123 3234 4124 3242 4124 3231 4124 3231 4125 3242 4125 3243 4125 3231 4126 3243 4126 3244 4126 3245 4127 3234 4127 3246 4127 3246 4128 3234 4128 3238 4128 3246 4129 3238 4129 3247 4129 3247 4130 3238 4130 3240 4130 3247 4131 3240 4131 3248 4131 3245 4132 3249 4132 3234 4132 3234 4133 3249 4133 3250 4133 3234 4134 3250 4134 3232 4134 3244 4135 3251 4135 3231 4135 3231 4136 3251 4136 3252 4136 3231 4137 3252 4137 3230 4137 3150 4138 3152 4138 3253 4138 3254 4139 3255 4139 3151 4139 3214 4140 3256 4140 3254 4140 3203 4141 3204 4141 3257 4141 3257 4142 3204 4142 3151 4142 3257 4143 3151 4143 3258 4143 3258 4144 3151 4144 3255 4144 3253 4145 3259 4145 3215 4145 3151 4146 3150 4146 3254 4146 3254 4147 3150 4147 3253 4147 3254 4148 3253 4148 3214 4148 3214 4149 3253 4149 3215 4149 3260 4150 3261 4150 3262 4150 3263 4151 3264 4151 3265 4151 3266 4152 3267 4152 3268 4152 3269 4153 3270 4153 3271 4153 3061 4154 3062 4154 3272 4154 3263 4155 3273 4155 3274 4155 3068 4156 3275 4156 3067 4156 3067 4157 3275 4157 3276 4157 3068 4158 3069 4158 3275 4158 3275 4159 3069 4159 3277 4159 3275 4160 3277 4160 3278 4160 3279 4161 3276 4161 3280 4161 3280 4162 3276 4162 3275 4162 3280 4163 3275 4163 3262 4163 3262 4164 3275 4164 3278 4164 3262 4165 3278 4165 3260 4165 3279 4166 3281 4166 3282 4166 3063 4167 3060 4167 3282 4167 3282 4168 3060 4168 3066 4168 3282 4169 3066 4169 3279 4169 3279 4170 3066 4170 3065 4170 3279 4171 3065 4171 3276 4171 3276 4172 3065 4172 3064 4172 3276 4173 3064 4173 3067 4173 3270 4174 3052 4174 3271 4174 3271 4175 3052 4175 3051 4175 3271 4176 3051 4176 3283 4176 3283 4177 3051 4177 3053 4177 3283 4178 3053 4178 3055 4178 3274 4179 3269 4179 3263 4179 3263 4180 3269 4180 3271 4180 3263 4181 3271 4181 3264 4181 3264 4182 3271 4182 3283 4182 3264 4183 3283 4183 3284 4183 3284 4184 3283 4184 3055 4184 3284 4185 3055 4185 3272 4185 3272 4186 3055 4186 3056 4186 3272 4187 3056 4187 3061 4187 3268 4188 3285 4188 3266 4188 3266 4189 3285 4189 3286 4189 3266 4190 3286 4190 3287 4190 3287 4191 3286 4191 3288 4191 3287 4192 3288 4192 3289 4192 3290 4193 3267 4193 3291 4193 3291 4194 3267 4194 3266 4194 3291 4195 3266 4195 3265 4195 3265 4196 3266 4196 3287 4196 3265 4197 3287 4197 3263 4197 3263 4198 3287 4198 3289 4198 3263 4199 3289 4199 3273 4199 3261 4200 3290 4200 3262 4200 3262 4201 3290 4201 3291 4201 3262 4202 3291 4202 3280 4202 3280 4203 3291 4203 3265 4203 3280 4204 3265 4204 3279 4204 3279 4205 3265 4205 3264 4205 3279 4206 3264 4206 3281 4206 3281 4207 3264 4207 3284 4207 3281 4208 3284 4208 3282 4208 3282 4209 3284 4209 3272 4209 3282 4210 3272 4210 3063 4210 3063 4211 3272 4211 3062 4211 3273 4212 3289 4212 3292 4212 3293 4213 3294 4213 3295 4213 3296 4214 3297 4214 3298 4214 3299 4215 3052 4215 3270 4215 3300 4216 3296 4216 3301 4216 3301 4217 3296 4217 3298 4217 3301 4218 3298 4218 3302 4218 3303 4219 3304 4219 3305 4219 3305 4220 3304 4220 3306 4220 3305 4221 3306 4221 3307 4221 3308 4222 3309 4222 3310 4222 3310 4223 3309 4223 3311 4223 3310 4224 3311 4224 3312 4224 3311 4225 3293 4225 3312 4225 3312 4226 3293 4226 3295 4226 3312 4227 3295 4227 3306 4227 3285 4228 3268 4228 3313 4228 3314 4229 3315 4229 3316 4229 3316 4230 3315 4230 3317 4230 3313 4231 3314 4231 3285 4231 3285 4232 3314 4232 3316 4232 3285 4233 3316 4233 3286 4233 3286 4234 3316 4234 3318 4234 3286 4235 3318 4235 3288 4235 3288 4236 3318 4236 3289 4236 3318 4237 3319 4237 3289 4237 3289 4238 3319 4238 3302 4238 3289 4239 3302 4239 3292 4239 3292 4240 3302 4240 3298 4240 3292 4241 3298 4241 3320 4241 3320 4242 3298 4242 3297 4242 3320 4243 3297 4243 3299 4243 3299 4244 3270 4244 3320 4244 3320 4245 3270 4245 3269 4245 3320 4246 3269 4246 3292 4246 3292 4247 3269 4247 3274 4247 3292 4248 3274 4248 3273 4248 3116 4249 3321 4249 3322 4249 3322 4250 3321 4250 3323 4250 3322 4251 3323 4251 3307 4251 3307 4252 3306 4252 3322 4252 3322 4253 3306 4253 3295 4253 3322 4254 3295 4254 3116 4254 3294 4255 3116 4255 3295 4255 3317 4256 3308 4256 3316 4256 3316 4257 3308 4257 3310 4257 3316 4258 3310 4258 3318 4258 3318 4259 3310 4259 3312 4259 3318 4260 3312 4260 3319 4260 3319 4261 3312 4261 3306 4261 3319 4262 3306 4262 3302 4262 3302 4263 3306 4263 3304 4263 3302 4264 3304 4264 3301 4264 3301 4265 3304 4265 3303 4265 3301 4266 3303 4266 3300 4266 3107 4267 3142 4267 3324 4267 3141 4268 3139 4268 3325 4268 3326 4269 3323 4269 3321 4269 3297 4270 3296 4270 3327 4270 3327 4271 3296 4271 3300 4271 3300 4272 3303 4272 3327 4272 3327 4273 3303 4273 3305 4273 3327 4274 3305 4274 3326 4274 3326 4275 3305 4275 3307 4275 3326 4276 3307 4276 3323 4276 3054 4277 3052 4277 3299 4277 3325 4278 3328 4278 3329 4278 3330 4279 3331 4279 3332 4279 3332 4280 3331 4280 3333 4280 3332 4281 3333 4281 3329 4281 3329 4282 3333 4282 3324 4282 3329 4283 3324 4283 3325 4283 3325 4284 3324 4284 3142 4284 3325 4285 3142 4285 3141 4285 3107 4286 3324 4286 3109 4286 3109 4287 3324 4287 3333 4287 3109 4288 3333 4288 3111 4288 3111 4289 3333 4289 3331 4289 3111 4290 3331 4290 3113 4290 3054 4291 3330 4291 3057 4291 3057 4292 3330 4292 3332 4292 3057 4293 3332 4293 3058 4293 3058 4294 3332 4294 3329 4294 3058 4295 3329 4295 3059 4295 3059 4296 3329 4296 3328 4296 3059 4297 3328 4297 3050 4297 3114 4298 3326 4298 3115 4298 3115 4299 3326 4299 3321 4299 3115 4300 3321 4300 3116 4300 3299 4301 3297 4301 3054 4301 3054 4302 3297 4302 3327 4302 3054 4303 3327 4303 3330 4303 3330 4304 3327 4304 3326 4304 3330 4305 3326 4305 3331 4305 3331 4306 3326 4306 3114 4306 3331 4307 3114 4307 3113 4307 3334 4308 3335 4308 3336 4308 3337 4309 3338 4309 3339 4309 3340 4310 3341 4310 3072 4310 3342 4311 3343 4311 3078 4311 3072 4312 3075 4312 3340 4312 3340 4313 3075 4313 3076 4313 3340 4314 3076 4314 3343 4314 3343 4315 3076 4315 3077 4315 3343 4316 3077 4316 3078 4316 3335 4317 3341 4317 3336 4317 3336 4318 3341 4318 3340 4318 3336 4319 3340 4319 3344 4319 3344 4320 3340 4320 3343 4320 3344 4321 3343 4321 3345 4321 3338 4322 3346 4322 3339 4322 3339 4323 3346 4323 3347 4323 3339 4324 3347 4324 3348 4324 3349 4325 3350 4325 3351 4325 3351 4326 3350 4326 3352 4326 3353 4327 3354 4327 3349 4327 3349 4328 3354 4328 3355 4328 3349 4329 3355 4329 3350 4329 3087 4330 3086 4330 3353 4330 3345 4331 3343 4331 3356 4331 3356 4332 3343 4332 3342 4332 3356 4333 3342 4333 3357 4333 3080 4334 3358 4334 3081 4334 3081 4335 3358 4335 3357 4335 3081 4336 3357 4336 3082 4336 3082 4337 3357 4337 3342 4337 3082 4338 3342 4338 3083 4338 3083 4339 3342 4339 3078 4339 3353 4340 3349 4340 3087 4340 3087 4341 3349 4341 3079 4341 3087 4342 3079 4342 3084 4342 3359 4343 3360 4343 3361 4343 3361 4344 3337 4344 3359 4344 3359 4345 3337 4345 3339 4345 3359 4346 3339 4346 3362 4346 3362 4347 3339 4347 3348 4347 3362 4348 3348 4348 3363 4348 3363 4349 3348 4349 3364 4349 3363 4350 3364 4350 3365 4350 3365 4351 3364 4351 3366 4351 3365 4352 3366 4352 3367 4352 3367 4353 3366 4353 3368 4353 3352 4354 3368 4354 3351 4354 3351 4355 3368 4355 3366 4355 3351 4356 3366 4356 3369 4356 3369 4357 3366 4357 3364 4357 3369 4358 3364 4358 3370 4358 3370 4359 3364 4359 3348 4359 3370 4360 3348 4360 3371 4360 3371 4361 3348 4361 3347 4361 3346 4362 3334 4362 3347 4362 3347 4363 3334 4363 3336 4363 3347 4364 3336 4364 3371 4364 3371 4365 3336 4365 3344 4365 3371 4366 3344 4366 3370 4366 3370 4367 3344 4367 3345 4367 3370 4368 3345 4368 3369 4368 3369 4369 3345 4369 3356 4369 3369 4370 3356 4370 3351 4370 3351 4371 3356 4371 3357 4371 3351 4372 3357 4372 3349 4372 3349 4373 3357 4373 3358 4373 3349 4374 3358 4374 3079 4374 3079 4375 3358 4375 3080 4375 3335 4376 3334 4376 3372 4376 3294 4377 3293 4377 3373 4377 3314 4378 3374 4378 3375 4378 3278 4379 3277 4379 3376 4379 3290 4380 3261 4380 3376 4380 3376 4381 3261 4381 3260 4381 3376 4382 3260 4382 3278 4382 3377 4383 3313 4383 3267 4383 3267 4384 3313 4384 3268 4384 3317 4385 3315 4385 3378 4385 3311 4386 3309 4386 3378 4386 3378 4387 3309 4387 3308 4387 3378 4388 3308 4388 3317 4388 3100 4389 3116 4389 3294 4389 3379 4390 3380 4390 3381 4390 3381 4391 3380 4391 3382 4391 3383 4392 3384 4392 3385 4392 3385 4393 3384 4393 3386 4393 3385 4394 3386 4394 3387 4394 3387 4395 3386 4395 3388 4395 3389 4396 3390 4396 3391 4396 3391 4397 3390 4397 3392 4397 3391 4398 3392 4398 3393 4398 3394 4399 3361 4399 3360 4399 3346 4400 3338 4400 3394 4400 3394 4401 3338 4401 3337 4401 3394 4402 3337 4402 3361 4402 3388 4403 3379 4403 3387 4403 3387 4404 3379 4404 3381 4404 3387 4405 3381 4405 3395 4405 3395 4406 3381 4406 3396 4406 3395 4407 3396 4407 3397 4407 3397 4408 3396 4408 3398 4408 3397 4409 3398 4409 3378 4409 3378 4410 3398 4410 3373 4410 3378 4411 3373 4411 3311 4411 3311 4412 3373 4412 3293 4412 3294 4413 3373 4413 3100 4413 3100 4414 3373 4414 3398 4414 3100 4415 3398 4415 3101 4415 3101 4416 3398 4416 3396 4416 3101 4417 3396 4417 3103 4417 3103 4418 3396 4418 3381 4418 3103 4419 3381 4419 3104 4419 3104 4420 3381 4420 3382 4420 3104 4421 3382 4421 3105 4421 3277 4422 3069 4422 3376 4422 3376 4423 3069 4423 3073 4423 3376 4424 3073 4424 3399 4424 3399 4425 3073 4425 3074 4425 3399 4426 3074 4426 3400 4426 3400 4427 3074 4427 3070 4427 3400 4428 3070 4428 3401 4428 3401 4429 3070 4429 3071 4429 3401 4430 3071 4430 3402 4430 3402 4431 3071 4431 3072 4431 3402 4432 3072 4432 3372 4432 3372 4433 3072 4433 3341 4433 3372 4434 3341 4434 3335 4434 3334 4435 3346 4435 3372 4435 3372 4436 3346 4436 3394 4436 3372 4437 3394 4437 3402 4437 3402 4438 3394 4438 3403 4438 3402 4439 3403 4439 3401 4439 3401 4440 3403 4440 3404 4440 3401 4441 3404 4441 3400 4441 3400 4442 3404 4442 3405 4442 3400 4443 3405 4443 3399 4443 3399 4444 3405 4444 3406 4444 3399 4445 3406 4445 3376 4445 3376 4446 3406 4446 3377 4446 3376 4447 3377 4447 3290 4447 3290 4448 3377 4448 3267 4448 3360 4449 3389 4449 3394 4449 3394 4450 3389 4450 3391 4450 3394 4451 3391 4451 3403 4451 3403 4452 3391 4452 3407 4452 3403 4453 3407 4453 3404 4453 3404 4454 3407 4454 3408 4454 3404 4455 3408 4455 3405 4455 3405 4456 3408 4456 3409 4456 3405 4457 3409 4457 3406 4457 3406 4458 3409 4458 3375 4458 3406 4459 3375 4459 3377 4459 3377 4460 3375 4460 3374 4460 3377 4461 3374 4461 3313 4461 3313 4462 3374 4462 3314 4462 3393 4463 3383 4463 3391 4463 3391 4464 3383 4464 3385 4464 3391 4465 3385 4465 3407 4465 3407 4466 3385 4466 3387 4466 3407 4467 3387 4467 3408 4467 3408 4468 3387 4468 3395 4468 3408 4469 3395 4469 3409 4469 3409 4470 3395 4470 3397 4470 3409 4471 3397 4471 3375 4471 3375 4472 3397 4472 3378 4472 3375 4473 3378 4473 3314 4473 3314 4474 3378 4474 3315 4474 3328 4475 3325 4475 3410 4475 3411 4476 3412 4476 3413 4476 3039 4477 3414 4477 3040 4477 3040 4478 3414 4478 3415 4478 3040 4479 3415 4479 3041 4479 3041 4480 3415 4480 3416 4480 3041 4481 3416 4481 3042 4481 3042 4482 3416 4482 3417 4482 3042 4483 3417 4483 3044 4483 3044 4484 3417 4484 3413 4484 3044 4485 3413 4485 3043 4485 3043 4486 3413 4486 3412 4486 3043 4487 3412 4487 3037 4487 3038 4488 3418 4488 3039 4488 3039 4489 3418 4489 3419 4489 3039 4490 3419 4490 3414 4490 3038 4491 3048 4491 3418 4491 3418 4492 3048 4492 3047 4492 3418 4493 3047 4493 3420 4493 3420 4494 3047 4494 3046 4494 3420 4495 3046 4495 3421 4495 3421 4496 3046 4496 3422 4496 3046 4497 3045 4497 3422 4497 3422 4498 3045 4498 3049 4498 3422 4499 3049 4499 3050 4499 3050 4500 3328 4500 3422 4500 3422 4501 3328 4501 3410 4501 3422 4502 3410 4502 3421 4502 3421 4503 3410 4503 3423 4503 3421 4504 3423 4504 3420 4504 3420 4505 3423 4505 3424 4505 3420 4506 3424 4506 3418 4506 3418 4507 3424 4507 3425 4507 3418 4508 3425 4508 3419 4508 3419 4509 3425 4509 3426 4509 3419 4510 3426 4510 3414 4510 3414 4511 3426 4511 3427 4511 3414 4512 3427 4512 3415 4512 3415 4513 3427 4513 3428 4513 3415 4514 3428 4514 3416 4514 3416 4515 3428 4515 3429 4515 3416 4516 3429 4516 3417 4516 3417 4517 3429 4517 3430 4517 3417 4518 3430 4518 3413 4518 3413 4519 3430 4519 3431 4519 3413 4520 3431 4520 3411 4520 3411 4521 3431 4521 3136 4521 3136 4522 3431 4522 3137 4522 3137 4523 3431 4523 3430 4523 3137 4524 3430 4524 3123 4524 3123 4525 3430 4525 3429 4525 3123 4526 3429 4526 3124 4526 3124 4527 3429 4527 3428 4527 3124 4528 3428 4528 3135 4528 3135 4529 3428 4529 3427 4529 3135 4530 3427 4530 3126 4530 3126 4531 3427 4531 3426 4531 3126 4532 3426 4532 3122 4532 3122 4533 3426 4533 3425 4533 3122 4534 3425 4534 3120 4534 3120 4535 3425 4535 3424 4535 3120 4536 3424 4536 3117 4536 3117 4537 3424 4537 3423 4537 3117 4538 3423 4538 3118 4538 3118 4539 3423 4539 3410 4539 3118 4540 3410 4540 3138 4540 3138 4541 3410 4541 3325 4541 3138 4542 3325 4542 3139 4542 3384 4543 3383 4543 3432 4543 3433 4544 3434 4544 3435 4544 3436 4545 3437 4545 3438 4545 3363 4546 3365 4546 3439 4546 3440 4547 3441 4547 3442 4547 3442 4548 3389 4548 3443 4548 3443 4549 3389 4549 3360 4549 3443 4550 3360 4550 3359 4550 3362 4551 3363 4551 3444 4551 3444 4552 3363 4552 3439 4552 3444 4553 3439 4553 3445 4553 3445 4554 3439 4554 3446 4554 3445 4555 3446 4555 3447 4555 3447 4556 3446 4556 3448 4556 3447 4557 3448 4557 3449 4557 3450 4558 3451 4558 3440 4558 3440 4559 3451 4559 3432 4559 3440 4560 3432 4560 3441 4560 3441 4561 3432 4561 3383 4561 3452 4562 3453 4562 3454 4562 3454 4563 3453 4563 3450 4563 3383 4564 3393 4564 3441 4564 3441 4565 3393 4565 3392 4565 3441 4566 3392 4566 3442 4566 3442 4567 3392 4567 3390 4567 3442 4568 3390 4568 3389 4568 3455 4569 3456 4569 3457 4569 3457 4570 3456 4570 3458 4570 3105 4571 3452 4571 3459 4571 3459 4572 3452 4572 3454 4572 3459 4573 3454 4573 3460 4573 3460 4574 3454 4574 3461 4574 3436 4575 3438 4575 3462 4575 3434 4576 3455 4576 3435 4576 3435 4577 3455 4577 3457 4577 3435 4578 3457 4578 3461 4578 3461 4579 3457 4579 3458 4579 3461 4580 3458 4580 3460 4580 3460 4581 3458 4581 3463 4581 3354 4582 3464 4582 3355 4582 3355 4583 3464 4583 3465 4583 3355 4584 3465 4584 3350 4584 3350 4585 3465 4585 3466 4585 3350 4586 3466 4586 3352 4586 3352 4587 3466 4587 3368 4587 3368 4588 3466 4588 3467 4588 3368 4589 3467 4589 3367 4589 3086 4590 3468 4590 3353 4590 3353 4591 3468 4591 3469 4591 3353 4592 3469 4592 3354 4592 3354 4593 3469 4593 3470 4593 3354 4594 3470 4594 3464 4594 3464 4595 3470 4595 3471 4595 3464 4596 3471 4596 3465 4596 3465 4597 3471 4597 3472 4597 3465 4598 3472 4598 3466 4598 3466 4599 3472 4599 3473 4599 3466 4600 3473 4600 3467 4600 3449 4601 3448 4601 3474 4601 3474 4602 3448 4602 3475 4602 3474 4603 3475 4603 3476 4603 3476 4604 3475 4604 3477 4604 3476 4605 3477 4605 3438 4605 3365 4606 3367 4606 3439 4606 3439 4607 3367 4607 3467 4607 3439 4608 3467 4608 3446 4608 3446 4609 3467 4609 3473 4609 3446 4610 3473 4610 3448 4610 3448 4611 3473 4611 3472 4611 3448 4612 3472 4612 3475 4612 3475 4613 3472 4613 3471 4613 3475 4614 3471 4614 3477 4614 3477 4615 3471 4615 3470 4615 3477 4616 3470 4616 3438 4616 3438 4617 3470 4617 3469 4617 3438 4618 3469 4618 3462 4618 3462 4619 3469 4619 3468 4619 3105 4620 3382 4620 3452 4620 3452 4621 3382 4621 3380 4621 3452 4622 3380 4622 3453 4622 3453 4623 3380 4623 3379 4623 3453 4624 3379 4624 3478 4624 3478 4625 3379 4625 3388 4625 3478 4626 3388 4626 3386 4626 3450 4627 3453 4627 3451 4627 3451 4628 3453 4628 3478 4628 3451 4629 3478 4629 3432 4629 3432 4630 3478 4630 3386 4630 3432 4631 3386 4631 3384 4631 3460 4632 3105 4632 3459 4632 3463 4633 3479 4633 3460 4633 3460 4634 3479 4634 3105 4634 3437 4635 3433 4635 3438 4635 3438 4636 3433 4636 3435 4636 3438 4637 3435 4637 3476 4637 3476 4638 3435 4638 3461 4638 3476 4639 3461 4639 3474 4639 3474 4640 3461 4640 3454 4640 3474 4641 3454 4641 3449 4641 3449 4642 3454 4642 3450 4642 3449 4643 3450 4643 3447 4643 3447 4644 3450 4644 3440 4644 3447 4645 3440 4645 3445 4645 3445 4646 3440 4646 3442 4646 3445 4647 3442 4647 3444 4647 3444 4648 3442 4648 3443 4648 3444 4649 3443 4649 3362 4649 3362 4650 3443 4650 3359 4650 3136 4651 3131 4651 3411 4651 3411 4652 3131 4652 3480 4652 3411 4653 3480 4653 3412 4653 3036 4654 3037 4654 3481 4654 3481 4655 3037 4655 3412 4655 3481 4656 3412 4656 3482 4656 3482 4657 3412 4657 3480 4657 3437 4658 3436 4658 3483 4658 3086 4659 3085 4659 3468 4659 3468 4660 3085 4660 3462 4660 3437 4661 3483 4661 3433 4661 3458 4662 3456 4662 3484 4662 3484 4663 3456 4663 3455 4663 3484 4664 3455 4664 3483 4664 3483 4665 3455 4665 3434 4665 3483 4666 3434 4666 3433 4666 3485 4667 3112 4667 3102 4667 3458 4668 3484 4668 3463 4668 3463 4669 3484 4669 3485 4669 3463 4670 3485 4670 3479 4670 3479 4671 3485 4671 3102 4671 3479 4672 3102 4672 3105 4672 3089 4673 3483 4673 3085 4673 3085 4674 3483 4674 3436 4674 3085 4675 3436 4675 3462 4675 3089 4676 3486 4676 3483 4676 3483 4677 3486 4677 3487 4677 3483 4678 3487 4678 3484 4678 3484 4679 3487 4679 3488 4679 3484 4680 3488 4680 3485 4680 3485 4681 3488 4681 3110 4681 3485 4682 3110 4682 3112 4682 3140 4683 3106 4683 3488 4683 3488 4684 3106 4684 3108 4684 3488 4685 3108 4685 3110 4685 3119 4686 3140 4686 3489 4686 3489 4687 3140 4687 3488 4687 3489 4688 3488 4688 3490 4688 3490 4689 3488 4689 3487 4689 3490 4690 3487 4690 3491 4690 3491 4691 3487 4691 3486 4691 3491 4692 3486 4692 3088 4692 3088 4693 3486 4693 3089 4693 3482 4694 3480 4694 3492 4694 3491 4695 3088 4695 3096 4695 3490 4696 3491 4696 3493 4696 3491 4697 3096 4697 3493 4697 3493 4698 3096 4698 3097 4698 3493 4699 3097 4699 3494 4699 3097 4700 3098 4700 3494 4700 3494 4701 3098 4701 3099 4701 3494 4702 3099 4702 3495 4702 3495 4703 3099 4703 3090 4703 3090 4704 3095 4704 3495 4704 3495 4705 3095 4705 3094 4705 3495 4706 3094 4706 3496 4706 3496 4707 3094 4707 3092 4707 3496 4708 3092 4708 3497 4708 3497 4709 3092 4709 3091 4709 3497 4710 3091 4710 3498 4710 3498 4711 3091 4711 3093 4711 3498 4712 3093 4712 3499 4712 3499 4713 3093 4713 3036 4713 3036 4714 3481 4714 3499 4714 3499 4715 3481 4715 3500 4715 3499 4716 3500 4716 3498 4716 3498 4717 3500 4717 3501 4717 3498 4718 3501 4718 3497 4718 3497 4719 3501 4719 3502 4719 3497 4720 3502 4720 3496 4720 3496 4721 3502 4721 3503 4721 3496 4722 3503 4722 3495 4722 3495 4723 3503 4723 3504 4723 3495 4724 3504 4724 3494 4724 3494 4725 3504 4725 3505 4725 3494 4726 3505 4726 3493 4726 3493 4727 3505 4727 3506 4727 3493 4728 3506 4728 3490 4728 3490 4729 3506 4729 3489 4729 3481 4730 3482 4730 3500 4730 3500 4731 3482 4731 3492 4731 3500 4732 3492 4732 3501 4732 3501 4733 3492 4733 3507 4733 3501 4734 3507 4734 3502 4734 3502 4735 3507 4735 3508 4735 3502 4736 3508 4736 3503 4736 3503 4737 3508 4737 3509 4737 3503 4738 3509 4738 3504 4738 3504 4739 3509 4739 3510 4739 3504 4740 3510 4740 3505 4740 3505 4741 3510 4741 3511 4741 3505 4742 3511 4742 3506 4742 3506 4743 3511 4743 3512 4743 3506 4744 3512 4744 3489 4744 3489 4745 3512 4745 3119 4745 3119 4746 3512 4746 3121 4746 3121 4747 3512 4747 3511 4747 3121 4748 3511 4748 3127 4748 3127 4749 3511 4749 3510 4749 3127 4750 3510 4750 3128 4750 3128 4751 3510 4751 3509 4751 3128 4752 3509 4752 3132 4752 3132 4753 3509 4753 3508 4753 3132 4754 3508 4754 3134 4754 3134 4755 3508 4755 3507 4755 3134 4756 3507 4756 3129 4756 3129 4757 3507 4757 3492 4757 3129 4758 3492 4758 3130 4758 3130 4759 3492 4759 3480 4759 3130 4760 3480 4760 3131 4760 3513 4761 3514 4761 3515 4761 3257 4762 3258 4762 3516 4762 3198 4763 3517 4763 3202 4763 3202 4764 3517 4764 3199 4764 3193 4765 3201 4765 3517 4765 3517 4766 3201 4766 3200 4766 3517 4767 3200 4767 3199 4767 3255 4768 3254 4768 3518 4768 3518 4769 3254 4769 3256 4769 3518 4770 3256 4770 3214 4770 3214 4771 3212 4771 3518 4771 3518 4772 3212 4772 3210 4772 3518 4773 3210 4773 3519 4773 3519 4774 3210 4774 3208 4774 3208 4775 3206 4775 3519 4775 3519 4776 3206 4776 3205 4776 3519 4777 3205 4777 3520 4777 3205 4778 3218 4778 3520 4778 3520 4779 3218 4779 3220 4779 3520 4780 3220 4780 3521 4780 3220 4781 3222 4781 3521 4781 3521 4782 3222 4782 3224 4782 3521 4783 3224 4783 3226 4783 3258 4784 3255 4784 3516 4784 3516 4785 3255 4785 3518 4785 3516 4786 3518 4786 3522 4786 3522 4787 3518 4787 3519 4787 3522 4788 3519 4788 3523 4788 3523 4789 3519 4789 3520 4789 3523 4790 3520 4790 3524 4790 3524 4791 3520 4791 3521 4791 3524 4792 3521 4792 3525 4792 3525 4793 3521 4793 3226 4793 3525 4794 3226 4794 3228 4794 3525 4795 3513 4795 3524 4795 3524 4796 3513 4796 3515 4796 3524 4797 3515 4797 3523 4797 3523 4798 3515 4798 3526 4798 3523 4799 3526 4799 3522 4799 3522 4800 3526 4800 3527 4800 3522 4801 3527 4801 3516 4801 3516 4802 3527 4802 3517 4802 3516 4803 3517 4803 3257 4803 3257 4804 3517 4804 3198 4804 3257 4805 3198 4805 3203 4805 3193 4806 3517 4806 3194 4806 3194 4807 3517 4807 3527 4807 3194 4808 3527 4808 3195 4808 3195 4809 3527 4809 3526 4809 3195 4810 3526 4810 3196 4810 3196 4811 3526 4811 3515 4811 3196 4812 3515 4812 3197 4812 3197 4813 3515 4813 3514 4813 3197 4814 3514 4814 3192 4814 3187 4815 3191 4815 3528 4815 3529 4816 3530 4816 3531 4816 3178 4817 3532 4817 3179 4817 3179 4818 3532 4818 3533 4818 3179 4819 3533 4819 3180 4819 3180 4820 3533 4820 3534 4820 3180 4821 3534 4821 3181 4821 3181 4822 3534 4822 3535 4822 3181 4823 3535 4823 3182 4823 3182 4824 3535 4824 3531 4824 3182 4825 3531 4825 3183 4825 3183 4826 3531 4826 3530 4826 3183 4827 3530 4827 3177 4827 3184 4828 3536 4828 3178 4828 3178 4829 3536 4829 3537 4829 3178 4830 3537 4830 3532 4830 3184 4831 3185 4831 3536 4831 3536 4832 3185 4832 3186 4832 3536 4833 3186 4833 3538 4833 3538 4834 3186 4834 3190 4834 3538 4835 3190 4835 3539 4835 3539 4836 3190 4836 3540 4836 3540 4837 3190 4837 3189 4837 3540 4838 3189 4838 3188 4838 3540 4839 3541 4839 3539 4839 3539 4840 3541 4840 3542 4840 3539 4841 3542 4841 3538 4841 3538 4842 3542 4842 3543 4842 3538 4843 3543 4843 3536 4843 3536 4844 3543 4844 3544 4844 3536 4845 3544 4845 3537 4845 3537 4846 3544 4846 3545 4846 3537 4847 3545 4847 3532 4847 3532 4848 3545 4848 3546 4848 3532 4849 3546 4849 3533 4849 3533 4850 3546 4850 3547 4850 3533 4851 3547 4851 3534 4851 3534 4852 3547 4852 3548 4852 3534 4853 3548 4853 3535 4853 3535 4854 3548 4854 3549 4854 3535 4855 3549 4855 3531 4855 3531 4856 3549 4856 3550 4856 3531 4857 3550 4857 3529 4857 3529 4858 3550 4858 3551 4858 3541 4859 3552 4859 3542 4859 3542 4860 3552 4860 3553 4860 3542 4861 3553 4861 3543 4861 3543 4862 3553 4862 3554 4862 3543 4863 3554 4863 3544 4863 3544 4864 3554 4864 3555 4864 3544 4865 3555 4865 3545 4865 3545 4866 3555 4866 3556 4866 3545 4867 3556 4867 3546 4867 3546 4868 3556 4868 3557 4868 3546 4869 3557 4869 3547 4869 3547 4870 3557 4870 3558 4870 3547 4871 3558 4871 3548 4871 3548 4872 3558 4872 3559 4872 3548 4873 3559 4873 3549 4873 3549 4874 3559 4874 3560 4874 3549 4875 3560 4875 3550 4875 3550 4876 3560 4876 3561 4876 3550 4877 3561 4877 3551 4877 3551 4878 3561 4878 3246 4878 3246 4879 3561 4879 3245 4879 3245 4880 3561 4880 3560 4880 3245 4881 3560 4881 3249 4881 3249 4882 3560 4882 3559 4882 3249 4883 3559 4883 3250 4883 3250 4884 3559 4884 3558 4884 3250 4885 3558 4885 3232 4885 3232 4886 3558 4886 3557 4886 3232 4887 3557 4887 3233 4887 3233 4888 3557 4888 3556 4888 3233 4889 3556 4889 3241 4889 3241 4890 3556 4890 3555 4890 3241 4891 3555 4891 3242 4891 3242 4892 3555 4892 3554 4892 3242 4893 3554 4893 3243 4893 3243 4894 3554 4894 3553 4894 3243 4895 3553 4895 3244 4895 3244 4896 3553 4896 3552 4896 3244 4897 3552 4897 3251 4897 3187 4898 3528 4898 3188 4898 3562 4899 3230 4899 3252 4899 3188 4900 3528 4900 3540 4900 3540 4901 3528 4901 3563 4901 3540 4902 3563 4902 3541 4902 3541 4903 3563 4903 3562 4903 3541 4904 3562 4904 3552 4904 3552 4905 3562 4905 3252 4905 3552 4906 3252 4906 3251 4906 3228 4907 3230 4907 3525 4907 3525 4908 3230 4908 3562 4908 3525 4909 3562 4909 3513 4909 3513 4910 3562 4910 3563 4910 3513 4911 3563 4911 3514 4911 3514 4912 3563 4912 3528 4912 3514 4913 3528 4913 3192 4913 3192 4914 3528 4914 3191 4914 3246 4915 3247 4915 3551 4915 3551 4916 3247 4916 3564 4916 3551 4917 3564 4917 3529 4917 3529 4918 3564 4918 3565 4918 3529 4919 3565 4919 3530 4919 3530 4920 3565 4920 3171 4920 3530 4921 3171 4921 3177 4921 3565 4922 3564 4922 3566 4922 3166 4923 3176 4923 3567 4923 3567 4924 3176 4924 3568 4924 3567 4925 3568 4925 3569 4925 3176 4926 3175 4926 3568 4926 3568 4927 3175 4927 3168 4927 3568 4928 3168 4928 3570 4928 3168 4929 3174 4929 3570 4929 3570 4930 3174 4930 3173 4930 3570 4931 3173 4931 3571 4931 3571 4932 3173 4932 3170 4932 3571 4933 3170 4933 3572 4933 3572 4934 3170 4934 3169 4934 3572 4935 3169 4935 3573 4935 3573 4936 3169 4936 3172 4936 3573 4937 3172 4937 3574 4937 3574 4938 3172 4938 3171 4938 3171 4939 3565 4939 3574 4939 3574 4940 3565 4940 3566 4940 3574 4941 3566 4941 3573 4941 3573 4942 3566 4942 3575 4942 3573 4943 3575 4943 3572 4943 3572 4944 3575 4944 3576 4944 3572 4945 3576 4945 3571 4945 3571 4946 3576 4946 3577 4946 3571 4947 3577 4947 3570 4947 3570 4948 3577 4948 3578 4948 3570 4949 3578 4949 3568 4949 3568 4950 3578 4950 3579 4950 3568 4951 3579 4951 3569 4951 3229 4952 3569 4952 3231 4952 3231 4953 3569 4953 3579 4953 3231 4954 3579 4954 3235 4954 3235 4955 3579 4955 3578 4955 3235 4956 3578 4956 3236 4956 3236 4957 3578 4957 3577 4957 3236 4958 3577 4958 3237 4958 3237 4959 3577 4959 3576 4959 3237 4960 3576 4960 3239 4960 3239 4961 3576 4961 3575 4961 3239 4962 3575 4962 3240 4962 3240 4963 3575 4963 3566 4963 3240 4964 3566 4964 3248 4964 3248 4965 3566 4965 3564 4965 3248 4966 3564 4966 3247 4966 3567 4967 3569 4967 3580 4967 3581 4968 3158 4968 3582 4968 3582 4969 3158 4969 3162 4969 3582 4970 3162 4970 3161 4970 3157 4971 3160 4971 3581 4971 3581 4972 3160 4972 3159 4972 3581 4973 3159 4973 3158 4973 3253 4974 3152 4974 3583 4974 3583 4975 3152 4975 3153 4975 3153 4976 3154 4976 3583 4976 3583 4977 3154 4977 3155 4977 3583 4978 3155 4978 3156 4978 3213 4979 3215 4979 3583 4979 3583 4980 3215 4980 3259 4980 3583 4981 3259 4981 3253 4981 3584 4982 3209 4982 3583 4982 3583 4983 3209 4983 3211 4983 3583 4984 3211 4984 3213 4984 3221 4985 3219 4985 3585 4985 3585 4986 3219 4986 3217 4986 3585 4987 3217 4987 3586 4987 3586 4988 3217 4988 3216 4988 3586 4989 3216 4989 3584 4989 3584 4990 3216 4990 3207 4990 3584 4991 3207 4991 3209 4991 3221 4992 3585 4992 3223 4992 3223 4993 3585 4993 3580 4993 3223 4994 3580 4994 3225 4994 3161 4995 3165 4995 3582 4995 3582 4996 3165 4996 3164 4996 3582 4997 3164 4997 3587 4997 3587 4998 3164 4998 3163 4998 3587 4999 3163 4999 3588 4999 3588 5000 3163 5000 3167 5000 3588 5001 3167 5001 3589 5001 3589 5002 3167 5002 3166 5002 3166 5003 3567 5003 3589 5003 3589 5004 3567 5004 3580 5004 3589 5005 3580 5005 3588 5005 3588 5006 3580 5006 3585 5006 3588 5007 3585 5007 3587 5007 3587 5008 3585 5008 3586 5008 3587 5009 3586 5009 3582 5009 3582 5010 3586 5010 3584 5010 3582 5011 3584 5011 3581 5011 3581 5012 3584 5012 3583 5012 3581 5013 3583 5013 3157 5013 3157 5014 3583 5014 3156 5014 3569 5015 3229 5015 3580 5015 3580 5016 3229 5016 3227 5016 3580 5017 3227 5017 3225 5017 2714 5018 2914 5018 2909 5018 2714 5019 2909 5019 2715 5019 2715 5020 2909 5020 2908 5020 2715 5021 2908 5021 3590 5021 3590 5022 3591 5022 2715 5022 2715 5023 3591 5023 3592 5023 2715 5024 3592 5024 2716 5024 3593 5025 3594 5025 3595 5025 3590 5026 2908 5026 2912 5026 3591 5027 3590 5027 3596 5027 2716 5028 3597 5028 2745 5028 2745 5029 3597 5029 3598 5029 2745 5030 3598 5030 2744 5030 2744 5031 3598 5031 3599 5031 3600 5032 2748 5032 3599 5032 3599 5033 2748 5033 2746 5033 3599 5034 2746 5034 2744 5034 3601 5035 2741 5035 3602 5035 3602 5036 2741 5036 2743 5036 3602 5037 2743 5037 3600 5037 3600 5038 2743 5038 2749 5038 3600 5039 2749 5039 2748 5039 3590 5040 2912 5040 3596 5040 3596 5041 2912 5041 2913 5041 3596 5042 2913 5042 3603 5042 3603 5043 2913 5043 2911 5043 3603 5044 2911 5044 3604 5044 3604 5045 2911 5045 2910 5045 3604 5046 2910 5046 3605 5046 3605 5047 2910 5047 2917 5047 3605 5048 2917 5048 3606 5048 3606 5049 2917 5049 2920 5049 3606 5050 2920 5050 3607 5050 3607 5051 2920 5051 2919 5051 3607 5052 2919 5052 3608 5052 2734 5053 2735 5053 3609 5053 3609 5054 2735 5054 2737 5054 3609 5055 2737 5055 3610 5055 3610 5056 2737 5056 2738 5056 3610 5057 2738 5057 3601 5057 3601 5058 2738 5058 2740 5058 3601 5059 2740 5059 2741 5059 2919 5060 2918 5060 3608 5060 3608 5061 2918 5061 2924 5061 3608 5062 2924 5062 3611 5062 3611 5063 2924 5063 2926 5063 3611 5064 2926 5064 3612 5064 2926 5065 2923 5065 3612 5065 3612 5066 2923 5066 2922 5066 3612 5067 2922 5067 3613 5067 3613 5068 2922 5068 2933 5068 3613 5069 2933 5069 3614 5069 3614 5070 2933 5070 2932 5070 3614 5071 2932 5071 2930 5071 2930 5072 3615 5072 3614 5072 3614 5073 3615 5073 3616 5073 3614 5074 3616 5074 3613 5074 3613 5075 3616 5075 3617 5075 3613 5076 3617 5076 3612 5076 3612 5077 3617 5077 3618 5077 3612 5078 3618 5078 3611 5078 3611 5079 3618 5079 3619 5079 3611 5080 3619 5080 3608 5080 3608 5081 3619 5081 3620 5081 3608 5082 3620 5082 3607 5082 3607 5083 3620 5083 3621 5083 3607 5084 3621 5084 3606 5084 3606 5085 3621 5085 3622 5085 3606 5086 3622 5086 3605 5086 3605 5087 3622 5087 3623 5087 3605 5088 3623 5088 3604 5088 3604 5089 3623 5089 3624 5089 3604 5090 3624 5090 3603 5090 3603 5091 3624 5091 3625 5091 3603 5092 3625 5092 3596 5092 3596 5093 3625 5093 3626 5093 3596 5094 3626 5094 3591 5094 3591 5095 3626 5095 3592 5095 3615 5096 3593 5096 3616 5096 3616 5097 3593 5097 3595 5097 3616 5098 3595 5098 3617 5098 3617 5099 3595 5099 3627 5099 3617 5100 3627 5100 3618 5100 3618 5101 3627 5101 3628 5101 3618 5102 3628 5102 3619 5102 3619 5103 3628 5103 3609 5103 3619 5104 3609 5104 3620 5104 3620 5105 3609 5105 3610 5105 3620 5106 3610 5106 3621 5106 3621 5107 3610 5107 3601 5107 3621 5108 3601 5108 3622 5108 3622 5109 3601 5109 3602 5109 3622 5110 3602 5110 3623 5110 3623 5111 3602 5111 3600 5111 3623 5112 3600 5112 3624 5112 3624 5113 3600 5113 3599 5113 3624 5114 3599 5114 3625 5114 3625 5115 3599 5115 3598 5115 3625 5116 3598 5116 3626 5116 3626 5117 3598 5117 3597 5117 3626 5118 3597 5118 3592 5118 3592 5119 3597 5119 2716 5119 2734 5120 3609 5120 2732 5120 2732 5121 3609 5121 3628 5121 2732 5122 3628 5122 2727 5122 2727 5123 3628 5123 3627 5123 2727 5124 3627 5124 2728 5124 2728 5125 3627 5125 3595 5125 2728 5126 3595 5126 2730 5126 2730 5127 3595 5127 3594 5127 2730 5128 3594 5128 2731 5128 2726 5129 2731 5129 3594 5129 3629 5130 2934 5130 2935 5130 2722 5131 2724 5131 3630 5131 2936 5132 3631 5132 3632 5132 3632 5133 3631 5133 3633 5133 3632 5134 3633 5134 3634 5134 3634 5135 3633 5135 3635 5135 3634 5136 3635 5136 3636 5136 3636 5137 3635 5137 3637 5137 3636 5138 3637 5138 3638 5138 2722 5139 3636 5139 2719 5139 2719 5140 3636 5140 3638 5140 2719 5141 3638 5141 2720 5141 2722 5142 3630 5142 3636 5142 3636 5143 3630 5143 3639 5143 3636 5144 3639 5144 3634 5144 3634 5145 3639 5145 3629 5145 3634 5146 3629 5146 3632 5146 3632 5147 3629 5147 2935 5147 3632 5148 2935 5148 2936 5148 2930 5149 2934 5149 3615 5149 3615 5150 2934 5150 3629 5150 3615 5151 3629 5151 3593 5151 3593 5152 3629 5152 3639 5152 3593 5153 3639 5153 3594 5153 3594 5154 3639 5154 3630 5154 3594 5155 3630 5155 2726 5155 2726 5156 3630 5156 2724 5156 3640 5157 3641 5157 3642 5157 3642 5158 3641 5158 3643 5158 3642 5159 3643 5159 3644 5159 3644 5160 3643 5160 3645 5160 3645 5161 3643 5161 3646 5161 3645 5162 3646 5162 3647 5162 3647 5163 3646 5163 2663 5163 3647 5164 2663 5164 2665 5164 2939 5165 3641 5165 2940 5165 2940 5166 3641 5166 3640 5166 2940 5167 3640 5167 2941 5167 2657 5168 2656 5168 3648 5168 3648 5169 2656 5169 2661 5169 2939 5170 3649 5170 3641 5170 3641 5171 3649 5171 3650 5171 3641 5172 3650 5172 3643 5172 3643 5173 3650 5173 3648 5173 3643 5174 3648 5174 3646 5174 3646 5175 3648 5175 2661 5175 3646 5176 2661 5176 2663 5176 2939 5177 2938 5177 3649 5177 3649 5178 2938 5178 3651 5178 3649 5179 3651 5179 3650 5179 3650 5180 3651 5180 3652 5180 3650 5181 3652 5181 3648 5181 3648 5182 3652 5182 3653 5182 3648 5183 3653 5183 2657 5183 2657 5184 3653 5184 2659 5184 2642 5185 2647 5185 3654 5185 2646 5186 2644 5186 3655 5186 2943 5187 2942 5187 3656 5187 2950 5188 2956 5188 3657 5188 3651 5189 2938 5189 2948 5189 3652 5190 3651 5190 3658 5190 3658 5191 3651 5191 2948 5191 3658 5192 2948 5192 3659 5192 3659 5193 2948 5193 2946 5193 2659 5194 3660 5194 2660 5194 2660 5195 3660 5195 3661 5195 2660 5196 3661 5196 2651 5196 2950 5197 3657 5197 2952 5197 3653 5198 3652 5198 3662 5198 3662 5199 3652 5199 3658 5199 3662 5200 3658 5200 3663 5200 3663 5201 3658 5201 3659 5201 3663 5202 3659 5202 3664 5202 3664 5203 3659 5203 3665 5203 3664 5204 3665 5204 3666 5204 2659 5205 3653 5205 3660 5205 3660 5206 3653 5206 3662 5206 3660 5207 3662 5207 3661 5207 3661 5208 3662 5208 3663 5208 3661 5209 3663 5209 3667 5209 3667 5210 3663 5210 3664 5210 3667 5211 3664 5211 3668 5211 3668 5212 3664 5212 3666 5212 3668 5213 3666 5213 3669 5213 2635 5214 2650 5214 3669 5214 3669 5215 2650 5215 2649 5215 3669 5216 2649 5216 3668 5216 3668 5217 2649 5217 2655 5217 3668 5218 2655 5218 3667 5218 3667 5219 2655 5219 2654 5219 3667 5220 2654 5220 3661 5220 3661 5221 2654 5221 2652 5221 3661 5222 2652 5222 2651 5222 2643 5223 2635 5223 3670 5223 3670 5224 2635 5224 3669 5224 3670 5225 3669 5225 3671 5225 3671 5226 3669 5226 3666 5226 3671 5227 3666 5227 3657 5227 3657 5228 3666 5228 3665 5228 3657 5229 3665 5229 2952 5229 2952 5230 3665 5230 3659 5230 2952 5231 3659 5231 2953 5231 2953 5232 3659 5232 2946 5232 2644 5233 2643 5233 3655 5233 3655 5234 2643 5234 3670 5234 3655 5235 3670 5235 3672 5235 3672 5236 3670 5236 3671 5236 3672 5237 3671 5237 3673 5237 3673 5238 3671 5238 3657 5238 3673 5239 3657 5239 2955 5239 2955 5240 3657 5240 2956 5240 2955 5241 2943 5241 3673 5241 3673 5242 2943 5242 3656 5242 3673 5243 3656 5243 3672 5243 3672 5244 3656 5244 3674 5244 3672 5245 3674 5245 3655 5245 3655 5246 3674 5246 3654 5246 3655 5247 3654 5247 2646 5247 2646 5248 3654 5248 2647 5248 2961 5249 2960 5249 3675 5249 3675 5250 2960 5250 3676 5250 3675 5251 3676 5251 3677 5251 2962 5252 2961 5252 3678 5252 3678 5253 2961 5253 3675 5253 3678 5254 3675 5254 3679 5254 3679 5255 3675 5255 3677 5255 3679 5256 3677 5256 3680 5256 2638 5257 2642 5257 3680 5257 3680 5258 2642 5258 3654 5258 3680 5259 3654 5259 3679 5259 3679 5260 3654 5260 3674 5260 3679 5261 3674 5261 3678 5261 3678 5262 3674 5262 3656 5262 3678 5263 3656 5263 2962 5263 2962 5264 3656 5264 2942 5264 2639 5265 2638 5265 3681 5265 3681 5266 2638 5266 3680 5266 3681 5267 3680 5267 3682 5267 3682 5268 3680 5268 3677 5268 3682 5269 3677 5269 3683 5269 3683 5270 3677 5270 3676 5270 3683 5271 3676 5271 2963 5271 2963 5272 3676 5272 2960 5272 3683 5273 2963 5273 2959 5273 2959 5274 2958 5274 2711 5274 2711 5275 2958 5275 2710 5275 2711 5276 2639 5276 3681 5276 2711 5277 3681 5277 2959 5277 2959 5278 3681 5278 3682 5278 2959 5279 3682 5279 3683 5279 2844 5280 2787 5280 2845 5280 2845 5281 2787 5281 2791 5281 2845 5282 2791 5282 2853 5282 2844 5283 3684 5283 2787 5283 2787 5284 3684 5284 3685 5284 2787 5285 3685 5285 2492 5285 3685 5286 3684 5286 3686 5286 2492 5287 3687 5287 2491 5287 2491 5288 3687 5288 3688 5288 2491 5289 3688 5289 2490 5289 2490 5290 3688 5290 3689 5290 2490 5291 3689 5291 2493 5291 2493 5292 3689 5292 2494 5292 2494 5293 3689 5293 3690 5293 2494 5294 3690 5294 2495 5294 2848 5295 3691 5295 2849 5295 2849 5296 3691 5296 3692 5296 2849 5297 3692 5297 2850 5297 2850 5298 3692 5298 3693 5298 2850 5299 3693 5299 2852 5299 2852 5300 3693 5300 3686 5300 2852 5301 3686 5301 2851 5301 2851 5302 3686 5302 3684 5302 2851 5303 3684 5303 2844 5303 2847 5304 3694 5304 2848 5304 2848 5305 3694 5305 3695 5305 2848 5306 3695 5306 3691 5306 2495 5307 3690 5307 2488 5307 2488 5308 3690 5308 3696 5308 2488 5309 3696 5309 2489 5309 2489 5310 3696 5310 3697 5310 2489 5311 3697 5311 2486 5311 2486 5312 3697 5312 2477 5312 2477 5313 3697 5313 3698 5313 2477 5314 3698 5314 2478 5314 2478 5315 3698 5315 3699 5315 2478 5316 3699 5316 2483 5316 2859 5317 3700 5317 2861 5317 2861 5318 3700 5318 3701 5318 2861 5319 3701 5319 2862 5319 2862 5320 3701 5320 3702 5320 2862 5321 3702 5321 2857 5321 2857 5322 3702 5322 3694 5322 2857 5323 3694 5323 2855 5323 2855 5324 3694 5324 2847 5324 2483 5325 3699 5325 2482 5325 2482 5326 3699 5326 3703 5326 2482 5327 3703 5327 2480 5327 2492 5328 3685 5328 3687 5328 3687 5329 3685 5329 3686 5329 3687 5330 3686 5330 3688 5330 3688 5331 3686 5331 3693 5331 3688 5332 3693 5332 3689 5332 3689 5333 3693 5333 3692 5333 3689 5334 3692 5334 3690 5334 3690 5335 3692 5335 3691 5335 3690 5336 3691 5336 3696 5336 3696 5337 3691 5337 3695 5337 3696 5338 3695 5338 3697 5338 3697 5339 3695 5339 3694 5339 3697 5340 3694 5340 3698 5340 3698 5341 3694 5341 3702 5341 3698 5342 3702 5342 3699 5342 3699 5343 3702 5343 3701 5343 3699 5344 3701 5344 3703 5344 3703 5345 3701 5345 3700 5345 3703 5346 3700 5346 3704 5346 2472 5347 2476 5347 3704 5347 3704 5348 2476 5348 2475 5348 3704 5349 2475 5349 3703 5349 3703 5350 2475 5350 2474 5350 3703 5351 2474 5351 2480 5351 2867 5352 2865 5352 3705 5352 3705 5353 2865 5353 2864 5353 3705 5354 2864 5354 3706 5354 2868 5355 2867 5355 3707 5355 3707 5356 2867 5356 3705 5356 3707 5357 3705 5357 3708 5357 3708 5358 3705 5358 3706 5358 3708 5359 3706 5359 3709 5359 2859 5360 2868 5360 3700 5360 3700 5361 2868 5361 3707 5361 3700 5362 3707 5362 3704 5362 3704 5363 3707 5363 3708 5363 3704 5364 3708 5364 2472 5364 2472 5365 3708 5365 3709 5365 2472 5366 3709 5366 2473 5366 3709 5367 3706 5367 3710 5367 3711 5368 3712 5368 3713 5368 3713 5369 3712 5369 2605 5369 3713 5370 2605 5370 2470 5370 2470 5371 2469 5371 3713 5371 3713 5372 2469 5372 2466 5372 3713 5373 2466 5373 3714 5373 3714 5374 2466 5374 2465 5374 3714 5375 2465 5375 2473 5375 2473 5376 3709 5376 3714 5376 3714 5377 3709 5377 3710 5377 3714 5378 3710 5378 3713 5378 3713 5379 3710 5379 3715 5379 3713 5380 3715 5380 3711 5380 3711 5381 3715 5381 3716 5381 2882 5382 3716 5382 2872 5382 2872 5383 3716 5383 3715 5383 2872 5384 3715 5384 2876 5384 2876 5385 3715 5385 3710 5385 2876 5386 3710 5386 2875 5386 2875 5387 3710 5387 3706 5387 2875 5388 3706 5388 2864 5388 3717 5389 2057 5389 2056 5389 2067 5390 2012 5390 2007 5390 3717 5391 2056 5391 3718 5391 2067 5392 2007 5392 2056 5392 2056 5393 2007 5393 2006 5393 2056 5394 2006 5394 3718 5394 3719 5395 3720 5395 3721 5395 3718 5396 2006 5396 2010 5396 3717 5397 3718 5397 3722 5397 2057 5398 3723 5398 2147 5398 2147 5399 3723 5399 3724 5399 2147 5400 3724 5400 2143 5400 2143 5401 3724 5401 2142 5401 2142 5402 3724 5402 3725 5402 2142 5403 3725 5403 2140 5403 2140 5404 3725 5404 3726 5404 2140 5405 3726 5405 2144 5405 2144 5406 3726 5406 2145 5406 2145 5407 3726 5407 3727 5407 2145 5408 3727 5408 2146 5408 3718 5409 2010 5409 3722 5409 3722 5410 2010 5410 2011 5410 3722 5411 2011 5411 3728 5411 3728 5412 2011 5412 2009 5412 3728 5413 2009 5413 3729 5413 3729 5414 2009 5414 2008 5414 3729 5415 2008 5415 3730 5415 3730 5416 2008 5416 2015 5416 3730 5417 2015 5417 3731 5417 3731 5418 2015 5418 2021 5418 3731 5419 2021 5419 3732 5419 2146 5420 3727 5420 2138 5420 2138 5421 3727 5421 3733 5421 2138 5422 3733 5422 2139 5422 2139 5423 3733 5423 2134 5423 2134 5424 3733 5424 3734 5424 2134 5425 3734 5425 2129 5425 2129 5426 3734 5426 2130 5426 2130 5427 3734 5427 3735 5427 2130 5428 3735 5428 2131 5428 2021 5429 2020 5429 3732 5429 3732 5430 2020 5430 2019 5430 3732 5431 2019 5431 3736 5431 3736 5432 2019 5432 2018 5432 3736 5433 2018 5433 3737 5433 3737 5434 2018 5434 2017 5434 3737 5435 2017 5435 3738 5435 2131 5436 3735 5436 2132 5436 2132 5437 3735 5437 3739 5437 2132 5438 3739 5438 2133 5438 2017 5439 2025 5439 3738 5439 3738 5440 2025 5440 2023 5440 3738 5441 2023 5441 3740 5441 3740 5442 2023 5442 2022 5442 3740 5443 2022 5443 3741 5443 3741 5444 2022 5444 2028 5444 3741 5445 2028 5445 2030 5445 2030 5446 3719 5446 3741 5446 3741 5447 3719 5447 3721 5447 3741 5448 3721 5448 3740 5448 3740 5449 3721 5449 3742 5449 3740 5450 3742 5450 3738 5450 3738 5451 3742 5451 3739 5451 3738 5452 3739 5452 3737 5452 3737 5453 3739 5453 3735 5453 3737 5454 3735 5454 3736 5454 3736 5455 3735 5455 3734 5455 3736 5456 3734 5456 3732 5456 3732 5457 3734 5457 3733 5457 3732 5458 3733 5458 3731 5458 3731 5459 3733 5459 3727 5459 3731 5460 3727 5460 3730 5460 3730 5461 3727 5461 3726 5461 3730 5462 3726 5462 3729 5462 3729 5463 3726 5463 3725 5463 3729 5464 3725 5464 3728 5464 3728 5465 3725 5465 3724 5465 3728 5466 3724 5466 3722 5466 3722 5467 3724 5467 3723 5467 3722 5468 3723 5468 3717 5468 3717 5469 3723 5469 2057 5469 2133 5470 3739 5470 2127 5470 2127 5471 3739 5471 3742 5471 2127 5472 3742 5472 2125 5472 2125 5473 3742 5473 3721 5473 2125 5474 3721 5474 2124 5474 2124 5475 3721 5475 3720 5475 2124 5476 3720 5476 2123 5476 3720 5477 3719 5477 3743 5477 3744 5478 3745 5478 3746 5478 3745 5479 2116 5479 2115 5479 3745 5480 2115 5480 3746 5480 3746 5481 2115 5481 2118 5481 3746 5482 2118 5482 3747 5482 3747 5483 2118 5483 2119 5483 3747 5484 2119 5484 2121 5484 3748 5485 3744 5485 3749 5485 3749 5486 3744 5486 3746 5486 3749 5487 3746 5487 3743 5487 3743 5488 3746 5488 3747 5488 3743 5489 3747 5489 3720 5489 3720 5490 3747 5490 2121 5490 3720 5491 2121 5491 2123 5491 2442 5492 3748 5492 2443 5492 2443 5493 3748 5493 3749 5493 2443 5494 3749 5494 2437 5494 2437 5495 3749 5495 3743 5495 2437 5496 3743 5496 2438 5496 2438 5497 3743 5497 3719 5497 2438 5498 3719 5498 2030 5498 3750 5499 2068 5499 2070 5499 2071 5500 1962 5500 1957 5500 3750 5501 2070 5501 3751 5501 2071 5502 1957 5502 2070 5502 2070 5503 1957 5503 1956 5503 2070 5504 1956 5504 3751 5504 3752 5505 3753 5505 3754 5505 3751 5506 1956 5506 1960 5506 3750 5507 3751 5507 3755 5507 2068 5508 3756 5508 2226 5508 2226 5509 3756 5509 3757 5509 2226 5510 3757 5510 2222 5510 2222 5511 3757 5511 2221 5511 2221 5512 3757 5512 3758 5512 2221 5513 3758 5513 2219 5513 2219 5514 3758 5514 3759 5514 2219 5515 3759 5515 2223 5515 2223 5516 3759 5516 2224 5516 2224 5517 3759 5517 3760 5517 2224 5518 3760 5518 2225 5518 3751 5519 1960 5519 3755 5519 3755 5520 1960 5520 1961 5520 3755 5521 1961 5521 3761 5521 3761 5522 1961 5522 1959 5522 3761 5523 1959 5523 3762 5523 3762 5524 1959 5524 1958 5524 3762 5525 1958 5525 3763 5525 3763 5526 1958 5526 1965 5526 3763 5527 1965 5527 3764 5527 3764 5528 1965 5528 1971 5528 3764 5529 1971 5529 3765 5529 2225 5530 3760 5530 2214 5530 2214 5531 3760 5531 3766 5531 2214 5532 3766 5532 2218 5532 2218 5533 3766 5533 2217 5533 2217 5534 3766 5534 3767 5534 2217 5535 3767 5535 2215 5535 2215 5536 3767 5536 2207 5536 2207 5537 3767 5537 3768 5537 2207 5538 3768 5538 2208 5538 1971 5539 1970 5539 3765 5539 3765 5540 1970 5540 1969 5540 3765 5541 1969 5541 3769 5541 3769 5542 1969 5542 1968 5542 3769 5543 1968 5543 3770 5543 3770 5544 1968 5544 1967 5544 3770 5545 1967 5545 3771 5545 2208 5546 3768 5546 2210 5546 2210 5547 3768 5547 3772 5547 2210 5548 3772 5548 2211 5548 1967 5549 1975 5549 3771 5549 3771 5550 1975 5550 1973 5550 3771 5551 1973 5551 3773 5551 3773 5552 1973 5552 1972 5552 3773 5553 1972 5553 3774 5553 3774 5554 1972 5554 1978 5554 3774 5555 1978 5555 1980 5555 1980 5556 3752 5556 3774 5556 3774 5557 3752 5557 3754 5557 3774 5558 3754 5558 3773 5558 3773 5559 3754 5559 3775 5559 3773 5560 3775 5560 3771 5560 3771 5561 3775 5561 3772 5561 3771 5562 3772 5562 3770 5562 3770 5563 3772 5563 3768 5563 3770 5564 3768 5564 3769 5564 3769 5565 3768 5565 3767 5565 3769 5566 3767 5566 3765 5566 3765 5567 3767 5567 3766 5567 3765 5568 3766 5568 3764 5568 3764 5569 3766 5569 3760 5569 3764 5570 3760 5570 3763 5570 3763 5571 3760 5571 3759 5571 3763 5572 3759 5572 3762 5572 3762 5573 3759 5573 3758 5573 3762 5574 3758 5574 3761 5574 3761 5575 3758 5575 3757 5575 3761 5576 3757 5576 3755 5576 3755 5577 3757 5577 3756 5577 3755 5578 3756 5578 3750 5578 3750 5579 3756 5579 2068 5579 2211 5580 3772 5580 2206 5580 2206 5581 3772 5581 3775 5581 2206 5582 3775 5582 2204 5582 2204 5583 3775 5583 3754 5583 2204 5584 3754 5584 2197 5584 2197 5585 3754 5585 3753 5585 2197 5586 3753 5586 2198 5586 3753 5587 3752 5587 3776 5587 3777 5588 3778 5588 3779 5588 3778 5589 2195 5589 2194 5589 3778 5590 2194 5590 3779 5590 3779 5591 2194 5591 2203 5591 3779 5592 2203 5592 3780 5592 3780 5593 2203 5593 2202 5593 3780 5594 2202 5594 2200 5594 3781 5595 3777 5595 3782 5595 3782 5596 3777 5596 3779 5596 3782 5597 3779 5597 3776 5597 3776 5598 3779 5598 3780 5598 3776 5599 3780 5599 3753 5599 3753 5600 3780 5600 2200 5600 3753 5601 2200 5601 2198 5601 2418 5602 3781 5602 2419 5602 2419 5603 3781 5603 3782 5603 2419 5604 3782 5604 2413 5604 2413 5605 3782 5605 3776 5605 2413 5606 3776 5606 2414 5606 2414 5607 3776 5607 3752 5607 2414 5608 3752 5608 1980 5608 2356 5609 2361 5609 3783 5609 2362 5610 2363 5610 3784 5610 3785 5611 2421 5611 3786 5611 3786 5612 2421 5612 2409 5612 3786 5613 2409 5613 2408 5613 2363 5614 2364 5614 3784 5614 3784 5615 2364 5615 3787 5615 3784 5616 3787 5616 3788 5616 2408 5617 2420 5617 3786 5617 3786 5618 2420 5618 3789 5618 3786 5619 3789 5619 3783 5619 2361 5620 2362 5620 3783 5620 3783 5621 2362 5621 3784 5621 3783 5622 3784 5622 3786 5622 3786 5623 3784 5623 3788 5623 3786 5624 3788 5624 3785 5624 2420 5625 1945 5625 3789 5625 3789 5626 1945 5626 3790 5626 3789 5627 3790 5627 3783 5627 3783 5628 3790 5628 3791 5628 3783 5629 3791 5629 2356 5629 2356 5630 3791 5630 2357 5630 1953 5631 3792 5631 3793 5631 3790 5632 1945 5632 1944 5632 3791 5633 3790 5633 3794 5633 2357 5634 3795 5634 2359 5634 2359 5635 3795 5635 3796 5635 3790 5636 1944 5636 3794 5636 3794 5637 1944 5637 1942 5637 3794 5638 1942 5638 3797 5638 3797 5639 1942 5639 1940 5639 3797 5640 1940 5640 3798 5640 3799 5641 2355 5641 3796 5641 3796 5642 2355 5642 2360 5642 3796 5643 2360 5643 2359 5643 3800 5644 2352 5644 3799 5644 3799 5645 2352 5645 2353 5645 3799 5646 2353 5646 2355 5646 1940 5647 1938 5647 3798 5647 3798 5648 1938 5648 1937 5648 3798 5649 1937 5649 3801 5649 3801 5650 1937 5650 1935 5650 3801 5651 1935 5651 3802 5651 3803 5652 2349 5652 3800 5652 3800 5653 2349 5653 2351 5653 3800 5654 2351 5654 2352 5654 3804 5655 2345 5655 3803 5655 3803 5656 2345 5656 2344 5656 3803 5657 2344 5657 2349 5657 3805 5658 2348 5658 3804 5658 3804 5659 2348 5659 2347 5659 3804 5660 2347 5660 2345 5660 1935 5661 1934 5661 3802 5661 3802 5662 1934 5662 1947 5662 3802 5663 1947 5663 3806 5663 3806 5664 1947 5664 1932 5664 3806 5665 1932 5665 3793 5665 3793 5666 1932 5666 1931 5666 3793 5667 1931 5667 1953 5667 2357 5668 3791 5668 3795 5668 3795 5669 3791 5669 3794 5669 3795 5670 3794 5670 3796 5670 3796 5671 3794 5671 3797 5671 3796 5672 3797 5672 3799 5672 3799 5673 3797 5673 3798 5673 3799 5674 3798 5674 3800 5674 3800 5675 3798 5675 3801 5675 3800 5676 3801 5676 3803 5676 3803 5677 3801 5677 3802 5677 3803 5678 3802 5678 3804 5678 3804 5679 3802 5679 3806 5679 3804 5680 3806 5680 3805 5680 3805 5681 3806 5681 3793 5681 3805 5682 3793 5682 3807 5682 3807 5683 3793 5683 3792 5683 3807 5684 3792 5684 3808 5684 2336 5685 2338 5685 3808 5685 3808 5686 2338 5686 2340 5686 3808 5687 2340 5687 3807 5687 3807 5688 2340 5688 2343 5688 3807 5689 2343 5689 3805 5689 3805 5690 2343 5690 2342 5690 3805 5691 2342 5691 2348 5691 1952 5692 1951 5692 3809 5692 3809 5693 1951 5693 3810 5693 3809 5694 3810 5694 3811 5694 1953 5695 1952 5695 3792 5695 3792 5696 1952 5696 3809 5696 3792 5697 3809 5697 3808 5697 3808 5698 3809 5698 3811 5698 3808 5699 3811 5699 2336 5699 2336 5700 3811 5700 2337 5700 2098 5701 2337 5701 3812 5701 3812 5702 2337 5702 3811 5702 3812 5703 3811 5703 3813 5703 3813 5704 3811 5704 3810 5704 3813 5705 3810 5705 1954 5705 1954 5706 3810 5706 1951 5706 3813 5707 1954 5707 1950 5707 1949 5708 2101 5708 2099 5708 3813 5709 1950 5709 3812 5709 1949 5710 2099 5710 1950 5710 1950 5711 2099 5711 2098 5711 1950 5712 2098 5712 3812 5712 1772 5713 1834 5713 3814 5713 1773 5714 1772 5714 3815 5714 1790 5715 1773 5715 3816 5715 1790 5716 3817 5716 1791 5716 1791 5717 3817 5717 3818 5717 3818 5718 3817 5718 3819 5718 3818 5719 3819 5719 3820 5719 3819 5720 2403 5720 2402 5720 3820 5721 3819 5721 2402 5721 3820 5722 2402 5722 2401 5722 3821 5723 2405 5723 2404 5723 1790 5724 3816 5724 3817 5724 3817 5725 3816 5725 3821 5725 3817 5726 3821 5726 3819 5726 3819 5727 3821 5727 2404 5727 3819 5728 2404 5728 2403 5728 3822 5729 2407 5729 2406 5729 1773 5730 3815 5730 3816 5730 3816 5731 3815 5731 3822 5731 3816 5732 3822 5732 3821 5732 3821 5733 3822 5733 2406 5733 3821 5734 2406 5734 2405 5734 1772 5735 3814 5735 3815 5735 3815 5736 3814 5736 3823 5736 3815 5737 3823 5737 3822 5737 3822 5738 3823 5738 2328 5738 3822 5739 2328 5739 2407 5739 2364 5740 2329 5740 3824 5740 3824 5741 2329 5741 2328 5741 3824 5742 2328 5742 3825 5742 3825 5743 2328 5743 3823 5743 3825 5744 3823 5744 3826 5744 3826 5745 3823 5745 3814 5745 3826 5746 3814 5746 3827 5746 3827 5747 3814 5747 1834 5747 3827 5748 1834 5748 1833 5748 3785 5749 3788 5749 3828 5749 3828 5750 3788 5750 3787 5750 3829 5751 1833 5751 3830 5751 3826 5752 3827 5752 3829 5752 3829 5753 3827 5753 1833 5753 3826 5754 3829 5754 3825 5754 3825 5755 3829 5755 3828 5755 3825 5756 3828 5756 3824 5756 3824 5757 3828 5757 3787 5757 3824 5758 3787 5758 2364 5758 2421 5759 3785 5759 3831 5759 3831 5760 3785 5760 3828 5760 3831 5761 3828 5761 3832 5761 3832 5762 3828 5762 3829 5762 3832 5763 3829 5763 3833 5763 3833 5764 3829 5764 3830 5764 3831 5765 3832 5765 3834 5765 3833 5766 3830 5766 3835 5766 3830 5767 1833 5767 3835 5767 3835 5768 1833 5768 1796 5768 3835 5769 1796 5769 3836 5769 3836 5770 1796 5770 1795 5770 3836 5771 1795 5771 3837 5771 3837 5772 1795 5772 1794 5772 3837 5773 1794 5773 3838 5773 3838 5774 1794 5774 1779 5774 3838 5775 1779 5775 3839 5775 3832 5776 3833 5776 3834 5776 3834 5777 3833 5777 3835 5777 3834 5778 3835 5778 3840 5778 3840 5779 3835 5779 3836 5779 3840 5780 3836 5780 3841 5780 3841 5781 3836 5781 3837 5781 3841 5782 3837 5782 3842 5782 3842 5783 3837 5783 3838 5783 3842 5784 3838 5784 3843 5784 3843 5785 3838 5785 3839 5785 3843 5786 3839 5786 3844 5786 2421 5787 3831 5787 2422 5787 2422 5788 3831 5788 3834 5788 2422 5789 3834 5789 2424 5789 2424 5790 3834 5790 3840 5790 2424 5791 3840 5791 2426 5791 2426 5792 3840 5792 3841 5792 2426 5793 3841 5793 2428 5793 2428 5794 3841 5794 3842 5794 2428 5795 3842 5795 2430 5795 2430 5796 3842 5796 3843 5796 2430 5797 3843 5797 2431 5797 2431 5798 3843 5798 3844 5798 2431 5799 3844 5799 2416 5799 1777 5800 1775 5800 3845 5800 3845 5801 1775 5801 3846 5801 3845 5802 3846 5802 3847 5802 1774 5803 1816 5803 3848 5803 1775 5804 1774 5804 3846 5804 3846 5805 1774 5805 3848 5805 3846 5806 3848 5806 3847 5806 3847 5807 3848 5807 3849 5807 3847 5808 3849 5808 3850 5808 3851 5809 2418 5809 2416 5809 1779 5810 1777 5810 3839 5810 3839 5811 1777 5811 3845 5811 3839 5812 3845 5812 3844 5812 3844 5813 3845 5813 3847 5813 3844 5814 3847 5814 2416 5814 2416 5815 3847 5815 3850 5815 2416 5816 3850 5816 3851 5816 3778 5817 3777 5817 3852 5817 3852 5818 3777 5818 3781 5818 3853 5819 1816 5819 3854 5819 3849 5820 3848 5820 3853 5820 3853 5821 3848 5821 1816 5821 3849 5822 3853 5822 3850 5822 3850 5823 3853 5823 3852 5823 3850 5824 3852 5824 3851 5824 3851 5825 3852 5825 3781 5825 3851 5826 3781 5826 2418 5826 2195 5827 3778 5827 3855 5827 3855 5828 3778 5828 3852 5828 3855 5829 3852 5829 3856 5829 3856 5830 3852 5830 3853 5830 3856 5831 3853 5831 3857 5831 3857 5832 3853 5832 3854 5832 2326 5833 2325 5833 3858 5833 2324 5834 2323 5834 3859 5834 2322 5835 2321 5835 3860 5835 2313 5836 2305 5836 3861 5836 2304 5837 2303 5837 3862 5837 2302 5838 2301 5838 3863 5838 3855 5839 3856 5839 3864 5839 3865 5840 3866 5840 3859 5840 1851 5841 1852 5841 3867 5841 1847 5842 1851 5842 3868 5842 1848 5843 1847 5843 3869 5843 3857 5844 3854 5844 3870 5844 3870 5845 3854 5845 1816 5845 1848 5846 3866 5846 1840 5846 1840 5847 3866 5847 3865 5847 1840 5848 3865 5848 1841 5848 3856 5849 3857 5849 3864 5849 3864 5850 3857 5850 3870 5850 3864 5851 3870 5851 3871 5851 1851 5852 3867 5852 3868 5852 3868 5853 3867 5853 3872 5853 3868 5854 3872 5854 3873 5854 2300 5855 2299 5855 3871 5855 3871 5856 2299 5856 2298 5856 3871 5857 2298 5857 3864 5857 3864 5858 2298 5858 2297 5858 3864 5859 2297 5859 3855 5859 3855 5860 2297 5860 2196 5860 3855 5861 2196 5861 2195 5861 2301 5862 2300 5862 3863 5862 3863 5863 2300 5863 3871 5863 3863 5864 3871 5864 3874 5864 3874 5865 3871 5865 3870 5865 3874 5866 3870 5866 1817 5866 1817 5867 3870 5867 1816 5867 2303 5868 2302 5868 3862 5868 3862 5869 2302 5869 3863 5869 3862 5870 3863 5870 3875 5870 3875 5871 3863 5871 3874 5871 3875 5872 3874 5872 1818 5872 1818 5873 3874 5873 1817 5873 2305 5874 2304 5874 3861 5874 3861 5875 2304 5875 3862 5875 3861 5876 3862 5876 3876 5876 3876 5877 3862 5877 3875 5877 3876 5878 3875 5878 1782 5878 1782 5879 3875 5879 1818 5879 1782 5880 1843 5880 3876 5880 3876 5881 1843 5881 3877 5881 3876 5882 3877 5882 3861 5882 3861 5883 3877 5883 3860 5883 3861 5884 3860 5884 2313 5884 2313 5885 3860 5885 2321 5885 1843 5886 1841 5886 3877 5886 3877 5887 1841 5887 3865 5887 3877 5888 3865 5888 3860 5888 3860 5889 3865 5889 3859 5889 3860 5890 3859 5890 2322 5890 2322 5891 3859 5891 2323 5891 1848 5892 3869 5892 3866 5892 3866 5893 3869 5893 3858 5893 3866 5894 3858 5894 3859 5894 3859 5895 3858 5895 2325 5895 3859 5896 2325 5896 2324 5896 1847 5897 3868 5897 3869 5897 3869 5898 3868 5898 3873 5898 3869 5899 3873 5899 3858 5899 3858 5900 3873 5900 2327 5900 3858 5901 2327 5901 2326 5901 3872 5902 3878 5902 3873 5902 3873 5903 3878 5903 3879 5903 3873 5904 3879 5904 2327 5904 2327 5905 3879 5905 3880 5905 2327 5906 3880 5906 2257 5906 2257 5907 3880 5907 2258 5907 869 5908 3881 5908 3882 5908 3883 5909 862 5909 861 5909 3884 5910 3885 5910 3886 5910 3886 5911 3885 5911 3883 5911 1885 5912 695 5912 3884 5912 3883 5913 861 5913 3886 5913 3886 5914 861 5914 859 5914 3886 5915 859 5915 3882 5915 3882 5916 859 5916 858 5916 3882 5917 858 5917 869 5917 869 5918 856 5918 3881 5918 3881 5919 856 5919 855 5919 3881 5920 855 5920 3887 5920 878 5921 3888 5921 873 5921 873 5922 3888 5922 3889 5922 873 5923 3889 5923 872 5923 872 5924 3889 5924 3890 5924 872 5925 3890 5925 870 5925 870 5926 3890 5926 3887 5926 870 5927 3887 5927 1299 5927 1299 5928 3887 5928 855 5928 3884 5929 3886 5929 1885 5929 1885 5930 3886 5930 3882 5930 1885 5931 3882 5931 1886 5931 1886 5932 3882 5932 3881 5932 1886 5933 3881 5933 1887 5933 1887 5934 3881 5934 3887 5934 1887 5935 3887 5935 1882 5935 1882 5936 3887 5936 3890 5936 1882 5937 3890 5937 1883 5937 1883 5938 3890 5938 3889 5938 1883 5939 3889 5939 1884 5939 1884 5940 3889 5940 3888 5940 1884 5941 3888 5941 1874 5941 3891 5942 691 5942 690 5942 3892 5943 920 5943 919 5943 3893 5944 3892 5944 3894 5944 699 5945 706 5945 3895 5945 3895 5946 706 5946 705 5946 3895 5947 705 5947 3896 5947 3896 5948 705 5948 704 5948 3896 5949 704 5949 3893 5949 699 5950 3895 5950 690 5950 690 5951 3895 5951 3897 5951 690 5952 3897 5952 3891 5952 3892 5953 919 5953 3894 5953 3894 5954 919 5954 868 5954 3894 5955 868 5955 3898 5955 3898 5956 868 5956 867 5956 3898 5957 867 5957 3899 5957 3899 5958 867 5958 866 5958 3899 5959 866 5959 3900 5959 3900 5960 866 5960 865 5960 3900 5961 865 5961 3901 5961 3901 5962 865 5962 864 5962 3901 5963 864 5963 3902 5963 864 5964 862 5964 3902 5964 3902 5965 862 5965 3883 5965 3902 5966 3883 5966 3885 5966 3893 5967 3894 5967 3896 5967 3896 5968 3894 5968 3898 5968 3896 5969 3898 5969 3895 5969 3895 5970 3898 5970 3899 5970 3895 5971 3899 5971 3897 5971 3897 5972 3899 5972 3900 5972 3897 5973 3900 5973 3891 5973 3891 5974 3900 5974 3901 5974 3891 5975 3901 5975 3903 5975 3903 5976 3901 5976 3902 5976 3903 5977 3902 5977 3904 5977 3904 5978 3902 5978 3885 5978 3904 5979 3885 5979 3884 5979 691 5980 3891 5980 692 5980 692 5981 3891 5981 3903 5981 692 5982 3903 5982 698 5982 698 5983 3903 5983 3904 5983 698 5984 3904 5984 697 5984 697 5985 3904 5985 3884 5985 697 5986 3884 5986 695 5986 3888 5987 878 5987 877 5987 1874 5988 3888 5988 3905 5988 3888 5989 877 5989 3905 5989 3905 5990 877 5990 875 5990 3905 5991 875 5991 3906 5991 1874 5992 3905 5992 1875 5992 1875 5993 3905 5993 3906 5993 1875 5994 3906 5994 1876 5994 1876 5995 3906 5995 3907 5995 1876 5996 3907 5996 1877 5996 875 5997 874 5997 3906 5997 3906 5998 874 5998 853 5998 3906 5999 853 5999 3907 5999 3907 6000 853 6000 852 6000 3907 6001 852 6001 3908 6001 3908 6002 852 6002 888 6002 1877 6003 3907 6003 1869 6003 1869 6004 3907 6004 3908 6004 1869 6005 3908 6005 1870 6005 1870 6006 3908 6006 3909 6006 1870 6007 3909 6007 1873 6007 1873 6008 3909 6008 3910 6008 1873 6009 3910 6009 1872 6009 1872 6010 3910 6010 3911 6010 1872 6011 3911 6011 1871 6011 1871 6012 3911 6012 3912 6012 1871 6013 3912 6013 1864 6013 1864 6014 3912 6014 3913 6014 1864 6015 3913 6015 1865 6015 1865 6016 3913 6016 3914 6016 1865 6017 3914 6017 1866 6017 1866 6018 3914 6018 3915 6018 1866 6019 3915 6019 1867 6019 888 6020 887 6020 3908 6020 3908 6021 887 6021 886 6021 3908 6022 886 6022 3909 6022 3909 6023 886 6023 885 6023 3909 6024 885 6024 3910 6024 3910 6025 885 6025 884 6025 3910 6026 884 6026 3911 6026 3911 6027 884 6027 883 6027 3911 6028 883 6028 3912 6028 3912 6029 883 6029 880 6029 3912 6030 880 6030 3913 6030 3913 6031 880 6031 879 6031 3913 6032 879 6032 3914 6032 3914 6033 879 6033 882 6033 3914 6034 882 6034 3915 6034 3915 6035 882 6035 850 6035 3915 6036 850 6036 3916 6036 3916 6037 850 6037 849 6037 3916 6038 849 6038 893 6038 892 6039 3917 6039 893 6039 893 6040 3917 6040 3918 6040 893 6041 3918 6041 3916 6041 892 6042 890 6042 3917 6042 3917 6043 890 6043 889 6043 3917 6044 889 6044 3919 6044 3919 6045 889 6045 894 6045 1867 6046 3915 6046 1868 6046 1868 6047 3915 6047 3916 6047 1868 6048 3916 6048 1862 6048 1862 6049 3916 6049 3918 6049 1862 6050 3918 6050 1863 6050 1863 6051 3918 6051 3917 6051 1863 6052 3917 6052 1861 6052 1861 6053 3917 6053 3919 6053 1861 6054 3919 6054 1860 6054 922 6055 920 6055 3892 6055 918 6056 917 6056 3920 6056 916 6057 915 6057 3921 6057 922 6058 3892 6058 923 6058 1900 6059 727 6059 3922 6059 3922 6060 727 6060 3923 6060 3922 6061 3923 6061 3920 6061 3920 6062 3923 6062 3924 6062 3920 6063 3924 6063 918 6063 917 6064 916 6064 3920 6064 3920 6065 916 6065 3921 6065 3920 6066 3921 6066 3922 6066 3922 6067 3921 6067 3925 6067 3922 6068 3925 6068 1900 6068 1900 6069 3925 6069 1896 6069 915 6070 923 6070 3921 6070 3921 6071 923 6071 3892 6071 3921 6072 3892 6072 3925 6072 3925 6073 3892 6073 3893 6073 3925 6074 3893 6074 1896 6074 1896 6075 3893 6075 704 6075 1860 6076 3919 6076 3926 6076 3926 6077 3919 6077 894 6077 3926 6078 894 6078 896 6078 896 6079 898 6079 3926 6079 3926 6080 898 6080 899 6080 3926 6081 899 6081 3927 6081 3927 6082 899 6082 900 6082 3927 6083 900 6083 3928 6083 3928 6084 900 6084 902 6084 3928 6085 902 6085 3929 6085 3929 6086 902 6086 904 6086 904 6087 912 6087 3930 6087 904 6088 3930 6088 3929 6088 3929 6089 3930 6089 3931 6089 3929 6090 3931 6090 3932 6090 1860 6091 3926 6091 1878 6091 1878 6092 3926 6092 3927 6092 1878 6093 3927 6093 1879 6093 1879 6094 3927 6094 3928 6094 1879 6095 3928 6095 1880 6095 1880 6096 3928 6096 3929 6096 1880 6097 3929 6097 1881 6097 1881 6098 3929 6098 3932 6098 1881 6099 3932 6099 737 6099 3931 6100 3930 6100 3933 6100 3930 6101 912 6101 911 6101 3931 6102 3933 6102 3932 6102 3934 6103 736 6103 3935 6103 3935 6104 736 6104 738 6104 3935 6105 738 6105 3936 6105 3936 6106 738 6106 737 6106 3936 6107 737 6107 3932 6107 3930 6108 911 6108 3933 6108 3933 6109 911 6109 910 6109 3933 6110 910 6110 3937 6110 3937 6111 910 6111 909 6111 3937 6112 909 6112 3938 6112 3938 6113 909 6113 908 6113 3938 6114 908 6114 3939 6114 3939 6115 908 6115 906 6115 3939 6116 906 6116 3940 6116 3932 6117 3933 6117 3936 6117 3936 6118 3933 6118 3937 6118 3936 6119 3937 6119 3935 6119 3935 6120 3937 6120 3938 6120 3935 6121 3938 6121 3934 6121 3934 6122 3938 6122 3939 6122 3934 6123 3939 6123 3941 6123 3941 6124 3939 6124 3940 6124 3941 6125 3940 6125 3942 6125 731 6126 734 6126 3942 6126 3942 6127 734 6127 733 6127 3942 6128 733 6128 3941 6128 3941 6129 733 6129 732 6129 3941 6130 732 6130 3934 6130 3934 6131 732 6131 735 6131 3934 6132 735 6132 736 6132 729 6133 731 6133 3943 6133 3943 6134 731 6134 3942 6134 3943 6135 3942 6135 3944 6135 3944 6136 3942 6136 3940 6136 3944 6137 3940 6137 905 6137 905 6138 3940 6138 906 6138 727 6139 729 6139 3923 6139 3923 6140 729 6140 3943 6140 3923 6141 3943 6141 3924 6141 3924 6142 3943 6142 3944 6142 3924 6143 3944 6143 918 6143 918 6144 3944 6144 905 6144 3945 6145 3946 6145 3947 6145 3948 6146 3949 6146 3947 6146 3947 6147 3949 6147 3950 6147 3947 6148 3950 6148 3945 6148 3951 6149 3952 6149 3948 6149 3948 6150 3952 6150 3953 6150 3948 6151 3953 6151 3949 6151 3954 6152 3955 6152 3956 6152 3945 6153 3957 6153 3946 6153 3946 6154 3957 6154 3958 6154 3946 6155 3958 6155 3959 6155 3954 6156 3960 6156 3955 6156 3955 6157 3960 6157 3961 6157 3955 6158 3961 6158 3951 6158 3951 6159 3961 6159 3962 6159 3951 6160 3962 6160 3952 6160 3958 6161 3963 6161 3959 6161 3959 6162 3963 6162 3964 6162 3959 6163 3964 6163 3965 6163 3966 6164 3967 6164 3956 6164 3956 6165 3967 6165 3968 6165 3956 6166 3968 6166 3954 6166 3969 6167 3970 6167 3966 6167 3966 6168 3970 6168 3971 6168 3966 6169 3971 6169 3967 6169 3972 6170 3973 6170 3969 6170 3969 6171 3973 6171 3974 6171 3969 6172 3974 6172 3970 6172 3964 6173 3975 6173 3965 6173 3965 6174 3975 6174 3976 6174 3965 6175 3976 6175 3977 6175 3976 6176 3978 6176 3977 6176 3977 6177 3978 6177 3979 6177 3977 6178 3979 6178 3972 6178 3972 6179 3979 6179 3980 6179 3972 6180 3980 6180 3973 6180 3981 6181 3982 6181 3983 6181 3983 6182 3982 6182 3984 6182 3983 6183 3984 6183 3985 6183 3985 6184 3984 6184 3986 6184 3985 6185 3986 6185 3987 6185 3987 6186 3986 6186 3988 6186 3987 6187 3988 6187 3989 6187 3989 6188 3988 6188 3990 6188 3989 6189 3990 6189 3991 6189 3991 6190 3990 6190 3992 6190 3991 6191 3992 6191 3993 6191 3993 6192 3992 6192 3994 6192 3993 6193 3994 6193 3995 6193 3995 6194 3994 6194 3996 6194 3995 6195 3996 6195 3997 6195 3997 6196 3996 6196 3998 6196 3997 6197 3998 6197 3999 6197 3999 6198 3998 6198 4000 6198 3999 6199 4000 6199 4001 6199 4001 6200 4000 6200 4002 6200 4001 6201 4002 6201 4003 6201 4003 6202 4002 6202 4004 6202 4003 6203 4004 6203 4005 6203 4005 6204 4004 6204 4006 6204 4005 6205 4006 6205 4007 6205 4007 6206 4006 6206 4008 6206 4007 6207 4008 6207 4009 6207 4009 6208 4008 6208 4010 6208 4009 6209 4010 6209 4011 6209 4011 6210 4010 6210 4012 6210 4011 6211 4012 6211 4013 6211 4013 6212 4012 6212 4014 6212 4013 6213 4014 6213 4015 6213 4015 6214 4014 6214 4016 6214 4015 6215 4016 6215 4017 6215 4016 6216 4018 6216 4017 6216 4017 6217 4018 6217 4019 6217 4017 6218 4019 6218 4020 6218 4020 6219 4019 6219 4021 6219 4020 6220 4021 6220 4022 6220 4022 6221 4021 6221 4023 6221 4022 6222 4023 6222 4024 6222 4024 6223 4023 6223 4025 6223 4024 6224 4025 6224 4026 6224 4026 6225 4025 6225 4027 6225 4026 6226 4027 6226 4028 6226 4028 6227 4027 6227 4029 6227 4028 6228 4029 6228 3981 6228 3981 6229 4029 6229 4030 6229 3981 6230 4030 6230 3982 6230 4031 6231 549 6231 4032 6231 4032 6232 549 6232 550 6232 551 6233 4033 6233 550 6233 550 6234 4033 6234 4034 6234 550 6235 4034 6235 4032 6235 552 6236 4035 6236 4036 6236 4036 6237 4037 6237 552 6237 552 6238 4037 6238 4038 6238 552 6239 4038 6239 551 6239 551 6240 4038 6240 4039 6240 551 6241 4039 6241 4033 6241 553 6242 4040 6242 552 6242 552 6243 4040 6243 4041 6243 4042 6244 4035 6244 4043 6244 4043 6245 4035 6245 552 6245 4043 6246 552 6246 4044 6246 4044 6247 552 6247 4041 6247 554 6248 525 6248 4045 6248 4045 6249 4046 6249 554 6249 554 6250 4046 6250 4047 6250 554 6251 4047 6251 553 6251 553 6252 4047 6252 4048 6252 553 6253 4048 6253 4040 6253 4031 6254 4049 6254 549 6254 549 6255 4049 6255 4050 6255 4050 6256 4051 6256 549 6256 549 6257 4051 6257 4052 6257 549 6258 4052 6258 566 6258 4053 6259 4054 6259 525 6259 525 6260 4054 6260 4055 6260 525 6261 4055 6261 4045 6261 525 6262 524 6262 4056 6262 4056 6263 4057 6263 525 6263 525 6264 4057 6264 4058 6264 525 6265 4058 6265 4053 6265 4059 6266 4060 6266 556 6266 556 6267 4060 6267 4061 6267 556 6268 4061 6268 557 6268 532 6269 4062 6269 533 6269 533 6270 4062 6270 4063 6270 533 6271 4063 6271 4064 6271 4065 6272 4066 6272 4067 6272 4067 6273 4066 6273 533 6273 4067 6274 533 6274 4068 6274 4068 6275 533 6275 4064 6275 4065 6276 4069 6276 4066 6276 4066 6277 4069 6277 4070 6277 4066 6278 4070 6278 4071 6278 4070 6279 4072 6279 4071 6279 4071 6280 4072 6280 4073 6280 4071 6281 4073 6281 556 6281 556 6282 4073 6282 4074 6282 556 6283 4074 6283 4059 6283 4075 6284 598 6284 4076 6284 4076 6285 598 6285 599 6285 600 6286 4077 6286 599 6286 599 6287 4077 6287 4078 6287 599 6288 4078 6288 4076 6288 601 6289 4079 6289 4080 6289 4080 6290 4081 6290 601 6290 601 6291 4081 6291 4082 6291 601 6292 4082 6292 600 6292 600 6293 4082 6293 4083 6293 600 6294 4083 6294 4077 6294 602 6295 4084 6295 601 6295 601 6296 4084 6296 4085 6296 4086 6297 4079 6297 4087 6297 4087 6298 4079 6298 601 6298 4087 6299 601 6299 4088 6299 4088 6300 601 6300 4085 6300 603 6301 574 6301 4089 6301 4089 6302 4090 6302 603 6302 603 6303 4090 6303 4091 6303 603 6304 4091 6304 602 6304 602 6305 4091 6305 4092 6305 602 6306 4092 6306 4084 6306 4075 6307 4093 6307 598 6307 598 6308 4093 6308 4094 6308 4094 6309 4095 6309 598 6309 598 6310 4095 6310 4096 6310 598 6311 4096 6311 615 6311 4097 6312 4098 6312 574 6312 574 6313 4098 6313 4099 6313 574 6314 4099 6314 4089 6314 574 6315 573 6315 4100 6315 4100 6316 4101 6316 574 6316 574 6317 4101 6317 4102 6317 574 6318 4102 6318 4097 6318 4103 6319 4104 6319 605 6319 605 6320 4104 6320 4105 6320 605 6321 4105 6321 606 6321 4106 6322 582 6322 4107 6322 4107 6323 582 6323 581 6323 582 6324 4108 6324 4109 6324 4109 6325 4108 6325 4110 6325 4110 6326 4111 6326 4109 6326 4109 6327 4111 6327 4112 6327 4109 6328 4112 6328 4113 6328 4106 6329 4114 6329 582 6329 582 6330 4114 6330 4115 6330 582 6331 4115 6331 4108 6331 4112 6332 4116 6332 4113 6332 4113 6333 4116 6333 4117 6333 4113 6334 4117 6334 605 6334 605 6335 4117 6335 4118 6335 605 6336 4118 6336 4103 6336 4119 6337 647 6337 4120 6337 4120 6338 647 6338 648 6338 649 6339 4121 6339 648 6339 648 6340 4121 6340 4122 6340 648 6341 4122 6341 4120 6341 650 6342 4123 6342 4124 6342 4124 6343 4125 6343 650 6343 650 6344 4125 6344 4126 6344 650 6345 4126 6345 649 6345 649 6346 4126 6346 4127 6346 649 6347 4127 6347 4121 6347 651 6348 4128 6348 650 6348 650 6349 4128 6349 4129 6349 4130 6350 4123 6350 4131 6350 4131 6351 4123 6351 650 6351 4131 6352 650 6352 4132 6352 4132 6353 650 6353 4129 6353 652 6354 623 6354 4133 6354 4133 6355 4134 6355 652 6355 652 6356 4134 6356 4135 6356 652 6357 4135 6357 651 6357 651 6358 4135 6358 4136 6358 651 6359 4136 6359 4128 6359 4119 6360 4137 6360 647 6360 647 6361 4137 6361 4138 6361 4138 6362 4139 6362 647 6362 647 6363 4139 6363 4140 6363 647 6364 4140 6364 664 6364 4141 6365 4142 6365 623 6365 623 6366 4142 6366 4143 6366 623 6367 4143 6367 4133 6367 623 6368 622 6368 4144 6368 4144 6369 4145 6369 623 6369 623 6370 4145 6370 4146 6370 623 6371 4146 6371 4141 6371 4147 6372 4148 6372 654 6372 654 6373 4148 6373 4149 6373 654 6374 4149 6374 655 6374 630 6375 4150 6375 631 6375 631 6376 4150 6376 4151 6376 631 6377 4151 6377 4152 6377 4153 6378 4154 6378 4155 6378 4155 6379 4154 6379 631 6379 4155 6380 631 6380 4156 6380 4156 6381 631 6381 4152 6381 4157 6382 4158 6382 654 6382 654 6383 4158 6383 4159 6383 654 6384 4159 6384 4147 6384 4153 6385 4160 6385 4154 6385 4154 6386 4160 6386 4161 6386 4154 6387 4161 6387 4157 6387 4157 6388 4161 6388 4162 6388 4157 6389 4162 6389 4158 6389 4163 6390 928 6390 927 6390 4164 6391 4165 6391 4166 6391 4166 6392 4165 6392 4163 6392 4056 6393 524 6393 4164 6393 4163 6394 927 6394 4166 6394 4166 6395 927 6395 925 6395 4166 6396 925 6396 4167 6396 925 6397 924 6397 4167 6397 4167 6398 924 6398 943 6398 4167 6399 943 6399 4168 6399 4168 6400 943 6400 942 6400 4168 6401 942 6401 4169 6401 944 6402 4170 6402 937 6402 937 6403 4170 6403 4171 6403 937 6404 4171 6404 938 6404 938 6405 4171 6405 4172 6405 938 6406 4172 6406 939 6406 939 6407 4172 6407 4169 6407 939 6408 4169 6408 940 6408 940 6409 4169 6409 942 6409 4164 6410 4166 6410 4056 6410 4056 6411 4166 6411 4167 6411 4056 6412 4167 6412 4057 6412 4057 6413 4167 6413 4168 6413 4057 6414 4168 6414 4058 6414 4058 6415 4168 6415 4169 6415 4058 6416 4169 6416 4053 6416 4053 6417 4169 6417 4172 6417 4053 6418 4172 6418 4054 6418 4054 6419 4172 6419 4171 6419 4054 6420 4171 6420 4055 6420 4055 6421 4171 6421 4170 6421 4055 6422 4170 6422 4045 6422 4173 6423 520 6423 519 6423 4174 6424 987 6424 935 6424 4175 6425 4174 6425 4176 6425 528 6426 535 6426 4177 6426 4177 6427 535 6427 534 6427 4177 6428 534 6428 4178 6428 4178 6429 534 6429 533 6429 4178 6430 533 6430 4175 6430 528 6431 4177 6431 519 6431 519 6432 4177 6432 4179 6432 519 6433 4179 6433 4173 6433 4174 6434 935 6434 4176 6434 4176 6435 935 6435 934 6435 4176 6436 934 6436 4180 6436 4180 6437 934 6437 933 6437 4180 6438 933 6438 4181 6438 4181 6439 933 6439 932 6439 4181 6440 932 6440 4182 6440 4182 6441 932 6441 931 6441 4182 6442 931 6442 4183 6442 4183 6443 931 6443 929 6443 4183 6444 929 6444 4184 6444 929 6445 928 6445 4184 6445 4184 6446 928 6446 4163 6446 4184 6447 4163 6447 4165 6447 4175 6448 4176 6448 4178 6448 4178 6449 4176 6449 4180 6449 4178 6450 4180 6450 4177 6450 4177 6451 4180 6451 4181 6451 4177 6452 4181 6452 4179 6452 4179 6453 4181 6453 4182 6453 4179 6454 4182 6454 4173 6454 4173 6455 4182 6455 4183 6455 4173 6456 4183 6456 4185 6456 4185 6457 4183 6457 4184 6457 4185 6458 4184 6458 4186 6458 4186 6459 4184 6459 4165 6459 4186 6460 4165 6460 4164 6460 520 6461 4173 6461 521 6461 521 6462 4173 6462 4185 6462 521 6463 4185 6463 527 6463 527 6464 4185 6464 4186 6464 527 6465 4186 6465 526 6465 526 6466 4186 6466 4164 6466 526 6467 4164 6467 524 6467 4187 6468 4048 6468 4047 6468 4170 6469 944 6469 4188 6469 4188 6470 944 6470 946 6470 4189 6471 4046 6471 4188 6471 4188 6472 4046 6472 4045 6472 4188 6473 4045 6473 4170 6473 946 6474 949 6474 4188 6474 4188 6475 949 6475 948 6475 4188 6476 948 6476 4189 6476 4189 6477 948 6477 950 6477 4189 6478 950 6478 952 6478 961 6479 4190 6479 952 6479 952 6480 4190 6480 4187 6480 952 6481 4187 6481 4189 6481 4189 6482 4187 6482 4047 6482 4189 6483 4047 6483 4046 6483 4048 6484 4187 6484 4040 6484 4040 6485 4187 6485 4190 6485 4040 6486 4190 6486 4041 6486 4041 6487 4190 6487 4191 6487 4041 6488 4191 6488 4044 6488 4044 6489 4191 6489 4192 6489 4044 6490 4192 6490 4043 6490 4043 6491 4192 6491 4193 6491 4043 6492 4193 6492 4042 6492 4042 6493 4193 6493 4194 6493 4042 6494 4194 6494 4035 6494 4035 6495 4194 6495 4195 6495 4035 6496 4195 6496 4036 6496 4036 6497 4195 6497 4196 6497 4036 6498 4196 6498 4037 6498 4037 6499 4196 6499 4197 6499 4037 6500 4197 6500 4038 6500 961 6501 960 6501 4190 6501 4190 6502 960 6502 959 6502 4190 6503 959 6503 4191 6503 4191 6504 959 6504 958 6504 4191 6505 958 6505 4192 6505 4192 6506 958 6506 957 6506 4192 6507 957 6507 4193 6507 4193 6508 957 6508 954 6508 4193 6509 954 6509 4194 6509 4194 6510 954 6510 953 6510 4194 6511 953 6511 4195 6511 4195 6512 953 6512 956 6512 4195 6513 956 6513 4196 6513 4196 6514 956 6514 964 6514 4196 6515 964 6515 4197 6515 4197 6516 964 6516 963 6516 4197 6517 963 6517 4198 6517 963 6518 962 6518 4198 6518 4198 6519 962 6519 847 6519 4198 6520 847 6520 4199 6520 4199 6521 847 6521 846 6521 4199 6522 846 6522 4200 6522 4200 6523 846 6523 844 6523 844 6524 843 6524 4200 6524 4200 6525 843 6525 971 6525 4200 6526 971 6526 4201 6526 4038 6527 4197 6527 4039 6527 4039 6528 4197 6528 4198 6528 4039 6529 4198 6529 4033 6529 4033 6530 4198 6530 4199 6530 4033 6531 4199 6531 4034 6531 4034 6532 4199 6532 4200 6532 4034 6533 4200 6533 4032 6533 4032 6534 4200 6534 4201 6534 4032 6535 4201 6535 4031 6535 988 6536 987 6536 4174 6536 991 6537 990 6537 4202 6537 986 6538 985 6538 4203 6538 976 6539 986 6539 4204 6539 4204 6540 986 6540 4203 6540 4204 6541 4203 6541 4205 6541 4205 6542 4203 6542 4206 6542 4205 6543 4206 6543 556 6543 556 6544 4206 6544 4071 6544 985 6545 991 6545 4203 6545 4203 6546 991 6546 4202 6546 4203 6547 4202 6547 4206 6547 4206 6548 4202 6548 4207 6548 4206 6549 4207 6549 4071 6549 4071 6550 4207 6550 4066 6550 990 6551 988 6551 4202 6551 4202 6552 988 6552 4174 6552 4202 6553 4174 6553 4207 6553 4207 6554 4174 6554 4175 6554 4207 6555 4175 6555 4066 6555 4066 6556 4175 6556 533 6556 4031 6557 4201 6557 4208 6557 4208 6558 4201 6558 971 6558 4208 6559 971 6559 970 6559 970 6560 969 6560 4208 6560 4208 6561 969 6561 968 6561 4208 6562 968 6562 4209 6562 4209 6563 968 6563 4210 6563 4210 6564 968 6564 967 6564 4210 6565 967 6565 1226 6565 1226 6566 973 6566 4210 6566 4210 6567 973 6567 972 6567 4210 6568 972 6568 4211 6568 4211 6569 972 6569 841 6569 841 6570 840 6570 4212 6570 841 6571 4212 6571 4211 6571 4211 6572 4212 6572 4213 6572 4211 6573 4213 6573 4214 6573 4031 6574 4208 6574 4049 6574 4049 6575 4208 6575 4209 6575 4049 6576 4209 6576 4050 6576 4050 6577 4209 6577 4210 6577 4050 6578 4210 6578 4051 6578 4051 6579 4210 6579 4211 6579 4051 6580 4211 6580 4052 6580 4052 6581 4211 6581 4214 6581 4052 6582 4214 6582 566 6582 4213 6583 4212 6583 4215 6583 4212 6584 840 6584 983 6584 4213 6585 4215 6585 4214 6585 4216 6586 565 6586 4217 6586 4217 6587 565 6587 567 6587 4217 6588 567 6588 4218 6588 4218 6589 567 6589 566 6589 4218 6590 566 6590 4214 6590 4212 6591 983 6591 4215 6591 4215 6592 983 6592 982 6592 4215 6593 982 6593 4219 6593 4219 6594 982 6594 981 6594 4219 6595 981 6595 4220 6595 4220 6596 981 6596 980 6596 4220 6597 980 6597 4221 6597 4221 6598 980 6598 979 6598 4221 6599 979 6599 4222 6599 4214 6600 4215 6600 4218 6600 4218 6601 4215 6601 4219 6601 4218 6602 4219 6602 4217 6602 4217 6603 4219 6603 4220 6603 4217 6604 4220 6604 4216 6604 4216 6605 4220 6605 4221 6605 4216 6606 4221 6606 4223 6606 4223 6607 4221 6607 4222 6607 4223 6608 4222 6608 4224 6608 560 6609 563 6609 4224 6609 4224 6610 563 6610 562 6610 4224 6611 562 6611 4223 6611 4223 6612 562 6612 561 6612 4223 6613 561 6613 4216 6613 4216 6614 561 6614 564 6614 4216 6615 564 6615 565 6615 558 6616 560 6616 4225 6616 4225 6617 560 6617 4224 6617 4225 6618 4224 6618 4226 6618 4226 6619 4224 6619 4222 6619 4226 6620 4222 6620 977 6620 977 6621 4222 6621 979 6621 556 6622 558 6622 4205 6622 4205 6623 558 6623 4225 6623 4205 6624 4225 6624 4204 6624 4204 6625 4225 6625 4226 6625 4204 6626 4226 6626 976 6626 976 6627 4226 6627 977 6627 4227 6628 995 6628 994 6628 4228 6629 4229 6629 4230 6629 4230 6630 4229 6630 4227 6630 4100 6631 573 6631 4228 6631 4227 6632 994 6632 4230 6632 4230 6633 994 6633 993 6633 4230 6634 993 6634 4231 6634 993 6635 1003 6635 4231 6635 4231 6636 1003 6636 1002 6636 4231 6637 1002 6637 4232 6637 4232 6638 1002 6638 1006 6638 4232 6639 1006 6639 4233 6639 1006 6640 1005 6640 4233 6640 4233 6641 1005 6641 1004 6641 4233 6642 1004 6642 4234 6642 4234 6643 1004 6643 1220 6643 4234 6644 1220 6644 4235 6644 836 6645 4236 6645 837 6645 837 6646 4236 6646 4235 6646 837 6647 4235 6647 839 6647 839 6648 4235 6648 1220 6648 4228 6649 4230 6649 4100 6649 4100 6650 4230 6650 4231 6650 4100 6651 4231 6651 4101 6651 4101 6652 4231 6652 4232 6652 4101 6653 4232 6653 4102 6653 4102 6654 4232 6654 4233 6654 4102 6655 4233 6655 4097 6655 4097 6656 4233 6656 4234 6656 4097 6657 4234 6657 4098 6657 4098 6658 4234 6658 4235 6658 4098 6659 4235 6659 4099 6659 4099 6660 4235 6660 4236 6660 4099 6661 4236 6661 4089 6661 4237 6662 569 6662 568 6662 4238 6663 1049 6663 1048 6663 4239 6664 4238 6664 4240 6664 577 6665 584 6665 4241 6665 4241 6666 584 6666 583 6666 4241 6667 583 6667 4242 6667 4242 6668 583 6668 582 6668 4242 6669 582 6669 4239 6669 577 6670 4241 6670 568 6670 568 6671 4241 6671 4243 6671 568 6672 4243 6672 4237 6672 4238 6673 1048 6673 4240 6673 4240 6674 1048 6674 1000 6674 4240 6675 1000 6675 4244 6675 4244 6676 1000 6676 999 6676 4244 6677 999 6677 4245 6677 4245 6678 999 6678 998 6678 4245 6679 998 6679 4246 6679 4246 6680 998 6680 997 6680 4246 6681 997 6681 4247 6681 4247 6682 997 6682 996 6682 4247 6683 996 6683 4248 6683 996 6684 995 6684 4248 6684 4248 6685 995 6685 4227 6685 4248 6686 4227 6686 4229 6686 4239 6687 4240 6687 4242 6687 4242 6688 4240 6688 4244 6688 4242 6689 4244 6689 4241 6689 4241 6690 4244 6690 4245 6690 4241 6691 4245 6691 4243 6691 4243 6692 4245 6692 4246 6692 4243 6693 4246 6693 4237 6693 4237 6694 4246 6694 4247 6694 4237 6695 4247 6695 4249 6695 4249 6696 4247 6696 4248 6696 4249 6697 4248 6697 4250 6697 4250 6698 4248 6698 4229 6698 4250 6699 4229 6699 4228 6699 569 6700 4237 6700 570 6700 570 6701 4237 6701 4249 6701 570 6702 4249 6702 576 6702 576 6703 4249 6703 4250 6703 576 6704 4250 6704 575 6704 575 6705 4250 6705 4228 6705 575 6706 4228 6706 573 6706 4251 6707 4092 6707 4091 6707 4236 6708 836 6708 1010 6708 4252 6709 4090 6709 4253 6709 4253 6710 4090 6710 4089 6710 4253 6711 4089 6711 4236 6711 4236 6712 1010 6712 4253 6712 4253 6713 1010 6713 1008 6713 4253 6714 1008 6714 4252 6714 4252 6715 1008 6715 1007 6715 4252 6716 1007 6716 1014 6716 1012 6717 4254 6717 1014 6717 1014 6718 4254 6718 4251 6718 1014 6719 4251 6719 4252 6719 4252 6720 4251 6720 4091 6720 4252 6721 4091 6721 4090 6721 1012 6722 1011 6722 4254 6722 4254 6723 1011 6723 1023 6723 4254 6724 1023 6724 4255 6724 4255 6725 1023 6725 1022 6725 4255 6726 1022 6726 4256 6726 4256 6727 1022 6727 1020 6727 4256 6728 1020 6728 4257 6728 4257 6729 1020 6729 1019 6729 4257 6730 1019 6730 4258 6730 4258 6731 1019 6731 1015 6731 4258 6732 1015 6732 4259 6732 4259 6733 1015 6733 1017 6733 4259 6734 1017 6734 4260 6734 4260 6735 1017 6735 1018 6735 4260 6736 1018 6736 4261 6736 4092 6737 4251 6737 4084 6737 4084 6738 4251 6738 4254 6738 4084 6739 4254 6739 4085 6739 4085 6740 4254 6740 4255 6740 4085 6741 4255 6741 4088 6741 4088 6742 4255 6742 4256 6742 4088 6743 4256 6743 4087 6743 4087 6744 4256 6744 4257 6744 4087 6745 4257 6745 4086 6745 4086 6746 4257 6746 4258 6746 4086 6747 4258 6747 4079 6747 4079 6748 4258 6748 4259 6748 4079 6749 4259 6749 4080 6749 4080 6750 4259 6750 4260 6750 4080 6751 4260 6751 4081 6751 4081 6752 4260 6752 4261 6752 4081 6753 4261 6753 4082 6753 1018 6754 1024 6754 4261 6754 4261 6755 1024 6755 1026 6755 4261 6756 1026 6756 4262 6756 4262 6757 1026 6757 1028 6757 4262 6758 1028 6758 1029 6758 834 6759 4263 6759 1029 6759 1029 6760 4263 6760 4264 6760 1029 6761 4264 6761 4262 6761 834 6762 833 6762 4263 6762 4263 6763 833 6763 1035 6763 4263 6764 1035 6764 4265 6764 4082 6765 4261 6765 4083 6765 4083 6766 4261 6766 4262 6766 4083 6767 4262 6767 4077 6767 4077 6768 4262 6768 4264 6768 4077 6769 4264 6769 4078 6769 4078 6770 4264 6770 4263 6770 4078 6771 4263 6771 4076 6771 4076 6772 4263 6772 4265 6772 4076 6773 4265 6773 4075 6773 1050 6774 1049 6774 4238 6774 825 6775 824 6775 4266 6775 828 6776 827 6776 4267 6776 1039 6777 828 6777 4268 6777 4268 6778 828 6778 4267 6778 4268 6779 4267 6779 4269 6779 4269 6780 4267 6780 4270 6780 4269 6781 4270 6781 605 6781 605 6782 4270 6782 4113 6782 827 6783 825 6783 4267 6783 4267 6784 825 6784 4266 6784 4267 6785 4266 6785 4270 6785 4270 6786 4266 6786 4271 6786 4270 6787 4271 6787 4113 6787 4113 6788 4271 6788 4109 6788 824 6789 1050 6789 4266 6789 4266 6790 1050 6790 4238 6790 4266 6791 4238 6791 4271 6791 4271 6792 4238 6792 4239 6792 4271 6793 4239 6793 4109 6793 4109 6794 4239 6794 582 6794 4075 6795 4265 6795 4272 6795 4272 6796 4265 6796 1035 6796 4272 6797 1035 6797 1034 6797 1213 6798 4273 6798 1031 6798 1031 6799 4273 6799 4274 6799 1031 6800 4274 6800 1032 6800 1032 6801 4274 6801 4272 6801 1032 6802 4272 6802 1033 6802 1033 6803 4272 6803 1034 6803 1213 6804 1037 6804 4273 6804 4273 6805 1037 6805 1036 6805 4273 6806 1036 6806 4275 6806 4275 6807 1036 6807 831 6807 831 6808 830 6808 4276 6808 831 6809 4276 6809 4275 6809 4275 6810 4276 6810 4277 6810 4275 6811 4277 6811 4278 6811 4075 6812 4272 6812 4093 6812 4093 6813 4272 6813 4274 6813 4093 6814 4274 6814 4094 6814 4094 6815 4274 6815 4273 6815 4094 6816 4273 6816 4095 6816 4095 6817 4273 6817 4275 6817 4095 6818 4275 6818 4096 6818 4096 6819 4275 6819 4278 6819 4096 6820 4278 6820 615 6820 4277 6821 4276 6821 4279 6821 4276 6822 830 6822 1047 6822 4277 6823 4279 6823 4278 6823 4280 6824 614 6824 4281 6824 4281 6825 614 6825 616 6825 4281 6826 616 6826 4282 6826 4282 6827 616 6827 615 6827 4282 6828 615 6828 4278 6828 4276 6829 1047 6829 4279 6829 4279 6830 1047 6830 1046 6830 4279 6831 1046 6831 4283 6831 4283 6832 1046 6832 1045 6832 4283 6833 1045 6833 4284 6833 4284 6834 1045 6834 1044 6834 4284 6835 1044 6835 4285 6835 4285 6836 1044 6836 1043 6836 4285 6837 1043 6837 4286 6837 4278 6838 4279 6838 4282 6838 4282 6839 4279 6839 4283 6839 4282 6840 4283 6840 4281 6840 4281 6841 4283 6841 4284 6841 4281 6842 4284 6842 4280 6842 4280 6843 4284 6843 4285 6843 4280 6844 4285 6844 4287 6844 4287 6845 4285 6845 4286 6845 4287 6846 4286 6846 4288 6846 609 6847 612 6847 4288 6847 4288 6848 612 6848 611 6848 4288 6849 611 6849 4287 6849 4287 6850 611 6850 610 6850 4287 6851 610 6851 4280 6851 4280 6852 610 6852 613 6852 4280 6853 613 6853 614 6853 607 6854 609 6854 4289 6854 4289 6855 609 6855 4288 6855 4289 6856 4288 6856 4290 6856 4290 6857 4288 6857 4286 6857 4290 6858 4286 6858 1042 6858 1042 6859 4286 6859 1043 6859 605 6860 607 6860 4269 6860 4269 6861 607 6861 4289 6861 4269 6862 4289 6862 4268 6862 4268 6863 4289 6863 4290 6863 4268 6864 4290 6864 1039 6864 1039 6865 4290 6865 1042 6865 4291 6866 1051 6866 1054 6866 4292 6867 4293 6867 4294 6867 4294 6868 4293 6868 4291 6868 4144 6869 622 6869 4292 6869 4291 6870 1054 6870 4294 6870 4294 6871 1054 6871 822 6871 4294 6872 822 6872 4295 6872 822 6873 821 6873 4295 6873 4295 6874 821 6874 1061 6874 4295 6875 1061 6875 4296 6875 4296 6876 1061 6876 819 6876 4296 6877 819 6877 4297 6877 4297 6878 819 6878 818 6878 4297 6879 818 6879 4298 6879 4298 6880 818 6880 1062 6880 1070 6881 4299 6881 1064 6881 1064 6882 4299 6882 4300 6882 1064 6883 4300 6883 1065 6883 1065 6884 4300 6884 4298 6884 1065 6885 4298 6885 1471 6885 1471 6886 4298 6886 1062 6886 4292 6887 4294 6887 4144 6887 4144 6888 4294 6888 4295 6888 4144 6889 4295 6889 4145 6889 4145 6890 4295 6890 4296 6890 4145 6891 4296 6891 4146 6891 4146 6892 4296 6892 4297 6892 4146 6893 4297 6893 4141 6893 4141 6894 4297 6894 4298 6894 4141 6895 4298 6895 4142 6895 4142 6896 4298 6896 4300 6896 4142 6897 4300 6897 4143 6897 4143 6898 4300 6898 4299 6898 4143 6899 4299 6899 4133 6899 4301 6900 618 6900 617 6900 4302 6901 1060 6901 1059 6901 4303 6902 4302 6902 4304 6902 626 6903 633 6903 4305 6903 4305 6904 633 6904 632 6904 4305 6905 632 6905 4306 6905 4306 6906 632 6906 631 6906 4306 6907 631 6907 4303 6907 626 6908 4305 6908 617 6908 617 6909 4305 6909 4307 6909 617 6910 4307 6910 4301 6910 4302 6911 1059 6911 4304 6911 4304 6912 1059 6912 1058 6912 4304 6913 1058 6913 4308 6913 4308 6914 1058 6914 1057 6914 4308 6915 1057 6915 4309 6915 4309 6916 1057 6916 1056 6916 4309 6917 1056 6917 4310 6917 4310 6918 1056 6918 1055 6918 4310 6919 1055 6919 4311 6919 4311 6920 1055 6920 1052 6920 4311 6921 1052 6921 4312 6921 1052 6922 1051 6922 4312 6922 4312 6923 1051 6923 4291 6923 4312 6924 4291 6924 4293 6924 4303 6925 4304 6925 4306 6925 4306 6926 4304 6926 4308 6926 4306 6927 4308 6927 4305 6927 4305 6928 4308 6928 4309 6928 4305 6929 4309 6929 4307 6929 4307 6930 4309 6930 4310 6930 4307 6931 4310 6931 4301 6931 4301 6932 4310 6932 4311 6932 4301 6933 4311 6933 4313 6933 4313 6934 4311 6934 4312 6934 4313 6935 4312 6935 4314 6935 4314 6936 4312 6936 4293 6936 4314 6937 4293 6937 4292 6937 618 6938 4301 6938 619 6938 619 6939 4301 6939 4313 6939 619 6940 4313 6940 625 6940 625 6941 4313 6941 4314 6941 625 6942 4314 6942 624 6942 624 6943 4314 6943 4292 6943 624 6944 4292 6944 622 6944 4315 6945 4136 6945 4135 6945 4299 6946 1070 6946 1069 6946 4316 6947 4134 6947 4317 6947 4317 6948 4134 6948 4133 6948 4317 6949 4133 6949 4299 6949 4299 6950 1069 6950 4317 6950 4317 6951 1069 6951 1067 6951 4317 6952 1067 6952 4316 6952 4316 6953 1067 6953 1066 6953 4316 6954 1066 6954 1074 6954 1072 6955 4318 6955 1074 6955 1074 6956 4318 6956 4315 6956 1074 6957 4315 6957 4316 6957 4316 6958 4315 6958 4135 6958 4316 6959 4135 6959 4134 6959 1072 6960 1071 6960 4318 6960 4318 6961 1071 6961 1082 6961 4318 6962 1082 6962 4319 6962 4319 6963 1082 6963 1083 6963 4319 6964 1083 6964 4320 6964 4136 6965 4315 6965 4128 6965 4128 6966 4315 6966 4318 6966 4128 6967 4318 6967 4129 6967 4129 6968 4318 6968 4319 6968 4129 6969 4319 6969 4132 6969 4132 6970 4319 6970 4320 6970 4132 6971 4320 6971 4131 6971 4131 6972 4320 6972 4321 6972 4131 6973 4321 6973 4130 6973 4130 6974 4321 6974 4322 6974 4130 6975 4322 6975 4123 6975 4123 6976 4322 6976 4323 6976 4123 6977 4323 6977 4124 6977 4124 6978 4323 6978 4324 6978 4124 6979 4324 6979 4125 6979 4125 6980 4324 6980 4325 6980 4125 6981 4325 6981 4126 6981 1083 6982 1084 6982 4320 6982 4320 6983 1084 6983 1081 6983 4320 6984 1081 6984 4321 6984 4321 6985 1081 6985 1079 6985 4321 6986 1079 6986 4322 6986 4322 6987 1079 6987 1078 6987 4322 6988 1078 6988 4323 6988 4323 6989 1078 6989 1077 6989 4323 6990 1077 6990 4324 6990 4324 6991 1077 6991 1076 6991 4324 6992 1076 6992 4325 6992 4325 6993 1076 6993 816 6993 4325 6994 816 6994 4326 6994 4326 6995 816 6995 815 6995 4326 6996 815 6996 1085 6996 813 6997 4327 6997 1085 6997 1085 6998 4327 6998 4328 6998 1085 6999 4328 6999 4326 6999 813 7000 812 7000 4327 7000 4327 7001 812 7001 1090 7001 4327 7002 1090 7002 4329 7002 4126 7003 4325 7003 4127 7003 4127 7004 4325 7004 4326 7004 4127 7005 4326 7005 4121 7005 4121 7006 4326 7006 4328 7006 4121 7007 4328 7007 4122 7007 4122 7008 4328 7008 4327 7008 4122 7009 4327 7009 4120 7009 4120 7010 4327 7010 4329 7010 4120 7011 4329 7011 4119 7011 1107 7012 1060 7012 4302 7012 804 7013 803 7013 4330 7013 807 7014 806 7014 4331 7014 1097 7015 807 7015 4332 7015 4332 7016 807 7016 4331 7016 4332 7017 4331 7017 4333 7017 4333 7018 4331 7018 4334 7018 4333 7019 4334 7019 654 7019 654 7020 4334 7020 4157 7020 806 7021 804 7021 4331 7021 4331 7022 804 7022 4330 7022 4331 7023 4330 7023 4334 7023 4334 7024 4330 7024 4335 7024 4334 7025 4335 7025 4157 7025 4157 7026 4335 7026 4154 7026 803 7027 1107 7027 4330 7027 4330 7028 1107 7028 4302 7028 4330 7029 4302 7029 4335 7029 4335 7030 4302 7030 4303 7030 4335 7031 4303 7031 4154 7031 4154 7032 4303 7032 631 7032 1094 7033 4336 7033 4337 7033 4119 7034 4329 7034 4338 7034 4338 7035 4329 7035 1090 7035 4338 7036 1090 7036 1089 7036 1089 7037 1087 7037 4338 7037 4338 7038 1087 7038 1086 7038 4338 7039 1086 7039 4339 7039 1086 7040 1092 7040 4339 7040 4339 7041 1092 7041 1091 7041 4339 7042 1091 7042 4337 7042 4337 7043 1091 7043 1095 7043 4337 7044 1095 7044 1094 7044 809 7045 4340 7045 810 7045 810 7046 4340 7046 1094 7046 1094 7047 4340 7047 4336 7047 4336 7048 4340 7048 4341 7048 4336 7049 4341 7049 4342 7049 4119 7050 4338 7050 4137 7050 4137 7051 4338 7051 4339 7051 4137 7052 4339 7052 4138 7052 4138 7053 4339 7053 4337 7053 4138 7054 4337 7054 4139 7054 4139 7055 4337 7055 4336 7055 4139 7056 4336 7056 4140 7056 4140 7057 4336 7057 4342 7057 4140 7058 4342 7058 664 7058 4341 7059 4340 7059 4343 7059 4340 7060 809 7060 1105 7060 4341 7061 4343 7061 4342 7061 4344 7062 663 7062 4345 7062 4345 7063 663 7063 665 7063 4345 7064 665 7064 4346 7064 4346 7065 665 7065 664 7065 4346 7066 664 7066 4342 7066 4340 7067 1105 7067 4343 7067 4343 7068 1105 7068 1104 7068 4343 7069 1104 7069 4347 7069 4347 7070 1104 7070 1103 7070 4347 7071 1103 7071 4348 7071 4348 7072 1103 7072 1102 7072 4348 7073 1102 7073 4349 7073 4349 7074 1102 7074 1101 7074 4349 7075 1101 7075 4350 7075 4342 7076 4343 7076 4346 7076 4346 7077 4343 7077 4347 7077 4346 7078 4347 7078 4345 7078 4345 7079 4347 7079 4348 7079 4345 7080 4348 7080 4344 7080 4344 7081 4348 7081 4349 7081 4344 7082 4349 7082 4351 7082 4351 7083 4349 7083 4350 7083 4351 7084 4350 7084 4352 7084 658 7085 661 7085 4352 7085 4352 7086 661 7086 660 7086 4352 7087 660 7087 4351 7087 4351 7088 660 7088 659 7088 4351 7089 659 7089 4344 7089 4344 7090 659 7090 662 7090 4344 7091 662 7091 663 7091 656 7092 658 7092 4353 7092 4353 7093 658 7093 4352 7093 4353 7094 4352 7094 4354 7094 4354 7095 4352 7095 4350 7095 4354 7096 4350 7096 1100 7096 1100 7097 4350 7097 1101 7097 654 7098 656 7098 4333 7098 4333 7099 656 7099 4353 7099 4333 7100 4353 7100 4332 7100 4332 7101 4353 7101 4354 7101 4332 7102 4354 7102 1097 7102 1097 7103 4354 7103 1100 7103 4355 7104 4356 7104 4357 7104 4358 7105 4359 7105 4357 7105 4357 7106 4359 7106 4360 7106 4357 7107 4360 7107 4355 7107 4361 7108 4362 7108 4358 7108 4358 7109 4362 7109 4363 7109 4358 7110 4363 7110 4359 7110 4364 7111 4365 7111 4361 7111 4361 7112 4365 7112 4366 7112 4361 7113 4366 7113 4362 7113 4367 7114 4368 7114 4364 7114 4364 7115 4368 7115 4369 7115 4364 7116 4369 7116 4365 7116 4370 7117 4371 7117 4367 7117 4367 7118 4371 7118 4372 7118 4367 7119 4372 7119 4368 7119 4373 7120 4374 7120 4375 7120 4376 7121 4377 7121 4375 7121 4375 7122 4377 7122 4378 7122 4375 7123 4378 7123 4373 7123 4379 7124 4380 7124 4376 7124 4376 7125 4380 7125 4381 7125 4376 7126 4381 7126 4377 7126 4355 7127 4382 7127 4356 7127 4356 7128 4382 7128 4383 7128 4356 7129 4383 7129 4379 7129 4379 7130 4383 7130 4384 7130 4379 7131 4384 7131 4380 7131 4385 7132 4386 7132 4370 7132 4370 7133 4386 7133 4387 7133 4370 7134 4387 7134 4371 7134 4373 7135 4388 7135 4374 7135 4374 7136 4388 7136 4389 7136 4374 7137 4389 7137 4385 7137 4385 7138 4389 7138 4390 7138 4385 7139 4390 7139 4386 7139 4391 7140 4392 7140 4393 7140 4393 7141 4392 7141 4394 7141 4393 7142 4394 7142 4395 7142 4395 7143 4394 7143 4396 7143 4395 7144 4396 7144 4397 7144 4397 7145 4396 7145 4398 7145 4397 7146 4398 7146 4399 7146 4399 7147 4398 7147 4400 7147 4399 7148 4400 7148 4401 7148 4401 7149 4400 7149 4402 7149 4401 7150 4402 7150 4403 7150 4403 7151 4402 7151 4404 7151 4403 7152 4404 7152 4405 7152 4405 7153 4404 7153 4406 7153 4405 7154 4406 7154 4407 7154 4407 7155 4406 7155 4408 7155 4407 7156 4408 7156 4409 7156 4409 7157 4408 7157 4410 7157 4409 7158 4410 7158 4411 7158 4411 7159 4410 7159 4412 7159 4411 7160 4412 7160 4413 7160 4413 7161 4412 7161 4414 7161 4413 7162 4414 7162 4415 7162 4415 7163 4414 7163 4416 7163 4415 7164 4416 7164 4417 7164 4417 7165 4416 7165 4418 7165 4417 7166 4418 7166 4419 7166 4419 7167 4418 7167 4420 7167 4419 7168 4420 7168 4421 7168 4421 7169 4420 7169 4422 7169 4421 7170 4422 7170 4423 7170 4423 7171 4422 7171 4424 7171 4423 7172 4424 7172 4425 7172 4425 7173 4424 7173 4426 7173 4425 7174 4426 7174 4427 7174 4426 7175 4428 7175 4427 7175 4427 7176 4428 7176 4429 7176 4427 7177 4429 7177 4430 7177 4430 7178 4429 7178 4431 7178 4430 7179 4431 7179 4432 7179 4432 7180 4431 7180 4433 7180 4432 7181 4433 7181 4434 7181 4434 7182 4433 7182 4435 7182 4434 7183 4435 7183 4436 7183 4436 7184 4435 7184 4437 7184 4436 7185 4437 7185 4438 7185 4438 7186 4437 7186 4439 7186 4438 7187 4439 7187 4391 7187 4391 7188 4439 7188 4440 7188 4391 7189 4440 7189 4392 7189 4441 7190 4442 7190 4443 7190 4444 7191 4445 7191 4446 7191 4447 7192 4448 7192 4445 7192 4445 7193 4448 7193 4449 7193 4445 7194 4449 7194 4446 7194 4450 7195 4451 7195 4443 7195 4443 7196 4451 7196 4452 7196 4443 7197 4452 7197 4441 7197 4446 7198 4453 7198 4444 7198 4444 7199 4453 7199 4454 7199 4444 7200 4454 7200 4450 7200 4450 7201 4454 7201 4455 7201 4450 7202 4455 7202 4451 7202 4456 7203 4457 7203 4447 7203 4447 7204 4457 7204 4458 7204 4447 7205 4458 7205 4448 7205 4459 7206 4460 7206 4456 7206 4456 7207 4460 7207 4461 7207 4456 7208 4461 7208 4457 7208 4462 7209 4463 7209 4464 7209 4441 7210 4465 7210 4442 7210 4442 7211 4465 7211 4466 7211 4442 7212 4466 7212 4464 7212 4464 7213 4466 7213 4467 7213 4464 7214 4467 7214 4462 7214 4468 7215 4469 7215 4459 7215 4459 7216 4469 7216 4470 7216 4459 7217 4470 7217 4460 7217 4462 7218 4471 7218 4463 7218 4463 7219 4471 7219 4472 7219 4463 7220 4472 7220 4473 7220 4472 7221 4474 7221 4473 7221 4473 7222 4474 7222 4475 7222 4473 7223 4475 7223 4468 7223 4468 7224 4475 7224 4476 7224 4468 7225 4476 7225 4469 7225 4477 7226 4478 7226 4479 7226 4479 7227 4478 7227 4480 7227 4479 7228 4480 7228 4481 7228 4481 7229 4480 7229 4482 7229 4481 7230 4482 7230 4483 7230 4483 7231 4482 7231 4484 7231 4483 7232 4484 7232 4485 7232 4485 7233 4484 7233 4486 7233 4485 7234 4486 7234 4487 7234 4487 7235 4486 7235 4488 7235 4487 7236 4488 7236 4489 7236 4489 7237 4488 7237 4490 7237 4489 7238 4490 7238 4491 7238 4491 7239 4490 7239 4492 7239 4491 7240 4492 7240 4493 7240 4493 7241 4492 7241 4494 7241 4493 7242 4494 7242 4495 7242 4495 7243 4494 7243 4496 7243 4495 7244 4496 7244 4497 7244 4497 7245 4496 7245 4498 7245 4497 7246 4498 7246 4499 7246 4499 7247 4498 7247 4500 7247 4499 7248 4500 7248 4501 7248 4501 7249 4500 7249 4502 7249 4501 7250 4502 7250 4503 7250 4503 7251 4502 7251 4504 7251 4503 7252 4504 7252 4505 7252 4505 7253 4504 7253 4506 7253 4505 7254 4506 7254 4507 7254 4507 7255 4506 7255 4508 7255 4507 7256 4508 7256 4509 7256 4509 7257 4508 7257 4510 7257 4509 7258 4510 7258 4511 7258 4511 7259 4510 7259 4512 7259 4511 7260 4512 7260 4513 7260 4512 7261 4514 7261 4513 7261 4513 7262 4514 7262 4515 7262 4513 7263 4515 7263 4516 7263 4516 7264 4515 7264 4517 7264 4516 7265 4517 7265 4518 7265 4518 7266 4517 7266 4519 7266 4518 7267 4519 7267 4520 7267 4520 7268 4519 7268 4521 7268 4520 7269 4521 7269 4522 7269 4522 7270 4521 7270 4523 7270 4522 7271 4523 7271 4524 7271 4524 7272 4523 7272 4525 7272 4524 7273 4525 7273 4477 7273 4477 7274 4525 7274 4526 7274 4477 7275 4526 7275 4478 7275 4527 7276 4528 7276 4529 7276 4530 7277 4531 7277 4529 7277 4529 7278 4531 7278 4532 7278 4529 7279 4532 7279 4527 7279 4533 7280 4534 7280 4535 7280 4536 7281 4537 7281 4530 7281 4530 7282 4537 7282 4538 7282 4530 7283 4538 7283 4531 7283 4539 7284 4540 7284 4541 7284 4542 7285 4543 7285 4544 7285 4535 7286 4545 7286 4533 7286 4533 7287 4545 7287 4546 7287 4533 7288 4546 7288 4543 7288 4543 7289 4546 7289 4547 7289 4543 7290 4547 7290 4544 7290 4548 7291 4549 7291 4534 7291 4534 7292 4549 7292 4550 7292 4534 7293 4550 7293 4535 7293 4527 7294 4551 7294 4528 7294 4528 7295 4551 7295 4552 7295 4528 7296 4552 7296 4548 7296 4548 7297 4552 7297 4553 7297 4548 7298 4553 7298 4549 7298 4554 7299 4555 7299 4536 7299 4536 7300 4555 7300 4556 7300 4536 7301 4556 7301 4537 7301 4539 7302 4557 7302 4540 7302 4540 7303 4557 7303 4558 7303 4540 7304 4558 7304 4554 7304 4554 7305 4558 7305 4559 7305 4554 7306 4559 7306 4555 7306 4544 7307 4560 7307 4542 7307 4542 7308 4560 7308 4561 7308 4542 7309 4561 7309 4541 7309 4541 7310 4561 7310 4562 7310 4541 7311 4562 7311 4539 7311 4563 7312 4564 7312 4565 7312 4565 7313 4564 7313 4566 7313 4565 7314 4566 7314 4567 7314 4567 7315 4566 7315 4568 7315 4567 7316 4568 7316 4569 7316 4569 7317 4568 7317 4570 7317 4569 7318 4570 7318 4571 7318 4571 7319 4570 7319 4572 7319 4571 7320 4572 7320 4573 7320 4573 7321 4572 7321 4574 7321 4573 7322 4574 7322 4575 7322 4575 7323 4574 7323 4576 7323 4575 7324 4576 7324 4577 7324 4577 7325 4576 7325 4578 7325 4577 7326 4578 7326 4579 7326 4579 7327 4578 7327 4580 7327 4579 7328 4580 7328 4581 7328 4581 7329 4580 7329 4582 7329 4581 7330 4582 7330 4583 7330 4583 7331 4582 7331 4584 7331 4583 7332 4584 7332 4585 7332 4585 7333 4584 7333 4586 7333 4585 7334 4586 7334 4587 7334 4587 7335 4586 7335 4588 7335 4587 7336 4588 7336 4589 7336 4589 7337 4588 7337 4590 7337 4589 7338 4590 7338 4591 7338 4591 7339 4590 7339 4592 7339 4591 7340 4592 7340 4593 7340 4593 7341 4592 7341 4594 7341 4593 7342 4594 7342 4595 7342 4595 7343 4594 7343 4596 7343 4595 7344 4596 7344 4597 7344 4597 7345 4596 7345 4598 7345 4597 7346 4598 7346 4599 7346 4598 7347 4600 7347 4599 7347 4599 7348 4600 7348 4601 7348 4599 7349 4601 7349 4602 7349 4602 7350 4601 7350 4603 7350 4602 7351 4603 7351 4604 7351 4604 7352 4603 7352 4605 7352 4604 7353 4605 7353 4606 7353 4606 7354 4605 7354 4607 7354 4606 7355 4607 7355 4608 7355 4608 7356 4607 7356 4609 7356 4608 7357 4609 7357 4610 7357 4610 7358 4609 7358 4611 7358 4610 7359 4611 7359 4563 7359 4563 7360 4611 7360 4612 7360 4563 7361 4612 7361 4564 7361 255 7362 1693 7362 1691 7362 255 7363 253 7363 1693 7363 1693 7364 253 7364 252 7364 1693 7365 252 7365 1695 7365 1695 7366 252 7366 339 7366 1695 7367 339 7367 1697 7367 1697 7368 339 7368 337 7368 1697 7369 337 7369 1675 7369 1675 7370 337 7370 336 7370 1675 7371 336 7371 1677 7371 1677 7372 336 7372 341 7372 1677 7373 341 7373 1679 7373 1679 7374 341 7374 340 7374 1679 7375 340 7375 1681 7375 1681 7376 340 7376 342 7376 1681 7377 342 7377 1683 7377 1683 7378 342 7378 343 7378 1683 7379 343 7379 1685 7379 1685 7380 343 7380 347 7380 1685 7381 347 7381 1687 7381 1687 7382 347 7382 346 7382 1687 7383 346 7383 1689 7383 1689 7384 346 7384 345 7384 1689 7385 345 7385 1691 7385 1691 7386 345 7386 338 7386 1691 7387 338 7387 255 7387 1649 7388 286 7388 1651 7388 1651 7389 286 7389 285 7389 1651 7390 285 7390 1653 7390 1653 7391 285 7391 283 7391 1653 7392 283 7392 1655 7392 1655 7393 283 7393 281 7393 1655 7394 281 7394 1657 7394 1657 7395 281 7395 279 7395 1657 7396 279 7396 1659 7396 1659 7397 279 7397 277 7397 1659 7398 277 7398 1647 7398 1647 7399 277 7399 276 7399 275 7400 1633 7400 276 7400 276 7401 1633 7401 1647 7401 1645 7402 271 7402 1649 7402 1649 7403 271 7403 286 7403 271 7404 1645 7404 272 7404 272 7405 1645 7405 1643 7405 272 7406 1643 7406 331 7406 331 7407 1643 7407 1641 7407 1637 7408 334 7408 1639 7408 1639 7409 334 7409 333 7409 1639 7410 333 7410 1641 7410 1641 7411 333 7411 332 7411 1641 7412 332 7412 331 7412 1633 7413 275 7413 1635 7413 1635 7414 275 7414 274 7414 1635 7415 274 7415 1637 7415 1637 7416 274 7416 335 7416 1637 7417 335 7417 334 7417 4613 7418 4005 7418 4614 7418 4614 7419 4005 7419 4007 7419 4614 7420 4007 7420 4615 7420 4615 7421 4007 7421 4009 7421 4615 7422 4009 7422 4616 7422 4616 7423 4009 7423 4011 7423 4616 7424 4011 7424 4617 7424 4617 7425 4011 7425 4013 7425 4617 7426 4013 7426 4618 7426 4618 7427 4013 7427 4015 7427 4618 7428 4015 7428 4619 7428 4619 7429 4015 7429 4017 7429 4619 7430 4017 7430 4620 7430 4620 7431 4017 7431 4020 7431 4620 7432 4020 7432 4621 7432 4621 7433 4020 7433 4022 7433 4621 7434 4022 7434 4622 7434 4622 7435 4022 7435 4024 7435 4622 7436 4024 7436 4623 7436 4623 7437 4024 7437 4026 7437 4623 7438 4026 7438 4624 7438 4624 7439 4026 7439 4028 7439 4624 7440 4028 7440 4625 7440 4625 7441 4028 7441 3981 7441 4625 7442 3981 7442 4626 7442 4626 7443 3981 7443 3983 7443 4626 7444 3983 7444 4627 7444 4627 7445 3983 7445 3985 7445 4627 7446 3985 7446 4628 7446 4628 7447 3985 7447 3987 7447 4628 7448 3987 7448 4629 7448 4629 7449 3987 7449 3989 7449 4629 7450 3989 7450 4630 7450 4630 7451 3989 7451 3991 7451 4630 7452 3991 7452 4631 7452 4631 7453 3991 7453 3993 7453 4631 7454 3993 7454 4632 7454 4632 7455 3993 7455 3995 7455 4632 7456 3995 7456 4633 7456 4633 7457 3995 7457 3997 7457 4633 7458 3997 7458 4634 7458 4634 7459 3997 7459 3999 7459 4634 7460 3999 7460 4635 7460 4635 7461 3999 7461 4001 7461 4635 7462 4001 7462 4636 7462 4636 7463 4001 7463 4003 7463 4636 7464 4003 7464 4613 7464 4613 7465 4003 7465 4005 7465 4637 7466 4613 7466 4638 7466 4638 7467 4613 7467 4614 7467 4638 7468 4614 7468 4639 7468 4639 7469 4614 7469 4615 7469 4639 7470 4615 7470 4640 7470 4640 7471 4615 7471 4616 7471 4640 7472 4616 7472 4641 7472 4641 7473 4616 7473 4617 7473 4641 7474 4617 7474 4642 7474 4642 7475 4617 7475 4618 7475 4642 7476 4618 7476 4643 7476 4643 7477 4618 7477 4619 7477 4643 7478 4619 7478 4644 7478 4644 7479 4619 7479 4620 7479 4644 7480 4620 7480 4645 7480 4645 7481 4620 7481 4621 7481 4645 7482 4621 7482 4646 7482 4646 7483 4621 7483 4622 7483 4646 7484 4622 7484 4647 7484 4647 7485 4622 7485 4623 7485 4647 7486 4623 7486 4648 7486 4648 7487 4623 7487 4624 7487 4648 7488 4624 7488 4649 7488 4649 7489 4624 7489 4625 7489 4649 7490 4625 7490 4650 7490 4650 7491 4625 7491 4626 7491 4650 7492 4626 7492 4651 7492 4651 7493 4626 7493 4627 7493 4651 7494 4627 7494 4652 7494 4652 7495 4627 7495 4628 7495 4652 7496 4628 7496 4653 7496 4653 7497 4628 7497 4629 7497 4653 7498 4629 7498 4654 7498 4654 7499 4629 7499 4630 7499 4654 7500 4630 7500 4655 7500 4655 7501 4630 7501 4631 7501 4655 7502 4631 7502 4656 7502 4656 7503 4631 7503 4632 7503 4656 7504 4632 7504 4657 7504 4657 7505 4632 7505 4633 7505 4657 7506 4633 7506 4658 7506 4658 7507 4633 7507 4634 7507 4658 7508 4634 7508 4659 7508 4659 7509 4634 7509 4635 7509 4659 7510 4635 7510 4660 7510 4660 7511 4635 7511 4636 7511 4660 7512 4636 7512 4637 7512 4637 7513 4636 7513 4613 7513 3957 7514 4637 7514 3958 7514 3958 7515 4637 7515 4638 7515 3958 7516 4638 7516 3963 7516 3963 7517 4638 7517 4639 7517 3963 7518 4639 7518 3964 7518 3964 7519 4639 7519 4640 7519 3964 7520 4640 7520 3975 7520 3975 7521 4640 7521 4641 7521 3975 7522 4641 7522 3976 7522 3976 7523 4641 7523 4642 7523 3976 7524 4642 7524 3978 7524 3978 7525 4642 7525 4643 7525 3978 7526 4643 7526 3979 7526 3979 7527 4643 7527 4644 7527 3979 7528 4644 7528 3980 7528 3980 7529 4644 7529 4645 7529 3980 7530 4645 7530 3973 7530 3973 7531 4645 7531 4646 7531 3973 7532 4646 7532 3974 7532 3974 7533 4646 7533 4647 7533 3974 7534 4647 7534 3970 7534 3970 7535 4647 7535 4648 7535 3970 7536 4648 7536 3971 7536 3971 7537 4648 7537 4649 7537 3971 7538 4649 7538 3967 7538 3967 7539 4649 7539 4650 7539 3967 7540 4650 7540 3968 7540 3968 7541 4650 7541 4651 7541 3968 7542 4651 7542 3954 7542 3954 7543 4651 7543 4652 7543 3954 7544 4652 7544 3960 7544 3960 7545 4652 7545 4653 7545 3960 7546 4653 7546 3961 7546 3961 7547 4653 7547 4654 7547 3961 7548 4654 7548 3962 7548 3962 7549 4654 7549 4655 7549 3962 7550 4655 7550 3952 7550 3952 7551 4655 7551 4656 7551 3952 7552 4656 7552 3953 7552 3953 7553 4656 7553 4657 7553 3953 7554 4657 7554 3949 7554 3949 7555 4657 7555 4658 7555 3949 7556 4658 7556 3950 7556 3950 7557 4658 7557 4659 7557 3950 7558 4659 7558 3945 7558 3945 7559 4659 7559 4660 7559 3945 7560 4660 7560 3957 7560 3957 7561 4660 7561 4637 7561 4661 7562 4403 7562 4662 7562 4662 7563 4403 7563 4405 7563 4662 7564 4405 7564 4663 7564 4663 7565 4405 7565 4407 7565 4663 7566 4407 7566 4664 7566 4664 7567 4407 7567 4409 7567 4664 7568 4409 7568 4665 7568 4665 7569 4409 7569 4411 7569 4665 7570 4411 7570 4666 7570 4666 7571 4411 7571 4413 7571 4666 7572 4413 7572 4667 7572 4667 7573 4413 7573 4415 7573 4667 7574 4415 7574 4668 7574 4668 7575 4415 7575 4417 7575 4668 7576 4417 7576 4669 7576 4669 7577 4417 7577 4419 7577 4669 7578 4419 7578 4670 7578 4670 7579 4419 7579 4421 7579 4670 7580 4421 7580 4671 7580 4671 7581 4421 7581 4423 7581 4671 7582 4423 7582 4672 7582 4672 7583 4423 7583 4425 7583 4672 7584 4425 7584 4673 7584 4673 7585 4425 7585 4427 7585 4673 7586 4427 7586 4674 7586 4674 7587 4427 7587 4430 7587 4674 7588 4430 7588 4675 7588 4675 7589 4430 7589 4432 7589 4675 7590 4432 7590 4676 7590 4676 7591 4432 7591 4434 7591 4676 7592 4434 7592 4677 7592 4677 7593 4434 7593 4436 7593 4677 7594 4436 7594 4678 7594 4678 7595 4436 7595 4438 7595 4678 7596 4438 7596 4679 7596 4679 7597 4438 7597 4391 7597 4679 7598 4391 7598 4680 7598 4680 7599 4391 7599 4393 7599 4680 7600 4393 7600 4681 7600 4681 7601 4393 7601 4395 7601 4681 7602 4395 7602 4682 7602 4682 7603 4395 7603 4397 7603 4682 7604 4397 7604 4683 7604 4683 7605 4397 7605 4399 7605 4683 7606 4399 7606 4684 7606 4684 7607 4399 7607 4401 7607 4684 7608 4401 7608 4661 7608 4661 7609 4401 7609 4403 7609 4685 7610 4661 7610 4686 7610 4686 7611 4661 7611 4662 7611 4686 7612 4662 7612 4687 7612 4687 7613 4662 7613 4663 7613 4687 7614 4663 7614 4688 7614 4688 7615 4663 7615 4664 7615 4688 7616 4664 7616 4689 7616 4689 7617 4664 7617 4665 7617 4689 7618 4665 7618 4690 7618 4690 7619 4665 7619 4666 7619 4690 7620 4666 7620 4691 7620 4691 7621 4666 7621 4667 7621 4691 7622 4667 7622 4692 7622 4692 7623 4667 7623 4668 7623 4692 7624 4668 7624 4693 7624 4693 7625 4668 7625 4669 7625 4693 7626 4669 7626 4694 7626 4694 7627 4669 7627 4670 7627 4694 7628 4670 7628 4695 7628 4695 7629 4670 7629 4671 7629 4695 7630 4671 7630 4696 7630 4696 7631 4671 7631 4672 7631 4696 7632 4672 7632 4697 7632 4697 7633 4672 7633 4673 7633 4697 7634 4673 7634 4698 7634 4698 7635 4673 7635 4674 7635 4698 7636 4674 7636 4699 7636 4699 7637 4674 7637 4675 7637 4699 7638 4675 7638 4700 7638 4700 7639 4675 7639 4676 7639 4700 7640 4676 7640 4701 7640 4701 7641 4676 7641 4677 7641 4701 7642 4677 7642 4702 7642 4702 7643 4677 7643 4678 7643 4702 7644 4678 7644 4703 7644 4703 7645 4678 7645 4679 7645 4703 7646 4679 7646 4704 7646 4704 7647 4679 7647 4680 7647 4704 7648 4680 7648 4705 7648 4705 7649 4680 7649 4681 7649 4705 7650 4681 7650 4706 7650 4706 7651 4681 7651 4682 7651 4706 7652 4682 7652 4707 7652 4707 7653 4682 7653 4683 7653 4707 7654 4683 7654 4708 7654 4708 7655 4683 7655 4684 7655 4708 7656 4684 7656 4685 7656 4685 7657 4684 7657 4661 7657 4366 7658 4685 7658 4362 7658 4362 7659 4685 7659 4686 7659 4362 7660 4686 7660 4363 7660 4363 7661 4686 7661 4687 7661 4363 7662 4687 7662 4359 7662 4359 7663 4687 7663 4688 7663 4359 7664 4688 7664 4360 7664 4360 7665 4688 7665 4689 7665 4360 7666 4689 7666 4355 7666 4355 7667 4689 7667 4690 7667 4355 7668 4690 7668 4382 7668 4382 7669 4690 7669 4691 7669 4382 7670 4691 7670 4383 7670 4383 7671 4691 7671 4692 7671 4383 7672 4692 7672 4384 7672 4384 7673 4692 7673 4693 7673 4384 7674 4693 7674 4380 7674 4380 7675 4693 7675 4694 7675 4380 7676 4694 7676 4381 7676 4381 7677 4694 7677 4695 7677 4381 7678 4695 7678 4377 7678 4377 7679 4695 7679 4696 7679 4377 7680 4696 7680 4378 7680 4378 7681 4696 7681 4697 7681 4378 7682 4697 7682 4373 7682 4373 7683 4697 7683 4698 7683 4373 7684 4698 7684 4388 7684 4388 7685 4698 7685 4699 7685 4388 7686 4699 7686 4389 7686 4389 7687 4699 7687 4700 7687 4389 7688 4700 7688 4390 7688 4390 7689 4700 7689 4701 7689 4390 7690 4701 7690 4386 7690 4386 7691 4701 7691 4702 7691 4386 7692 4702 7692 4387 7692 4387 7693 4702 7693 4703 7693 4387 7694 4703 7694 4371 7694 4371 7695 4703 7695 4704 7695 4371 7696 4704 7696 4372 7696 4372 7697 4704 7697 4705 7697 4372 7698 4705 7698 4368 7698 4368 7699 4705 7699 4706 7699 4368 7700 4706 7700 4369 7700 4369 7701 4706 7701 4707 7701 4369 7702 4707 7702 4365 7702 4365 7703 4707 7703 4708 7703 4365 7704 4708 7704 4366 7704 4366 7705 4708 7705 4685 7705 4709 7706 4477 7706 4710 7706 4710 7707 4477 7707 4479 7707 4710 7708 4479 7708 4711 7708 4711 7709 4479 7709 4481 7709 4711 7710 4481 7710 4712 7710 4712 7711 4481 7711 4483 7711 4712 7712 4483 7712 4713 7712 4713 7713 4483 7713 4485 7713 4713 7714 4485 7714 4714 7714 4714 7715 4485 7715 4487 7715 4714 7716 4487 7716 4715 7716 4715 7717 4487 7717 4489 7717 4715 7718 4489 7718 4716 7718 4716 7719 4489 7719 4491 7719 4716 7720 4491 7720 4717 7720 4717 7721 4491 7721 4493 7721 4717 7722 4493 7722 4718 7722 4718 7723 4493 7723 4495 7723 4718 7724 4495 7724 4719 7724 4719 7725 4495 7725 4497 7725 4719 7726 4497 7726 4720 7726 4720 7727 4497 7727 4499 7727 4720 7728 4499 7728 4721 7728 4721 7729 4499 7729 4501 7729 4721 7730 4501 7730 4722 7730 4722 7731 4501 7731 4503 7731 4722 7732 4503 7732 4723 7732 4723 7733 4503 7733 4505 7733 4723 7734 4505 7734 4724 7734 4724 7735 4505 7735 4507 7735 4724 7736 4507 7736 4725 7736 4725 7737 4507 7737 4509 7737 4725 7738 4509 7738 4726 7738 4726 7739 4509 7739 4511 7739 4726 7740 4511 7740 4727 7740 4727 7741 4511 7741 4513 7741 4727 7742 4513 7742 4728 7742 4728 7743 4513 7743 4516 7743 4728 7744 4516 7744 4729 7744 4729 7745 4516 7745 4518 7745 4729 7746 4518 7746 4730 7746 4730 7747 4518 7747 4520 7747 4730 7748 4520 7748 4731 7748 4731 7749 4520 7749 4522 7749 4731 7750 4522 7750 4732 7750 4732 7751 4522 7751 4524 7751 4732 7752 4524 7752 4709 7752 4709 7753 4524 7753 4477 7753 4733 7754 4709 7754 4734 7754 4734 7755 4709 7755 4710 7755 4734 7756 4710 7756 4735 7756 4735 7757 4710 7757 4711 7757 4735 7758 4711 7758 4736 7758 4736 7759 4711 7759 4712 7759 4736 7760 4712 7760 4737 7760 4737 7761 4712 7761 4713 7761 4737 7762 4713 7762 4738 7762 4738 7763 4713 7763 4714 7763 4738 7764 4714 7764 4739 7764 4739 7765 4714 7765 4715 7765 4739 7766 4715 7766 4740 7766 4740 7767 4715 7767 4716 7767 4740 7768 4716 7768 4741 7768 4741 7769 4716 7769 4717 7769 4741 7770 4717 7770 4742 7770 4742 7771 4717 7771 4718 7771 4742 7772 4718 7772 4743 7772 4743 7773 4718 7773 4719 7773 4743 7774 4719 7774 4744 7774 4744 7775 4719 7775 4720 7775 4744 7776 4720 7776 4745 7776 4745 7777 4720 7777 4721 7777 4745 7778 4721 7778 4746 7778 4746 7779 4721 7779 4722 7779 4746 7780 4722 7780 4747 7780 4747 7781 4722 7781 4723 7781 4747 7782 4723 7782 4748 7782 4748 7783 4723 7783 4724 7783 4748 7784 4724 7784 4749 7784 4749 7785 4724 7785 4725 7785 4749 7786 4725 7786 4750 7786 4750 7787 4725 7787 4726 7787 4750 7788 4726 7788 4751 7788 4751 7789 4726 7789 4727 7789 4751 7790 4727 7790 4752 7790 4752 7791 4727 7791 4728 7791 4752 7792 4728 7792 4753 7792 4753 7793 4728 7793 4729 7793 4753 7794 4729 7794 4754 7794 4754 7795 4729 7795 4730 7795 4754 7796 4730 7796 4755 7796 4755 7797 4730 7797 4731 7797 4755 7798 4731 7798 4756 7798 4756 7799 4731 7799 4732 7799 4756 7800 4732 7800 4733 7800 4733 7801 4732 7801 4709 7801 4458 7802 4733 7802 4448 7802 4448 7803 4733 7803 4734 7803 4448 7804 4734 7804 4449 7804 4449 7805 4734 7805 4735 7805 4449 7806 4735 7806 4446 7806 4446 7807 4735 7807 4736 7807 4446 7808 4736 7808 4453 7808 4453 7809 4736 7809 4737 7809 4453 7810 4737 7810 4454 7810 4454 7811 4737 7811 4738 7811 4454 7812 4738 7812 4455 7812 4455 7813 4738 7813 4739 7813 4455 7814 4739 7814 4451 7814 4451 7815 4739 7815 4740 7815 4451 7816 4740 7816 4452 7816 4452 7817 4740 7817 4741 7817 4452 7818 4741 7818 4441 7818 4441 7819 4741 7819 4742 7819 4441 7820 4742 7820 4465 7820 4465 7821 4742 7821 4743 7821 4465 7822 4743 7822 4466 7822 4466 7823 4743 7823 4744 7823 4466 7824 4744 7824 4467 7824 4467 7825 4744 7825 4745 7825 4467 7826 4745 7826 4462 7826 4462 7827 4745 7827 4746 7827 4462 7828 4746 7828 4471 7828 4471 7829 4746 7829 4747 7829 4471 7830 4747 7830 4472 7830 4472 7831 4747 7831 4748 7831 4472 7832 4748 7832 4474 7832 4474 7833 4748 7833 4749 7833 4474 7834 4749 7834 4475 7834 4475 7835 4749 7835 4750 7835 4475 7836 4750 7836 4476 7836 4476 7837 4750 7837 4751 7837 4476 7838 4751 7838 4469 7838 4469 7839 4751 7839 4752 7839 4469 7840 4752 7840 4470 7840 4470 7841 4752 7841 4753 7841 4470 7842 4753 7842 4460 7842 4460 7843 4753 7843 4754 7843 4460 7844 4754 7844 4461 7844 4461 7845 4754 7845 4755 7845 4461 7846 4755 7846 4457 7846 4457 7847 4755 7847 4756 7847 4457 7848 4756 7848 4458 7848 4458 7849 4756 7849 4733 7849 4757 7850 4599 7850 4758 7850 4758 7851 4599 7851 4602 7851 4758 7852 4602 7852 4759 7852 4759 7853 4602 7853 4604 7853 4759 7854 4604 7854 4760 7854 4760 7855 4604 7855 4606 7855 4760 7856 4606 7856 4761 7856 4761 7857 4606 7857 4608 7857 4761 7858 4608 7858 4762 7858 4762 7859 4608 7859 4610 7859 4762 7860 4610 7860 4763 7860 4763 7861 4610 7861 4563 7861 4763 7862 4563 7862 4764 7862 4764 7863 4563 7863 4565 7863 4764 7864 4565 7864 4765 7864 4765 7865 4565 7865 4567 7865 4765 7866 4567 7866 4766 7866 4766 7867 4567 7867 4569 7867 4766 7868 4569 7868 4767 7868 4767 7869 4569 7869 4571 7869 4767 7870 4571 7870 4768 7870 4768 7871 4571 7871 4573 7871 4768 7872 4573 7872 4769 7872 4769 7873 4573 7873 4575 7873 4769 7874 4575 7874 4770 7874 4770 7875 4575 7875 4577 7875 4770 7876 4577 7876 4771 7876 4771 7877 4577 7877 4579 7877 4771 7878 4579 7878 4772 7878 4772 7879 4579 7879 4581 7879 4772 7880 4581 7880 4773 7880 4773 7881 4581 7881 4583 7881 4773 7882 4583 7882 4774 7882 4774 7883 4583 7883 4585 7883 4774 7884 4585 7884 4775 7884 4775 7885 4585 7885 4587 7885 4775 7886 4587 7886 4776 7886 4776 7887 4587 7887 4589 7887 4776 7888 4589 7888 4777 7888 4777 7889 4589 7889 4591 7889 4777 7890 4591 7890 4778 7890 4778 7891 4591 7891 4593 7891 4778 7892 4593 7892 4779 7892 4779 7893 4593 7893 4595 7893 4779 7894 4595 7894 4780 7894 4780 7895 4595 7895 4597 7895 4780 7896 4597 7896 4757 7896 4757 7897 4597 7897 4599 7897 4781 7898 4757 7898 4782 7898 4782 7899 4757 7899 4758 7899 4782 7900 4758 7900 4783 7900 4783 7901 4758 7901 4759 7901 4783 7902 4759 7902 4784 7902 4784 7903 4759 7903 4760 7903 4784 7904 4760 7904 4785 7904 4785 7905 4760 7905 4761 7905 4785 7906 4761 7906 4786 7906 4786 7907 4761 7907 4762 7907 4786 7908 4762 7908 4787 7908 4787 7909 4762 7909 4763 7909 4787 7910 4763 7910 4788 7910 4788 7911 4763 7911 4764 7911 4788 7912 4764 7912 4789 7912 4789 7913 4764 7913 4765 7913 4789 7914 4765 7914 4790 7914 4790 7915 4765 7915 4766 7915 4790 7916 4766 7916 4791 7916 4791 7917 4766 7917 4767 7917 4791 7918 4767 7918 4792 7918 4792 7919 4767 7919 4768 7919 4792 7920 4768 7920 4793 7920 4793 7921 4768 7921 4769 7921 4793 7922 4769 7922 4794 7922 4794 7923 4769 7923 4770 7923 4794 7924 4770 7924 4795 7924 4795 7925 4770 7925 4771 7925 4795 7926 4771 7926 4796 7926 4796 7927 4771 7927 4772 7927 4796 7928 4772 7928 4797 7928 4797 7929 4772 7929 4773 7929 4797 7930 4773 7930 4798 7930 4798 7931 4773 7931 4774 7931 4798 7932 4774 7932 4799 7932 4799 7933 4774 7933 4775 7933 4799 7934 4775 7934 4800 7934 4800 7935 4775 7935 4776 7935 4800 7936 4776 7936 4801 7936 4801 7937 4776 7937 4777 7937 4801 7938 4777 7938 4802 7938 4802 7939 4777 7939 4778 7939 4802 7940 4778 7940 4803 7940 4803 7941 4778 7941 4779 7941 4803 7942 4779 7942 4804 7942 4804 7943 4779 7943 4780 7943 4804 7944 4780 7944 4781 7944 4781 7945 4780 7945 4757 7945 4545 7946 4781 7946 4546 7946 4546 7947 4781 7947 4782 7947 4546 7948 4782 7948 4547 7948 4547 7949 4782 7949 4783 7949 4547 7950 4783 7950 4544 7950 4544 7951 4783 7951 4784 7951 4544 7952 4784 7952 4560 7952 4560 7953 4784 7953 4785 7953 4560 7954 4785 7954 4561 7954 4561 7955 4785 7955 4786 7955 4561 7956 4786 7956 4562 7956 4562 7957 4786 7957 4787 7957 4562 7958 4787 7958 4539 7958 4539 7959 4787 7959 4788 7959 4539 7960 4788 7960 4557 7960 4557 7961 4788 7961 4789 7961 4557 7962 4789 7962 4558 7962 4558 7963 4789 7963 4790 7963 4558 7964 4790 7964 4559 7964 4559 7965 4790 7965 4791 7965 4559 7966 4791 7966 4555 7966 4555 7967 4791 7967 4792 7967 4555 7968 4792 7968 4556 7968 4556 7969 4792 7969 4793 7969 4556 7970 4793 7970 4537 7970 4537 7971 4793 7971 4794 7971 4537 7972 4794 7972 4538 7972 4538 7973 4794 7973 4795 7973 4538 7974 4795 7974 4531 7974 4531 7975 4795 7975 4796 7975 4531 7976 4796 7976 4532 7976 4532 7977 4796 7977 4797 7977 4532 7978 4797 7978 4527 7978 4527 7979 4797 7979 4798 7979 4527 7980 4798 7980 4551 7980 4551 7981 4798 7981 4799 7981 4551 7982 4799 7982 4552 7982 4552 7983 4799 7983 4800 7983 4552 7984 4800 7984 4553 7984 4553 7985 4800 7985 4801 7985 4553 7986 4801 7986 4549 7986 4549 7987 4801 7987 4802 7987 4549 7988 4802 7988 4550 7988 4550 7989 4802 7989 4803 7989 4550 7990 4803 7990 4535 7990 4535 7991 4803 7991 4804 7991 4535 7992 4804 7992 4545 7992 4545 7993 4804 7993 4781 7993 1644 7994 1648 7994 4805 7994 4805 7995 1648 7995 4806 7995 4805 7996 4806 7996 4807 7996 4807 7997 4806 7997 4808 7997 4807 7998 4808 7998 1662 7998 1662 7999 4808 7999 1670 7999 1670 8000 4808 8000 1671 8000 1671 8001 4808 8001 4809 8001 1671 8002 4809 8002 1672 8002 1672 8003 4809 8003 4810 8003 1672 8004 4810 8004 1673 8004 1673 8005 4810 8005 4811 8005 1673 8006 4811 8006 1663 8006 1663 8007 4811 8007 4812 8007 1663 8008 4812 8008 1664 8008 1664 8009 4812 8009 4813 8009 1664 8010 4813 8010 1665 8010 1665 8011 4813 8011 4814 8011 4808 8012 4806 8012 4809 8012 4809 8013 4806 8013 4815 8013 4809 8014 4815 8014 4810 8014 4810 8015 4815 8015 4816 8015 4810 8016 4816 8016 4811 8016 4811 8017 4816 8017 4817 8017 4811 8018 4817 8018 4812 8018 4812 8019 4817 8019 4818 8019 4812 8020 4818 8020 4813 8020 4813 8021 4818 8021 4819 8021 4813 8022 4819 8022 4814 8022 4814 8023 4819 8023 4820 8023 4806 8024 1648 8024 4815 8024 4815 8025 1648 8025 1650 8025 4815 8026 1650 8026 4816 8026 4816 8027 1650 8027 1652 8027 4816 8028 1652 8028 4817 8028 4817 8029 1652 8029 1654 8029 4817 8030 1654 8030 4818 8030 4818 8031 1654 8031 1656 8031 4818 8032 1656 8032 4819 8032 4819 8033 1656 8033 1658 8033 4819 8034 1658 8034 4820 8034 4820 8035 1658 8035 1646 8035 1668 8036 4821 8036 1669 8036 1669 8037 4821 8037 4822 8037 1669 8038 4822 8038 1666 8038 1666 8039 4822 8039 4823 8039 1666 8040 4823 8040 1667 8040 1667 8041 4823 8041 4824 8041 1667 8042 4824 8042 1660 8042 1660 8043 4824 8043 4825 8043 1660 8044 4825 8044 1661 8044 1661 8045 4825 8045 4826 8045 1661 8046 4826 8046 1662 8046 1662 8047 4826 8047 4807 8047 4821 8048 4827 8048 4822 8048 4822 8049 4827 8049 4828 8049 4822 8050 4828 8050 4823 8050 4823 8051 4828 8051 4829 8051 4823 8052 4829 8052 4824 8052 4824 8053 4829 8053 4830 8053 4824 8054 4830 8054 4825 8054 4825 8055 4830 8055 4831 8055 4825 8056 4831 8056 4826 8056 4826 8057 4831 8057 4832 8057 4826 8058 4832 8058 4807 8058 4807 8059 4832 8059 4805 8059 4827 8060 1632 8060 4828 8060 4828 8061 1632 8061 1634 8061 4828 8062 1634 8062 4829 8062 4829 8063 1634 8063 1636 8063 4829 8064 1636 8064 4830 8064 4830 8065 1636 8065 1638 8065 4830 8066 1638 8066 4831 8066 4831 8067 1638 8067 1640 8067 4831 8068 1640 8068 4832 8068 4832 8069 1640 8069 1642 8069 4832 8070 1642 8070 4805 8070 4805 8071 1642 8071 1644 8071 1646 8072 1632 8072 4820 8072 4820 8073 1632 8073 4827 8073 4820 8074 4827 8074 4814 8074 4814 8075 4827 8075 4821 8075 4814 8076 4821 8076 1665 8076 1665 8077 4821 8077 1668 8077 1702 8078 4833 8078 1709 8078 1709 8079 4833 8079 4834 8079 1709 8080 4834 8080 1710 8080 1710 8081 4834 8081 4835 8081 1710 8082 4835 8082 1706 8082 1706 8083 4835 8083 4836 8083 1706 8084 4836 8084 1707 8084 1707 8085 4836 8085 4837 8085 1707 8086 4837 8086 1708 8086 1708 8087 4837 8087 4838 8087 1708 8088 4838 8088 1703 8088 1703 8089 4838 8089 4839 8089 1703 8090 4839 8090 1704 8090 1704 8091 4839 8091 4840 8091 1704 8092 4840 8092 1705 8092 1705 8093 4840 8093 4841 8093 1705 8094 4841 8094 1698 8094 1698 8095 4841 8095 4842 8095 1698 8096 4842 8096 1699 8096 1699 8097 4842 8097 4843 8097 1699 8098 4843 8098 1701 8098 1701 8099 4843 8099 4844 8099 1701 8100 4844 8100 1702 8100 1702 8101 4844 8101 4833 8101 4833 8102 4845 8102 4834 8102 4834 8103 4845 8103 4846 8103 4834 8104 4846 8104 4835 8104 4835 8105 4846 8105 4847 8105 4835 8106 4847 8106 4836 8106 4836 8107 4847 8107 4848 8107 4836 8108 4848 8108 4837 8108 4837 8109 4848 8109 4849 8109 4837 8110 4849 8110 4838 8110 4838 8111 4849 8111 4850 8111 4838 8112 4850 8112 4839 8112 4839 8113 4850 8113 4851 8113 4839 8114 4851 8114 4840 8114 4840 8115 4851 8115 4852 8115 4840 8116 4852 8116 4841 8116 4841 8117 4852 8117 4853 8117 4841 8118 4853 8118 4842 8118 4842 8119 4853 8119 4854 8119 4842 8120 4854 8120 4843 8120 4843 8121 4854 8121 4855 8121 4843 8122 4855 8122 4844 8122 4844 8123 4855 8123 4856 8123 4844 8124 4856 8124 4833 8124 4833 8125 4856 8125 4845 8125 4845 8126 1676 8126 4846 8126 4846 8127 1676 8127 1678 8127 4846 8128 1678 8128 4847 8128 4847 8129 1678 8129 1680 8129 4847 8130 1680 8130 4848 8130 4848 8131 1680 8131 1682 8131 4848 8132 1682 8132 4849 8132 4849 8133 1682 8133 1684 8133 4849 8134 1684 8134 4850 8134 4850 8135 1684 8135 1686 8135 4850 8136 1686 8136 4851 8136 4851 8137 1686 8137 1688 8137 4851 8138 1688 8138 4852 8138 4852 8139 1688 8139 1690 8139 4852 8140 1690 8140 4853 8140 4853 8141 1690 8141 1692 8141 4853 8142 1692 8142 4854 8142 4854 8143 1692 8143 1694 8143 4854 8144 1694 8144 4855 8144 4855 8145 1694 8145 1696 8145 4855 8146 1696 8146 4856 8146 4856 8147 1696 8147 1674 8147 4856 8148 1674 8148 4845 8148 4845 8149 1674 8149 1676 8149 482 8150 4857 8150 484 8150 484 8151 4857 8151 4858 8151 484 8152 4858 8152 486 8152 486 8153 4858 8153 4859 8153 486 8154 4859 8154 488 8154 488 8155 4859 8155 4860 8155 488 8156 4860 8156 490 8156 490 8157 4860 8157 4861 8157 490 8158 4861 8158 492 8158 492 8159 4861 8159 4862 8159 492 8160 4862 8160 494 8160 494 8161 4862 8161 4863 8161 494 8162 4863 8162 472 8162 472 8163 4863 8163 4864 8163 472 8164 4864 8164 474 8164 474 8165 4864 8165 4865 8165 474 8166 4865 8166 476 8166 476 8167 4865 8167 4866 8167 476 8168 4866 8168 478 8168 478 8169 4866 8169 4867 8169 478 8170 4867 8170 480 8170 480 8171 4867 8171 4868 8171 480 8172 4868 8172 482 8172 482 8173 4868 8173 4857 8173 4868 8174 4869 8174 4857 8174 4857 8175 4869 8175 4870 8175 4857 8176 4870 8176 4858 8176 4858 8177 4870 8177 4871 8177 4858 8178 4871 8178 4859 8178 4859 8179 4871 8179 4872 8179 4859 8180 4872 8180 4860 8180 4860 8181 4872 8181 4873 8181 4860 8182 4873 8182 4861 8182 4861 8183 4873 8183 4874 8183 4861 8184 4874 8184 4862 8184 4862 8185 4874 8185 4875 8185 4862 8186 4875 8186 4863 8186 4863 8187 4875 8187 4876 8187 4863 8188 4876 8188 4864 8188 4864 8189 4876 8189 4877 8189 4864 8190 4877 8190 4865 8190 4865 8191 4877 8191 4878 8191 4865 8192 4878 8192 4866 8192 4866 8193 4878 8193 4879 8193 4866 8194 4879 8194 4867 8194 4867 8195 4879 8195 4880 8195 4867 8196 4880 8196 4868 8196 4868 8197 4880 8197 4869 8197 4880 8198 4445 8198 4869 8198 4869 8199 4445 8199 4444 8199 4869 8200 4444 8200 4870 8200 4870 8201 4444 8201 4450 8201 4870 8202 4450 8202 4871 8202 4871 8203 4450 8203 4443 8203 4871 8204 4443 8204 4872 8204 4872 8205 4443 8205 4442 8205 4872 8206 4442 8206 4873 8206 4873 8207 4442 8207 4464 8207 4873 8208 4464 8208 4874 8208 4874 8209 4464 8209 4463 8209 4874 8210 4463 8210 4875 8210 4875 8211 4463 8211 4473 8211 4875 8212 4473 8212 4876 8212 4876 8213 4473 8213 4468 8213 4876 8214 4468 8214 4877 8214 4877 8215 4468 8215 4459 8215 4877 8216 4459 8216 4878 8216 4878 8217 4459 8217 4456 8217 4878 8218 4456 8218 4879 8218 4879 8219 4456 8219 4447 8219 4879 8220 4447 8220 4880 8220 4880 8221 4447 8221 4445 8221 4881 8222 4882 8222 206 8222 206 8223 225 8223 4881 8223 4881 8224 225 8224 224 8224 4881 8225 224 8225 4883 8225 4883 8226 224 8226 222 8226 4883 8227 222 8227 4884 8227 4884 8228 222 8228 220 8228 4884 8229 220 8229 4885 8229 4885 8230 220 8230 219 8230 4885 8231 219 8231 4886 8231 4886 8232 219 8232 217 8232 4886 8233 217 8233 4887 8233 4887 8234 217 8234 216 8234 4887 8235 216 8235 4888 8235 4888 8236 216 8236 210 8236 4888 8237 210 8237 4889 8237 4889 8238 210 8238 212 8238 4889 8239 212 8239 4890 8239 4890 8240 212 8240 214 8240 4890 8241 214 8241 4891 8241 4891 8242 214 8242 215 8242 4891 8243 215 8243 4892 8243 4892 8244 215 8244 208 8244 4892 8245 208 8245 4882 8245 4882 8246 208 8246 207 8246 4882 8247 207 8247 206 8247 4884 8248 4893 8248 4883 8248 4883 8249 4893 8249 4894 8249 4883 8250 4894 8250 4881 8250 4881 8251 4894 8251 4895 8251 4881 8252 4895 8252 4882 8252 4882 8253 4895 8253 4896 8253 4882 8254 4896 8254 4892 8254 4892 8255 4896 8255 4897 8255 4892 8256 4897 8256 4891 8256 4891 8257 4897 8257 4898 8257 4891 8258 4898 8258 4890 8258 4890 8259 4898 8259 4899 8259 4890 8260 4899 8260 4889 8260 4889 8261 4899 8261 4900 8261 4889 8262 4900 8262 4888 8262 4888 8263 4900 8263 4901 8263 4888 8264 4901 8264 4887 8264 4887 8265 4901 8265 4902 8265 4887 8266 4902 8266 4886 8266 4886 8267 4902 8267 4903 8267 4886 8268 4903 8268 4885 8268 4885 8269 4903 8269 4904 8269 4885 8270 4904 8270 4884 8270 4884 8271 4904 8271 4893 8271 4904 8272 4905 8272 4893 8272 4893 8273 4905 8273 4906 8273 4893 8274 4906 8274 4894 8274 4894 8275 4906 8275 4907 8275 4894 8276 4907 8276 4895 8276 4895 8277 4907 8277 4908 8277 4895 8278 4908 8278 4896 8278 4896 8279 4908 8279 4909 8279 4896 8280 4909 8280 4897 8280 4897 8281 4909 8281 4910 8281 4897 8282 4910 8282 4898 8282 4898 8283 4910 8283 4911 8283 4898 8284 4911 8284 4899 8284 4899 8285 4911 8285 4912 8285 4899 8286 4912 8286 4900 8286 4900 8287 4912 8287 4913 8287 4900 8288 4913 8288 4901 8288 4901 8289 4913 8289 4914 8289 4901 8290 4914 8290 4902 8290 4902 8291 4914 8291 4915 8291 4902 8292 4915 8292 4903 8292 4903 8293 4915 8293 4916 8293 4903 8294 4916 8294 4904 8294 4904 8295 4916 8295 4905 8295 4916 8296 483 8296 4905 8296 4905 8297 483 8297 485 8297 4905 8298 485 8298 4906 8298 4906 8299 485 8299 487 8299 4906 8300 487 8300 4907 8300 4907 8301 487 8301 489 8301 4907 8302 489 8302 4908 8302 4908 8303 489 8303 491 8303 4908 8304 491 8304 4909 8304 4909 8305 491 8305 493 8305 4909 8306 493 8306 4910 8306 4910 8307 493 8307 471 8307 4910 8308 471 8308 4911 8308 4911 8309 471 8309 473 8309 4911 8310 473 8310 4912 8310 4912 8311 473 8311 475 8311 4912 8312 475 8312 4913 8312 4913 8313 475 8313 477 8313 4913 8314 477 8314 4914 8314 4914 8315 477 8315 479 8315 4914 8316 479 8316 4915 8316 4915 8317 479 8317 481 8317 4915 8318 481 8318 4916 8318 4916 8319 481 8319 483 8319 506 8320 4917 8320 508 8320 508 8321 4917 8321 4918 8321 508 8322 4918 8322 510 8322 510 8323 4918 8323 4919 8323 510 8324 4919 8324 512 8324 512 8325 4919 8325 4920 8325 512 8326 4920 8326 514 8326 514 8327 4920 8327 4921 8327 514 8328 4921 8328 516 8328 516 8329 4921 8329 4922 8329 516 8330 4922 8330 518 8330 518 8331 4922 8331 4923 8331 518 8332 4923 8332 496 8332 496 8333 4923 8333 4924 8333 496 8334 4924 8334 498 8334 498 8335 4924 8335 4925 8335 498 8336 4925 8336 500 8336 500 8337 4925 8337 4926 8337 500 8338 4926 8338 502 8338 502 8339 4926 8339 4927 8339 502 8340 4927 8340 504 8340 504 8341 4927 8341 4928 8341 504 8342 4928 8342 506 8342 506 8343 4928 8343 4917 8343 4928 8344 4929 8344 4917 8344 4917 8345 4929 8345 4930 8345 4917 8346 4930 8346 4918 8346 4918 8347 4930 8347 4931 8347 4918 8348 4931 8348 4919 8348 4919 8349 4931 8349 4932 8349 4919 8350 4932 8350 4920 8350 4920 8351 4932 8351 4933 8351 4920 8352 4933 8352 4921 8352 4921 8353 4933 8353 4934 8353 4921 8354 4934 8354 4922 8354 4922 8355 4934 8355 4935 8355 4922 8356 4935 8356 4923 8356 4923 8357 4935 8357 4936 8357 4923 8358 4936 8358 4924 8358 4924 8359 4936 8359 4937 8359 4924 8360 4937 8360 4925 8360 4925 8361 4937 8361 4938 8361 4925 8362 4938 8362 4926 8362 4926 8363 4938 8363 4939 8363 4926 8364 4939 8364 4927 8364 4927 8365 4939 8365 4940 8365 4927 8366 4940 8366 4928 8366 4928 8367 4940 8367 4929 8367 4940 8368 4543 8368 4929 8368 4929 8369 4543 8369 4542 8369 4929 8370 4542 8370 4930 8370 4930 8371 4542 8371 4541 8371 4930 8372 4541 8372 4931 8372 4931 8373 4541 8373 4540 8373 4931 8374 4540 8374 4932 8374 4932 8375 4540 8375 4554 8375 4932 8376 4554 8376 4933 8376 4933 8377 4554 8377 4536 8377 4933 8378 4536 8378 4934 8378 4934 8379 4536 8379 4530 8379 4934 8380 4530 8380 4935 8380 4935 8381 4530 8381 4529 8381 4935 8382 4529 8382 4936 8382 4936 8383 4529 8383 4528 8383 4936 8384 4528 8384 4937 8384 4937 8385 4528 8385 4548 8385 4937 8386 4548 8386 4938 8386 4938 8387 4548 8387 4534 8387 4938 8388 4534 8388 4939 8388 4939 8389 4534 8389 4533 8389 4939 8390 4533 8390 4940 8390 4940 8391 4533 8391 4543 8391 31 8392 4941 8392 41 8392 41 8393 4941 8393 4942 8393 41 8394 4942 8394 39 8394 39 8395 4942 8395 4943 8395 39 8396 4943 8396 37 8396 37 8397 4943 8397 4944 8397 37 8398 4944 8398 35 8398 35 8399 4944 8399 4945 8399 35 8400 4945 8400 6 8400 6 8401 4945 8401 4946 8401 6 8402 4946 8402 7 8402 7 8403 4946 8403 4947 8403 7 8404 4947 8404 24 8404 24 8405 4947 8405 4948 8405 24 8406 4948 8406 25 8406 25 8407 4948 8407 4949 8407 25 8408 4949 8408 26 8408 26 8409 4949 8409 4950 8409 26 8410 4950 8410 27 8410 27 8411 4950 8411 4951 8411 27 8412 4951 8412 29 8412 29 8413 4951 8413 4952 8413 29 8414 4952 8414 31 8414 31 8415 4952 8415 4941 8415 4952 8416 4953 8416 4941 8416 4941 8417 4953 8417 4954 8417 4941 8418 4954 8418 4942 8418 4942 8419 4954 8419 4955 8419 4942 8420 4955 8420 4943 8420 4943 8421 4955 8421 4956 8421 4943 8422 4956 8422 4944 8422 4944 8423 4956 8423 4957 8423 4944 8424 4957 8424 4945 8424 4945 8425 4957 8425 4958 8425 4945 8426 4958 8426 4946 8426 4946 8427 4958 8427 4959 8427 4946 8428 4959 8428 4947 8428 4947 8429 4959 8429 4960 8429 4947 8430 4960 8430 4948 8430 4948 8431 4960 8431 4961 8431 4948 8432 4961 8432 4949 8432 4949 8433 4961 8433 4962 8433 4949 8434 4962 8434 4950 8434 4950 8435 4962 8435 4963 8435 4950 8436 4963 8436 4951 8436 4951 8437 4963 8437 4964 8437 4951 8438 4964 8438 4952 8438 4952 8439 4964 8439 4953 8439 4964 8440 4965 8440 4953 8440 4953 8441 4965 8441 4966 8441 4953 8442 4966 8442 4954 8442 4954 8443 4966 8443 4967 8443 4954 8444 4967 8444 4955 8444 4955 8445 4967 8445 4968 8445 4955 8446 4968 8446 4956 8446 4956 8447 4968 8447 4969 8447 4956 8448 4969 8448 4957 8448 4957 8449 4969 8449 4970 8449 4957 8450 4970 8450 4958 8450 4958 8451 4970 8451 4971 8451 4958 8452 4971 8452 4959 8452 4959 8453 4971 8453 4972 8453 4959 8454 4972 8454 4960 8454 4960 8455 4972 8455 4973 8455 4960 8456 4973 8456 4961 8456 4961 8457 4973 8457 4974 8457 4961 8458 4974 8458 4962 8458 4962 8459 4974 8459 4975 8459 4962 8460 4975 8460 4963 8460 4963 8461 4975 8461 4976 8461 4963 8462 4976 8462 4964 8462 4964 8463 4976 8463 4965 8463 4976 8464 507 8464 4965 8464 4965 8465 507 8465 509 8465 4965 8466 509 8466 4966 8466 4966 8467 509 8467 511 8467 4966 8468 511 8468 4967 8468 4967 8469 511 8469 513 8469 4967 8470 513 8470 4968 8470 4968 8471 513 8471 515 8471 4968 8472 515 8472 4969 8472 4969 8473 515 8473 517 8473 4969 8474 517 8474 4970 8474 4970 8475 517 8475 495 8475 4970 8476 495 8476 4971 8476 4971 8477 495 8477 497 8477 4971 8478 497 8478 4972 8478 4972 8479 497 8479 499 8479 4972 8480 499 8480 4973 8480 4973 8481 499 8481 501 8481 4973 8482 501 8482 4974 8482 4974 8483 501 8483 503 8483 4974 8484 503 8484 4975 8484 4975 8485 503 8485 505 8485 4975 8486 505 8486 4976 8486 4976 8487 505 8487 507 8487 677 8488 4977 8488 679 8488 679 8489 4977 8489 4978 8489 679 8490 4978 8490 681 8490 681 8491 4978 8491 4979 8491 681 8492 4979 8492 683 8492 683 8493 4979 8493 4980 8493 683 8494 4980 8494 685 8494 685 8495 4980 8495 4981 8495 685 8496 4981 8496 687 8496 687 8497 4981 8497 4982 8497 687 8498 4982 8498 689 8498 689 8499 4982 8499 4983 8499 689 8500 4983 8500 667 8500 667 8501 4983 8501 4984 8501 667 8502 4984 8502 669 8502 669 8503 4984 8503 4985 8503 669 8504 4985 8504 671 8504 671 8505 4985 8505 4986 8505 671 8506 4986 8506 673 8506 673 8507 4986 8507 4987 8507 673 8508 4987 8508 675 8508 675 8509 4987 8509 4988 8509 675 8510 4988 8510 677 8510 677 8511 4988 8511 4977 8511 4988 8512 4989 8512 4977 8512 4977 8513 4989 8513 4990 8513 4977 8514 4990 8514 4978 8514 4978 8515 4990 8515 4991 8515 4978 8516 4991 8516 4979 8516 4979 8517 4991 8517 4992 8517 4979 8518 4992 8518 4980 8518 4980 8519 4992 8519 4993 8519 4980 8520 4993 8520 4981 8520 4981 8521 4993 8521 4994 8521 4981 8522 4994 8522 4982 8522 4982 8523 4994 8523 4995 8523 4982 8524 4995 8524 4983 8524 4983 8525 4995 8525 4996 8525 4983 8526 4996 8526 4984 8526 4984 8527 4996 8527 4997 8527 4984 8528 4997 8528 4985 8528 4985 8529 4997 8529 4998 8529 4985 8530 4998 8530 4986 8530 4986 8531 4998 8531 4999 8531 4986 8532 4999 8532 4987 8532 4987 8533 4999 8533 5000 8533 4987 8534 5000 8534 4988 8534 4988 8535 5000 8535 4989 8535 5000 8536 3959 8536 4989 8536 4989 8537 3959 8537 3965 8537 4989 8538 3965 8538 4990 8538 4990 8539 3965 8539 3977 8539 4990 8540 3977 8540 4991 8540 4991 8541 3977 8541 3972 8541 4991 8542 3972 8542 4992 8542 4992 8543 3972 8543 3969 8543 4992 8544 3969 8544 4993 8544 4993 8545 3969 8545 3966 8545 4993 8546 3966 8546 4994 8546 4994 8547 3966 8547 3956 8547 4994 8548 3956 8548 4995 8548 4995 8549 3956 8549 3955 8549 4995 8550 3955 8550 4996 8550 4996 8551 3955 8551 3951 8551 4996 8552 3951 8552 4997 8552 4997 8553 3951 8553 3948 8553 4997 8554 3948 8554 4998 8554 4998 8555 3948 8555 3947 8555 4998 8556 3947 8556 4999 8556 4999 8557 3947 8557 3946 8557 4999 8558 3946 8558 5000 8558 5000 8559 3946 8559 3959 8559 96 8560 5001 8560 93 8560 93 8561 5001 8561 5002 8561 93 8562 5002 8562 91 8562 91 8563 5002 8563 5003 8563 91 8564 5003 8564 89 8564 89 8565 5003 8565 5004 8565 89 8566 5004 8566 106 8566 106 8567 5004 8567 5005 8567 106 8568 5005 8568 104 8568 104 8569 5005 8569 5006 8569 104 8570 5006 8570 102 8570 102 8571 5006 8571 5007 8571 102 8572 5007 8572 100 8572 100 8573 5007 8573 5008 8573 100 8574 5008 8574 86 8574 86 8575 5008 8575 5009 8575 86 8576 5009 8576 87 8576 87 8577 5009 8577 5010 8577 87 8578 5010 8578 99 8578 99 8579 5010 8579 5011 8579 99 8580 5011 8580 98 8580 98 8581 5011 8581 5012 8581 98 8582 5012 8582 96 8582 96 8583 5012 8583 5001 8583 5012 8584 5013 8584 5001 8584 5001 8585 5013 8585 5014 8585 5001 8586 5014 8586 5002 8586 5002 8587 5014 8587 5015 8587 5002 8588 5015 8588 5003 8588 5003 8589 5015 8589 5016 8589 5003 8590 5016 8590 5004 8590 5004 8591 5016 8591 5017 8591 5004 8592 5017 8592 5005 8592 5005 8593 5017 8593 5018 8593 5005 8594 5018 8594 5006 8594 5006 8595 5018 8595 5019 8595 5006 8596 5019 8596 5007 8596 5007 8597 5019 8597 5020 8597 5007 8598 5020 8598 5008 8598 5008 8599 5020 8599 5021 8599 5008 8600 5021 8600 5009 8600 5009 8601 5021 8601 5022 8601 5009 8602 5022 8602 5010 8602 5010 8603 5022 8603 5023 8603 5010 8604 5023 8604 5011 8604 5011 8605 5023 8605 5024 8605 5011 8606 5024 8606 5012 8606 5012 8607 5024 8607 5013 8607 5024 8608 5025 8608 5013 8608 5013 8609 5025 8609 5026 8609 5013 8610 5026 8610 5014 8610 5014 8611 5026 8611 5027 8611 5014 8612 5027 8612 5015 8612 5015 8613 5027 8613 5028 8613 5015 8614 5028 8614 5016 8614 5016 8615 5028 8615 5029 8615 5016 8616 5029 8616 5017 8616 5017 8617 5029 8617 5030 8617 5017 8618 5030 8618 5018 8618 5018 8619 5030 8619 5031 8619 5018 8620 5031 8620 5019 8620 5019 8621 5031 8621 5032 8621 5019 8622 5032 8622 5020 8622 5020 8623 5032 8623 5033 8623 5020 8624 5033 8624 5021 8624 5021 8625 5033 8625 5034 8625 5021 8626 5034 8626 5022 8626 5022 8627 5034 8627 5035 8627 5022 8628 5035 8628 5023 8628 5023 8629 5035 8629 5036 8629 5023 8630 5036 8630 5024 8630 5024 8631 5036 8631 5025 8631 5036 8632 678 8632 5025 8632 5025 8633 678 8633 680 8633 5025 8634 680 8634 5026 8634 5026 8635 680 8635 682 8635 5026 8636 682 8636 5027 8636 5027 8637 682 8637 684 8637 5027 8638 684 8638 5028 8638 5028 8639 684 8639 686 8639 5028 8640 686 8640 5029 8640 5029 8641 686 8641 688 8641 5029 8642 688 8642 5030 8642 5030 8643 688 8643 666 8643 5030 8644 666 8644 5031 8644 5031 8645 666 8645 668 8645 5031 8646 668 8646 5032 8646 5032 8647 668 8647 670 8647 5032 8648 670 8648 5033 8648 5033 8649 670 8649 672 8649 5033 8650 672 8650 5034 8650 5034 8651 672 8651 674 8651 5034 8652 674 8652 5035 8652 5035 8653 674 8653 676 8653 5035 8654 676 8654 5036 8654 5036 8655 676 8655 678 8655 458 8656 5037 8656 460 8656 460 8657 5037 8657 5038 8657 460 8658 5038 8658 462 8658 462 8659 5038 8659 5039 8659 462 8660 5039 8660 464 8660 464 8661 5039 8661 5040 8661 464 8662 5040 8662 466 8662 466 8663 5040 8663 5041 8663 466 8664 5041 8664 468 8664 468 8665 5041 8665 5042 8665 468 8666 5042 8666 470 8666 470 8667 5042 8667 5043 8667 470 8668 5043 8668 448 8668 448 8669 5043 8669 5044 8669 448 8670 5044 8670 450 8670 450 8671 5044 8671 5045 8671 450 8672 5045 8672 452 8672 452 8673 5045 8673 5046 8673 452 8674 5046 8674 454 8674 454 8675 5046 8675 5047 8675 454 8676 5047 8676 456 8676 456 8677 5047 8677 5048 8677 456 8678 5048 8678 458 8678 458 8679 5048 8679 5037 8679 5048 8680 5049 8680 5037 8680 5037 8681 5049 8681 5050 8681 5037 8682 5050 8682 5038 8682 5038 8683 5050 8683 5051 8683 5038 8684 5051 8684 5039 8684 5039 8685 5051 8685 5052 8685 5039 8686 5052 8686 5040 8686 5040 8687 5052 8687 5053 8687 5040 8688 5053 8688 5041 8688 5041 8689 5053 8689 5054 8689 5041 8690 5054 8690 5042 8690 5042 8691 5054 8691 5055 8691 5042 8692 5055 8692 5043 8692 5043 8693 5055 8693 5056 8693 5043 8694 5056 8694 5044 8694 5044 8695 5056 8695 5057 8695 5044 8696 5057 8696 5045 8696 5045 8697 5057 8697 5058 8697 5045 8698 5058 8698 5046 8698 5046 8699 5058 8699 5059 8699 5046 8700 5059 8700 5047 8700 5047 8701 5059 8701 5060 8701 5047 8702 5060 8702 5048 8702 5048 8703 5060 8703 5049 8703 5060 8704 4358 8704 5049 8704 5049 8705 4358 8705 4357 8705 5049 8706 4357 8706 5050 8706 5050 8707 4357 8707 4356 8707 5050 8708 4356 8708 5051 8708 5051 8709 4356 8709 4379 8709 5051 8710 4379 8710 5052 8710 5052 8711 4379 8711 4376 8711 5052 8712 4376 8712 5053 8712 5053 8713 4376 8713 4375 8713 5053 8714 4375 8714 5054 8714 5054 8715 4375 8715 4374 8715 5054 8716 4374 8716 5055 8716 5055 8717 4374 8717 4385 8717 5055 8718 4385 8718 5056 8718 5056 8719 4385 8719 4370 8719 5056 8720 4370 8720 5057 8720 5057 8721 4370 8721 4367 8721 5057 8722 4367 8722 5058 8722 5058 8723 4367 8723 4364 8723 5058 8724 4364 8724 5059 8724 5059 8725 4364 8725 4361 8725 5059 8726 4361 8726 5060 8726 5060 8727 4361 8727 4358 8727 5061 8728 5062 8728 148 8728 148 8729 147 8729 5061 8729 5061 8730 147 8730 135 8730 5061 8731 135 8731 5063 8731 5063 8732 135 8732 137 8732 5063 8733 137 8733 5064 8733 5064 8734 137 8734 139 8734 5064 8735 139 8735 5065 8735 5065 8736 139 8736 140 8736 5065 8737 140 8737 5066 8737 5066 8738 140 8738 144 8738 5066 8739 144 8739 5067 8739 5067 8740 144 8740 145 8740 5067 8741 145 8741 5068 8741 5068 8742 145 8742 146 8742 5068 8743 146 8743 5069 8743 5069 8744 146 8744 142 8744 5069 8745 142 8745 5070 8745 5070 8746 142 8746 133 8746 5070 8747 133 8747 5071 8747 5071 8748 133 8748 132 8748 5071 8749 132 8749 5072 8749 5072 8750 132 8750 150 8750 5072 8751 150 8751 5062 8751 5062 8752 150 8752 152 8752 5062 8753 152 8753 148 8753 5064 8754 5073 8754 5063 8754 5063 8755 5073 8755 5074 8755 5063 8756 5074 8756 5061 8756 5061 8757 5074 8757 5075 8757 5061 8758 5075 8758 5062 8758 5062 8759 5075 8759 5076 8759 5062 8760 5076 8760 5072 8760 5072 8761 5076 8761 5077 8761 5072 8762 5077 8762 5071 8762 5071 8763 5077 8763 5078 8763 5071 8764 5078 8764 5070 8764 5070 8765 5078 8765 5079 8765 5070 8766 5079 8766 5069 8766 5069 8767 5079 8767 5080 8767 5069 8768 5080 8768 5068 8768 5068 8769 5080 8769 5081 8769 5068 8770 5081 8770 5067 8770 5067 8771 5081 8771 5082 8771 5067 8772 5082 8772 5066 8772 5066 8773 5082 8773 5083 8773 5066 8774 5083 8774 5065 8774 5065 8775 5083 8775 5084 8775 5065 8776 5084 8776 5064 8776 5064 8777 5084 8777 5073 8777 5084 8778 5085 8778 5073 8778 5073 8779 5085 8779 5086 8779 5073 8780 5086 8780 5074 8780 5074 8781 5086 8781 5087 8781 5074 8782 5087 8782 5075 8782 5075 8783 5087 8783 5088 8783 5075 8784 5088 8784 5076 8784 5076 8785 5088 8785 5089 8785 5076 8786 5089 8786 5077 8786 5077 8787 5089 8787 5090 8787 5077 8788 5090 8788 5078 8788 5078 8789 5090 8789 5091 8789 5078 8790 5091 8790 5079 8790 5079 8791 5091 8791 5092 8791 5079 8792 5092 8792 5080 8792 5080 8793 5092 8793 5093 8793 5080 8794 5093 8794 5081 8794 5081 8795 5093 8795 5094 8795 5081 8796 5094 8796 5082 8796 5082 8797 5094 8797 5095 8797 5082 8798 5095 8798 5083 8798 5083 8799 5095 8799 5096 8799 5083 8800 5096 8800 5084 8800 5084 8801 5096 8801 5085 8801 5096 8802 459 8802 5085 8802 5085 8803 459 8803 461 8803 5085 8804 461 8804 5086 8804 5086 8805 461 8805 463 8805 5086 8806 463 8806 5087 8806 5087 8807 463 8807 465 8807 5087 8808 465 8808 5088 8808 5088 8809 465 8809 467 8809 5088 8810 467 8810 5089 8810 5089 8811 467 8811 469 8811 5089 8812 469 8812 5090 8812 5090 8813 469 8813 447 8813 5090 8814 447 8814 5091 8814 5091 8815 447 8815 449 8815 5091 8816 449 8816 5092 8816 5092 8817 449 8817 451 8817 5092 8818 451 8818 5093 8818 5093 8819 451 8819 453 8819 5093 8820 453 8820 5094 8820 5094 8821 453 8821 455 8821 5094 8822 455 8822 5095 8822 5095 8823 455 8823 457 8823 5095 8824 457 8824 5096 8824 5096 8825 457 8825 459 8825 5097 8826 630 8826 627 8826 4428 8827 4426 8827 5098 8827 5098 8828 4426 8828 5099 8828 5098 8829 5099 8829 5100 8829 5100 8830 5099 8830 5097 8830 5097 8831 627 8831 5100 8831 5100 8832 627 8832 628 8832 5100 8833 628 8833 629 8833 4429 8834 4428 8834 5101 8834 5101 8835 4428 8835 5098 8835 5101 8836 5098 8836 5102 8836 5102 8837 5098 8837 5100 8837 5102 8838 5100 8838 5103 8838 5103 8839 5100 8839 629 8839 5101 8840 5102 8840 5104 8840 5103 8841 629 8841 638 8841 5103 8842 638 8842 5102 8842 5101 8843 5104 8843 4429 8843 5102 8844 638 8844 5104 8844 5104 8845 638 8845 639 8845 5104 8846 639 8846 5105 8846 5105 8847 639 8847 641 8847 5105 8848 641 8848 5106 8848 5106 8849 641 8849 643 8849 5106 8850 643 8850 5107 8850 5107 8851 643 8851 637 8851 5107 8852 637 8852 5108 8852 637 8853 636 8853 5109 8853 637 8854 5109 8854 5108 8854 5108 8855 5109 8855 5110 8855 5108 8856 5110 8856 5111 8856 4429 8857 5104 8857 4431 8857 4431 8858 5104 8858 5105 8858 4431 8859 5105 8859 4433 8859 4433 8860 5105 8860 5106 8860 4433 8861 5106 8861 4435 8861 4435 8862 5106 8862 5107 8862 4435 8863 5107 8863 4437 8863 4437 8864 5107 8864 5108 8864 4437 8865 5108 8865 4439 8865 4439 8866 5108 8866 5111 8866 4439 8867 5111 8867 4440 8867 5112 8868 5113 8868 5114 8868 5113 8869 4149 8869 4148 8869 4396 8870 4394 8870 5115 8870 4396 8871 5115 8871 4398 8871 5113 8872 4148 8872 5114 8872 5114 8873 4148 8873 4147 8873 5114 8874 4147 8874 5116 8874 5116 8875 4147 8875 4159 8875 5116 8876 4159 8876 5117 8876 5117 8877 4159 8877 4158 8877 5117 8878 4158 8878 5118 8878 5118 8879 4158 8879 4162 8879 5118 8880 4162 8880 5119 8880 5119 8881 4162 8881 4161 8881 5119 8882 4161 8882 5120 8882 5120 8883 4161 8883 4160 8883 5120 8884 4160 8884 5121 8884 5121 8885 4160 8885 4153 8885 5121 8886 4153 8886 5122 8886 5122 8887 4153 8887 4155 8887 5122 8888 4155 8888 5123 8888 5123 8889 4155 8889 4156 8889 5123 8890 4156 8890 5124 8890 5124 8891 4156 8891 4152 8891 5124 8892 4152 8892 5125 8892 5125 8893 4152 8893 4151 8893 5125 8894 4151 8894 5126 8894 5126 8895 4151 8895 4150 8895 5126 8896 4150 8896 5127 8896 5127 8897 4150 8897 630 8897 5127 8898 630 8898 5097 8898 5112 8899 5114 8899 5128 8899 5128 8900 5114 8900 5116 8900 5128 8901 5116 8901 5129 8901 5129 8902 5116 8902 5117 8902 5129 8903 5117 8903 5130 8903 5130 8904 5117 8904 5118 8904 5130 8905 5118 8905 5131 8905 5131 8906 5118 8906 5119 8906 5131 8907 5119 8907 5132 8907 5132 8908 5119 8908 5120 8908 5132 8909 5120 8909 5133 8909 5133 8910 5120 8910 5121 8910 5133 8911 5121 8911 5134 8911 5134 8912 5121 8912 5122 8912 5134 8913 5122 8913 5135 8913 5135 8914 5122 8914 5123 8914 5135 8915 5123 8915 5136 8915 5136 8916 5123 8916 5124 8916 5136 8917 5124 8917 5137 8917 5137 8918 5124 8918 5125 8918 5137 8919 5125 8919 5138 8919 5138 8920 5125 8920 5126 8920 5138 8921 5126 8921 5139 8921 5139 8922 5126 8922 5127 8922 5139 8923 5127 8923 5140 8923 5140 8924 5127 8924 5097 8924 5140 8925 5097 8925 5099 8925 655 8926 4149 8926 5141 8926 5141 8927 4149 8927 5113 8927 5141 8928 5113 8928 5115 8928 5115 8929 5113 8929 5112 8929 5115 8930 5112 8930 4398 8930 4398 8931 5112 8931 5128 8931 4398 8932 5128 8932 4400 8932 4400 8933 5128 8933 5129 8933 4400 8934 5129 8934 4402 8934 4402 8935 5129 8935 5130 8935 4402 8936 5130 8936 4404 8936 4404 8937 5130 8937 5131 8937 4404 8938 5131 8938 4406 8938 4406 8939 5131 8939 5132 8939 4406 8940 5132 8940 4408 8940 4408 8941 5132 8941 5133 8941 4408 8942 5133 8942 4410 8942 4410 8943 5133 8943 5134 8943 4410 8944 5134 8944 4412 8944 4412 8945 5134 8945 5135 8945 4412 8946 5135 8946 4414 8946 4414 8947 5135 8947 5136 8947 4414 8948 5136 8948 4416 8948 4416 8949 5136 8949 5137 8949 4416 8950 5137 8950 4418 8950 4418 8951 5137 8951 5138 8951 4418 8952 5138 8952 4420 8952 4420 8953 5138 8953 5139 8953 4420 8954 5139 8954 4422 8954 4422 8955 5139 8955 5140 8955 4422 8956 5140 8956 4424 8956 4424 8957 5140 8957 5099 8957 4424 8958 5099 8958 4426 8958 657 8959 655 8959 5141 8959 5142 8960 4392 8960 4440 8960 636 8961 653 8961 5109 8961 5109 8962 653 8962 5143 8962 5109 8963 5143 8963 5110 8963 5110 8964 5143 8964 5142 8964 5110 8965 5142 8965 5111 8965 5111 8966 5142 8966 4440 8966 4394 8967 4392 8967 5115 8967 5115 8968 4392 8968 5142 8968 5115 8969 5142 8969 5141 8969 5141 8970 5142 8970 5143 8970 5141 8971 5143 8971 657 8971 657 8972 5143 8972 653 8972 5144 8973 703 8973 700 8973 4018 8974 4016 8974 5145 8974 5145 8975 4016 8975 5146 8975 5145 8976 5146 8976 5147 8976 5147 8977 5146 8977 5144 8977 5144 8978 700 8978 5147 8978 5147 8979 700 8979 701 8979 5147 8980 701 8980 702 8980 4019 8981 4018 8981 5148 8981 5148 8982 4018 8982 5145 8982 5148 8983 5145 8983 5149 8983 5149 8984 5145 8984 5147 8984 5149 8985 5147 8985 5150 8985 5150 8986 5147 8986 702 8986 5148 8987 5149 8987 5151 8987 5150 8988 702 8988 711 8988 5150 8989 711 8989 5149 8989 5148 8990 5151 8990 4019 8990 5149 8991 711 8991 5151 8991 5151 8992 711 8992 712 8992 5151 8993 712 8993 5152 8993 5152 8994 712 8994 714 8994 5152 8995 714 8995 5153 8995 5153 8996 714 8996 716 8996 5153 8997 716 8997 5154 8997 5154 8998 716 8998 710 8998 5154 8999 710 8999 5155 8999 710 9000 709 9000 5156 9000 710 9001 5156 9001 5155 9001 5155 9002 5156 9002 5157 9002 5155 9003 5157 9003 5158 9003 4019 9004 5151 9004 4021 9004 4021 9005 5151 9005 5152 9005 4021 9006 5152 9006 4023 9006 4023 9007 5152 9007 5153 9007 4023 9008 5153 9008 4025 9008 4025 9009 5153 9009 5154 9009 4025 9010 5154 9010 4027 9010 4027 9011 5154 9011 5155 9011 4027 9012 5155 9012 4029 9012 4029 9013 5155 9013 5158 9013 4029 9014 5158 9014 4030 9014 5159 9015 5160 9015 5161 9015 5160 9016 1890 9016 1889 9016 3986 9017 3984 9017 5162 9017 3986 9018 5162 9018 3988 9018 5160 9019 1889 9019 5161 9019 5161 9020 1889 9020 1888 9020 5161 9021 1888 9021 5163 9021 5163 9022 1888 9022 1903 9022 5163 9023 1903 9023 5164 9023 5164 9024 1903 9024 1902 9024 5164 9025 1902 9025 5165 9025 5165 9026 1902 9026 1901 9026 5165 9027 1901 9027 5166 9027 5166 9028 1901 9028 1899 9028 5166 9029 1899 9029 5167 9029 5167 9030 1899 9030 1898 9030 5167 9031 1898 9031 5168 9031 5168 9032 1898 9032 1897 9032 5168 9033 1897 9033 5169 9033 5169 9034 1897 9034 1895 9034 5169 9035 1895 9035 5170 9035 5170 9036 1895 9036 1894 9036 5170 9037 1894 9037 5171 9037 5171 9038 1894 9038 1893 9038 5171 9039 1893 9039 5172 9039 5172 9040 1893 9040 1892 9040 5172 9041 1892 9041 5173 9041 5173 9042 1892 9042 1891 9042 5173 9043 1891 9043 5174 9043 5174 9044 1891 9044 703 9044 5174 9045 703 9045 5144 9045 5159 9046 5161 9046 5175 9046 5175 9047 5161 9047 5163 9047 5175 9048 5163 9048 5176 9048 5176 9049 5163 9049 5164 9049 5176 9050 5164 9050 5177 9050 5177 9051 5164 9051 5165 9051 5177 9052 5165 9052 5178 9052 5178 9053 5165 9053 5166 9053 5178 9054 5166 9054 5179 9054 5179 9055 5166 9055 5167 9055 5179 9056 5167 9056 5180 9056 5180 9057 5167 9057 5168 9057 5180 9058 5168 9058 5181 9058 5181 9059 5168 9059 5169 9059 5181 9060 5169 9060 5182 9060 5182 9061 5169 9061 5170 9061 5182 9062 5170 9062 5183 9062 5183 9063 5170 9063 5171 9063 5183 9064 5171 9064 5184 9064 5184 9065 5171 9065 5172 9065 5184 9066 5172 9066 5185 9066 5185 9067 5172 9067 5173 9067 5185 9068 5173 9068 5186 9068 5186 9069 5173 9069 5174 9069 5186 9070 5174 9070 5187 9070 5187 9071 5174 9071 5144 9071 5187 9072 5144 9072 5146 9072 728 9073 1890 9073 5188 9073 5188 9074 1890 9074 5160 9074 5188 9075 5160 9075 5162 9075 5162 9076 5160 9076 5159 9076 5162 9077 5159 9077 3988 9077 3988 9078 5159 9078 5175 9078 3988 9079 5175 9079 3990 9079 3990 9080 5175 9080 5176 9080 3990 9081 5176 9081 3992 9081 3992 9082 5176 9082 5177 9082 3992 9083 5177 9083 3994 9083 3994 9084 5177 9084 5178 9084 3994 9085 5178 9085 3996 9085 3996 9086 5178 9086 5179 9086 3996 9087 5179 9087 3998 9087 3998 9088 5179 9088 5180 9088 3998 9089 5180 9089 4000 9089 4000 9090 5180 9090 5181 9090 4000 9091 5181 9091 4002 9091 4002 9092 5181 9092 5182 9092 4002 9093 5182 9093 4004 9093 4004 9094 5182 9094 5183 9094 4004 9095 5183 9095 4006 9095 4006 9096 5183 9096 5184 9096 4006 9097 5184 9097 4008 9097 4008 9098 5184 9098 5185 9098 4008 9099 5185 9099 4010 9099 4010 9100 5185 9100 5186 9100 4010 9101 5186 9101 4012 9101 4012 9102 5186 9102 5187 9102 4012 9103 5187 9103 4014 9103 4014 9104 5187 9104 5146 9104 4014 9105 5146 9105 4016 9105 730 9106 728 9106 5188 9106 5189 9107 3982 9107 4030 9107 709 9108 726 9108 5156 9108 5156 9109 726 9109 5190 9109 5156 9110 5190 9110 5157 9110 5157 9111 5190 9111 5189 9111 5157 9112 5189 9112 5158 9112 5158 9113 5189 9113 4030 9113 3984 9114 3982 9114 5162 9114 5162 9115 3982 9115 5189 9115 5162 9116 5189 9116 5188 9116 5188 9117 5189 9117 5190 9117 5188 9118 5190 9118 730 9118 730 9119 5190 9119 726 9119 5191 9120 532 9120 529 9120 4600 9121 4598 9121 5192 9121 5192 9122 4598 9122 5193 9122 5192 9123 5193 9123 5194 9123 5194 9124 5193 9124 5191 9124 5191 9125 529 9125 5194 9125 5194 9126 529 9126 530 9126 5194 9127 530 9127 531 9127 4601 9128 4600 9128 5195 9128 5195 9129 4600 9129 5192 9129 5195 9130 5192 9130 5196 9130 5196 9131 5192 9131 5194 9131 5196 9132 5194 9132 5197 9132 5197 9133 5194 9133 531 9133 5195 9134 5196 9134 5198 9134 5197 9135 531 9135 540 9135 5197 9136 540 9136 5196 9136 5195 9137 5198 9137 4601 9137 5196 9138 540 9138 5198 9138 5198 9139 540 9139 541 9139 5198 9140 541 9140 5199 9140 5199 9141 541 9141 543 9141 5199 9142 543 9142 5200 9142 5200 9143 543 9143 545 9143 5200 9144 545 9144 5201 9144 5201 9145 545 9145 539 9145 5201 9146 539 9146 5202 9146 539 9147 538 9147 5203 9147 539 9148 5203 9148 5202 9148 5202 9149 5203 9149 5204 9149 5202 9150 5204 9150 5205 9150 4601 9151 5198 9151 4603 9151 4603 9152 5198 9152 5199 9152 4603 9153 5199 9153 4605 9153 4605 9154 5199 9154 5200 9154 4605 9155 5200 9155 4607 9155 4607 9156 5200 9156 5201 9156 4607 9157 5201 9157 4609 9157 4609 9158 5201 9158 5202 9158 4609 9159 5202 9159 4611 9159 4611 9160 5202 9160 5205 9160 4611 9161 5205 9161 4612 9161 5206 9162 5207 9162 5208 9162 5207 9163 4061 9163 4060 9163 4568 9164 4566 9164 5209 9164 4568 9165 5209 9165 4570 9165 5207 9166 4060 9166 5208 9166 5208 9167 4060 9167 4059 9167 5208 9168 4059 9168 5210 9168 5210 9169 4059 9169 4074 9169 5210 9170 4074 9170 5211 9170 5211 9171 4074 9171 4073 9171 5211 9172 4073 9172 5212 9172 5212 9173 4073 9173 4072 9173 5212 9174 4072 9174 5213 9174 5213 9175 4072 9175 4070 9175 5213 9176 4070 9176 5214 9176 5214 9177 4070 9177 4069 9177 5214 9178 4069 9178 5215 9178 5215 9179 4069 9179 4065 9179 5215 9180 4065 9180 5216 9180 5216 9181 4065 9181 4067 9181 5216 9182 4067 9182 5217 9182 5217 9183 4067 9183 4068 9183 5217 9184 4068 9184 5218 9184 5218 9185 4068 9185 4064 9185 5218 9186 4064 9186 5219 9186 5219 9187 4064 9187 4063 9187 5219 9188 4063 9188 5220 9188 5220 9189 4063 9189 4062 9189 5220 9190 4062 9190 5221 9190 5221 9191 4062 9191 532 9191 5221 9192 532 9192 5191 9192 5206 9193 5208 9193 5222 9193 5222 9194 5208 9194 5210 9194 5222 9195 5210 9195 5223 9195 5223 9196 5210 9196 5211 9196 5223 9197 5211 9197 5224 9197 5224 9198 5211 9198 5212 9198 5224 9199 5212 9199 5225 9199 5225 9200 5212 9200 5213 9200 5225 9201 5213 9201 5226 9201 5226 9202 5213 9202 5214 9202 5226 9203 5214 9203 5227 9203 5227 9204 5214 9204 5215 9204 5227 9205 5215 9205 5228 9205 5228 9206 5215 9206 5216 9206 5228 9207 5216 9207 5229 9207 5229 9208 5216 9208 5217 9208 5229 9209 5217 9209 5230 9209 5230 9210 5217 9210 5218 9210 5230 9211 5218 9211 5231 9211 5231 9212 5218 9212 5219 9212 5231 9213 5219 9213 5232 9213 5232 9214 5219 9214 5220 9214 5232 9215 5220 9215 5233 9215 5233 9216 5220 9216 5221 9216 5233 9217 5221 9217 5234 9217 5234 9218 5221 9218 5191 9218 5234 9219 5191 9219 5193 9219 557 9220 4061 9220 5235 9220 5235 9221 4061 9221 5207 9221 5235 9222 5207 9222 5209 9222 5209 9223 5207 9223 5206 9223 5209 9224 5206 9224 4570 9224 4570 9225 5206 9225 5222 9225 4570 9226 5222 9226 4572 9226 4572 9227 5222 9227 5223 9227 4572 9228 5223 9228 4574 9228 4574 9229 5223 9229 5224 9229 4574 9230 5224 9230 4576 9230 4576 9231 5224 9231 5225 9231 4576 9232 5225 9232 4578 9232 4578 9233 5225 9233 5226 9233 4578 9234 5226 9234 4580 9234 4580 9235 5226 9235 5227 9235 4580 9236 5227 9236 4582 9236 4582 9237 5227 9237 5228 9237 4582 9238 5228 9238 4584 9238 4584 9239 5228 9239 5229 9239 4584 9240 5229 9240 4586 9240 4586 9241 5229 9241 5230 9241 4586 9242 5230 9242 4588 9242 4588 9243 5230 9243 5231 9243 4588 9244 5231 9244 4590 9244 4590 9245 5231 9245 5232 9245 4590 9246 5232 9246 4592 9246 4592 9247 5232 9247 5233 9247 4592 9248 5233 9248 4594 9248 4594 9249 5233 9249 5234 9249 4594 9250 5234 9250 4596 9250 4596 9251 5234 9251 5193 9251 4596 9252 5193 9252 4598 9252 559 9253 557 9253 5235 9253 5236 9254 4564 9254 4612 9254 538 9255 555 9255 5203 9255 5203 9256 555 9256 5237 9256 5203 9257 5237 9257 5204 9257 5204 9258 5237 9258 5236 9258 5204 9259 5236 9259 5205 9259 5205 9260 5236 9260 4612 9260 4566 9261 4564 9261 5209 9261 5209 9262 4564 9262 5236 9262 5209 9263 5236 9263 5235 9263 5235 9264 5236 9264 5237 9264 5235 9265 5237 9265 559 9265 559 9266 5237 9266 555 9266 5238 9267 581 9267 578 9267 4514 9268 4512 9268 5239 9268 5239 9269 4512 9269 5240 9269 5239 9270 5240 9270 5241 9270 5241 9271 5240 9271 5238 9271 5238 9272 578 9272 5241 9272 5241 9273 578 9273 579 9273 5241 9274 579 9274 580 9274 4515 9275 4514 9275 5242 9275 5242 9276 4514 9276 5239 9276 5242 9277 5239 9277 5243 9277 5243 9278 5239 9278 5241 9278 5243 9279 5241 9279 5244 9279 5244 9280 5241 9280 580 9280 5242 9281 5243 9281 5245 9281 5244 9282 580 9282 589 9282 5244 9283 589 9283 5243 9283 5242 9284 5245 9284 4515 9284 5243 9285 589 9285 5245 9285 5245 9286 589 9286 590 9286 5245 9287 590 9287 5246 9287 5246 9288 590 9288 592 9288 5246 9289 592 9289 5247 9289 5247 9290 592 9290 594 9290 5247 9291 594 9291 5248 9291 5248 9292 594 9292 588 9292 5248 9293 588 9293 5249 9293 588 9294 587 9294 5250 9294 588 9295 5250 9295 5249 9295 5249 9296 5250 9296 5251 9296 5249 9297 5251 9297 5252 9297 4515 9298 5245 9298 4517 9298 4517 9299 5245 9299 5246 9299 4517 9300 5246 9300 4519 9300 4519 9301 5246 9301 5247 9301 4519 9302 5247 9302 4521 9302 4521 9303 5247 9303 5248 9303 4521 9304 5248 9304 4523 9304 4523 9305 5248 9305 5249 9305 4523 9306 5249 9306 4525 9306 4525 9307 5249 9307 5252 9307 4525 9308 5252 9308 4526 9308 5253 9309 5254 9309 5255 9309 5254 9310 4105 9310 4104 9310 4482 9311 4480 9311 5256 9311 4482 9312 5256 9312 4484 9312 5254 9313 4104 9313 5255 9313 5255 9314 4104 9314 4103 9314 5255 9315 4103 9315 5257 9315 5257 9316 4103 9316 4118 9316 5257 9317 4118 9317 5258 9317 5258 9318 4118 9318 4117 9318 5258 9319 4117 9319 5259 9319 5259 9320 4117 9320 4116 9320 5259 9321 4116 9321 5260 9321 5260 9322 4116 9322 4112 9322 5260 9323 4112 9323 5261 9323 5261 9324 4112 9324 4111 9324 5261 9325 4111 9325 5262 9325 5262 9326 4111 9326 4110 9326 5262 9327 4110 9327 5263 9327 5263 9328 4110 9328 4108 9328 5263 9329 4108 9329 5264 9329 5264 9330 4108 9330 4115 9330 5264 9331 4115 9331 5265 9331 5265 9332 4115 9332 4114 9332 5265 9333 4114 9333 5266 9333 5266 9334 4114 9334 4106 9334 5266 9335 4106 9335 5267 9335 5267 9336 4106 9336 4107 9336 5267 9337 4107 9337 5268 9337 5268 9338 4107 9338 581 9338 5268 9339 581 9339 5238 9339 5253 9340 5255 9340 5269 9340 5269 9341 5255 9341 5257 9341 5269 9342 5257 9342 5270 9342 5270 9343 5257 9343 5258 9343 5270 9344 5258 9344 5271 9344 5271 9345 5258 9345 5259 9345 5271 9346 5259 9346 5272 9346 5272 9347 5259 9347 5260 9347 5272 9348 5260 9348 5273 9348 5273 9349 5260 9349 5261 9349 5273 9350 5261 9350 5274 9350 5274 9351 5261 9351 5262 9351 5274 9352 5262 9352 5275 9352 5275 9353 5262 9353 5263 9353 5275 9354 5263 9354 5276 9354 5276 9355 5263 9355 5264 9355 5276 9356 5264 9356 5277 9356 5277 9357 5264 9357 5265 9357 5277 9358 5265 9358 5278 9358 5278 9359 5265 9359 5266 9359 5278 9360 5266 9360 5279 9360 5279 9361 5266 9361 5267 9361 5279 9362 5267 9362 5280 9362 5280 9363 5267 9363 5268 9363 5280 9364 5268 9364 5281 9364 5281 9365 5268 9365 5238 9365 5281 9366 5238 9366 5240 9366 606 9367 4105 9367 5282 9367 5282 9368 4105 9368 5254 9368 5282 9369 5254 9369 5256 9369 5256 9370 5254 9370 5253 9370 5256 9371 5253 9371 4484 9371 4484 9372 5253 9372 5269 9372 4484 9373 5269 9373 4486 9373 4486 9374 5269 9374 5270 9374 4486 9375 5270 9375 4488 9375 4488 9376 5270 9376 5271 9376 4488 9377 5271 9377 4490 9377 4490 9378 5271 9378 5272 9378 4490 9379 5272 9379 4492 9379 4492 9380 5272 9380 5273 9380 4492 9381 5273 9381 4494 9381 4494 9382 5273 9382 5274 9382 4494 9383 5274 9383 4496 9383 4496 9384 5274 9384 5275 9384 4496 9385 5275 9385 4498 9385 4498 9386 5275 9386 5276 9386 4498 9387 5276 9387 4500 9387 4500 9388 5276 9388 5277 9388 4500 9389 5277 9389 4502 9389 4502 9390 5277 9390 5278 9390 4502 9391 5278 9391 4504 9391 4504 9392 5278 9392 5279 9392 4504 9393 5279 9393 4506 9393 4506 9394 5279 9394 5280 9394 4506 9395 5280 9395 4508 9395 4508 9396 5280 9396 5281 9396 4508 9397 5281 9397 4510 9397 4510 9398 5281 9398 5240 9398 4510 9399 5240 9399 4512 9399 608 9400 606 9400 5282 9400 5283 9401 4478 9401 4526 9401 587 9402 604 9402 5250 9402 5250 9403 604 9403 5284 9403 5250 9404 5284 9404 5251 9404 5251 9405 5284 9405 5283 9405 5251 9406 5283 9406 5252 9406 5252 9407 5283 9407 4526 9407 4480 9408 4478 9408 5256 9408 5256 9409 4478 9409 5283 9409 5256 9410 5283 9410 5282 9410 5282 9411 5283 9411 5284 9411 5282 9412 5284 9412 608 9412 608 9413 5284 9413 604 9413 5285 9414 5286 9414 5287 9414 244 9415 233 9415 5288 9415 5288 9416 233 9416 5289 9416 5288 9417 5289 9417 5290 9417 5290 9418 5289 9418 5291 9418 5292 9419 5293 9419 5291 9419 5291 9420 5293 9420 5294 9420 5291 9421 5294 9421 5290 9421 5287 9422 5295 9422 5285 9422 5285 9423 5295 9423 5296 9423 5285 9424 5296 9424 5297 9424 5297 9425 5296 9425 5298 9425 5297 9426 5298 9426 5292 9426 5292 9427 5298 9427 5299 9427 5292 9428 5299 9428 5293 9428 5300 9429 5301 9429 5302 9429 5302 9430 5301 9430 5303 9430 5302 9431 5303 9431 5286 9431 5286 9432 5303 9432 5304 9432 5286 9433 5304 9433 5287 9433 5302 9434 5305 9434 5300 9434 5300 9435 5305 9435 5306 9435 5300 9436 5306 9436 5307 9436 5308 9437 5309 9437 5310 9437 5310 9438 5309 9438 5311 9438 5312 9439 5313 9439 5314 9439 5314 9440 5313 9440 5315 9440 5314 9441 5315 9441 5311 9441 5311 9442 5315 9442 5316 9442 5311 9443 5316 9443 5310 9443 5317 9444 5318 9444 5312 9444 5312 9445 5318 9445 5319 9445 5312 9446 5319 9446 5313 9446 5320 9447 5321 9447 5322 9447 5322 9448 5321 9448 5323 9448 5322 9449 5323 9449 5317 9449 5317 9450 5323 9450 5324 9450 5317 9451 5324 9451 5318 9451 5325 9452 5326 9452 5320 9452 5320 9453 5326 9453 5327 9453 5320 9454 5327 9454 5321 9454 11 9455 10 9455 5328 9455 5328 9456 10 9456 5329 9456 5328 9457 5329 9457 5325 9457 5325 9458 5329 9458 5330 9458 5325 9459 5330 9459 5326 9459 5307 9460 5306 9460 5331 9460 5331 9461 5306 9461 5332 9461 5331 9462 5332 9462 5333 9462 5334 9463 5335 9463 5336 9463 5334 9464 5336 9464 5337 9464 5336 9465 5338 9465 5337 9465 5337 9466 5338 9466 5339 9466 5337 9467 5339 9467 5332 9467 5332 9468 5339 9468 5340 9468 5332 9469 5340 9469 5333 9469 5335 9470 5334 9470 5341 9470 5341 9471 5334 9471 5342 9471 5341 9472 5342 9472 5343 9472 5343 9473 5342 9473 5344 9473 5343 9474 5344 9474 5345 9474 5346 9475 5347 9475 5348 9475 5348 9476 5347 9476 5349 9476 5349 9477 5347 9477 5350 9477 5349 9478 5350 9478 5344 9478 5344 9479 5350 9479 5351 9479 5344 9480 5351 9480 5345 9480 5352 9481 5353 9481 5354 9481 5354 9482 5353 9482 5355 9482 5354 9483 5355 9483 5356 9483 5356 9484 5355 9484 5357 9484 5356 9485 5357 9485 5358 9485 5352 9486 5359 9486 5353 9486 5353 9487 5359 9487 5360 9487 5353 9488 5360 9488 5361 9488 5361 9489 5360 9489 5362 9489 5361 9490 5362 9490 5348 9490 5348 9491 5362 9491 5363 9491 5348 9492 5363 9492 5346 9492 5364 9493 5365 9493 5366 9493 5366 9494 5367 9494 5364 9494 5364 9495 5367 9495 5368 9495 5364 9496 5368 9496 5357 9496 5357 9497 5368 9497 5369 9497 5357 9498 5369 9498 5358 9498 5370 9499 5371 9499 5372 9499 5370 9500 5372 9500 5373 9500 5372 9501 5374 9501 5373 9501 5373 9502 5374 9502 5375 9502 5373 9503 5375 9503 5365 9503 5365 9504 5375 9504 5376 9504 5365 9505 5376 9505 5366 9505 5309 9506 5308 9506 5370 9506 5370 9507 5308 9507 5377 9507 5370 9508 5377 9508 5371 9508 5378 9509 5379 9509 5380 9509 5381 9510 5382 9510 5383 9510 5384 9511 5385 9511 5386 9511 5387 9512 5388 9512 5389 9512 5389 9513 5388 9513 5390 9513 5383 9514 5391 9514 5381 9514 5381 9515 5391 9515 5392 9515 5381 9516 5392 9516 5387 9516 5387 9517 5392 9517 5393 9517 5387 9518 5393 9518 5388 9518 5378 9519 5380 9519 5394 9519 5390 9520 5395 9520 5389 9520 5389 9521 5395 9521 5396 9521 5389 9522 5396 9522 5397 9522 5384 9523 5386 9523 5398 9523 5398 9524 5386 9524 5399 9524 5398 9525 5399 9525 5400 9525 5401 9526 5402 9526 5403 9526 5396 9527 5404 9527 5397 9527 5397 9528 5404 9528 5405 9528 5397 9529 5405 9529 5402 9529 5402 9530 5405 9530 5406 9530 5402 9531 5406 9531 5403 9531 5400 9532 5399 9532 5407 9532 5407 9533 5399 9533 5408 9533 5407 9534 5408 9534 5382 9534 5382 9535 5408 9535 5409 9535 5382 9536 5409 9536 5383 9536 5380 9537 5410 9537 5394 9537 5394 9538 5410 9538 5411 9538 5394 9539 5411 9539 5412 9539 5412 9540 5411 9540 5413 9540 5412 9541 5413 9541 5414 9541 5414 9542 5413 9542 5401 9542 5414 9543 5401 9543 5415 9543 5415 9544 5401 9544 5403 9544 5416 9545 5417 9545 5418 9545 5419 9546 5420 9546 5421 9546 5422 9547 5423 9547 5424 9547 5425 9548 5426 9548 5427 9548 5428 9549 5429 9549 5385 9549 5385 9550 5429 9550 5430 9550 5426 9551 5408 9551 5427 9551 5427 9552 5408 9552 5399 9552 5427 9553 5399 9553 5430 9553 5430 9554 5399 9554 5386 9554 5430 9555 5386 9555 5385 9555 5309 9556 5431 9556 5311 9556 5311 9557 5431 9557 5432 9557 5311 9558 5432 9558 5314 9558 5314 9559 5432 9559 5312 9559 5312 9560 5432 9560 5433 9560 5312 9561 5433 9561 5317 9561 5317 9562 5433 9562 5322 9562 5322 9563 5433 9563 5434 9563 5322 9564 5434 9564 5320 9564 5320 9565 5434 9565 5325 9565 5325 9566 5434 9566 5421 9566 5325 9567 5421 9567 5328 9567 5420 9568 5435 9568 5421 9568 5421 9569 5435 9569 5436 9569 5421 9570 5436 9570 5328 9570 5328 9571 5436 9571 5437 9571 5328 9572 5437 9572 11 9572 5416 9573 5418 9573 5438 9573 5431 9574 5422 9574 5432 9574 5432 9575 5422 9575 5424 9575 5432 9576 5424 9576 5433 9576 5433 9577 5424 9577 5439 9577 5433 9578 5439 9578 5434 9578 5434 9579 5439 9579 5418 9579 5434 9580 5418 9580 5421 9580 5421 9581 5418 9581 5417 9581 5421 9582 5417 9582 5419 9582 5423 9583 5425 9583 5424 9583 5424 9584 5425 9584 5427 9584 5424 9585 5427 9585 5439 9585 5439 9586 5427 9586 5430 9586 5439 9587 5430 9587 5418 9587 5418 9588 5430 9588 5429 9588 5418 9589 5429 9589 5438 9589 5438 9590 5429 9590 5428 9590 5440 9591 5412 9591 5414 9591 5441 9592 5442 9592 5443 9592 5444 9593 5445 9593 5446 9593 5426 9594 5425 9594 5447 9594 5423 9595 5422 9595 5448 9595 5431 9596 5309 9596 5370 9596 5306 9597 5444 9597 5332 9597 5332 9598 5444 9598 5446 9598 5332 9599 5446 9599 5337 9599 5337 9600 5446 9600 5449 9600 5337 9601 5449 9601 5334 9601 5334 9602 5449 9602 5450 9602 5334 9603 5450 9603 5342 9603 5342 9604 5450 9604 5451 9604 5342 9605 5451 9605 5344 9605 5344 9606 5451 9606 5452 9606 5344 9607 5452 9607 5349 9607 5349 9608 5452 9608 5453 9608 5349 9609 5453 9609 5348 9609 5348 9610 5453 9610 5454 9610 5348 9611 5454 9611 5361 9611 5361 9612 5454 9612 5455 9612 5361 9613 5455 9613 5353 9613 5353 9614 5455 9614 5456 9614 5353 9615 5456 9615 5355 9615 5355 9616 5456 9616 5457 9616 5355 9617 5457 9617 5357 9617 5357 9618 5457 9618 5458 9618 5357 9619 5458 9619 5364 9619 5364 9620 5458 9620 5459 9620 5364 9621 5459 9621 5365 9621 5365 9622 5459 9622 5460 9622 5365 9623 5460 9623 5373 9623 5373 9624 5460 9624 5461 9624 5373 9625 5461 9625 5370 9625 5370 9626 5461 9626 5448 9626 5370 9627 5448 9627 5431 9627 5431 9628 5448 9628 5422 9628 5445 9629 5441 9629 5446 9629 5446 9630 5441 9630 5443 9630 5446 9631 5443 9631 5449 9631 5449 9632 5443 9632 5462 9632 5449 9633 5462 9633 5450 9633 5450 9634 5462 9634 5463 9634 5450 9635 5463 9635 5451 9635 5451 9636 5463 9636 5464 9636 5451 9637 5464 9637 5452 9637 5452 9638 5464 9638 5465 9638 5452 9639 5465 9639 5453 9639 5453 9640 5465 9640 5466 9640 5453 9641 5466 9641 5454 9641 5454 9642 5466 9642 5467 9642 5454 9643 5467 9643 5455 9643 5455 9644 5467 9644 5468 9644 5455 9645 5468 9645 5456 9645 5456 9646 5468 9646 5469 9646 5456 9647 5469 9647 5457 9647 5457 9648 5469 9648 5470 9648 5457 9649 5470 9649 5458 9649 5458 9650 5470 9650 5471 9650 5458 9651 5471 9651 5459 9651 5459 9652 5471 9652 5472 9652 5459 9653 5472 9653 5460 9653 5460 9654 5472 9654 5473 9654 5460 9655 5473 9655 5461 9655 5461 9656 5473 9656 5474 9656 5461 9657 5474 9657 5448 9657 5448 9658 5474 9658 5447 9658 5448 9659 5447 9659 5423 9659 5423 9660 5447 9660 5425 9660 5442 9661 5440 9661 5443 9661 5443 9662 5440 9662 5414 9662 5443 9663 5414 9663 5462 9663 5462 9664 5414 9664 5415 9664 5462 9665 5415 9665 5463 9665 5463 9666 5415 9666 5403 9666 5463 9667 5403 9667 5464 9667 5464 9668 5403 9668 5406 9668 5464 9669 5406 9669 5465 9669 5465 9670 5406 9670 5405 9670 5465 9671 5405 9671 5466 9671 5466 9672 5405 9672 5404 9672 5466 9673 5404 9673 5467 9673 5467 9674 5404 9674 5396 9674 5467 9675 5396 9675 5468 9675 5468 9676 5396 9676 5395 9676 5468 9677 5395 9677 5469 9677 5469 9678 5395 9678 5390 9678 5469 9679 5390 9679 5470 9679 5470 9680 5390 9680 5388 9680 5470 9681 5388 9681 5471 9681 5471 9682 5388 9682 5393 9682 5471 9683 5393 9683 5472 9683 5472 9684 5393 9684 5392 9684 5472 9685 5392 9685 5473 9685 5473 9686 5392 9686 5391 9686 5473 9687 5391 9687 5474 9687 5474 9688 5391 9688 5383 9688 5474 9689 5383 9689 5447 9689 5447 9690 5383 9690 5409 9690 5447 9691 5409 9691 5426 9691 5426 9692 5409 9692 5408 9692 5442 9693 5441 9693 5475 9693 5306 9694 5305 9694 5444 9694 5444 9695 5305 9695 5476 9695 5444 9696 5476 9696 5445 9696 5412 9697 5440 9697 5394 9697 5394 9698 5440 9698 5477 9698 5394 9699 5477 9699 5378 9699 5378 9700 5477 9700 5478 9700 5378 9701 5478 9701 5379 9701 5379 9702 5478 9702 5479 9702 5480 9703 5481 9703 5479 9703 5479 9704 5481 9704 5379 9704 5482 9705 5483 9705 5484 9705 5485 9706 5486 9706 5487 9706 5289 9707 233 9707 5488 9707 5488 9708 5486 9708 5289 9708 5289 9709 5486 9709 5485 9709 5289 9710 5485 9710 5291 9710 5291 9711 5485 9711 5489 9711 5490 9712 5297 9712 5489 9712 5489 9713 5297 9713 5292 9713 5489 9714 5292 9714 5291 9714 5305 9715 5302 9715 5476 9715 5476 9716 5302 9716 5286 9716 5476 9717 5286 9717 5490 9717 5490 9718 5286 9718 5285 9718 5490 9719 5285 9719 5297 9719 5487 9720 5491 9720 5485 9720 5485 9721 5491 9721 5483 9721 5485 9722 5483 9722 5489 9722 5489 9723 5483 9723 5482 9723 5489 9724 5482 9724 5490 9724 5490 9725 5482 9725 5492 9725 5490 9726 5492 9726 5476 9726 5476 9727 5492 9727 5475 9727 5476 9728 5475 9728 5445 9728 5445 9729 5475 9729 5441 9729 5484 9730 5480 9730 5482 9730 5482 9731 5480 9731 5479 9731 5482 9732 5479 9732 5492 9732 5492 9733 5479 9733 5478 9733 5492 9734 5478 9734 5475 9734 5475 9735 5478 9735 5477 9735 5475 9736 5477 9736 5442 9736 5442 9737 5477 9737 5440 9737 5435 9738 16 9738 5436 9738 5436 9739 16 9739 15 9739 5436 9740 15 9740 5437 9740 5437 9741 15 9741 11 9741 5435 9742 5420 9742 16 9742 16 9743 5420 9743 5419 9743 16 9744 5419 9744 368 9744 5419 9745 5417 9745 368 9745 368 9746 5417 9746 5416 9746 368 9747 5416 9747 354 9747 354 9748 5416 9748 5438 9748 354 9749 5438 9749 5428 9749 354 9750 5428 9750 366 9750 366 9751 5428 9751 5385 9751 5407 9752 353 9752 351 9752 366 9753 5385 9753 365 9753 365 9754 5385 9754 5384 9754 5407 9755 351 9755 5400 9755 5400 9756 351 9756 349 9756 5400 9757 349 9757 5398 9757 349 9758 359 9758 5398 9758 5398 9759 359 9759 361 9759 5398 9760 361 9760 5384 9760 5384 9761 361 9761 363 9761 5384 9762 363 9762 365 9762 5413 9763 421 9763 419 9763 413 9764 5402 9764 5401 9764 5413 9765 419 9765 5401 9765 5401 9766 419 9766 417 9766 5401 9767 417 9767 413 9767 400 9768 5389 9768 5397 9768 413 9769 408 9769 5402 9769 5402 9770 408 9770 405 9770 5402 9771 405 9771 5397 9771 5397 9772 405 9772 402 9772 5397 9773 402 9773 400 9773 400 9774 397 9774 5389 9774 5389 9775 397 9775 389 9775 5389 9776 389 9776 5387 9776 389 9777 392 9777 5387 9777 5387 9778 392 9778 387 9778 5387 9779 387 9779 5381 9779 387 9780 384 9780 5381 9780 5381 9781 384 9781 381 9781 5381 9782 381 9782 5382 9782 353 9783 5407 9783 375 9783 375 9784 5407 9784 5382 9784 375 9785 5382 9785 378 9785 378 9786 5382 9786 381 9786 429 9787 432 9787 5379 9787 5379 9788 432 9788 5380 9788 421 9789 5413 9789 5411 9789 432 9790 434 9790 5380 9790 5380 9791 434 9791 437 9791 5380 9792 437 9792 5410 9792 437 9793 440 9793 5410 9793 5410 9794 440 9794 444 9794 5410 9795 444 9795 5411 9795 5411 9796 444 9796 442 9796 5411 9797 442 9797 421 9797 5379 9798 5481 9798 429 9798 429 9799 5481 9799 427 9799 427 9800 5481 9800 5480 9800 427 9801 5480 9801 425 9801 5487 9802 237 9802 5491 9802 5491 9803 237 9803 424 9803 5491 9804 424 9804 5483 9804 5483 9805 424 9805 425 9805 5483 9806 425 9806 5484 9806 5484 9807 425 9807 5480 9807 5488 9808 233 9808 235 9808 237 9809 5487 9809 235 9809 235 9810 5487 9810 5486 9810 235 9811 5486 9811 5488 9811 2812 9812 2702 9812 2707 9812 2812 9813 2707 9813 13 9813 13 9814 2707 9814 5493 9814 13 9815 5493 9815 22 9815 14 9816 2822 9816 13 9816 13 9817 2822 9817 2812 9817 369 9818 370 9818 2823 9818 352 9819 2810 9819 350 9819 350 9820 2810 9820 2819 9820 350 9821 2819 9821 2820 9821 2841 9822 358 9822 2821 9822 2821 9823 358 9823 357 9823 2821 9824 357 9824 2820 9824 2820 9825 357 9825 348 9825 2820 9826 348 9826 350 9826 371 9827 356 9827 2838 9827 2838 9828 356 9828 355 9828 2838 9829 355 9829 2839 9829 2839 9830 355 9830 364 9830 2839 9831 364 9831 2840 9831 2840 9832 364 9832 362 9832 2840 9833 362 9833 2841 9833 2841 9834 362 9834 360 9834 2841 9835 360 9835 358 9835 371 9836 2838 9836 370 9836 370 9837 2838 9837 2837 9837 370 9838 2837 9838 2823 9838 369 9839 2823 9839 367 9839 367 9840 2823 9840 2822 9840 367 9841 2822 9841 14 9841 2811 9842 2810 9842 352 9842 352 9843 372 9843 2811 9843 2811 9844 372 9844 373 9844 2811 9845 373 9845 2813 9845 2813 9846 373 9846 374 9846 2813 9847 374 9847 2814 9847 374 9848 376 9848 2814 9848 2814 9849 376 9849 377 9849 2814 9850 377 9850 2824 9850 2824 9851 377 9851 379 9851 2824 9852 379 9852 2825 9852 2825 9853 379 9853 380 9853 2825 9854 380 9854 2826 9854 2826 9855 380 9855 382 9855 2826 9856 382 9856 2796 9856 382 9857 383 9857 2796 9857 2796 9858 383 9858 385 9858 2796 9859 385 9859 2797 9859 2797 9860 385 9860 2806 9860 385 9861 386 9861 2806 9861 2806 9862 386 9862 388 9862 2806 9863 388 9863 2800 9863 2800 9864 388 9864 395 9864 2800 9865 395 9865 2799 9865 2799 9866 395 9866 394 9866 2799 9867 394 9867 2798 9867 394 9868 393 9868 2798 9868 2798 9869 393 9869 391 9869 2798 9870 391 9870 2792 9870 2792 9871 391 9871 390 9871 2792 9872 390 9872 2793 9872 390 9873 396 9873 2793 9873 2793 9874 396 9874 398 9874 2793 9875 398 9875 2794 9875 2794 9876 398 9876 399 9876 2794 9877 399 9877 2795 9877 2795 9878 399 9878 401 9878 2795 9879 401 9879 2801 9879 401 9880 404 9880 2801 9880 2801 9881 404 9881 403 9881 2801 9882 403 9882 2802 9882 2802 9883 403 9883 407 9883 2802 9884 407 9884 2803 9884 407 9885 406 9885 2803 9885 2803 9886 406 9886 410 9886 2803 9887 410 9887 2804 9887 2804 9888 410 9888 409 9888 2804 9889 409 9889 2805 9889 2805 9890 409 9890 415 9890 2805 9891 415 9891 2827 9891 415 9892 414 9892 2827 9892 2827 9893 414 9893 412 9893 2827 9894 412 9894 2829 9894 2829 9895 412 9895 411 9895 2829 9896 411 9896 2830 9896 2830 9897 411 9897 416 9897 2830 9898 416 9898 2835 9898 422 9899 2807 9899 423 9899 423 9900 2807 9900 2817 9900 423 9901 2817 9901 420 9901 420 9902 2817 9902 2835 9902 420 9903 2835 9903 418 9903 418 9904 2835 9904 416 9904 443 9905 445 9905 2808 9905 2808 9906 445 9906 2833 9906 428 9907 426 9907 2816 9907 236 9908 2836 9908 426 9908 426 9909 2836 9909 2818 9909 426 9910 2818 9910 2816 9910 428 9911 2816 9911 430 9911 430 9912 2816 9912 2815 9912 430 9913 2815 9913 431 9913 431 9914 2815 9914 2834 9914 431 9915 2834 9915 433 9915 433 9916 2834 9916 435 9916 435 9917 2834 9917 2809 9917 435 9918 2809 9918 436 9918 436 9919 2809 9919 2831 9919 436 9920 2831 9920 438 9920 438 9921 2831 9921 2832 9921 438 9922 2832 9922 439 9922 2833 9923 445 9923 2832 9923 2832 9924 445 9924 446 9924 2832 9925 446 9925 439 9925 443 9926 2808 9926 441 9926 441 9927 2808 9927 2807 9927 441 9928 2807 9928 422 9928 234 9929 2828 9929 236 9929 236 9930 2828 9930 2836 9930 2828 9931 234 9931 2788 9931 2788 9932 234 9932 242 9932 2788 9933 242 9933 2789 9933 2789 9934 242 9934 247 9934 2789 9935 247 9935 2790 9935 2790 9936 247 9936 246 9936 2790 9937 246 9937 2791 9937 2791 9938 246 9938 2853 9938 2853 9939 246 9939 245 9939 232 9940 231 9940 2863 9940 238 9941 2854 9941 239 9941 239 9942 2854 9942 2853 9942 239 9943 2853 9943 245 9943 2863 9944 2866 9944 232 9944 232 9945 2866 9945 2858 9945 232 9946 2858 9946 227 9946 2858 9947 2860 9947 227 9947 227 9948 2860 9948 2856 9948 227 9949 2856 9949 238 9949 238 9950 2856 9950 2846 9950 238 9951 2846 9951 2854 9951 2877 9952 2879 9952 223 9952 223 9953 2879 9953 221 9953 221 9954 2879 9954 218 9954 218 9955 2879 9955 2885 9955 218 9956 2885 9956 228 9956 228 9957 2885 9957 2874 9957 228 9958 2874 9958 229 9958 229 9959 2874 9959 2873 9959 229 9960 2873 9960 230 9960 230 9961 2873 9961 2863 9961 230 9962 2863 9962 231 9962 2889 9963 2877 9963 223 9963 223 9964 205 9964 2889 9964 2889 9965 205 9965 194 9965 2889 9966 194 9966 2894 9966 2894 9967 194 9967 196 9967 2894 9968 196 9968 2892 9968 2892 9969 196 9969 198 9969 2892 9970 198 9970 2897 9970 2897 9971 198 9971 2888 9971 2888 9972 198 9972 204 9972 2888 9973 204 9973 2900 9973 2900 9974 204 9974 2901 9974 2901 9975 204 9975 203 9975 2901 9976 203 9976 5494 9976 2713 9977 5494 9977 203 9977 2713 9978 203 9978 2714 9978 2714 9979 203 9979 201 9979 2714 9980 201 9980 200 9980 2714 9981 200 9981 2914 9981 2914 9982 200 9982 193 9982 189 9983 316 9983 2929 9983 2914 9984 193 9984 2915 9984 2915 9985 193 9985 191 9985 2929 9986 2931 9986 189 9986 189 9987 2931 9987 2921 9987 189 9988 2921 9988 187 9988 187 9989 2921 9989 2928 9989 187 9990 2928 9990 190 9990 2928 9991 2927 9991 190 9991 190 9992 2927 9992 2925 9992 190 9993 2925 9993 191 9993 191 9994 2925 9994 2916 9994 191 9995 2916 9995 2915 9995 2929 9996 316 9996 318 9996 2929 9997 318 9997 1732 9997 1732 9998 318 9998 1 9998 1732 9999 1 9999 0 9999 261 10000 1711 10000 258 10000 258 10001 1711 10001 1714 10001 258 10002 1714 10002 259 10002 259 10003 1714 10003 1716 10003 259 10004 1716 10004 257 10004 257 10005 1716 10005 1718 10005 257 10006 1718 10006 256 10006 256 10007 1718 10007 1720 10007 256 10008 1720 10008 254 10008 254 10009 1720 10009 1722 10009 1732 10010 0 10010 1734 10010 1734 10011 0 10011 248 10011 1734 10012 248 10012 1736 10012 1736 10013 248 10013 344 10013 1736 10014 344 10014 1730 10014 1730 10015 344 10015 250 10015 1730 10016 250 10016 1728 10016 1728 10017 250 10017 249 10017 1728 10018 249 10018 1726 10018 1726 10019 249 10019 254 10019 1726 10020 254 10020 1724 10020 1724 10021 254 10021 1722 10021 169 10022 2033 10022 167 10022 167 10023 2033 10023 1711 10023 167 10024 1711 10024 263 10024 263 10025 1711 10025 261 10025 2033 10026 169 10026 2031 10026 2031 10027 169 10027 170 10027 2031 10028 170 10028 2038 10028 2038 10029 170 10029 2036 10029 2036 10030 170 10030 163 10030 2036 10031 163 10031 2043 10031 2043 10032 163 10032 2041 10032 2041 10033 163 10033 164 10033 2041 10034 164 10034 2046 10034 2046 10035 164 10035 2047 10035 2047 10036 164 10036 166 10036 2047 10037 166 10037 5495 10037 172 10038 2067 10038 174 10038 174 10039 2067 10039 2066 10039 174 10040 2066 10040 175 10040 175 10041 2066 10041 2064 10041 175 10042 2064 10042 166 10042 166 10043 2064 10043 2062 10043 166 10044 2062 10044 5495 10044 2067 10045 172 10045 2012 10045 2012 10046 172 10046 171 10046 134 10047 141 10047 2029 10047 2012 10048 171 10048 2013 10048 2013 10049 171 10049 157 10049 134 10050 2029 10050 151 10050 151 10051 2029 10051 2027 10051 151 10052 2027 10052 154 10052 154 10053 2027 10053 2026 10053 154 10054 2026 10054 156 10054 2026 10055 2024 10055 156 10055 156 10056 2024 10056 2016 10056 156 10057 2016 10057 157 10057 157 10058 2016 10058 2014 10058 157 10059 2014 10059 2013 10059 115 10060 116 10060 1989 10060 1989 10061 2434 10061 115 10061 115 10062 2434 10062 2435 10062 115 10063 2435 10063 3 10063 3 10064 2435 10064 2447 10064 2447 10065 2449 10065 3 10065 3 10066 2449 10066 2451 10066 3 10067 2451 10067 4 10067 4 10068 2451 10068 2453 10068 4 10069 2453 10069 5 10069 5 10070 2453 10070 2439 10070 5 10071 2439 10071 143 10071 2029 10072 141 10072 2436 10072 2436 10073 141 10073 143 10073 2436 10074 143 10074 2441 10074 2441 10075 143 10075 2439 10075 1989 10076 116 10076 1987 10076 1987 10077 116 10077 117 10077 1987 10078 117 10078 1986 10078 1986 10079 117 10079 1992 10079 1992 10080 117 10080 118 10080 1992 10081 118 10081 1995 10081 1995 10082 118 10082 1983 10082 1983 10083 118 10083 114 10083 1983 10084 114 10084 1998 10084 114 10085 131 10085 1998 10085 1998 10086 131 10086 2073 10086 1998 10087 2073 10087 1999 10087 1999 10088 2073 10088 2072 10088 120 10089 119 10089 2071 10089 2073 10090 131 10090 130 10090 2071 10091 2080 10091 120 10091 120 10092 2080 10092 2082 10092 120 10093 2082 10093 122 10093 2082 10094 2084 10094 122 10094 122 10095 2084 10095 2086 10095 122 10096 2086 10096 124 10096 124 10097 2086 10097 2088 10097 124 10098 2088 10098 2091 10098 2093 10099 128 10099 2091 10099 2091 10100 128 10100 126 10100 2091 10101 126 10101 124 10101 2093 10102 2095 10102 128 10102 128 10103 2095 10103 2079 10103 128 10104 2079 10104 130 10104 130 10105 2079 10105 2074 10105 130 10106 2074 10106 2073 10106 2071 10107 119 10107 1962 10107 1962 10108 119 10108 110 10108 92 10109 90 10109 1979 10109 1962 10110 110 10110 1963 10110 1963 10111 110 10111 109 10111 1979 10112 1977 10112 92 10112 92 10113 1977 10113 1976 10113 92 10114 1976 10114 94 10114 1976 10115 1974 10115 94 10115 94 10116 1974 10116 1966 10116 94 10117 1966 10117 109 10117 109 10118 1966 10118 1964 10118 109 10119 1964 10119 1963 10119 103 10120 101 10120 1943 10120 1943 10121 2410 10121 103 10121 103 10122 2410 10122 2411 10122 103 10123 2411 10123 105 10123 105 10124 2411 10124 2423 10124 2423 10125 2425 10125 105 10125 105 10126 2425 10126 2427 10126 105 10127 2427 10127 107 10127 2427 10128 2429 10128 107 10128 107 10129 2429 10129 2415 10129 107 10130 2415 10130 108 10130 1979 10131 90 10131 2412 10131 2412 10132 90 10132 108 10132 2412 10133 108 10133 2417 10133 2417 10134 108 10134 2415 10134 74 10135 73 10135 1949 10135 1949 10136 1948 10136 74 10136 74 10137 1948 10137 1933 10137 74 10138 1933 10138 71 10138 1933 10139 1936 10139 71 10139 71 10140 1936 10140 1946 10140 71 10141 1946 10141 82 10141 82 10142 1946 10142 1939 10142 82 10143 1939 10143 83 10143 83 10144 1939 10144 1941 10144 83 10145 1941 10145 85 10145 85 10146 1941 10146 1943 10146 85 10147 1943 10147 101 10147 1949 10148 73 10148 2101 10148 2101 10149 73 10149 81 10149 78 10150 76 10150 2107 10150 2105 10151 2101 10151 81 10151 2107 10152 2106 10152 78 10152 78 10153 2106 10153 2105 10153 78 10154 2105 10154 80 10154 80 10155 2105 10155 81 10155 1919 10156 2103 10156 2107 10156 76 10157 75 10157 2107 10157 2107 10158 75 10158 1920 10158 2107 10159 1920 10159 1919 10159 68 10160 293 10160 1924 10160 1924 10161 1923 10161 68 10161 68 10162 1923 10162 1922 10162 68 10163 1922 10163 75 10163 75 10164 1922 10164 1911 10164 75 10165 1911 10165 1920 10165 295 10166 1905 10166 293 10166 293 10167 1905 10167 1928 10167 293 10168 1928 10168 1924 10168 1905 10169 295 10169 266 10169 1905 10170 266 10170 1760 10170 1760 10171 266 10171 267 10171 1760 10172 267 10172 270 10172 289 10173 288 10173 1739 10173 1739 10174 1742 10174 289 10174 289 10175 1742 10175 1744 10175 289 10176 1744 10176 284 10176 284 10177 1744 10177 1746 10177 284 10178 1746 10178 282 10178 282 10179 1746 10179 1748 10179 282 10180 1748 10180 280 10180 280 10181 1748 10181 1750 10181 1750 10182 1752 10182 280 10182 280 10183 1752 10183 1754 10183 280 10184 1754 10184 278 10184 278 10185 1754 10185 1756 10185 278 10186 1756 10186 268 10186 268 10187 1756 10187 1758 10187 268 10188 1758 10188 269 10188 1760 10189 270 10189 1762 10189 1762 10190 270 10190 269 10190 1762 10191 269 10191 1764 10191 1764 10192 269 10192 1758 10192 308 10193 306 10193 2937 10193 308 10194 2937 10194 287 10194 287 10195 2937 10195 1739 10195 287 10196 1739 10196 288 10196 300 10197 60 10197 2958 10197 2937 10198 306 10198 2947 10198 2947 10199 306 10199 304 10199 2958 10200 2957 10200 300 10200 300 10201 2957 10201 2944 10201 300 10202 2944 10202 301 10202 2944 10203 2954 10203 301 10203 301 10204 2954 10204 2949 10204 301 10205 2949 10205 302 10205 302 10206 2949 10206 2951 10206 302 10207 2951 10207 304 10207 304 10208 2951 10208 2945 10208 304 10209 2945 10209 2947 10209 2958 10210 60 10210 2710 10210 2710 10211 60 10211 59 10211 17 10212 19 10212 5496 10212 3021 10213 2704 10213 3022 10213 3022 10214 2704 10214 2703 10214 2996 10215 36 10215 3010 10215 3010 10216 36 10216 34 10216 33 10217 3013 10217 34 10217 34 10218 3013 10218 3015 10218 34 10219 3015 10219 3010 10219 5496 10220 2704 10220 17 10220 17 10221 2704 10221 3021 10221 17 10222 3021 10222 32 10222 32 10223 3021 10223 3009 10223 32 10224 3009 10224 33 10224 33 10225 3009 10225 3018 10225 33 10226 3018 10226 3013 10226 51 10227 5497 10227 2709 10227 51 10228 2709 10228 49 10228 49 10229 2709 10229 2710 10229 49 10230 2710 10230 59 10230 36 10231 2996 10231 2998 10231 36 10232 2998 10232 38 10232 38 10233 2998 10233 3006 10233 38 10234 3006 10234 40 10234 40 10235 3006 10235 2992 10235 40 10236 2992 10236 42 10236 42 10237 2992 10237 2991 10237 42 10238 2991 10238 43 10238 43 10239 2991 10239 2988 10239 43 10240 2988 10240 30 10240 54 10241 2967 10241 53 10241 53 10242 2967 10242 2975 10242 53 10243 2975 10243 51 10243 51 10244 2975 10244 2974 10244 51 10245 2974 10245 5497 10245 2986 10246 2978 10246 54 10246 54 10247 2978 10247 2981 10247 54 10248 2981 10248 2967 10248 30 10249 2988 10249 28 10249 28 10250 2988 10250 2984 10250 28 10251 2984 10251 45 10251 45 10252 2984 10252 2986 10252 45 10253 2986 10253 47 10253 47 10254 2986 10254 54 10254 1574 10255 10 10255 9 10255 1614 10256 1613 10256 88 10256 1612 10257 70 10257 1548 10257 1548 10258 70 10258 69 10258 1548 10259 69 10259 1613 10259 1613 10260 69 10260 84 10260 1613 10261 84 10261 88 10261 1610 10262 77 10262 1611 10262 1611 10263 77 10263 79 10263 1611 10264 79 10264 1612 10264 1612 10265 79 10265 72 10265 1612 10266 72 10266 70 10266 1609 10267 62 10267 1610 10267 1610 10268 62 10268 67 10268 1610 10269 67 10269 77 10269 1549 10270 56 10270 1609 10270 1609 10271 56 10271 64 10271 1609 10272 64 10272 62 10272 1606 10273 52 10273 1608 10273 1608 10274 52 10274 50 10274 1608 10275 50 10275 1549 10275 1549 10276 50 10276 58 10276 1549 10277 58 10277 56 10277 1607 10278 46 10278 1606 10278 1606 10279 46 10279 48 10279 1606 10280 48 10280 52 10280 1605 10281 23 10281 1607 10281 1607 10282 23 10282 44 10282 1607 10283 44 10283 46 10283 1574 10284 9 10284 1561 10284 1561 10285 9 10285 12 10285 1561 10286 12 10286 1604 10286 1604 10287 12 10287 20 10287 1604 10288 20 10288 1550 10288 1550 10289 20 10289 18 10289 1550 10290 18 10290 1605 10290 1605 10291 18 10291 8 10291 1605 10292 8 10292 23 10292 1631 10293 241 10293 1544 10293 1544 10294 241 10294 243 10294 1544 10295 243 10295 1579 10295 1579 10296 243 10296 244 10296 1579 10297 244 10297 1581 10297 213 10298 211 10298 1629 10298 1629 10299 211 10299 226 10299 1629 10300 226 10300 1631 10300 1631 10301 226 10301 240 10301 1631 10302 240 10302 241 10302 213 10303 1629 10303 209 10303 209 10304 1629 10304 1630 10304 209 10305 1630 10305 195 10305 195 10306 1630 10306 197 10306 197 10307 1630 10307 1628 10307 197 10308 1628 10308 199 10308 199 10309 1628 10309 1545 10309 199 10310 1545 10310 202 10310 202 10311 1545 10311 192 10311 192 10312 1545 10312 1627 10312 192 10313 1627 10313 185 10313 185 10314 1627 10314 178 10314 178 10315 1627 10315 1625 10315 178 10316 1625 10316 180 10316 180 10317 1625 10317 161 10317 161 10318 1625 10318 1626 10318 161 10319 1626 10319 165 10319 165 10320 1626 10320 1624 10320 165 10321 1624 10321 176 10321 176 10322 1624 10322 173 10322 173 10323 1624 10323 1623 10323 173 10324 1623 10324 158 10324 158 10325 1623 10325 1622 10325 158 10326 1622 10326 155 10326 155 10327 1622 10327 1621 10327 155 10328 1621 10328 153 10328 1546 10329 136 10329 1621 10329 1621 10330 136 10330 149 10330 1621 10331 149 10331 153 10331 1618 10332 129 10332 1619 10332 1619 10333 129 10333 113 10333 1619 10334 113 10334 1620 10334 1620 10335 113 10335 112 10335 1620 10336 112 10336 1546 10336 1546 10337 112 10337 138 10337 1546 10338 138 10338 136 10338 88 10339 97 10339 1614 10339 1614 10340 97 10340 95 10340 1614 10341 95 10341 1615 10341 1615 10342 95 10342 111 10342 1615 10343 111 10343 1616 10343 1616 10344 111 10344 121 10344 1616 10345 121 10345 1547 10345 1547 10346 121 10346 123 10346 1547 10347 123 10347 1617 10347 1617 10348 123 10348 125 10348 1617 10349 125 10349 1618 10349 1618 10350 125 10350 127 10350 1618 10351 127 10351 129 10351 5307 10352 1584 10352 5300 10352 5300 10353 1584 10353 1583 10353 5300 10354 1583 10354 5301 10354 5301 10355 1583 10355 1582 10355 5301 10356 1582 10356 5303 10356 5303 10357 1582 10357 1586 10357 5303 10358 1586 10358 5304 10358 5304 10359 1586 10359 1585 10359 5304 10360 1585 10360 5287 10360 5287 10361 1585 10361 5295 10361 5295 10362 1585 10362 1591 10362 5295 10363 1591 10363 5296 10363 5296 10364 1591 10364 1590 10364 5296 10365 1590 10365 5298 10365 5298 10366 1590 10366 1589 10366 5298 10367 1589 10367 5299 10367 5299 10368 1589 10368 5293 10368 5293 10369 1589 10369 1588 10369 5293 10370 1588 10370 5294 10370 5294 10371 1588 10371 1587 10371 5294 10372 1587 10372 5290 10372 5290 10373 1587 10373 5288 10373 5288 10374 1587 10374 1581 10374 5288 10375 1581 10375 244 10375 5316 10376 5315 10376 1565 10376 10 10377 1574 10377 5329 10377 5329 10378 1574 10378 1572 10378 5329 10379 1572 10379 5330 10379 5330 10380 1572 10380 1571 10380 5330 10381 1571 10381 5326 10381 5326 10382 1571 10382 1564 10382 5326 10383 1564 10383 5327 10383 5327 10384 1564 10384 1563 10384 5313 10385 5319 10385 1567 10385 1567 10386 5319 10386 5318 10386 1567 10387 5318 10387 1570 10387 1570 10388 5318 10388 5324 10388 1570 10389 5324 10389 1562 10389 1562 10390 5324 10390 5323 10390 1562 10391 5323 10391 1563 10391 1563 10392 5323 10392 5321 10392 1563 10393 5321 10393 5327 10393 5313 10394 1567 10394 5315 10394 5315 10395 1567 10395 1566 10395 5315 10396 1566 10396 1565 10396 5316 10397 1565 10397 5310 10397 5310 10398 1565 10398 1568 10398 5310 10399 1568 10399 5308 10399 1560 10400 5371 10400 1573 10400 1573 10401 5371 10401 5377 10401 1573 10402 5377 10402 1569 10402 1569 10403 5377 10403 5308 10403 1569 10404 5308 10404 1568 10404 1556 10405 5366 10405 1557 10405 1557 10406 5366 10406 5376 10406 1557 10407 5376 10407 1558 10407 1558 10408 5376 10408 5375 10408 1558 10409 5375 10409 1559 10409 1559 10410 5375 10410 5374 10410 1559 10411 5374 10411 1560 10411 1560 10412 5374 10412 5372 10412 1560 10413 5372 10413 5371 10413 5358 10414 5369 10414 1554 10414 1554 10415 5369 10415 1555 10415 1555 10416 5369 10416 5368 10416 1555 10417 5368 10417 1556 10417 1556 10418 5368 10418 5367 10418 1556 10419 5367 10419 5366 10419 5358 10420 1554 10420 5356 10420 5356 10421 1554 10421 1553 10421 5356 10422 1553 10422 5354 10422 5354 10423 1553 10423 1552 10423 5354 10424 1552 10424 5352 10424 5352 10425 1552 10425 1551 10425 5352 10426 1551 10426 5359 10426 5359 10427 1551 10427 1603 10427 5359 10428 1603 10428 5360 10428 5360 10429 1603 10429 1602 10429 5360 10430 1602 10430 5362 10430 1599 10431 5363 10431 1598 10431 1598 10432 5363 10432 5362 10432 1598 10433 5362 10433 1601 10433 1601 10434 5362 10434 1602 10434 5341 10435 5343 10435 1597 10435 1597 10436 5343 10436 5345 10436 1597 10437 5345 10437 1593 10437 1593 10438 5345 10438 5351 10438 1593 10439 5351 10439 1594 10439 1594 10440 5351 10440 5350 10440 1594 10441 5350 10441 1600 10441 1600 10442 5350 10442 5347 10442 1600 10443 5347 10443 1599 10443 1599 10444 5347 10444 5346 10444 1599 10445 5346 10445 5363 10445 1576 10446 5335 10446 1595 10446 1595 10447 5335 10447 5341 10447 1595 10448 5341 10448 1596 10448 1596 10449 5341 10449 1597 10449 1592 10450 1584 10450 5307 10450 5307 10451 5331 10451 1592 10451 1592 10452 5331 10452 5333 10452 1592 10453 5333 10453 1577 10453 1577 10454 5333 10454 5340 10454 1577 10455 5340 10455 1578 10455 1578 10456 5340 10456 5339 10456 1578 10457 5339 10457 1575 10457 1575 10458 5339 10458 5338 10458 1575 10459 5338 10459 1576 10459 1576 10460 5338 10460 5336 10460 1576 10461 5336 10461 5335 10461 5493 10462 2707 10462 2705 10462 5496 10463 19 10463 21 10463 2705 10464 2704 10464 5496 10464 5496 10465 21 10465 2705 10465 2705 10466 21 10466 22 10466 2705 10467 22 10467 5493 10467 5498 10468 2004 10468 2000 10468 2076 10469 2000 10469 2072 10469 2072 10470 2000 10470 1999 10470 2076 10471 2075 10471 2000 10471 2000 10472 2075 10472 5499 10472 2000 10473 5499 10473 5498 10473 2003 10474 5500 10474 5501 10474 5502 10475 1991 10475 1990 10475 5503 10476 5502 10476 5504 10476 2249 10477 5505 10477 2251 10477 2251 10478 5505 10478 5506 10478 5502 10479 1990 10479 5504 10479 5504 10480 1990 10480 1988 10480 5504 10481 1988 10481 5507 10481 5507 10482 1988 10482 1985 10482 5507 10483 1985 10483 5508 10483 5509 10484 2247 10484 5506 10484 5506 10485 2247 10485 2252 10485 5506 10486 2252 10486 2251 10486 5510 10487 2244 10487 5509 10487 5509 10488 2244 10488 2245 10488 5509 10489 2245 10489 2247 10489 1985 10490 1984 10490 5508 10490 5508 10491 1984 10491 1994 10491 5508 10492 1994 10492 5511 10492 5511 10493 1994 10493 1993 10493 5511 10494 1993 10494 5512 10494 5513 10495 2241 10495 5510 10495 5510 10496 2241 10496 2243 10496 5510 10497 2243 10497 2244 10497 5514 10498 2237 10498 5513 10498 5513 10499 2237 10499 2236 10499 5513 10500 2236 10500 2241 10500 5515 10501 2240 10501 5514 10501 5514 10502 2240 10502 2239 10502 5514 10503 2239 10503 2237 10503 1993 10504 1997 10504 5512 10504 5512 10505 1997 10505 1996 10505 5512 10506 1996 10506 5516 10506 5516 10507 1996 10507 1982 10507 5516 10508 1982 10508 5501 10508 5501 10509 1982 10509 1981 10509 5501 10510 1981 10510 2003 10510 2249 10511 5503 10511 5505 10511 5505 10512 5503 10512 5504 10512 5505 10513 5504 10513 5506 10513 5506 10514 5504 10514 5507 10514 5506 10515 5507 10515 5509 10515 5509 10516 5507 10516 5508 10516 5509 10517 5508 10517 5510 10517 5510 10518 5508 10518 5511 10518 5510 10519 5511 10519 5513 10519 5513 10520 5511 10520 5512 10520 5513 10521 5512 10521 5514 10521 5514 10522 5512 10522 5516 10522 5514 10523 5516 10523 5515 10523 5515 10524 5516 10524 5501 10524 5515 10525 5501 10525 5517 10525 5517 10526 5501 10526 5500 10526 5517 10527 5500 10527 5518 10527 2228 10528 2230 10528 5518 10528 5518 10529 2230 10529 2232 10529 5518 10530 2232 10530 5517 10530 5517 10531 2232 10531 2235 10531 5517 10532 2235 10532 5515 10532 5515 10533 2235 10533 2234 10533 5515 10534 2234 10534 2240 10534 2002 10535 2001 10535 5519 10535 5519 10536 2001 10536 5520 10536 5519 10537 5520 10537 5521 10537 2003 10538 2002 10538 5500 10538 5500 10539 2002 10539 5519 10539 5500 10540 5519 10540 5518 10540 5518 10541 5519 10541 5521 10541 5518 10542 5521 10542 2228 10542 2228 10543 5521 10543 2229 10543 2075 10544 2229 10544 5499 10544 5499 10545 2229 10545 5521 10545 5499 10546 5521 10546 5498 10546 5498 10547 5521 10547 5520 10547 5498 10548 5520 10548 2004 10548 2004 10549 5520 10549 2001 10549 2248 10550 2253 10550 5522 10550 2255 10551 2256 10551 5523 10551 5524 10552 2445 10552 5525 10552 5525 10553 2445 10553 2433 10553 5525 10554 2433 10554 2432 10554 2256 10555 2258 10555 5523 10555 5523 10556 2258 10556 5526 10556 5523 10557 5526 10557 5527 10557 2432 10558 2444 10558 5525 10558 5525 10559 2444 10559 5528 10559 5525 10560 5528 10560 5522 10560 2253 10561 2255 10561 5522 10561 5522 10562 2255 10562 5523 10562 5522 10563 5523 10563 5525 10563 5525 10564 5523 10564 5527 10564 5525 10565 5527 10565 5524 10565 2444 10566 1991 10566 5528 10566 5528 10567 1991 10567 5502 10567 5528 10568 5502 10568 5522 10568 5522 10569 5502 10569 5503 10569 5522 10570 5503 10570 2248 10570 2248 10571 5503 10571 2249 10571 5529 10572 2445 10572 5530 10572 5526 10573 2258 10573 3880 10573 3872 10574 5531 10574 3878 10574 3867 10575 1852 10575 5532 10575 3867 10576 5532 10576 3872 10576 3878 10577 5531 10577 3879 10577 3879 10578 5531 10578 5530 10578 3879 10579 5530 10579 3880 10579 3880 10580 5530 10580 5533 10580 3880 10581 5533 10581 5526 10581 2445 10582 5524 10582 5533 10582 5533 10583 5524 10583 5527 10583 5533 10584 5527 10584 5526 10584 5530 10585 2445 10585 5533 10585 3872 10586 5532 10586 5531 10586 5531 10587 5532 10587 5534 10587 5531 10588 5534 10588 5530 10588 5530 10589 5534 10589 5535 10589 5530 10590 5535 10590 5529 10590 5532 10591 1852 10591 1850 10591 5532 10592 1850 10592 5534 10592 5536 10593 5529 10593 5537 10593 5537 10594 5529 10594 5535 10594 5535 10595 5534 10595 5537 10595 5537 10596 5534 10596 1850 10596 5537 10597 1850 10597 5538 10597 5538 10598 1850 10598 1849 10598 5538 10599 1849 10599 5539 10599 5539 10600 1849 10600 1846 10600 5539 10601 1846 10601 5540 10601 5540 10602 1846 10602 1824 10602 5540 10603 1824 10603 5541 10603 5536 10604 5537 10604 5542 10604 5542 10605 5537 10605 5538 10605 5542 10606 5538 10606 5543 10606 5543 10607 5538 10607 5539 10607 5543 10608 5539 10608 5544 10608 5544 10609 5539 10609 5540 10609 5544 10610 5540 10610 5545 10610 5545 10611 5540 10611 5541 10611 5545 10612 5541 10612 5546 10612 2445 10613 5529 10613 2446 10613 2446 10614 5529 10614 5536 10614 2446 10615 5536 10615 2448 10615 2448 10616 5536 10616 5542 10616 2448 10617 5542 10617 2450 10617 2450 10618 5542 10618 5543 10618 2450 10619 5543 10619 2452 10619 2452 10620 5543 10620 5544 10620 2452 10621 5544 10621 2454 10621 2454 10622 5544 10622 5545 10622 2454 10623 5545 10623 2455 10623 2455 10624 5545 10624 5546 10624 2455 10625 5546 10625 2440 10625 1837 10626 1836 10626 5547 10626 5547 10627 1836 10627 5548 10627 5547 10628 5548 10628 5549 10628 1835 10629 1853 10629 5550 10629 1836 10630 1835 10630 5548 10630 5548 10631 1835 10631 5550 10631 5548 10632 5550 10632 5549 10632 5549 10633 5550 10633 5551 10633 5549 10634 5551 10634 5552 10634 5553 10635 2442 10635 2440 10635 1824 10636 1837 10636 5541 10636 5541 10637 1837 10637 5547 10637 5541 10638 5547 10638 5546 10638 5546 10639 5547 10639 5549 10639 5546 10640 5549 10640 2440 10640 2440 10641 5549 10641 5552 10641 2440 10642 5552 10642 5553 10642 5495 10643 2062 10643 2060 10643 5495 10644 2060 10644 2047 10644 2047 10645 2060 10645 2048 10645 2048 10646 2060 10646 2059 10646 2048 10647 2059 10647 5554 10647 5554 10648 5555 10648 2048 10648 2048 10649 5555 10649 5556 10649 2048 10650 5556 10650 2052 10650 3745 10651 3744 10651 5557 10651 5557 10652 3744 10652 3748 10652 5558 10653 1853 10653 5559 10653 5551 10654 5550 10654 5558 10654 5558 10655 5550 10655 1853 10655 5551 10656 5558 10656 5552 10656 5552 10657 5558 10657 5557 10657 5552 10658 5557 10658 5553 10658 5553 10659 5557 10659 3748 10659 5553 10660 3748 10660 2442 10660 2116 10661 3745 10661 5560 10661 5560 10662 3745 10662 5557 10662 5560 10663 5557 10663 5561 10663 5561 10664 5557 10664 5558 10664 5561 10665 5558 10665 5562 10665 5562 10666 5558 10666 5559 10666 2152 10667 2151 10667 5563 10667 2155 10668 2154 10668 5564 10668 2042 10669 2051 10669 5565 10669 2037 10670 2045 10670 5566 10670 5567 10671 2163 10671 2162 10671 5568 10672 5569 10672 5570 10672 2040 10673 5571 10673 2032 10673 2032 10674 5571 10674 5570 10674 2032 10675 5570 10675 2034 10675 2034 10676 5570 10676 5569 10676 2034 10677 5569 10677 2035 10677 5572 10678 5568 10678 5573 10678 5573 10679 5568 10679 5570 10679 5573 10680 5570 10680 5574 10680 5574 10681 5570 10681 5571 10681 5574 10682 5571 10682 5575 10682 2162 10683 5572 10683 5567 10683 5567 10684 5572 10684 5573 10684 5567 10685 5573 10685 5576 10685 5576 10686 5573 10686 5574 10686 5576 10687 5574 10687 5577 10687 5577 10688 5574 10688 5575 10688 5577 10689 5575 10689 5578 10689 2112 10690 2158 10690 5578 10690 5578 10691 2158 10691 2157 10691 5578 10692 2157 10692 5577 10692 5577 10693 2157 10693 2161 10693 5577 10694 2161 10694 5576 10694 5576 10695 2161 10695 2160 10695 5576 10696 2160 10696 5567 10696 5567 10697 2160 10697 2164 10697 5567 10698 2164 10698 2163 10698 2153 10699 2112 10699 5579 10699 5579 10700 2112 10700 5578 10700 5579 10701 5578 10701 5580 10701 5580 10702 5578 10702 5575 10702 5580 10703 5575 10703 5581 10703 5581 10704 5575 10704 5571 10704 5581 10705 5571 10705 2039 10705 2039 10706 5571 10706 2040 10706 2154 10707 2153 10707 5564 10707 5564 10708 2153 10708 5579 10708 5564 10709 5579 10709 5582 10709 5582 10710 5579 10710 5580 10710 5582 10711 5580 10711 5566 10711 5566 10712 5580 10712 5581 10712 5566 10713 5581 10713 2037 10713 2037 10714 5581 10714 2039 10714 2045 10715 2044 10715 5566 10715 5566 10716 2044 10716 5583 10716 5566 10717 5583 10717 5582 10717 5582 10718 5583 10718 5584 10718 5582 10719 5584 10719 5564 10719 5564 10720 5584 10720 5563 10720 5564 10721 5563 10721 2155 10721 2155 10722 5563 10722 2151 10722 2050 10723 2049 10723 5585 10723 5585 10724 2049 10724 5586 10724 5585 10725 5586 10725 5587 10725 2051 10726 2050 10726 5565 10726 5565 10727 2050 10727 5585 10727 5565 10728 5585 10728 5588 10728 5588 10729 5585 10729 5587 10729 5588 10730 5587 10730 5589 10730 2148 10731 2152 10731 5589 10731 5589 10732 2152 10732 5563 10732 5589 10733 5563 10733 5588 10733 5588 10734 5563 10734 5584 10734 5588 10735 5584 10735 5565 10735 5565 10736 5584 10736 5583 10736 5565 10737 5583 10737 2042 10737 2042 10738 5583 10738 2044 10738 2059 10739 2148 10739 5554 10739 5554 10740 2148 10740 5589 10740 5554 10741 5589 10741 5555 10741 5555 10742 5589 10742 5587 10742 5555 10743 5587 10743 5556 10743 5556 10744 5587 10744 5586 10744 5556 10745 5586 10745 2052 10745 2052 10746 5586 10746 2049 10746 5560 10747 5561 10747 5590 10747 5562 10748 5559 10748 5591 10748 5559 10749 1853 10749 5591 10749 5591 10750 1853 10750 1855 10750 5591 10751 1855 10751 5592 10751 5592 10752 1855 10752 1859 10752 5592 10753 1859 10753 5593 10753 1856 10754 5594 10754 1857 10754 1857 10755 5594 10755 5595 10755 1857 10756 5595 10756 1858 10756 5561 10757 5562 10757 5590 10757 5590 10758 5562 10758 5591 10758 5590 10759 5591 10759 5596 10759 5596 10760 5591 10760 5592 10760 5596 10761 5592 10761 5597 10761 5597 10762 5592 10762 5593 10762 5597 10763 5593 10763 5598 10763 1859 10764 1858 10764 5593 10764 5593 10765 1858 10765 5595 10765 5593 10766 5595 10766 5598 10766 5598 10767 5595 10767 5594 10767 5598 10768 5594 10768 5599 10768 5597 10769 2186 10769 5596 10769 5596 10770 2186 10770 2185 10770 5596 10771 2185 10771 5590 10771 5590 10772 2185 10772 2184 10772 5590 10773 2184 10773 5560 10773 5560 10774 2184 10774 2117 10774 5560 10775 2117 10775 2116 10775 2170 10776 2189 10776 5598 10776 5598 10777 2189 10777 2188 10777 5598 10778 2188 10778 5597 10778 5597 10779 2188 10779 2187 10779 5597 10780 2187 10780 2186 10780 2171 10781 2170 10781 5600 10781 5600 10782 2170 10782 5598 10782 5600 10783 5598 10783 5601 10783 5601 10784 5598 10784 5599 10784 2055 10785 2054 10785 5602 10785 5602 10786 2054 10786 5603 10786 5604 10787 5605 10787 5606 10787 5606 10788 5605 10788 5607 10788 5606 10789 5607 10789 5608 10789 5608 10790 5607 10790 5609 10790 5609 10791 5607 10791 5610 10791 5609 10792 5610 10792 5611 10792 5611 10793 5610 10793 2172 10793 5611 10794 2172 10794 2171 10794 2053 10795 5605 10795 2054 10795 2054 10796 5605 10796 5604 10796 2054 10797 5604 10797 5603 10797 2165 10798 2167 10798 5612 10798 5612 10799 2167 10799 2169 10799 2053 10800 5613 10800 5605 10800 5605 10801 5613 10801 5614 10801 5605 10802 5614 10802 5607 10802 5607 10803 5614 10803 5612 10803 5607 10804 5612 10804 5610 10804 5610 10805 5612 10805 2169 10805 5610 10806 2169 10806 2172 10806 2162 10807 2165 10807 5572 10807 5572 10808 2165 10808 5612 10808 5572 10809 5612 10809 5568 10809 5568 10810 5612 10810 5614 10810 5568 10811 5614 10811 5569 10811 5569 10812 5614 10812 5613 10812 5569 10813 5613 10813 2035 10813 2035 10814 5613 10814 2053 10814 5601 10815 5599 10815 5615 10815 5615 10816 5599 10816 5594 10816 5616 10817 5600 10817 5601 10817 5604 10818 5606 10818 5617 10818 5617 10819 5606 10819 5608 10819 5617 10820 5608 10820 5618 10820 5618 10821 5608 10821 5609 10821 5618 10822 5609 10822 5616 10822 5616 10823 5609 10823 5611 10823 5616 10824 5611 10824 5600 10824 5600 10825 5611 10825 2171 10825 5619 10826 5602 10826 5603 10826 2055 10827 5602 10827 5620 10827 5620 10828 5602 10828 5619 10828 5620 10829 5619 10829 5621 10829 5621 10830 5619 10830 5622 10830 5621 10831 5622 10831 5623 10831 5623 10832 5622 10832 5624 10832 5624 10833 5622 10833 5615 10833 5624 10834 5615 10834 5625 10834 5625 10835 5615 10835 5594 10835 5625 10836 5594 10836 1856 10836 5601 10837 5615 10837 5616 10837 5616 10838 5615 10838 5622 10838 5616 10839 5622 10839 5618 10839 5618 10840 5622 10840 5619 10840 5618 10841 5619 10841 5617 10841 5617 10842 5619 10842 5603 10842 5617 10843 5603 10843 5604 10843 2055 10844 5620 10844 1712 10844 1712 10845 5620 10845 5626 10845 5620 10846 5621 10846 5626 10846 5626 10847 5621 10847 5623 10847 5626 10848 5623 10848 5627 10848 1856 10849 1854 10849 5625 10849 5625 10850 1854 10850 5627 10850 5625 10851 5627 10851 5624 10851 5624 10852 5627 10852 5623 10852 5627 10853 1854 10853 5628 10853 5628 10854 1854 10854 1823 10854 5628 10855 1823 10855 5629 10855 5629 10856 1823 10856 1822 10856 5629 10857 1822 10857 5630 10857 5630 10858 1822 10858 1842 10858 5630 10859 1842 10859 5631 10859 5631 10860 1842 10860 1844 10860 5631 10861 1844 10861 5632 10861 5632 10862 1844 10862 1845 10862 5632 10863 1845 10863 5633 10863 5633 10864 1845 10864 1781 10864 5633 10865 1781 10865 5634 10865 5634 10866 1781 10866 1780 10866 5634 10867 1780 10867 5635 10867 5635 10868 1780 10868 1800 10868 5635 10869 1800 10869 5636 10869 5636 10870 1800 10870 1799 10870 5636 10871 1799 10871 5637 10871 5637 10872 1799 10872 1798 10872 5637 10873 1798 10873 5638 10873 5638 10874 1798 10874 1797 10874 5638 10875 1797 10875 5639 10875 5639 10876 1797 10876 1821 10876 5639 10877 1821 10877 5640 10877 5640 10878 1821 10878 1820 10878 5640 10879 1820 10879 5641 10879 5641 10880 1820 10880 1802 10880 5626 10881 5627 10881 5642 10881 5642 10882 5627 10882 5628 10882 5642 10883 5628 10883 5643 10883 5643 10884 5628 10884 5629 10884 5643 10885 5629 10885 5644 10885 5644 10886 5629 10886 5630 10886 5644 10887 5630 10887 5645 10887 5645 10888 5630 10888 5631 10888 5645 10889 5631 10889 5646 10889 5646 10890 5631 10890 5632 10890 5646 10891 5632 10891 5647 10891 5647 10892 5632 10892 5633 10892 5647 10893 5633 10893 5648 10893 5648 10894 5633 10894 5634 10894 5648 10895 5634 10895 5649 10895 5649 10896 5634 10896 5635 10896 5649 10897 5635 10897 5650 10897 5650 10898 5635 10898 5636 10898 5650 10899 5636 10899 5651 10899 5651 10900 5636 10900 5637 10900 5651 10901 5637 10901 5652 10901 5652 10902 5637 10902 5638 10902 5652 10903 5638 10903 5653 10903 5653 10904 5638 10904 5639 10904 5653 10905 5639 10905 5654 10905 5654 10906 5639 10906 5640 10906 5654 10907 5640 10907 5655 10907 5655 10908 5640 10908 5641 10908 1712 10909 5626 10909 1713 10909 1713 10910 5626 10910 5642 10910 1713 10911 5642 10911 1715 10911 1715 10912 5642 10912 5643 10912 1715 10913 5643 10913 1717 10913 1717 10914 5643 10914 5644 10914 1717 10915 5644 10915 1719 10915 1719 10916 5644 10916 5645 10916 1719 10917 5645 10917 1721 10917 1721 10918 5645 10918 5646 10918 1721 10919 5646 10919 1723 10919 1723 10920 5646 10920 5647 10920 1723 10921 5647 10921 1725 10921 1725 10922 5647 10922 5648 10922 1725 10923 5648 10923 1727 10923 1727 10924 5648 10924 5649 10924 1727 10925 5649 10925 1729 10925 1729 10926 5649 10926 5650 10926 1729 10927 5650 10927 1738 10927 1738 10928 5650 10928 5651 10928 1738 10929 5651 10929 1737 10929 1737 10930 5651 10930 5652 10930 1737 10931 5652 10931 1735 10931 1735 10932 5652 10932 5653 10932 1735 10933 5653 10933 1733 10933 1733 10934 5653 10934 5654 10934 1733 10935 5654 10935 1731 10935 1731 10936 5654 10936 5655 10936 2109 10937 2103 10937 1919 10937 1919 10938 1918 10938 2109 10938 2109 10939 1918 10939 1917 10939 2109 10940 1917 10940 5656 10940 5656 10941 5657 10941 2109 10941 2109 10942 5657 10942 5658 10942 2109 10943 5658 10943 2110 10943 5655 10944 5659 10944 1731 10944 1731 10945 5659 10945 5660 10945 1731 10946 5660 10946 2936 10946 1802 10947 1801 10947 5641 10947 5641 10948 1801 10948 5661 10948 5641 10949 5661 10949 5655 10949 5655 10950 5661 10950 5662 10950 5655 10951 5662 10951 5659 10951 5494 10952 2713 10952 2712 10952 2718 10953 2902 10953 2712 10953 2712 10954 2902 10954 2901 10954 2712 10955 2901 10955 5494 10955 2718 10956 5663 10956 2902 10956 2902 10957 5663 10957 5664 10957 2902 10958 5664 10958 2906 10958 1929 10959 1927 10959 5665 10959 5656 10960 1917 10960 1916 10960 5657 10961 5656 10961 5666 10961 2110 10962 5667 10962 2389 10962 2389 10963 5667 10963 5668 10963 2389 10964 5668 10964 2332 10964 2332 10965 5668 10965 2333 10965 2333 10966 5668 10966 5669 10966 2333 10967 5669 10967 2388 10967 2388 10968 5669 10968 5670 10968 2388 10969 5670 10969 2383 10969 2383 10970 5670 10970 2384 10970 2384 10971 5670 10971 5671 10971 2384 10972 5671 10972 2386 10972 5656 10973 1916 10973 5666 10973 5666 10974 1916 10974 1914 10974 5666 10975 1914 10975 5672 10975 5672 10976 1914 10976 1913 10976 5672 10977 1913 10977 5673 10977 5673 10978 1913 10978 1912 10978 5673 10979 1912 10979 5674 10979 5674 10980 1912 10980 1910 10980 5674 10981 1910 10981 5675 10981 5675 10982 1910 10982 1909 10982 5675 10983 1909 10983 5676 10983 2386 10984 5671 10984 2387 10984 2387 10985 5671 10985 5677 10985 2387 10986 5677 10986 2381 10986 5678 10987 5679 10987 5676 10987 5676 10988 5679 10988 5680 10988 5676 10989 5680 10989 5675 10989 5675 10990 5680 10990 5681 10990 5675 10991 5681 10991 5674 10991 5674 10992 5681 10992 5682 10992 5674 10993 5682 10993 5673 10993 5673 10994 5682 10994 5683 10994 5673 10995 5683 10995 5672 10995 5672 10996 5683 10996 5684 10996 5672 10997 5684 10997 5666 10997 5666 10998 5684 10998 5685 10998 5666 10999 5685 10999 5657 10999 5657 11000 5685 11000 5658 11000 5679 11001 5686 11001 5680 11001 5680 11002 5686 11002 5677 11002 5680 11003 5677 11003 5681 11003 5681 11004 5677 11004 5671 11004 5681 11005 5671 11005 5682 11005 5682 11006 5671 11006 5670 11006 5682 11007 5670 11007 5683 11007 5683 11008 5670 11008 5669 11008 5683 11009 5669 11009 5684 11009 5684 11010 5669 11010 5668 11010 5684 11011 5668 11011 5685 11011 5685 11012 5668 11012 5667 11012 5685 11013 5667 11013 5658 11013 5658 11014 5667 11014 2110 11014 1909 11015 1921 11015 5676 11015 5676 11016 1921 11016 1926 11016 5676 11017 1926 11017 5678 11017 5678 11018 1926 11018 1925 11018 5678 11019 1925 11019 1930 11019 2375 11020 2379 11020 5686 11020 5686 11021 2379 11021 2378 11021 5686 11022 2378 11022 5677 11022 5677 11023 2378 11023 2382 11023 5677 11024 2382 11024 2381 11024 2375 11025 5686 11025 5687 11025 5687 11026 5686 11026 5679 11026 5687 11027 5679 11027 5688 11027 5688 11028 5679 11028 5678 11028 5688 11029 5678 11029 5689 11029 5689 11030 5678 11030 1930 11030 5689 11031 1930 11031 1929 11031 5690 11032 2365 11032 2376 11032 1929 11033 5665 11033 5689 11033 5689 11034 5665 11034 5691 11034 5689 11035 5691 11035 5688 11035 5688 11036 5691 11036 5690 11036 5688 11037 5690 11037 5687 11037 5687 11038 5690 11038 2376 11038 5687 11039 2376 11039 2375 11039 2366 11040 2365 11040 5692 11040 5692 11041 2365 11041 5690 11041 5692 11042 5690 11042 5693 11042 5693 11043 5690 11043 5691 11043 5693 11044 5691 11044 5694 11044 5694 11045 5691 11045 5665 11045 5694 11046 5665 11046 1904 11046 1904 11047 5665 11047 1927 11047 5695 11048 5696 11048 5697 11048 5659 11049 5662 11049 5698 11049 1801 11050 5699 11050 5698 11050 2936 11051 5660 11051 3631 11051 3631 11052 5660 11052 5700 11052 3631 11053 5700 11053 3633 11053 3633 11054 5700 11054 5701 11054 3633 11055 5701 11055 3635 11055 3635 11056 5701 11056 3637 11056 3637 11057 5701 11057 5697 11057 3637 11058 5697 11058 3638 11058 3638 11059 5697 11059 5696 11059 3638 11060 5696 11060 2720 11060 5662 11061 5661 11061 5698 11061 5698 11062 5661 11062 1801 11062 5702 11063 5703 11063 5704 11063 5704 11064 5703 11064 1801 11064 5699 11065 1801 11065 5703 11065 5702 11066 5695 11066 5703 11066 5703 11067 5695 11067 5697 11067 5703 11068 5697 11068 5699 11068 5699 11069 5697 11069 5701 11069 5699 11070 5701 11070 5698 11070 5698 11071 5701 11071 5700 11071 5698 11072 5700 11072 5659 11072 5659 11073 5700 11073 5660 11073 2750 11074 2752 11074 5705 11074 2887 11075 2886 11075 5706 11075 5707 11076 2775 11076 2774 11076 5708 11077 2878 11077 2891 11077 5709 11078 5708 11078 5710 11078 5708 11079 2891 11079 5710 11079 5710 11080 2891 11080 2890 11080 5710 11081 2890 11081 5711 11081 2775 11082 5707 11082 2770 11082 2770 11083 5707 11083 5712 11083 2770 11084 5712 11084 2769 11084 5713 11085 2766 11085 5712 11085 5712 11086 2766 11086 2767 11086 5712 11087 2767 11087 2769 11087 2890 11088 2896 11088 5711 11088 5711 11089 2896 11089 2895 11089 5711 11090 2895 11090 5714 11090 5714 11091 2895 11091 2893 11091 5714 11092 2893 11092 5715 11092 5716 11093 2760 11093 5717 11093 5717 11094 2760 11094 2759 11094 5717 11095 2759 11095 5713 11095 5713 11096 2759 11096 2764 11096 5713 11097 2764 11097 2766 11097 2887 11098 5706 11098 2898 11098 2774 11099 5709 11099 5707 11099 5707 11100 5709 11100 5710 11100 5707 11101 5710 11101 5712 11101 5712 11102 5710 11102 5711 11102 5712 11103 5711 11103 5713 11103 5713 11104 5711 11104 5714 11104 5713 11105 5714 11105 5717 11105 5717 11106 5714 11106 5715 11106 5717 11107 5715 11107 5716 11107 5716 11108 5715 11108 5718 11108 5716 11109 5718 11109 5719 11109 2757 11110 2755 11110 5719 11110 5719 11111 2755 11111 2763 11111 5719 11112 2763 11112 5716 11112 5716 11113 2763 11113 2762 11113 5716 11114 2762 11114 2760 11114 5720 11115 2753 11115 2758 11115 2893 11116 2899 11116 5715 11116 5715 11117 2899 11117 2898 11117 5715 11118 2898 11118 5718 11118 5718 11119 2898 11119 5706 11119 5718 11120 5706 11120 5719 11120 5719 11121 5706 11121 5720 11121 5719 11122 5720 11122 2757 11122 2757 11123 5720 11123 2758 11123 2752 11124 2753 11124 5705 11124 5705 11125 2753 11125 5720 11125 5705 11126 5720 11126 5721 11126 5721 11127 5720 11127 5706 11127 5721 11128 5706 11128 2905 11128 2905 11129 5706 11129 2886 11129 2904 11130 2903 11130 5722 11130 5722 11131 2903 11131 5723 11131 5722 11132 5723 11132 5724 11132 2905 11133 2904 11133 5721 11133 5721 11134 2904 11134 5722 11134 5721 11135 5722 11135 5705 11135 5705 11136 5722 11136 5724 11136 5705 11137 5724 11137 2750 11137 2750 11138 5724 11138 2751 11138 2718 11139 2751 11139 5663 11139 5663 11140 2751 11140 5724 11140 5663 11141 5724 11141 5664 11141 5664 11142 5724 11142 5723 11142 5664 11143 5723 11143 2906 11143 2906 11144 5723 11144 2903 11144 5693 11145 5694 11145 5725 11145 5726 11146 5727 11146 5728 11146 5728 11147 5727 11147 5729 11147 5728 11148 5729 11148 5692 11148 5692 11149 5729 11149 2366 11149 2373 11150 2372 11150 5727 11150 5727 11151 2372 11151 2370 11151 5727 11152 2370 11152 5729 11152 5729 11153 2370 11153 2368 11153 5729 11154 2368 11154 2366 11154 1908 11155 5730 11155 1907 11155 1907 11156 5730 11156 5725 11156 1907 11157 5725 11157 1906 11157 1906 11158 5725 11158 5694 11158 1906 11159 5694 11159 1904 11159 1908 11160 5731 11160 5730 11160 5730 11161 5731 11161 5726 11161 5730 11162 5726 11162 5725 11162 5725 11163 5726 11163 5728 11163 5725 11164 5728 11164 5693 11164 5693 11165 5728 11165 5692 11165 5731 11166 5732 11166 5726 11166 5726 11167 5732 11167 5733 11167 5726 11168 5733 11168 5727 11168 5727 11169 5733 11169 5734 11169 5727 11170 5734 11170 2373 11170 2373 11171 5734 11171 5735 11171 2373 11172 5735 11172 2401 11172 5696 11173 5695 11173 5736 11173 5702 11174 5704 11174 5737 11174 1819 11175 5738 11175 1804 11175 1804 11176 5738 11176 5739 11176 1804 11177 5739 11177 1803 11177 1803 11178 5739 11178 5737 11178 1803 11179 5737 11179 1801 11179 1801 11180 5737 11180 5704 11180 5738 11181 5740 11181 5739 11181 5739 11182 5740 11182 5741 11182 5739 11183 5741 11183 5737 11183 5737 11184 5741 11184 5736 11184 5737 11185 5736 11185 5702 11185 5702 11186 5736 11186 5695 11186 2721 11187 2720 11187 5696 11187 2721 11188 5696 11188 2784 11188 2784 11189 5696 11189 5736 11189 2784 11190 5736 11190 2785 11190 2785 11191 5736 11191 5741 11191 2785 11192 5741 11192 2786 11192 5740 11193 5742 11193 5741 11193 5741 11194 5742 11194 5743 11194 5741 11195 5743 11195 2786 11195 2786 11196 5743 11196 5744 11196 2786 11197 5744 11197 2779 11197 2779 11198 5744 11198 2780 11198 5708 11199 5709 11199 5745 11199 2870 11200 2869 11200 5746 11200 5746 11201 2869 11201 5747 11201 5746 11202 5747 11202 5748 11202 2778 11203 2780 11203 5749 11203 2869 11204 2881 11204 5747 11204 5747 11205 2881 11205 2880 11205 5747 11206 2880 11206 5750 11206 5750 11207 2880 11207 2878 11207 2878 11208 5708 11208 5750 11208 5750 11209 5708 11209 5745 11209 5750 11210 5745 11210 5747 11210 5747 11211 5745 11211 5751 11211 5747 11212 5751 11212 5748 11212 5748 11213 5751 11213 5749 11213 2778 11214 5749 11214 2776 11214 2776 11215 5749 11215 5751 11215 2776 11216 5751 11216 2771 11216 2771 11217 5751 11217 5745 11217 2771 11218 5745 11218 2772 11218 2772 11219 5745 11219 5709 11219 2772 11220 5709 11220 2774 11220 5752 11221 5753 11221 1908 11221 3818 11222 5754 11222 5755 11222 3818 11223 5755 11223 1791 11223 5756 11224 5757 11224 5754 11224 5754 11225 5757 11225 5758 11225 5754 11226 5758 11226 5755 11226 3820 11227 2401 11227 5759 11227 5759 11228 2401 11228 5735 11228 5759 11229 5735 11229 5734 11229 3818 11230 3820 11230 5754 11230 5754 11231 3820 11231 5759 11231 5754 11232 5759 11232 5756 11232 5756 11233 5759 11233 5734 11233 5756 11234 5734 11234 5733 11234 5760 11235 5761 11235 5757 11235 5757 11236 5761 11236 5762 11236 5757 11237 5762 11237 5758 11237 5733 11238 5732 11238 5756 11238 5756 11239 5732 11239 5753 11239 5756 11240 5753 11240 5757 11240 5757 11241 5753 11241 5752 11241 5757 11242 5752 11242 5760 11242 5760 11243 5752 11243 1908 11243 5732 11244 5731 11244 5753 11244 5753 11245 5731 11245 1908 11245 5738 11246 1819 11246 5763 11246 5764 11247 5765 11247 5766 11247 5767 11248 5768 11248 5766 11248 5766 11249 5768 11249 5769 11249 5766 11250 5769 11250 5764 11250 5767 11251 5766 11251 5770 11251 5770 11252 5766 11252 5771 11252 5770 11253 5771 11253 5763 11253 5763 11254 5771 11254 5740 11254 5763 11255 5740 11255 5738 11255 5765 11256 5744 11256 5766 11256 5766 11257 5744 11257 5743 11257 5766 11258 5743 11258 5771 11258 5771 11259 5743 11259 5742 11259 5771 11260 5742 11260 5740 11260 2870 11261 5746 11261 5764 11261 5764 11262 5746 11262 5748 11262 5764 11263 5748 11263 5765 11263 5765 11264 5748 11264 5749 11264 5765 11265 5749 11265 5744 11265 5744 11266 5749 11266 2780 11266 1908 11267 1759 11267 5760 11267 5760 11268 1759 11268 5772 11268 5760 11269 5772 11269 5761 11269 5761 11270 5772 11270 5762 11270 5762 11271 5772 11271 5773 11271 5762 11272 5773 11272 5758 11272 5758 11273 5773 11273 5755 11273 5755 11274 5773 11274 1789 11274 5755 11275 1789 11275 1791 11275 5774 11276 5775 11276 5776 11276 5763 11277 1819 11277 1776 11277 5775 11278 5767 11278 5776 11278 5776 11279 5767 11279 5770 11279 5776 11280 5770 11280 5763 11280 5764 11281 5769 11281 5775 11281 5775 11282 5769 11282 5768 11282 5775 11283 5768 11283 5767 11283 2870 11284 5764 11284 2871 11284 2871 11285 5764 11285 5775 11285 2871 11286 5775 11286 2884 11286 2884 11287 5775 11287 5774 11287 2884 11288 5774 11288 2883 11288 1776 11289 1778 11289 5777 11289 5777 11290 1778 11290 5778 11290 5777 11291 5778 11291 5779 11291 1769 11292 1768 11292 5780 11292 1778 11293 1769 11293 5778 11293 5778 11294 1769 11294 5780 11294 5778 11295 5780 11295 5779 11295 5779 11296 5780 11296 5781 11296 5779 11297 5781 11297 5782 11297 5783 11298 2882 11298 2883 11298 5763 11299 1776 11299 5776 11299 5776 11300 1776 11300 5777 11300 5776 11301 5777 11301 5774 11301 5774 11302 5777 11302 5779 11302 5774 11303 5779 11303 2883 11303 2883 11304 5779 11304 5782 11304 2883 11305 5782 11305 5783 11305 5784 11306 3027 11306 3023 11306 2706 11307 3023 11307 2703 11307 2703 11308 3023 11308 3022 11308 2706 11309 2547 11309 3023 11309 3023 11310 2547 11310 5785 11310 3023 11311 5785 11311 5784 11311 5786 11312 1827 11312 5787 11312 5787 11313 1827 11313 1787 11313 5787 11314 1787 11314 5788 11314 5788 11315 1787 11315 1786 11315 5788 11316 1786 11316 5789 11316 5789 11317 1786 11317 1784 11317 5789 11318 1784 11318 5790 11318 5790 11319 1784 11319 1783 11319 5790 11320 1783 11320 5791 11320 5791 11321 1783 11321 1812 11321 5791 11322 1812 11322 5792 11322 5792 11323 1812 11323 1811 11323 5792 11324 1811 11324 5793 11324 5793 11325 1811 11325 1810 11325 5793 11326 1810 11326 5794 11326 5794 11327 1810 11327 1809 11327 5794 11328 1809 11328 5795 11328 5795 11329 1809 11329 1808 11329 5795 11330 1808 11330 5796 11330 5796 11331 1808 11331 1807 11331 5796 11332 1807 11332 5797 11332 5797 11333 1807 11333 1806 11333 5797 11334 1806 11334 5798 11334 5798 11335 1806 11335 1805 11335 5798 11336 1805 11336 5799 11336 5799 11337 1805 11337 1788 11337 5799 11338 1788 11338 5773 11338 5773 11339 1788 11339 1789 11339 5800 11340 5786 11340 5801 11340 5801 11341 5786 11341 5787 11341 5801 11342 5787 11342 5802 11342 5802 11343 5787 11343 5788 11343 5802 11344 5788 11344 5803 11344 5803 11345 5788 11345 5789 11345 5803 11346 5789 11346 5804 11346 5804 11347 5789 11347 5790 11347 5804 11348 5790 11348 5805 11348 5805 11349 5790 11349 5791 11349 5805 11350 5791 11350 5806 11350 5806 11351 5791 11351 5792 11351 5806 11352 5792 11352 5807 11352 5807 11353 5792 11353 5793 11353 5807 11354 5793 11354 5808 11354 5808 11355 5793 11355 5794 11355 5808 11356 5794 11356 5809 11356 5809 11357 5794 11357 5795 11357 5809 11358 5795 11358 5810 11358 5810 11359 5795 11359 5796 11359 5810 11360 5796 11360 5811 11360 5811 11361 5796 11361 5797 11361 5811 11362 5797 11362 5812 11362 5812 11363 5797 11363 5798 11363 5812 11364 5798 11364 5813 11364 5813 11365 5798 11365 5799 11365 5813 11366 5799 11366 5772 11366 5772 11367 5799 11367 5773 11367 1740 11368 5800 11368 1741 11368 1741 11369 5800 11369 5801 11369 1741 11370 5801 11370 1743 11370 1743 11371 5801 11371 5802 11371 1743 11372 5802 11372 1745 11372 1745 11373 5802 11373 5803 11373 1745 11374 5803 11374 1747 11374 1747 11375 5803 11375 5804 11375 1747 11376 5804 11376 1749 11376 1749 11377 5804 11377 5805 11377 1749 11378 5805 11378 1751 11378 1751 11379 5805 11379 5806 11379 1751 11380 5806 11380 1753 11380 1753 11381 5806 11381 5807 11381 1753 11382 5807 11382 1755 11382 1755 11383 5807 11383 5808 11383 1755 11384 5808 11384 1757 11384 1757 11385 5808 11385 5809 11385 1757 11386 5809 11386 1766 11386 1766 11387 5809 11387 5810 11387 1766 11388 5810 11388 1765 11388 1765 11389 5810 11389 5811 11389 1765 11390 5811 11390 1763 11390 1763 11391 5811 11391 5812 11391 1763 11392 5812 11392 1761 11392 1761 11393 5812 11393 5813 11393 1761 11394 5813 11394 1759 11394 1759 11395 5813 11395 5772 11395 5814 11396 3711 11396 3716 11396 3711 11397 5814 11397 3712 11397 3712 11398 5814 11398 5815 11398 3712 11399 5815 11399 2605 11399 1768 11400 5816 11400 5780 11400 5780 11401 5816 11401 5781 11401 5781 11402 5816 11402 5782 11402 5782 11403 5816 11403 5814 11403 5782 11404 5814 11404 5783 11404 5783 11405 5814 11405 3716 11405 5783 11406 3716 11406 2882 11406 1768 11407 5817 11407 5816 11407 5816 11408 5817 11408 5818 11408 5816 11409 5818 11409 5814 11409 5814 11410 5818 11410 5819 11410 5814 11411 5819 11411 5815 11411 5820 11412 2574 11412 2573 11412 5821 11413 2997 11413 3012 11413 5822 11414 5821 11414 5823 11414 5821 11415 3012 11415 5823 11415 5823 11416 3012 11416 3011 11416 5823 11417 3011 11417 5824 11417 2574 11418 5820 11418 2569 11418 2569 11419 5820 11419 5825 11419 2569 11420 5825 11420 2568 11420 2568 11421 5825 11421 2566 11421 2566 11422 5825 11422 5826 11422 2566 11423 5826 11423 2565 11423 3011 11424 3017 11424 5824 11424 5824 11425 3017 11425 3016 11425 5824 11426 3016 11426 5827 11426 5827 11427 3016 11427 3014 11427 5827 11428 3014 11428 5828 11428 5828 11429 3014 11429 3020 11429 5828 11430 3020 11430 3019 11430 5829 11431 2559 11431 5830 11431 5830 11432 2559 11432 2558 11432 5830 11433 2558 11433 5826 11433 5826 11434 2558 11434 2563 11434 5826 11435 2563 11435 2565 11435 3008 11436 5831 11436 3019 11436 3019 11437 5831 11437 5832 11437 3019 11438 5832 11438 5828 11438 5833 11439 2562 11439 5829 11439 5829 11440 2562 11440 2561 11440 5829 11441 2561 11441 2559 11441 3008 11442 3007 11442 5831 11442 5831 11443 3007 11443 3026 11443 5831 11444 3026 11444 5834 11444 2573 11445 5822 11445 5820 11445 5820 11446 5822 11446 5823 11446 5820 11447 5823 11447 5825 11447 5825 11448 5823 11448 5824 11448 5825 11449 5824 11449 5826 11449 5826 11450 5824 11450 5827 11450 5826 11451 5827 11451 5830 11451 5830 11452 5827 11452 5828 11452 5830 11453 5828 11453 5829 11453 5829 11454 5828 11454 5832 11454 5829 11455 5832 11455 5833 11455 5833 11456 5832 11456 5831 11456 5833 11457 5831 11457 5835 11457 5835 11458 5831 11458 5834 11458 5835 11459 5834 11459 5836 11459 2551 11460 2552 11460 5836 11460 5836 11461 2552 11461 2554 11461 5836 11462 2554 11462 5835 11462 5835 11463 2554 11463 2557 11463 5835 11464 2557 11464 5833 11464 5833 11465 2557 11465 2556 11465 5833 11466 2556 11466 2562 11466 3025 11467 3024 11467 5837 11467 5837 11468 3024 11468 5838 11468 5837 11469 5838 11469 5839 11469 3026 11470 3025 11470 5834 11470 5834 11471 3025 11471 5837 11471 5834 11472 5837 11472 5836 11472 5836 11473 5837 11473 5839 11473 5836 11474 5839 11474 2551 11474 2551 11475 5839 11475 2549 11475 2547 11476 2549 11476 5785 11476 5785 11477 2549 11477 5839 11477 5785 11478 5839 11478 5784 11478 5784 11479 5839 11479 5838 11479 5784 11480 5838 11480 3027 11480 3027 11481 5838 11481 3024 11481 2941 11482 5840 11482 1740 11482 1740 11483 5840 11483 5800 11483 5840 11484 5841 11484 5800 11484 5800 11485 5841 11485 5842 11485 5800 11486 5842 11486 5786 11486 5786 11487 5842 11487 5843 11487 5786 11488 5843 11488 1827 11488 1827 11489 5843 11489 1825 11489 2630 11490 2629 11490 5844 11490 2628 11491 2627 11491 5845 11491 2626 11492 2625 11492 5846 11492 2457 11493 2456 11493 5847 11493 2619 11494 2615 11494 5848 11494 2614 11495 2613 11495 5849 11495 2612 11496 2611 11496 5850 11496 5815 11497 5819 11497 5851 11497 5852 11498 5853 11498 5845 11498 1793 11499 1792 11499 5854 11499 1814 11500 1813 11500 5855 11500 5818 11501 5817 11501 5856 11501 5856 11502 5817 11502 1768 11502 1814 11503 5853 11503 1815 11503 1815 11504 5853 11504 5852 11504 1815 11505 5852 11505 1838 11505 5819 11506 5818 11506 5851 11506 5851 11507 5818 11507 5856 11507 5851 11508 5856 11508 5857 11508 1813 11509 1793 11509 5858 11509 5858 11510 1793 11510 5854 11510 5858 11511 5854 11511 5859 11511 5859 11512 5854 11512 5860 11512 2610 11513 2609 11513 5857 11513 5857 11514 2609 11514 2608 11514 5857 11515 2608 11515 5851 11515 5851 11516 2608 11516 2607 11516 5851 11517 2607 11517 5815 11517 5815 11518 2607 11518 2606 11518 5815 11519 2606 11519 2605 11519 2611 11520 2610 11520 5850 11520 5850 11521 2610 11521 5857 11521 5850 11522 5857 11522 5861 11522 5861 11523 5857 11523 5856 11523 5861 11524 5856 11524 1767 11524 1767 11525 5856 11525 1768 11525 2613 11526 2612 11526 5849 11526 5849 11527 2612 11527 5850 11527 5849 11528 5850 11528 5862 11528 5862 11529 5850 11529 5861 11529 5862 11530 5861 11530 1830 11530 1830 11531 5861 11531 1767 11531 2615 11532 2614 11532 5848 11532 5848 11533 2614 11533 5849 11533 5848 11534 5849 11534 5863 11534 5863 11535 5849 11535 5862 11535 5863 11536 5862 11536 1831 11536 1831 11537 5862 11537 1830 11537 2456 11538 2619 11538 5847 11538 5847 11539 2619 11539 5848 11539 5847 11540 5848 11540 5864 11540 5864 11541 5848 11541 5863 11541 5864 11542 5863 11542 1832 11542 1832 11543 5863 11543 1831 11543 1832 11544 1839 11544 5864 11544 5864 11545 1839 11545 5865 11545 5864 11546 5865 11546 5847 11546 5847 11547 5865 11547 5846 11547 5847 11548 5846 11548 2457 11548 2457 11549 5846 11549 2625 11549 1839 11550 1838 11550 5865 11550 5865 11551 1838 11551 5852 11551 5865 11552 5852 11552 5846 11552 5846 11553 5852 11553 5845 11553 5846 11554 5845 11554 2626 11554 2626 11555 5845 11555 2627 11555 1814 11556 5855 11556 5853 11556 5853 11557 5855 11557 5844 11557 5853 11558 5844 11558 5845 11558 5845 11559 5844 11559 2629 11559 5845 11560 2629 11560 2628 11560 1813 11561 5858 11561 5855 11561 5855 11562 5858 11562 5859 11562 5855 11563 5859 11563 5844 11563 5844 11564 5859 11564 2631 11564 5844 11565 2631 11565 2630 11565 5860 11566 5866 11566 5859 11566 5859 11567 5866 11567 5867 11567 5859 11568 5867 11568 2631 11568 2631 11569 5867 11569 5868 11569 2631 11570 5868 11570 2578 11570 2578 11571 5868 11571 2579 11571 5869 11572 5870 11572 5871 11572 5871 11573 2994 11573 2993 11573 5872 11574 2575 11574 2577 11574 5870 11575 5869 11575 5873 11575 5873 11576 5869 11576 5872 11576 5873 11577 5872 11577 5874 11577 5874 11578 5872 11578 2577 11578 5874 11579 2577 11579 2579 11579 5871 11580 2993 11580 5869 11580 5869 11581 2993 11581 3000 11581 5869 11582 3000 11582 2999 11582 5875 11583 2571 11583 2570 11583 2999 11584 5876 11584 5869 11584 5869 11585 5876 11585 5875 11585 5869 11586 5875 11586 5872 11586 5872 11587 5875 11587 2570 11587 5872 11588 2570 11588 2575 11588 2573 11589 2571 11589 5822 11589 5822 11590 2571 11590 5875 11590 5822 11591 5875 11591 5821 11591 5821 11592 5875 11592 5876 11592 5821 11593 5876 11593 2997 11593 2997 11594 5876 11594 2999 11594 5841 11595 5840 11595 5877 11595 5878 11596 5879 11596 5880 11596 1825 11597 5881 11597 5880 11597 5882 11598 5883 11598 2665 11598 2665 11599 5883 11599 3647 11599 3647 11600 5883 11600 3645 11600 3645 11601 5883 11601 5884 11601 3645 11602 5884 11602 3644 11602 3644 11603 5884 11603 5877 11603 3644 11604 5877 11604 3642 11604 3642 11605 5877 11605 3640 11605 3640 11606 5877 11606 5840 11606 3640 11607 5840 11607 2941 11607 5879 11608 5885 11608 5880 11608 5880 11609 5885 11609 1825 11609 5842 11610 5886 11610 5843 11610 5843 11611 5886 11611 1825 11611 5881 11612 1825 11612 5886 11612 5842 11613 5841 11613 5886 11613 5886 11614 5841 11614 5877 11614 5886 11615 5877 11615 5881 11615 5881 11616 5877 11616 5884 11616 5881 11617 5884 11617 5880 11617 5880 11618 5884 11618 5883 11618 5880 11619 5883 11619 5878 11619 5878 11620 5883 11620 5882 11620 5871 11621 5887 11621 2994 11621 2994 11622 5887 11622 5888 11622 5889 11623 5890 11623 5891 11623 5891 11624 5890 11624 5892 11624 5866 11625 5860 11625 5893 11625 5893 11626 5860 11626 5854 11626 5893 11627 5854 11627 1792 11627 5893 11628 5889 11628 5866 11628 5866 11629 5889 11629 5891 11629 5866 11630 5891 11630 5867 11630 5867 11631 5891 11631 5868 11631 2579 11632 5868 11632 5874 11632 5874 11633 5868 11633 5891 11633 5874 11634 5891 11634 5887 11634 5887 11635 5891 11635 5892 11635 5887 11636 5892 11636 5888 11636 5871 11637 5870 11637 5887 11637 5887 11638 5870 11638 5873 11638 5887 11639 5873 11639 5874 11639 5894 11640 5895 11640 5896 11640 1826 11641 5897 11641 1828 11641 1828 11642 5897 11642 5896 11642 1828 11643 5896 11643 1829 11643 1829 11644 5896 11644 5895 11644 5898 11645 5899 11645 5900 11645 5900 11646 5899 11646 5901 11646 5897 11647 5902 11647 5896 11647 5896 11648 5902 11648 5900 11648 5896 11649 5900 11649 5894 11649 5894 11650 5900 11650 5901 11650 2698 11651 2668 11651 5898 11651 2698 11652 5898 11652 2699 11652 2699 11653 5898 11653 5900 11653 2699 11654 5900 11654 2700 11654 2700 11655 5900 11655 5902 11655 2700 11656 5902 11656 2701 11656 2665 11657 2664 11657 5882 11657 5882 11658 2664 11658 2701 11658 5882 11659 2701 11659 5878 11659 5878 11660 2701 11660 5902 11660 5878 11661 5902 11661 5879 11661 5879 11662 5902 11662 5897 11662 5879 11663 5897 11663 5885 11663 5885 11664 5897 11664 1826 11664 5885 11665 1826 11665 1825 11665 5903 11666 5904 11666 5905 11666 5893 11667 1792 11667 1771 11667 5888 11668 5892 11668 5904 11668 5904 11669 5892 11669 5890 11669 5904 11670 5890 11670 5905 11670 5905 11671 5890 11671 5889 11671 5905 11672 5889 11672 5893 11672 2994 11673 5888 11673 2995 11673 2995 11674 5888 11674 5904 11674 2995 11675 5904 11675 3005 11675 3005 11676 5904 11676 5903 11676 3005 11677 5903 11677 3004 11677 5906 11678 5907 11678 5908 11678 1829 11679 5909 11679 1785 11679 1785 11680 5909 11680 5907 11680 1785 11681 5907 11681 1770 11681 1770 11682 5907 11682 5906 11682 1770 11683 5906 11683 1771 11683 5910 11684 5911 11684 5908 11684 5909 11685 5912 11685 5907 11685 5907 11686 5912 11686 5913 11686 5907 11687 5913 11687 5908 11687 5908 11688 5913 11688 5914 11688 5908 11689 5914 11689 5910 11689 5893 11690 1771 11690 5905 11690 5905 11691 1771 11691 5906 11691 5905 11692 5906 11692 5903 11692 5903 11693 5906 11693 5908 11693 5903 11694 5908 11694 3004 11694 3004 11695 5908 11695 5911 11695 3004 11696 5911 11696 3003 11696 5915 11697 3003 11697 5911 11697 5915 11698 5911 11698 5916 11698 5917 11699 5918 11699 5916 11699 2668 11700 5918 11700 5898 11700 5898 11701 5918 11701 5917 11701 5898 11702 5917 11702 5899 11702 5899 11703 5917 11703 5919 11703 5899 11704 5919 11704 5901 11704 5901 11705 5919 11705 5920 11705 5901 11706 5920 11706 5894 11706 5894 11707 5920 11707 5895 11707 1829 11708 5895 11708 5909 11708 5909 11709 5895 11709 5920 11709 5909 11710 5920 11710 5912 11710 5912 11711 5920 11711 5919 11711 5912 11712 5919 11712 5913 11712 5916 11713 5911 11713 5917 11713 5917 11714 5911 11714 5910 11714 5917 11715 5910 11715 5919 11715 5919 11716 5910 11716 5914 11716 5919 11717 5914 11717 5913 11717 2667 11718 2673 11718 5921 11718 2668 11719 2667 11719 5918 11719 5918 11720 2667 11720 5921 11720 5918 11721 5921 11721 5916 11721 5922 11722 5923 11722 5921 11722 5921 11723 5923 11723 5915 11723 5921 11724 5915 11724 5916 11724 2672 11725 2670 11725 5924 11725 5924 11726 2670 11726 2669 11726 5924 11727 2669 11727 5925 11727 2673 11728 2672 11728 5921 11728 5921 11729 2672 11729 5924 11729 5921 11730 5924 11730 5922 11730 5922 11731 5924 11731 5925 11731 5922 11732 5925 11732 5926 11732 3003 11733 5915 11733 2990 11733 2990 11734 5915 11734 5923 11734 2990 11735 5923 11735 3002 11735 3002 11736 5923 11736 5922 11736 3002 11737 5922 11737 3001 11737 3001 11738 5922 11738 5926 11738 3001 11739 5926 11739 2989 11739 2633 11740 2632 11740 5927 11740 2976 11741 2985 11741 5928 11741 5929 11742 5930 11742 5931 11742 2693 11743 5932 11743 2691 11743 2691 11744 5932 11744 5933 11744 2691 11745 5933 11745 2692 11745 2692 11746 5933 11746 5934 11746 5935 11747 2694 11747 5934 11747 5934 11748 2694 11748 2695 11748 5934 11749 2695 11749 2692 11749 2969 11750 5936 11750 2970 11750 2970 11751 5936 11751 5937 11751 2970 11752 5937 11752 2971 11752 2971 11753 5937 11753 5938 11753 2971 11754 5938 11754 2973 11754 2973 11755 5938 11755 5931 11755 2973 11756 5931 11756 2972 11756 2972 11757 5931 11757 5930 11757 2972 11758 5930 11758 2965 11758 5939 11759 2687 11759 5935 11759 5935 11760 2687 11760 2686 11760 5935 11761 2686 11761 2694 11761 2968 11762 5940 11762 2969 11762 2969 11763 5940 11763 5941 11763 2969 11764 5941 11764 5936 11764 5942 11765 2690 11765 5939 11765 5939 11766 2690 11766 2689 11766 5939 11767 2689 11767 2687 11767 2968 11768 2980 11768 5940 11768 5940 11769 2980 11769 2979 11769 5940 11770 2979 11770 5943 11770 2693 11771 5929 11771 5932 11771 5932 11772 5929 11772 5931 11772 5932 11773 5931 11773 5933 11773 5933 11774 5931 11774 5938 11774 5933 11775 5938 11775 5934 11775 5934 11776 5938 11776 5937 11776 5934 11777 5937 11777 5935 11777 5935 11778 5937 11778 5936 11778 5935 11779 5936 11779 5939 11779 5939 11780 5936 11780 5941 11780 5939 11781 5941 11781 5942 11781 5942 11782 5941 11782 5940 11782 5942 11783 5940 11783 5944 11783 5944 11784 5940 11784 5943 11784 5944 11785 5943 11785 5945 11785 2681 11786 2682 11786 5945 11786 5945 11787 2682 11787 2678 11787 5945 11788 2678 11788 5944 11788 5944 11789 2678 11789 2677 11789 5944 11790 2677 11790 5942 11790 5942 11791 2677 11791 2685 11791 5942 11792 2685 11792 2690 11792 2632 11793 2681 11793 5927 11793 5927 11794 2681 11794 5945 11794 5927 11795 5945 11795 5946 11795 5946 11796 5945 11796 5943 11796 5946 11797 5943 11797 2977 11797 2977 11798 5943 11798 2979 11798 2977 11799 2976 11799 5946 11799 5946 11800 2976 11800 5928 11800 5946 11801 5928 11801 5927 11801 5927 11802 5928 11802 5947 11802 5927 11803 5947 11803 2633 11803 2676 11804 2675 11804 5947 11804 5947 11805 2675 11805 2674 11805 5947 11806 2674 11806 2633 11806 2982 11807 2987 11807 5948 11807 5948 11808 2987 11808 2989 11808 5948 11809 2989 11809 5926 11809 2983 11810 2982 11810 5949 11810 5949 11811 2982 11811 5948 11811 5949 11812 5948 11812 5950 11812 5950 11813 5948 11813 5926 11813 5950 11814 5926 11814 5925 11814 2985 11815 2983 11815 5928 11815 5928 11816 2983 11816 5949 11816 5928 11817 5949 11817 5947 11817 5947 11818 5949 11818 5950 11818 5947 11819 5950 11819 2676 11819 2676 11820 5950 11820 5925 11820 2676 11821 5925 11821 2669 11821 5929 11822 2693 11822 2708 11822 5497 11823 2974 11823 2966 11823 5497 11824 2966 11824 2709 11824 5929 11825 2708 11825 5930 11825 2709 11826 2966 11826 2708 11826 2708 11827 2966 11827 2965 11827 2708 11828 2965 11828 5930 11828 5951 11829 788 11829 1211 11829 5951 11830 1211 11830 5952 11830 787 11831 5953 11831 1125 11831 1125 11832 5953 11832 5952 11832 1125 11833 5952 11833 1126 11833 1126 11834 5952 11834 1211 11834 787 11835 786 11835 5953 11835 5953 11836 786 11836 784 11836 5953 11837 784 11837 5954 11837 784 11838 783 11838 5954 11838 5954 11839 783 11839 1128 11839 5954 11840 1128 11840 5955 11840 5955 11841 1128 11841 1127 11841 5955 11842 1127 11842 1130 11842 1130 11843 1131 11843 5955 11843 5955 11844 1131 11844 781 11844 5955 11845 781 11845 5956 11845 1132 11846 5957 11846 1133 11846 1133 11847 5957 11847 5956 11847 1133 11848 5956 11848 780 11848 780 11849 5956 11849 781 11849 1132 11850 1136 11850 5957 11850 5957 11851 1136 11851 1137 11851 5957 11852 1137 11852 5958 11852 1143 11853 5959 11853 1139 11853 1139 11854 5959 11854 5958 11854 1139 11855 5958 11855 1140 11855 1140 11856 5958 11856 1137 11856 1143 11857 1142 11857 5959 11857 5959 11858 1142 11858 1218 11858 5959 11859 1218 11859 5960 11859 1218 11860 1148 11860 5960 11860 5960 11861 1148 11861 1147 11861 5960 11862 1147 11862 5961 11862 1144 11863 5962 11863 1145 11863 1145 11864 5962 11864 5961 11864 1145 11865 5961 11865 1146 11865 1146 11866 5961 11866 1147 11866 1144 11867 1179 11867 5962 11867 5962 11868 1179 11868 778 11868 5962 11869 778 11869 5963 11869 778 11870 777 11870 5963 11870 5963 11871 777 11871 1149 11871 5963 11872 1149 11872 5964 11872 5964 11873 1149 11873 1150 11873 5964 11874 1150 11874 1151 11874 1151 11875 1152 11875 5964 11875 5964 11876 1152 11876 775 11876 5964 11877 775 11877 5965 11877 1153 11878 5966 11878 1154 11878 1154 11879 5966 11879 5965 11879 1154 11880 5965 11880 774 11880 774 11881 5965 11881 775 11881 1153 11882 1157 11882 5966 11882 5966 11883 1157 11883 1267 11883 5966 11884 1267 11884 5967 11884 1267 11885 1160 11885 5967 11885 5967 11886 1160 11886 1159 11886 5967 11887 1159 11887 5968 11887 773 11888 5969 11888 1161 11888 1161 11889 5969 11889 5968 11889 1161 11890 5968 11890 1162 11890 1162 11891 5968 11891 1159 11891 773 11892 772 11892 5969 11892 5969 11893 772 11893 770 11893 5969 11894 770 11894 5970 11894 1163 11895 5971 11895 1164 11895 1164 11896 5971 11896 5970 11896 1164 11897 5970 11897 769 11897 769 11898 5970 11898 770 11898 1163 11899 1221 11899 5971 11899 5971 11900 1221 11900 767 11900 5971 11901 767 11901 5972 11901 767 11902 766 11902 5972 11902 5972 11903 766 11903 1166 11903 5972 11904 1166 11904 5973 11904 5973 11905 1166 11905 764 11905 5973 11906 764 11906 763 11906 763 11907 1168 11907 5973 11907 5973 11908 1168 11908 1167 11908 5973 11909 1167 11909 5974 11909 760 11910 5975 11910 761 11910 761 11911 5975 11911 5974 11911 761 11912 5974 11912 1244 11912 1244 11913 5974 11913 1167 11913 760 11914 1171 11914 5975 11914 5975 11915 1171 11915 1170 11915 5975 11916 1170 11916 5976 11916 5976 11917 1170 11917 1543 11917 5976 11918 1543 11918 5977 11918 5977 11919 1543 11919 801 11919 1108 11920 5978 11920 1109 11920 1109 11921 5978 11921 5977 11921 1109 11922 5977 11922 800 11922 800 11923 5977 11923 801 11923 1108 11924 1185 11924 5978 11924 5978 11925 1185 11925 798 11925 5978 11926 798 11926 5979 11926 798 11927 797 11927 5979 11927 5979 11928 797 11928 1112 11928 5979 11929 1112 11929 5980 11929 5980 11930 1112 11930 1111 11930 5980 11931 1111 11931 1190 11931 1190 11932 1114 11932 5980 11932 5980 11933 1114 11933 795 11933 5980 11934 795 11934 5981 11934 1119 11935 5982 11935 1116 11935 1116 11936 5982 11936 5981 11936 1116 11937 5981 11937 794 11937 794 11938 5981 11938 795 11938 1119 11939 1118 11939 5982 11939 5982 11940 1118 11940 792 11940 5982 11941 792 11941 5983 11941 792 11942 791 11942 5983 11942 5983 11943 791 11943 1121 11943 5983 11944 1121 11944 5984 11944 1121 11945 1120 11945 5984 11945 5984 11946 1120 11946 1124 11946 5984 11947 1124 11947 5951 11947 5951 11948 1124 11948 789 11948 5951 11949 789 11949 788 11949 5968 11950 5969 11950 5985 11950 5965 11951 5966 11951 5985 11951 5985 11952 5966 11952 5967 11952 5985 11953 5967 11953 5968 11953 5962 11954 5963 11954 5985 11954 5985 11955 5963 11955 5964 11955 5985 11956 5964 11956 5965 11956 5959 11957 5960 11957 5985 11957 5985 11958 5960 11958 5961 11958 5985 11959 5961 11959 5962 11959 5956 11960 5957 11960 5985 11960 5985 11961 5957 11961 5958 11961 5985 11962 5958 11962 5959 11962 5953 11963 5954 11963 5985 11963 5985 11964 5954 11964 5955 11964 5985 11965 5955 11965 5956 11965 5984 11966 5951 11966 5985 11966 5985 11967 5951 11967 5952 11967 5985 11968 5952 11968 5953 11968 5981 11969 5982 11969 5985 11969 5985 11970 5982 11970 5983 11970 5985 11971 5983 11971 5984 11971 5978 11972 5979 11972 5985 11972 5985 11973 5979 11973 5980 11973 5985 11974 5980 11974 5981 11974 5975 11975 5976 11975 5985 11975 5985 11976 5976 11976 5977 11976 5985 11977 5977 11977 5978 11977 5972 11978 5973 11978 5985 11978 5985 11979 5973 11979 5974 11979 5985 11980 5974 11980 5975 11980 5969 11981 5970 11981 5985 11981 5985 11982 5970 11982 5971 11982 5985 11983 5971 11983 5972 11983</p>
        </triangles>
      </mesh>
    </geometry>
  </library_geometries>
  <library_visual_scenes>
    <visual_scene id="Scene" name="Scene">
      <node id="Base" name="Base" type="NODE">
        <matrix sid="transform">1 0 0 0 0 1 0 0 0 0 1 0 0 0 0 1</matrix>
        <instance_geometry url="#Base-mesh" name="Base">
          <bind_material>
            <technique_common>
              <instance_material symbol="材质-material" target="#材质-material"/>
            </technique_common>
          </bind_material>
        </instance_geometry>
      </node>
    </visual_scene>
  </library_visual_scenes>
  <scene>
    <instance_visual_scene url="#Scene"/>
  </scene>
</COLLADA>