<?xml version="1.0" encoding="utf-8"?>
<COLLADA xmlns="http://www.collada.org/2005/11/COLLADASchema" version="1.4.1" xmlns:xsi="http://www.w3.org/2001/XMLSchema-instance">
  <asset>
    <contributor>
      <author>Blender User</author>
      <authoring_tool>Blender 4.4.3 commit date:2025-04-29, commit time:14:09, hash:802179c51ccc</authoring_tool>
    </contributor>
    <created>2026-04-21T10:24:14</created>
    <modified>2026-04-21T10:24:14</modified>
    <unit name="meter" meter="1"/>
    <up_axis>Z_UP</up_axis>
  </asset>
  <library_images/>
  <library_geometries>
    <geometry id="wrist3-mesh" name="wrist3">
      <mesh>
        <source id="wrist3-mesh-positions">
          <float_array id="wrist3-mesh-positions-array" count="19305">0.04479998 0 -0.02604997 0.04479998 -8.25639e-4 -0.02615022 0.04479998 0 -0.02949994 0.04479998 8.25639e-4 -0.02615022 0.04479998 0.002839267 -0.02754014 0.04479998 0.002287745 -0.02691763 0.04479998 0.001603245 -0.02644515 0.04479998 0.003424823 -0.0299158 0.04479998 0.003424823 -0.02908414 0.04479998 0.003225803 -0.02827656 0.04479998 0.002287745 -0.03208231 0.04479998 0.002839267 -0.0314598 0.04479998 0.003225803 -0.03072339 0.04479998 0 -0.03294998 0.04479998 8.25639e-4 -0.03284972 0.04479998 0.001603245 -0.0325548 0.04479998 -0.002287745 -0.03208231 0.04479998 -0.001603245 -0.0325548 0.04479998 -8.25639e-4 -0.03284972 0.04479998 -0.003424823 -0.0299158 0.04479998 -0.003225803 -0.03072339 0.04479998 -0.002839267 -0.0314598 0.04479998 -0.002839267 -0.02754014 0.04479998 -0.003225803 -0.02827656 0.04479998 -0.003424823 -0.02908414 0.04479998 -0.001603245 -0.02644515 0.04479998 -0.002287745 -0.02691763 0.04479998 0 -0.02604997 0.04329997 -8.25639e-4 -0.02615022 0.04329997 -0.001603245 -0.02644515 0.04329997 -0.002287745 -0.02691763 0.04329997 -0.002839267 -0.02754014 0.04329997 -0.003225803 -0.02827656 0.04329997 -0.003424823 -0.02908414 0.04329997 -0.003424823 -0.0299158 0.04329997 -0.003225803 -0.03072339 0.04329997 -0.002839267 -0.0314598 0.04329997 -0.002287745 -0.03208231 0.04329997 -0.001603245 -0.0325548 0.04329997 -8.25639e-4 -0.03284972 0.04329997 0 -0.03294998 0.04329997 8.25639e-4 -0.03284972 0.04329997 0.001603245 -0.0325548 0.04329997 0.002287745 -0.03208231 0.04329997 0.002839267 -0.0314598 0.04329997 0.003225803 -0.03072339 0.04329997 0.003424823 -0.0299158 0.04329997 0.003424823 -0.02908414 0.04329997 0.003225803 -0.02827656 0.04329997 0.002839267 -0.02754014 0.04329997 0.002287745 -0.02691763 0.04329997 0.001603245 -0.02644515 0.04329997 8.25639e-4 -0.02615022 0.04329997 0 -0.02604997 0.04329997 0.002880394 -0.02751177 0.04329997 0.002320885 -0.0268802 0.04329997 0.001626491 -0.02640086 0.04329997 8.37605e-4 -0.0261017 0.04329997 0 -0.02599996 0.04329997 -8.37605e-4 -0.0261017 0.04329997 -0.001626491 -0.02640086 0.04329997 -0.002320885 -0.0268802 0.04329997 -0.002880394 -0.02751177 0.04329997 -0.003272533 -0.02825886 0.04329997 -0.003474473 -0.02907812 0.04329997 -0.003474473 -0.02992182 0.04329997 -0.003272533 -0.03074109 0.04329997 -0.002880394 -0.03148818 0.04329997 -0.002320885 -0.03211975 0.04329997 -0.001626491 -0.03259909 0.04329997 -8.37605e-4 -0.03289824 0.04329997 0 -0.03299999 0.04329997 8.37605e-4 -0.03289824 0.04329997 0.001626491 -0.03259909 0.04329997 0.002320885 -0.03211975 0.04329997 0.002880394 -0.03148818 0.04329997 0.003272533 -0.03074109 0.04329997 0.003474473 -0.02992182 0.04329997 0.003474473 -0.02907812 0.04329997 0.003272533 -0.02825886 0.04379999 0 -0.02599996 0.04379999 -8.37605e-4 -0.0261017 0.04379999 -0.001626491 -0.02640086 0.04379999 -0.002320885 -0.0268802 0.04379999 -0.002880394 -0.02751177 0.04379999 -0.003272533 -0.02825886 0.04379999 -0.003474473 -0.02907812 0.04379999 -0.003474473 -0.02992182 0.04379999 -0.003272533 -0.03074109 0.04379999 -0.002880394 -0.03148818 0.04379999 -0.002320885 -0.03211975 0.04379999 -0.001626491 -0.03259909 0.04379999 -8.37605e-4 -0.03289824 0.04379999 0 -0.03299999 0.04379999 8.37605e-4 -0.03289824 0.04379999 0.001626491 -0.03259909 0.04379999 0.002320885 -0.03211975 0.04379999 0.002880394 -0.03148818 0.04379999 0.003272533 -0.03074109 0.04379999 0.003474473 -0.02992182 0.04379999 0.003474473 -0.02907812 0.04379999 0.003272533 -0.02825886 0.04379999 0.002880394 -0.02751177 0.04379999 0.002320885 -0.0268802 0.04379999 0.001626491 -0.02640086 0.04379999 8.37605e-4 -0.0261017 0.04379999 0.003277242 -0.02671623 0.04379999 0.002602219 -0.02607679 0.04379999 0.001805484 -0.02559739 0.04379999 9.24373e-4 -0.0253005 0.04379999 0 -0.02599996 0.04379999 0 -0.02519994 0.04379999 -9.24373e-4 -0.0253005 0.04379999 -0.001805484 -0.02559739 0.04379999 -0.002602219 -0.02607679 0.04379999 -0.003277242 -0.02671623 0.04379999 -0.00379908 -0.02748584 0.04379999 -0.004143238 -0.02834957 0.04379999 -0.00429368 -0.02926719 0.04379999 -0.004243314 -0.03019565 0.04379999 -0.003994584 -0.03109157 0.04379999 -0.003559052 -0.0319131 0.04379999 -0.002957105 -0.03262174 0.04379999 -0.002216875 -0.03318446 0.04379999 -0.001372992 -0.03357487 0.04379999 -4.64912e-4 -0.03377479 0.04379999 4.64912e-4 -0.03377479 0.04379999 0.001372992 -0.03357487 0.04379999 0.002216875 -0.03318446 0.04379999 0.002957105 -0.03262174 0.04379999 0.003559052 -0.0319131 0.04379999 0.003994584 -0.03109157 0.04379999 0.004243314 -0.03019565 0.04379999 0.00429368 -0.02926719 0.04379999 0.004143238 -0.02834957 0.04379999 0.00379908 -0.02748584 0.04379999 0 -0.02519994 0.04329997 -9.24373e-4 -0.0253005 0.04329997 -0.001805484 -0.02559739 0.04329997 -0.002602219 -0.02607679 0.04329997 -0.003277242 -0.02671623 0.04329997 -0.00379908 -0.02748584 0.04329997 -0.004143238 -0.02834957 0.04329997 -0.00429368 -0.02926719 0.04329997 -0.004243314 -0.03019565 0.04329997 -0.003994584 -0.03109157 0.04329997 -0.003559052 -0.0319131 0.04329997 -0.002957105 -0.03262174 0.04329997 -0.002216875 -0.03318446 0.04329997 -0.001372992 -0.03357487 0.04329997 -4.64912e-4 -0.03377479 0.04329997 4.64912e-4 -0.03377479 0.04329997 0.001372992 -0.03357487 0.04329997 0.002216875 -0.03318446 0.04329997 0.002957105 -0.03262174 0.04329997 0.003559052 -0.0319131 0.04329997 0.003994584 -0.03109157 0.04329997 0.004243314 -0.03019565 0.04329997 0.00429368 -0.02926719 0.04329997 0.004143238 -0.02834957 0.04329997 0.00379908 -0.02748584 0.04329997 0.003277242 -0.02671623 0.04329997 0.002602219 -0.02607679 0.04329997 0.001805484 -0.02559739 0.04329997 9.24373e-4 -0.0253005 0.04329997 0 -0.02519994 0.04329997 -0.003887414 -0.02743899 0.04329997 -0.004239618 -0.02832287 0.04329997 -0.004393517 -0.02926176 0.04329997 -0.004342019 -0.0302118 0.04329997 -0.004087448 -0.03112858 0.04329997 -0.003641784 -0.03196918 0.04329997 -0.003025829 -0.03269433 0.04329997 -0.002268433 -0.03327012 0.04329997 -0.001404881 -0.03366965 0.04329997 -4.75724e-4 -0.03387415 0.04329997 4.75724e-4 -0.03387415 0.04329997 0.001404881 -0.03366965 0.04329997 0.002268433 -0.03327012 0.04329997 0.003025829 -0.03269433 0.04329997 0.003641784 -0.03196918 0.04329997 0.004087448 -0.03112858 0.04329997 0.004342019 -0.0302118 0.04329997 0.004393517 -0.02926176 0.04329997 0.004239618 -0.02832287 0.04329997 0.003887414 -0.02743899 0.04329997 0.003353476 -0.0266515 0.04329997 0.002662718 -0.02599716 0.04329997 0.001847505 -0.02550661 0.04329997 9.4587e-4 -0.02520287 0.04329997 0 -0.02509999 0.04329997 -9.4587e-4 -0.02520287 0.04329997 -0.001847505 -0.02550661 0.04329997 -0.002662718 -0.02599716 0.04329997 -0.003353476 -0.0266515 0.04379999 0 -0.02509999 0.04379999 -9.4587e-4 -0.02520287 0.04379999 -0.001847505 -0.02550661 0.04379999 -0.002662718 -0.02599716 0.04379999 -0.003353476 -0.0266515 0.04379999 -0.003887414 -0.02743899 0.04379999 -0.004239618 -0.02832287 0.04379999 -0.004393517 -0.02926176 0.04379999 -0.004342019 -0.0302118 0.04379999 -0.004087448 -0.03112858 0.04379999 -0.003641784 -0.03196918 0.04379999 -0.003025829 -0.03269433 0.04379999 -0.002268433 -0.03327012 0.04379999 -0.001404881 -0.03366965 0.04379999 -4.75724e-4 -0.03387415 0.04379999 4.75724e-4 -0.03387415 0.04379999 0.001404881 -0.03366965 0.04379999 0.002268433 -0.03327012 0.04379999 0.003025829 -0.03269433 0.04379999 0.003641784 -0.03196918 0.04379999 0.004087448 -0.03112858 0.04379999 0.004342019 -0.0302118 0.04379999 0.004393517 -0.02926176 0.04379999 0.004239618 -0.02832287 0.04379999 0.003887414 -0.02743899 0.04379999 0.003353476 -0.0266515 0.04379999 0.002662718 -0.02599716 0.04379999 0.001847505 -0.02550661 0.04379999 9.4587e-4 -0.02520287 0.04350787 -9.25517e-4 -0.02389651 0.04358327 -9.28054e-4 -0.02408713 0.04259997 -9.28054e-4 -0.02408713 0.04259997 -8.9567e-4 -0.02165377 0.04260694 -8.95766e-4 -0.02166092 0.04265028 -8.96648e-4 -0.02172726 0.04261511 -8.95878e-4 -0.02166938 0.04358327 -0.001071751 -0.03488618 0.04305654 -0.001089453 -0.03621846 0.04259997 -0.001071751 -0.03488618 0.04265028 -0.001103162 -0.0372461 0.04264116 -0.001103401 -0.03726583 0.04260599 -0.001103997 -0.03731173 0.04259997 -0.001104116 -0.0373196 0.04259997 -0.001056075 -0.03481113 0.04361391 -0.001056075 -0.03481113 0.04259997 -0.001011967 -0.03474622 0.04364281 -0.001011967 -0.03474622 0.04259997 -9.46295e-4 -0.03470325 0.04366451 -9.46295e-4 -0.03470325 0.04259997 -8.69125e-4 -0.03468888 0.04367548 -8.69125e-4 -0.03468888 0.0436756 -8.65921e-4 -0.03468888 0.0436998 0 -0.03470045 0.04259997 7.30733e-4 -0.03471016 0.04367548 7.30733e-4 -0.03471016 0.04259997 8.07061e-4 -0.03472638 0.04366463 8.07061e-4 -0.03472638 0.04259997 8.71363e-4 -0.0347706 0.04364228 8.69617e-4 -0.03477293 0.04363811 8.81361e-4 -0.03478169 0.04259997 9.1385e-4 -0.03483605 0.04361444 9.1385e-4 -0.03483605 0.04259997 9.28054e-4 -0.03491282 0.04358327 9.28054e-4 -0.03491282 0.04350787 9.25517e-4 -0.03510344 0.04259997 8.9567e-4 -0.03734618 0.04260694 8.95766e-4 -0.03733903 0.04265028 8.96648e-4 -0.03727269 0.04261511 8.95878e-4 -0.03733056 0.04358327 0.001071751 -0.02411377 0.04305654 0.001089453 -0.02278149 0.04259997 0.001071751 -0.02411377 0.04265028 0.001103162 -0.02175384 0.04264116 0.001103401 -0.02173411 0.04260599 0.001103997 -0.02168822 0.04259997 0.001104116 -0.02168035 0.04259997 0.001056075 -0.02418881 0.04361391 0.001056075 -0.02418881 0.04259997 0.001011967 -0.02425372 0.04364281 0.001011967 -0.02425372 0.04259997 9.46295e-4 -0.0242967 0.04366451 9.46295e-4 -0.0242967 0.04259997 8.69125e-4 -0.02431106 0.04367548 8.69125e-4 -0.02431106 0.0436756 8.65921e-4 -0.02431106 0.0436998 0 -0.0242995 0.04259997 -7.30733e-4 -0.02428978 0.04367548 -7.30733e-4 -0.02428978 0.04259997 -8.07061e-4 -0.02427357 0.04366463 -8.07061e-4 -0.02427357 0.04259997 -8.71363e-4 -0.02422934 0.04364228 -8.69617e-4 -0.02422702 0.04363811 -8.81361e-4 -0.02421826 0.04259997 -9.1385e-4 -0.0241639 0.04361444 -9.1385e-4 -0.0241639 0.04379999 0.004143953 -0.02679258 0.04379999 0.003641784 -0.02614742 0.04379999 0.003040313 -0.02559375 0.04379999 -0.003040313 -0.03340619 0.04379999 -0.002355933 -0.03385335 0.04379999 -0.001607239 -0.03418177 0.04379999 -8.14743e-4 -0.03438246 0.04379999 0.002355933 -0.0251466 0.04379999 0.001607239 -0.02481818 0.04379999 8.14743e-4 -0.02461749 0.04379999 0 -0.02509999 0.04379999 0 -0.02454996 0.04379999 -8.14743e-4 -0.02461749 0.04379999 0.004798531 -0.0307151 0.04379999 0.004933059 -0.02990871 0.04379999 0.004933059 -0.02909117 0.04379999 0.004798531 -0.02828484 0.04379999 0.004533052 -0.02751159 0.04379999 0.003641784 -0.03285253 0.04379999 0.004143953 -0.03220736 0.04379999 0.004533052 -0.03148835 0.04379999 -0.004798531 -0.0307151 0.04379999 -0.004533052 -0.03148835 0.04379999 -0.004143953 -0.03220736 0.04379999 -0.003641784 -0.03285253 0.04379999 -0.004533052 -0.02751159 0.04379999 -0.004798531 -0.02828484 0.04379999 -0.004933059 -0.02909117 0.04379999 -0.004933059 -0.02990871 0.04379999 -0.001607239 -0.02481818 0.04379999 -0.002355933 -0.0251466 0.04379999 -0.003040313 -0.02559375 0.04379999 -0.003641784 -0.02614742 0.04379999 -0.004143953 -0.02679258 0.04379999 0 -0.03444999 0.04379999 8.14743e-4 -0.03438246 0.04379999 0.001607239 -0.03418177 0.04379999 0.002355933 -0.03385335 0.04379999 0.003040313 -0.03340619 0.04259997 -6.3546e-4 -0.02162837 0.04259997 0 -0.0216028 0.04259997 6.3546e-4 -0.02162837 0.04259997 6.3546e-4 -0.03737157 0.04259997 0 -0.03739714 0.04259997 -6.3546e-4 -0.03737157 0.04265028 -0.001255095 -0.03722292 0.04265028 0.001255095 -0.02177703 0.04265028 0.002539634 -0.02210187 0.04265028 0.002477645 -0.02207833 0.04265028 0.00187242 -0.02190303 0.04265028 0.001287579 -0.02178364 0.04265028 0.001255095 -0.03722292 0.04265028 0.001287579 -0.0372163 0.04265028 0.00187242 -0.03709691 0.04265028 0.002477645 -0.03692156 0.04265028 0.002539634 -0.03689807 0.04265028 -0.002539634 -0.03689807 0.04265028 -0.002477645 -0.03692156 0.04265028 -0.00187242 -0.03709691 0.04265028 -0.001287579 -0.0372163 0.04265028 -0.001255095 -0.02177703 0.04265028 -0.001287579 -0.02178364 0.04265028 -0.00187242 -0.02190303 0.04265028 -0.002477645 -0.02207833 0.04265028 -0.002539634 -0.02210187 0.04265028 0.00372225 -0.03637832 0.04265028 0.003636121 -0.03642803 0.04265028 0.003066837 -0.03669816 0.04265028 0.004803061 -0.03567117 0.04265028 0.004700362 -0.03575503 0.04265028 0.004181802 -0.03611296 0.04265028 0.005752801 -0.03479593 0.04265028 0.005642831 -0.03492003 0.04265028 0.005188405 -0.03535652 0.04265028 0.006545543 -0.03377652 0.04265028 0.006439208 -0.03394466 0.04265028 0.006060719 -0.03444838 0.04265028 0.007159829 -0.03264063 0.04265028 0.007068812 -0.03285419 0.04265028 0.006775975 -0.03341209 0.04265028 0.007578849 -0.03141921 0.04265028 0.007515311 -0.03167682 0.04265028 0.007315814 -0.03227448 0.04265028 0.00766611 -0.03106504 0.04265028 0.0077672 -0.03044307 0.04265028 0.007817924 -0.02918493 0.04265028 0.007817924 -0.02981501 0.04265028 0.007791221 -0.03014558 0.04265028 0.00766611 -0.0279349 0.04265028 0.0077672 -0.02855688 0.04265028 0.007791221 -0.02885437 0.04265028 0.007315814 -0.02672547 0.04265028 0.007515311 -0.02732312 0.04265028 0.007578849 -0.02758073 0.04265028 0.006775975 -0.02558785 0.04265028 0.007068812 -0.02614575 0.04265028 0.007159829 -0.02635931 0.04265028 0.006060719 -0.02455157 0.04265028 0.006439208 -0.02505528 0.04265028 0.006545543 -0.02522343 0.04265028 0.005188405 -0.02364343 0.04265028 0.005642831 -0.02407991 0.04265028 0.005752801 -0.02420401 0.04265028 0.004181802 -0.02288699 0.04265028 0.004700362 -0.02324491 0.04265028 0.004803061 -0.02332878 0.04265028 0.00372225 -0.02262163 0.04265028 0.003636121 -0.02257192 0.04265028 0.003066837 -0.02230179 0.04265028 -0.00372225 -0.02262163 0.04265028 -0.003636121 -0.02257192 0.04265028 -0.003066837 -0.02230179 0.04265028 -0.004803061 -0.02332878 0.04265028 -0.004700362 -0.02324491 0.04265028 -0.004181802 -0.02288699 0.04265028 -0.005752801 -0.02420401 0.04265028 -0.005642831 -0.02407991 0.04265028 -0.005188405 -0.02364343 0.04265028 -0.006545543 -0.02522343 0.04265028 -0.006439208 -0.02505528 0.04265028 -0.006060719 -0.02455157 0.04265028 -0.007159829 -0.02635931 0.04265028 -0.007068812 -0.02614575 0.04265028 -0.006775975 -0.02558785 0.04265028 -0.007578849 -0.02758073 0.04265028 -0.007515311 -0.02732312 0.04265028 -0.007315814 -0.02672547 0.04265028 -0.007791221 -0.02885437 0.04265028 -0.0077672 -0.02855688 0.04265028 -0.00766611 -0.0279349 0.04265028 -0.007817924 -0.02918493 0.04265028 -0.007817924 -0.02981501 0.04265028 -0.00766611 -0.03106504 0.04265028 -0.0077672 -0.03044307 0.04265028 -0.007791221 -0.03014558 0.04265028 -0.007315814 -0.03227448 0.04265028 -0.007515311 -0.03167682 0.04265028 -0.007578849 -0.03141921 0.04265028 -0.006775975 -0.03341209 0.04265028 -0.007068812 -0.03285419 0.04265028 -0.007159829 -0.03264063 0.04265028 -0.006060719 -0.03444838 0.04265028 -0.006439208 -0.03394466 0.04265028 -0.006545543 -0.03377652 0.04265028 -0.005188405 -0.03535652 0.04265028 -0.005642831 -0.03492003 0.04265028 -0.005752801 -0.03479593 0.04265028 -0.004181802 -0.03611296 0.04265028 -0.004700362 -0.03575503 0.04265028 -0.004803061 -0.03567117 0.04265028 -0.00372225 -0.03637832 0.04265028 -0.003636121 -0.03642803 0.04265028 -0.003066837 -0.03669816 0.04260712 -0.006833136 -0.02555483 0.04260712 -0.007128417 -0.0261175 0.04260712 -0.005232214 -0.02359402 0.04260712 -0.005690455 -0.0240342 0.04260712 -0.003092706 -0.02224111 0.04260712 -0.003666758 -0.0225135 0.04260712 0.006833136 -0.03344511 0.04260712 0.007128417 -0.03288245 0.04260712 0.005232214 -0.03540593 0.04260712 0.005690455 -0.03496575 0.04260712 0.003092706 -0.03675884 0.04260712 0.003666758 -0.03648644 0.04260712 -0.001265645 -0.02171188 0.04254186 0 -0.02156549 0.04254186 -6.38459e-4 -0.02159124 0.04260712 0.001265645 -0.03728806 0.04254186 -0.001272737 -0.0373317 0.04254186 6.38459e-4 -0.0374087 0.04254186 0 -0.03743445 0.04254186 -6.38459e-4 -0.0374087 0.04254186 0.001272737 -0.0373317 0.04260712 0.001265645 -0.02171188 0.04254186 6.38459e-4 -0.02159124 0.04254186 0.001272737 -0.02166825 0.04254186 -0.001272737 -0.02166825 0.04260712 -0.001265645 -0.03728806 0.04260712 0.001888215 -0.03716099 0.04260712 0.002498567 -0.0369842 0.04260712 0.004217028 -0.03616875 0.04260712 0.004739999 -0.03580778 0.04260712 0.0061118 -0.03449016 0.04260712 0.006493508 -0.03398215 0.04260712 0.007377505 -0.0322979 0.04260712 0.00757873 -0.03169518 0.04260712 0.007730782 -0.03107821 0.04260712 0.007832705 -0.03045105 0.04260712 0.007883846 -0.0298177 0.04260712 0.007883846 -0.02918225 0.04260712 0.007832705 -0.02854889 0.04260712 0.007730782 -0.02792173 0.04260712 0.00757873 -0.02730476 0.04260712 0.007377505 -0.02670204 0.04260712 0.007128417 -0.0261175 0.04260712 0.006833136 -0.02555483 0.04260712 0.006493508 -0.02501779 0.04260712 0.0061118 -0.02450978 0.04260712 0.005690455 -0.0240342 0.04260712 0.005232214 -0.02359402 0.04260712 0.004739999 -0.02319216 0.04260712 0.004217028 -0.0228312 0.04260712 0.003666758 -0.0225135 0.04260712 0.003092706 -0.02224111 0.04260712 0.002498567 -0.02201575 0.04260712 0.001888215 -0.02183896 0.04254186 0.001898825 -0.02179604 0.04254186 0.002512574 -0.02197384 0.04254186 0.003109991 -0.0222004 0.04254186 0.003687322 -0.02247434 0.04254186 0.004240691 -0.02279382 0.04254186 0.004766523 -0.02315682 0.04254186 0.00526148 -0.02356094 0.04254186 0.005722343 -0.02400356 0.04254186 0.006146073 -0.02448183 0.04254186 0.006529927 -0.0249927 0.04254186 0.006871402 -0.02553272 0.04254186 0.007168352 -0.02609854 0.04254186 0.007418811 -0.02668637 0.04254186 0.007621169 -0.02729249 0.04254186 0.007774055 -0.02791285 0.04254186 0.007876574 -0.02854359 0.04254186 0.007928013 -0.02918046 0.04254186 0.007928013 -0.02981948 0.04254186 0.007876574 -0.03045636 0.04254186 0.007774055 -0.0310871 0.04254186 0.007621169 -0.03170746 0.04254186 0.007418811 -0.03231358 0.04254186 0.007168352 -0.0329014 0.04254186 0.006871402 -0.03346723 0.04254186 0.006529927 -0.03400725 0.04254186 0.006146073 -0.03451806 0.04254186 0.005722343 -0.03499639 0.04254186 0.00526148 -0.03543901 0.04254186 0.004766523 -0.03584313 0.04254186 0.004240691 -0.03620612 0.04254186 0.003687322 -0.0365256 0.04254186 0.003109991 -0.03679949 0.04254186 0.002512574 -0.0370261 0.04254186 0.001898825 -0.03720384 0.04246455 6.39709e-4 -0.02157574 0.04246455 1.0579e-4 -0.02155065 0.04260712 -0.001888215 -0.02183896 0.04260712 -0.002498567 -0.02201575 0.04260712 -0.004217028 -0.0228312 0.04260712 -0.004739999 -0.02319216 0.04260712 -0.0061118 -0.02450978 0.04260712 -0.006493508 -0.02501779 0.04260712 -0.007377505 -0.02670204 0.04260712 -0.00757873 -0.02730476 0.04260712 -0.007730782 -0.02792173 0.04260712 -0.007832705 -0.02854889 0.04260712 -0.007883846 -0.02918225 0.04260712 -0.007883846 -0.0298177 0.04260712 -0.007832705 -0.03045105 0.04260712 -0.007730782 -0.03107821 0.04260712 -0.00757873 -0.03169518 0.04260712 -0.007377505 -0.0322979 0.04260712 -0.007128417 -0.03288245 0.04260712 -0.006833136 -0.03344511 0.04260712 -0.006493508 -0.03398215 0.04260712 -0.0061118 -0.03449016 0.04260712 -0.005690455 -0.03496575 0.04260712 -0.005232214 -0.03540593 0.04260712 -0.004739999 -0.03580778 0.04260712 -0.004217028 -0.03616875 0.04260712 -0.003666758 -0.03648644 0.04260712 -0.003092706 -0.03675884 0.04260712 -0.002498567 -0.0369842 0.04260712 -0.001888215 -0.03716099 0.04254186 -0.001898825 -0.03720384 0.04254186 -0.002512574 -0.0370261 0.04254186 -0.003109991 -0.03679949 0.04254186 -0.003687322 -0.0365256 0.04254186 -0.004240691 -0.03620612 0.04254186 -0.004766523 -0.03584313 0.04254186 -0.00526148 -0.03543901 0.04254186 -0.005722343 -0.03499639 0.04254186 -0.006146073 -0.03451806 0.04254186 -0.006529927 -0.03400725 0.04254186 -0.006871402 -0.03346723 0.04254186 -0.007168352 -0.0329014 0.04254186 -0.007418811 -0.03231358 0.04254186 -0.007621169 -0.03170746 0.04254186 -0.007774055 -0.0310871 0.04254186 -0.007876574 -0.03045636 0.04254186 -0.007928013 -0.02981948 0.04254186 -0.007928013 -0.02918046 0.04254186 -0.007876574 -0.02854359 0.04254186 -0.007774055 -0.02791285 0.04254186 -0.007621169 -0.02729249 0.04254186 -0.007418811 -0.02668637 0.04254186 -0.007168352 -0.02609854 0.04254186 -0.006871402 -0.02553272 0.04254186 -0.006529927 -0.0249927 0.04254186 -0.006146073 -0.02448183 0.04254186 -0.005722343 -0.02400356 0.04254186 -0.00526148 -0.02356094 0.04254186 -0.004766523 -0.02315682 0.04254186 -0.004240691 -0.02279382 0.04254186 -0.003687322 -0.02247434 0.04254186 -0.003109991 -0.0222004 0.04254186 -0.002512574 -0.02197384 0.04254186 -0.001898825 -0.02179604 0.04246455 0.001275241 -0.02165293 0.04246455 0.00190252 -0.02178096 0.04246455 0.002517461 -0.02195912 0.04246455 0.00311613 -0.02218616 0.04246455 0.003694534 -0.02246057 0.04246455 0.004248976 -0.02278071 0.04246455 0.004775881 -0.02314442 0.04246455 0.005271792 -0.02354931 0.04246455 0.005733549 -0.02399283 0.04246455 0.006158053 -0.02447205 0.04246455 0.006542682 -0.02498388 0.04246455 0.006884872 -0.02552497 0.04246455 0.007182419 -0.02609187 0.04246455 0.007433354 -0.02668088 0.04246455 0.00763607 -0.02728813 0.04246455 0.007789313 -0.02790975 0.04246455 0.007892012 -0.02854168 0.04246455 0.007943511 -0.02917987 0.04246455 0.007943511 -0.02982008 0.04246455 0.007892012 -0.03045827 0.04246455 0.007789313 -0.03109019 0.04246455 0.00763607 -0.03171181 0.04246455 0.007433354 -0.03231906 0.04246455 0.007182419 -0.03290808 0.04246455 0.006884872 -0.03347498 0.04246455 0.006542682 -0.03401607 0.04246455 0.006158053 -0.03452789 0.04246455 0.005733549 -0.03500711 0.04246455 0.005271792 -0.03545063 0.04246455 0.004775881 -0.03585553 0.04246455 0.004248976 -0.03621923 0.04246455 0.003694534 -0.03653937 0.04246455 0.00311613 -0.03681379 0.04246455 0.002517461 -0.03704082 0.04246455 0.00190252 -0.03721898 0.04246455 0.001275241 -0.03734701 0.04246455 6.39709e-4 -0.0374242 0.04246455 0 -0.03744995 0.04246455 -6.39709e-4 -0.0374242 0.04246455 -0.001275241 -0.03734701 0.04246455 -0.00190252 -0.03721898 0.04246455 -0.002517461 -0.03704082 0.04246455 -0.00311613 -0.03681379 0.04246455 -0.003694534 -0.03653937 0.04246455 -0.004248976 -0.03621923 0.04246455 -0.004775881 -0.03585553 0.04246455 -0.005271792 -0.03545063 0.04246455 -0.005733549 -0.03500711 0.04246455 -0.006158053 -0.03452789 0.04246455 -0.006542682 -0.03401607 0.04246455 -0.006884872 -0.03347498 0.04246455 -0.007182419 -0.03290808 0.04246455 -0.007433354 -0.03231906 0.04246455 -0.00763607 -0.03171181 0.04246455 -0.007789313 -0.03109019 0.04246455 -0.007892012 -0.03045827 0.04246455 -0.007943511 -0.02982008 0.04246455 -0.007943511 -0.02917987 0.04246455 -0.007892012 -0.02854168 0.04246455 -0.007789313 -0.02790975 0.04246455 -0.00763607 -0.02728813 0.04246455 -0.007433354 -0.02668088 0.04246455 -0.007182419 -0.02609187 0.04246455 -0.006884872 -0.02552497 0.04246455 -0.006542682 -0.02498388 0.04246455 -0.006158053 -0.02447205 0.04246455 -0.005733549 -0.02399283 0.04246455 -0.005271792 -0.02354931 0.04246455 -0.004775881 -0.02314442 0.04246455 -0.004248976 -0.02278071 0.04246455 -0.003694534 -0.02246057 0.04246455 -0.00311613 -0.02218616 0.04246455 -0.002517461 -0.02195912 0.04246455 -0.00190252 -0.02178096 0.04246455 -0.001275241 -0.02165293 0.04246455 -6.39709e-4 -0.02157574 0.04246455 0 -0.02154999 0.04219996 0 -0.02154999 0.04219996 0.001275241 -0.02165293 0.04219996 0.002517461 -0.02195912 0.04219996 0.003694534 -0.02246057 0.04219996 0.004775881 -0.02314442 0.04219996 0.005733549 -0.02399283 0.04219996 0.006542682 -0.02498388 0.04219996 0.007182419 -0.02609187 0.04219996 0.00763607 -0.02728813 0.04219996 0.007892012 -0.02854168 0.04219996 0.007943511 -0.02982008 0.04219996 0.007789313 -0.03109019 0.04219996 0.007433354 -0.03231906 0.04219996 0.006884872 -0.03347498 0.04219996 0.006158053 -0.03452789 0.04219996 0.005271792 -0.03545063 0.04219996 0.004248976 -0.03621923 0.04219996 0.00311613 -0.03681379 0.04219996 0.00190252 -0.03721898 0.04219996 6.39709e-4 -0.0374242 0.04219996 -6.39709e-4 -0.0374242 0.04219996 -0.00190252 -0.03721898 0.04219996 -0.00311613 -0.03681379 0.04219996 -0.004248976 -0.03621923 0.04219996 -0.005271792 -0.03545063 0.04219996 -0.006158053 -0.03452789 0.04219996 -0.006884872 -0.03347498 0.04219996 -0.007433354 -0.03231906 0.04219996 -0.007789313 -0.03109019 0.04219996 -0.007943511 -0.02982008 0.04219996 -0.007892012 -0.02854168 0.04219996 -0.00763607 -0.02728813 0.04219996 -0.007182419 -0.02609187 0.04219996 -0.006542682 -0.02498388 0.04219996 -0.005733549 -0.02399283 0.04219996 -0.004775881 -0.02314442 0.04219996 -0.003694534 -0.02246057 0.04219996 -0.002517461 -0.02195912 0.04219996 -0.001275241 -0.02165293 0.04219996 0 -0.02949994 -0.04479998 -0.003449976 -0.02949994 -0.04479998 -0.003349721 -0.02867436 -0.04479998 0 -0.02949994 -0.04479998 -0.003349721 -0.03032559 -0.04479998 -0.0019598 -0.03233927 -0.04479998 -0.002582311 -0.03178775 -0.04479998 -0.003054797 -0.03110325 -0.04479998 4.15852e-4 -0.03292483 -0.04479998 -4.15852e-4 -0.03292483 -0.04479998 -0.001223385 -0.03272581 -0.04479998 0.002582311 -0.03178775 -0.04479998 0.0019598 -0.03233927 -0.04479998 0.001223385 -0.03272581 -0.04479998 0.003449976 -0.02949994 -0.04479998 0.003349721 -0.03032559 -0.04479998 0.003054797 -0.03110325 -0.04479998 0.002582311 -0.0272122 -0.04479998 0.003054797 -0.0278967 -0.04479998 0.003349721 -0.02867436 -0.04479998 4.15852e-4 -0.02607512 -0.04479998 0.001223385 -0.02627414 -0.04479998 0.0019598 -0.02666068 -0.04479998 -0.0019598 -0.02666068 -0.04479998 -0.001223385 -0.02627414 -0.04479998 -4.15852e-4 -0.02607512 -0.04479998 -0.003054797 -0.0278967 -0.04479998 -0.002582311 -0.0272122 -0.04329997 -0.003349721 -0.02867436 -0.04329997 -0.003054797 -0.0278967 -0.04329997 -0.002582311 -0.0272122 -0.04329997 -0.0019598 -0.02666068 -0.04329997 -0.001223385 -0.02627414 -0.04329997 -4.15852e-4 -0.02607512 -0.04329997 4.15852e-4 -0.02607512 -0.04329997 0.001223385 -0.02627414 -0.04329997 0.0019598 -0.02666068 -0.04329997 0.002582311 -0.0272122 -0.04329997 0.003054797 -0.0278967 -0.04329997 0.003349721 -0.02867436 -0.04329997 0.003449976 -0.02949994 -0.04329997 0.003349721 -0.03032559 -0.04329997 0.003054797 -0.03110325 -0.04329997 0.002582311 -0.03178775 -0.04329997 0.0019598 -0.03233927 -0.04329997 0.001223385 -0.03272581 -0.04329997 4.15852e-4 -0.03292483 -0.04329997 -4.15852e-4 -0.03292483 -0.04329997 -0.001223385 -0.03272581 -0.04329997 -0.0019598 -0.03233927 -0.04329997 -0.002582311 -0.03178775 -0.04329997 -0.003054797 -0.03110325 -0.04329997 -0.003349721 -0.03032559 -0.04329997 -0.003449976 -0.02949994 -0.04329997 -0.002619743 -0.02717906 -0.04329997 -0.001988172 -0.02661955 -0.04329997 -0.001241087 -0.02622741 -0.04329997 -4.21878e-4 -0.02602547 -0.04329997 4.21878e-4 -0.02602547 -0.04329997 0.001241087 -0.02622741 -0.04329997 0.001988172 -0.02661955 -0.04329997 0.002619743 -0.02717906 -0.04329997 0.003099083 -0.02787345 -0.04329997 0.003398239 -0.02866238 -0.04329997 0.003499984 -0.02949994 -0.04329997 0.003398239 -0.03033757 -0.04329997 0.003099083 -0.03112649 -0.04329997 0.002619743 -0.03182089 -0.04329997 0.001988172 -0.0323804 -0.04329997 0.001241087 -0.03277254 -0.04329997 4.21878e-4 -0.03297448 -0.04329997 -4.21878e-4 -0.03297448 -0.04329997 -0.001241087 -0.03277254 -0.04329997 -0.001988172 -0.0323804 -0.04329997 -0.002619743 -0.03182089 -0.04329997 -0.003099083 -0.03112649 -0.04329997 -0.003398239 -0.03033757 -0.04329997 -0.003499984 -0.02949994 -0.04329997 -0.003398239 -0.02866238 -0.04329997 -0.003099083 -0.02787345 -0.04379999 -0.003499984 -0.02949994 -0.04379999 -0.003398239 -0.02866238 -0.04379999 -0.003099083 -0.02787345 -0.04379999 -0.002619743 -0.02717906 -0.04379999 -0.001988172 -0.02661955 -0.04379999 -0.001241087 -0.02622741 -0.04379999 -4.21878e-4 -0.02602547 -0.04379999 4.21878e-4 -0.02602547 -0.04379999 0.001241087 -0.02622741 -0.04379999 0.001988172 -0.02661955 -0.04379999 0.002619743 -0.02717906 -0.04379999 0.003099083 -0.02787345 -0.04379999 0.003398239 -0.02866238 -0.04379999 0.003499984 -0.02949994 -0.04379999 0.003398239 -0.03033757 -0.04379999 0.003099083 -0.03112649 -0.04379999 0.002619743 -0.03182089 -0.04379999 0.001988172 -0.0323804 -0.04379999 0.001241087 -0.03277254 -0.04379999 4.21878e-4 -0.03297448 -0.04379999 -4.21878e-4 -0.03297448 -0.04379999 -0.001241087 -0.03277254 -0.04379999 -0.001988172 -0.0323804 -0.04379999 -0.002619743 -0.03182089 -0.04379999 -0.003099083 -0.03112649 -0.04379999 -0.003398239 -0.03033757 -0.04379999 0.004274785 -0.02996486 -0.04379999 0.004074871 -0.030873 -0.04379999 0.003684461 -0.03171688 -0.04379999 0.003121733 -0.03245705 -0.04379999 0.002413094 -0.03305906 -0.04379999 0.001591563 -0.03349459 -0.04379999 6.95663e-4 -0.03374332 -0.04379999 -2.32797e-4 -0.03379368 -0.04379999 -0.001150369 -0.03364324 -0.04379999 -0.0020141 -0.02570086 -0.04379999 -0.001150369 -0.0253567 -0.04379999 -2.32797e-4 -0.02520626 -0.04379999 6.95663e-4 -0.02525663 -0.04379999 0.001591563 -0.02550536 -0.04379999 0.002413094 -0.02594089 -0.04379999 0.003121733 -0.02654284 -0.04379999 0.003684461 -0.02728307 -0.04379999 0.004074871 -0.02812695 -0.04379999 0.004274785 -0.02903509 -0.04379999 -0.0020141 -0.03329908 -0.04379999 -0.002783715 -0.03277724 -0.04379999 -0.003423154 -0.03210222 -0.04379999 -0.003902554 -0.03130549 -0.04379999 -0.004199445 -0.03042435 -0.04379999 -0.004299998 -0.02949994 -0.04379999 -0.004199445 -0.02857559 -0.04379999 -0.003902554 -0.02769446 -0.04379999 -0.003423154 -0.02689772 -0.04379999 -0.002783715 -0.0262227 -0.04329997 -0.004199445 -0.02857559 -0.04329997 -0.003902554 -0.02769446 -0.04329997 -0.003423154 -0.02689772 -0.04329997 -0.002783715 -0.0262227 -0.04329997 -0.0020141 -0.02570086 -0.04329997 -0.001150369 -0.0253567 -0.04329997 -2.32797e-4 -0.02520626 -0.04329997 6.95663e-4 -0.02525663 -0.04329997 0.001591563 -0.02550536 -0.04329997 0.002413094 -0.02594089 -0.04329997 0.003121733 -0.02654284 -0.04329997 0.003684461 -0.02728307 -0.04329997 0.004074871 -0.02812695 -0.04329997 0.004274785 -0.02903509 -0.04329997 0.004274785 -0.02996486 -0.04329997 0.004074871 -0.030873 -0.04329997 0.003684461 -0.03171688 -0.04329997 0.003121733 -0.03245705 -0.04329997 0.002413094 -0.03305906 -0.04329997 0.001591563 -0.03349459 -0.04329997 6.95663e-4 -0.03374332 -0.04329997 -2.32797e-4 -0.03379368 -0.04329997 -0.001150369 -0.03364324 -0.04329997 -0.0020141 -0.03329908 -0.04329997 -0.002783715 -0.03277724 -0.04329997 -0.003423154 -0.03210222 -0.04329997 -0.003902554 -0.03130549 -0.04329997 -0.004199445 -0.03042435 -0.04329997 -0.004299998 -0.02949994 -0.04329997 0.004169642 -0.02809506 -0.04329997 0.004374206 -0.02902424 -0.04329997 0.004374206 -0.02997571 -0.04329997 0.004169642 -0.03090488 -0.04329997 0.003770112 -0.03176844 -0.04329997 0.003194332 -0.03252583 -0.04329997 0.002469182 -0.03314179 -0.04329997 0.001628577 -0.03358745 -0.04329997 7.11841e-4 -0.03384202 -0.04329997 -2.38211e-4 -0.03389352 -0.04329997 -0.001177072 -0.03373956 -0.04329997 -0.002060949 -0.03338742 -0.04329997 -0.002848446 -0.03285348 -0.04329997 -0.003502786 -0.03216272 -0.04329997 -0.003993332 -0.03134751 -0.04329997 -0.004297077 -0.03044587 -0.04329997 -0.004399955 -0.02949994 -0.04329997 -0.004297077 -0.02855408 -0.04329997 -0.003993332 -0.02765244 -0.04329997 -0.003502786 -0.02683722 -0.04329997 -0.002848446 -0.02614647 -0.04329997 -0.002060949 -0.02561253 -0.04329997 -0.001177072 -0.02526032 -0.04329997 -2.38211e-4 -0.02510643 -0.04329997 7.11841e-4 -0.02515792 -0.04329997 0.001628577 -0.02541249 -0.04329997 0.002469182 -0.02585816 -0.04329997 0.003194332 -0.02647411 -0.04329997 0.003770112 -0.02723151 -0.04379999 -0.004399955 -0.02949994 -0.04379999 -0.004297077 -0.02855408 -0.04379999 -0.003993332 -0.02765244 -0.04379999 -0.003502786 -0.02683722 -0.04379999 -0.002848446 -0.02614647 -0.04379999 -0.002060949 -0.02561253 -0.04379999 -0.001177072 -0.02526032 -0.04379999 -2.38211e-4 -0.02510643 -0.04379999 7.11841e-4 -0.02515792 -0.04379999 0.001628577 -0.02541249 -0.04379999 0.002469182 -0.02585816 -0.04379999 0.003194332 -0.02647411 -0.04379999 0.003770112 -0.02723151 -0.04379999 0.004169642 -0.02809506 -0.04379999 0.004374206 -0.02902424 -0.04379999 0.004374206 -0.02997571 -0.04379999 0.004169642 -0.03090488 -0.04379999 0.003770112 -0.03176844 -0.04379999 0.003194332 -0.03252583 -0.04379999 0.002469182 -0.03314179 -0.04379999 0.001628577 -0.03358745 -0.04379999 7.11841e-4 -0.03384202 -0.04379999 -2.38211e-4 -0.03389352 -0.04379999 -0.001177072 -0.03373956 -0.04379999 -0.002060949 -0.03338742 -0.04379999 -0.002848446 -0.03285348 -0.04379999 -0.003502786 -0.03216272 -0.04379999 -0.003993332 -0.03134751 -0.04379999 -0.004297077 -0.03044587 -0.04259997 8.9567e-4 -0.02165377 -0.04260551 8.95778e-4 -0.02166181 -0.04259997 9.28054e-4 -0.02408713 -0.04265028 8.96648e-4 -0.02172726 -0.04358327 9.28054e-4 -0.02408713 -0.04259997 0.001071751 -0.03488618 -0.04358327 0.001071751 -0.03488618 -0.04265028 0.001103162 -0.0372461 -0.04264116 0.001103401 -0.03726583 -0.04260599 0.001103997 -0.03731173 -0.04259997 0.001104116 -0.0373196 -0.04259997 0.001056075 -0.03481113 -0.04361391 0.001056075 -0.03481113 -0.04259997 0.001011967 -0.03474622 -0.04364281 0.001011967 -0.03474622 -0.04259997 9.46295e-4 -0.03470325 -0.04366451 9.46295e-4 -0.03470325 -0.04259997 8.69125e-4 -0.03468888 -0.04367548 8.69125e-4 -0.03468888 -0.04369497 4.30448e-4 -0.03469473 -0.04259997 -7.30733e-4 -0.03471016 -0.04368048 -4.33767e-4 -0.03470623 -0.04367548 -7.30733e-4 -0.03471016 -0.04259997 -8.07061e-4 -0.03472638 -0.04366463 -8.07061e-4 -0.03472638 -0.04259997 -8.71363e-4 -0.0347706 -0.04364311 -8.71363e-4 -0.0347706 -0.04259997 -9.1385e-4 -0.03483605 -0.04361444 -9.1385e-4 -0.03483605 -0.04259997 -9.28054e-4 -0.03491282 -0.04358327 -9.28054e-4 -0.03491282 -0.04259997 -8.9567e-4 -0.03734618 -0.04260694 -8.95766e-4 -0.03733903 -0.04265028 -8.96648e-4 -0.03727269 -0.04261511 -8.95878e-4 -0.03733056 -0.04259997 -0.001071751 -0.02411377 -0.04358327 -0.001071751 -0.02411377 -0.04265028 -0.001103162 -0.02175384 -0.04264116 -0.001103401 -0.02173411 -0.04260599 -0.001103997 -0.02168822 -0.04259997 -0.001104116 -0.02168035 -0.04259997 -0.001056075 -0.02418881 -0.04361391 -0.001056075 -0.02418881 -0.04259997 -0.001011967 -0.02425372 -0.04364281 -0.001011967 -0.02425372 -0.04259997 -9.46295e-4 -0.0242967 -0.04366451 -9.46295e-4 -0.0242967 -0.04259997 -8.69125e-4 -0.02431106 -0.04367548 -8.69125e-4 -0.02431106 -0.04369497 -4.30448e-4 -0.02430522 -0.04259997 7.30733e-4 -0.02428978 -0.04368048 4.33767e-4 -0.02429372 -0.04367548 7.30733e-4 -0.02428978 -0.04259997 8.07061e-4 -0.02427357 -0.04366463 8.07061e-4 -0.02427357 -0.04259997 8.71363e-4 -0.02422934 -0.04364311 8.71363e-4 -0.02422934 -0.04259997 9.1385e-4 -0.0241639 -0.04361444 9.1385e-4 -0.0241639 -0.04379999 -0.002707362 -0.03364396 -0.04379999 -0.003352522 -0.03314179 -0.04379999 -0.00390619 -0.03254032 -0.04379999 0.0012151 -0.03429847 -0.04379999 4.08768e-4 -0.03443306 -0.04379999 -4.08768e-4 -0.03443306 -0.04379999 -0.0012151 -0.03429847 -0.04379999 -0.001988351 -0.03403306 -0.04379999 -0.004353344 -0.02714401 -0.04379999 -0.00390619 -0.02645963 -0.04379999 -0.003352522 -0.02585816 -0.04379999 -0.004353344 -0.03185594 -0.04379999 -0.004681766 -0.03110724 -0.04379999 -0.004882454 -0.03031474 -0.04379999 -0.004949986 -0.02949994 -0.04379999 -0.004882454 -0.02868521 -0.04379999 -0.004681766 -0.0278927 -0.04379999 0.003352522 -0.03314179 -0.04379999 0.002707362 -0.03364396 -0.04379999 0.001988351 -0.03403306 -0.04379999 -0.002707362 -0.02535599 -0.04379999 -0.001988351 -0.02496689 -0.04379999 -0.0012151 -0.02470141 -0.04379999 -4.08768e-4 -0.02456688 -0.04379999 4.08768e-4 -0.02456688 -0.04379999 0.0012151 -0.02470141 -0.04379999 0.001988351 -0.02496689 -0.04379999 0.002707362 -0.02535599 -0.04379999 0.004949986 -0.02949994 -0.04379999 0.004882454 -0.03031474 -0.04379999 0.004681766 -0.03110724 -0.04379999 0.004353344 -0.03185594 -0.04379999 0.00390619 -0.03254032 -0.04379999 0.003352522 -0.02585816 -0.04379999 0.00390619 -0.02645963 -0.04379999 0.004353344 -0.02714401 -0.04379999 0.004681766 -0.0278927 -0.04379999 0.004882454 -0.02868521 -0.04259997 3.17988e-4 -0.02160918 -0.04259997 -3.17988e-4 -0.02160918 -0.04259997 -9.51901e-4 -0.02166038 -0.04259997 -3.17988e-4 -0.03739076 -0.04259997 3.17988e-4 -0.03739076 -0.04259997 9.51901e-4 -0.03733956 -0.04265028 -9.43113e-4 -0.0372672 -0.04265028 -0.001565039 -0.03716611 -0.04265028 9.43113e-4 -0.02173274 -0.04265028 0.001565039 -0.02183383 -0.04265028 0.007716298 -0.03078758 -0.04265028 0.007722914 -0.0307551 -0.04265028 0.00779885 -0.03012955 -0.04265028 0.007824242 -0.02949994 -0.04265028 0.007398068 -0.03203964 -0.04265028 0.007421612 -0.03197765 -0.04265028 0.007596909 -0.03137242 -0.04265028 0.006878316 -0.03322225 -0.04265028 0.006928026 -0.03313606 -0.04265028 0.007198154 -0.03256684 -0.04265028 0.006171166 -0.03430306 -0.04265028 0.00625503 -0.03420037 -0.04265028 0.006612956 -0.0336818 -0.04265028 0.005295932 -0.0352528 -0.04265028 0.005420029 -0.03514283 -0.04265028 0.005856513 -0.03468841 -0.04265028 0.004276514 -0.03604555 -0.04265028 0.004444658 -0.03593921 -0.04265028 0.004948377 -0.03556072 -0.04265028 0.003140628 -0.03665983 -0.04265028 0.003354191 -0.03656882 -0.04265028 0.003912091 -0.03627598 -0.04265028 0.002774477 -0.03681582 -0.04265028 0.002176821 -0.03701531 -0.04265028 0.001919209 -0.03707879 -0.04265028 0.001565039 -0.03716611 -0.04265028 -0.002774477 -0.03681582 -0.04265028 -0.002176821 -0.03701531 -0.04265028 -0.001919209 -0.03707879 -0.04265028 -0.003912091 -0.03627598 -0.04265028 -0.003354191 -0.03656882 -0.04265028 -0.003140628 -0.03665983 -0.04265028 -0.004948377 -0.03556072 -0.04265028 -0.004444658 -0.03593921 -0.04265028 -0.004276514 -0.03604555 -0.04265028 -0.005856513 -0.03468841 -0.04265028 -0.005420029 -0.03514283 -0.04265028 -0.005295932 -0.0352528 -0.04265028 -0.006612956 -0.0336818 -0.04265028 -0.00625503 -0.03420037 -0.04265028 -0.006171166 -0.03430306 -0.04265028 -0.007198154 -0.03256684 -0.04265028 -0.006928026 -0.03313606 -0.04265028 -0.006878316 -0.03322225 -0.04265028 -0.007596909 -0.03137242 -0.04265028 -0.007421612 -0.03197765 -0.04265028 -0.007398068 -0.03203964 -0.04265028 -0.007716298 -0.03078758 -0.04265028 -0.007722914 -0.0307551 -0.04265028 -0.00779885 -0.03012955 -0.04265028 -0.007824242 -0.02949994 -0.04265028 -0.007716298 -0.02821236 -0.04265028 -0.007722914 -0.02824485 -0.04265028 -0.00779885 -0.0288704 -0.04265028 -0.007398068 -0.02696031 -0.04265028 -0.007421612 -0.0270223 -0.04265028 -0.007596909 -0.02762752 -0.04265028 -0.006878316 -0.02577769 -0.04265028 -0.006928026 -0.02586382 -0.04265028 -0.007198154 -0.02643311 -0.04265028 -0.006171166 -0.02469688 -0.04265028 -0.00625503 -0.02479958 -0.04265028 -0.006612956 -0.02531814 -0.04265028 -0.005295932 -0.02374714 -0.04265028 -0.005420029 -0.02385711 -0.04265028 -0.005856513 -0.02431154 -0.04265028 -0.004276514 -0.0229544 -0.04265028 -0.004444658 -0.02306073 -0.04265028 -0.004948377 -0.02343922 -0.04265028 -0.003140628 -0.02234011 -0.04265028 -0.003354191 -0.02243113 -0.04265028 -0.003912091 -0.02272397 -0.04265028 -0.002774477 -0.02218413 -0.04265028 -0.002176821 -0.02198463 -0.04265028 -0.001919209 -0.02192109 -0.04265028 -0.001565039 -0.02183383 -0.04265028 0.002774477 -0.02218413 -0.04265028 0.002176821 -0.02198463 -0.04265028 0.001919209 -0.02192109 -0.04265028 0.003912091 -0.02272397 -0.04265028 0.003354191 -0.02243113 -0.04265028 0.003140628 -0.02234011 -0.04265028 0.004948377 -0.02343922 -0.04265028 0.004444658 -0.02306073 -0.04265028 0.004276514 -0.0229544 -0.04265028 0.005856513 -0.02431154 -0.04265028 0.005420029 -0.02385711 -0.04265028 0.005295932 -0.02374714 -0.04265028 0.006612956 -0.02531814 -0.04265028 0.00625503 -0.02479958 -0.04265028 0.006171166 -0.02469688 -0.04265028 0.007198154 -0.02643311 -0.04265028 0.006928026 -0.02586382 -0.04265028 0.006878316 -0.02577769 -0.04265028 0.007596909 -0.02762752 -0.04265028 0.007421612 -0.0270223 -0.04265028 0.007398068 -0.02696031 -0.04265028 0.007716298 -0.02821236 -0.04265028 0.007722914 -0.02824485 -0.04265028 0.00779885 -0.0288704 -0.04260712 -0.002797901 -0.02212244 -0.04260712 -0.002195179 -0.02192121 -0.04260712 -0.00499016 -0.02338814 -0.04260712 -0.00448215 -0.02300643 -0.04260712 -0.006668746 -0.02528291 -0.04260712 -0.00630778 -0.02475994 -0.04260712 -0.007660984 -0.02761173 -0.04260712 -0.007484197 -0.02700138 -0.04260712 0.002797901 -0.03687751 -0.04260712 0.002195179 -0.03707873 -0.04260712 0.00499016 -0.0356118 -0.04260712 0.00448215 -0.03599351 -0.04260712 0.006668746 -0.03371703 -0.04260712 0.00630778 -0.03424 -0.04260712 -9.51067e-4 -0.03733271 -0.04254186 -3.19489e-4 -0.03742802 -0.04254186 3.19489e-4 -0.03742802 -0.04254186 9.56394e-4 -0.03737658 -0.04254186 0.001587092 -0.03727406 -0.04254186 -9.56394e-4 -0.03737658 -0.04260712 -0.001578211 -0.02176916 -0.04254186 3.19489e-4 -0.02157193 -0.04254186 -3.19489e-4 -0.02157193 -0.04254186 -9.56394e-4 -0.02162337 -0.04254186 -0.001587092 -0.02172589 -0.04254186 9.56394e-4 -0.02162337 -0.04260712 9.51067e-4 -0.02166724 -0.04260712 0.001578211 -0.02176916 -0.04260712 0.001578211 -0.03723078 -0.04260712 0.007788062 -0.03076565 -0.04260712 0.007660984 -0.03138822 -0.04260712 0.007484197 -0.03199857 -0.04260712 0.007258832 -0.03259271 -0.04260712 0.006986439 -0.03316676 -0.04260712 0.005905926 -0.03473216 -0.04260712 0.005465745 -0.03519046 -0.04260712 0.003945112 -0.03633314 -0.04260712 0.003382444 -0.03662842 -0.04260712 -0.001578211 -0.03723078 -0.04260712 -0.002195179 -0.03707873 -0.04260712 -0.002797901 -0.03687751 -0.04260712 -0.003382444 -0.03662842 -0.04260712 -0.003945112 -0.03633314 -0.04260712 -0.00448215 -0.03599351 -0.04260712 -0.00499016 -0.0356118 -0.04260712 -0.005465745 -0.03519046 -0.04260712 -0.005905926 -0.03473216 -0.04260712 -0.00630778 -0.03424 -0.04260712 -0.006668746 -0.03371703 -0.04260712 -0.006986439 -0.03316676 -0.04260712 -0.007258832 -0.03259271 -0.04260712 -0.007484197 -0.03199857 -0.04260712 -0.007660984 -0.03138822 -0.04260712 -0.007788062 -0.03076565 -0.04260712 -0.007864654 -0.03013485 -0.04260712 -0.007890224 -0.02949994 -0.04260712 -0.007864654 -0.02886509 -0.04260712 -0.007788062 -0.0282343 -0.04260712 -0.007258832 -0.02640724 -0.04260712 -0.006986439 -0.02583318 -0.04260712 -0.005905926 -0.02426773 -0.04260712 -0.005465745 -0.02380949 -0.04260712 -0.003945112 -0.02266681 -0.04260712 -0.003382444 -0.02237153 -0.04254186 -0.002207458 -0.02187877 -0.04254186 -0.002813577 -0.02208113 -0.04254186 -0.003401398 -0.02233159 -0.04254186 -0.003967225 -0.02262854 -0.04254186 -0.004507243 -0.02297002 -0.04254186 -0.005018115 -0.02335387 -0.04254186 -0.005496382 -0.0237776 -0.04254186 -0.005939006 -0.02423846 -0.04254186 -0.006343126 -0.02473342 -0.04254186 -0.006706118 -0.02525925 -0.04254186 -0.007025599 -0.02581262 -0.04254186 -0.007299542 -0.02638995 -0.04254186 -0.007526099 -0.02698737 -0.04254186 -0.0077039 -0.02760112 -0.04254186 -0.007831692 -0.02822721 -0.04254186 -0.007908701 -0.02886152 -0.04254186 -0.007934451 -0.02949994 -0.04254186 -0.007908701 -0.03013843 -0.04254186 -0.007831692 -0.03077274 -0.04254186 -0.0077039 -0.03139883 -0.04254186 -0.007526099 -0.03201258 -0.04254186 -0.007299542 -0.03260999 -0.04254186 -0.007025599 -0.03318732 -0.04254186 -0.006706118 -0.03374069 -0.04254186 -0.006343126 -0.03426653 -0.04254186 -0.005939006 -0.03476148 -0.04254186 -0.005496382 -0.03522235 -0.04254186 -0.005018115 -0.03564602 -0.04254186 -0.004507243 -0.03602993 -0.04254186 -0.003967225 -0.0363714 -0.04254186 -0.003401398 -0.03666836 -0.04254186 -0.002813577 -0.03691881 -0.04254186 -0.002207458 -0.03712117 -0.04254186 -0.001587092 -0.03727406 -0.04260712 0.002797901 -0.02212244 -0.04260712 0.002195179 -0.02192121 -0.04260712 0.003945112 -0.02266681 -0.04260712 0.003382444 -0.02237153 -0.04260712 0.00499016 -0.02338814 -0.04260712 0.00448215 -0.02300643 -0.04260712 0.005905926 -0.02426773 -0.04260712 0.005465745 -0.02380949 -0.04260712 0.006668746 -0.02528291 -0.04260712 0.00630778 -0.02475994 -0.04260712 0.007258832 -0.02640724 -0.04260712 0.006986439 -0.02583318 -0.04260712 0.007660984 -0.02761173 -0.04260712 0.007484197 -0.02700138 -0.04246455 -1.0579e-4 -0.02155065 -0.04246455 3.20114e-4 -0.02155643 -0.04246455 9.58267e-4 -0.02160793 -0.04246455 0.001590192 -0.02171063 -0.04254186 0.001587092 -0.02172589 -0.04246455 0.002211809 -0.02186387 -0.04254186 0.002207458 -0.02187877 -0.04246455 0.002819061 -0.02206659 -0.04254186 0.002813577 -0.02208113 -0.04246455 0.003408074 -0.02231752 -0.04254186 0.003401398 -0.02233159 -0.04246455 0.003974974 -0.02261507 -0.04254186 0.003967225 -0.02262854 -0.04246455 0.004516065 -0.02295726 -0.04254186 0.004507243 -0.02297002 -0.04246455 0.00502789 -0.02334189 -0.04254186 0.005018115 -0.02335387 -0.04246455 0.005507111 -0.02376639 -0.04254186 0.005496382 -0.0237776 -0.04246455 0.005950629 -0.02422815 -0.04254186 0.005939006 -0.02423846 -0.04246455 0.006355524 -0.02472406 -0.04254186 0.006343126 -0.02473342 -0.04246455 0.006719231 -0.02525097 -0.04254186 0.006706118 -0.02525925 -0.04246455 0.007039368 -0.02580541 -0.04254186 0.007025599 -0.02581262 -0.04246455 0.007313787 -0.02638381 -0.04254186 0.007299542 -0.02638995 -0.04246455 0.007540822 -0.02698248 -0.04254186 0.007526099 -0.02698737 -0.04246455 0.00771898 -0.02759742 -0.04254186 0.0077039 -0.02760112 -0.04246455 0.007847011 -0.0282247 -0.04254186 0.007831692 -0.02822721 -0.04246455 0.007924199 -0.02886027 -0.04254186 0.007908701 -0.02886152 -0.04246455 0.007949948 -0.02949994 -0.04254186 0.007934451 -0.02949994 -0.04246455 0.007924199 -0.03013968 -0.04254186 0.007908701 -0.03013843 -0.04246455 0.007847011 -0.03077524 -0.04254186 0.007831692 -0.03077274 -0.04246455 0.00771898 -0.03140252 -0.04254186 0.0077039 -0.03139883 -0.04246455 0.007540822 -0.03201746 -0.04254186 0.007526099 -0.03201258 -0.04246455 0.007313787 -0.03261613 -0.04254186 0.007299542 -0.03260999 -0.04246455 0.007039368 -0.03319454 -0.04254186 0.007025599 -0.03318732 -0.04246455 0.006719231 -0.03374898 -0.04254186 0.006706118 -0.03374069 -0.04246455 0.006355524 -0.03427588 -0.04254186 0.006343126 -0.03426653 -0.04246455 0.005950629 -0.0347718 -0.04254186 0.005939006 -0.03476148 -0.04246455 0.005507111 -0.03523355 -0.04254186 0.005496382 -0.03522235 -0.04246455 0.00502789 -0.03565806 -0.04254186 0.005018115 -0.03564602 -0.04246455 0.004516065 -0.03604269 -0.04254186 0.004507243 -0.03602993 -0.04246455 0.003974974 -0.03638488 -0.04254186 0.003967225 -0.0363714 -0.04246455 0.003408074 -0.03668242 -0.04254186 0.003401398 -0.03666836 -0.04246455 0.002819061 -0.03693336 -0.04254186 0.002813577 -0.03691881 -0.04246455 0.002211809 -0.03713607 -0.04254186 0.002207458 -0.03712117 -0.04246455 0.001590192 -0.03728932 -0.04246455 9.58267e-4 -0.03739202 -0.04246455 3.20114e-4 -0.03744351 -0.04246455 -3.20114e-4 -0.03744351 -0.04246455 -9.58267e-4 -0.03739202 -0.04246455 -0.001590192 -0.03728932 -0.04246455 -0.002211809 -0.03713607 -0.04246455 -0.002819061 -0.03693336 -0.04246455 -0.003408074 -0.03668242 -0.04246455 -0.003974974 -0.03638488 -0.04246455 -0.004516065 -0.03604269 -0.04246455 -0.00502789 -0.03565806 -0.04246455 -0.005507111 -0.03523355 -0.04246455 -0.005950629 -0.0347718 -0.04246455 -0.006355524 -0.03427588 -0.04246455 -0.006719231 -0.03374898 -0.04246455 -0.007039368 -0.03319454 -0.04246455 -0.007313787 -0.03261613 -0.04246455 -0.007540822 -0.03201746 -0.04246455 -0.00771898 -0.03140252 -0.04246455 -0.007847011 -0.03077524 -0.04246455 -0.007924199 -0.03013968 -0.04246455 -0.007949948 -0.02949994 -0.04246455 -0.007924199 -0.02886027 -0.04246455 -0.007847011 -0.0282247 -0.04246455 -0.00771898 -0.02759742 -0.04246455 -0.007540822 -0.02698248 -0.04246455 -0.007313787 -0.02638381 -0.04246455 -0.007039368 -0.02580541 -0.04246455 -0.006719231 -0.02525097 -0.04246455 -0.006355524 -0.02472406 -0.04246455 -0.005950629 -0.02422815 -0.04246455 -0.005507111 -0.02376639 -0.04246455 -0.00502789 -0.02334189 -0.04246455 -0.004516065 -0.02295726 -0.04246455 -0.003974974 -0.02261507 -0.04246455 -0.003408074 -0.02231752 -0.04246455 -0.002819061 -0.02206659 -0.04246455 -0.002211809 -0.02186387 -0.04246455 -0.001590192 -0.02171063 -0.04246455 -9.58267e-4 -0.02160793 -0.04246455 -3.20114e-4 -0.02155643 -0.04260712 0.007864654 -0.03013485 -0.04260712 0.007890224 -0.02949994 -0.04260712 0.007864654 -0.02886509 -0.04260712 0.007788062 -0.0282343 -0.04219996 -0.007847011 -0.03077524 -0.04219996 -0.007949948 -0.02949994 -0.04219996 -0.007540822 -0.03201746 -0.04219996 -0.007039368 -0.03319454 -0.04219996 -0.006355524 -0.03427588 -0.04219996 -0.005507111 -0.03523355 -0.04219996 -0.004516065 -0.03604269 -0.04219996 -0.003408074 -0.03668242 -0.04219996 -0.002211809 -0.03713607 -0.04219996 -9.58267e-4 -0.03739202 -0.04219996 3.20114e-4 -0.03744351 -0.04219996 0.001590192 -0.03728932 -0.04219996 0.002819061 -0.03693336 -0.04219996 0.003974974 -0.03638488 -0.04219996 0.00502789 -0.03565806 -0.04219996 0.005950629 -0.0347718 -0.04219996 0.006719231 -0.03374898 -0.04219996 0.007313787 -0.03261613 -0.04219996 0.00771898 -0.03140252 -0.04219996 0.007924199 -0.03013968 -0.04219996 0.007924199 -0.02886027 -0.04219996 0.00771898 -0.02759742 -0.04219996 0.007313787 -0.02638381 -0.04219996 0.006719231 -0.02525097 -0.04219996 0.005950629 -0.02422815 -0.04219996 0.00502789 -0.02334189 -0.04219996 0.003974974 -0.02261507 -0.04219996 0.002819061 -0.02206659 -0.04219996 0.001590192 -0.02171063 -0.04219996 3.20114e-4 -0.02155643 -0.04219996 -9.58267e-4 -0.02160793 -0.04219996 -0.002211809 -0.02186387 -0.04219996 -0.003408074 -0.02231752 -0.04219996 -0.004516065 -0.02295726 -0.04219996 -0.005507111 -0.02376639 -0.04219996 -0.006355524 -0.02472406 -0.04219996 -0.007039368 -0.02580541 -0.04219996 -0.007540822 -0.02698248 -0.04219996 -0.007847011 -0.0282247 -0.04219996 0 -0.02949994 0.01767766 0.01767766 -0.006199955 0.01507955 0.01617765 -0.004397392 0.01617765 0.01507955 -0.004397392 0.01467764 0.01767766 -0.004397392 0.01917767 0.01507955 -0.004397392 0.02027571 0.01617765 -0.004397392 0.01767766 0.01467764 -0.004397392 0.02027571 0.01917767 -0.004397392 0.01917767 0.02027571 -0.004397392 0.02067762 0.01767766 -0.004397392 0.01617765 0.02027571 -0.004397392 0.01507955 0.01917767 -0.004397392 0.01767766 0.02067762 -0.004397392 -0.01767766 -0.01767766 -0.006199955 -0.02027571 -0.01917767 -0.004397392 -0.01917767 -0.02027571 -0.004397392 -0.02067762 -0.01767766 -0.004397392 -0.01617765 -0.02027571 -0.004397392 -0.01507955 -0.01917767 -0.004397392 -0.01767766 -0.02067762 -0.004397392 -0.01507955 -0.01617765 -0.004397392 -0.01617765 -0.01507955 -0.004397392 -0.01467764 -0.01767766 -0.004397392 -0.01917767 -0.01507955 -0.004397392 -0.02027571 -0.01617765 -0.004397392 -0.01767766 -0.01467764 -0.004397392 -0.02499997 0 -0.01099997 -0.02716505 -0.001249969 -0.009497821 -0.02625 -0.002165019 -0.009497821 -0.02749997 0 -0.009497821 -0.02374994 -0.002165019 -0.009497821 -0.02283489 -0.001249969 -0.009497821 -0.02499997 -0.002499997 -0.009497821 -0.02283489 0.001249969 -0.009497821 -0.02374994 0.002165019 -0.009497821 -0.02249997 0 -0.009497821 -0.02625 0.002165019 -0.009497821 -0.02716505 0.001249969 -0.009497821 -0.02499997 0.002499997 -0.009497821 0 0.02499997 -0.01099997 -0.002165019 0.02374994 -0.009497821 -0.001249969 0.02283489 -0.009497821 -0.002499997 0.02499997 -0.009497821 0.001249969 0.02283489 -0.009497821 0.002165019 0.02374994 -0.009497821 0 0.02249997 -0.009497821 0.002165019 0.02625 -0.009497821 0.001249969 0.02716505 -0.009497821 0.002499997 0.02499997 -0.009497821 -0.001249969 0.02716505 -0.009497821 -0.002165019 0.02625 -0.009497821 0 0.02749997 -0.009497821 0.02499997 0 -0.01099997 0.02283489 -0.001249969 -0.009497821 0.02374994 -0.002165019 -0.009497821 0.02249997 0 -0.009497821 0.02625 -0.002165019 -0.009497821 0.02716505 -0.001249969 -0.009497821 0.02499997 -0.002499997 -0.009497821 0.02716505 0.001249969 -0.009497821 0.02625 0.002165019 -0.009497821 0.02749997 0 -0.009497821 0.02374994 0.002165019 -0.009497821 0.02283489 0.001249969 -0.009497821 0.02499997 0.002499997 -0.009497821 0 -0.02499997 -0.01099997 -0.002165019 -0.02625 -0.009497821 -0.001249969 -0.02716505 -0.009497821 -0.002499997 -0.02499997 -0.009497821 0.001249969 -0.02716505 -0.009497821 0.002165019 -0.02625 -0.009497821 0 -0.02749997 -0.009497821 0.002165019 -0.02374994 -0.009497821 0.001249969 -0.02283489 -0.009497821 0.002499997 -0.02499997 -0.009497821 -0.001249969 -0.02283489 -0.009497821 -0.002165019 -0.02374994 -0.009497821 0 -0.02249997 -0.009497821 -0.01574999 0 -0.006299972 -0.01511198 -0.004437267 -0.006299972 0 0 -0.006299972 -0.01031404 0.01190304 -0.006299972 -0.01324969 0.008515059 -0.006299972 -0.01511198 0.004437267 -0.006299972 0.002241432 0.01558965 -0.006299972 -0.002241432 0.01558965 -0.006299972 -0.006542742 0.01432669 -0.006299972 0.01324969 0.008515059 -0.006299972 0.01031404 0.01190304 -0.006299972 0.006542742 0.01432669 -0.006299972 0.01511198 -0.004437267 -0.006299972 0.01574999 0 -0.006299972 0.01511198 0.004437267 -0.006299972 0.006542742 -0.01432669 -0.006299972 0.01031404 -0.01190304 -0.006299972 0.01324969 -0.008515059 -0.006299972 -0.006542742 -0.01432669 -0.006299972 -0.002241432 -0.01558965 -0.006299972 0.002241432 -0.01558965 -0.006299972 -0.01324969 -0.008515059 -0.006299972 -0.01031404 -0.01190304 -0.006299972 0.01467764 0.01767766 -2.5e-4 0.01507955 0.01617765 -2.5e-4 0.01617765 0.01507955 -2.5e-4 0.01767766 0.01467764 -2.5e-4 0.01917767 0.01507955 -2.5e-4 0.02027571 0.01617765 -2.5e-4 0.02067762 0.01767766 -2.5e-4 0.02027571 0.01917767 -2.5e-4 0.01917767 0.02027571 -2.5e-4 0.01767766 0.02067762 -2.5e-4 0.01617765 0.02027571 -2.5e-4 0.01507955 0.01917767 -2.5e-4 -0.02067762 -0.01767766 -2.5e-4 -0.02027571 -0.01917767 -2.5e-4 -0.01917767 -0.02027571 -2.5e-4 -0.01767766 -0.02067762 -2.5e-4 -0.01617765 -0.02027571 -2.5e-4 -0.01507955 -0.01917767 -2.5e-4 -0.01467764 -0.01767766 -2.5e-4 -0.01507955 -0.01617765 -2.5e-4 -0.01617765 -0.01507955 -2.5e-4 -0.01767766 -0.01467764 -2.5e-4 -0.01917767 -0.01507955 -2.5e-4 -0.02027571 -0.01617765 -2.5e-4 -0.02749997 0 -7.5e-4 -0.02716505 -0.001249969 -7.5e-4 -0.02625 -0.002165019 -7.5e-4 -0.02499997 -0.002499997 -7.5e-4 -0.02374994 -0.002165019 -7.5e-4 -0.02283489 -0.001249969 -7.5e-4 -0.02249997 0 -7.5e-4 -0.02283489 0.001249969 -7.5e-4 -0.02374994 0.002165019 -7.5e-4 -0.02499997 0.002499997 -7.5e-4 -0.02625 0.002165019 -7.5e-4 -0.02716505 0.001249969 -7.5e-4 -0.002499997 0.02499997 -7.5e-4 -0.002165019 0.02374994 -7.5e-4 -0.001249969 0.02283489 -7.5e-4 0 0.02249997 -7.5e-4 0.001249969 0.02283489 -7.5e-4 0.002165019 0.02374994 -7.5e-4 0.002499997 0.02499997 -7.5e-4 0.002165019 0.02625 -7.5e-4 0.001249969 0.02716505 -7.5e-4 0 0.02749997 -7.5e-4 -0.001249969 0.02716505 -7.5e-4 -0.002165019 0.02625 -7.5e-4 0.02249997 0 -7.5e-4 0.02283489 -0.001249969 -7.5e-4 0.02374994 -0.002165019 -7.5e-4 0.02499997 -0.002499997 -7.5e-4 0.02625 -0.002165019 -7.5e-4 0.02716505 -0.001249969 -7.5e-4 0.02749997 0 -7.5e-4 0.02716505 0.001249969 -7.5e-4 0.02625 0.002165019 -7.5e-4 0.02499997 0.002499997 -7.5e-4 0.02374994 0.002165019 -7.5e-4 0.02283489 0.001249969 -7.5e-4 -0.002499997 -0.02499997 -7.5e-4 -0.002165019 -0.02625 -7.5e-4 -0.001249969 -0.02716505 -7.5e-4 0 -0.02749997 -7.5e-4 0.001249969 -0.02716505 -7.5e-4 0.002165019 -0.02625 -7.5e-4 0.002499997 -0.02499997 -7.5e-4 0.002165019 -0.02374994 -7.5e-4 0.001249969 -0.02283489 -7.5e-4 0 -0.02249997 -7.5e-4 -0.001249969 -0.02283489 -7.5e-4 -0.002165019 -0.02374994 -7.5e-4 -0.01516592 -0.004249274 -0.000999987 -0.01508867 -0.004427134 -0.000999987 -0.01345705 -0.008183419 -0.000999987 -0.01321214 -0.008484482 -0.000999987 -0.01075017 -0.01151067 -0.000999987 -0.01027423 -0.0118466 -0.000999987 -0.007246017 -0.01398414 -0.000999987 -0.006513535 -0.01424449 -0.000999987 -0.003204405 -0.01542055 -0.000999987 -0.002234399 -0.01548689 -0.000999987 0.00107479 -0.01571327 -0.000999987 0.002217769 -0.01547574 -0.000999987 0.005274295 -0.0148406 -0.000999987 0.00648421 -0.01421368 -0.000999987 0.009082674 -0.01286727 -0.000999987 0.01022136 -0.0118038 -0.000999987 0.0122174 -0.00993961 -0.000999987 0.01312851 -0.008441388 -0.000999987 0.01444607 -0.006274759 -0.000999987 0.01497191 -0.004397988 -0.000999987 0.0156033 -0.002144575 -0.000999987 0.0156033 0 -0.000999987 0.0156033 0.002144575 -0.000999987 0.01497191 0.004397988 -0.000999987 0.01444607 0.006274759 -0.000999987 0.01312851 0.008441388 -0.000999987 0.0122174 0.00993961 -0.000999987 0.01022136 0.0118038 -0.000999987 0.009082674 0.01286727 -0.000999987 0.00648421 0.01421368 -0.000999987 0.005274295 0.0148406 -0.000999987 0.002217769 0.01547574 -0.000999987 0.00107479 0.01571327 -0.000999987 -0.002234399 0.01548689 -0.000999987 -0.003204405 0.01542055 -0.000999987 -0.006513535 0.01424449 -0.000999987 -0.007246017 0.01398414 -0.000999987 -0.01027423 0.0118466 -0.000999987 -0.01075017 0.01151067 -0.000999987 -0.01321214 0.008484482 -0.000999987 -0.01345705 0.008183419 -0.000999987 -0.01508867 0.004427134 -0.000999987 -0.01516592 0.004249274 -0.000999987 -0.01574999 0 -0.000999987 0.01486307 0.01605266 0 0.01605266 0.01486307 0 0.01767766 0.01442766 0 0.01930266 0.01486307 0 0.02049225 0.01605266 0 0.02092766 0.01767766 0 0.02049225 0.01930266 0 0.01930266 0.02049225 0 0.01767766 0.02092766 0 0.01605266 0.02049225 0 0.01486307 0.01930266 0 0.01442766 0.01767766 0 -0.02049225 -0.01930266 0 -0.01930266 -0.02049225 0 -0.01767766 -0.02092766 0 -0.01605266 -0.02049225 0 -0.01486307 -0.01930266 0 -0.01442766 -0.01767766 0 -0.01486307 -0.01605266 0 -0.01605266 -0.01486307 0 -0.01767766 -0.01442766 0 -0.01930266 -0.01486307 0 -0.02049225 -0.01605266 0 -0.02092766 -0.01767766 0 -0.02781456 -0.001624941 0 -0.02662497 -0.002814531 0 -0.02499997 -0.003249943 0 -0.02337497 -0.002814531 0 -0.02218538 -0.001624941 0 -0.02174997 0 0 -0.02218538 0.001624941 0 -0.02337497 0.002814531 0 -0.02499997 0.003249943 0 -0.02662497 0.002814531 0 -0.02781456 0.001624941 0 -0.02824997 0 0 -0.002814531 0.02337497 0 -0.001624941 0.02218538 0 0 0.02174997 0 0.001624941 0.02218538 0 0.002814531 0.02337497 0 0.003249943 0.02499997 0 0.002814531 0.02662497 0 0.001624941 0.02781456 0 0 0.02824997 0 -0.001624941 0.02781456 0 -0.002814531 0.02662497 0 -0.003249943 0.02499997 0 0.02218538 -0.001624941 0 0.02337497 -0.002814531 0 0.02499997 -0.003249943 0 0.02662497 -0.002814531 0 0.02781456 -0.001624941 0 0.02824997 0 0 0.02781456 0.001624941 0 0.02662497 0.002814531 0 0.02499997 0.003249943 0 0.02337497 0.002814531 0 0.02218538 0.001624941 0 0.02174997 0 0 -0.002814531 -0.02662497 0 -0.001624941 -0.02781456 0 0 -0.02824997 0 0.001624941 -0.02781456 0 0.002814531 -0.02662497 0 0.003249943 -0.02499997 0 0.002814531 -0.02337497 0 0.001624941 -0.02218538 0 0 -0.02174997 0 -0.001624941 -0.02218538 0 -0.002814531 -0.02337497 0 -0.003249943 -0.02499997 0 -0.01612883 0.004519045 0 -0.01431149 0.008702993 0 -0.01420104 0.008838832 0 -0.01143276 0.01224148 0 -0.008838832 0.01407247 0 -0.007706046 0.01487207 0 -0.003407835 0.01639962 0 0.001143038 0.01671093 0 0.005609214 0.01578283 0 0.008838832 0.01410937 0 0.009659349 0.01368421 0 0.01299315 0.0105707 0 0.01404631 0.008838832 0 0.01536327 0.006673216 0 0.01659399 0.002280771 0 0.01659399 -0.002280771 0 0.01536327 -0.006673216 0 0.01404631 -0.008838832 0 0.01299315 -0.0105707 0 0.009659349 -0.01368421 0 0.008838832 -0.01410937 0 0.005609214 -0.01578283 0 0.001143038 -0.01671093 0 -0.003407835 -0.01639962 0 -0.007706046 -0.01487207 0 -0.01143276 -0.01224148 0 -0.008838832 -0.01407247 0 -0.01420104 -0.008838832 0 -0.01431149 -0.008702993 0 -0.01612883 -0.004519045 0 -0.01674997 0 0 -0.001544773 0.03046083 0 -0.007644891 0.02952635 0 -0.008053541 0.02937495 0 -0.008838832 0.02133882 0 -0.02159357 0.02133882 0 -0.02133882 0.02133882 0 -0.02133882 0.02158099 0 -0.03034347 -0.003085613 0 0.03049999 0 0 0.02987563 0.006139576 0 0.02937495 0.007735311 0 0.02133882 0.008838832 0 0.02133882 -0.008838832 0 0.02937495 -0.007735311 0 0.02987563 -0.006139576 0 0.02902877 -0.008838832 0 0.02167218 -0.02133882 0 0.02503323 -0.01742362 0 0.02802819 -0.0120278 0 0.008838832 -0.02133882 0 0.008838832 -0.02905553 0 0.01059275 -0.0286014 0 0.02133882 -0.0217272 0 0.02133882 -0.02133882 0 0.02101343 -0.02210617 0 0.01613336 -0.02588361 0 -0.001544773 -0.03046083 0 -0.007644891 -0.02952635 0 -0.008838832 -0.02908414 0 -0.008838832 -0.02133882 0 0.004618525 -0.03014826 0 -0.02133882 -0.02158099 0 -0.01866918 -0.02411866 0 -0.01343202 -0.02738302 0 -0.02133882 -0.008838832 0 -0.02916115 -0.008838832 0 -0.02910125 -0.009130537 0 -0.02666753 -0.01480168 0 -0.02314209 -0.01986682 0 -0.02133882 -0.02133882 0 -0.02159357 -0.02133882 0 -0.03034347 0.003085613 0 -0.02916115 0.008838832 0 -0.02133882 0.008838832 0 -0.02910125 0.009130537 0 -0.02666753 0.01480168 0 -0.02314209 0.01986682 0 -0.01866918 0.02411866 0 -0.01343202 0.02738302 0 -0.008838832 0.02908414 0 0.008838832 0.02133882 0 0.007605135 0.02937495 0 0.008838832 0.02905553 0 0.004618525 0.03014826 0 0.01059275 0.0286014 0 0.01613336 0.02588361 0 0.02503323 0.01742362 0 0.02167218 0.02133882 0 0.02133882 0.02133882 0 0.02133882 0.0217272 0 0.02101343 0.02210617 0 0.02802819 0.0120278 0 0.02902877 0.008838832 0 0.02585405 -0.01799494 -0.000999987 0.02894717 -0.0124222 -0.000999987 -0.01928132 -0.02490943 -0.000999987 -0.01387238 -0.02828079 -0.000999987 -0.01387238 0.02828079 -0.000999987 -0.01928132 0.02490943 -0.000999987 0.03085517 0.006340861 -0.000999987 0.02894717 0.0124222 -0.000999987 0.02585405 0.01799494 -0.000999987 0.0217024 0.02283096 -0.000999987 0.01666235 0.02673226 -0.000999987 0.01094007 0.02953916 -0.000999987 -0.007895529 0.03049439 -0.000999987 -0.001595437 0.03145956 -0.000999987 0.004769921 0.03113675 -0.000999987 -0.02390086 0.02051818 -0.000999987 -0.03005534 0.009429931 -0.000999987 -0.02754187 0.01528698 -0.000999987 -0.02390086 -0.02051818 -0.000999987 -0.02754187 -0.01528698 -0.000999987 -0.03005534 -0.009429931 -0.000999987 -0.03133833 -0.003186762 -0.000999987 -0.03149998 0 -0.000999987 -0.03133833 0.003186762 -0.000999987 0.004769921 -0.03113675 -0.000999987 -0.001595437 -0.03145956 -0.000999987 -0.007895529 -0.03049439 -0.000999987 0.0217024 -0.02283096 -0.000999987 0.01666235 -0.02673226 -0.000999987 0.01094007 -0.02953916 -0.000999987 0.03085517 -0.006340861 -0.000999987 0.03149998 0 -0.000999987 -0.03133833 0.003186762 -0.006499946 -0.03005534 0.009429931 -0.006499946 -0.02754187 0.01528698 -0.006499946 -0.02390086 0.02051818 -0.006499946 -0.01928132 0.02490943 -0.006499946 -0.01387238 0.02828079 -0.006499946 -0.007895529 0.03049439 -0.006499946 -0.001595437 0.03145956 -0.006499946 0.004769921 0.03113675 -0.006499946 0.01094007 0.02953916 -0.006499946 0.01666235 0.02673226 -0.006499946 0.0217024 0.02283096 -0.006499946 0.02585405 0.01799494 -0.006499946 0.02894717 0.0124222 -0.006499946 0.03085517 0.006340861 -0.006499946 0.03149998 0 -0.006499946 0.03085517 -0.006340861 -0.006499946 0.02894717 -0.0124222 -0.006499946 0.02585405 -0.01799494 -0.006499946 0.0217024 -0.02283096 -0.006499946 0.01666235 -0.02673226 -0.006499946 0.01094007 -0.02953916 -0.006499946 0.004769921 -0.03113675 -0.006499946 -0.001595437 -0.03145956 -0.006499946 -0.007895529 -0.03049439 -0.006499946 -0.01387238 -0.02828079 -0.006499946 -0.01928132 -0.02490943 -0.006499946 -0.02390086 -0.02051818 -0.006499946 -0.02754187 -0.01528698 -0.006499946 -0.03005534 -0.009429931 -0.006499946 -0.03133833 -0.003186762 -0.006499946 -0.02871543 0.02996116 -0.006499946 -0.03336584 0.02467727 -0.006499946 -0.03705638 0.01868343 -0.006499946 -0.03968089 0.01215213 -0.006499946 -0.04116386 0.005271196 -0.006499946 -0.0414626 -0.001761257 -0.006499946 -0.04056853 -0.008743166 -0.006499946 -0.03850734 -0.01547354 -0.006499946 -0.03533846 -0.02175873 -0.006499946 -0.0311529 -0.02741795 -0.006499946 -0.02607113 -0.03228843 -0.006499946 0.01045703 0.04016089 -0.006499946 0.003519415 0.04135048 -0.006499946 -0.003519415 0.04135048 -0.006499946 -0.01045703 0.04016089 -0.006499946 -0.01709389 0.03781592 -0.006499946 -0.02323895 0.03438311 -0.006499946 -0.02023929 -0.03623008 -0.006499946 -0.01382529 -0.03912937 -0.006499946 -0.007013499 -0.04090303 -0.006499946 0 -0.04149997 -0.006499946 0.007013499 -0.04090303 -0.006499946 0.01382529 -0.03912937 -0.006499946 0.02023929 -0.03623008 -0.006499946 0.03968089 0.01215213 -0.006499946 0.03705638 0.01868343 -0.006499946 0.03336584 0.02467727 -0.006499946 0.02871543 0.02996116 -0.006499946 0.02323895 0.03438311 -0.006499946 0.01709389 0.03781592 -0.006499946 0.02607113 -0.03228843 -0.006499946 0.0311529 -0.02741795 -0.006499946 0.03533846 -0.02175873 -0.006499946 0.03850734 -0.01547354 -0.006499946 0.04056853 -0.008743166 -0.006499946 0.0414626 -0.001761257 -0.006499946 0.04116386 0.005271196 -0.006499946 0 0.04329997 -0.06149995 0.007317721 0.04267716 -0.06149995 0 0 -0.06149995 -0.02111715 0.0378015 -0.06149995 -0.01442492 0.04082655 -0.06149995 -0.007317721 0.04267716 -0.06149995 -0.03687119 0.02270245 -0.06149995 -0.03250408 0.02860718 -0.06149995 -0.02720189 0.0336889 -0.06149995 -0.04326093 0.00183767 -0.06149995 -0.04232811 0.009122371 -0.06149995 -0.04017758 0.01614463 -0.06149995 -0.03866368 -0.01949381 -0.06149995 -0.04140198 -0.01267921 -0.06149995 -0.04294925 -0.005499839 -0.06149995 -0.02424687 -0.03587442 -0.06149995 -0.02996093 -0.03126066 -0.06149995 -0.03481304 -0.02574759 -0.06149995 -0.003672063 -0.04314398 -0.06149995 -0.01091063 -0.04190284 -0.06149995 -0.01783531 -0.03945618 -0.06149995 0.01783531 -0.03945618 -0.06149995 0.01091063 -0.04190284 -0.06149995 0.003672063 -0.04314398 -0.06149995 0.03481304 -0.02574759 -0.06149995 0.02996093 -0.03126066 -0.06149995 0.02424687 -0.03587442 -0.06149995 0.04294925 -0.005499839 -0.06149995 0.04140198 -0.01267921 -0.06149995 0.03866368 -0.01949381 -0.06149995 0.04017758 0.01614463 -0.06149995 0.04232811 0.009122371 -0.06149995 0.04326093 0.00183767 -0.06149995 0.02720189 0.0336889 -0.06149995 0.03250408 0.02860718 -0.06149995 0.03687119 0.02270245 -0.06149995 0.01442492 0.04082655 -0.06149995 0.02111715 0.0378015 -0.06149995 0.00183618 -0.04334366 -0.008499979 0.007351517 -0.04287427 -0.008499979 0.009134888 -0.04240989 -0.008499979 0.01449155 -0.04101514 -0.008499979 0.01617079 -0.04025608 -0.008499979 0.02121472 -0.03797608 -0.008499979 0.02274155 -0.03694415 -0.008499979 0.02732753 -0.03384453 -0.008499979 0.02865803 -0.0325694 -0.008499979 0.03265422 -0.02873933 -0.008499979 0.03375005 -0.02725768 -0.008499979 0.03704148 -0.02280735 -0.008499979 0.03787118 -0.02116179 -0.008499979 0.04036313 -0.01621925 -0.008499979 0.04090279 -0.01445716 -0.008499979 0.04252362 -0.009164512 -0.008499979 0.04275768 -0.007336556 -0.008499979 0.04346078 -0.001846134 -0.008499979 0.04338258 -4.98745e-6 -0.008499979 0.04314762 0.005525231 -0.008499979 0.04275941 0.007326722 -0.008499979 0.04159325 0.01273775 -0.008499979 0.04090613 0.01444774 -0.008499979 0.03884226 0.01958382 -0.008499979 0.037876 0.02115309 -0.008499979 0.03497385 0.0258665 -0.008499979 0.03375631 0.02724993 -0.008499979 0.03009933 0.03140509 -0.008499979 0.02866548 0.03256279 -0.008499979 0.02435886 0.03604012 -0.008499979 0.02275002 0.0369389 -0.008499979 0.01791769 0.0396384 -0.008499979 0.01618009 0.04025232 -0.008499979 0.01096099 0.04209637 -0.008499979 0.009144663 0.04240781 -0.008499979 0.00368905 0.04334324 -0.008499979 0.001846134 0.04334324 -0.008499979 -0.00368905 0.04334324 -0.008499979 -0.005505383 0.04303181 -0.008499979 -0.01096099 0.04209637 -0.008499979 -0.01269859 0.04148244 -0.008499979 -0.01791769 0.0396384 -0.008499979 -0.01952654 0.03873968 -0.008499979 -0.02435886 0.03604012 -0.008499979 -0.02579271 0.03488242 -0.008499979 -0.03009933 0.03140509 -0.008499979 -0.03131687 0.03002166 -0.008499979 -0.03497385 0.0258665 -0.008499979 -0.03594005 0.02429723 -0.008499979 -0.03884226 0.01958382 -0.008499979 -0.03952938 0.01787388 -0.008499979 -0.04159325 0.01273775 -0.008499979 -0.04198145 0.01093626 -0.008499979 -0.04314762 0.005525231 -0.008499979 -0.04326504 0.003684043 -0.008499979 -0.04349994 0 -0.008499979 -0.04346078 -0.001846134 -0.008499979 -0.04322671 -0.003674089 -0.008499979 -0.04252362 -0.009164512 -0.008499979 -0.04198402 -0.0109266 -0.008499979 -0.04036313 -0.01621925 -0.008499979 -0.03953349 -0.01786476 -0.008499979 -0.03704148 -0.02280735 -0.008499979 -0.03594565 -0.02428901 -0.008499979 -0.03265422 -0.02873933 -0.008499979 -0.03132373 -0.03001445 -0.008499979 -0.02732753 -0.03384453 -0.008499979 -0.0258007 -0.03487646 -0.008499979 -0.02121472 -0.03797608 -0.008499979 -0.01953542 -0.03873515 -0.008499979 -0.01449155 -0.04101514 -0.008499979 -0.01270812 -0.04147952 -0.008499979 -0.007351517 -0.04287427 -0.008499979 -0.005515277 -0.04303056 -0.008499979 0 -0.04349994 -0.008499979 0.00183618 0.04334366 -0.06129997 0.007351517 0.04287427 -0.06129997 0.009134888 0.04240989 -0.06129997 0.01449155 0.04101514 -0.06129997 0.01617079 0.04025608 -0.06129997 0.02121472 0.03797608 -0.06129997 0.02274155 0.03694415 -0.06129997 0.02732753 0.03384453 -0.06129997 0.02865803 0.0325694 -0.06129997 0.03265422 0.02873933 -0.06129997 0.03375005 0.02725768 -0.06129997 0.03704148 0.02280735 -0.06129997 0.03787118 0.02116179 -0.06129997 0.04036313 0.01621925 -0.06129997 0.04090279 0.01445716 -0.06129997 0.04252362 0.009164512 -0.06129997 0.04275768 0.007336556 -0.06129997 0.04346078 0.001846134 -0.06129997 0.04349994 0 -0.06129997 0.04314762 -0.005525231 -0.06129997 0.04275941 -0.007326722 -0.06129997 0.04159325 -0.01273775 -0.06129997 0.04090613 -0.01444774 -0.06129997 0.03884226 -0.01958382 -0.06129997 0.037876 -0.02115309 -0.06129997 0.03497385 -0.0258665 -0.06129997 0.03375631 -0.02724993 -0.06129997 0.03009933 -0.03140509 -0.06129997 0.02866548 -0.03256279 -0.06129997 0.02435886 -0.03604012 -0.06129997 0.02275002 -0.0369389 -0.06129997 0.01791769 -0.0396384 -0.06129997 0.01618009 -0.04025232 -0.06129997 0.01096099 -0.04209637 -0.06129997 0.009144663 -0.04240781 -0.06129997 0.00368905 -0.04334324 -0.06129997 0.001846134 -0.04334324 -0.06129997 -0.00368905 -0.04334324 -0.06129997 -0.005505383 -0.04303181 -0.06129997 -0.01096099 -0.04209637 -0.06129997 -0.01269859 -0.04148244 -0.06129997 -0.01791769 -0.0396384 -0.06129997 -0.01952654 -0.03873968 -0.06129997 -0.02435886 -0.03604012 -0.06129997 -0.02579271 -0.03488242 -0.06129997 -0.03009933 -0.03140509 -0.06129997 -0.03131687 -0.03002166 -0.06129997 -0.03497385 -0.0258665 -0.06129997 -0.03594005 -0.02429723 -0.06129997 -0.03884226 -0.01958382 -0.06129997 -0.03952938 -0.01787388 -0.06129997 -0.04159325 -0.01273775 -0.06129997 -0.04198145 -0.01093626 -0.06129997 -0.04314762 -0.005525231 -0.06129997 -0.04322588 -0.003684043 -0.06129997 -0.04346078 0.001846134 -0.06129997 -0.04322671 0.003674089 -0.06129997 -0.04252362 0.009164512 -0.06129997 -0.04198402 0.0109266 -0.06129997 -0.04036313 0.01621925 -0.06129997 -0.03953349 0.01786476 -0.06129997 -0.03704148 0.02280735 -0.06129997 -0.03594565 0.02428901 -0.06129997 -0.03265422 0.02873933 -0.06129997 -0.03132373 0.03001445 -0.06129997 -0.02732753 0.03384453 -0.06129997 -0.0258007 0.03487646 -0.06129997 -0.02121472 0.03797608 -0.06129997 -0.01953542 0.03873515 -0.06129997 -0.01449155 0.04101514 -0.06129997 -0.01270812 0.04147952 -0.06129997 -0.007351517 0.04287427 -0.06129997 -0.005515277 0.04303056 -0.06129997 0 0.04349994 -0.06129997 -0.04322671 0.003674089 -0.01229995 -0.04252362 0.009164512 -0.01229995 -0.04198402 0.0109266 -0.01229995 -0.04036313 0.01621925 -0.01229995 -0.03953349 0.01786476 -0.01229995 -0.03704148 0.02280735 -0.01229995 -0.03594565 0.02428901 -0.01229995 -0.03265422 0.02873933 -0.01229995 -0.03132373 0.03001445 -0.01229995 -0.02732753 0.03384453 -0.01229995 -0.0258007 0.03487646 -0.01229995 -0.02121472 0.03797608 -0.01229995 -0.01953542 0.03873515 -0.01229995 -0.01449155 0.04101514 -0.01229995 -0.01270812 0.04147952 -0.01229995 -0.007351517 0.04287427 -0.01229995 -0.005515277 0.04303056 -0.01229995 0 0.04349994 -0.01229995 0.00183618 0.04334366 -0.01229995 0.007351517 0.04287427 -0.01229995 0.009134888 0.04240989 -0.01229995 0.01449155 0.04101514 -0.01229995 0.01617079 0.04025608 -0.01229995 0.02121472 0.03797608 -0.01229995 0.02274155 0.03694415 -0.01229995 0.02732753 0.03384453 -0.01229995 0.02865803 0.0325694 -0.01229995 0.03265422 0.02873933 -0.01229995 0.03375005 0.02725768 -0.01229995 0.03704148 0.02280735 -0.01229995 0.03787118 0.02116179 -0.01229995 0.04036313 0.01621925 -0.01229995 0.04090279 0.01445716 -0.01229995 0.04252362 0.009164512 -0.01229995 0.04275768 0.007336556 -0.01229995 0.04346078 0.001846134 -0.01229995 0.04349994 0 -0.01229995 0.04314762 -0.005525231 -0.01229995 0.04275941 -0.007326722 -0.01229995 0.04159325 -0.01273775 -0.01229995 0.04090613 -0.01444774 -0.01229995 0.03884226 -0.01958382 -0.01229995 0.037876 -0.02115309 -0.01229995 0.03497385 -0.0258665 -0.01229995 0.03375631 -0.02724993 -0.01229995 0.03009933 -0.03140509 -0.01229995 0.02866548 -0.03256279 -0.01229995 0.02435886 -0.03604012 -0.01229995 0.02275002 -0.0369389 -0.01229995 0.01791769 -0.0396384 -0.01229995 0.01618009 -0.04025232 -0.01229995 0.01096099 -0.04209637 -0.01229995 0.009144663 -0.04240781 -0.01229995 0.00368905 -0.04334324 -0.01229995 0.001846134 -0.04334324 -0.01229995 -0.00368905 -0.04334324 -0.01229995 -0.005505383 -0.04303181 -0.01229995 -0.01096099 -0.04209637 -0.01229995 -0.01269859 -0.04148244 -0.01229995 -0.01791769 -0.0396384 -0.01229995 -0.01952654 -0.03873968 -0.01229995 -0.02435886 -0.03604012 -0.01229995 -0.02579271 -0.03488242 -0.01229995 -0.03009933 -0.03140509 -0.01229995 -0.03131687 -0.03002166 -0.01229995 -0.03497385 -0.0258665 -0.01229995 -0.03594005 -0.02429723 -0.01229995 -0.03884226 -0.01958382 -0.01229995 -0.03952938 -0.01787388 -0.01229995 -0.04159325 -0.01273775 -0.01229995 -0.04198145 -0.01093626 -0.01229995 -0.04314762 -0.005525231 -0.01229995 -0.04322588 -0.003684043 -0.01229995 -0.04346078 0.001846134 -0.01229995 -0.04349994 0 -0.05319994 -0.04326504 0.003684043 -0.05319994 -0.04314762 0.005525231 -0.05319994 -0.04198145 0.01093626 -0.05319994 -0.04159325 0.01273775 -0.05319994 -0.03952938 0.01787388 -0.05319994 -0.03884226 0.01958382 -0.05319994 -0.03594005 0.02429723 -0.05319994 -0.03497385 0.0258665 -0.05319994 -0.03131687 0.03002166 -0.05319994 -0.03009933 0.03140509 -0.05319994 -0.02579271 0.03488242 -0.05319994 -0.02435886 0.03604012 -0.05319994 -0.01952654 0.03873968 -0.05319994 -0.01791769 0.0396384 -0.05319994 -0.01269859 0.04148244 -0.05319994 -0.01096099 0.04209637 -0.05319994 -0.005505383 0.04303181 -0.05319994 -0.00368905 0.04334324 -0.05319994 0.001846134 0.04334324 -0.05319994 0.00368905 0.04334324 -0.05319994 0.009144663 0.04240781 -0.05319994 0.01096099 0.04209637 -0.05319994 0.01618009 0.04025232 -0.05319994 0.01791769 0.0396384 -0.05319994 0.02275002 0.0369389 -0.05319994 0.02435886 0.03604012 -0.05319994 0.02866548 0.03256279 -0.05319994 0.03009933 0.03140509 -0.05319994 0.03375631 0.02724993 -0.05319994 0.03497385 0.0258665 -0.05319994 0.037876 0.02115309 -0.05319994 0.03884226 0.01958382 -0.05319994 0.04090613 0.01444774 -0.05319994 0.04159325 0.01273775 -0.05319994 0.04275941 0.007326722 -0.05319994 0.04314762 0.005525231 -0.05319994 0.04338258 -4.98745e-6 -0.05319994 0.04346078 -0.001846134 -0.05319994 0.04275768 -0.007336556 -0.05319994 0.04252362 -0.009164512 -0.05319994 0.04090279 -0.01445716 -0.05319994 0.04036313 -0.01621925 -0.05319994 0.03787118 -0.02116179 -0.05319994 0.03704148 -0.02280735 -0.05319994 0.03375005 -0.02725768 -0.05319994 0.03265422 -0.02873933 -0.05319994 0.02865803 -0.0325694 -0.05319994 0.02732753 -0.03384453 -0.05319994 0.02274155 -0.03694415 -0.05319994 0.02121472 -0.03797608 -0.05319994 0.01617079 -0.04025608 -0.05319994 0.01449155 -0.04101514 -0.05319994 0.009134888 -0.04240989 -0.05319994 0.007351517 -0.04287427 -0.05319994 0.00183618 -0.04334366 -0.05319994 0 -0.04349994 -0.05319994 -0.005515277 -0.04303056 -0.05319994 -0.007351517 -0.04287427 -0.05319994 -0.01270812 -0.04147952 -0.05319994 -0.01449155 -0.04101514 -0.05319994 -0.01953542 -0.03873515 -0.05319994 -0.02121472 -0.03797608 -0.05319994 -0.0258007 -0.03487646 -0.05319994 -0.02732753 -0.03384453 -0.05319994 -0.03132373 -0.03001445 -0.05319994 -0.03265422 -0.02873933 -0.05319994 -0.03594565 -0.02428901 -0.05319994 -0.03704148 -0.02280735 -0.05319994 -0.03953349 -0.01786476 -0.05319994 -0.04036313 -0.01621925 -0.05319994 -0.04198402 -0.0109266 -0.05319994 -0.04252362 -0.009164512 -0.05319994 -0.04322671 -0.003674089 -0.05319994 -0.04346078 -0.001846134 -0.05319994 0.007317721 0.04267716 -0.01249998 0 0.04329997 -0.01249998 0.01442492 0.04082655 -0.01249998 0.02111715 0.0378015 -0.01249998 0.02720189 0.0336889 -0.01249998 0.03250408 0.02860718 -0.01249998 0.03687119 0.02270245 -0.01249998 0.04017758 0.01614463 -0.01249998 0.04232811 0.009122371 -0.01249998 0.04326093 0.00183767 -0.01249998 0.04294925 -0.005499839 -0.01249998 0.04140198 -0.01267921 -0.01249998 0.03866368 -0.01949381 -0.01249998 0.03481304 -0.02574759 -0.01249998 0.02996093 -0.03126066 -0.01249998 0.02424687 -0.03587442 -0.01249998 0.01783531 -0.03945618 -0.01249998 0.01091063 -0.04190284 -0.01249998 0.003672063 -0.04314398 -0.01249998 -0.003672063 -0.04314398 -0.01249998 -0.01091063 -0.04190284 -0.01249998 -0.01783531 -0.03945618 -0.01249998 -0.02424687 -0.03587442 -0.01249998 -0.02996093 -0.03126066 -0.01249998 -0.03481304 -0.02574759 -0.01249998 -0.03866368 -0.01949381 -0.01249998 -0.04140198 -0.01267921 -0.01249998 -0.04294925 -0.005499839 -0.01249998 -0.04326093 0.00183767 -0.01249998 -0.04232811 0.009122371 -0.01249998 -0.04017758 0.01614463 -0.01249998 -0.03687119 0.02270245 -0.01249998 -0.03250408 0.02860718 -0.01249998 -0.02720189 0.0336889 -0.01249998 -0.02111715 0.0378015 -0.01249998 -0.01442492 0.04082655 -0.01249998 -0.007317721 0.04267716 -0.01249998 0.007317721 -0.04267716 -0.05299997 0 -0.04329997 -0.05299997 0.01442492 -0.04082655 -0.05299997 0.02111715 -0.0378015 -0.05299997 0.02720189 -0.0336889 -0.05299997 0.03250408 -0.02860718 -0.05299997 0.03687119 -0.02270245 -0.05299997 0.04017758 -0.01614463 -0.05299997 0.04232811 -0.009122371 -0.05299997 0.04326093 -0.00183767 -0.05299997 0.04294925 0.005499839 -0.05299997 0.04140198 0.01267921 -0.05299997 0.03866368 0.01949381 -0.05299997 0.03481304 0.02574759 -0.05299997 0.02996093 0.03126066 -0.05299997 0.02424687 0.03587442 -0.05299997 0.01783531 0.03945618 -0.05299997 0.01091063 0.04190284 -0.05299997 0.003672063 0.04314398 -0.05299997 -0.003672063 0.04314398 -0.05299997 -0.01091063 0.04190284 -0.05299997 -0.01783531 0.03945618 -0.05299997 -0.02424687 0.03587442 -0.05299997 -0.02996093 0.03126066 -0.05299997 -0.03481304 0.02574759 -0.05299997 -0.03866368 0.01949381 -0.05299997 -0.04140198 0.01267921 -0.05299997 -0.04294925 0.005499839 -0.05299997 -0.04326093 -0.00183767 -0.05299997 -0.04232811 -0.009122371 -0.05299997 -0.04017758 -0.01614463 -0.05299997 -0.03687119 -0.02270245 -0.05299997 -0.03250408 -0.02860718 -0.05299997 -0.02720189 -0.0336889 -0.05299997 -0.02111715 -0.0378015 -0.05299997 -0.01442492 -0.04082655 -0.05299997 -0.007317721 -0.04267716 -0.05299997 0.03049939 -0.02664649 -0.01249998 0.02525132 -0.03166413 -0.01249998 0.01919168 -0.03566408 -0.01249998 0.01251518 -0.03851777 -0.01249998 0.00543642 -0.04013341 -0.01249998 -0.001816987 -0.04045921 -0.01249998 -0.009012043 -0.03948456 -0.01249998 -0.01591747 -0.03724086 -0.01249998 -0.02231132 -0.03380018 -0.01249998 -0.02798801 -0.02927315 -0.01249998 -0.03276515 -0.02380526 -0.01249998 -0.03648918 -0.01757228 -0.01249998 -0.03904044 -0.01077449 -0.01249998 -0.0403369 -0.00363034 -0.01249998 -0.0403369 0.00363034 -0.01249998 -0.03904044 0.01077449 -0.01249998 -0.03648918 0.01757228 -0.01249998 -0.03276515 0.02380526 -0.01249998 -0.02798801 0.02927315 -0.01249998 -0.02231132 0.03380018 -0.01249998 -0.01591747 0.03724086 -0.01249998 -0.009012043 0.03948456 -0.01249998 -0.001816987 0.04045921 -0.01249998 0.00543642 0.04013341 -0.01249998 0.01251518 0.03851777 -0.01249998 0.01919168 0.03566408 -0.01249998 0.02525132 0.03166413 -0.01249998 0.03049939 0.02664649 -0.01249998 0.03476715 0.02077239 -0.01249998 0.03791749 0.01423066 -0.01249998 0.0398491 0.007231533 -0.01249998 0.04049998 0 -0.01249998 0.0398491 -0.007231533 -0.01249998 0.03791749 -0.01423066 -0.01249998 0.03476715 -0.02077239 -0.01249998 0 0.04149997 -0.05299997 -0.00720638 0.04086947 -0.05299997 -0.01419383 0.03899723 -0.05299997 -0.02074998 0.03594005 -0.05299997 -0.02667564 0.03179079 -0.05299997 -0.03179079 0.02667564 -0.05299997 -0.03594005 0.02074998 -0.05299997 -0.03899723 0.01419383 -0.05299997 -0.04086947 0.00720638 -0.05299997 -0.04149997 0 -0.05299997 -0.04086947 -0.00720638 -0.05299997 -0.03899723 -0.01419383 -0.05299997 -0.03594005 -0.02074998 -0.05299997 -0.03179079 -0.02667564 -0.05299997 -0.02667564 -0.03179079 -0.05299997 -0.02074998 -0.03594005 -0.05299997 -0.01419383 -0.03899723 -0.05299997 -0.00720638 -0.04086947 -0.05299997 0 -0.04149997 -0.05299997 0.00720638 -0.04086947 -0.05299997 0.01419383 -0.03899723 -0.05299997 0.02074998 -0.03594005 -0.05299997 0.02667564 -0.03179079 -0.05299997 0.03179079 -0.02667564 -0.05299997 0.03594005 -0.02074998 -0.05299997 0.03899723 -0.01419383 -0.05299997 0.04086947 -0.00720638 -0.05299997 0.04149997 0 -0.05299997 0.04086947 0.00720638 -0.05299997 0.03899723 0.01419383 -0.05299997 0.03594005 0.02074998 -0.05299997 0.03179079 0.02667564 -0.05299997 0.02667564 0.03179079 -0.05299997 0.02074998 0.03594005 -0.05299997 0.01419383 0.03899723 -0.05299997 0.00720638 0.04086947 -0.05299997 0.04219996 0 -0.03749996 0.04219996 0.003061413 -0.03689098 0.04219996 0 -0.02949994 0.04219996 -0.007391035 -0.03256142 0.04219996 -0.005656838 -0.03515684 0.04219996 -0.003061413 -0.03689098 0.04219996 -0.005656838 -0.0238431 0.04219996 -0.007391035 -0.02643853 0.04219996 -0.007999956 -0.02949994 0.04219996 0.003061413 -0.02210891 0.04219996 0 -0.02149999 0.04219996 -0.003061413 -0.02210891 0.04219996 0.007999956 -0.02949994 0.04219996 0.007391035 -0.02643853 0.04219996 0.005656838 -0.0238431 0.04219996 0.005656838 -0.03515684 0.04219996 0.007391035 -0.03256142 -0.04219996 0 -0.02149999 -0.04219996 0.003061413 -0.02210891 -0.04219996 0 -0.02949994 -0.04219996 -0.007391035 -0.02643853 -0.04219996 -0.005656838 -0.0238431 -0.04219996 -0.003061413 -0.02210891 -0.04219996 -0.005656838 -0.03515684 -0.04219996 -0.007391035 -0.03256142 -0.04219996 -0.007999956 -0.02949994 -0.04219996 0.003061413 -0.03689098 -0.04219996 0 -0.03749996 -0.04219996 -0.003061413 -0.03689098 -0.04219996 0.007999956 -0.02949994 -0.04219996 0.007391035 -0.03256142 -0.04219996 0.005656838 -0.03515684 -0.04219996 0.005656838 -0.0238431 -0.04219996 0.007391035 -0.02643853 0.04049998 0 -0.01449996 0.0398491 -0.007231533 -0.01449996 0.03791749 -0.01423066 -0.01449996 0.03476715 -0.02077239 -0.01449996 0.03049939 -0.02664649 -0.01449996 0.02525132 -0.03166413 -0.01449996 0.01919168 -0.03566408 -0.01449996 0.01251518 -0.03851777 -0.01449996 0.00543642 -0.04013341 -0.01449996 -0.001816987 -0.04045921 -0.01449996 -0.009012043 -0.03948456 -0.01449996 -0.01591747 -0.03724086 -0.01449996 -0.02231132 -0.03380018 -0.01449996 -0.02798801 -0.02927315 -0.01449996 -0.03276515 -0.02380526 -0.01449996 -0.03648918 -0.01757228 -0.01449996 -0.03904044 -0.01077449 -0.01449996 -0.0403369 -0.00363034 -0.01449996 -0.0403369 0.00363034 -0.01449996 -0.03904044 0.01077449 -0.01449996 -0.03648918 0.01757228 -0.01449996 -0.03276515 0.02380526 -0.01449996 -0.02798801 0.02927315 -0.01449996 -0.02231132 0.03380018 -0.01449996 -0.01591747 0.03724086 -0.01449996 -0.009012043 0.03948456 -0.01449996 -0.001816987 0.04045921 -0.01449996 0.00543642 0.04013341 -0.01449996 0.01251518 0.03851777 -0.01449996 0.01919168 0.03566408 -0.01449996 0.02525132 0.03166413 -0.01449996 0.03049939 0.02664649 -0.01449996 0.03476715 0.02077239 -0.01449996 0.03791749 0.01423066 -0.01449996 0.0398491 0.007231533 -0.01449996 0.04086947 -0.00720638 -0.04349994 0.03899723 -0.01419383 -0.04349994 0.03594005 -0.02074998 -0.04349994 0.03179079 -0.02667564 -0.04349994 0.02667564 -0.03179079 -0.04349994 0.02074998 -0.03594005 -0.04349994 0.01419383 -0.03899723 -0.04349994 0.00720638 -0.04086947 -0.04349994 0 -0.04149997 -0.04349994 -0.00720638 -0.04086947 -0.04349994 -0.01419383 -0.03899723 -0.04349994 -0.02074998 -0.03594005 -0.04349994 -0.02667564 -0.03179079 -0.04349994 -0.03179079 -0.02667564 -0.04349994 -0.03594005 -0.02074998 -0.04349994 -0.03899723 -0.01419383 -0.04349994 -0.04086947 -0.00720638 -0.04349994 -0.04149997 0 -0.04349994 -0.04086947 0.00720638 -0.04349994 -0.03899723 0.01419383 -0.04349994 -0.03594005 0.02074998 -0.04349994 -0.03179079 0.02667564 -0.04349994 -0.02667564 0.03179079 -0.04349994 -0.02074998 0.03594005 -0.04349994 -0.01419383 0.03899723 -0.04349994 -0.00720638 0.04086947 -0.04349994 0 0.04149997 -0.04349994 0.00720638 0.04086947 -0.04349994 0.01419383 0.03899723 -0.04349994 0.02074998 0.03594005 -0.04349994 0.02667564 0.03179079 -0.04349994 0.03179079 0.02667564 -0.04349994 0.03594005 0.02074998 -0.04349994 0.03899723 0.01419383 -0.04349994 0.04086947 0.00720638 -0.04349994 0.04149997 0 -0.04349994 0.005127668 -0.03949999 -0.02288299 0.002806425 -0.03949999 -0.02119648 0 -0.03949999 -0.02749997 0 -0.03949999 -0.02059996 -0.002806425 -0.03949999 -0.02119648 0.005975544 -0.03949999 -0.03094995 0.006862163 -0.03949999 -0.02822124 0.006562232 -0.03949999 -0.02536773 -0.001434564 -0.03949999 -0.03424918 0.001434564 -0.03949999 -0.03424918 0.004055678 -0.03949999 -0.03308218 -0.006862163 -0.03949999 -0.02822124 -0.005975544 -0.03949999 -0.03094995 -0.004055678 -0.03949999 -0.03308218 -0.005127668 -0.03949999 -0.02288299 -0.006562232 -0.03949999 -0.02536773 0.04251486 -0.007707417 -0.0316388 0.04257637 -0.007375419 -0.03255581 0.04252666 0.007645428 -0.02714473 0.04257851 0.007360577 -0.02645099 0.04323691 7.20211e-4 -0.02153247 0.04324322 0 -0.02149999 0.04318094 0.002241075 -0.02182739 0.04318714 0.002147912 -0.02179372 0.04322254 0.001132369 -0.02160787 0.04287791 0.005470275 -0.02366256 0.04290944 0.005213141 -0.02345508 0.04299098 0.004548311 -0.02291876 0.04301488 0.004298508 -0.02277791 0.04310941 0.003309249 -0.02222013 0.04311245 0.00327742 -0.02220213 0.04312705 0.003056585 -0.02212232 0.04259806 0.00725305 -0.02618908 0.04262691 0.007094383 -0.02580279 0.04269188 0.006704747 -0.02517819 0.04273605 0.006439864 -0.02475363 0.04279851 0.006012678 -0.02427291 0.04285275 0.005642235 -0.02385604 0.0424593 0.007993459 -0.0298224 0.04246246 0.007977247 -0.02950114 0.04246252 0.007977068 -0.02949702 0.04247367 0.007920503 -0.02837514 0.04247397 0.007919132 -0.02836889 0.04252213 0.007668852 -0.02724969 0.04259377 0.007277309 -0.03277611 0.04257506 0.00738281 -0.03255748 0.04256439 0.00744307 -0.03243261 0.04252493 0.007651627 -0.03171914 0.04248726 0.007850825 -0.03103762 0.04247754 0.007900297 -0.0306161 0.04290276 0.005278289 -0.03550571 0.0428524 0.005640745 -0.03514087 0.04279088 0.006083607 -0.03469508 0.04268658 0.006735205 -0.0337733 0.04265588 0.006927013 -0.03350204 0.04313898 0.002926588 -0.0369454 0.04312789 0.003057062 -0.03688198 0.04310214 0.003359138 -0.03673499 0.04304319 0.004051387 -0.03639823 0.0430085 0.004356741 -0.03617924 0.04290872 0.005235135 -0.03554922 0.04323947 2.72728e-5 -0.03748041 0.04324221 2.89914e-4 -0.03749471 0.04322278 0.00116682 -0.03739368 0.04321455 0.001535177 -0.03735131 0.0431742 0.00227791 -0.03713464 0.04322695 -0.001157701 -0.03741574 0.04323798 -1.12138e-4 -0.03747278 0.04323917 1.14567e-6 -0.03747898 0.04312455 -0.003048956 -0.03686034 0.0431751 -0.002360403 -0.0371415 0.04317677 -0.002337574 -0.0371508 0.0432232 -0.001245081 -0.03739613 0.0428521 -0.005646407 -0.03514492 0.0428971 -0.005296409 -0.03545123 0.04297423 -0.004696428 -0.03597635 0.04300427 -0.004403114 -0.03615742 0.04307776 -0.003685593 -0.03660041 0.04309803 -0.00341016 -0.03671288 0.04258728 -0.00731647 -0.03271865 0.04259318 -0.0072847 -0.03280645 0.04268151 -0.006767213 -0.03371638 0.04271584 -0.006565988 -0.03407019 0.04278671 -0.00609982 -0.03464174 0.04283279 -0.005796551 -0.03501355 0.0424627 -0.007976174 -0.02949976 0.04246401 -0.007969558 -0.03019702 0.04247522 -0.00791198 -0.03051728 0.04251378 -0.007713198 -0.0316227 0.04257774 -0.007370054 -0.0263884 0.04257452 -0.00738734 -0.02643972 0.04251641 -0.007698059 -0.02736306 0.04250639 -0.007751643 -0.02752226 0.04247665 -0.00790441 -0.02847492 0.04246169 -0.007981359 -0.02895462 0.04289537 -0.005311965 -0.023561 0.0428521 -0.005637884 -0.02386355 0.0428099 -0.005955338 -0.02415829 0.04278475 -0.006117045 -0.02436816 0.04269683 -0.006682574 -0.0251019 0.04267936 -0.006783604 -0.02529096 0.0425868 -0.007317841 -0.02629071 0.0431658 -0.002522587 -0.0219081 0.04312491 -0.003048837 -0.02213788 0.04309618 -0.003418207 -0.02229911 0.04306238 -0.003852725 -0.02248883 0.0430026 -0.004412591 -0.0228554 0.04295206 -0.004885435 -0.02316498 0.04323941 -2.41743e-4 -0.02151972 0.04322272 -0.001298725 -0.02160608 0.04317319 -0.002364277 -0.02186906 -0.04251486 0.007707417 -0.0316388 -0.04257637 0.007375419 -0.03255581 -0.04252666 -0.007645428 -0.02714473 -0.04257851 -0.007360577 -0.02645099 -0.04323691 -7.20211e-4 -0.02153247 -0.04324322 0 -0.02149999 -0.04318094 -0.002241075 -0.02182739 -0.04318714 -0.002147912 -0.02179372 -0.04322254 -0.001132369 -0.02160787 -0.04301488 -0.004298508 -0.02277791 -0.04310941 -0.003309249 -0.02222013 -0.04287791 -0.005470275 -0.02366256 -0.04290944 -0.005213141 -0.02345508 -0.04299098 -0.004548311 -0.02291876 -0.04311245 -0.00327742 -0.02220213 -0.04312705 -0.003056585 -0.02212232 -0.04259806 -0.00725305 -0.02618908 -0.04262691 -0.007094383 -0.02580279 -0.04269188 -0.006704747 -0.02517819 -0.04273605 -0.006439864 -0.02475363 -0.04279851 -0.006012678 -0.02427291 -0.04285275 -0.005642235 -0.02385604 -0.0424593 -0.007993459 -0.0298224 -0.04246246 -0.007977247 -0.02950114 -0.04246252 -0.007977068 -0.02949702 -0.04247367 -0.007920503 -0.02837514 -0.04247397 -0.007919132 -0.02836889 -0.04252213 -0.007668852 -0.02724969 -0.04259377 -0.007277309 -0.03277611 -0.04257506 -0.00738281 -0.03255748 -0.04256439 -0.00744307 -0.03243261 -0.04252493 -0.007651627 -0.03171914 -0.04248726 -0.007850825 -0.03103762 -0.04247754 -0.007900297 -0.0306161 -0.04290276 -0.005278289 -0.03550571 -0.0428524 -0.005640745 -0.03514087 -0.04279112 -0.006082236 -0.03469645 -0.04268658 -0.006735205 -0.0337733 -0.04265588 -0.006927013 -0.03350204 -0.04313898 -0.002926588 -0.0369454 -0.04312789 -0.003057062 -0.03688198 -0.04310214 -0.003359138 -0.03673499 -0.04304319 -0.004051387 -0.03639823 -0.0430085 -0.004356741 -0.03617924 -0.04290872 -0.005235135 -0.03554922 -0.04323947 -2.72728e-5 -0.03748041 -0.04324221 -2.89914e-4 -0.03749471 -0.04322278 -0.00116682 -0.03739368 -0.04321455 -0.001535177 -0.03735131 -0.0431742 -0.00227791 -0.03713464 -0.04322695 0.001157701 -0.03741574 -0.04323798 1.12138e-4 -0.03747278 -0.04323917 -1.14567e-6 -0.03747898 -0.04312455 0.003048956 -0.03686034 -0.0431751 0.002360403 -0.0371415 -0.04317677 0.002337574 -0.0371508 -0.0432232 0.001245081 -0.03739613 -0.0428521 0.005646407 -0.03514492 -0.0428971 0.005296409 -0.03545123 -0.04297423 0.004696428 -0.03597635 -0.04300427 0.004403114 -0.03615742 -0.04307776 0.003685593 -0.03660041 -0.04309803 0.00341016 -0.03671288 -0.04258728 0.00731647 -0.03271865 -0.04259318 0.0072847 -0.03280645 -0.04268151 0.006767213 -0.03371638 -0.04271584 0.006565988 -0.03407019 -0.04278671 0.00609982 -0.03464174 -0.04283279 0.005796551 -0.03501355 -0.0424627 0.007976174 -0.02949976 -0.04246401 0.007969558 -0.03019702 -0.04247522 0.00791198 -0.03051728 -0.04251378 0.007713198 -0.0316227 -0.04257774 0.007370054 -0.0263884 -0.04257452 0.00738734 -0.02643972 -0.04251641 0.007698059 -0.02736306 -0.04250639 0.007751643 -0.02752226 -0.04247665 0.00790441 -0.02847492 -0.04246169 0.007981359 -0.02895462 -0.04289537 0.005311965 -0.023561 -0.0428521 0.005637884 -0.02386355 -0.0428099 0.005955338 -0.02415829 -0.04278475 0.006117045 -0.02436816 -0.04269683 0.006682574 -0.0251019 -0.04267936 0.006783604 -0.02529096 -0.0425868 0.007317841 -0.02629071 -0.0431658 0.002522587 -0.0219081 -0.04312491 0.003048837 -0.02213788 -0.04309618 0.003418207 -0.02229911 -0.04306238 0.003852725 -0.02248883 -0.0430026 0.004412591 -0.0228554 -0.04295206 0.004885435 -0.02316498 -0.04323941 2.41743e-4 -0.02151972 -0.04322272 0.001298725 -0.02160608 -0.04317319 0.002364277 -0.02186906 -0.02720189 -0.0336889 -0.01449996 -0.02111715 -0.0378015 -0.01449996 -0.01442492 -0.04082655 -0.01449996 -0.007317721 -0.04267716 -0.01449996 0 -0.04329997 -0.01449996 0.007317721 -0.04267716 -0.01449996 0.01442492 -0.04082655 -0.01449996 0.02111715 -0.0378015 -0.01449996 0.02720189 -0.0336889 -0.01449996 0.03250408 -0.02860718 -0.01449996 0.03687119 -0.02270245 -0.01449996 0.04017758 -0.01614463 -0.01449996 0.04232811 -0.009122371 -0.01449996 0.04326093 -0.00183767 -0.01449996 0.04294925 0.005499839 -0.01449996 0.04140198 0.01267921 -0.01449996 0.03866368 0.01949381 -0.01449996 0.03481304 0.02574759 -0.01449996 0.02996093 0.03126066 -0.01449996 0.02424687 0.03587442 -0.01449996 0.01783531 0.03945618 -0.01449996 0.01091063 0.04190284 -0.01449996 0.003672063 0.04314398 -0.01449996 -0.003672063 0.04314398 -0.01449996 -0.01091063 0.04190284 -0.01449996 -0.01783531 0.03945618 -0.01449996 -0.02424687 0.03587442 -0.01449996 -0.02996093 0.03126066 -0.01449996 -0.03481304 0.02574759 -0.01449996 -0.03866368 0.01949381 -0.01449996 -0.04140198 0.01267921 -0.01449996 -0.04294925 0.005499839 -0.01449996 -0.04326093 -0.00183767 -0.01449996 -0.04232811 -0.009122371 -0.01449996 -0.04017758 -0.01614463 -0.01449996 -0.03687119 -0.02270245 -0.01449996 -0.03250408 -0.02860718 -0.01449996 0.04190284 0.01091063 -0.04349994 0.04314398 0.003672063 -0.04349994 0.04314398 -0.003672063 -0.04349994 0.04190284 -0.01091063 -0.04349994 0.03945618 -0.01783531 -0.04349994 0.03587442 -0.02424687 -0.04349994 0.03126066 -0.02996093 -0.04349994 0.02574759 -0.03481304 -0.04349994 0.01949381 -0.03866368 -0.04349994 0.01267921 -0.04140198 -0.04349994 0.005499839 -0.04294925 -0.04349994 -0.00183767 -0.04326093 -0.04349994 -0.009122371 -0.04232811 -0.04349994 -0.01614463 -0.04017758 -0.04349994 -0.02270245 -0.03687119 -0.04349994 -0.02860718 -0.03250408 -0.04349994 -0.0336889 -0.02720189 -0.04349994 -0.0378015 -0.02111715 -0.04349994 -0.04082655 -0.01442492 -0.04349994 -0.04267716 -0.007317721 -0.04349994 -0.04329997 0 -0.04349994 -0.04267716 0.007317721 -0.04349994 -0.04082655 0.01442492 -0.04349994 -0.0378015 0.02111715 -0.04349994 -0.0336889 0.02720189 -0.04349994 -0.02860718 0.03250408 -0.04349994 -0.02270245 0.03687119 -0.04349994 -0.01614463 0.04017758 -0.04349994 -0.009122371 0.04232811 -0.04349994 -0.00183767 0.04326093 -0.04349994 0.005499839 0.04294925 -0.04349994 0.01267921 0.04140198 -0.04349994 0.01949381 0.03866368 -0.04349994 0.02574759 0.03481304 -0.04349994 0.03126066 0.02996093 -0.04349994 0.03587442 0.02424687 -0.04349994 0.03945618 0.01783531 -0.04349994 0 -0.04249995 -0.02059996 -0.002806425 -0.04249995 -0.02119648 -0.005127668 -0.04249995 -0.02288299 -0.006562232 -0.04249995 -0.02536773 -0.006862163 -0.04249995 -0.02822124 -0.005975544 -0.04249995 -0.03094995 -0.004055678 -0.04249995 -0.03308218 -0.001434564 -0.04249995 -0.03424918 0.001434564 -0.04249995 -0.03424918 0.004055678 -0.04249995 -0.03308218 0.005975544 -0.04249995 -0.03094995 0.006862163 -0.04249995 -0.02822124 0.006562232 -0.04249995 -0.02536773 0.005127668 -0.04249995 -0.02288299 0.002806425 -0.04249995 -0.02119648 0.04349797 -2.50482e-4 -0.02130699 0.04349458 -6.85888e-4 -0.02132499 0.04347866 -0.001362144 -0.02140915 0.04342907 -0.002438187 -0.02167731 0.04341989 -0.002638578 -0.02172726 0.04335206 -0.003525912 -0.02211618 0.04331642 -0.003992199 -0.0223205 0.04325789 -0.00455147 -0.02268683 0.04320454 -0.005060851 -0.02302044 0.04315006 -0.005480289 -0.02340918 0.04306328 -0.006148397 -0.02402853 0.04303872 -0.006310045 -0.02423757 0.04294908 -0.006900846 -0.02500182 0.04293262 -0.006998419 -0.02518343 0.04287296 -0.007351279 -0.02584052 0.04283952 -0.007549047 -0.02620881 0.04283106 -0.007599294 -0.02630227 0.04276883 -0.00794053 -0.02730876 0.04271602 -0.008221209 -0.03020823 0.04271405 -0.008231341 -0.02891921 0.0427286 -0.008154809 -0.02844876 0.04275876 -0.007996022 -0.02747237 0.04276758 -0.00794816 -0.03169238 0.04276472 -0.007963895 -0.03164887 0.04272735 -0.008161365 -0.0305432 0.04284012 -0.007546961 -0.03280043 0.04284596 -0.007514834 -0.03288918 0.0428732 -0.007351338 -0.03317606 0.04293477 -0.006981849 -0.03382426 0.04296725 -0.006786763 -0.03416651 0.04304075 -0.006291031 -0.0347715 0.04308837 -0.005969703 -0.03516364 0.04315179 -0.005464136 -0.03560316 0.04322862 -0.004851281 -0.03613597 0.0432595 -0.004541337 -0.03632563 0.04333591 -0.003774046 -0.03679513 0.04335415 -0.003518521 -0.03689807 0.04343128 -0.002434432 -0.03733485 0.04343372 -0.002399861 -0.03734874 0.04347932 -0.001283645 -0.03759384 0.0434848 -0.001148641 -0.03762346 0.04349458 -1.15786e-4 -0.0376749 0.04349565 0 -0.03768062 0.04349595 2.80878e-5 -0.03768205 0.04349875 3.26805e-4 -0.03769689 0.04347902 0.001203298 -0.03759247 0.04346936 0.001631259 -0.03754144 0.04343068 0.002349793 -0.03732937 0.04339307 0.003047585 -0.03712338 0.04335808 0.003465175 -0.03691923 0.04329544 0.004213333 -0.03655344 0.04326403 0.004495382 -0.03635078 0.04316145 0.005416214 -0.03568905 0.04315745 0.005445659 -0.03565943 0.04304516 0.006272435 -0.03482717 0.04304236 0.006293058 -0.03480643 0.04294002 0.006947576 -0.03388196 0.0429086 0.007148265 -0.0335986 0.0428735 0.007351398 -0.03317892 0.04284667 0.007506191 -0.03285914 0.04281622 0.007682263 -0.03249531 0.04277724 0.007893681 -0.03177577 0.04273986 0.008096396 -0.03108572 0.04272985 0.00814867 -0.03064441 0.04271137 0.008245468 -0.02982801 0.04271453 0.008229017 -0.0294969 0.04272532 0.00817281 -0.02836585 0.04272639 0.008167147 -0.02834051 0.04277461 0.007910192 -0.02719259 0.04277926 0.007885396 -0.02708196 0.04285079 0.007482826 -0.0261045 0.04287409 0.007351458 -0.02578556 0.04287844 0.00732702 -0.02572619 0.04294544 0.006914973 -0.02506917 0.04299116 0.006633877 -0.02462095 0.04305261 0.006203055 -0.02413946 0.0431317 0.005648255 -0.02351939 0.04316413 0.005376815 -0.02330237 0.04324918 0.004664242 -0.02273267 0.0432704 0.004435181 -0.02260518 0.04336524 0.003413021 -0.02203601 0.04336935 0.003368437 -0.02201116 0.04343682 0.002310633 -0.02163535 0.04344588 0.002168893 -0.02158504 0.04347902 0.001168131 -0.02140784 0.0434941 7.1308e-4 -0.02132731 0.04349994 0 -0.02129662 -0.04349797 2.50482e-4 -0.02130699 -0.04349458 6.85888e-4 -0.02132499 -0.04347866 0.001362144 -0.02140915 -0.04342907 0.002438187 -0.02167731 -0.04341989 0.002638578 -0.02172726 -0.04335206 0.003525912 -0.02211618 -0.04333961 0.003688752 -0.02218753 -0.04331642 0.003992199 -0.0223205 -0.04325789 0.00455147 -0.02268683 -0.04320454 0.005060851 -0.02302044 -0.04315006 0.005480289 -0.02340918 -0.04306328 0.006148397 -0.02402853 -0.04303872 0.006310045 -0.02423757 -0.04294908 0.006900846 -0.02500182 -0.04293262 0.006998419 -0.02518343 -0.04283952 0.007549047 -0.02620881 -0.04276883 0.00794053 -0.02730876 -0.04283106 0.007599294 -0.02630227 -0.04271602 0.008221209 -0.03020823 -0.04271405 0.008231341 -0.02891921 -0.0427286 0.008154809 -0.02844876 -0.04275876 0.007996022 -0.02747237 -0.04272735 0.008161365 -0.0305432 -0.04276472 0.007963895 -0.03164887 -0.04276758 0.00794816 -0.03169238 -0.04284012 0.007546961 -0.03280043 -0.04284596 0.007514834 -0.03288918 -0.04293477 0.006981849 -0.03382426 -0.04296725 0.006786763 -0.03416651 -0.04304075 0.006291031 -0.0347715 -0.04308837 0.005969703 -0.03516364 -0.04334199 0.003688931 -0.03682941 -0.04335415 0.003518521 -0.03689807 -0.04315179 0.005464136 -0.03560316 -0.04322862 0.004851281 -0.03613597 -0.0432595 0.004541337 -0.03632563 -0.04333591 0.003774046 -0.03679513 -0.04343128 0.002434432 -0.03733485 -0.04343372 0.002399861 -0.03734874 -0.04347932 0.001283645 -0.03759384 -0.0434848 0.001148641 -0.03762346 -0.04349458 1.15786e-4 -0.0376749 -0.04349595 -2.80878e-5 -0.03768205 -0.04349875 -3.26805e-4 -0.03769689 -0.04347902 -0.001203298 -0.03759247 -0.04346936 -0.001631259 -0.03754144 -0.04343068 -0.002349793 -0.03732937 -0.04339307 -0.003047585 -0.03712338 -0.04335808 -0.003465175 -0.03691923 -0.04333937 -0.003688693 -0.03680998 -0.04329544 -0.004213333 -0.03655344 -0.04326403 -0.004495382 -0.03635078 -0.04316145 -0.005416214 -0.03568905 -0.04315745 -0.005445659 -0.03565943 -0.04304516 -0.006272435 -0.03482717 -0.04304236 -0.006293058 -0.03480643 -0.04294002 -0.006947576 -0.03388196 -0.0429086 -0.007148265 -0.0335986 -0.04284667 -0.007506191 -0.03285914 -0.04281622 -0.007682263 -0.03249531 -0.04277724 -0.007893681 -0.03177577 -0.04273986 -0.008096396 -0.03108572 -0.04272985 -0.00814867 -0.03064441 -0.04271137 -0.008245468 -0.02982801 -0.04271453 -0.008229017 -0.0294969 -0.04272532 -0.00817281 -0.02836585 -0.04272639 -0.008167147 -0.02834051 -0.04277461 -0.007910192 -0.02719259 -0.04277926 -0.007885396 -0.02708196 -0.04285079 -0.007482826 -0.0261045 -0.04287844 -0.00732702 -0.02572619 -0.04294544 -0.006914973 -0.02506917 -0.04299116 -0.006633877 -0.02462095 -0.04305261 -0.006203055 -0.02413946 -0.0431317 -0.005648255 -0.02351939 -0.04316413 -0.005376815 -0.02330237 -0.04324918 -0.004664242 -0.02273267 -0.0432704 -0.004435181 -0.02260518 -0.04333966 -0.003688693 -0.02218949 -0.04336524 -0.003413021 -0.02203601 -0.04336935 -0.003368437 -0.02201116 -0.04343682 -0.002310633 -0.02163535 -0.04344588 -0.002168893 -0.02158504 -0.04347902 -0.001168131 -0.02140784 -0.0434941 -7.1308e-4 -0.02132731 -0.04349994 0 -0.02129662 0.00183618 -0.04334366 -0.01469999 0.007351517 -0.04287427 -0.01469999 0.009134888 -0.04240989 -0.01469999 0.01449155 -0.04101514 -0.01469999 0.01617079 -0.04025608 -0.01469999 0.02121472 -0.03797608 -0.01469999 0.02274155 -0.03694415 -0.01469999 0.02732753 -0.03384453 -0.01469999 0.02865803 -0.0325694 -0.01469999 0.03265422 -0.02873933 -0.01469999 0.03375005 -0.02725768 -0.01469999 0.03704148 -0.02280735 -0.01469999 0.03787118 -0.02116179 -0.01469999 0.04036313 -0.01621925 -0.01469999 0.04090279 -0.01445716 -0.01469999 0.04252362 -0.009164512 -0.01469999 0.04275768 -0.007336556 -0.01469999 0.04346078 -0.001846134 -0.01469999 0.04338258 -4.98745e-6 -0.01469999 0.04314762 0.005525231 -0.01469999 0.04275941 0.007326722 -0.01469999 0.04159325 0.01273775 -0.01469999 0.04090613 0.01444774 -0.01469999 0.03884226 0.01958382 -0.01469999 0.037876 0.02115309 -0.01469999 0.03497385 0.0258665 -0.01469999 0.03375631 0.02724993 -0.01469999 0.03009933 0.03140509 -0.01469999 0.02866548 0.03256279 -0.01469999 0.02435886 0.03604012 -0.01469999 0.02275002 0.0369389 -0.01469999 0.01791769 0.0396384 -0.01469999 0.01618009 0.04025232 -0.01469999 0.01096099 0.04209637 -0.01469999 0.009144663 0.04240781 -0.01469999 0.00368905 0.04334324 -0.01469999 0.001846134 0.04334324 -0.01469999 -0.00368905 0.04334324 -0.01469999 -0.005505383 0.04303181 -0.01469999 -0.01096099 0.04209637 -0.01469999 -0.01269859 0.04148244 -0.01469999 -0.01791769 0.0396384 -0.01469999 -0.01952654 0.03873968 -0.01469999 -0.02435886 0.03604012 -0.01469999 -0.02579271 0.03488242 -0.01469999 -0.03009933 0.03140509 -0.01469999 -0.03131687 0.03002166 -0.01469999 -0.03497385 0.0258665 -0.01469999 -0.03594005 0.02429723 -0.01469999 -0.03884226 0.01958382 -0.01469999 -0.03952938 0.01787388 -0.01469999 -0.04159325 0.01273775 -0.01469999 -0.04198145 0.01093626 -0.01469999 -0.04349994 0 -0.01469999 -0.04326504 0.003684043 -0.01469999 -0.04314762 0.005525231 -0.01469999 -0.04346078 -0.001846134 -0.01469999 -0.04322671 -0.003674089 -0.01469999 -0.04252362 -0.009164512 -0.01469999 -0.04198402 -0.0109266 -0.01469999 -0.04036313 -0.01621925 -0.01469999 -0.03953349 -0.01786476 -0.01469999 -0.03704148 -0.02280735 -0.01469999 -0.03594565 -0.02428901 -0.01469999 -0.03265422 -0.02873933 -0.01469999 -0.03132373 -0.03001445 -0.01469999 -0.02732753 -0.03384453 -0.01469999 -0.0258007 -0.03487646 -0.01469999 -0.02121472 -0.03797608 -0.01469999 -0.01953542 -0.03873515 -0.01469999 -0.01449155 -0.04101514 -0.01469999 -0.01270812 -0.04147952 -0.01469999 -0.007351517 -0.04287427 -0.01469999 -0.005515277 -0.04303056 -0.01469999 0 -0.04349994 -0.01469999 -0.04318714 0.003675758 -0.04329997 -0.04287427 0.007351517 -0.04329997 -0.04194468 0.01092153 -0.04329997 -0.0359103 0.02427113 -0.04329997 -0.04101514 0.01449155 -0.04329997 -0.03949564 0.01785314 -0.04329997 -0.03797608 0.02121472 -0.04329997 -0.02577334 0.03484785 -0.04329997 -0.03384453 0.02732753 -0.04329997 -0.0312919 0.02999091 -0.04329997 -0.02873933 0.03265422 -0.04329997 -0.01269185 0.0414434 -0.04329997 -0.02280735 0.03704148 -0.04329997 -0.0195133 0.0387023 -0.04329997 -0.01621925 0.04036313 -0.04329997 -0.009164512 0.04252362 -0.04329997 -0.005505323 0.04299223 -0.04329997 -0.001846134 0.04346078 -0.04329997 0.001839518 0.0433042 -0.04329997 0.005525231 0.04314762 -0.04329997 0.009131491 0.04237043 -0.04329997 0.02272516 0.03690803 -0.04329997 0.01273775 0.04159325 -0.04329997 0.01616078 0.04021775 -0.04329997 0.01958382 0.03884226 -0.04329997 0.0258665 0.03497385 -0.04329997 0.02863579 0.03253656 -0.04329997 0.03783929 0.02113825 -0.04329997 0.03140509 0.03009933 -0.04329997 0.03372257 0.02722907 -0.04329997 0.03604012 0.02435886 -0.04329997 0.04271984 0.007324993 -0.04329997 0.0396384 0.01791769 -0.04329997 0.04086738 0.01443934 -0.04329997 0.04209637 0.01096099 -0.04329997 0.04271984 -0.007324993 -0.04329997 0.04334324 0.00368905 -0.04329997 0.04349994 0 -0.04329997 0.04334324 -0.00368905 -0.04329997 0.03783929 -0.02113825 -0.04329997 0.04209637 -0.01096099 -0.04329997 0.04086738 -0.01443934 -0.04329997 0.0396384 -0.01791769 -0.04329997 0.03604012 -0.02435886 -0.04329997 0.03372257 -0.02722907 -0.04329997 0.02272516 -0.03690803 -0.04329997 0.03140509 -0.03009933 -0.04329997 0.02863579 -0.03253656 -0.04329997 0.0258665 -0.03497385 -0.04329997 0.01958382 -0.03884226 -0.04329997 0.01616078 -0.04021775 -0.04329997 0.01273775 -0.04159325 -0.04329997 0.009131491 -0.04237043 -0.04329997 0.005525231 -0.04314762 -0.04329997 0.001839518 -0.0433042 -0.04329997 -0.01269185 -0.0414434 -0.04329997 -0.001846134 -0.04346078 -0.04329997 -0.005505323 -0.04299223 -0.04329997 -0.009164512 -0.04252362 -0.04329997 -0.01621925 -0.04036313 -0.04329997 -0.0195133 -0.0387023 -0.04329997 -0.02280735 -0.03704148 -0.04329997 -0.02577334 -0.03484785 -0.04329997 -0.0359103 -0.02427113 -0.04329997 -0.02873933 -0.03265422 -0.04329997 -0.0312919 -0.02999091 -0.04329997 -0.03384453 -0.02732753 -0.04329997 -0.03797608 -0.02121472 -0.04329997 -0.03949564 -0.01785314 -0.04329997 -0.04101514 -0.01449155 -0.04329997 -0.04194468 -0.01092153 -0.04329997 -0.04287427 -0.007351517 -0.04329997 -0.04318714 -0.003675758 -0.04329997 -0.04349994 0 -0.04329997 0.009273588 -0.04249995 -0.0345 -0.009273588 -0.04249995 -0.0345 0.009164512 -0.04252362 -0.0345 -0.005525231 -0.04314762 -0.0345 0.001846134 -0.04346078 -0.0345 0.009273588 -0.04249995 -0.0205 -0.009273588 -0.04249995 -0.0205 0.001846134 -0.04346078 -0.0205 -0.005525231 -0.04314762 -0.0205 0.009164512 -0.04252362 -0.0205 -0.001084029 -0.0485 -0.02923548 -0.001113712 -0.04860174 -0.02915436 -0.001113712 -0.04862689 -0.02920657 -0.001113712 -0.04855644 -0.02911823 -0.001113712 -0.0485 -0.02910536 -0.001127481 -0.0485 -0.02908813 -0.00119698 -0.0485 -0.02900093 -0.00119698 -0.04860174 -0.02902418 -0.001236915 -0.0485 -0.02898174 -0.001317262 -0.0485 -0.02894306 -0.001317262 -0.04862689 -0.02897197 -0.001384019 -0.0485 -0.02894306 -0.001450777 -0.0485 -0.02894306 -0.001450777 -0.04862689 -0.02897197 -0.001531124 -0.0485 -0.02898174 -0.001571059 -0.0485 -0.02900093 -0.001571059 -0.04860174 -0.02902418 -0.001654326 -0.04860174 -0.02915436 -0.001654326 -0.04855644 -0.02911823 -0.00168401 -0.0485 -0.02923548 -0.001654326 -0.04862689 -0.02920657 -0.001640558 -0.0485 -0.02908813 -0.001654326 -0.0485 -0.02910536 -0.001654326 -0.0485 -0.02936565 -0.001654326 -0.04855644 -0.02935278 -0.001640558 -0.0485 -0.02938288 -0.001571059 -0.04868334 -0.02908927 -0.001571059 -0.04872864 -0.02918332 -0.001571059 -0.0485 -0.02947008 -0.001571059 -0.04860174 -0.02944684 -0.001531124 -0.0485 -0.02948927 -0.001450777 -0.04862689 -0.02949905 -0.001450777 -0.04872864 -0.02905315 -0.001450777 -0.04878515 -0.02917045 -0.001450777 -0.0485 -0.02952796 -0.001384019 -0.0485 -0.02952796 -0.001317262 -0.04862689 -0.02949905 -0.001317262 -0.04872864 -0.02905315 -0.001317262 -0.04878515 -0.02917045 -0.001317262 -0.0485 -0.02952796 -0.001236915 -0.0485 -0.02948927 -0.00119698 -0.04860174 -0.02944684 -0.00119698 -0.04868334 -0.02908927 -0.00119698 -0.04872864 -0.02918332 -0.00119698 -0.0485 -0.02947008 -0.001127481 -0.0485 -0.02938288 -0.001113712 -0.04855644 -0.02935278 -0.001113712 -0.0485 -0.02936565 -0.001113712 -0.04860174 -0.02931666 -0.00119698 -0.04868334 -0.02938175 -0.001317262 -0.04872864 -0.02941787 -0.001450777 -0.04872864 -0.02941787 -0.001571059 -0.04868334 -0.02938175 -0.001654326 -0.04860174 -0.02931666 -0.001113712 -0.04862689 -0.02926445 -0.00119698 -0.04872864 -0.02928769 -0.001317262 -0.04878515 -0.02930057 -0.001450777 -0.04878515 -0.02930057 -0.001571059 -0.04872864 -0.02928769 -0.001654326 -0.04862689 -0.02926445 7.93959e-4 -0.0485 -0.02966415 7.6425e-4 -0.04860174 -0.02958297 7.6425e-4 -0.04862689 -0.02963519 7.6425e-4 -0.04855644 -0.02954685 7.6425e-4 -0.0485 -0.02953398 7.50506e-4 -0.0485 -0.02951675 6.81006e-4 -0.0485 -0.02942961 6.81006e-4 -0.04860174 -0.02945286 6.4106e-4 -0.0485 -0.02941036 5.60715e-4 -0.0485 -0.02937167 5.60715e-4 -0.04862689 -0.02940064 4.93959e-4 -0.0485 -0.02937167 4.27203e-4 -0.0485 -0.02937167 4.27203e-4 -0.04862689 -0.02940064 3.46859e-4 -0.0485 -0.02941036 3.06912e-4 -0.0485 -0.02942961 3.06912e-4 -0.04860174 -0.02945286 2.23669e-4 -0.04860174 -0.02958297 2.23669e-4 -0.04855644 -0.02954685 1.93959e-4 -0.0485 -0.02966415 2.23669e-4 -0.04862689 -0.02963519 2.37413e-4 -0.0485 -0.02951675 2.23669e-4 -0.0485 -0.02953398 2.23669e-4 -0.0485 -0.02979433 2.23669e-4 -0.04855644 -0.0297814 2.37413e-4 -0.0485 -0.02981156 3.06912e-4 -0.04868334 -0.02951788 3.06912e-4 -0.04872864 -0.02961194 3.06912e-4 -0.0485 -0.0298987 3.06912e-4 -0.04860174 -0.02987545 3.46859e-4 -0.0485 -0.02991795 4.27203e-4 -0.04862689 -0.02992767 4.27203e-4 -0.04872864 -0.02948176 4.27203e-4 -0.04878515 -0.02959907 4.27203e-4 -0.0485 -0.02995663 4.93959e-4 -0.0485 -0.02995663 5.60715e-4 -0.04862689 -0.02992767 5.60715e-4 -0.04872864 -0.02948176 5.60715e-4 -0.04878515 -0.02959907 5.60715e-4 -0.0485 -0.02995663 6.4106e-4 -0.0485 -0.02991795 6.81006e-4 -0.04860174 -0.02987545 6.81006e-4 -0.04868334 -0.02951788 6.81006e-4 -0.04872864 -0.02961194 6.81006e-4 -0.0485 -0.0298987 7.50506e-4 -0.0485 -0.02981156 7.6425e-4 -0.04855644 -0.0297814 7.6425e-4 -0.0485 -0.02979433 7.6425e-4 -0.04860174 -0.02974528 6.81006e-4 -0.04868334 -0.02981036 5.60715e-4 -0.04872864 -0.02984648 4.27203e-4 -0.04872864 -0.02984648 3.06912e-4 -0.04868334 -0.02981036 2.23669e-4 -0.04860174 -0.02974528 7.6425e-4 -0.04862689 -0.02969312 6.81006e-4 -0.04872864 -0.02971637 5.60715e-4 -0.04878515 -0.02972924 4.27203e-4 -0.04878515 -0.02972924 3.06912e-4 -0.04872864 -0.02971637 2.23669e-4 -0.04862689 -0.02969312 0.002299964 -0.0485 -0.02846312 0.002270281 -0.04860174 -0.02838194 0.002270281 -0.04862689 -0.02843415 0.002270281 -0.04855644 -0.02834582 0.002270281 -0.0485 -0.02833294 0.002256512 -0.0485 -0.02831572 0.002187013 -0.0485 -0.02822858 0.002187013 -0.04860174 -0.02825182 0.002147078 -0.0485 -0.02820932 0.002066731 -0.0485 -0.02817064 0.002066731 -0.04862689 -0.02819961 0.001999974 -0.0485 -0.02817064 0.001933217 -0.0485 -0.02817064 0.001933217 -0.04862689 -0.02819961 0.001852869 -0.0485 -0.02820932 0.001812934 -0.0485 -0.02822858 0.001812934 -0.04860174 -0.02825182 0.001729667 -0.04860174 -0.02838194 0.001729667 -0.04855644 -0.02834582 0.001699984 -0.0485 -0.02846312 0.001729667 -0.04862689 -0.02843415 0.001743435 -0.0485 -0.02831572 0.001729667 -0.0485 -0.02833294 0.001729667 -0.0485 -0.0285933 0.001729667 -0.04855644 -0.02858042 0.001743435 -0.0485 -0.02861052 0.001812934 -0.04868334 -0.02831691 0.001812934 -0.04872864 -0.02841091 0.001812934 -0.0485 -0.02869766 0.001812934 -0.04860174 -0.02867442 0.001852869 -0.0485 -0.02871692 0.001933217 -0.04862689 -0.02872663 0.001933217 -0.04872864 -0.02828079 0.001933217 -0.04878515 -0.02839803 0.001933217 -0.0485 -0.0287556 0.001999974 -0.0485 -0.0287556 0.002066731 -0.04862689 -0.02872663 0.002066731 -0.04872864 -0.02828079 0.002066731 -0.04878515 -0.02839803 0.002066731 -0.0485 -0.0287556 0.002147078 -0.0485 -0.02871692 0.002187013 -0.04860174 -0.02867442 0.002187013 -0.04868334 -0.02831691 0.002187013 -0.04872864 -0.02841091 0.002187013 -0.0485 -0.02869766 0.002256512 -0.0485 -0.02861052 0.002270281 -0.04855644 -0.02858042 0.002270281 -0.0485 -0.0285933 0.002270281 -0.04860174 -0.0285443 0.002187013 -0.04868334 -0.02860933 0.002066731 -0.04872864 -0.02864545 0.001933217 -0.04872864 -0.02864545 0.001812934 -0.04868334 -0.02860933 0.001729667 -0.04860174 -0.0285443 0.002270281 -0.04862689 -0.02849209 0.002187013 -0.04872864 -0.02851533 0.002066731 -0.04878515 -0.02852821 0.001933217 -0.04878515 -0.02852821 0.001812934 -0.04872864 -0.02851533 0.001729667 -0.04862689 -0.02849209 0.002299964 -0.0485 -0.02653682 0.002270281 -0.04860174 -0.0264557 0.002270281 -0.04862689 -0.02650785 0.002270281 -0.04855644 -0.02641957 0.002270281 -0.0485 -0.02640664 0.002256512 -0.0485 -0.02638942 0.002187013 -0.0485 -0.02630227 0.002187013 -0.04860174 -0.02632552 0.002147078 -0.0485 -0.02628302 0.002066731 -0.0485 -0.02624434 0.002066731 -0.04862689 -0.02627331 0.001999974 -0.0485 -0.02624434 0.001933217 -0.0485 -0.02624434 0.001933217 -0.04862689 -0.02627331 0.001852869 -0.0485 -0.02628302 0.001812934 -0.0485 -0.02630227 0.001812934 -0.04860174 -0.02632552 0.001729667 -0.04860174 -0.0264557 0.001729667 -0.04855644 -0.02641957 0.001699984 -0.0485 -0.02653682 0.001729667 -0.04862689 -0.02650785 0.001743435 -0.0485 -0.02638942 0.001729667 -0.0485 -0.02640664 0.001729667 -0.0485 -0.02666699 0.001729667 -0.04855644 -0.02665412 0.001743435 -0.0485 -0.02668422 0.001812934 -0.04868334 -0.02639061 0.001812934 -0.04872864 -0.0264846 0.001812934 -0.0485 -0.02677136 0.001812934 -0.04860174 -0.02674812 0.001852869 -0.0485 -0.02679061 0.001933217 -0.04862689 -0.02680033 0.001933217 -0.04872864 -0.02635449 0.001933217 -0.04878515 -0.02647173 0.001933217 -0.0485 -0.0268293 0.001999974 -0.0485 -0.0268293 0.002066731 -0.04862689 -0.02680033 0.002066731 -0.04872864 -0.02635449 0.002066731 -0.04878515 -0.02647173 0.002066731 -0.0485 -0.0268293 0.002147078 -0.0485 -0.02679061 0.002187013 -0.04860174 -0.02674812 0.002187013 -0.04868334 -0.02639061 0.002187013 -0.04872864 -0.0264846 0.002187013 -0.0485 -0.02677136 0.002256512 -0.0485 -0.02668422 0.002270281 -0.04855644 -0.02665412 0.002270281 -0.0485 -0.02666699 0.002270281 -0.04860174 -0.026618 0.002187013 -0.04868334 -0.02668309 0.002066731 -0.04872864 -0.02671921 0.001933217 -0.04872864 -0.02671921 0.001812934 -0.04868334 -0.02668309 0.001729667 -0.04860174 -0.026618 0.002270281 -0.04862689 -0.02656579 0.002187013 -0.04872864 -0.02658903 0.002066731 -0.04878515 -0.02660191 0.001933217 -0.04878515 -0.02660191 0.001812934 -0.04872864 -0.02658903 0.001729667 -0.04862689 -0.02656579 7.93959e-4 -0.0485 -0.02533578 7.6425e-4 -0.04860174 -0.02525466 7.6425e-4 -0.04862689 -0.02530682 7.6425e-4 -0.04855644 -0.02521854 7.6425e-4 -0.0485 -0.02520561 7.50506e-4 -0.0485 -0.02518838 6.81006e-4 -0.0485 -0.02510124 6.81006e-4 -0.04860174 -0.02512449 6.4106e-4 -0.0485 -0.02508199 5.60715e-4 -0.0485 -0.0250433 5.60715e-4 -0.04862689 -0.02507227 4.93959e-4 -0.0485 -0.0250433 4.27203e-4 -0.0485 -0.0250433 4.27203e-4 -0.04862689 -0.02507227 3.46859e-4 -0.0485 -0.02508199 3.06912e-4 -0.0485 -0.02510124 3.06912e-4 -0.04860174 -0.02512449 2.23669e-4 -0.04860174 -0.02525466 2.23669e-4 -0.04855644 -0.02521854 1.93959e-4 -0.0485 -0.02533578 2.23669e-4 -0.04862689 -0.02530682 2.37413e-4 -0.0485 -0.02518838 2.23669e-4 -0.0485 -0.02520561 2.23669e-4 -0.0485 -0.02546596 2.23669e-4 -0.04855644 -0.02545309 2.37413e-4 -0.0485 -0.02548319 3.06912e-4 -0.04868334 -0.02518957 3.06912e-4 -0.04872864 -0.02528363 3.06912e-4 -0.0485 -0.02557033 3.06912e-4 -0.04860174 -0.02554714 3.46859e-4 -0.0485 -0.02558958 4.27203e-4 -0.04862689 -0.0255993 4.27203e-4 -0.04872864 -0.02515345 4.27203e-4 -0.04878515 -0.0252707 4.27203e-4 -0.0485 -0.02562826 4.93959e-4 -0.0485 -0.02562826 5.60715e-4 -0.04862689 -0.0255993 5.60715e-4 -0.04872864 -0.02515345 5.60715e-4 -0.04878515 -0.0252707 5.60715e-4 -0.0485 -0.02562826 6.4106e-4 -0.0485 -0.02558958 6.81006e-4 -0.04860174 -0.02554714 6.81006e-4 -0.04868334 -0.02518957 6.81006e-4 -0.04872864 -0.02528363 6.81006e-4 -0.0485 -0.02557033 7.50506e-4 -0.0485 -0.02548319 7.6425e-4 -0.04855644 -0.02545309 7.6425e-4 -0.0485 -0.02546596 7.6425e-4 -0.04860174 -0.02541697 6.81006e-4 -0.04868334 -0.02548205 5.60715e-4 -0.04872864 -0.02551817 4.27203e-4 -0.04872864 -0.02551817 3.06912e-4 -0.04868334 -0.02548205 2.23669e-4 -0.04860174 -0.02541697 7.6425e-4 -0.04862689 -0.02536475 6.81006e-4 -0.04872864 -0.025388 5.60715e-4 -0.04878515 -0.02540087 4.27203e-4 -0.04878515 -0.02540087 3.06912e-4 -0.04872864 -0.025388 2.23669e-4 -0.04862689 -0.02536475 -0.001084029 -0.0485 -0.02576446 -0.001113712 -0.04860174 -0.02568328 -0.001113712 -0.04862689 -0.02573549 -0.001113712 -0.04855644 -0.02564716 -0.001113712 -0.0485 -0.02563428 -0.001127481 -0.0485 -0.02561706 -0.00119698 -0.0485 -0.02552992 -0.00119698 -0.04860174 -0.0255531 -0.001236915 -0.0485 -0.02551066 -0.001317262 -0.0485 -0.02547198 -0.001317262 -0.04862689 -0.02550095 -0.001384019 -0.0485 -0.02547198 -0.001450777 -0.0485 -0.02547198 -0.001450777 -0.04862689 -0.02550095 -0.001531124 -0.0485 -0.02551066 -0.001571059 -0.0485 -0.02552992 -0.001571059 -0.04860174 -0.0255531 -0.001654326 -0.04860174 -0.02568328 -0.001654326 -0.04855644 -0.02564716 -0.00168401 -0.0485 -0.02576446 -0.001654326 -0.04862689 -0.02573549 -0.001640558 -0.0485 -0.02561706 -0.001654326 -0.0485 -0.02563428 -0.001654326 -0.0485 -0.02589458 -0.001654326 -0.04855644 -0.0258817 -0.001640558 -0.0485 -0.02591186 -0.001571059 -0.04868334 -0.02561819 -0.001571059 -0.04872864 -0.02571225 -0.001571059 -0.0485 -0.025999 -0.001571059 -0.04860174 -0.02597576 -0.001531124 -0.0485 -0.0260182 -0.001450777 -0.04862689 -0.02602797 -0.001450777 -0.04872864 -0.02558207 -0.001450777 -0.04878515 -0.02569937 -0.001450777 -0.0485 -0.02605694 -0.001384019 -0.0485 -0.02605694 -0.001317262 -0.04862689 -0.02602797 -0.001317262 -0.04872864 -0.02558207 -0.001317262 -0.04878515 -0.02569937 -0.001317262 -0.0485 -0.02605694 -0.001236915 -0.0485 -0.0260182 -0.00119698 -0.04860174 -0.02597576 -0.00119698 -0.04868334 -0.02561819 -0.00119698 -0.04872864 -0.02571225 -0.00119698 -0.0485 -0.025999 -0.001127481 -0.0485 -0.02591186 -0.001113712 -0.04855644 -0.0258817 -0.001113712 -0.0485 -0.02589458 -0.001113712 -0.04860174 -0.02584558 -0.00119698 -0.04868334 -0.02591067 -0.001317262 -0.04872864 -0.02594679 -0.001450777 -0.04872864 -0.02594679 -0.001571059 -0.04868334 -0.02591067 -0.001654326 -0.04860174 -0.02584558 -0.001113712 -0.04862689 -0.02579343 -0.00119698 -0.04872864 -0.02581661 -0.001317262 -0.04878515 -0.02582955 -0.001450777 -0.04878515 -0.02582955 -0.001571059 -0.04872864 -0.02581661 -0.001654326 -0.04862689 -0.02579343 -0.001919806 -0.0485 -0.02749997 -0.001949489 -0.04860174 -0.02741879 -0.001949489 -0.04862689 -0.027471 -0.001949489 -0.04855644 -0.02738273 -0.001949489 -0.0485 -0.02736979 -0.001963257 -0.0485 -0.02735257 -0.002032756 -0.0485 -0.02726542 -0.002032756 -0.04860174 -0.02728867 -0.002072691 -0.0485 -0.02724617 -0.002153038 -0.0485 -0.02720749 -0.002153038 -0.04862689 -0.02723646 -0.002219796 -0.0485 -0.02720749 -0.002286553 -0.0485 -0.02720749 -0.002286553 -0.04862689 -0.02723646 -0.0023669 -0.0485 -0.02724617 -0.002406835 -0.0485 -0.02726542 -0.002406835 -0.04860174 -0.02728867 -0.002490103 -0.04860174 -0.02741879 -0.002490103 -0.04855644 -0.02738273 -0.002519786 -0.0485 -0.02749997 -0.002490103 -0.04862689 -0.027471 -0.002476334 -0.0485 -0.02735257 -0.002490103 -0.0485 -0.02736979 -0.002490103 -0.0485 -0.02763015 -0.002490103 -0.04855644 -0.02761727 -0.002476334 -0.0485 -0.02764737 -0.002406835 -0.04868334 -0.02735376 -0.002406835 -0.04872864 -0.02744776 -0.002406835 -0.0485 -0.02773451 -0.002406835 -0.04860174 -0.02771127 -0.0023669 -0.0485 -0.02775377 -0.002286553 -0.04862689 -0.02776348 -0.002286553 -0.04872864 -0.02731764 -0.002286553 -0.04878515 -0.02743488 -0.002286553 -0.0485 -0.02779245 -0.002219796 -0.0485 -0.02779245 -0.002153038 -0.04862689 -0.02776348 -0.002153038 -0.04872864 -0.02731764 -0.002153038 -0.04878515 -0.02743488 -0.002153038 -0.0485 -0.02779245 -0.002072691 -0.0485 -0.02775377 -0.002032756 -0.04860174 -0.02771127 -0.002032756 -0.04868334 -0.02735376 -0.002032756 -0.04872864 -0.02744776 -0.002032756 -0.0485 -0.02773451 -0.001963257 -0.0485 -0.02764737 -0.001949489 -0.04855644 -0.02761727 -0.001949489 -0.0485 -0.02763015 -0.001949489 -0.04860174 -0.02758115 -0.002032756 -0.04868334 -0.02764624 -0.002153038 -0.04872864 -0.0276823 -0.002286553 -0.04872864 -0.0276823 -0.002406835 -0.04868334 -0.02764624 -0.002490103 -0.04860174 -0.02758115 -0.001949489 -0.04862689 -0.02752894 -0.002032756 -0.04872864 -0.02755218 -0.002153038 -0.04878515 -0.02756506 -0.002286553 -0.04878515 -0.02756506 -0.002406835 -0.04872864 -0.02755218 -0.002490103 -0.04862689 -0.02752894 -0.001384019 -0.04329997 -0.02953553 -0.001233994 -0.04329997 -0.02949529 -0.001124203 -0.04329997 -0.0293855 -0.001084029 -0.04329997 -0.02923548 -0.001124203 -0.04329997 -0.02908551 -0.001233994 -0.04329997 -0.02897572 -0.001384019 -0.04329997 -0.02893549 -0.001533985 -0.04329997 -0.02897572 -0.001643836 -0.04329997 -0.02908551 -0.00168401 -0.04329997 -0.02923548 -0.001533985 -0.04329997 -0.02949529 -0.001643836 -0.04329997 -0.0293855 4.93959e-4 -0.04329997 -0.02996414 6.43959e-4 -0.04329997 -0.02992397 7.53767e-4 -0.04329997 -0.02981412 7.93959e-4 -0.04329997 -0.02966415 7.71002e-4 -0.04329997 -0.02974981 6.43959e-4 -0.04329997 -0.02940434 7.53767e-4 -0.04329997 -0.02951413 4.93959e-4 -0.04329997 -0.02936416 3.43959e-4 -0.04329997 -0.02940434 2.34152e-4 -0.04329997 -0.02951413 1.93959e-4 -0.04329997 -0.02966415 3.43959e-4 -0.04329997 -0.02992397 2.34152e-4 -0.04329997 -0.02981412 2.16917e-4 -0.04329997 -0.02974981 0.001999974 -0.04329997 -0.02876311 0.002149999 -0.04329997 -0.02872294 0.00225979 -0.04329997 -0.02861315 0.002299964 -0.04329997 -0.02846312 0.00225979 -0.04329997 -0.0283131 0.002149999 -0.04329997 -0.0282033 0.001999974 -0.04329997 -0.02816313 0.001849949 -0.04329997 -0.0282033 0.001740157 -0.04329997 -0.0283131 0.001699984 -0.04329997 -0.02846312 0.001849949 -0.04329997 -0.02872294 0.001740157 -0.04329997 -0.02861315 0.001999974 -0.04329997 -0.02683681 0.002149999 -0.04329997 -0.02679663 0.00225979 -0.04329997 -0.02668684 0.002299964 -0.04329997 -0.02653682 0.00225979 -0.04329997 -0.02638685 0.002149999 -0.04329997 -0.026277 0.001999974 -0.04329997 -0.02623683 0.001849949 -0.04329997 -0.026277 0.001740157 -0.04329997 -0.02638685 0.001699984 -0.04329997 -0.02653682 0.001849949 -0.04329997 -0.02679663 0.001740157 -0.04329997 -0.02668684 4.93959e-4 -0.04329997 -0.02563577 6.43959e-4 -0.04329997 -0.0255956 7.53767e-4 -0.04329997 -0.02548581 7.93959e-4 -0.04329997 -0.02533578 7.53767e-4 -0.04329997 -0.02518582 6.43959e-4 -0.04329997 -0.02507597 4.93959e-4 -0.04329997 -0.02503579 3.43959e-4 -0.04329997 -0.02507597 2.34152e-4 -0.04329997 -0.02518582 1.93959e-4 -0.04329997 -0.02533578 3.43959e-4 -0.04329997 -0.0255956 2.34152e-4 -0.04329997 -0.02548581 -0.001384019 -0.04329997 -0.02606445 -0.001233994 -0.04329997 -0.02602422 -0.001124203 -0.04329997 -0.02591443 -0.001084029 -0.04329997 -0.02576446 -0.001106977 -0.04329997 -0.02585011 -0.001233994 -0.04329997 -0.02550464 -0.001124203 -0.04329997 -0.02561444 -0.001384019 -0.04329997 -0.02546441 -0.001533985 -0.04329997 -0.02550464 -0.001643836 -0.04329997 -0.02561444 -0.00168401 -0.04329997 -0.02576446 -0.001533985 -0.04329997 -0.02602422 -0.001643836 -0.04329997 -0.02591443 -0.001661062 -0.04329997 -0.02585011 -0.002219796 -0.04329997 -0.02779996 -0.00206983 -0.04329997 -0.02775979 -0.001959979 -0.04329997 -0.02764999 -0.001919806 -0.04329997 -0.02749997 -0.001959979 -0.04329997 -0.02734994 -0.00206983 -0.04329997 -0.02724015 -0.002219796 -0.04329997 -0.02719998 -0.002369821 -0.04329997 -0.02724015 -0.002479612 -0.04329997 -0.02734994 -0.002519786 -0.04329997 -0.02749997 -0.002369821 -0.04329997 -0.02775979 -0.002479612 -0.04329997 -0.02764999 0.002499997 -0.0485 -0.02719998 0.002499997 -0.04329997 -0.02719998 0.002385139 -0.0485 -0.02722281 0.002349972 -0.04329997 -0.02724015 0.002352833 -0.0485 -0.02724444 0.002287864 -0.0485 -0.02728784 0.00224018 -0.04329997 -0.02734994 0.002244412 -0.0485 -0.0273528 0.002222836 -0.0485 -0.02738517 0.002199947 -0.04329997 -0.02749997 0.002199947 -0.0485 -0.02749997 0.002222836 -0.0485 -0.02761477 0.00224018 -0.04329997 -0.02764999 0.002244412 -0.0485 -0.02764713 0.002287864 -0.0485 -0.0277121 0.002349972 -0.04329997 -0.02775979 0.002352833 -0.0485 -0.02775549 0.002385139 -0.0485 -0.02777713 0.002499997 -0.04329997 -0.02779996 0.002499997 -0.0485 -0.02779996 0.002222836 -0.04854977 -0.02739655 0.002222836 -0.04854977 -0.02760338 0.002287864 -0.04859203 -0.02769112 0.002287864 -0.04859203 -0.02730888 0.002385139 -0.04862022 -0.02774971 0.002222836 -0.0485897 -0.02757155 0.002287864 -0.04866582 -0.02763223 0.002385139 -0.04871666 -0.02767276 0.002222836 -0.04861187 -0.02752554 0.002222836 -0.04861187 -0.0274744 0.002287864 -0.04870676 -0.02754718 0.002287864 -0.04870676 -0.02745276 0.002385139 -0.04877018 -0.02756166 0.002385139 -0.04877018 -0.02743828 0.002222836 -0.0485897 -0.02742838 0.002287864 -0.04866582 -0.02736771 0.002385139 -0.04871666 -0.02732717 0.002385139 -0.04862022 -0.02725028 0.002499997 -0.04863011 -0.02777028 0.002499997 -0.0486474 -0.02775651 0.002499997 -0.04873454 -0.02768701 0.002499997 -0.04875373 -0.02764707 0.002499997 -0.04879248 -0.02756673 0.002499997 -0.04879248 -0.02749997 0.002499997 -0.04879248 -0.02743321 0.002499997 -0.04875373 -0.02735286 0.002499997 -0.04863011 -0.02722966 0.002499997 -0.0486474 -0.02724343 0.002499997 -0.04873454 -0.02731293 0.002541899 -0.04329997 -0.02719998 0.002783834 -0.0485 -0.02719998 0.002783834 -0.04329997 -0.02719998 -0.002189099 -0.04329997 -0.02924573 -0.001801908 -0.04329997 -0.02963292 -0.001801908 -0.04329997 -0.0288493 -6.23059e-4 -0.04329997 -0.03022974 -4.45042e-4 -0.04329997 -0.03024983 -4.45042e-4 -0.04329997 -0.02974981 0.002189099 -0.04329997 -0.02924573 0.002438187 -0.04329997 -0.0288493 0.001246929 -0.04329997 -0.0288493 0.002753436 -0.04329997 -0.02701842 0.002541899 -0.04329997 -0.02701842 -4.45042e-4 -0.04329997 -0.02585011 0.001246929 -0.04329997 -0.02974981 0.001214861 -0.04329997 -0.03002268 6.23059e-4 -0.04329997 -0.03022974 0 -0.04329997 -0.03029996 -4.45042e-4 -0.04329997 -0.0288493 -4.45042e-4 -0.04329997 -0.02615064 -0.001801908 -0.04329997 -0.02585011 -4.45042e-4 -0.04329997 -0.02475011 -6.23059e-4 -0.04329997 -0.0247702 -0.001214861 -0.04329997 -0.02497726 -0.00174576 -0.04329997 -0.02531087 -0.001801908 -0.04329997 -0.02536702 0.001246929 -0.04329997 -0.02798157 0.001246929 -0.04329997 -0.02701842 0.002783834 -0.04329997 -0.02779996 0.002541899 -0.04329997 -0.02779996 0.002753436 -0.04329997 -0.02798157 0.002541899 -0.04329997 -0.02798157 0.002729773 -0.04329997 -0.02812302 0.002541899 -0.04329997 -0.02865988 0.002522706 -0.04329997 -0.02871483 0.001246929 -0.04329997 -0.03000253 0.001649081 -0.04329997 -0.02974981 0.00174576 -0.04329997 -0.02968913 -0.001649081 -0.04329997 -0.02974981 -0.001214861 -0.04329997 -0.03002268 -0.00174576 -0.04329997 -0.02968913 -0.001801908 -0.04329997 -0.02798157 -0.002522706 -0.04329997 -0.02871483 -0.002438187 -0.04329997 -0.0288493 -0.001801908 -0.04329997 -0.02701842 -0.002745687 -0.04329997 -0.02798157 -0.002729773 -0.04329997 -0.02812302 -0.002799987 -0.04329997 -0.02749997 -0.002745687 -0.04329997 -0.02701842 -0.001801908 -0.04329997 -0.02615064 -0.002438187 -0.04329997 -0.02615064 -0.002522706 -0.04329997 -0.02628511 -0.002729773 -0.04329997 -0.02687692 -0.00224936 -0.04329997 -0.02585011 -0.002189099 -0.04329997 -0.02575421 6.23059e-4 -0.04329997 -0.0247702 0.001214861 -0.04329997 -0.02497726 0.001246929 -0.04329997 -0.02499741 0.001246929 -0.04329997 -0.02585011 0 -0.04329997 -0.02469998 0.00174576 -0.04329997 -0.02531087 0.002189099 -0.04329997 -0.02575421 0.00224936 -0.04329997 -0.02585011 0.001246929 -0.04329997 -0.02615064 0.002438187 -0.04329997 -0.02615064 0.002522706 -0.04329997 -0.02628511 0.002541899 -0.04329997 -0.02634006 0.002729773 -0.04329997 -0.02687692 -4.45042e-4 -0.04329997 -0.02798157 -4.45042e-4 -0.04329997 -0.02701842 0.002783834 -0.0485 -0.02779996 0.002784967 -0.0485779 -0.02721029 0.002787888 -0.04864996 -0.02724015 0.002791941 -0.04871207 -0.02728784 0.002795934 -0.04875975 -0.02734994 0.002798914 -0.04878973 -0.02742236 0.002799987 -0.04879999 -0.02749997 0.002798914 -0.04878968 -0.02757793 0.002795934 -0.04875975 -0.02764999 0.002791941 -0.04871213 -0.02771204 0.002787888 -0.04864996 -0.02775979 0.002784907 -0.04857754 -0.02778977 0.002729773 -0.04929995 -0.02687692 0.002799987 -0.04929995 -0.02749997 0.002729773 -0.04929995 -0.02812302 -0.002189099 -0.04929995 -0.02575421 -0.00174576 -0.04929995 -0.02531087 -0.001214861 -0.04929995 -0.02497726 -6.23059e-4 -0.04929995 -0.0247702 -0.002522706 -0.04929995 -0.02628511 -0.002729773 -0.04929995 -0.02687692 -0.002799987 -0.04929995 -0.02749997 -0.002729773 -0.04929995 -0.02812302 -0.002522706 -0.04929995 -0.02871483 -0.002189099 -0.04929995 -0.02924573 -0.00174576 -0.04929995 -0.02968913 -0.001214861 -0.04929995 -0.03002268 -6.23059e-4 -0.04929995 -0.03022974 0 -0.04929995 -0.03029996 6.23059e-4 -0.04929995 -0.03022974 0.001214861 -0.04929995 -0.03002268 0.00174576 -0.04929995 -0.02968913 0.002522706 -0.04929995 -0.02871483 0.002189099 -0.04929995 -0.02924573 0.002522706 -0.04929995 -0.02628511 0.002189099 -0.04929995 -0.02575421 0.001214861 -0.04929995 -0.02497726 0.00174576 -0.04929995 -0.02531087 0 -0.04929995 -0.02469998 6.23059e-4 -0.04929995 -0.0247702 0.002474844 -0.04929995 -0.02502512 0.001944482 -0.04929995 -0.02458983 0.001339375 -0.04929995 -0.02426642 6.82816e-4 -0.04929995 -0.02406722 0 -0.04929995 -0.02399998 -6.82816e-4 -0.04929995 -0.02406722 -0.001339375 -0.04929995 -0.02426642 0.002474844 -0.04929995 -0.02997487 0.002910137 -0.04929995 -0.02944445 0.003233551 -0.04929995 -0.02883934 0.003432691 -0.04929995 -0.0281828 0.003499984 -0.04929995 -0.02749997 0.003432691 -0.04929995 -0.02681714 0.003233551 -0.04929995 -0.02616059 0.002910137 -0.04929995 -0.02555549 -0.002474844 -0.04929995 -0.02997487 -0.001944482 -0.04929995 -0.03041011 -0.001339375 -0.04929995 -0.03073352 -6.82816e-4 -0.04929995 -0.03093272 0 -0.04929995 -0.03099995 6.82816e-4 -0.04929995 -0.03093272 0.001339375 -0.04929995 -0.03073352 0.001944482 -0.04929995 -0.03041011 -0.001944482 -0.04929995 -0.02458983 -0.002474844 -0.04929995 -0.02502512 -0.002910137 -0.04929995 -0.02555549 -0.003233551 -0.04929995 -0.02616059 -0.003432691 -0.04929995 -0.02681714 -0.003499984 -0.04929995 -0.02749997 -0.003432691 -0.04929995 -0.0281828 -0.003233551 -0.04929995 -0.02883934 -0.002910137 -0.04929995 -0.02944445 6.43123e-4 -0.04829996 -0.02405959 0.001264333 -0.04829996 -0.02423632 6.81859e-4 -0.04829996 -0.02407062 0.001842498 -0.04829996 -0.02452421 0.001336455 -0.04829996 -0.02427226 0.0023579 -0.04829996 -0.02491343 0.001938998 -0.04829996 -0.0245971 0.002793014 -0.04829996 -0.02539074 0.002466559 -0.04829996 -0.02503263 0.003133058 -0.04829996 -0.02593988 0.002899229 -0.04829996 -0.02556222 0.003366351 -0.04829996 -0.02654212 0.003220498 -0.04829996 -0.02616566 0.003485023 -0.04829996 -0.02717703 0.003418266 -0.04829996 -0.02681988 0.003485023 -0.04829996 -0.02782291 0.003499984 -0.04829996 -0.02749997 0.003366351 -0.04829996 -0.02845782 0.003418266 -0.04829996 -0.02818006 0.003133058 -0.04829996 -0.02906006 0.003220498 -0.04829996 -0.02883428 0.002793014 -0.04829996 -0.0296092 0.002899229 -0.04829996 -0.02943772 0.0023579 -0.04829996 -0.03008651 0.002466559 -0.04829996 -0.0299673 0.001842498 -0.04829996 -0.03047573 0.001938998 -0.04829996 -0.03040283 0.001264333 -0.04829996 -0.03076362 0.001336455 -0.04829996 -0.03072768 6.43123e-4 -0.04829996 -0.03094035 6.81859e-4 -0.04829996 -0.03092938 -6.43123e-4 -0.04829996 -0.03094035 0 -0.04829996 -0.03099995 -0.001264333 -0.04829996 -0.03076362 -6.81859e-4 -0.04829996 -0.03092938 -0.001842498 -0.04829996 -0.03047573 -0.001336455 -0.04829996 -0.03072768 -0.0023579 -0.04829996 -0.03008651 -0.001938998 -0.04829996 -0.03040283 -0.002793014 -0.04829996 -0.0296092 -0.002466559 -0.04829996 -0.0299673 -0.003133058 -0.04829996 -0.02906006 -0.002899229 -0.04829996 -0.02943772 -0.003366351 -0.04829996 -0.02845782 -0.003220498 -0.04829996 -0.02883428 -0.003485023 -0.04829996 -0.02782291 -0.003418266 -0.04829996 -0.02818006 -0.003485023 -0.04829996 -0.02717703 -0.003485023 -0.04829996 -0.02749997 -0.003366351 -0.04829996 -0.02654212 -0.003418266 -0.04829996 -0.02681988 -0.003133058 -0.04829996 -0.02593988 -0.003220498 -0.04829996 -0.02616566 -0.002793014 -0.04829996 -0.02539074 -0.002899229 -0.04829996 -0.02556222 -0.0023579 -0.04829996 -0.02491343 -0.002466559 -0.04829996 -0.02503263 -0.001842498 -0.04829996 -0.02452421 -0.001938998 -0.04829996 -0.0245971 -0.001264333 -0.04829996 -0.02423632 -0.001336455 -0.04829996 -0.02427226 0 -0.04829996 -0.02399998 -6.43123e-4 -0.04829996 -0.02405959 -6.81859e-4 -0.04829996 -0.02407062 0.003847301 -0.0478 -0.02859461 0.001444935 -0.0478 -0.03122985 0.002105712 -0.0478 -0.03090083 7.34998e-4 -0.0478 -0.03143185 0.002694725 -0.0478 -0.030456 0.003192067 -0.0478 -0.0299105 0.003580629 -0.0478 -0.02928292 0.003982901 -0.0478 -0.02786904 0.003999948 -0.0478 -0.02749997 0.003982901 -0.0478 -0.0271309 0.003847301 -0.0478 -0.02640533 0.003580629 -0.0478 -0.02571702 0.003192067 -0.0478 -0.02508944 0.002694725 -0.0478 -0.02454394 0.002105712 -0.0478 -0.02409911 0.001444935 -0.0478 -0.02377009 7.34998e-4 -0.0478 -0.02356809 0 -0.0478 -0.02349996 -7.34998e-4 -0.0478 -0.02356809 -0.001444935 -0.0478 -0.02377009 -0.002105712 -0.0478 -0.02409911 -0.002694725 -0.0478 -0.02454394 -0.003192067 -0.0478 -0.02508944 -0.003580629 -0.0478 -0.02571702 -0.003847301 -0.0478 -0.02640533 -0.003982901 -0.0478 -0.0271309 -0.003847301 -0.0478 -0.02859461 -0.003982901 -0.0478 -0.02786904 -0.003580629 -0.0478 -0.02928292 -0.003192067 -0.0478 -0.0299105 -0.002694725 -0.0478 -0.030456 -0.002105712 -0.0478 -0.03090083 -0.001444935 -0.0478 -0.03122985 0 -0.0478 -0.03149998 -7.34998e-4 -0.0478 -0.03143185 0 -0.03949999 -0.03149998 -7.34998e-4 -0.03949999 -0.03143185 0.002105712 -0.03949999 -0.03090083 0.001444935 -0.03949999 -0.03122985 7.34998e-4 -0.03949999 -0.03143185 0.003580629 -0.03949999 -0.02928292 0.003192067 -0.03949999 -0.0299105 0.002694725 -0.03949999 -0.030456 0.003982901 -0.03949999 -0.0271309 0.003982901 -0.03949999 -0.02786904 0.003847301 -0.03949999 -0.02859461 0.003192067 -0.03949999 -0.02508944 0.003580629 -0.03949999 -0.02571702 0.003847301 -0.03949999 -0.02640533 0.001444935 -0.03949999 -0.02377009 0.002105712 -0.03949999 -0.02409911 0.002694725 -0.03949999 -0.02454394 -7.34998e-4 -0.03949999 -0.02356809 0 -0.03949999 -0.02349996 7.34998e-4 -0.03949999 -0.02356809 -0.002694725 -0.03949999 -0.02454394 -0.002105712 -0.03949999 -0.02409911 -0.001444935 -0.03949999 -0.02377009 -0.003847301 -0.03949999 -0.02640533 -0.003580629 -0.03949999 -0.02571702 -0.003192067 -0.03949999 -0.02508944 -0.003847301 -0.03949999 -0.02859461 -0.003982901 -0.03949999 -0.02786904 -0.003982901 -0.03949999 -0.0271309 -0.002694725 -0.03949999 -0.030456 -0.003192067 -0.03949999 -0.0299105 -0.003580629 -0.03949999 -0.02928292 -0.001444935 -0.03949999 -0.03122985 -0.002105712 -0.03949999 -0.03090083 0 -0.05160295 -0.02749997 -7.52397e-4 -0.04949998 -0.03091812 -0.001469612 -0.04949998 -0.03067648 0 -0.04949998 -0.03099995 -0.002667546 -0.04949998 -0.02976584 -0.003092288 -0.04949998 -0.02913939 -0.002118051 -0.04949998 -0.03028631 -0.003494858 -0.04949998 -0.02768945 -0.00345385 -0.04949998 -0.02693372 -0.003372371 -0.04949998 -0.0284363 -0.002896904 -0.04949998 -0.02553582 -0.002406895 -0.04949998 -0.02495896 -0.003251373 -0.04949998 -0.02620446 -0.001117527 -0.04949998 -0.02418321 -3.78417e-4 -0.04949998 -0.02402049 -0.001804411 -0.04949998 -0.02450096 0.001117527 -0.04949998 -0.02418321 0.001804411 -0.04949998 -0.02450096 3.78417e-4 -0.04949998 -0.02402049 0.002896904 -0.04949998 -0.02553582 0.003251373 -0.04949998 -0.02620446 0.002406895 -0.04949998 -0.02495896 0.00345385 -0.04949998 -0.02693372 0.003494858 -0.04949998 -0.02768945 0.003363668 -0.04949998 -0.02653276 0.003092288 -0.04949998 -0.02913939 0.002667546 -0.04949998 -0.02976584 0.003372371 -0.04949998 -0.0284363 0.001469612 -0.04949998 -0.03067648 7.52397e-4 -0.04949998 -0.03091812 0.002118051 -0.04949998 -0.03028631 -7.04545e-4 -0.04202497 -0.03092831 -7.51017e-4 -0.04202497 -0.03091377 -0.001380205 -0.04202497 -0.0307163 -0.001465439 -0.04202497 -0.03066903 -0.001999437 -0.04202497 -0.03037261 -0.002110421 -0.04202497 -0.03027737 -0.002536773 -0.04202497 -0.02991133 -0.002656221 -0.04202497 -0.02975702 -0.002970218 -0.04202497 -0.02935135 -0.003077685 -0.04202497 -0.02913224 -0.003282129 -0.04202497 -0.02871555 -0.003355503 -0.04202497 -0.02843195 -0.003459632 -0.04202497 -0.02802997 -0.003476917 -0.04202497 -0.02768856 -0.003495454 -0.04202497 -0.0273227 -0.003436326 -0.04202497 -0.02693641 -0.003388226 -0.04202497 -0.02662271 -0.003235518 -0.04202497 -0.02621036 -0.003142297 -0.04202497 -0.02595859 -0.002883851 -0.04202497 -0.02554392 -0.002767682 -0.04202497 -0.0253576 -0.002397358 -0.04202497 -0.02496802 -0.002279758 -0.04202497 -0.02484434 -0.00179857 -0.04202497 -0.02450937 -0.001698553 -0.04202497 -0.02443975 -0.001114904 -0.04202497 -0.02418929 -0.00104773 -0.04202497 -0.0241605 -3.77936e-4 -0.04202497 -0.02402281 -3.54089e-4 -0.04202497 -0.02401793 3.54089e-4 -0.04202497 -0.02401793 3.77936e-4 -0.04202497 -0.02402281 0.00104773 -0.04202497 -0.0241605 0.001114904 -0.04202497 -0.02418929 0.001698553 -0.04202497 -0.02443975 0.00179857 -0.04202497 -0.02450937 0.002279758 -0.04202497 -0.02484434 0.002397358 -0.04202497 -0.02496802 0.002767682 -0.04202497 -0.0253576 0.002883851 -0.04202497 -0.02554392 0.003142297 -0.04202497 -0.02595859 0.003238976 -0.04202497 -0.02620929 0.003363668 -0.04202497 -0.02653276 0.003388226 -0.04202497 -0.02662271 0.003436326 -0.04202497 -0.02693641 0.003495454 -0.04202497 -0.0273227 0.003476917 -0.04202497 -0.02768856 0.003459632 -0.04202497 -0.02802997 0.003355503 -0.04202497 -0.02843195 0.003282129 -0.04202497 -0.02871555 0.003077685 -0.04202497 -0.02913224 0.002970218 -0.04202497 -0.02935135 0.002656221 -0.04202497 -0.02975702 0.002536773 -0.04202497 -0.02991133 0.002110421 -0.04202497 -0.03027737 0.001999437 -0.04202497 -0.03037261 0.001465439 -0.04202497 -0.03066903 0.001380205 -0.04202497 -0.0307163 7.51017e-4 -0.04202497 -0.03091377 7.04545e-4 -0.04202497 -0.03092831 0 -0.04202497 -0.03099995 -8.07947e-4 -0.05249994 -0.0298658 0.001754403 -0.05249994 -0.02571898 0.001512229 -0.05249994 -0.02550923 0.00124526 -0.05249994 -0.02533221 9.57867e-4 -0.05249994 -0.02519077 6.54707e-4 -0.05249994 -0.02508723 -4.98776e-4 -0.05249994 -0.02994972 -1.81416e-4 -0.05249994 -0.02999341 1.38924e-4 -0.05249994 -0.02999609 3.40796e-4 -0.05249994 -0.02502334 2.12897e-5 -0.05249994 -0.02500009 -2.98566e-4 -0.05249994 -0.02501785 -6.1352e-4 -0.05249994 -0.02507644 -9.184e-4 -0.05249994 -0.02517479 -0.001208186 -0.05249994 -0.02531129 -0.001478135 -0.05249994 -0.02548378 -0.001723825 -0.05249994 -0.02568936 -0.001103818 -0.05249994 -0.02974307 4.56982e-4 -0.05249994 -0.02995783 7.67537e-4 -0.05249994 -0.02987921 0.001065433 -0.05249994 -0.02976155 0.001345932 -0.05249994 -0.02960675 0.001604259 -0.05249994 -0.02941733 0.001967728 -0.05249994 -0.02595794 0.002148807 -0.05249994 -0.02622222 -0.002464413 -0.05249994 -0.02707999 -0.002497911 -0.05249994 -0.02739858 -0.001941204 -0.05249994 -0.02592468 -0.002126693 -0.05249994 -0.02618581 -0.002490401 -0.05249994 -0.02771884 -0.002441942 -0.05249994 -0.02803552 -0.002353429 -0.05249994 -0.02834337 -0.00186491 -0.05249994 -0.02916491 -0.001636683 -0.05249994 -0.02938973 -0.001381576 -0.05249994 -0.02958351 0.00229454 -0.05249994 -0.02650749 0.001836299 -0.05249994 -0.02919644 0.002038121 -0.05249994 -0.02894765 -0.002277314 -0.05249994 -0.02646857 -0.002390503 -0.05249994 -0.02676826 -0.002226233 -0.05249994 -0.0286374 -0.002062499 -0.05249994 -0.02891278 0.002206563 -0.05249994 -0.02867513 0.002338707 -0.05249994 -0.02838331 0.002402603 -0.05249994 -0.02680909 0.002432465 -0.05249994 -0.028077 0.002486288 -0.05249994 -0.02776122 0.002499282 -0.05249994 -0.02744114 0.002471208 -0.05249994 -0.02712202 0.001587271 -0.04149997 -0.03119879 8.10227e-4 -0.04149997 -0.03144258 0.002299308 -0.04149997 -0.03080356 0.002917289 -0.04149997 -0.03027307 0.003415763 -0.04149997 -0.02962905 0.003774404 -0.04149997 -0.02889788 0.00397855 -0.04149997 -0.02810949 0.004019796 -0.04149997 -0.02729612 0.003896474 -0.04149997 -0.0264911 0.00361365 -0.04149997 -0.02572739 0.003182828 -0.04149997 -0.02503627 0.002621769 -0.04149997 -0.02444595 0.001953303 -0.04149997 -0.02398073 0.001204907 -0.04149997 -0.02365958 4.07202e-4 -0.04149997 -0.02349561 -4.07202e-4 -0.04149997 -0.02349561 -0.001204907 -0.04149997 -0.02365958 -0.001953303 -0.04149997 -0.02398073 -0.002621769 -0.04149997 -0.02444595 -0.003182828 -0.04149997 -0.02503627 -0.00361365 -0.04149997 -0.02572739 -0.003896474 -0.04149997 -0.0264911 -0.004019796 -0.04149997 -0.02729612 -0.00397855 -0.04149997 -0.02810949 -0.003774404 -0.04149997 -0.02889788 -0.003415763 -0.04149997 -0.02962905 -0.002917289 -0.04149997 -0.03027307 -0.002299308 -0.04149997 -0.03080356 -0.001587271 -0.04149997 -0.03119879 -8.10227e-4 -0.04149997 -0.03144258 0 -0.04149997 -0.03152495 -0.002990841 -0.0485 -0.02374565 -0.003204345 -0.0485 -0.02366173 -0.003024935 -0.0485 -0.0235188 -0.003204345 -0.04716664 -0.02366173 -0.002990841 -0.04449999 -0.02374565 -0.003204345 -0.04449999 -0.02366173 -0.003024935 -0.04449999 -0.0235188 -0.003024935 -0.04716664 -0.0235188 -0.002366721 -0.0485 -0.02332401 -0.002564489 -0.0485 -0.02320772 -0.002364873 -0.0485 -0.02309459 -0.002564489 -0.04716664 -0.02320772 -0.002366721 -0.04449999 -0.02332401 -0.002564489 -0.04449999 -0.02320772 -0.002364873 -0.04449999 -0.02309459 -0.002364873 -0.04716664 -0.02309459 -0.001646637 -0.0485 -0.02277892 -0.001684308 -0.0485 -0.02300518 -0.001806199 -0.0485 -0.02283763 -0.001861453 -0.0485 -0.02285939 -0.001861453 -0.04716664 -0.02285939 -0.001684308 -0.04449999 -0.02300518 -0.001861453 -0.04449999 -0.02285939 -0.001806199 -0.04449999 -0.02283763 -0.001646637 -0.04449999 -0.02277892 -0.001646637 -0.04716664 -0.02277892 -8.87836e-4 -0.0485 -0.02257943 -9.6047e-4 -0.0485 -0.02279704 -9.18747e-4 -0.0485 -0.02258509 -0.00111258 -0.0485 -0.02262532 -0.00111258 -0.04716664 -0.02262532 -9.6047e-4 -0.04449999 -0.02279704 -0.00111258 -0.04449999 -0.02262532 -9.18747e-4 -0.04449999 -0.02258509 -8.87836e-4 -0.04449999 -0.02257943 -8.87836e-4 -0.04716664 -0.02257943 -2.12945e-4 -0.0485 -0.02270472 -3.36357e-4 -0.0485 -0.0225113 -1.07162e-4 -0.0485 -0.02250111 -3.36357e-4 -0.04716664 -0.0225113 -2.12945e-4 -0.04449999 -0.02270472 -3.36357e-4 -0.04449999 -0.0225113 -1.07162e-4 -0.04449999 -0.02250111 -1.07162e-4 -0.04716664 -0.02250111 5.39822e-4 -0.0485 -0.02273041 4.48185e-4 -0.0485 -0.02252012 6.7615e-4 -0.0485 -0.02254593 4.48185e-4 -0.04716664 -0.02252012 5.39822e-4 -0.04449999 -0.02273041 4.48185e-4 -0.04449999 -0.02252012 6.7615e-4 -0.04449999 -0.02254593 6.7615e-4 -0.04716664 -0.02254593 0.001279294 -0.0485 -0.02287358 0.001221656 -0.0485 -0.02265155 0.00144279 -0.0485 -0.02271264 0.001221656 -0.04716664 -0.02265155 0.001279294 -0.04449999 -0.02287358 0.001221656 -0.04449999 -0.02265155 0.00144279 -0.04449999 -0.02271264 0.00144279 -0.04716664 -0.02271264 0.001813948 -0.0485 -0.02284061 0.001638293 -0.0485 -0.02298825 0.001806199 -0.0485 -0.02283763 0.001598298 -0.0485 -0.02276229 0.001598298 -0.04716664 -0.02276229 0.001638293 -0.04449999 -0.02298825 0.001598298 -0.04449999 -0.02276229 0.001806199 -0.04449999 -0.02283763 0.001813948 -0.04449999 -0.02284061 0.001813948 -0.04716664 -0.02284061 0.002952337 -0.0485 -0.02371531 0.002984106 -0.0485 -0.0234881 0.003165006 -0.0485 -0.02362924 0.002984106 -0.04716664 -0.0234881 0.002952337 -0.04449999 -0.02371531 0.002984106 -0.04449999 -0.0234881 0.003165006 -0.04449999 -0.02362924 0.003165006 -0.04716664 -0.02362924 0.002646267 -0.0485 -0.02349537 0.002660095 -0.0485 -0.02326637 0.002851545 -0.0485 -0.02339285 0.002660095 -0.04716664 -0.02326637 0.002646267 -0.04449999 -0.02349537 0.002660095 -0.04449999 -0.02326637 0.002851545 -0.04449999 -0.02339285 0.002851545 -0.04716664 -0.02339285 0.003754258 -0.0485 -0.02450913 0.003838181 -0.0485 -0.02429556 0.003981113 -0.0485 -0.02447503 0.003838181 -0.04716664 -0.02429556 0.003754258 -0.04449999 -0.02450913 0.003838181 -0.04449999 -0.02429556 0.003981113 -0.04449999 -0.02447503 0.003981113 -0.04716664 -0.02447503 0.004175901 -0.0485 -0.02513325 0.00429219 -0.0485 -0.02493548 0.004405319 -0.0485 -0.02513504 0.00429219 -0.04716664 -0.02493548 0.004175901 -0.04449999 -0.02513325 0.00429219 -0.04449999 -0.02493548 0.004405319 -0.04449999 -0.02513504 0.004405319 -0.04716664 -0.02513504 0.004494726 -0.0485 -0.0258156 0.004640519 -0.0485 -0.02563852 0.004721045 -0.0485 -0.02585333 0.004640519 -0.04716664 -0.02563852 0.004494726 -0.04449999 -0.0258156 0.004640519 -0.04449999 -0.02563852 0.004721045 -0.04449999 -0.02585333 0.004721045 -0.04716664 -0.02585333 0.004702866 -0.0485 -0.0265395 0.004874587 -0.0485 -0.02638733 0.004920542 -0.0485 -0.02661216 0.004874587 -0.04716664 -0.02638733 0.004702866 -0.04449999 -0.0265395 0.004874587 -0.04449999 -0.02638733 0.004920542 -0.04449999 -0.02661216 0.004920542 -0.04716664 -0.02661216 0.004795253 -0.0485 -0.027287 0.00498867 -0.0485 -0.02716362 0.004998803 -0.0485 -0.0273928 0.00498867 -0.04716664 -0.02716362 0.004795253 -0.04449999 -0.027287 0.00498867 -0.04449999 -0.02716362 0.004998803 -0.04449999 -0.0273928 0.004998803 -0.04716664 -0.0273928 0.00495404 -0.0485 -0.02817612 0.004769504 -0.0485 -0.02803981 0.004978656 -0.0485 -0.02796131 0.004979848 -0.0485 -0.02794814 0.004979848 -0.04716664 -0.02794814 0.004769504 -0.04449999 -0.02803981 0.004979848 -0.04449999 -0.02794814 0.004978656 -0.04449999 -0.02796131 0.00495404 -0.04449999 -0.02817612 0.00495404 -0.04716664 -0.02817612 -0.004787266 -0.0485 -0.02605718 -0.004626333 -0.0485 -0.02622067 -0.004809081 -0.0485 -0.02613168 -0.00484842 -0.0485 -0.02627825 -0.00484842 -0.04716664 -0.02627825 -0.004626333 -0.04449999 -0.02622067 -0.00484842 -0.04449999 -0.02627825 -0.004809081 -0.04449999 -0.02613168 -0.004787266 -0.04449999 -0.02605718 -0.004787266 -0.04716664 -0.02605718 -0.004511713 -0.0485 -0.02586162 -0.004737615 -0.0485 -0.02590167 -0.004659295 -0.0485 -0.02568602 -0.004737615 -0.04716664 -0.02590167 -0.004511713 -0.04449999 -0.02586162 -0.004737615 -0.04449999 -0.02590167 -0.004659295 -0.04449999 -0.02568602 -0.004659295 -0.04716664 -0.02568602 -0.003870725 -0.0485 -0.02433496 -0.003784596 -0.0485 -0.02454763 -0.003990054 -0.0485 -0.02448678 -0.004011809 -0.0485 -0.02451586 -0.004011809 -0.04716664 -0.02451586 -0.003784596 -0.04449999 -0.02454763 -0.004011809 -0.04449999 -0.02451586 -0.003990054 -0.04449999 -0.02448678 -0.003870725 -0.04449999 -0.02433496 -0.003870725 -0.04716664 -0.02433496 -0.004004597 -0.0485 -0.02485364 -0.004233598 -0.0485 -0.02483981 -0.004107117 -0.0485 -0.02464842 -0.004233598 -0.04716664 -0.02483981 -0.004004597 -0.04449999 -0.02485364 -0.004233598 -0.04449999 -0.02483981 -0.004107117 -0.04449999 -0.02464842 -0.004107117 -0.04716664 -0.02464842 -0.00479716 -0.0485 -0.02733606 -0.004999637 -0.0485 -0.02744388 -0.004991829 -0.0485 -0.02721458 -0.004999637 -0.04716664 -0.02744388 -0.00479716 -0.04449999 -0.02733606 -0.004999637 -0.04449999 -0.02744388 -0.004991829 -0.04449999 -0.02721458 -0.004991829 -0.04716664 -0.02721458 -0.004763782 -0.0485 -0.02808851 -0.004946887 -0.0485 -0.02822673 -0.00497502 -0.0485 -0.02799904 -0.004946887 -0.04716664 -0.02822673 -0.004763782 -0.04449999 -0.02808851 -0.004946887 -0.04449999 -0.02822673 -0.00497502 -0.04449999 -0.02799904 -0.00497502 -0.04716664 -0.02799904 -0.004835665 -0.0485 -0.02877116 -0.004613041 -0.0485 -0.02882647 -0.004809081 -0.0485 -0.02886831 -0.004772305 -0.0485 -0.02899163 -0.004772305 -0.04716664 -0.02899163 -0.004613041 -0.04449999 -0.02882647 -0.004772305 -0.04449999 -0.02899163 -0.004809081 -0.04449999 -0.02886831 -0.004835665 -0.04449999 -0.02877116 -0.004835665 -0.04716664 -0.02877116 -0.004348754 -0.0485 -0.02953177 -0.004480183 -0.0485 -0.02971982 -0.004577279 -0.0485 -0.02951198 -0.004480183 -0.04716664 -0.02971982 -0.004348754 -0.04449999 -0.02953177 -0.004480183 -0.04449999 -0.02971982 -0.004577279 -0.04449999 -0.02951198 -0.004577279 -0.04716664 -0.02951198 2.12945e-4 -0.0485 -0.03229522 3.36357e-4 -0.0485 -0.03248864 1.07162e-4 -0.0485 -0.03249883 3.36357e-4 -0.04716664 -0.03248864 2.12945e-4 -0.04449999 -0.03229522 3.36357e-4 -0.04449999 -0.03248864 1.07162e-4 -0.04449999 -0.03249883 1.07162e-4 -0.04716664 -0.03249883 -5.39822e-4 -0.0485 -0.03226953 -4.48185e-4 -0.0485 -0.03247982 -6.7615e-4 -0.0485 -0.03245407 -4.48185e-4 -0.04716664 -0.03247982 -5.39822e-4 -0.04449999 -0.03226953 -4.48185e-4 -0.04449999 -0.03247982 -6.7615e-4 -0.04449999 -0.03245407 -6.7615e-4 -0.04716664 -0.03245407 -0.001279294 -0.0485 -0.03212636 -0.001221656 -0.0485 -0.03234845 -0.00144279 -0.0485 -0.03228729 -0.001221656 -0.04716664 -0.03234845 -0.001279294 -0.04449999 -0.03212636 -0.001221656 -0.04449999 -0.03234845 -0.00144279 -0.04449999 -0.03228729 -0.00144279 -0.04716664 -0.03228729 -0.001813948 -0.0485 -0.03215932 -0.001638293 -0.0485 -0.03201174 -0.001806199 -0.0485 -0.0321623 -0.001598298 -0.0485 -0.03223764 -0.001598298 -0.04716664 -0.03223764 -0.001638293 -0.04449999 -0.03201174 -0.001598298 -0.04449999 -0.03223764 -0.001806199 -0.04449999 -0.0321623 -0.001813948 -0.04449999 -0.03215932 -0.001813948 -0.04716664 -0.03215932 -0.002952337 -0.0485 -0.03128463 -0.002984106 -0.0485 -0.03151184 -0.003165006 -0.0485 -0.03137069 -0.002984106 -0.04716664 -0.03151184 -0.002952337 -0.04449999 -0.03128463 -0.002984106 -0.04449999 -0.03151184 -0.003165006 -0.04449999 -0.03137069 -0.003165006 -0.04716664 -0.03137069 -0.002646267 -0.0485 -0.03150457 -0.002660095 -0.0485 -0.03173363 -0.002851545 -0.0485 -0.03160709 -0.002660095 -0.04716664 -0.03173363 -0.002646267 -0.04449999 -0.03150457 -0.002660095 -0.04449999 -0.03173363 -0.002851545 -0.04449999 -0.03160709 -0.002851545 -0.04716664 -0.03160709 -0.003754258 -0.0485 -0.03049081 -0.003838181 -0.0485 -0.03070437 -0.003981113 -0.0485 -0.0305249 -0.003838181 -0.04716664 -0.03070437 -0.003754258 -0.04449999 -0.03049081 -0.003838181 -0.04449999 -0.03070437 -0.003981113 -0.04449999 -0.0305249 -0.003981113 -0.04716664 -0.0305249 -0.004175901 -0.0485 -0.02986669 -0.00429219 -0.0485 -0.03006446 -0.004405319 -0.0485 -0.0298649 -0.00429219 -0.04716664 -0.03006446 -0.004175901 -0.04449999 -0.02986669 -0.00429219 -0.04449999 -0.03006446 -0.004405319 -0.04449999 -0.0298649 -0.004405319 -0.04716664 -0.0298649 0.004199862 -0.0485 -0.02982395 0.00442928 -0.0485 -0.02981978 0.004318177 -0.0485 -0.03002047 0.00442928 -0.04716664 -0.02981978 0.004199862 -0.04449999 -0.02982395 0.00442928 -0.04449999 -0.02981978 0.004318177 -0.04449999 -0.03002047 0.004318177 -0.04716664 -0.03002047 0.00354129 -0.0485 -0.0307402 0.003765344 -0.0485 -0.03078967 0.003610491 -0.0485 -0.03095895 0.003765344 -0.04716664 -0.03078967 0.00354129 -0.04449999 -0.0307402 0.003765344 -0.04449999 -0.03078967 0.003610491 -0.04449999 -0.03095895 0.003610491 -0.04716664 -0.03095895 0.004369258 -0.0485 -0.02948725 0.004597604 -0.0485 -0.02946507 0.004502654 -0.0485 -0.02967393 0.004597604 -0.04716664 -0.02946507 0.004369258 -0.04449999 -0.02948725 0.004597604 -0.04449999 -0.02946507 0.004502654 -0.04449999 -0.02967393 0.004502654 -0.04716664 -0.02967393 0.004712462 -0.0485 -0.02841234 0.004929304 -0.0485 -0.02833747 0.004885733 -0.0485 -0.02856272 0.004929304 -0.04716664 -0.02833747 0.004712462 -0.04449999 -0.02841234 0.004929304 -0.04449999 -0.02833747 0.004885733 -0.04449999 -0.02856272 0.004885733 -0.04716664 -0.02856272 0.002990841 -0.0485 -0.03125429 0.003204345 -0.0485 -0.03133821 0.003024935 -0.0485 -0.03148114 0.003204345 -0.04716664 -0.03133821 0.002990841 -0.04449999 -0.03125429 0.003204345 -0.04449999 -0.03133821 0.003024935 -0.04449999 -0.03148114 0.003024935 -0.04716664 -0.03148114 0.002366721 -0.0485 -0.03167593 0.002564489 -0.0485 -0.03179222 0.002364873 -0.0485 -0.03190535 0.002564489 -0.04716664 -0.03179222 0.002366721 -0.04449999 -0.03167593 0.002564489 -0.04449999 -0.03179222 0.002364873 -0.04449999 -0.03190535 0.002364873 -0.04716664 -0.03190535 0.001646637 -0.0485 -0.03222107 0.001684308 -0.0485 -0.03199476 0.001806199 -0.0485 -0.0321623 0.001861453 -0.0485 -0.03214055 0.001861453 -0.04716664 -0.03214055 0.001684308 -0.04449999 -0.03199476 0.001861453 -0.04449999 -0.03214055 0.001806199 -0.04449999 -0.0321623 0.001646637 -0.04449999 -0.03222107 0.001646637 -0.04716664 -0.03222107 0.001326441 -0.0485 -0.03211301 0.001491606 -0.0485 -0.03227227 0.001271128 -0.0485 -0.03233569 0.001491606 -0.04716664 -0.03227227 0.001326441 -0.04449999 -0.03211301 0.001491606 -0.04449999 -0.03227227 0.001271128 -0.04449999 -0.03233569 0.001271128 -0.04716664 -0.03233569 0 -0.04999995 -0.03249996 2.77231e-4 -0.05023527 -0.03248119 -3.62831e-4 -0.04999995 -0.03248679 -3.62026e-4 -0.05023527 -0.0324757 -9.18134e-4 -0.04999995 -0.03241038 -9.95339e-4 -0.05023527 -0.03238856 -9.97553e-4 -0.04999995 -0.03239947 -0.001612305 -0.05023527 -0.03222113 -0.001615881 -0.04999995 -0.03223168 -0.003266155 -0.05023527 -0.0312711 -0.002763211 -0.04999995 -0.03166705 -0.002757072 -0.05023527 -0.03165781 -0.002628386 -0.04999995 -0.03174448 -0.002202749 -0.05023527 -0.03197622 -0.002207696 -0.04999995 -0.03198617 -0.001802802 -0.04999995 -0.03215414 -0.003721594 -0.05023527 -0.03082245 -0.003363847 -0.04999995 -0.03119039 -0.003273427 -0.04999995 -0.03127944 -0.004442632 -0.05023527 -0.02976977 -0.004125058 -0.04999995 -0.03032553 -0.004115879 -0.05023527 -0.03031927 -0.003982603 -0.04999995 -0.03050732 -0.003729879 -0.04999995 -0.03082984 -0.004696428 -0.05023527 -0.02918303 -0.00447297 -0.04999995 -0.02972745 -0.004452526 -0.04999995 -0.02977484 -0.004873096 -0.05023527 -0.02856862 -0.004799246 -0.04999995 -0.02886545 -0.004706859 -0.04999995 -0.02918678 -0.004968822 -0.04999995 -0.02703964 -0.004995882 -0.04999995 -0.02729713 -0.004984796 -0.05023527 -0.02729761 -0.004980802 -0.04999995 -0.02793771 -0.004969716 -0.05023527 -0.02793669 -0.004977166 -0.04999995 -0.02796107 -0.004883885 -0.04999995 -0.028571 -0.004928886 -0.04999995 -0.02665996 -0.004917979 -0.05023527 -0.02666181 -0.004803895 -0.04999995 -0.02613288 -0.004770398 -0.05023527 -0.02603983 -0.004781007 -0.04999995 -0.02603656 -0.004544496 -0.05023527 -0.02544176 -0.004554629 -0.04999995 -0.02543717 -0.003440022 -0.05023527 -0.02388679 -0.003882467 -0.04999995 -0.02434933 -0.003873825 -0.05023527 -0.02435636 -0.003983438 -0.04999995 -0.02449148 -0.004244029 -0.05023527 -0.02487754 -0.004253447 -0.04999995 -0.0248717 -0.004468381 -0.04999995 -0.02527523 -0.002949714 -0.05023527 -0.02347654 -0.003364741 -0.04999995 -0.02380937 -0.003447651 -0.04999995 -0.02387875 -0.001832723 -0.05023527 -0.02285993 -0.002416372 -0.04999995 -0.02312266 -0.002411007 -0.05023527 -0.02313238 -0.002626895 -0.04999995 -0.02325713 -0.002956271 -0.04999995 -0.0234676 -9.1687e-4 -0.04999995 -0.02259522 -0.001227021 -0.04999995 -0.02265286 -0.001224279 -0.05023527 -0.02266365 -0.001805543 -0.04999995 -0.02283948 -0.001836776 -0.04999995 -0.02284955 -5.97133e-4 -0.04999995 -0.02253574 -5.95808e-4 -0.05023527 -0.02254676 1.41543e-7 -0.04999995 -0.02250254 4.24848e-5 -0.05023527 -0.02251124 4.25793e-5 -0.04999995 -0.02250015 6.8008e-4 -0.05023527 -0.02255761 6.81592e-4 -0.04999995 -0.02254664 0.002627789 -0.04999995 -0.0232554 0.00249058 -0.04999995 -0.02316445 0.002485036 -0.05023527 -0.02317404 0.001915693 -0.04999995 -0.02288156 0.001911461 -0.05023527 -0.02289175 0.001804172 -0.04999995 -0.02284348 0.001306474 -0.05023527 -0.02268517 0.001309394 -0.04999995 -0.0226745 9.16827e-4 -0.04999995 -0.02259457 0.003024518 -0.04999995 -0.0235185 0.003017842 -0.05023527 -0.02352738 0.003362774 -0.04999995 -0.02381145 0.003501057 -0.05023527 -0.02394586 0.003508865 -0.04999995 -0.023938 0.003926813 -0.05023527 -0.02442276 0.003935515 -0.04999995 -0.02441591 0.003986001 -0.04999995 -0.02448958 0.004288077 -0.05023527 -0.0249502 0.004297614 -0.04999995 -0.02494454 0.004466891 -0.04999995 -0.02527582 0.004578948 -0.05023527 -0.02551949 0.00458908 -0.04999995 -0.02551507 0.004794597 -0.05023527 -0.02612125 0.004805266 -0.04999995 -0.02611821 0.004808247 -0.04999995 -0.02613186 0.004931509 -0.05023527 -0.02674573 0.004942476 -0.04999995 -0.02674406 0.0048002 -0.04999995 -0.02886557 0.004864931 -0.04999995 -0.02865403 0.004854142 -0.05023527 -0.02865147 0.004972577 -0.04999995 -0.02802246 0.00496155 -0.05023527 -0.02802127 0.00497508 -0.04999995 -0.02796119 0.004987478 -0.05023527 -0.02738255 0.004998564 -0.04999995 -0.02738225 0.004968464 -0.04999995 -0.02703952 0.004677414 -0.04999995 -0.02926671 0.004667043 -0.05023527 -0.02926278 0.004469513 -0.04999995 -0.02972584 0.004403293 -0.05023527 -0.02984511 0.004413127 -0.04999995 -0.02985036 0.004067301 -0.05023527 -0.03038895 0.004076302 -0.04999995 -0.03039538 0.002685904 -0.05023527 -0.03170412 0.003208577 -0.04999995 -0.03133469 0.003201425 -0.05023527 -0.03132617 0.003362178 -0.04999995 -0.03118842 0.003664433 -0.05023527 -0.03088533 0.003672599 -0.04999995 -0.0308929 0.003984451 -0.04999995 -0.03050857 0.002126216 -0.05023527 -0.03201311 0.002630174 -0.04999995 -0.03174751 0.002691864 -0.04999995 -0.03171348 0.00153166 -0.05023527 -0.03224796 0.001802444 -0.04999995 -0.03215289 0.002130925 -0.04999995 -0.03202313 2.77848e-4 -0.04999995 -0.03249222 9.13964e-4 -0.04999995 -0.03241574 9.11936e-4 -0.05023527 -0.03240483 9.18672e-4 -0.04999995 -0.03241455 0.001535058 -0.04999995 -0.03225851 0.002628743 -0.05248886 -0.02674406 0.002703785 -0.05248886 -0.02708643 0.002734482 -0.05248886 -0.0274356 0.002720296 -0.05248886 -0.02778577 0.002661406 -0.05248886 -0.0281313 0.002558827 -0.05248886 -0.02846646 0.002414226 -0.05248886 -0.02878576 0.002229928 -0.05248886 -0.0290839 0.002009093 -0.05248886 -0.02935606 0.001755237 -0.05248886 -0.02959775 0.001472592 -0.05248886 -0.029805 0.001165747 -0.05248886 -0.0299744 8.39768e-4 -0.05248886 -0.03010314 4.99988e-4 -0.05248886 -0.03018915 1.51998e-4 -0.05248886 -0.03023099 -1.98488e-4 -0.05248886 -0.03022801 -5.45715e-4 -0.05248886 -0.03018027 -8.83982e-4 -0.05248886 -0.03008848 -0.001207709 -0.05248886 -0.02995419 -0.001511633 -0.05248886 -0.02977961 -0.001790702 -0.05248886 -0.02956753 -0.002040445 -0.05248886 -0.02932161 -0.002256631 -0.05248886 -0.0290457 -0.002435743 -0.05248886 -0.02874445 -0.002574861 -0.05248886 -0.02842277 -0.002671778 -0.05248886 -0.02808588 -0.002724766 -0.05248886 -0.0277394 -0.002732992 -0.05248886 -0.02738904 -0.002696335 -0.05248886 -0.02704042 -0.002615451 -0.05248886 -0.02669942 -0.002491593 -0.05248886 -0.02637153 -0.002326846 -0.05248886 -0.02606219 -0.002123892 -0.05248886 -0.02577638 -0.001886069 -0.05248886 -0.02551895 -0.001617252 -0.05248886 -0.02529406 -0.001321852 -0.05248886 -0.02510535 -0.001004815 -0.05248886 -0.02495598 -6.71257e-4 -0.05248886 -0.02484834 -3.26664e-4 -0.05248886 -0.02478426 2.32932e-5 -0.05248886 -0.02476477 3.72868e-4 -0.05248886 -0.02479022 7.1632e-4 -0.05248886 -0.02486014 0.001047968 -0.05248886 -0.02497345 0.001362442 -0.05248886 -0.02512818 0.001654565 -0.05248886 -0.0253219 0.001919507 -0.05248886 -0.02555137 0.002152919 -0.05248886 -0.02581286 0.002350986 -0.05248886 -0.026102 0.002510488 -0.05248886 -0.02641409 0.003036618 -0.05241137 -0.02662676 0.002900004 -0.05241137 -0.02624565 0.002715826 -0.05241137 -0.0258851 0.002487003 -0.05241137 -0.02555108 0.002217352 -0.05241137 -0.025249 0.001911282 -0.05241137 -0.02498394 0.00157386 -0.05241137 -0.02476018 0.00121057 -0.05241137 -0.02458143 8.27466e-4 -0.05241137 -0.02445054 4.30723e-4 -0.05241137 -0.02436977 2.69074e-5 -0.05241137 -0.02434039 -3.7735e-4 -0.05241137 -0.02436292 -7.75411e-4 -0.05241137 -0.02443689 -0.00116074 -0.05241137 -0.02456122 -0.001526951 -0.05241137 -0.02473378 -0.001868188 -0.05241137 -0.02495175 -0.002178668 -0.05241137 -0.02521157 -0.002453446 -0.05241137 -0.02550899 -0.002687931 -0.05241137 -0.02583909 -0.002878248 -0.05241137 -0.02619642 -0.003021299 -0.05241137 -0.0265752 -0.003114759 -0.05241137 -0.02696913 -0.003157079 -0.05241137 -0.02737182 -0.003147542 -0.05241137 -0.02777659 -0.003086328 -0.05241137 -0.02817678 -0.00297439 -0.05241137 -0.02856594 -0.002813696 -0.05241137 -0.02893751 -0.002606749 -0.05241137 -0.02928555 -0.002357006 -0.05241137 -0.02960425 -0.002068579 -0.05241137 -0.02988839 -0.001746177 -0.05241137 -0.0301333 -0.001395106 -0.05241137 -0.03033494 -0.001021087 -0.05241137 -0.0304901 -6.3039e-4 -0.05241137 -0.03059613 -2.29286e-4 -0.05241137 -0.03065133 1.75582e-4 -0.05241137 -0.03065478 5.77567e-4 -0.05241137 -0.03060644 9.70069e-4 -0.05241137 -0.03050708 0.001346588 -0.05241137 -0.03035831 0.001701056 -0.05241137 -0.03016263 0.00202763 -0.05241137 -0.02992326 0.002320826 -0.05241137 -0.02964407 0.002575993 -0.05241137 -0.02932965 0.002788782 -0.05241137 -0.02898526 0.002955853 -0.05241137 -0.02861642 0.003074347 -0.05241137 -0.02822929 0.003142356 -0.05241137 -0.02783012 0.003158748 -0.05241137 -0.02742558 0.003123342 -0.05241137 -0.0270223 0.003425598 -0.05226206 -0.02651494 0.00327152 -0.05226206 -0.02608495 0.003063678 -0.05226206 -0.02567821 0.00280559 -0.05226206 -0.02530139 0.002501428 -0.05226206 -0.02496069 0.002156138 -0.05226206 -0.02466166 0.001775503 -0.05226206 -0.02440923 0.001365661 -0.05226206 -0.02420753 9.33467e-4 -0.05226206 -0.02405995 4.859e-4 -0.05226206 -0.02396881 3.03544e-5 -0.05226206 -0.02393567 -4.2569e-4 -0.05226206 -0.02396106 -8.74744e-4 -0.05226206 -0.02404451 -0.001309394 -0.05226206 -0.02418476 -0.001722574 -0.05226206 -0.02437943 -0.002107501 -0.05226206 -0.0246253 -0.002457797 -0.05226206 -0.02491843 -0.002767741 -0.05226206 -0.02525395 -0.003032207 -0.05226206 -0.0256263 -0.003246963 -0.05226206 -0.02602946 -0.003408312 -0.05226206 -0.02645671 -0.003513753 -0.05226206 -0.02690112 -0.003561496 -0.05226206 -0.02735537 -0.003550708 -0.05226206 -0.027812 -0.003481686 -0.05226206 -0.0282635 -0.003355443 -0.05226206 -0.02870249 -0.003174126 -0.05226206 -0.02912169 -0.002940714 -0.05226206 -0.02951431 -0.002658963 -0.05226206 -0.02987378 -0.002333581 -0.05226206 -0.03019434 -0.001969873 -0.05226206 -0.0304706 -0.001573801 -0.05226206 -0.03069812 -0.001151919 -0.05226206 -0.03087311 -7.11145e-4 -0.05226206 -0.03099274 -2.58659e-4 -0.05226206 -0.03105503 1.98075e-4 -0.05226206 -0.0310589 6.51556e-4 -0.05226206 -0.03100436 0.001094281 -0.05226206 -0.03089225 0.001519143 -0.05226206 -0.03072446 0.001918971 -0.05226206 -0.03050374 0.002287328 -0.05226206 -0.03023368 0.002618134 -0.05226206 -0.02991873 0.002905964 -0.05226206 -0.02956408 0.003146052 -0.05226206 -0.02917551 0.003334462 -0.05226206 -0.02875947 0.003468155 -0.05226206 -0.02832269 0.003544926 -0.05226206 -0.02787244 0.003563404 -0.05226206 -0.02741605 0.003523468 -0.05226206 -0.02696108 0.00378412 -0.05204534 -0.02641183 0.003613948 -0.05204534 -0.02593684 0.003384351 -0.05204534 -0.02548754 0.003099262 -0.05204534 -0.02507126 0.002763211 -0.05204534 -0.02469491 0.002381801 -0.05204534 -0.02436459 0.00196135 -0.05204534 -0.0240857 0.001508593 -0.05204534 -0.02386295 0.00103116 -0.05204534 -0.02369987 5.36756e-4 -0.05204534 -0.0235992 3.35313e-5 -0.05204534 -0.02356261 -4.70244e-4 -0.05204534 -0.02359062 -9.66297e-4 -0.05204534 -0.02368289 -0.001446425 -0.05204534 -0.0238378 -0.001902878 -0.05204534 -0.02405279 -0.002328097 -0.05204534 -0.02432447 -0.002715051 -0.05204534 -0.02464824 -0.00305742 -0.05204534 -0.02501887 -0.003349602 -0.05204534 -0.0254302 -0.003586769 -0.05204534 -0.0258755 -0.003765046 -0.05204534 -0.02634751 -0.003881514 -0.05204534 -0.02683848 -0.003934264 -0.05204534 -0.02734029 -0.003922343 -0.05204534 -0.02784466 -0.003846108 -0.05204534 -0.02834343 -0.003706634 -0.05204534 -0.02882832 -0.003506362 -0.05204534 -0.02929145 -0.003248453 -0.05204534 -0.02972513 -0.002937257 -0.05204534 -0.03012228 -0.002577841 -0.05204534 -0.03047633 -0.002176046 -0.05204534 -0.03078156 -0.001738548 -0.05204534 -0.03103286 -0.001272499 -0.05204534 -0.03122621 -7.85575e-4 -0.05204534 -0.0313583 -2.85731e-4 -0.05204534 -0.03142708 2.18806e-4 -0.05204534 -0.03143137 7.19749e-4 -0.05204534 -0.03137117 0.001208841 -0.05204534 -0.03124731 0.001678109 -0.05204534 -0.03106194 0.002119839 -0.05204534 -0.0308181 0.00252676 -0.05204534 -0.03051978 0.002892196 -0.05204534 -0.03017187 0.003210127 -0.05204534 -0.02978008 0.003475308 -0.05204534 -0.02935087 0.003683507 -0.05204534 -0.02889126 0.003831148 -0.05204534 -0.02840882 0.003915905 -0.05204534 -0.02791142 0.003936409 -0.05204534 -0.02740728 0.003892242 -0.05204534 -0.0269047 0.004101514 -0.05176776 -0.02632057 0.003917038 -0.05176776 -0.02580577 0.003668248 -0.05176776 -0.02531874 0.003359198 -0.05176776 -0.02486759 0.002994954 -0.05176776 -0.0244596 0.002581596 -0.05176776 -0.02410161 0.002125859 -0.05176776 -0.02379935 0.001635134 -0.05176776 -0.0235579 0.001117646 -0.05176776 -0.02338117 5.81775e-4 -0.05176776 -0.02327203 3.63437e-5 -0.05176776 -0.02323234 -5.09685e-4 -0.05176776 -0.02326273 -0.001047313 -0.05176776 -0.02336269 -0.00156778 -0.05176776 -0.0235306 -0.002062499 -0.05176776 -0.02376371 -0.002523362 -0.05176776 -0.0240581 -0.00294274 -0.05176776 -0.02440905 -0.003313839 -0.05176776 -0.02481073 -0.003630518 -0.05176776 -0.02525657 -0.003887593 -0.05176776 -0.02573931 -0.004080832 -0.05176776 -0.02625089 -0.004207074 -0.05176776 -0.02678298 -0.004264235 -0.05176776 -0.02732688 -0.00425136 -0.05176776 -0.02787357 -0.004168689 -0.05176776 -0.02841418 -0.004017531 -0.05176776 -0.02893972 -0.003800451 -0.05176776 -0.02944171 -0.003520965 -0.05176776 -0.02991175 -0.003183603 -0.05176776 -0.03034222 -0.002794027 -0.05176776 -0.03072595 -0.002358555 -0.05176776 -0.03105676 -0.001884341 -0.05176776 -0.03132921 -0.001379251 -0.05176776 -0.03153872 -8.51464e-4 -0.05176776 -0.03168195 -3.09696e-4 -0.05176776 -0.03175652 2.37158e-4 -0.05176776 -0.03176116 7.80117e-4 -0.05176776 -0.03169584 0.001310229 -0.05176776 -0.03156161 0.001818895 -0.05176776 -0.03136074 0.002297639 -0.05176776 -0.03109645 0.002738654 -0.05176776 -0.0307731 0.003134727 -0.05176776 -0.03039598 0.003479361 -0.05176776 -0.02997136 0.003766834 -0.05176776 -0.02950614 0.003992438 -0.05176776 -0.02900797 0.004152476 -0.05176776 -0.02848505 0.004244387 -0.05176776 -0.02794593 0.00426656 -0.05176776 -0.02739953 0.004218697 -0.05176776 -0.02685475 0.004368305 -0.05143749 -0.02624386 0.004171848 -0.05143749 -0.02569556 0.003906846 -0.05143749 -0.02517688 0.003577709 -0.05143749 -0.02469635 0.003189802 -0.05143749 -0.02426183 0.002749502 -0.05143749 -0.02388054 0.002264082 -0.05143749 -0.02355861 0.001741528 -0.05143749 -0.02330148 0.001190304 -0.05143749 -0.02311325 6.19618e-4 -0.05143749 -0.02299702 3.87078e-5 -0.05143749 -0.02295476 -5.42838e-4 -0.05143749 -0.02298712 -0.001115441 -0.05143749 -0.02309358 -0.001669764 -0.05143749 -0.02327239 -0.002196669 -0.05143749 -0.02352064 -0.002687513 -0.05143749 -0.02383422 -0.003134191 -0.05143749 -0.024208 -0.003529429 -0.05143749 -0.02463585 -0.003866732 -0.05143749 -0.02511066 -0.004140496 -0.05143749 -0.02562475 -0.004346311 -0.05143749 -0.02616965 -0.004480719 -0.05143749 -0.02673637 -0.004541575 -0.05143749 -0.02731561 -0.004527866 -0.05143749 -0.02789789 -0.00443983 -0.05143749 -0.02847361 -0.004278898 -0.05143749 -0.02903342 -0.004047632 -0.05143749 -0.02956801 -0.003749966 -0.05143749 -0.03006863 -0.003390729 -0.05143749 -0.03052705 -0.002975761 -0.05143749 -0.03093582 -0.002511978 -0.05143749 -0.03128814 -0.002006947 -0.05143749 -0.0315783 -0.001468956 -0.05143749 -0.03180146 -9.0685e-4 -0.05143749 -0.03195399 -3.29841e-4 -0.05143749 -0.03203338 2.52584e-4 -0.05143749 -0.03203833 8.30862e-4 -0.05143749 -0.03196877 0.001395463 -0.05143749 -0.03182584 0.00193721 -0.05143749 -0.03161185 0.002447128 -0.05143749 -0.0313304 0.002916812 -0.05143749 -0.03098601 0.003338694 -0.05143749 -0.03058439 0.00370568 -0.05143749 -0.03013211 0.004011869 -0.05143749 -0.02963662 0.004252135 -0.05143749 -0.02910608 0.004422605 -0.05143749 -0.02854913 0.004520475 -0.05143749 -0.02797496 0.004544079 -0.05143749 -0.02739298 0.004493117 -0.05143749 -0.02681279 0.004576563 -0.05106443 -0.02618396 0.004370748 -0.05106443 -0.02560955 0.00409311 -0.05106443 -0.02506613 0.003748238 -0.05106443 -0.02456271 0.003341853 -0.05106443 -0.02410745 0.002880632 -0.05106443 -0.02370798 0.002372026 -0.05106443 -0.02337074 0.001824557 -0.05106443 -0.02310132 0.001247048 -0.05106443 -0.02290409 6.49158e-4 -0.05106443 -0.02278238 4.05531e-5 -0.05106443 -0.02273809 -5.68717e-4 -0.05106443 -0.02277201 -0.001168608 -0.05106443 -0.02288353 -0.001749336 -0.05106443 -0.02307087 -0.002301394 -0.05106443 -0.02333092 -0.002815604 -0.05106443 -0.02365946 -0.003283619 -0.05106443 -0.02405107 -0.003697693 -0.05106443 -0.02449929 -0.004051029 -0.05106443 -0.02499675 -0.004337906 -0.05106443 -0.02553534 -0.004553496 -0.05106443 -0.02610623 -0.004694342 -0.05106443 -0.02669996 -0.004758119 -0.05106443 -0.02730679 -0.004743754 -0.05106443 -0.02791684 -0.004651486 -0.05106443 -0.02852004 -0.004482865 -0.05106443 -0.02910649 -0.004240632 -0.05106443 -0.0296666 -0.00392872 -0.05106443 -0.03019106 -0.003552377 -0.05106443 -0.03067135 -0.00311762 -0.05106443 -0.03109961 -0.002631723 -0.05106443 -0.03146874 -0.002102613 -0.05106443 -0.03177267 -0.001538991 -0.05106443 -0.0320065 -9.50083e-4 -0.05106443 -0.0321663 -3.45565e-4 -0.05106443 -0.03224951 2.64626e-4 -0.05106443 -0.03225469 8.70472e-4 -0.05106443 -0.03218179 0.001461982 -0.05106443 -0.03203207 0.002029538 -0.05106443 -0.03180789 0.002563774 -0.05106443 -0.03151297 0.00305587 -0.05106443 -0.03115218 0.003497838 -0.05106443 -0.03073143 0.003882348 -0.05106443 -0.03025758 0.004203081 -0.05106443 -0.02973848 0.004454851 -0.05106443 -0.02918261 0.004633426 -0.05106443 -0.02859914 0.004735946 -0.05106443 -0.02799761 0.004760742 -0.05106443 -0.02738785 0.004707276 -0.05106443 -0.02678 0.004720091 -0.05065965 -0.02614271 0.00450778 -0.05065965 -0.02555024 0.004221439 -0.05065965 -0.02498978 0.003865778 -0.05065965 -0.02447056 0.003446638 -0.05065965 -0.02400112 0.002970933 -0.05065965 -0.02358907 0.002446413 -0.05065965 -0.02324128 0.001881778 -0.05065965 -0.0229634 0.001286208 -0.05065965 -0.02275997 6.69514e-4 -0.05065965 -0.02263444 4.18248e-5 -0.05065965 -0.02258878 -5.86551e-4 -0.05065965 -0.02262371 -0.001205265 -0.05065965 -0.02273875 -0.001804232 -0.05065965 -0.02293199 -0.002373576 -0.05065965 -0.02320021 -0.002903878 -0.05065965 -0.02353906 -0.003386557 -0.05065965 -0.02394288 -0.003813624 -0.05065965 -0.02440518 -0.004178106 -0.05065965 -0.02491825 -0.004473924 -0.05065965 -0.02547377 -0.004696309 -0.05065965 -0.02606248 -0.004841566 -0.05065965 -0.02667486 -0.00490731 -0.05065965 -0.02730077 -0.004892528 -0.05065965 -0.02792996 -0.004797339 -0.05065965 -0.02855205 -0.004623413 -0.05065965 -0.02915686 -0.00437361 -0.05065965 -0.02973449 -0.004051923 -0.05065965 -0.03027546 -0.003663778 -0.05065965 -0.03077083 -0.003215432 -0.05065965 -0.0312125 -0.002714276 -0.05065965 -0.0315932 -0.002168536 -0.05065965 -0.03190666 -0.001587212 -0.05065965 -0.03214782 -9.79875e-4 -0.05065965 -0.03231263 -3.56401e-4 -0.05065965 -0.0323984 2.72924e-4 -0.05065965 -0.03240376 8.97768e-4 -0.05065965 -0.0323286 0.001507818 -0.05065965 -0.03217417 0.002093195 -0.05065965 -0.03194296 0.002644181 -0.05065965 -0.0316388 0.003151714 -0.05065965 -0.03126668 0.003607511 -0.05065965 -0.03083276 0.004004061 -0.05065965 -0.03034406 0.004334926 -0.05065965 -0.0298087 0.004594564 -0.05065965 -0.02923536 0.004778742 -0.05065965 -0.02863359 0.004884481 -0.05065965 -0.02801316 0.004909992 -0.05065965 -0.02738434 0.004854917 -0.05065965 -0.02675741 8.87836e-4 -0.0485 -0.03242051 9.6047e-4 -0.0485 -0.03220289 9.18747e-4 -0.0485 -0.03241485 0.00111258 -0.0485 -0.03237462 0.00111258 -0.04716664 -0.03237462 9.6047e-4 -0.04449999 -0.03220289 0.00111258 -0.04449999 -0.03237462 9.18747e-4 -0.04449999 -0.03241485 8.87836e-4 -0.04449999 -0.03242051 8.87836e-4 -0.04716664 -0.03242051 0.002031803 -0.0485 -0.03184872 0.002219796 -0.0485 -0.03198021 0.002011954 -0.0485 -0.03207731 0.002219796 -0.04716664 -0.03198021 0.002031803 -0.04449999 -0.03184872 0.002219796 -0.04449999 -0.03198021 0.002011954 -0.04449999 -0.03207731 0.002011954 -0.04716664 -0.03207731 0.002687036 -0.0485 -0.03147733 0.002893328 -0.0485 -0.03157776 0.002703249 -0.0485 -0.03170621 0.002893328 -0.04716664 -0.03157776 0.002687036 -0.04449999 -0.03147733 0.002893328 -0.04449999 -0.03157776 0.002703249 -0.04449999 -0.03170621 0.002703249 -0.04716664 -0.03170621 0.003327965 -0.0485 -0.03123152 0.003276169 -0.0485 -0.031008 0.003368437 -0.0485 -0.03119504 0.003495633 -0.0485 -0.03107494 0.003495633 -0.04716664 -0.03107494 0.003276169 -0.04449999 -0.031008 0.003495633 -0.04449999 -0.03107494 0.003368437 -0.04449999 -0.03119504 0.003327965 -0.04449999 -0.03123152 0.003327965 -0.04716664 -0.03123152 0.004787266 -0.0485 -0.02894276 0.004626333 -0.0485 -0.02877926 0.004809081 -0.0485 -0.02886831 0.00484842 -0.0485 -0.02872169 0.00484842 -0.04716664 -0.02872169 0.004626333 -0.04449999 -0.02877926 0.00484842 -0.04449999 -0.02872169 0.004809081 -0.04449999 -0.02886831 0.004787266 -0.04449999 -0.02894276 0.004787266 -0.04716664 -0.02894276 0.004511713 -0.0485 -0.02913832 0.004737615 -0.0485 -0.02909833 0.004659295 -0.0485 -0.02931392 0.004737615 -0.04716664 -0.02909833 0.004511713 -0.04449999 -0.02913832 0.004737615 -0.04449999 -0.02909833 0.004659295 -0.04449999 -0.02931392 0.004659295 -0.04716664 -0.02931392 0.003870725 -0.0485 -0.03066498 0.003784596 -0.0485 -0.03045231 0.003990054 -0.0485 -0.03051316 0.004011809 -0.0485 -0.03048408 0.004011809 -0.04716664 -0.03048408 0.003784596 -0.04449999 -0.03045231 0.004011809 -0.04449999 -0.03048408 0.003990054 -0.04449999 -0.03051316 0.003870725 -0.04449999 -0.03066498 0.003870725 -0.04716664 -0.03066498 0.004004597 -0.0485 -0.0301463 0.004233598 -0.0485 -0.03016012 0.004107117 -0.0485 -0.03035151 0.004233598 -0.04716664 -0.03016012 0.004004597 -0.04449999 -0.0301463 0.004233598 -0.04449999 -0.03016012 0.004107117 -0.04449999 -0.03035151 0.004107117 -0.04716664 -0.03035151 -0.003977358 -0.0485 -0.03018707 -0.004077792 -0.0485 -0.03039336 -0.00420618 -0.0485 -0.03020322 -0.004077792 -0.04716664 -0.03039336 -0.003977358 -0.04449999 -0.03018707 -0.004077792 -0.04449999 -0.03039336 -0.00420618 -0.04449999 -0.03020322 -0.00420618 -0.04716664 -0.03020322 -0.003508031 -0.0485 -0.0307762 -0.003574967 -0.0485 -0.0309956 -0.003731548 -0.0485 -0.03082793 -0.003574967 -0.04716664 -0.0309956 -0.003508031 -0.04449999 -0.0307762 -0.003574967 -0.04449999 -0.0309956 -0.003731548 -0.04449999 -0.03082793 -0.003731548 -0.04716664 -0.03082793 -0.002323925 -0.0485 -0.03169989 -0.002319753 -0.0485 -0.03192925 -0.002520501 -0.0485 -0.03181821 -0.002319753 -0.04716664 -0.03192925 -0.002323925 -0.04449999 -0.03169989 -0.002319753 -0.04449999 -0.03192925 -0.002520501 -0.04449999 -0.03181821 -0.002520501 -0.04716664 -0.03181821 -0.003458917 -0.0485 -0.03111046 -0.003240168 -0.0485 -0.03104132 -0.003368437 -0.0485 -0.03119504 -0.003289639 -0.0485 -0.03126531 -0.003289639 -0.04716664 -0.03126531 -0.003240168 -0.04449999 -0.03104132 -0.003289639 -0.04449999 -0.03126531 -0.003368437 -0.04449999 -0.03119504 -0.003458917 -0.04449999 -0.03111046 -0.003458917 -0.04716664 -0.03111046 -0.001987218 -0.0485 -0.03186929 -0.001965105 -0.0485 -0.03209763 -0.0021739 -0.0485 -0.03200262 -0.001965105 -0.04716664 -0.03209763 -0.001987218 -0.04449999 -0.03186929 -0.001965105 -0.04449999 -0.03209763 -0.0021739 -0.04449999 -0.03200262 -0.0021739 -0.04716664 -0.03200262 -0.00106275 -0.0485 -0.0323857 -9.12373e-4 -0.0485 -0.03221249 -9.18747e-4 -0.0485 -0.03241485 -8.37519e-4 -0.0485 -0.03242933 -8.37519e-4 -0.04716664 -0.03242933 -9.12373e-4 -0.04449999 -0.03221249 -8.37519e-4 -0.04449999 -0.03242933 -9.18747e-4 -0.04449999 -0.03241485 -0.00106275 -0.04449999 -0.0323857 -0.00106275 -0.04716664 -0.0323857 -1.63944e-4 -0.0485 -0.03229719 -5.60866e-5 -0.0485 -0.03249967 -2.85373e-4 -0.0485 -0.0324918 -5.60866e-5 -0.04716664 -0.03249967 -1.63944e-4 -0.04449999 -0.03229719 -5.60866e-5 -0.04449999 -0.03249967 -2.85373e-4 -0.04449999 -0.0324918 -2.85373e-4 -0.04716664 -0.0324918 5.88522e-4 -0.0485 -0.03226375 7.26727e-4 -0.0485 -0.03244686 4.99037e-4 -0.0485 -0.03247499 7.26727e-4 -0.04716664 -0.03244686 5.88522e-4 -0.04449999 -0.03226375 7.26727e-4 -0.04449999 -0.03244686 4.99037e-4 -0.04449999 -0.03247499 4.99037e-4 -0.04716664 -0.03247499 -0.004494726 -0.0485 -0.02918434 -0.004640519 -0.0485 -0.02936142 -0.004721045 -0.0485 -0.02914661 -0.004640519 -0.04716664 -0.02936142 -0.004494726 -0.04449999 -0.02918434 -0.004640519 -0.04449999 -0.02936142 -0.004721045 -0.04449999 -0.02914661 -0.004721045 -0.04716664 -0.02914661 -0.004702866 -0.0485 -0.02846044 -0.004874587 -0.0485 -0.02861261 -0.004920542 -0.0485 -0.02838778 -0.004874587 -0.04716664 -0.02861261 -0.004702866 -0.04449999 -0.02846044 -0.004874587 -0.04449999 -0.02861261 -0.004920542 -0.04449999 -0.02838778 -0.004920542 -0.04716664 -0.02838778 -0.004795253 -0.0485 -0.02771294 -0.00498867 -0.0485 -0.02783632 -0.004998803 -0.0485 -0.02760714 -0.00498867 -0.04716664 -0.02783632 -0.004795253 -0.04449999 -0.02771294 -0.00498867 -0.04449999 -0.02783632 -0.004998803 -0.04449999 -0.02760714 -0.004998803 -0.04716664 -0.02760714 -0.00495404 -0.0485 -0.02682381 -0.004769504 -0.0485 -0.02696013 -0.004978656 -0.0485 -0.02703863 -0.004979848 -0.0485 -0.0270518 -0.004979848 -0.04716664 -0.0270518 -0.004769504 -0.04449999 -0.02696013 -0.004979848 -0.04449999 -0.0270518 -0.004978656 -0.04449999 -0.02703863 -0.00495404 -0.04449999 -0.02682381 -0.00495404 -0.04716664 -0.02682381 -0.004199862 -0.0485 -0.02517604 -0.00442928 -0.0485 -0.02518022 -0.004318177 -0.0485 -0.02497947 -0.00442928 -0.04716664 -0.02518022 -0.004199862 -0.04449999 -0.02517604 -0.00442928 -0.04449999 -0.02518022 -0.004318177 -0.04449999 -0.02497947 -0.004318177 -0.04716664 -0.02497947 -0.00354129 -0.0485 -0.0242598 -0.003765344 -0.0485 -0.02421027 -0.003610491 -0.0485 -0.02404105 -0.003765344 -0.04716664 -0.02421027 -0.00354129 -0.04449999 -0.0242598 -0.003765344 -0.04449999 -0.02421027 -0.003610491 -0.04449999 -0.02404105 -0.003610491 -0.04716664 -0.02404105 -0.004369258 -0.0485 -0.02551269 -0.004597604 -0.0485 -0.02553486 -0.004502654 -0.0485 -0.02532601 -0.004597604 -0.04716664 -0.02553486 -0.004369258 -0.04449999 -0.02551269 -0.004597604 -0.04449999 -0.02553486 -0.004502654 -0.04449999 -0.02532601 -0.004502654 -0.04716664 -0.02532601 -0.004712462 -0.0485 -0.0265876 -0.004929304 -0.0485 -0.02666246 -0.004885733 -0.0485 -0.02643722 -0.004929304 -0.04716664 -0.02666246 -0.004712462 -0.04449999 -0.0265876 -0.004929304 -0.04449999 -0.02666246 -0.004885733 -0.04449999 -0.02643722 -0.004885733 -0.04716664 -0.02643722 0.00479716 -0.0485 -0.02766394 0.004999637 -0.0485 -0.02755606 0.004991829 -0.0485 -0.02778536 0.004999637 -0.04716664 -0.02755606 0.00479716 -0.04449999 -0.02766394 0.004999637 -0.04449999 -0.02755606 0.004991829 -0.04449999 -0.02778536 0.004991829 -0.04716664 -0.02778536 0.004763782 -0.0485 -0.02691143 0.004946887 -0.0485 -0.02677327 0.00497502 -0.0485 -0.02700096 0.004946887 -0.04716664 -0.02677327 0.004763782 -0.04449999 -0.02691143 0.004946887 -0.04449999 -0.02677327 0.00497502 -0.04449999 -0.02700096 0.00497502 -0.04716664 -0.02700096 0.004835665 -0.0485 -0.02622884 0.004613041 -0.0485 -0.02617347 0.004809081 -0.0485 -0.02613168 0.004772305 -0.0485 -0.0260083 0.004772305 -0.04716664 -0.0260083 0.004613041 -0.04449999 -0.02617347 0.004772305 -0.04449999 -0.0260083 0.004809081 -0.04449999 -0.02613168 0.004835665 -0.04449999 -0.02622884 0.004835665 -0.04716664 -0.02622884 0.004348754 -0.0485 -0.02546817 0.004480183 -0.0485 -0.02528011 0.004577279 -0.0485 -0.02548801 0.004480183 -0.04716664 -0.02528011 0.004348754 -0.04449999 -0.02546817 0.004480183 -0.04449999 -0.02528011 0.004577279 -0.04449999 -0.02548801 0.004577279 -0.04716664 -0.02548801 0.003977358 -0.0485 -0.02481287 0.004077792 -0.0485 -0.02460658 0.00420618 -0.0485 -0.02479672 0.004077792 -0.04716664 -0.02460658 0.003977358 -0.04449999 -0.02481287 0.004077792 -0.04449999 -0.02460658 0.00420618 -0.04449999 -0.02479672 0.00420618 -0.04716664 -0.02479672 0.003508031 -0.0485 -0.02422374 0.003574967 -0.0485 -0.02400434 0.003731548 -0.0485 -0.024172 0.003574967 -0.04716664 -0.02400434 0.003508031 -0.04449999 -0.02422374 0.003574967 -0.04449999 -0.02400434 0.003731548 -0.04449999 -0.024172 0.003731548 -0.04716664 -0.024172 0.002323925 -0.0485 -0.02330005 0.002319753 -0.0485 -0.02307069 0.002520501 -0.0485 -0.02318173 0.002319753 -0.04716664 -0.02307069 0.002323925 -0.04449999 -0.02330005 0.002319753 -0.04449999 -0.02307069 0.002520501 -0.04449999 -0.02318173 0.002520501 -0.04716664 -0.02318173 0.003458917 -0.0485 -0.02388948 0.003240168 -0.0485 -0.02395862 0.003368437 -0.0485 -0.0238049 0.003289639 -0.0485 -0.02373462 0.003289639 -0.04716664 -0.02373462 0.003240168 -0.04449999 -0.02395862 0.003289639 -0.04449999 -0.02373462 0.003368437 -0.04449999 -0.0238049 0.003458917 -0.04449999 -0.02388948 0.003458917 -0.04716664 -0.02388948 0.001987218 -0.0485 -0.02313065 0.001965105 -0.0485 -0.0229023 0.0021739 -0.0485 -0.02299731 0.001965105 -0.04716664 -0.0229023 0.001987218 -0.04449999 -0.02313065 0.001965105 -0.04449999 -0.0229023 0.0021739 -0.04449999 -0.02299731 0.0021739 -0.04716664 -0.02299731 0.00106275 -0.0485 -0.02261424 9.12373e-4 -0.0485 -0.02278751 9.18747e-4 -0.0485 -0.02258509 8.37519e-4 -0.0485 -0.02257061 8.37519e-4 -0.04716664 -0.02257061 9.12373e-4 -0.04449999 -0.02278751 8.37519e-4 -0.04449999 -0.02257061 9.18747e-4 -0.04449999 -0.02258509 0.00106275 -0.04449999 -0.02261424 0.00106275 -0.04716664 -0.02261424 1.63944e-4 -0.0485 -0.02270275 5.60866e-5 -0.0485 -0.02250027 2.85373e-4 -0.0485 -0.02250814 5.60866e-5 -0.04716664 -0.02250027 1.63944e-4 -0.04449999 -0.02270275 5.60866e-5 -0.04449999 -0.02250027 2.85373e-4 -0.04449999 -0.02250814 2.85373e-4 -0.04716664 -0.02250814 -5.88522e-4 -0.0485 -0.02273619 -7.26727e-4 -0.0485 -0.02255308 -4.99037e-4 -0.0485 -0.02252495 -7.26727e-4 -0.04716664 -0.02255308 -5.88522e-4 -0.04449999 -0.02273619 -7.26727e-4 -0.04449999 -0.02255308 -4.99037e-4 -0.04449999 -0.02252495 -4.99037e-4 -0.04716664 -0.02252495 -0.001326441 -0.0485 -0.02288693 -0.001491606 -0.0485 -0.02272766 -0.001271128 -0.0485 -0.02266424 -0.001491606 -0.04716664 -0.02272766 -0.001326441 -0.04449999 -0.02288693 -0.001491606 -0.04449999 -0.02272766 -0.001271128 -0.04449999 -0.02266424 -0.001271128 -0.04716664 -0.02266424 -0.002031803 -0.0485 -0.02315121 -0.002219796 -0.0485 -0.02301979 -0.002011954 -0.0485 -0.02292263 -0.002219796 -0.04716664 -0.02301979 -0.002031803 -0.04449999 -0.02315121 -0.002219796 -0.04449999 -0.02301979 -0.002011954 -0.04449999 -0.02292263 -0.002011954 -0.04716664 -0.02292263 -0.002687036 -0.0485 -0.02352261 -0.002893328 -0.0485 -0.02342218 -0.002703249 -0.0485 -0.02329373 -0.002893328 -0.04716664 -0.02342218 -0.002687036 -0.04449999 -0.02352261 -0.002893328 -0.04449999 -0.02342218 -0.002703249 -0.04449999 -0.02329373 -0.002703249 -0.04716664 -0.02329373 -0.003327965 -0.0485 -0.02376842 -0.003276169 -0.0485 -0.02399194 -0.003368437 -0.0485 -0.0238049 -0.003495633 -0.0485 -0.023925 -0.003495633 -0.04716664 -0.023925 -0.003276169 -0.04449999 -0.02399194 -0.003495633 -0.04449999 -0.023925 -0.003368437 -0.04449999 -0.0238049 -0.003327965 -0.04449999 -0.02376842 -0.003327965 -0.04716664 -0.02376842 0 -0.04149997 -0.02249997 9.18747e-4 -0.04149997 -0.02258509 0.001806199 -0.04149997 -0.02283763 0.002632141 -0.04149997 -0.02324891 0.003368437 -0.04149997 -0.0238049 0.003990054 -0.04149997 -0.02448678 0.004475772 -0.04149997 -0.02527129 0.004809081 -0.04149997 -0.02613168 0.004978656 -0.04149997 -0.02703863 0.004978656 -0.04149997 -0.02796131 -0.004475772 -0.04149997 -0.02972865 -0.004809081 -0.04149997 -0.02886831 -0.004978656 -0.04149997 -0.02796131 -0.004978656 -0.04149997 -0.02703863 -0.004809081 -0.04149997 -0.02613168 -0.004475772 -0.04149997 -0.02527129 -0.003990054 -0.04149997 -0.02448678 -0.003368437 -0.04149997 -0.0238049 -0.002632141 -0.04149997 -0.02324891 -0.001806199 -0.04149997 -0.02283763 -9.18747e-4 -0.04149997 -0.02258509 0.004809081 -0.04149997 -0.02886831 0.004475772 -0.04149997 -0.02972865 0.003990054 -0.04149997 -0.03051316 0.003368437 -0.04149997 -0.03119504 0.002632141 -0.04149997 -0.03175103 0.001806199 -0.04149997 -0.0321623 9.18747e-4 -0.04149997 -0.03241485 0 -0.04149997 -0.03249996 -9.18747e-4 -0.04149997 -0.03241485 -0.001806199 -0.04149997 -0.0321623 -0.002632141 -0.04149997 -0.03175103 -0.003368437 -0.04149997 -0.03119504 -0.003990054 -0.04149997 -0.03051316 0.002632141 -0.04716664 -0.03175103 0.001806199 -0.04433333 -0.0321623 -0.004978656 -0.04716664 -0.02796131 0.004978656 -0.04433333 -0.02796131 0.003990054 -0.04716664 -0.02448678 -0.003368437 -0.04433333 -0.0238049 -0.002632141 -0.04433333 -0.02324891 -0.002632141 -0.04716664 -0.02324891 -0.001806199 -0.04433333 -0.02283763 -9.18747e-4 -0.04433333 -0.02258509 0 -0.04716664 -0.02249997 0 -0.04433333 -0.02249997 9.18747e-4 -0.04433333 -0.02258509 0.001806199 -0.04433333 -0.02283763 0.002632141 -0.04433333 -0.02324891 0.002632141 -0.04716664 -0.02324891 0.003368437 -0.04433333 -0.0238049 0.003990054 -0.04433333 -0.02448678 0.004475772 -0.04433333 -0.02527129 0.004475772 -0.04716664 -0.02527129 0.004809081 -0.04433333 -0.02613168 0.004978656 -0.04433333 -0.02703863 0.004978656 -0.04716664 -0.02703863 0.004809081 -0.04433333 -0.02886831 -0.004978656 -0.04433333 -0.02703863 -0.004809081 -0.04433333 -0.02613168 -0.004475772 -0.04716664 -0.02527129 -0.004475772 -0.04433333 -0.02527129 -0.003990054 -0.04433333 -0.02448678 -0.004978656 -0.04433333 -0.02796131 -0.004809081 -0.04433333 -0.02886831 -0.004475772 -0.04716664 -0.02972865 -0.004475772 -0.04433333 -0.02972865 0 -0.04716664 -0.03249996 9.18747e-4 -0.04433333 -0.03241485 0 -0.04433333 -0.03249996 -9.18747e-4 -0.04433333 -0.03241485 -0.001806199 -0.04433333 -0.0321623 -0.002632141 -0.04433333 -0.03175103 -0.002632141 -0.04716664 -0.03175103 -0.003368437 -0.04433333 -0.03119504 -0.003990054 -0.04716664 -0.03051316 -0.003990054 -0.04433333 -0.03051316 0.004475772 -0.04433333 -0.02972865 0.003990054 -0.04433333 -0.03051316 0.004475772 -0.04716664 -0.02972865 0.003368437 -0.04433333 -0.03119504 0.002632141 -0.04433333 -0.03175103 -0.04342901 -0.002483308 -0.05269998 -0.04342901 -0.002483308 -0.04379999 -0.04342901 0 -0.05269998 -0.04342901 0 -0.04379999 -0.04342901 0.002483308 -0.05269998 -0.04342901 0.002483308 -0.04379999 -0.04291361 0.006975233 -0.05269998 -0.04291361 0.006975233 -0.04379999 -0.04286289 0.007417678 -0.05269998 -0.04286289 0.007417678 -0.04379999 -0.04173791 0.01225537 -0.05269998 -0.04173791 0.01225537 -0.04379999 -0.04120308 0.01375424 -0.05269998 -0.04120308 0.01375424 -0.04379999 -0.04006886 0.0169332 -0.05269998 -0.04006886 0.0169332 -0.04379999 -0.03846722 0.02019077 -0.05269998 -0.03846722 0.02019077 -0.04379999 -0.03787744 0.02139037 -0.05269998 -0.03787744 0.02139037 -0.04379999 -0.03519219 0.02556866 -0.05269998 -0.03519219 0.02556866 -0.04379999 -0.03474915 0.02611052 -0.05269998 -0.03474915 0.02611052 -0.04379999 -0.03204822 0.02941358 -0.05269998 -0.03204822 0.02941358 -0.04379999 -0.03008455 0.03132194 -0.05269998 -0.03008455 0.03132194 -0.04379999 -0.02848643 0.03287506 -0.05269998 -0.02848643 0.03287506 -0.04379999 -0.02470439 0.03579145 -0.05269998 -0.02470439 0.03579145 -0.04379999 -0.02455323 0.03590798 -0.05269998 -0.02455323 0.03590798 -0.04379999 -0.02030003 0.03847283 -0.05269998 -0.02030003 0.03847283 -0.04379999 -0.01862055 0.03923976 -0.05269998 -0.01862055 0.03923976 -0.04379999 -0.01578211 0.04053604 -0.05269998 -0.01578211 0.04053604 -0.04379999 -0.01208746 0.04173654 -0.05269998 -0.01208746 0.04173654 -0.04379999 -0.01105844 0.04207086 -0.05269998 -0.01105844 0.04207086 -0.04379999 -0.006190657 0.0430572 -0.05269998 -0.006190657 0.0430572 -0.04379999 -0.005239546 0.04313892 -0.05269998 -0.005239546 0.04313892 -0.04379999 -0.00124216 0.04348224 -0.05269998 -0.00124216 0.04348224 -0.04379999 0.001749575 0.04339677 -0.05269998 0.001749575 0.04339677 -0.04379999 0.003722488 0.04334038 -0.05269998 0.003722488 0.04334038 -0.04379999 0.008638679 0.04263359 -0.05269998 0.008638679 0.04263359 -0.04379999 0.008700191 0.04261738 -0.05269998 0.008700191 0.04261738 -0.04379999 0.01344221 0.04137092 -0.05269998 0.01344221 0.04137092 -0.04379999 0.01540017 0.04060864 -0.05269998 0.01540017 0.04060864 -0.04379999 0.01807051 0.03956896 -0.05269998 0.01807051 0.03956896 -0.04379999 0.02173161 0.03763723 -0.05269998 0.02173161 0.03763723 -0.04379999 0.02246326 0.03725117 -0.05269998 0.02246326 0.03725117 -0.04379999 0.02656316 0.03444772 -0.05269998 0.02656316 0.03444772 -0.04379999 0.02747708 0.03365576 -0.05269998 0.02747708 0.03365576 -0.04379999 0.03031677 0.03119522 -0.05269998 0.03031677 0.03119522 -0.04379999 0.0325129 0.02880239 -0.05269998 0.0325129 0.02880239 -0.04379999 0.03367513 0.02753603 -0.05269998 0.03367513 0.02753603 -0.04379999 0.03659451 0.02351784 -0.05269998 0.03659451 0.02351784 -0.04379999 0.03675091 0.02324086 -0.05269998 0.03675091 0.02324086 -0.04379999 0.03903681 0.01919311 -0.05269998 0.03903681 0.01919311 -0.04379999 0.03995388 0.01702296 -0.05269998 0.03995388 0.01702296 -0.04379999 0.0409702 0.01461809 -0.05269998 0.0409702 0.01461809 -0.04379999 0.04220813 0.01040202 -0.05269998 0.04220813 0.01040202 -0.04379999 0.04236948 0.009852588 -0.05269998 0.04236948 0.009852588 -0.04379999 0.0432164 0.00495857 -0.05269998 0.0432164 0.00495857 -0.04379999 0.04330003 0.003496885 -0.05269998 0.04330003 0.003496885 -0.04379999 0.04349994 0 -0.05269998 0.04349994 0 -0.04379999 0.04330003 -0.003496885 -0.05269998 0.04330003 -0.003496885 -0.04379999 0.0432164 -0.00495857 -0.05269998 0.0432164 -0.00495857 -0.04379999 0.04236948 -0.009852588 -0.05269998 0.04236948 -0.009852588 -0.04379999 0.04220813 -0.01040202 -0.05269998 0.04220813 -0.01040202 -0.04379999 0.0409702 -0.01461809 -0.05269998 0.0409702 -0.01461809 -0.04379999 0.03995388 -0.01702296 -0.05269998 0.03995388 -0.01702296 -0.04379999 0.03903681 -0.01919311 -0.05269998 0.03903681 -0.01919311 -0.04379999 0.03675091 -0.02324086 -0.05269998 0.03675091 -0.02324086 -0.04379999 0.03659451 -0.02351784 -0.05269998 0.03659451 -0.02351784 -0.04379999 0.03367513 -0.02753603 -0.05269998 0.03367513 -0.02753603 -0.04379999 0.0325129 -0.02880239 -0.05269998 0.0325129 -0.02880239 -0.04379999 0.03031677 -0.03119522 -0.05269998 0.03031677 -0.03119522 -0.04379999 0.02747708 -0.03365576 -0.05269998 0.02747708 -0.03365576 -0.04379999 0.02656316 -0.03444772 -0.05269998 0.02656316 -0.03444772 -0.04379999 0.02246326 -0.03725117 -0.05269998 0.02246326 -0.03725117 -0.04379999 0.02173161 -0.03763723 -0.05269998 0.02173161 -0.03763723 -0.04379999 0.01807051 -0.03956896 -0.05269998 0.01807051 -0.03956896 -0.04379999 0.01540017 -0.04060864 -0.05269998 0.01540017 -0.04060864 -0.04379999 0.01344221 -0.04137092 -0.05269998 0.01344221 -0.04137092 -0.04379999 0.008700191 -0.04261738 -0.05269998 0.008700191 -0.04261738 -0.04379999 0.008638679 -0.04263359 -0.05269998 0.008638679 -0.04263359 -0.04379999 0.003722488 -0.04334038 -0.05269998 0.003722488 -0.04334038 -0.04379999 0.001749575 -0.04339677 -0.05269998 0.001749575 -0.04339677 -0.04379999 -0.00124216 -0.04348224 -0.05269998 -0.00124216 -0.04348224 -0.04379999 -0.005239546 -0.04313892 -0.05269998 -0.005239546 -0.04313892 -0.04379999 -0.006190657 -0.0430572 -0.05269998 -0.006190657 -0.0430572 -0.04379999 -0.01105844 -0.04207086 -0.05269998 -0.01105844 -0.04207086 -0.04379999 -0.01208746 -0.04173654 -0.05269998 -0.01208746 -0.04173654 -0.04379999 -0.01578211 -0.04053604 -0.05269998 -0.01578211 -0.04053604 -0.04379999 -0.01862055 -0.03923976 -0.05269998 -0.01862055 -0.03923976 -0.04379999 -0.02030003 -0.03847283 -0.05269998 -0.02030003 -0.03847283 -0.04379999 -0.02455323 -0.03590798 -0.05269998 -0.02455323 -0.03590798 -0.04379999 -0.02470439 -0.03579145 -0.05269998 -0.02470439 -0.03579145 -0.04379999 -0.02848643 -0.03287506 -0.05269998 -0.02848643 -0.03287506 -0.04379999 -0.03008455 -0.03132194 -0.05269998 -0.03008455 -0.03132194 -0.04379999 -0.03204822 -0.02941358 -0.05269998 -0.03204822 -0.02941358 -0.04379999 -0.03474915 -0.02611052 -0.05269998 -0.03474915 -0.02611052 -0.04379999 -0.03519219 -0.02556866 -0.05269998 -0.03519219 -0.02556866 -0.04379999 -0.03787744 -0.02139037 -0.05269998 -0.03787744 -0.02139037 -0.04379999 -0.03846722 -0.02019077 -0.05269998 -0.03846722 -0.02019077 -0.04379999 -0.04006886 -0.0169332 -0.05269998 -0.04006886 -0.0169332 -0.04379999 -0.04120308 -0.01375424 -0.05269998 -0.04120308 -0.01375424 -0.04379999 -0.04173791 -0.01225537 -0.05269998 -0.04173791 -0.01225537 -0.04379999 -0.04286289 -0.007417678 -0.05269998 -0.04286289 -0.007417678 -0.04379999 -0.04291361 -0.006975233 -0.05269998 -0.04291361 -0.006975233 -0.04379999 0.04235142 0.009848356 -0.05280381 0.04095274 0.01461189 -0.05280381 0.03902018 0.01918488 -0.05280381 0.03657889 0.02350783 -0.05280381 0.03366076 0.02752429 -0.05280381 0.03030383 0.03118193 -0.05280381 0.02655184 0.03443306 -0.05280381 0.02245366 0.03723526 -0.05280381 0.01806282 0.03955209 -0.05280381 0.01343649 0.04135328 -0.05280381 0.008634984 0.04261541 -0.05280381 0.003720879 0.0433219 -0.05280381 -0.001241624 0.0434637 -0.05280381 -0.006188035 0.04303884 -0.05280381 -0.01105374 0.04205292 -0.05280381 -0.01577538 0.04051876 -0.05280381 -0.02029132 0.03845638 -0.05280381 -0.0245428 0.03589272 -0.05280381 -0.03203457 0.02940106 -0.05280381 -0.02847427 0.03286105 -0.05280381 -0.03786128 0.02138125 -0.05280381 -0.03517723 0.02555775 -0.05280381 -0.04005175 0.01692599 -0.05280381 -0.04284459 0.007414519 -0.05280381 -0.04172015 0.01225012 -0.05280381 -0.04341053 0.002482295 -0.05280381 -0.04341053 -0.002482295 -0.05280381 -0.04172015 -0.01225012 -0.05280381 -0.04284459 -0.007414519 -0.05280381 -0.04005175 -0.01692599 -0.05280381 -0.03517723 -0.02555775 -0.05280381 -0.03786128 -0.02138125 -0.05280381 -0.03203457 -0.02940106 -0.05280381 -0.02847427 -0.03286105 -0.05280381 -0.02029132 -0.03845638 -0.05280381 -0.0245428 -0.03589272 -0.05280381 -0.01577538 -0.04051876 -0.05280381 -0.006188035 -0.04303884 -0.05280381 -0.01105374 -0.04205292 -0.05280381 -0.001241624 -0.0434637 -0.05280381 0.008634984 -0.04261541 -0.05280381 0.003720879 -0.0433219 -0.05280381 0.01343649 -0.04135328 -0.05280381 0.01806282 -0.03955209 -0.05280381 0.02245366 -0.03723526 -0.05280381 0.02655184 -0.03443306 -0.05280381 0.03030383 -0.03118193 -0.05280381 0.03366076 -0.02752429 -0.05280381 0.03657889 -0.02350783 -0.05280381 0.04095274 -0.01461189 -0.05280381 0.03902018 -0.01918488 -0.05280381 0.04319798 -0.004956483 -0.05280381 0.04235142 -0.009848356 -0.05280381 0.0434814 0 -0.05280381 0.04319798 0.004956483 -0.05280381 0.04319995 0 -0.05299997 0.04330378 0 -0.05298143 0.04306757 -0.003384053 -0.05299997 0.04302155 -0.004936218 -0.05298143 0.04197949 -0.01019734 -0.05299997 0.04206264 -0.009781718 -0.05299997 0.04217845 -0.009808123 -0.05298143 0.04267054 -0.006743073 -0.05299997 0.04288595 -0.004920542 -0.05299997 0.04103267 -0.01351237 -0.05299997 0.04078543 -0.01455217 -0.05298143 0.04066067 -0.01450723 -0.05299997 0.0398342 -0.01671773 -0.05299997 0.03886079 -0.01910656 -0.05298143 0.03874325 -0.01904934 -0.05299997 0.03835541 -0.01987826 -0.05299997 0.03642946 -0.02341181 -0.05298143 0.03668278 -0.02281701 -0.05299997 0.03352326 -0.02741181 -0.05298143 0.03475135 -0.02566349 -0.05299997 0.03632515 -0.02334415 -0.05299997 0.030101 -0.03097271 -0.05299997 0.0303058 -0.03078633 -0.05299997 0.03018003 -0.03105455 -0.05298143 0.032624 -0.02831882 -0.05299997 0.03341877 -0.02732676 -0.05299997 0.02780163 -0.03306591 -0.05299997 0.02644336 -0.03429239 -0.05298143 0.02636003 -0.03418451 -0.05299997 0.02513098 -0.03513818 -0.05299997 0.02236199 -0.03708314 -0.05298143 0.02232789 -0.03698271 -0.05299997 0.01939904 -0.03860002 -0.05299997 0.01798903 -0.0393905 -0.05298143 0.01793235 -0.03926628 -0.05299997 0.01631939 -0.03999894 -0.05299997 0.0133816 -0.04118436 -0.05298143 0.01334828 -0.04108226 -0.05299997 0.008599698 -0.0424413 -0.05298143 0.01000827 -0.04202491 -0.05299997 0.01324719 -0.04111909 -0.05299997 0.003517806 -0.04305684 -0.05299997 0.003696084 -0.0430355 -0.05299997 0.00370568 -0.04314494 -0.05298143 0.006751954 -0.04266917 -0.05299997 0.008572995 -0.04230886 -0.05299997 1.37215e-4 -0.04319977 -0.05299997 -0.001236557 -0.04328614 -0.05298143 -0.001232445 -0.04315054 -0.05299997 -0.003246486 -0.04307818 -0.05299997 -0.006162762 -0.04286301 -0.05298143 -0.006146192 -0.04274481 -0.05299997 -0.01100862 -0.04188114 -0.05298143 -0.01005506 -0.04201382 -0.05299997 -0.006606638 -0.04269188 -0.05299997 -0.01571094 -0.04035323 -0.05298143 -0.01338118 -0.0410757 -0.05299997 -0.01097476 -0.04175442 -0.05299997 -0.02015262 -0.03819447 -0.05299997 -0.01975566 -0.03841871 -0.05299997 -0.02020847 -0.03829932 -0.05298143 -0.01658469 -0.03988975 -0.05299997 -0.01566368 -0.04023069 -0.05299997 -0.02269959 -0.03675562 -0.05299997 -0.02444255 -0.03574609 -0.05298143 -0.02436548 -0.03563302 -0.05299997 -0.02554988 -0.03483492 -0.05299997 -0.02835798 -0.03272682 -0.05298143 -0.02821457 -0.03271424 -0.05299997 -0.03190368 -0.02928096 -0.05298143 -0.03068906 -0.03040426 -0.05299997 -0.0282877 -0.03264594 -0.05299997 -0.03505778 -0.0252431 -0.05299997 -0.03494435 -0.0253883 -0.05299997 -0.03503352 -0.02545332 -0.05298143 -0.03297686 -0.02790719 -0.05299997 -0.03180295 -0.02918851 -0.05299997 -0.03691256 -0.02244359 -0.05299997 -0.03770661 -0.02129387 -0.05298143 -0.03758901 -0.02122771 -0.05299997 -0.03853791 -0.01952219 -0.05299997 -0.03988814 -0.01685684 -0.05298143 -0.03978008 -0.01681071 -0.05299997 -0.04154968 -0.01220005 -0.05298143 -0.04107826 -0.01337337 -0.05299997 -0.03994649 -0.01644742 -0.05299997 -0.04264855 -0.006880819 -0.05299997 -0.04255151 -0.007363379 -0.05299997 -0.04266959 -0.00738424 -0.05298143 -0.04199272 -0.01014262 -0.05299997 -0.04142099 -0.01216256 -0.05299997 -0.0430454 -0.003655314 -0.05299997 -0.04323321 -0.002472162 -0.05298143 -0.04309958 -0.00246483 -0.05299997 -0.04319912 -2.75584e-4 -0.05299997 -0.04323321 0.002472162 -0.05298143 -0.04310935 0.002465546 -0.05299997 -0.04266959 0.00738424 -0.05298143 -0.0427128 0.006470143 -0.05299997 -0.04308831 0.003108739 -0.05299997 -0.04154968 0.01220005 -0.05298143 -0.04204761 0.009912669 -0.05299997 -0.0425406 0.007361352 -0.05299997 -0.03977966 0.01681053 -0.05299997 -0.03994482 0.01645147 -0.05299997 -0.03988814 0.01685684 -0.05298143 -0.04111826 0.01324981 -0.05299997 -0.04142099 0.01216274 -0.05299997 -0.03848159 0.01963287 -0.05299997 -0.03770661 0.02129387 -0.05298143 -0.03758782 0.02122694 -0.05299997 -0.03682798 0.02258199 -0.05299997 -0.03503352 0.02545332 -0.05298143 -0.03491812 0.02543604 -0.05299997 -0.03280413 0.02811002 -0.05299997 -0.03190368 0.02928096 -0.05298143 -0.03180348 0.02918875 -0.05299997 -0.03050243 0.03059148 -0.05299997 -0.02835798 0.03272682 -0.05298143 -0.02828162 0.03263932 -0.05299997 -0.02444255 0.03574609 -0.05298143 -0.02535498 0.03497695 -0.05299997 -0.02801245 0.03288751 -0.05299997 -0.01964509 0.03847539 -0.05299997 -0.02015119 0.03819173 -0.05299997 -0.02020847 0.03829932 -0.05298143 -0.0225591 0.03684204 -0.05299997 -0.02436751 0.0356357 -0.05299997 -0.01657515 0.03989368 -0.05299997 -0.01571094 0.04035323 -0.05298143 -0.01566427 0.04023224 -0.05299997 -0.01349931 0.04103702 -0.05299997 -0.01100862 0.04188114 -0.05298143 -0.01097619 0.04175978 -0.05299997 -0.006162762 0.04286301 -0.05298143 -0.007009565 0.04262757 -0.05299997 -0.01027673 0.04196012 -0.05299997 -0.001236557 0.04328614 -0.05298143 -0.003792703 0.04303354 -0.05299997 -0.006145 0.04273664 -0.05299997 0.003694415 0.04301959 -0.05299997 0.002971112 0.04309803 -0.05299997 0.00370568 0.04314494 -0.05298143 -4.13816e-4 0.04319798 -0.05299997 -0.001232385 0.04315817 -0.05299997 0.006333649 0.04273331 -0.05299997 0.008599698 0.0424413 -0.05298143 0.008573114 0.04230815 -0.05299997 0.009770214 0.04208087 -0.05299997 0.0133816 0.04118436 -0.05298143 0.0131185 0.04116034 -0.05299997 0.01798903 0.0393905 -0.05298143 0.01631814 0.03999948 -0.05299997 0.01334661 0.04107761 -0.05299997 0.02246433 0.03689992 -0.05299997 0.02230513 0.03698849 -0.05299997 0.02236199 0.03708314 -0.05298143 0.01951003 0.03854405 -0.05299997 0.01793122 0.03926396 -0.05299997 0.02532202 0.03500086 -0.05299997 0.02644336 0.03429239 -0.05298143 0.02636045 0.03418534 -0.05299997 0.0280053 0.03289353 -0.05299997 0.03018003 0.03105455 -0.05298143 0.03009563 0.03096705 -0.05299997 0.03352326 0.02741181 -0.05298143 0.03279787 0.02811729 -0.05299997 0.03049367 0.03060024 -0.05299997 0.03642946 0.02341181 -0.05298143 0.03489595 0.02546638 -0.05299997 0.03342157 0.02732926 -0.05299997 0.03874647 0.01905089 -0.05299997 0.03841257 0.01976764 -0.05299997 0.03886079 0.01910656 -0.05298143 0.03677129 0.0226742 -0.05299997 0.03632247 0.02334249 -0.05299997 0.03984051 0.01670259 -0.05299997 0.04078543 0.01455217 -0.05298143 0.04066389 0.01450842 -0.05299997 0.04099541 0.01362502 -0.05299997 0.04217845 0.009808123 -0.05298143 0.04192715 0.0104106 -0.05299997 0.04302155 0.004936218 -0.05298143 0.04260623 0.007138073 -0.05299997 0.04205787 0.009780585 -0.05299997 0.04319387 7.28996e-4 -0.05299997 0.04302126 0.003929734 -0.05299997 0.04289299 0.004921138 -0.05299997 0.04341208 0 -0.05291211 0.04312914 0.004948556 -0.05291211 0.04228389 0.00983268 -0.05291211 0.04088747 0.01458859 -0.05291211 0.03895795 0.01915431 -0.05291211 0.0365206 0.02347034 -0.05291211 0.03360712 0.02748042 -0.05291211 0.03025549 0.03113222 -0.05291211 0.02650952 0.03437811 -0.05291211 0.0224179 0.03717589 -0.05291211 0.01803404 0.03948903 -0.05291211 0.01341503 0.04128736 -0.05291211 0.008621215 0.04254746 -0.05291211 0.003714978 0.04325288 -0.05291211 -0.001239657 0.04339438 -0.05291211 -0.00617814 0.04297024 -0.05291211 -0.01103615 0.04198586 -0.05291211 -0.01575022 0.0404542 -0.05291211 -0.02025902 0.0383951 -0.05291211 -0.02450364 0.03583544 -0.05291211 -0.02842885 0.03280866 -0.05291211 -0.03198349 0.02935415 -0.05291211 -0.03512114 0.02551698 -0.05291211 -0.0378009 0.02134716 -0.05291211 -0.03998792 0.01689904 -0.05291211 -0.04165363 0.01223057 -0.05291211 -0.04277628 0.007402718 -0.05291211 -0.04334127 0.002478301 -0.05291211 -0.04334127 -0.002478301 -0.05291211 -0.04277628 -0.007402718 -0.05291211 -0.04165363 -0.01223057 -0.05291211 -0.03998792 -0.01689904 -0.05291211 -0.0378009 -0.02134716 -0.05291211 -0.03512114 -0.02551698 -0.05291211 -0.03198349 -0.02935415 -0.05291211 -0.02842885 -0.03280866 -0.05291211 -0.02450364 -0.03583544 -0.05291211 -0.02025902 -0.0383951 -0.05291211 -0.01575022 -0.0404542 -0.05291211 -0.01103615 -0.04198586 -0.05291211 -0.00617814 -0.04297024 -0.05291211 -0.001239657 -0.04339438 -0.05291211 0.003714978 -0.04325288 -0.05291211 0.008621215 -0.04254746 -0.05291211 0.01341503 -0.04128736 -0.05291211 0.01803404 -0.03948903 -0.05291211 0.0224179 -0.03717589 -0.05291211 0.02650952 -0.03437811 -0.05291211 0.03025549 -0.03113222 -0.05291211 0.03360712 -0.02748042 -0.05291211 0.0365206 -0.02347034 -0.05291211 0.03895795 -0.01915431 -0.05291211 0.04088747 -0.01458859 -0.05291211 0.04228389 -0.00983268 -0.05291211 0.04312914 -0.004948556 -0.05291211 0.04330378 0 -0.04351854 0.04291838 -0.004924416 -0.04349994 0.04302155 -0.004936218 -0.04351854 0.0420773 -0.009784638 -0.04349994 0.04217845 -0.009808123 -0.04351854 0.04068768 -0.0145173 -0.04349994 0.04078543 -0.01455217 -0.04351854 0.03876757 -0.01906073 -0.04349994 0.03886079 -0.01910656 -0.04351854 0.03634214 -0.02335566 -0.04349994 0.03642946 -0.02341181 -0.04351854 0.03344291 -0.02734613 -0.04349994 0.03352326 -0.02741181 -0.04351854 0.03010767 -0.03098005 -0.04349994 0.03018003 -0.03105455 -0.04351854 0.02637994 -0.03421014 -0.04349994 0.02644336 -0.03429239 -0.04351854 0.02230834 -0.03699427 -0.04349994 0.02236199 -0.03708314 -0.04351854 0.01794588 -0.03929609 -0.04349994 0.01798903 -0.0393905 -0.04351854 0.01334953 -0.0410856 -0.04349994 0.0133816 -0.04118436 -0.04351854 0.008579075 -0.04233956 -0.04349994 0.008599698 -0.0424413 -0.04351854 0.003696799 -0.04304152 -0.04349994 0.00370568 -0.04314494 -0.04351854 -0.001233577 -0.04318237 -0.04349994 -0.001236557 -0.04328614 -0.04351854 -0.00614798 -0.04276025 -0.04349994 -0.006162762 -0.04286301 -0.04351854 -0.01098221 -0.04178071 -0.04349994 -0.01100862 -0.04188114 -0.04351854 -0.01567327 -0.0402565 -0.04349994 -0.01571094 -0.04035323 -0.04351854 -0.02016001 -0.03820747 -0.04349994 -0.02020847 -0.03829932 -0.04351854 -0.0243839 -0.03566038 -0.04349994 -0.02444255 -0.03574609 -0.04351854 -0.02828997 -0.03264838 -0.04349994 -0.02835798 -0.03272682 -0.04351854 -0.03182721 -0.02921074 -0.04349994 -0.03190368 -0.02928096 -0.04351854 -0.03494948 -0.02539229 -0.04349994 -0.03503352 -0.02545332 -0.04351854 -0.03761619 -0.02124285 -0.04349994 -0.03770661 -0.02129387 -0.04351854 -0.03979253 -0.01681643 -0.04349994 -0.03988814 -0.01685684 -0.04351854 -0.04145008 -0.01217085 -0.04349994 -0.04154968 -0.01220005 -0.04351854 -0.04256725 -0.007366538 -0.04349994 -0.04266959 -0.00738424 -0.04351854 -0.0431295 -0.002466201 -0.04349994 -0.04323321 -0.002472162 -0.04351854 -0.0431295 0.002466201 -0.04349994 -0.04323321 0.002472162 -0.04351854 -0.04256725 0.007366538 -0.04349994 -0.04266959 0.00738424 -0.04351854 -0.04145008 0.01217085 -0.04349994 -0.04154968 0.01220005 -0.04351854 -0.03979253 0.01681643 -0.04349994 -0.03988814 0.01685684 -0.04351854 -0.03761619 0.02124285 -0.04349994 -0.03770661 0.02129387 -0.04351854 -0.03494948 0.02539229 -0.04349994 -0.03503352 0.02545332 -0.04351854 -0.03182721 0.02921074 -0.04349994 -0.03190368 0.02928096 -0.04351854 -0.02828997 0.03264838 -0.04349994 -0.02835798 0.03272682 -0.04351854 -0.0243839 0.03566038 -0.04349994 -0.02444255 0.03574609 -0.04351854 -0.02016001 0.03820747 -0.04349994 -0.02020847 0.03829932 -0.04351854 -0.01567327 0.0402565 -0.04349994 -0.01571094 0.04035323 -0.04351854 -0.01098221 0.04178071 -0.04349994 -0.01100862 0.04188114 -0.04351854 -0.00614798 0.04276025 -0.04349994 -0.006162762 0.04286301 -0.04351854 -0.001233577 0.04318237 -0.04349994 -0.001236557 0.04328614 -0.04351854 0.003696799 0.04304152 -0.04349994 0.00370568 0.04314494 -0.04351854 0.008579075 0.04233956 -0.04349994 0.008599698 0.0424413 -0.04351854 0.01334953 0.0410856 -0.04349994 0.0133816 0.04118436 -0.04351854 0.01794588 0.03929609 -0.04349994 0.01798903 0.0393905 -0.04351854 0.02230834 0.03699427 -0.04349994 0.02236199 0.03708314 -0.04351854 0.02637994 0.03421014 -0.04349994 0.02644336 0.03429239 -0.04351854 0.03010767 0.03098005 -0.04349994 0.03018003 0.03105455 -0.04351854 0.03344291 0.02734613 -0.04349994 0.03352326 0.02741181 -0.04351854 0.03634214 0.02335566 -0.04349994 0.03642946 0.02341181 -0.04351854 0.03876757 0.01906073 -0.04349994 0.03886079 0.01910656 -0.04351854 0.04068768 0.0145173 -0.04349994 0.04078543 0.01455217 -0.04351854 0.0420773 0.009784638 -0.04349994 0.04217845 0.009808123 -0.04351854 0.04291838 0.004924416 -0.04349994 0.04302155 0.004936218 -0.04351854 0.04319995 0 -0.04349994 0.04235142 -0.009848356 -0.04369616 0.04095274 -0.01461189 -0.04369616 0.03902018 -0.01918488 -0.04369616 0.03657889 -0.02350783 -0.04369616 0.03366076 -0.02752429 -0.04369616 0.03030383 -0.03118193 -0.04369616 0.02655184 -0.03443306 -0.04369616 0.02245366 -0.03723526 -0.04369616 0.01806282 -0.03955209 -0.04369616 0.01343649 -0.04135328 -0.04369616 0.008634984 -0.04261541 -0.04369616 0.003720879 -0.0433219 -0.04369616 -0.001241624 -0.0434637 -0.04369616 -0.006188035 -0.04303884 -0.04369616 -0.01105374 -0.04205292 -0.04369616 -0.01577538 -0.04051876 -0.04369616 -0.02029132 -0.03845638 -0.04369616 -0.0245428 -0.03589272 -0.04369616 -0.03203457 -0.02940106 -0.04369616 -0.02847427 -0.03286105 -0.04369616 -0.03786128 -0.02138125 -0.04369616 -0.03517723 -0.02555775 -0.04369616 -0.04005175 -0.01692599 -0.04369616 -0.04284459 -0.007414519 -0.04369616 -0.04172015 -0.01225012 -0.04369616 -0.04341053 -0.002482295 -0.04369616 -0.04341053 0.002482295 -0.04369616 -0.04172015 0.01225012 -0.04369616 -0.04284459 0.007414519 -0.04369616 -0.04005175 0.01692599 -0.04369616 -0.03517723 0.02555775 -0.04369616 -0.03786128 0.02138125 -0.04369616 -0.03203457 0.02940106 -0.04369616 -0.02847427 0.03286105 -0.04369616 -0.02029132 0.03845638 -0.04369616 -0.0245428 0.03589272 -0.04369616 -0.01577538 0.04051876 -0.04369616 -0.006188035 0.04303884 -0.04369616 -0.01105374 0.04205292 -0.04369616 -0.001241624 0.0434637 -0.04369616 0.008634984 0.04261541 -0.04369616 0.003720879 0.0433219 -0.04369616 0.01343649 0.04135328 -0.04369616 0.01806282 0.03955209 -0.04369616 0.02245366 0.03723526 -0.04369616 0.02655184 0.03443306 -0.04369616 0.03030383 0.03118193 -0.04369616 0.03366076 0.02752429 -0.04369616 0.03657889 0.02350783 -0.04369616 0.04095274 0.01461189 -0.04369616 0.03902018 0.01918488 -0.04369616 0.04319798 0.004956483 -0.04369616 0.04235142 0.009848356 -0.04369616 0.0434814 0 -0.04369616 0.04319798 -0.004956483 -0.04369616 0.04341208 0 -0.04358786 0.04312914 0.004948556 -0.04358786 0.04228389 0.00983268 -0.04358786 0.04088747 0.01458859 -0.04358786 0.03895795 0.01915431 -0.04358786 0.0365206 0.02347034 -0.04358786 0.03360712 0.02748042 -0.04358786 0.03025549 0.03113222 -0.04358786 0.02650952 0.03437811 -0.04358786 0.0224179 0.03717589 -0.04358786 0.01803404 0.03948903 -0.04358786 0.01341503 0.04128736 -0.04358786 0.008621215 0.04254746 -0.04358786 0.003714978 0.04325288 -0.04358786 -0.001239657 0.04339438 -0.04358786 -0.00617814 0.04297024 -0.04358786 -0.01103615 0.04198586 -0.04358786 -0.01575022 0.0404542 -0.04358786 -0.02025902 0.0383951 -0.04358786 -0.02450364 0.03583544 -0.04358786 -0.02842885 0.03280866 -0.04358786 -0.03198349 0.02935415 -0.04358786 -0.03512114 0.02551698 -0.04358786 -0.0378009 0.02134716 -0.04358786 -0.03998792 0.01689904 -0.04358786 -0.04165363 0.01223057 -0.04358786 -0.04277628 0.007402718 -0.04358786 -0.04334127 0.002478301 -0.04358786 -0.04334127 -0.002478301 -0.04358786 -0.04277628 -0.007402718 -0.04358786 -0.04165363 -0.01223057 -0.04358786 -0.03998792 -0.01689904 -0.04358786 -0.0378009 -0.02134716 -0.04358786 -0.03512114 -0.02551698 -0.04358786 -0.03198349 -0.02935415 -0.04358786 -0.02842885 -0.03280866 -0.04358786 -0.02450364 -0.03583544 -0.04358786 -0.02025902 -0.0383951 -0.04358786 -0.01575022 -0.0404542 -0.04358786 -0.01103615 -0.04198586 -0.04358786 -0.00617814 -0.04297024 -0.04358786 -0.001239657 -0.04339438 -0.04358786 0.003714978 -0.04325288 -0.04358786 0.008621215 -0.04254746 -0.04358786 0.01341503 -0.04128736 -0.04358786 0.01803404 -0.03948903 -0.04358786 0.0224179 -0.03717589 -0.04358786 0.02650952 -0.03437811 -0.04358786 0.03025549 -0.03113222 -0.04358786 0.03360712 -0.02748042 -0.04358786 0.0365206 -0.02347034 -0.04358786 0.03895795 -0.01915431 -0.04358786 0.04088747 -0.01458859 -0.04358786 0.04228389 -0.00983268 -0.04358786 0.04312914 -0.004948556 -0.04358786 -0.01667034 -0.03800457 -0.05299997 0.04093396 0.006830632 -0.05299997 0.02269834 0.03474235 -0.05299997 0.03925138 0.013475 -0.05299997 0.03649812 -0.01975178 -0.05299997 0.01018762 0.04023009 -0.05299997 0.01667034 -0.03800457 -0.05299997 0.02269834 -0.03474235 -0.05299997 0.04149997 0 -0.05299997 0.03649812 0.01975178 -0.05299997 0.02810716 0.03053253 -0.05299997 -0.03649812 -0.01975178 -0.05299997 -0.03274929 -0.0254898 -0.05299997 -0.02269834 -0.03474235 -0.05299997 -0.01018762 -0.04023009 -0.05299997 0.02810716 -0.03053253 -0.05299997 0.03274929 -0.0254898 -0.05299997 0.03274929 0.0254898 -0.05299997 0.01667034 0.03800457 -0.05299997 -0.01018762 0.04023009 -0.05299997 -0.02810716 -0.03053253 -0.05299997 0.003427028 -0.04135823 -0.05299997 -0.003427028 -0.04135823 -0.05299997 0.01018762 -0.04023009 -0.05299997 -0.003427028 0.04135823 -0.05299997 -0.02269834 0.03474235 -0.05299997 -0.02810716 0.03053253 -0.05299997 -0.03925138 0.013475 -0.05299997 0.03925138 -0.013475 -0.05299997 0.04093396 -0.006830632 -0.05299997 0.003427028 0.04135823 -0.05299997 -0.01667034 0.03800457 -0.05299997 -0.03274929 0.0254898 -0.05299997 -0.03649812 0.01975178 -0.05299997 -0.04093396 0.006830632 -0.05299997 -0.04093396 -0.006830632 -0.05299997 -0.03925138 -0.013475 -0.05299997 -0.03925138 0.013475 -0.04349994 -0.04093396 0.006830632 -0.04349994 -0.04149997 0 -0.04349994 -0.01667034 -0.03800457 -0.04349994 -0.01018762 -0.04023009 -0.04349994 -0.003427028 -0.04135823 -0.04349994 -0.03925138 -0.013475 -0.04349994 -0.03649812 -0.01975178 -0.04349994 -0.03274929 -0.0254898 -0.04349994 -0.04093396 -0.006830632 -0.04349994 -0.03274929 0.0254898 -0.04349994 -0.03649812 0.01975178 -0.04349994 0.04093396 0.006830632 -0.04349994 0.03925138 0.013475 -0.04349994 0.03649812 0.01975178 -0.04349994 0.01018762 -0.04023009 -0.04349994 0.01667034 -0.03800457 -0.04349994 0.02269834 -0.03474235 -0.04349994 0.003427028 -0.04135823 -0.04349994 -0.02810716 -0.03053253 -0.04349994 -0.02269834 -0.03474235 -0.04349994 -0.01667034 0.03800457 -0.04349994 -0.02269834 0.03474235 -0.04349994 -0.02810716 0.03053253 -0.04349994 0.03274929 0.0254898 -0.04349994 0.02810716 0.03053253 -0.04349994 0.02269834 0.03474235 -0.04349994 0.03649812 -0.01975178 -0.04349994 0.03925138 -0.013475 -0.04349994 0.04093396 -0.006830632 -0.04349994 0.02810716 -0.03053253 -0.04349994 0.03274929 -0.0254898 -0.04349994 -0.003427028 0.04135823 -0.04349994 -0.01018762 0.04023009 -0.04349994 0.01018762 0.04023009 -0.04349994 0.003427028 0.04135823 -0.04349994 0.01667034 0.03800457 -0.04349994 -0.001718819 -0.0404635 -0.01249998 0.001751542 -0.04346472 -0.01249998 0.005144178 -0.04017192 -0.01249998 0.008701086 -0.04262089 -0.01249998 0.01185929 -0.03872472 -0.01249998 0.01542526 -0.04067319 -0.01249998 0.01823323 -0.03616344 -0.01249998 0.02174997 -0.0376721 -0.01249998 0.0240826 -0.03256183 -0.01249998 0.02751135 -0.03369528 -0.01249998 0.02923917 -0.02802348 -0.01249998 0.03256016 -0.02884578 -0.01249998 0.03355461 -0.02267897 -0.01249998 0.03676575 -0.02324926 -0.01249998 0.03690475 -0.01668196 -0.01249998 0.04001909 -0.0170505 -0.01249998 0.03919315 -0.01020509 -0.01249998 0.04223597 -0.01041018 -0.01249998 0.04035407 -0.003434598 -0.01249998 0.04335892 -0.003500282 -0.01249998 0.04035407 0.003434598 -0.01249998 0.04335892 0.003500282 -0.01249998 0.03919315 0.01020509 -0.01249998 0.04223597 0.01041018 -0.01249998 0.03690475 0.01668196 -0.01249998 0.04001909 0.0170505 -0.01249998 0.03355461 0.02267897 -0.01249998 0.03676575 0.02324926 -0.01249998 0.02923917 0.02802348 -0.01249998 0.03256016 0.02884578 -0.01249998 0.0240826 0.03256183 -0.01249998 0.02751135 0.03369528 -0.01249998 0.01823323 0.03616344 -0.01249998 0.02174997 0.0376721 -0.01249998 0.01185929 0.03872472 -0.01249998 0.01542526 0.04067319 -0.01249998 0.005144178 0.04017192 -0.01249998 0.008701086 0.04262089 -0.01249998 -0.001718819 0.0404635 -0.01249998 0.001751542 0.04346472 -0.01249998 -0.005243301 0.04318279 -0.01249998 -0.008532464 0.03959095 -0.01249998 -0.01210242 0.04178249 -0.01249998 -0.01510065 0.03757947 -0.01249998 -0.01864808 0.03930008 -0.01249998 -0.02123439 0.03448688 -0.01249998 -0.02471077 0.0357998 -0.01249998 -0.02675729 0.03040218 -0.01249998 -0.03013348 0.0313723 -0.01249998 -0.03151041 0.02544289 -0.01249998 -0.03477573 0.02613228 -0.01249998 -0.03535705 0.0197516 -0.01249998 -0.03851729 0.02021545 -0.01249998 -0.03818649 0.0134921 -0.01249998 -0.04126131 0.01377505 -0.01249998 -0.0399174 0.00684452 -0.01249998 -0.04293668 0.006977856 -0.01249998 -0.04049998 0 -0.01249998 -0.04349994 0 -0.01249998 -0.0399174 -0.00684452 -0.01249998 -0.04293668 -0.006977856 -0.01249998 -0.03818649 -0.0134921 -0.01249998 -0.04126131 -0.01377505 -0.01249998 -0.03535705 -0.0197516 -0.01249998 -0.03851729 -0.02021545 -0.01249998 -0.03151041 -0.02544289 -0.01249998 -0.03477573 -0.02613228 -0.01249998 -0.02675729 -0.03040218 -0.01249998 -0.03013348 -0.0313723 -0.01249998 -0.02123439 -0.03448688 -0.01249998 -0.02471077 -0.0357998 -0.01249998 -0.01510065 -0.03757947 -0.01249998 -0.01864808 -0.03930008 -0.01249998 -0.008532464 -0.03959095 -0.01249998 -0.01210242 -0.04178249 -0.01249998 -0.005243301 -0.04318279 -0.01249998 -0.04349994 0 -0.01249998 -0.04293668 -0.006977856 -0.01449996 -0.04126131 -0.01377505 -0.01449996 -0.03851729 -0.02021545 -0.01449996 -0.03477573 -0.02613228 -0.01449996 -0.03013348 -0.0313723 -0.01449996 -0.02471077 -0.0357998 -0.01449996 -0.01864808 -0.03930008 -0.01449996 -0.01210242 -0.04178249 -0.01449996 -0.005243301 -0.04318279 -0.01449996 0.001751542 -0.04346472 -0.01449996 0.008701086 -0.04262089 -0.01449996 0.01542526 -0.04067319 -0.01449996 0.02174997 -0.0376721 -0.01449996 0.02751135 -0.03369528 -0.01449996 0.03256016 -0.02884578 -0.01449996 0.03676575 -0.02324926 -0.01449996 0.04001909 -0.0170505 -0.01449996 0.04223597 -0.01041018 -0.01449996 0.04335892 -0.003500282 -0.01449996 0.04335892 0.003500282 -0.01449996 0.04223597 0.01041018 -0.01449996 0.04001909 0.0170505 -0.01449996 0.03676575 0.02324926 -0.01449996 0.03256016 0.02884578 -0.01449996 0.02751135 0.03369528 -0.01449996 0.02174997 0.0376721 -0.01449996 0.01542526 0.04067319 -0.01449996 0.008701086 0.04262089 -0.01449996 0.001751542 0.04346472 -0.01449996 -0.005243301 0.04318279 -0.01449996 -0.01210242 0.04178249 -0.01449996 -0.01864808 0.03930008 -0.01449996 -0.02471077 0.0357998 -0.01449996 -0.03013348 0.0313723 -0.01449996 -0.03477573 0.02613228 -0.01449996 -0.03851729 0.02021545 -0.01449996 -0.04126131 0.01377505 -0.01449996 -0.04293668 0.006977856 -0.01449996 -0.04349994 0 -0.01449996 -0.04049998 0 -0.01449996 -0.04049998 0 -0.01249998 -0.0399174 -0.00684452 -0.01449996 -0.03818649 -0.0134921 -0.01449996 -0.03535705 -0.0197516 -0.01449996 -0.03151041 -0.02544289 -0.01449996 -0.02675729 -0.03040218 -0.01449996 -0.02123439 -0.03448688 -0.01449996 -0.01510065 -0.03757947 -0.01449996 -0.008532464 -0.03959095 -0.01449996 -0.001718819 -0.0404635 -0.01449996 0.005144178 -0.04017192 -0.01449996 0.01185929 -0.03872472 -0.01449996 0.01823323 -0.03616344 -0.01449996 0.0240826 -0.03256183 -0.01449996 0.02923917 -0.02802348 -0.01449996 0.03355461 -0.02267897 -0.01449996 0.03690475 -0.01668196 -0.01449996 0.03919315 -0.01020509 -0.01449996 0.04035407 -0.003434598 -0.01449996 0.04035407 0.003434598 -0.01449996 0.03919315 0.01020509 -0.01449996 0.03690475 0.01668196 -0.01449996 0.03355461 0.02267897 -0.01449996 0.02923917 0.02802348 -0.01449996 0.0240826 0.03256183 -0.01449996 0.01823323 0.03616344 -0.01449996 0.01185929 0.03872472 -0.01449996 0.005144178 0.04017192 -0.01449996 -0.001718819 0.0404635 -0.01449996 -0.008532464 0.03959095 -0.01449996 -0.01510065 0.03757947 -0.01449996 -0.02123439 0.03448688 -0.01449996 -0.02675729 0.03040218 -0.01449996 -0.03151041 0.02544289 -0.01449996 -0.03535705 0.0197516 -0.01449996 -0.03818649 0.0134921 -0.01449996 -0.0399174 0.00684452 -0.01449996 0.002944469 -0.03949999 -0.03239995 0.002944469 -0.04149997 -0.03239995 0.002899825 -0.04149997 -0.03245317 0.002899825 -0.03949999 -0.03245317 0.002839684 -0.04149997 -0.03248792 0.002839684 -0.03949999 -0.03248792 0.002771258 -0.04149997 -0.03249996 0.002771258 -0.03949999 -0.03249996 -0.002771258 -0.03949999 -0.03249996 -0.002771258 -0.04149997 -0.03249996 -0.002871274 -0.04149997 -0.0324732 -0.002871274 -0.03949999 -0.0324732 -0.002944469 -0.04149997 -0.03239995 -0.002944469 -0.03949999 -0.03239995 -0.005715727 -0.03949999 -0.02759999 -0.005715727 -0.04149997 -0.02759999 -0.005742549 -0.04149997 -0.02749997 -0.005742549 -0.03949999 -0.02749997 -0.005715727 -0.04149997 -0.02739995 -0.005715727 -0.03949999 -0.02739995 -0.002944469 -0.03949999 -0.02259999 -0.002944469 -0.04149997 -0.02259999 -0.002871274 -0.04149997 -0.0225268 -0.002871274 -0.03949999 -0.0225268 -0.002771258 -0.04149997 -0.02249997 -0.002771258 -0.03949999 -0.02249997 0.005715727 -0.03949999 -0.02739995 0.005715727 -0.04149997 -0.02739995 0.00573951 -0.04149997 -0.02746522 0.00573951 -0.03949999 -0.02746522 0.00573951 -0.04149997 -0.02753472 0.00573951 -0.03949999 -0.02753472 0.005715727 -0.04149997 -0.02759999 0.005715727 -0.03949999 -0.02759999 0.002771258 -0.03949999 -0.02249997 0.002771258 -0.04149997 -0.02249997 0.002871274 -0.04149997 -0.0225268 0.002871274 -0.03949999 -0.0225268 0.002944469 -0.04149997 -0.02259999 0.002944469 -0.03949999 -0.02259999 9.43036e-4 -0.03949999 -0.0313872 0.001661658 -0.03949999 -0.03113847 0.002894878 -0.03949999 -0.03026026 0.00336498 -0.03949999 -0.02966254 -0.003555297 -0.03949999 -0.02933287 -0.003144204 -0.03949999 -0.02997261 -0.002619385 -0.03949999 -0.030523 -0.001999974 -0.03949999 -0.03096407 -0.001308262 -0.03949999 -0.03127998 -5.69259e-4 -0.03949999 -0.03145927 1.90328e-4 -0.03949999 -0.03149545 0.002894878 -0.03949999 -0.02473968 0.00232017 -0.03949999 -0.02424168 1.90328e-4 -0.03949999 -0.02350449 -5.69259e-4 -0.03949999 -0.02354067 -0.001308262 -0.03949999 -0.02371996 -0.001999974 -0.03949999 -0.02403587 -0.002619385 -0.03949999 -0.024477 -0.003144204 -0.03949999 -0.02502733 -0.003555297 -0.03949999 -0.02566707 -0.003837943 -0.03949999 -0.02637302 -0.003981888 -0.03949999 -0.02711975 -0.003981888 -0.03949999 -0.02788019 -0.003837943 -0.03949999 -0.02862691 0.00232017 -0.03949999 -0.03075826 0.001661658 -0.03949999 -0.02386146 9.43036e-4 -0.03949999 -0.02361273 0.003713428 -0.03949999 -0.02898663 0.003927707 -0.03949999 -0.02825695 0.003999948 -0.03949999 -0.02749997 0.003927707 -0.03949999 -0.02674299 0.003713428 -0.03949999 -0.02601331 0.00336498 -0.03949999 -0.02533739 0.002894878 -0.04149997 -0.03026026 0.00232017 -0.04149997 -0.03075826 9.43036e-4 -0.04149997 -0.0313872 1.90328e-4 -0.04149997 -0.03149545 0.003999948 -0.04149997 -0.02749997 0.003927707 -0.04149997 -0.02825695 0.003713428 -0.04149997 -0.02898663 0.00336498 -0.04149997 -0.02966254 -5.69259e-4 -0.04149997 -0.02354067 1.90328e-4 -0.04149997 -0.02350449 0.00336498 -0.04149997 -0.02533739 0.001661658 -0.04149997 -0.03113847 -5.69259e-4 -0.04149997 -0.03145927 -0.001308262 -0.04149997 -0.03127998 -0.001999974 -0.04149997 -0.03096407 9.43036e-4 -0.04149997 -0.02361273 0.001661658 -0.04149997 -0.02386146 0.00232017 -0.04149997 -0.02424168 0.002894878 -0.04149997 -0.02473968 0.003713428 -0.04149997 -0.02601331 0.003927707 -0.04149997 -0.02674299 -0.002619385 -0.04149997 -0.030523 -0.003144204 -0.04149997 -0.02997261 -0.003555297 -0.04149997 -0.02933287 -0.003837943 -0.04149997 -0.02862691 -0.003981888 -0.04149997 -0.02788019 -0.003981888 -0.04149997 -0.02711975 -0.003837943 -0.04149997 -0.02637302 -0.003555297 -0.04149997 -0.02566707 -0.003144204 -0.04149997 -0.02502733 -0.002619385 -0.04149997 -0.024477 -0.001999974 -0.04149997 -0.02403587 -0.001308262 -0.04149997 -0.02371996</float_array>
          <technique_common>
            <accessor source="#wrist3-mesh-positions-array" count="6435" stride="3">
              <param name="X" type="float"/>
              <param name="Y" type="float"/>
              <param name="Z" type="float"/>
            </accessor>
          </technique_common>
        </source>
        <source id="wrist3-mesh-normals">
          <float_array id="wrist3-mesh-normals-array" count="38532">1 0 0 1 0 0 1 0 0 1 0 0 1 0 0 1 0 0 1 0 0 1 0 0 1 0 0 1 0 0 1 0 0 1 0 0 1 0 0 1 0 0 1 0 0 1 0 0 1 0 0 1 0 0 1 0 0 1 0 0 1 0 0 1 0 0 1 0 0 1 0 0 1 0 0 1 0 0 0 -0.1205373 0.9927088 0 -0.3546046 0.9350164 0 -0.3546046 0.9350164 0 -0.5680652 0.8229835 0 -0.5680652 0.8229835 0 -0.7485109 0.6631225 0 -0.7485109 0.6631225 0 -0.8854559 0.4647235 0 -0.8854559 0.4647235 0 -0.9709418 0.2393159 0 -0.9709418 0.2393159 0 -1 0 0 -1 0 0 -0.9709418 -0.2393159 0 -0.9709418 -0.2393159 0 -0.8854559 -0.4647235 0 -0.8854559 -0.4647235 0 -0.7485099 -0.6631237 0 -0.7485099 -0.6631237 0 -0.5680667 -0.8229825 0 -0.5680667 -0.8229825 0 -0.3546026 -0.9350172 0 -0.3546026 -0.9350172 0 -0.1205373 -0.9927088 0 -0.1205373 -0.9927088 0 0.1205373 -0.9927088 0 0.1205373 -0.9927088 0 0.3546026 -0.9350172 0 0.3546026 -0.9350172 0 0.5680667 -0.8229825 0 0.5680667 -0.8229825 0 0.7485099 -0.6631237 0 0.7485099 -0.6631237 0 0.8854559 -0.4647235 0 0.8854559 -0.4647235 0 0.9709418 -0.2393159 0 0.9709418 -0.2393159 0 1 0 0 1 0 0 0.9709418 0.2393159 0 0.9709418 0.2393159 0 0.8854559 0.4647235 0 0.8854559 0.4647235 0 0.7485109 0.6631225 0 0.7485109 0.6631225 0 0.5680652 0.8229835 0 0.5680652 0.8229835 0 0.3546046 0.9350164 0 0.3546046 0.9350164 0 0.1205373 0.9927088 0 0.1205373 0.9927088 0 -0.1205373 0.9927088 1 0 0 1 0 0 1 0 0 1 0 0 1 0 0 1 0 0 1 0 0 1 0 0 1 0 0 1 0 0 1 0 0 1 0 0 1 0 0 1 0 0 1 0 0 1 0 0 1 0 0 1 0 0 1 0 0 1 0 0 1 0 0 1 0 0 1 0 0 1 0 0 1 0 0 1 0 0 1 0 0 1 0 0 1 0 0 1 0 0 1 0 0 1 0 0 1 0 0 1 0 0 1 0 0 1 0 0 1 0 0 1 0 0 1 0 0 1 0 0 1 0 0 1 0 0 1 0 0 1 0 0 1 0 0 1 0 0 1 0 0 1 0 0 1 0 0 1 0 0 1 0 0 1 0 0 0 0.1205351 -0.9927091 0 0.1205351 -0.9927091 0 0.354605 -0.9350162 0 0.354605 -0.9350162 0 0.5680651 -0.8229836 0 0.5680651 -0.8229836 0 0.748511 -0.6631225 0 0.748511 -0.6631225 0 0.8854558 -0.4647235 0 0.8854558 -0.4647235 0 0.9709419 -0.2393154 0 0.9709419 -0.2393154 0 1 0 0 1 0 0 0.9709419 0.2393154 0 0.9709419 0.2393154 0 0.8854554 0.4647244 0 0.8854554 0.4647244 0 0.7485119 0.6631214 0 0.7485119 0.6631214 0 0.5680636 0.8229846 0 0.5680636 0.8229846 0 0.354605 0.9350162 0 0.354605 0.9350162 0 0.1205373 0.9927088 0 0.1205373 0.9927088 0 -0.1205373 0.9927088 0 -0.1205373 0.9927088 0 -0.354605 0.9350162 0 -0.354605 0.9350162 0 -0.5680636 0.8229846 0 -0.5680636 0.8229846 0 -0.7485119 0.6631214 0 -0.7485119 0.6631214 0 -0.8854554 0.4647244 0 -0.8854554 0.4647244 0 -0.9709419 0.2393154 0 -0.9709419 0.2393154 0 -1 0 0 -1 0 0 -0.9709419 -0.2393154 0 -0.9709419 -0.2393154 0 -0.8854558 -0.4647235 0 -0.8854558 -0.4647235 0 -0.748511 -0.6631225 0 -0.748511 -0.6631225 0 -0.5680651 -0.8229836 0 -0.5680651 -0.8229836 0 -0.354605 -0.9350162 0 -0.354605 -0.9350162 0 -0.1205351 -0.9927091 0 -0.1205351 -0.9927091 1 0 0 1 0 0 1 0 0 1 0 0 1 0 0 1 0 0 1 0 0 1 0 0 1 0 0 1 0 0 1 0 0 1 0 0 1 0 0 1 0 0 1 0 0 1 0 0 1 0 0 1 0 0 1 0 0 1 0 0 1 0 0 1 0 0 1 0 0 1 0 0 1 0 0 1 0 0 1 0 0 1 0 0 1 0 0 1 0 0 1 0 0 1 0 0 1 0 0 1 0 0 1 0 0 1 0 0 1 0 0 1 0 0 1 0 0 1 0 0 1 0 0 1 0 0 1 0 0 1 0 0 1 0 0 1 0 0 1 0 0 1 0 0 1 0 0 1 0 0 1 0 0 1 0 0 1 0 0 1 0 0 1 0 0 0 -0.108118 0.9941381 0 -0.3193019 0.9476531 0 -0.3193019 0.9476531 0 -0.5155538 0.8568572 0 -0.5155538 0.8568572 0 -0.6877002 0.7259948 0 -0.6877002 0.7259948 0 -0.8276888 0.5611875 0 -0.8276888 0.5611875 0 -0.9289768 0.3701381 0 -0.9289768 0.3701381 0 -0.9868265 0.1617819 0 -0.9868265 0.1617819 0 -0.9985334 -0.05413913 0 -0.9985334 -0.05413913 0 -0.96355 -0.2675284 0 -0.96355 -0.2675284 0 -0.8835125 -0.4684076 0 -0.8835125 -0.4684076 0 -0.7621623 -0.647386 0 -0.7621623 -0.647386 0 -0.6051741 -0.7960932 0 -0.6051741 -0.7960932 0 -0.4198881 -0.9075759 0 -0.4198881 -0.9075759 0 -0.21497 -0.9766207 0 -0.21497 -0.9766207 0 0 -1 0 0 -1 0 0.21497 -0.9766207 0 0.21497 -0.9766207 0 0.4198881 -0.9075759 0 0.4198881 -0.9075759 0 0.6051741 -0.7960932 0 0.6051741 -0.7960932 0 0.7621623 -0.647386 0 0.7621623 -0.647386 0 0.8835125 -0.4684076 0 0.8835125 -0.4684076 0 0.96355 -0.2675284 0 0.96355 -0.2675284 0 0.9985334 -0.05413913 0 0.9985334 -0.05413913 0 0.9868265 0.1617819 0 0.9868265 0.1617819 0 0.9289768 0.3701381 0 0.9289768 0.3701381 0 0.8276888 0.5611875 0 0.8276888 0.5611875 0 0.6877002 0.7259948 0 0.6877002 0.7259948 0 0.5155538 0.8568572 0 0.5155538 0.8568572 0 0.3193019 0.9476531 0 0.3193019 0.9476531 0 0.108118 0.9941381 0 0.108118 0.9941381 0 -0.108118 0.9941381 1 0 0 1 0 0 1 0 0 1 0 0 1 0 0 1 0 0 1 0 0 1 0 0 1 0 0 1 0 0 1 0 0 1 0 0 1 0 0 1 0 0 1 0 0 1 0 0 1 0 0 1 0 0 1 0 0 1 0 0 1 0 0 1 0 0 1 0 0 1 0 0 1 0 0 1 0 0 1 0 0 1 0 0 1 0 0 1 0 0 1 0 0 1 0 0 1 0 0 1 0 0 1 0 0 1 0 0 1 0 0 1 0 0 1 0 0 1 0 0 1 0 0 1 0 0 1 0 0 1 0 0 1 0 0 1 0 0 1 0 0 1 0 0 1 0 0 1 0 0 1 0 0 1 0 0 1 0 0 1 0 0 1 0 0 1 0 0 1 0 0 1 0 0 0 0.1081196 -0.994138 0 0.1081196 -0.994138 0 0.3193004 -0.9476536 0 0.3193004 -0.9476536 0 0.5155537 -0.8568573 0 0.5155537 -0.8568573 0 0.6876995 -0.7259955 0 0.6876995 -0.7259955 0 0.8276889 -0.5611871 0 0.8276889 -0.5611871 0 0.9289767 -0.3701381 0 0.9289767 -0.3701381 0 0.9868265 -0.1617817 0 0.9868265 -0.1617817 0 0.9985334 0.05413854 0 0.9985334 0.05413854 0 0.9635499 0.2675288 0 0.9635499 0.2675288 0 0.8835122 0.4684082 0 0.8835122 0.4684082 0 0.7621622 0.6473861 0 0.7621622 0.6473861 0 0.6051748 0.7960927 0 0.6051748 0.7960927 0 0.4198871 0.9075763 0 0.4198871 0.9075763 0 0.2149707 0.9766205 0 0.2149707 0.9766205 0 0 1 0 0 1 0 -0.2149707 0.9766205 0 -0.2149707 0.9766205 0 -0.4198871 0.9075763 0 -0.4198871 0.9075763 0 -0.6051748 0.7960927 0 -0.6051748 0.7960927 0 -0.7621622 0.6473861 0 -0.7621622 0.6473861 0 -0.8835122 0.4684082 0 -0.8835122 0.4684082 0 -0.9635499 0.2675288 0 -0.9635499 0.2675288 0 -0.9985334 0.05413854 0 -0.9985334 0.05413854 0 -0.9868265 -0.1617817 0 -0.9868265 -0.1617817 0 -0.9289767 -0.3701381 0 -0.9289767 -0.3701381 0 -0.8276889 -0.5611871 0 -0.8276889 -0.5611871 0 -0.6876995 -0.7259955 0 -0.6876995 -0.7259955 0 -0.5155537 -0.8568573 0 -0.5155537 -0.8568573 0 -0.3193004 -0.9476536 0 -0.3193004 -0.9476536 0 -0.1081196 -0.994138 0 -0.1081196 -0.994138 0 0.9999115 -0.01330679 3.88843e-6 0.9999115 -0.01330685 0 0.9999114 -0.01330685 -8.74532e-7 0.9999115 -0.01330685 5.80298e-6 0.9999115 -0.0133025 0 0.9999115 -0.01330679 0 0.9999115 -0.01330685 3.08639e-7 0.9999114 -0.01330685 -1.35332e-6 0.9999114 -0.01330685 1.07872e-5 0.9999115 -0.01330685 0 0.9788321 -0.204665 0 0.9788321 -0.204665 0 0.8273236 -0.5617256 0 0.8273236 -0.5617257 0 0.5474172 -0.83686 0 0.5474171 -0.8368599 0 0.1831837 -0.9830787 0 0.1831838 -0.9830787 0 -0.01395207 -0.9999027 -1.92726e-6 -0.01330518 -0.9999114 -1.08012e-6 -0.01330626 -0.9999115 0 -0.01330459 -0.9999115 0 -0.208137 -0.9780997 0 -0.208137 -0.9780997 0 -0.5665971 -0.823995 -0.002789258 -0.5975407 -0.8018337 -0.002789258 -0.5976399 -0.8017598 0.002275288 -0.8387774 -0.5444698 0 -0.8584957 -0.5128207 0 -0.9832949 -0.1820197 0 -0.9832949 -0.1820197 0 -0.9999115 0.01330679 7.44298e-6 -0.9999115 0.01330685 0 -0.9999114 0.01330685 -3.36358e-7 -0.9999115 0.01330685 -4.72272e-6 -0.9999114 0.01330971 0 -0.9999115 0.01330679 0 -0.9999115 0.01330685 3.30861e-7 -0.9999114 0.01330685 -6.51359e-7 -0.9999115 0.01330685 1.48856e-5 -0.9999114 0.01330679 0 -0.978831 0.2046698 0 -0.9788311 0.2046698 0 -0.8273311 0.5617146 0 -0.8273311 0.5617147 0 -0.5474172 0.83686 0 -0.5474171 0.8368599 0 -0.1831837 0.9830787 0 -0.1831838 0.9830787 0 0.01337087 0.9999107 -1.89165e-7 0.01330739 0.9999114 -1.60504e-7 0.01330739 0.9999114 0 0.01330715 0.9999115 0 0.2081143 0.9781045 0 0.2081143 0.9781045 0 0.5665971 0.823995 -0.002790629 0.5975561 0.8018223 -0.002790629 0.5975604 0.8018192 0.002275466 0.8387844 0.5444589 0 0.8585035 0.5128078 0 0.9832941 0.182024 0 0.9832941 0.182024 1 0 0 1 0 0 1 0 0 1 0 0 1 0 0 1 0 0 1 0 0 1 0 0 1 0 0 1 0 0 1 0 0 1 0 0 1 0 0 1 0 0 1 0 0 1 0 0 1 0 0 1 0 0 1 0 0 1 0 0 1 0 0 1 0 0 1 0 0 1 0 0 1 0 0 1 0 0 1 0 0 1 0 0 1 0 0 1 0 0 1 0 0 1 0 0 1 0 0 1 0 0 1 0 0 1 0 0 1 0 0 1 0 0 1 0 0 1 0 0 1 0 0 1 0 0 1 0 0 1 0 0 1 0 0 1 0 0 1 0 0 1 0 0 1 0 0 1 0 0 1 0 0 1 0 0 1 0 0 1 0 0 1 0 0 1 0 0 1 0 0 1 0 0 1 0 0 1 0 0 1 0 0 1 0 0 1 0 0 1 0 0 1 0 0 1 0 0 1 0 0 1 0 0 1 0 0 1 0 0 1 0 0 1 0 0 1 0 0 1 0 0 1 0 0 1 0 0 1 0 0 1 0 0 1 0 0 1 0 0 1 0 0 1 0 0 1 0 0 1 0 0 1 0 0 1 0 0 1 0 0 1 0 0 1 0 0 1 0 0 1 0 0 1 0 0 1 0 0 0.928763 -0.05586951 -0.3664394 0.9287631 0.0558651 0.3664401 0.9282691 0.09670943 0.3591153 0.9283053 0.1318466 0.3476576 0.93117 0.08929634 0.3534809 0.9342901 0.08223241 0.3469001 0.9302021 0.09010463 0.3558162 0.9284806 0.06387275 0.3658469 0.9283676 0.09643226 0.3589348 0.9292249 0.1028057 0.3549253 0.9279385 0.07096207 0.365916 0.9286804 0.07418584 0.3633857 0.9286805 0.07417142 0.3633886 0.9285144 0.05107063 -0.3677673 0.9248633 0.0998463 -0.3669585 0.928389 0.07433724 -0.3640986 0.9283891 0.07433158 -0.3640996 0.9294281 0.08669179 -0.3586751 0.9284561 0.103341 -0.356777 0.9283052 0.1318466 -0.3476576 0.9287547 0.05428421 -0.3666988 0.9322645 0.02618646 -0.3608286 0.9284735 0.0589413 -0.3666921 0.9284749 0.05872458 -0.3667231 0.9280383 0.09143936 -0.361087 0.9314488 0.08471685 -0.353873 0.9281952 0.09190237 -0.3605656 0.9280384 0.03075867 -0.3712126 0.9280384 -0.03075867 -0.3712126 0.9279286 -0.03087538 -0.371477 0.9282723 -0.09670054 -0.3591095 0.9283053 -0.1318466 -0.3476576 0.9311674 -0.08930194 -0.3534861 0.9342901 -0.08223241 -0.3469001 0.9302021 -0.09010463 -0.3558162 0.9284806 -0.06387275 -0.3658469 0.9279345 -0.03107875 -0.3714454 0.9283676 -0.09643226 -0.3589348 0.9292248 -0.1028048 -0.3549259 0.9279384 -0.07096296 -0.365916 0.9286801 -0.07418596 -0.3633863 0.9286802 -0.07419157 -0.3633852 0.9285144 -0.05106878 0.3677676 0.9248633 -0.0998463 0.3669585 0.9283894 -0.07431703 0.3641019 0.9283892 -0.07433152 0.3640993 0.9294282 -0.08669149 0.358675 0.9284562 -0.103342 0.3567767 0.9283052 -0.1318466 0.3476576 0.9287542 -0.05429309 0.3666988 0.9322653 -0.02618557 0.3608266 0.9284741 -0.05893051 0.3666921 0.928475 -0.05879133 0.3667121 0.9280383 -0.09143936 0.361087 0.931452 -0.08471041 0.3538661 0.9281921 -0.09190994 0.3605716 0.9279275 0.0308631 0.3714809 0.9279279 0.03087621 0.3714789 0.9280374 0.03075975 0.3712149 0.9280374 -0.03075975 0.3712149 0.9282773 0.1859424 -0.3220662 0.9283773 0.1492854 -0.3403375 0.9295722 0.1580333 -0.3330481 0.9283052 0.1318498 -0.3476564 0.9282534 0.2352429 -0.2881085 0.9284777 0.2031304 -0.3109136 0.9294714 0.2095544 -0.3035945 0.9282774 0.1859444 -0.3220649 0.9282337 0.2784411 -0.2466832 0.9285714 0.2513755 -0.2730669 0.9293745 0.2557111 -0.2662233 0.9282535 0.2352368 -0.288113 0.9282177 0.3144417 -0.1988425 0.9286589 0.2927201 -0.2278323 0.9292813 0.2952929 -0.2218974 0.9282336 0.2784445 -0.2466802 0.9282057 0.3422944 -0.1458379 0.92874 0.3260488 -0.176449 0.9291915 0.3272631 -0.1717608 0.9282177 0.3144423 -0.1988413 0.9281978 0.3612752 -0.089046 0.9288147 0.3504675 -0.1203156 0.9291056 0.3507823 -0.1171088 0.9282057 0.3422946 -0.1458373 0.9281978 0.3612751 -0.08904635 0.9290235 0.365229 -0.05935543 0.928883 0.3653218 -0.0609613 0.9289451 0.3702174 0 0.9289451 0.3702174 0 0.9281938 0.3708906 -0.02994102 0.9281938 0.3708906 -0.02994138 0.9290235 0.365229 0.05935555 0.9288831 0.3653218 0.06096142 0.9281938 0.3708906 0.02994138 0.9281938 0.3708907 0.02994102 0.9291056 0.3507823 0.1171085 0.9288147 0.3504675 0.1203156 0.9281978 0.3612752 0.089046 0.9281978 0.3612751 0.08904618 0.9291915 0.3272632 0.1717609 0.9287399 0.326049 0.1764487 0.9282057 0.3422944 0.1458379 0.9282057 0.3422944 0.1458379 0.9292812 0.2952925 0.2218979 0.9286589 0.2927196 0.2278332 0.9282176 0.3144418 0.1988427 0.9282177 0.3144423 0.1988413 0.9293746 0.255711 0.2662231 0.9285715 0.2513758 0.2730663 0.9282336 0.2784451 0.2466793 0.9282336 0.2784445 0.2466802 0.9294717 0.2095557 0.3035932 0.9284776 0.2031299 0.3109141 0.9282537 0.2352358 0.2881134 0.9282536 0.2352367 0.2881128 0.9282775 0.1859443 0.3220647 0.9282775 0.1859424 0.3220657 0.9283773 0.1492859 0.3403368 0.9295723 0.1580331 0.3330478 0.9283053 0.1318488 0.3476568 0.9282774 -0.1859422 0.322066 0.9283774 -0.1492859 0.3403369 0.9295723 -0.158033 0.3330479 0.9283053 -0.1318488 0.3476568 0.9282537 -0.2352358 0.2881134 0.9284776 -0.2031299 0.3109141 0.9294717 -0.2095557 0.3035932 0.9282776 -0.1859443 0.3220646 0.9282336 -0.2784451 0.2466793 0.9285715 -0.2513758 0.2730663 0.9293746 -0.255711 0.2662231 0.9282536 -0.2352367 0.2881128 0.9282176 -0.3144418 0.1988427 0.9286589 -0.2927196 0.2278332 0.9292812 -0.2952925 0.2218979 0.9282336 -0.2784445 0.2466802 0.9282057 -0.3422944 0.1458379 0.9287399 -0.326049 0.1764487 0.9291915 -0.3272632 0.1717609 0.9282177 -0.3144423 0.1988413 0.9281978 -0.3612752 0.089046 0.9288147 -0.3504675 0.1203156 0.9291056 -0.3507823 0.1171085 0.9282057 -0.3422944 0.1458379 0.9281938 -0.3708906 0.02994138 0.9288831 -0.3653218 0.06096142 0.9290235 -0.365229 0.05935555 0.9281978 -0.3612751 0.08904618 0.9281938 -0.3708906 0.02994114 0.9289451 -0.3702174 0 0.9289451 -0.3702174 0 0.9290235 -0.365229 -0.05935555 0.928883 -0.3653218 -0.06096124 0.9281938 -0.3708906 -0.02994138 0.9281938 -0.3708906 -0.02994102 0.9291056 -0.3507823 -0.1171088 0.9288147 -0.3504675 -0.1203156 0.9281978 -0.3612752 -0.089046 0.9281978 -0.3612751 -0.08904618 0.9291915 -0.3272631 -0.1717608 0.92874 -0.3260488 -0.176449 0.9282057 -0.3422944 -0.1458379 0.9282057 -0.3422946 -0.1458373 0.9292813 -0.2952929 -0.2218974 0.9286589 -0.2927201 -0.2278323 0.9282177 -0.3144417 -0.1988425 0.9282177 -0.3144423 -0.1988413 0.9293745 -0.2557111 -0.2662233 0.9285714 -0.2513755 -0.2730669 0.9282337 -0.2784411 -0.2466832 0.9282336 -0.2784445 -0.2466802 0.9294714 -0.2095544 -0.3035945 0.9284777 -0.2031304 -0.3109136 0.9282534 -0.2352429 -0.2881085 0.9282535 -0.2352368 -0.288113 0.9282773 -0.1859444 -0.322065 0.9282773 -0.1859425 -0.322066 0.9283772 -0.1492853 -0.3403375 0.9295722 -0.1580332 -0.333048 0.9283052 -0.1318498 -0.3476564 0.8368559 -0.4847195 0.2543998 0.8368548 -0.3792143 0.3948044 0.8368573 -0.2346765 0.4945672 0.836856 0.4847191 -0.2544004 0.8368548 0.3792143 -0.3948044 0.8368637 0.2346724 -0.4945584 0.714757 -0.09504801 0.6928841 0.5395416 -0.03390431 0.8412761 0.7148344 0.0950337 -0.6928062 0.4659304 -0.09750294 -0.8794329 0.5395226 0.0338999 -0.8412885 0.5395225 -0.03390204 -0.8412884 0.5395394 -0.03389942 -0.8412777 0.5395395 -0.1014873 -0.8358215 0.4711474 0.1063202 -0.8756233 0.5397973 0.08162409 -0.8378284 0.5395395 0.03390163 -0.8412775 0.7914016 0.08313465 0.6056171 0.7914667 0.08312195 0.6055338 0.5395205 0.1014864 0.8358339 0.4659005 0.09750121 0.8794488 0.4711127 -0.1063199 0.875642 0.5397783 -0.08161932 0.8378411 0.5395203 -0.0339021 0.8412897 0.7913321 -0.08314132 -0.6057071 0.7914551 -0.08311742 -0.6055496 0.8519604 0.07202035 -0.5186296 0.8370424 0.08024942 -0.541221 0.836863 0.1095051 -0.5363478 0.8368651 0.1094961 -0.5363463 0.8368541 0.109502 -0.5363624 0.8368541 0.1523029 -0.5258128 0.8368524 0.1523032 -0.5258154 0.8368639 0.1941131 -0.5118386 0.83685 0.1941236 -0.5118575 0.8368524 0.1941175 -0.5118557 0.8368552 0.2737123 -0.4740833 0.8368574 0.2737078 -0.4740818 0.8368576 0.2346751 -0.4945675 0.8368604 0.2737073 -0.4740769 0.8368601 0.3109679 -0.4505153 0.8368526 0.3109731 -0.4505259 0.8368549 0.3462174 -0.424037 0.8368628 0.3462085 -0.4240288 0.8368524 0.3462269 -0.4240342 0.8368501 0.4097589 -0.3630146 0.8368573 0.4097465 -0.3630119 0.8368574 0.379212 -0.3948012 0.8368554 0.409752 -0.3630101 0.8368555 0.4376343 -0.3288604 0.836858 0.4376316 -0.3288576 0.836856 0.4626764 -0.2925791 0.8368551 0.4626776 -0.2925797 0.8368576 0.4626736 -0.2925792 0.8368549 0.5036201 -0.214571 0.8368573 0.503616 -0.2145709 0.8368575 0.4847171 -0.254399 0.8368591 0.5036138 -0.2145694 0.8368585 0.5192474 -0.1733497 0.836853 0.5192549 -0.1733536 0.8368533 0.5315202 -0.1310073 0.8368548 0.5315177 -0.1310075 0.836855 0.5315174 -0.1310074 0.8368547 0.540336 -0.08781343 0.8368561 0.540334 -0.08781278 0.8368563 0.5456476 -0.04404914 0.836856 0.5456481 -0.04404902 0.8368563 0.5456477 -0.0440489 0.8368559 0.5474233 0 0.836856 0.5474233 0 0.8368563 0.5456477 0.0440489 0.836856 0.5456482 0.04404902 0.8368563 0.5456476 0.04404914 0.8368561 0.540334 0.08781307 0.8368547 0.5403361 0.08781313 0.836855 0.5315174 0.1310074 0.8368558 0.5315163 0.1310068 0.8368551 0.5315176 0.1310066 0.8368552 0.5192518 0.1733518 0.8368562 0.5192503 0.1733515 0.8368563 0.5036177 0.2145711 0.8368547 0.5036197 0.2145726 0.8368546 0.50362 0.2145726 0.8368542 0.4847217 0.254401 0.8368559 0.4847192 0.2544001 0.836856 0.4626765 0.2925789 0.8368554 0.4626772 0.2925797 0.8368576 0.4626736 0.2925792 0.836858 0.4376307 0.3288589 0.8368554 0.4376341 0.3288607 0.8368554 0.4097527 0.3630092 0.8368584 0.4097501 0.3630055 0.8368571 0.4097521 0.3630059 0.8368573 0.3792116 0.3948016 0.8368548 0.3792147 0.394804 0.8368549 0.3462161 0.4240381 0.8368567 0.3462147 0.4240356 0.8368582 0.3462122 0.424035 0.8368584 0.3109694 0.4505175 0.8368543 0.3109738 0.4505223 0.8368543 0.2737131 0.4740844 0.8368499 0.2737154 0.4740908 0.8368514 0.2737125 0.4740899 0.8368512 0.2346805 0.4945757 0.8368573 0.2346752 0.4945678 0.8368574 0.1941181 0.5118476 0.8368574 0.1941181 0.5118475 0.8368591 0.1941139 0.5118463 0.8368592 0.1523007 0.5258053 0.8368541 0.152304 0.5258126 0.5606434 0.1346314 0.8170393 0.5603325 0.1656742 0.8115292 0.56032 0.1656777 0.8115372 0.56032 0.23044 0.7955746 0.5603141 0.2304419 0.7955782 0.5603142 0.2937121 0.7744554 0.5603078 0.2937145 0.7744591 0.5603082 0.3550811 0.7483128 0.5603255 0.3550738 0.7483034 0.5603253 0.414135 0.7173058 0.5603185 0.4141383 0.7173094 0.5603188 0.4705145 0.6816589 0.5603111 0.4705184 0.6816625 0.5603119 0.5238432 0.6415909 0.5603166 0.5238407 0.6415889 0.5603169 0.5737681 0.5973567 0.5603121 0.5737709 0.5973586 0.5603126 0.6199784 0.549251 0.560328 0.6199691 0.5492458 0.5603274 0.6621549 0.4975783 0.5603148 0.6621628 0.4975818 0.5603157 0.7000531 0.4426872 0.5603155 0.7000532 0.4426872 0.5603165 0.7334047 0.3849195 0.5603236 0.7333999 0.3849182 0.5603234 0.7619948 0.3246561 0.5603232 0.7619949 0.3246561 0.5603231 0.7856481 0.262288 0.560319 0.785651 0.2622883 0.5603195 0.8042083 0.1982192 0.560324 0.8042053 0.1982191 0.5603243 0.8175474 0.1328648 0.5603201 0.8175502 0.1328646 0.5603201 0.8255903 0.06664818 0.5603235 0.8255879 0.06664848 0.5603242 0.8282734 0 0.5603241 0.8282734 0 0.5603237 0.825588 -0.066648 0.5603202 0.8255903 -0.06664866 0.5603201 0.8175501 -0.1328652 0.5603242 0.8175475 -0.1328642 0.560324 0.8042054 -0.1982191 0.5603234 0.8042057 -0.1982192 0.5603241 0.7856478 -0.262287 0.5603231 0.7856484 -0.2622874 0.5603232 0.7619953 -0.3246553 0.5603107 0.7620024 -0.3246603 0.5603085 0.7334089 -0.3849231 0.560324 0.7334008 -0.3849161 0.5603242 0.7000483 -0.4426841 0.5603157 0.7000524 -0.4426882 0.5603148 0.6621626 -0.4975822 0.5603176 0.6621613 -0.4975807 0.5603172 0.619974 -0.5492513 0.5603341 0.6199671 -0.5492419 0.5603355 0.5737595 -0.5973477 0.560317 0.5737662 -0.5973586 0.5603167 0.5238426 -0.6415871 0.5603119 0.5238442 -0.6415902 0.5603111 0.4705175 -0.6816632 0.5603189 0.4705155 -0.6816583 0.5603185 0.4141374 -0.7173099 0.5603253 0.414136 -0.7173054 0.5603255 0.3550761 -0.7483023 0.5603083 0.3550788 -0.748314 0.5603078 0.2937115 -0.7744603 0.5603143 0.2937109 -0.7744558 0.5603141 0.2304411 -0.7955784 0.5603199 0.2304409 -0.7955744 0.56032 0.1656805 -0.8115365 0.5603165 0.1656805 -0.8115389 0.5605121 0.112703 -0.8204414 0.7109704 0.1361317 -0.6899198 0.836854 0.1094995 0.536363 0.8368514 0.1094997 0.5363671 0.8368566 0.1094775 0.5363634 0.836973 0.101953 0.5376633 0.9067955 0.06353586 0.4167554 0.2479184 0.04544758 0.9677143 0.8519756 -0.07201433 0.5186054 0.8370354 -0.08025586 0.5412308 0.8368566 -0.1094775 0.5363634 0.8368512 -0.1095003 0.5363671 0.8368541 -0.1094989 0.5363632 0.8368541 -0.1523029 0.5258128 0.8368592 -0.1523018 0.5258049 0.8368574 -0.1941181 0.5118476 0.8368574 -0.194118 0.5118474 0.8368591 -0.1941139 0.5118463 0.836849 -0.273717 0.4740913 0.8368514 -0.2737125 0.4740899 0.8368511 -0.2346793 0.4945763 0.8368543 -0.273712 0.474085 0.8368543 -0.3109729 0.4505227 0.8368584 -0.3109701 0.4505169 0.8368549 -0.3462164 0.4240378 0.8368573 -0.3462138 0.4240354 0.8368582 -0.3462122 0.424035 0.8368594 -0.4097482 0.3630051 0.8368571 -0.4097521 0.3630059 0.8368574 -0.379212 0.3948012 0.8368554 -0.4097534 0.3630085 0.8368555 -0.4376337 0.3288611 0.8368579 -0.437631 0.3288584 0.836856 -0.4626764 0.2925791 0.8368551 -0.4626776 0.2925797 0.8368576 -0.4626736 0.2925792 0.8368538 -0.5036213 0.2145727 0.8368546 -0.50362 0.2145726 0.8368542 -0.4847216 0.2544013 0.8368563 -0.5036174 0.2145716 0.8368562 -0.5192504 0.1733513 0.8368552 -0.5192518 0.173352 0.8368551 -0.5315176 0.1310066 0.8368558 -0.5315163 0.1310068 0.836855 -0.5315174 0.1310074 0.8368547 -0.540336 0.08781343 0.8368561 -0.540334 0.08781278 0.8368563 -0.5456476 0.04404914 0.836856 -0.5456481 0.04404902 0.8368563 -0.5456477 0.0440489 0.8368559 -0.5474233 0 0.836856 -0.5474233 0 0.8368563 -0.5456477 -0.0440489 0.836856 -0.5456482 -0.04404902 0.8368563 -0.5456476 -0.04404914 0.8368561 -0.540334 -0.08781307 0.8368547 -0.5403361 -0.08781313 0.836855 -0.5315174 -0.1310074 0.8368548 -0.5315176 -0.1310075 0.8368533 -0.5315202 -0.1310073 0.836853 -0.5192552 -0.1733524 0.8368585 -0.5192469 -0.1733509 0.8368591 -0.5036141 -0.2145685 0.8368564 -0.5036175 -0.2145709 0.8368573 -0.503616 -0.2145709 0.8368575 -0.4847169 -0.2543992 0.8368559 -0.4847192 -0.2544001 0.836856 -0.4626765 -0.2925789 0.8368554 -0.4626772 -0.2925797 0.8368576 -0.4626736 -0.2925792 0.836858 -0.4376312 -0.3288581 0.8368554 -0.4376347 -0.3288599 0.8368554 -0.4097527 -0.3630092 0.8368515 -0.4097565 -0.3630141 0.8368573 -0.4097465 -0.3630119 0.8368573 -0.3792116 -0.3948016 0.8368548 -0.3792147 -0.394804 0.8368549 -0.3462161 -0.4240381 0.8368611 -0.3462114 -0.4240297 0.8368524 -0.3462269 -0.4240341 0.8368526 -0.3109745 -0.4505249 0.8368601 -0.3109664 -0.4505164 0.8368604 -0.2737084 -0.4740763 0.8368561 -0.2737107 -0.4740827 0.8368574 -0.2737078 -0.4740818 0.8368576 -0.2346764 -0.4945668 0.8368637 -0.2346711 -0.4945589 0.836864 -0.1941161 -0.5118374 0.8368515 -0.1941198 -0.5118564 0.8368524 -0.1941175 -0.5118557 0.8368524 -0.1523036 -0.5258153 0.8368541 -0.1523025 -0.525813 0.5606275 -0.134616 -0.8170529 0.5603165 -0.165681 -0.8115388 0.56032 -0.1656801 -0.8115366 0.56032 -0.23044 -0.7955746 0.5603141 -0.2304419 -0.7955782 0.5603142 -0.2937099 -0.7744562 0.5603078 -0.2937124 -0.7744599 0.5603082 -0.3550811 -0.7483128 0.5603255 -0.3550738 -0.7483034 0.5603253 -0.414135 -0.7173058 0.5603185 -0.4141383 -0.7173094 0.5603188 -0.4705145 -0.6816589 0.5603111 -0.4705184 -0.6816625 0.5603118 -0.5238447 -0.6415897 0.5603167 -0.5238421 -0.6415877 0.5603169 -0.5737681 -0.5973567 0.5603354 -0.5737575 -0.5973496 0.5603342 -0.6199654 -0.5492437 0.5603172 -0.6199756 -0.5492494 0.5603177 -0.6621611 -0.4975811 0.5603148 -0.6621628 -0.4975818 0.5603157 -0.7000531 -0.4426872 0.5603241 -0.7000476 -0.4426852 0.560324 -0.7333997 -0.3849182 0.5603085 -0.73341 -0.384921 0.5603107 -0.7620031 -0.3246586 0.5603232 -0.7619946 -0.324657 0.5603231 -0.7856484 -0.2622872 0.5603242 -0.7856477 -0.2622872 0.5603234 -0.8042057 -0.1982191 0.560324 -0.8042053 -0.1982191 0.5603243 -0.8175474 -0.1328648 0.5603201 -0.8175502 -0.1328646 0.5603201 -0.8255903 -0.06664818 0.5603235 -0.8255879 -0.06664848 0.5603242 -0.8282734 0 0.5603241 -0.8282734 0 0.5603237 -0.825588 0.066648 0.5603202 -0.8255903 0.06664866 0.5603201 -0.8175501 0.1328652 0.5603242 -0.8175475 0.1328642 0.560324 -0.8042054 0.1982185 0.5603196 -0.8042083 0.1982198 0.560319 -0.7856508 0.2622889 0.5603231 -0.7856484 0.2622874 0.5603232 -0.7619949 0.3246562 0.5603234 -0.7619948 0.3246561 0.5603236 -0.7334004 0.3849173 0.5603165 -0.7334042 0.3849204 0.5603155 -0.7000532 0.4426872 0.5603157 -0.7000531 0.4426872 0.5603148 -0.6621617 0.4975834 0.5603273 -0.662156 0.4975767 0.560328 -0.6199706 0.5492441 0.5603126 -0.6199769 0.5492527 0.5603121 -0.5737705 0.5973591 0.5603169 -0.5737687 0.5973562 0.5603167 -0.5238412 0.6415884 0.5603119 -0.5238427 0.6415914 0.5603111 -0.4705175 0.6816632 0.5603189 -0.4705155 0.6816583 0.5603185 -0.4141374 0.7173099 0.5603253 -0.414136 0.7173054 0.5603255 -0.3550761 0.7483023 0.5603083 -0.3550788 0.748314 0.5603078 -0.2937136 0.7744595 0.5603142 -0.293713 0.7744551 0.5603141 -0.2304411 0.7955784 0.5603199 -0.2304409 0.7955744 0.5603199 -0.1656759 0.8115375 0.5603324 -0.1656761 0.8115288 0.5605283 -0.1127056 0.8204301 0.7110584 -0.1361451 0.6898264 0.836854 -0.1094995 -0.536363 0.8368645 -0.1094987 -0.5363468 0.836863 -0.1095051 -0.5363478 0.8369799 -0.101956 -0.537652 0.9067953 -0.06354099 -0.4167552 0.5395416 0.03390157 0.8412762 0.5395204 0.03390485 0.8412896 0.1969449 0.03947967 0.9796194 0.1969448 0.1181734 0.9732666 0.1969214 0.1181768 0.9732708 0.1969214 0.1961104 0.9606053 0.1969297 0.1961091 0.960604 0.1969296 0.2727693 0.9417089 0.196927 0.2727697 0.9417093 0.196927 0.347662 0.9167066 0.1969316 0.3476611 0.9167058 0.1969314 0.420297 0.8857587 0.1969307 0.4202972 0.8857588 0.1969305 0.4902083 0.8490667 0.1969266 0.4902091 0.8490671 0.1969264 0.5569417 0.806868 0.1969364 0.5569396 0.8068671 0.1969354 0.6200596 0.7594357 0.196935 0.6200597 0.7594357 0.1969344 0.6791587 0.7070787 0.196924 0.679161 0.7070793 0.1969243 0.7338533 0.6501386 0.196918 0.7338548 0.6501389 0.1969184 0.7837903 0.5889788 0.196936 0.7837861 0.5889784 0.1969351 0.8286381 0.5239995 0.1969268 0.8286401 0.5239995 0.196926 0.8681172 0.4556233 0.1969254 0.8681173 0.4556233 0.196925 0.9019647 0.3842918 0.1969239 0.901965 0.3842917 0.1969234 0.9299632 0.3104667 0.1969308 0.9299616 0.3104671 0.1969302 0.9519283 0.2346296 0.1969258 0.9519293 0.2346293 0.1969247 0.9677225 0.15727 0.1969304 0.9677212 0.1572705 0.1969293 0.9772385 0.07889103 0.1969273 0.9772389 0.0788908 0.1969271 0.9804181 0 0.1969271 0.9804182 0 0.1969273 0.9772389 -0.07889103 0.1969275 0.9772388 -0.07889103 0.1969267 0.9677221 -0.1572699 0.1969211 0.9677231 -0.1572707 0.1969203 0.9519302 -0.2346301 0.1969248 0.9519295 -0.2346293 0.1969236 0.9299632 -0.3104667 0.1969234 0.9299632 -0.3104667 0.1969239 0.9019645 -0.3842929 0.1969251 0.9019644 -0.3842927 0.1969255 0.8681185 -0.4556211 0.1969155 0.8681198 -0.4556231 0.1969147 0.8286408 -0.524003 0.196923 0.82864 -0.5240012 0.1969224 0.7837896 -0.5889783 0.196932 0.7837888 -0.5889762 0.1969331 0.7338532 -0.6501359 0.1969243 0.7338538 -0.650138 0.196924 0.6791571 -0.7070832 0.1969344 0.6791566 -0.7070807 0.196935 0.6200613 -0.7594344 0.1969178 0.6200618 -0.7594384 0.1969177 0.5569427 -0.8068695 0.1969264 0.5569426 -0.8068674 0.1969267 0.4902087 -0.8490673 0.1969305 0.4902086 -0.8490664 0.1969307 0.4202971 -0.8857588 0.1969314 0.420297 -0.8857586 0.1969316 0.3476592 -0.9167066 0.196927 0.347659 -0.9167077 0.196927 0.2727694 -0.9417094 0.1969514 0.272771 -0.9417038 0.1969519 0.196112 -0.9605987 0.1968992 0.1961076 -0.9606105 0.1968989 0.1181773 -0.9732754 0.1969222 0.1181796 -0.9732704 0.1969222 0.03947412 -0.9796242 0.1969438 0.03947669 -0.9796196 0.1969438 -0.03947401 -0.9796198 0.1969222 -0.03947687 -0.979624 0.1969222 -0.1181767 -0.9732707 0.1968989 -0.1181802 -0.973275 0.1968992 -0.1961141 -0.9606091 0.1969519 -0.1961055 -0.9606001 0.1969514 -0.272768 -0.9417047 0.1969271 -0.2727724 -0.9417086 0.196927 -0.3476595 -0.9167075 0.1969316 -0.3476586 -0.9167069 0.1969314 -0.420297 -0.8857587 0.1969307 -0.4202972 -0.8857588 0.1969305 -0.4902083 -0.8490667 0.1969266 -0.4902091 -0.8490671 0.1969264 -0.5569417 -0.806868 0.1969178 -0.5569436 -0.8068688 0.1969178 -0.6200635 -0.759437 0.196935 -0.6200597 -0.7594357 0.1969344 -0.6791557 -0.7070816 0.196924 -0.6791581 -0.7070822 0.1969243 -0.7338545 -0.6501371 0.1969331 -0.7338526 -0.6501368 0.196932 -0.7837881 -0.5889771 0.1969224 -0.7837904 -0.5889773 0.196923 -0.8286393 -0.5240021 0.1969147 -0.8286413 -0.5240021 0.1969155 -0.8681203 -0.455622 0.1969254 -0.868118 -0.4556222 0.1969251 -0.9019643 -0.3842928 0.1969239 -0.9019646 -0.3842928 0.1969234 -0.9299632 -0.3104667 0.1969236 -0.9299632 -0.3104667 0.1969248 -0.9519293 -0.2346299 0.1969203 -0.9519303 -0.2346296 0.1969211 -0.9677232 -0.1572701 0.1969267 -0.967722 -0.1572706 0.1969275 -0.9772389 -0.07889103 0.1969274 -0.9772389 -0.07889103 0.1969271 -0.9804181 0 0.1969271 -0.9804182 0 0.1969273 -0.9772389 0.07889103 0.1969293 -0.9772385 0.0788908 0.1969304 -0.9677214 0.1572698 0.1969248 -0.9677223 0.1572707 0.1969258 -0.9519292 0.2346299 0.1969302 -0.9519284 0.2346291 0.1969308 -0.9299618 0.3104662 0.1969234 -0.9299629 0.3104676 0.1969239 -0.9019649 0.3842918 0.196925 -0.9019648 0.3842916 0.1969254 -0.8681173 0.4556234 0.1969261 -0.8681173 0.4556233 0.1969268 -0.8286395 0.5240004 0.1969351 -0.8286387 0.5239986 0.196936 -0.7837874 0.5889766 0.1969184 -0.7837889 0.5889804 0.196918 -0.7338542 0.6501395 0.1969243 -0.7338538 0.650138 0.196924 -0.6791601 0.7070802 0.1969344 -0.6791596 0.7070779 0.196935 -0.6200596 0.7594357 0.1969354 -0.6200596 0.7594357 0.1969364 -0.5569406 0.8068663 0.1969264 -0.5569407 0.8068687 0.1969267 -0.4902087 0.8490673 0.1969305 -0.4902086 0.8490664 0.1969307 -0.4202971 0.8857588 0.1969314 -0.420297 0.8857586 0.1969316 -0.3476617 0.9167057 0.196927 -0.3476614 0.9167068 0.196927 -0.2727694 0.9417094 0.1969296 -0.2727696 0.9417088 0.1969297 -0.1961101 0.9606037 0.1969215 -0.1961095 0.9606056 0.1969214 -0.1181739 0.9732713 0.1969448 -0.1181763 0.9732662 0.1969449 -0.03947967 0.9796194 0.1969211 -0.03947687 0.9796242 0.1970705 0.006524741 0.9803676 0 0.006655275 0.9999778 -0.01609629 0.04690605 0.9987696 -0.09697258 0.08008718 0.9920597 0 0.1205371 0.9927088 0 0.2000261 0.9797905 -0.09697121 0.2381882 0.9663659 0 0.2782177 0.9605181 0 0.3919666 0.9199795 -0.1911119 0.3480693 0.9177821 0 0.4286921 0.9034507 0 0.5 0.8660254 -0.09697079 0.5319468 0.841207 0 0.5680643 0.8229842 0 0.6324452 0.7746052 -0.09697371 0.6599978 0.7449826 0 0.6927255 0.7212014 0 0.7746046 0.6324459 -0.191112 0.7347143 0.6509003 0 0.7994421 0.6007431 0 0.8660255 0.4999998 -0.1911125 0.829612 0.5246141 0 0.885456 0.4647234 0 0.9350161 0.3546051 -0.1911145 0.9030221 0.3847421 0 0.9485364 0.3166683 0 0.9797906 0.2000258 -0.191113 0.9530456 0.2349045 0 0.9870501 0.1604117 0 0.9967573 0.0804665 -0.09697139 0.99448 0.04007613 0 1 0 0 0.9927089 -0.1205371 -0.1911151 0.9783847 -0.07898354 0 0.9870501 -0.1604117 0 0.9709419 -0.2393155 -0.09697097 0.9559915 -0.276906 0 0.9485367 -0.3166674 0 0.9199789 -0.391968 -0.09696823 0.8991928 -0.4266726 0 0.8854566 -0.4647221 0 0.8229843 -0.5680642 -0.1911075 0.829612 -0.5246159 0 0.7994442 -0.6007403 0 0.7485106 -0.6631227 -0.09697425 0.7178025 -0.6894605 0 0.6927224 -0.7212043 0 0.6007429 -0.7994423 -0.1911094 0.6207883 -0.7603282 0 0.5680663 -0.8229828 0 0.5 -0.8660254 -0.09697204 0.4625327 -0.8812831 0 0.4286921 -0.9034507 0 0.3166683 -0.9485363 -0.1911023 0.3480675 -0.9177848 0 0.2782204 -0.9605172 0 0.2000233 -0.9797911 -0.09696465 0.1596558 -0.9823991 0 0.1205399 -0.9927085 0 0.04026532 -0.999189 -0.0969699 0 -0.9952873 0 -0.04026532 -0.999189 0 -0.1205399 -0.9927085 -0.09696465 -0.1596558 -0.9823991 0 -0.2000233 -0.9797911 0 -0.3166683 -0.9485363 -0.1911021 -0.2730929 -0.9428151 0 -0.3546028 -0.9350171 0 -0.4286921 -0.9034507 -0.09697204 -0.4625327 -0.8812831 0 -0.5 -0.8660254 0 -0.6007429 -0.7994423 -0.1911092 -0.5575962 -0.8078143 0 -0.6324452 -0.7746052 0 -0.6927224 -0.7212043 -0.09697425 -0.7178025 -0.6894605 0 -0.7485106 -0.6631227 0 -0.7994442 -0.6007403 -0.09696751 -0.819106 -0.5653873 0 -0.8451896 -0.5344666 0 -0.9034503 -0.4286928 -0.1911075 -0.8691368 -0.4561569 0 -0.9199789 -0.391968 0 -0.9485367 -0.3166674 -0.09697097 -0.9559915 -0.276906 0 -0.9709419 -0.2393155 0 -0.9870501 -0.1604117 -0.09697169 -0.9880303 -0.119969 0 -0.9967573 -0.08046674 0 -0.999189 0.04026591 -0.1911145 -0.9815677 0 0 -0.9967573 0.0804665 0 -0.9870501 0.1604117 -0.09697061 -0.9751731 0.1990832 0 -0.9709419 0.2393155 0 -0.9485364 0.3166683 -0.09697145 -0.9306095 0.352934 0 -0.9199793 0.3919669 0 -0.8660255 0.4999998 -0.1911126 -0.8691354 0.4561576 0 -0.8451904 0.5344653 0 -0.7994421 0.6007431 -0.0969702 -0.7709541 0.6294654 0 -0.7485106 0.6631227 0 -0.6927255 0.7212014 -0.09697371 -0.6599978 0.7449826 0 -0.6324452 0.7746052 0 -0.5344656 0.8451902 -0.1911131 -0.5575938 0.807815 0 -0.5 0.8660254 0 -0.4286921 0.9034507 -0.09697014 -0.3901193 0.9156439 0 -0.3546053 0.9350161 0 -0.239316 0.9709418 -0.191114 -0.2730896 0.9428136 0 -0.2000261 0.9797905 0 -0.08046644 0.9967573 -0.1911166 -0.1183152 0.9744106 0 -0.04026532 0.999189 -1 0 0 -1 0 0 -1 0 0 -1 0 0 -1 0 0 -1 0 0 -1 0 0 -1 0 0 -1 0 0 -1 0 0 -1 0 0 -1 0 0 -1 0 0 -1 0 0 -1 0 0 -1 0 0 -1 0 0 -1 0 0 -1 0 0 -1 0 0 -1 0 0 -1 0 0 -1 0 0 -1 0 0 -1 0 0 -1 0 0 -1 0 0 -1 0 0 -1 0 0 -1 0 0 -1 0 0 -1 0 0 -1 0 0 -1 0 0 -1 0 0 -1 0 0 -1 0 0 -1 0 0 -1 0 0 -1 0 0 -1 0 0 -1 0 0 -1 0 0 -1 0 0 -1 0 0 -1 0 0 -1 0 0 -1 0 0 -1 0 0 -1 0 0 -1 0 0 -1 0 0 -1 0 0 -1 0 0 -1 0 0 -1 0 0 -1 0 0 -1 0 0 -1 0 0 -1 0 0 -1 0 0 -1 0 0 -1 0 0 -1 0 0 -1 0 0 0 -0.9927089 0.1205364 0 -0.9350163 0.3546049 0 -0.9350163 0.3546049 0 -0.8229836 0.5680651 0 -0.8229836 0.5680651 0 -0.663123 0.7485105 0 -0.663123 0.7485105 0 -0.4647234 0.8854559 0 -0.4647234 0.8854559 0 -0.2393144 0.9709421 0 -0.2393144 0.9709421 0 0 1 0 0 1 0 0.2393144 0.9709421 0 0.2393144 0.9709421 0 0.4647234 0.8854559 0 0.4647234 0.8854559 0 0.663123 0.7485105 0 0.663123 0.7485105 0 0.8229836 0.5680651 0 0.8229836 0.5680651 0 0.9350163 0.3546049 0 0.9350163 0.3546049 0 0.9927089 0.1205364 0 0.9927089 0.1205364 0 0.9927089 -0.1205366 0 0.9927089 -0.1205366 0 0.9350163 -0.3546049 0 0.9350163 -0.3546049 0 0.8229836 -0.5680651 0 0.8229836 -0.5680651 0 0.663123 -0.7485105 0 0.663123 -0.7485105 0 0.4647251 -0.885455 0 0.4647251 -0.885455 0 0.2393144 -0.9709421 0 0.2393144 -0.9709421 0 0 -1 0 0 -1 0 -0.2393144 -0.9709421 0 -0.2393144 -0.9709421 0 -0.4647251 -0.885455 0 -0.4647251 -0.885455 0 -0.663123 -0.7485105 0 -0.663123 -0.7485105 0 -0.8229836 -0.5680651 0 -0.8229836 -0.5680651 0 -0.9350163 -0.3546049 0 -0.9350163 -0.3546049 0 -0.9927089 -0.1205366 0 -0.9927089 -0.1205366 0 -0.9927089 0.1205364 -1 0 0 -1 0 0 -1 0 0 -1 0 0 -1 0 0 -1 0 0 -1 0 0 -1 0 0 -1 0 0 -1 0 0 -1 0 0 -1 0 0 -1 0 0 -1 0 0 -1 0 0 -1 0 0 -1 0 0 -1 0 0 -1 0 0 -1 0 0 -1 0 0 -1 0 0 -1 0 0 -1 0 0 -1 0 0 -1 0 0 -1 0 0 -1 0 0 -1 0 0 -1 0 0 -1 0 0 -1 0 0 -1 0 0 -1 0 0 -1 0 0 -1 0 0 -1 0 0 -1 0 0 -1 0 0 -1 0 0 -1 0 0 -1 0 0 -1 0 0 -1 0 0 -1 0 0 -1 0 0 -1 0 0 -1 0 0 -1 0 0 -1 0 0 -1 0 0 -1 0 0 0 0.9927089 -0.1205366 0 0.9927089 -0.1205366 0 0.935016 -0.3546054 0 0.935016 -0.3546054 0 0.8229845 -0.5680639 0 0.8229845 -0.5680639 0 0.6631215 -0.7485117 0 0.6631215 -0.7485117 0 0.4647246 -0.8854553 0 0.4647246 -0.8854553 0 0.2393152 -0.970942 0 0.2393152 -0.970942 0 0 -1 0 0 -1 0 -0.2393152 -0.970942 0 -0.2393152 -0.970942 0 -0.4647246 -0.8854553 0 -0.4647246 -0.8854553 0 -0.6631215 -0.7485117 0 -0.6631215 -0.7485117 0 -0.8229845 -0.5680639 0 -0.8229845 -0.5680639 0 -0.935016 -0.3546054 0 -0.935016 -0.3546054 0 -0.9927089 -0.1205366 0 -0.9927089 -0.1205366 0 -0.9927089 0.1205366 0 -0.9927089 0.1205366 0 -0.935016 0.3546054 0 -0.935016 0.3546054 0 -0.8229845 0.5680639 0 -0.8229845 0.5680639 0 -0.6631215 0.7485117 0 -0.6631215 0.7485117 0 -0.4647228 0.8854563 0 -0.4647228 0.8854563 0 -0.2393172 0.9709414 0 -0.2393172 0.9709414 0 0 1 0 0 1 0 0.2393172 0.9709414 0 0.2393172 0.9709414 0 0.4647228 0.8854563 0 0.4647228 0.8854563 0 0.6631215 0.7485117 0 0.6631215 0.7485117 0 0.8229845 0.5680639 0 0.8229845 0.5680639 0 0.935016 0.3546054 0 0.935016 0.3546054 0 0.9927089 0.1205366 0 0.9927089 0.1205366 -1 0 0 -1 0 0 -1 0 0 -1 0 0 -1 0 0 -1 0 0 -1 0 0 -1 0 0 -1 0 0 -1 0 0 -1 0 0 -1 0 0 -1 0 0 -1 0 0 -1 0 0 -1 0 0 -1 0 0 -1 0 0 -1 0 0 -1 0 0 -1 0 0 -1 0 0 -1 0 0 -1 0 0 -1 0 0 -1 0 0 -1 0 0 -1 0 0 -1 0 0 -1 0 0 -1 0 0 -1 0 0 -1 0 0 -1 0 0 -1 0 0 -1 0 0 -1 0 0 -1 0 0 -1 0 0 -1 0 0 -1 0 0 -1 0 0 -1 0 0 -1 0 0 -1 0 0 -1 0 0 -1 0 0 -1 0 0 -1 0 0 -1 0 0 -1 0 0 -1 0 0 -1 0 0 -1 0 0 -1 0 0 0 -0.994138 0.108119 0 -0.9476531 0.3193016 0 -0.9476531 0.3193016 0 -0.8568572 0.5155538 0 -0.8568572 0.5155538 0 -0.7259951 0.6876999 0 -0.7259951 0.6876999 0 -0.5611871 0.827689 0 -0.5611871 0.827689 0 -0.3701395 0.9289761 0 -0.3701395 0.9289761 0 -0.1617804 0.9868268 0 -0.1617804 0.9868268 0 0.05413913 0.9985334 0 0.05413913 0.9985334 0 0.2675267 0.9635505 0 0.2675267 0.9635505 0 0.4684097 0.8835114 0 0.4684097 0.8835114 0 0.6473861 0.7621623 0 0.6473861 0.7621623 0 0.7960932 0.605174 0 0.7960932 0.605174 0 0.9075752 0.4198895 0 0.9075752 0.4198895 0 0.9766205 0.2149706 0 0.9766205 0.2149706 0 1 0 0 1 0 0 0.9766205 -0.2149706 0 0.9766205 -0.2149706 0 0.9075756 -0.4198887 0 0.9075756 -0.4198887 0 0.7960917 -0.6051759 0 0.7960917 -0.6051759 0 0.6473883 -0.7621603 0 0.6473883 -0.7621603 0 0.4684065 -0.883513 0 0.4684065 -0.883513 0 0.2675305 -0.9635494 0 0.2675305 -0.9635494 0 0.05413913 -0.9985334 0 0.05413913 -0.9985334 0 -0.1617843 -0.9868261 0 -0.1617843 -0.9868261 0 -0.3701361 -0.9289775 0 -0.3701361 -0.9289775 0 -0.5611871 -0.827689 0 -0.5611871 -0.827689 0 -0.7259961 -0.6876989 0 -0.7259961 -0.6876989 0 -0.8568577 -0.5155529 0 -0.8568577 -0.5155529 0 -0.9476529 -0.3193022 0 -0.9476529 -0.3193022 0 -0.994138 -0.108119 0 -0.994138 -0.108119 0 -0.994138 0.108119 -1 0 0 -1 0 0 -1 0 0 -1 0 0 -1 0 0 -1 0 0 -1 0 0 -1 0 0 -1 0 0 -1 0 0 -1 0 0 -1 0 0 -1 0 0 -1 0 0 -1 0 0 -1 0 0 -1 0 0 -1 0 0 -1 0 0 -1 0 0 -1 0 0 -1 0 0 -1 0 0 -1 0 0 -1 0 0 -1 0 0 -1 0 0 -1 0 0 -1 0 0 -1 0 0 -1 0 0 -1 0 0 -1 0 0 -1 0 0 -1 0 0 -1 0 0 -1 0 0 -1 0 0 -1 0 0 -1 0 0 -1 0 0 -1 0 0 -1 0 0 -1 0 0 -1 0 0 -1 0 0 -1 0 0 -1 0 0 -1 0 0 -1 0 0 -1 0 0 -1 0 0 -1 0 0 -1 0 0 -1 0 0 -1 0 0 -1 0 0 -1 0 0 0 0.994138 -0.1081191 0 0.994138 -0.1081191 0 0.9476534 -0.319301 0 0.9476534 -0.319301 0 0.8568569 -0.5155543 0 0.8568569 -0.5155543 0 0.7259958 -0.6876991 0 0.7259958 -0.6876991 0 0.5611873 -0.8276889 0 0.5611873 -0.8276889 0 0.3701378 -0.9289768 0 0.3701378 -0.9289768 0 0.161782 -0.9868265 0 0.161782 -0.9868265 0 -0.05414009 -0.9985334 0 -0.05414009 -0.9985334 0 -0.2675272 -0.9635503 0 -0.2675272 -0.9635503 0 -0.4684084 -0.8835121 0 -0.4684084 -0.8835121 0 -0.6473866 -0.7621619 0 -0.6473866 -0.7621619 0 -0.7960931 -0.6051742 0 -0.7960931 -0.6051742 0 -0.9075756 -0.4198889 0 -0.9075756 -0.4198889 0 -0.9766206 -0.2149703 0 -0.9766206 -0.2149703 0 -1 0 0 -1 0 0 -0.9766206 0.2149703 0 -0.9766206 0.2149703 0 -0.9075756 0.4198889 0 -0.9075756 0.4198889 0 -0.7960931 0.6051742 0 -0.7960931 0.6051742 0 -0.6473866 0.7621619 0 -0.6473866 0.7621619 0 -0.4684068 0.8835129 0 -0.4684068 0.8835129 0 -0.2675308 0.9635493 0 -0.2675308 0.9635493 0 -0.05413812 0.9985335 0 -0.05413812 0.9985335 0 0.1617839 0.9868262 0 0.1617839 0.9868262 0 0.3701378 0.9289768 0 0.3701378 0.9289768 0 0.5611859 0.8276898 0 0.5611859 0.8276898 0 0.7259958 0.6876991 0 0.7259958 0.6876991 0 0.8568569 0.5155543 0 0.8568569 0.5155543 0 0.9476534 0.319301 0 0.9476534 0.319301 0 0.994138 0.1081191 0 0.994138 0.1081191 -9.47858e-7 -0.9999114 -0.01330685 4.0375e-7 -0.9999114 -0.01330685 0 -0.9999114 -0.01330685 0 -0.9999114 -0.01330685 -3.08639e-7 -0.9999114 -0.01330685 1.35332e-6 -0.9999114 -0.01330685 -1.07872e-5 -0.9999115 -0.01330685 0 -0.9788321 -0.204665 0 -0.9788321 -0.204665 0 -0.8273236 -0.5617256 0 -0.8273236 -0.5617257 0 -0.5474172 -0.83686 0 -0.5474171 -0.8368599 0 -0.1831837 -0.9830787 0 -0.1831838 -0.9830787 0 0.0133059 -0.9999114 -1.32823e-7 0.01330626 -0.9999115 -7.88264e-7 0.0133056 -0.9999115 0 0.01330852 -0.9999115 0 0.208137 -0.9780997 0 0.208137 -0.9780997 0 0.5665971 -0.823995 0 0.5665971 -0.823995 0 0.8387796 -0.5444712 0 0.8387795 -0.5444712 0 0.9832949 -0.1820197 0 0.9832949 -0.1820197 -7.44298e-6 0.9999115 0.01330685 0 0.9999114 0.01330685 3.36358e-7 0.9999115 0.01330685 4.72272e-6 0.9999114 0.01330971 0 0.9999114 0.01330685 -3.30861e-7 0.9999114 0.01330685 6.51359e-7 0.9999115 0.01330685 -1.48856e-5 0.9999114 0.01330679 0 0.978831 0.2046698 0 0.9788311 0.2046698 0 0.8273311 0.5617146 0 0.8273311 0.5617147 0 0.5474172 0.83686 0 0.5474171 0.8368599 0 0.1831837 0.9830787 0 0.1831838 0.9830787 0 -0.01331013 0.9999114 1.10162e-6 -0.01330739 0.9999114 -7.88264e-7 -0.0133056 0.9999115 0 -0.01330852 0.9999115 0 -0.2081143 0.9781045 0 -0.2081143 0.9781045 0 -0.5665971 0.823995 0 -0.5665971 0.823995 0 -0.8387866 0.5444603 0 -0.8387866 0.5444603 0 -0.9832941 0.182024 0 -0.9832941 0.182024 -1 0 0 -1 0 0 -1 0 0 -1 0 0 -1 0 0 -1 0 0 -1 0 0 -1 0 0 -1 0 0 -1 0 0 -1 0 0 -1 0 0 -1 0 0 -1 0 0 -1 0 0 -1 0 0 -1 0 0 -1 0 0 -1 0 0 -1 0 0 -1 0 0 -1 0 0 -1 0 0 -1 0 0 -1 0 0 -1 0 0 -1 0 0 -1 0 0 -1 0 0 -1 0 0 -1 0 0 -1 0 0 -1 0 0 -1 0 0 -1 0 0 -1 0 0 -1 0 0 -1 0 0 -1 0 0 -1 0 0 -1 0 0 -1 0 0 -1 0 0 -1 0 0 -1 0 0 -1 0 0 -1 0 0 -1 0 0 -1 0 0 -1 0 0 -1 0 0 -1 0 0 -1 0 0 -1 0 0 -1 0 0 -1 0 0 -1 0 0 -1 0 0 -1 0 0 -1 0 0 -1 0 0 -1 0 0 -1 0 0 -1 0 0 -1 0 0 -1 0 0 -1 0 0 -1 0 0 -1 0 0 -1 0 0 -1 0 0 -1 0 0 -1 0 0 -1 0 0 -1 0 0 -1 0 0 -1 0 0 -1 0 0 -1 0 0 -1 0 0 -1 0 0 -1 0 0 -1 0 0 -1 0 0 -1 0 0 -1 0 0 -1 0 0 -1 0 0 -1 0 0 -1 0 0 -1 0 0 -1 0 0 -1 0 0 -0.9161607 0 0.4008113 -0.9161596 0 -0.4008136 -0.9293427 -0.07682144 0.3611381 -0.9284613 -0.08170044 0.3623322 -0.9163691 -0.06589251 -0.3948743 -0.9531471 -0.01195102 -0.3022711 -0.9344565 -0.05838221 -0.3512584 -0.9315546 -0.06596076 -0.3575683 -0.92888 -0.04355597 -0.3678107 -0.9281389 -0.05970984 -0.3674138 -0.9286686 -0.07582736 -0.3630767 -0.9284385 -0.07681554 -0.3634573 -0.9299435 -0.0710867 -0.3607657 -0.9293406 0.07683044 -0.3611415 -0.9284645 0.08168077 -0.3623285 -0.9302894 0.07262367 -0.3595656 -0.9321548 0.06623959 -0.3559491 -0.9349716 0.05838513 -0.3498848 -0.9283632 0.04608458 -0.3688061 -0.9276798 -0.01057708 -0.373227 -0.91637 0.06589215 0.3948721 -0.9531474 0.01195108 0.3022699 -0.934454 0.05838918 0.3512642 -0.9315546 0.06596076 0.3575683 -0.9288806 0.04354131 0.3678111 -0.9281389 0.05971091 0.3674137 -0.9286686 0.07582783 0.3630769 -0.9284355 0.07682883 0.3634625 -0.9299457 0.07107943 0.3607612 -0.9302894 -0.07262367 0.3595656 -0.9321548 -0.06623959 0.3559491 -0.9349716 -0.05838513 0.3498848 -0.9283642 -0.04608613 0.3688037 -0.9276807 0.01057714 0.3732247 -0.9283371 0.3642268 -0.07435834 -0.9281573 0.370917 -0.03073501 -0.9297846 0.3654201 -0.04437005 -0.9283729 0.3713488 -0.01496499 -0.9283051 0.347657 -0.1318495 -0.9282706 0.3605253 -0.09129744 -0.9296767 0.3538323 -0.102489 -0.9283371 0.3642269 -0.07435733 -0.9282773 0.3220673 -0.1859407 -0.9283773 0.3403373 -0.1492853 -0.9295724 0.3330475 -0.1580336 -0.9283052 0.3476569 -0.1318485 -0.9282535 0.2881126 -0.2352368 -0.9284777 0.3109133 -0.2031307 -0.9294715 0.3035935 -0.2095556 -0.9282774 0.3220648 -0.1859443 -0.9282339 0.246681 -0.2784429 -0.9285715 0.2730669 -0.2513753 -0.9293748 0.2662221 -0.2557116 -0.9282536 0.2881135 -0.2352359 -0.9282176 0.1988428 -0.3144416 -0.9286588 0.2278337 -0.2927194 -0.9292812 0.2218983 -0.2952924 -0.9282336 0.2466797 -0.2784448 -0.9282057 0.1458411 -0.3422931 -0.9287399 0.1764485 -0.3260493 -0.9291915 0.1717604 -0.3272635 -0.9282177 0.1988414 -0.3144425 -0.9282057 0.1458359 -0.3422952 -0.9291056 0.1171085 -0.3507825 -0.9288147 0.1203156 -0.3504677 -0.9281977 0.08904784 -0.3612747 -0.92817 0.08350896 -0.362666 -0.9284372 0.08890426 -0.3606943 -0.9283784 0.06339645 -0.3661891 -0.9291055 -0.1171086 -0.3507825 -0.9288147 -0.1203156 -0.3504678 -0.9281978 -0.08904802 -0.3612747 -0.9281978 -0.08904725 -0.3612749 -0.9291915 -0.1717604 -0.3272635 -0.9287399 -0.1764485 -0.3260493 -0.9282057 -0.1458411 -0.3422931 -0.9282057 -0.1458358 -0.3422951 -0.9292812 -0.2218983 -0.2952924 -0.9286588 -0.2278337 -0.2927194 -0.9282176 -0.1988428 -0.3144416 -0.9282177 -0.1988414 -0.3144425 -0.9293748 -0.2662221 -0.2557116 -0.9285714 -0.2730669 -0.2513753 -0.9282339 -0.246681 -0.2784429 -0.9282336 -0.2466797 -0.2784448 -0.9294715 -0.3035935 -0.2095556 -0.9284777 -0.3109133 -0.2031307 -0.9282535 -0.2881126 -0.2352368 -0.9282536 -0.2881135 -0.2352359 -0.9295724 -0.3330475 -0.1580336 -0.9283773 -0.3403373 -0.1492853 -0.9282773 -0.3220673 -0.1859407 -0.9282774 -0.3220648 -0.1859443 -0.9296767 -0.3538323 -0.102489 -0.9282706 -0.3605253 -0.09129744 -0.9283051 -0.347657 -0.1318495 -0.9283052 -0.3476569 -0.1318485 -0.928337 -0.3642269 -0.07435739 -0.9283371 -0.3642271 -0.07435667 -0.9281573 -0.370917 -0.03073507 -0.9297845 -0.3654201 -0.04437005 -0.9283729 -0.3713488 -0.01496499 -0.9283371 -0.3642268 0.07435834 -0.9281573 -0.370917 0.03073501 -0.9297846 -0.3654201 0.04437005 -0.9283729 -0.3713488 0.01496499 -0.9283053 -0.3476566 0.1318496 -0.9282705 -0.3605254 0.09129726 -0.9296767 -0.3538323 0.102489 -0.9283371 -0.3642269 0.07435733 -0.9282773 -0.3220656 0.1859438 -0.9283773 -0.3403371 0.1492856 -0.9295724 -0.3330478 0.1580332 -0.9283053 -0.347657 0.1318485 -0.9282534 -0.2881129 0.2352371 -0.9284776 -0.3109137 0.2031304 -0.9294715 -0.3035935 0.2095556 -0.9282774 -0.3220648 0.1859443 -0.9282338 -0.246679 0.278445 -0.9285715 -0.2730664 0.2513756 -0.9293745 -0.2662234 0.2557108 -0.9282535 -0.2881129 0.2352367 -0.9282177 -0.1988404 0.314443 -0.9286589 -0.2278329 0.2927196 -0.9292813 -0.2218981 0.2952923 -0.9282336 -0.2466804 0.2784441 -0.9282057 -0.1458384 0.3422941 -0.9287399 -0.1764491 0.3260487 -0.9291915 -0.1717613 0.3272629 -0.9282177 -0.1988413 0.3144424 -0.9282058 -0.1458374 0.3422945 -0.9291057 -0.1171085 0.3507823 -0.9288147 -0.1203155 0.3504675 -0.9281978 -0.0890454 0.3612753 -0.92817 -0.08350896 0.362666 -0.9284372 -0.08890253 0.360695 -0.9283784 -0.06339651 0.3661893 -0.9291056 0.1171084 0.3507823 -0.9288147 0.1203154 0.3504675 -0.9281977 0.0890457 0.3612753 -0.9281977 0.08904558 0.3612753 -0.9291915 0.1717613 0.3272629 -0.9287399 0.1764491 0.3260487 -0.9282057 0.1458384 0.3422941 -0.9282058 0.1458374 0.3422945 -0.9292813 0.2218981 0.2952923 -0.9286589 0.2278329 0.2927196 -0.9282177 0.1988404 0.314443 -0.9282177 0.1988413 0.3144424 -0.9293745 0.2662234 0.2557108 -0.9285715 0.2730664 0.2513756 -0.9282338 0.246679 0.278445 -0.9282336 0.2466804 0.2784441 -0.9294715 0.3035935 0.2095556 -0.9284776 0.3109137 0.2031304 -0.9282534 0.2881129 0.2352371 -0.9282535 0.2881129 0.2352367 -0.9295724 0.3330478 0.1580332 -0.9283773 0.3403371 0.1492856 -0.9282773 0.3220656 0.1859438 -0.9282774 0.3220648 0.1859443 -0.9296767 0.3538323 0.102489 -0.9282705 0.3605254 0.09129726 -0.9283053 0.3476566 0.1318496 -0.9283053 0.347657 0.1318485 -0.928337 0.3642269 0.07435739 -0.9283371 0.3642271 0.07435667 -0.9281573 0.370917 0.03073507 -0.9297845 0.3654201 0.04437005 -0.9283729 0.3713488 0.01496499 -0.8368523 -0.1733542 0.5192558 -0.8368527 -0.3288637 0.4376372 -0.8368553 -0.4505211 0.3109727 -0.8368533 -0.5258139 0.1523035 -0.836859 0.1733509 -0.519246 -0.8368639 0.3288512 -0.4376249 -0.8368513 0.4505271 -0.3109746 -0.9063104 0.07209235 -0.4164181 -0.9063104 -0.07209235 0.4164181 -0.7161062 -0.07647043 -0.6937897 -0.5395268 0 -0.8419684 -0.5395269 0.06774967 -0.8392382 -0.5395206 0.06775081 -0.8392421 -0.5398129 0.1096021 -0.8346194 -0.4886852 0.1399504 -0.8611624 -0.5177016 -0.06884425 -0.8527869 -0.5395796 -0.06474292 -0.8394416 -0.5395268 0 -0.8419684 -0.8526273 -0.0614472 -0.5188941 -0.7901835 -0.1012928 0.6044417 -0.7902489 -0.1012785 0.6043587 -0.5395268 0 0.8419684 -0.5395268 -0.06775212 0.839238 -0.5395397 -0.06774979 0.83923 -0.5398319 -0.1095804 0.8346099 -0.488659 -0.1399552 0.8611764 -0.5176817 0.06884521 0.852799 -0.5395797 0.06474024 0.8394418 -0.5395268 0 0.8419684 -0.8230658 0.06676697 0.564008 -0.8364768 0.02896833 0.5472363 -0.8368529 0.08781313 0.5403389 -0.7901131 0.1013106 -0.6045308 -0.7902366 0.1012835 -0.6043738 -0.836856 0.5363601 -0.1094986 -0.8368535 0.5363638 -0.1094999 -0.8368533 0.5258138 -0.1523039 -0.8368545 0.5118519 -0.1941192 -0.8368539 0.5118523 -0.1941208 -0.8368543 0.5258122 -0.1523036 -0.8368545 0.5118519 -0.1941192 -0.8368542 0.4945718 -0.2346781 -0.8368544 0.4945715 -0.234678 -0.8368517 0.4740882 -0.2737147 -0.8368496 0.4740906 -0.2737166 -0.8368546 0.4740875 -0.273707 -0.8368612 0.4240314 -0.346209 -0.8368597 0.4240323 -0.3462119 -0.8368591 0.4505164 -0.3109694 -0.8368515 0.4240415 -0.3462201 -0.8368511 0.3948088 -0.3792178 -0.8368635 0.3947933 -0.3792068 -0.8368634 0.3630011 -0.4097437 -0.8368603 0.3630036 -0.4097477 -0.836864 0.3630023 -0.4097414 -0.8368497 0.2925841 -0.4626847 -0.8368533 0.2925834 -0.4626787 -0.8368533 0.3288629 -0.4376364 -0.8368595 0.292578 -0.4626708 -0.8368598 0.2543969 -0.4847143 -0.8368605 0.2543962 -0.4847133 -0.8368589 0.2145691 -0.5036143 -0.836848 0.2145733 -0.5036304 -0.8368609 0.2145729 -0.5036092 -0.8370059 0.09973329 -0.5380281 -0.8368437 0.131013 -0.5315338 -0.8368541 0.1310052 -0.5315195 -0.8368631 0.1310067 -0.5315051 -0.8368628 0.1733483 -0.5192408 -0.8365718 -0.099922 -0.538668 -0.8368598 -0.0878145 -0.5403279 -0.8368435 -0.08781486 -0.5403531 -0.8368437 -0.131013 -0.5315338 -0.8368541 -0.1310052 -0.5315195 -0.8368631 -0.1310066 -0.5315051 -0.8368628 -0.1733491 -0.5192406 -0.836859 -0.1733501 -0.5192463 -0.8368589 -0.2145668 -0.5036152 -0.836852 -0.2145733 -0.503624 -0.8368609 -0.2145729 -0.5036092 -0.8368606 -0.2543963 -0.4847132 -0.8368598 -0.2543967 -0.4847143 -0.8368596 -0.2925761 -0.4626719 -0.8368529 -0.2925835 -0.4626795 -0.8368533 -0.2925834 -0.4626787 -0.8368534 -0.3288609 -0.4376379 -0.836864 -0.3288531 -0.4376235 -0.8368633 -0.3630005 -0.4097442 -0.8368611 -0.3630034 -0.4097464 -0.8368641 -0.3630023 -0.4097414 -0.8368634 -0.3947953 -0.3792048 -0.8368511 -0.394807 -0.3792199 -0.8368514 -0.4240429 -0.3462184 -0.8368592 -0.4240324 -0.3462127 -0.8368596 -0.4240322 -0.3462119 -0.8368591 -0.4505174 -0.3109679 -0.8368512 -0.4505262 -0.3109762 -0.8368517 -0.474088 -0.2737151 -0.8368501 -0.4740904 -0.273716 -0.8368545 -0.4740876 -0.273707 -0.8368543 -0.4945716 -0.2346779 -0.8368542 -0.4945718 -0.2346781 -0.8368545 -0.5118519 -0.1941192 -0.8368545 -0.5118519 -0.1941192 -0.8368539 -0.5118523 -0.1941208 -0.8368543 -0.5258123 -0.1523035 -0.8368533 -0.5258138 -0.1523041 -0.8368535 -0.5363638 -0.1094993 -0.8368558 -0.5363602 -0.1094992 -0.8368563 -0.5363599 -0.1094974 -0.8368563 -0.5434315 -0.06598401 -0.8368537 -0.5434354 -0.06598508 -0.8368535 -0.546983 -0.02204304 -0.8368543 -0.5469818 -0.02204287 -0.8368543 -0.5469818 0.02204304 -0.8368535 -0.546983 0.02204287 -0.8368537 -0.5434354 0.06598448 -0.8368563 -0.5434314 0.0659846 -0.8368535 -0.5363637 0.1094999 -0.836856 -0.53636 0.1094986 -0.8368563 -0.5363599 0.1094974 -0.836857 -0.5118483 0.1941178 -0.8368564 -0.5118488 0.1941194 -0.8368563 -0.5258093 0.1523028 -0.8368545 -0.5118517 0.1941198 -0.8368542 -0.4945721 0.2346774 -0.8368544 -0.4945719 0.2346774 -0.8368552 -0.4740836 0.273712 -0.8368532 -0.4740859 0.2737139 -0.8368543 -0.4740851 0.2737115 -0.8368555 -0.4240373 0.3462156 -0.8368551 -0.4240376 0.3462162 -0.8368551 -0.4505214 0.3109728 -0.836856 -0.4240368 0.346215 -0.836856 -0.3948027 0.3792134 -0.8368536 -0.3948057 0.3792156 -0.8368528 -0.3630118 0.4097559 -0.836857 -0.3630082 0.4097505 -0.8368533 -0.3630096 0.4097567 -0.8368557 -0.2925792 0.462677 -0.8368532 -0.2925798 0.4626812 -0.8368533 -0.3288629 0.4376364 -0.8368536 -0.2925806 0.4626799 -0.8368536 -0.2544026 0.4847221 -0.8368543 -0.2544019 0.4847211 -0.8368523 -0.214573 0.5036234 -0.8368518 -0.2145732 0.5036242 -0.8368544 -0.2145732 0.5036201 -0.5604999 -0.1442953 0.8154867 -0.5603206 -0.1982181 0.804208 -0.5603092 -0.1982216 0.804215 -0.5603093 -0.2622923 0.7856565 -0.5603269 -0.2622861 0.785646 -0.5603269 -0.3246537 0.7619932 -0.5603115 -0.32466 0.7620019 -0.5603118 -0.3849226 0.7334066 -0.5603258 -0.3849165 0.7333992 -0.5603255 -0.4426828 0.7000481 -0.5603154 -0.4426877 0.700053 -0.5603156 -0.4975829 0.6621613 -0.5603289 -0.4975759 0.6621553 -0.5603287 -0.5492447 0.6199694 -0.5603271 -0.5492455 0.6199702 -0.5603264 -0.5973515 0.5737644 -0.5603171 -0.597357 0.5737677 -0.5603172 -0.6415886 0.5238403 -0.5603289 -0.6415814 0.5238366 -0.560328 -0.6816532 0.4705119 -0.5603187 -0.6816592 0.4705143 -0.5603194 -0.7173088 0.414138 -0.5603273 -0.7173036 0.4141364 -0.5603272 -0.7483021 0.3550739 -0.5603272 -0.7483021 0.3550739 -0.5603266 -0.7744475 0.2937092 -0.5603232 -0.7744498 0.2937096 -0.5603229 -0.7955726 0.2304398 -0.5603267 -0.79557 0.2304396 -0.5603259 -0.8115332 0.1656764 -0.56032 -0.8115375 0.1656764 -0.5603201 -0.8222372 0.09983688 -0.5603268 -0.8222326 0.09983736 -0.5603272 -0.8275996 0.03335177 -0.5603202 -0.8276044 0.03335088 -0.5603201 -0.8276043 -0.03335195 -0.5603272 -0.8275997 -0.0333507 -0.5603268 -0.8222327 -0.09983634 -0.5603201 -0.822237 -0.09983789 -0.5603199 -0.8115372 -0.1656772 -0.5603227 -0.8115355 -0.1656765 -0.5603221 -0.7955729 -0.2304406 -0.5603229 -0.7955724 -0.2304403 -0.5603233 -0.77445 -0.2937092 -0.5603209 -0.7744514 -0.2937102 -0.5603203 -0.7483059 -0.3550769 -0.5603341 -0.7482983 -0.355071 -0.5603354 -0.7172994 -0.4141327 -0.5603275 -0.7173034 -0.4141363 -0.5603279 -0.6816549 -0.4705097 -0.5603188 -0.6816592 -0.4705143 -0.5603187 -0.6415869 -0.5238409 -0.5603173 -0.6415875 -0.5238416 -0.560317 -0.5973572 -0.5737675 -0.5603151 -0.5973579 -0.5737687 -0.560315 -0.5492508 -0.6199764 -0.5603045 -0.5492544 -0.6199827 -0.560303 -0.4975849 -0.6621705 -0.5603286 -0.4975776 -0.6621544 -0.5603291 -0.4426849 -0.7000438 -0.5603117 -0.442689 -0.7000551 -0.5603113 -0.3849209 -0.7334079 -0.5603119 -0.3849208 -0.7334075 -0.5603114 -0.3246579 -0.7620029 -0.5603269 -0.3246558 -0.7619923 -0.560327 -0.2622886 -0.7856452 -0.5603094 -0.2622899 -0.7856573 -0.5603091 -0.1982176 -0.804216 -0.560352 -0.1982169 -0.8041864 -0.5603526 -0.1328653 -0.8175278 -0.5603123 -0.1328638 -0.8175557 -0.5606059 -0.09179949 -0.8229787 -0.6789164 -0.3189269 -0.6613306 -0.8370199 -0.09972852 0.5380073 -0.8368576 -0.1310053 0.5315139 -0.836857 -0.1310057 0.5315148 -0.836856 -0.1310055 0.5315162 -0.836856 -0.1733515 0.5192506 -0.836856 0.1733523 0.5192503 -0.836856 0.1310055 0.5315162 -0.836857 0.1310057 0.5315148 -0.8368575 0.1310053 0.531514 -0.8368576 0.08781301 0.5403317 -0.8368543 0.2544021 0.4847211 -0.8368544 0.2145732 0.5036201 -0.836852 0.2145732 0.5036239 -0.8368524 0.214573 0.5036236 -0.8368523 0.1733534 0.5192561 -0.8368533 0.328863 0.4376364 -0.8368532 0.2925798 0.4626811 -0.836855 0.2925794 0.4626781 -0.8368536 0.292581 0.4626796 -0.8368536 0.2544024 0.4847221 -0.8368536 0.3948053 0.379216 -0.8368533 0.3630096 0.4097567 -0.8368558 0.3630087 0.4097524 -0.8368529 0.3630125 0.4097553 -0.8368526 0.3288635 0.4376373 -0.8368551 0.4505214 0.3109729 -0.8368551 0.4240376 0.3462162 -0.8368556 0.4240373 0.3462153 -0.836856 0.4240368 0.346215 -0.836856 0.3948031 0.379213 -0.8368543 0.4945719 0.2346773 -0.8368543 0.4740851 0.2737115 -0.8368536 0.4740856 0.2737132 -0.8368552 0.4740833 0.2737123 -0.8368552 0.4505211 0.3109726 -0.8368563 0.5258095 0.1523022 -0.8368564 0.5118487 0.1941194 -0.8368567 0.5118485 0.1941185 -0.8368543 0.5118519 0.1941192 -0.8368542 0.4945721 0.2346774 -0.1970014 0.01322197 0.9803141 -0.1969158 0.07889109 0.9772412 -0.1969169 0.07889127 0.9772409 -0.196917 0.1572688 0.9677242 -0.1969341 0.1572704 0.9677205 -0.1969341 0.2346301 0.9519273 -0.1969289 0.2346298 0.9519285 -0.196929 0.3104667 0.929962 -0.1969217 0.3104662 0.9299637 -0.1969217 0.3842921 0.9019653 -0.196928 0.3842924 0.9019638 -0.1969278 0.4556213 0.8681179 -0.1969335 0.4556214 0.8681166 -0.1969334 0.5240001 0.8286381 -0.1969338 0.5240001 0.828638 -0.1969338 0.5889775 0.7837874 -0.1969252 0.5889777 0.7837893 -0.1969256 0.6501386 0.7338529 -0.1969153 0.650139 0.7338553 -0.1969164 0.7070805 0.679162 -0.196938 0.7070793 0.6791571 -0.196937 0.759436 0.6200588 -0.1969159 0.7594376 0.6200635 -0.1969174 0.8068698 0.5569422 -0.1969264 0.806869 0.5569402 -0.1969266 0.8490669 0.4902094 -0.1969214 0.8490675 0.4902106 -0.1969219 0.8857603 0.4202979 -0.1969163 0.8857612 0.4202991 -0.1969169 0.9167087 0.3476621 -0.1969239 0.9167076 0.3476607 -0.1969246 0.9417099 0.2727694 -0.196923 0.9417101 0.2727697 -0.1969233 0.9606054 0.1961085 -0.1969215 0.9606057 0.1961088 -0.1969215 0.9732708 0.1181768 -0.1969217 0.9732708 0.1181768 -0.196922 0.979624 0.03947836 -0.1969324 0.979622 0.03947693 -0.1969324 0.9796219 -0.03947824 -0.196922 0.979624 -0.03947699 -0.1969217 0.9732708 -0.1181768 -0.1969214 0.9732708 -0.1181768 -0.1969215 0.9606056 -0.1961091 -0.1969233 0.9606053 -0.1961093 -0.196923 0.9417104 -0.2727687 -0.196931 0.9417086 -0.2727692 -0.196932 0.9167059 -0.347661 -0.1969249 0.9167075 -0.3476607 -0.196926 0.8857596 -0.4202975 -0.1969219 0.8857607 -0.4202975 -0.1969214 0.8490678 -0.4902099 -0.1969267 0.8490666 -0.49021 -0.1969264 0.8068684 -0.5569412 -0.1969174 0.8068705 -0.5569412 -0.1969159 0.7594392 -0.6200614 -0.196937 0.7594343 -0.6200609 -0.196938 0.7070788 -0.6791576 -0.196932 0.7070801 -0.6791579 -0.1969323 0.6501362 -0.7338533 -0.1969426 0.6501338 -0.7338526 -0.1969434 0.5889745 -0.7837871 -0.1969156 0.5889807 -0.7837895 -0.1969147 0.5240042 -0.82864 -0.1969334 0.5240002 -0.8286381 -0.1969335 0.4556208 -0.8681169 -0.1969278 0.4556219 -0.8681175 -0.196928 0.3842892 -0.9019652 -0.1969007 0.3842945 -0.9019688 -0.1969001 0.3104711 -0.9299667 -0.196929 0.3104658 -0.9299623 -0.1969289 0.2346304 -0.9519284 -0.196912 0.2346333 -0.9519311 -0.1969117 0.157269 -0.9677253 -0.196917 0.1572682 -0.9677243 -0.1969169 0.07889109 -0.9772409 -0.1969158 0.07889127 -0.9772412 -0.1969158 0 -0.9804204 -0.1969158 0 -0.9804204 -0.1969158 -0.07889109 -0.9772412 -0.1969169 -0.07889127 -0.9772409 -0.196917 -0.1572688 -0.9677242 -0.1969117 -0.1572684 -0.9677254 -0.196912 -0.2346312 -0.9519317 -0.1969289 -0.2346324 -0.9519278 -0.1969289 -0.3104692 -0.9299612 -0.1969001 -0.3104676 -0.9299678 -0.1969007 -0.3842914 -0.9019702 -0.196928 -0.3842924 -0.9019638 -0.1969278 -0.4556213 -0.8681179 -0.1969335 -0.4556214 -0.8681166 -0.1969333 -0.5240022 -0.8286368 -0.1969147 -0.5240022 -0.8286413 -0.1969156 -0.5889779 -0.7837916 -0.1969434 -0.5889773 -0.7837851 -0.1969426 -0.6501348 -0.7338518 -0.1969323 -0.6501351 -0.7338542 -0.196932 -0.7070797 -0.6791585 -0.196938 -0.7070793 -0.6791571 -0.196937 -0.759436 -0.6200588 -0.1969159 -0.7594376 -0.6200635 -0.1969174 -0.8068698 -0.5569422 -0.1969264 -0.806869 -0.5569402 -0.1969266 -0.8490669 -0.4902094 -0.1969214 -0.8490675 -0.4902106 -0.1969219 -0.8857603 -0.4202979 -0.196926 -0.8857598 -0.4202971 -0.1969249 -0.9167072 -0.3476615 -0.196932 -0.9167062 -0.3476602 -0.196931 -0.9417089 -0.2727683 -0.196923 -0.9417101 -0.2727697 -0.1969233 -0.9606053 -0.1961091 -0.1969215 -0.9606056 -0.1961094 -0.1969215 -0.9732708 -0.1181768 -0.1969217 -0.9732708 -0.1181768 -0.196922 -0.979624 -0.03947836 -0.1969324 -0.979622 -0.03947693 -0.1969324 -0.9796219 0.03947824 -0.196922 -0.979624 0.03947699 -0.1969217 -0.9732708 0.1181768 -0.1969214 -0.9732708 0.1181768 -0.1969215 -0.9606058 0.1961086 -0.1969233 -0.9606054 0.1961088 -0.196923 -0.9417102 0.2727695 -0.1969246 -0.9417099 0.2727696 -0.1969239 -0.9167074 0.3476616 -0.1969169 -0.916709 0.3476613 -0.1969163 -0.8857614 0.4202983 -0.196922 -0.8857601 0.4202985 -0.1969214 -0.8490678 0.4902099 -0.1969267 -0.8490666 0.49021 -0.1969264 -0.8068684 0.5569412 -0.1969174 -0.8068705 0.5569412 -0.1969159 -0.7594392 0.6200614 -0.196937 -0.7594343 0.6200609 -0.196938 -0.7070773 0.6791591 -0.1969164 -0.7070824 0.6791601 -0.1969153 -0.65014 0.7338545 -0.1969256 -0.6501377 0.7338538 -0.1969252 -0.5889785 0.7837888 -0.1969338 -0.5889767 0.783788 -0.1969339 -0.5240001 0.8286381 -0.1969334 -0.5240002 0.8286381 -0.1969335 -0.4556208 0.8681169 -0.1969278 -0.4556219 0.8681175 -0.196928 -0.3842916 0.9019641 -0.1969217 -0.3842929 0.901965 -0.1969217 -0.3104671 0.9299635 -0.196929 -0.3104658 0.9299623 -0.1969289 -0.2346304 0.9519284 -0.1969341 -0.2346295 0.9519276 -0.1969341 -0.1572683 0.9677208 -0.196917 -0.157271 0.9677239 -0.1969169 -0.07889109 0.9772409 -0.1969158 -0.07889127 0.9772412 -0.1970522 -0.02626734 0.9800411 -0.265311 0 0.964163 -0.5605319 0.1442909 -0.8154656 -0.5603521 0.1982107 -0.8041878 -0.5603092 0.1982238 -0.8042144 -0.5603093 0.2622923 -0.7856565 -0.5603269 0.2622861 -0.785646 -0.5603269 0.3246537 -0.7619932 -0.5603115 0.32466 -0.7620019 -0.5603119 0.3849207 -0.7334076 -0.5603113 0.384921 -0.7334079 -0.5603117 0.4426912 -0.7000538 -0.560329 0.4426828 -0.7000452 -0.5603287 0.4975745 -0.6621566 -0.560303 0.497588 -0.6621682 -0.5603044 0.5492556 -0.6199818 -0.5603149 0.5492496 -0.6199775 -0.5603151 0.5973582 -0.5737684 -0.5603171 0.597357 -0.5737677 -0.5603173 0.6415876 -0.5238415 -0.5603187 0.6415867 -0.523841 -0.5603188 0.6816599 -0.4705131 -0.5603279 0.6816541 -0.4705108 -0.5603275 0.717304 -0.4141353 -0.5603354 0.7172988 -0.4141337 -0.5603342 0.7482973 -0.3550728 -0.5603203 0.7483068 -0.355075 -0.5603209 0.7744516 -0.2937098 -0.5603232 0.7744498 -0.2937096 -0.560323 0.7955724 -0.2304404 -0.5603221 0.7955729 -0.2304404 -0.5603227 0.8115354 -0.1656768 -0.56032 0.8115373 -0.1656768 -0.5603201 0.8222372 -0.09983688 -0.5603268 0.8222326 -0.09983736 -0.5603272 0.8275996 -0.03335177 -0.5603202 0.8276044 -0.03335088 -0.5603201 0.8276043 0.03335195 -0.5603272 0.8275997 0.0333507 -0.5603268 0.8222327 0.09983634 -0.5603201 0.822237 0.09983789 -0.5603199 0.8115372 0.1656772 -0.5603259 0.8115334 0.1656755 -0.5603266 0.7955701 0.2304391 -0.5603229 0.7955724 0.2304403 -0.5603233 0.7744497 0.2937101 -0.5603266 0.7744477 0.2937088 -0.5603272 0.7483021 0.3550739 -0.5603271 0.7483021 0.3550739 -0.5603273 0.7173041 0.4141353 -0.5603194 0.7173081 0.414139 -0.5603186 0.6816585 0.4705155 -0.560328 0.681654 0.4705107 -0.560329 0.6415824 0.5238353 -0.5603173 0.6415875 0.5238416 -0.560317 0.597356 0.5737687 -0.5603263 0.5973525 0.5737634 -0.5603271 0.5492454 0.6199702 -0.5603287 0.5492448 0.6199693 -0.560329 0.4975775 0.6621541 -0.5603156 0.4975813 0.6621626 -0.5603154 0.4426864 0.7000539 -0.5603255 0.4426841 0.7000473 -0.5603258 0.3849183 0.7333983 -0.5603119 0.3849208 0.7334075 -0.5603114 0.3246579 0.7620029 -0.5603269 0.3246558 0.7619923 -0.560327 0.2622886 0.7856452 -0.5603094 0.2622899 0.7856573 -0.5603091 0.19822 0.8042154 -0.5603206 0.1982197 0.8042076 -0.5603205 0.1328641 0.81755 -0.5603283 0.1328644 0.8175446 -0.5602806 0.06419622 0.8258114 -0.7347152 0.448638 0.5088395 -0.8368563 0.5363599 -0.1094974 -0.8368562 0.5434314 -0.0659846 -0.8368537 0.5434354 -0.06598448 -0.8368536 0.546983 -0.02204287 -0.8368543 0.5469818 -0.02204304 -0.8368543 0.5469818 0.02204287 -0.8368535 0.546983 0.02204304 -0.8368536 0.5434353 0.06598508 -0.8368563 0.5434315 0.06598401 -0.8368563 0.5363599 0.1094974 -0.8368558 0.5363602 0.1094992 -0.8368535 0.5363638 0.1094993 -0.8368533 0.5258137 0.1523041 0 -0.9967572 -0.08046716 0.1911131 -0.9807719 -0.03952461 0 -0.9927088 -0.120537 0 -0.9709419 -0.2393153 0.191112 -0.9617314 -0.196339 0 -0.9605184 -0.2782165 0 -0.9350161 -0.3546051 0.09697031 -0.9156438 -0.3901192 0 -0.9034507 -0.4286921 0 -0.8660252 -0.5000004 0.09697103 -0.8412067 -0.5319471 0 -0.8229839 -0.5680648 0 -0.7485113 -0.663122 0.1911159 -0.7603278 -0.620787 0 -0.7212028 -0.692724 0 -0.632444 -0.7746061 0.191118 -0.6508987 -0.7347141 0 -0.6007401 -0.7994443 0 -0.5344688 -0.8451883 0.09697788 -0.4976439 -0.861943 0 -0.4647215 -0.8854569 0 -0.354605 -0.9350162 0.191104 -0.3847407 -0.9030248 0 -0.3166704 -0.9485356 0 -0.2000254 -0.9797908 0.1911206 -0.2349053 -0.9530438 0 -0.1604096 -0.9870505 0 -0.08046662 -0.9967573 0.09697151 -0.04007619 -0.99448 0 0 -1 0 0.1205359 -0.992709 0.1911103 0.07898354 -0.9783856 0 0.1604096 -0.9870505 0 0.2393167 -0.9709416 0.09697306 0.276908 -0.9559907 0 0.3166704 -0.9485356 0 0.4286908 -0.9034513 0.1911146 0.3847399 -0.903023 0 0.4647215 -0.8854569 0 0.568065 -0.8229838 0.1910999 0.5246188 -0.8296119 0 0.6007401 -0.7994443 0 0.663122 -0.7485114 0.09697306 0.6894594 -0.7178035 0 0.7212028 -0.692724 0 0.7994431 -0.6007419 0.1911113 0.7603284 -0.6207875 0 0.8229839 -0.5680648 0 0.8660252 -0.5000004 0.09697246 0.8812829 -0.4625328 0 0.9034507 -0.4286921 0 0.9350161 -0.3546051 0.09697312 0.9440661 -0.3151752 0 0.9605184 -0.2782165 0 0.9797906 -0.2000258 0.09697109 0.9823984 -0.1596555 0 0.9927088 -0.120537 0 0.999189 -0.04026681 0.09697341 0.995287 0 0 0.999189 0.04026681 0 0.9870502 0.1604112 0.1911127 0.9744113 0.1183153 0 0.9797908 0.2000252 0 0.9485364 0.3166681 0.1911157 0.9428135 0.273089 0 0.9350161 0.3546051 0 0.9034507 0.4286921 0.09697246 0.8812829 0.4625328 0 0.8660252 0.5000004 0 0.8229839 0.5680648 0.09696996 0.7956755 0.5979108 0 0.7746057 0.6324445 0 0.7212014 0.6927255 0.09696805 0.6894598 0.717804 0 0.6631236 0.7485099 0 0.568065 0.8229838 0.1911113 0.5896694 0.784708 0 0.5344667 0.8451895 0 0.428692 0.9034507 0.1911086 0.4561561 0.869137 0 0.3919672 0.9199792 0 0.3166677 0.9485365 0.09696972 0.2769067 0.9559915 0 0.08046662 0.9967573 0.0969693 0.1199678 0.9880307 0 0.1604096 0.9870505 0 0.2393167 0.9709416 0 0.01348626 0.9999091 0.06469392 -0.02673655 0.9975469 0.09697151 -0.04007619 0.99448 0 -0.08046662 0.9967573 0 -0.2000254 0.9797908 0.1911208 -0.1574527 0.9688557 0 -0.2393167 0.9709416 0 -0.3166677 0.9485365 0.0969724 -0.3529338 0.9306095 0 -0.3919672 0.9199792 0 -0.4647215 0.8854569 0.09697484 -0.497643 0.8619439 0 -0.5344667 0.8451895 0 -0.6007419 0.799443 0.09697329 -0.6294651 0.7709539 0 -0.6631236 0.7485099 0 -0.7212014 0.6927255 0.09697455 -0.7449828 0.6599974 0 -0.7746057 0.6324445 0 -0.8451899 0.534466 0.1911136 -0.8078145 0.5575942 0 -0.8660252 0.5000004 0 -0.9034507 0.4286921 0.09697031 -0.9156438 0.3901192 0 -0.9350161 0.3546051 0 -0.9605182 0.2782173 0.09697169 -0.966366 0.2381874 0 -0.9797908 0.2000252 0 -0.9967572 0.08046716 0.1911129 -0.9744113 0.1183153 0 -0.999189 0.04026681 1 0 0 1 0 0 1 0 0 1 0 0 1 0 0 1 0 0 1 0 0 1 0 0 1 0 0 1 0 0 1 0 0 1 0 0 1 0 0 1 0 0 1 0 0 1 0 0 1 0 0 1 0 0 1 0 0 1 0 0 1 0 0 1 0 0 1 0 0 1 0 0 1 0 0 1 0 0 1 0 0 1 0 0 1 0 0 1 0 0 1 0 0 1 0 0 1 0 0 1 0 0 1 0 0 1 0 0 1 0 0 1 0 0 1 0 0 0.373494 0.373494 0.8491198 0.5102025 0.1367081 0.8491197 -0.3734942 0.3734942 0.8491197 -0.1367083 0.5102025 0.8491197 0.1367081 0.5102025 0.8491197 -0.3734943 -0.3734943 0.8491196 -0.5102027 -0.1367083 0.8491196 -0.5102027 0.1367081 0.8491196 0.3734942 -0.3734942 0.8491197 0.1367081 -0.5102027 0.8491196 -0.1367083 -0.5102027 0.8491196 0.5102025 -0.1367083 0.8491197 0.3734943 0.3734943 0.8491196 0.5102027 0.1367083 0.8491196 -0.3734942 0.3734942 0.8491197 -0.1367081 0.5102027 0.8491196 0.1367083 0.5102027 0.8491196 -0.373494 -0.373494 0.8491198 -0.5102025 -0.1367081 0.8491197 -0.5102025 0.1367083 0.8491197 0.3734942 -0.3734942 0.8491197 0.1367083 -0.5102025 0.8491197 -0.1367081 -0.5102025 0.8491197 0.5102027 -0.1367081 0.8491196 0.3734943 0.3734943 0.8491196 0.5102026 0.1367086 0.8491196 -0.3734942 0.3734942 0.8491197 -0.1367083 0.5102026 0.8491196 0.1367084 0.5102026 0.8491197 -0.3734942 -0.3734942 0.8491197 -0.5102027 -0.1367079 0.8491197 -0.5102027 0.1367079 0.8491197 0.3734943 -0.3734943 0.8491196 0.1367084 -0.5102026 0.8491197 -0.1367083 -0.5102026 0.8491196 0.5102026 -0.1367086 0.8491196 0.3734942 0.3734942 0.8491197 0.5102026 0.1367083 0.8491196 -0.3734942 0.3734942 0.8491197 -0.1367079 0.5102027 0.8491197 0.1367079 0.5102027 0.8491197 -0.3734943 -0.3734943 0.8491196 -0.5102026 -0.1367084 0.8491197 -0.5102026 0.1367083 0.8491196 0.3734943 -0.3734943 0.8491196 0.1367086 -0.5102026 0.8491196 -0.1367086 -0.5102026 0.8491196 0.5102026 -0.1367084 0.8491197 0.3734942 0.3734942 0.8491197 0.5102027 0.1367079 0.8491197 -0.3734943 0.3734943 0.8491196 -0.1367084 0.5102026 0.8491197 0.1367083 0.5102026 0.8491196 -0.3734943 -0.3734943 0.8491196 -0.5102026 -0.1367086 0.8491196 -0.5102026 0.1367086 0.8491196 0.3734942 -0.3734942 0.8491197 0.1367083 -0.5102026 0.8491196 -0.1367084 -0.5102026 0.8491197 0.5102027 -0.1367079 0.8491197 0.3734943 0.3734943 0.8491196 0.5102026 0.1367084 0.8491197 -0.3734943 0.3734943 0.8491196 -0.1367086 0.5102026 0.8491196 0.1367086 0.5102026 0.8491196 -0.3734942 -0.3734942 0.8491197 -0.5102026 -0.1367083 0.8491196 -0.5102026 0.1367084 0.8491197 0.3734942 -0.3734942 0.8491197 0.1367079 -0.5102027 0.8491197 -0.1367079 -0.5102027 0.8491197 0.5102026 -0.1367083 0.8491196 0 0 1 0 0 1 0 0 1 0 0 1 0 0 1 0 0 1 0 0 1 0 0 1 0 0 1 0 0 1 0 0 1 0 0 1 0 0 1 0 0 1 0 0 1 0 0 1 0 0 1 0 0 1 0 0 1 0 0 1 0 0 1 0 0 1 0.9659259 0.2588186 0 0.9659259 0.2588186 0 0.7071068 0.7071068 0 0.7071068 0.7071068 0 0.2588186 0.9659259 0 0.2588186 0.9659259 0 -0.2588189 0.9659258 0 -0.2588189 0.9659258 0 -0.7071068 0.7071068 0 -0.7071068 0.7071068 0 -0.9659259 0.2588186 0 -0.9659259 0.2588186 0 -0.9659258 -0.2588189 0 -0.9659258 -0.2588189 0 -0.7071068 -0.7071068 0 -0.7071068 -0.7071068 0 -0.2588189 -0.9659258 0 -0.2588189 -0.9659258 0 0.2588186 -0.9659259 0 0.2588186 -0.9659259 0 0.7071068 -0.7071068 0 0.7071068 -0.7071068 0 0.9659258 -0.2588189 0 0.9659258 -0.2588189 0 0.9659258 0.2588189 0 0.9659258 0.2588189 0 0.7071068 0.7071068 0 0.7071068 0.7071068 0 0.2588189 0.9659258 0 0.2588189 0.9659258 0 -0.2588186 0.9659259 0 -0.2588186 0.9659259 0 -0.7071068 0.7071068 0 -0.7071068 0.7071068 0 -0.9659258 0.2588189 0 -0.9659258 0.2588189 0 -0.9659259 -0.2588186 0 -0.9659259 -0.2588186 0 -0.7071068 -0.7071068 0 -0.7071068 -0.7071068 0 -0.2588186 -0.9659259 0 -0.2588186 -0.9659259 0 0.2588189 -0.9659258 0 0.2588189 -0.9659258 0 0.7071068 -0.7071068 0 0.7071068 -0.7071068 0 0.9659259 -0.2588186 0 0.9659259 -0.2588186 0 0.9659258 0.2588195 0 0.9659258 0.2588195 0 0.7071068 0.7071068 0 0.7071068 0.7071068 0 0.2588192 0.9659258 0 0.2588192 0.9659258 0 -0.2588189 0.9659258 0 -0.2588189 0.9659258 0 -0.7071068 0.7071068 0 -0.7071068 0.7071068 0 -0.9659261 0.2588182 0 -0.9659261 0.2588182 0 -0.9659261 -0.2588182 0 -0.9659261 -0.2588182 0 -0.7071068 -0.7071068 0 -0.7071068 -0.7071068 0 -0.2588189 -0.9659258 0 -0.2588189 -0.9659258 0 0.2588192 -0.9659258 0 0.2588192 -0.9659258 0 0.7071068 -0.7071068 0 0.7071068 -0.7071068 0 0.9659258 -0.2588195 0 0.9659258 -0.2588195 0 0.9659258 0.2588189 0 0.9659258 0.2588189 0 0.7071068 0.7071068 0 0.7071068 0.7071068 0 0.2588182 0.9659261 0 0.2588182 0.9659261 0 -0.2588182 0.9659261 0 -0.2588182 0.9659261 0 -0.7071068 0.7071068 0 -0.7071068 0.7071068 0 -0.9659258 0.2588189 0 -0.9659258 0.2588189 0 -0.9659258 -0.2588192 0 -0.9659258 -0.2588192 0 -0.7071068 -0.7071068 0 -0.7071068 -0.7071068 0 -0.2588195 -0.9659258 0 -0.2588195 -0.9659258 0 0.2588195 -0.9659258 0 0.2588195 -0.9659258 0 0.7071068 -0.7071068 0 0.7071068 -0.7071068 0 0.9659258 -0.2588192 0 0.9659258 -0.2588192 0 0.9659261 0.2588182 0 0.9659261 0.2588182 0 0.7071068 0.7071068 0 0.7071068 0.7071068 0 0.2588189 0.9659258 0 0.2588189 0.9659258 0 -0.2588192 0.9659258 0 -0.2588192 0.9659258 0 -0.7071068 0.7071068 0 -0.7071068 0.7071068 0 -0.9659258 0.2588195 0 -0.9659258 0.2588195 0 -0.9659258 -0.2588195 0 -0.9659258 -0.2588195 0 -0.7071068 -0.7071068 0 -0.7071068 -0.7071068 0 -0.2588192 -0.9659258 0 -0.2588192 -0.9659258 0 0.2588189 -0.9659258 0 0.2588189 -0.9659258 0 0.7071068 -0.7071068 0 0.7071068 -0.7071068 0 0.9659261 -0.2588182 0 0.9659261 -0.2588182 0 0.9659258 0.2588192 0 0.9659258 0.2588192 0 0.7071068 0.7071068 0 0.7071068 0.7071068 0 0.2588195 0.9659258 0 0.2588195 0.9659258 0 -0.2588195 0.9659258 0 -0.2588195 0.9659258 0 -0.7071068 0.7071068 0 -0.7071068 0.7071068 0 -0.9659258 0.2588192 0 -0.9659258 0.2588192 0 -0.9659258 -0.2588189 0 -0.9659258 -0.2588189 0 -0.7071068 -0.7071068 0 -0.7071068 -0.7071068 0 -0.2588182 -0.9659261 0 -0.2588182 -0.9659261 0 0.2588182 -0.9659261 0 0.2588182 -0.9659261 0 0.7071068 -0.7071068 0 0.7071068 -0.7071068 0 0.9659258 -0.2588189 0 0.9659258 -0.2588189 0 0.9898089 0.142313 0.005024492 0.9172006 0.3983968 -0.004797518 0.9172008 0.3983965 -0.004797518 0.9095901 0.415396 0.0095945 0.7756788 0.6310617 -0.009139895 0.7756788 0.6310616 -0.009139895 0.7556786 0.6547991 0.01370882 0.5766317 0.8169003 -0.01302683 0.5766314 0.8169006 -0.01302683 0.5405592 0.8411267 0.01736718 0.334834 0.9421333 -0.01645725 0.3348343 0.9421333 -0.01645725 0.281673 0.95929 0.02056884 0.06822878 0.9974805 -0.01943105 0.06822985 0.9974804 -0.01943105 0 0.9997282 0.02331358 -0.2034077 0.9788481 -0.02194756 -0.2034069 0.9788482 -0.02194756 -0.2816404 0.9591785 0.02560102 -0.4599324 0.8876293 -0.02400666 -0.4599325 0.8876293 -0.02400666 -0.5404373 0.840937 0.02743113 -0.6823293 0.7305963 -0.02560847 -0.6823293 0.7305963 -0.02560847 -0.7554361 0.6545889 0.02880388 -0.8541136 0.5193979 -0.02675253 -0.8541136 0.519398 -0.02675253 -0.9092301 0.4152316 0.02971899 -0.9625548 0.2696952 -0.02743917 -0.9625547 0.2696954 -0.02743917 -0.9893707 0.14225 0.03017657 -0.9996172 0 -0.02766793 -0.9996172 0 -0.02766793 -0.9893707 -0.14225 0.03017657 -0.9625547 -0.2696954 -0.02743917 -0.9625548 -0.2696952 -0.02743917 -0.9092301 -0.4152316 0.02971899 -0.8541136 -0.519398 -0.02675253 -0.8541136 -0.5193979 -0.02675253 -0.7554361 -0.6545889 0.02880388 -0.6823293 -0.7305963 -0.02560847 -0.6823293 -0.7305963 -0.02560847 -0.5404373 -0.840937 0.02743113 -0.4599325 -0.8876293 -0.02400666 -0.4599324 -0.8876293 -0.02400666 -0.2816404 -0.9591785 0.02560102 -0.2034069 -0.9788482 -0.02194756 -0.2034077 -0.9788481 -0.02194756 0 -0.9997282 0.02331358 0.06822985 -0.9974804 -0.01943105 0.06822878 -0.9974805 -0.01943105 0.281673 -0.95929 0.02056884 0.3348343 -0.9421333 -0.01645725 0.334834 -0.9421333 -0.01645725 0.5405592 -0.8411267 0.01736718 0.5766314 -0.8169006 -0.01302683 0.5766317 -0.8169003 -0.01302683 0.7556786 -0.6547991 0.01370882 0.7756788 -0.6310616 -0.009139895 0.7756788 -0.6310617 -0.009139895 0.9095901 -0.415396 0.0095945 0.9172008 -0.3983965 -0.004797518 0.9172006 -0.3983968 -0.004797518 0.9898089 -0.142313 0.005024492 0.9906859 -0.1361666 0 0.9906859 0.1361666 0 0.5085896 0.5085896 0.6947469 0.5085896 0.5085896 0.6947469 0.1861565 0.6947466 0.6947468 0.1861565 0.694746 0.6947473 -0.1861565 0.694746 0.6947473 -0.1861568 0.6947464 0.6947468 -0.5085896 0.5085896 0.6947469 -0.5085896 0.5085896 0.6947469 -0.6947466 0.1861565 0.6947468 -0.694746 0.1861565 0.6947473 -0.694746 -0.1861565 0.6947473 -0.6947464 -0.1861568 0.6947468 -0.5085896 -0.5085896 0.6947469 -0.5085896 -0.5085896 0.6947469 -0.1861566 -0.6947464 0.6947467 -0.1861566 -0.6947459 0.6947473 0.1861563 -0.694746 0.6947473 0.1861566 -0.6947464 0.6947468 0.5085896 -0.5085896 0.6947469 0.5085896 -0.5085896 0.6947469 0.6947464 -0.1861566 0.6947467 0.6947459 -0.1861566 0.6947473 0.694746 0.1861563 0.6947473 0.6947464 0.1861566 0.6947468 0.5085896 0.5085896 0.6947469 0.5085896 0.5085896 0.6947469 0.1861566 0.6947464 0.6947467 0.1861566 0.6947459 0.6947473 -0.1861563 0.694746 0.6947473 -0.1861566 0.6947464 0.6947468 -0.5085896 0.5085896 0.6947469 -0.5085896 0.5085896 0.6947469 -0.6947464 0.1861566 0.6947467 -0.6947459 0.1861566 0.6947473 -0.694746 -0.1861563 0.6947473 -0.6947464 -0.1861566 0.6947468 -0.5085896 -0.5085896 0.6947469 -0.5085896 -0.5085896 0.6947469 -0.1861565 -0.6947466 0.6947468 -0.1861565 -0.694746 0.6947473 0.1861565 -0.694746 0.6947473 0.1861568 -0.6947464 0.6947468 0.5085896 -0.5085896 0.6947469 0.5085896 -0.5085896 0.6947469 0.6947466 -0.1861565 0.6947468 0.694746 -0.1861565 0.6947473 0.694746 0.1861565 0.6947473 0.6947464 0.1861568 0.6947468 0.5085898 0.5085898 0.6947467 0.5085898 0.5085896 0.6947468 0.1861569 0.6947466 0.6947467 0.1861568 0.6947466 0.6947467 -0.1861566 0.6947466 0.6947467 -0.1861569 0.6947467 0.6947464 -0.5085901 0.5085901 0.6947461 -0.5085895 0.5085901 0.6947466 -0.6947467 0.1861561 0.6947466 -0.694746 0.1861566 0.6947473 -0.694746 -0.1861559 0.6947474 -0.6947465 -0.1861568 0.6947467 -0.5085898 -0.5085898 0.6947467 -0.5085898 -0.5085904 0.6947463 -0.1861566 -0.6947468 0.6947464 -0.1861568 -0.6947466 0.6947467 0.1861569 -0.6947466 0.6947466 0.1861568 -0.6947466 0.6947467 0.5085897 -0.5085896 0.6947468 0.5085898 -0.5085896 0.6947467 0.6947464 -0.1861571 0.6947467 0.6947467 -0.1861568 0.6947464 0.6947467 0.1861571 0.6947464 0.6947465 0.1861568 0.6947467 0.5085901 0.5085901 0.6947461 0.5085901 0.5085895 0.6947466 0.1861561 0.6947467 0.6947466 0.1861566 0.694746 0.6947473 -0.1861559 0.694746 0.6947474 -0.1861568 0.6947465 0.6947467 -0.5085898 0.5085898 0.6947467 -0.5085904 0.5085898 0.6947463 -0.6947468 0.1861566 0.6947464 -0.6947466 0.1861568 0.6947467 -0.6947466 -0.1861569 0.6947466 -0.6947466 -0.1861568 0.6947467 -0.5085896 -0.5085897 0.6947468 -0.5085896 -0.5085898 0.6947467 -0.1861571 -0.6947464 0.6947467 -0.1861568 -0.6947467 0.6947464 0.1861571 -0.6947467 0.6947464 0.1861568 -0.6947465 0.6947467 0.5085898 -0.5085898 0.6947467 0.5085896 -0.5085898 0.6947468 0.6947466 -0.1861569 0.6947467 0.6947466 -0.1861568 0.6947467 0.6947466 0.1861566 0.6947467 0.6947467 0.1861569 0.6947464 0.5085898 0.5085898 0.6947467 0.5085898 0.5085904 0.6947463 0.1861566 0.6947468 0.6947464 0.1861568 0.6947466 0.6947467 -0.1861569 0.6947466 0.6947466 -0.1861568 0.6947466 0.6947467 -0.5085897 0.5085896 0.6947468 -0.5085898 0.5085896 0.6947467 -0.6947464 0.1861571 0.6947467 -0.6947467 0.1861568 0.6947464 -0.6947467 -0.1861571 0.6947464 -0.6947465 -0.1861568 0.6947467 -0.5085898 -0.5085898 0.6947467 -0.5085898 -0.5085896 0.6947468 -0.1861569 -0.6947466 0.6947467 -0.1861568 -0.6947466 0.6947467 0.1861566 -0.6947466 0.6947467 0.1861569 -0.6947467 0.6947464 0.5085901 -0.5085901 0.6947461 0.5085895 -0.5085901 0.6947466 0.6947467 -0.1861561 0.6947466 0.694746 -0.1861566 0.6947473 0.694746 0.1861559 0.6947474 0.6947465 0.1861568 0.6947467 0.5085896 0.5085897 0.6947468 0.5085896 0.5085898 0.6947467 0.1861571 0.6947464 0.6947467 0.1861568 0.6947467 0.6947464 -0.1861571 0.6947467 0.6947464 -0.1861568 0.6947465 0.6947467 -0.5085898 0.5085898 0.6947467 -0.5085896 0.5085898 0.6947468 -0.6947466 0.1861569 0.6947467 -0.6947466 0.1861568 0.6947467 -0.6947466 -0.1861566 0.6947467 -0.6947467 -0.1861569 0.6947464 -0.5085901 -0.5085901 0.6947461 -0.5085901 -0.5085895 0.6947466 -0.1861561 -0.6947467 0.6947466 -0.1861566 -0.694746 0.6947473 0.1861559 -0.694746 0.6947474 0.1861568 -0.6947465 0.6947467 0.5085898 -0.5085898 0.6947467 0.5085904 -0.5085898 0.6947463 0.6947468 -0.1861566 0.6947464 0.6947466 -0.1861568 0.6947467 0.6947466 0.1861569 0.6947466 0.6947466 0.1861568 0.6947467 0.6515939 -0.2830271 0.7037906 0.6515937 -0.2830271 0.7037907 0.5510707 -0.4483301 0.7037907 0.551071 -0.4483297 0.7037906 0.5510711 -0.4483296 0.7037907 0.5510711 -0.4483296 0.7037907 0.4096782 -0.5803813 0.7037907 0.4096781 -0.5803815 0.7037906 0.409678 -0.5803815 0.7037907 0.4096781 -0.5803814 0.7037908 0.2379007 -0.6693891 0.7037907 0.2379009 -0.669389 0.7037909 0.237901 -0.669389 0.7037908 0.04847937 -0.7087513 0.7037907 0.04847973 -0.708751 0.703791 0.04848015 -0.7087515 0.7037904 -0.1445372 -0.6955488 0.7037904 -0.1445367 -0.6955485 0.7037907 -0.1445366 -0.6955487 0.7037907 -0.3268336 -0.6307603 0.7037907 -0.3268335 -0.6307603 0.7037907 -0.3268336 -0.6307601 0.7037908 -0.3268337 -0.6307601 0.7037908 -0.4848907 -0.5191912 0.7037907 -0.4848908 -0.5191913 0.7037907 -0.4848909 -0.5191914 0.7037906 -0.6069859 -0.3691163 0.7037907 -0.6069858 -0.3691163 0.7037907 -0.6069859 -0.3691161 0.7037907 -0.606986 -0.3691163 0.7037906 -0.6840637 -0.1916656 0.7037906 -0.6840637 -0.1916655 0.7037906 -0.6840639 -0.1916658 0.7037903 -0.7104078 0 0.7037903 -0.7104077 0 0.7037903 -0.7104078 0 0.7037903 -0.6840639 0.1916657 0.7037903 -0.6840634 0.1916657 0.7037909 -0.6840637 0.1916656 0.7037906 -0.606986 0.3691162 0.7037906 -0.6069859 0.3691163 0.7037907 -0.6069858 0.3691164 0.7037907 -0.6069859 0.3691163 0.7037907 -0.4848909 0.5191913 0.7037906 -0.4848908 0.5191913 0.7037908 -0.4848907 0.5191912 0.7037907 -0.3268337 0.6307601 0.7037908 -0.3268334 0.6307601 0.7037909 -0.3268337 0.6307603 0.7037906 -0.3268336 0.6307603 0.7037907 -0.1445367 0.6955487 0.7037907 -0.1445366 0.6955486 0.7037907 -0.1445372 0.6955488 0.7037904 0.04847979 0.7087516 0.7037904 0.04848009 0.7087507 0.7037912 0.04847937 0.7087513 0.7037907 0.2379009 0.6693891 0.7037908 0.237901 0.6693889 0.7037909 0.2379007 0.6693891 0.7037907 0.4096781 0.5803816 0.7037906 0.409678 0.5803814 0.7037907 0.4096781 0.5803814 0.7037907 0.4096782 0.5803813 0.7037907 0.5510711 0.4483296 0.7037907 0.5510711 0.4483296 0.7037907 0.551071 0.4483297 0.7037906 0.5510707 0.4483301 0.7037907 0.6515937 0.2830271 0.7037906 0.6515939 0.2830271 0.7037906 0.6515938 0.2830274 0.7037906 0.7037908 0.09673392 0.7037904 0.7037907 0.0967338 0.7037907 0.7037906 -0.09673392 0.7037907 0.7037909 -0.0967338 0.7037905 0.6515938 -0.2830274 0.7037906 0 0 1 0 0 1 0 0 1 0 0 1 0 0 1 0 0 1 0 0 1 0 0 1 0 0 1 0 0 1 0 0 1 0 0 1 0 0 1 0 0 1 0 0 1 0 0 1 0 0 1 0 0 1 0 0 1 0 0 1 0 0 1 0 0 1 0 0 1 0 0 1 0 0 1 0 0 1 0 0 1 0 0 1 0 0 1 0 0 1 0 0 1 0 0 1 0 0 1 0 0 1 0 0 1 0 0 1 0 0 1 0 0 1 0 0 1 0 0 1 0 0 1 0 0 1 0 0 1 0 0 1 0 0 1 0 0 1 0 0 1 0 0 1 0 0 1 0 0 1 0 0 1 0 0 1 0 0 1 0 0 1 0 0 1 0 0 1 0 0 1 0 0 1 0 0 1 0 0 1 0 0 1 0 0 1 0 0 1 0 0 1 0 0 1 0 0 1 0 0 1 0 0 1 0 0 1 0 0 1 0 0 1 0 0 1 0 0 1 0 0 1 0 0 1 0 0 1 0 0 1 0 0 1 0 0 1 0 0 1 0 0 1 0 0 1 0 0 1 0 0 1 0 0 1 0 0 1 0 0 1 0 0 1 0 0 1 0 0 1 0 0 1 0 0 1 0 0 1 0 0 1 0 0 1 0 0 1 0 0 1 0 0 1 0 0 1 0 0 1 0 0 1 0 0 1 0 0 1 0 0 1 0 0 1 0 0 1 0 0 1 0 0 1 0 0 1 0 0 1 0 0 1 0 0 1 0 0 1 0 0 1 0 0 1 0 0 1 0 0 1 0 0 1 0 0 1 0 0 1 0 0 1 0 0 1 0 0 1 0 0 1 0 0 1 0 0 1 0 0 1 0 0 1 0 0 1 0 0 1 0 0 1 0 0 1 0 0 1 0 0 1 0 0 1 0 0 1 0 0 1 0 0 1 0 0 1 0 0 1 0 0 1 0 0 1 0 0 1 0 0 1 0 0 1 0 0 1 0 0 1 0 0 1 0 0 1 0 0 1 0 0 1 0 0 1 0 0 1 0 0 1 0 0 1 0 0 1 0 0 1 0 0 1 0 0 1 0 0 1 0 0 1 0 0 1 0 0 1 0 0 1 0 0 1 0 0 1 0 0 1 0 0 1 0 0 1 0 0 1 0 0 1 0 0 1 0 0 1 0 0 1 0 0 1 0 0 1 0 0 1 0 0 1 0 0 1 0 0 1 0 0 1 0 0 1 0 0 1 0 0 1 0 0 1 0 0 1 0 0 1 0 0 1 0 0 1 0 0 1 0.6198444 -0.3440415 0.705286 -0.374995 -0.6016237 0.7052856 -0.3749949 0.6016235 0.7052858 0.6764119 0.212226 0.7052851 0.6764109 0.2122246 0.7052865 0.6764112 0.2122254 0.705286 0.6198443 0.3440415 0.7052861 0.6198444 0.3440415 0.705286 0.537901 0.4617727 0.7052862 0.5379013 0.4617734 0.7052854 0.5379018 0.4617732 0.7052851 0.5379003 0.4617742 0.7052857 0.4339362 0.5605993 0.7052856 0.4339361 0.5605992 0.7052859 0.3122056 0.6364744 0.7052858 0.3122054 0.6364743 0.705286 -0.246214 0.664794 0.7052854 -0.1073505 0.7007484 0.7052855 -0.1073506 0.7007479 0.7052859 0.03590619 0.7080131 0.7052859 0.03590625 0.7080132 0.7052859 0.1776935 0.6862922 0.7052859 0.1776934 0.686292 0.7052859 0.1776936 0.6862915 0.7052865 0.1776932 0.6862921 0.705286 -0.2462127 0.6647942 0.7052858 -0.2462128 0.6647943 0.7052856 -0.2462124 0.6647942 0.7052859 -0.4884246 0.5138226 0.7052856 -0.4884245 0.5138226 0.7052857 -0.3749949 0.6016237 0.7052856 -0.6514706 0.279568 0.7052857 -0.5818583 0.4049853 0.7052857 -0.5818583 0.4049852 0.7052857 -0.4884243 0.5138227 0.7052858 -0.4884243 0.5138186 0.7052889 -0.4884243 -0.5138227 0.7052858 -0.5818583 -0.4049853 0.7052858 -0.5818583 -0.4049853 0.7052856 -0.6514706 -0.2795679 0.7052856 -0.6514703 -0.2795678 0.705286 -0.6944109 -0.1427065 0.705286 -0.6944114 -0.142705 0.7052857 -0.6944116 -0.1427051 0.7052856 -0.7066528 -0.0358377 0.7066524 -0.6540754 0 0.7564294 -0.7066528 0.0358377 0.7066524 -0.6944116 0.1427051 0.7052856 -0.6944114 0.142705 0.7052857 -0.6944109 0.1427065 0.7052861 -0.6514703 0.2795678 0.705286 -0.4884245 -0.5138226 0.7052856 -0.4884246 -0.5138226 0.7052856 -0.4884243 -0.5138186 0.7052888 0.03590625 -0.7080131 0.7052859 -0.1073505 -0.7007479 0.7052859 -0.1073507 -0.7007483 0.7052854 -0.246213 -0.6647944 0.7052854 -0.2462127 -0.6647944 0.7052856 -0.2462127 -0.6647942 0.7052857 -0.3749948 -0.6016235 0.7052858 0.5379003 -0.4617742 0.7052857 0.4339362 -0.5605993 0.7052856 0.4339361 -0.5605992 0.7052859 0.3122056 -0.6364744 0.7052857 0.3122055 -0.6364742 0.705286 0.1776932 -0.6862921 0.705286 0.1776933 -0.6862919 0.7052861 0.1776936 -0.6862921 0.7052859 0.03590625 -0.7080131 0.7052859 0.5379008 -0.4617729 0.7052861 0.5379016 -0.4617733 0.7052852 0.5379018 -0.4617732 0.7052851 0.6764116 -0.2122256 0.7052856 0.676411 -0.2122257 0.7052861 0.6198444 -0.3440415 0.7052861 0.6764113 0.2122258 0.7052857 0.7052859 0.07172048 0.7052857 0.7052857 0.07172054 0.7052859 0.7052857 -0.07172048 0.7052859 0.7052859 -0.07172054 0.7052857 0.6764113 -0.2122258 0.7052857 0.6764109 -0.2122246 0.7052865 -0.9987164 0.05064964 0 -0.97953 0.2012983 0 -0.97953 0.2012983 0 -0.9189578 0.3943558 0 -0.9189578 0.3943558 0 -0.8207635 0.5712682 0 -0.8207635 0.5712682 0 -0.6889668 0.7247929 0 -0.6889668 0.7247929 0 -0.5289641 0.8486442 0 -0.5289641 0.8486442 0 -0.3473052 0.9377521 0 -0.3473052 0.9377521 0 -0.1514278 0.9884683 0 -0.1514278 0.9884683 0 0.05064898 0.9987165 0 0.05064898 0.9987165 0 0.2506526 0.9680771 0 0.2506526 0.9680771 0 0.4403942 0.8978046 0 0.4403942 0.8978046 0 0.6121061 0.7907757 0 0.6121061 0.7907757 0 0.758758 0.6513727 0 0.758758 0.6513727 0 0.8743467 0.4853018 0 0.8743467 0.4853018 0 0.9541392 0.2993633 0 0.9541392 0.2993633 0 0.9948694 0.1011683 0 0.9948694 0.1011683 0 0.9948694 -0.1011683 0 0.9948694 -0.1011683 0 0.9541392 -0.2993633 0 0.9541392 -0.2993633 0 0.8743467 -0.4853018 0 0.8743467 -0.4853018 0 0.758758 -0.6513727 0 0.758758 -0.6513727 0 0.6121061 -0.7907757 0 0.6121061 -0.7907757 0 0.4403942 -0.8978046 0 0.4403942 -0.8978046 0 0.2506526 -0.9680771 0 0.2506526 -0.9680771 0 0.05064898 -0.9987165 0 0.05064898 -0.9987165 0 -0.1514278 -0.9884683 0 -0.1514278 -0.9884683 0 -0.3473052 -0.9377521 0 -0.3473052 -0.9377521 0 -0.5289641 -0.8486442 0 -0.5289641 -0.8486442 0 -0.6889668 -0.7247929 0 -0.6889668 -0.7247929 0 -0.8207635 -0.5712682 0 -0.8207635 -0.5712682 0 -0.9189578 -0.3943558 0 -0.9189578 -0.3943558 0 -0.97953 -0.2012983 0 -0.97953 -0.2012983 0 -0.9987164 -0.05064964 0 -0.9995686 0 -0.02937239 0 0 1 0 0 1 0 0 1 0 0 1 0 0 1 0 0 1 0 0 1 0 0 1 0 0 1 0 0 1 0 0 1 0 0 1 0 0 1 0 0 1 0 0 1 0 0 1 0 0 1 0 0 1 0 0 1 0 0 1 0 0 1 0 0 1 0 0 1 0 0 1 0 0 1 0 0 1 0 0 1 0 0 1 0 0 1 0 0 1 0 0 1 0 0 1 0 0 1 0 0 1 0 0 1 0 0 1 0 0 1 0 0 1 0 0 1 0 0 1 0 0 1 0 0 1 0 0 1 0 0 1 0 0 1 0 0 1 0 0 1 0 0 1 0 0 1 0 0 1 0 0 1 0 0 1 0 0 1 0 0 1 0 0 1 0 0 1 0 0 1 0 0 1 0 0 1 0 0 1 0 0 1 0 0 1 0 0 1 0 0 1 0 0 1 0 0 1 0 0 1 0 0 1 0 0 -1 0 0 -1 0 0 -1 0 0 -1 0 0 -1 0 0 -1 0 0 -1 0 0 -1 0 0 -1 0 0 -1 0 0 -1 0 0 -1 0 0 -1 0 0 -1 0 0 -1 0 0 -1 0 0 -1 0 0 -1 0 0 -1 0 0 -1 0 0 -1 0 0 -1 0 0 -1 0 0 -1 0 0 -1 0 0 -1 0 0 -1 0 0 -1 0 0 -1 0 0 -1 0 0 -1 0 0 -1 0 0 -1 0 0 -1 0 0 -1 0 0 -1 0 0 -1 0.06007462 -0.7058293 0.70583 0.06007522 -0.70583 0.7058293 0.1784965 -0.6855246 0.7058293 0.1784968 -0.6855244 0.7058294 0.1784963 -0.685524 0.7058299 0.2917838 -0.645497 0.7058299 0.2917831 -0.6454977 0.7058296 0.2917838 -0.645498 0.705829 0.3966759 -0.5869017 0.705829 0.3966761 -0.5869013 0.7058293 0.3966756 -0.5869011 0.7058297 0.4901569 -0.5114202 0.7058297 0.4901568 -0.5114204 0.7058296 0.4901569 -0.5114204 0.7058295 0.5695363 -0.421228 0.7058296 0.5695366 -0.4212269 0.7058299 0.5695365 -0.4212269 0.70583 0.6325322 -0.3189152 0.7058301 0.6325321 -0.3189162 0.7058297 0.6325321 -0.3189162 0.7058298 0.6773311 -0.2074294 0.7058298 0.6773312 -0.2074303 0.7058295 0.6773309 -0.2074303 0.7058296 0.7026439 -0.08997774 0.7058297 0.7026438 -0.08997714 0.7058299 0.7026443 -0.0899769 0.7058295 0.7077435 0.03006416 0.7058295 0.7077434 0.03006446 0.7058297 0.7077437 0.03006476 0.7058292 0.6924825 0.1492413 0.7058293 0.6924825 0.1492414 0.7058293 0.6924823 0.1492412 0.7058296 0.6572995 0.2641252 0.7058296 0.6572998 0.2641248 0.7058293 0.6572997 0.2641245 0.7058296 0.6032076 0.3714098 0.7058295 0.6032075 0.3714098 0.7058296 0.6032074 0.3714095 0.7058299 0.5317624 0.4680095 0.7058299 0.5317624 0.4680096 0.7058299 0.5317624 0.4680096 0.7058298 0.445019 0.5511465 0.7058297 0.4450196 0.5511463 0.7058296 0.4450196 0.5511465 0.7058293 0.3454741 0.6184276 0.7058293 0.3454741 0.6184276 0.7058293 0.3454743 0.6184267 0.7058301 0.2359898 0.6679167 0.7058302 0.2359901 0.6679167 0.7058301 0.2359899 0.6679169 0.7058298 0.1197169 0.698192 0.7058297 0.119717 0.6981921 0.7058298 0.119717 0.6981922 0.7058297 0 0.7083815 0.7058297 0 0.7083815 0.7058297 0 0.7083816 0.7058297 -0.1197169 0.6981921 0.7058297 -0.119717 0.6981921 0.7058297 -0.119717 0.698192 0.7058299 -0.2359899 0.6679169 0.7058298 -0.2359901 0.6679168 0.7058299 -0.2359899 0.6679167 0.7058302 -0.3454737 0.6184269 0.70583 -0.3454738 0.6184269 0.7058301 -0.3454746 0.6184273 0.7058294 -0.4450195 0.5511465 0.7058293 -0.4450196 0.5511463 0.7058295 -0.4450193 0.5511463 0.7058298 -0.5317624 0.4680097 0.7058298 -0.5317625 0.4680095 0.7058298 -0.5317624 0.4680096 0.7058299 -0.6032074 0.3714096 0.7058299 -0.6032073 0.3714097 0.7058297 -0.6032077 0.3714097 0.7058296 -0.6572998 0.2641242 0.7058295 -0.6572998 0.2641248 0.7058293 -0.6572996 0.2641249 0.7058295 -0.6924822 0.1492413 0.7058296 -0.6924822 0.1492413 0.7058296 -0.6924825 0.1492412 0.7058292 -0.7063894 0.04504501 0.7063887 -0.7008487 0.02977162 0.7126884 -0.6805127 0.0433939 0.7314502 -0.7070273 -0.01500982 0.707027 -0.7026442 -0.08997637 0.7058295 -0.7026438 -0.0899772 0.7058299 -0.702644 -0.08997738 0.7058296 -0.6773312 -0.2074294 0.7058297 -0.6773306 -0.2074301 0.70583 -0.6773307 -0.2074303 0.7058298 -0.6325319 -0.3189165 0.7058297 -0.6325322 -0.3189162 0.7058296 -0.632532 -0.3189156 0.7058301 -0.5695359 -0.4212277 0.7058301 -0.5695369 -0.4212271 0.7058296 -0.5695369 -0.4212273 0.7058295 -0.4901567 -0.5114207 0.7058296 -0.490157 -0.5114206 0.7058294 -0.4901569 -0.5114201 0.7058297 -0.3966758 -0.586901 0.7058297 -0.3966759 -0.5869009 0.7058297 -0.3966759 -0.5869017 0.7058291 -0.291784 -0.6454978 0.705829 -0.2917832 -0.6454979 0.7058293 -0.2917834 -0.6454972 0.70583 -0.1784963 -0.685524 0.7058299 -0.1784967 -0.6855241 0.7058298 -0.1784965 -0.6855247 0.7058293 -0.0600754 -0.70583 0.7058293 -0.06007462 -0.7058297 0.7058296 -0.06007468 -0.7058297 0.7058297 0.06007397 -0.7058297 0.7058297 0.0600751 0.7058317 -0.7058276 0.06007558 0.7058346 -0.7058247 0.1784977 0.685529 -0.7058247 0.1784977 0.6855283 -0.7058254 0.1784967 0.6855257 -0.7058282 0.2917845 0.6454986 -0.7058281 0.2917853 0.6455024 -0.7058243 0.2917879 0.6455071 -0.705819 0.3966816 0.5869101 -0.705819 0.3966808 0.5869081 -0.705821 0.396678 0.5869047 -0.7058254 0.4901603 0.5114237 -0.7058247 0.4901611 0.511425 -0.7058234 0.4901629 0.5114267 -0.7058208 0.5695434 0.4212332 -0.7058207 0.5695409 0.4212304 -0.7058244 0.5695422 0.4212312 -0.7058228 0.6325386 0.3189185 -0.7058228 0.6325405 0.31892 -0.7058204 0.632536 0.3189181 -0.7058254 0.677335 0.2074306 -0.7058256 0.6773385 0.2074325 -0.7058218 0.6773372 0.2074322 -0.7058231 0.7026505 0.08997857 -0.7058231 0.702647 0.08997738 -0.7058266 0.7026481 0.08997744 -0.7058255 0.7070313 0.01500993 -0.707023 0.5333658 -0.02265697 -0.8455811 0.7063966 -0.04504477 -0.7063814 0.6924895 -0.1492428 -0.7058221 0.6924892 -0.1492428 -0.7058224 0.6924869 -0.1492422 -0.7058248 0.6573039 -0.264127 -0.7058246 0.6573062 -0.2641274 -0.7058224 0.6573032 -0.2641259 -0.7058258 0.6032111 -0.3714119 -0.7058255 0.6032118 -0.3714122 -0.7058247 0.6032128 -0.3714129 -0.7058234 0.5317668 -0.4680135 -0.705824 0.5317664 -0.4680132 -0.7058246 0.5317649 -0.4680118 -0.7058265 0.445021 -0.5511491 -0.7058263 0.4450232 -0.5511509 -0.7058236 0.4450238 -0.5511518 -0.7058226 0.3454775 -0.6184336 -0.7058223 0.345478 -0.6184342 -0.7058216 0.3454756 -0.618429 -0.7058273 0.2359905 -0.6679186 -0.705828 0.235991 -0.6679195 -0.7058272 0.2359915 -0.6679213 -0.7058252 0.1197177 -0.6981966 -0.7058252 0.1197177 -0.6981967 -0.705825 0.1197177 -0.6981961 -0.7058257 0 -0.7083855 -0.7058258 0 -0.7083855 -0.7058258 0 -0.7083855 -0.7058258 -0.1197176 -0.6981961 -0.7058257 -0.1197176 -0.6981959 -0.7058258 -0.1197177 -0.6981966 -0.7058252 -0.2359914 -0.6679213 -0.7058252 -0.2359913 -0.6679205 -0.705826 -0.2359905 -0.6679186 -0.705828 -0.3454751 -0.6184293 -0.7058274 -0.3454748 -0.6184286 -0.705828 -0.345478 -0.6184334 -0.7058224 -0.4450238 -0.5511518 -0.7058226 -0.4450235 -0.5511512 -0.7058233 -0.4450213 -0.5511489 -0.7058264 -0.5317649 -0.4680119 -0.7058265 -0.531765 -0.468012 -0.7058263 -0.5317668 -0.4680135 -0.705824 -0.6032128 -0.3714129 -0.7058234 -0.6032122 -0.3714124 -0.7058243 -0.6032111 -0.3714118 -0.7058255 -0.6573033 -0.2641256 -0.7058259 -0.6573055 -0.2641271 -0.7058231 -0.6573041 -0.2641267 -0.7058248 -0.6924869 -0.1492424 -0.7058249 -0.6924868 -0.1492424 -0.7058249 -0.6924896 -0.1492427 -0.7058221 -0.707751 -0.03006452 -0.7058221 -0.7077521 -0.03006476 -0.705821 -0.7077474 -0.03006494 -0.7058256 -0.7026482 0.0899769 -0.7058256 -0.7026453 0.08997714 -0.7058283 -0.7026506 0.08997821 -0.7058231 -0.6773375 0.2074314 -0.7058231 -0.6773335 0.207431 -0.7058269 -0.6773348 0.2074315 -0.7058256 -0.6325358 0.3189185 -0.7058254 -0.6325392 0.3189193 -0.7058219 -0.6325384 0.3189189 -0.7058228 -0.5695418 0.421232 -0.7058229 -0.5695452 0.4212335 -0.7058191 -0.569544 0.4212325 -0.7058206 -0.4901627 0.511427 -0.7058207 -0.4901634 0.5114275 -0.70582 -0.4901604 0.5114237 -0.7058248 -0.3966782 0.5869045 -0.7058255 -0.3966785 0.5869047 -0.705825 -0.3966816 0.5869101 -0.7058189 -0.2917881 0.6455069 -0.705819 -0.2917863 0.6455045 -0.7058221 -0.2917841 0.6454988 -0.7058281 -0.1784968 0.6855257 -0.7058281 -0.1784971 0.6855264 -0.7058274 -0.1784976 0.6855289 -0.7058247 -0.06007581 0.7058346 -0.7058247 -0.06007522 0.7058327 -0.7058266 -0.06007522 0.7058362 -0.7058231 0.0600745 0.7058362 -0.7058231 -0.9979208 0.06363397 -0.01023703 -0.9979207 0.0636354 -0.01023703 -0.991058 0.1269103 -0.04120379 -0.9767251 0.2105001 0.04120403 -0.9561671 0.2928217 -1.11133e-4 -0.9775552 0.2106793 1.11687e-4 -0.9553546 0.2925742 -0.04120397 -0.9271009 0.37254 0.04120463 -0.8929255 0.4502045 -1.11369e-4 -0.9278894 0.3728558 1.11459e-4 -0.8921677 0.4498211 -0.04120433 -0.8508059 0.523862 0.04120451 -0.8039963 0.5946342 -1.11764e-4 -0.8515291 0.5243074 1.11039e-4 -0.8033144 0.5941281 -0.04120451 -0.7500349 0.6601135 0.04120373 -0.6919386 0.7219563 -1.12183e-4 -0.7506724 0.6606747 1.10612e-4 -0.6913515 0.7213426 -0.04120486 -0.6276862 0.7773752 0.04120433 -0.5599749 0.8285096 -1.11133e-4 -0.6282199 0.7780359 1.11684e-4 -0.5594988 0.8278063 -0.04120403 -0.4872812 0.8722725 0.04120343 -0.4119019 0.9112282 -1.12043e-4 -0.4876947 0.8730143 1.10758e-4 -0.4115518 0.9104545 -0.04120457 -0.3328568 0.9420768 0.04120439 -0.2519778 0.967733 -1.11344e-4 -0.3331397 0.9428775 1.11469e-4 -0.2517638 0.9669112 -0.04120427 -0.1688572 0.984779 0.04120397 -0.08480656 0.9963974 -1.11307e-4 -0.1690006 0.9856159 1.11499e-4 -0.08473354 0.9955514 -0.04120421 0 0.9991507 0.04120391 0.08480453 0.9963976 -1.11052e-4 0 1 1.11759e-4 0.0847342 0.9955512 -0.04120403 0.1688572 0.984779 0.04120403 0.2519779 0.967733 -1.11514e-4 0.1690006 0.9856159 1.11296e-4 0.2517638 0.9669112 -0.04120427 0.3328568 0.9420768 0.04120439 0.4119021 0.9112281 -1.11725e-4 0.3331397 0.9428775 1.11079e-4 0.4115517 0.9104545 -0.04120481 0.4872812 0.8722725 0.04120391 0.5599744 0.82851 -1.11282e-4 0.4876947 0.8730143 1.11531e-4 0.559499 0.8278062 -0.04120415 0.6276865 0.7773751 0.04120445 0.6919391 0.7219559 -1.11423e-4 0.6282193 0.7780363 1.11391e-4 0.6913514 0.7213429 -0.04120475 0.7500349 0.6601135 0.04120379 0.8039963 0.5946342 -1.11172e-4 0.7506724 0.6606746 1.11646e-4 0.8033144 0.5941281 -0.04120391 0.8508059 0.523862 0.04120457 0.8929263 0.4502029 -1.11575e-4 0.8515291 0.5243074 1.11241e-4 0.8921674 0.4498217 -0.04120439 0.9271011 0.3725395 0.04120463 0.9561671 0.2928217 -1.11438e-4 0.9278888 0.3728572 1.11368e-4 0.9553546 0.2925742 -0.04120463 0.9767251 0.2105001 0.04120415 0.9919003 0.1270188 -1.10912e-4 0.9775553 0.2106792 1.11884e-4 0.9910581 0.1269097 -0.04120385 0.9982505 0.04240542 0.04120415 0.9992973 0.0212146 0.0309025 0.9986217 0.04242038 0.03090947 0.9977608 -0.06362426 -0.02062016 0.9910581 -0.1269097 0.04120385 0.9775553 -0.2106792 -1.11884e-4 0.9919003 -0.1270188 1.10912e-4 0.9767251 -0.2105001 -0.04120415 0.9553546 -0.2925742 0.04120457 0.9278888 -0.3728572 -1.11368e-4 0.9561671 -0.2928217 1.11438e-4 0.9271011 -0.3725395 -0.04120463 0.8921674 -0.4498216 0.04120439 0.851529 -0.5243074 -1.11241e-4 0.8929263 -0.4502029 1.11575e-4 0.8508059 -0.523862 -0.04120457 0.8033143 -0.5941282 0.04120391 0.7506724 -0.6606746 -1.11646e-4 0.8039963 -0.5946342 1.11172e-4 0.7500349 -0.6601136 -0.04120379 0.6913514 -0.7213429 0.04120475 0.6282193 -0.7780363 -1.11391e-4 0.6919392 -0.7219558 1.11423e-4 0.6276865 -0.7773751 -0.04120451 0.559499 -0.8278062 0.04120415 0.4876947 -0.8730143 -1.11531e-4 0.5599744 -0.8285099 1.11282e-4 0.4872812 -0.8722724 -0.04120385 0.4115517 -0.9104545 0.04120481 0.3331397 -0.9428775 -1.11079e-4 0.4119021 -0.9112281 1.11725e-4 0.3328568 -0.9420768 -0.04120439 0.2517638 -0.9669112 0.04120427 0.1690006 -0.9856159 -1.11296e-4 0.2519779 -0.967733 1.11514e-4 0.1688572 -0.984779 -0.04120403 0.0847342 -0.9955512 0.04120403 0 -1 -1.11759e-4 0.08480453 -0.9963976 1.11052e-4 0 -0.9991507 -0.04120391 -0.08473354 -0.9955514 0.04120421 -0.1690006 -0.9856159 -1.11499e-4 -0.08480656 -0.9963974 1.11307e-4 -0.1688572 -0.984779 -0.04120397 -0.2517638 -0.9669112 0.04120427 -0.3331397 -0.9428775 -1.11469e-4 -0.2519778 -0.967733 1.11344e-4 -0.3328568 -0.9420768 -0.04120439 -0.4115518 -0.9104545 0.04120457 -0.4876946 -0.8730143 -1.10758e-4 -0.411902 -0.9112282 1.12043e-4 -0.4872812 -0.8722725 -0.04120349 -0.5594988 -0.8278063 0.04120403 -0.6282199 -0.7780359 -1.11684e-4 -0.5599749 -0.8285096 1.11133e-4 -0.6276863 -0.7773752 -0.04120433 -0.6913515 -0.7213427 0.04120486 -0.7506724 -0.6606747 -1.10613e-4 -0.6919386 -0.7219563 1.12183e-4 -0.750035 -0.6601135 -0.04120373 -0.8033143 -0.5941282 0.04120457 -0.8515291 -0.5243074 -1.11039e-4 -0.8039963 -0.5946342 1.11764e-4 -0.8508059 -0.523862 -0.04120451 -0.8921677 -0.4498211 0.04120433 -0.9278894 -0.3728558 -1.11459e-4 -0.8929255 -0.4502045 1.11369e-4 -0.9271009 -0.37254 -0.04120463 -0.9553546 -0.2925742 0.04120397 -0.9775552 -0.2106793 -1.11687e-4 -0.9561671 -0.2928217 1.11133e-4 -0.9767251 -0.2105001 -0.04120403 -0.991058 -0.1269103 0.04120379 -0.999099 -0.04244065 -1.12313e-4 -0.9919006 -0.1270168 1.10504e-4 -0.9982505 -0.04240542 -0.04120451 -0.9995622 -0.0212202 -0.02061927 -0.9905889 0.1268488 0.05141115 -0.9979616 0.0636366 -0.004802763 -0.9979615 0.06363797 -0.004802763 -0.9917148 0.1269944 -0.01934295 -0.9773724 0.2106396 0.01934307 -0.9561671 0.2928216 -5.21363e-5 -0.9775552 0.2106793 5.23964e-5 -0.9559878 0.2927681 -0.01934307 -0.9277153 0.3727869 0.01934337 -0.8929255 0.4502044 -5.2247e-5 -0.9278893 0.3728557 5.22892e-5 -0.8927589 0.4501192 -0.01934325 -0.8513697 0.5242092 0.01934331 -0.8039964 0.5946342 -5.24325e-5 -0.8515291 0.5243074 5.20925e-5 -0.8038467 0.5945219 -0.01934331 -0.750532 0.660551 0.01934295 -0.6919386 0.7219564 -5.26288e-5 -0.7506724 0.6606747 5.18922e-5 -0.6918097 0.7218207 -0.01934349 -0.6281023 0.7778903 0.01934319 -0.5599749 0.8285096 -5.21363e-5 -0.6282199 0.7780359 5.23951e-5 -0.5598695 0.828355 -0.01934307 -0.4876042 0.8728505 0.01934283 -0.4119019 0.9112282 -5.25632e-5 -0.4876947 0.8730143 5.19604e-5 -0.4118245 0.9110578 -0.01934331 -0.3330773 0.9427011 0.01934325 -0.2519778 0.967733 -5.22352e-5 -0.3331396 0.9428775 5.22943e-5 -0.2519306 0.967552 -0.01934319 -0.1689691 0.9854315 0.01934307 -0.08480656 0.9963975 -5.22182e-5 -0.1690006 0.9856159 5.23082e-5 -0.08478969 0.9962111 -0.01934319 0 0.9998129 0.01934301 0.08480453 0.9963976 -5.20983e-5 0 1 5.243e-5 0.08479034 0.9962109 -0.01934307 0.1689691 0.9854315 0.01934307 0.2519778 0.967733 -5.23153e-5 0.1690006 0.9856159 5.2213e-5 0.2519306 0.9675519 -0.01934319 0.3330773 0.9427011 0.01934325 0.4119021 0.9112281 -5.2414e-5 0.3331396 0.9428775 5.2111e-5 0.4118245 0.9110578 -0.01934343 0.4876042 0.8728505 0.01934301 0.5599744 0.8285099 -5.22063e-5 0.4876947 0.8730143 5.23234e-5 0.5598697 0.8283548 -0.01934313 0.6281024 0.7778902 0.01934331 0.6919391 0.7219558 -5.22726e-5 0.6282193 0.7780362 5.22577e-5 0.6918095 0.7218209 -0.01934343 0.750532 0.660551 0.01934295 0.8039963 0.5946342 -5.21547e-5 0.7506724 0.6606746 5.23769e-5 0.8038467 0.5945219 -0.01934301 0.8513697 0.5242092 0.01934331 0.8929263 0.4502029 -5.23438e-5 0.8515291 0.5243074 5.2187e-5 0.8927586 0.4501197 -0.01934325 0.9277155 0.3727865 0.01934337 0.9561671 0.2928217 -5.22795e-5 0.9278888 0.3728572 5.22466e-5 0.9559878 0.2927681 -0.01934337 0.9773724 0.2106396 0.01934313 0.9919003 0.1270188 -5.20328e-5 0.9775552 0.2106792 5.24887e-5 0.9917149 0.1269938 -0.01934301 0.998912 0.0424335 0.01934313 0.9996696 0.02122247 0.01450288 0.9989939 0.04243618 0.0145061 0.9979264 -0.06363481 -0.009675204 0.9917149 -0.1269938 0.01934301 0.9775552 -0.2106792 -5.24886e-5 0.9919003 -0.1270188 5.20328e-5 0.9773724 -0.2106396 -0.01934313 0.9559878 -0.2927681 0.01934337 0.9278888 -0.3728572 -5.22466e-5 0.9561671 -0.2928217 5.22795e-5 0.9277155 -0.3727864 -0.01934337 0.8927587 -0.4501197 0.01934325 0.8515291 -0.5243074 -5.2187e-5 0.8929263 -0.4502028 5.23438e-5 0.8513697 -0.5242092 -0.01934331 0.8038467 -0.5945219 0.01934301 0.7506724 -0.6606746 -5.23769e-5 0.8039963 -0.5946342 5.21547e-5 0.750532 -0.660551 -0.01934295 0.6918095 -0.7218209 0.01934343 0.6282193 -0.7780362 -5.22577e-5 0.6919391 -0.7219558 5.22726e-5 0.6281024 -0.7778902 -0.01934331 0.5598698 -0.8283548 0.01934313 0.4876947 -0.8730143 -5.23234e-5 0.5599744 -0.8285099 5.22063e-5 0.4876042 -0.8728505 -0.01934301 0.4118245 -0.9110578 0.01934343 0.3331397 -0.9428775 -5.2111e-5 0.4119021 -0.9112281 5.2414e-5 0.3330773 -0.9427011 -0.01934325 0.2519306 -0.9675519 0.01934319 0.1690006 -0.985616 -5.2213e-5 0.2519779 -0.967733 5.23153e-5 0.1689691 -0.9854315 -0.01934307 0.08479034 -0.9962109 0.01934307 0 -1 -5.243e-5 0.08480453 -0.9963976 5.20983e-5 0 -0.9998129 -0.01934301 -0.08478969 -0.9962111 0.01934319 -0.1690006 -0.985616 -5.23082e-5 -0.08480656 -0.9963975 5.22182e-5 -0.1689691 -0.9854315 -0.01934307 -0.2519306 -0.967552 0.01934319 -0.3331397 -0.9428775 -5.22943e-5 -0.2519778 -0.967733 5.22352e-5 -0.3330773 -0.9427011 -0.01934325 -0.4118246 -0.9110579 0.01934331 -0.4876947 -0.8730143 -5.19604e-5 -0.411902 -0.9112282 5.25632e-5 -0.4876041 -0.8728505 -0.01934283 -0.5598697 -0.828355 0.01934307 -0.6282198 -0.7780359 -5.23951e-5 -0.5599749 -0.8285096 5.21364e-5 -0.6281023 -0.7778903 -0.01934319 -0.6918097 -0.7218207 0.01934349 -0.7506724 -0.6606747 -5.18923e-5 -0.6919386 -0.7219564 5.26288e-5 -0.750532 -0.660551 -0.01934295 -0.8038467 -0.5945219 0.01934331 -0.8515291 -0.5243074 -5.20925e-5 -0.8039963 -0.5946342 5.24325e-5 -0.8513697 -0.5242092 -0.01934331 -0.8927589 -0.4501192 0.01934325 -0.9278893 -0.3728557 -5.22892e-5 -0.8929255 -0.4502044 5.2247e-5 -0.9277153 -0.3727869 -0.01934337 -0.9559878 -0.2927681 0.01934307 -0.9775552 -0.2106793 -5.23964e-5 -0.9561671 -0.2928217 5.21363e-5 -0.9773724 -0.2106396 -0.01934307 -0.9917148 -0.1269944 0.01934295 -0.999099 -0.04244065 -5.26901e-5 -0.9919006 -0.1270168 5.18412e-5 -0.998912 -0.0424335 -0.01934331 -0.999728 -0.02122372 -0.009674787 -0.9916114 0.1269798 0.02414369 0.06007468 0.7058268 -0.7058326 0.06007516 0.7058297 -0.7058296 0.1784964 0.6855242 -0.7058297 0.1784964 0.6855236 -0.7058303 0.1784955 0.685521 -0.7058331 0.2917825 0.6454942 -0.7058331 0.2917833 0.6454979 -0.7058292 0.2917858 0.6455026 -0.7058239 0.3966788 0.586906 -0.7058239 0.396678 0.5869041 -0.7058259 0.3966752 0.5869005 -0.7058303 0.4901569 0.5114202 -0.7058296 0.4901577 0.5114215 -0.7058283 0.4901596 0.5114232 -0.7058258 0.5695394 0.4212303 -0.7058256 0.569537 0.4212275 -0.7058293 0.5695382 0.4212283 -0.7058278 0.6325343 0.3189163 -0.7058278 0.6325361 0.3189178 -0.7058254 0.6325316 0.3189159 -0.7058304 0.6773303 0.2074292 -0.7058306 0.6773337 0.2074311 -0.7058267 0.6773325 0.2074308 -0.705828 0.7026456 0.08997797 -0.705828 0.7026422 0.08997672 -0.7058316 0.7026432 0.08997678 -0.7058305 0.7070264 0.01500982 -0.7070279 0.5333605 -0.02265673 -0.8455846 0.7063918 -0.04504448 -0.7063863 0.6924847 -0.1492418 -0.7058271 0.6924844 -0.1492418 -0.7058274 0.6924821 -0.1492412 -0.7058297 0.6572994 -0.2641252 -0.7058296 0.6573017 -0.2641256 -0.7058274 0.6572986 -0.264124 -0.7058308 0.6032068 -0.3714093 -0.7058305 0.6032077 -0.3714096 -0.7058296 0.6032087 -0.3714103 -0.7058284 0.5317631 -0.4680103 -0.705829 0.5317626 -0.46801 -0.7058294 0.5317612 -0.4680085 -0.7058314 0.4450179 -0.5511453 -0.7058312 0.4450201 -0.5511471 -0.7058286 0.4450208 -0.5511479 -0.7058276 0.3454751 -0.6184293 -0.7058272 0.3454756 -0.6184299 -0.7058266 0.3454732 -0.6184247 -0.7058323 0.2359889 -0.667914 -0.705833 0.2359893 -0.6679148 -0.7058321 0.2359899 -0.6679167 -0.7058302 0.1197168 -0.6981917 -0.7058301 0.1197169 -0.6981919 -0.70583 0.1197168 -0.6981912 -0.7058306 0 -0.7083806 -0.7058307 0 -0.7083805 -0.7058306 0 -0.7083805 -0.7058306 -0.1197168 -0.6981912 -0.7058306 -0.1197168 -0.6981911 -0.7058308 -0.1197169 -0.6981917 -0.7058301 -0.2359898 -0.6679167 -0.7058302 -0.2359897 -0.6679158 -0.705831 -0.2359889 -0.667914 -0.705833 -0.3454726 -0.618425 -0.7058323 -0.3454725 -0.6184243 -0.705833 -0.3454756 -0.618429 -0.7058273 -0.4450207 -0.5511479 -0.7058275 -0.4450204 -0.5511474 -0.7058283 -0.4450182 -0.5511451 -0.7058314 -0.5317612 -0.4680086 -0.7058314 -0.5317614 -0.4680088 -0.7058312 -0.5317631 -0.4680102 -0.705829 -0.6032086 -0.3714104 -0.7058284 -0.603208 -0.3714098 -0.7058292 -0.6032069 -0.3714092 -0.7058305 -0.6572987 -0.2641237 -0.7058308 -0.657301 -0.2641253 -0.7058281 -0.6572995 -0.2641248 -0.7058296 -0.6924821 -0.1492413 -0.7058298 -0.6924819 -0.1492413 -0.7058297 -0.6924848 -0.1492417 -0.7058271 -0.7077461 -0.03006428 -0.7058269 -0.7077471 -0.03006458 -0.7058259 -0.7077425 -0.0300647 -0.7058305 -0.7026433 0.08997625 -0.7058304 -0.7026404 0.08997648 -0.7058333 -0.7026457 0.08997756 -0.705828 -0.6773327 0.2074299 -0.705828 -0.6773289 0.2074296 -0.7058318 -0.6773301 0.2074301 -0.7058306 -0.6325314 0.3189162 -0.7058303 -0.6325348 0.3189171 -0.7058269 -0.632534 0.3189167 -0.7058278 -0.5695378 0.421229 -0.7058278 -0.5695412 0.4212306 -0.7058241 -0.56954 0.4212296 -0.7058256 -0.4901593 0.5114234 -0.7058257 -0.49016 0.5114239 -0.7058249 -0.490157 0.5114202 -0.7058297 -0.3966755 0.5869004 -0.7058304 -0.3966757 0.5869007 -0.70583 -0.3966788 0.586906 -0.7058238 -0.2917861 0.6455025 -0.705824 -0.2917842 0.6454999 -0.705827 -0.2917821 0.6454943 -0.7058331 -0.1784955 0.685521 -0.7058331 -0.1784959 0.6855217 -0.7058323 -0.1784964 0.6855242 -0.7058297 -0.0600754 0.7058296 -0.7058296 -0.0600748 0.7058277 -0.7058317 -0.0600748 0.7058313 -0.705828 0.06007409 0.7058314 -0.7058281 0.06007456 -0.7058252 0.7058342 0.06007504 -0.705828 0.7058312 0.178496 -0.6855226 0.7058313 0.178496 -0.685522 0.705832 0.1784951 -0.6855193 0.7058348 0.2917818 -0.6454926 0.7058347 0.2917826 -0.6454964 0.7058309 0.2917851 -0.6455011 0.7058255 0.3966779 -0.5869047 0.7058255 0.3966771 -0.5869026 0.7058276 0.3966743 -0.5868992 0.705832 0.4901558 -0.511419 0.7058314 0.4901565 -0.5114203 0.7058299 0.4901584 -0.511422 0.7058274 0.5695381 -0.4212294 0.7058273 0.5695356 -0.4212265 0.705831 0.5695369 -0.4212273 0.7058295 0.6325328 -0.3189156 0.7058295 0.6325347 -0.318917 0.705827 0.6325301 -0.3189151 0.705832 0.6773288 -0.2074287 0.7058322 0.6773321 -0.2074306 0.7058283 0.6773309 -0.2074303 0.7058296 0.7026439 -0.08997774 0.7058296 0.7026405 -0.08997654 0.7058333 0.7026416 -0.0899766 0.7058321 0.7077409 0.03006404 0.7058322 0.7077398 0.03006428 0.7058333 0.7077444 0.03006476 0.7058286 0.6924831 0.1492415 0.7058287 0.6924828 0.1492415 0.705829 0.6924805 0.1492408 0.7058314 0.6572979 0.2641245 0.7058313 0.6573001 0.2641249 0.705829 0.657297 0.2641234 0.7058324 0.6032055 0.3714084 0.7058321 0.6032062 0.3714087 0.7058312 0.6032072 0.3714094 0.70583 0.5317619 0.4680092 0.7058306 0.5317614 0.4680089 0.7058311 0.53176 0.4680075 0.7058331 0.4450169 0.5511441 0.705833 0.4450192 0.5511458 0.7058302 0.4450197 0.5511466 0.7058292 0.3454743 0.6184279 0.7058289 0.3454748 0.6184285 0.7058282 0.3454724 0.6184233 0.705834 0.2359883 0.6679124 0.7058346 0.2359888 0.6679133 0.7058337 0.2359893 0.6679151 0.7058318 0.1197166 0.6981902 0.7058318 0.1197166 0.6981903 0.7058317 0.1197165 0.6981896 0.7058323 0 0.7083789 0.7058324 0 0.7083789 0.7058324 0 0.7083789 0.7058324 -0.1197165 0.6981897 0.7058323 -0.1197165 0.6981895 0.7058324 -0.1197167 0.6981901 0.7058318 -0.2359893 0.6679151 0.7058318 -0.2359892 0.6679143 0.7058327 -0.2359884 0.6679124 0.7058346 -0.3454718 0.6184235 0.7058339 -0.3454716 0.6184229 0.7058346 -0.3454748 0.6184275 0.705829 -0.4450196 0.5511467 0.7058292 -0.4450194 0.551146 0.7058299 -0.4450172 0.5511438 0.705833 -0.53176 0.4680076 0.705833 -0.5317601 0.4680078 0.7058328 -0.5317618 0.4680091 0.7058306 -0.6032072 0.3714095 0.70583 -0.6032066 0.3714089 0.7058308 -0.6032055 0.3714084 0.7058321 -0.6572971 0.2641232 0.7058324 -0.6572995 0.2641247 0.7058297 -0.657298 0.2641242 0.7058314 -0.6924805 0.149241 0.7058314 -0.6924804 0.1492409 0.7058315 -0.4893493 0.0312041 0.8715294 -0.6420664 0.02727448 0.7661637 -0.70639 0.04504507 0.706388 -0.6924831 0.1492413 0.7058287 -0.7070246 -0.01500976 0.7070295 -0.7026417 -0.08997607 0.7058321 -0.7026389 -0.08997631 0.705835 -0.7026441 -0.08997738 0.7058296 -0.6773312 -0.2074294 0.7058297 -0.6773273 -0.2074291 0.7058334 -0.6773284 -0.2074295 0.7058323 -0.6325299 -0.3189155 0.705832 -0.6325333 -0.3189164 0.7058285 -0.6325325 -0.3189159 0.7058294 -0.5695364 -0.4212281 0.7058295 -0.5695399 -0.4212296 0.7058257 -0.5695387 -0.4212286 0.7058272 -0.4901582 -0.5114223 0.7058274 -0.4901589 -0.5114228 0.7058265 -0.4901558 -0.511419 0.7058314 -0.3966746 -0.5868991 0.705832 -0.3966748 -0.5868993 0.7058317 -0.3966779 -0.5869047 0.7058255 -0.2917854 -0.645501 0.7058256 -0.2917835 -0.6454985 0.7058287 -0.2917814 -0.6454928 0.7058347 -0.1784951 -0.6855194 0.7058348 -0.1784955 -0.6855201 0.7058339 -0.178496 -0.6855226 0.7058314 -0.06007522 -0.705828 0.7058313 -0.06007462 -0.7058262 0.7058333 -0.06007468 -0.7058297 0.7058297 0.06007397 -0.7058297 0.7058297 0 0 -1 0 0 -1 0 0 -1 0 0 -1 0 0 -1 0 0 -1 0 0 -1 0 0 -1 0 0 -1 0 0 -1 0 0 -1 0 0 -1 0 0 -1 0 0 -1 0 0 -1 0 0 -1 0 0 -1 0 0 -1 0 0 -1 0 0 -1 0 0 -1 0 0 -1 0 0 -1 0 0 -1 0 0 -1 0 0 -1 0 0 -1 0 0 -1 0 0 -1 0 0 -1 0 0 -1 0 0 -1 0 0 -1 0 0 -1 0 0 -1 0 0 -1 0 0 -1 0 0 -1 0 0 -1 0 0 -1 0 0 -1 0 0 -1 0 0 -1 0 0 -1 0 0 -1 0 0 -1 0 0 -1 0 0 -1 0 0 -1 0 0 -1 0 0 -1 0 0 -1 0 0 -1 0 0 -1 0 0 -1 0 0 -1 0 0 -1 0 0 -1 0 0 -1 0 0 -1 0 0 -1 0 0 -1 0 0 -1 0 0 -1 0 0 -1 0 0 -1 0 0 -1 0 0 -1 0 0 -1 0 0 -1 0 0 -1 0 0 -1 0 0 1 0 0 1 0 0 1 0 0 1 0 0 1 0 0 1 0 0 1 0 0 1 0 0 1 0 0 1 0 0 1 0 0 1 0 0 1 0 0 1 0 0 1 0 0 1 0 0 1 0 0 1 0 0 1 0 0 1 0 0 1 0 0 1 0 0 1 0 0 1 0 0 1 0 0 1 0 0 1 0 0 1 0 0 1 0 0 1 0 0 1 0 0 1 0 0 1 0 0 1 0 0 1 0 0 1 0 0 1 0 0 1 0 0 1 0 0 1 0 0 1 0 0 1 0 0 1 0 0 1 0 0 1 0 0 1 0 0 1 0 0 1 0 0 1 0 0 1 0 0 1 0 0 1 0 0 1 0 0 1 0 0 1 0 0 1 0 0 1 0 0 1 0 0 1 0 0 1 0 0 1 0 0 1 0 0 1 0 0 1 0 0 1 0 0 1 0 0 1 0 0 1 0 0 1 0 0 1 0 0 1 0 0 1 0 0 1 1 0 0 1 0 0 1 0 0 1 0 0 1 0 0 1 0 0 1 0 0 1 0 0 1 0 0 1 0 0 1 0 0 1 0 0 1 0 0 1 0 0 1 0 0 1 0 0 -1 0 0 -1 0 0 -1 0 0 -1 0 0 -1 0 0 -1 0 0 -1 0 0 -1 0 0 -1 0 0 -1 0 0 -1 0 0 -1 0 0 -1 0 0 -1 0 0 -1 0 0 -1 0 0 0.9959743 -0.08963948 0 0.963963 -0.2660365 0 0.963963 -0.2660365 0 0.9009688 -0.4338839 0 0.9009688 -0.4338839 0 0.8090171 -0.5877852 0 0.8090171 -0.5877852 0 0.6910625 -0.7227951 0 0.6910625 -0.7227951 0 0.5508971 -0.8345732 0 0.5508971 -0.8345732 0 0.3930249 -0.9195278 0 0.3930249 -0.9195278 0 0.222521 -0.9749279 0 0.222521 -0.9749279 0 0.04486489 -0.9989931 0 0.04486489 -0.9989931 0 -0.1342335 -0.9909498 0 -0.1342335 -0.9909498 0 -0.3090169 -0.9510565 0 -0.3090169 -0.9510565 0 -0.4738684 -0.8805956 0 -0.4738684 -0.8805956 0 -0.62349 -0.7818314 0 -0.62349 -0.7818314 0 -0.7530715 -0.6579388 0 -0.7530715 -0.6579388 0 -0.8584487 -0.5128995 0 -0.8584487 -0.5128995 0 -0.936235 -0.3513745 0 -0.936235 -0.3513745 0 -0.9839295 -0.178557 0 -0.9839295 -0.178557 0 -1 0 0 -1 0 0 -0.9839295 0.178557 0 -0.9839295 0.178557 0 -0.936235 0.3513745 0 -0.936235 0.3513745 0 -0.8584487 0.5128995 0 -0.8584487 0.5128995 0 -0.7530715 0.6579388 0 -0.7530715 0.6579388 0 -0.62349 0.7818314 0 -0.62349 0.7818314 0 -0.4738684 0.8805956 0 -0.4738684 0.8805956 0 -0.3090169 0.9510565 0 -0.3090169 0.9510565 0 -0.1342335 0.9909498 0 -0.1342335 0.9909498 0 0.04486489 0.9989931 0 0.04486489 0.9989931 0 0.222521 0.9749279 0 0.222521 0.9749279 0 0.3930249 0.9195278 0 0.3930249 0.9195278 0 0.5508971 0.8345732 0 0.5508971 0.8345732 0 0.6910625 0.7227951 0 0.6910625 0.7227951 0 0.8090171 0.5877852 0 0.8090171 0.5877852 0 0.9009688 0.4338839 0 0.9009688 0.4338839 0 0.963963 0.2660365 0 0.963963 0.2660365 0 0.9959743 0.08963948 0 0.9959743 0.08963948 0 0.9959743 -0.08963948 0 0.9961948 -0.08715534 0 0.9659258 -0.2588192 0 0.9659258 -0.2588192 0 0.9063078 -0.4226183 0 0.9063078 -0.4226183 0 0.8191521 -0.5735763 0 0.8191521 -0.5735763 0 0.7071068 -0.7071068 0 0.7071068 -0.7071068 0 0.5735763 -0.8191521 0 0.5735763 -0.8191521 0 0.4226183 -0.9063078 0 0.4226183 -0.9063078 0 0.2588192 -0.9659258 0 0.2588192 -0.9659258 0 0.08715534 -0.9961948 0 0.08715534 -0.9961948 0 -0.08715534 -0.9961948 0 -0.08715534 -0.9961948 0 -0.2588192 -0.9659258 0 -0.2588192 -0.9659258 0 -0.4226183 -0.9063078 0 -0.4226183 -0.9063078 0 -0.5735763 -0.8191521 0 -0.5735763 -0.8191521 0 -0.7071068 -0.7071068 0 -0.7071068 -0.7071068 0 -0.8191521 -0.5735763 0 -0.8191521 -0.5735763 0 -0.9063078 -0.4226183 0 -0.9063078 -0.4226183 0 -0.9659258 -0.2588192 0 -0.9659258 -0.2588192 0 -0.9961948 -0.08715534 0 -0.9961948 -0.08715534 0 -0.9961948 0.08715534 0 -0.9961948 0.08715534 0 -0.9659258 0.2588192 0 -0.9659258 0.2588192 0 -0.9063078 0.4226183 0 -0.9063078 0.4226183 0 -0.8191521 0.5735763 0 -0.8191521 0.5735763 0 -0.7071068 0.7071068 0 -0.7071068 0.7071068 0 -0.5735763 0.8191521 0 -0.5735763 0.8191521 0 -0.4226183 0.9063078 0 -0.4226183 0.9063078 0 -0.2588192 0.9659258 0 -0.2588192 0.9659258 0 -0.08715534 0.9961948 0 -0.08715534 0.9961948 0 0.08715534 0.9961948 0 0.08715534 0.9961948 0 0.2588192 0.9659258 0 0.2588192 0.9659258 0 0.4226183 0.9063078 0 0.4226183 0.9063078 0 0.5735763 0.8191521 0 0.5735763 0.8191521 0 0.7071068 0.7071068 0 0.7071068 0.7071068 0 0.8191521 0.5735763 0 0.8191521 0.5735763 0 0.9063078 0.4226183 0 0.9063078 0.4226183 0 0.9659258 0.2588192 0 0.9659258 0.2588192 0 0.9961948 0.08715534 0 0.9961948 0.08715534 0 0.9961948 -0.08715534 0 0 -1 0 0 -1 0 0 -1 0 0 -1 0 0 -1 0 0 -1 0 0 -1 0 0 -1 0 0 -1 0 0 -1 0 0 -1 0 0 -1 0 0 -1 0 0 -1 0 0 -1 0 -0.04397273 0.9403181 0.3374436 -0.08662414 -0.9238324 -0.3728672 0 -0.04505836 -0.9989843 -0.01532804 -0.3409067 -0.9399722 0.1314958 -0.1933963 -0.9722688 0.09163928 -0.1761487 -0.9800887 0.09163874 -0.1761482 -0.9800889 0.03583121 -0.6248168 -0.7799487 0.1067021 -0.5523982 -0.826723 0.304004 -0.5753012 -0.7593485 0.02670031 -0.4890447 -0.8718501 0.02669852 -0.4890437 -0.8718506 0.02669602 -0.4890364 -0.8718547 -0.01532155 -0.340902 -0.939974 -0.01532155 -0.3408998 -0.9399747 -0.08662414 -0.9238328 -0.372866 -0.08662295 -0.9238323 -0.3728677 0.2421503 -0.8067241 -0.5390357 0.2736986 -0.8029932 -0.5294252 0.2737029 -0.8029929 -0.5294234 -0.02983909 -0.7490935 -0.6617919 -0.02983886 -0.7490937 -0.6617917 -0.0298388 -0.7490968 -0.6617882 -0.08626455 -0.995051 -0.04931271 -0.08626461 -0.9950498 -0.04934024 -0.08626502 -0.9950511 -0.04931235 0.5947412 -0.7787095 -0.1997361 0.4584941 -0.8716214 -0.1733763 0.2544643 -0.9413931 -0.2214205 0.254464 -0.9413931 -0.2214207 -0.02427566 -0.9011613 0.4328036 -0.02427566 -0.9011626 0.432801 0.03715938 -0.9586211 0.2822495 0.03716254 -0.9586213 0.2822483 0.4716652 -0.8648346 0.1720264 0.1226584 -0.9853485 0.1185045 0.122646 -0.9853504 0.1185016 -0.03467142 -0.7113942 0.7019375 -0.03467142 -0.7113958 0.7019358 0.1253986 -0.8033883 0.5821018 0.2544066 -0.8041121 0.5372905 0.4141822 -0.7204878 0.5561929 -0.02427768 -0.9011628 0.4328006 -0.01082962 -0.4381871 0.8988186 -0.01082962 -0.4381827 0.8988207 -0.01082688 -0.4381893 0.8988175 0.1838043 -0.5590267 0.8085203 0.1561261 -0.5487574 0.8212734 0.1106753 -0.5709205 0.8135114 -0.03466969 -0.7113925 0.7019392 -0.02023857 0.05465811 0.9983 0.02664548 -0.1137978 0.9931465 0.0266419 -0.1137947 0.993147 0.1497533 -0.192891 0.9697253 0.01554936 -0.2792033 0.9601061 0.01554906 -0.2792037 0.960106 -0.02024167 0.05466419 0.9982995 -0.02024036 0.05467581 0.998299 -0.02024036 0.05472993 0.998296 -0.03577005 0.380029 0.9242827 -0.03577589 0.3800359 0.9242795 0.1155277 0.1937846 0.9742181 0.1575701 0.2099646 0.9649282 0.1575621 0.2099583 0.9649309 -0.02420711 0.6601361 0.7507559 0.06381052 0.5544381 0.8297751 0.3776688 0.5818207 0.7203132 0.08568108 0.5170291 0.8516687 0.08568555 0.5170309 0.8516672 -0.03577286 0.3800269 0.9242835 -0.03577005 0.3800328 0.9242811 -0.04397273 0.9403202 0.3374378 -0.04396998 0.9403183 0.3374435 0.1204905 0.825412 0.5515226 0.3708947 0.7913353 0.4860304 0.3709009 0.7913342 0.4860275 0.02717131 0.7729723 0.6338577 0.02717405 0.7729737 0.6338559 -0.02420711 0.6601355 0.7507564 -0.09019094 0.9958811 0.009302973 0.3622534 0.9150858 0.1771733 0.3773471 0.9082778 0.1806678 0.3984933 0.900174 0.1757553 -0.04386323 0.9403346 0.3374119 -0.010356 0.9479078 -0.3183766 -0.010356 0.9479091 -0.3183725 -0.01035815 0.9479089 -0.3183732 0.4755964 0.8661236 -0.1537462 0.3585385 0.9155777 -0.1821197 0.2673016 0.9501169 -0.16071 -0.09019094 0.995881 0.009302675 -0.04269427 0.6828094 -0.729348 -0.04269427 0.6828103 -0.7293472 0.06752431 0.7863339 -0.6141004 0.06752705 0.7863352 -0.6140986 0.44448 0.7722988 -0.4538633 0.2663921 0.8014243 -0.5354945 0.01375746 0.8813503 -0.4722632 0.01375758 0.8813499 -0.4722636 -0.03408765 0.4021067 -0.9149581 -0.03408765 0.4021032 -0.9149596 -0.03408688 0.4021048 -0.9149589 0.122056 0.5345169 -0.8362978 0.1599023 0.5484213 -0.8207712 0.2138922 0.5189998 -0.8275803 -0.04269492 0.6828101 -0.7293473 0 0.08144062 -0.9966782 3.46792e-7 0.08144211 -0.9966781 0.1444337 0.1930447 -0.9705012 0.06991142 0.2359274 -0.9692526 0.06991291 0.2359254 -0.969253 0.04397273 -0.9403181 0.3374436 0.08662414 0.9238324 -0.3728672 0 0.04505836 -0.9989843 0.01532804 0.3409067 -0.9399722 -0.1314958 0.1933963 -0.9722688 -0.09163928 0.1761487 -0.9800887 -0.09163874 0.1761482 -0.9800889 -0.02669852 0.4890437 -0.8718506 -0.03583121 0.6248168 -0.7799487 -0.1067021 0.5523982 -0.826723 -0.304004 0.5753012 -0.7593485 -0.02670031 0.4890447 -0.8718501 -0.02669602 0.4890364 -0.8718547 0.01532155 0.340902 -0.939974 0.01532155 0.3408998 -0.9399747 0.08662414 0.9238328 -0.372866 0.08662295 0.9238323 -0.3728677 -0.2421503 0.8067241 -0.5390357 -0.2736986 0.8029932 -0.5294252 -0.2737029 0.8029929 -0.5294234 0.02983909 0.7490935 -0.6617919 0.02983886 0.7490937 -0.6617917 0.0298388 0.7490968 -0.6617882 0.08626455 0.995051 -0.04931271 0.08626461 0.9950498 -0.04934024 0.08626502 0.9950511 -0.04931235 -0.5947412 0.7787095 -0.1997361 -0.4584941 0.8716214 -0.1733763 -0.2544643 0.9413931 -0.2214205 -0.254464 0.9413931 -0.2214207 0.02427566 0.9011613 0.4328036 0.02427566 0.9011626 0.432801 -0.03715938 0.9586211 0.2822495 -0.03716254 0.9586213 0.2822483 -0.4716652 0.8648346 0.1720264 -0.1226584 0.9853485 0.1185045 -0.122646 0.9853504 0.1185016 0.03467142 0.7113942 0.7019375 0.03467142 0.711396 0.7019357 -0.1246435 0.8033404 0.5823301 -0.2544066 0.8041121 0.5372905 -0.4141822 0.7204878 0.5561929 0.02427768 0.9011628 0.4328006 0.01082962 0.4381871 0.8988186 0.01082962 0.4381827 0.8988207 0.01082688 0.4381893 0.8988175 -0.1838043 0.5590267 0.8085203 -0.1561261 0.5487574 0.8212734 -0.1106753 0.5709205 0.8135114 0.03466969 0.7113925 0.7019392 0.02023857 -0.05465811 0.9983 -0.02664548 0.1137978 0.9931465 -0.0266419 0.1137947 0.993147 -0.1497533 0.192891 0.9697253 -0.01554936 0.2792033 0.9601061 -0.01554906 0.2792037 0.960106 0.02024167 -0.05466419 0.9982995 0.02024036 -0.05467581 0.998299 0.02024036 -0.05472993 0.998296 0.03577005 -0.380029 0.9242827 0.03577589 -0.3800359 0.9242795 -0.1155277 -0.1937846 0.9742181 -0.1575701 -0.2099646 0.9649282 -0.1575621 -0.2099583 0.9649309 0.02420711 -0.6601361 0.7507559 -0.06381052 -0.5544381 0.8297751 -0.3776688 -0.5818207 0.7203132 -0.08568108 -0.5170291 0.8516687 -0.08568555 -0.5170309 0.8516672 0.03577286 -0.3800269 0.9242835 0.03577005 -0.3800328 0.9242811 0.04397273 -0.9403202 0.3374378 0.04396998 -0.9403183 0.3374435 -0.1204905 -0.825412 0.5515226 -0.3708947 -0.7913353 0.4860304 -0.3709009 -0.7913342 0.4860275 -0.02717131 -0.7729723 0.6338577 -0.02717405 -0.7729737 0.6338559 0.02420711 -0.6601355 0.7507564 0.09019094 -0.9958811 0.009302973 -0.3622534 -0.9150858 0.1771733 -0.3773471 -0.9082778 0.1806678 -0.3984933 -0.900174 0.1757553 0.04386323 -0.9403346 0.3374119 0.010356 -0.9479078 -0.3183766 0.010356 -0.9479091 -0.3183725 0.01035815 -0.9479089 -0.3183732 -0.4755964 -0.8661236 -0.1537462 -0.3585385 -0.9155777 -0.1821197 -0.2673016 -0.9501169 -0.16071 0.09019094 -0.995881 0.009302675 0.04269427 -0.6828094 -0.729348 0.04269427 -0.6828103 -0.7293472 -0.06752431 -0.7863339 -0.6141004 -0.06752705 -0.7863352 -0.6140986 -0.44448 -0.7722988 -0.4538633 -0.2663921 -0.8014243 -0.5354945 -0.01375746 -0.8813503 -0.4722632 -0.01375758 -0.8813499 -0.4722636 0.03408765 -0.4021067 -0.9149581 0.03408765 -0.4021032 -0.9149596 0.03408688 -0.4021048 -0.9149589 -0.122056 -0.5345169 -0.8362978 -0.1599023 -0.5484213 -0.8207712 -0.2138922 -0.5189998 -0.8275803 0.04269492 -0.6828101 -0.7293473 0 -0.08144062 -0.9966782 -3.46792e-7 -0.08144211 -0.9966781 -0.1444337 -0.1930447 -0.9705012 -0.06991142 -0.2359274 -0.9692526 -0.06991291 -0.2359254 -0.969253 0 0 1 0 0 1 0 0 1 0 0 1 0 0 1 0 0 1 0 0 1 0 0 1 0 0 1 0 0 1 0 0 1 0 0 1 0 0 1 0 0 1 0 0 1 0 0 1 0 0 1 0 0 1 0 0 1 0 0 1 0 0 1 0 0 1 0 0 1 0 0 1 0 0 1 0 0 1 0 0 1 0 0 1 0 0 1 0 0 1 0 0 1 0 0 1 0 0 1 0 0 1 0 0 1 0 0 1 0 0 1 0 0 1 0 0 1 0 0 1 0 0 1 0 0 1 0 0 1 0 0 1 0 0 1 0 0 1 0 0 1 0 0 1 0 0 1 0 0 1 0 0 1 0 0 1 0 0 1 0 0 1 0 0 1 0 0 1 0 0 1 0 0 1 0 0 1 0 0 1 0 0 1 0 0 1 0 0 1 0 0 1 0 0 1 0 0 1 0 0 1 0 0 1 0 0 1 0 0 1 0 0 1 0 0 1 0 0 -1 0 0 -1 0 0 -1 0 0 -1 0 0 -1 0 0 -1 0 0 -1 0 0 -1 0 0 -1 0 0 -1 0 0 -1 0 0 -1 0 0 -1 0 0 -1 0 0 -1 0 0 -1 0 0 -1 0 0 -1 0 0 -1 0 0 -1 0 0 -1 0 0 -1 0 0 -1 0 0 -1 0 0 -1 0 0 -1 0 0 -1 0 0 -1 0 0 -1 0 0 -1 0 0 -1 0 0 -1 0 0 -1 0 0 -1 0 0 -1 0 0 -1 0 0 -1 0 0 -1 0 0 -1 0 0 -1 0 0 -1 0 0 -1 0 0 -1 0 0 -1 0 0 -1 0 0 -1 0 0 -1 0 0 -1 0 0 -1 0 0 -1 0 0 -1 0 0 -1 0 0 -1 0 0 -1 0 0 -1 0 0 -1 0 0 -1 0 0 -1 0 0 -1 0 0 -1 0 0 -1 0 0 -1 0 0 -1 0 0 -1 0 0 -1 0 0 -1 0 0 -1 0 0 -1 0 0 -1 0 0 -1 0 0 -1 0 0 -1 0 0 -1 0.2079117 0 -0.9781476 0.2079117 0 -0.9781476 0.587785 0 -0.8090171 0.587785 0 -0.8090171 0.8660255 0 -0.4999997 0.8660255 0 -0.4999997 0.9945219 0 -0.1045286 0.9945219 0 -0.1045286 0.9510565 0 0.309017 0.9510565 0 0.309017 0.7431447 0 0.6691307 0.7431447 0 0.6691307 0.4067372 0 0.9135453 0.4067372 0 0.9135453 0 0 1 0 0 1 -0.4067372 0 0.9135453 -0.4067372 0 0.9135453 -0.7431447 0 0.6691307 -0.7431447 0 0.6691307 -0.9510565 0 0.309017 -0.9510565 0 0.309017 -0.9945219 0 -0.1045286 -0.9945219 0 -0.1045286 -0.8660255 0 -0.4999997 -0.8660255 0 -0.4999997 -0.587785 0 -0.8090171 -0.587785 0 -0.8090171 -0.2079117 0 -0.9781476 -0.2079117 0 -0.9781476 0.6355471 0.05289977 -0.7702477 0.6356834 0.02691847 -0.7714805 0.6603057 0.05079793 -0.749277 0.620585 0.08241498 -0.7797963 0.6266071 0.1591179 -0.7629188 0.6212009 0.1624667 -0.7666251 0.6210348 0.1604299 -0.7671884 0.6203743 0.1626636 -0.7672523 0.6366872 0.2664269 -0.723634 0.6344143 0.2690769 -0.724649 0.6325139 0.2680799 -0.7266769 0.6325141 0.2680808 -0.7266765 0.6306268 0.2705708 -0.7273935 0.6456465 0.3688275 -0.6686606 0.643767 0.3710039 -0.6692684 0.6436476 0.3699125 -0.669987 0.6420818 0.3719121 -0.6703822 0.6600567 0.4621264 -0.5922537 0.6591399 0.4633667 -0.5923056 0.659072 0.4627875 -0.5928337 0.6590631 0.4628016 -0.5928327 0.6576435 0.4643698 -0.5931826 0.672091 0.5453979 -0.5008342 0.6719481 0.5457077 -0.5006883 0.6719273 0.5455324 -0.5009073 0.671404 0.5461301 -0.5009579 0.6860725 0.6133493 -0.3912892 0.6862035 0.6130461 -0.3915345 0.6862211 0.6132131 -0.391242 0.6869986 0.6123465 -0.3912348 0.6869996 0.6123449 -0.3912356 0.6870393 0.6124974 -0.390927 0.6870779 0.6122788 -0.3912014 0.6949524 0.6671332 -0.2682803 0.6950309 0.6667618 -0.2689996 0.7020314 0.6962381 0.1496806 0.7067978 0.7073846 0.006614208 0.7031162 0.711029 0.008081316 0.7031127 0.7110324 0.008084297 0.7067704 0.6944844 -0.1347851 0.7055418 0.6959547 -0.1336328 0.7054842 0.6957591 -0.1349496 0.7029096 0.6985486 -0.1339705 0.6969645 0.6649405 -0.2685043 0.6967488 0.665458 -0.2677813 0.6967484 0.6654568 -0.2677848 0.6920281 0.6630685 0.2853723 0.7065252 0.6918161 0.1490396 0.7031594 0.6954563 0.1480113 0.703159 0.6954551 0.1480185 0.6944188 0.6604425 0.2856538 0.6944188 0.6604422 0.2856547 0.6940927 0.6611512 0.2848059 0.6919664 0.6627243 0.2863202 0.6919707 0.6627386 0.2862765 0.6946461 0.6606337 0.2846574 0.6838802 0.6040142 0.4092367 0.684197 0.60342 0.4095838 0.685109 0.6029494 0.4087515 0.6850724 0.602663 0.4092349 0.6855859 0.6025354 0.408562 0.6676862 0.5341999 0.5184838 0.6671811 0.534385 0.5189433 0.6672061 0.5345685 0.518722 0.6668879 0.5346125 0.5190856 0.6582072 0.4460889 0.6064388 0.6582071 0.4460888 0.606439 0.6566088 0.4463058 0.60801 0.6567111 0.44707 0.6073378 0.6547892 0.4474844 0.6091048 0.6422556 0.3539581 0.6798686 0.6406951 0.3532646 0.6816993 0.6408692 0.3546795 0.6808005 0.637417 0.354941 0.683898 0.6362263 0.251137 0.7294837 0.6345189 0.2495632 0.731508 0.6347494 0.2517034 0.7305742 0.6347483 0.2517028 0.7305753 0.6282666 0.2518625 0.7361021 0.6283068 0.2540994 0.7352986 0.6281309 0.2519429 0.7361904 0.6256337 0.1454834 0.7664313 0.6182457 0.1443902 0.7726084 0.618254 0.147056 0.7720988 0.6176612 0.1445223 0.7730511 0.6261618 0.03587406 0.7788674 0.618696 0.03321522 0.7849281 0.6186566 0.03630632 0.7848222 0.6178477 0.03324544 0.7855947 0.6177886 0.03637766 0.7855024 0.6176526 0.03331214 0.7857452 0.6175817 0.03633087 0.7856672 0.6157036 0.03336346 0.7872712 0.6239298 -0.07573765 0.7778017 0.6179376 -0.07930016 0.7822178 0.6178215 -0.07642525 0.7825956 0.6153333 -0.07960122 0.7842376 0.6316881 -0.1852502 0.7527633 0.6269159 -0.1893005 0.7557392 0.6267648 -0.1866168 0.7565315 0.6224161 -0.1905502 0.7591369 0.6380616 -0.2922357 0.7123733 0.6375197 -0.2946295 0.7118722 0.6355547 -0.2933114 0.7141699 0.6355556 -0.293323 0.7141643 0.6315558 -0.2971987 0.7161076 0.651452 -0.3919302 0.6496161 0.6501082 -0.3943347 0.6495072 0.649982 -0.3927848 0.6505717 0.6455263 -0.396974 0.6524627 0.6628425 -0.483478 0.5717421 0.6628018 -0.4845793 0.5708561 0.6627146 -0.4835638 0.5718176 0.6627136 -0.4835652 0.5718176 0.6592773 -0.4870597 0.5728231 0.6592759 -0.487052 0.5728313 0.6779117 -0.5619544 0.4739652 0.6760315 -0.5640171 0.4742004 0.6759373 -0.5635554 0.4748833 0.6754531 -0.5644823 0.474471 0.6884729 -0.6283746 0.3621471 0.6879681 -0.6289834 0.3620494 0.6879725 -0.6289762 0.3620537 0.6879454 -0.6288452 0.3623324 0.68782 -0.6291099 0.3621112 0.6876957 -0.6290723 0.3624122 0.699463 -0.6746329 0.2358434 0.6998146 -0.6742161 0.2359918 0.6998275 -0.6742839 0.2357594 0.7001611 -0.6738836 0.2359136 0.7033135 -0.7039741 0.09884583 0.7037667 -0.703455 0.09931576 0.7037737 -0.7035211 0.09879702 0.704599 -0.7026326 0.09923648 0.7058722 -0.7070532 -0.04266273 0.70641 -0.7065644 -0.04185235 0.7063909 -0.7065302 -0.04274439 0.7064174 -0.7065572 -0.04184895 0.7081729 -0.7047547 -0.04256868 0.6993188 -0.6907255 -0.183988 0.6992847 -0.6906136 -0.1845366 0.6993246 -0.690715 -0.1840049 0.7004976 -0.6894479 -0.1842952 0.7004975 -0.6894463 -0.1843013 0.700618 -0.6894642 -0.183776 0.6933801 -0.6468821 -0.3174389 0.6938161 -0.6465985 -0.3170641 0.6939626 -0.6463399 -0.3172705 0.6939773 -0.6464518 -0.3170103 0.694155 -0.6461672 -0.3172013 0.6942048 -0.646231 -0.3169625 0.6786023 -0.5894091 -0.4382873 0.6777883 -0.5898049 -0.439014 0.6778268 -0.5900605 -0.4386107 0.6772778 -0.5902301 -0.4392302 0.6690471 -0.5102437 -0.5403956 0.6673935 -0.5106567 -0.5420477 0.6675069 -0.5113928 -0.5412135 0.666036 -0.5116571 -0.5427736 0.6654704 -0.5129119 -0.5422827 0.6522564 -0.4258516 -0.6270661 0.6505855 -0.4253083 -0.6291672 0.6507974 -0.426762 -0.6279627 0.6469204 -0.4275532 -0.6314209 0.6447359 -0.3277688 -0.6905673 0.6428704 -0.3262712 -0.6930113 0.6428701 -0.3262687 -0.6930129 0.6359964 -0.3320097 -0.6966191 0.6359952 -0.3319786 -0.6966351 0.6356743 -0.3296952 -0.6980109 0.6314864 -0.2264217 -0.7415916 0.6314805 -0.2264145 -0.741599 0.6232777 -0.226181 -0.7485768 0.6233565 -0.2291274 -0.7476144 0.6225423 -0.226415 -0.7491177 0.6291661 -0.1186113 -0.7681676 0.6208251 -0.1166586 -0.7752207 0.620868 -0.1200852 -0.7746629 0.6173182 -0.1172592 -0.7779258 0.6228268 -0.02980792 -0.7817917 0.6206811 -0.02862966 -0.7835402 0.6207002 0.02753913 -0.7835642 -0.6355471 -0.05289977 -0.7702477 -0.6356834 -0.02691847 -0.7714805 -0.6603057 -0.05079793 -0.749277 -0.620585 -0.08241498 -0.7797963 -0.6266071 -0.1591179 -0.7629188 -0.6212009 -0.1624667 -0.7666251 -0.6210348 -0.1604299 -0.7671884 -0.6203743 -0.1626636 -0.7672523 -0.6366872 -0.2664269 -0.723634 -0.6344143 -0.2690769 -0.724649 -0.6325139 -0.2680799 -0.7266769 -0.6326757 -0.2697603 -0.7259139 -0.6317483 -0.2683824 -0.727231 -0.6306274 -0.2705732 -0.7273921 -0.6456465 -0.3688275 -0.6686606 -0.643767 -0.3710039 -0.6692684 -0.6436476 -0.3699125 -0.669987 -0.6420818 -0.3719121 -0.6703822 -0.6600567 -0.4621264 -0.5922537 -0.6591399 -0.4633667 -0.5923056 -0.659072 -0.4627875 -0.5928337 -0.6590631 -0.4628016 -0.5928327 -0.6576435 -0.4643698 -0.5931826 -0.672091 -0.5453979 -0.5008342 -0.6719481 -0.5457077 -0.5006883 -0.6719273 -0.5455324 -0.5009073 -0.671404 -0.5461301 -0.5009579 -0.6860725 -0.6133493 -0.3912892 -0.6862035 -0.6130461 -0.3915345 -0.6862034 -0.6130442 -0.3915378 -0.6950309 -0.6667619 -0.2689996 -0.6949524 -0.6671333 -0.2682805 -0.6870779 -0.6122788 -0.3912014 -0.6870392 -0.6124975 -0.390927 -0.6870384 -0.6124944 -0.3909335 -0.7020314 -0.6962381 0.1496806 -0.7067978 -0.7073846 0.006614208 -0.7031162 -0.711029 0.008081316 -0.7031127 -0.7110324 0.008084297 -0.7067704 -0.6944844 -0.1347851 -0.7055418 -0.6959547 -0.1336328 -0.7054842 -0.6957591 -0.1349496 -0.7029096 -0.6985486 -0.1339705 -0.6969645 -0.6649405 -0.2685043 -0.6967488 -0.665458 -0.2677813 -0.6967484 -0.6654568 -0.2677848 -0.703159 -0.6954551 0.1480185 -0.7031594 -0.6954563 0.1480113 -0.7065252 -0.691816 0.1490396 -0.6920281 -0.6630685 0.2853722 -0.6919707 -0.6627384 0.2862768 -0.6919664 -0.6627242 0.2863202 -0.6940926 -0.6611512 0.2848059 -0.6944187 -0.6604423 0.2856546 -0.6944189 -0.6604427 0.2856538 -0.6946461 -0.6606337 0.2846574 -0.6838088 -0.6037558 0.409737 -0.6851091 -0.60295 0.4087503 -0.6850724 -0.602663 0.4092349 -0.6855859 -0.6025354 0.408562 -0.6676862 -0.5341999 0.5184838 -0.6671811 -0.534385 0.5189433 -0.6672061 -0.5345685 0.518722 -0.6668879 -0.5346125 0.5190856 -0.6582072 -0.4460889 0.6064388 -0.6357284 -0.2513244 0.729853 -0.6345205 -0.2495781 0.7315015 -0.6347494 -0.2517034 0.7305742 -0.6582071 -0.4460888 0.606439 -0.6566088 -0.4463058 0.60801 -0.6567111 -0.44707 0.6073378 -0.6547892 -0.4474844 0.6091048 -0.6422556 -0.3539581 0.6798686 -0.6406951 -0.3532646 0.6816993 -0.6408692 -0.3546795 0.6808005 -0.637417 -0.354941 0.683898 -0.6361145 -0.248941 0.7303333 -0.6347483 -0.2517028 0.7305753 -0.6282666 -0.2518625 0.7361021 -0.6283068 -0.2540994 0.7352986 -0.6281309 -0.2519429 0.7361904 -0.6256337 -0.1454834 0.7664313 -0.6182457 -0.1443902 0.7726084 -0.618254 -0.147056 0.7720988 -0.6176612 -0.1445223 0.7730511 -0.6261618 -0.03587406 0.7788674 -0.618696 -0.03321522 0.7849281 -0.6186566 -0.03630632 0.7848222 -0.6178506 -0.03325647 0.7855919 -0.6175803 -0.03638845 0.7856656 -0.6175817 -0.03633087 0.7856672 -0.6157036 -0.03336346 0.7872712 -0.6239298 0.07573765 0.7778017 -0.6179376 0.07930016 0.7822178 -0.6178215 0.07642525 0.7825956 -0.6153333 0.07960122 0.7842376 -0.6316881 0.1852502 0.7527633 -0.6269159 0.1893005 0.7557392 -0.6267648 0.1866168 0.7565315 -0.6224161 0.1905502 0.7591369 -0.6380616 0.2922357 0.7123733 -0.6375197 0.2946295 0.7118722 -0.6355547 0.2933114 0.7141699 -0.6357042 0.2954022 0.7131744 -0.634225 0.2938967 0.7151107 -0.6315572 0.2972035 0.7161046 -0.651452 0.3919302 0.6496161 -0.6501082 0.3943347 0.6495072 -0.649982 0.3927848 0.6505717 -0.6455263 0.396974 0.6524627 -0.6628425 0.483478 0.5717421 -0.6628018 0.4845793 0.5708561 -0.6627146 0.4835638 0.5718176 -0.6627131 0.4835661 0.5718175 -0.659284 0.487055 0.5728194 -0.6592825 0.4870474 0.5728276 -0.678404 0.5614126 0.4739029 -0.6760315 0.5640171 0.4742004 -0.6759373 0.5635554 0.4748833 -0.6754531 0.5644823 0.474471 -0.6884729 0.6283746 0.3621471 -0.6879727 0.6289778 0.3620503 -0.6879454 0.6288452 0.3623324 -0.68782 0.6291099 0.3621112 -0.6876957 0.6290723 0.3624122 -0.699463 0.6746329 0.2358434 -0.6998146 0.6742161 0.2359918 -0.6998275 0.6742839 0.2357594 -0.7001611 0.6738836 0.2359136 -0.7033135 0.7039741 0.09884583 -0.7037667 0.703455 0.09931576 -0.7037737 0.7035211 0.09879702 -0.704599 0.7026326 0.09923648 -0.7058722 0.7070532 -0.04266273 -0.70641 0.7065644 -0.04185235 -0.7063909 0.7065302 -0.04274439 -0.7064174 0.7065572 -0.04184895 -0.7081729 0.7047547 -0.04256868 -0.6993188 0.6907255 -0.183988 -0.6992847 0.6906136 -0.1845366 -0.6993246 0.690715 -0.1840049 -0.7004976 0.6894479 -0.1842952 -0.7004975 0.6894463 -0.1843013 -0.700618 0.6894642 -0.183776 -0.6933801 0.6468821 -0.3174389 -0.6938161 0.6465985 -0.3170641 -0.6939626 0.6463399 -0.3172705 -0.6939632 0.6463445 -0.3172598 -0.6942062 0.6462388 -0.3169435 -0.6786023 0.5894091 -0.4382873 -0.6777883 0.5898049 -0.439014 -0.6778268 0.5900605 -0.4386107 -0.6772778 0.5902301 -0.4392302 -0.6690471 0.5102437 -0.5403956 -0.6673935 0.5106567 -0.5420477 -0.6675069 0.5113928 -0.5412135 -0.666036 0.5116571 -0.5427736 -0.6654704 0.5129119 -0.5422827 -0.6522564 0.4258516 -0.6270661 -0.6505855 0.4253083 -0.6291672 -0.6507974 0.426762 -0.6279627 -0.6469204 0.4275532 -0.6314209 -0.6447359 0.3277688 -0.6905673 -0.6428704 0.3262712 -0.6930113 -0.6431693 0.328531 -0.6916651 -0.6358983 0.3296061 -0.697849 -0.6359034 0.3296097 -0.6978426 -0.6359952 0.3319786 -0.6966351 -0.6356743 0.3296952 -0.6980109 -0.6314864 0.2264217 -0.7415916 -0.6314805 0.2264145 -0.741599 -0.6232777 0.226181 -0.7485768 -0.6233565 0.2291274 -0.7476144 -0.6225423 0.226415 -0.7491177 -0.6291661 0.1186113 -0.7681676 -0.6208251 0.1166586 -0.7752207 -0.620868 0.1200852 -0.7746629 -0.6173182 0.1172592 -0.7779258 -0.6228268 0.02980792 -0.7817917 -0.6206811 0.02862966 -0.7835402 -0.6207002 -0.02753913 -0.7835642 0.06007468 -0.7058268 0.7058326 0.06007516 -0.7058297 0.7058296 0.1784964 -0.6855242 0.7058297 0.1784964 -0.6855236 0.7058303 0.1784955 -0.685521 0.7058331 0.2917825 -0.6454942 0.7058331 0.2917833 -0.6454979 0.7058292 0.2917858 -0.6455026 0.7058239 0.3966788 -0.586906 0.7058239 0.396678 -0.5869041 0.7058259 0.3966752 -0.5869005 0.7058303 0.4901569 -0.5114202 0.7058296 0.4901577 -0.5114215 0.7058283 0.4901596 -0.5114232 0.7058258 0.5695394 -0.4212303 0.7058256 0.569537 -0.4212275 0.7058293 0.5695382 -0.4212283 0.7058278 0.6325343 -0.3189163 0.7058278 0.6325361 -0.3189178 0.7058254 0.6325316 -0.3189159 0.7058304 0.6773303 -0.2074292 0.7058306 0.6773337 -0.2074311 0.7058267 0.6773325 -0.2074308 0.705828 0.7026456 -0.08997797 0.705828 0.7026422 -0.08997672 0.7058316 0.7026432 -0.08997678 0.7058305 0.7077425 0.03006416 0.7058305 0.7077414 0.03006434 0.7058316 0.707746 0.03006488 0.705827 0.6924847 0.1492418 0.7058271 0.6924844 0.1492418 0.7058274 0.6924821 0.1492412 0.7058297 0.6572994 0.2641252 0.7058296 0.6573017 0.2641256 0.7058274 0.6572986 0.264124 0.7058308 0.6032068 0.3714093 0.7058305 0.6032077 0.3714096 0.7058296 0.6032087 0.3714103 0.7058284 0.5317631 0.4680103 0.705829 0.5317626 0.46801 0.7058294 0.5317612 0.4680085 0.7058314 0.4450179 0.5511453 0.7058312 0.4450201 0.5511471 0.7058286 0.4450208 0.5511479 0.7058276 0.3454751 0.6184293 0.7058272 0.3454756 0.6184299 0.7058266 0.3454732 0.6184247 0.7058323 0.2359889 0.667914 0.705833 0.2359893 0.6679148 0.7058321 0.2359899 0.6679167 0.7058302 0.1197168 0.6981917 0.7058301 0.1197169 0.6981919 0.70583 0.1197168 0.6981912 0.7058306 0 0.7083806 0.7058307 0 0.7083805 0.7058306 0 0.7083805 0.7058306 -0.1197168 0.6981912 0.7058306 -0.1197168 0.6981911 0.7058308 -0.1197169 0.6981917 0.7058301 -0.2359898 0.6679167 0.7058302 -0.2359897 0.6679158 0.705831 -0.2359889 0.667914 0.705833 -0.3454726 0.618425 0.7058323 -0.3454725 0.6184243 0.705833 -0.3454756 0.618429 0.7058273 -0.4450207 0.5511479 0.7058275 -0.4450204 0.5511474 0.7058283 -0.4450182 0.5511451 0.7058314 -0.5317612 0.4680086 0.7058314 -0.5317614 0.4680088 0.7058312 -0.5317631 0.4680102 0.705829 -0.6032086 0.3714104 0.7058284 -0.603208 0.3714098 0.7058292 -0.6032069 0.3714092 0.7058305 -0.6572987 0.2641237 0.7058308 -0.657301 0.2641253 0.7058281 -0.6572995 0.2641248 0.7058296 -0.6924821 0.1492413 0.7058298 -0.6924819 0.1492413 0.7058297 -0.489351 0.03120422 0.8715285 -0.6420682 0.0272746 0.7661622 -0.7063916 0.04504513 0.7063864 -0.6924848 0.1492417 0.7058271 -0.7070264 -0.01500982 0.7070279 -0.7026433 -0.08997625 0.7058304 -0.7026404 -0.08997648 0.7058333 -0.7026457 -0.08997756 0.705828 -0.6773327 -0.2074299 0.705828 -0.6773289 -0.2074296 0.7058318 -0.6773301 -0.2074301 0.7058306 -0.6325314 -0.3189162 0.7058303 -0.6325348 -0.3189171 0.7058269 -0.632534 -0.3189167 0.7058278 -0.5695378 -0.421229 0.7058278 -0.5695412 -0.4212306 0.7058241 -0.56954 -0.4212296 0.7058256 -0.4901593 -0.5114234 0.7058257 -0.49016 -0.5114239 0.7058249 -0.490157 -0.5114202 0.7058297 -0.3966755 -0.5869004 0.7058304 -0.3966757 -0.5869007 0.70583 -0.3966788 -0.586906 0.7058238 -0.2917861 -0.6455025 0.705824 -0.2917842 -0.6454999 0.705827 -0.2917821 -0.6454943 0.7058331 -0.1784955 -0.685521 0.7058331 -0.1784959 -0.6855217 0.7058323 -0.1784964 -0.6855242 0.7058297 -0.0600754 -0.7058296 0.7058296 -0.0600748 -0.7058277 0.7058317 -0.0600748 -0.7058313 0.705828 0.06007409 -0.7058314 0.7058281 -0.7058289 0.06007486 -0.7058305 -0.7058281 0.06007474 -0.7058313 -0.6855226 0.178496 -0.7058314 -0.6855211 0.1784958 -0.705833 -0.5869017 0.3966765 -0.7058287 -0.6855193 0.1784951 -0.7058348 -0.6454929 0.2917811 -0.7058347 -0.6454941 0.2917816 -0.7058336 -0.6455008 0.2917855 -0.7058256 -0.5869047 0.396678 -0.7058255 -0.4212275 0.5695369 -0.7058293 -0.5868992 0.3966743 -0.705832 -0.5114192 0.4901555 -0.7058314 -0.511419 0.4901553 -0.7058317 -0.5114217 0.4901586 -0.7058274 -0.4212289 0.5695385 -0.7058273 -0.2074307 0.6773325 -0.705828 -0.4212274 0.5695369 -0.7058295 -0.3189162 0.6325324 -0.7058294 -0.3189151 0.6325307 -0.7058315 -0.3189149 0.6325303 -0.705832 -0.2074291 0.6773287 -0.7058323 -0.2074304 0.6773309 -0.7058296 -0.0899775 0.702644 -0.7058297 -0.08997642 0.7026396 -0.7058342 -0.08997642 0.7026417 -0.7058321 0.03006416 0.7077409 -0.7058321 0.03006422 0.7077394 -0.7058337 0.030065 0.7077444 -0.7058286 0.1492413 0.6924831 -0.7058287 0.1492412 0.6924816 -0.7058303 0.3714094 0.6032073 -0.7058301 0.1492409 0.6924805 -0.7058314 0.264124 0.657298 -0.7058313 0.2641237 0.657297 -0.7058324 0.2641237 0.657297 -0.7058324 0.3714085 0.6032055 -0.7058321 0.3714094 0.6032073 -0.7058301 0.4680093 0.5317617 -0.7058305 0.4680099 0.5317626 -0.7058296 0.6184263 0.3454735 -0.7058307 0.4680073 0.5317602 -0.7058331 0.5511436 0.4450175 -0.705833 0.5511431 0.4450169 -0.7058337 0.5511469 0.4450194 -0.7058292 0.6184277 0.3454746 -0.705829 0.6981897 0.1197165 -0.7058322 0.6184234 0.3454723 -0.7058339 0.6679126 0.2359881 -0.7058346 0.6679164 0.2359899 -0.7058303 0.667915 0.2359896 -0.7058318 0.6981901 0.1197167 -0.7058318 0.6981899 -0.1197166 -0.7058321 0.6981896 0.1197165 -0.7058323 0.7067854 0.03002363 -0.7067907 0.4898073 0 -0.8718308 0.7067854 -0.03002363 -0.7067906 0.6981896 -0.1197165 -0.7058323 0.6184265 -0.3454737 -0.7058305 0.6981901 -0.1197167 -0.7058318 0.667915 -0.2359896 -0.7058318 0.6679164 -0.2359899 -0.7058303 0.6679126 -0.2359881 -0.7058346 0.6184234 -0.3454723 -0.7058339 0.6184277 -0.3454746 -0.705829 0.5511469 -0.4450193 -0.7058292 0.5511431 -0.4450169 -0.7058337 0.3714094 -0.6032073 -0.7058301 0.5511436 -0.4450175 -0.705833 0.4680073 -0.5317602 -0.7058331 0.4680099 -0.5317626 -0.7058296 0.4680093 -0.5317617 -0.7058305 0.3714094 -0.6032073 -0.7058301 0.3714085 -0.6032055 -0.7058321 0.2641237 -0.657297 -0.7058324 0.2641237 -0.657297 -0.7058324 0.264124 -0.657298 -0.7058313 0.1492409 -0.6924805 -0.7058314 0.1492412 -0.6924816 -0.7058303 0.1492413 -0.6924831 -0.7058287 0.030065 -0.7077444 -0.7058286 0.03006422 -0.7077394 -0.7058337 -0.2074307 -0.6773325 -0.7058281 0.03006416 -0.7077409 -0.7058321 -0.08997642 -0.7026417 -0.7058321 -0.08997642 -0.7026396 -0.7058342 -0.0899775 -0.7026441 -0.7058296 -0.2074304 -0.6773309 -0.7058296 -0.2074291 -0.6773287 -0.7058323 -0.3189149 -0.6325302 -0.7058321 -0.3189151 -0.6325307 -0.7058315 -0.3189162 -0.6325324 -0.7058294 -0.4212274 -0.5695369 -0.7058295 -0.4212275 -0.5695369 -0.7058293 -0.5869017 -0.3966765 -0.7058287 -0.4212289 -0.5695385 -0.7058273 -0.5114217 -0.4901586 -0.7058274 -0.511419 -0.4901553 -0.7058317 -0.5114193 -0.4901555 -0.7058314 -0.5868992 -0.3966743 -0.705832 -0.5869047 -0.396678 -0.7058255 -0.6455009 -0.2917855 -0.7058256 -0.6454941 -0.2917816 -0.7058336 -0.6454929 -0.2917811 -0.7058347 -0.6855193 -0.1784951 -0.7058348 -0.6855211 -0.1784958 -0.705833 -0.6855226 -0.178496 -0.7058314 -0.7058281 -0.06007474 -0.7058313 -0.7058289 -0.06007486 -0.7058305 -0.7058297 -0.06007486 -0.7058297 -0.7058297 0.06007486 -0.7058297 0 0 1 0 0 1 0 0 1 0 -1 0 0 -1 0 0 -1 0 0 -1 0 0 -1 0 0 -1 0 0 -1 0 0 -1 0 0 -1 0 0 -1 0 0 -1 0 0 -1 0 0 -1 0 0 -1 0 0 -1 0 0 -1 0 0 -1 0 0 -1 0 0 -1 0 0 0 -1 0 0 -1 0 0 -1 0.9825958 -0.1854649 0.01041138 0.9863358 -0.1643549 0.01137369 0.986338 -0.164341 0.01137524 0.989776 -0.1419079 0.01434516 0.9897769 -0.1419005 0.01434683 0.992822 -0.1177208 0.0211237 0.9928219 -0.1177227 0.02112305 0.9953308 -0.09063553 0.0331946 0.9989491 -0.04582917 -6.46645e-4 0.991881 -0.1270151 0.006273746 0.996761 -0.05940598 0.05420798 0.9953306 -0.09063857 0.03319299 0.9998046 -0.008617103 0.01778787 0.9989731 0.04243528 0.01587641 0.999961 -0.0080325 0.003693103 0.9997196 -0.02366101 9.54702e-4 0.9701484 -0.2413358 -0.02385723 0.9658758 -0.2586517 -0.01353758 0.9658716 -0.2586679 -0.013529 0.9669159 -0.2548324 0.01159244 0.9669145 -0.254837 0.01159024 0.9710426 -0.2380079 0.02070325 0.9710431 -0.2380052 0.02070468 0.9560707 -0.2927935 -0.01416754 0.985103 -0.1719411 0.002905309 0.9918565 -0.1270132 0.009397029 0.9825922 -0.1854835 0.01041078 0.9825924 -0.1854827 0.01041078 0.9999557 -0.009391725 7.67721e-4 0.9999554 -0.009417176 7.67721e-4 0.999099 -0.04244083 8.71436e-5 0.9997403 -0.01045459 -0.02024894 0.9990948 -0.04210537 -0.006068289 0.9990941 -0.04212141 -0.006061553 0.9974874 -0.07084453 1.84962e-4 0.9853986 -0.1689634 0.02099972 0.9949744 -0.08915805 -0.04557168 0.9949744 -0.08915877 -0.0455712 0.9926471 -0.1172657 -0.03000754 0.9926469 -0.1172679 -0.03000658 0.9895824 -0.1424117 -0.02110677 0.9895829 -0.1424084 -0.02110761 0.9858559 -0.1667422 -0.01688534 0.9858551 -0.1667478 -0.01688462 0.9815573 -0.1905493 -0.01536554 0.981558 -0.190546 -0.01536566 0.9854996 -0.1689808 -0.01536935 0.9832019 -0.1822205 -0.01047235 0.9420313 -0.3328412 0.04235053 0.9701498 -0.2413293 -0.02386057 0.9701512 -0.2413241 -0.02386426 0.9841854 0.1764228 -0.01593983 0.9841842 0.1764296 -0.01593953 0.9880031 0.1532738 -0.01889735 0.9880093 0.153233 -0.01890265 0.9880077 0.1532437 -0.01889991 0.9913762 0.1285846 -0.02527987 0.9913758 0.128589 -0.02527803 0.9940858 0.1017789 -0.03787493 0.9940857 0.1017803 -0.03787404 0.9957042 0.07113075 -0.05927622 0.9853444 0.1689541 0.02347171 0.9985113 0.05449247 -0.002394914 0.9996216 0.02408599 -0.0132848 0.9990851 0.04244029 -0.005278468 0.999743 0.02264213 -0.001101911 0.9999554 -0.009414315 7.67833e-4 0.9775006 0.2106673 0.01058602 0.9785348 0.2056624 0.01313728 0.9785329 0.2056719 0.01313269 0.9263726 0.3722479 -0.05714267 0.9685466 0.2483866 0.01488268 0.9685464 0.2483875 0.01488214 0.9685548 0.248354 0.01489865 0.9628616 0.2699626 0.004218876 0.9639402 0.2659432 -0.009668171 0.9639401 0.2659435 -0.009668111 0.9687542 0.2472038 -0.02013772 0.9687543 0.2472036 -0.0201379 0.9421876 0.3328964 0.03824478 0.982217 0.1875555 -0.008526682 0.9855064 0.1689819 -0.01490896 0.9794192 0.2012488 -0.01539486 0.9794216 0.2012368 -0.01539486 0.9998014 0.0089612 0.0178011 0.9991062 0.0367971 0.02080541 0.9988619 0.04243141 0.02178734 0.9989832 0.03753656 0.02497273 0.9976765 0.06733191 0.01039135 0.9759771 0.210339 -0.05679845 0.9961124 0.07804727 0.0408501 0.9940077 0.106327 0.02536356 0.9940093 0.1063097 0.02537298 0.9940091 0.1063113 0.02537238 0.9911437 0.1317312 0.01677191 0.9911426 0.1317389 0.01677012 0.9878989 0.1546126 0.01227992 0.9878994 0.1546097 0.01228028 0.9841603 0.1769623 0.01063179 0.9841611 0.1769568 0.01063203 0.9797899 0.199749 0.01058536 -0.9986609 0.04962629 0.01461911 -0.9986612 0.04962086 0.01462006 -0.9979256 0.06363427 0.009746909 -0.9997167 0.02374655 0.001642763 -0.9999689 0.007879734 0 -0.999969 0.007882118 0 -0.9997748 -0.02122473 0 -0.9990242 -0.03730303 0.02364587 -0.9918496 -0.1270102 -0.01013696 -0.9994546 -0.03301638 -6.15737e-4 -0.9999586 -0.008351504 0.003603875 -0.9974441 -0.06950682 0.01655519 -0.9974445 -0.06950175 0.0165562 -0.9947966 -0.1007401 0.0151984 -0.9887452 0.1362845 -0.06172192 -0.9666166 0.2516871 0.04802083 -0.9862968 0.1596886 -0.0414521 -0.9862971 0.1596861 -0.04145395 -0.9831821 0.1804053 -0.0284062 -0.9831814 0.1804091 -0.02840411 -0.9799376 0.1983044 -0.01993966 -0.9799385 0.1982999 -0.01994162 -0.976431 0.2153719 -0.01405155 -0.9764327 0.215364 -0.01405423 -0.9764289 0.2153818 -0.01404941 -0.97214 0.2342292 -0.008963048 -0.9721335 0.2342571 -0.00895667 -0.9624061 0.2716139 -6.78346e-4 -0.9737809 0.2273825 0.006915807 -0.9737792 0.22739 0.006914138 -0.9775121 0.2105916 0.0110082 -0.977513 0.2105876 0.01100921 -0.9806696 0.1950387 0.01571238 -0.9806708 0.195033 0.01571416 -0.980673 0.1950218 0.01571857 -0.9837043 0.1783775 0.0225231 -0.9837059 0.1783678 0.02252799 -0.9867674 0.1587592 0.03294712 -0.9867683 0.1587535 0.03295075 -0.9894824 0.1359338 0.04946357 -0.9894822 0.1359353 0.04946237 -0.9773452 0.2106338 -0.02073132 -0.9968615 0.07892215 0.00619781 -0.9979234 0.06363558 0.00997442 -0.9966998 0.08056157 0.00997287 -0.9966993 0.08056694 0.009972751 -0.9952117 -0.09486615 -0.02353864 -0.997729 -0.06171113 -0.02699458 -0.999743 -0.02264213 -0.001101911 -0.9962968 -0.08479726 -0.01421898 -0.9988574 -0.02717047 -0.03931313 -0.9977289 -0.06171131 -0.02699458 -0.9988191 0.01178383 -0.04713362 -0.9963972 0.08480578 -7.87485e-4 -0.9999554 0.009412229 7.67823e-4 -0.9999554 0.009414315 7.67833e-4 -0.9983806 0.04758781 -0.03117126 -0.99838 0.04760378 -0.03116452 -0.9964628 0.08052629 -0.02402681 -0.9964589 0.08057904 -0.02401566 -0.9964601 0.08056277 -0.02401608 -0.9961102 0.08478134 -0.02401632 -0.9963445 0.08138781 -0.02595412 -0.9942476 0.1064279 -0.01203417 -0.9850847 -0.1700275 0.02643388 -0.9947994 -0.1007126 0.01519942 -0.9947987 -0.1007201 0.01519948 -0.9917448 -0.1269983 0.01771259 -0.9936895 -0.1083357 0.02906125 -0.9912307 -0.1311642 0.01604962 -0.9545772 -0.2923347 -0.05764394 -0.9880127 -0.1493087 0.0392152 -0.9850844 -0.1700295 0.02643281 -0.9819026 -0.1885188 0.01810979 -0.9819033 -0.1885152 0.01811122 -0.978784 -0.2045046 0.01263833 -0.9787827 -0.204511 0.0126363 -0.9752892 -0.2207715 0.008418083 -0.9752888 -0.2207733 0.008417606 -0.9753012 -0.2207183 0.008429408 -0.969227 -0.2461508 0.002975046 -0.9692229 -0.2461668 0.002971947 -0.9699141 -0.2433508 -0.006855487 -0.9750823 -0.2215048 -0.01224482 -0.9750825 -0.2215044 -0.01224493 -0.9785549 -0.2052501 -0.01739811 -0.9785571 -0.2052391 -0.01740187 -0.9818575 -0.1880414 -0.02441871 -0.9818583 -0.1880369 -0.02442073 -0.9849612 -0.1691724 -0.03510165 -0.9849658 -0.1691427 -0.03511852 -0.9849646 -0.1691502 -0.03511291 -0.9877839 -0.1470583 -0.05154377 -0.9665598 -0.2516723 0.04922574 -0.9931821 -0.1163047 -0.007903635 -0.9961397 -0.08478385 -0.02275037 -0.9952123 -0.09485995 -0.02353841 -0.995211 -0.0948745 -0.02353841 -0.2928228 -0.956166 -0.001059412 -0.1702647 -0.9853982 5.38152e-4 -0.1702604 -0.9853731 -0.007165789 -0.251922 -0.9675186 0.02104848 -0.2848121 -0.9585834 0 -0.1269983 -0.9917432 -0.01780474 -0.1269972 -0.9917433 -0.01780474 -0.04243451 -0.9989406 0.01780503 0.04243403 -0.9989406 -0.01780486 0.04243505 -0.9989406 -0.01780486 0.1269977 -0.9917432 0.01780498 0.309374 -0.9509404 0 0.4080744 -0.9027602 -0.1360123 0.2115502 -0.9755587 0.05942767 0.251926 -0.9675344 0.02025681 0.2519261 -0.9675344 0.02025681 0.1269918 -0.991697 -0.02025687 0.08478879 -0.996193 0.02025669 0.08478713 -0.9961932 0.02025669 -0.04243254 -0.998894 -0.02025669 -0.08478814 -0.9961931 0.02025669 -0.08478915 -0.996193 0.02025669 -0.9633743 0.2681567 -0.001376867 -0.9775544 0.2106791 -0.001365482 -0.9677249 0.2519756 -0.004108786 -0.9278812 0.3728536 0.004108905 -0.9112276 0.4119008 -0.001374065 -0.9278884 0.3728554 -0.001365423 -0.9112204 0.4118987 -0.004108846 -0.8515219 0.5243028 0.004108726 -0.8285091 0.559974 -0.001374125 -0.8515283 0.524307 -0.001365542 -0.8285028 0.5599698 -0.004108846 -0.7506662 0.660669 0.004108846 -0.7219555 0.6919381 -0.001374125 -0.7506716 0.660674 -0.001365482 -0.7219496 0.6919334 -0.004108905 -0.6282145 0.7780294 0.004108786 -0.594633 0.8039962 -0.001374065 -0.6282193 0.7780352 -0.001365423 -0.5946283 0.8039903 -0.004108786 -0.4876913 0.8730066 0.004108846 -0.4502034 0.892925 -0.001374125 -0.4876942 0.8730134 -0.001365482 -0.4501998 0.8929184 -0.004108846 -0.3331369 0.9428696 0.004108846 -0.2928218 0.956166 -0.001374185 -0.3331393 0.9428766 -0.001365542 -0.2928205 0.9561586 -0.004108905 -0.1689993 0.9856076 0.004108786 -0.1270182 0.9918994 -0.001374065 -0.1690005 0.985615 -0.001365423 -0.1270163 0.9918921 -0.004108786 0 0.9999915 0.004108846 0.04244071 0.9990981 -0.001374065 0 0.9999991 -0.001365423 0.04244142 0.9990905 -0.004108786 0.1689993 0.9856076 0.004108786 0.2106788 0.9775543 -0.001374125 0.1690005 0.985615 -0.001365482 0.2106773 0.977547 -0.004108846 0.3331369 0.9428696 0.004108846 0.372856 0.9278882 -0.001374125 0.3331393 0.9428766 -0.001365482 0.3728534 0.9278811 -0.004108846 0.4876913 0.8730066 0.004108846 0.524307 0.8515283 -0.001374065 0.4876942 0.8730134 -0.001365423 0.5243028 0.8515219 -0.004108786 0.6282146 0.7780293 0.004108846 0.6606742 0.7506715 -0.001374125 0.6282187 0.7780356 -0.001365482 0.6606687 0.7506663 -0.004108846 0.7506661 0.660669 0.004108846 0.7780349 0.6282194 -0.001374065 0.7506717 0.660674 -0.001365423 0.7780296 0.6282141 -0.004108786 0.8515219 0.5243028 0.004108786 0.8730132 0.4876946 -0.001374125 0.8515283 0.524307 -0.001365482 0.8730065 0.4876912 -0.004108846 0.9278813 0.3728531 0.004108846 0.9428768 0.333139 -0.001374125 0.9593361 0.2822629 -0.001381456 0.955012 0.2965141 0.005609095 -0.2920826 -0.9563921 -0.001374065 -0.2519776 -0.9677321 -0.001365602 -0.2928196 -0.9561589 -0.004108905 -0.4118981 -0.9112207 0.004108846 -0.4502031 -0.8929252 -0.001374065 -0.4119015 -0.9112274 -0.001365423 -0.4502 -0.8929182 -0.004108726 -0.5599697 -0.828503 0.004108905 -0.5946328 -0.8039963 -0.001374125 -0.5599743 -0.8285089 -0.001365482 -0.5946285 -0.8039901 -0.004108846 -0.6919333 -0.7219497 0.004108786 -0.721955 -0.6919386 -0.001374006 -0.691938 -0.7219557 -0.001365363 -0.7219501 -0.6919329 -0.004108786 -0.8039904 -0.5946282 0.004108905 -0.828509 -0.559974 -0.001374125 -0.8039956 -0.5946336 -0.001365482 -0.8285028 -0.5599697 -0.004108905 -0.8929185 -0.4501996 0.004108726 -0.9112272 -0.4119017 -0.001374065 -0.8929247 -0.450204 -0.001365423 -0.9112209 -0.4118977 -0.004108786 -0.9561586 -0.2928204 0.004108846 -0.9677321 -0.2519775 -0.001374185 -0.9631339 -0.2690188 -0.001370847 -0.969914 -0.2433512 -0.006855368 0.2106457 -0.9774004 -0.01780498 0.2106457 -0.9774004 -0.01780498 0.2118934 -0.9771401 -0.01727098 0.3723692 -0.9266768 0.05110108 0.3129603 -0.9497653 -0.00138241 0.3728562 -0.9278882 -0.001374065 0.4118981 -0.9112206 0.004108905 0.524303 -0.8515218 -0.004108786 0.5599739 -0.8285092 -0.001365482 0.5243067 -0.8515284 -0.001374125 0.5599699 -0.8285029 0.004108846 0.6606693 -0.7506659 -0.004108846 0.6919385 -0.7219552 -0.001365482 0.6606737 -0.7506719 -0.001374125 0.6919331 -0.7219499 0.004108905 0.7780292 -0.6282148 -0.004108726 0.8039957 -0.5946336 -0.001365482 0.7780355 -0.6282189 -0.001374125 0.8039904 -0.5946282 0.004108726 0.8730067 -0.487691 -0.004108905 0.8929255 -0.4502025 -0.001365482 0.873013 -0.4876948 -0.001374125 0.8929182 -0.4502002 0.004108846 0.9428697 -0.3331364 -0.004108846 0.9561662 -0.2928214 -0.001365482 0.9593153 -0.2823336 -0.00136286 0.9597244 -0.2809422 -7.55553e-4 0.973673 -0.2053745 0.0989052 0.9736725 -0.1421235 0.1782206 0.9736728 -0.0507282 0.2222337 0.774032 -0.140885 0.617273 0.4250003 -0.2014216 0.8824988 0 -0.2225178 0.9749286 -0.4249953 -0.2014202 0.8825016 -0.9736723 -0.1421241 0.1782213 -0.9736728 -0.2053753 0.09890556 -0.7740121 -0.1409064 0.6172929 -0.9736726 -0.05072838 0.2222346 -0.9736729 -0.0507211 -0.2222347 -0.774048 -0.1408774 -0.6172547 -0.7740314 -0.1408851 0.6172736 -0.7740336 -0.140889 0.61727 -0.7740349 -0.3947616 0.4950084 -0.7740309 -0.3947567 0.4950185 -0.7740292 -0.5704536 0.2747026 -0.7740225 -0.5704536 0.2747216 -0.7740314 -0.1408851 -0.6172736 -0.4249953 -0.2014202 -0.8825016 -0.4249858 -0.2014253 -0.8825049 -0.4249998 -0.2014217 0.882499 -0.4249966 -0.2014195 0.8825011 -0.4249945 -0.564395 0.7076991 -0.4249847 -0.5643883 0.7077103 -0.4249808 -0.8155512 0.3927692 -0.4250093 -0.8155546 0.3927313 -0.424983 -0.2014234 -0.8825067 0 -0.2225178 -0.9749286 0 -0.2225178 -0.9749286 0 -0.2225178 0.9749286 0 -0.2225178 0.9749286 0 -0.6235058 0.7818186 0 -0.6235058 0.7818186 0 -0.90096 0.4339021 0 -0.90096 0.4339021 0 -0.2225178 -0.9749286 0.4249835 -0.2014234 -0.8825065 0.4249858 -0.2014249 -0.882505 0.4249943 -0.2014203 0.882502 0.4249965 -0.2014191 0.8825012 0.4249956 -0.5643851 0.7077063 0.4249858 -0.5643976 0.7077023 0.4249777 -0.815568 0.3927377 0.4250062 -0.8155404 0.392764 0.4249943 -0.2014203 -0.882502 0.774032 -0.140885 -0.617273 0.7740334 -0.1408877 -0.6172704 0.7740453 -0.140878 -0.6172578 0.9736732 -0.05072093 -0.2222338 0.9736732 -0.142122 -0.1782187 0.7740309 -0.3947567 -0.4950185 0.7740349 -0.3947616 -0.4950083 0.4249846 -0.5643883 -0.7077103 0.4249864 -0.5643895 -0.7077084 0 -0.6234971 -0.7818257 0 -0.6234971 -0.7818257 -0.4249848 -0.5643899 -0.7077089 -0.4249866 -0.5643877 -0.7077097 -0.774032 -0.3947638 -0.495011 0.9736731 -0.2053753 -0.09890204 0.774026 -0.5704536 -0.2747118 0.7740292 -0.5704536 -0.2747026 0.4250043 -0.8155567 -0.3927323 0.4249803 -0.8155538 -0.3927642 0 -0.9009627 -0.4338965 0 -0.9009627 -0.4338965 -0.4250016 -0.8155447 -0.3927599 -0.4249776 -0.815568 -0.3927377 -0.7740269 -0.5704562 -0.2747038 -0.7740301 -0.5704489 -0.2747096 -0.9736729 -0.205376 -0.0989024 0.7740096 -0.1409072 0.617296 0.7740334 -0.1408877 0.6172704 0.7740361 -0.3947528 0.4950136 0.774032 -0.3947638 0.495011 0.7740312 -0.570444 0.274717 0.7740244 -0.5704588 0.2747051 -0.973673 -0.2279496 0 -0.7740227 -0.6331579 0 -0.7740228 -0.6331579 0 -0.4250068 -0.9051902 0 -0.4250068 -0.9051902 0 0 -1 0 0 -1 0 0.4250068 -0.9051902 0 0.4250068 -0.9051902 0 0.7740228 -0.6331579 0 0.7740227 -0.6331579 0 0.9736732 -0.2279487 0 -0.7740336 -0.1408889 -0.61727 -0.7740361 -0.3947528 -0.4950136 -0.9736729 -0.1421225 -0.1782193 0.9736734 -0.2053733 0.0989046 0.9736732 -0.142122 0.1782187 0.9736732 -0.05072093 0.2222338 0.774032 -0.140885 0.617273 0.4249992 -0.201434 0.8824965 0 -0.2225314 0.9749255 -0.4249945 -0.2014203 0.8825019 -0.9736731 -0.1421222 0.178219 -0.9736733 -0.2053736 0.09890472 -0.7740464 -0.1408778 0.6172567 -0.9736731 -0.05072098 0.2222341 -0.9736724 -0.05072164 -0.2222372 -0.7740464 -0.1408778 -0.6172567 -0.7740318 -0.1408851 0.6172732 -0.7740336 -0.1408882 0.6172702 -0.7740349 -0.3947616 0.4950084 -0.7740309 -0.3947567 0.4950185 -0.7740292 -0.5704536 0.2747026 -0.7740225 -0.5704536 0.2747216 -0.7740318 -0.1408851 -0.6172732 -0.4249945 -0.2014203 -0.8825019 -0.4249965 -0.2014191 -0.8825012 -0.4249991 -0.201434 0.8824965 -0.4249858 -0.201425 0.882505 -0.4249864 -0.5643895 0.7077084 -0.4249847 -0.5643883 0.7077103 -0.4249803 -0.8155539 0.3927643 -0.4250043 -0.8155567 0.3927323 -0.4250001 -0.2014216 -0.8824989 0 -0.2225178 -0.9749286 0 -0.2225178 -0.9749286 0 -0.2225314 0.9749255 0 -0.2225314 0.9749255 0 -0.6234971 0.7818257 0 -0.6234971 0.7818257 0 -0.9009627 0.4338965 0 -0.9009627 0.4338965 0 -0.2225178 -0.9749286 0.4250003 -0.2014216 -0.8824988 0.4249965 -0.2014191 -0.8825012 0.4249943 -0.2014203 0.882502 0.4249858 -0.2014249 0.882505 0.4249866 -0.5643877 0.7077097 0.4249848 -0.5643899 0.7077089 0.4249777 -0.815568 0.3927377 0.4250016 -0.8155447 0.3927599 0.4249943 -0.2014203 -0.882502 0.774032 -0.140885 -0.617273 0.7740334 -0.1408877 -0.6172704 0.7740453 -0.140878 -0.6172578 0.9736724 -0.05072158 -0.2222369 0.9736725 -0.1421235 -0.1782206 0.7740309 -0.3947567 -0.4950185 0.7740349 -0.3947616 -0.4950083 0.4249846 -0.5643883 -0.7077103 0.4249944 -0.564395 -0.7076991 0 -0.6235059 -0.7818187 0 -0.6235059 -0.7818187 -0.4249857 -0.5643976 -0.7077023 -0.4249956 -0.5643851 -0.7077063 -0.774032 -0.3947638 -0.495011 0.973673 -0.2053745 -0.0989052 0.7740225 -0.5704536 -0.2747216 0.7740292 -0.5704536 -0.2747026 0.4250093 -0.8155546 -0.3927313 0.4249808 -0.8155512 -0.3927692 0 -0.90096 -0.4339021 0 -0.90096 -0.4339021 -0.4250062 -0.8155404 -0.392764 -0.4249776 -0.815568 -0.3927377 -0.7740244 -0.5704589 -0.2747051 -0.7740312 -0.5704441 -0.274717 -0.9736729 -0.2053748 -0.09890532 0.7740453 -0.140878 0.6172578 0.7740334 -0.1408877 0.6172704 0.7740361 -0.3947528 0.4950136 0.774032 -0.3947638 0.495011 0.7740312 -0.570444 0.274717 0.7740244 -0.5704588 0.2747051 -0.9736731 -0.227949 0 -0.7740227 -0.6331579 0 -0.7740228 -0.6331579 0 -0.4250068 -0.9051902 0 -0.4250068 -0.9051902 0 0 -1 0 0 -1 0 0.4250068 -0.9051902 0 0.4250068 -0.9051902 0 0.7740228 -0.6331579 0 0.7740227 -0.6331579 0 0.9736731 -0.2279487 0 -0.7740336 -0.1408882 -0.6172703 -0.7740361 -0.3947528 -0.4950136 -0.9736725 -0.1421238 -0.1782209 0.9736729 -0.205376 0.0989024 0.9736727 -0.1421188 0.1782239 0.9736726 -0.05072838 0.2222346 0.774032 -0.140885 0.617273 0.424984 -0.2014233 0.8825062 0 -0.2225178 0.9749286 -0.4249943 -0.2014203 0.882502 -0.9736728 -0.1421183 0.1782233 -0.9736731 -0.2053753 0.09890204 -0.7740432 -0.1408981 0.6172561 -0.9736728 -0.0507282 0.2222337 -0.9736728 -0.0507282 -0.2222337 -0.7740096 -0.1409072 -0.617296 -0.774032 -0.140885 0.617273 -0.7740407 -0.1409 0.6172587 -0.7740393 -0.3947582 0.4950041 -0.7740291 -0.3947456 0.4950301 -0.7740292 -0.5704536 0.2747026 -0.774026 -0.5704536 0.2747118 -0.7740373 -0.1408942 -0.6172642 -0.4249929 -0.2014358 -0.8824991 -0.4249978 -0.2014331 -0.8824974 -0.4249835 -0.2014234 0.8825065 -0.4249858 -0.2014249 0.882505 -0.4249855 -0.5643976 0.7077023 -0.4249757 -0.5643909 0.7077136 -0.4249758 -0.8155532 0.3927702 -0.4250043 -0.8155567 0.3927323 -0.4249835 -0.2014234 -0.8825065 0 -0.2225178 -0.9749286 0 -0.2225178 -0.9749287 0 -0.2225178 0.9749286 0 -0.2225178 0.9749287 0 -0.6235058 0.7818186 0 -0.6235058 0.7818186 0 -0.90096 0.4339021 0 -0.90096 0.4339021 0 -0.2225178 -0.9749286 0.424984 -0.2014233 -0.8825062 0.4249981 -0.201433 -0.8824972 0.4249943 -0.2014203 0.882502 0.4249861 -0.2014247 0.8825049 0.4249868 -0.5643876 0.7077095 0.4249771 -0.5644001 0.7077054 0.424973 -0.8155699 0.3927386 0.4250015 -0.8155424 0.392765 0.4249929 -0.2014358 -0.8824991 0.7740373 -0.1408942 -0.6172642 0.7740334 -0.1408877 -0.6172704 0.7740096 -0.1409072 -0.617296 0.9736726 -0.05072838 -0.2222346 0.9736727 -0.1421188 -0.1782239 0.7740247 -0.394749 -0.4950344 0.7740349 -0.3947616 -0.4950083 0.4249849 -0.5643882 -0.7077103 0.4249948 -0.564395 -0.707699 0 -0.6235058 -0.7818186 0 -0.6235058 -0.7818186 -0.4249857 -0.5643976 -0.7077023 -0.4249956 -0.5643851 -0.7077063 -0.7740277 -0.3947672 -0.4950153 0.9736729 -0.205376 -0.0989024 0.7740235 -0.5704563 -0.2747131 0.7740267 -0.5704563 -0.2747039 0.4250096 -0.8155544 -0.3927312 0.4249811 -0.815551 -0.3927691 0 -0.90096 -0.4339021 0 -0.90096 -0.4339021 -0.4250062 -0.8155404 -0.392764 -0.4249776 -0.815568 -0.3927377 -0.7740244 -0.5704589 -0.2747051 -0.7740277 -0.5704516 -0.2747109 -0.9736731 -0.2053753 -0.09890204 0.7740432 -0.1408981 0.6172561 0.7740407 -0.1409 0.6172587 0.7740423 -0.3947356 0.4950176 0.774032 -0.3947638 0.495011 0.7740301 -0.5704489 0.2747096 0.7740269 -0.5704562 0.2747038 -0.9736732 -0.2279487 0 -0.7740227 -0.6331579 0 -0.7740228 -0.6331579 0 -0.4250068 -0.9051902 0 -0.4250068 -0.9051902 0 0 -1 0 0 -1 0 0.4250071 -0.90519 0 0.4250071 -0.90519 0 0.7740228 -0.6331579 0 0.7740227 -0.6331579 0 0.973673 -0.2279496 0 -0.7740334 -0.1408876 -0.6172705 -0.7740378 -0.3947389 -0.4950218 -0.9736729 -0.1421183 -0.1782233 0.9736728 -0.2053753 0.09890556 0.9736724 -0.1421241 0.1782213 0.9736726 -0.05072838 0.2222346 0.7740373 -0.1408942 0.6172642 0.4250007 -0.2014216 0.8824986 0 -0.2225178 0.9749286 -0.4249592 -0.2014393 0.8825145 -0.9736726 -0.1421235 0.1782206 -0.9736729 -0.2053745 0.0989052 -0.7740096 -0.1409072 0.617296 -0.9736728 -0.0507282 0.2222337 -0.9736732 -0.05072093 -0.2222338 -0.7740453 -0.1408781 -0.6172578 -0.7740373 -0.1408942 0.6172642 -0.7740334 -0.1408877 0.6172704 -0.7740349 -0.3947616 0.4950084 -0.7740309 -0.3947567 0.4950185 -0.7740292 -0.5704536 0.2747026 -0.7740225 -0.5704536 0.2747216 -0.774032 -0.140885 -0.617273 -0.4249943 -0.2014203 -0.882502 -0.4249858 -0.2014249 -0.882505 -0.4250003 -0.2014216 0.8824988 -0.4249965 -0.2014191 0.8825012 -0.4249945 -0.564395 0.7076991 -0.4249847 -0.5643883 0.7077103 -0.4249808 -0.8155512 0.3927692 -0.4250093 -0.8155546 0.3927313 -0.4249835 -0.2014234 -0.8825065 0 -0.2225178 -0.9749286 0 -0.2225178 -0.9749287 0 -0.2225178 0.9749286 0 -0.2225178 0.9749287 0 -0.6235058 0.7818186 0 -0.6235058 0.7818186 0 -0.90096 0.4339021 0 -0.90096 0.4339021 0 -0.2225178 -0.9749286 0.424984 -0.2014233 -0.8825062 0.4249861 -0.2014247 -0.8825049 0.4249592 -0.2014393 0.8825145 0.4249969 -0.2014189 0.8825011 0.4249958 -0.5643849 0.7077062 0.424986 -0.5643975 0.7077021 0.424978 -0.8155678 0.3927376 0.4250065 -0.8155403 0.392764 0.4249943 -0.2014203 -0.882502 0.774032 -0.140885 -0.617273 0.7740334 -0.1408877 -0.6172704 0.7740453 -0.140878 -0.6172578 0.9736729 -0.0507211 -0.2222347 0.9736729 -0.1421225 -0.1782193 0.7740309 -0.3947567 -0.4950185 0.7740349 -0.3947616 -0.4950083 0.4249849 -0.5643882 -0.7077103 0.4249867 -0.5643894 -0.7077082 0 -0.6234971 -0.7818257 0 -0.6234971 -0.7818257 -0.4249848 -0.5643899 -0.7077089 -0.4249866 -0.5643877 -0.7077097 -0.774032 -0.3947638 -0.495011 0.9736729 -0.205376 -0.0989024 0.774026 -0.5704536 -0.2747118 0.7740292 -0.5704536 -0.2747026 0.4250047 -0.8155565 -0.3927322 0.4249807 -0.8155537 -0.3927642 0 -0.9009627 -0.4338965 0 -0.9009627 -0.4338965 -0.4250016 -0.8155447 -0.3927599 -0.4249776 -0.815568 -0.3927377 -0.7740269 -0.5704562 -0.2747038 -0.7740301 -0.5704489 -0.2747096 -0.9736731 -0.2053753 -0.09890204 0.7740096 -0.1409072 0.617296 0.7740334 -0.1408877 0.6172704 0.7740361 -0.3947528 0.4950136 0.774032 -0.3947638 0.495011 0.7740312 -0.570444 0.274717 0.7740244 -0.5704588 0.2747051 -0.9736732 -0.2279487 0 -0.7740227 -0.6331579 0 -0.7740228 -0.6331579 0 -0.4250068 -0.9051902 0 -0.4250068 -0.9051902 0 0 -1 0 0 -1 0 0.4250071 -0.90519 0 0.4250071 -0.90519 0 0.7740228 -0.6331579 0 0.7740227 -0.6331579 0 0.973673 -0.2279496 0 -0.7740334 -0.1408876 -0.6172705 -0.7740361 -0.3947528 -0.4950136 -0.9736732 -0.142122 -0.1782187 0.9736734 -0.2053733 0.0989046 0.9736732 -0.142122 0.1782187 0.9736732 -0.05072093 0.2222338 0.774032 -0.140885 0.617273 0.4249992 -0.201434 0.8824965 0 -0.2225314 0.9749255 -0.4249945 -0.2014203 0.8825019 -0.9736731 -0.1421222 0.178219 -0.9736733 -0.2053736 0.09890472 -0.7740464 -0.1408778 0.6172567 -0.9736731 -0.05072098 0.2222341 -0.9736724 -0.05072164 -0.2222372 -0.7740464 -0.1408778 -0.6172567 -0.7740318 -0.1408851 0.6172732 -0.7740336 -0.1408882 0.6172702 -0.7740349 -0.3947616 0.4950084 -0.7740309 -0.3947567 0.4950185 -0.7740292 -0.5704536 0.2747026 -0.7740225 -0.5704536 0.2747216 -0.7740318 -0.1408851 -0.6172732 -0.4249945 -0.2014203 -0.8825019 -0.4249965 -0.2014191 -0.8825012 -0.4249991 -0.201434 0.8824965 -0.4249858 -0.201425 0.882505 -0.4249864 -0.5643895 0.7077084 -0.4249847 -0.5643883 0.7077103 -0.4249803 -0.8155539 0.3927643 -0.4250043 -0.8155567 0.3927323 -0.4250001 -0.2014216 -0.8824989 0 -0.2225178 -0.9749286 0 -0.2225178 -0.9749286 0 -0.2225314 0.9749255 0 -0.2225314 0.9749255 0 -0.6234971 0.7818257 0 -0.6234971 0.7818257 0 -0.9009627 0.4338965 0 -0.9009627 0.4338965 0 -0.2225178 -0.9749286 0.4250003 -0.2014216 -0.8824988 0.4249965 -0.2014191 -0.8825012 0.4249943 -0.2014203 0.882502 0.4249858 -0.2014249 0.882505 0.4249866 -0.5643877 0.7077097 0.4249848 -0.5643899 0.7077089 0.4249777 -0.815568 0.3927377 0.4250016 -0.8155447 0.3927599 0.4249943 -0.2014203 -0.882502 0.774032 -0.140885 -0.617273 0.7740334 -0.1408877 -0.6172704 0.7740453 -0.140878 -0.6172578 0.9736724 -0.05072158 -0.2222369 0.9736725 -0.1421235 -0.1782206 0.7740309 -0.3947567 -0.4950185 0.7740349 -0.3947616 -0.4950083 0.4249846 -0.5643883 -0.7077103 0.4249944 -0.564395 -0.7076991 0 -0.6235059 -0.7818187 0 -0.6235059 -0.7818187 -0.4249857 -0.5643976 -0.7077023 -0.4249956 -0.5643851 -0.7077063 -0.774032 -0.3947638 -0.495011 0.973673 -0.2053745 -0.0989052 0.7740225 -0.5704536 -0.2747216 0.7740292 -0.5704536 -0.2747026 0.4250043 -0.8155567 -0.3927323 0.4249803 -0.8155538 -0.3927642 0 -0.9009627 -0.4338965 0 -0.9009627 -0.4338965 -0.4250016 -0.8155447 -0.3927599 -0.4249776 -0.815568 -0.3927377 -0.7740244 -0.5704589 -0.2747051 -0.7740312 -0.5704441 -0.274717 -0.9736729 -0.2053748 -0.09890532 0.7740453 -0.140878 0.6172578 0.7740334 -0.1408877 0.6172704 0.7740361 -0.3947528 0.4950136 0.774032 -0.3947638 0.495011 0.7740312 -0.570444 0.274717 0.7740244 -0.5704588 0.2747051 -0.9736731 -0.227949 0 -0.7740227 -0.6331579 0 -0.7740228 -0.6331579 0 -0.4250068 -0.9051902 0 -0.4250068 -0.9051901 0 0 -1 0 0 -1 0 0.4250068 -0.9051901 0 0.4250068 -0.9051902 0 0.7740228 -0.6331579 0 0.7740227 -0.6331579 0 0.9736731 -0.2279487 0 -0.7740336 -0.1408882 -0.6172703 -0.7740361 -0.3947528 -0.4950136 -0.9736725 -0.1421238 -0.1782209 0.9736731 -0.2053753 0.09890204 0.9736732 -0.142122 0.1782187 0.9736732 -0.05072093 0.2222338 0.774032 -0.140885 0.617273 0.4249835 -0.2014234 0.8825065 0 -0.2225178 0.9749286 -0.4249953 -0.2014202 0.8825016 -0.973673 -0.1421225 0.1782194 -0.9736729 -0.205376 0.0989024 -0.774048 -0.1408774 0.6172547 -0.9736729 -0.0507211 0.2222347 -0.9736726 -0.05072838 -0.2222346 -0.7740121 -0.1409064 -0.6172929 -0.7740314 -0.1408851 0.6172736 -0.7740336 -0.140889 0.61727 -0.7740349 -0.3947616 0.4950084 -0.7740309 -0.3947567 0.4950185 -0.7740292 -0.5704536 0.2747026 -0.774026 -0.5704536 0.2747118 -0.7740368 -0.1408944 -0.6172648 -0.4249939 -0.2014356 -0.8824987 -0.4249978 -0.2014335 -0.8824972 -0.424983 -0.2014234 0.8825067 -0.4249858 -0.2014253 0.8825049 -0.4249855 -0.5643976 0.7077023 -0.4249757 -0.5643909 0.7077136 -0.4249758 -0.8155532 0.3927702 -0.4250043 -0.8155567 0.3927323 -0.424983 -0.2014234 -0.8825067 0 -0.2225178 -0.9749286 0 -0.2225178 -0.9749286 0 -0.2225178 0.9749286 0 -0.2225178 0.9749286 0 -0.6235058 0.7818186 0 -0.6235058 0.7818186 0 -0.90096 0.4339021 0 -0.90096 0.4339021 0 -0.2225178 -0.9749286 0.4249835 -0.2014234 -0.8825065 0.4249978 -0.2014331 -0.8824974 0.4249943 -0.2014203 0.882502 0.4249858 -0.2014249 0.882505 0.4249866 -0.5643877 0.7077097 0.4249767 -0.5644001 0.7077056 0.4249727 -0.8155701 0.3927387 0.4250012 -0.8155426 0.3927651 0.4249929 -0.2014358 -0.8824991 0.7740373 -0.1408942 -0.6172642 0.7740334 -0.1408877 -0.6172704 0.7740096 -0.1409072 -0.617296 0.9736728 -0.0507282 -0.2222337 0.9736725 -0.1421235 -0.1782206 0.7740309 -0.3947567 -0.4950185 0.7740349 -0.3947616 -0.4950083 0.4249846 -0.5643883 -0.7077103 0.4249944 -0.564395 -0.7076991 0 -0.6235058 -0.7818186 0 -0.6235058 -0.7818186 -0.4249857 -0.5643976 -0.7077023 -0.4249956 -0.5643851 -0.7077063 -0.774032 -0.3947638 -0.495011 0.973673 -0.2053745 -0.0989052 0.7740225 -0.5704536 -0.2747216 0.7740292 -0.5704536 -0.2747026 0.4250093 -0.8155546 -0.3927313 0.4249808 -0.8155512 -0.3927692 0 -0.90096 -0.4339021 0 -0.90096 -0.4339021 -0.4250062 -0.8155404 -0.392764 -0.4249776 -0.815568 -0.3927377 -0.7740244 -0.5704589 -0.2747051 -0.7740312 -0.5704441 -0.274717 -0.9736728 -0.2053753 -0.09890556 0.7740453 -0.140878 0.6172578 0.7740334 -0.1408877 0.6172704 0.7740361 -0.3947528 0.4950136 0.774032 -0.3947638 0.495011 0.7740301 -0.5704489 0.2747096 0.7740269 -0.5704562 0.2747038 -0.973673 -0.2279496 0 -0.7740227 -0.6331579 0 -0.7740228 -0.6331579 0 -0.4250068 -0.9051902 0 -0.4250068 -0.9051902 0 0 -1 0 0 -1 0 0.4250068 -0.9051902 0 0.4250068 -0.9051902 0 0.7740228 -0.6331579 0 0.7740227 -0.6331579 0 0.9736732 -0.2279487 0 -0.7740336 -0.1408889 -0.61727 -0.7740361 -0.3947528 -0.4950136 -0.9736724 -0.1421241 -0.1782213 0.9736731 -0.2053753 0.09890204 0.9736729 -0.1421183 0.1782233 0.9736728 -0.0507282 0.2222337 0.7740363 -0.1408945 0.6172654 0.424983 -0.2014234 0.8825067 0 -0.2225178 0.9749286 -0.4249929 -0.2014358 0.8824991 -0.9736731 -0.1421177 0.1782226 -0.9736733 -0.2053745 0.09890168 -0.7740096 -0.1409072 0.617296 -0.9736729 -0.05072802 0.2222329 -0.9736729 -0.05072802 -0.2222329 -0.7740432 -0.1408981 -0.6172561 -0.7740373 -0.1408942 0.6172642 -0.7740334 -0.1408877 0.6172704 -0.7740349 -0.3947616 0.4950084 -0.7740247 -0.394749 0.4950344 -0.7740267 -0.5704563 0.2747039 -0.7740235 -0.5704563 0.2747131 -0.774032 -0.140885 -0.617273 -0.4249943 -0.2014203 -0.882502 -0.4249854 -0.2014251 -0.8825051 -0.424983 -0.2014234 0.8825067 -0.4249975 -0.2014333 0.8824975 -0.4249941 -0.5643951 0.7076992 -0.4249843 -0.5643884 0.7077105 -0.4249805 -0.8155514 0.3927693 -0.4250089 -0.8155547 0.3927313 -0.424983 -0.2014234 -0.8825067 0 -0.2225178 -0.9749286 0 -0.2225178 -0.9749286 0 -0.2225178 0.9749286 0 -0.2225178 0.9749286 0 -0.6235058 0.7818186 0 -0.6235058 0.7818186 0 -0.90096 0.4339021 0 -0.90096 0.4339021 0 -0.2225178 -0.9749286 0.424983 -0.2014234 -0.8825067 0.4249861 -0.2014256 -0.8825047 0.4249949 -0.2014356 0.8824982 0.4249982 -0.2014338 0.8824971 0.4249958 -0.5643849 0.7077062 0.424986 -0.5643975 0.7077021 0.424978 -0.8155678 0.3927376 0.4250065 -0.8155403 0.392764 0.4249963 -0.2014201 -0.8825011 0.7740309 -0.1408853 -0.6172742 0.7740404 -0.1409016 -0.6172586 0.7740457 -0.1408973 -0.6172529 0.9736728 -0.0507282 -0.2222337 0.9736729 -0.1421183 -0.1782233 0.7740286 -0.3947459 -0.4950305 0.7740389 -0.3947586 -0.4950045 0.424976 -0.5643908 -0.7077136 0.4249858 -0.5643976 -0.7077023 0 -0.6235058 -0.7818186 0 -0.6235058 -0.7818186 -0.4249764 -0.5644003 -0.7077057 -0.4249862 -0.5643878 -0.7077097 -0.774032 -0.3947638 -0.495011 0.9736731 -0.2053753 -0.09890204 0.7740256 -0.5704541 -0.2747121 0.7740288 -0.5704541 -0.2747028 0.4250047 -0.8155565 -0.3927322 0.4249762 -0.8155531 -0.3927701 0 -0.90096 -0.4339021 0 -0.90096 -0.4339021 -0.4250008 -0.8155426 -0.3927651 -0.4249723 -0.8155702 -0.3927388 -0.7740269 -0.5704562 -0.2747038 -0.7740301 -0.5704489 -0.2747096 -0.9736734 -0.2053745 -0.09890168 0.7740121 -0.1409064 0.6172929 0.7740332 -0.1408893 0.6172704 0.7740373 -0.3947393 0.4950222 0.7740272 -0.3947675 0.4950157 0.7740272 -0.5704521 0.2747111 0.774024 -0.5704593 0.2747054 -0.9736734 -0.2279478 0 -0.7740227 -0.6331579 0 -0.7740228 -0.6331579 0 -0.4250065 -0.9051904 0 -0.4250064 -0.9051904 0 0 -1 0 0 -1 0 0.4250071 -0.90519 0 0.4250071 -0.90519 0 0.7740222 -0.6331584 0 0.7740223 -0.6331584 0 0.9736732 -0.2279487 0 -0.7740406 -0.1409 -0.6172587 -0.7740423 -0.3947356 -0.4950176 -0.9736731 -0.1421177 -0.1782226 0.2588285 0.001925289 -0.9659215 0.7071028 0.001603066 -0.7071089 0.4338865 -0.001284956 -0.9009667 0.4338757 -0.001284956 -0.9009718 0.974928 0 0.2225202 0.974928 0 -0.2225202 0.9659257 9.60028e-4 -0.2588179 0.7818424 -8.0206e-4 -0.6234756 0.7818297 -8.0206e-4 -0.6234915 0.7817612 0.01114028 0.6234784 0.965925 -7.35152e-4 0.2588209 0.7818297 -8.0206e-4 0.6234915 0.7071089 0.001602888 0.7071029 0.4338865 -0.001285314 0.9009666 0.4338927 -0.001285314 0.9009636 0.2588173 0.001925468 0.9659244 0 -0.001446366 0.9999989 0 -0.001446366 0.9999989 -0.2588171 0.001925468 0.9659245 -0.4338921 -0.001285314 0.9009639 -0.4338875 -0.001285314 0.9009662 -0.7071089 0.001602888 0.7071029 -0.7818292 -8.0206e-4 0.6234922 -0.7818121 -8.02059e-4 0.6235136 -0.9659249 9.60086e-4 0.2588209 -0.9749279 0 0.2225211 -0.7071029 0.001603066 -0.7071089 -0.7818292 -8.0206e-4 -0.6234922 -0.9659258 -7.35151e-4 -0.2588179 -0.7817967 0.01113897 -0.6234339 -0.9749279 0 -0.2225211 0 -0.001446723 -0.9999989 0 -0.001446723 -0.9999989 -0.2588283 0.001925289 -0.9659215 -0.4338752 -0.001284956 -0.900972 -0.4338875 -0.001284956 -0.9009662 0.2588173 0.001925468 -0.9659244 0.7071087 0.001602888 -0.707103 0.4338865 -0.001285314 -0.9009667 0.4338927 -0.001285314 -0.9009636 0.965925 0 -0.258822 0.9749271 6.37822e-4 -0.2225232 0.9659255 9.60013e-4 -0.2588187 0.7818424 -8.02068e-4 -0.6234756 0.7818297 -8.02068e-4 -0.6234915 0.7071087 0.001602888 0.707103 0.7818297 -8.02068e-4 0.6234915 0.9659259 -7.35162e-4 0.2588176 0.7817941 0.01113909 0.6234371 0.974928 0 0.2225202 0.2588173 0.001925468 0.9659244 0.4338927 -0.001285314 0.9009636 0.4338865 -0.001285314 0.9009667 -0.2588171 0.001925468 0.9659244 0 -0.001446366 0.9999989 0 -0.001446366 0.9999989 -0.7071088 0.001602888 0.707103 -0.4338867 -0.001285314 0.9009665 -0.4338926 -0.001285314 0.9009637 -0.9659257 9.60017e-4 0.2588178 -0.7818434 -8.02062e-4 0.6234744 -0.7818295 -8.02062e-4 0.6234918 -0.7071088 0.001602888 -0.707103 -0.7818295 -8.02062e-4 -0.6234918 -0.9659256 -7.35154e-4 -0.2588189 -0.7818363 0.004318535 -0.6234688 -0.9659245 9.60042e-4 -0.2588222 -0.9749273 0 -0.2225236 -0.974928 0 0.2225206 0 -0.001446366 -0.9999989 0 -0.001446366 -0.9999989 -0.2588171 0.001925468 -0.9659244 -0.4338926 -0.001285314 -0.9009637 -0.4338867 -0.001285314 -0.9009665 0.2588173 0.001925468 -0.9659244 0.7071029 0.001603066 -0.7071089 0.4338865 -0.001284956 -0.9009667 0.4338762 -0.001284956 -0.9009715 0.9749279 0 0.2225211 0.9749279 0 -0.2225211 0.9659257 9.60006e-4 -0.2588179 0.7818095 -8.023e-4 -0.6235168 0.7818362 -8.023e-4 -0.6234835 0.7817942 0.01113903 0.623437 0.9659258 -7.35173e-4 0.2588179 0.7818297 -8.02077e-4 0.6234915 0.7071029 0.001603066 0.7071089 0.4338865 -0.001284956 0.9009667 0.4338763 -0.001284956 0.9009715 0.2588173 0.001925468 0.9659244 0 -0.001446366 0.9999989 0 -0.001446366 0.9999989 -0.2588171 0.001925468 0.9659245 -0.4338757 -0.001284956 0.9009718 -0.4338864 -0.001284956 0.9009667 -0.7071029 0.001603066 0.7071089 -0.7818297 -8.0206e-4 0.6234915 -0.7818424 -8.0206e-4 0.6234756 -0.9659257 9.60028e-4 0.2588179 -0.974928 0 0.2225202 -0.7071028 0.001603066 -0.7071089 -0.7818362 -8.02283e-4 -0.6234835 -0.9659258 -7.35244e-4 -0.258818 -0.7817612 0.01114028 -0.6234783 -0.974928 0 -0.2225202 0 -0.001446366 -0.9999989 0 -0.001446366 -0.9999989 -0.2588171 0.001925468 -0.9659245 -0.4338757 -0.001284956 -0.9009718 -0.4338865 -0.001284956 -0.9009667 0.2588285 0.001925289 -0.9659215 0.7071029 0.001603066 -0.7071089 0.4338865 -0.001284956 -0.9009667 0.4338762 -0.001284956 -0.9009715 0.9749279 0 0.2225211 0.9749279 0 -0.2225211 0.9659257 9.60006e-4 -0.2588179 0.7818424 -8.02077e-4 -0.6234756 0.7818297 -8.02077e-4 -0.6234915 0.7817613 0.01114028 0.6234784 0.965925 -7.35174e-4 0.2588209 0.7818362 -8.02077e-4 0.6234835 0.7071089 0.001603126 0.7071029 0.4338524 -0.001285314 0.9009831 0.4338932 -0.001285314 0.9009634 0.2588173 0.001925468 0.9659244 0 -0.001446366 0.9999989 0 -0.001446366 0.9999989 -0.2588171 0.001925468 0.9659245 -0.4338927 -0.001285314 0.9009636 -0.4338524 -0.001285314 0.9009831 -0.7071089 0.001603186 0.7071029 -0.7818362 -8.0206e-4 0.6234835 -0.7818095 -8.0206e-4 0.6235168 -0.9659249 9.60107e-4 0.2588209 -0.974928 0 0.2225202 -0.7071028 0.001603066 -0.7071089 -0.7818297 -8.02059e-4 -0.6234915 -0.9659258 -7.35151e-4 -0.2588179 -0.7817941 0.01113909 -0.6234371 -0.974928 0 -0.2225202 0 -0.001446723 -0.9999989 0 -0.001446723 -0.9999989 -0.2588283 0.001925289 -0.9659215 -0.4338757 -0.001284956 -0.9009718 -0.4338865 -0.001284956 -0.9009667 0.2588173 0.001925468 -0.9659244 0.7071087 0.001602888 -0.707103 0.4338865 -0.001285314 -0.9009667 0.4338927 -0.001285314 -0.9009636 0.974928 0 0.2225202 0.9749274 0 -0.2225233 0.9659249 9.60005e-4 -0.2588205 0.7818424 -8.02068e-4 -0.6234756 0.7818297 -8.02068e-4 -0.6234915 0.7817942 0.01113909 0.6234371 0.9659259 -7.35162e-4 0.2588176 0.7818297 -8.02068e-4 0.6234915 0.7071087 0.001602888 0.7071031 0.4338865 -0.001285314 0.9009666 0.4338927 -0.001285314 0.9009636 0.2588173 0.001925468 0.9659244 0 -0.001446366 0.9999989 0 -0.001446366 0.9999989 -0.2588171 0.001925468 0.9659244 -0.4338926 -0.001285314 0.9009637 -0.4338867 -0.001285314 0.9009665 -0.7071087 0.001602888 0.707103 -0.7818295 -8.02062e-4 0.6234918 -0.7818434 -8.02062e-4 0.6234744 -0.9659257 9.60017e-4 0.2588178 -0.974928 0 0.2225206 -0.7071088 0.001602888 -0.707103 -0.7818295 -8.02062e-4 -0.6234918 -0.965925 -7.35155e-4 -0.2588208 -0.7817951 0.01113879 -0.6234359 -0.9749273 0 -0.2225236 0 -0.001446366 -0.9999989 0 -0.001446366 -0.9999989 -0.2588171 0.001925468 -0.9659244 -0.4338926 -0.001285314 -0.9009637 -0.4338867 -0.001285314 -0.9009665 0.2588173 0.001925468 -0.9659244 0.7071088 0.001603186 -0.7071029 0.4338865 -0.001284956 -0.9009667 0.4338757 -0.001284956 -0.9009718 0.9659249 0 -0.2588227 0.9749279 6.37885e-4 -0.2225202 0.9659255 9.60117e-4 -0.2588187 0.7818095 -8.02059e-4 -0.6235168 0.7818362 -8.0206e-4 -0.6234835 0.7071028 0.001603066 0.7071089 0.7818297 -8.02059e-4 0.6234915 0.9659258 -7.35151e-4 0.2588179 0.7817941 0.01113909 0.6234371 0.974928 0 0.2225202 0.2588173 0.001925468 0.9659244 0.4338757 -0.001284956 0.9009718 0.4338865 -0.001284956 0.9009667 -0.2588171 0.001925468 0.9659245 0 -0.001446366 0.9999989 0 -0.001446366 0.9999989 -0.7071029 0.001603066 0.7071089 -0.4338875 -0.001284956 0.9009662 -0.4338752 -0.001284956 0.900972 -0.9659257 9.60006e-4 0.2588179 -0.781845 -8.02059e-4 0.6234724 -0.7818292 -8.0206e-4 0.6234922 -0.7071089 0.001603126 -0.7071029 -0.7818357 -8.02059e-4 -0.6234841 -0.9659256 -7.35152e-4 -0.2588188 -0.781805 0.004319131 -0.623508 -0.9659244 9.6013e-4 -0.2588226 -0.9749279 0 -0.2225211 -0.9749279 0 0.2225211 0 -0.001446366 -0.9999989 0 -0.001446366 -0.9999989 -0.2588171 0.001925468 -0.9659245 -0.4338752 -0.001284956 -0.900972 -0.4338875 -0.001284956 -0.9009662 0.2588173 0.001925468 -0.9659244 0.7071029 0.001603066 -0.7071089 0.4338885 -0.001284956 -0.9009656 0.4338752 -0.001284956 -0.900972 0.974928 0 0.2225202 0.974928 0 -0.2225202 0.9659257 9.60028e-4 -0.2588179 0.781845 -8.02042e-4 -0.6234724 0.7818287 -8.02042e-4 -0.6234928 0.7817638 0.01114022 0.6234751 0.9659258 -7.35222e-4 0.2588179 0.7818352 -8.02265e-4 0.6234847 0.7071029 0.001603066 0.7071089 0.4338885 -0.001284956 0.9009656 0.4338752 -0.001284956 0.900972 0.2588173 0.001925468 0.9659244 0 -0.001446366 0.9999989 0 -0.001446366 0.9999989 -0.2588173 0.001925468 0.9659244 -0.4338752 -0.001284956 0.900972 -0.4338865 -0.001284956 0.9009667 -0.7071029 0.001603126 0.7071089 -0.7818362 -8.02265e-4 0.6234834 -0.7818095 -8.02265e-4 0.6235168 -0.9659257 9.60049e-4 0.2588179 -0.9749283 0 0.2225195 -0.7071029 0.001603126 -0.7071089 -0.7818297 -8.02042e-4 -0.6234915 -0.9659258 -7.3513e-4 -0.2588179 -0.7817941 0.01113909 -0.6234371 -0.9749283 0 -0.2225195 0 -0.001446366 -0.9999989 0 -0.001446366 -0.9999989 -0.2588173 0.001925468 -0.9659244 -0.4338752 -0.001284956 -0.900972 -0.4338865 -0.001284956 -0.9009667 -0.1950893 0 0.9807855 -0.2588174 0.001472234 0.9659251 -0.5555531 -9.84877e-4 0.8314805 -0.5555838 -9.84877e-4 0.83146 -0.7071024 0.001965641 0.7071084 -0.831465 -9.85076e-4 0.5555762 -0.8314787 -9.85076e-4 0.5555558 -0.965925 0.001472115 0.2588177 -0.9807848 0 0.1950927 -0.9807854 0 -0.1950897 -0.965925 0.001472234 -0.2588177 -0.8314638 -9.85076e-4 -0.5555779 -0.8314724 -9.85076e-4 -0.5555652 -0.7071024 0.00196588 -0.7071084 -0.5555673 -9.84877e-4 -0.831471 -0.5555531 -9.84877e-4 -0.8314805 -0.2588174 0.001472234 -0.9659251 -0.1950893 0 -0.9807855 -0.9798141 -0.04447954 0.1948997 -0.9798144 -0.0444861 -0.1948966 -0.824864 -0.1258041 -0.5511558 -0.8248754 -0.1257808 0.5511439 -0.8248633 -0.1257985 0.551158 -0.8248605 -0.1257947 0.5511632 -0.8248595 -0.1257933 -0.551165 -0.8248669 -0.1258032 -0.5511516 -0.5458264 -0.186459 -0.8168884 -0.979814 -0.1246443 -0.1562955 -0.8248645 -0.3524826 -0.4419892 -0.8248658 -0.3524788 -0.44199 -0.5458232 -0.5224256 -0.6550944 -0.5458216 -0.5224277 -0.6550939 -0.9798141 -0.1999108 0 -0.8248651 -0.5653298 0 -0.824865 -0.5653297 0 -0.5458245 -0.8378995 0 -0.5458245 -0.8378995 0 -0.979814 -0.1246443 0.1562955 -0.8248661 -0.3524811 0.4419874 -0.8248649 -0.3524796 0.441991 -0.5458214 -0.5224263 0.6550952 -0.545823 -0.5224272 0.6550933 -0.5458425 -0.1864409 0.8168817 -0.5458262 -0.1864574 0.8168888 -0.545811 -0.1864538 0.8168997 -0.5458247 -0.186457 -0.81689 -0.5458111 -0.1864538 -0.8168997 -0.1903774 -0.2184532 -0.9570969 -0.1903812 -0.2184496 -0.9570971 -0.1903852 -0.6120744 -0.7675404 -0.1903883 -0.612091 -0.7675265 -0.1903852 -0.612094 -0.7675248 -0.1903882 -0.8844867 -0.4259526 -0.1903862 -0.8844845 -0.4259579 -0.5458238 -0.7549177 -0.36356 -0.545821 -0.7549208 -0.3635575 -0.8248642 -0.5093438 -0.2452916 -0.8248651 -0.5093414 -0.2452934 -0.9798139 -0.180113 -0.08674049 -0.1903752 -0.8844934 -0.4259446 -0.1903681 -0.9817128 0 -0.190368 -0.9817128 0 -0.1903681 -0.9817129 0 -0.1903688 -0.8844983 0.4259371 -0.1903862 -0.8844845 0.4259579 -0.5458213 -0.7549191 0.3635606 -0.5458241 -0.7549189 0.3635566 -0.8248649 -0.509343 0.2452912 -0.8248639 -0.509343 0.2452942 -0.9798139 -0.180113 0.08674049 -0.1903775 -0.2184498 0.9570977 -0.1903814 -0.2184531 0.9570962 -0.1903824 -0.6121255 0.7675004 -0.1903762 -0.6120924 0.7675282 -0.1903848 -0.612084 0.7675329 -0.1903882 -0.8844867 0.4259526 0 0 1 0 0 1 0 0 1 0 -1 0 0 -1 0 0 -1 0 0 -1 0 0 -1 0 0 -1 0 0 -1 0 0 -1 0 0 -1 0 0 -1 0 0 -1 0 0 -1 0 0 -1 0 0 -1 0 0 -1 0 0 -1 0 0 -1 0 0 -1 0 0 -1 0 0 -1 0 0 -1 0 0 -1 0 0 -1 0 0 -1 0 0 -1 0 0 -1 0 0 -1 0 0 -1 0 0 -1 0 0 -1 0 0 -1 0 0 -1 0 0 -1 0 0 -1 0 0 -1 0 0 -1 0 0 -1 0 0 -1 0 0 -1 0 0 -1 0 0 -1 0 0 -1 0 0 -1 0 0 -1 0 0 -1 0 0 -1 0 0 -1 0 0 -1 0 0 -1 0 0 -1 0 0 -1 0 0 -1 0 0 -1 0 0 -1 0 0 -1 0 0 -1 0 0 -1 0 0 -1 0 0 -1 0 0 -1 0 0 -1 0 0 -1 0 0 -1 0 0 -1 0 0 -1 0 0 -1 0 0 -1 0 0 -1 0 0 -1 0 0 -1 0 0 -1 0 0 -1 0 0 -1 0 0 -1 0 0 -1 0 0 -1 0 0 -1 0 0 -1 0 0 -1 0 0 -1 0 0 -1 0 0 -1 0 0 -1 0 0 -1 0 0 -1 0 0 -1 0 0 -1 0 0 -1 0 0 -1 0 0 -1 0 0 -1 0 0 -1 0 0 -1 0 0 -1 0 0 -1 0 0 -1 0 0 -1 0 0 -1 0 0 -1 0 0 -1 0 0 -1 0 0 -1 0 0 -1 0 0 -1 0 0 -1 0 0 -1 0 0 -1 0 0 -1 0 0 -1 0 0 -1 0 0 -1 0 0 -1 0 0 -1 0 0 -1 0 0 -1 0 0 -1 0 0 -1 0 0 -1 0 0 -1 0 0 -1 0 0 -1 0 0 -1 0 0 -1 0 0 -1 0 0 -1 0 0 -1 0 0 -1 0 0 -1 0 0 -1 0 0 -1 0 0 -1 0 0 -1 0 0 -1 0 0 -1 0 0 -1 0 0 -1 0 0 -1 0 0 -1 0 0 -1 0 0 -1 0 0 -1 0 0 -1 0 0 -1 0 0 -1 0 0 -1 0 0 -1 0 0 -1 0 0 -1 0 0 -1 0 0 -1 0 0 -1 0 0 -1 0 0 -1 0 0 -1 0 0 -1 0 0 -1 0 0 -1 0 0 -1 0 0 -1 0 0 -1 0 0 -1 0 0 -1 0 0 -1 0 0 -1 0 0 -1 0 0 -1 0 0 -1 0 0 -1 0 0 -1 0 0 -1 0 0 -1 0 0 -1 0 0 -1 0 0 -1 0 0 -1 0 0 -1 0 0 -1 0 0 -1 0 0 -1 0 0 -1 0 0 -1 0 0 -1 0 0 -1 0 0 -1 0 0 -1 0 0 -1 0 0 -1 0 0 -1 0 0 -1 0 0 -1 0 0 -1 0 0 -1 0 0 -1 0 0 -1 0 0 -1 0 0 -1 0 0 0 -1 0 0 -1 0 0 -1 0 -0.1310464 0.9913762 -0.02560788 -0.2224465 0.9746086 0.00725615 -0.3829137 0.9237556 -0.01448565 -0.6234645 0.7817175 -0.01448333 -0.6092419 0.7928521 -0.01931178 -0.6233717 0.7816872 0.008575677 -0.7929956 0.609167 -0.02257084 -0.9007369 0.4337784 -0.02253401 -0.9240069 0.3817114 -0.007630586 -0.9009485 0.4338588 0.004178702 -0.9914414 0.1304856 -0.02506333 -0.9996858 0 -0.02484846 -0.9911154 -0.1306629 0.009309232 -0.9999567 0 -0.005745053 -0.9237425 -0.382971 -0.02257084 -0.9007413 -0.4337691 -0.02210146 -0.7938957 -0.6076523 0.03183233 -0.9005098 -0.433669 -0.02126371 -0.6095553 -0.7924584 -0.01448059 -0.6234328 -0.7817429 -0.01391595 -0.3830475 -0.9236238 0.06140762 -0.6223016 -0.7803652 -0.04363054 -0.1309032 -0.9904346 0 -0.2225195 -0.9749283 -0.9862744 0 -0.1651151 -0.9862746 0 -0.1651132 -0.9862745 0 -0.1651143 -0.9885904 0.006055295 -0.150507 -0.9910575 0.01448988 -0.1326465 -0.9990894 0.004348933 -0.04244226 -0.9934334 0.02368718 -0.1119328 -0.9947564 0.03911989 -0.09449493 -0.9930058 0.02421563 -0.1155551 -0.9910531 0.01446968 0.132682 -0.9930069 0.02422118 0.1155452 -0.9999039 0 -0.01385617 -0.9999032 0 0.01392 -0.9936006 0.01498854 0.1119517 -0.9957432 0.06342262 0.06688135 -0.9947573 0.03913307 0.09448003 -0.9885824 0.006033241 0.1505603 -0.9862744 0 0.1651142 -0.9862743 0 0.1651151 0.7071064 0 -0.7071073 0.7071068 0 -0.7071068 0.5320322 0 -0.8467241 0.5320322 0 -0.8467241 0.3302789 0 -0.9438834 0.8467215 0 -0.5320364 0.8467257 -2.09377e-7 -0.5320297 0.8467242 0 -0.5320322 0.846723 0 -0.5320342 0.7071063 0 -0.7071073 0.9438834 0 -0.3302789 0.9438834 0 -0.3302789 0.9937122 0 -0.1119641 0.9937123 0 -0.1119642 0.9937123 0 -0.1119642 0.9937123 0 0.1119642 0.9937123 0 0.1119642 0.9937122 0 0.1119641 0.9438834 0 0.3302789 0.9438834 0 0.3302789 0.8467248 0 0.5320311 0.8467242 0 0.5320322 0.8467239 0 0.5320326 0.7071063 0 0.7071073 0.7071064 0 0.7071073 0.7071068 0 0.7071068 0.5320326 0 0.8467239 0.5320322 0 0.8467241 0.5320321 0 0.8467241 0.3302789 0 0.9438834 0.3302789 0 0.9438834 0.1119708 0 0.9937115 0.1119664 1.31739e-7 0.993712 0.1119647 0 0.9937121 -0.1119664 0 0.993712 -0.1119664 0 0.993712 -0.3302789 0 0.9438834 -0.3302789 0 0.9438834 -0.5320218 0 0.8467307 -0.5320322 0 0.8467241 -0.5320329 0 0.8467237 -0.8467241 0 0.5320322 -0.8467239 0 0.5320326 -0.7071064 0 0.7071073 -0.7071064 0 0.7071073 -0.5320326 0 0.8467239 -0.9862746 0 0.1651132 -0.9438833 0 0.3302791 -0.9438834 0 0.3302789 -0.9438841 0 0.330277 -0.8467248 0 0.5320311 -0.9438833 0 -0.3302791 -0.9438834 0 -0.3302789 -0.9438841 0 -0.330277 -0.8467215 0 -0.5320364 -0.8467242 -1.31267e-7 -0.5320322 -0.8467257 0 -0.5320297 -0.5320322 0 -0.8467241 -0.5320329 0 -0.8467237 -0.7071064 0 -0.7071073 -0.7071064 0 -0.7071073 -0.846723 0 -0.5320342 0.3302789 0 -0.9438834 0.1119708 0 -0.9937115 0.1119635 2.20037e-7 -0.9937123 0.1119605 0 -0.9937127 -0.1119635 0 -0.9937123 -0.1119635 0 -0.9937123 -0.3302789 0 -0.9438834 -0.3302789 0 -0.9438834 -0.5320218 0 -0.8467307 0 -1 0 0 -1 0 0 -1 0 0 -1 0 0 -1 0 0 -1 0 0 -1 0 0 -1 0 0 -1 0 0 -1 0 0 -1 0 0 -1 0 0 -1 0 0 -1 0 0 -1 0 0 -1 0 0 -1 0 0 -1 0 0 -1 0 0 -1 0 0 -1 0 0 -1 0 0 -1 0 0 -1 0 0 -1 0 0 -1 0 0 -1 0 0 -1 0 0 -1 0 0 -1 0 0 -1 0 0 -1 0 0 -1 0 0 -1 0 0 -1 0 0 -1 0 0 -1 0 0 -1 0 0 -1 0 0 -1 0 0 -1 0 0 -1 0 0 -1 0 0 -1 0 0 -1 0 0 -1 0 0 -1 0 0 -1 0 0 -1 0 0 -1 0 0 -1 0 0 -1 0 0 -1 0 0 -1 0 0 -1 0 0 -1 0 0 -1 0 0 -1 0 0 -1 0 0 -1 0 0.09801542 -0.003729879 0.995178 0.2902784 -0.006994247 0.9569167 0.2736625 0.003497421 0.9618194 0.2736613 0.003497421 0.9618197 0.4713748 -0.009794116 0.8818786 0.4457283 0.006529331 0.8951445 0.4457277 0.006529331 0.8951448 0.6343454 -0.01212555 0.7729547 0.6026114 0.009093999 0.797983 0.6026059 0.009093999 0.7979871 0.7729354 -0.01399219 0.6343305 0.7389628 0.01119589 0.6736532 0.7389627 0.01119589 0.6736533 0.8818165 -0.01539272 0.4713414 0.8501467 0.01282852 0.5263897 0.8501467 0.01282852 0.5263897 0.956813 -0.01632612 0.2902455 0.9323808 0.01399546 0.3612064 0.9323812 0.01399546 0.3612056 0.9950444 -0.01679277 0.09800362 0.9828668 0.0146954 0.1837304 0.9828672 0.0146954 0.1837289 0.9950444 -0.01679277 -0.09800362 0.998933 0 -0.0461837 0.998933 0 0.0461837 0.956813 -0.01632612 -0.2902455 0.9828672 0.0146954 -0.1837289 0.9828668 0.0146954 -0.1837304 0.8818165 -0.01539272 -0.4713414 0.9323812 0.01399546 -0.3612056 0.9323808 0.01399546 -0.3612064 0.7729353 -0.01399338 -0.6343305 0.8501492 0.01282852 -0.5263855 0.8501467 0.01282852 -0.5263897 0.634347 -0.01212519 -0.7729533 0.7389627 0.01119589 -0.6736533 0.7389611 0.01119589 -0.6736551 0.4713727 -0.009792745 -0.8818798 0.6026059 0.009095489 -0.7979871 0.6026114 0.009095489 -0.797983 0.2902784 -0.006994247 -0.9569167 0.4457277 0.006529331 -0.8951448 0.4457283 0.006529331 -0.8951445 0.09801542 -0.003729879 -0.995178 0.2736613 0.003497421 -0.9618197 0.2736625 0.003497421 -0.9618194 -0.09801542 -0.003729879 -0.995178 -0.09226727 0 -0.9957343 0.09226727 0 -0.9957343 -0.2902784 -0.006994247 -0.9569167 -0.2736625 0.003497421 -0.9618194 -0.2736613 0.003497421 -0.9618197 -0.4713727 -0.009792745 -0.8818798 -0.4457283 0.006529331 -0.8951445 -0.4457277 0.006529331 -0.8951448 -0.634347 -0.01212519 -0.7729533 -0.6026114 0.009095489 -0.797983 -0.6026059 0.009095489 -0.7979871 -0.7729353 -0.01399338 -0.6343305 -0.7389611 0.01119589 -0.6736551 -0.7389627 0.01119589 -0.6736533 -0.8818165 -0.01539272 -0.4713414 -0.8501467 0.01282852 -0.5263897 -0.8501492 0.01282852 -0.5263855 -0.956813 -0.01632612 -0.2902455 -0.9323808 0.01399546 -0.3612064 -0.9323812 0.01399546 -0.3612056 -0.9950444 -0.01679277 -0.09800362 -0.9828668 0.0146954 -0.1837304 -0.9828672 0.0146954 -0.1837289 -0.9950444 -0.01679277 0.09800362 -0.9998886 0.01492881 0 -0.9998886 0.01492881 0 -0.956813 -0.01632612 0.2902455 -0.9828672 0.0146954 0.1837289 -0.9828668 0.0146954 0.1837304 -0.8818165 -0.01539272 0.4713414 -0.9323812 0.01399546 0.3612056 -0.9323808 0.01399546 0.3612064 -0.7729354 -0.01399219 0.6343305 -0.8501467 0.01282852 0.5263897 -0.8501467 0.01282852 0.5263897 -0.6343454 -0.01212555 0.7729547 -0.7389627 0.01119589 0.6736533 -0.7389628 0.01119589 0.6736532 -0.4713748 -0.009794116 0.8818786 -0.6026059 0.009093999 0.7979871 -0.6026114 0.009093999 0.797983 -0.2902784 -0.006994247 0.9569167 -0.4457277 0.006529331 0.8951448 -0.4457283 0.006529331 0.8951445 0.09226727 0 0.9957343 -0.09226727 0 0.9957343 -0.09801542 -0.003729879 0.995178 -0.2736613 0.003497421 0.9618197 -0.2736625 0.003497421 0.9618194 0.6965519 -0.7055931 -0.1302075 0.3158588 -0.7055926 -0.6343282 0.1939234 -0.7055919 -0.6815671 0.1939209 -0.7055935 -0.6815662 0.3158566 -0.7055935 -0.6343283 0.3158574 -0.7055935 -0.634328 0.5236751 -0.7055926 -0.4773923 0.5236726 -0.705594 -0.4773929 0.5236741 -0.7055937 -0.4773918 0.4270359 -0.7055938 -0.5654889 0.4270391 -0.7055919 -0.5654888 0.4270347 -0.7055928 -0.565491 0.6607658 -0.7055931 -0.2559822 0.6607658 -0.7055931 -0.2559822 0.6607663 -0.7055929 -0.2559816 0.6024786 -0.705593 -0.373039 0.6024779 -0.7055934 -0.3730393 0.6024804 -0.7055926 -0.3730369 0.6965513 -0.7055934 -0.1302085 0.6965519 -0.7055928 -0.1302078 0.7067301 -0.7067283 -0.03267431 0.7067299 -0.7067286 -0.03267478 0.7067299 -0.7067286 0.03267431 0.70673 -0.7067284 0.03267478 0.6965519 -0.7055929 0.1302087 0.6965516 -0.7055931 0.1302078 0.6965518 -0.7055931 0.1302075 0.6607658 -0.7055931 0.2559822 0.6607658 -0.7055931 0.2559822 0.6607663 -0.7055929 0.2559816 0.6024783 -0.7055929 0.3730396 0.6024784 -0.7055933 0.3730389 0.6024779 -0.7055934 0.3730393 0.5236743 -0.7055935 0.4773919 0.5236741 -0.7055931 0.477393 0.5236747 -0.7055928 0.4773924 0.4270386 -0.7055929 0.5654881 0.4270381 -0.7055922 0.5654894 0.4270347 -0.7055928 0.5654911 0.3158578 -0.7055926 0.6343289 0.3158585 -0.7055932 0.6343275 0.3158566 -0.7055935 0.6343283 0.1939231 -0.7055937 0.6815655 0.1939226 -0.7055932 0.6815659 0.1939216 -0.7055934 0.6815661 0.06538295 -0.7055934 0.7055943 0.06538212 -0.7055938 0.7055938 -0.06538289 -0.7055938 0.7055938 -0.06538218 -0.7055933 0.7055944 -0.1939225 -0.7055935 0.6815657 -0.1939231 -0.7055932 0.6815659 -0.1939223 -0.7055932 0.6815661 -0.4270377 -0.7055928 0.5654888 -0.4270391 -0.7055919 0.5654888 -0.4270347 -0.7055928 0.565491 -0.3158588 -0.7055926 0.6343283 -0.3158573 -0.7055935 0.634328 -0.3158568 -0.7055935 0.6343281 -0.6024786 -0.705593 0.373039 -0.6024779 -0.7055934 0.3730393 -0.6024779 -0.7055934 0.3730393 -0.5236737 -0.7055935 0.4773926 -0.5236748 -0.7055928 0.4773924 -0.5236748 -0.7055928 0.4773924 -0.6965519 -0.7055928 0.1302078 -0.6965513 -0.7055935 0.1302085 -0.6965518 -0.7055931 0.1302075 -0.6607658 -0.7055931 0.2559822 -0.6607658 -0.7055931 0.2559822 -0.6607663 -0.7055929 0.2559816 -0.6965516 -0.7055931 -0.1302078 -0.6965519 -0.7055929 -0.1302086 -0.7086175 -0.7055929 0 -0.7086175 -0.7055929 0 -0.7086175 -0.7055929 0 -0.6607658 -0.7055931 -0.2559822 -0.6607658 -0.7055931 -0.2559822 -0.6965519 -0.7055931 -0.1302075 -0.6024784 -0.7055933 -0.3730389 -0.6024783 -0.705593 -0.3730396 -0.6607663 -0.7055929 -0.2559816 -0.5236744 -0.7055936 -0.4773916 -0.5236738 -0.7055925 -0.4773939 -0.6024804 -0.7055926 -0.3730368 -0.4270368 -0.7055925 -0.56549 -0.427038 -0.705594 -0.5654873 -0.5236741 -0.7055937 -0.4773918 -0.3158585 -0.7055934 -0.6343276 -0.3158577 -0.7055926 -0.6343289 -0.4270347 -0.7055928 -0.565491 0.1939226 -0.705592 -0.6815673 0.0653823 -0.7055919 -0.7055957 0.06538468 -0.7055937 -0.7055937 -0.06538212 -0.7055938 -0.7055938 -0.0653848 -0.705592 -0.7055953 -0.1939226 -0.705592 -0.6815673 -0.1939213 -0.7055921 -0.6815676 -0.193923 -0.7055936 -0.6815655 -0.3158568 -0.7055935 -0.6343281 0 1 0 0 1 0 0 1 0 0 1 0 0 1 0 0 1 0 0 1 0 0 1 0 0 1 0 0 1 0 0 1 0 0 1 0 0 1 0 0 1 0 0 1 0 0 1 0 0 1 0 0 1 0 0 1 0 0 1 0 0 1 0 0 1 0 0 1 0 0 1 0 0 1 0 0 1 0 0 1 0 0 1 0 0 1 0 0 1 0 0 1 0 0 1 0 0 1 0 0 1 0 0.9989329 0 -0.04618448 0.9829732 0 -0.1837491 0.9829732 0 -0.1837491 0.9324722 0 -0.3612418 0.9324722 0 -0.3612418 0.8502171 0 -0.5264322 0.8502171 0 -0.5264322 0.7390094 0 -0.6736951 0.7390094 0 -0.6736951 0.6026334 0 -0.7980182 0.6026334 0 -0.7980182 0.4457394 0 -0.8951628 0.4457394 0 -0.8951628 0.2736611 0 -0.9618262 0.2736611 0 -0.9618262 0.09227085 0 -0.9957339 0.09227085 0 -0.9957339 -0.09227085 0 -0.9957339 -0.09227085 0 -0.9957339 -0.2736611 0 -0.9618262 -0.2736611 0 -0.9618262 -0.4457394 0 -0.8951628 -0.4457394 0 -0.8951628 -0.6026334 0 -0.7980182 -0.6026334 0 -0.7980182 -0.7390094 0 -0.6736951 -0.7390094 0 -0.6736951 -0.8502171 0 -0.5264322 -0.8502171 0 -0.5264322 -0.9324722 0 -0.3612418 -0.9324722 0 -0.3612418 -0.9829732 0 -0.1837491 -0.9829732 0 -0.1837491 -1 0 0 -1 0 0 -0.9829732 0 0.1837491 -0.9829732 0 0.1837491 -0.9324722 0 0.3612418 -0.9324722 0 0.3612418 -0.8502171 0 0.5264322 -0.8502171 0 0.5264322 -0.7390083 0 0.6736964 -0.7390083 0 0.6736964 -0.602635 0 0.798017 -0.602635 0 0.798017 -0.4457394 0 0.8951628 -0.4457394 0 0.8951628 -0.2736635 0 0.9618255 -0.2736635 0 0.9618255 -0.09226834 0 0.9957342 -0.09226834 0 0.9957342 0.09226834 0 0.9957342 0.09226834 0 0.9957342 0.2736635 0 0.9618255 0.2736635 0 0.9618255 0.4457394 0 0.8951628 0.4457394 0 0.8951628 0.602635 0 0.798017 0.602635 0 0.798017 0.7390083 0 0.6736964 0.7390083 0 0.6736964 0.8502171 0 0.5264322 0.8502171 0 0.5264322 0.9324722 0 0.3612418 0.9324722 0 0.3612418 0.9829732 0 0.1837491 0.9829732 0 0.1837491 0.9989329 0 0.04618448 0.9999979 0.002055823 0 0.165163 0.8558257 0.4901871 0.05592596 0.8558257 0.514232 0.4281339 0.8558257 0.290282 0.3557222 0.8558257 0.3755316 0.2666778 0.8558258 0.4432213 0.5165056 0.8558258 -0.02800399 0.51045 0.8558257 0.08368396 0.4805263 0.8558257 0.1914593 0.3942392 0.8558257 -0.3348698 0.4570092 0.8558257 -0.242291 0.4984099 0.8558258 -0.138383 0.1111963 0.8558258 -0.5051709 0.2171935 0.8558258 -0.4694563 0.3130355 0.8558257 -0.4117901 -0.2171935 0.8558258 -0.4694563 -0.1111963 0.8558258 -0.5051709 0 0.8558258 -0.5172643 -0.4570092 0.8558257 -0.242291 -0.3942392 0.8558257 -0.3348698 -0.3130355 0.8558257 -0.4117901 -0.5165056 0.8558258 -0.02800399 -0.5031214 0.8567743 -0.1131666 -0.4281339 0.8558257 0.290282 -0.4805263 0.8558257 0.1914593 -0.51045 0.8558257 0.08368396 -0.165163 0.8558257 0.4901871 -0.2666778 0.8558258 0.4432213 -0.3557222 0.8558257 0.3755316 -0.05592596 0.8558258 0.514232 -0.4877585 0.8568875 -0.1668395 0.1081187 6.6217e-4 0.9941378 0.2993656 -6.166e-4 0.9541383 0.299363 -6.166e-4 0.9541391 0.319301 0.00123316 0.9476525 0.4852947 -0.001141965 0.8743499 0.4853029 -0.001141965 0.8743454 0.5155537 0.001713037 0.8568556 0.6513734 -0.001576304 0.7587557 0.6513711 -0.001576304 0.7587577 0.6876976 0.002101659 0.7259942 0.7907723 -0.00191915 0.6121073 0.7907748 -0.00191915 0.6121042 0.8276866 0.002398848 0.5611854 0.8978019 -0.002170681 0.4403941 0.897803 -0.002170681 0.440392 0.9289734 0.002604603 0.3701371 0.9680745 -0.002330839 0.2506518 0.9680745 -0.002330839 0.2506519 0.9868229 0.002718985 0.1617813 0.9987137 -0.002399384 0.05064928 0.9987137 -0.002399384 0.05064904 0.9985297 0.002741873 -0.05413848 0.9884654 -0.002376556 -0.1514276 0.9884656 -0.002376556 -0.1514276 0.9635465 0.002673268 -0.2675277 0.9377497 -0.002262175 -0.3473045 0.9377503 -0.002262175 -0.347303 0.8835092 0.002513229 -0.468407 0.8486421 -0.00205636 -0.5289636 0.848644 -0.00205636 -0.5289605 0.7621601 0.002261817 -0.6473846 0.7247902 -0.001759171 -0.6889673 0.7247934 -0.001759171 -0.688964 0.6051741 0.001918792 -0.7960909 0.5712671 -0.001370668 -0.8207631 0.5712668 -0.001370668 -0.8207633 0.4198885 0.001484394 -0.9075745 0.3943568 -8.90754e-4 -0.918957 0.3943636 -8.90754e-4 -0.9189541 0.2149699 9.59145e-4 -0.9766202 0.2012964 -3.19766e-4 -0.9795303 0 -3.13223e-4 -1 0.2012603 0.02005761 -0.9793323 0 3.42378e-4 -1 -0.2013009 -3.19766e-4 -0.9795294 -0.2012964 -3.19766e-4 -0.9795303 -0.2149699 9.59145e-4 -0.9766202 -0.3943636 -8.90754e-4 -0.9189541 -0.3943568 -8.90754e-4 -0.918957 -0.4198885 0.001484394 -0.9075745 -0.5712668 -0.001370668 -0.8207633 -0.5712671 -0.001370668 -0.8207631 -0.6051741 0.001918792 -0.7960909 -0.7247934 -0.001759171 -0.688964 -0.7247902 -0.001759171 -0.6889673 -0.7621601 0.002261817 -0.6473846 -0.848644 -0.00205636 -0.5289605 -0.8486421 -0.00205636 -0.5289636 -0.8835092 0.002513229 -0.468407 -0.9330413 -0.001783549 -0.3597649 -0.9461774 -0.001782178 -0.3236434 -0.9330424 0 -0.3597666 -0.9646525 0 -0.2635251 -0.9756245 5.66505e-4 -0.2194464 -0.9884656 -0.002376556 -0.1514276 -0.9884654 -0.002376556 -0.1514276 -0.9985297 0.002741873 -0.05413848 -0.9987137 -0.002399384 0.05064904 -0.9987137 -0.002399384 0.05064928 -0.9868229 0.002718985 0.1617813 -0.9680745 -0.002330839 0.2506519 -0.9680745 -0.002330839 0.2506518 -0.9289734 0.002604603 0.3701371 -0.897803 -0.002170681 0.440392 -0.8978019 -0.002170681 0.4403941 -0.8276866 0.002398848 0.5611854 -0.7907748 -0.00191915 0.6121042 -0.7907723 -0.00191915 0.6121073 -0.6876976 0.002101659 0.7259942 -0.6513711 -0.001576304 0.7587577 -0.6513734 -0.001576304 0.7587557 -0.5155537 0.001713037 0.8568556 -0.4853029 -0.001141965 0.8743454 -0.4852947 -0.001141965 0.8743499 -0.319301 0.00123316 0.9476525 -0.299363 -6.166e-4 0.9541391 -0.2993656 -6.166e-4 0.9541383 -0.1081187 6.6217e-4 0.9941378 -0.1011677 0 0.9948694 0.1011677 0 0.9948694 0 -1 0 0 -1 0 0 -1 0 0 -1 0 0 -1 0 0 -1 0 0 -1 0 0 -1 0 0 -1 0 0 -1 0 0 -1 0 0 -1 0 0 -1 0 0 -1 0 0 -1 0 0 -1 0 0 -1 0 0 -1 0 0 -1 0 0 -1 0 0 -1 0 0 -1 0 0 -1 0 0 -1 0 0 -1 0 0 -1 0 0 -1 0 0 -1 0 0 -1 0 0 -1 0 0 -1 0 0 -1 0 0 -1 0 0 -1 0 0 -1 0 0 -1 0 0 -1 0 0 -1 0 0 -1 0 0 -1 0 0 -1 0 0 -1 0 0 -1 0 0 -1 0 0 -1 0 0 -1 0 0 -1 0 -0.212226 0.7052854 0.6764116 -0.2122256 0.705285 0.6764122 -0.3440372 0.7052853 0.6198477 -0.3440427 0.7052844 0.6198456 -0.3440431 0.7052848 0.6198449 -0.461775 0.7052847 0.537901 -0.4617738 0.705285 0.5379016 -0.4617735 0.7052844 0.5379025 -0.5605987 0.7052846 0.4339385 -0.5606003 0.7052841 0.4339373 -0.5606005 0.7052845 0.4339363 -0.636475 0.7052847 0.3122068 -0.6364755 0.7052845 0.3122063 -0.6364755 0.7052851 0.312205 -0.6862931 0.7052849 0.1776936 -0.6862932 0.7052848 0.1776934 -0.6862933 0.7052848 0.1776936 -0.7080141 0.7052847 0.03590661 -0.7080141 0.7052847 0.03590661 -0.7080141 0.7052849 0.03590643 -0.7007489 0.7052849 -0.1073509 -0.7007489 0.7052849 -0.107351 -0.7007489 0.705285 -0.107351 -0.6821435 0.7070745 -0.1863489 -0.6700049 0.6996563 -0.2481423 -0.6610397 0.7057333 -0.2548866 -0.6610401 0.705733 -0.2548859 -0.6016243 0.7052847 -0.3749954 -0.6016238 0.7052851 -0.3749957 -0.6016258 0.7052844 -0.3749938 -0.513823 0.7052844 -0.4884258 -0.5138219 0.7052851 -0.4884261 -0.5138246 0.7052844 -0.4884241 -0.4049862 0.7052845 -0.5818591 -0.4049853 0.705285 -0.5818591 -0.404985 0.705285 -0.5818592 -0.2795692 0.705285 -0.6514708 -0.279569 0.7052851 -0.6514707 -0.2795741 0.7052845 -0.6514692 -0.1427041 0.7052847 -0.6944127 -0.1427038 0.7052848 -0.6944127 -0.1427071 0.7052846 -0.6944122 0 0.7052847 -0.7089242 0 0.7052847 -0.7089242 0.1427071 0.7052846 -0.6944122 0.1427041 0.7052848 -0.6944125 0.1427039 0.7052847 -0.6944128 0.2795741 0.7052845 -0.6514692 0.2795692 0.7052851 -0.6514707 0.279569 0.705285 -0.6514708 0.4049851 0.705285 -0.5818593 0.404986 0.7052848 -0.5818589 0.4049856 0.7052844 -0.5818595 0.5138247 0.7052844 -0.4884242 0.5138226 0.7052848 -0.4884255 0.5138224 0.7052844 -0.4884266 0.6016258 0.7052844 -0.3749938 0.6016242 0.705285 -0.3749952 0.6016241 0.7052847 -0.3749958 0.6647955 0.7052848 -0.2462121 0.6647949 0.705285 -0.2462128 0.664795 0.7052848 -0.2462131 0.7007489 0.705285 -0.107351 0.7007489 0.7052849 -0.1073509 0.7007489 0.7052849 -0.107351 0.7080141 0.7052849 0.03590661 0.7080142 0.7052847 0.03590643 0.7080142 0.7052848 0.03590661 0.6862933 0.7052848 0.1776935 0.6862931 0.7052849 0.1776936 0.6862931 0.7052849 0.1776936 0.636475 0.705285 0.3122061 0.6364762 0.7052842 0.3122054 0.636475 0.7052847 0.3122068 0.5606 0.7052846 0.433937 0.5606011 0.7052839 0.4339367 0.5605987 0.7052846 0.4339385 0.4617741 0.7052845 0.537902 0.461773 0.7052851 0.537902 0.461775 0.7052847 0.537901 0.3440425 0.7052848 0.6198453 0.3440434 0.7052842 0.6198454 0.3440372 0.7052853 0.6198477 0.2122262 0.705285 0.676412 0.2122254 0.7052854 0.6764118 0.2122274 0.7052853 0.6764113 0.07172083 0.7052854 0.7052863 0.07172012 0.7052858 0.7052858 -0.07172077 0.7052858 0.7052858 -0.07172018 0.7052853 0.7052863 -0.2122274 0.7052852 0.6764113 0 1 0 0.3658061 0 0.9306911 0.3658061 0 0.9306911 0.3658061 0 0.9306911 0 -1 0 -0.9889056 0 -0.1485453 -0.9889056 0 -0.1485453 -0.9889056 0 -0.1485453 0 1 0 0.5068961 0 0.8620072 0.5068961 0 0.8620072 0.5068961 0 0.8620072 0 -1 0 -0.9999681 0 0.007981896 -0.9999682 0 0.007981896 -0.9999681 0 0.007981896 0 1 0 0 1 0 0.6355013 0 0.7720998 0.6355013 0 0.7720998 0.6355013 0 0.7720998 0 -1 0 0 -1 0 -0.9864082 0 0.1643132 -0.9864082 0 0.1643132 -0.9864082 0 0.1643132 0 1 0 0 1 0 0.7484639 0 0.6631755 0.7484639 0 0.6631755 0.7484639 0 0.6631755 0 -1 0 0 -1 0 -0.9485604 0 0.3165965 -0.9485604 0 0.3165965 -0.9485604 0 0.3165965 0 1 0 0.8429921 0 0.537926 0.8429921 0 0.537926 0.8429921 0 0.537926 0 -1 0 -0.887355 0 0.4610868 -0.887355 0 0.4610868 -0.887355 0 0.4610868 0 1 0 0.9167629 0 0.399432 0.9167628 0 0.399432 0.9167629 0 0.399432 0 -1 0 -0.8042999 0 0.5942236 -0.8042999 0 0.5942236 -0.8042999 0 0.5942236 0 1 0 0.9679608 0 0.2511011 0.9679609 0 0.2511011 0.9679608 0 0.2511011 0 -1 0 -0.7014411 0 0.7127274 -0.7014411 0 0.7127274 -0.7014411 0 0.7127274 0 1 0 0 1 0 0.9846781 0 0.174382 0.984678 0 0.174382 0.9846781 0 0.174382 0 -1 0 0 -1 0 -0.6433586 0 0.7655649 -0.6433586 0 0.7655649 -0.6433586 0 0.7655649 0 1 0 0.9903715 0 -0.1384348 0.9903715 0 -0.1384348 0.9903715 0 -0.1384348 0 -1 0 -0.375297 0 0.9269046 -0.3752971 0 0.9269046 -0.375297 0 0.9269046 0 1 0 0.99818 0 -0.06030523 0.99818 0 -0.06030523 0.99818 0 -0.06030523 0 -1 0 -0.4468649 0 0.8946015 -0.4468649 0 0.8946015 -0.4468649 0 0.8946015 0 1 0 0.93069 0 -0.3658089 0.93069 0 -0.3658089 0.93069 0 -0.3658089 0 -1 0 -0.1485436 0 0.9889059 -0.1485436 0 0.9889059 -0.1485436 0 0.9889059 0 1 0 0.8620077 0 -0.5068953 0.8620077 0 -0.5068953 0.8620077 0 -0.5068953 0 -1 0 0.007980883 0 0.9999681 0.007980883 0 0.9999682 0.007980883 0 0.9999681 0 1 0 0.7720988 0 -0.6355025 0.7720988 0 -0.6355025 0.7720988 0 -0.6355025 0 -1 0 0.1643104 0 0.9864086 0.1643104 0 0.9864087 0.1643104 0 0.9864086 0 1 0 0.6631773 0 -0.7484624 0.6631773 0 -0.7484624 0.6631773 0 -0.7484624 0 -1 0 0.3165968 0 0.9485602 0.3165968 0 0.9485602 0.3165968 0 0.9485602 0 1 0 0.5379271 0 -0.8429914 0.5379271 0 -0.8429914 0.5379271 0 -0.8429914 0 -1 0 0.461089 0 0.8873539 0.461089 0 0.8873539 0.461089 0 0.8873539 0 1 0 0 1 0 0.3994337 0 -0.916762 0.3994337 0 -0.9167621 0.3994337 0 -0.916762 0 -1 0 0 -1 0 0.5942233 0 0.8043001 0.5942233 0 0.8043002 0.5942233 0 0.8043001 0 1 0 0 1 0 -0.2511016 0 0.9679607 -0.2511016 0 0.9679608 -0.2511016 0 0.9679607 0 -1 0 0 -1 0 -0.712727 0 -0.7014417 -0.7127269 0 -0.7014417 -0.712727 0 -0.7014417 0 1 0 -0.1743856 0 0.9846774 -0.1743856 0 0.9846774 -0.1743856 0 0.9846774 0 -1 0 -0.7655647 0 -0.6433589 -0.7655647 0 -0.6433588 -0.7655647 0 -0.6433589 0 1 0 0 1 0 0.1384357 0 0.9903715 0.1384357 0 0.9903714 0.1384357 0 0.9903715 0 -1 0 0 -1 0 -0.9269046 0 -0.375297 -0.9269046 0 -0.3752971 -0.9269046 0 -0.375297 0 1 0 0.06030726 0 0.9981798 0.06030726 0 0.9981799 0.06030726 0 0.9981798 0 -1 0 -0.8946033 0 -0.4468612 -0.8946033 0 -0.4468612 -0.8946033 0 -0.4468612 0 1 0 -0.4701322 0 0.882596 -0.4701322 0 0.882596 -0.4701322 0 0.882596 0 -1 0 -0.5292879 0 -0.8484423 -0.5292879 0 -0.8484423 -0.5292879 0 -0.8484423 0 1 0 -0.6024135 0 0.7981842 -0.6024134 0 0.7981842 -0.6024135 0 0.7981842 0 -1 0 -0.3900412 0 -0.9207974 -0.3900411 0 -0.9207974 -0.3900412 0 -0.9207974 0 1 0 0 1 0 -0.7198601 0 0.6941192 -0.7198601 0 0.6941192 -0.7198601 0 0.6941192 0 -1 0 0 -1 0 -0.2411967 0 -0.9704763 -0.2411967 0 -0.9704762 -0.2411967 0 -0.9704763 0 1 0 -0.8195794 0 0.5729656 -0.8195794 0 0.5729656 -0.8195794 0 0.5729656 0 -1 0 -0.08641779 0 -0.996259 -0.08641779 0 -0.996259 -0.08641779 0 -0.996259 0 1 0 -0.8429898 0 -0.5379297 -0.8429897 0 -0.5379297 -0.8429898 0 -0.5379297 0 -1 0 0.8873533 0 -0.4610902 0.8873533 0 -0.4610902 0.8873533 0 -0.4610902 0 1 0 -0.9167616 0 -0.3994349 -0.9167616 0 -0.3994349 -0.9167616 0 -0.3994349 0 -1 0 0.804297 0 -0.5942275 0.804297 0 -0.5942274 0.804297 0 -0.5942275 0 1 0 -0.9679604 0 -0.2511031 -0.9679604 0 -0.2511031 -0.9679604 0 -0.2511031 0 -1 0 0.7014411 0 -0.7127274 0.7014411 0 -0.7127274 0.7014411 0 -0.7127274 0 1 0 0 1 0 -0.9846781 0 -0.174382 -0.984678 0 -0.174382 -0.9846781 0 -0.174382 0 -1 0 0 -1 0 0.6433586 0 -0.7655649 0.6433586 0 -0.7655649 0.6433586 0 -0.7655649 0 1 0 -0.9903714 0 0.138436 -0.9903714 0 0.138436 -0.9903714 0 0.138436 0 -1 0 0.3752901 0 -0.9269074 0.3752901 0 -0.9269075 0.3752901 0 -0.9269074 0 1 0 -0.99818 0 0.06030476 -0.99818 0 0.06030476 -0.99818 0 0.06030476 0 -1 0 0.4468649 0 -0.8946015 0.4468649 0 -0.8946015 0.4468649 0 -0.8946015 0 1 0 -0.93069 0 0.3658089 -0.93069 0 0.3658089 -0.93069 0 0.3658089 0 -1 0 0.1485436 0 -0.9889059 0.1485436 0 -0.9889059 0.1485436 0 -0.9889059 0 1 0 -0.8620077 0 0.5068953 -0.8620077 0 0.5068953 -0.8620077 0 0.5068953 0 -1 0 -0.007980883 0 -0.9999681 -0.007980883 0 -0.9999682 -0.007980883 0 -0.9999681 0 1 0 0.0182026 0 -0.9998344 0.0182026 0 -0.9998343 0.0182026 0 -0.9998344 0 -1 0 0.8567834 0 0.5156764 0.8567835 0 0.5156764 0.8567834 0 0.5156764 0 1 0 -0.2157113 0 -0.9764572 -0.2157113 0 -0.9764572 -0.2157113 0 -0.9764572 0 -1 0 0.9534926 0 0.3014165 0.9534926 0 0.3014165 0.9534926 0 0.3014165 0 1 0 0.09658265 0 -0.995325 0.09658265 0 -0.995325 0.09658265 0 -0.995325 0 -1 0 0.8136833 0 0.5813085 0.8136833 0 0.5813085 0.8136833 0 0.5813085 0 1 0 0.3262669 0 -0.9452777 0.326267 0 -0.9452777 0.3262669 0 -0.9452777 0 -1 0 0.6554962 0 0.7551984 0.6554962 0 0.7551984 0.6554962 0 0.7551984 0 1 0 -0.3658061 0 -0.9306911 -0.3658061 0 -0.9306911 -0.3658061 0 -0.9306911 0 -1 0 0.9889058 0 0.1485441 0.9889058 0 0.1485441 0.9889058 0 0.1485441 0 1 0 -0.5068961 0 -0.8620072 -0.5068961 0 -0.8620072 -0.5068961 0 -0.8620072 0 -1 0 0.9999681 0 -0.007981956 0.9999682 0 -0.007981956 0.9999681 0 -0.007981956 0 1 0 0 1 0 -0.635511 0 -0.7720919 -0.6355111 0 -0.7720918 -0.635511 0 -0.7720919 0 -1 0 0 -1 0 0.9864084 0 -0.1643119 0.9864084 0 -0.1643119 0.9864084 0 -0.1643119 0 1 0 -0.6941288 0 -0.7198508 -0.6941288 0 -0.7198508 -0.6941288 0 -0.7198508 0 -1 0 0.9704762 0 -0.2411967 0.9704763 0 -0.2411967 0.9704762 0 -0.2411967 -0.03603172 -0.1217259 -0.9919096 -0.008510112 -0.04701834 -0.9988578 -0.1361709 -0.04701822 -0.989569 -0.1361677 -0.04701048 -0.9895698 -0.1361438 -0.04701858 -0.9895727 -0.2615903 -0.04701846 -0.9640331 -0.2615962 -0.04700237 -0.9640323 -0.6042465 -0.04700809 -0.7954096 -0.4975558 -0.04700779 -0.8661573 -0.4975689 -0.04699802 -0.8661504 -0.4975721 -0.04700636 -0.866148 -0.3827227 -0.04700607 -0.9226666 -0.3827218 -0.04700314 -0.9226672 -0.3827213 -0.04700267 -0.9226674 -0.700999 -0.04701125 -0.7116111 -0.7009928 -0.04700654 -0.7116175 -0.6042472 -0.04700613 -0.7954092 -0.8585759 -0.04701459 -0.5105262 -0.7862409 -0.04701513 -0.6161289 -0.7862428 -0.04701226 -0.6161267 -0.7862421 -0.04701006 -0.6161277 -0.7009994 -0.04701012 -0.7116108 -0.9168115 -0.04701286 -0.396543 -0.9168124 -0.04701328 -0.396541 -0.8585761 -0.04701411 -0.5105261 -0.9599934 -0.04701036 -0.2760485 -0.9599935 -0.04701143 -0.2760477 -0.9168118 -0.04701185 -0.3965426 -0.9934258 -0.04700952 0.1043807 -0.9986177 -0.04701018 -0.02351349 -0.9986176 -0.04700988 -0.02351337 -0.9874124 -0.04701042 -0.1510195 -0.9874123 -0.04701042 -0.1510196 -0.9874122 -0.04700905 -0.1510202 -0.9599937 -0.04700905 -0.2760475 -0.9934259 -0.04700899 0.1043801 -0.9934258 -0.04701036 0.1043807 -0.9719218 -0.0470106 0.2305604 -0.971922 -0.04700833 0.2305595 -0.9719223 -0.04700887 0.2305583 -0.9344589 -0.04700845 0.3529545 -0.934459 -0.04701077 0.3529537 -0.7337133 -0.04700809 0.6778311 -0.8143677 -0.04700851 0.5784424 -0.8143693 -0.04701077 0.5784398 -0.8143693 -0.0470106 0.5784398 -0.8816524 -0.04701083 0.4695522 -0.8816524 -0.04701036 0.469552 -0.8816518 -0.04701131 0.469553 -0.6410118 -0.04700869 0.76609 -0.6410104 -0.04700958 0.7660912 -0.7337137 -0.0470097 0.6778306 -0.4257243 -0.04701119 0.9036309 -0.537781 -0.04701113 0.841773 -0.537782 -0.0470125 0.8417721 -0.5377832 -0.0470103 0.8417715 -0.6410124 -0.04701018 0.7660896 -0.1825876 -0.04701393 0.9820649 -0.3066756 -0.04701381 0.9506524 -0.3066756 -0.04701393 0.9506523 -0.30671 -0.04700899 0.9506414 -0.4257236 -0.04700899 0.9036313 -0.1825934 -0.04700618 0.9820641 -0.182592 -0.04700988 0.9820643 -0.05550664 -0.04700988 0.9973511 -0.05550783 -0.04700684 0.9973511 -0.05550658 -0.0470066 0.9973511 0.07248735 -0.0470066 0.9962611 0.07248622 -0.04700964 0.996261 0.5520389 -0.04700964 0.8324922 0.441051 -0.04700958 0.8962501 0.441051 -0.04700934 0.89625 0.3228276 -0.04700934 0.9452896 0.3228226 -0.04701197 0.9452912 0.3228225 -0.04701179 0.9452912 0.1992893 -0.04701185 0.9788123 0.1992886 -0.04701 0.9788126 0.1992883 -0.0470097 0.9788127 0.5520414 -0.04701179 0.8324903 0.5520423 -0.04701507 0.8324895 0.6539655 -0.04701459 0.7550621 0.6539644 -0.04701143 0.7550632 0.6539684 -0.04700708 0.75506 0.7451525 -0.0470075 0.6652353 0.7451506 -0.04701435 0.665237 0.8241037 -0.04701358 0.5644847 0.8241022 -0.04701268 0.5644868 0.8241021 -0.0470134 0.564487 0.8895218 -0.04701292 0.4544675 0.8895211 -0.04701018 0.4544691 0.8895221 -0.04700815 0.4544675 0.9403349 -0.04700881 0.3369874 0.9403349 -0.04700833 0.3369873 0.9756999 -0.04700857 0.214009 0.9757077 -0.0470106 0.2139734 0.9757075 -0.04701131 0.2139736 0.9551532 -0.04700988 -0.2923564 0.984697 -0.04700976 -0.1678153 0.9846971 -0.04701048 -0.167815 0.9980722 -0.04700988 -0.04052078 0.9980723 -0.04701089 -0.04051685 0.9980724 -0.04701012 -0.04051655 0.9950594 -0.04700988 0.08744633 0.9950594 -0.04700994 0.08744633 0.9950594 -0.04701089 0.08744561 0.9551529 -0.04701113 -0.2923576 0.9551529 -0.04701137 -0.2923577 0.9099249 -0.04701149 -0.4121001 0.9099255 -0.04700928 -0.4120992 0.9099258 -0.04700976 -0.4120985 0.8497569 -0.04700976 -0.5250745 0.8497567 -0.04700827 -0.5250751 0.5906133 -0.04702031 -0.8055837 0.6887829 -0.04701918 -0.7234412 0.6887763 -0.04701066 -0.7234481 0.688777 -0.04700928 -0.7234476 0.7756348 -0.04700928 -0.6294289 0.7756346 -0.04701 -0.6294291 0.7756369 -0.04700797 -0.6294265 0.4827433 -0.04701137 -0.8744992 0.4827823 -0.04699826 -0.8744784 0.5906075 -0.04699903 -0.8055891 0.3669537 -0.04700785 -0.9290507 0.3669552 -0.04700565 -0.9290503 0.4827414 -0.04700583 -0.8745006 0.02776592 -0.04707705 -0.9985053 0.1192898 -0.04699867 -0.9917465 0.1192986 -0.04702341 -0.9917442 0.2452216 -0.04702281 -0.968326 0.2451345 -0.04702121 -0.9683482 0.2451357 -0.04701793 -0.968348 0.3669611 -0.04701763 -0.9290474 0.04610258 -0.9988855 0.01011037 0.04701697 -0.9988856 0.004131853 0.04701697 -0.9988855 0.004131853 0.04715937 -0.9988856 -0.001914441 0.04715937 -0.9988855 -0.001914441 0.04652738 -0.9988856 -0.007929325 0.04652738 -0.9988855 -0.007929325 0.04513144 -0.9988856 -0.01381397 0.04513138 -0.9988855 -0.01381397 0.04299437 -0.9988856 -0.01947182 0.04299449 -0.9988856 -0.019472 0.04015153 -0.9988856 -0.02481013 0.04015153 -0.9988855 -0.02481007 0.03664922 -0.9988856 -0.02974086 0.03664922 -0.9988856 -0.02974081 0.03254514 -0.9988856 -0.03418332 0.03254514 -0.9988856 -0.03418314 0.02790647 -0.9988856 -0.03806442 0.02790647 -0.9988855 -0.03806436 0.02280992 -0.9988856 -0.04132038 0.02280992 -0.9988855 -0.04132044 0.01733893 -0.9988856 -0.04389798 0.01733881 -0.9988856 -0.04389834 0.01158285 -0.9988856 -0.0457552 0.01158303 -0.9988856 -0.04575479 0.005636453 -0.9988856 -0.04686039 0.005636513 -0.9988856 -0.04686039 -4.01763e-4 -0.9988856 -0.04719644 -4.0182e-4 -0.9988855 -0.0471965 -0.006433963 -0.9988856 -0.04675763 -0.006434142 -0.9988856 -0.04675781 -0.01236057 -0.9988856 -0.04555118 -0.01236033 -0.9988855 -0.045551 -0.01808375 -0.9988856 -0.04359644 -0.01808363 -0.9988856 -0.04359632 -0.02351021 -0.9988856 -0.04092586 -0.02351051 -0.9988856 -0.04092597 -0.02855098 -0.9988856 -0.03758352 -0.02855074 -0.9988856 -0.03758341 -0.03312236 -0.9988856 -0.03362387 -0.03312253 -0.9988856 -0.03362393 -0.03715026 -0.9988856 -0.02911233 -0.03715032 -0.9988855 -0.02911233 -0.04056817 -0.9988856 -0.02412253 -0.04056799 -0.9988855 -0.02412253 -0.04331964 -0.9988856 -0.01873683 -0.04331976 -0.9988855 -0.01873677 -0.04536008 -0.9988856 -0.0130434 -0.0453602 -0.9988856 -0.01304334 -0.04665571 -0.9988855 -0.007135689 -0.04665565 -0.9988855 -0.007135748 -0.04718512 -0.9988856 -0.00111097 -0.04718518 -0.9988855 -0.00111097 -0.04693979 -0.9988855 0.004931986 -0.04693984 -0.9988855 0.004931986 -0.04592376 -0.9988856 0.01089406 -0.04592382 -0.9988855 0.01089411 -0.04415369 -0.9988856 0.01667726 -0.04415363 -0.9988855 0.01667714 -0.04165846 -0.9988856 0.02218645 -0.04165858 -0.9988855 0.02218663 -0.03847944 -0.9988856 0.02733165 -0.03847938 -0.9988855 0.02733153 -0.03466832 -0.9988856 0.03202784 -0.03466838 -0.9988855 0.03202801 -0.0302881 -0.9988856 0.03619837 -0.03028804 -0.9988855 0.03619784 -0.02541029 -0.9988856 0.03977388 -0.02541029 -0.9988855 0.03977388 -0.02011573 -0.9988856 0.04269659 -0.02011561 -0.9988855 0.04269707 -0.01449042 -0.9988856 0.04491889 -0.01449054 -0.9988855 0.04491853 -0.008627414 -0.9988856 0.04640281 -0.008627355 -0.9988855 0.04640305 -0.002622961 -0.9988856 0.04712527 -0.002622842 -0.9988856 0.04712545 0.003425121 -0.9988856 0.04707396 0.003424942 -0.9988855 0.04707378 0.00941646 -0.9988856 0.04624933 0.009416401 -0.9988856 0.04624927 0.01525354 -0.9988856 0.04466533 0.0152536 -0.9988855 0.04466539 0.02083981 -0.9988856 0.0423482 0.02083998 -0.9988855 0.04234832 0.02608424 -0.9988856 0.03933566 0.0260843 -0.9988855 0.03933566 0.03090023 -0.9988856 0.03567719 0.03090012 -0.9988855 0.03567713 0.03520888 -0.9988856 0.03143262 0.03520882 -0.9988855 0.03143262 0.03893923 -0.9988856 0.02667224 0.03893917 -0.9988855 0.02667224 0.04203027 -0.9988856 0.02147388 0.04203045 -0.9988856 0.02147388 0.04443138 -0.9988856 0.01592278 0.04443126 -0.9988855 0.01592284 0.04610264 -0.9988856 0.01011031 0.1694665 -0.9836629 0.0607317 0.1694666 -0.9836629 0.060732 0.1603093 -0.9836629 0.08190405 0.1603091 -0.9836629 0.08190369 0.1485191 -0.983663 0.1017314 0.1485191 -0.9836629 0.1017316 0.1342911 -0.983663 0.1198881 0.134291 -0.9836629 0.1198887 0.1178572 -0.9836629 0.1360774 0.1178573 -0.983663 0.1360767 0.09948837 -0.9836629 0.1500307 0.09948843 -0.983663 0.1500308 0.07948619 -0.983663 0.1615212 0.07948589 -0.9836628 0.161522 0.05817931 -0.9836628 0.17036 0.05817925 -0.9836629 0.17036 0.03591555 -0.9836629 0.1764014 0.03591549 -0.9836628 0.1764014 0.01306343 -0.9836629 0.179546 0.0130636 -0.9836629 0.1795458 -0.01000392 -0.9836629 0.1797422 -0.0100035 -0.9836629 0.1797419 -0.03290581 -0.983663 0.1769871 -0.03290677 -0.9836628 0.1769876 -0.05526918 -0.9836628 0.1713265 -0.05526912 -0.9836628 0.1713265 -0.07672375 -0.9836629 0.1628524 -0.07672399 -0.9836627 0.1628525 -0.09691923 -0.9836629 0.1517041 -0.09691905 -0.9836629 0.1517041 -0.1155234 -0.9836628 0.1380645 -0.1155228 -0.9836629 0.1380645 -0.1322293 -0.9836629 0.1221586 -0.1322292 -0.9836629 0.1221586 -0.1467654 -0.9836629 0.104246 -0.1467654 -0.983663 0.104246 -0.1588909 -0.9836629 0.08462262 -0.1588912 -0.9836629 0.0846225 -0.168408 -0.9836629 0.063609 -0.1684077 -0.9836629 0.06360912 -0.1751593 -0.983663 0.04155153 -0.1751592 -0.983663 0.04155153 -0.1790347 -0.9836629 0.0188114 -0.1790348 -0.9836629 0.01881134 -0.1799705 -0.983663 -0.004237413 -0.1799704 -0.9836629 -0.004237413 -0.177951 -0.9836629 -0.02721679 -0.177951 -0.9836629 -0.02721685 -0.1730096 -0.983663 -0.04974907 -0.1730097 -0.9836629 -0.04974913 -0.1652275 -0.9836629 -0.07146471 -0.1652275 -0.9836629 -0.07146471 -0.1547322 -0.9836629 -0.09200698 -0.1547322 -0.9836629 -0.09200698 -0.1416963 -0.9836629 -0.1110383 -0.1416963 -0.9836629 -0.111038 -0.1263337 -0.9836629 -0.1282461 -0.1263337 -0.9836629 -0.128246 -0.1088965 -0.9836629 -0.1433485 -0.1088965 -0.983663 -0.1433484 -0.08967185 -0.983663 -0.1560966 -0.08967161 -0.9836629 -0.1560974 -0.06897372 -0.9836629 -0.166283 -0.06897425 -0.983663 -0.1662819 -0.04714393 -0.983663 -0.1737371 -0.04714375 -0.9836629 -0.1737373 -0.0245406 -0.983663 -0.1783394 -0.02454042 -0.9836629 -0.1783396 -0.001532554 -0.9836629 -0.1800135 -0.001532912 -0.983663 -0.1800132 0.02149838 -0.983663 -0.1787315 0.02149945 -0.9836629 -0.1787322 0.04417932 -0.9836628 -0.1745154 0.044178 -0.983663 -0.1745147 0.06613194 -0.983663 -0.1674325 0.066132 -0.983663 -0.1674326 0.08699989 -0.983663 -0.1576012 0.08700031 -0.983663 -0.1576012 0.1064389 -0.9836629 -0.1451826 0.1064397 -0.9836629 -0.1451826 0.1241316 -0.9836629 -0.1303792 0.1241309 -0.9836629 -0.1303792 0.1397845 -0.9836629 -0.1134351 0.1397848 -0.9836629 -0.113435 0.1531428 -0.9836629 -0.09462875 0.1531427 -0.9836629 -0.09462875 0.1639862 -0.983663 -0.07426863 0.1639864 -0.9836629 -0.07426846 0.1721374 -0.9836629 -0.05268836 0.1721371 -0.9836629 -0.05268859 0.1774616 -0.9836629 -0.03024351 0.1774616 -0.9836629 -0.03024351 0.1798721 -0.9836629 -0.007301926 0.1798722 -0.9836629 -0.007301867 0.1793292 -0.9836629 0.01575946 0.1793292 -0.983663 0.01575946 0.1758416 -0.9836629 0.03856247 0.1758415 -0.9836629 0.03856211 0.3264138 -0.9379607 0.1169773 0.3264135 -0.9379609 0.1169767 0.3087753 -0.937961 0.1577566 0.3087756 -0.9379606 0.1577578 0.286067 -0.9379606 0.1959481 0.2860668 -0.9379608 0.195947 0.2586607 -0.9379608 0.23092 0.2586607 -0.9379608 0.2309203 0.2270081 -0.9379608 0.2621009 0.227008 -0.9379606 0.2621015 0.1916276 -0.9379606 0.2889788 0.1916276 -0.9379606 0.2889789 0.1530998 -0.9379605 0.3111116 0.1531004 -0.9379609 0.31111 0.1120601 -0.937961 0.3281335 0.1120599 -0.9379609 0.328134 0.06917756 -0.9379609 0.3397702 0.06917816 -0.9379611 0.3397694 0.0251621 -0.9379612 0.3458261 0.02516114 -0.9379608 0.3458271 -0.01926797 -0.9379609 0.3462055 -0.01926743 -0.9379611 0.346205 -0.0633822 -0.9379611 0.3408986 -0.06338214 -0.937961 0.3408985 -0.1064548 -0.9379611 0.3299947 -0.1064546 -0.9379611 0.3299947 -0.1477791 -0.937961 0.3136724 -0.1477796 -0.937961 0.3136726 -0.1866775 -0.9379609 0.2921999 -0.1866782 -0.9379608 0.2922001 -0.2225112 -0.9379607 0.2659292 -0.222511 -0.9379608 0.2659292 -0.2546898 -0.9379608 0.2352925 -0.2546904 -0.9379606 0.2352924 -0.2826884 -0.9379606 0.2007908 -0.2826876 -0.9379609 0.200791 -0.3060434 -0.9379609 0.162993 -0.306043 -0.9379611 0.1629932 -0.3243737 -0.9379609 0.1225188 -0.3243739 -0.9379609 0.1225188 -0.337378 -0.9379609 0.08003336 -0.3373787 -0.9379608 0.08003294 -0.3448431 -0.9379608 0.03623294 -0.3448429 -0.9379608 0.03623318 -0.346645 -0.9379609 -0.008161842 -0.3466451 -0.9379609 -0.008161902 -0.3427554 -0.9379609 -0.052423 -0.3427553 -0.9379608 -0.052423 -0.3332377 -0.9379609 -0.09582287 -0.3332377 -0.9379608 -0.09582298 -0.3182482 -0.9379609 -0.1376498 -0.3182485 -0.9379606 -0.1376504 -0.2980334 -0.9379606 -0.1772169 -0.2980332 -0.9379609 -0.1772159 -0.2729244 -0.937961 -0.2138726 -0.2729245 -0.9379607 -0.2138737 -0.2433347 -0.9379606 -0.2470182 -0.2433347 -0.9379605 -0.2470189 -0.2097491 -0.9379605 -0.2761079 -0.2097492 -0.9379608 -0.2761067 -0.1727184 -0.9379608 -0.3006626 -0.1727187 -0.937961 -0.3006618 -0.1328532 -0.937961 -0.3202799 -0.1328523 -0.9379605 -0.3202817 -0.09080517 -0.9379605 -0.334641 -0.09080582 -0.9379608 -0.3346399 -0.04726791 -0.9379608 -0.3435044 -0.04726678 -0.9379603 -0.3435058 -0.002952635 -0.9379603 -0.3467301 -0.002953886 -0.9379607 -0.3467289 0.0414105 -0.9379608 -0.3442597 0.04141116 -0.9379606 -0.3442602 0.08509272 -0.9379605 -0.3361387 0.08509188 -0.9379608 -0.3361383 0.1273788 -0.9379609 -0.3224967 0.1273797 -0.9379606 -0.322497 0.1675739 -0.9379606 -0.3035604 0.1675733 -0.9379608 -0.3035603 0.2050157 -0.9379608 -0.2796394 0.2050154 -0.9379608 -0.2796394 0.2390917 -0.9379609 -0.2511268 0.239092 -0.9379607 -0.2511268 0.269243 -0.9379607 -0.21849 0.2692427 -0.9379608 -0.2184901 0.2949719 -0.9379608 -0.1822668 0.2949716 -0.9379608 -0.1822668 0.3158578 -0.9379609 -0.1430501 0.315858 -0.9379608 -0.14305 0.3315575 -0.9379608 -0.1014848 0.3315576 -0.9379608 -0.1014847 0.3418131 -0.9379608 -0.05825269 0.341813 -0.9379608 -0.05825281 0.3464559 -0.9379608 -0.01406437 0.3464558 -0.9379609 -0.01406455 0.3454099 -0.9379608 0.03035461 0.3454101 -0.9379608 0.03035491 0.3386927 -0.9379608 0.07427549 0.3386927 -0.9379608 0.07427549 0.4735468 -0.8642649 0.1697049 0.4735465 -0.8642651 0.1697044 0.447957 -0.8642652 0.2288675 0.4479569 -0.8642653 0.2288671 0.4150125 -0.8642654 0.284271 0.4150128 -0.8642646 0.2842728 0.3752539 -0.8642645 0.3350093 0.3752539 -0.8642651 0.3350081 0.3293325 -0.8642652 0.3802445 0.3293326 -0.8642654 0.3802437 0.2780039 -0.8642655 0.4192362 0.2780035 -0.8642649 0.4192379 0.2221118 -0.8642647 0.4513455 0.2221117 -0.8642647 0.4513458 0.1625719 -0.8642647 0.4760431 0.1625714 -0.8642643 0.4760439 0.1003611 -0.8642642 0.4929249 0.100362 -0.8642649 0.4929237 0.03650265 -0.8642649 0.501711 0.03650379 -0.8642655 0.5017098 -0.02795237 -0.8642655 0.5022587 -0.02795404 -0.8642646 0.5022602 -0.09195226 -0.8642646 0.4945619 -0.09195142 -0.864265 0.4945614 -0.1544399 -0.864265 0.4787424 -0.1544409 -0.8642645 0.4787428 -0.2143926 -0.8642645 0.4550634 -0.2143919 -0.8642648 0.4550631 -0.2708244 -0.8642648 0.4239109 -0.2708235 -0.8642652 0.4239107 -0.3228089 -0.8642651 0.385798 -0.3228094 -0.864265 0.3857981 -0.3694932 -0.864265 0.3413515 -0.3694942 -0.8642646 0.3413514 -0.4101116 -0.8642646 0.2912993 -0.4101116 -0.8642646 0.2912993 -0.4439949 -0.8642646 0.236464 -0.4439954 -0.8642644 0.2364638 -0.4705885 -0.8642645 0.1777453 -0.4705879 -0.8642647 0.1777455 -0.489454 -0.8642647 0.1161082 -0.4894536 -0.864265 0.1161086 -0.5002829 -0.864265 0.05256545 -0.5002833 -0.8642647 0.05256515 -0.5028979 -0.8642647 -0.01184093 -0.5028979 -0.8642647 -0.01184099 -0.497255 -0.8642646 -0.07605308 -0.4972549 -0.8642647 -0.07605284 -0.4834473 -0.8642647 -0.139016 -0.4834471 -0.8642647 -0.1390157 -0.4617007 -0.8642647 -0.1996971 -0.4617002 -0.8642653 -0.1996957 -0.4323731 -0.8642655 -0.2570968 -0.4323734 -0.8642649 -0.257098 -0.3959463 -0.8642649 -0.3102783 -0.3959464 -0.8642649 -0.3102785 -0.3530185 -0.8642647 -0.3583634 -0.3530185 -0.8642656 -0.3583614 -0.3042939 -0.8642657 -0.4005621 -0.3042935 -0.8642648 -0.4005644 -0.2505731 -0.8642647 -0.4361876 -0.2505729 -0.8642645 -0.4361882 -0.1927362 -0.8642644 -0.4646502 -0.1927368 -0.864265 -0.4646487 -0.131737 -0.864265 -0.4854804 -0.131738 -0.8642658 -0.4854788 -0.0685721 -0.8642659 -0.4983395 -0.06857281 -0.8642663 -0.4983387 -0.004285335 -0.8642663 -0.5030161 -0.004282295 -0.8642647 -0.5030191 0.06007748 -0.8642646 -0.4994371 0.0600751 -0.8642657 -0.4994353 0.1234471 -0.8642659 -0.4876529 0.1234508 -0.8642641 -0.4876551 0.1847971 -0.8642641 -0.467865 0.1847941 -0.8642653 -0.4678637 0.2431074 -0.8642653 -0.4403909 0.2431089 -0.8642647 -0.4403913 0.2974275 -0.8642647 -0.4056887 0.2974279 -0.8642646 -0.4056888 0.3468643 -0.8642646 -0.3643238 0.3468644 -0.8642646 -0.3643238 0.3906058 -0.8642646 -0.316976 0.3906047 -0.8642651 -0.3169762 0.4279318 -0.864265 -0.2644246 0.4279315 -0.8642652 -0.2644246 0.4582324 -0.8642651 -0.2075305 0.4582322 -0.8642652 -0.2075306 0.4810087 -0.8642652 -0.1472294 0.481009 -0.864265 -0.1472292 0.4958872 -0.8642649 -0.08451062 0.4958875 -0.8642647 -0.08451044 0.5026232 -0.8642649 -0.02040427 0.5026232 -0.8642647 -0.02040421 0.5011057 -0.8642648 0.04403758 0.5011056 -0.8642649 0.04403728 0.4913601 -0.864265 0.1077556 0.4913603 -0.8642649 0.1077558 0.6064651 -0.7648295 0.2173384 0.6064654 -0.764829 0.2173392 0.5736938 -0.7648289 0.2931078 0.5736938 -0.764829 0.2931076 0.5315015 -0.7648289 0.3640645 0.5315013 -0.7648299 0.3640627 0.4805825 -0.76483 0.4290403 0.4805825 -0.7648295 0.4290412 0.4217727 -0.7648295 0.486974 0.4217725 -0.7648289 0.486975 0.3560357 -0.7648288 0.5369129 0.3560363 -0.7648302 0.5369105 0.2844548 -0.7648302 0.5780313 0.2844541 -0.7648291 0.5780331 0.2082027 -0.7648292 0.6096623 0.2082033 -0.7648298 0.6096612 0.1285321 -0.7648299 0.6312803 0.1285306 -0.7648284 0.6312823 0.04675012 -0.7648284 0.6425356 0.04675072 -0.7648289 0.6425349 -0.03580039 -0.7648289 0.643238 -0.03579914 -0.7648299 0.6432369 -0.1177609 -0.7648299 0.6333779 -0.1177634 -0.7648282 0.6333795 -0.1977908 -0.7648282 0.6131205 -0.1977872 -0.7648304 0.6131188 -0.2745684 -0.7648304 0.5827922 -0.2745683 -0.7648304 0.5827922 -0.3468399 -0.7648303 0.5428965 -0.3468402 -0.7648302 0.5428966 -0.4134173 -0.7648301 0.494086 -0.4134179 -0.7648298 0.4940861 -0.4732056 -0.7648298 0.4371636 -0.473205 -0.7648301 0.4371636 -0.5252233 -0.7648301 0.3730623 -0.525224 -0.7648296 0.3730621 -0.5686179 -0.7648296 0.3028355 -0.5686179 -0.7648296 0.3028355 -0.6026753 -0.7648296 0.2276362 -0.6026753 -0.7648296 0.2276362 -0.6268369 -0.7648295 0.1486988 -0.6268372 -0.7648293 0.1486986 -0.640706 -0.7648293 0.06731951 -0.6407059 -0.7648295 0.06731957 -0.6440544 -0.7648293 -0.01516461 -0.6440543 -0.7648295 -0.01516443 -0.6368274 -0.7648295 -0.09739983 -0.6368274 -0.7648296 -0.09739983 -0.6191437 -0.7648297 -0.1780354 -0.6191442 -0.7648291 -0.1780363 -0.5912946 -0.7648292 -0.2557483 -0.5912945 -0.7648293 -0.2557479 -0.5537351 -0.7648293 -0.3292622 -0.5537352 -0.7648291 -0.3292625 -0.5070837 -0.764829 -0.3973699 -0.5070835 -0.7648301 -0.3973679 -0.4521065 -0.7648303 -0.4589492 -0.4521064 -0.7648287 -0.458952 -0.3897051 -0.7648285 -0.5129982 -0.3897054 -0.7648293 -0.5129968 -0.320905 -0.7648293 -0.5586197 -0.3209057 -0.7648306 -0.5586177 -0.2468349 -0.7648307 -0.5950684 -0.246835 -0.7648308 -0.5950684 -0.1687152 -0.7648308 -0.6217467 -0.1687121 -0.7648276 -0.6217516 -0.087821 -0.7648274 -0.6382214 -0.08782267 -0.7648289 -0.6382194 -0.005484342 -0.7648289 -0.6442101 -0.005485594 -0.7648299 -0.6442089 0.07693755 -0.7648299 -0.6396216 0.07693922 -0.7648288 -0.6396228 0.1581016 -0.7648288 -0.6245326 0.1580999 -0.7648298 -0.6245316 0.2366636 -0.7648299 -0.5991875 0.2366681 -0.7648271 -0.5991892 0.3113476 -0.7648272 -0.5640054 0.3113422 -0.7648303 -0.5640041 0.380911 -0.7648304 -0.5195589 0.3809127 -0.7648293 -0.519559 0.4442242 -0.7648293 -0.4665843 0.4442238 -0.7648296 -0.4665843 0.5002424 -0.7648295 -0.4059474 0.5002427 -0.7648293 -0.4059473 0.5480467 -0.7648294 -0.3386455 0.5480474 -0.764829 -0.3386452 0.5868529 -0.7648291 -0.2657821 0.5868526 -0.7648293 -0.2657822 0.6160221 -0.7648294 -0.1885546 0.6160222 -0.7648293 -0.1885545 0.6350764 -0.7648294 -0.1082313 0.6350762 -0.7648296 -0.1082315 0.6437026 -0.7648294 -0.02613145 0.6437028 -0.7648294 -0.02613127 0.6417598 -0.7648292 0.05639803 0.6417593 -0.7648296 0.05639755 0.6292782 -0.7648298 0.1380013 0.6292786 -0.7648294 0.138002 0.7212209 -0.6426793 0.2584642 0.7212207 -0.6426796 0.2584637 0.6822479 -0.6426797 0.3485693 0.6822478 -0.6426799 0.3485691 0.6320726 -0.6426801 0.4329511 0.6320726 -0.6426798 0.4329513 0.5715185 -0.6426799 0.5102246 0.5715185 -0.6426787 0.5102261 0.5015807 -0.6426786 0.5791209 0.501581 -0.6426801 0.579119 0.4234061 -0.6426802 0.6385057 0.4234057 -0.642679 0.6385071 0.3382788 -0.6426789 0.6874091 0.3382794 -0.6426801 0.6874077 0.2475997 -0.6426802 0.7250218 0.2475995 -0.6426799 0.725022 0.1528509 -0.64268 0.7507323 0.1528505 -0.6426795 0.7507329 0.05559682 -0.6426795 0.7641152 0.05559706 -0.6426797 0.7641151 -0.04257309 -0.6426798 0.7649511 -0.042575 -0.6426779 0.7649526 -0.1400466 -0.6426778 0.7532278 -0.1400438 -0.6426804 0.7532262 -0.2352129 -0.6426804 0.7291343 -0.2352148 -0.6426787 0.7291351 -0.3265233 -0.6426788 0.6930704 -0.3265247 -0.6426777 0.6930708 -0.4124708 -0.6426778 0.645626 -0.4124714 -0.6426774 0.6456261 -0.4916466 -0.6426775 0.5875791 -0.491645 -0.6426787 0.5875791 -0.5627464 -0.6426788 0.5198851 -0.5627465 -0.6426786 0.5198851 -0.6246081 -0.6426787 0.4436539 -0.6246078 -0.642679 0.443654 -0.6762128 -0.6426792 0.3601386 -0.676212 -0.6426798 0.3601389 -0.7167139 -0.6426799 0.2707098 -0.716714 -0.6426798 0.2707098 -0.7454475 -0.6426798 0.1768354 -0.7454476 -0.6426798 0.1768354 -0.7619407 -0.6426796 0.08005785 -0.7619407 -0.6426797 0.08005791 -0.7659226 -0.6426798 -0.01803386 -0.765923 -0.6426793 -0.01803439 -0.7573285 -0.6426795 -0.1158299 -0.7573284 -0.6426796 -0.1158298 -0.7362986 -0.6426798 -0.2117244 -0.7362986 -0.6426796 -0.2117244 -0.7031795 -0.6426796 -0.3041406 -0.7031798 -0.6426788 -0.3041417 -0.6585137 -0.6426786 -0.391566 -0.6585134 -0.6426798 -0.3915645 -0.6030348 -0.6426798 -0.4725586 -0.6030347 -0.6426793 -0.4725593 -0.5376538 -0.6426793 -0.5457946 -0.5376539 -0.6426804 -0.5457931 -0.4634453 -0.6426805 -0.6100658 -0.4634448 -0.6426792 -0.6100674 -0.3816287 -0.6426792 -0.6643214 -0.3816286 -0.642679 -0.6643217 -0.2935422 -0.642679 -0.7076699 -0.2935404 -0.6426759 -0.7076734 -0.2006362 -0.6426756 -0.7394006 -0.2006409 -0.6426819 -0.7393938 -0.1044402 -0.6426822 -0.7589809 -0.1044371 -0.6426786 -0.7589843 -0.006523609 -0.6426785 -0.7661082 -0.006522119 -0.6426771 -0.7661095 0.09149789 -0.6426769 -0.760654 0.09149569 -0.642679 -0.7606526 0.1880159 -0.642679 -0.742707 0.1880137 -0.6426809 -0.7427059 0.2814491 -0.6426808 -0.7125643 0.2814494 -0.6426805 -0.7125644 0.3702548 -0.6426805 -0.6707258 0.370256 -0.6426796 -0.6707261 0.4529892 -0.6426796 -0.6178703 0.4529892 -0.6426796 -0.6178703 0.5282803 -0.6426796 -0.554872 0.5282809 -0.6426792 -0.5548718 0.5948992 -0.6426793 -0.4827612 0.5948987 -0.6426798 -0.4827613 0.6517488 -0.6426797 -0.4027236 0.6517491 -0.6426795 -0.4027235 0.6978971 -0.6426795 -0.3160737 0.6978975 -0.6426793 -0.3160736 0.7325865 -0.6426793 -0.224233 0.7325862 -0.6426795 -0.2242332 0.7552461 -0.6426793 -0.1287112 0.7552457 -0.6426798 -0.1287117 0.7655044 -0.6426798 -0.03107589 0.7655047 -0.6426795 -0.03107553 0.7631939 -0.6426795 0.06706917 0.7631942 -0.642679 0.06706964 0.7483518 -0.6426787 0.164115 0.7483512 -0.6426795 0.164114 0.8144422 -0.5014927 0.2918715 0.8144422 -0.5014928 0.2918715 0.770432 -0.5014926 0.3936235 0.7704322 -0.5014923 0.3936239 0.7137716 -0.501492 0.4889128 0.7137717 -0.5014922 0.4889126 0.6453898 -0.5014922 0.576175 0.64539 -0.5014929 0.5761743 0.5664131 -0.501493 0.6539732 0.5664127 -0.5014914 0.6539748 0.4781332 -0.5014912 0.7210376 0.4781336 -0.5014923 0.7210366 0.3820041 -0.5014923 0.7762593 0.3820052 -0.5014944 0.7762574 0.2796028 -0.5014945 0.8187342 0.2796015 -0.5014923 0.818736 0.1726073 -0.5014922 0.847769 0.1726091 -0.5014948 0.8477672 0.06278324 -0.5014949 0.8628796 0.06278121 -0.5014923 0.8628812 -0.048078 -0.5014923 0.8638252 -0.04807686 -0.5014936 0.8638245 -0.1581452 -0.5014936 0.8505847 -0.1581453 -0.5014935 0.8505848 -0.2656173 -0.5014935 0.8233783 -0.2656179 -0.5014929 0.8233786 -0.3687288 -0.5014928 0.782652 -0.3687275 -0.5014941 0.7826517 -0.4657838 -0.5014941 0.7290741 -0.4657844 -0.5014936 0.7290742 -0.5551919 -0.5014935 0.6635258 -0.5551908 -0.5014945 0.6635258 -0.635483 -0.5014944 0.5870816 -0.6354832 -0.5014941 0.5870816 -0.7053404 -0.5014939 0.5009978 -0.7053413 -0.5014929 0.5009974 -0.7636158 -0.5014929 0.4066887 -0.7636165 -0.5014923 0.4066885 -0.8093532 -0.5014923 0.3057004 -0.8093534 -0.5014922 0.3057004 -0.8418006 -0.5014924 0.1996923 -0.841801 -0.501492 0.199692 -0.8604257 -0.5014922 0.09040588 -0.8604255 -0.5014925 0.09040606 -0.8649224 -0.5014923 -0.02036541 -0.8649221 -0.5014929 -0.02036499 -0.855217 -0.5014927 -0.1308014 -0.8552169 -0.5014928 -0.1308012 -0.8314689 -0.5014926 -0.2390909 -0.8314687 -0.5014936 -0.23909 -0.794068 -0.5014938 -0.3434529 -0.7940682 -0.5014932 -0.3434536 -0.7436294 -0.5014933 -0.4421761 -0.7436295 -0.5014929 -0.4421765 -0.6809798 -0.5014929 -0.5336398 -0.6809798 -0.5014932 -0.5336394 -0.6071487 -0.5014933 -0.6163399 -0.6071484 -0.5014917 -0.6163415 -0.5233476 -0.5014915 -0.6889219 -0.5233479 -0.5014924 -0.6889211 -0.4309559 -0.5014925 -0.7501883 -0.4309561 -0.5014932 -0.7501875 -0.3314805 -0.5014932 -0.7991404 -0.3314811 -0.5014944 -0.7991394 -0.226575 -0.5014944 -0.8349654 -0.2265709 -0.5014882 -0.8349702 -0.1179364 -0.501488 -0.8570886 -0.1179407 -0.5014938 -0.8570845 -0.007365047 -0.5014938 -0.8651298 -0.007367968 -0.5014973 -0.8651278 0.1033216 -0.5014973 -0.8589674 0.1033263 -0.501492 -0.85897 0.2123159 -0.501492 -0.838706 0.2123148 -0.5014931 -0.8387056 0.3178284 -0.5014932 -0.8046675 0.3178272 -0.5014944 -0.8046672 0.418113 -0.5014942 -0.75742 0.4181175 -0.5014897 -0.7574204 0.5115413 -0.5014898 -0.6977344 0.5115381 -0.5014931 -0.6977345 0.5965634 -0.501493 -0.6265914 0.5965626 -0.5014938 -0.6265916 0.6717919 -0.5014937 -0.5451603 0.6717929 -0.5014926 -0.54516 0.7359908 -0.5014927 -0.4547775 0.7359899 -0.5014938 -0.454778 0.7881035 -0.5014935 -0.3569273 0.7881042 -0.5014926 -0.3569269 0.8272767 -0.5014925 -0.2532164 0.8272767 -0.5014926 -0.2532165 0.8528651 -0.5014926 -0.1453483 0.8528652 -0.5014926 -0.1453482 0.8644497 -0.5014928 -0.03509223 0.8644496 -0.5014931 -0.03509241 0.86184 -0.5014933 0.07573866 0.8618403 -0.5014926 0.07573926 0.8450793 -0.5014927 0.1853266 0.8450793 -0.5014927 0.1853266 0.8834069 -0.3454926 0.3165864 0.883407 -0.3454927 0.3165863 0.83567 -0.345493 0.4269548 0.8356699 -0.3454924 0.4269552 0.7742117 -0.3454927 0.5303123 0.7742117 -0.3454922 0.5303126 0.7000401 -0.3454923 0.6249634 0.7000398 -0.3454917 0.6249637 0.6143746 -0.3454917 0.7093513 0.6143751 -0.345493 0.7093504 0.5186204 -0.3454931 0.7820917 0.51862 -0.3454922 0.7820923 0.4143528 -0.3454922 0.8419898 0.4143513 -0.3454893 0.8419918 0.3032777 -0.3454891 0.8880653 0.3032798 -0.3454927 0.8880631 0.1872254 -0.3454928 0.919555 0.1872241 -0.3454908 0.919556 0.06809741 -0.3454907 0.9359481 0.06809884 -0.3454927 0.9359472 -0.05214786 -0.3454927 0.9369714 -0.05214828 -0.3454923 0.9369716 -0.1715367 -0.3454923 0.9226106 -0.1715373 -0.3454915 0.9226107 -0.2881098 -0.3454915 0.8931005 -0.28811 -0.3454912 0.8931005 -0.3999509 -0.3454912 0.8489258 -0.3999502 -0.345492 0.8489258 -0.5052262 -0.345492 0.7908108 -0.5052267 -0.3454912 0.7908108 -0.6022038 -0.3454914 0.7197126 -0.6022034 -0.345492 0.7197126 -0.6892951 -0.345492 0.6367948 -0.6892956 -0.3454912 0.6367946 -0.7650684 -0.3454913 0.5434209 -0.7650666 -0.3454937 0.5434218 -0.8282769 -0.3454933 0.4411255 -0.828278 -0.3454918 0.4411247 -0.8778872 -0.3454918 0.3315863 -0.8778873 -0.3454917 0.3315862 -0.9130824 -0.3454917 0.2166014 -0.913082 -0.3454925 0.2166019 -0.9332841 -0.3454922 0.09806138 -0.9332841 -0.3454921 0.09806132 -0.9381617 -0.3454921 -0.02208948 -0.9381616 -0.3454923 -0.0220893 -0.9276347 -0.3454922 -0.1418772 -0.9276348 -0.3454918 -0.1418774 -0.901876 -0.3454918 -0.2593358 -0.9018762 -0.3454908 -0.2593366 -0.8613088 -0.3454905 -0.3725368 -0.8613086 -0.3454914 -0.372536 -0.8065986 -0.3454912 -0.4796192 -0.8065986 -0.3454912 -0.4796192 -0.7386441 -0.3454911 -0.5788271 -0.7386443 -0.3454918 -0.5788266 -0.6585599 -0.3454917 -0.6685315 -0.6585597 -0.3454911 -0.668532 -0.5676638 -0.3454909 -0.7472574 -0.5676648 -0.3454934 -0.7472556 -0.4674484 -0.3454937 -0.8137114 -0.4674466 -0.3454898 -0.813714 -0.3595509 -0.3454896 -0.8668103 -0.3595547 -0.3454966 -0.8668059 -0.2457551 -0.3454968 -0.905669 -0.2457545 -0.3454958 -0.9056696 -0.1279276 -0.345496 -0.9296597 -0.1279214 -0.3454869 -0.9296638 -0.007991909 -0.3454869 -0.9383895 -0.00799334 -0.3454887 -0.9383888 0.1120759 -0.3454887 -0.9317061 0.1120733 -0.3454921 -0.9317054 0.2302932 -0.3454921 -0.9097253 0.2302961 -0.3454884 -0.909726 0.3447408 -0.3454886 -0.8728067 0.3447355 -0.345495 -0.8728061 0.4535213 -0.3454948 -0.8215544 0.4535194 -0.3454973 -0.8215546 0.554853 -0.3454969 -0.7568158 0.5548555 -0.3454939 -0.7568153 0.6470782 -0.3454937 -0.6796499 0.6470794 -0.3454923 -0.6796495 0.7286787 -0.3454921 -0.5913228 0.7286792 -0.3454915 -0.5913226 0.7983124 -0.3454916 -0.4932879 0.7983126 -0.3454914 -0.4932878 0.8548392 -0.3454913 -0.3871507 0.854839 -0.3454916 -0.3871508 0.8973285 -0.3454917 -0.2746582 0.8973283 -0.345492 -0.2746584 0.9250837 -0.345492 -0.1576559 0.9250836 -0.3454921 -0.157656 0.9376494 -0.3454919 -0.03806394 0.9376494 -0.345492 -0.03806412 0.9348189 -0.345492 0.08215272 0.9348188 -0.3454921 0.0821526 0.9166386 -0.3454918 0.2010197 0.9166386 -0.3454925 0.2010191 0.9261193 -0.1793037 0.3318931 0.9261194 -0.1793038 0.331893 0.8760741 -0.1793038 0.4475983 0.8760741 -0.1793032 0.4475988 0.8116444 -0.1793029 0.555953 0.8116442 -0.1793023 0.5559534 0.7338865 -0.179302 0.6551804 0.7338875 -0.1793051 0.6551784 0.6440798 -0.1793054 0.743647 0.6440784 -0.179302 0.743649 0.5436952 -0.1793019 0.8199063 0.5436968 -0.1793054 0.8199045 0.4343844 -0.1793056 0.8827003 0.4343835 -0.1793039 0.882701 0.3179433 -0.179304 0.9310006 0.3179425 -0.1793026 0.9310011 0.1962763 -0.1793026 0.9640157 0.1962766 -0.1793032 0.9640155 0.0713914 -0.1793032 0.9812 0.07139152 -0.1793034 0.9812 -0.05466961 -0.1793034 0.9822737 -0.05466872 -0.1793047 0.9822735 -0.179831 -0.1793047 0.9672181 -0.1798317 -0.1793035 0.967218 -0.3020399 -0.1793035 0.936281 -0.3020395 -0.1793041 0.936281 -0.4192876 -0.1793041 0.8899708 -0.4192886 -0.1793026 0.8899706 -0.529654 -0.1793027 0.8290459 -0.529652 -0.1793057 0.8290466 -0.6313194 -0.1793055 0.75451 -0.6313216 -0.179302 0.7545089 -0.7226226 -0.1793022 0.6675832 -0.7226214 -0.1793042 0.667584 -0.8020575 -0.1793041 0.5696962 -0.8020584 -0.1793025 0.5696955 -0.8683247 -0.1793026 0.4624529 -0.868324 -0.1793042 0.4624537 -0.9203324 -0.1793041 0.3476181 -0.920332 -0.1793051 0.3476186 -0.9572288 -0.1793048 0.2270745 -0.9572291 -0.1793041 0.227074 -0.9784078 -0.1793042 0.1028025 -0.9784077 -0.1793044 0.1028027 -0.983521 -0.1793044 -0.02315729 -0.9835212 -0.1793034 -0.02315795 -0.9724853 -0.1793034 -0.1487371 -0.9724853 -0.1793041 -0.1487366 -0.9454808 -0.1793041 -0.2718752 -0.9454808 -0.1793039 -0.2718753 -0.9029521 -0.179304 -0.3905477 -0.9029521 -0.1793031 -0.3905484 -0.8455969 -0.1793032 -0.5028083 -0.8455968 -0.1793028 -0.5028086 -0.7743572 -0.1793027 -0.6068125 -0.7743572 -0.1793024 -0.6068127 -0.6904006 -0.1793022 -0.7008551 -0.6904016 -0.1793049 -0.7008534 -0.5951113 -0.179305 -0.7833852 -0.5951116 -0.1793059 -0.7833847 -0.4900466 -0.1793062 -0.8530555 -0.4900465 -0.1793059 -0.8530557 -0.3769395 -0.179306 -0.9087167 -0.376937 -0.1793017 -0.9087185 -0.2576371 -0.1793016 -0.9494599 -0.257636 -0.1792998 -0.9494605 -0.1341062 -0.1792996 -0.9746113 -0.1341092 -0.1793043 -0.97461 -0.008379757 -0.1793043 -0.983758 -0.008381426 -0.1793066 -0.9837576 0.1174919 -0.1793067 -0.9767522 0.1174953 -0.1793019 -0.9767526 0.2414305 -0.1793019 -0.9537097 0.2414288 -0.1793043 -0.9537097 0.3614036 -0.1793044 -0.9150068 0.3614066 -0.1793002 -0.9150065 0.475448 -0.1793004 -0.8612785 0.4754454 -0.1793041 -0.8612791 0.5816828 -0.1793041 -0.7934073 0.5816854 -0.1793001 -0.7934063 0.6783657 -0.1793003 -0.7125105 0.678364 -0.1793031 -0.7125115 0.7639102 -0.1793032 -0.6199125 0.763909 -0.1793053 -0.6199134 0.83691 -0.1793052 -0.5171377 0.8369108 -0.1793035 -0.5171368 0.8961698 -0.1793037 -0.4058693 0.8961698 -0.1793039 -0.4058694 0.9407135 -0.1793039 -0.2879379 0.9407134 -0.179304 -0.287938 0.9698109 -0.179304 -0.1652786 0.969811 -0.1793033 -0.1652781 0.9829842 -0.1793036 -0.03990447 0.9829841 -0.1793034 -0.03990435 0.9800167 -0.1793037 0.08612459 0.9800167 -0.179304 0.08612442 0.9609575 -0.1793043 0.2107383 0.9609575 -0.1793037 0.2107386 0 1 0 0 1 0 -0.7484568 0 -0.6631836 -0.7484568 0 -0.6631836 -0.7484568 0 -0.6631836 0 -1 0 0 -1 0 0.9485587 0 -0.3166013 0.9485588 0 -0.3166013 0.9485587 0 -0.3166013 0 1 0 -0.5729669 0 -0.8195785 -0.5729669 0 -0.8195785 -0.5729669 0 -0.8195785 0 -1 0 0.9962593 0 -0.08641397 0.9962593 0 -0.08641397 0.9962593 0 -0.08641397 0 1 0 -0.4376925 0 -0.8991247 -0.4376925 0 -0.8991248 -0.4376925 0 -0.8991247 0 -1 0 0.9975118 0 0.07049995 0.9975118 0 0.07049995 0.9975118 0 0.07049995 0 1 0 0 1 0 -0.2916633 0 -0.956521 -0.2916634 0 -0.956521 -0.2916633 0 -0.956521 0 -1 0 0 -1 0 0.9742022 0 0.2256768 0.9742022 0 0.2256768 0.9742022 0 0.2256768 0 1 0 0 1 0 0.2511016 0 -0.9679607 0.2511016 0 -0.9679608 0.2511016 0 -0.9679607 0 -1 0 0 -1 0 0.712727 0 0.7014417 0.7127269 0 0.7014417 0.712727 0 0.7014417 0 1 0 0.1743777 0 -0.9846788 0.1743777 0 -0.9846788 0.1743777 0 -0.9846788 0 -1 0 0.7655647 0 0.6433589 0.7655647 0 0.6433588 0.7655647 0 0.6433589 0 1 0 0 1 0 -0.1384357 0 -0.9903715 -0.1384357 0 -0.9903714 -0.1384357 0 -0.9903715 0 -1 0 0 -1 0 0.9269046 0 0.375297 0.9269046 0 0.3752971 0.9269046 0 0.375297 0 1 0 -0.06029915 0 -0.9981804 -0.06029915 0 -0.9981804 -0.06029915 0 -0.9981804 0 -1 0 0.8946018 0 0.4468644 0.8946017 0 0.4468644 0.8946018 0 0.4468644 0 1 0 -0.8991208 0 0.4377006 -0.8991208 0 0.4377007 -0.8991208 0 0.4377006 0 -1 0 0.0705046 0 -0.9975114 0.0705046 0 -0.9975114 0.0705046 0 -0.9975114 0 1 0 -0.9565224 0 0.291659 -0.9565224 0 0.291659 -0.9565224 0 0.291659 0 -1 0 0.2256736 0 -0.974203 0.2256736 0 -0.9742029 0.2256736 0 -0.974203 0 1 0 -0.9998344 0 -0.01819759 -0.9998344 0 -0.01819759 -0.9998344 0 -0.01819759 0 -1 0 0.51568 0 -0.8567813 0.51568 0 -0.8567813 0.51568 0 -0.8567813 0 1 0 0 1 0 -0.9764571 0 0.2157114 -0.9764571 0 0.2157114 -0.9764571 0 0.2157114 0 -1 0 0 -1 0 0.3014149 0 -0.9534931 0.3014149 0 -0.9534931 0.3014149 0 -0.9534931 0 1 0 -0.9953246 0 -0.0965861 -0.9953246 0 -0.0965861 -0.9953246 0 -0.0965861 0 -1 0 0.5813126 0 -0.8136803 0.5813127 0 -0.8136804 0.5813126 0 -0.8136803 0 1 0 0 1 0 -0.9452751 0 -0.3262744 -0.9452751 0 -0.3262744 -0.9452751 0 -0.3262744 0 -1 0 0 -1 0 0.755194 0 -0.6555014 0.755194 0 -0.6555014 0.755194 0 -0.6555014 0 1 0 -0.8825997 0 -0.4701253 -0.8825997 0 -0.4701253 -0.8825997 0 -0.4701253 0 -1 0 0.8484426 0 -0.5292873 0.8484426 0 -0.5292873 0.8484426 0 -0.5292873 0 1 0 -0.7981868 0 -0.6024101 -0.7981868 0 -0.60241 -0.7981868 0 -0.6024101 0 -1 0 0.9207961 0 -0.3900443 0.9207961 0 -0.3900443 0.9207961 0 -0.3900443 0 1 0 -0.7720955 0 0.6355065 -0.7720955 0 0.6355065 -0.7720955 0 0.6355065 0 -1 0 -0.1643183 0 -0.9864073 -0.1643183 0 -0.9864074 -0.1643183 0 -0.9864073 0 1 0 -0.6631773 0 0.7484624 -0.6631773 0 0.7484624 -0.6631773 0 0.7484624 0 -1 0 -0.3165968 0 -0.9485602 -0.3165968 0 -0.9485602 -0.3165968 0 -0.9485602 0 1 0 -0.5379271 0 0.8429914 -0.5379271 0 0.8429914 -0.5379271 0 0.8429914 0 -1 0 -0.461089 0 -0.8873539 -0.461089 0 -0.8873539 -0.461089 0 -0.8873539 0 1 0 0 1 0 -0.3994337 0 0.916762 -0.3994337 0 0.9167621 -0.3994337 0 0.916762 0 -1 0 0 -1 0 -0.5942233 0 -0.8043001 -0.5942233 0 -0.8043002 -0.5942233 0 -0.8043001 0 1 0 -0.01819449 0 0.9998344 -0.01819449 0 0.9998345 -0.01819449 0 0.9998344 0 -1 0 -0.8567856 0 -0.5156728 -0.8567856 0 -0.5156728 -0.8567856 0 -0.5156728 0 1 0 0.2157113 0 0.9764572 0.2157113 0 0.9764572 0.2157113 0 0.9764572 0 -1 0 -0.9534926 0 -0.3014165 -0.9534926 0 -0.3014165 -0.9534926 0 -0.3014165 0 1 0 -0.09659069 0 0.9953241 -0.09659069 0 0.9953241 -0.09659069 0 0.9953241 0 -1 0 -0.8136833 0 -0.5813085 -0.8136833 0 -0.5813085 -0.8136833 0 -0.5813085 0 1 0 -0.3262669 0 0.9452777 -0.326267 0 0.9452777 -0.3262669 0 0.9452777 0 -1 0 -0.6554962 0 -0.7551984 -0.6554962 0 -0.7551984 -0.6554962 0 -0.7551984 0 1 0 0.4701322 0 -0.882596 0.4701322 0 -0.882596 0.4701322 0 -0.882596 0 -1 0 0.5292879 0 0.8484423 0.5292879 0 0.8484423 0.5292879 0 0.8484423 0 1 0 0.6024135 0 -0.7981842 0.6024134 0 -0.7981842 0.6024135 0 -0.7981842 0 -1 0 0.3900412 0 0.9207974 0.3900411 0 0.9207974 0.3900412 0 0.9207974 0 1 0 0 1 0 0.7198562 0 -0.6941233 0.7198562 0 -0.6941232 0.7198562 0 -0.6941233 0 -1 0 0 -1 0 0.2411967 0 0.9704763 0.2411967 0 0.9704762 0.2411967 0 0.9704763 0 1 0 0.8195794 0 -0.5729656 0.8195794 0 -0.5729656 0.8195794 0 -0.5729656 0 -1 0 0.08640974 0 0.9962597 0.08640974 0 0.9962598 0.08640974 0 0.9962597 0 1 0 0.8991208 0 -0.4377006 0.8991208 0 -0.4377007 0.8991208 0 -0.4377006 0 -1 0 -0.0705046 0 0.9975114 -0.0705046 0 0.9975114 -0.0705046 0 0.9975114 0 1 0 0.9565224 0 -0.291659 0.9565224 0 -0.291659 0.9565224 0 -0.291659 0 -1 0 -0.2256736 0 0.974203 -0.2256736 0 0.9742029 -0.2256736 0 0.974203 0 1 0 0.9998344 0 0.01819747 0.9998344 0 0.01819747 0.9998344 0 0.01819747 0 -1 0 -0.5156741 0 0.8567849 -0.5156741 0 0.8567849 -0.5156741 0 0.8567849 0 1 0 0 1 0 0.9764568 0 -0.2157131 0.9764568 0 -0.2157131 0.9764568 0 -0.2157131 0 -1 0 0 -1 0 -0.3014149 0 0.9534931 -0.3014149 0 0.9534931 -0.3014149 0 0.9534931 0 1 0 0.9953246 0 0.09658688 0.9953246 0 0.09658688 0.9953246 0 0.09658688 0 -1 0 -0.5813072 0 0.8136841 -0.5813072 0 0.8136842 -0.5813072 0 0.8136841 0 1 0 0 1 0 0.9452751 0 0.3262744 0.9452751 0 0.3262744 0.9452751 0 0.3262744 0 -1 0 0 -1 0 -0.7551975 0 0.6554974 -0.7551974 0 0.6554974 -0.7551975 0 0.6554974 0 1 0 0.8825979 0 0.4701287 0.8825979 0 0.4701286 0.8825979 0 0.4701287 0 -1 0 -0.8484426 0 0.5292873 -0.8484426 0 0.5292873 -0.8484426 0 0.5292873 0 1 0 0.7981868 0 0.6024101 0.7981868 0 0.60241 0.7981868 0 0.6024101 0 -1 0 -0.9207961 0 0.3900443 -0.9207961 0 0.3900443 -0.9207961 0 0.3900443 0 1 0 0.6941204 0 0.7198589 0.6941204 0 0.719859 0.6941204 0 0.7198589 0 -1 0 -0.9704753 0 0.2412005 -0.9704753 0 0.2412005 -0.9704753 0 0.2412005 0 1 0 0.5729669 0 0.8195785 0.5729669 0 0.8195785 0.5729669 0 0.8195785 0 -1 0 -0.9962594 0 0.08641326 -0.9962594 0 0.08641326 -0.9962594 0 0.08641326 0 1 0 0.4377056 0 0.8991184 0.4377056 0 0.8991184 0.4377056 0 0.8991184 0 -1 0 -0.9975118 0 -0.07049936 -0.9975118 0 -0.07049936 -0.9975118 0 -0.07049936 0 1 0 0 1 0 0.2916633 0 0.956521 0.2916634 0 0.956521 0.2916633 0 0.956521 0 -1 0 0 -1 0 -0.9742022 0 -0.2256768 -0.9742022 0 -0.2256768 -0.9742022 0 -0.2256768 0 1 0 0 1 0 0 1 0 0 1 0 0 1 0 0 1 0 0 1 0 0 1 0 0 1 0 0 1 0 0 1 0 0 1 0 0 1 0 0 1 0 0 1 0 0 1 0 0 1 0 0 1 0 0 1 0 0 1 0 0 1 0 0 1 0 0 1 0 0 1 0 0 1 0 0 1 0 0 1 0 0 1 0 0 1 0 0 1 0 0 1 0 0 1 0 0 1 0 0 1 0 0 1 0 0 1 0 0 1 0 0 1 0 0 1 0 0 1 0 0 1 0 0 1 0 0 1 0 0 1 0 0 1 0 0 1 0 0 1 0 0 1 0 0 1 0 0 1 0 0 1 0 0 1 0 0 1 0 0 1 0 0 1 0 0 1 0 0 1 0 0 1 0 0 1 0 0 1 0 0 1 0 0 1 0 0 1 0 0 1 0 0 1 0 0.519694 0 -0.8543524 0.3667535 0 -0.9303182 -0.9968127 0 -0.07977724 -0.6408447 0.05220848 0.7658933 -0.9596675 -0.003575682 0.2811147 0.9935038 -0.002366304 -0.1137747 0.9958541 0 -0.09096473 0.8068787 0 0.5907171 0.5513244 0.06921678 0.8314147 -0.6865172 0 0.7271136 -0.669654 0 0.7426732 -0.610789 0.1978017 0.7666885 -0.5597888 -0.008270561 0.828594 -0.4865717 -0.003443479 0.8736339 -0.5335611 0 0.8457615 -0.5335611 0 0.8457615 -0.5335611 0 0.8457615 -0.5597379 0.01580816 0.8285189 -0.5895476 0.08928453 0.8027839 -0.5919116 0 0.8060029 -0.5919116 0 0.8060029 -0.5919116 0 0.8060029 -0.5919116 0 0.8060029 -0.5918313 -0.01646059 0.8058937 -0.6000893 0.09180504 0.7946475 -0.6533044 0.007125079 0.7570618 -0.653321 0 0.757081 -0.653321 0 0.757081 -0.653321 0 0.757081 -0.653321 0 0.757081 -0.3667807 0 0.9303075 -0.4455276 0.03076511 0.8947394 -0.3873941 0 0.9219143 -0.3873941 0 0.9219143 -0.3873941 0 0.9219143 -0.5383325 0.01274746 0.8426361 -0.4261866 -0.0061993 0.904614 -0.4232891 -0.005304574 0.9059792 -0.3070325 0.01049709 0.9516411 -0.3873931 -0.002207458 0.9219119 -0.3873941 0 0.9219143 -0.3641346 0.3412865 0.8665619 -0.4152078 0.1945393 0.8886827 -0.4567946 0.0870139 0.8853064 -0.4585336 0 0.888677 -0.4585336 0 0.888677 -0.4585336 0 0.888677 -0.4585336 0 0.888677 -0.4584735 -0.01619142 0.8885606 -0.4930537 -0.008136689 0.8699609 -0.5684086 -0.003447532 0.8227391 -0.519694 0 0.8543524 -0.519694 0 0.8543525 -0.519694 0 0.8543524 -0.493017 0.01466691 0.8698961 -0.3138692 0 0.9494662 -0.3138692 0 0.9494662 -0.3138692 0 0.9494662 -0.3138692 0 0.9494662 -0.3138651 -0.005108118 0.9494538 -0.3453362 -0.001329779 0.9384781 -0.3667804 -0.00132817 0.9303066 -0.3453365 0 0.9384789 -0.313688 0.03397679 0.9489181 -0.2717759 0.1172221 0.9551947 -0.2741174 0.1269031 0.9532866 -0.203171 0 0.9791433 -0.238197 0.0428847 0.9702696 -0.2384164 0 0.971163 -0.2384164 0 0.971163 -0.2384164 0 0.971163 -0.2384164 0 0.971163 -0.01070636 0 0.9999426 -0.1226024 -0.01233571 0.9923793 -0.1614701 0 0.9868776 -0.1614701 0 0.9868776 -0.1614701 0 0.9868776 -0.1614701 0 0.9868776 -0.1614658 -0.007254064 0.9868516 -0.1806942 -0.006846785 0.9835155 -0.1827855 -0.006846785 0.983129 -0.2031704 -0.002476871 0.9791403 -0.3070096 0.005948126 0.9516878 -0.2383195 -0.02851009 0.9707683 -0.2763253 -0.01382356 0.9609647 -0.1806984 0 0.9835386 -0.161469 0.00368005 0.986871 -0.09193545 0.08480596 0.9921471 -0.1197865 0.2134343 0.969586 -0.04435133 0.02164095 0.9987815 -0.08313089 0.1004011 0.991468 -0.08355313 0 0.9965033 -0.08355313 0 0.9965033 -0.08355313 0 0.9965033 -0.08355313 0 0.9965033 0.005579173 0 0.9999845 -0.01070636 0 0.9999427 -0.01070636 0 0.9999426 0.005579173 0 0.9999845 0.03415465 0.009617388 0.9993703 0.09172159 0.1086524 0.9898393 0.1513949 0 0.9884734 0.1121882 0.06987756 0.991227 0.07218033 0.1789288 0.9812107 0.07336425 0 0.9973052 0.07336425 0 0.9973052 0.07336425 0 0.9973052 0.07336425 0 0.9973052 0.1124519 -0.01417535 0.993556 0.07333838 -0.02656412 0.9969533 0.1994333 0.02752202 0.9795248 0.03415149 -0.01664382 0.9992781 0.07256639 -5.65518e-4 0.9973635 -0.05556797 5.88412e-4 0.9984546 -0.08353024 -0.02339988 0.9962304 -0.1827728 0.01574629 0.9830291 -0.0443601 -0.008576869 0.9989788 -0.05556738 -0.004903674 0.9984429 4.57773e-4 -8.97334e-4 0.9999995 -0.01577007 -8.98033e-4 0.9998752 0.005579173 0 0.9999845 0.2730239 0.0682795 0.9595811 0.1513949 0 0.9884734 0.1513949 0 0.9884734 0.1513837 0.01215982 0.9884003 0.1756299 0 0.9844563 0.1981646 0 0.9801688 0.2638931 0.1400446 0.9543312 0.2196885 0.2747125 0.936093 0.2284789 0 0.9735488 0.2284789 0 0.9735488 0.2284789 0 0.9735488 0.340532 -0.004112899 0.9402239 0.3231429 0.01512932 0.9462292 0.1981601 -0.006784856 0.9801462 0.1995051 -0.006418406 0.9798758 0.1756263 -0.006416499 0.984436 0.1513904 -0.007761836 0.9884436 0.1513949 0 0.9884734 0.4841453 -0.00833708 0.8749479 0.3620479 -0.004110097 0.9321504 0.3231825 -0.003883898 0.9463287 0.4415324 0.005484163 0.8972286 0.4457339 0.00456798 0.8951538 0.2284789 0 0.9735488 0.2283323 -0.03581547 0.9729243 0.2664673 -0.01981782 0.9636402 0.3041445 -0.0097754 0.9525757 0.3041591 0 0.9526213 0.3041591 0 0.9526213 0.3041591 0 0.9526213 0.3041591 0 0.9526213 0.3037647 0.05090153 0.9513863 0.3405348 0 0.9402319 0.362051 0 0.9321583 0.4029684 0.22947 0.8859797 0.3494082 0.3812672 0.8558909 0.3779574 0 0.925823 0.3779574 0 0.925823 0.3779574 0 0.925823 0.5153101 0 0.8570038 0.5153101 0 0.8570038 0.483971 0.02809256 0.874633 0.4465957 0.1121006 0.8876856 0.4494286 0 0.8933163 0.4494286 0 0.8933163 0.4494286 0 0.8933163 0.4494286 0 0.8933163 0.449358 -0.017726 0.893176 0.4138126 -0.0313459 0.9098223 0.3774677 -0.05088746 0.9246234 0.3779574 0 0.925823 0.5292419 0 0.848471 0.5292419 0 0.848471 0.5292419 0 0.8484711 0.5513078 0.005191564 0.8342859 0.6455576 0 0.7637116 0.6455576 0 0.7637116 0.6455576 0 0.7637116 0.6455576 0 0.7637116 0.6455387 -0.007662951 0.7636892 0.5836415 0 0.8120115 0.5836415 0 0.8120115 0.5836415 0 0.8120115 0.5836415 0 0.8120115 0.5823363 0.06684237 0.8101954 0.6150069 -0.01468974 0.788385 0.5834177 -0.02769094 0.8117 0.654641 0.01217424 0.7558419 0.5513042 -0.006317257 0.8342804 0.5526431 -0.005843579 0.8333976 0.4319103 -0.002742886 0.9019123 0.5393927 -0.002769291 0.8420498 0.5153101 0 0.8570038 0.6066561 0.1648701 0.77768 0.6146449 0.3057411 0.7271411 0.6018274 0.05173015 0.796949 0.6658524 0 0.7460834 0.6827943 0 0.7306107 0.7971156 0 0.6038268 0.7971156 0 0.6038268 0.7821419 0.002162575 0.6230967 0.7353764 0.0990287 0.6703842 0.8250126 -0.002817392 0.5651074 0.7821434 7.70723e-4 0.623098 0.7459661 -0.005016148 0.665965 0.6542573 0.03643971 0.7553936 0.7307577 -0.01561743 0.6824582 0.756758 -0.02907782 0.653048 0.7570782 0 0.6533242 0.7570782 0 0.6533242 0.7570782 0 0.6533242 0.7570782 0 0.6533242 0.740855 0.2059085 0.6393243 0.7279742 0.08857518 0.6798588 0.7033265 0.02132302 0.7105472 0.7034865 0 0.7107087 0.7034865 0 0.7107087 0.7034865 0 0.7107087 0.7034865 0 0.7107087 0.7034631 -0.008127808 0.7106853 0.682783 -0.005766868 0.7305985 0.6658414 -0.005770385 0.7460711 0.8437821 0.1227998 0.5224481 0.8068788 0 0.5907171 0.8068787 0 0.5907171 0.82815 0.03363746 0.5594962 0.9018964 -0.003530323 0.4319381 0.8499622 0 0.5268437 0.8499622 0 0.5268437 0.8499622 0 0.5268437 0.8499622 0 0.5268437 0.8433655 0.1243467 0.5227547 0.8694502 0.03519004 0.4927657 0.8882197 0 0.459419 0.8882197 0 0.459419 0.8882197 0 0.459419 0.8699405 -0.01057618 0.4930435 0.8497824 -0.02056783 0.5267322 0.8904669 0.009430706 0.4549503 0.82861 -0.004670798 0.559807 0.8249974 -0.006392657 0.5651003 0.797558 -0.001738369 0.6032398 0.8816305 -0.001729905 0.4719371 0.7971156 0 0.6038268 0.8956295 0 0.444801 0.8956294 0 0.444801 0.9059918 0.001416444 0.4232928 0.9280062 0.09775817 0.3595107 0.9325331 0.09091252 0.3494523 0.9015129 0.2092019 0.378826 0.9219126 0 0.3873981 0.9219126 0 0.3873981 0.9219126 0 0.3873981 0.9751168 0.05832642 0.2138811 0.8956295 0 0.444801 0.6157711 -0.003202438 0.7879186 0.9059717 -0.006823718 0.4232833 0.8905059 -0.001203477 0.4549701 0.9413748 0.001319706 0.33736 0.9817612 0.04964089 0.1835231 0.9219126 0 0.3873981 0.9216394 -0.0243377 0.3872833 0.9363571 -0.01072084 0.3508852 0.9494611 -0.00308603 0.3138695 0.9494656 0 0.313871 0.9494656 0 0.313871 0.9494656 0 0.313871 0.9494656 0 0.313871 0.9492245 0.02253985 0.3137913 0.9582242 0 0.2860179 0.964532 0 0.2639662 0.9924367 0.006075143 0.1226074 0.9995367 -0.003580808 -0.03022438 0.9953784 0 0.09603101 0.9953783 0 0.09603101 0.9953783 0 0.09603101 0.9868765 0 0.1614767 0.9868765 0 0.1614767 0.9868765 0 0.1614767 0.9924272 -0.007481694 0.1226062 0.9867733 -0.01446032 0.1614599 0.9961371 0.006900489 0.08754032 0.9797705 -0.003236711 0.2000979 0.9767655 -0.006727337 0.2142056 0.9868765 0 0.1614767 0.9845337 0.06886363 0.1610934 0.9658637 0.1679188 0.1972578 0.9235006 0.3094366 0.2267062 0.9711652 0 0.2384071 0.9711652 0 0.2384071 0.9711652 0 0.2384071 0.9711652 0 0.2384071 0.9711626 -0.002357006 0.2384065 0.9645318 -5.83431e-4 0.2639661 0.9582241 -5.82568e-4 0.2860178 0.9927487 0.1202076 0 0.9973052 0 -0.07336479 0.9973052 0 -0.07336479 0.9973052 0 -0.07336479 0.9958513 -0.002369642 -0.09096443 0.9973019 -0.002526998 -0.07336455 0.9991567 -0.006392836 -0.04056054 0.9994056 -0.004670619 -0.03415566 0.9961164 0.009430527 0.08753925 0.9973052 0 -0.07336479 0.9973042 0.001399874 -0.07336473 0.9984953 0.04292434 -0.03412455 0.9905304 0.1372002 0.005060374 0.999987 0 0.005108714 0.999987 0 0.005108714 0.999987 0 0.005108714 0.999987 0 0.005108714 0.9998059 -0.01903194 0.00510776 0.9989678 -0.009769737 0.04436159 0.9930163 -0.003604173 0.1179225 0.9968127 0 0.07977724 0.9968127 0 0.07977724 0.9968127 0 0.07977724 0.9986599 0.02667981 0.04434794 0.9971492 0.06367713 -0.04048329 0.9857815 0.003295421 -0.1680002 0.9658691 -0.001027226 -0.2590284 0.9884747 0 -0.151386 0.9884747 0 -0.151386 0.9884747 0 -0.151386 0.9935066 0 -0.113775 0.9872797 0.04915821 -0.151203 0.975515 0.122952 -0.1823551 0.9766156 0.1023243 -0.1890813 -0.9935066 0 0.113775 -0.9658688 0 0.2590317 -0.9805555 0.07009178 0.1832977 -0.9735498 0 0.228475 -0.9735498 0 0.228475 -0.9735498 0 0.228475 -0.9658626 -0.00357902 0.2590301 -0.9735274 -0.006768643 0.2284698 -0.9729784 -0.006263673 0.2308111 -0.9817689 3.81258e-5 0.190079 -0.9945253 -1.07239e-4 0.1044957 -0.9721503 0.04173296 0.2306124 -0.9354866 -0.003799378 0.3533418 -0.9102712 8.73352e-4 0.4140115 -0.8826197 -0.004239797 0.4700685 -0.8674423 -0.002963304 0.4975289 -0.9526225 0 0.3041553 -0.9526225 0 0.3041553 -0.9526225 0 0.3041553 -0.9596737 0 0.2811165 -0.9525625 0.01122069 0.3041362 -0.9279684 0.09816992 0.3594961 -0.9241421 0.1826121 0.3355805 -0.9526225 0 0.3041553 -0.9526114 -0.004816889 0.3041517 -0.9398893 -0.01110571 0.3412988 -0.9255681 -0.02337825 0.3778588 -0.9258211 0 0.3779621 -0.9258211 0 0.3779621 -0.9258211 0 0.3779621 -0.9258211 0 0.3779621 -0.9229454 0.07875609 0.3767881 -0.9102202 0.01062291 0.4139883 -0.8978648 0 0.4402714 -0.8978647 0 0.4402714 -0.8978647 0 0.4402714 -0.8747996 0.02034831 0.4840575 -0.8120073 0 0.5836474 -0.8120073 0 0.5836474 -0.8120073 0 0.5836474 -0.8120073 0 0.5836474 -0.8339355 -0.0294367 0.5510763 -0.8905556 0 0.4548745 -0.8905555 0 0.4548745 -0.8905556 0 0.4548746 -0.9074407 -0.002960145 0.4201698 -0.8749537 -0.007860541 0.4841427 -0.855181 -0.0165295 0.518066 -0.8552978 0 0.5181368 -0.8552978 0 0.5181368 -0.8552978 0 0.5181368 -0.8552978 0 0.5181368 -0.8511817 0.09798824 0.5156432 -0.6228401 -0.02888977 0.7818156 -0.6525915 -0.04724419 0.7562356 -0.5380374 0.03558838 0.8421694 -0.6695575 -0.01697462 0.7425662 -0.6417171 -0.003845036 0.7669318 -0.6865122 -0.003838121 0.7271082 -0.8110606 -0.04827213 0.582967 -0.8822135 0.0306487 0.4698509 -0.800138 -0.01336783 0.5996671 -0.8152587 -0.005427718 0.5790715 -0.7862172 -0.00542134 0.6179265 -0.8152686 8.15263e-4 0.5790824 -0.7345256 -7.69301e-4 0.6785807 -0.8156799 0.2100754 0.5390127 -0.7577837 0.3592981 0.544673 -0.8500585 0.01930803 0.5263343 -0.8002093 0 0.599721 -0.7862287 0 0.6179355 -0.7320684 0.1242008 0.6698133 -0.7630664 0.04124289 0.6450029 -0.7637162 0 0.6455522 -0.7637162 0 0.6455522 -0.7637162 0 0.6455522 -0.7637162 0 0.6455522 -0.7633398 -0.03139132 0.645234 -0.7376793 -0.01659643 0.6749472 -0.7106879 -0.007770419 0.7034644 -0.7107095 0 0.7034857 -0.7107095 0 0.7034857 -0.7107095 0 0.7034857 -0.7107095 0 0.7034857 -0.6873511 0.2542681 0.6803647 -0.7367402 0.07829725 0.6716274 -0.9927487 0.1202076 0 -0.9968127 0 -0.07977724 -0.9968127 0 -0.07977724 -0.9986599 0.02667981 -0.04434794 -0.9735498 0 0.228475 -0.9370861 0.27112 0.2199176 -0.9724813 0.1372244 0.1882808 -0.9872797 0.04915821 0.151203 -0.9884747 0 0.151386 -0.9884747 0 0.151386 -0.9884747 0 0.151386 -0.9884747 0 0.151386 -0.9884029 -0.0120573 0.151375 -0.993485 -0.006596505 0.1137725 -0.9958325 -0.006596207 0.09096276 -0.9984953 0.04292434 0.03412455 -0.9905304 0.1372002 -0.005060374 -0.999987 0 -0.005108714 -0.999987 0 -0.005108714 -0.999987 0 -0.005108714 -0.999987 0 -0.005108714 -0.9958541 0 0.09096473 -0.9973042 0.001399874 0.07336473 -0.9973052 0 0.07336479 -0.9973052 0 0.07336479 -0.9973052 0 0.07336479 -0.9973052 0 0.07336479 -0.9972825 -0.006749093 0.07336312 -0.999352 -0.01135355 0.03415387 -0.9997462 -0.0219419 -0.005107462 -0.9943338 0.01962333 0.1044761 -0.9989534 -0.01114249 -0.04436093 -0.9997162 -0.003654599 -0.02353936 -0.9884927 0.005029618 -0.1511847 -0.9817613 0.04963904 -0.1835227 -0.9645332 0 -0.2639614 -0.9953783 0 -0.09603101 -0.9963604 -5.15449e-4 -0.08523982 -0.9969562 -5.15183e-4 -0.07796096 -0.9924536 -0.001650393 -0.1226095 -0.9658637 0.1679188 -0.1972578 -0.9235006 0.3094366 -0.2267062 -0.9711652 0 -0.2384071 -0.9711652 0 -0.2384071 -0.9711652 0 -0.2384071 -0.9711652 0 -0.2384071 -0.9953783 0 -0.09603101 -0.9953784 0 -0.09603101 -0.9924367 0.006075143 -0.1226074 -0.9845337 0.06886363 -0.1610934 -0.9868765 0 -0.1614767 -0.9868765 0 -0.1614767 -0.9868765 0 -0.1614767 -0.9868765 0 -0.1614767 -0.9868397 -0.008645057 -0.1614707 -0.8955922 0 -0.444876 -0.8955922 0 -0.4448761 -0.9059933 0.001421391 -0.4232897 -0.928006 0.09775716 -0.3595114 -0.9795817 -0.01989692 -0.2000594 -0.9704965 -0.03710258 -0.238243 -0.9884386 0.01160788 -0.1511772 -0.9645248 -0.004206538 -0.2639591 -0.9610338 -0.00683552 -0.2763466 -0.958202 -0.006835162 -0.2860112 -0.9325335 0.09090858 -0.3494524 -0.9015136 0.2091978 -0.3788264 -0.9219126 0 -0.3873981 -0.9219126 0 -0.3873981 -0.9219126 0 -0.3873981 -0.9219126 0 -0.3873981 -0.9582242 0 -0.2860179 -0.9492233 0.02254265 -0.3137946 -0.9494646 0 -0.3138744 -0.9494646 0 -0.3138744 -0.9494646 0 -0.3138744 -0.9494646 0 -0.3138744 -0.9494231 -0.009335398 -0.3138607 -0.9362763 -0.01695513 -0.350855 -0.9214823 -0.03054416 -0.3872174 -0.9608 0.02308773 -0.2762796 -0.9059115 -0.01351422 -0.4232514 -0.917824 -0.002378582 -0.3969804 0.01070636 0 -0.9999427 0.09162622 0.1177265 -0.98881 0.04435133 0.02164095 -0.9987815 0.01070636 0 -0.9999427 0.01070636 0 -0.9999426 0.01070636 0 -0.9999426 0.08354181 0 -0.9965043 0.08354181 0 -0.9965043 0.08354181 0 -0.9965043 0.1226097 -0.005706906 -0.9924386 0.2453857 0.02958625 -0.9689739 0.04436159 -0.002405047 -0.9990127 0.08353656 -0.01120901 -0.9964417 0.02779597 0.007387697 -0.9995863 0.1194194 -0.00620073 -0.9928246 -0.03416275 0.00962013 -0.99937 -0.1121883 0.06986653 -0.9912278 -0.09152269 0.1268349 -0.9876925 -0.07314866 0.07661795 -0.9943737 -0.07336425 0 -0.9973052 -0.07336425 0 -0.9973052 -0.07336425 0 -0.9973052 -0.1981759 -0.002994835 -0.9801619 -0.1756291 -0.002998352 -0.9844518 -0.1363207 0.003717958 -0.9906578 -0.0341643 -0.001586556 -0.999415 -0.005579173 0 -0.9999845 -0.005579173 0 -0.9999845 -0.005579173 0 -0.9999845 -0.005579173 0 -0.9999845 -0.03630161 -0.001148879 -0.9993402 -0.07336425 0 -0.9973052 -0.07334452 -0.02319425 -0.9970369 -0.1124566 -0.01078122 -0.9935982 -0.1513823 -0.004352152 -0.9884658 -0.1513838 0 -0.9884751 -0.1513838 0 -0.9884751 -0.1513838 0 -0.9884751 -0.1513838 0 -0.9884751 -0.1513726 0.01216542 -0.9884019 -0.1756299 0 -0.9844563 -0.1981768 0 -0.9801663 -0.2638846 0.1400725 -0.9543294 -0.2718968 0.1134137 -0.9556199 -0.2283828 0.02731889 -0.9731881 -0.228468 0 -0.9735514 -0.228468 0 -0.9735514 -0.228468 0 -0.9735514 -0.4139932 -0.0105037 -0.9102194 -0.228468 0 -0.9735514 -0.2284639 -0.006024003 -0.9735338 -0.2664855 -0.0141232 -0.9637354 -0.304038 -0.02820169 -0.9522424 -0.3041591 0 -0.9526213 -0.3041591 0 -0.9526213 -0.3041591 0 -0.9526213 -0.3041591 0 -0.9526213 -0.3037646 0.05091214 -0.9513859 -0.3405423 0 -0.9402292 -0.3618566 0 -0.9322338 -0.1361085 0.05221796 -0.9893168 -0.2618855 -7.707e-4 -0.9650987 -0.3405423 2.49248e-4 -0.9402292 -0.3831381 -0.00592035 -0.9236721 -0.3618503 -0.0059188 -0.9322175 -0.3779506 -0.006016492 -0.9258062 -0.3779574 0 -0.925823 -0.3779574 0 -0.925823 -0.3779574 0 -0.925823 -0.3779574 0 -0.925823 -0.3779573 8.65968e-4 -0.9258226 -0.4136636 0.04124987 -0.9094948 -0.4422553 0.1247715 -0.8881679 -0.4494467 0 -0.8933071 -0.4494467 0 -0.8933071 -0.4494467 0 -0.8933071 -0.4494467 0 -0.8933071 -0.4466165 0.1120476 -0.8876819 -0.4839583 0.02811348 -0.8746393 -0.5153206 0 -0.8569975 -0.5153206 0 -0.8569975 -0.5153206 0 -0.8569975 -0.5292012 0 -0.8484964 -0.5292012 0 -0.8484964 -0.5513134 0.005202233 -0.8342821 -0.5993965 0.1035205 -0.79373 -0.6130977 0.08008372 -0.7859376 -0.5725829 0.1938062 -0.7966103 -0.5836491 0 -0.8120061 -0.5836491 0 -0.8120061 -0.5836491 0 -0.8120061 -0.5513122 -0.005605876 -0.8342803 -0.4980994 0.005316972 -0.8671037 -0.6049115 -0.00379908 -0.7962837 -0.7011573 0.04172873 -0.7117845 -0.4493477 -0.0209794 -0.8931105 -0.3831374 0.006421208 -0.923669 -0.4841476 -0.002973735 -0.8749813 -0.4981114 -0.006770014 -0.8670867 -0.5384956 -0.002664089 -0.8426241 -0.4348933 -0.002660274 -0.900478 -0.5292012 0 -0.8484964 -0.5836491 0 -0.8120061 -0.5834481 -0.02624332 -0.8117263 -0.6150192 -0.01325094 -0.7884008 -0.6455317 -0.006236195 -0.763708 -0.6455443 0 -0.7637228 -0.6455443 0 -0.7637228 -0.6455443 0 -0.7637228 -0.6455443 0 -0.7637228 -0.6454505 0.01704949 -0.7636119 -0.6658623 0 -0.7460747 -0.6827943 0 -0.7306107 -0.9370964 -0.003186047 -0.349056 -0.7353764 0.0990287 -0.6703841 -0.7821419 0.002162516 -0.6230968 -0.7971155 0 -0.6038267 -0.7971156 0 -0.6038268 -0.7971156 0 -0.6038268 -0.7570782 0 -0.6533242 -0.7570782 0 -0.6533242 -0.7570782 0 -0.6533242 -0.7821269 -0.006555438 -0.6230848 -0.7570149 -0.01293855 -0.6532696 -0.7871123 -1.06931e-4 -0.6168097 -0.7308468 3.84515e-5 -0.6825415 -0.7017614 -0.006263732 -0.7123845 -0.7570782 0 -0.6533242 -0.740855 0.2059085 -0.6393243 -0.7279742 0.08857518 -0.6798588 -0.7033265 0.02132302 -0.7105472 -0.7034865 0 -0.7107087 -0.7034865 0 -0.7107087 -0.7034865 0 -0.7107087 -0.7034865 0 -0.7107087 -0.7034705 -0.00672388 -0.7106927 -0.6827878 -0.004352748 -0.7306037 -0.665856 -0.004348933 -0.7460677 -0.8694502 0.03519004 -0.4927657 -0.8882197 0 -0.459419 -0.8882197 0 -0.459419 -0.8882197 0 -0.459419 -0.7869597 0.01962447 -0.6166923 -0.8595064 -0.006840586 -0.5110793 -0.8699868 -0.002242982 -0.4930698 -0.9178157 0.005030333 -0.3969749 -0.8924667 -0.001073122 -0.4511119 -0.8232243 -0.001054525 -0.5677153 -0.8955922 0 -0.444876 -0.8437333 0.1232629 -0.5224179 -0.8436414 0.1217291 -0.5229257 -0.8499622 0 -0.5268437 -0.8499622 0 -0.5268437 -0.8499622 0 -0.5268437 -0.8499622 0 -0.5268437 -0.849794 -0.01990026 -0.5267394 -0.8285772 -0.01003891 -0.5597848 -0.788775 -0.003343462 -0.614673 -0.8068787 0 -0.5907171 -0.8068788 0 -0.5907171 -0.8068787 0 -0.5907171 -0.82815 0.03363746 -0.5594962 0.8905556 0 -0.4548746 0.8747996 0.02034831 -0.4840575 0.8443794 0.1169835 -0.5228179 0.8120073 0 -0.5836474 0.8331992 0.05128449 -0.5505897 0.8455455 0.1505799 -0.5122289 0.8552978 0 -0.5181368 0.8552978 0 -0.5181368 0.8552978 0 -0.5181368 0.8552978 0 -0.5181368 0.8342511 -0.010499 -0.5512848 0.8550965 -0.02169054 -0.5180149 0.7760911 0.03226065 -0.6297951 0.8748043 -0.02007794 -0.4840601 0.9045405 -0.002434611 -0.4263808 0.910932 -0.001397252 -0.4125542 0.8506961 0.001556575 -0.5256556 0.736378 0.08430606 -0.6712972 0.8120073 0 -0.5836474 0.8120073 0 -0.5836474 0.8119996 0.004343867 -0.5836419 0.8002093 0 -0.599721 0.7862287 0 -0.6179355 0.7329428 0.1143347 -0.6706134 0.7411624 0.2412289 -0.6264879 0.7637162 0 -0.6455522 0.7637162 0 -0.6455522 0.7637162 0 -0.6455522 0.6894154 0.01895648 -0.7241181 0.7861897 -0.009962737 -0.6179049 0.7764841 -0.00481677 -0.6301185 0.8001999 -0.004813194 -0.5997139 0.8119958 -0.005291163 -0.5836392 0.8120073 0 -0.5836474 0.9317504 0.03934246 -0.360962 0.9884747 0 -0.151386 0.9884445 -0.007826328 -0.1513814 0.9816143 -0.01773566 -0.1900491 0.9729998 -0.03360742 -0.228346 0.9735498 0 -0.228475 0.9735498 0 -0.228475 0.9735498 0 -0.228475 0.9735498 0 -0.228475 0.9731493 0.0286799 -0.228381 0.9658697 0 -0.2590286 0.9596717 0 -0.281123 0.9258227 0 -0.3779581 0.9102188 0.01062172 -0.4139913 0.8978648 0 -0.4402714 0.8905555 0 -0.4548745 0.8905556 0 -0.4548746 0.9258227 0 -0.3779581 0.8978647 0 -0.4402714 0.8978647 0 -0.4402714 0.8732356 -0.002426385 -0.4872923 0.910255 -0.005779445 -0.4140078 0.92574 -0.01337403 -0.3779243 0.9258227 0 -0.3779581 0.9258227 0 -0.3779581 0.9229462 0.07876771 -0.3767838 0.9241424 0.1826049 -0.3355835 0.9001949 0.3271744 -0.2874127 0.9526235 0 -0.304152 0.9526235 0 -0.304152 0.9526235 0 -0.304152 0.9526235 0 -0.304152 0.9396475 -0.02521401 -0.3412139 0.9517425 -0.04299825 -0.3038707 0.910704 0.02237808 -0.4124529 0.9596279 -0.009566605 -0.2811101 0.9561917 -0.006193101 -0.2926756 0.9561921 -0.006193101 -0.2926743 0.6023912 0.02839881 -0.7976957 0.7637162 0 -0.6455522 0.7632842 -0.03363162 -0.645187 0.7376501 -0.01883733 -0.6749204 0.7106739 -0.01000672 -0.7034505 0.7107095 0 -0.7034857 0.7107095 0 -0.7034857 0.7107095 0 -0.7034857 0.7107095 0 -0.7034857 0.7102624 0.03546011 -0.7030432 0.6865172 0 -0.7271136 0.669654 0 -0.7426732 0.559808 -0.004427552 -0.8286105 0.6107907 0.197827 -0.7666806 0.6131964 0.3450518 -0.7105839 0.653321 0 -0.757081 0.653321 0 -0.757081 0.653321 0 -0.757081 0.653321 0 -0.757081 0.5335611 0 -0.8457615 0.5335611 0 -0.8457615 0.5597434 0.01581156 -0.8285151 0.5895351 0.08924162 -0.8027979 0.5918968 0 -0.8060138 0.5918968 0 -0.8060138 0.5918968 0 -0.8060138 0.5918968 0 -0.8060138 0.5918497 -0.01261347 -0.8059497 0.6895367 -0.005081653 -0.7242329 0.6696417 -0.00606513 -0.7426596 0.6865046 -0.006067276 -0.7271002 0.6229095 -0.02505946 -0.7818925 0.6527046 -0.04343044 -0.7563667 0.4819144 0.0761072 -0.8729068 0.5912401 0.00839442 -0.8064519 0.4428772 0.113125 -0.8894169 0.519694 0 -0.8543525 0.519694 0 -0.8543524 0.4930108 0.01467025 -0.8698996 0.3874037 0 -0.9219102 0.3453285 -0.006774961 -0.9384573 0.3667451 -0.006776809 -0.9302968 0.3874037 0 -0.9219102 0.3874037 0 -0.9219102 0.3873924 -0.007658183 -0.9218831 0.3874037 0 -0.9219102 0.3873915 0.007947146 -0.921881 0.422519 0.06026268 -0.9043484 0.452301 0.1645507 -0.876554 0.4585517 0 -0.8886678 0.4585517 0 -0.8886678 0.4585517 0 -0.8886678 0.4585517 0 -0.8886678 0.4232499 -0.01347118 -0.9059128 0.4584052 -0.02527087 -0.888384 0.3673157 0.01574587 -0.9299631 0.4930457 -0.008574664 -0.8699612 0.4832698 -0.004903078 -0.8754578 0.5399215 -0.001416385 -0.8417142 0.514397 -0.00141859 -0.857551 0.5335611 0 -0.8457615 0.08354181 0 -0.9965043 0.08262497 0.1477446 -0.9855682 0.1224616 0.04947245 -0.9912395 0.1614912 0.003664791 -0.9868674 0.1614923 0 -0.9868739 0.1614923 0 -0.9868739 0.1614923 0 -0.9868739 0.1614923 0 -0.9868739 0.1614923 -6.11446e-4 -0.9868739 0.1806411 -2.04554e-4 -0.9835491 0.2454071 -2.05025e-4 -0.9694201 0.203145 -0.01856547 -0.9789727 0.3671855 0.03145515 -0.9296157 0.3138795 0 -0.9494628 0.3138795 0 -0.9494628 0.3138795 0 -0.9494628 0.3453365 0 -0.9384789 0.3136985 0.03396576 -0.948915 0.2717755 0.1172326 -0.9551935 0.2741171 0.1269136 -0.9532853 0.3138795 0 -0.9494628 0.3138621 -0.01054155 -0.9494102 0.2763006 -0.01923799 -0.9608787 0.2382578 -0.03389906 -0.9706102 0.2383949 0 -0.9711683 0.2383949 0 -0.9711683 0.2383949 0 -0.9711683 0.2383949 0 -0.9711683 0.2381759 0.04284763 -0.9702764 0.20318 0 -0.9791414 0.1806411 0 -0.9835491 -0.09226787 0 -0.9957342 -0.2736625 0 -0.9618259 -0.2736625 0 -0.9618259 -0.4457386 0 -0.8951632 -0.4457386 0 -0.8951632 -0.6026343 0 -0.7980175 -0.6026343 0 -0.7980175 -0.739009 0 -0.6736956 -0.739009 0 -0.6736956 -0.850217 0 -0.5264324 -0.850217 0 -0.5264324 -0.9324722 0 -0.3612416 -0.9324722 0 -0.3612416 -0.9829732 0 -0.1837493 -0.9829732 0 -0.1837493 -1 0 0 -1 0 0 -0.9829731 0 0.1837496 -0.9829731 0 0.1837496 -0.9324725 0 0.3612409 -0.9324725 0 0.3612409 -0.850217 0 0.5264324 -0.850217 0 0.5264324 -0.739009 0 0.6736956 -0.739009 0 0.6736956 -0.6026343 0 0.7980175 -0.6026343 0 0.7980175 -0.4457386 0 0.8951632 -0.4457386 0 0.8951632 -0.2736625 0 0.9618259 -0.2736625 0 0.9618259 -0.09226787 0 0.9957342 -0.09226787 0 0.9957342 0.09226787 0 0.9957342 0.09226787 0 0.9957342 0.2736625 0 0.9618259 0.2736625 0 0.9618259 0.4457386 0 0.8951632 0.4457386 0 0.8951632 0.6026343 0 0.7980175 0.6026343 0 0.7980175 0.739009 0 0.6736956 0.739009 0 0.6736956 0.850217 0 0.5264324 0.850217 0 0.5264324 0.9324725 0 0.3612409 0.9324725 0 0.3612409 0.9829731 0 0.1837496 0.9829731 0 0.1837496 1 0 0 1 0 0 0.9829732 0 -0.1837493 0.9829732 0 -0.1837493 0.9324722 0 -0.3612416 0.9324722 0 -0.3612416 0.850217 0 -0.5264324 0.850217 0 -0.5264324 0.739009 0 -0.6736956 0.739009 0 -0.6736956 0.6026343 0 -0.7980175 0.6026343 0 -0.7980175 0.4457386 0 -0.8951632 0.4457386 0 -0.8951632 0.2736625 0 -0.9618259 0.2736625 0 -0.9618259 0.09226787 0 -0.9957342 0.09226787 0 -0.9957342 -0.09226787 0 -0.9957342 -1 0 0 -1 0 0 -1 0 0 -1 0 0 -0.9934818 0.113991 0 -0.9934818 0.113991 0 -0.9934818 0.1139913 0 -0.9934818 0.1139913 0 -0.9740119 0.2264969 0 -0.9740119 0.2264969 0 -0.9418446 0.3360488 0 -0.9418446 0.3360488 0 -0.9418444 0.3360493 0 -0.9418444 0.3360493 0 -0.8973982 0.4412214 0 -0.8973982 0.4412214 0 -0.8973989 0.4412201 0 -0.8973989 0.4412201 0 -0.8412535 0.5406408 0 -0.8412535 0.5406408 0 -0.7741427 0.6330111 0 -0.7741427 0.6330111 0 -0.7741415 0.6330126 0 -0.7741415 0.6330126 0 -0.6969372 0.7171322 0 -0.6969372 0.7171322 0 -0.6969375 0.7171318 0 -0.6969375 0.7171318 0 -0.6106482 0.7919021 0 -0.6106482 0.7919021 0 -0.610648 0.7919021 0 -0.610648 0.7919021 0 -0.5163971 0.8563492 0 -0.5163971 0.8563492 0 -0.4154157 0.9096317 0 -0.4154157 0.9096317 0 -0.4154153 0.9096319 0 -0.4154153 0.9096319 0 -0.3090165 0.9510567 0 -0.3090165 0.9510567 0 -0.3090174 0.9510564 0 -0.3090174 0.9510564 0 -0.1985905 0.9800825 0 -0.1985905 0.9800825 0 -0.08557504 0.9963318 0 -0.08557504 0.9963318 0 -0.08557456 0.9963318 0 -0.08557456 0.9963318 0 0.02855604 0.9995922 0 0.02855604 0.9995922 0 0.02855557 0.9995922 0 0.02855557 0.9995922 0 0.1423143 0.9898215 0 0.1423143 0.9898215 0 0.2542309 0.9671435 0 0.2542309 0.9671435 0 0.2542186 0.9671468 0 0.2542186 0.9671468 0 0.3628068 0.9318645 0 0.3628068 0.9318645 0 0.3628087 0.9318637 0 0.3628087 0.9318637 0 0.4666668 0.8844333 0 0.4666668 0.8844333 0 0.4666695 0.8844318 0 0.4666695 0.8844318 0 0.5644431 0.825472 0 0.5644431 0.825472 0 0.6548604 0.7557498 0 0.6548604 0.7557498 0 0.6548609 0.7557495 0 0.6548609 0.7557495 0 0.7367412 0.6761749 0 0.7367412 0.6761749 0 0.736741 0.6761751 0 0.736741 0.6761751 0 0.8090171 0.5877852 0 0.8090171 0.5877852 0 0.8707472 0.4917309 0 0.8707472 0.4917309 0 0.8707459 0.4917334 0 0.8707459 0.4917334 0 0.921124 0.3892694 0 0.921124 0.3892694 0 0.9211238 0.38927 0 0.9211238 0.38927 0 0.9594931 0.2817324 0 0.9594931 0.2817324 0 0.9594921 0.2817354 0 0.9594921 0.2817354 0 0.9853538 0.1705222 0 0.9853538 0.1705222 0 0.998369 0.05708968 0 0.998369 0.05708968 0 0.9983691 0.05708795 0 0.9983691 0.05708795 0 0.9983691 -0.05708795 0 0.9983691 -0.05708795 0 0.998369 -0.05708968 0 0.998369 -0.05708968 0 0.9853538 -0.1705222 0 0.9853538 -0.1705222 0 0.9594921 -0.2817354 0 0.9594921 -0.2817354 0 0.9594931 -0.2817324 0 0.9594931 -0.2817324 0 0.9211238 -0.38927 0 0.9211238 -0.38927 0 0.921124 -0.3892694 0 0.921124 -0.3892694 0 0.8707459 -0.4917334 0 0.8707459 -0.4917334 0 0.8707472 -0.4917309 0 0.8707472 -0.4917309 0 0.8090171 -0.5877852 0 0.8090171 -0.5877852 0 0.736741 -0.6761751 0 0.736741 -0.6761751 0 0.7367412 -0.6761749 0 0.7367412 -0.6761749 0 0.6548609 -0.7557495 0 0.6548609 -0.7557495 0 0.6548604 -0.7557498 0 0.6548604 -0.7557498 0 0.5644431 -0.825472 0 0.5644431 -0.825472 0 0.4666695 -0.8844318 0 0.4666695 -0.8844318 0 0.4666668 -0.8844333 0 0.4666668 -0.8844333 0 0.3628087 -0.9318637 0 0.3628087 -0.9318637 0 0.3628068 -0.9318645 0 0.3628068 -0.9318645 0 0.2542186 -0.9671468 0 0.2542186 -0.9671468 0 0.2542309 -0.9671435 0 0.2542309 -0.9671435 0 0.1423143 -0.9898215 0 0.1423143 -0.9898215 0 0.02855557 -0.9995922 0 0.02855557 -0.9995922 0 0.02855604 -0.9995922 0 0.02855604 -0.9995922 0 -0.08557456 -0.9963318 0 -0.08557456 -0.9963318 0 -0.08557504 -0.9963318 0 -0.08557504 -0.9963318 0 -0.1985905 -0.9800825 0 -0.1985905 -0.9800825 0 -0.3090174 -0.9510564 0 -0.3090174 -0.9510564 0 -0.3090165 -0.9510567 0 -0.3090165 -0.9510567 0 -0.4154153 -0.9096319 0 -0.4154153 -0.9096319 0 -0.4154157 -0.9096317 0 -0.4154157 -0.9096317 0 -0.5163971 -0.8563492 0 -0.5163971 -0.8563492 0 -0.610648 -0.7919021 0 -0.610648 -0.7919021 0 -0.6106482 -0.7919021 0 -0.6106482 -0.7919021 0 -0.6969375 -0.7171318 0 -0.6969375 -0.7171318 0 -0.6969372 -0.7171322 0 -0.6969372 -0.7171322 0 -0.7741415 -0.6330126 0 -0.7741415 -0.6330126 0 -0.7741427 -0.6330111 0 -0.7741427 -0.6330111 0 -0.8412535 -0.5406408 0 -0.8412535 -0.5406408 0 -0.8973989 -0.4412201 0 -0.8973989 -0.4412201 0 -0.8973982 -0.4412214 0 -0.8973982 -0.4412214 0 -0.9418444 -0.3360493 0 -0.9418444 -0.3360493 0 -0.9418446 -0.3360488 0 -0.9418446 -0.3360488 0 -0.9740119 -0.2264969 0 -0.9740119 -0.2264969 0 -0.9934818 -0.1139913 0 -0.9934818 -0.1139913 0 -0.9934818 -0.113991 0 -0.9934818 -0.113991 0 0.9446009 0.2773602 -0.175501 0.944598 0.2773588 -0.1755185 0.9068242 0.383227 -0.1755188 0.9068247 0.3832271 -0.1755163 0.9068227 0.3832256 -0.1755294 0.8572267 0.4840987 -0.1755302 0.8572315 0.4841007 -0.1755011 0.8572314 0.4840983 -0.175508 0.7964594 0.5786616 -0.1755087 0.7964587 0.5786609 -0.1755145 0.7253043 0.6656786 -0.1755157 0.7253047 0.6656789 -0.1755128 0.7253041 0.6656781 -0.1755182 0.644695 0.7440174 -0.1755181 0.6446934 0.744016 -0.1755296 0.6446936 0.7440165 -0.1755268 0.5556802 0.8126559 -0.1755275 0.5556818 0.812659 -0.1755079 0.4594259 0.8707039 -0.1755065 0.4594224 0.8707022 -0.1755244 0.4594242 0.8707072 -0.1754942 0.3571781 0.9174016 -0.1754939 0.3571742 0.9173958 -0.1755322 0.3571745 0.9173979 -0.175521 0.250272 0.9521324 -0.1755216 0.2502713 0.9521307 -0.1755322 0.2502833 0.952126 -0.17554 0.1401051 0.9744516 -0.1755406 0.1401053 0.974457 -0.1755106 0.02811235 0.984076 -0.1755106 0.02811282 0.9840775 -0.1755025 0.02811282 0.9840775 -0.1755028 -0.08424633 0.9808676 -0.1755028 -0.08424657 0.9808639 -0.1755238 -0.08424645 0.9808638 -0.1755245 -0.1955074 0.9648669 -0.1755244 -0.1955077 0.9648678 -0.1755189 -0.3042203 0.9362923 -0.1755184 -0.3042201 0.9362932 -0.1755143 -0.3042184 0.9362897 -0.1755359 -0.4089654 0.8955084 -0.1755337 -0.4089657 0.89551 -0.1755247 -0.4089673 0.8955116 -0.1755129 -0.5083813 0.843056 -0.175514 -0.5083801 0.8430544 -0.1755248 -0.6861183 0.7059996 -0.1755174 -0.6861178 0.7059986 -0.175523 -0.6011679 0.7796078 -0.1755244 -0.6011679 0.7796079 -0.1755238 -0.6011677 0.779608 -0.1755242 -0.8281939 0.5322481 -0.1755185 -0.7621251 0.6231845 -0.1755176 -0.7621225 0.6231845 -0.1755289 -0.7621233 0.6231854 -0.1755225 -0.6861173 0.7059988 -0.1755241 -0.8834701 0.4343727 -0.1755015 -0.8834687 0.4343711 -0.175513 -0.8281949 0.5322486 -0.175513 -0.9588908 0.2229804 -0.1755224 -0.9272229 0.3308318 -0.175522 -0.927222 0.3308319 -0.1755272 -0.9272229 0.3308324 -0.1755211 -0.8834668 0.4343718 -0.1755208 -0.9780567 0.1122217 -0.1755315 -0.9780566 0.1122215 -0.1755324 -0.9588891 0.2229802 -0.1755321 -0.9844784 0 -0.1755058 -0.9844784 0 -0.1755058 -0.9780614 0.1122217 -0.1755059 -0.9588891 -0.22298 -0.1755321 -0.9780566 -0.1122215 -0.1755324 -0.9780567 -0.1122217 -0.1755315 -0.9780614 -0.1122217 -0.1755057 -0.9844784 0 -0.1755058 -0.927222 -0.3308319 -0.1755272 -0.9272229 -0.3308318 -0.1755219 -0.9588907 -0.2229806 -0.1755224 -0.8281948 -0.5322487 -0.175513 -0.8834687 -0.4343711 -0.175513 -0.8834701 -0.4343727 -0.1755015 -0.8834668 -0.4343718 -0.1755208 -0.9272229 -0.3308324 -0.1755213 -0.7621225 -0.6231845 -0.1755289 -0.7621251 -0.6231845 -0.1755177 -0.828194 -0.532248 -0.1755185 -0.6861183 -0.7059996 -0.1755174 -0.6861173 -0.7059988 -0.1755241 -0.7621232 -0.6231853 -0.1755228 -0.5083802 -0.8430542 -0.1755248 -0.6011677 -0.779608 -0.1755243 -0.6011678 -0.7796078 -0.1755245 -0.6011679 -0.7796079 -0.1755238 -0.6861178 -0.7059985 -0.1755235 -0.4089657 -0.8955099 -0.1755251 -0.4089672 -0.8955115 -0.175513 -0.508381 -0.843056 -0.175514 -0.1955075 -0.9648678 -0.1755189 -0.3042203 -0.9362923 -0.1755185 -0.3042201 -0.9362932 -0.1755143 -0.3042184 -0.9362897 -0.175536 -0.4089654 -0.8955084 -0.1755337 -0.08424657 -0.9808639 -0.1755238 -0.08424645 -0.9808638 -0.1755244 -0.1955075 -0.9648669 -0.1755244 0.2502833 -0.952126 -0.17554 0.1401045 -0.9744518 -0.1755406 0.1401059 -0.9744569 -0.1755107 0.02811235 -0.984076 -0.1755106 0.02811282 -0.9840775 -0.1755025 0.02811282 -0.9840775 -0.1755028 -0.08424633 -0.9808677 -0.1755028 0.2502715 -0.9521306 -0.1755327 0.2502717 -0.9521325 -0.1755213 0.3571745 -0.9173979 -0.175521 0.3571742 -0.9173958 -0.1755326 0.3571781 -0.9174016 -0.1754939 0.4594242 -0.8707072 -0.1754942 0.4594224 -0.8707022 -0.1755246 0.4594259 -0.8707039 -0.1755065 0.5556822 -0.8126588 -0.1755079 0.5556798 -0.8126561 -0.1755275 0.6446936 -0.7440165 -0.1755268 0.6446934 -0.7440161 -0.1755292 0.644695 -0.7440174 -0.1755181 0.7253041 -0.6656781 -0.1755182 0.7253047 -0.6656789 -0.1755128 0.7253043 -0.6656786 -0.1755157 0.7964585 -0.578661 -0.1755145 0.7964594 -0.5786615 -0.1755086 0.9068248 -0.3832271 -0.1755163 0.9068227 -0.3832256 -0.1755296 0.857227 -0.4840981 -0.1755302 0.8572312 -0.4841012 -0.1755009 0.8572315 -0.4840983 -0.175508 0.970058 -0.1678751 -0.1755146 0.9445976 -0.277362 -0.1755152 0.9446009 -0.2773602 -0.1755008 0.9445981 -0.2773588 -0.175518 0.9068242 -0.383227 -0.1755188 0.9828687 -0.05620247 -0.1755291 0.9828708 -0.05620348 -0.1755169 0.9700576 -0.1678751 -0.1755169 0.9445976 0.277362 -0.1755152 0.9700581 0.1678752 -0.1755146 0.9700576 0.167875 -0.1755169 0.9828708 0.05620348 -0.175517 0.9828687 0.05620247 -0.1755291 0.9828735 0.05620193 -0.1755018 0.9828735 -0.05620193 -0.1755018 0.1757755 -0.006876945 -0.9844062 0.3979951 -0.02275812 -0.9171052 0.1513271 -0.03027206 -0.9880201 0.1513268 -0.03027313 -0.9880201 0.4343668 -0.07517021 -0.897594 0.1336789 -0.01580053 -0.9908987 0.1336789 -0.01580071 -0.9908987 0.2063682 -0.05894207 -0.9766975 0.3029158 -0.08894413 -0.9488577 0.1297132 -0.04850107 -0.9903647 0.1297132 -0.04850095 -0.9903646 0.4484735 -0.1895264 -0.8734709 0.1272549 -0.05953913 -0.9900815 0.1272549 -0.05953925 -0.9900814 0.2550434 -0.1440295 -0.9561425 0.2110635 -0.1201311 -0.9700622 0.3862996 -0.2806631 -0.8786358 0.1220413 -0.0828098 -0.9890644 0.1220414 -0.08280944 -0.9890645 0.1083524 -0.1190245 -0.9869615 0.1439798 -0.1352671 -0.9802921 0.2594424 -0.2381142 -0.9359441 0.1063844 -0.08523267 -0.9906653 0.1063844 -0.08523261 -0.9906654 0.1083524 -0.1190245 -0.9869614 0.2908514 -0.3356605 -0.8959563 0.0826289 -0.1064904 -0.9908745 0.08262914 -0.1064903 -0.9908745 0.2253471 -0.3295596 -0.9168474 0.09769117 -0.1484608 -0.9840812 0.08450239 -0.1530274 -0.9846025 0.1916974 -0.3633072 -0.9117346 0.05563181 -0.1224693 -0.9909119 0.05563175 -0.1224693 -0.9909119 0.1564429 -0.40182 -0.9022562 0.05830895 -0.1599178 -0.9854066 0.097579 -0.3712289 -0.9233999 0.04956382 -0.1772251 -0.9829215 0.05830889 -0.1599178 -0.9854067 0.01981461 -0.1652815 -0.9860474 0.01981431 -0.1652815 -0.9860473 0.06316524 -0.439324 -0.8961052 0.02638995 -0.1333932 -0.9907118 0.02638995 -0.1333932 -0.9907118 0.008012115 -0.1895676 -0.981835 0.01045417 -0.3659499 -0.9305758 -0.00486207 -0.1353168 -0.9907904 -0.00486207 -0.1353168 -0.9907904 -0.03986984 -0.4641963 -0.8848345 -0.01753532 -0.1525393 -0.9881418 -0.05921816 -0.2922532 -0.9545058 -0.04241853 -0.2157145 -0.9755346 -0.0175358 -0.1525393 -0.9881418 -0.151826 -0.4672732 -0.8709791 -0.03799408 -0.1347092 -0.9901565 -0.0379939 -0.1347093 -0.9901565 -0.07588773 -0.1343296 -0.9880266 -0.09258508 -0.1995831 -0.9754971 -0.1251689 -0.2740815 -0.9535261 -0.0485236 -0.1310725 -0.9901846 -0.04852372 -0.1310725 -0.9901846 -0.07588791 -0.1343294 -0.9880267 -0.2388584 -0.3961019 -0.8865945 -0.07505702 -0.1113852 -0.9909389 -0.07505691 -0.1113853 -0.9909389 -0.2311912 -0.2998141 -0.9255604 -0.1144448 -0.1437991 -0.982967 -0.2874364 -0.2957652 -0.9109902 -0.1164261 -0.1247199 -0.9853374 -0.1164287 -0.1247173 -0.9853375 -0.130639 -0.1020398 -0.9861649 -0.1306391 -0.1020397 -0.986165 -0.3338184 -0.2729619 -0.9022511 -0.09907531 -0.0907734 -0.990931 -0.09907537 -0.09077346 -0.990931 -0.1582358 -0.1048388 -0.9818199 -0.3120015 -0.200511 -0.928682 -0.1189488 -0.06617701 -0.9906926 -0.1189485 -0.06617742 -0.9906926 -0.4133242 -0.2032181 -0.8876179 -0.1417016 -0.06491565 -0.9877786 -0.3288934 -0.117349 -0.9370477 -0.1961911 -0.07223057 -0.9779017 -0.1417018 -0.06491529 -0.9877787 -0.1498885 -0.03013676 -0.9882436 -0.1498886 -0.03013598 -0.9882435 -0.4613088 -0.1072728 -0.8807308 -0.131804 -0.03730857 -0.9905734 -0.1318041 -0.03730815 -0.9905735 -0.2180135 -0.02682495 -0.9755771 -0.3355718 -0.03850322 -0.9412274 -0.1370906 -0.006233155 -0.9905389 -0.1370906 -0.006233513 -0.9905389 -0.4778226 0 -0.8784564 -0.1478468 0.004839301 -0.9889985 -0.2879015 0.03303354 -0.9570901 -0.243726 0.0272265 -0.9694619 -0.1478467 0.004839718 -0.9889984 -0.4756211 0.1106009 -0.8726694 -0.1376242 0.02659422 -0.9901275 -0.1376243 0.02659392 -0.9901274 -0.1411324 0.06490963 -0.9878606 -0.1972303 0.07228666 -0.9776885 -0.3080117 0.1098984 -0.9450139 -0.1320307 0.03676784 -0.9905635 -0.1320307 0.03676789 -0.9905635 -0.1411322 0.06491029 -0.9878605 -0.3987113 0.1960334 -0.8958796 -0.1174976 0.06588339 -0.9908853 -0.1174977 0.06588333 -0.9908853 -0.3347645 0.2151399 -0.9174135 -0.1438226 0.09624385 -0.9849123 -0.1413034 0.1117123 -0.9836431 -0.2996973 0.2450612 -0.9220231 -0.09894514 0.09177643 -0.9908516 -0.09894514 0.09177649 -0.9908516 -0.3138415 0.3229355 -0.8928696 -0.1069076 0.1159386 -0.9874863 -0.2055296 0.2665355 -0.9416562 -0.1284862 0.1634147 -0.9781548 -0.1069078 0.1159384 -0.9874861 -0.07354646 0.1312123 -0.9886223 -0.07354617 0.1312125 -0.9886224 -0.2469136 0.40946 -0.8782802 -0.07636433 0.1144752 -0.9904868 -0.07636463 0.1144751 -0.9904868 -0.09887355 0.2140162 -0.9718133 -0.1244516 0.272511 -0.95407 -0.04931503 0.1326689 -0.9899328 -0.04931509 0.1326689 -0.9899328 -0.1508631 0.4643096 -0.8727295 -0.04021841 0.1403983 -0.9892779 -0.05638289 0.2782604 -0.9588494 -0.05188697 0.2540002 -0.9658114 -0.04021829 0.1403983 -0.9892778 -0.04197561 0.4887137 -0.8714338 -0.01800531 0.1426686 -0.9896067 -0.01800525 0.1426686 -0.9896067 0.01571309 0.1448667 -0.9893264 0.00770235 0.2607747 -0.965369 0.00787574 0.2756913 -0.961214 -0.006966531 0.1431405 -0.9896779 -0.006967127 0.1431405 -0.9896779 0.01571339 0.1448667 -0.9893264 0.06894546 0.4795266 -0.8748147 0.02523458 0.1329265 -0.9908047 0.02523452 0.1329265 -0.9908046 0.08685725 0.3304393 -0.9398222 0.05189013 0.1887415 -0.9806549 0.1565454 0.402083 -0.9021213 0.0555619 0.1531378 -0.9866416 0.05556082 0.1531381 -0.9866416 0.08057826 0.1447884 -0.9861762 0.0805779 0.1447886 -0.9861762 0.200974 0.3808883 -0.9025151 0.05479168 0.1201642 -0.9912408 0.0547918 0.1201642 -0.9912409 0.1049889 0.1579856 -0.9818441 0.2029529 0.2968091 -0.9331208 0.08379387 0.1066984 -0.9907544 0.08379411 0.1066982 -0.9907543 0.3114225 0.3594008 -0.8796858 0.1022103 0.1109012 -0.9885616 0.2264057 0.2077934 -0.9516104 0.167153 0.1551229 -0.9736512 0.1022105 0.1109011 -0.9885616 0.39649 0.2880669 -0.8716726 0.1098937 0.08697623 -0.9901306 0.1098935 0.08697658 -0.9901306 0.1308569 0.06096255 -0.9895251 0.2381728 0.1344918 -0.9618657 0.2386369 0.1347644 -0.9617125 0.1194714 0.08024126 -0.9895898 0.1194714 0.0802412 -0.9895898 0.1308567 0.06096303 -0.9895252 0.4478554 0.1892652 -0.8738445 0.1330226 0.049919 -0.9898551 0.1330225 0.04991924 -0.989855 0.2843744 0.0834999 -0.9550701 0.234587 0.06799763 -0.969714 0.4740533 0.08203822 -0.876666 0.145219 0.03013348 -0.9889405 0.1452192 0.03013265 -0.9889405 0.1757794 0.001473128 -0.9844285 0.2538735 0.01369065 -0.9671405 0.3051997 0.01745188 -0.9521284 0.1406461 0.01819443 -0.9898927 0.1406461 0.01819449 -0.9898928 0.841228 0.04810315 -0.5385364 0.8412371 0.04810327 -0.5385223 0.8302702 0.1436839 -0.5385223 0.8302661 0.1436834 -0.5385288 0.8084756 0.2373901 -0.5385287 0.80848 0.2373912 -0.5385217 0.7761496 0.3280034 -0.5385217 0.7761502 0.3280036 -0.5385206 0.733702 0.4143404 -0.5385196 0.7336916 0.4143352 -0.5385379 0.6816792 0.4952689 -0.538537 0.6816798 0.4952693 -0.5385359 0.6207804 0.5697473 -0.5385348 0.6207854 0.5697514 -0.5385247 0.5517925 0.6368026 -0.5385235 0.5517928 0.6368029 -0.5385229 0.4756059 0.695551 -0.5385237 0.475606 0.6955512 -0.5385235 0.393219 0.7452327 -0.538523 0.3932174 0.74523 -0.5385279 0.305704 0.7851954 -0.5385288 0.3057083 0.7852049 -0.5385125 0.214209 0.8149353 -0.5385117 0.2142055 0.8149246 -0.5385293 0.1199156 0.8340301 -0.5385295 0.1199166 0.8340353 -0.5385211 0.02406162 0.8422684 -0.5385214 0.02406132 0.8422641 -0.5385279 -0.07210624 0.8395167 -0.538528 -0.0721063 0.8395188 -0.5385248 -0.1673343 0.8258273 -0.5385243 -0.1673343 0.8258274 -0.5385243 -0.2603808 0.8013696 -0.5385246 -0.2603818 0.8013734 -0.5385181 -0.3500342 0.7664681 -0.5385192 -0.3500316 0.7664617 -0.5385297 -0.4351199 0.7215656 -0.5385293 -0.4351188 0.7215636 -0.5385327 -0.5145351 0.6672606 -0.5385323 -0.514539 0.6672661 -0.5385217 -0.5872471 0.6042634 -0.5385224 -0.5872436 0.6042594 -0.538531 -0.6522954 0.5333794 -0.5385323 -0.6523011 0.5333845 -0.5385206 -0.7088506 0.4555507 -0.5385204 -0.7088484 0.4555492 -0.5385247 -0.7561569 0.3717771 -0.5385242 -0.7561527 0.3717747 -0.538532 -0.7936028 0.2831567 -0.5385321 -0.7936151 0.2831617 -0.5385115 -0.82072 0.1908501 -0.5385117 -0.8207229 0.190851 -0.538507 -0.8371288 0.09605169 -0.5385067 -0.8371186 0.09605008 -0.5385227 -0.8426108 0 -0.5385231 -0.8426108 0 -0.5385231 -0.8371184 -0.0960505 -0.5385231 -0.8371288 -0.09605121 -0.5385068 -0.8207231 -0.1908509 -0.5385069 -0.8207201 -0.1908503 -0.5385115 -0.793615 -0.2831611 -0.5385118 -0.7936025 -0.2831572 -0.5385323 -0.7561528 -0.3717751 -0.5385315 -0.7561573 -0.371777 -0.5385239 -0.7088483 -0.4555493 -0.5385246 -0.7088506 -0.4555506 -0.5385206 -0.652301 -0.5333839 -0.5385212 -0.6522951 -0.5333795 -0.5385327 -0.5872434 -0.6042596 -0.5385308 -0.5872472 -0.6042631 -0.5385229 -0.5145389 -0.6672655 -0.5385226 -0.5145347 -0.6672604 -0.5385329 -0.4351187 -0.7215636 -0.5385328 -0.4351198 -0.7215653 -0.5385297 -0.3500315 -0.7664621 -0.5385293 -0.3500346 -0.7664682 -0.5385186 -0.2603821 -0.8013736 -0.538518 -0.2603806 -0.8013698 -0.5385243 -0.1673343 -0.8258274 -0.5385242 -0.1673342 -0.8258271 -0.5385248 -0.07210642 -0.839519 -0.5385244 -0.07210612 -0.8395168 -0.5385279 0.0240615 -0.842264 -0.538528 0.02406144 -0.8422684 -0.5385213 0.1199163 -0.8340353 -0.5385214 0.1199158 -0.83403 -0.5385295 0.214206 -0.8149243 -0.5385296 0.2142084 -0.8149356 -0.5385116 0.3057079 -0.7852054 -0.5385119 0.3057045 -0.7851952 -0.5385288 0.3932174 -0.7452297 -0.5385283 0.3932189 -0.7452329 -0.5385228 0.475606 -0.6955512 -0.5385235 0.475606 -0.6955512 -0.5385235 0.5517927 -0.6368029 -0.5385229 0.5517928 -0.6368029 -0.5385229 0.6207851 -0.5697516 -0.5385249 0.6207806 -0.569747 -0.5385348 0.6816799 -0.4952694 -0.5385358 0.6816793 -0.495269 -0.5385369 0.7336918 -0.4143346 -0.538538 0.7337017 -0.4143409 -0.5385197 0.7761504 -0.3280037 -0.5385203 0.7761496 -0.3280033 -0.5385217 0.8084801 -0.2373914 -0.5385214 0.8084756 -0.2373899 -0.5385288 0.8302662 -0.1436832 -0.5385288 0.83027 -0.143684 -0.5385227 0.8412372 -0.04810369 -0.5385221 0.8412281 -0.04810273 -0.5385364 0.5389045 0.03081536 -0.8418031 0.5388981 0.03081524 -0.8418071 0.5318728 0.09204429 -0.8418071 0.5318729 0.09204435 -0.8418071 0.5179141 0.1520733 -0.8418068 0.5179117 0.1520727 -0.8418084 0.4972007 0.2101186 -0.8418086 0.4971982 0.2101176 -0.8418103 0.4700052 0.2654244 -0.8418105 0.4700177 0.265431 -0.8418014 0.4366968 0.3172788 -0.8418018 0.4366953 0.3172778 -0.8418028 0.3976818 0.3649889 -0.8418031 0.3976748 0.3649829 -0.8418089 0.3534778 0.4079352 -0.841809 0.3534789 0.4079365 -0.8418079 0.3046736 0.4455707 -0.841808 0.3046708 0.4455669 -0.841811 0.2518939 0.4773921 -0.8418113 0.2518934 0.4773911 -0.841812 0.1958331 0.5029929 -0.8418121 0.195834 0.502995 -0.8418106 0.13722 0.5220404 -0.8418103 0.1372232 0.5220513 -0.841803 0.07681965 0.5342906 -0.841803 0.07681816 0.5342824 -0.8418084 0.0154137 0.5395563 -0.8418084 0.01541358 0.5395535 -0.8418102 -0.04619109 0.5377936 -0.8418103 -0.04619103 0.5377931 -0.8418106 -0.1071938 0.5290223 -0.8418105 -0.1071935 0.5290204 -0.8418117 -0.1667984 0.5133531 -0.8418117 -0.1667994 0.5133567 -0.8418092 -0.224231 0.4909968 -0.8418092 -0.2242321 0.4909995 -0.8418073 -0.2787404 0.4622392 -0.8418068 -0.2787381 0.462235 -0.8418099 -0.329612 0.4274484 -0.8418099 -0.3296127 0.4274495 -0.841809 -0.3761895 0.3870899 -0.8418093 -0.3761929 0.3870936 -0.8418061 -0.4178664 0.341688 -0.8418058 -0.4178591 0.3416817 -0.8418119 -0.4540842 0.2918222 -0.841812 -0.4540809 0.2918199 -0.8418145 -0.4843856 0.238156 -0.8418149 -0.4844006 0.238164 -0.8418039 -0.5083923 0.1813942 -0.8418037 -0.5083857 0.1813917 -0.8418082 -0.5257493 0.1222578 -0.841808 -0.5257469 0.1222572 -0.8418097 -0.5362563 0.06152945 -0.8418096 -0.5362609 0.06153011 -0.8418066 -0.5397794 0 -0.8418065 -0.5397794 0 -0.8418065 -0.536261 -0.06152999 -0.8418065 -0.5362563 -0.06152957 -0.8418095 -0.5257468 -0.1222572 -0.8418096 -0.5257493 -0.1222577 -0.841808 -0.5083858 -0.1813919 -0.8418081 -0.5083925 -0.1813941 -0.8418036 -0.4844007 -0.2381635 -0.8418041 -0.4843849 -0.2381563 -0.8418152 -0.4540808 -0.29182 -0.8418145 -0.4540848 -0.2918224 -0.8418116 -0.417859 -0.341682 -0.8418119 -0.4178667 -0.3416879 -0.8418056 -0.3761928 -0.3870932 -0.8418062 -0.3761893 -0.3870899 -0.8418094 -0.3296127 -0.4274494 -0.8418091 -0.3296119 -0.4274485 -0.8418099 -0.2787382 -0.4622353 -0.8418096 -0.2787405 -0.4622389 -0.841807 -0.2242323 -0.4909997 -0.8418071 -0.224231 -0.4909971 -0.841809 -0.1667996 -0.5133568 -0.8418092 -0.1667982 -0.513353 -0.8418118 -0.1071934 -0.5290202 -0.8418118 -0.1071939 -0.5290226 -0.8418103 -0.04619103 -0.5377932 -0.8418106 -0.04619109 -0.5377936 -0.8418102 0.01541364 -0.5395535 -0.8418102 0.01541364 -0.5395563 -0.8418084 0.0768184 -0.5342822 -0.8418084 0.07681936 -0.5342906 -0.8418031 0.1372229 -0.5220514 -0.841803 0.1372204 -0.5220406 -0.8418101 0.1958341 -0.5029954 -0.8418104 0.1958333 -0.5029932 -0.8418119 0.2518934 -0.4773911 -0.841812 0.2518936 -0.4773917 -0.8418116 0.3046709 -0.4455667 -0.8418111 0.3046734 -0.4455707 -0.8418081 0.3534786 -0.4079362 -0.8418082 0.3534781 -0.4079355 -0.8418087 0.3976749 -0.3649826 -0.841809 0.3976815 -0.3649891 -0.8418031 0.4366956 -0.3172779 -0.8418026 0.436697 -0.3172789 -0.8418016 0.4700173 -0.2654313 -0.8418015 0.4700053 -0.265424 -0.8418106 0.4971983 -0.2101176 -0.8418102 0.4972006 -0.2101187 -0.8418087 0.5179116 -0.1520726 -0.8418085 0.5179139 -0.1520733 -0.841807 0.5318731 -0.09204435 -0.841807 0.5318728 -0.09204429 -0.8418071 0.5388982 -0.030815 -0.8418071 0.5389045 -0.0308156 -0.8418031 0.1758008 -0.01005262 0.9843744 0.173509 -0.03002691 0.9843744 0.1735108 -0.03002721 0.9843742 0.1689569 -0.04961019 0.9843741 0.1689593 -0.04961091 0.9843737 0.1622027 -0.06854736 0.9843737 0.162204 -0.0685479 0.9843734 0.1533328 -0.08659106 0.9843733 0.1533276 -0.08658796 0.9843746 0.142458 -0.1035017 0.9843745 0.14246 -0.1035032 0.984374 0.129733 -0.1190679 0.9843739 0.1297339 -0.1190688 0.9843738 0.1153153 -0.133081 0.9843739 0.1153138 -0.1330792 0.9843742 0.09939235 -0.1453566 0.9843742 0.09939414 -0.1453593 0.9843736 0.0821765 -0.1557419 0.9843737 0.08217668 -0.1557422 0.9843736 0.06388783 -0.1640945 0.9843735 0.06388723 -0.1640928 0.9843739 0.04476553 -0.1703058 0.9843739 0.04476553 -0.1703057 0.9843739 0.02506035 -0.1742987 0.9843739 0.02506029 -0.1742983 0.9843739 0.005028486 -0.1760188 0.9843739 0.005028486 -0.1760242 0.984373 -0.01506942 -0.17545 0.984373 -0.01506924 -0.175448 0.9843733 -0.03497058 -0.1725865 0.9843733 -0.03497058 -0.1725866 0.9843733 -0.054416 -0.1674753 0.9843734 -0.0544151 -0.1674728 0.9843739 -0.07315105 -0.1601783 0.9843738 -0.07315081 -0.1601778 0.9843739 -0.09093278 -0.1507952 0.9843739 -0.09093493 -0.1507986 0.9843732 -0.107532 -0.1394498 0.9843732 -0.1075301 -0.1394476 0.9843738 -0.122725 -0.1262812 0.9843737 -0.1227258 -0.126282 0.9843735 -0.136321 -0.1114691 0.9843735 -0.1363203 -0.1114685 0.9843737 -0.1481379 -0.09520244 0.9843737 -0.1481397 -0.09520351 0.9843733 -0.1580265 -0.07769638 0.9843733 -0.1580225 -0.07769453 0.9843742 -0.1658487 -0.05917477 0.9843742 -0.1658511 -0.05917555 0.9843738 -0.1715155 -0.03988415 0.9843737 -0.1715145 -0.03988397 0.9843739 -0.1749429 -0.02007275 0.9843741 -0.1749415 -0.02007263 0.9843742 -0.1760894 0 0.9843742 -0.1760894 0 0.9843742 -0.1749416 0.02007257 0.9843743 -0.1749429 0.02007275 0.9843739 -0.1715145 0.03988391 0.9843739 -0.1715155 0.0398842 0.9843738 -0.1658511 0.05917561 0.9843738 -0.1658488 0.05917471 0.9843742 -0.1580225 0.07769441 0.9843741 -0.1580265 0.07769644 0.9843733 -0.1481397 0.09520357 0.9843733 -0.1481379 0.09520238 0.9843738 -0.1363203 0.1114685 0.9843737 -0.136321 0.1114691 0.9843735 -0.1227258 0.126282 0.9843735 -0.122725 0.1262811 0.9843738 -0.1075302 0.1394476 0.9843737 -0.1075319 0.1394499 0.9843733 -0.09093487 0.1507987 0.9843732 -0.0909329 0.1507952 0.9843739 -0.07315081 0.1601778 0.9843739 -0.07315105 0.1601783 0.9843738 -0.05441516 0.1674728 0.9843739 -0.05441594 0.1674754 0.9843733 -0.03497058 0.1725866 0.9843733 -0.03497058 0.1725866 0.9843733 -0.01506924 0.175448 0.9843733 -0.01506942 0.17545 0.9843729 0.005028605 0.1760242 0.984373 0.005028367 0.1760188 0.9843739 0.02506029 0.1742983 0.9843739 0.02506035 0.1742987 0.9843739 0.04476553 0.1703058 0.9843739 0.04476553 0.1703058 0.9843739 0.06388717 0.1640928 0.9843739 0.06388789 0.1640945 0.9843736 0.08217668 0.1557422 0.9843736 0.0821765 0.1557419 0.9843737 0.0993942 0.1453593 0.9843736 0.09939229 0.1453567 0.9843742 0.1153138 0.1330792 0.9843742 0.1153153 0.1330809 0.9843738 0.1297339 0.1190688 0.9843738 0.129733 0.1190679 0.984374 0.1424601 0.1035032 0.9843741 0.1424579 0.1035017 0.9843745 0.1533275 0.08658808 0.9843745 0.1533328 0.08659094 0.9843735 0.162204 0.0685479 0.9843733 0.1622027 0.06854742 0.9843737 0.1689593 0.04961085 0.9843737 0.1689569 0.04961025 0.9843741 0.1735108 0.03002721 0.9843741 0.173509 0.03002691 0.9843744 0.1758008 0.01005268 0.9843744 0.175805 0.01005285 0.9843737 0.175805 -0.01005291 0.9843737 0.9446009 -0.2773602 0.175501 0.944598 -0.2773588 0.1755185 0.9068242 -0.383227 0.1755188 0.9068247 -0.3832271 0.1755163 0.9068227 -0.3832256 0.1755294 0.8572267 -0.4840987 0.1755302 0.8572315 -0.4841007 0.1755011 0.8572314 -0.4840983 0.175508 0.7964594 -0.5786616 0.1755087 0.7964587 -0.5786609 0.1755145 0.7253043 -0.6656786 0.1755157 0.7253047 -0.6656789 0.1755128 0.7253041 -0.6656781 0.1755182 0.644695 -0.7440174 0.1755181 0.6446934 -0.744016 0.1755296 0.6446936 -0.7440165 0.1755268 0.5556802 -0.8126559 0.1755275 0.5556818 -0.812659 0.1755079 0.4594259 -0.8707039 0.1755065 0.4594224 -0.8707022 0.1755244 0.4594242 -0.8707072 0.1754942 0.3571781 -0.9174016 0.1754939 0.3571742 -0.9173958 0.1755322 0.3571745 -0.9173979 0.175521 0.250272 -0.9521324 0.1755216 0.2502713 -0.9521307 0.1755322 0.2502833 -0.952126 0.17554 0.1401051 -0.9744516 0.1755406 0.1401053 -0.974457 0.1755106 0.02811235 -0.984076 0.1755106 0.02811282 -0.9840775 0.1755025 0.02811282 -0.9840775 0.1755028 -0.08424633 -0.9808676 0.1755028 -0.08424657 -0.9808639 0.1755238 -0.08424645 -0.9808638 0.1755245 -0.1955074 -0.9648669 0.1755244 -0.1955077 -0.9648678 0.1755189 -0.3042203 -0.9362923 0.1755184 -0.3042201 -0.9362932 0.1755143 -0.3042184 -0.9362897 0.1755359 -0.4089654 -0.8955084 0.1755337 -0.4089657 -0.89551 0.1755247 -0.4089673 -0.8955116 0.1755129 -0.5083813 -0.843056 0.175514 -0.5083801 -0.8430544 0.1755248 -0.6861183 -0.7059996 0.1755174 -0.6861178 -0.7059986 0.175523 -0.6011679 -0.7796078 0.1755244 -0.6011679 -0.7796079 0.1755238 -0.6011677 -0.779608 0.1755242 -0.8281939 -0.5322481 0.1755185 -0.7621251 -0.6231845 0.1755176 -0.7621225 -0.6231845 0.1755289 -0.7621233 -0.6231854 0.1755225 -0.6861173 -0.7059988 0.1755241 -0.8834701 -0.4343727 0.1755015 -0.8834687 -0.4343711 0.175513 -0.8281949 -0.5322486 0.175513 -0.9588908 -0.2229804 0.1755224 -0.9272229 -0.3308318 0.175522 -0.927222 -0.3308319 0.1755272 -0.9272229 -0.3308324 0.1755211 -0.8834668 -0.4343718 0.1755208 -0.9780567 -0.1122217 0.1755315 -0.9780566 -0.1122215 0.1755324 -0.9588891 -0.2229802 0.1755321 -0.9844784 0 0.1755058 -0.9844784 0 0.1755058 -0.9780614 -0.1122217 0.1755059 -0.9588891 0.22298 0.1755321 -0.9780566 0.1122215 0.1755324 -0.9780567 0.1122217 0.1755315 -0.9780614 0.1122217 0.1755057 -0.9844784 0 0.1755058 -0.927222 0.3308319 0.1755272 -0.9272229 0.3308318 0.1755219 -0.9588907 0.2229806 0.1755224 -0.8281948 0.5322487 0.175513 -0.8834687 0.4343711 0.175513 -0.8834701 0.4343727 0.1755015 -0.8834668 0.4343718 0.1755208 -0.9272229 0.3308324 0.1755213 -0.7621225 0.6231845 0.1755289 -0.7621251 0.6231845 0.1755177 -0.828194 0.532248 0.1755185 -0.6861183 0.7059996 0.1755174 -0.6861173 0.7059988 0.1755241 -0.7621232 0.6231853 0.1755228 -0.5083802 0.8430542 0.1755248 -0.6011677 0.779608 0.1755243 -0.6011678 0.7796078 0.1755245 -0.6011679 0.7796079 0.1755238 -0.6861178 0.7059985 0.1755235 -0.4089657 0.8955099 0.1755251 -0.4089672 0.8955115 0.175513 -0.508381 0.843056 0.175514 -0.1955075 0.9648678 0.1755189 -0.3042203 0.9362923 0.1755185 -0.3042201 0.9362932 0.1755143 -0.3042184 0.9362897 0.175536 -0.4089654 0.8955084 0.1755337 -0.08424657 0.9808639 0.1755238 -0.08424645 0.9808638 0.1755244 -0.1955075 0.9648669 0.1755244 0.2502833 0.952126 0.17554 0.1401045 0.9744518 0.1755406 0.1401059 0.9744569 0.1755107 0.02811235 0.984076 0.1755106 0.02811282 0.9840775 0.1755025 0.02811282 0.9840775 0.1755028 -0.08424633 0.9808677 0.1755028 0.2502715 0.9521306 0.1755327 0.2502717 0.9521325 0.1755213 0.3571745 0.9173979 0.175521 0.3571742 0.9173958 0.1755326 0.3571781 0.9174016 0.1754939 0.4594242 0.8707072 0.1754942 0.4594224 0.8707022 0.1755246 0.4594259 0.8707039 0.1755065 0.5556822 0.8126588 0.1755079 0.5556798 0.8126561 0.1755275 0.6446936 0.7440165 0.1755268 0.6446934 0.7440161 0.1755292 0.644695 0.7440174 0.1755181 0.7253041 0.6656781 0.1755182 0.7253047 0.6656789 0.1755128 0.7253043 0.6656786 0.1755157 0.7964585 0.578661 0.1755145 0.7964594 0.5786615 0.1755086 0.9068248 0.3832271 0.1755163 0.9068227 0.3832256 0.1755296 0.857227 0.4840981 0.1755302 0.8572312 0.4841012 0.1755009 0.8572315 0.4840983 0.175508 0.970058 0.1678751 0.1755146 0.9445976 0.277362 0.1755152 0.9446009 0.2773602 0.1755008 0.9445981 0.2773588 0.175518 0.9068242 0.383227 0.1755188 0.9828687 0.05620247 0.1755291 0.9828708 0.05620348 0.1755169 0.9700576 0.1678751 0.1755169 0.9445976 -0.277362 0.1755152 0.9700581 -0.1678752 0.1755146 0.9700576 -0.167875 0.1755169 0.9828708 -0.05620348 0.175517 0.9828687 -0.05620247 0.1755291 0.9828735 -0.05620193 0.1755018 0.9828735 0.05620193 0.1755018 0.538884 0.0308144 0.8418162 0.5388777 0.03081387 0.8418203 0.5318526 0.09204083 0.8418203 0.5318528 0.09204083 0.8418201 0.5178943 0.1520676 0.8418201 0.517892 0.1520668 0.8418216 0.4971818 0.2101107 0.8418217 0.4971793 0.2101095 0.8418235 0.4699875 0.2654139 0.8418238 0.4699995 0.2654212 0.8418146 0.4366801 0.3172667 0.8418149 0.4366793 0.3172661 0.8418155 0.3976664 0.3649752 0.8418163 0.3976598 0.3649687 0.8418222 0.3534643 0.4079196 0.8418222 0.353465 0.4079204 0.8418215 0.3046619 0.4455538 0.8418212 0.3046594 0.4455499 0.8418242 0.2518842 0.477374 0.8418244 0.2518838 0.4773729 0.8418253 0.1958256 0.5029737 0.8418253 0.1958266 0.5029764 0.8418234 0.1372151 0.5220204 0.8418234 0.1372177 0.5220315 0.8418162 0.07681643 0.5342704 0.8418162 0.07681554 0.534262 0.8418216 0.01541304 0.5395358 0.8418216 0.01541304 0.5395329 0.8418235 -0.04618936 0.5377731 0.8418234 -0.0461893 0.5377727 0.8418236 -0.1071898 0.5290022 0.8418236 -0.1071893 0.5290002 0.8418249 -0.1667919 0.5133336 0.8418249 -0.1667931 0.5133368 0.8418226 -0.2242223 0.4909781 0.8418223 -0.2242236 0.4909806 0.8418205 -0.27873 0.4622215 0.84182 -0.2787277 0.4622181 0.8418226 -0.3295993 0.4274321 0.8418231 -0.3296002 0.4274331 0.8418222 -0.3761751 0.3870752 0.8418225 -0.3761785 0.3870785 0.8418194 -0.4178507 0.3416748 0.8418189 -0.4178432 0.341669 0.841825 -0.454067 0.291811 0.841825 -0.4540637 0.291809 0.8418276 -0.4843668 0.2381474 0.8418282 -0.4843822 0.2381544 0.8418173 -0.508373 0.1813871 0.8418169 -0.5083664 0.181385 0.8418213 -0.5257293 0.1222531 0.8418212 -0.5257269 0.1222526 0.8418228 -0.5362358 0.06152725 0.8418228 -0.5362403 0.0615276 0.8418198 -0.5397589 0 0.8418197 -0.5397589 0 0.8418197 -0.5362406 -0.06152778 0.8418197 -0.5362359 -0.06152707 0.8418228 -0.5257269 -0.1222525 0.8418229 -0.5257294 -0.1222531 0.8418211 -0.5083665 -0.1813848 0.8418214 -0.5083731 -0.1813874 0.8418167 -0.484382 -0.2381549 0.8418172 -0.484367 -0.2381469 0.8418281 -0.4540635 -0.2918088 0.8418278 -0.4540669 -0.2918111 0.8418251 -0.4178434 -0.3416687 0.8418251 -0.4178507 -0.3416751 0.8418188 -0.3761784 -0.3870787 0.8418195 -0.3761749 -0.3870748 0.8418228 -0.3296002 -0.4274331 0.8418222 -0.3295994 -0.4274321 0.841823 -0.2787277 -0.4622177 0.8418229 -0.2787301 -0.462222 0.8418197 -0.2242236 -0.4909811 0.8418202 -0.2242225 -0.4909783 0.8418222 -0.1667931 -0.5133373 0.8418225 -0.166792 -0.5133334 0.8418249 -0.1071894 -0.5290001 0.841825 -0.1071898 -0.5290024 0.8418235 -0.0461893 -0.5377727 0.8418238 -0.0461893 -0.537773 0.8418236 0.01541298 -0.539533 0.8418234 0.01541316 -0.5395358 0.8418216 0.07681524 -0.5342619 0.8418216 0.07681673 -0.5342705 0.8418161 0.137218 -0.5220314 0.8418161 0.1372148 -0.5220208 0.8418233 0.1958267 -0.5029762 0.8418235 0.1958255 -0.5029734 0.8418255 0.2518838 -0.477373 0.8418251 0.2518844 -0.4773741 0.8418244 0.3046592 -0.4455499 0.8418243 0.304662 -0.4455537 0.8418213 0.3534651 -0.4079205 0.8418213 0.3534641 -0.4079195 0.8418223 0.3976595 -0.3649688 0.8418222 0.3976665 -0.3649748 0.8418164 0.436679 -0.3172658 0.8418158 0.4366804 -0.3172668 0.8418147 0.4699997 -0.2654208 0.8418147 0.4699877 -0.2654145 0.8418235 0.4971793 -0.2101097 0.8418234 0.4971817 -0.2101106 0.8418218 0.5178919 -0.1520668 0.8418217 0.5178942 -0.1520674 0.8418201 0.5318529 -0.09204083 0.8418201 0.5318525 -0.09204077 0.8418203 0.5388776 -0.03081405 0.8418203 0.5388839 -0.03081423 0.8418162 0.8412365 0.04810321 0.5385233 0.8412456 0.04810416 0.538509 0.8302785 0.1436855 0.5385092 0.8302747 0.1436846 0.5385153 0.8084837 0.2373923 0.5385155 0.8084882 0.2373938 0.5385081 0.7761574 0.3280066 0.5385085 0.7761581 0.3280069 0.5385073 0.7337091 0.414345 0.5385065 0.7336989 0.4143385 0.5385254 0.6816861 0.4952739 0.5385239 0.6816868 0.4952744 0.5385224 0.6207869 0.5697527 0.5385217 0.620791 0.569757 0.5385122 0.5517979 0.6368089 0.5385104 0.5517981 0.6368091 0.5385102 0.4756106 0.695558 0.5385105 0.4756108 0.6955582 0.5385102 0.3932228 0.7452402 0.5385098 0.3932213 0.7452371 0.5385153 0.3057076 0.785203 0.5385157 0.3057112 0.7852137 0.5384981 0.2142106 0.8149436 0.5384985 0.2142082 0.8149325 0.5385164 0.119917 0.8340384 0.5385164 0.1199175 0.8340436 0.5385081 0.02406167 0.8422766 0.5385082 0.02406173 0.8422725 0.5385147 -0.07210683 0.8395252 0.5385148 -0.07210713 0.8395273 0.5385112 -0.1673359 0.8258356 0.5385112 -0.1673359 0.8258355 0.5385112 -0.2603831 0.8013776 0.5385115 -0.2603847 0.8013817 0.5385046 -0.350038 0.7664756 0.538506 -0.3500353 0.7664702 0.5385154 -0.4351243 0.7215727 0.5385161 -0.4351229 0.7215705 0.5385203 -0.51454 0.6672674 0.5385192 -0.5145441 0.6672723 0.5385091 -0.5872532 0.6042693 0.5385094 -0.5872491 0.6042654 0.5385183 -0.6523017 0.5333849 0.5385192 -0.6523073 0.5333891 0.5385083 -0.7088578 0.4555552 0.5385073 -0.7088556 0.455554 0.5385112 -0.7561646 0.3717806 0.538511 -0.7561604 0.3717788 0.5385183 -0.7936106 0.2831601 0.538519 -0.7936227 0.2831637 0.5384991 -0.8207283 0.1908522 0.5384986 -0.8207313 0.1908528 0.5384935 -0.8371371 0.09605216 0.5384935 -0.8371269 0.09605151 0.5385097 -0.8426192 0 0.5385099 -0.8426192 0 0.5385099 -0.8371269 -0.09605097 0.5385099 -0.8371371 -0.09605264 0.5384935 -0.8207312 -0.1908529 0.5384937 -0.8207283 -0.1908521 0.5384986 -0.7936227 -0.2831645 0.5384986 -0.7936105 -0.2831594 0.5385193 -0.7561604 -0.3717786 0.5385183 -0.7561644 -0.3717808 0.5385112 -0.7088555 -0.4555538 0.5385115 -0.7088578 -0.4555554 0.5385072 -0.6523073 -0.5333895 0.538508 -0.6523019 -0.5333846 0.5385195 -0.5872494 -0.6042655 0.5385177 -0.587253 -0.6042695 0.5385092 -0.5145438 -0.6672723 0.5385094 -0.5145402 -0.6672672 0.5385193 -0.4351232 -0.7215708 0.5385196 -0.4351242 -0.7215728 0.5385163 -0.3500353 -0.7664696 0.5385162 -0.3500376 -0.7664755 0.5385062 -0.2603845 -0.8013815 0.5385048 -0.2603834 -0.8013777 0.5385112 -0.167336 -0.8258357 0.5385112 -0.1673359 -0.8258355 0.5385112 -0.07210701 -0.8395273 0.5385113 -0.07210695 -0.839525 0.5385149 0.02406156 -0.8422724 0.5385149 0.02406185 -0.8422766 0.5385082 0.1199178 -0.8340436 0.5385081 0.1199167 -0.8340384 0.5385165 0.2142076 -0.8149326 0.5385165 0.2142112 -0.8149438 0.5384981 0.3057115 -0.7852131 0.5384986 0.3057069 -0.7852029 0.5385164 0.3932212 -0.7452372 0.5385151 0.3932228 -0.7452399 0.5385102 0.4756107 -0.6955581 0.5385103 0.4756108 -0.6955582 0.5385102 0.5517982 -0.6368092 0.5385097 0.5517981 -0.6368091 0.5385102 0.6207915 -0.5697571 0.5385116 0.6207868 -0.5697531 0.5385214 0.6816867 -0.4952743 0.5385227 0.6816863 -0.4952741 0.5385234 0.7336988 -0.4143393 0.5385249 0.7337089 -0.4143443 0.5385072 0.7761582 -0.3280069 0.5385072 0.7761574 -0.3280067 0.5385083 0.8084882 -0.2373936 0.5385082 0.8084836 -0.2373924 0.5385157 0.8302744 -0.1436848 0.5385156 0.8302786 -0.1436854 0.538509 0.8412455 -0.04810374 0.538509 0.8412364 -0.04810363 0.5385233 0 0 -1 0 0 -1 0 0 -1 0 0 -1 0 0 -1 0 0 -1 0 0 -1 0 0 -1 0 0 -1 0 0 -1 0 0 -1 0 0 -1 0 0 -1 0 0 -1 0 0 -1 0 0 -1 0 0 -1 0 0 -1 0 0 -1 0 0 -1 0 0 -1 0 0 -1 0 0 -1 0 0 -1 0 0 -1 0 0 -1 0 0 -1 0 0 -1 0 0 -1 0 0 -1 0 0 -1 0 0 -1 0 0 -1 0 0 -1 0 0 -1 0 0 -1 0 0 -1 0 0 -1 0 0 -1 0 0 -1 0 0 -1 0 0 -1 0 0 -1 0 0 -1 0 0 -1 0 0 -1 0 0 -1 0 0 -1 0 0 -1 0 0 -1 0 0 -1 0 0 -1 0 0 -1 0 0 -1 0 0 -1 0 0 -1 0 0 -1 0 0 -1 0 0 -1 0 0 -1 0 0 -1 0 0 -1 0 0 -1 0 0 -1 0 0 -1 0 0 -1 0 0 -1 0 0 -1 0 0 -1 0 0 -1 0 0 -1 0 0 -1 0 0 -1 0 0 -1 0 0 -1 0 0 -1 0 0 -1 0 0 -1 0 0 -1 0 0 -1 0 0 -1 0 0 -1 0 0 -1 0 0 -1 0 0 -1 0 0 -1 0 0 -1 0 0 -1 0 0 -1 0 0 -1 0 0 -1 0 0 -1 0 0 -1 0 0 -1 0 0 -1 0 0 -1 0 0 -1 0 0 -1 0 0 -1 0 0 -1 0 0 -1 0 0 -1 0 0 -1 0 0 -1 0 0 -1 0 0 -1 0 0 -1 0 0 -1 0 0 -1 0 0 -1 0 0 -1 0 0 -1 0 0 -1 0 0 -1 0 0 -1 0 0 -1 0 0 -1 0 0 -1 0 0 -1 0 0 -1 0 0 -1 0 0 -1 0 0 -1 0 0 -1 0 0 -1 0 0 -1 0 0 -1 0 0 -1 0 0 -1 0 0 -1 0 0 -1 0 0 -1 0 0 -1 0 0 -1 0 0 -1 0 0 -1 0 0 -1 0 0 -1 0 0 -1 0 0 -1 0 0 -1 0 0 -1 0 0 -1 0 0 -1 0 0 -1 0 0 -1 0 0 -1 0 0 -1 0 0 -1 0 0 -1 0 0 -1 0 0 -1 0 0 -1 0 0 -1 0 0 -1 0 0 -1 0 0 -1 0 0 -1 0 0 -1 0 0 -1 0 0 -1 0 0 -1 0 0 -1 0 0 -1 0 0 -1 0 0 -1 0 0 -1 0 0 -1 0 0 -1 0 0 -1 0 0 -1 0 0 1 0 0 1 0 0 1 0 0 1 0 0 1 0 0 1 0 0 1 0 0 1 0 0 1 0 0 1 0 0 1 0 0 1 0 0 1 0 0 1 0 0 1 0 0 1 0 0 1 0 0 1 0 0 1 0 0 1 0 0 1 0 0 1 0 0 1 0 0 1 0 0 1 0 0 1 0 0 1 0 0 1 0 0 1 0 0 1 0 0 1 0 0 1 0 0 1 0 0 1 0 0 1 0 0 1 0 0 1 0 0 1 0 0 1 0 0 1 0 0 1 0 0 1 0 0 1 0 0 1 0 0 1 0 0 1 0 0 1 0 0 1 0 0 1 0 0 1 0 0 1 0 0 1 0 0 1 0 0 1 0 0 1 0 0 1 0 0 1 0 0 1 0 0 1 0 0 1 0 0 1 0 0 1 0 0 1 0 0 1 0 0 1 0 0 1 0 0 1 0 0 1 0 0 1 0 0 1 0 0 1 0 0 1 0 0 1 0 0 1 0 0 1 0 0 1 0 0 1 0 0 1 0 0 1 0 0 1 0 0 1 0 0 1 0 0 1 0 0 1 0 0 1 0 0 1 0 0 1 0 0 1 0 0 1 0 0 1 0 0 1 0 0 1 0 0 1 0.9965845 0.08257931 0 0.9965845 0.08257931 0 0.9694004 0.2454851 0 0.9694004 0.2454851 0 0.9157732 0.4016957 0 0.9157732 0.4016957 0 0.8371666 0.5469478 0 0.8371666 0.5469478 0 0.7357238 0.6772817 0 0.7357238 0.6772817 0 0.6142126 0.7891406 0 0.6142126 0.7891406 0 0.4759474 0.8794738 0 0.4759474 0.8794738 0 0.3246995 0.9458172 0 0.3246995 0.9458172 0 0.1645944 0.9863613 0 0.1645944 0.9863613 0 0 1 0 0 1 0 -0.1645944 0.9863613 0 -0.1645944 0.9863613 0 -0.3246995 0.9458172 0 -0.3246995 0.9458172 0 -0.4759474 0.8794738 0 -0.4759474 0.8794738 0 -0.6142126 0.7891406 0 -0.6142126 0.7891406 0 -0.7357238 0.6772817 0 -0.7357238 0.6772817 0 -0.8371666 0.5469478 0 -0.8371666 0.5469478 0 -0.9157732 0.4016957 0 -0.9157732 0.4016957 0 -0.9694004 0.2454851 0 -0.9694004 0.2454851 0 -0.9965845 0.08257931 0 -0.9965845 0.08257931 0 -0.9965845 -0.08257931 0 -0.9965845 -0.08257931 0 -0.9694004 -0.2454851 0 -0.9694004 -0.2454851 0 -0.9157732 -0.4016957 0 -0.9157732 -0.4016957 0 -0.8371666 -0.5469478 0 -0.8371666 -0.5469478 0 -0.7357238 -0.6772817 0 -0.7357238 -0.6772817 0 -0.6142126 -0.7891406 0 -0.6142126 -0.7891406 0 -0.4759474 -0.8794738 0 -0.4759474 -0.8794738 0 -0.3246995 -0.9458172 0 -0.3246995 -0.9458172 0 -0.1645944 -0.9863613 0 -0.1645944 -0.9863613 0 0 -1 0 0 -1 0 0.1645944 -0.9863613 0 0.1645944 -0.9863613 0 0.3246995 -0.9458172 0 0.3246995 -0.9458172 0 0.4759474 -0.8794738 0 0.4759474 -0.8794738 0 0.6142126 -0.7891406 0 0.6142126 -0.7891406 0 0.7357238 -0.6772817 0 0.7357238 -0.6772817 0 0.8371666 -0.5469478 0 0.8371666 -0.5469478 0 0.9157732 -0.4016957 0 0.9157732 -0.4016957 0 0.9694004 -0.2454851 0 0.9694004 -0.2454851 0 0.9965845 -0.08257931 0 0.9965845 -0.08257931 0 0 0 1 0 0 1 0 0 1 0 0 1 0 0 1 0 0 1 0 0 1 0 0 1 0 0 1 0 0 1 0 0 1 0 0 1 0 0 1 0 0 1 0 0 1 0 0 1 0 0 1 0 0 1 0 0 1 0 0 1 0 0 1 0 0 1 0 0 1 0 0 1 0 0 1 0 0 1 0 0 1 0 0 1 0 0 1 0 0 1 0 0 1 0 0 1 0 0 1 0 0 1 0 0 1 0 0 1 0 0 1 0 0 1 0 0 1 0 0 1 0 0 1 0 0 1 0 0 1 0 0 1 0 0 1 0 0 1 0 0 1 0 0 1 0 0 1 0 0 1 0 0 1 0 0 1 0 0 1 0 0 1 0 0 1 0 0 1 0 0 1 0 0 1 0 0 1 0 0 1 0 0 1 0 0 1 0 0 1 0 0 1 0 0 1 0 0 1 0 0 1 0 0 1 0 0 1 0 0 1 0 0 1 0 0 1 0 0 1 0 0 1 0 0 1 0 0 1 -0.9967573 -0.08046638 0 -0.9709418 -0.2393158 0 -0.9709418 -0.2393158 0 -0.9199795 -0.3919665 0 -0.9199795 -0.3919665 0 -0.8451901 -0.5344658 0 -0.8451901 -0.5344658 0 -0.7485107 -0.6631228 0 -0.7485107 -0.6631228 0 -0.6324455 -0.7746049 0 -0.6324455 -0.7746049 0 -0.5000002 -0.8660253 0 -0.5000002 -0.8660253 0 -0.3546048 -0.9350162 0 -0.3546048 -0.9350162 0 -0.2000253 -0.9797907 0 -0.2000253 -0.9797907 0 -0.04026591 -0.999189 0 -0.04026591 -0.999189 0 0.1205365 -0.9927089 0 0.1205365 -0.9927089 0 0.2782174 -0.9605181 0 0.2782174 -0.9605181 0 0.4286925 -0.9034504 0 0.4286925 -0.9034504 0 0.5680651 -0.8229837 0 0.5680651 -0.8229837 0 0.6927242 -0.7212027 0 0.6927242 -0.7212027 0 0.7994428 -0.6007423 0 0.7994428 -0.6007423 0 0.885456 -0.4647232 0 0.885456 -0.4647232 0 0.9485364 -0.3166682 0 0.9485364 -0.3166682 0 0.9870503 -0.1604112 0 0.9870503 -0.1604112 0 1 0 0 1 0 0 0.9870503 0.1604112 0 0.9870503 0.1604112 0 0.9485364 0.3166682 0 0.9485364 0.3166682 0 0.885456 0.4647232 0 0.885456 0.4647232 0 0.7994428 0.6007423 0 0.7994428 0.6007423 0 0.6927242 0.7212027 0 0.6927242 0.7212027 0 0.5680651 0.8229837 0 0.5680651 0.8229837 0 0.4286925 0.9034504 0 0.4286925 0.9034504 0 0.2782174 0.9605181 0 0.2782174 0.9605181 0 0.1205365 0.9927089 0 0.1205365 0.9927089 0 -0.04026591 0.999189 0 -0.04026591 0.999189 0 -0.2000253 0.9797907 0 -0.2000253 0.9797907 0 -0.3546048 0.9350162 0 -0.3546048 0.9350162 0 -0.5000002 0.8660253 0 -0.5000002 0.8660253 0 -0.6324455 0.7746049 0 -0.6324455 0.7746049 0 -0.7485107 0.6631228 0 -0.7485107 0.6631228 0 -0.8451901 0.5344658 0 -0.8451901 0.5344658 0 -0.9199795 0.3919665 0 -0.9199795 0.3919665 0 -0.9709418 0.2393158 0 -0.9709418 0.2393158 0 -0.9967573 0.08046638 0 -0.9967573 0.08046638 0 -0.9967573 -0.08046638 0 0.9963974 0.08480614 0 0.9963974 0.08480614 0 0.967733 0.251978 0 0.967733 0.251978 0 0.9112287 0.4119009 0 0.9112287 0.4119009 0 0.8285094 0.5599752 0 0.8285094 0.5599752 0 0.7219562 0.6919388 0 0.7219562 0.6919388 0 0.5946333 0.803997 0 0.5946333 0.803997 0 0.4502038 0.8929259 0 0.4502038 0.8929259 0 0.2928227 0.9561668 0 0.2928227 0.9561668 0 0.1270175 0.9919005 0 0.1270175 0.9919005 0 -0.0424413 0.999099 0 -0.0424413 0.999099 0 -0.2106788 0.9775553 0 -0.2106788 0.9775553 0 -0.3728566 0.927889 0 -0.3728566 0.927889 0 -0.5243073 0.8515291 0 -0.5243073 0.8515291 0 -0.6606747 0.7506724 0 -0.6606747 0.7506724 0 -0.7780359 0.6282199 0 -0.7780359 0.6282199 0 -0.8730142 0.4876949 0 -0.8730142 0.4876949 0 -0.9428774 0.3331398 0 -0.9428774 0.3331398 0 -0.9856159 0.1690011 0 -0.9856159 0.1690011 0 -1 0 0 -1 0 0 -0.9856159 -0.1690011 0 -0.9856159 -0.1690011 0 -0.9428774 -0.3331398 0 -0.9428774 -0.3331398 0 -0.8730142 -0.4876949 0 -0.8730142 -0.4876949 0 -0.7780359 -0.6282199 0 -0.7780359 -0.6282199 0 -0.6606747 -0.7506724 0 -0.6606747 -0.7506724 0 -0.5243073 -0.8515291 0 -0.5243073 -0.8515291 0 -0.3728566 -0.927889 0 -0.3728566 -0.927889 0 -0.2106788 -0.9775553 0 -0.2106788 -0.9775553 0 -0.0424413 -0.999099 0 -0.0424413 -0.999099 0 0.1270175 -0.9919005 0 0.1270175 -0.9919005 0 0.2928227 -0.9561668 0 0.2928227 -0.9561668 0 0.4502038 -0.8929259 0 0.4502038 -0.8929259 0 0.5946333 -0.803997 0 0.5946333 -0.803997 0 0.7219562 -0.6919388 0 0.7219562 -0.6919388 0 0.8285094 -0.5599752 0 0.8285094 -0.5599752 0 0.9112287 -0.4119009 0 0.9112287 -0.4119009 0 0.967733 -0.251978 0 0.967733 -0.251978 0 0.9963974 -0.08480614 0 0.9963974 -0.08480614 0 0 0 -1 0 0 -1 0 0 -1 0 0 -1 0 0 -1 0 0 -1 0 0 -1 0 0 -1 0 0 -1 0 0 -1 0 0 -1 0 0 -1 0 0 -1 0 0 -1 0 0 -1 0 0 -1 0 0 -1 0 0 -1 0 0 -1 0 0 -1 0 0 -1 0 0 -1 0 0 -1 0 0 -1 0 0 -1 0 0 -1 0 0 -1 0 0 -1 0 0 -1 0 0 -1 0 0 -1 0 0 -1 0 0 -1 0 0 -1 0 0 -1 0 0 -1 0 0 -1 0 0 -1 0 0 -1 0 0 -1 0 0 -1 0 0 -1 0 0 -1 0 0 -1 0 0 -1 0 0 -1 0 0 -1 0 0 -1 0 0 -1 0 0 -1 0 0 -1 0 0 -1 0 0 -1 0 0 -1 0 0 -1 0 0 -1 0 0 -1 0 0 -1 0 0 -1 0 0 -1 0 0 -1 0 0 -1 0 0 -1 0 0 -1 0 0 -1 0 0 -1 0 0 -1 0 0 -1 0 0 -1 0 0 -1 0 0 -1 0 0 -1 0 0 -1 0 0 -1 0 0 -1 0 0 -1 0.7660408 0 -0.642792 0.7660408 0 -0.642792 0.5000139 0 -0.8660175 0.5000139 0 -0.8660175 0.1736103 0 -0.9848145 0.1736103 0 -0.9848145 -0.2587957 0 -0.9659321 -0.2587957 0 -0.9659321 -0.707109 0 -0.7071045 -0.707109 0 -0.7071045 -0.9659265 0 -0.2588167 -0.9659265 0 -0.2588167 -0.9659265 0 0.2588167 -0.9659265 0 0.2588167 -0.707109 0 0.7071045 -0.707109 0 0.7071045 -0.2588125 0 0.9659276 -0.2588125 0 0.9659276 0.9396948 0 0.3420144 0.9396948 0 0.3420144 1 0 0 1 0 0 0.9396948 0 -0.3420144 0.9396948 0 -0.3420144 0.2588125 0 0.9659276 0.2588125 0 0.9659276 0.707109 0 0.7071045 0.707109 0 0.7071045 0.8660255 0 -0.5 0.8660255 0 -0.5 0 0 -1 0 0 -1 -0.8660255 0 -0.5 -0.8660255 0 -0.5 -0.8660253 0 0.5000001 -0.8660253 0 0.5000001 0 0 1 0 0 1 0.8660253 0 0.5000001 0.8660253 0 0.5000001 0 1 0 0 1 0 0 1 0 0 1 0 0 1 0 0 1 0 0 1 0 0 1 0 0 1 0 0 1 0 0 1 0 0 1 0 0 1 0 0 1 0 0 1 0 0 1 0 0 1 0 0 1 0 0 1 0 0 1 0 0 1 0 0 1 0 0 1 0 0 1 0 0 1 0 0 1 0 0 1 0 0 1 0 0 1 0 0 1 0 0 1 0 0 1 0 0 1 0 0 1 0 0 1 0 0 1 0 0 1 0 0 1 0 0 1 0 0 1 0 0 1 0 0 1 0 0 1 0 0 1 0 0 1 0 0 1 0 0 1 0 0 1 0 0 1 0 0 1 0 0 1 0 0 1 0 0 1 0 0 -1 0 0 -1 0 0 -1 0 0 -1 0 0 -1 0 0 -1 0 0 -1 0 0 -1 0 0 -1 0 0 -1 0 0 -1 0 0 -1 0 0 -1 0 0 -1 0 0 -1 0 0 -1 0 0 -1 0 0 -1 0 0 -1 0 0 -1 0 0 -1 0 0 -1 0 0 -1 0 0 -1 0 0 -1 0 0 -1 0 0 -1 0 0 -1 0 0 -1 0 0 -1 0 0 -1 0 0 -1 0 0 -1 0 0 -1 0 0 -1 0 0 -1 0 0 -1 0 0 -1 0 0 -1 0 0 -1 0 0 -1 0 0 -1 0 0 -1 0 0 -1 0 0 -1 0 0 -1 0 0 -1 0 0 -1 0 0 -1 0 0 -1 0 0 -1 0 0 -1 0 0 -1 0 -0.9954719 0 -0.09505641 -0.9954719 0 -0.09505641 -0.9594931 0 -0.2817323 -0.9594931 0 -0.2817323 -0.8888353 0 -0.4582267 -0.8888353 0 -0.4582267 -0.786053 0 -0.6181592 -0.786053 0 -0.6181592 -0.6548606 0 -0.7557498 -0.6548606 0 -0.7557498 -0.5000013 0 -0.8660247 -0.5000013 0 -0.8660247 -0.3270666 0 -0.9450013 -0.3270666 0 -0.9450013 -0.1423152 0 -0.9898214 -0.1423152 0 -0.9898214 0.04758208 0 -0.9988673 0.04758208 0 -0.9988673 0.2357576 0 -0.9718119 0.2357576 0 -0.9718119 0.4154162 0 -0.9096315 0.4154162 0 -0.9096315 0.5800561 0 -0.8145766 0.5800561 0 -0.8145766 0.7237347 0 -0.6900784 0.7237347 0 -0.6900784 0.8412532 0 -0.5406414 0.8412532 0 -0.5406414 0.928368 0 -0.3716623 0.928368 0 -0.3716623 0.9819287 0 -0.1892512 0.9819287 0 -0.1892512 1 0 0 1 0 0 0.9819287 0 0.1892512 0.9819287 0 0.1892512 0.928368 0 0.3716623 0.928368 0 0.3716623 0.8412532 0 0.5406414 0.8412532 0 0.5406414 0.7237347 0 0.6900784 0.7237347 0 0.6900784 0.5800561 0 0.8145766 0.5800561 0 0.8145766 0.4154162 0 0.9096315 0.4154162 0 0.9096315 0.2357599 0 0.9718114 0.2357599 0 0.9718114 0.04758208 0 0.9988673 0.04758208 0 0.9988673 -0.1423152 0 0.9898214 -0.1423152 0 0.9898214 -0.3270688 0 0.9450005 -0.3270688 0 0.9450005 -0.4999994 0 0.8660258 -0.4999994 0 0.8660258 -0.654862 0 0.7557485 -0.654862 0 0.7557485 -0.786053 0 0.6181592 -0.786053 0 0.6181592 -0.8888353 0 0.4582267 -0.8888353 0 0.4582267 -0.9594931 0 0.2817323 -0.9594931 0 0.2817323 -0.9954719 0 0.09505641 -0.9954719 0 0.09505641</float_array>
          <technique_common>
            <accessor source="#wrist3-mesh-normals-array" count="12844" stride="3">
              <param name="X" type="float"/>
              <param name="Y" type="float"/>
              <param name="Z" type="float"/>
            </accessor>
          </technique_common>
        </source>
        <vertices id="wrist3-mesh-vertices">
          <input semantic="POSITION" source="#wrist3-mesh-positions"/>
        </vertices>
        <triangles count="12844">
          <input semantic="VERTEX" source="#wrist3-mesh-vertices" offset="0"/>
          <input semantic="NORMAL" source="#wrist3-mesh-normals" offset="1"/>
          <p>0 0 1 0 2 0 0 1 2 1 3 1 4 2 5 2 2 2 2 3 5 3 6 3 2 4 6 4 3 4 7 5 8 5 2 5 2 6 8 6 9 6 2 7 9 7 4 7 10 8 11 8 2 8 2 9 11 9 12 9 2 10 12 10 7 10 13 11 14 11 2 11 2 12 14 12 15 12 2 13 15 13 10 13 16 14 17 14 2 14 2 15 17 15 18 15 2 16 18 16 13 16 19 17 20 17 2 17 2 18 20 18 21 18 2 19 21 19 16 19 22 20 23 20 2 20 2 21 23 21 24 21 2 22 24 22 19 22 1 23 25 23 2 23 2 24 25 24 26 24 2 25 26 25 22 25 27 26 28 26 1 26 1 27 28 27 29 27 1 28 29 28 25 28 25 29 29 29 30 29 25 30 30 30 26 30 26 31 30 31 31 31 26 32 31 32 22 32 22 33 31 33 32 33 22 34 32 34 23 34 23 35 32 35 33 35 23 36 33 36 24 36 24 37 33 37 34 37 24 38 34 38 19 38 19 39 34 39 35 39 19 40 35 40 20 40 20 41 35 41 36 41 20 42 36 42 21 42 21 43 36 43 37 43 21 44 37 44 16 44 16 45 37 45 38 45 16 46 38 46 17 46 17 47 38 47 39 47 17 48 39 48 18 48 18 49 39 49 40 49 18 50 40 50 13 50 13 51 40 51 41 51 13 52 41 52 14 52 14 53 41 53 42 53 14 54 42 54 15 54 15 55 42 55 43 55 15 56 43 56 10 56 10 57 43 57 44 57 10 58 44 58 11 58 11 59 44 59 45 59 11 60 45 60 12 60 12 61 45 61 46 61 12 62 46 62 7 62 7 63 46 63 47 63 7 64 47 64 8 64 8 65 47 65 48 65 8 66 48 66 9 66 9 67 48 67 49 67 9 68 49 68 4 68 4 69 49 69 50 69 4 70 50 70 5 70 5 71 50 71 51 71 5 72 51 72 6 72 6 73 51 73 52 73 6 74 52 74 3 74 3 75 52 75 53 75 3 76 53 76 27 76 27 77 53 77 28 77 49 78 54 78 50 78 50 79 54 79 55 79 50 80 55 80 51 80 51 81 55 81 56 81 51 82 56 82 52 82 52 83 56 83 57 83 52 84 57 84 53 84 53 85 57 85 58 85 53 86 58 86 28 86 28 87 58 87 59 87 28 88 59 88 29 88 29 89 59 89 60 89 29 90 60 90 30 90 30 91 60 91 61 91 30 92 61 92 31 92 31 93 61 93 62 93 31 94 62 94 32 94 32 95 62 95 63 95 32 96 63 96 33 96 33 97 63 97 64 97 33 98 64 98 34 98 34 99 64 99 65 99 34 100 65 100 35 100 35 101 65 101 66 101 35 102 66 102 36 102 36 103 66 103 67 103 36 104 67 104 37 104 37 105 67 105 68 105 37 106 68 106 38 106 38 107 68 107 69 107 38 108 69 108 39 108 39 109 69 109 70 109 39 110 70 110 40 110 40 111 70 111 71 111 40 112 71 112 41 112 41 113 71 113 72 113 41 114 72 114 42 114 42 115 72 115 73 115 42 116 73 116 43 116 43 117 73 117 74 117 43 118 74 118 44 118 44 119 74 119 75 119 44 120 75 120 45 120 45 121 75 121 76 121 45 122 76 122 46 122 46 123 76 123 77 123 46 124 77 124 47 124 47 125 77 125 78 125 47 126 78 126 48 126 48 127 78 127 79 127 48 128 79 128 49 128 49 129 79 129 54 129 58 130 80 130 59 130 59 131 80 131 81 131 59 132 81 132 60 132 60 133 81 133 82 133 60 134 82 134 61 134 61 135 82 135 83 135 61 136 83 136 62 136 62 137 83 137 84 137 62 138 84 138 63 138 63 139 84 139 85 139 63 140 85 140 64 140 64 141 85 141 86 141 64 142 86 142 65 142 65 143 86 143 87 143 65 144 87 144 66 144 66 145 87 145 88 145 66 146 88 146 67 146 67 147 88 147 89 147 67 148 89 148 68 148 68 149 89 149 90 149 68 150 90 150 69 150 69 151 90 151 91 151 69 152 91 152 70 152 70 153 91 153 92 153 70 154 92 154 71 154 71 155 92 155 93 155 71 156 93 156 72 156 72 157 93 157 94 157 72 158 94 158 73 158 73 159 94 159 95 159 73 160 95 160 74 160 74 161 95 161 96 161 74 162 96 162 75 162 75 163 96 163 97 163 75 164 97 164 76 164 76 165 97 165 98 165 76 166 98 166 77 166 77 167 98 167 99 167 77 168 99 168 78 168 78 169 99 169 100 169 78 170 100 170 79 170 79 171 100 171 101 171 79 172 101 172 54 172 54 173 101 173 102 173 54 174 102 174 55 174 55 175 102 175 103 175 55 176 103 176 56 176 56 177 103 177 104 177 56 178 104 178 57 178 57 179 104 179 105 179 57 180 105 180 58 180 58 181 105 181 80 181 102 182 106 182 103 182 103 183 106 183 107 183 103 184 107 184 104 184 104 185 107 185 108 185 104 186 108 186 105 186 105 187 108 187 109 187 105 188 109 188 110 188 110 189 109 189 111 189 110 190 111 190 81 190 81 191 111 191 112 191 81 192 112 192 82 192 82 193 112 193 113 193 82 194 113 194 83 194 83 195 113 195 114 195 83 196 114 196 84 196 114 197 115 197 84 197 84 198 115 198 116 198 84 199 116 199 85 199 85 200 116 200 117 200 85 201 117 201 86 201 86 202 117 202 118 202 86 203 118 203 87 203 87 204 118 204 119 204 87 205 119 205 88 205 88 206 119 206 120 206 88 207 120 207 89 207 89 208 120 208 121 208 89 209 121 209 90 209 90 210 121 210 122 210 90 211 122 211 91 211 91 212 122 212 123 212 91 213 123 213 92 213 92 214 123 214 124 214 92 215 124 215 93 215 124 216 125 216 93 216 93 217 125 217 126 217 93 218 126 218 94 218 94 219 126 219 127 219 94 220 127 220 95 220 95 221 127 221 128 221 95 222 128 222 96 222 96 223 128 223 129 223 96 224 129 224 97 224 97 225 129 225 130 225 97 226 130 226 98 226 98 227 130 227 131 227 98 228 131 228 99 228 99 229 131 229 132 229 99 230 132 230 100 230 100 231 132 231 133 231 100 232 133 232 101 232 101 233 133 233 134 233 101 234 134 234 102 234 102 235 134 235 135 235 102 236 135 236 106 236 136 237 137 237 112 237 112 238 137 238 138 238 112 239 138 239 113 239 113 240 138 240 139 240 113 241 139 241 114 241 114 242 139 242 140 242 114 243 140 243 115 243 115 244 140 244 141 244 115 245 141 245 116 245 116 246 141 246 142 246 116 247 142 247 117 247 117 248 142 248 143 248 117 249 143 249 118 249 118 250 143 250 144 250 118 251 144 251 119 251 119 252 144 252 145 252 119 253 145 253 120 253 120 254 145 254 146 254 120 255 146 255 121 255 121 256 146 256 147 256 121 257 147 257 122 257 122 258 147 258 148 258 122 259 148 259 123 259 123 260 148 260 149 260 123 261 149 261 124 261 124 262 149 262 150 262 124 263 150 263 125 263 125 264 150 264 151 264 125 265 151 265 126 265 126 266 151 266 152 266 126 267 152 267 127 267 127 268 152 268 153 268 127 269 153 269 128 269 128 270 153 270 154 270 128 271 154 271 129 271 129 272 154 272 155 272 129 273 155 273 130 273 130 274 155 274 156 274 130 275 156 275 131 275 131 276 156 276 157 276 131 277 157 277 132 277 132 278 157 278 158 278 132 279 158 279 133 279 133 280 158 280 159 280 133 281 159 281 134 281 134 282 159 282 160 282 134 283 160 283 135 283 135 284 160 284 161 284 135 285 161 285 106 285 106 286 161 286 162 286 106 287 162 287 107 287 107 288 162 288 163 288 107 289 163 289 108 289 108 290 163 290 164 290 108 291 164 291 109 291 109 292 164 292 165 292 109 293 165 293 136 293 136 294 165 294 137 294 141 295 166 295 142 295 142 296 166 296 167 296 142 297 167 297 143 297 143 298 167 298 168 298 143 299 168 299 144 299 144 300 168 300 169 300 144 301 169 301 145 301 145 302 169 302 170 302 145 303 170 303 146 303 146 304 170 304 171 304 146 305 171 305 147 305 147 306 171 306 172 306 147 307 172 307 148 307 148 308 172 308 173 308 148 309 173 309 149 309 149 310 173 310 174 310 149 311 174 311 150 311 150 312 174 312 175 312 150 313 175 313 151 313 151 314 175 314 176 314 151 315 176 315 152 315 152 316 176 316 177 316 152 317 177 317 153 317 153 318 177 318 178 318 153 319 178 319 154 319 154 320 178 320 179 320 154 321 179 321 155 321 155 322 179 322 180 322 155 323 180 323 156 323 156 324 180 324 181 324 156 325 181 325 157 325 157 326 181 326 182 326 157 327 182 327 158 327 158 328 182 328 183 328 158 329 183 329 159 329 159 330 183 330 184 330 159 331 184 331 160 331 160 332 184 332 185 332 160 333 185 333 161 333 161 334 185 334 186 334 161 335 186 335 162 335 162 336 186 336 187 336 162 337 187 337 163 337 163 338 187 338 188 338 163 339 188 339 164 339 164 340 188 340 189 340 164 341 189 341 165 341 165 342 189 342 190 342 165 343 190 343 137 343 137 344 190 344 191 344 137 345 191 345 138 345 138 346 191 346 192 346 138 347 192 347 139 347 139 348 192 348 193 348 139 349 193 349 140 349 140 350 193 350 194 350 140 351 194 351 141 351 141 352 194 352 166 352 190 353 195 353 191 353 191 354 195 354 196 354 191 355 196 355 192 355 192 356 196 356 197 356 192 357 197 357 193 357 193 358 197 358 198 358 193 359 198 359 194 359 194 360 198 360 199 360 194 361 199 361 166 361 166 362 199 362 200 362 166 363 200 363 167 363 167 364 200 364 201 364 167 365 201 365 168 365 168 366 201 366 202 366 168 367 202 367 169 367 169 368 202 368 203 368 169 369 203 369 170 369 170 370 203 370 204 370 170 371 204 371 171 371 171 372 204 372 205 372 171 373 205 373 172 373 172 374 205 374 206 374 172 375 206 375 173 375 173 376 206 376 207 376 173 377 207 377 174 377 174 378 207 378 208 378 174 379 208 379 175 379 175 380 208 380 209 380 175 381 209 381 176 381 176 382 209 382 210 382 176 383 210 383 177 383 177 384 210 384 211 384 177 385 211 385 178 385 178 386 211 386 212 386 178 387 212 387 179 387 179 388 212 388 213 388 179 389 213 389 180 389 180 390 213 390 214 390 180 391 214 391 181 391 181 392 214 392 215 392 181 393 215 393 182 393 182 394 215 394 216 394 182 395 216 395 183 395 183 396 216 396 217 396 183 397 217 397 184 397 184 398 217 398 218 398 184 399 218 399 185 399 185 400 218 400 219 400 185 401 219 401 186 401 186 402 219 402 220 402 186 403 220 403 187 403 187 404 220 404 221 404 187 405 221 405 188 405 188 406 221 406 222 406 188 407 222 407 189 407 189 408 222 408 223 408 189 409 223 409 190 409 190 410 223 410 195 410 224 411 225 411 226 411 226 412 227 412 228 412 224 413 226 413 229 413 229 414 226 414 228 414 229 415 228 415 230 415 231 416 232 416 233 416 233 417 232 417 234 417 234 418 235 418 233 418 233 419 235 419 236 419 233 420 236 420 237 420 231 421 233 421 238 421 231 422 238 422 239 422 239 423 238 423 240 423 239 424 240 424 241 424 241 425 240 425 242 425 241 426 242 426 243 426 243 427 242 427 244 427 243 428 244 428 245 428 246 429 245 429 244 429 246 430 244 430 247 430 247 431 244 431 248 431 247 432 248 432 249 432 249 433 248 433 250 433 249 434 250 434 251 434 251 435 250 435 252 435 251 436 252 436 253 436 253 437 252 437 254 437 254 438 252 438 255 438 254 439 255 439 256 439 256 440 255 440 257 440 256 441 257 441 258 441 259 442 258 442 257 442 257 443 260 443 261 443 259 444 257 444 262 444 262 445 257 445 261 445 262 446 261 446 263 446 264 447 265 447 266 447 266 448 265 448 267 448 267 449 268 449 266 449 266 450 268 450 269 450 266 451 269 451 270 451 264 452 266 452 271 452 264 453 271 453 272 453 272 454 271 454 273 454 272 455 273 455 274 455 274 456 273 456 275 456 274 457 275 457 276 457 276 458 275 458 277 458 276 459 277 459 278 459 279 460 278 460 277 460 279 461 277 461 280 461 280 462 277 462 281 462 280 463 281 463 282 463 282 464 281 464 283 464 282 465 283 465 284 465 284 466 283 466 285 466 284 467 285 467 286 467 286 468 285 468 287 468 287 469 285 469 288 469 287 470 288 470 289 470 289 471 288 471 226 471 289 472 226 472 225 472 219 473 290 473 220 473 220 474 290 474 291 474 220 475 291 475 221 475 221 476 291 476 292 476 221 477 292 477 222 477 206 478 293 478 207 478 207 479 293 479 294 479 207 480 294 480 208 480 208 481 294 481 295 481 208 482 295 482 209 482 209 483 295 483 296 483 209 484 296 484 210 484 292 485 297 485 222 485 222 486 297 486 298 486 222 487 298 487 223 487 223 488 298 488 299 488 223 489 299 489 300 489 300 490 299 490 301 490 300 491 301 491 196 491 196 492 301 492 302 492 196 493 302 493 197 493 215 494 303 494 216 494 216 495 303 495 304 495 216 496 304 496 217 496 217 497 304 497 305 497 217 498 305 498 218 498 218 499 305 499 306 499 218 500 306 500 219 500 219 501 306 501 307 501 219 502 307 502 290 502 213 503 308 503 214 503 214 504 308 504 309 504 214 505 309 505 215 505 215 506 309 506 310 506 215 507 310 507 303 507 203 508 311 508 204 508 204 509 311 509 312 509 204 510 312 510 205 510 205 511 312 511 313 511 205 512 313 512 206 512 206 513 313 513 314 513 206 514 314 514 293 514 200 515 315 515 201 515 201 516 315 516 316 516 201 517 316 517 202 517 202 518 316 518 317 518 202 519 317 519 203 519 203 520 317 520 318 520 203 521 318 521 311 521 302 522 319 522 197 522 197 523 319 523 320 523 197 524 320 524 198 524 198 525 320 525 321 525 198 526 321 526 199 526 199 527 321 527 322 527 199 528 322 528 200 528 200 529 322 529 323 529 200 530 323 530 315 530 296 531 324 531 210 531 210 532 324 532 325 532 210 533 325 533 211 533 211 534 325 534 326 534 211 535 326 535 212 535 212 536 326 536 327 536 212 537 327 537 213 537 213 538 327 538 328 538 213 539 328 539 308 539 281 540 329 540 227 540 329 541 281 541 330 541 330 542 281 542 277 542 330 543 277 543 331 543 277 544 275 544 273 544 285 545 283 545 288 545 288 546 283 546 281 546 288 547 281 547 226 547 226 548 281 548 227 548 270 549 331 549 266 549 266 550 331 550 277 550 266 551 277 551 271 551 271 552 277 552 273 552 248 553 332 553 260 553 332 554 248 554 333 554 333 555 248 555 244 555 333 556 244 556 334 556 244 557 242 557 240 557 252 558 250 558 255 558 255 559 250 559 248 559 255 560 248 560 257 560 257 561 248 561 260 561 237 562 334 562 233 562 233 563 334 563 244 563 233 564 244 564 238 564 238 565 244 565 240 565 335 566 234 566 232 566 336 567 267 567 265 567 264 568 272 568 298 568 298 569 337 569 338 569 272 570 274 570 298 570 298 571 274 571 276 571 298 572 276 572 299 572 299 573 276 573 278 573 298 574 338 574 264 574 264 575 338 575 339 575 264 576 339 576 265 576 265 577 339 577 340 577 265 578 340 578 336 578 259 579 262 579 341 579 326 580 258 580 259 580 341 581 342 581 259 581 259 582 342 582 343 582 259 583 343 583 326 583 326 584 343 584 344 584 326 585 344 585 345 585 249 586 251 586 325 586 249 587 325 587 247 587 251 588 253 588 325 588 325 589 253 589 254 589 325 590 254 590 326 590 326 591 254 591 256 591 326 592 256 592 258 592 325 593 324 593 247 593 247 594 324 594 296 594 247 595 296 595 246 595 231 596 239 596 295 596 295 597 346 597 347 597 239 598 241 598 295 598 295 599 241 599 243 599 295 600 243 600 296 600 296 601 243 601 245 601 296 602 245 602 246 602 295 603 347 603 231 603 231 604 347 604 348 604 231 605 348 605 232 605 232 606 348 606 349 606 232 607 349 607 335 607 224 608 229 608 350 608 319 609 225 609 224 609 350 610 351 610 224 610 224 611 351 611 352 611 224 612 352 612 319 612 319 613 352 613 353 613 319 614 353 614 354 614 282 615 284 615 302 615 282 616 302 616 280 616 284 617 286 617 302 617 302 618 286 618 287 618 302 619 287 619 319 619 319 620 287 620 289 620 319 621 289 621 225 621 278 622 279 622 299 622 299 623 279 623 280 623 299 624 280 624 301 624 301 625 280 625 302 625 355 626 327 626 356 626 356 627 327 627 326 627 356 628 326 628 357 628 357 629 326 629 345 629 358 630 328 630 359 630 359 631 328 631 327 631 359 632 327 632 360 632 360 633 327 633 355 633 361 634 308 634 362 634 362 635 308 635 328 635 362 636 328 636 363 636 363 637 328 637 358 637 364 638 309 638 365 638 365 639 309 639 308 639 365 640 308 640 366 640 366 641 308 641 361 641 367 642 310 642 368 642 368 643 310 643 309 643 368 644 309 644 369 644 369 645 309 645 364 645 370 646 303 646 371 646 371 647 303 647 310 647 371 648 310 648 372 648 372 649 310 649 367 649 370 650 373 650 303 650 303 651 373 651 374 651 303 652 374 652 304 652 375 653 305 653 376 653 376 654 305 654 304 654 376 655 304 655 377 655 377 656 304 656 374 656 378 657 306 657 379 657 379 658 306 658 305 658 379 659 305 659 380 659 380 660 305 660 375 660 381 661 307 661 382 661 382 662 307 662 306 662 382 663 306 663 383 663 383 664 306 664 378 664 384 665 290 665 385 665 385 666 290 666 307 666 385 667 307 667 386 667 386 668 307 668 381 668 387 669 291 669 388 669 388 670 291 670 290 670 388 671 290 671 389 671 389 672 290 672 384 672 390 673 292 673 391 673 391 674 292 674 291 674 391 675 291 675 392 675 392 676 291 676 387 676 393 677 297 677 394 677 394 678 297 678 292 678 394 679 292 679 395 679 395 680 292 680 390 680 393 681 396 681 297 681 297 682 396 682 397 682 297 683 397 683 298 683 298 684 397 684 398 684 298 685 398 685 337 685 399 686 320 686 400 686 400 687 320 687 319 687 400 688 319 688 401 688 401 689 319 689 354 689 402 690 321 690 403 690 403 691 321 691 320 691 403 692 320 692 404 692 404 693 320 693 399 693 405 694 322 694 406 694 406 695 322 695 321 695 406 696 321 696 407 696 407 697 321 697 402 697 408 698 323 698 409 698 409 699 323 699 322 699 409 700 322 700 410 700 410 701 322 701 405 701 411 702 315 702 412 702 412 703 315 703 323 703 412 704 323 704 413 704 413 705 323 705 408 705 414 706 316 706 415 706 415 707 316 707 315 707 415 708 315 708 416 708 416 709 315 709 411 709 417 710 317 710 418 710 418 711 317 711 316 711 418 712 316 712 419 712 419 713 316 713 414 713 417 714 420 714 317 714 317 715 420 715 421 715 317 716 421 716 318 716 422 717 311 717 423 717 423 718 311 718 318 718 423 719 318 719 424 719 424 720 318 720 421 720 425 721 312 721 426 721 426 722 312 722 311 722 426 723 311 723 427 723 427 724 311 724 422 724 428 725 313 725 429 725 429 726 313 726 312 726 429 727 312 727 430 727 430 728 312 728 425 728 431 729 314 729 432 729 432 730 314 730 313 730 432 731 313 731 433 731 433 732 313 732 428 732 434 733 293 733 435 733 435 734 293 734 314 734 435 735 314 735 436 735 436 736 314 736 431 736 437 737 294 737 438 737 438 738 294 738 293 738 438 739 293 739 439 739 439 740 293 740 434 740 437 741 440 741 294 741 294 742 440 742 441 742 294 743 441 743 295 743 295 744 441 744 442 744 295 745 442 745 346 745 413 746 443 746 444 746 407 747 445 747 446 747 401 748 447 748 448 748 369 749 449 749 450 749 363 750 451 750 452 750 357 751 453 751 454 751 230 752 228 752 455 752 330 753 456 753 457 753 263 754 261 754 458 754 334 755 237 755 459 755 460 756 333 756 461 756 461 757 333 757 334 757 461 758 334 758 462 758 462 759 334 759 459 759 463 760 260 760 460 760 460 761 260 761 332 761 460 762 332 762 333 762 270 763 269 763 464 763 464 764 269 764 268 764 465 765 331 765 466 765 466 766 331 766 270 766 467 767 227 767 457 767 457 768 227 768 329 768 457 769 329 769 330 769 237 770 236 770 468 770 468 771 236 771 235 771 262 772 263 772 341 772 341 773 263 773 458 773 341 774 458 774 342 774 342 775 458 775 343 775 458 776 469 776 343 776 343 777 469 777 470 777 343 778 470 778 344 778 453 779 357 779 470 779 470 780 357 780 345 780 470 781 345 781 344 781 360 782 355 782 454 782 454 783 355 783 356 783 454 784 356 784 357 784 454 785 471 785 360 785 360 786 471 786 472 786 360 787 472 787 359 787 451 788 363 788 472 788 472 789 363 789 358 789 472 790 358 790 359 790 366 791 361 791 452 791 452 792 361 792 362 792 452 793 362 793 363 793 452 794 473 794 366 794 366 795 473 795 474 795 366 796 474 796 365 796 449 797 369 797 474 797 474 798 369 798 364 798 474 799 364 799 365 799 372 800 367 800 450 800 450 801 367 801 368 801 450 802 368 802 369 802 450 803 475 803 372 803 372 804 475 804 476 804 372 805 476 805 371 805 371 806 476 806 370 806 370 807 476 807 477 807 370 808 477 808 373 808 373 809 477 809 478 809 373 810 478 810 374 810 374 811 478 811 377 811 377 812 478 812 479 812 377 813 479 813 376 813 376 814 479 814 480 814 376 815 480 815 375 815 375 816 480 816 380 816 380 817 480 817 481 817 380 818 481 818 379 818 379 819 481 819 482 819 379 820 482 820 378 820 378 821 482 821 383 821 383 822 482 822 483 822 383 823 483 823 382 823 382 824 483 824 484 824 382 825 484 825 381 825 381 826 484 826 386 826 386 827 484 827 485 827 386 828 485 828 385 828 385 829 485 829 486 829 385 830 486 830 384 830 384 831 486 831 389 831 389 832 486 832 487 832 389 833 487 833 388 833 388 834 487 834 488 834 388 835 488 835 387 835 387 836 488 836 392 836 392 837 488 837 489 837 392 838 489 838 391 838 391 839 489 839 490 839 391 840 490 840 390 840 390 841 490 841 395 841 395 842 490 842 491 842 395 843 491 843 394 843 394 844 491 844 492 844 394 845 492 845 393 845 393 846 492 846 396 846 396 847 492 847 493 847 396 848 493 848 397 848 397 849 493 849 494 849 397 850 494 850 398 850 398 851 494 851 337 851 337 852 494 852 495 852 337 853 495 853 338 853 338 854 495 854 496 854 338 855 496 855 339 855 270 856 464 856 466 856 466 857 464 857 496 857 466 858 496 858 497 858 497 859 496 859 495 859 497 860 495 860 498 860 498 861 495 861 494 861 498 862 494 862 499 862 499 863 494 863 493 863 499 864 493 864 500 864 500 865 493 865 492 865 500 866 492 866 501 866 501 867 492 867 491 867 501 868 491 868 502 868 502 869 491 869 490 869 502 870 490 870 503 870 503 871 490 871 489 871 503 872 489 872 504 872 504 873 489 873 488 873 504 874 488 874 505 874 505 875 488 875 487 875 505 876 487 876 506 876 506 877 487 877 486 877 506 878 486 878 507 878 507 879 486 879 485 879 507 880 485 880 508 880 508 881 485 881 484 881 508 882 484 882 509 882 509 883 484 883 483 883 509 884 483 884 510 884 510 885 483 885 482 885 510 886 482 886 511 886 511 887 482 887 481 887 511 888 481 888 512 888 512 889 481 889 480 889 512 890 480 890 513 890 513 891 480 891 479 891 513 892 479 892 514 892 514 893 479 893 478 893 514 894 478 894 515 894 515 895 478 895 477 895 515 896 477 896 516 896 516 897 477 897 476 897 516 898 476 898 517 898 517 899 476 899 475 899 517 900 475 900 518 900 518 901 475 901 450 901 518 902 450 902 519 902 519 903 450 903 449 903 519 904 449 904 520 904 520 905 449 905 474 905 520 906 474 906 521 906 521 907 474 907 473 907 521 908 473 908 522 908 522 909 473 909 452 909 522 910 452 910 523 910 523 911 452 911 451 911 523 912 451 912 524 912 524 913 451 913 472 913 524 914 472 914 525 914 525 915 472 915 471 915 525 916 471 916 526 916 526 917 471 917 454 917 526 918 454 918 527 918 527 919 454 919 453 919 527 920 453 920 528 920 528 921 453 921 470 921 528 922 470 922 529 922 529 923 470 923 469 923 529 924 469 924 530 924 530 925 469 925 458 925 530 926 458 926 463 926 463 927 458 927 261 927 463 928 261 928 260 928 339 929 496 929 340 929 340 930 496 930 464 930 340 931 464 931 336 931 336 932 464 932 268 932 336 933 268 933 267 933 531 934 532 934 456 934 229 935 230 935 350 935 350 936 230 936 455 936 350 937 455 937 351 937 351 938 455 938 352 938 455 939 533 939 352 939 352 940 533 940 534 940 352 941 534 941 353 941 447 942 401 942 534 942 534 943 401 943 354 943 534 944 354 944 353 944 404 945 399 945 448 945 448 946 399 946 400 946 448 947 400 947 401 947 448 948 535 948 404 948 404 949 535 949 536 949 404 950 536 950 403 950 445 951 407 951 536 951 536 952 407 952 402 952 536 953 402 953 403 953 410 954 405 954 446 954 446 955 405 955 406 955 446 956 406 956 407 956 446 957 537 957 410 957 410 958 537 958 538 958 410 959 538 959 409 959 443 960 413 960 538 960 538 961 413 961 408 961 538 962 408 962 409 962 416 963 411 963 444 963 444 964 411 964 412 964 444 965 412 965 413 965 444 966 539 966 416 966 416 967 539 967 540 967 416 968 540 968 415 968 415 969 540 969 414 969 414 970 540 970 541 970 414 971 541 971 419 971 419 972 541 972 542 972 419 973 542 973 418 973 418 974 542 974 417 974 417 975 542 975 543 975 417 976 543 976 420 976 420 977 543 977 544 977 420 978 544 978 421 978 421 979 544 979 424 979 424 980 544 980 545 980 424 981 545 981 423 981 423 982 545 982 546 982 423 983 546 983 422 983 422 984 546 984 427 984 427 985 546 985 547 985 427 986 547 986 426 986 426 987 547 987 548 987 426 988 548 988 425 988 425 989 548 989 430 989 430 990 548 990 549 990 430 991 549 991 429 991 429 992 549 992 550 992 429 993 550 993 428 993 428 994 550 994 433 994 433 995 550 995 551 995 433 996 551 996 432 996 432 997 551 997 552 997 432 998 552 998 431 998 431 999 552 999 436 999 436 1000 552 1000 553 1000 436 1001 553 1001 435 1001 435 1002 553 1002 554 1002 435 1003 554 1003 434 1003 434 1004 554 1004 439 1004 439 1005 554 1005 555 1005 439 1006 555 1006 438 1006 438 1007 555 1007 556 1007 438 1008 556 1008 437 1008 437 1009 556 1009 440 1009 440 1010 556 1010 557 1010 440 1011 557 1011 441 1011 441 1012 557 1012 558 1012 441 1013 558 1013 442 1013 442 1014 558 1014 346 1014 346 1015 558 1015 559 1015 346 1016 559 1016 347 1016 347 1017 559 1017 560 1017 347 1018 560 1018 348 1018 237 1019 468 1019 459 1019 459 1020 468 1020 560 1020 459 1021 560 1021 561 1021 561 1022 560 1022 559 1022 561 1023 559 1023 562 1023 562 1024 559 1024 558 1024 562 1025 558 1025 563 1025 563 1026 558 1026 557 1026 563 1027 557 1027 564 1027 564 1028 557 1028 556 1028 564 1029 556 1029 565 1029 565 1030 556 1030 555 1030 565 1031 555 1031 566 1031 566 1032 555 1032 554 1032 566 1033 554 1033 567 1033 567 1034 554 1034 553 1034 567 1035 553 1035 568 1035 568 1036 553 1036 552 1036 568 1037 552 1037 569 1037 569 1038 552 1038 551 1038 569 1039 551 1039 570 1039 570 1040 551 1040 550 1040 570 1041 550 1041 571 1041 571 1042 550 1042 549 1042 571 1043 549 1043 572 1043 572 1044 549 1044 548 1044 572 1045 548 1045 573 1045 573 1046 548 1046 547 1046 573 1047 547 1047 574 1047 574 1048 547 1048 546 1048 574 1049 546 1049 575 1049 575 1050 546 1050 545 1050 575 1051 545 1051 576 1051 576 1052 545 1052 544 1052 576 1053 544 1053 577 1053 577 1054 544 1054 543 1054 577 1055 543 1055 578 1055 578 1056 543 1056 542 1056 578 1057 542 1057 579 1057 579 1058 542 1058 541 1058 579 1059 541 1059 580 1059 580 1060 541 1060 540 1060 580 1061 540 1061 581 1061 581 1062 540 1062 539 1062 581 1063 539 1063 582 1063 582 1064 539 1064 444 1064 582 1065 444 1065 583 1065 583 1066 444 1066 443 1066 583 1067 443 1067 584 1067 584 1068 443 1068 538 1068 584 1069 538 1069 585 1069 585 1070 538 1070 537 1070 585 1071 537 1071 586 1071 586 1072 537 1072 446 1072 586 1073 446 1073 587 1073 587 1074 446 1074 445 1074 587 1075 445 1075 588 1075 588 1076 445 1076 536 1076 588 1077 536 1077 589 1077 589 1078 536 1078 535 1078 589 1079 535 1079 590 1079 590 1080 535 1080 448 1080 590 1081 448 1081 591 1081 591 1082 448 1082 447 1082 591 1083 447 1083 592 1083 592 1084 447 1084 534 1084 592 1085 534 1085 593 1085 593 1086 534 1086 533 1086 593 1087 533 1087 594 1087 594 1088 533 1088 455 1088 594 1089 455 1089 467 1089 467 1090 455 1090 228 1090 467 1091 228 1091 227 1091 348 1092 560 1092 349 1092 349 1093 560 1093 468 1093 349 1094 468 1094 335 1094 335 1095 468 1095 235 1095 335 1096 235 1096 234 1096 330 1097 331 1097 456 1097 456 1098 331 1098 465 1098 456 1099 465 1099 531 1099 531 1100 465 1100 466 1100 531 1101 466 1101 595 1101 595 1102 466 1102 497 1102 595 1103 497 1103 596 1103 596 1104 497 1104 498 1104 596 1105 498 1105 597 1105 597 1106 498 1106 499 1106 597 1107 499 1107 598 1107 598 1108 499 1108 500 1108 598 1109 500 1109 599 1109 599 1110 500 1110 501 1110 599 1111 501 1111 600 1111 600 1112 501 1112 502 1112 600 1113 502 1113 601 1113 601 1114 502 1114 503 1114 601 1115 503 1115 602 1115 602 1116 503 1116 504 1116 602 1117 504 1117 603 1117 603 1118 504 1118 505 1118 603 1119 505 1119 604 1119 604 1120 505 1120 506 1120 604 1121 506 1121 605 1121 605 1122 506 1122 507 1122 605 1123 507 1123 606 1123 606 1124 507 1124 508 1124 606 1125 508 1125 607 1125 607 1126 508 1126 509 1126 607 1127 509 1127 608 1127 608 1128 509 1128 510 1128 608 1129 510 1129 609 1129 609 1130 510 1130 511 1130 609 1131 511 1131 610 1131 610 1132 511 1132 512 1132 610 1133 512 1133 611 1133 611 1134 512 1134 513 1134 611 1135 513 1135 612 1135 612 1136 513 1136 514 1136 612 1137 514 1137 613 1137 613 1138 514 1138 515 1138 613 1139 515 1139 614 1139 614 1140 515 1140 516 1140 614 1141 516 1141 615 1141 615 1142 516 1142 517 1142 615 1143 517 1143 616 1143 616 1144 517 1144 518 1144 616 1145 518 1145 617 1145 617 1146 518 1146 519 1146 617 1147 519 1147 618 1147 618 1148 519 1148 520 1148 618 1149 520 1149 619 1149 619 1150 520 1150 521 1150 619 1151 521 1151 620 1151 620 1152 521 1152 522 1152 620 1153 522 1153 621 1153 621 1154 522 1154 523 1154 621 1155 523 1155 622 1155 622 1156 523 1156 524 1156 622 1157 524 1157 623 1157 623 1158 524 1158 525 1158 623 1159 525 1159 624 1159 624 1160 525 1160 526 1160 624 1161 526 1161 625 1161 625 1162 526 1162 527 1162 625 1163 527 1163 626 1163 626 1164 527 1164 528 1164 626 1165 528 1165 627 1165 627 1166 528 1166 529 1166 627 1167 529 1167 628 1167 628 1168 529 1168 530 1168 628 1169 530 1169 629 1169 629 1170 530 1170 463 1170 629 1171 463 1171 630 1171 630 1172 463 1172 460 1172 630 1173 460 1173 631 1173 631 1174 460 1174 461 1174 631 1175 461 1175 632 1175 632 1176 461 1176 462 1176 632 1177 462 1177 633 1177 633 1178 462 1178 459 1178 633 1179 459 1179 634 1179 634 1180 459 1180 561 1180 634 1181 561 1181 635 1181 635 1182 561 1182 562 1182 635 1183 562 1183 636 1183 636 1184 562 1184 563 1184 636 1185 563 1185 637 1185 637 1186 563 1186 564 1186 637 1187 564 1187 638 1187 638 1188 564 1188 565 1188 638 1189 565 1189 639 1189 639 1190 565 1190 566 1190 639 1191 566 1191 640 1191 640 1192 566 1192 567 1192 640 1193 567 1193 641 1193 641 1194 567 1194 568 1194 641 1195 568 1195 642 1195 642 1196 568 1196 569 1196 642 1197 569 1197 643 1197 643 1198 569 1198 570 1198 643 1199 570 1199 644 1199 644 1200 570 1200 571 1200 644 1201 571 1201 645 1201 645 1202 571 1202 572 1202 645 1203 572 1203 646 1203 646 1204 572 1204 573 1204 646 1205 573 1205 647 1205 647 1206 573 1206 574 1206 647 1207 574 1207 648 1207 648 1208 574 1208 575 1208 648 1209 575 1209 649 1209 649 1210 575 1210 576 1210 649 1211 576 1211 650 1211 650 1212 576 1212 577 1212 650 1213 577 1213 651 1213 651 1214 577 1214 578 1214 651 1215 578 1215 652 1215 652 1216 578 1216 579 1216 652 1217 579 1217 653 1217 653 1218 579 1218 580 1218 653 1219 580 1219 654 1219 654 1220 580 1220 581 1220 654 1221 581 1221 655 1221 655 1222 581 1222 582 1222 655 1223 582 1223 656 1223 656 1224 582 1224 583 1224 656 1225 583 1225 657 1225 657 1226 583 1226 584 1226 657 1227 584 1227 658 1227 658 1228 584 1228 585 1228 658 1229 585 1229 659 1229 659 1230 585 1230 586 1230 659 1231 586 1231 660 1231 660 1232 586 1232 587 1232 660 1233 587 1233 661 1233 661 1234 587 1234 588 1234 661 1235 588 1235 662 1235 662 1236 588 1236 589 1236 662 1237 589 1237 663 1237 663 1238 589 1238 590 1238 663 1239 590 1239 664 1239 664 1240 590 1240 591 1240 664 1241 591 1241 665 1241 665 1242 591 1242 592 1242 665 1243 592 1243 666 1243 666 1244 592 1244 593 1244 666 1245 593 1245 667 1245 667 1246 593 1246 594 1246 667 1247 594 1247 668 1247 668 1248 594 1248 467 1248 668 1249 467 1249 669 1249 669 1250 467 1250 457 1250 669 1251 457 1251 670 1251 670 1252 457 1252 456 1252 670 1253 456 1253 671 1253 671 1254 456 1254 532 1254 671 1255 532 1255 672 1255 672 1256 532 1256 531 1256 672 1257 531 1257 673 1257 531 1258 595 1258 673 1258 673 1259 595 1259 596 1259 673 1260 596 1260 674 1260 674 1261 596 1261 597 1261 674 1262 597 1262 675 1262 675 1263 597 1263 598 1263 598 1264 599 1264 675 1264 675 1265 599 1265 600 1265 675 1266 600 1266 676 1266 600 1267 601 1267 676 1267 676 1268 601 1268 602 1268 676 1269 602 1269 677 1269 677 1270 602 1270 603 1270 677 1271 603 1271 678 1271 603 1272 604 1272 678 1272 678 1273 604 1273 605 1273 678 1274 605 1274 679 1274 605 1275 606 1275 679 1275 679 1276 606 1276 607 1276 679 1277 607 1277 680 1277 607 1278 608 1278 680 1278 680 1279 608 1279 609 1279 680 1280 609 1280 681 1280 681 1281 609 1281 610 1281 610 1282 611 1282 681 1282 681 1283 611 1283 612 1283 681 1284 612 1284 682 1284 682 1285 612 1285 613 1285 682 1286 613 1286 683 1286 683 1287 613 1287 614 1287 614 1288 615 1288 683 1288 683 1289 615 1289 616 1289 683 1290 616 1290 684 1290 616 1291 617 1291 684 1291 684 1292 617 1292 618 1292 684 1293 618 1293 685 1293 685 1294 618 1294 619 1294 685 1295 619 1295 686 1295 686 1296 619 1296 620 1296 620 1297 621 1297 686 1297 686 1298 621 1298 622 1298 686 1299 622 1299 687 1299 687 1300 622 1300 623 1300 687 1301 623 1301 688 1301 688 1302 623 1302 624 1302 624 1303 625 1303 688 1303 688 1304 625 1304 626 1304 688 1305 626 1305 689 1305 689 1306 626 1306 627 1306 689 1307 627 1307 690 1307 690 1308 627 1308 628 1308 628 1309 629 1309 690 1309 690 1310 629 1310 630 1310 690 1311 630 1311 691 1311 630 1312 631 1312 691 1312 691 1313 631 1313 632 1313 691 1314 632 1314 692 1314 632 1315 633 1315 692 1315 692 1316 633 1316 634 1316 692 1317 634 1317 693 1317 693 1318 634 1318 635 1318 693 1319 635 1319 694 1319 694 1320 635 1320 636 1320 636 1321 637 1321 694 1321 694 1322 637 1322 638 1322 694 1323 638 1323 695 1323 695 1324 638 1324 639 1324 695 1325 639 1325 696 1325 696 1326 639 1326 640 1326 640 1327 641 1327 696 1327 696 1328 641 1328 642 1328 696 1329 642 1329 697 1329 642 1330 643 1330 697 1330 697 1331 643 1331 644 1331 697 1332 644 1332 698 1332 698 1333 644 1333 645 1333 698 1334 645 1334 699 1334 699 1335 645 1335 646 1335 646 1336 647 1336 699 1336 699 1337 647 1337 648 1337 699 1338 648 1338 700 1338 648 1339 649 1339 700 1339 700 1340 649 1340 650 1340 700 1341 650 1341 701 1341 701 1342 650 1342 651 1342 701 1343 651 1343 702 1343 702 1344 651 1344 652 1344 652 1345 653 1345 702 1345 702 1346 653 1346 654 1346 702 1347 654 1347 703 1347 654 1348 655 1348 703 1348 703 1349 655 1349 656 1349 703 1350 656 1350 704 1350 704 1351 656 1351 657 1351 704 1352 657 1352 705 1352 705 1353 657 1353 658 1353 658 1354 659 1354 705 1354 705 1355 659 1355 660 1355 705 1356 660 1356 706 1356 660 1357 661 1357 706 1357 706 1358 661 1358 662 1358 706 1359 662 1359 707 1359 707 1360 662 1360 663 1360 707 1361 663 1361 708 1361 708 1362 663 1362 664 1362 664 1363 665 1363 708 1363 708 1364 665 1364 666 1364 708 1365 666 1365 709 1365 709 1366 666 1366 667 1366 709 1367 667 1367 710 1367 667 1368 668 1368 710 1368 710 1369 668 1369 669 1369 710 1370 669 1370 672 1370 672 1371 669 1371 670 1371 672 1372 670 1372 671 1372 709 1373 710 1373 711 1373 711 1374 710 1374 672 1374 711 1375 672 1375 673 1375 706 1376 707 1376 711 1376 711 1377 707 1377 708 1377 711 1378 708 1378 709 1378 703 1379 704 1379 711 1379 711 1380 704 1380 705 1380 711 1381 705 1381 706 1381 700 1382 701 1382 711 1382 711 1383 701 1383 702 1383 711 1384 702 1384 703 1384 697 1385 698 1385 711 1385 711 1386 698 1386 699 1386 711 1387 699 1387 700 1387 694 1388 695 1388 711 1388 711 1389 695 1389 696 1389 711 1390 696 1390 697 1390 691 1391 692 1391 711 1391 711 1392 692 1392 693 1392 711 1393 693 1393 694 1393 688 1394 689 1394 711 1394 711 1395 689 1395 690 1395 711 1396 690 1396 691 1396 685 1397 686 1397 711 1397 711 1398 686 1398 687 1398 711 1399 687 1399 688 1399 682 1400 683 1400 711 1400 711 1401 683 1401 684 1401 711 1402 684 1402 685 1402 679 1403 680 1403 711 1403 711 1404 680 1404 681 1404 711 1405 681 1405 682 1405 676 1406 677 1406 711 1406 711 1407 677 1407 678 1407 711 1408 678 1408 679 1408 673 1409 674 1409 711 1409 711 1410 674 1410 675 1410 711 1411 675 1411 676 1411 712 1412 713 1412 714 1412 712 1413 714 1413 715 1413 716 1414 717 1414 714 1414 714 1415 717 1415 718 1415 714 1416 718 1416 715 1416 719 1417 720 1417 714 1417 714 1418 720 1418 721 1418 714 1419 721 1419 716 1419 722 1420 723 1420 714 1420 714 1421 723 1421 724 1421 714 1422 724 1422 719 1422 725 1423 726 1423 714 1423 714 1424 726 1424 727 1424 714 1425 727 1425 722 1425 728 1426 729 1426 714 1426 714 1427 729 1427 730 1427 714 1428 730 1428 725 1428 731 1429 732 1429 714 1429 714 1430 732 1430 733 1430 714 1431 733 1431 728 1431 734 1432 735 1432 714 1432 714 1433 735 1433 736 1433 714 1434 736 1434 731 1434 713 1435 737 1435 714 1435 714 1436 737 1436 738 1436 714 1437 738 1437 734 1437 712 1438 739 1438 713 1438 713 1439 739 1439 740 1439 713 1440 740 1440 737 1440 737 1441 740 1441 741 1441 737 1442 741 1442 738 1442 738 1443 741 1443 742 1443 738 1444 742 1444 734 1444 734 1445 742 1445 743 1445 734 1446 743 1446 735 1446 735 1447 743 1447 744 1447 735 1448 744 1448 736 1448 736 1449 744 1449 745 1449 736 1450 745 1450 731 1450 731 1451 745 1451 746 1451 731 1452 746 1452 732 1452 732 1453 746 1453 747 1453 732 1454 747 1454 733 1454 733 1455 747 1455 748 1455 733 1456 748 1456 728 1456 728 1457 748 1457 749 1457 728 1458 749 1458 729 1458 729 1459 749 1459 750 1459 729 1460 750 1460 730 1460 730 1461 750 1461 751 1461 730 1462 751 1462 725 1462 725 1463 751 1463 752 1463 725 1464 752 1464 726 1464 726 1465 752 1465 753 1465 726 1466 753 1466 727 1466 727 1467 753 1467 754 1467 727 1468 754 1468 722 1468 722 1469 754 1469 755 1469 722 1470 755 1470 723 1470 723 1471 755 1471 756 1471 723 1472 756 1472 724 1472 724 1473 756 1473 757 1473 724 1474 757 1474 719 1474 719 1475 757 1475 758 1475 719 1476 758 1476 720 1476 720 1477 758 1477 759 1477 720 1478 759 1478 721 1478 721 1479 759 1479 760 1479 721 1480 760 1480 716 1480 716 1481 760 1481 761 1481 716 1482 761 1482 717 1482 717 1483 761 1483 762 1483 717 1484 762 1484 718 1484 718 1485 762 1485 763 1485 718 1486 763 1486 715 1486 715 1487 763 1487 764 1487 715 1488 764 1488 712 1488 712 1489 764 1489 739 1489 741 1490 765 1490 742 1490 742 1491 765 1491 766 1491 742 1492 766 1492 743 1492 743 1493 766 1493 767 1493 743 1494 767 1494 744 1494 744 1495 767 1495 768 1495 744 1496 768 1496 745 1496 745 1497 768 1497 769 1497 745 1498 769 1498 746 1498 746 1499 769 1499 770 1499 746 1500 770 1500 747 1500 747 1501 770 1501 771 1501 747 1502 771 1502 748 1502 748 1503 771 1503 772 1503 748 1504 772 1504 749 1504 749 1505 772 1505 773 1505 749 1506 773 1506 750 1506 750 1507 773 1507 774 1507 750 1508 774 1508 751 1508 751 1509 774 1509 775 1509 751 1510 775 1510 752 1510 752 1511 775 1511 776 1511 752 1512 776 1512 753 1512 753 1513 776 1513 777 1513 753 1514 777 1514 754 1514 754 1515 777 1515 778 1515 754 1516 778 1516 755 1516 755 1517 778 1517 779 1517 755 1518 779 1518 756 1518 756 1519 779 1519 780 1519 756 1520 780 1520 757 1520 757 1521 780 1521 781 1521 757 1522 781 1522 758 1522 758 1523 781 1523 782 1523 758 1524 782 1524 759 1524 759 1525 782 1525 783 1525 759 1526 783 1526 760 1526 760 1527 783 1527 784 1527 760 1528 784 1528 761 1528 761 1529 784 1529 785 1529 761 1530 785 1530 762 1530 762 1531 785 1531 786 1531 762 1532 786 1532 763 1532 763 1533 786 1533 787 1533 763 1534 787 1534 764 1534 764 1535 787 1535 788 1535 764 1536 788 1536 739 1536 739 1537 788 1537 789 1537 739 1538 789 1538 740 1538 740 1539 789 1539 790 1539 740 1540 790 1540 741 1540 741 1541 790 1541 765 1541 788 1542 791 1542 789 1542 789 1543 791 1543 792 1543 789 1544 792 1544 790 1544 790 1545 792 1545 793 1545 790 1546 793 1546 765 1546 765 1547 793 1547 794 1547 765 1548 794 1548 766 1548 766 1549 794 1549 795 1549 766 1550 795 1550 767 1550 767 1551 795 1551 796 1551 767 1552 796 1552 768 1552 768 1553 796 1553 797 1553 768 1554 797 1554 769 1554 769 1555 797 1555 798 1555 769 1556 798 1556 770 1556 770 1557 798 1557 799 1557 770 1558 799 1558 771 1558 771 1559 799 1559 800 1559 771 1560 800 1560 772 1560 772 1561 800 1561 801 1561 772 1562 801 1562 773 1562 773 1563 801 1563 802 1563 773 1564 802 1564 774 1564 774 1565 802 1565 803 1565 774 1566 803 1566 775 1566 775 1567 803 1567 804 1567 775 1568 804 1568 776 1568 776 1569 804 1569 805 1569 776 1570 805 1570 777 1570 777 1571 805 1571 806 1571 777 1572 806 1572 778 1572 778 1573 806 1573 807 1573 778 1574 807 1574 779 1574 779 1575 807 1575 808 1575 779 1576 808 1576 780 1576 780 1577 808 1577 809 1577 780 1578 809 1578 781 1578 781 1579 809 1579 810 1579 781 1580 810 1580 782 1580 782 1581 810 1581 811 1581 782 1582 811 1582 783 1582 783 1583 811 1583 812 1583 783 1584 812 1584 784 1584 784 1585 812 1585 813 1585 784 1586 813 1586 785 1586 785 1587 813 1587 814 1587 785 1588 814 1588 786 1588 786 1589 814 1589 815 1589 786 1590 815 1590 787 1590 787 1591 815 1591 816 1591 787 1592 816 1592 788 1592 788 1593 816 1593 791 1593 804 1594 817 1594 805 1594 805 1595 817 1595 818 1595 805 1596 818 1596 806 1596 806 1597 818 1597 819 1597 806 1598 819 1598 807 1598 807 1599 819 1599 820 1599 807 1600 820 1600 808 1600 808 1601 820 1601 821 1601 808 1602 821 1602 809 1602 809 1603 821 1603 822 1603 809 1604 822 1604 810 1604 810 1605 822 1605 823 1605 810 1606 823 1606 811 1606 811 1607 823 1607 824 1607 811 1608 824 1608 812 1608 812 1609 824 1609 825 1609 812 1610 825 1610 813 1610 795 1611 826 1611 796 1611 796 1612 826 1612 827 1612 796 1613 827 1613 797 1613 797 1614 827 1614 828 1614 797 1615 828 1615 798 1615 798 1616 828 1616 829 1616 798 1617 829 1617 799 1617 799 1618 829 1618 830 1618 799 1619 830 1619 800 1619 800 1620 830 1620 831 1620 800 1621 831 1621 801 1621 801 1622 831 1622 832 1622 801 1623 832 1623 802 1623 802 1624 832 1624 833 1624 802 1625 833 1625 803 1625 803 1626 833 1626 834 1626 803 1627 834 1627 804 1627 804 1628 834 1628 835 1628 804 1629 835 1629 817 1629 825 1630 836 1630 813 1630 813 1631 836 1631 837 1631 813 1632 837 1632 814 1632 814 1633 837 1633 838 1633 814 1634 838 1634 815 1634 815 1635 838 1635 839 1635 815 1636 839 1636 816 1636 816 1637 839 1637 840 1637 816 1638 840 1638 791 1638 791 1639 840 1639 841 1639 791 1640 841 1640 792 1640 792 1641 841 1641 842 1641 792 1642 842 1642 793 1642 793 1643 842 1643 843 1643 793 1644 843 1644 794 1644 794 1645 843 1645 844 1645 794 1646 844 1646 795 1646 795 1647 844 1647 845 1647 795 1648 845 1648 826 1648 841 1649 846 1649 842 1649 842 1650 846 1650 847 1650 842 1651 847 1651 843 1651 843 1652 847 1652 848 1652 843 1653 848 1653 844 1653 844 1654 848 1654 849 1654 844 1655 849 1655 845 1655 845 1656 849 1656 850 1656 845 1657 850 1657 826 1657 826 1658 850 1658 851 1658 826 1659 851 1659 827 1659 827 1660 851 1660 852 1660 827 1661 852 1661 828 1661 828 1662 852 1662 853 1662 828 1663 853 1663 829 1663 829 1664 853 1664 854 1664 829 1665 854 1665 830 1665 830 1666 854 1666 855 1666 830 1667 855 1667 831 1667 831 1668 855 1668 856 1668 831 1669 856 1669 832 1669 832 1670 856 1670 857 1670 832 1671 857 1671 833 1671 833 1672 857 1672 858 1672 833 1673 858 1673 834 1673 834 1674 858 1674 859 1674 834 1675 859 1675 835 1675 835 1676 859 1676 860 1676 835 1677 860 1677 817 1677 817 1678 860 1678 861 1678 817 1679 861 1679 818 1679 818 1680 861 1680 862 1680 818 1681 862 1681 819 1681 819 1682 862 1682 863 1682 819 1683 863 1683 820 1683 820 1684 863 1684 864 1684 820 1685 864 1685 821 1685 821 1686 864 1686 865 1686 821 1687 865 1687 822 1687 822 1688 865 1688 866 1688 822 1689 866 1689 823 1689 823 1690 866 1690 867 1690 823 1691 867 1691 824 1691 824 1692 867 1692 868 1692 824 1693 868 1693 825 1693 825 1694 868 1694 869 1694 825 1695 869 1695 836 1695 836 1696 869 1696 870 1696 836 1697 870 1697 837 1697 837 1698 870 1698 871 1698 837 1699 871 1699 838 1699 838 1700 871 1700 872 1700 838 1701 872 1701 839 1701 839 1702 872 1702 873 1702 839 1703 873 1703 840 1703 840 1704 873 1704 874 1704 840 1705 874 1705 841 1705 841 1706 874 1706 846 1706 858 1707 875 1707 859 1707 859 1708 875 1708 876 1708 859 1709 876 1709 860 1709 860 1710 876 1710 877 1710 860 1711 877 1711 861 1711 861 1712 877 1712 878 1712 861 1713 878 1713 862 1713 862 1714 878 1714 879 1714 862 1715 879 1715 863 1715 863 1716 879 1716 880 1716 863 1717 880 1717 864 1717 864 1718 880 1718 881 1718 864 1719 881 1719 865 1719 865 1720 881 1720 882 1720 865 1721 882 1721 866 1721 866 1722 882 1722 883 1722 866 1723 883 1723 867 1723 867 1724 883 1724 884 1724 867 1725 884 1725 868 1725 868 1726 884 1726 885 1726 868 1727 885 1727 869 1727 869 1728 885 1728 886 1728 869 1729 886 1729 870 1729 870 1730 886 1730 887 1730 870 1731 887 1731 871 1731 871 1732 887 1732 888 1732 871 1733 888 1733 872 1733 872 1734 888 1734 889 1734 872 1735 889 1735 873 1735 873 1736 889 1736 890 1736 873 1737 890 1737 874 1737 874 1738 890 1738 891 1738 874 1739 891 1739 846 1739 846 1740 891 1740 892 1740 846 1741 892 1741 847 1741 847 1742 892 1742 893 1742 847 1743 893 1743 848 1743 848 1744 893 1744 894 1744 848 1745 894 1745 849 1745 849 1746 894 1746 895 1746 849 1747 895 1747 850 1747 850 1748 895 1748 896 1748 850 1749 896 1749 851 1749 851 1750 896 1750 897 1750 851 1751 897 1751 852 1751 852 1752 897 1752 898 1752 852 1753 898 1753 853 1753 853 1754 898 1754 899 1754 853 1755 899 1755 854 1755 854 1756 899 1756 900 1756 854 1757 900 1757 855 1757 855 1758 900 1758 901 1758 855 1759 901 1759 856 1759 856 1760 901 1760 902 1760 856 1761 902 1761 857 1761 857 1762 902 1762 903 1762 857 1763 903 1763 858 1763 858 1764 903 1764 875 1764 891 1765 904 1765 892 1765 892 1766 904 1766 905 1766 892 1767 905 1767 893 1767 893 1768 905 1768 906 1768 893 1769 906 1769 894 1769 894 1770 906 1770 907 1770 894 1771 907 1771 895 1771 895 1772 907 1772 908 1772 895 1773 908 1773 896 1773 896 1774 908 1774 909 1774 896 1775 909 1775 897 1775 897 1776 909 1776 910 1776 897 1777 910 1777 898 1777 898 1778 910 1778 911 1778 898 1779 911 1779 899 1779 899 1780 911 1780 912 1780 899 1781 912 1781 900 1781 900 1782 912 1782 913 1782 900 1783 913 1783 901 1783 901 1784 913 1784 914 1784 901 1785 914 1785 902 1785 902 1786 914 1786 915 1786 902 1787 915 1787 903 1787 903 1788 915 1788 916 1788 903 1789 916 1789 875 1789 875 1790 916 1790 917 1790 875 1791 917 1791 876 1791 876 1792 917 1792 918 1792 876 1793 918 1793 877 1793 877 1794 918 1794 919 1794 877 1795 919 1795 878 1795 878 1796 919 1796 920 1796 878 1797 920 1797 879 1797 879 1798 920 1798 921 1798 879 1799 921 1799 880 1799 880 1800 921 1800 922 1800 880 1801 922 1801 881 1801 881 1802 922 1802 923 1802 881 1803 923 1803 882 1803 882 1804 923 1804 924 1804 882 1805 924 1805 883 1805 883 1806 924 1806 925 1806 883 1807 925 1807 884 1807 884 1808 925 1808 926 1808 884 1809 926 1809 885 1809 885 1810 926 1810 927 1810 885 1811 927 1811 886 1811 886 1812 927 1812 928 1812 886 1813 928 1813 887 1813 887 1814 928 1814 929 1814 887 1815 929 1815 888 1815 888 1816 929 1816 930 1816 888 1817 930 1817 889 1817 889 1818 930 1818 931 1818 889 1819 931 1819 890 1819 890 1820 931 1820 932 1820 890 1821 932 1821 891 1821 891 1822 932 1822 904 1822 933 1823 934 1823 935 1823 935 1824 934 1824 936 1824 935 1825 936 1825 937 1825 938 1826 939 1826 940 1826 940 1827 941 1827 938 1827 938 1828 941 1828 942 1828 938 1829 942 1829 943 1829 939 1830 938 1830 944 1830 939 1831 944 1831 945 1831 945 1832 944 1832 946 1832 945 1833 946 1833 947 1833 947 1834 946 1834 948 1834 947 1835 948 1835 949 1835 949 1836 948 1836 950 1836 949 1837 950 1837 951 1837 951 1838 950 1838 952 1838 952 1839 950 1839 953 1839 952 1840 953 1840 954 1840 954 1841 953 1841 955 1841 955 1842 953 1842 956 1842 955 1843 956 1843 957 1843 957 1844 956 1844 958 1844 957 1845 958 1845 959 1845 959 1846 958 1846 960 1846 959 1847 960 1847 961 1847 961 1848 960 1848 962 1848 961 1849 962 1849 963 1849 962 1850 964 1850 965 1850 963 1851 962 1851 966 1851 966 1852 962 1852 965 1852 966 1853 965 1853 967 1853 968 1854 969 1854 970 1854 970 1855 971 1855 968 1855 968 1856 971 1856 972 1856 968 1857 972 1857 973 1857 969 1858 968 1858 974 1858 969 1859 974 1859 975 1859 975 1860 974 1860 976 1860 975 1861 976 1861 977 1861 977 1862 976 1862 978 1862 977 1863 978 1863 979 1863 979 1864 978 1864 980 1864 979 1865 980 1865 981 1865 981 1866 980 1866 982 1866 982 1867 980 1867 983 1867 982 1868 983 1868 984 1868 984 1869 983 1869 985 1869 985 1870 983 1870 986 1870 985 1871 986 1871 987 1871 987 1872 986 1872 988 1872 987 1873 988 1873 989 1873 989 1874 988 1874 990 1874 989 1875 990 1875 991 1875 991 1876 990 1876 935 1876 991 1877 935 1877 937 1877 928 1878 992 1878 929 1878 929 1879 992 1879 993 1879 929 1880 993 1880 930 1880 930 1881 993 1881 994 1881 930 1882 994 1882 931 1882 924 1883 995 1883 925 1883 925 1884 995 1884 996 1884 925 1885 996 1885 926 1885 926 1886 996 1886 997 1886 926 1887 997 1887 927 1887 927 1888 997 1888 998 1888 927 1889 998 1889 928 1889 928 1890 998 1890 999 1890 928 1891 999 1891 992 1891 906 1892 1000 1892 907 1892 907 1893 1000 1893 1001 1893 907 1894 1001 1894 908 1894 908 1895 1001 1895 1002 1895 908 1896 1002 1896 909 1896 994 1897 1003 1897 931 1897 931 1898 1003 1898 1004 1898 931 1899 1004 1899 932 1899 932 1900 1004 1900 1005 1900 932 1901 1005 1901 904 1901 904 1902 1005 1902 1006 1902 904 1903 1006 1903 905 1903 905 1904 1006 1904 1007 1904 905 1905 1007 1905 906 1905 906 1906 1007 1906 1008 1906 906 1907 1008 1907 1000 1907 922 1908 1009 1908 923 1908 923 1909 1009 1909 1010 1909 923 1910 1010 1910 924 1910 924 1911 1010 1911 1011 1911 924 1912 1011 1912 995 1912 1002 1913 1012 1913 909 1913 909 1914 1012 1914 1013 1914 909 1915 1013 1915 910 1915 910 1916 1013 1916 1014 1916 910 1917 1014 1917 911 1917 911 1918 1014 1918 1015 1918 911 1919 1015 1919 912 1919 1015 1920 1016 1920 912 1920 912 1921 1016 1921 1017 1921 912 1922 1017 1922 913 1922 913 1923 1017 1923 1018 1923 913 1924 1018 1924 914 1924 914 1925 1018 1925 1019 1925 914 1926 1019 1926 915 1926 918 1927 1020 1927 919 1927 919 1928 1020 1928 1021 1928 919 1929 1021 1929 920 1929 920 1930 1021 1930 1022 1930 920 1931 1022 1931 921 1931 921 1932 1022 1932 1023 1932 921 1933 1023 1933 922 1933 922 1934 1023 1934 1024 1934 922 1935 1024 1935 1009 1935 1019 1936 1025 1936 915 1936 915 1937 1025 1937 1026 1937 915 1938 1026 1938 916 1938 916 1939 1026 1939 1027 1939 916 1940 1027 1940 917 1940 917 1941 1027 1941 1028 1941 917 1942 1028 1942 918 1942 918 1943 1028 1943 1029 1943 918 1944 1029 1944 1020 1944 983 1945 1030 1945 933 1945 978 1946 976 1946 980 1946 980 1947 976 1947 974 1947 980 1948 974 1948 968 1948 1030 1949 983 1949 1031 1949 1031 1950 983 1950 980 1950 1031 1951 980 1951 1032 1951 1032 1952 980 1952 968 1952 1032 1953 968 1953 973 1953 988 1954 986 1954 990 1954 990 1955 986 1955 983 1955 990 1956 983 1956 935 1956 935 1957 983 1957 933 1957 953 1958 1033 1958 964 1958 948 1959 946 1959 950 1959 950 1960 946 1960 944 1960 950 1961 944 1961 938 1961 1033 1962 953 1962 1034 1962 1034 1963 953 1963 950 1963 1034 1964 950 1964 1035 1964 1035 1965 950 1965 938 1965 1035 1966 938 1966 943 1966 958 1967 956 1967 960 1967 960 1968 956 1968 953 1968 960 1969 953 1969 962 1969 962 1970 953 1970 964 1970 984 1971 1016 1971 1015 1971 954 1972 997 1972 996 1972 975 1973 977 1973 1014 1973 975 1974 1014 1974 969 1974 997 1975 954 1975 998 1975 954 1976 955 1976 998 1976 998 1977 955 1977 957 1977 998 1978 957 1978 959 1978 963 1979 966 1979 1036 1979 1036 1980 1037 1980 963 1980 963 1981 1037 1981 998 1981 963 1982 998 1982 961 1982 961 1983 998 1983 959 1983 945 1984 947 1984 995 1984 945 1985 995 1985 939 1985 947 1986 949 1986 995 1986 995 1987 949 1987 951 1987 995 1988 951 1988 996 1988 996 1989 951 1989 952 1989 996 1990 952 1990 954 1990 1016 1991 984 1991 1017 1991 984 1992 985 1992 1017 1992 1017 1993 985 1993 987 1993 1017 1994 987 1994 989 1994 937 1995 936 1995 1038 1995 1038 1996 1039 1996 937 1996 937 1997 1039 1997 1017 1997 937 1998 1017 1998 991 1998 991 1999 1017 1999 989 1999 977 2000 979 2000 1014 2000 1014 2001 979 2001 981 2001 1014 2002 981 2002 1015 2002 1015 2003 981 2003 982 2003 1015 2004 982 2004 984 2004 1040 2005 1021 2005 1041 2005 1041 2006 1021 2006 1020 2006 1041 2007 1020 2007 1042 2007 1042 2008 1020 2008 1043 2008 1044 2009 1022 2009 1045 2009 1045 2010 1022 2010 1021 2010 1045 2011 1021 2011 1046 2011 1046 2012 1021 2012 1040 2012 1047 2013 1023 2013 1048 2013 1048 2014 1023 2014 1022 2014 1048 2015 1022 2015 1049 2015 1049 2016 1022 2016 1044 2016 1050 2017 1024 2017 1051 2017 1051 2018 1024 2018 1023 2018 1051 2019 1023 2019 1052 2019 1052 2020 1023 2020 1047 2020 1053 2021 1009 2021 1054 2021 1054 2022 1009 2022 1024 2022 1054 2023 1024 2023 1055 2023 1055 2024 1024 2024 1050 2024 1056 2025 1010 2025 1057 2025 1057 2026 1010 2026 1009 2026 1057 2027 1009 2027 1058 2027 1058 2028 1009 2028 1053 2028 1059 2029 1011 2029 1060 2029 1060 2030 1011 2030 1010 2030 1060 2031 1010 2031 1061 2031 1061 2032 1010 2032 1056 2032 1059 2033 1062 2033 1011 2033 1011 2034 1062 2034 1063 2034 1011 2035 1063 2035 995 2035 995 2036 1063 2036 1064 2036 995 2037 1064 2037 939 2037 939 2038 1064 2038 1065 2038 939 2039 1065 2039 940 2039 1066 2040 999 2040 1067 2040 1067 2041 999 2041 998 2041 1067 2042 998 2042 1068 2042 1068 2043 998 2043 1037 2043 1069 2044 992 2044 1070 2044 1070 2045 992 2045 999 2045 1070 2046 999 2046 1071 2046 1071 2047 999 2047 1066 2047 1072 2048 993 2048 1073 2048 1073 2049 993 2049 992 2049 1073 2050 992 2050 1074 2050 1074 2051 992 2051 1069 2051 1075 2052 994 2052 1076 2052 1076 2053 994 2053 993 2053 1076 2054 993 2054 1077 2054 1077 2055 993 2055 1072 2055 1078 2056 1003 2056 1079 2056 1079 2057 1003 2057 994 2057 1079 2058 994 2058 1080 2058 1080 2059 994 2059 1075 2059 1081 2060 1004 2060 1082 2060 1082 2061 1004 2061 1003 2061 1082 2062 1003 2062 1083 2062 1083 2063 1003 2063 1078 2063 1084 2064 1005 2064 1085 2064 1085 2065 1005 2065 1004 2065 1085 2066 1004 2066 1086 2066 1086 2067 1004 2067 1081 2067 1084 2068 1087 2068 1005 2068 1005 2069 1087 2069 1088 2069 1005 2070 1088 2070 1006 2070 1006 2071 1088 2071 1089 2071 1006 2072 1089 2072 1090 2072 1091 2073 1007 2073 1092 2073 1092 2074 1007 2074 1006 2074 1092 2075 1006 2075 1093 2075 1093 2076 1006 2076 1090 2076 1094 2077 1008 2077 1095 2077 1095 2078 1008 2078 1007 2078 1095 2079 1007 2079 1096 2079 1096 2080 1007 2080 1091 2080 1097 2081 1000 2081 1098 2081 1098 2082 1000 2082 1008 2082 1098 2083 1008 2083 1099 2083 1099 2084 1008 2084 1094 2084 1100 2085 1001 2085 1101 2085 1101 2086 1001 2086 1000 2086 1101 2087 1000 2087 1102 2087 1102 2088 1000 2088 1097 2088 1103 2089 1002 2089 1104 2089 1104 2090 1002 2090 1001 2090 1104 2091 1001 2091 1105 2091 1105 2092 1001 2092 1100 2092 1106 2093 1012 2093 1107 2093 1107 2094 1012 2094 1002 2094 1107 2095 1002 2095 1108 2095 1108 2096 1002 2096 1103 2096 1109 2097 1013 2097 1110 2097 1110 2098 1013 2098 1012 2098 1110 2099 1012 2099 1111 2099 1111 2100 1012 2100 1106 2100 1109 2101 1112 2101 1013 2101 1013 2102 1112 2102 1113 2102 1013 2103 1113 2103 1014 2103 1014 2104 1113 2104 1114 2104 1014 2105 1114 2105 969 2105 969 2106 1114 2106 1115 2106 969 2107 1115 2107 970 2107 1116 2108 1018 2108 1117 2108 1117 2109 1018 2109 1017 2109 1117 2110 1017 2110 1118 2110 1118 2111 1017 2111 1039 2111 1119 2112 1019 2112 1120 2112 1120 2113 1019 2113 1018 2113 1120 2114 1018 2114 1121 2114 1121 2115 1018 2115 1116 2115 1122 2116 1025 2116 1123 2116 1123 2117 1025 2117 1019 2117 1123 2118 1019 2118 1124 2118 1124 2119 1019 2119 1119 2119 1125 2120 1026 2120 1126 2120 1126 2121 1026 2121 1025 2121 1126 2122 1025 2122 1127 2122 1127 2123 1025 2123 1122 2123 1128 2124 1027 2124 1129 2124 1129 2125 1027 2125 1026 2125 1129 2126 1026 2126 1130 2126 1130 2127 1026 2127 1125 2127 1131 2128 1028 2128 1132 2128 1132 2129 1028 2129 1027 2129 1132 2130 1027 2130 1133 2130 1133 2131 1027 2131 1128 2131 1134 2132 1029 2132 1135 2132 1135 2133 1029 2133 1028 2133 1135 2134 1028 2134 1136 2134 1136 2135 1028 2135 1131 2135 1134 2136 1137 2136 1029 2136 1029 2137 1137 2137 1138 2137 1029 2138 1138 2138 1020 2138 1020 2139 1138 2139 1139 2139 1020 2140 1139 2140 1043 2140 1112 2141 1140 2141 1141 2141 1108 2142 1142 2142 1143 2142 1102 2143 1144 2143 1145 2143 1096 2144 1146 2144 1147 2144 1062 2145 1148 2145 1149 2145 1058 2146 1150 2146 1151 2146 1052 2147 1152 2147 1153 2147 941 2148 940 2148 1065 2148 971 2149 970 2149 1115 2149 967 2150 965 2150 1154 2150 1155 2151 1034 2151 1156 2151 1156 2152 1034 2152 1035 2152 1156 2153 1035 2153 1157 2153 1157 2154 1035 2154 943 2154 1157 2155 943 2155 1158 2155 1159 2156 964 2156 1155 2156 1155 2157 964 2157 1033 2157 1155 2158 1033 2158 1034 2158 1036 2159 966 2159 967 2159 973 2160 972 2160 1160 2160 1160 2161 972 2161 971 2161 1161 2162 1031 2162 1162 2162 1162 2163 1031 2163 1032 2163 1162 2164 1032 2164 1163 2164 1163 2165 1032 2165 973 2165 1163 2166 973 2166 1164 2166 1165 2167 933 2167 1161 2167 1161 2168 933 2168 1030 2168 1161 2169 1030 2169 1031 2169 936 2170 934 2170 1038 2170 1038 2171 934 2171 1166 2171 1038 2172 1166 2172 1167 2172 943 2173 942 2173 1168 2173 1168 2174 942 2174 941 2174 1040 2175 1169 2175 1046 2175 1046 2176 1169 2176 1170 2176 1046 2177 1170 2177 1171 2177 1049 2178 1044 2178 1171 2178 1171 2179 1044 2179 1045 2179 1171 2180 1045 2180 1046 2180 1171 2181 1172 2181 1049 2181 1049 2182 1172 2182 1173 2182 1049 2183 1173 2183 1048 2183 1152 2184 1052 2184 1173 2184 1173 2185 1052 2185 1047 2185 1173 2186 1047 2186 1048 2186 1055 2187 1050 2187 1153 2187 1153 2188 1050 2188 1051 2188 1153 2189 1051 2189 1052 2189 1153 2190 1174 2190 1055 2190 1055 2191 1174 2191 1175 2191 1055 2192 1175 2192 1054 2192 1150 2193 1058 2193 1175 2193 1175 2194 1058 2194 1053 2194 1175 2195 1053 2195 1054 2195 1061 2196 1056 2196 1151 2196 1151 2197 1056 2197 1057 2197 1151 2198 1057 2198 1058 2198 1151 2199 1176 2199 1061 2199 1061 2200 1176 2200 1177 2200 1061 2201 1177 2201 1060 2201 1148 2202 1062 2202 1177 2202 1177 2203 1062 2203 1059 2203 1177 2204 1059 2204 1060 2204 941 2205 1065 2205 1168 2205 1168 2206 1065 2206 1064 2206 1168 2207 1064 2207 1149 2207 1149 2208 1064 2208 1063 2208 1149 2209 1063 2209 1062 2209 967 2210 1154 2210 1036 2210 1036 2211 1154 2211 1178 2211 1036 2212 1178 2212 1037 2212 1037 2213 1178 2213 1068 2213 1068 2214 1178 2214 1179 2214 1068 2215 1179 2215 1067 2215 1067 2216 1179 2216 1180 2216 1067 2217 1180 2217 1066 2217 1066 2218 1180 2218 1071 2218 1071 2219 1180 2219 1181 2219 1071 2220 1181 2220 1070 2220 1070 2221 1181 2221 1182 2221 1070 2222 1182 2222 1069 2222 1069 2223 1182 2223 1074 2223 1074 2224 1182 2224 1183 2224 1074 2225 1183 2225 1073 2225 1073 2226 1183 2226 1184 2226 1073 2227 1184 2227 1072 2227 1072 2228 1184 2228 1077 2228 1077 2229 1184 2229 1185 2229 1077 2230 1185 2230 1076 2230 1076 2231 1185 2231 1186 2231 1076 2232 1186 2232 1075 2232 1075 2233 1186 2233 1080 2233 1080 2234 1186 2234 1187 2234 1080 2235 1187 2235 1079 2235 1079 2236 1187 2236 1188 2236 1079 2237 1188 2237 1078 2237 1078 2238 1188 2238 1083 2238 1083 2239 1188 2239 1189 2239 1083 2240 1189 2240 1082 2240 1082 2241 1189 2241 1190 2241 1082 2242 1190 2242 1081 2242 1081 2243 1190 2243 1086 2243 1086 2244 1190 2244 1191 2244 1086 2245 1191 2245 1085 2245 1085 2246 1191 2246 1192 2246 1085 2247 1192 2247 1084 2247 1084 2248 1192 2248 1087 2248 1087 2249 1192 2249 1193 2249 1087 2250 1193 2250 1088 2250 1088 2251 1193 2251 1194 2251 1088 2252 1194 2252 1089 2252 1089 2253 1194 2253 1195 2253 1089 2254 1195 2254 1090 2254 1090 2255 1195 2255 1196 2255 1090 2256 1196 2256 1093 2256 1093 2257 1196 2257 1197 2257 1093 2258 1197 2258 1092 2258 1146 2259 1096 2259 1197 2259 1197 2260 1096 2260 1091 2260 1197 2261 1091 2261 1092 2261 1099 2262 1094 2262 1147 2262 1147 2263 1094 2263 1095 2263 1147 2264 1095 2264 1096 2264 1147 2265 1198 2265 1099 2265 1099 2266 1198 2266 1199 2266 1099 2267 1199 2267 1098 2267 1144 2268 1102 2268 1199 2268 1199 2269 1102 2269 1097 2269 1199 2270 1097 2270 1098 2270 1105 2271 1100 2271 1145 2271 1145 2272 1100 2272 1101 2272 1145 2273 1101 2273 1102 2273 1145 2274 1200 2274 1105 2274 1105 2275 1200 2275 1201 2275 1105 2276 1201 2276 1104 2276 1142 2277 1108 2277 1201 2277 1201 2278 1108 2278 1103 2278 1201 2279 1103 2279 1104 2279 1111 2280 1106 2280 1143 2280 1143 2281 1106 2281 1107 2281 1143 2282 1107 2282 1108 2282 1143 2283 1202 2283 1111 2283 1111 2284 1202 2284 1203 2284 1111 2285 1203 2285 1110 2285 1140 2286 1112 2286 1203 2286 1203 2287 1112 2287 1109 2287 1203 2288 1109 2288 1110 2288 973 2289 1160 2289 1164 2289 1164 2290 1160 2290 1141 2290 1164 2291 1141 2291 1204 2291 1204 2292 1141 2292 1140 2292 1204 2293 1140 2293 1205 2293 1205 2294 1140 2294 1203 2294 1205 2295 1203 2295 1206 2295 1206 2296 1203 2296 1202 2296 1206 2297 1202 2297 1207 2297 1207 2298 1202 2298 1143 2298 1207 2299 1143 2299 1208 2299 1208 2300 1143 2300 1142 2300 1208 2301 1142 2301 1209 2301 1209 2302 1142 2302 1201 2302 1209 2303 1201 2303 1210 2303 1210 2304 1201 2304 1200 2304 1210 2305 1200 2305 1211 2305 1211 2306 1200 2306 1145 2306 1211 2307 1145 2307 1212 2307 1212 2308 1145 2308 1144 2308 1212 2309 1144 2309 1213 2309 1213 2310 1144 2310 1199 2310 1213 2311 1199 2311 1214 2311 1214 2312 1199 2312 1198 2312 1214 2313 1198 2313 1215 2313 1215 2314 1198 2314 1147 2314 1215 2315 1147 2315 1216 2315 1216 2316 1147 2316 1146 2316 1216 2317 1146 2317 1217 2317 1217 2318 1146 2318 1197 2318 1217 2319 1197 2319 1218 2319 1218 2320 1197 2320 1196 2320 1218 2321 1196 2321 1219 2321 1219 2322 1196 2322 1195 2322 1219 2323 1195 2323 1220 2323 1220 2324 1195 2324 1194 2324 1220 2325 1194 2325 1221 2325 1221 2326 1194 2326 1193 2326 1221 2327 1193 2327 1222 2327 1222 2328 1193 2328 1192 2328 1222 2329 1192 2329 1223 2329 1223 2330 1192 2330 1191 2330 1223 2331 1191 2331 1224 2331 1224 2332 1191 2332 1190 2332 1224 2333 1190 2333 1225 2333 1225 2334 1190 2334 1189 2334 1225 2335 1189 2335 1226 2335 1226 2336 1189 2336 1188 2336 1226 2337 1188 2337 1227 2337 1227 2338 1188 2338 1187 2338 1227 2339 1187 2339 1228 2339 1228 2340 1187 2340 1186 2340 1228 2341 1186 2341 1229 2341 1229 2342 1186 2342 1185 2342 1229 2343 1185 2343 1230 2343 1230 2344 1185 2344 1184 2344 1230 2345 1184 2345 1231 2345 1231 2346 1184 2346 1183 2346 1231 2347 1183 2347 1232 2347 1232 2348 1183 2348 1182 2348 1232 2349 1182 2349 1233 2349 1233 2350 1182 2350 1181 2350 1233 2351 1181 2351 1234 2351 1234 2352 1181 2352 1180 2352 1234 2353 1180 2353 1235 2353 1235 2354 1180 2354 1179 2354 1235 2355 1179 2355 1236 2355 1236 2356 1179 2356 1178 2356 1236 2357 1178 2357 1237 2357 1237 2358 1178 2358 1154 2358 1237 2359 1154 2359 1159 2359 1159 2360 1154 2360 965 2360 1159 2361 965 2361 964 2361 971 2362 1115 2362 1160 2362 1160 2363 1115 2363 1114 2363 1160 2364 1114 2364 1141 2364 1141 2365 1114 2365 1113 2365 1141 2366 1113 2366 1112 2366 1238 2367 1117 2367 1239 2367 1239 2368 1117 2368 1118 2368 1239 2369 1118 2369 1167 2369 1167 2370 1118 2370 1039 2370 1167 2371 1039 2371 1038 2371 1240 2372 1120 2372 1241 2372 1241 2373 1120 2373 1121 2373 1241 2374 1121 2374 1238 2374 1238 2375 1121 2375 1116 2375 1238 2376 1116 2376 1117 2376 1242 2377 1123 2377 1243 2377 1243 2378 1123 2378 1124 2378 1243 2379 1124 2379 1240 2379 1240 2380 1124 2380 1119 2380 1240 2381 1119 2381 1120 2381 1244 2382 1126 2382 1245 2382 1245 2383 1126 2383 1127 2383 1245 2384 1127 2384 1242 2384 1242 2385 1127 2385 1122 2385 1242 2386 1122 2386 1123 2386 1246 2387 1129 2387 1247 2387 1247 2388 1129 2388 1130 2388 1247 2389 1130 2389 1244 2389 1244 2390 1130 2390 1125 2390 1244 2391 1125 2391 1126 2391 1248 2392 1132 2392 1249 2392 1249 2393 1132 2393 1133 2393 1249 2394 1133 2394 1246 2394 1246 2395 1133 2395 1128 2395 1246 2396 1128 2396 1129 2396 1250 2397 1135 2397 1251 2397 1251 2398 1135 2398 1136 2398 1251 2399 1136 2399 1248 2399 1248 2400 1136 2400 1131 2400 1248 2401 1131 2401 1132 2401 1252 2402 1253 2402 1161 2402 1161 2403 1253 2403 1254 2403 1161 2404 1254 2404 1165 2404 1165 2405 1254 2405 1255 2405 1165 2406 1255 2406 1256 2406 1256 2407 1255 2407 1257 2407 1256 2408 1257 2408 1258 2408 1258 2409 1257 2409 1259 2409 1258 2410 1259 2410 1260 2410 1260 2411 1259 2411 1261 2411 1260 2412 1261 2412 1262 2412 1262 2413 1261 2413 1263 2413 1262 2414 1263 2414 1264 2414 1264 2415 1263 2415 1265 2415 1264 2416 1265 2416 1266 2416 1266 2417 1265 2417 1267 2417 1266 2418 1267 2418 1268 2418 1268 2419 1267 2419 1269 2419 1268 2420 1269 2420 1270 2420 1270 2421 1269 2421 1271 2421 1270 2422 1271 2422 1272 2422 1272 2423 1271 2423 1273 2423 1272 2424 1273 2424 1274 2424 1274 2425 1273 2425 1275 2425 1274 2426 1275 2426 1276 2426 1276 2427 1275 2427 1277 2427 1276 2428 1277 2428 1278 2428 1278 2429 1277 2429 1279 2429 1278 2430 1279 2430 1280 2430 1280 2431 1279 2431 1281 2431 1280 2432 1281 2432 1282 2432 1282 2433 1281 2433 1283 2433 1282 2434 1283 2434 1284 2434 1284 2435 1283 2435 1285 2435 1284 2436 1285 2436 1286 2436 1286 2437 1285 2437 1287 2437 1286 2438 1287 2438 1288 2438 1288 2439 1287 2439 1289 2439 1288 2440 1289 2440 1290 2440 1290 2441 1289 2441 1291 2441 1290 2442 1291 2442 1292 2442 1292 2443 1291 2443 1293 2443 1292 2444 1293 2444 1294 2444 1294 2445 1293 2445 1295 2445 1294 2446 1295 2446 1296 2446 1296 2447 1295 2447 1297 2447 1296 2448 1297 2448 1298 2448 1298 2449 1297 2449 1299 2449 1298 2450 1299 2450 1300 2450 1300 2451 1299 2451 1301 2451 1300 2452 1301 2452 1302 2452 1302 2453 1301 2453 1303 2453 1302 2454 1303 2454 1304 2454 1304 2455 1303 2455 1305 2455 1304 2456 1305 2456 1306 2456 1306 2457 1305 2457 1307 2457 1306 2458 1307 2458 1308 2458 1308 2459 1307 2459 1309 2459 1308 2460 1309 2460 1310 2460 1310 2461 1309 2461 1311 2461 1310 2462 1311 2462 1312 2462 1312 2463 1311 2463 1313 2463 1312 2464 1313 2464 1314 2464 1314 2465 1313 2465 1315 2465 1314 2466 1315 2466 1316 2466 1316 2467 1315 2467 1317 2467 1316 2468 1317 2468 1318 2468 1318 2469 1317 2469 1319 2469 1318 2470 1319 2470 1320 2470 1320 2471 1319 2471 1321 2471 1320 2472 1321 2472 1322 2472 1322 2473 1321 2473 1323 2473 1322 2474 1323 2474 1158 2474 1158 2475 1323 2475 1324 2475 1158 2476 1324 2476 1157 2476 1157 2477 1324 2477 1325 2477 1157 2478 1325 2478 1156 2478 1156 2479 1325 2479 1326 2479 1156 2480 1326 2480 1155 2480 1155 2481 1326 2481 1327 2481 1155 2482 1327 2482 1159 2482 1159 2483 1327 2483 1328 2483 1159 2484 1328 2484 1237 2484 1237 2485 1328 2485 1329 2485 1237 2486 1329 2486 1236 2486 1236 2487 1329 2487 1330 2487 1236 2488 1330 2488 1235 2488 1235 2489 1330 2489 1331 2489 1235 2490 1331 2490 1234 2490 1234 2491 1331 2491 1332 2491 1234 2492 1332 2492 1233 2492 1233 2493 1332 2493 1333 2493 1233 2494 1333 2494 1232 2494 1232 2495 1333 2495 1334 2495 1232 2496 1334 2496 1231 2496 1231 2497 1334 2497 1335 2497 1231 2498 1335 2498 1230 2498 1230 2499 1335 2499 1336 2499 1230 2500 1336 2500 1229 2500 1229 2501 1336 2501 1337 2501 1229 2502 1337 2502 1228 2502 1228 2503 1337 2503 1338 2503 1228 2504 1338 2504 1227 2504 1227 2505 1338 2505 1339 2505 1227 2506 1339 2506 1226 2506 1226 2507 1339 2507 1340 2507 1226 2508 1340 2508 1225 2508 1225 2509 1340 2509 1341 2509 1225 2510 1341 2510 1224 2510 1224 2511 1341 2511 1342 2511 1224 2512 1342 2512 1223 2512 1223 2513 1342 2513 1343 2513 1223 2514 1343 2514 1222 2514 1222 2515 1343 2515 1344 2515 1222 2516 1344 2516 1221 2516 1221 2517 1344 2517 1345 2517 1221 2518 1345 2518 1220 2518 1220 2519 1345 2519 1346 2519 1220 2520 1346 2520 1219 2520 1219 2521 1346 2521 1347 2521 1219 2522 1347 2522 1218 2522 1218 2523 1347 2523 1348 2523 1218 2524 1348 2524 1217 2524 1217 2525 1348 2525 1349 2525 1217 2526 1349 2526 1216 2526 1216 2527 1349 2527 1350 2527 1216 2528 1350 2528 1215 2528 1215 2529 1350 2529 1351 2529 1215 2530 1351 2530 1214 2530 1214 2531 1351 2531 1352 2531 1214 2532 1352 2532 1213 2532 1213 2533 1352 2533 1353 2533 1213 2534 1353 2534 1212 2534 1212 2535 1353 2535 1354 2535 1212 2536 1354 2536 1211 2536 1211 2537 1354 2537 1355 2537 1211 2538 1355 2538 1210 2538 1210 2539 1355 2539 1356 2539 1210 2540 1356 2540 1209 2540 1209 2541 1356 2541 1357 2541 1209 2542 1357 2542 1208 2542 1208 2543 1357 2543 1358 2543 1208 2544 1358 2544 1207 2544 1207 2545 1358 2545 1359 2545 1207 2546 1359 2546 1206 2546 1206 2547 1359 2547 1360 2547 1206 2548 1360 2548 1205 2548 1205 2549 1360 2549 1361 2549 1205 2550 1361 2550 1204 2550 1204 2551 1361 2551 1362 2551 1204 2552 1362 2552 1164 2552 1164 2553 1362 2553 1363 2553 1164 2554 1363 2554 1163 2554 1163 2555 1363 2555 1364 2555 1163 2556 1364 2556 1162 2556 1162 2557 1364 2557 1252 2557 1162 2558 1252 2558 1161 2558 943 2559 1168 2559 1158 2559 1158 2560 1168 2560 1149 2560 1158 2561 1149 2561 1322 2561 1322 2562 1149 2562 1148 2562 1322 2563 1148 2563 1320 2563 1320 2564 1148 2564 1177 2564 1320 2565 1177 2565 1318 2565 1318 2566 1177 2566 1176 2566 1318 2567 1176 2567 1316 2567 1316 2568 1176 2568 1151 2568 1316 2569 1151 2569 1314 2569 1314 2570 1151 2570 1150 2570 1314 2571 1150 2571 1312 2571 1312 2572 1150 2572 1175 2572 1312 2573 1175 2573 1310 2573 1310 2574 1175 2574 1174 2574 1310 2575 1174 2575 1308 2575 1308 2576 1174 2576 1153 2576 1308 2577 1153 2577 1306 2577 1306 2578 1153 2578 1152 2578 1306 2579 1152 2579 1304 2579 1304 2580 1152 2580 1173 2580 1304 2581 1173 2581 1302 2581 1302 2582 1173 2582 1172 2582 1302 2583 1172 2583 1300 2583 1300 2584 1172 2584 1171 2584 1300 2585 1171 2585 1298 2585 1298 2586 1171 2586 1170 2586 1298 2587 1170 2587 1296 2587 1296 2588 1170 2588 1169 2588 1296 2589 1169 2589 1294 2589 1294 2590 1169 2590 1365 2590 1294 2591 1365 2591 1292 2591 1292 2592 1365 2592 1366 2592 1292 2593 1366 2593 1290 2593 1290 2594 1366 2594 1367 2594 1290 2595 1367 2595 1288 2595 1288 2596 1367 2596 1368 2596 1288 2597 1368 2597 1286 2597 1286 2598 1368 2598 1250 2598 1286 2599 1250 2599 1284 2599 1284 2600 1250 2600 1251 2600 1284 2601 1251 2601 1282 2601 1282 2602 1251 2602 1248 2602 1282 2603 1248 2603 1280 2603 1280 2604 1248 2604 1249 2604 1280 2605 1249 2605 1278 2605 1278 2606 1249 2606 1246 2606 1278 2607 1246 2607 1276 2607 1276 2608 1246 2608 1247 2608 1276 2609 1247 2609 1274 2609 1274 2610 1247 2610 1244 2610 1274 2611 1244 2611 1272 2611 1272 2612 1244 2612 1245 2612 1272 2613 1245 2613 1270 2613 1270 2614 1245 2614 1242 2614 1270 2615 1242 2615 1268 2615 1268 2616 1242 2616 1243 2616 1268 2617 1243 2617 1266 2617 1266 2618 1243 2618 1240 2618 1266 2619 1240 2619 1264 2619 1264 2620 1240 2620 1241 2620 1264 2621 1241 2621 1262 2621 1262 2622 1241 2622 1238 2622 1262 2623 1238 2623 1260 2623 1260 2624 1238 2624 1239 2624 1260 2625 1239 2625 1258 2625 1258 2626 1239 2626 1167 2626 1258 2627 1167 2627 1256 2627 1256 2628 1167 2628 1166 2628 1256 2629 1166 2629 1165 2629 1165 2630 1166 2630 934 2630 1165 2631 934 2631 933 2631 1040 2632 1041 2632 1169 2632 1169 2633 1041 2633 1042 2633 1169 2634 1042 2634 1365 2634 1365 2635 1042 2635 1043 2635 1365 2636 1043 2636 1366 2636 1366 2637 1043 2637 1139 2637 1366 2638 1139 2638 1367 2638 1367 2639 1139 2639 1138 2639 1367 2640 1138 2640 1368 2640 1368 2641 1138 2641 1137 2641 1368 2642 1137 2642 1250 2642 1250 2643 1137 2643 1134 2643 1250 2644 1134 2644 1135 2644 1369 2645 1370 2645 1345 2645 1345 2646 1344 2646 1369 2646 1369 2647 1344 2647 1343 2647 1369 2648 1343 2648 1371 2648 1371 2649 1343 2649 1342 2649 1342 2650 1341 2650 1371 2650 1371 2651 1341 2651 1340 2651 1371 2652 1340 2652 1372 2652 1340 2653 1339 2653 1372 2653 1372 2654 1339 2654 1338 2654 1372 2655 1338 2655 1373 2655 1373 2656 1338 2656 1337 2656 1373 2657 1337 2657 1374 2657 1337 2658 1336 2658 1374 2658 1374 2659 1336 2659 1335 2659 1374 2660 1335 2660 1375 2660 1375 2661 1335 2661 1334 2661 1334 2662 1333 2662 1375 2662 1375 2663 1333 2663 1332 2663 1375 2664 1332 2664 1376 2664 1376 2665 1332 2665 1331 2665 1376 2666 1331 2666 1377 2666 1331 2667 1330 2667 1377 2667 1377 2668 1330 2668 1329 2668 1377 2669 1329 2669 1378 2669 1378 2670 1329 2670 1328 2670 1328 2671 1327 2671 1378 2671 1378 2672 1327 2672 1326 2672 1378 2673 1326 2673 1379 2673 1379 2674 1326 2674 1325 2674 1379 2675 1325 2675 1380 2675 1380 2676 1325 2676 1324 2676 1324 2677 1323 2677 1380 2677 1380 2678 1323 2678 1321 2678 1380 2679 1321 2679 1381 2679 1381 2680 1321 2680 1319 2680 1381 2681 1319 2681 1382 2681 1319 2682 1317 2682 1382 2682 1382 2683 1317 2683 1315 2683 1382 2684 1315 2684 1383 2684 1383 2685 1315 2685 1313 2685 1313 2686 1311 2686 1383 2686 1383 2687 1311 2687 1309 2687 1383 2688 1309 2688 1384 2688 1384 2689 1309 2689 1307 2689 1384 2690 1307 2690 1385 2690 1385 2691 1307 2691 1305 2691 1305 2692 1303 2692 1385 2692 1385 2693 1303 2693 1301 2693 1385 2694 1301 2694 1386 2694 1301 2695 1299 2695 1386 2695 1386 2696 1299 2696 1297 2696 1386 2697 1297 2697 1387 2697 1297 2698 1295 2698 1387 2698 1387 2699 1295 2699 1293 2699 1387 2700 1293 2700 1388 2700 1293 2701 1291 2701 1388 2701 1388 2702 1291 2702 1289 2702 1388 2703 1289 2703 1389 2703 1389 2704 1289 2704 1287 2704 1389 2705 1287 2705 1390 2705 1287 2706 1285 2706 1390 2706 1390 2707 1285 2707 1283 2707 1390 2708 1283 2708 1391 2708 1391 2709 1283 2709 1281 2709 1281 2710 1279 2710 1391 2710 1391 2711 1279 2711 1277 2711 1391 2712 1277 2712 1392 2712 1277 2713 1275 2713 1392 2713 1392 2714 1275 2714 1273 2714 1392 2715 1273 2715 1393 2715 1273 2716 1271 2716 1393 2716 1393 2717 1271 2717 1269 2717 1393 2718 1269 2718 1394 2718 1394 2719 1269 2719 1267 2719 1394 2720 1267 2720 1395 2720 1267 2721 1265 2721 1395 2721 1395 2722 1265 2722 1263 2722 1395 2723 1263 2723 1396 2723 1396 2724 1263 2724 1261 2724 1261 2725 1259 2725 1396 2725 1396 2726 1259 2726 1257 2726 1396 2727 1257 2727 1397 2727 1253 2728 1398 2728 1254 2728 1254 2729 1398 2729 1397 2729 1254 2730 1397 2730 1255 2730 1255 2731 1397 2731 1257 2731 1253 2732 1252 2732 1398 2732 1398 2733 1252 2733 1364 2733 1398 2734 1364 2734 1399 2734 1399 2735 1364 2735 1363 2735 1399 2736 1363 2736 1400 2736 1400 2737 1363 2737 1362 2737 1362 2738 1361 2738 1400 2738 1400 2739 1361 2739 1360 2739 1400 2740 1360 2740 1401 2740 1360 2741 1359 2741 1401 2741 1401 2742 1359 2742 1358 2742 1401 2743 1358 2743 1402 2743 1358 2744 1357 2744 1402 2744 1402 2745 1357 2745 1356 2745 1402 2746 1356 2746 1403 2746 1356 2747 1355 2747 1403 2747 1403 2748 1355 2748 1354 2748 1403 2749 1354 2749 1404 2749 1404 2750 1354 2750 1353 2750 1404 2751 1353 2751 1405 2751 1405 2752 1353 2752 1352 2752 1352 2753 1351 2753 1405 2753 1405 2754 1351 2754 1350 2754 1405 2755 1350 2755 1406 2755 1350 2756 1349 2756 1406 2756 1406 2757 1349 2757 1348 2757 1406 2758 1348 2758 1407 2758 1407 2759 1348 2759 1347 2759 1407 2760 1347 2760 1370 2760 1370 2761 1347 2761 1346 2761 1370 2762 1346 2762 1345 2762 1406 2763 1407 2763 1408 2763 1408 2764 1407 2764 1370 2764 1408 2765 1370 2765 1369 2765 1403 2766 1404 2766 1408 2766 1408 2767 1404 2767 1405 2767 1408 2768 1405 2768 1406 2768 1400 2769 1401 2769 1408 2769 1408 2770 1401 2770 1402 2770 1408 2771 1402 2771 1403 2771 1397 2772 1398 2772 1408 2772 1408 2773 1398 2773 1399 2773 1408 2774 1399 2774 1400 2774 1394 2775 1395 2775 1408 2775 1408 2776 1395 2776 1396 2776 1408 2777 1396 2777 1397 2777 1391 2778 1392 2778 1408 2778 1408 2779 1392 2779 1393 2779 1408 2780 1393 2780 1394 2780 1388 2781 1389 2781 1408 2781 1408 2782 1389 2782 1390 2782 1408 2783 1390 2783 1391 2783 1385 2784 1386 2784 1408 2784 1408 2785 1386 2785 1387 2785 1408 2786 1387 2786 1388 2786 1382 2787 1383 2787 1408 2787 1408 2788 1383 2788 1384 2788 1408 2789 1384 2789 1385 2789 1379 2790 1380 2790 1408 2790 1408 2791 1380 2791 1381 2791 1408 2792 1381 2792 1382 2792 1376 2793 1377 2793 1408 2793 1408 2794 1377 2794 1378 2794 1408 2795 1378 2795 1379 2795 1373 2796 1374 2796 1408 2796 1408 2797 1374 2797 1375 2797 1408 2798 1375 2798 1376 2798 1369 2799 1371 2799 1408 2799 1408 2800 1371 2800 1372 2800 1408 2801 1372 2801 1373 2801 1409 2802 1410 2802 1411 2802 1412 2803 1410 2803 1409 2803 1409 2804 1413 2804 1414 2804 1415 2805 1413 2805 1409 2805 1411 2806 1415 2806 1409 2806 1409 2807 1416 2807 1417 2807 1418 2808 1416 2808 1409 2808 1414 2809 1418 2809 1409 2809 1409 2810 1419 2810 1420 2810 1421 2811 1419 2811 1409 2811 1417 2812 1421 2812 1409 2812 1420 2813 1412 2813 1409 2813 1422 2814 1423 2814 1424 2814 1425 2815 1423 2815 1422 2815 1422 2816 1426 2816 1427 2816 1428 2817 1426 2817 1422 2817 1424 2818 1428 2818 1422 2818 1422 2819 1429 2819 1430 2819 1431 2820 1429 2820 1422 2820 1427 2821 1431 2821 1422 2821 1422 2822 1432 2822 1433 2822 1434 2823 1432 2823 1422 2823 1430 2824 1434 2824 1422 2824 1433 2825 1425 2825 1422 2825 1435 2826 1436 2826 1437 2826 1438 2827 1436 2827 1435 2827 1435 2828 1439 2828 1440 2828 1441 2829 1439 2829 1435 2829 1437 2830 1441 2830 1435 2830 1435 2831 1442 2831 1443 2831 1444 2832 1442 2832 1435 2832 1440 2833 1444 2833 1435 2833 1435 2834 1445 2834 1446 2834 1447 2835 1445 2835 1435 2835 1443 2836 1447 2836 1435 2836 1446 2837 1438 2837 1435 2837 1448 2838 1449 2838 1450 2838 1451 2839 1449 2839 1448 2839 1448 2840 1452 2840 1453 2840 1454 2841 1452 2841 1448 2841 1450 2842 1454 2842 1448 2842 1448 2843 1455 2843 1456 2843 1457 2844 1455 2844 1448 2844 1453 2845 1457 2845 1448 2845 1448 2846 1458 2846 1459 2846 1460 2847 1458 2847 1448 2847 1456 2848 1460 2848 1448 2848 1459 2849 1451 2849 1448 2849 1461 2850 1462 2850 1463 2850 1464 2851 1462 2851 1461 2851 1461 2852 1465 2852 1466 2852 1467 2853 1465 2853 1461 2853 1463 2854 1467 2854 1461 2854 1461 2855 1468 2855 1469 2855 1470 2856 1468 2856 1461 2856 1466 2857 1470 2857 1461 2857 1461 2858 1471 2858 1472 2858 1473 2859 1471 2859 1461 2859 1469 2860 1473 2860 1461 2860 1472 2861 1464 2861 1461 2861 1474 2862 1475 2862 1476 2862 1477 2863 1475 2863 1474 2863 1474 2864 1478 2864 1479 2864 1480 2865 1478 2865 1474 2865 1476 2866 1480 2866 1474 2866 1474 2867 1481 2867 1482 2867 1483 2868 1481 2868 1474 2868 1479 2869 1483 2869 1474 2869 1474 2870 1484 2870 1485 2870 1486 2871 1484 2871 1474 2871 1482 2872 1486 2872 1474 2872 1485 2873 1477 2873 1474 2873 1487 2874 1488 2874 1489 2874 1490 2875 1491 2875 1489 2875 1489 2876 1491 2876 1492 2876 1489 2877 1492 2877 1487 2877 1493 2878 1494 2878 1489 2878 1489 2879 1494 2879 1495 2879 1489 2880 1495 2880 1490 2880 1496 2881 1497 2881 1489 2881 1489 2882 1497 2882 1498 2882 1489 2883 1498 2883 1493 2883 1499 2884 1500 2884 1489 2884 1489 2885 1500 2885 1501 2885 1489 2886 1501 2886 1496 2886 1502 2887 1503 2887 1489 2887 1489 2888 1503 2888 1504 2888 1489 2889 1504 2889 1499 2889 1505 2890 1506 2890 1489 2890 1489 2891 1506 2891 1507 2891 1489 2892 1507 2892 1502 2892 1488 2893 1508 2893 1489 2893 1489 2894 1508 2894 1509 2894 1489 2895 1509 2895 1505 2895 1412 2896 1510 2896 1410 2896 1410 2897 1510 2897 1511 2897 1410 2898 1511 2898 1411 2898 1411 2899 1511 2899 1512 2899 1411 2900 1512 2900 1415 2900 1415 2901 1512 2901 1513 2901 1415 2902 1513 2902 1413 2902 1413 2903 1513 2903 1514 2903 1413 2904 1514 2904 1414 2904 1414 2905 1514 2905 1515 2905 1414 2906 1515 2906 1418 2906 1418 2907 1515 2907 1516 2907 1418 2908 1516 2908 1416 2908 1416 2909 1516 2909 1517 2909 1416 2910 1517 2910 1417 2910 1417 2911 1517 2911 1518 2911 1417 2912 1518 2912 1421 2912 1421 2913 1518 2913 1519 2913 1421 2914 1519 2914 1419 2914 1419 2915 1519 2915 1520 2915 1419 2916 1520 2916 1420 2916 1420 2917 1520 2917 1521 2917 1420 2918 1521 2918 1412 2918 1412 2919 1521 2919 1510 2919 1425 2920 1522 2920 1423 2920 1423 2921 1522 2921 1523 2921 1423 2922 1523 2922 1424 2922 1424 2923 1523 2923 1524 2923 1424 2924 1524 2924 1428 2924 1428 2925 1524 2925 1525 2925 1428 2926 1525 2926 1426 2926 1426 2927 1525 2927 1526 2927 1426 2928 1526 2928 1427 2928 1427 2929 1526 2929 1527 2929 1427 2930 1527 2930 1431 2930 1431 2931 1527 2931 1528 2931 1431 2932 1528 2932 1429 2932 1429 2933 1528 2933 1529 2933 1429 2934 1529 2934 1430 2934 1430 2935 1529 2935 1530 2935 1430 2936 1530 2936 1434 2936 1434 2937 1530 2937 1531 2937 1434 2938 1531 2938 1432 2938 1432 2939 1531 2939 1532 2939 1432 2940 1532 2940 1433 2940 1433 2941 1532 2941 1533 2941 1433 2942 1533 2942 1425 2942 1425 2943 1533 2943 1522 2943 1438 2944 1534 2944 1436 2944 1436 2945 1534 2945 1535 2945 1436 2946 1535 2946 1437 2946 1437 2947 1535 2947 1536 2947 1437 2948 1536 2948 1441 2948 1441 2949 1536 2949 1537 2949 1441 2950 1537 2950 1439 2950 1439 2951 1537 2951 1538 2951 1439 2952 1538 2952 1440 2952 1440 2953 1538 2953 1539 2953 1440 2954 1539 2954 1444 2954 1444 2955 1539 2955 1540 2955 1444 2956 1540 2956 1442 2956 1442 2957 1540 2957 1541 2957 1442 2958 1541 2958 1443 2958 1443 2959 1541 2959 1542 2959 1443 2960 1542 2960 1447 2960 1447 2961 1542 2961 1543 2961 1447 2962 1543 2962 1445 2962 1445 2963 1543 2963 1544 2963 1445 2964 1544 2964 1446 2964 1446 2965 1544 2965 1545 2965 1446 2966 1545 2966 1438 2966 1438 2967 1545 2967 1534 2967 1451 2968 1546 2968 1449 2968 1449 2969 1546 2969 1547 2969 1449 2970 1547 2970 1450 2970 1450 2971 1547 2971 1548 2971 1450 2972 1548 2972 1454 2972 1454 2973 1548 2973 1549 2973 1454 2974 1549 2974 1452 2974 1452 2975 1549 2975 1550 2975 1452 2976 1550 2976 1453 2976 1453 2977 1550 2977 1551 2977 1453 2978 1551 2978 1457 2978 1457 2979 1551 2979 1552 2979 1457 2980 1552 2980 1455 2980 1455 2981 1552 2981 1553 2981 1455 2982 1553 2982 1456 2982 1456 2983 1553 2983 1554 2983 1456 2984 1554 2984 1460 2984 1460 2985 1554 2985 1555 2985 1460 2986 1555 2986 1458 2986 1458 2987 1555 2987 1556 2987 1458 2988 1556 2988 1459 2988 1459 2989 1556 2989 1557 2989 1459 2990 1557 2990 1451 2990 1451 2991 1557 2991 1546 2991 1464 2992 1558 2992 1462 2992 1462 2993 1558 2993 1559 2993 1462 2994 1559 2994 1463 2994 1463 2995 1559 2995 1560 2995 1463 2996 1560 2996 1467 2996 1467 2997 1560 2997 1561 2997 1467 2998 1561 2998 1465 2998 1465 2999 1561 2999 1562 2999 1465 3000 1562 3000 1466 3000 1466 3001 1562 3001 1563 3001 1466 3002 1563 3002 1470 3002 1470 3003 1563 3003 1564 3003 1470 3004 1564 3004 1468 3004 1468 3005 1564 3005 1565 3005 1468 3006 1565 3006 1469 3006 1469 3007 1565 3007 1566 3007 1469 3008 1566 3008 1473 3008 1473 3009 1566 3009 1567 3009 1473 3010 1567 3010 1471 3010 1471 3011 1567 3011 1568 3011 1471 3012 1568 3012 1472 3012 1472 3013 1568 3013 1569 3013 1472 3014 1569 3014 1464 3014 1464 3015 1569 3015 1558 3015 1477 3016 1570 3016 1475 3016 1475 3017 1570 3017 1571 3017 1475 3018 1571 3018 1476 3018 1476 3019 1571 3019 1572 3019 1476 3020 1572 3020 1480 3020 1480 3021 1572 3021 1573 3021 1480 3022 1573 3022 1478 3022 1478 3023 1573 3023 1574 3023 1478 3024 1574 3024 1479 3024 1479 3025 1574 3025 1575 3025 1479 3026 1575 3026 1483 3026 1483 3027 1575 3027 1576 3027 1483 3028 1576 3028 1481 3028 1481 3029 1576 3029 1577 3029 1481 3030 1577 3030 1482 3030 1482 3031 1577 3031 1578 3031 1482 3032 1578 3032 1486 3032 1486 3033 1578 3033 1579 3033 1486 3034 1579 3034 1484 3034 1484 3035 1579 3035 1580 3035 1484 3036 1580 3036 1485 3036 1485 3037 1580 3037 1581 3037 1485 3038 1581 3038 1477 3038 1477 3039 1581 3039 1570 3039 1582 3040 1488 3040 1487 3040 1582 3041 1583 3041 1488 3041 1488 3042 1583 3042 1584 3042 1488 3043 1584 3043 1508 3043 1584 3044 1585 3044 1508 3044 1508 3045 1585 3045 1586 3045 1508 3046 1586 3046 1509 3046 1586 3047 1587 3047 1509 3047 1509 3048 1587 3048 1588 3048 1509 3049 1588 3049 1505 3049 1588 3050 1589 3050 1505 3050 1505 3051 1589 3051 1590 3051 1505 3052 1590 3052 1506 3052 1590 3053 1591 3053 1506 3053 1506 3054 1591 3054 1592 3054 1506 3055 1592 3055 1507 3055 1592 3056 1593 3056 1507 3056 1507 3057 1593 3057 1594 3057 1507 3058 1594 3058 1502 3058 1594 3059 1595 3059 1502 3059 1502 3060 1595 3060 1596 3060 1502 3061 1596 3061 1503 3061 1596 3062 1597 3062 1503 3062 1503 3063 1597 3063 1598 3063 1503 3064 1598 3064 1504 3064 1598 3065 1599 3065 1504 3065 1504 3066 1599 3066 1600 3066 1504 3067 1600 3067 1499 3067 1600 3068 1601 3068 1499 3068 1499 3069 1601 3069 1602 3069 1499 3070 1602 3070 1500 3070 1602 3071 1603 3071 1500 3071 1500 3072 1603 3072 1604 3072 1500 3073 1604 3073 1501 3073 1604 3074 1605 3074 1501 3074 1501 3075 1605 3075 1606 3075 1501 3076 1606 3076 1496 3076 1606 3077 1607 3077 1496 3077 1496 3078 1607 3078 1608 3078 1496 3079 1608 3079 1497 3079 1608 3080 1609 3080 1497 3080 1497 3081 1609 3081 1610 3081 1497 3082 1610 3082 1498 3082 1610 3083 1611 3083 1498 3083 1498 3084 1611 3084 1612 3084 1498 3085 1612 3085 1493 3085 1612 3086 1613 3086 1493 3086 1493 3087 1613 3087 1614 3087 1493 3088 1614 3088 1494 3088 1614 3089 1615 3089 1494 3089 1494 3090 1615 3090 1616 3090 1494 3091 1616 3091 1495 3091 1616 3092 1617 3092 1495 3092 1495 3093 1617 3093 1618 3093 1495 3094 1618 3094 1490 3094 1618 3095 1619 3095 1490 3095 1490 3096 1619 3096 1620 3096 1490 3097 1620 3097 1491 3097 1620 3098 1621 3098 1491 3098 1491 3099 1621 3099 1622 3099 1491 3100 1622 3100 1492 3100 1622 3101 1623 3101 1492 3101 1492 3102 1623 3102 1624 3102 1492 3103 1624 3103 1487 3103 1487 3104 1624 3104 1625 3104 1487 3105 1625 3105 1582 3105 1511 3106 1626 3106 1512 3106 1512 3107 1626 3107 1627 3107 1512 3108 1627 3108 1513 3108 1513 3109 1627 3109 1628 3109 1513 3110 1628 3110 1514 3110 1514 3111 1628 3111 1629 3111 1514 3112 1629 3112 1515 3112 1515 3113 1629 3113 1630 3113 1515 3114 1630 3114 1516 3114 1516 3115 1630 3115 1631 3115 1516 3116 1631 3116 1517 3116 1517 3117 1631 3117 1632 3117 1517 3118 1632 3118 1518 3118 1518 3119 1632 3119 1633 3119 1518 3120 1633 3120 1519 3120 1519 3121 1633 3121 1634 3121 1519 3122 1634 3122 1520 3122 1520 3123 1634 3123 1635 3123 1520 3124 1635 3124 1521 3124 1521 3125 1635 3125 1636 3125 1521 3126 1636 3126 1510 3126 1510 3127 1636 3127 1637 3127 1510 3128 1637 3128 1511 3128 1511 3129 1637 3129 1626 3129 1523 3130 1638 3130 1524 3130 1524 3131 1638 3131 1639 3131 1524 3132 1639 3132 1525 3132 1525 3133 1639 3133 1640 3133 1525 3134 1640 3134 1526 3134 1526 3135 1640 3135 1641 3135 1526 3136 1641 3136 1527 3136 1527 3137 1641 3137 1642 3137 1527 3138 1642 3138 1528 3138 1528 3139 1642 3139 1643 3139 1528 3140 1643 3140 1529 3140 1529 3141 1643 3141 1644 3141 1529 3142 1644 3142 1530 3142 1530 3143 1644 3143 1645 3143 1530 3144 1645 3144 1531 3144 1531 3145 1645 3145 1646 3145 1531 3146 1646 3146 1532 3146 1532 3147 1646 3147 1647 3147 1532 3148 1647 3148 1533 3148 1533 3149 1647 3149 1648 3149 1533 3150 1648 3150 1522 3150 1522 3151 1648 3151 1649 3151 1522 3152 1649 3152 1523 3152 1523 3153 1649 3153 1638 3153 1535 3154 1650 3154 1536 3154 1536 3155 1650 3155 1651 3155 1536 3156 1651 3156 1537 3156 1537 3157 1651 3157 1652 3157 1537 3158 1652 3158 1538 3158 1538 3159 1652 3159 1653 3159 1538 3160 1653 3160 1539 3160 1539 3161 1653 3161 1654 3161 1539 3162 1654 3162 1540 3162 1540 3163 1654 3163 1655 3163 1540 3164 1655 3164 1541 3164 1541 3165 1655 3165 1656 3165 1541 3166 1656 3166 1542 3166 1542 3167 1656 3167 1657 3167 1542 3168 1657 3168 1543 3168 1543 3169 1657 3169 1658 3169 1543 3170 1658 3170 1544 3170 1544 3171 1658 3171 1659 3171 1544 3172 1659 3172 1545 3172 1545 3173 1659 3173 1660 3173 1545 3174 1660 3174 1534 3174 1534 3175 1660 3175 1661 3175 1534 3176 1661 3176 1535 3176 1535 3177 1661 3177 1650 3177 1547 3178 1662 3178 1548 3178 1548 3179 1662 3179 1663 3179 1548 3180 1663 3180 1549 3180 1549 3181 1663 3181 1664 3181 1549 3182 1664 3182 1550 3182 1550 3183 1664 3183 1665 3183 1550 3184 1665 3184 1551 3184 1551 3185 1665 3185 1666 3185 1551 3186 1666 3186 1552 3186 1552 3187 1666 3187 1667 3187 1552 3188 1667 3188 1553 3188 1553 3189 1667 3189 1668 3189 1553 3190 1668 3190 1554 3190 1554 3191 1668 3191 1669 3191 1554 3192 1669 3192 1555 3192 1555 3193 1669 3193 1670 3193 1555 3194 1670 3194 1556 3194 1556 3195 1670 3195 1671 3195 1556 3196 1671 3196 1557 3196 1557 3197 1671 3197 1672 3197 1557 3198 1672 3198 1546 3198 1546 3199 1672 3199 1673 3199 1546 3200 1673 3200 1547 3200 1547 3201 1673 3201 1662 3201 1559 3202 1674 3202 1560 3202 1560 3203 1674 3203 1675 3203 1560 3204 1675 3204 1561 3204 1561 3205 1675 3205 1676 3205 1561 3206 1676 3206 1562 3206 1562 3207 1676 3207 1677 3207 1562 3208 1677 3208 1563 3208 1563 3209 1677 3209 1678 3209 1563 3210 1678 3210 1564 3210 1564 3211 1678 3211 1679 3211 1564 3212 1679 3212 1565 3212 1565 3213 1679 3213 1680 3213 1565 3214 1680 3214 1566 3214 1566 3215 1680 3215 1681 3215 1566 3216 1681 3216 1567 3216 1567 3217 1681 3217 1682 3217 1567 3218 1682 3218 1568 3218 1568 3219 1682 3219 1683 3219 1568 3220 1683 3220 1569 3220 1569 3221 1683 3221 1684 3221 1569 3222 1684 3222 1558 3222 1558 3223 1684 3223 1685 3223 1558 3224 1685 3224 1559 3224 1559 3225 1685 3225 1674 3225 1571 3226 1686 3226 1572 3226 1572 3227 1686 3227 1687 3227 1572 3228 1687 3228 1573 3228 1573 3229 1687 3229 1688 3229 1573 3230 1688 3230 1574 3230 1574 3231 1688 3231 1689 3231 1574 3232 1689 3232 1575 3232 1575 3233 1689 3233 1690 3233 1575 3234 1690 3234 1576 3234 1576 3235 1690 3235 1691 3235 1576 3236 1691 3236 1577 3236 1577 3237 1691 3237 1692 3237 1577 3238 1692 3238 1578 3238 1578 3239 1692 3239 1693 3239 1578 3240 1693 3240 1579 3240 1579 3241 1693 3241 1694 3241 1579 3242 1694 3242 1580 3242 1580 3243 1694 3243 1695 3243 1580 3244 1695 3244 1581 3244 1581 3245 1695 3245 1696 3245 1581 3246 1696 3246 1570 3246 1570 3247 1696 3247 1697 3247 1570 3248 1697 3248 1571 3248 1571 3249 1697 3249 1686 3249 1698 3250 1623 3250 1699 3250 1699 3251 1623 3251 1622 3251 1699 3252 1622 3252 1700 3252 1700 3253 1622 3253 1621 3253 1700 3254 1621 3254 1701 3254 1621 3255 1620 3255 1701 3255 1701 3256 1620 3256 1619 3256 1701 3257 1619 3257 1702 3257 1702 3258 1619 3258 1618 3258 1702 3259 1618 3259 1703 3259 1703 3260 1618 3260 1617 3260 1703 3261 1617 3261 1704 3261 1617 3262 1616 3262 1704 3262 1704 3263 1616 3263 1615 3263 1704 3264 1615 3264 1705 3264 1615 3265 1614 3265 1705 3265 1705 3266 1614 3266 1613 3266 1705 3267 1613 3267 1706 3267 1613 3268 1612 3268 1706 3268 1706 3269 1612 3269 1611 3269 1706 3270 1611 3270 1707 3270 1707 3271 1611 3271 1610 3271 1707 3272 1610 3272 1708 3272 1708 3273 1610 3273 1609 3273 1708 3274 1609 3274 1709 3274 1709 3275 1609 3275 1608 3275 1709 3276 1608 3276 1710 3276 1710 3277 1608 3277 1607 3277 1710 3278 1607 3278 1711 3278 1607 3279 1606 3279 1711 3279 1711 3280 1606 3280 1605 3280 1711 3281 1605 3281 1712 3281 1605 3282 1604 3282 1712 3282 1712 3283 1604 3283 1603 3283 1712 3284 1603 3284 1713 3284 1713 3285 1603 3285 1602 3285 1713 3286 1602 3286 1714 3286 1602 3287 1601 3287 1714 3287 1714 3288 1601 3288 1600 3288 1714 3289 1600 3289 1715 3289 1715 3290 1600 3290 1599 3290 1715 3291 1599 3291 1716 3291 1716 3292 1599 3292 1598 3292 1716 3293 1598 3293 1717 3293 1598 3294 1597 3294 1717 3294 1717 3295 1597 3295 1596 3295 1717 3296 1596 3296 1718 3296 1718 3297 1596 3297 1719 3297 1596 3298 1595 3298 1719 3298 1719 3299 1595 3299 1594 3299 1719 3300 1594 3300 1720 3300 1594 3301 1593 3301 1720 3301 1720 3302 1593 3302 1592 3302 1720 3303 1592 3303 1721 3303 1592 3304 1591 3304 1721 3304 1721 3305 1591 3305 1590 3305 1721 3306 1590 3306 1722 3306 1722 3307 1590 3307 1589 3307 1722 3308 1589 3308 1588 3308 1587 3309 1723 3309 1588 3309 1588 3310 1723 3310 1724 3310 1588 3311 1724 3311 1722 3311 1587 3312 1586 3312 1723 3312 1723 3313 1586 3313 1585 3313 1723 3314 1585 3314 1725 3314 1725 3315 1585 3315 1584 3315 1725 3316 1584 3316 1726 3316 1726 3317 1584 3317 1583 3317 1726 3318 1583 3318 1727 3318 1727 3319 1583 3319 1582 3319 1727 3320 1582 3320 1728 3320 1728 3321 1582 3321 1625 3321 1728 3322 1625 3322 1698 3322 1698 3323 1625 3323 1624 3323 1698 3324 1624 3324 1623 3324 1729 3325 1730 3325 1731 3325 1662 3326 1673 3326 1732 3326 1733 3327 1734 3327 1735 3327 1650 3328 1661 3328 1736 3328 1737 3329 1738 3329 1739 3329 1683 3330 1682 3330 1740 3330 1741 3331 1674 3331 1685 3331 1741 3332 1685 3332 1740 3332 1740 3333 1685 3333 1684 3333 1740 3334 1684 3334 1683 3334 1739 3335 1680 3335 1679 3335 1679 3336 1742 3336 1739 3336 1739 3337 1742 3337 1743 3337 1739 3338 1743 3338 1737 3338 1679 3339 1678 3339 1742 3339 1742 3340 1678 3340 1677 3340 1742 3341 1677 3341 1744 3341 1744 3342 1677 3342 1676 3342 1744 3343 1676 3343 1741 3343 1741 3344 1676 3344 1675 3344 1741 3345 1675 3345 1674 3345 1745 3346 1746 3346 1741 3346 1741 3347 1746 3347 1747 3347 1741 3348 1747 3348 1744 3348 1748 3349 1749 3349 1750 3349 1751 3350 1752 3350 1753 3350 1753 3351 1752 3351 1748 3351 1753 3352 1748 3352 1754 3352 1754 3353 1748 3353 1750 3353 1755 3354 1687 3354 1756 3354 1756 3355 1687 3355 1686 3355 1756 3356 1686 3356 1757 3356 1697 3357 1696 3357 1758 3357 1758 3358 1696 3358 1695 3358 1758 3359 1695 3359 1694 3359 1748 3360 1694 3360 1693 3360 1693 3361 1692 3361 1748 3361 1748 3362 1692 3362 1691 3362 1748 3363 1691 3363 1749 3363 1749 3364 1691 3364 1690 3364 1749 3365 1690 3365 1759 3365 1759 3366 1690 3366 1689 3366 1759 3367 1689 3367 1755 3367 1755 3368 1689 3368 1688 3368 1755 3369 1688 3369 1687 3369 1760 3370 1761 3370 1758 3370 1686 3371 1697 3371 1757 3371 1757 3372 1697 3372 1758 3372 1757 3373 1758 3373 1762 3373 1762 3374 1758 3374 1761 3374 1763 3375 1764 3375 1765 3375 1765 3376 1766 3376 1763 3376 1763 3377 1766 3377 1767 3377 1763 3378 1767 3378 1768 3378 1768 3379 1767 3379 1769 3379 1768 3380 1769 3380 1760 3380 1736 3381 1661 3381 1770 3381 1770 3382 1661 3382 1660 3382 1770 3383 1660 3383 1771 3383 1659 3384 1658 3384 1772 3384 1772 3385 1658 3385 1657 3385 1650 3386 1736 3386 1651 3386 1651 3387 1736 3387 1764 3387 1651 3388 1764 3388 1652 3388 1652 3389 1764 3389 1763 3389 1652 3390 1763 3390 1653 3390 1657 3391 1656 3391 1772 3391 1772 3392 1656 3392 1655 3392 1772 3393 1655 3393 1763 3393 1763 3394 1655 3394 1654 3394 1763 3395 1654 3395 1653 3395 1660 3396 1659 3396 1771 3396 1771 3397 1659 3397 1772 3397 1771 3398 1772 3398 1773 3398 1773 3399 1772 3399 1774 3399 1734 3400 1733 3400 1772 3400 1772 3401 1733 3401 1775 3401 1772 3402 1775 3402 1774 3402 1735 3403 1734 3403 1776 3403 1776 3404 1734 3404 1732 3404 1776 3405 1732 3405 1777 3405 1777 3406 1732 3406 1778 3406 1778 3407 1732 3407 1673 3407 1778 3408 1673 3408 1731 3408 1673 3409 1672 3409 1731 3409 1731 3410 1672 3410 1671 3410 1731 3411 1671 3411 1670 3411 1779 3412 1664 3412 1732 3412 1732 3413 1664 3413 1663 3413 1732 3414 1663 3414 1662 3414 1670 3415 1669 3415 1780 3415 1780 3416 1669 3416 1668 3416 1780 3417 1668 3417 1781 3417 1667 3418 1666 3418 1779 3418 1779 3419 1666 3419 1665 3419 1779 3420 1665 3420 1664 3420 1670 3421 1780 3421 1731 3421 1731 3422 1780 3422 1782 3422 1731 3423 1782 3423 1729 3423 1668 3424 1667 3424 1781 3424 1781 3425 1667 3425 1779 3425 1781 3426 1779 3426 1783 3426 1783 3427 1779 3427 1784 3427 1785 3428 1786 3428 1787 3428 1787 3429 1786 3429 1788 3429 1787 3430 1788 3430 1779 3430 1779 3431 1788 3431 1789 3431 1779 3432 1789 3432 1784 3432 1790 3433 1740 3433 1791 3433 1791 3434 1740 3434 1682 3434 1791 3435 1682 3435 1739 3435 1739 3436 1682 3436 1681 3436 1739 3437 1681 3437 1680 3437 1725 3438 1726 3438 1763 3438 1763 3439 1726 3439 1727 3439 1763 3440 1727 3440 1772 3440 1772 3441 1727 3441 1728 3441 1772 3442 1728 3442 1698 3442 1760 3443 1758 3443 1768 3443 1768 3444 1758 3444 1640 3444 1768 3445 1640 3445 1639 3445 1639 3446 1638 3446 1768 3446 1768 3447 1638 3447 1649 3447 1768 3448 1649 3448 1763 3448 1649 3449 1648 3449 1763 3449 1763 3450 1648 3450 1647 3450 1763 3451 1647 3451 1725 3451 1643 3452 1642 3452 1758 3452 1758 3453 1642 3453 1641 3453 1758 3454 1641 3454 1640 3454 1647 3455 1646 3455 1725 3455 1725 3456 1646 3456 1645 3456 1725 3457 1645 3457 1723 3457 1723 3458 1645 3458 1644 3458 1723 3459 1644 3459 1724 3459 1719 3460 1720 3460 1748 3460 1694 3461 1748 3461 1758 3461 1758 3462 1748 3462 1720 3462 1758 3463 1720 3463 1721 3463 1644 3464 1643 3464 1724 3464 1724 3465 1643 3465 1758 3465 1724 3466 1758 3466 1722 3466 1722 3467 1758 3467 1721 3467 1714 3468 1715 3468 1741 3468 1741 3469 1715 3469 1752 3469 1741 3470 1752 3470 1745 3470 1745 3471 1752 3471 1751 3471 1715 3472 1716 3472 1752 3472 1752 3473 1716 3473 1717 3473 1752 3474 1717 3474 1748 3474 1748 3475 1717 3475 1718 3475 1748 3476 1718 3476 1719 3476 1710 3477 1711 3477 1740 3477 1740 3478 1711 3478 1712 3478 1740 3479 1712 3479 1741 3479 1741 3480 1712 3480 1713 3480 1741 3481 1713 3481 1714 3481 1637 3482 1636 3482 1779 3482 1636 3483 1635 3483 1779 3483 1779 3484 1635 3484 1634 3484 1779 3485 1634 3485 1787 3485 1787 3486 1634 3486 1633 3486 1787 3487 1633 3487 1632 3487 1632 3488 1631 3488 1787 3488 1787 3489 1631 3489 1740 3489 1787 3490 1740 3490 1785 3490 1785 3491 1740 3491 1790 3491 1631 3492 1630 3492 1740 3492 1740 3493 1630 3493 1629 3493 1740 3494 1629 3494 1710 3494 1710 3495 1629 3495 1628 3495 1710 3496 1628 3496 1709 3496 1709 3497 1628 3497 1627 3497 1709 3498 1627 3498 1708 3498 1708 3499 1627 3499 1626 3499 1708 3500 1626 3500 1707 3500 1626 3501 1637 3501 1707 3501 1707 3502 1637 3502 1779 3502 1707 3503 1779 3503 1706 3503 1706 3504 1779 3504 1705 3504 1705 3505 1779 3505 1704 3505 1704 3506 1779 3506 1732 3506 1704 3507 1732 3507 1703 3507 1698 3508 1699 3508 1772 3508 1772 3509 1699 3509 1700 3509 1772 3510 1700 3510 1734 3510 1734 3511 1700 3511 1701 3511 1734 3512 1701 3512 1732 3512 1732 3513 1701 3513 1702 3513 1732 3514 1702 3514 1703 3514 1746 3515 1792 3515 1793 3515 1761 3516 1794 3516 1795 3516 1777 3517 1796 3517 1797 3517 1790 3518 1791 3518 1798 3518 1798 3519 1791 3519 1739 3519 1798 3520 1799 3520 1790 3520 1790 3521 1799 3521 1800 3521 1790 3522 1800 3522 1785 3522 1785 3523 1800 3523 1786 3523 1786 3524 1800 3524 1801 3524 1786 3525 1801 3525 1788 3525 1788 3526 1801 3526 1789 3526 1789 3527 1801 3527 1802 3527 1789 3528 1802 3528 1784 3528 1784 3529 1802 3529 1803 3529 1784 3530 1803 3530 1783 3530 1731 3531 1730 3531 1804 3531 1804 3532 1730 3532 1729 3532 1804 3533 1729 3533 1805 3533 1805 3534 1729 3534 1782 3534 1805 3535 1782 3535 1806 3535 1806 3536 1782 3536 1780 3536 1806 3537 1780 3537 1803 3537 1803 3538 1780 3538 1781 3538 1803 3539 1781 3539 1783 3539 1796 3540 1777 3540 1804 3540 1804 3541 1777 3541 1778 3541 1804 3542 1778 3542 1731 3542 1807 3543 1735 3543 1797 3543 1797 3544 1735 3544 1776 3544 1797 3545 1776 3545 1777 3545 1808 3546 1774 3546 1809 3546 1809 3547 1774 3547 1775 3547 1809 3548 1775 3548 1807 3548 1807 3549 1775 3549 1733 3549 1807 3550 1733 3550 1735 3550 1769 3551 1767 3551 1810 3551 1810 3552 1767 3552 1766 3552 1810 3553 1766 3553 1811 3553 1811 3554 1766 3554 1765 3554 1811 3555 1765 3555 1812 3555 1812 3556 1765 3556 1764 3556 1812 3557 1764 3557 1813 3557 1813 3558 1764 3558 1736 3558 1813 3559 1736 3559 1814 3559 1814 3560 1736 3560 1770 3560 1814 3561 1770 3561 1815 3561 1815 3562 1770 3562 1771 3562 1815 3563 1771 3563 1808 3563 1808 3564 1771 3564 1773 3564 1808 3565 1773 3565 1774 3565 1794 3566 1761 3566 1810 3566 1810 3567 1761 3567 1760 3567 1810 3568 1760 3568 1769 3568 1816 3569 1755 3569 1817 3569 1817 3570 1755 3570 1756 3570 1817 3571 1756 3571 1818 3571 1818 3572 1756 3572 1757 3572 1818 3573 1757 3573 1795 3573 1795 3574 1757 3574 1762 3574 1795 3575 1762 3575 1761 3575 1751 3576 1753 3576 1819 3576 1819 3577 1753 3577 1754 3577 1819 3578 1754 3578 1820 3578 1820 3579 1754 3579 1750 3579 1820 3580 1750 3580 1821 3580 1821 3581 1750 3581 1749 3581 1821 3582 1749 3582 1816 3582 1816 3583 1749 3583 1759 3583 1816 3584 1759 3584 1755 3584 1792 3585 1746 3585 1819 3585 1819 3586 1746 3586 1745 3586 1819 3587 1745 3587 1751 3587 1822 3588 1744 3588 1793 3588 1793 3589 1744 3589 1747 3589 1793 3590 1747 3590 1746 3590 1739 3591 1738 3591 1798 3591 1798 3592 1738 3592 1737 3592 1798 3593 1737 3593 1823 3593 1823 3594 1737 3594 1743 3594 1823 3595 1743 3595 1822 3595 1822 3596 1743 3596 1742 3596 1822 3597 1742 3597 1744 3597 1814 3598 1815 3598 1824 3598 1824 3599 1815 3599 1808 3599 1824 3600 1808 3600 1825 3600 1825 3601 1808 3601 1809 3601 1825 3602 1809 3602 1826 3602 1826 3603 1809 3603 1807 3603 1826 3604 1807 3604 1827 3604 1827 3605 1807 3605 1797 3605 1827 3606 1797 3606 1828 3606 1828 3607 1797 3607 1796 3607 1828 3608 1796 3608 1829 3608 1829 3609 1796 3609 1804 3609 1829 3610 1804 3610 1830 3610 1830 3611 1804 3611 1805 3611 1830 3612 1805 3612 1831 3612 1831 3613 1805 3613 1806 3613 1831 3614 1806 3614 1832 3614 1832 3615 1806 3615 1803 3615 1832 3616 1803 3616 1833 3616 1833 3617 1803 3617 1802 3617 1833 3618 1802 3618 1834 3618 1834 3619 1802 3619 1801 3619 1834 3620 1801 3620 1835 3620 1835 3621 1801 3621 1800 3621 1835 3622 1800 3622 1836 3622 1836 3623 1800 3623 1799 3623 1836 3624 1799 3624 1837 3624 1837 3625 1799 3625 1798 3625 1837 3626 1798 3626 1838 3626 1838 3627 1798 3627 1823 3627 1838 3628 1823 3628 1839 3628 1839 3629 1823 3629 1822 3629 1839 3630 1822 3630 1840 3630 1840 3631 1822 3631 1793 3631 1840 3632 1793 3632 1841 3632 1841 3633 1793 3633 1792 3633 1841 3634 1792 3634 1842 3634 1842 3635 1792 3635 1819 3635 1842 3636 1819 3636 1843 3636 1843 3637 1819 3637 1820 3637 1843 3638 1820 3638 1844 3638 1844 3639 1820 3639 1821 3639 1844 3640 1821 3640 1845 3640 1845 3641 1821 3641 1816 3641 1845 3642 1816 3642 1846 3642 1846 3643 1816 3643 1817 3643 1846 3644 1817 3644 1847 3644 1847 3645 1817 3645 1818 3645 1847 3646 1818 3646 1848 3646 1848 3647 1818 3647 1795 3647 1848 3648 1795 3648 1849 3648 1849 3649 1795 3649 1794 3649 1849 3650 1794 3650 1850 3650 1850 3651 1794 3651 1810 3651 1850 3652 1810 3652 1851 3652 1851 3653 1810 3653 1811 3653 1851 3654 1811 3654 1852 3654 1852 3655 1811 3655 1812 3655 1852 3656 1812 3656 1853 3656 1853 3657 1812 3657 1813 3657 1853 3658 1813 3658 1854 3658 1854 3659 1813 3659 1814 3659 1854 3660 1814 3660 1824 3660 1828 3661 1855 3661 1827 3661 1827 3662 1855 3662 1856 3662 1827 3663 1856 3663 1826 3663 1826 3664 1856 3664 1857 3664 1826 3665 1857 3665 1825 3665 1825 3666 1857 3666 1858 3666 1825 3667 1858 3667 1824 3667 1824 3668 1858 3668 1859 3668 1824 3669 1859 3669 1854 3669 1859 3670 1860 3670 1854 3670 1854 3671 1860 3671 1861 3671 1854 3672 1861 3672 1853 3672 1853 3673 1861 3673 1862 3673 1853 3674 1862 3674 1852 3674 1852 3675 1862 3675 1863 3675 1852 3676 1863 3676 1851 3676 1851 3677 1863 3677 1864 3677 1851 3678 1864 3678 1850 3678 1850 3679 1864 3679 1865 3679 1850 3680 1865 3680 1849 3680 1833 3681 1866 3681 1832 3681 1832 3682 1866 3682 1867 3682 1832 3683 1867 3683 1831 3683 1831 3684 1867 3684 1868 3684 1831 3685 1868 3685 1830 3685 1830 3686 1868 3686 1869 3686 1830 3687 1869 3687 1829 3687 1829 3688 1869 3688 1870 3688 1829 3689 1870 3689 1828 3689 1828 3690 1870 3690 1871 3690 1828 3691 1871 3691 1855 3691 1865 3692 1872 3692 1849 3692 1849 3693 1872 3693 1873 3693 1849 3694 1873 3694 1848 3694 1848 3695 1873 3695 1874 3695 1848 3696 1874 3696 1847 3696 1847 3697 1874 3697 1875 3697 1847 3698 1875 3698 1846 3698 1846 3699 1875 3699 1876 3699 1846 3700 1876 3700 1845 3700 1845 3701 1876 3701 1877 3701 1845 3702 1877 3702 1844 3702 1844 3703 1877 3703 1878 3703 1844 3704 1878 3704 1843 3704 1838 3705 1879 3705 1837 3705 1837 3706 1879 3706 1880 3706 1837 3707 1880 3707 1836 3707 1836 3708 1880 3708 1881 3708 1836 3709 1881 3709 1835 3709 1835 3710 1881 3710 1882 3710 1835 3711 1882 3711 1834 3711 1834 3712 1882 3712 1883 3712 1834 3713 1883 3713 1833 3713 1833 3714 1883 3714 1884 3714 1833 3715 1884 3715 1866 3715 1878 3716 1885 3716 1843 3716 1843 3717 1885 3717 1886 3717 1843 3718 1886 3718 1842 3718 1842 3719 1886 3719 1887 3719 1842 3720 1887 3720 1841 3720 1841 3721 1887 3721 1888 3721 1841 3722 1888 3722 1840 3722 1840 3723 1888 3723 1889 3723 1840 3724 1889 3724 1839 3724 1839 3725 1889 3725 1890 3725 1839 3726 1890 3726 1838 3726 1838 3727 1890 3727 1891 3727 1838 3728 1891 3728 1879 3728 1892 3729 1893 3729 1894 3729 1895 3730 1896 3730 1894 3730 1894 3731 1896 3731 1897 3731 1894 3732 1897 3732 1892 3732 1898 3733 1899 3733 1894 3733 1894 3734 1899 3734 1900 3734 1894 3735 1900 3735 1895 3735 1901 3736 1902 3736 1894 3736 1894 3737 1902 3737 1903 3737 1894 3738 1903 3738 1898 3738 1904 3739 1905 3739 1894 3739 1894 3740 1905 3740 1906 3740 1894 3741 1906 3741 1901 3741 1907 3742 1908 3742 1894 3742 1894 3743 1908 3743 1909 3743 1894 3744 1909 3744 1904 3744 1910 3745 1911 3745 1894 3745 1894 3746 1911 3746 1912 3746 1894 3747 1912 3747 1907 3747 1913 3748 1914 3748 1894 3748 1894 3749 1914 3749 1915 3749 1894 3750 1915 3750 1910 3750 1916 3751 1917 3751 1894 3751 1894 3752 1917 3752 1918 3752 1894 3753 1918 3753 1913 3753 1919 3754 1920 3754 1894 3754 1894 3755 1920 3755 1921 3755 1894 3756 1921 3756 1916 3756 1922 3757 1923 3757 1894 3757 1894 3758 1923 3758 1924 3758 1894 3759 1924 3759 1919 3759 1925 3760 1926 3760 1894 3760 1894 3761 1926 3761 1927 3761 1894 3762 1927 3762 1922 3762 1893 3763 1928 3763 1894 3763 1894 3764 1928 3764 1929 3764 1894 3765 1929 3765 1925 3765 1876 3766 1875 3766 1930 3766 1930 3767 1931 3767 1876 3767 1876 3768 1931 3768 1932 3768 1876 3769 1932 3769 1877 3769 1932 3770 1933 3770 1877 3770 1877 3771 1933 3771 1934 3771 1877 3772 1934 3772 1878 3772 1934 3773 1935 3773 1878 3773 1878 3774 1935 3774 1936 3774 1878 3775 1936 3775 1885 3775 1936 3776 1937 3776 1885 3776 1885 3777 1937 3777 1938 3777 1885 3778 1938 3778 1886 3778 1938 3779 1939 3779 1886 3779 1886 3780 1939 3780 1940 3780 1886 3781 1940 3781 1887 3781 1940 3782 1941 3782 1887 3782 1887 3783 1941 3783 1942 3783 1887 3784 1942 3784 1888 3784 1942 3785 1943 3785 1888 3785 1888 3786 1943 3786 1944 3786 1888 3787 1944 3787 1889 3787 1944 3788 1945 3788 1889 3788 1889 3789 1945 3789 1946 3789 1889 3790 1946 3790 1890 3790 1946 3791 1947 3791 1890 3791 1890 3792 1947 3792 1948 3792 1890 3793 1948 3793 1891 3793 1948 3794 1949 3794 1891 3794 1891 3795 1949 3795 1950 3795 1891 3796 1950 3796 1879 3796 1950 3797 1951 3797 1879 3797 1879 3798 1951 3798 1952 3798 1879 3799 1952 3799 1880 3799 1952 3800 1953 3800 1880 3800 1880 3801 1953 3801 1954 3801 1880 3802 1954 3802 1881 3802 1954 3803 1955 3803 1881 3803 1881 3804 1955 3804 1956 3804 1881 3805 1956 3805 1882 3805 1956 3806 1957 3806 1882 3806 1882 3807 1957 3807 1958 3807 1882 3808 1958 3808 1883 3808 1958 3809 1959 3809 1883 3809 1883 3810 1959 3810 1960 3810 1883 3811 1960 3811 1884 3811 1960 3812 1961 3812 1884 3812 1884 3813 1961 3813 1962 3813 1884 3814 1962 3814 1866 3814 1962 3815 1963 3815 1866 3815 1866 3816 1963 3816 1964 3816 1866 3817 1964 3817 1867 3817 1964 3818 1965 3818 1867 3818 1867 3819 1965 3819 1966 3819 1867 3820 1966 3820 1868 3820 1966 3821 1967 3821 1868 3821 1868 3822 1967 3822 1968 3822 1868 3823 1968 3823 1869 3823 1968 3824 1969 3824 1869 3824 1869 3825 1969 3825 1970 3825 1869 3826 1970 3826 1870 3826 1970 3827 1971 3827 1870 3827 1870 3828 1971 3828 1972 3828 1870 3829 1972 3829 1871 3829 1972 3830 1973 3830 1871 3830 1871 3831 1973 3831 1974 3831 1871 3832 1974 3832 1855 3832 1974 3833 1975 3833 1855 3833 1855 3834 1975 3834 1976 3834 1855 3835 1976 3835 1856 3835 1976 3836 1977 3836 1856 3836 1856 3837 1977 3837 1978 3837 1856 3838 1978 3838 1857 3838 1978 3839 1979 3839 1857 3839 1857 3840 1979 3840 1980 3840 1857 3841 1980 3841 1858 3841 1980 3842 1981 3842 1858 3842 1858 3843 1981 3843 1982 3843 1858 3844 1982 3844 1859 3844 1982 3845 1983 3845 1859 3845 1859 3846 1983 3846 1984 3846 1859 3847 1984 3847 1860 3847 1860 3848 1984 3848 1985 3848 1985 3849 1986 3849 1860 3849 1860 3850 1986 3850 1987 3850 1860 3851 1987 3851 1861 3851 1987 3852 1988 3852 1861 3852 1861 3853 1988 3853 1989 3853 1861 3854 1989 3854 1862 3854 1989 3855 1990 3855 1862 3855 1862 3856 1990 3856 1991 3856 1862 3857 1991 3857 1863 3857 1991 3858 1992 3858 1863 3858 1863 3859 1992 3859 1993 3859 1863 3860 1993 3860 1864 3860 1993 3861 1994 3861 1864 3861 1864 3862 1994 3862 1995 3862 1864 3863 1995 3863 1865 3863 1995 3864 1996 3864 1865 3864 1865 3865 1996 3865 1997 3865 1865 3866 1997 3866 1872 3866 1997 3867 1998 3867 1872 3867 1872 3868 1998 3868 1999 3868 1872 3869 1999 3869 1873 3869 1999 3870 2000 3870 1873 3870 1873 3871 2000 3871 2001 3871 1873 3872 2001 3872 1874 3872 2001 3873 2002 3873 1874 3873 1874 3874 2002 3874 2003 3874 1874 3875 2003 3875 1875 3875 1875 3876 2003 3876 2004 3876 1875 3877 2004 3877 1930 3877 1893 3878 1892 3878 2005 3878 2005 3879 2006 3879 1893 3879 1893 3880 2006 3880 2007 3880 1893 3881 2007 3881 1928 3881 2007 3882 2008 3882 1928 3882 1928 3883 2008 3883 2009 3883 1928 3884 2009 3884 1929 3884 2009 3885 2010 3885 1929 3885 1929 3886 2010 3886 2011 3886 1929 3887 2011 3887 1925 3887 2011 3888 2012 3888 1925 3888 1925 3889 2012 3889 2013 3889 1925 3890 2013 3890 1926 3890 2013 3891 2014 3891 1926 3891 1926 3892 2014 3892 2015 3892 1926 3893 2015 3893 1927 3893 2015 3894 2016 3894 1927 3894 1927 3895 2016 3895 2017 3895 1927 3896 2017 3896 1922 3896 2017 3897 2018 3897 1922 3897 1922 3898 2018 3898 2019 3898 1922 3899 2019 3899 1923 3899 2019 3900 2020 3900 1923 3900 1923 3901 2020 3901 2021 3901 1923 3902 2021 3902 1924 3902 2021 3903 2022 3903 1924 3903 1924 3904 2022 3904 2023 3904 1924 3905 2023 3905 1919 3905 2023 3906 2024 3906 1919 3906 1919 3907 2024 3907 2025 3907 1919 3908 2025 3908 1920 3908 2025 3909 2026 3909 1920 3909 1920 3910 2026 3910 2027 3910 1920 3911 2027 3911 1921 3911 2027 3912 2028 3912 1921 3912 1921 3913 2028 3913 2029 3913 1921 3914 2029 3914 1916 3914 2029 3915 2030 3915 1916 3915 1916 3916 2030 3916 2031 3916 1916 3917 2031 3917 1917 3917 2031 3918 2032 3918 1917 3918 1917 3919 2032 3919 2033 3919 1917 3920 2033 3920 1918 3920 2033 3921 2034 3921 1918 3921 1918 3922 2034 3922 2035 3922 1918 3923 2035 3923 1913 3923 2035 3924 2036 3924 1913 3924 1913 3925 2036 3925 2037 3925 1913 3926 2037 3926 1914 3926 2037 3927 2038 3927 1914 3927 1914 3928 2038 3928 2039 3928 1914 3929 2039 3929 1915 3929 2039 3930 2040 3930 1915 3930 1915 3931 2040 3931 2041 3931 1915 3932 2041 3932 1910 3932 2041 3933 2042 3933 1910 3933 1910 3934 2042 3934 2043 3934 1910 3935 2043 3935 1911 3935 2043 3936 2044 3936 1911 3936 1911 3937 2044 3937 2045 3937 1911 3938 2045 3938 1912 3938 2045 3939 2046 3939 1912 3939 1912 3940 2046 3940 2047 3940 1912 3941 2047 3941 1907 3941 2047 3942 2048 3942 1907 3942 1907 3943 2048 3943 2049 3943 1907 3944 2049 3944 1908 3944 2049 3945 2050 3945 1908 3945 1908 3946 2050 3946 2051 3946 1908 3947 2051 3947 1909 3947 2051 3948 2052 3948 1909 3948 1909 3949 2052 3949 2053 3949 1909 3950 2053 3950 1904 3950 2053 3951 2054 3951 1904 3951 1904 3952 2054 3952 2055 3952 1904 3953 2055 3953 1905 3953 2055 3954 2056 3954 1905 3954 1905 3955 2056 3955 2057 3955 1905 3956 2057 3956 1906 3956 2057 3957 2058 3957 1906 3957 1906 3958 2058 3958 2059 3958 1906 3959 2059 3959 1901 3959 2059 3960 2060 3960 1901 3960 1901 3961 2060 3961 2061 3961 1901 3962 2061 3962 1902 3962 2061 3963 2062 3963 1902 3963 1902 3964 2062 3964 2063 3964 1902 3965 2063 3965 1903 3965 2063 3966 2064 3966 1903 3966 1903 3967 2064 3967 2065 3967 1903 3968 2065 3968 1898 3968 2065 3969 2066 3969 1898 3969 1898 3970 2066 3970 2067 3970 1898 3971 2067 3971 1899 3971 2067 3972 2068 3972 1899 3972 1899 3973 2068 3973 2069 3973 1899 3974 2069 3974 1900 3974 2069 3975 2070 3975 1900 3975 1900 3976 2070 3976 2071 3976 1900 3977 2071 3977 1895 3977 2071 3978 2072 3978 1895 3978 1895 3979 2072 3979 2073 3979 1895 3980 2073 3980 1896 3980 2073 3981 2074 3981 1896 3981 1896 3982 2074 3982 2075 3982 1896 3983 2075 3983 1897 3983 2075 3984 2076 3984 1897 3984 1897 3985 2076 3985 2077 3985 1897 3986 2077 3986 1892 3986 1892 3987 2077 3987 2078 3987 1892 3988 2078 3988 2005 3988 1985 3989 1984 3989 2079 3989 2079 3990 1984 3990 1983 3990 2079 3991 1983 3991 2080 3991 2080 3992 1983 3992 1982 3992 2080 3993 1982 3993 2081 3993 2081 3994 1982 3994 1981 3994 2081 3995 1981 3995 2082 3995 2082 3996 1981 3996 1980 3996 2082 3997 1980 3997 2083 3997 2083 3998 1980 3998 1979 3998 2083 3999 1979 3999 2084 3999 2084 4000 1979 4000 1978 4000 2084 4001 1978 4001 2085 4001 2085 4002 1978 4002 1977 4002 2085 4003 1977 4003 2086 4003 2086 4004 1977 4004 1976 4004 2086 4005 1976 4005 2087 4005 2087 4006 1976 4006 1975 4006 2087 4007 1975 4007 2088 4007 2088 4008 1975 4008 1974 4008 2088 4009 1974 4009 2089 4009 2089 4010 1974 4010 1973 4010 2089 4011 1973 4011 2090 4011 2090 4012 1973 4012 1972 4012 2090 4013 1972 4013 2091 4013 2091 4014 1972 4014 1971 4014 2091 4015 1971 4015 2092 4015 2092 4016 1971 4016 1970 4016 2092 4017 1970 4017 2093 4017 2093 4018 1970 4018 1969 4018 2093 4019 1969 4019 2094 4019 2094 4020 1969 4020 1968 4020 2094 4021 1968 4021 2095 4021 2095 4022 1968 4022 1967 4022 2095 4023 1967 4023 2096 4023 2096 4024 1967 4024 1966 4024 2096 4025 1966 4025 2097 4025 2097 4026 1966 4026 1965 4026 2097 4027 1965 4027 2098 4027 2098 4028 1965 4028 1964 4028 2098 4029 1964 4029 2099 4029 2099 4030 1964 4030 1963 4030 2099 4031 1963 4031 2100 4031 2100 4032 1963 4032 1962 4032 2100 4033 1962 4033 2101 4033 2101 4034 1962 4034 1961 4034 2101 4035 1961 4035 2102 4035 2102 4036 1961 4036 1960 4036 2102 4037 1960 4037 2103 4037 2103 4038 1960 4038 1959 4038 2103 4039 1959 4039 2104 4039 2104 4040 1959 4040 1958 4040 2104 4041 1958 4041 2105 4041 2105 4042 1958 4042 1957 4042 2105 4043 1957 4043 2106 4043 2106 4044 1957 4044 1956 4044 2106 4045 1956 4045 2107 4045 2107 4046 1956 4046 1955 4046 2107 4047 1955 4047 2108 4047 2108 4048 1955 4048 1954 4048 2108 4049 1954 4049 2109 4049 2109 4050 1954 4050 1953 4050 2109 4051 1953 4051 2110 4051 2110 4052 1953 4052 1952 4052 2110 4053 1952 4053 2111 4053 2111 4054 1952 4054 1951 4054 2111 4055 1951 4055 2112 4055 2112 4056 1951 4056 1950 4056 2112 4057 1950 4057 2113 4057 2113 4058 1950 4058 1949 4058 2113 4059 1949 4059 2114 4059 2114 4060 1949 4060 1948 4060 2114 4061 1948 4061 2115 4061 2115 4062 1948 4062 1947 4062 2115 4063 1947 4063 2116 4063 2116 4064 1947 4064 1946 4064 2116 4065 1946 4065 2117 4065 2117 4066 1946 4066 1945 4066 2117 4067 1945 4067 2118 4067 2118 4068 1945 4068 1944 4068 2118 4069 1944 4069 2119 4069 2119 4070 1944 4070 1943 4070 2119 4071 1943 4071 2120 4071 2120 4072 1943 4072 1942 4072 2120 4073 1942 4073 2121 4073 2121 4074 1942 4074 1941 4074 2121 4075 1941 4075 2122 4075 2122 4076 1941 4076 1940 4076 2122 4077 1940 4077 2123 4077 2123 4078 1940 4078 1939 4078 2123 4079 1939 4079 2124 4079 2124 4080 1939 4080 1938 4080 2124 4081 1938 4081 2125 4081 2125 4082 1938 4082 1937 4082 2125 4083 1937 4083 2126 4083 2126 4084 1937 4084 1936 4084 2126 4085 1936 4085 2127 4085 2127 4086 1936 4086 1935 4086 2127 4087 1935 4087 2128 4087 2128 4088 1935 4088 1934 4088 2128 4089 1934 4089 2129 4089 2129 4090 1934 4090 1933 4090 2129 4091 1933 4091 2130 4091 2130 4092 1933 4092 1932 4092 2130 4093 1932 4093 2131 4093 2131 4094 1932 4094 1931 4094 2131 4095 1931 4095 2132 4095 2132 4096 1931 4096 1930 4096 2132 4097 1930 4097 2133 4097 2133 4098 1930 4098 2004 4098 2133 4099 2004 4099 2134 4099 2134 4100 2004 4100 2003 4100 2134 4101 2003 4101 2135 4101 2135 4102 2003 4102 2002 4102 2135 4103 2002 4103 2136 4103 2136 4104 2002 4104 2001 4104 2136 4105 2001 4105 2137 4105 2137 4106 2001 4106 2000 4106 2137 4107 2000 4107 2138 4107 2138 4108 2000 4108 1999 4108 2138 4109 1999 4109 2139 4109 2139 4110 1999 4110 1998 4110 2139 4111 1998 4111 2140 4111 2140 4112 1998 4112 1997 4112 2140 4113 1997 4113 2141 4113 2141 4114 1997 4114 1996 4114 2141 4115 1996 4115 2142 4115 2142 4116 1996 4116 1995 4116 2142 4117 1995 4117 2143 4117 2143 4118 1995 4118 1994 4118 2143 4119 1994 4119 2144 4119 2144 4120 1994 4120 1993 4120 2144 4121 1993 4121 2145 4121 2145 4122 1993 4122 1992 4122 2145 4123 1992 4123 2146 4123 2146 4124 1992 4124 1991 4124 2146 4125 1991 4125 2147 4125 2147 4126 1991 4126 1990 4126 2147 4127 1990 4127 2148 4127 2148 4128 1990 4128 1989 4128 2148 4129 1989 4129 2149 4129 2149 4130 1989 4130 1988 4130 2149 4131 1988 4131 2150 4131 2150 4132 1988 4132 1987 4132 2150 4133 1987 4133 2151 4133 2151 4134 1987 4134 1986 4134 2151 4135 1986 4135 2152 4135 2152 4136 1986 4136 1985 4136 2152 4137 1985 4137 2079 4137 2153 4138 2154 4138 2061 4138 2061 4139 2154 4139 2155 4139 2061 4140 2155 4140 2062 4140 2062 4141 2155 4141 2156 4141 2062 4142 2156 4142 2063 4142 2063 4143 2156 4143 2157 4143 2063 4144 2157 4144 2064 4144 2064 4145 2157 4145 2158 4145 2064 4146 2158 4146 2065 4146 2065 4147 2158 4147 2159 4147 2065 4148 2159 4148 2066 4148 2066 4149 2159 4149 2160 4149 2066 4150 2160 4150 2067 4150 2067 4151 2160 4151 2161 4151 2067 4152 2161 4152 2068 4152 2068 4153 2161 4153 2162 4153 2068 4154 2162 4154 2069 4154 2069 4155 2162 4155 2163 4155 2069 4156 2163 4156 2070 4156 2070 4157 2163 4157 2164 4157 2070 4158 2164 4158 2071 4158 2071 4159 2164 4159 2165 4159 2071 4160 2165 4160 2072 4160 2072 4161 2165 4161 2166 4161 2072 4162 2166 4162 2073 4162 2073 4163 2166 4163 2167 4163 2073 4164 2167 4164 2074 4164 2074 4165 2167 4165 2168 4165 2074 4166 2168 4166 2075 4166 2075 4167 2168 4167 2169 4167 2075 4168 2169 4168 2076 4168 2076 4169 2169 4169 2170 4169 2076 4170 2170 4170 2077 4170 2077 4171 2170 4171 2171 4171 2077 4172 2171 4172 2078 4172 2078 4173 2171 4173 2172 4173 2078 4174 2172 4174 2005 4174 2005 4175 2172 4175 2173 4175 2005 4176 2173 4176 2006 4176 2006 4177 2173 4177 2174 4177 2006 4178 2174 4178 2007 4178 2007 4179 2174 4179 2175 4179 2007 4180 2175 4180 2008 4180 2008 4181 2175 4181 2176 4181 2008 4182 2176 4182 2009 4182 2009 4183 2176 4183 2177 4183 2009 4184 2177 4184 2010 4184 2010 4185 2177 4185 2178 4185 2010 4186 2178 4186 2011 4186 2011 4187 2178 4187 2179 4187 2011 4188 2179 4188 2012 4188 2012 4189 2179 4189 2180 4189 2012 4190 2180 4190 2013 4190 2013 4191 2180 4191 2181 4191 2013 4192 2181 4192 2014 4192 2014 4193 2181 4193 2182 4193 2014 4194 2182 4194 2015 4194 2015 4195 2182 4195 2183 4195 2015 4196 2183 4196 2016 4196 2016 4197 2183 4197 2184 4197 2016 4198 2184 4198 2017 4198 2017 4199 2184 4199 2185 4199 2017 4200 2185 4200 2018 4200 2018 4201 2185 4201 2186 4201 2018 4202 2186 4202 2019 4202 2019 4203 2186 4203 2187 4203 2019 4204 2187 4204 2020 4204 2020 4205 2187 4205 2188 4205 2020 4206 2188 4206 2021 4206 2021 4207 2188 4207 2189 4207 2021 4208 2189 4208 2022 4208 2022 4209 2189 4209 2190 4209 2022 4210 2190 4210 2023 4210 2023 4211 2190 4211 2191 4211 2023 4212 2191 4212 2024 4212 2024 4213 2191 4213 2192 4213 2024 4214 2192 4214 2025 4214 2025 4215 2192 4215 2193 4215 2025 4216 2193 4216 2026 4216 2026 4217 2193 4217 2194 4217 2026 4218 2194 4218 2027 4218 2027 4219 2194 4219 2195 4219 2027 4220 2195 4220 2028 4220 2028 4221 2195 4221 2196 4221 2028 4222 2196 4222 2029 4222 2029 4223 2196 4223 2197 4223 2029 4224 2197 4224 2030 4224 2030 4225 2197 4225 2198 4225 2030 4226 2198 4226 2031 4226 2031 4227 2198 4227 2199 4227 2031 4228 2199 4228 2032 4228 2032 4229 2199 4229 2200 4229 2032 4230 2200 4230 2033 4230 2033 4231 2200 4231 2201 4231 2033 4232 2201 4232 2034 4232 2034 4233 2201 4233 2202 4233 2034 4234 2202 4234 2035 4234 2035 4235 2202 4235 2203 4235 2035 4236 2203 4236 2036 4236 2036 4237 2203 4237 2204 4237 2036 4238 2204 4238 2037 4238 2037 4239 2204 4239 2205 4239 2037 4240 2205 4240 2038 4240 2038 4241 2205 4241 2206 4241 2038 4242 2206 4242 2039 4242 2039 4243 2206 4243 2207 4243 2039 4244 2207 4244 2040 4244 2040 4245 2207 4245 2208 4245 2040 4246 2208 4246 2041 4246 2041 4247 2208 4247 2209 4247 2041 4248 2209 4248 2042 4248 2042 4249 2209 4249 2210 4249 2042 4250 2210 4250 2043 4250 2043 4251 2210 4251 2211 4251 2043 4252 2211 4252 2044 4252 2044 4253 2211 4253 2212 4253 2044 4254 2212 4254 2045 4254 2045 4255 2212 4255 2213 4255 2045 4256 2213 4256 2046 4256 2046 4257 2213 4257 2214 4257 2046 4258 2214 4258 2047 4258 2047 4259 2214 4259 2215 4259 2047 4260 2215 4260 2048 4260 2048 4261 2215 4261 2216 4261 2048 4262 2216 4262 2049 4262 2049 4263 2216 4263 2217 4263 2049 4264 2217 4264 2050 4264 2050 4265 2217 4265 2218 4265 2050 4266 2218 4266 2051 4266 2051 4267 2218 4267 2219 4267 2051 4268 2219 4268 2052 4268 2052 4269 2219 4269 2220 4269 2052 4270 2220 4270 2053 4270 2053 4271 2220 4271 2221 4271 2053 4272 2221 4272 2054 4272 2054 4273 2221 4273 2222 4273 2054 4274 2222 4274 2055 4274 2055 4275 2222 4275 2223 4275 2055 4276 2223 4276 2056 4276 2056 4277 2223 4277 2224 4277 2056 4278 2224 4278 2057 4278 2057 4279 2224 4279 2225 4279 2057 4280 2225 4280 2058 4280 2058 4281 2225 4281 2226 4281 2058 4282 2226 4282 2059 4282 2059 4283 2226 4283 2227 4283 2059 4284 2227 4284 2060 4284 2060 4285 2227 4285 2153 4285 2060 4286 2153 4286 2061 4286 2228 4287 2229 4287 2097 4287 2097 4288 2098 4288 2228 4288 2228 4289 2098 4289 2099 4289 2228 4290 2099 4290 2230 4290 2099 4291 2100 4291 2230 4291 2230 4292 2100 4292 2101 4292 2230 4293 2101 4293 2231 4293 2101 4294 2102 4294 2231 4294 2231 4295 2102 4295 2103 4295 2231 4296 2103 4296 2232 4296 2103 4297 2104 4297 2232 4297 2232 4298 2104 4298 2105 4298 2232 4299 2105 4299 2233 4299 2105 4300 2106 4300 2233 4300 2233 4301 2106 4301 2107 4301 2233 4302 2107 4302 2234 4302 2107 4303 2108 4303 2234 4303 2234 4304 2108 4304 2109 4304 2234 4305 2109 4305 2235 4305 2109 4306 2110 4306 2235 4306 2235 4307 2110 4307 2111 4307 2235 4308 2111 4308 2236 4308 2111 4309 2112 4309 2236 4309 2236 4310 2112 4310 2113 4310 2236 4311 2113 4311 2237 4311 2113 4312 2114 4312 2237 4312 2237 4313 2114 4313 2115 4313 2237 4314 2115 4314 2238 4314 2115 4315 2116 4315 2238 4315 2238 4316 2116 4316 2117 4316 2238 4317 2117 4317 2239 4317 2117 4318 2118 4318 2239 4318 2239 4319 2118 4319 2119 4319 2239 4320 2119 4320 2240 4320 2119 4321 2120 4321 2240 4321 2240 4322 2120 4322 2121 4322 2240 4323 2121 4323 2241 4323 2121 4324 2122 4324 2241 4324 2241 4325 2122 4325 2123 4325 2241 4326 2123 4326 2242 4326 2123 4327 2124 4327 2242 4327 2242 4328 2124 4328 2125 4328 2242 4329 2125 4329 2243 4329 2125 4330 2126 4330 2243 4330 2243 4331 2126 4331 2127 4331 2243 4332 2127 4332 2244 4332 2127 4333 2128 4333 2244 4333 2244 4334 2128 4334 2129 4334 2244 4335 2129 4335 2245 4335 2129 4336 2130 4336 2245 4336 2245 4337 2130 4337 2131 4337 2245 4338 2131 4338 2246 4338 2131 4339 2132 4339 2246 4339 2246 4340 2132 4340 2133 4340 2246 4341 2133 4341 2247 4341 2133 4342 2134 4342 2247 4342 2247 4343 2134 4343 2135 4343 2247 4344 2135 4344 2248 4344 2135 4345 2136 4345 2248 4345 2248 4346 2136 4346 2137 4346 2248 4347 2137 4347 2249 4347 2137 4348 2138 4348 2249 4348 2249 4349 2138 4349 2139 4349 2249 4350 2139 4350 2250 4350 2139 4351 2140 4351 2250 4351 2250 4352 2140 4352 2141 4352 2250 4353 2141 4353 2251 4353 2141 4354 2142 4354 2251 4354 2251 4355 2142 4355 2143 4355 2251 4356 2143 4356 2252 4356 2143 4357 2144 4357 2252 4357 2252 4358 2144 4358 2145 4358 2252 4359 2145 4359 2253 4359 2145 4360 2146 4360 2253 4360 2253 4361 2146 4361 2147 4361 2253 4362 2147 4362 2254 4362 2147 4363 2148 4363 2254 4363 2254 4364 2148 4364 2149 4364 2254 4365 2149 4365 2255 4365 2149 4366 2150 4366 2255 4366 2255 4367 2150 4367 2151 4367 2255 4368 2151 4368 2256 4368 2151 4369 2152 4369 2256 4369 2256 4370 2152 4370 2079 4370 2256 4371 2079 4371 2257 4371 2079 4372 2080 4372 2257 4372 2257 4373 2080 4373 2081 4373 2257 4374 2081 4374 2258 4374 2081 4375 2082 4375 2258 4375 2258 4376 2082 4376 2083 4376 2258 4377 2083 4377 2259 4377 2083 4378 2084 4378 2259 4378 2259 4379 2084 4379 2085 4379 2259 4380 2085 4380 2260 4380 2085 4381 2086 4381 2260 4381 2260 4382 2086 4382 2087 4382 2260 4383 2087 4383 2261 4383 2087 4384 2088 4384 2261 4384 2261 4385 2088 4385 2089 4385 2261 4386 2089 4386 2262 4386 2089 4387 2090 4387 2262 4387 2262 4388 2090 4388 2091 4388 2262 4389 2091 4389 2263 4389 2091 4390 2092 4390 2263 4390 2263 4391 2092 4391 2093 4391 2263 4392 2093 4392 2264 4392 2093 4393 2094 4393 2264 4393 2264 4394 2094 4394 2095 4394 2264 4395 2095 4395 2229 4395 2229 4396 2095 4396 2096 4396 2229 4397 2096 4397 2097 4397 2265 4398 2266 4398 2208 4398 2208 4399 2207 4399 2265 4399 2265 4400 2207 4400 2206 4400 2265 4401 2206 4401 2267 4401 2206 4402 2205 4402 2267 4402 2267 4403 2205 4403 2204 4403 2267 4404 2204 4404 2268 4404 2204 4405 2203 4405 2268 4405 2268 4406 2203 4406 2202 4406 2268 4407 2202 4407 2269 4407 2202 4408 2201 4408 2269 4408 2269 4409 2201 4409 2200 4409 2269 4410 2200 4410 2270 4410 2200 4411 2199 4411 2270 4411 2270 4412 2199 4412 2198 4412 2270 4413 2198 4413 2271 4413 2198 4414 2197 4414 2271 4414 2271 4415 2197 4415 2196 4415 2271 4416 2196 4416 2272 4416 2196 4417 2195 4417 2272 4417 2272 4418 2195 4418 2194 4418 2272 4419 2194 4419 2273 4419 2194 4420 2193 4420 2273 4420 2273 4421 2193 4421 2192 4421 2273 4422 2192 4422 2274 4422 2192 4423 2191 4423 2274 4423 2274 4424 2191 4424 2190 4424 2274 4425 2190 4425 2275 4425 2190 4426 2189 4426 2275 4426 2275 4427 2189 4427 2188 4427 2275 4428 2188 4428 2276 4428 2188 4429 2187 4429 2276 4429 2276 4430 2187 4430 2186 4430 2276 4431 2186 4431 2277 4431 2186 4432 2185 4432 2277 4432 2277 4433 2185 4433 2184 4433 2277 4434 2184 4434 2278 4434 2184 4435 2183 4435 2278 4435 2278 4436 2183 4436 2182 4436 2278 4437 2182 4437 2279 4437 2182 4438 2181 4438 2279 4438 2279 4439 2181 4439 2180 4439 2279 4440 2180 4440 2280 4440 2180 4441 2179 4441 2280 4441 2280 4442 2179 4442 2178 4442 2280 4443 2178 4443 2281 4443 2178 4444 2177 4444 2281 4444 2281 4445 2177 4445 2176 4445 2281 4446 2176 4446 2282 4446 2176 4447 2175 4447 2282 4447 2282 4448 2175 4448 2174 4448 2282 4449 2174 4449 2283 4449 2174 4450 2173 4450 2283 4450 2283 4451 2173 4451 2172 4451 2283 4452 2172 4452 2284 4452 2172 4453 2171 4453 2284 4453 2284 4454 2171 4454 2170 4454 2284 4455 2170 4455 2285 4455 2170 4456 2169 4456 2285 4456 2285 4457 2169 4457 2168 4457 2285 4458 2168 4458 2286 4458 2168 4459 2167 4459 2286 4459 2286 4460 2167 4460 2166 4460 2286 4461 2166 4461 2287 4461 2166 4462 2165 4462 2287 4462 2287 4463 2165 4463 2164 4463 2287 4464 2164 4464 2288 4464 2164 4465 2163 4465 2288 4465 2288 4466 2163 4466 2162 4466 2288 4467 2162 4467 2289 4467 2162 4468 2161 4468 2289 4468 2289 4469 2161 4469 2160 4469 2289 4470 2160 4470 2290 4470 2160 4471 2159 4471 2290 4471 2290 4472 2159 4472 2158 4472 2290 4473 2158 4473 2291 4473 2158 4474 2157 4474 2291 4474 2291 4475 2157 4475 2156 4475 2291 4476 2156 4476 2292 4476 2153 4477 2293 4477 2154 4477 2154 4478 2293 4478 2292 4478 2154 4479 2292 4479 2155 4479 2155 4480 2292 4480 2156 4480 2153 4481 2227 4481 2293 4481 2293 4482 2227 4482 2226 4482 2293 4483 2226 4483 2294 4483 2226 4484 2225 4484 2294 4484 2294 4485 2225 4485 2224 4485 2294 4486 2224 4486 2295 4486 2224 4487 2223 4487 2295 4487 2295 4488 2223 4488 2222 4488 2295 4489 2222 4489 2296 4489 2222 4490 2221 4490 2296 4490 2296 4491 2221 4491 2220 4491 2296 4492 2220 4492 2297 4492 2220 4493 2219 4493 2297 4493 2297 4494 2219 4494 2218 4494 2297 4495 2218 4495 2298 4495 2218 4496 2217 4496 2298 4496 2298 4497 2217 4497 2216 4497 2298 4498 2216 4498 2299 4498 2216 4499 2215 4499 2299 4499 2299 4500 2215 4500 2214 4500 2299 4501 2214 4501 2300 4501 2214 4502 2213 4502 2300 4502 2300 4503 2213 4503 2212 4503 2300 4504 2212 4504 2301 4504 2212 4505 2211 4505 2301 4505 2301 4506 2211 4506 2210 4506 2301 4507 2210 4507 2266 4507 2266 4508 2210 4508 2209 4508 2266 4509 2209 4509 2208 4509 2302 4510 2242 4510 2303 4510 2303 4511 2242 4511 2243 4511 2303 4512 2243 4512 2304 4512 2304 4513 2243 4513 2244 4513 2304 4514 2244 4514 2305 4514 2305 4515 2244 4515 2245 4515 2305 4516 2245 4516 2306 4516 2306 4517 2245 4517 2246 4517 2306 4518 2246 4518 2307 4518 2307 4519 2246 4519 2247 4519 2307 4520 2247 4520 2308 4520 2308 4521 2247 4521 2248 4521 2308 4522 2248 4522 2309 4522 2309 4523 2248 4523 2249 4523 2309 4524 2249 4524 2310 4524 2310 4525 2249 4525 2250 4525 2310 4526 2250 4526 2311 4526 2311 4527 2250 4527 2251 4527 2311 4528 2251 4528 2312 4528 2312 4529 2251 4529 2252 4529 2312 4530 2252 4530 2313 4530 2313 4531 2252 4531 2253 4531 2313 4532 2253 4532 2314 4532 2314 4533 2253 4533 2254 4533 2314 4534 2254 4534 2315 4534 2315 4535 2254 4535 2255 4535 2315 4536 2255 4536 2316 4536 2316 4537 2255 4537 2256 4537 2316 4538 2256 4538 2317 4538 2317 4539 2256 4539 2257 4539 2317 4540 2257 4540 2318 4540 2318 4541 2257 4541 2258 4541 2318 4542 2258 4542 2319 4542 2319 4543 2258 4543 2259 4543 2319 4544 2259 4544 2320 4544 2259 4545 2260 4545 2320 4545 2320 4546 2260 4546 2261 4546 2320 4547 2261 4547 2321 4547 2321 4548 2261 4548 2262 4548 2321 4549 2262 4549 2322 4549 2322 4550 2262 4550 2263 4550 2322 4551 2263 4551 2323 4551 2323 4552 2263 4552 2264 4552 2323 4553 2264 4553 2324 4553 2324 4554 2264 4554 2229 4554 2324 4555 2229 4555 2325 4555 2325 4556 2229 4556 2228 4556 2325 4557 2228 4557 2326 4557 2326 4558 2228 4558 2230 4558 2326 4559 2230 4559 2327 4559 2327 4560 2230 4560 2231 4560 2327 4561 2231 4561 2328 4561 2328 4562 2231 4562 2232 4562 2328 4563 2232 4563 2329 4563 2329 4564 2232 4564 2233 4564 2329 4565 2233 4565 2330 4565 2330 4566 2233 4566 2234 4566 2330 4567 2234 4567 2331 4567 2331 4568 2234 4568 2235 4568 2331 4569 2235 4569 2332 4569 2332 4570 2235 4570 2236 4570 2332 4571 2236 4571 2333 4571 2333 4572 2236 4572 2237 4572 2333 4573 2237 4573 2334 4573 2334 4574 2237 4574 2238 4574 2334 4575 2238 4575 2335 4575 2335 4576 2238 4576 2239 4576 2335 4577 2239 4577 2336 4577 2336 4578 2239 4578 2240 4578 2336 4579 2240 4579 2302 4579 2302 4580 2240 4580 2241 4580 2302 4581 2241 4581 2242 4581 2282 4582 2283 4582 2337 4582 2337 4583 2283 4583 2284 4583 2337 4584 2284 4584 2338 4584 2338 4585 2284 4585 2285 4585 2338 4586 2285 4586 2339 4586 2339 4587 2285 4587 2286 4587 2339 4588 2286 4588 2340 4588 2340 4589 2286 4589 2287 4589 2340 4590 2287 4590 2341 4590 2341 4591 2287 4591 2288 4591 2341 4592 2288 4592 2342 4592 2342 4593 2288 4593 2289 4593 2342 4594 2289 4594 2343 4594 2343 4595 2289 4595 2290 4595 2343 4596 2290 4596 2344 4596 2344 4597 2290 4597 2291 4597 2344 4598 2291 4598 2345 4598 2345 4599 2291 4599 2292 4599 2345 4600 2292 4600 2346 4600 2346 4601 2292 4601 2293 4601 2346 4602 2293 4602 2347 4602 2347 4603 2293 4603 2294 4603 2347 4604 2294 4604 2348 4604 2348 4605 2294 4605 2295 4605 2348 4606 2295 4606 2349 4606 2349 4607 2295 4607 2296 4607 2349 4608 2296 4608 2350 4608 2350 4609 2296 4609 2297 4609 2350 4610 2297 4610 2351 4610 2351 4611 2297 4611 2298 4611 2351 4612 2298 4612 2352 4612 2352 4613 2298 4613 2299 4613 2352 4614 2299 4614 2353 4614 2353 4615 2299 4615 2300 4615 2353 4616 2300 4616 2354 4616 2354 4617 2300 4617 2301 4617 2354 4618 2301 4618 2355 4618 2355 4619 2301 4619 2266 4619 2355 4620 2266 4620 2356 4620 2356 4621 2266 4621 2265 4621 2356 4622 2265 4622 2357 4622 2357 4623 2265 4623 2267 4623 2357 4624 2267 4624 2358 4624 2358 4625 2267 4625 2268 4625 2358 4626 2268 4626 2359 4626 2359 4627 2268 4627 2269 4627 2359 4628 2269 4628 2360 4628 2360 4629 2269 4629 2270 4629 2360 4630 2270 4630 2361 4630 2361 4631 2270 4631 2271 4631 2361 4632 2271 4632 2362 4632 2362 4633 2271 4633 2272 4633 2362 4634 2272 4634 2363 4634 2363 4635 2272 4635 2273 4635 2363 4636 2273 4636 2364 4636 2364 4637 2273 4637 2274 4637 2364 4638 2274 4638 2365 4638 2365 4639 2274 4639 2275 4639 2365 4640 2275 4640 2366 4640 2366 4641 2275 4641 2276 4641 2366 4642 2276 4642 2367 4642 2367 4643 2276 4643 2277 4643 2367 4644 2277 4644 2368 4644 2368 4645 2277 4645 2278 4645 2368 4646 2278 4646 2369 4646 2369 4647 2278 4647 2279 4647 2369 4648 2279 4648 2370 4648 2370 4649 2279 4649 2280 4649 2370 4650 2280 4650 2371 4650 2371 4651 2280 4651 2281 4651 2371 4652 2281 4652 2372 4652 2372 4653 2281 4653 2282 4653 2372 4654 2282 4654 2337 4654 2373 4655 2374 4655 2375 4655 2376 4656 2377 4656 2375 4656 2375 4657 2377 4657 2378 4657 2375 4658 2378 4658 2373 4658 2379 4659 2380 4659 2375 4659 2375 4660 2380 4660 2381 4660 2375 4661 2381 4661 2376 4661 2382 4662 2383 4662 2375 4662 2375 4663 2383 4663 2384 4663 2375 4664 2384 4664 2379 4664 2385 4665 2386 4665 2375 4665 2375 4666 2386 4666 2387 4666 2375 4667 2387 4667 2382 4667 2374 4668 2388 4668 2375 4668 2375 4669 2388 4669 2389 4669 2375 4670 2389 4670 2385 4670 2390 4671 2391 4671 2392 4671 2393 4672 2394 4672 2392 4672 2392 4673 2394 4673 2395 4673 2392 4674 2395 4674 2390 4674 2396 4675 2397 4675 2392 4675 2392 4676 2397 4676 2398 4676 2392 4677 2398 4677 2393 4677 2399 4678 2400 4678 2392 4678 2392 4679 2400 4679 2401 4679 2392 4680 2401 4680 2396 4680 2402 4681 2403 4681 2392 4681 2392 4682 2403 4682 2404 4682 2392 4683 2404 4683 2399 4683 2391 4684 2405 4684 2392 4684 2392 4685 2405 4685 2406 4685 2392 4686 2406 4686 2402 4686 2407 4687 2334 4687 2408 4687 2408 4688 2334 4688 2335 4688 2408 4689 2335 4689 2409 4689 2409 4690 2335 4690 2336 4690 2409 4691 2336 4691 2410 4691 2410 4692 2336 4692 2302 4692 2410 4693 2302 4693 2411 4693 2411 4694 2302 4694 2303 4694 2411 4695 2303 4695 2412 4695 2412 4696 2303 4696 2304 4696 2412 4697 2304 4697 2413 4697 2413 4698 2304 4698 2305 4698 2413 4699 2305 4699 2414 4699 2414 4700 2305 4700 2306 4700 2414 4701 2306 4701 2415 4701 2415 4702 2306 4702 2307 4702 2415 4703 2307 4703 2416 4703 2416 4704 2307 4704 2308 4704 2416 4705 2308 4705 2417 4705 2417 4706 2308 4706 2309 4706 2417 4707 2309 4707 2418 4707 2418 4708 2309 4708 2310 4708 2418 4709 2310 4709 2419 4709 2419 4710 2310 4710 2311 4710 2419 4711 2311 4711 2420 4711 2420 4712 2311 4712 2312 4712 2420 4713 2312 4713 2421 4713 2421 4714 2312 4714 2313 4714 2421 4715 2313 4715 2422 4715 2422 4716 2313 4716 2314 4716 2422 4717 2314 4717 2423 4717 2423 4718 2314 4718 2315 4718 2423 4719 2315 4719 2424 4719 2424 4720 2315 4720 2316 4720 2424 4721 2316 4721 2425 4721 2425 4722 2316 4722 2317 4722 2425 4723 2317 4723 2426 4723 2426 4724 2317 4724 2318 4724 2426 4725 2318 4725 2427 4725 2427 4726 2318 4726 2319 4726 2427 4727 2319 4727 2428 4727 2428 4728 2319 4728 2320 4728 2428 4729 2320 4729 2429 4729 2429 4730 2320 4730 2321 4730 2429 4731 2321 4731 2430 4731 2430 4732 2321 4732 2322 4732 2430 4733 2322 4733 2431 4733 2431 4734 2322 4734 2323 4734 2431 4735 2323 4735 2432 4735 2432 4736 2323 4736 2324 4736 2432 4737 2324 4737 2433 4737 2433 4738 2324 4738 2325 4738 2433 4739 2325 4739 2434 4739 2434 4740 2325 4740 2326 4740 2434 4741 2326 4741 2435 4741 2435 4742 2326 4742 2327 4742 2435 4743 2327 4743 2436 4743 2436 4744 2327 4744 2328 4744 2436 4745 2328 4745 2437 4745 2437 4746 2328 4746 2329 4746 2437 4747 2329 4747 2438 4747 2438 4748 2329 4748 2330 4748 2438 4749 2330 4749 2439 4749 2439 4750 2330 4750 2331 4750 2439 4751 2331 4751 2440 4751 2440 4752 2331 4752 2332 4752 2440 4753 2332 4753 2441 4753 2441 4754 2332 4754 2333 4754 2441 4755 2333 4755 2407 4755 2407 4756 2333 4756 2334 4756 2364 4757 2442 4757 2363 4757 2363 4758 2442 4758 2443 4758 2363 4759 2443 4759 2362 4759 2362 4760 2443 4760 2444 4760 2362 4761 2444 4761 2361 4761 2361 4762 2444 4762 2445 4762 2361 4763 2445 4763 2360 4763 2360 4764 2445 4764 2446 4764 2360 4765 2446 4765 2359 4765 2359 4766 2446 4766 2447 4766 2359 4767 2447 4767 2358 4767 2358 4768 2447 4768 2448 4768 2358 4769 2448 4769 2357 4769 2357 4770 2448 4770 2449 4770 2357 4771 2449 4771 2356 4771 2356 4772 2449 4772 2450 4772 2356 4773 2450 4773 2355 4773 2355 4774 2450 4774 2451 4774 2355 4775 2451 4775 2354 4775 2354 4776 2451 4776 2452 4776 2354 4777 2452 4777 2353 4777 2353 4778 2452 4778 2453 4778 2353 4779 2453 4779 2352 4779 2352 4780 2453 4780 2454 4780 2352 4781 2454 4781 2351 4781 2351 4782 2454 4782 2455 4782 2351 4783 2455 4783 2350 4783 2350 4784 2455 4784 2456 4784 2350 4785 2456 4785 2349 4785 2349 4786 2456 4786 2457 4786 2349 4787 2457 4787 2348 4787 2348 4788 2457 4788 2458 4788 2348 4789 2458 4789 2347 4789 2347 4790 2458 4790 2459 4790 2347 4791 2459 4791 2346 4791 2346 4792 2459 4792 2460 4792 2346 4793 2460 4793 2345 4793 2345 4794 2460 4794 2461 4794 2345 4795 2461 4795 2344 4795 2344 4796 2461 4796 2462 4796 2344 4797 2462 4797 2343 4797 2343 4798 2462 4798 2463 4798 2343 4799 2463 4799 2342 4799 2342 4800 2463 4800 2464 4800 2342 4801 2464 4801 2341 4801 2341 4802 2464 4802 2465 4802 2341 4803 2465 4803 2340 4803 2340 4804 2465 4804 2466 4804 2340 4805 2466 4805 2339 4805 2339 4806 2466 4806 2467 4806 2339 4807 2467 4807 2338 4807 2338 4808 2467 4808 2468 4808 2338 4809 2468 4809 2337 4809 2337 4810 2468 4810 2469 4810 2337 4811 2469 4811 2372 4811 2372 4812 2469 4812 2470 4812 2372 4813 2470 4813 2371 4813 2371 4814 2470 4814 2471 4814 2371 4815 2471 4815 2370 4815 2370 4816 2471 4816 2472 4816 2370 4817 2472 4817 2369 4817 2369 4818 2472 4818 2473 4818 2369 4819 2473 4819 2368 4819 2368 4820 2473 4820 2474 4820 2368 4821 2474 4821 2367 4821 2367 4822 2474 4822 2475 4822 2367 4823 2475 4823 2366 4823 2366 4824 2475 4824 2476 4824 2366 4825 2476 4825 2365 4825 2365 4826 2476 4826 2477 4826 2365 4827 2477 4827 2364 4827 2364 4828 2477 4828 2442 4828 2478 4829 2479 4829 2480 4829 2480 4830 2479 4830 2481 4830 2480 4831 2481 4831 2482 4831 2483 4832 2484 4832 2480 4832 2480 4833 2484 4833 2485 4833 2480 4834 2485 4834 2478 4834 2486 4835 2487 4835 2480 4835 2480 4836 2487 4836 2488 4836 2480 4837 2488 4837 2483 4837 2489 4838 2490 4838 2480 4838 2480 4839 2490 4839 2491 4839 2480 4840 2491 4840 2486 4840 2482 4841 2492 4841 2480 4841 2480 4842 2492 4842 2493 4842 2480 4843 2493 4843 2489 4843 2494 4844 2495 4844 2376 4844 2496 4845 2497 4845 2386 4845 2498 4846 2499 4846 2383 4846 2382 4847 2500 4847 2501 4847 2382 4848 2501 4848 2383 4848 2383 4849 2501 4849 2502 4849 2383 4850 2502 4850 2498 4850 2503 4851 2504 4851 2387 4851 2387 4852 2504 4852 2382 4852 2504 4853 2505 4853 2382 4853 2382 4854 2505 4854 2506 4854 2382 4855 2506 4855 2507 4855 2507 4856 2508 4856 2382 4856 2382 4857 2508 4857 2509 4857 2382 4858 2509 4858 2500 4858 2497 4859 2510 4859 2386 4859 2386 4860 2510 4860 2511 4860 2386 4861 2511 4861 2387 4861 2387 4862 2511 4862 2512 4862 2387 4863 2512 4863 2513 4863 2513 4864 2514 4864 2387 4864 2387 4865 2514 4865 2515 4865 2387 4866 2515 4866 2503 4866 2516 4867 2517 4867 2385 4867 2385 4868 2517 4868 2518 4868 2518 4869 2519 4869 2385 4869 2385 4870 2519 4870 2520 4870 2385 4871 2520 4871 2386 4871 2386 4872 2520 4872 2521 4872 2386 4873 2521 4873 2496 4873 2522 4874 2523 4874 2389 4874 2389 4875 2523 4875 2524 4875 2524 4876 2525 4876 2389 4876 2389 4877 2525 4877 2526 4877 2389 4878 2526 4878 2385 4878 2385 4879 2526 4879 2527 4879 2385 4880 2527 4880 2516 4880 2528 4881 2529 4881 2388 4881 2388 4882 2529 4882 2530 4882 2388 4883 2530 4883 2531 4883 2388 4884 2531 4884 2389 4884 2389 4885 2531 4885 2532 4885 2389 4886 2532 4886 2522 4886 2533 4887 2534 4887 2374 4887 2374 4888 2534 4888 2535 4888 2535 4889 2536 4889 2374 4889 2374 4890 2536 4890 2537 4890 2374 4891 2537 4891 2388 4891 2388 4892 2537 4892 2538 4892 2388 4893 2538 4893 2528 4893 2373 4894 2539 4894 2540 4894 2540 4895 2541 4895 2373 4895 2373 4896 2541 4896 2542 4896 2373 4897 2542 4897 2374 4897 2374 4898 2542 4898 2543 4898 2374 4899 2543 4899 2533 4899 2544 4900 2545 4900 2373 4900 2373 4901 2545 4901 2546 4901 2373 4902 2546 4902 2539 4902 2547 4903 2548 4903 2378 4903 2378 4904 2548 4904 2549 4904 2378 4905 2549 4905 2373 4905 2373 4906 2549 4906 2550 4906 2373 4907 2550 4907 2544 4907 2377 4908 2551 4908 2552 4908 2377 4909 2552 4909 2378 4909 2378 4910 2552 4910 2553 4910 2378 4911 2553 4911 2554 4911 2554 4912 2555 4912 2378 4912 2378 4913 2555 4913 2556 4913 2378 4914 2556 4914 2547 4914 2495 4915 2557 4915 2376 4915 2376 4916 2557 4916 2558 4916 2376 4917 2558 4917 2377 4917 2377 4918 2558 4918 2559 4918 2377 4919 2559 4919 2560 4919 2560 4920 2561 4920 2377 4920 2377 4921 2561 4921 2562 4921 2377 4922 2562 4922 2551 4922 2563 4923 2564 4923 2381 4923 2381 4924 2564 4924 2565 4924 2381 4925 2565 4925 2376 4925 2376 4926 2565 4926 2566 4926 2376 4927 2566 4927 2494 4927 2567 4928 2568 4928 2380 4928 2380 4929 2568 4929 2569 4929 2569 4930 2570 4930 2380 4930 2380 4931 2570 4931 2571 4931 2380 4932 2571 4932 2381 4932 2381 4933 2571 4933 2572 4933 2381 4934 2572 4934 2563 4934 2573 4935 2574 4935 2379 4935 2379 4936 2574 4936 2575 4936 2379 4937 2575 4937 2576 4937 2576 4938 2577 4938 2379 4938 2379 4939 2577 4939 2578 4939 2379 4940 2578 4940 2380 4940 2380 4941 2578 4941 2579 4941 2380 4942 2579 4942 2567 4942 2580 4943 2581 4943 2384 4943 2384 4944 2581 4944 2582 4944 2582 4945 2583 4945 2384 4945 2384 4946 2583 4946 2584 4946 2384 4947 2584 4947 2379 4947 2379 4948 2584 4948 2585 4948 2379 4949 2585 4949 2573 4949 2499 4950 2586 4950 2383 4950 2383 4951 2586 4951 2587 4951 2383 4952 2587 4952 2384 4952 2384 4953 2587 4953 2588 4953 2384 4954 2588 4954 2580 4954 2589 4955 2590 4955 2403 4955 2591 4956 2592 4956 2393 4956 2593 4957 2594 4957 2390 4957 2395 4958 2595 4958 2596 4958 2395 4959 2596 4959 2390 4959 2390 4960 2596 4960 2597 4960 2390 4961 2597 4961 2593 4961 2598 4962 2599 4962 2395 4962 2600 4963 2601 4963 2394 4963 2394 4964 2601 4964 2395 4964 2395 4965 2601 4965 2602 4965 2395 4966 2602 4966 2598 4966 2599 4967 2603 4967 2395 4967 2395 4968 2603 4968 2604 4968 2395 4969 2604 4969 2595 4969 2592 4970 2605 4970 2393 4970 2393 4971 2605 4971 2606 4971 2393 4972 2606 4972 2394 4972 2394 4973 2606 4973 2607 4973 2394 4974 2607 4974 2608 4974 2608 4975 2609 4975 2394 4975 2394 4976 2609 4976 2610 4976 2394 4977 2610 4977 2600 4977 2611 4978 2612 4978 2398 4978 2398 4979 2612 4979 2613 4979 2613 4980 2614 4980 2398 4980 2398 4981 2614 4981 2615 4981 2398 4982 2615 4982 2393 4982 2393 4983 2615 4983 2616 4983 2393 4984 2616 4984 2591 4984 2617 4985 2618 4985 2397 4985 2397 4986 2618 4986 2619 4986 2619 4987 2620 4987 2397 4987 2397 4988 2620 4988 2621 4988 2397 4989 2621 4989 2398 4989 2398 4990 2621 4990 2622 4990 2398 4991 2622 4991 2611 4991 2623 4992 2624 4992 2396 4992 2396 4993 2624 4993 2625 4993 2396 4994 2625 4994 2626 4994 2396 4995 2626 4995 2397 4995 2397 4996 2626 4996 2627 4996 2397 4997 2627 4997 2617 4997 2628 4998 2629 4998 2401 4998 2401 4999 2629 4999 2630 4999 2630 5000 2631 5000 2401 5000 2401 5001 2631 5001 2632 5001 2401 5002 2632 5002 2396 5002 2396 5003 2632 5003 2633 5003 2396 5004 2633 5004 2623 5004 2400 5005 2634 5005 2635 5005 2635 5006 2636 5006 2400 5006 2400 5007 2636 5007 2637 5007 2400 5008 2637 5008 2401 5008 2401 5009 2637 5009 2638 5009 2401 5010 2638 5010 2628 5010 2639 5011 2640 5011 2400 5011 2400 5012 2640 5012 2641 5012 2400 5013 2641 5013 2634 5013 2642 5014 2643 5014 2399 5014 2399 5015 2643 5015 2644 5015 2399 5016 2644 5016 2400 5016 2400 5017 2644 5017 2645 5017 2400 5018 2645 5018 2639 5018 2404 5019 2646 5019 2647 5019 2404 5020 2647 5020 2399 5020 2399 5021 2647 5021 2648 5021 2399 5022 2648 5022 2649 5022 2649 5023 2650 5023 2399 5023 2399 5024 2650 5024 2651 5024 2399 5025 2651 5025 2642 5025 2590 5026 2652 5026 2403 5026 2403 5027 2652 5027 2653 5027 2403 5028 2653 5028 2404 5028 2404 5029 2653 5029 2654 5029 2404 5030 2654 5030 2655 5030 2655 5031 2656 5031 2404 5031 2404 5032 2656 5032 2657 5032 2404 5033 2657 5033 2646 5033 2658 5034 2659 5034 2402 5034 2402 5035 2659 5035 2660 5035 2402 5036 2660 5036 2403 5036 2403 5037 2660 5037 2661 5037 2403 5038 2661 5038 2589 5038 2662 5039 2663 5039 2406 5039 2406 5040 2663 5040 2664 5040 2664 5041 2665 5041 2406 5041 2406 5042 2665 5042 2666 5042 2406 5043 2666 5043 2402 5043 2402 5044 2666 5044 2667 5044 2402 5045 2667 5045 2658 5045 2668 5046 2669 5046 2405 5046 2405 5047 2669 5047 2670 5047 2405 5048 2670 5048 2671 5048 2671 5049 2672 5049 2405 5049 2405 5050 2672 5050 2673 5050 2405 5051 2673 5051 2406 5051 2406 5052 2673 5052 2674 5052 2406 5053 2674 5053 2662 5053 2675 5054 2676 5054 2391 5054 2391 5055 2676 5055 2677 5055 2677 5056 2678 5056 2391 5056 2391 5057 2678 5057 2679 5057 2391 5058 2679 5058 2405 5058 2405 5059 2679 5059 2680 5059 2405 5060 2680 5060 2668 5060 2594 5061 2681 5061 2390 5061 2390 5062 2681 5062 2682 5062 2390 5063 2682 5063 2391 5063 2391 5064 2682 5064 2683 5064 2391 5065 2683 5065 2675 5065 2420 5066 2684 5066 2419 5066 2419 5067 2684 5067 2685 5067 2419 5068 2685 5068 2418 5068 2418 5069 2685 5069 2686 5069 2418 5070 2686 5070 2417 5070 2417 5071 2686 5071 2687 5071 2417 5072 2687 5072 2416 5072 2416 5073 2687 5073 2688 5073 2416 5074 2688 5074 2415 5074 2415 5075 2688 5075 2689 5075 2415 5076 2689 5076 2414 5076 2414 5077 2689 5077 2690 5077 2414 5078 2690 5078 2413 5078 2413 5079 2690 5079 2691 5079 2413 5080 2691 5080 2412 5080 2412 5081 2691 5081 2692 5081 2412 5082 2692 5082 2411 5082 2411 5083 2692 5083 2693 5083 2411 5084 2693 5084 2410 5084 2410 5085 2693 5085 2694 5085 2410 5086 2694 5086 2409 5086 2409 5087 2694 5087 2695 5087 2409 5088 2695 5088 2408 5088 2408 5089 2695 5089 2696 5089 2408 5090 2696 5090 2407 5090 2407 5091 2696 5091 2697 5091 2407 5092 2697 5092 2441 5092 2441 5093 2697 5093 2698 5093 2441 5094 2698 5094 2440 5094 2440 5095 2698 5095 2699 5095 2440 5096 2699 5096 2439 5096 2439 5097 2699 5097 2700 5097 2439 5098 2700 5098 2438 5098 2700 5099 2701 5099 2438 5099 2438 5100 2701 5100 2702 5100 2438 5101 2702 5101 2437 5101 2437 5102 2702 5102 2703 5102 2437 5103 2703 5103 2436 5103 2436 5104 2703 5104 2704 5104 2436 5105 2704 5105 2435 5105 2435 5106 2704 5106 2705 5106 2435 5107 2705 5107 2434 5107 2434 5108 2705 5108 2706 5108 2434 5109 2706 5109 2433 5109 2433 5110 2706 5110 2707 5110 2433 5111 2707 5111 2432 5111 2432 5112 2707 5112 2708 5112 2432 5113 2708 5113 2431 5113 2431 5114 2708 5114 2709 5114 2431 5115 2709 5115 2430 5115 2430 5116 2709 5116 2710 5116 2430 5117 2710 5117 2429 5117 2429 5118 2710 5118 2711 5118 2429 5119 2711 5119 2428 5119 2428 5120 2711 5120 2712 5120 2428 5121 2712 5121 2427 5121 2427 5122 2712 5122 2713 5122 2427 5123 2713 5123 2426 5123 2426 5124 2713 5124 2714 5124 2426 5125 2714 5125 2425 5125 2425 5126 2714 5126 2715 5126 2425 5127 2715 5127 2424 5127 2424 5128 2715 5128 2716 5128 2424 5129 2716 5129 2423 5129 2423 5130 2716 5130 2717 5130 2423 5131 2717 5131 2422 5131 2422 5132 2717 5132 2718 5132 2422 5133 2718 5133 2421 5133 2421 5134 2718 5134 2719 5134 2421 5135 2719 5135 2420 5135 2420 5136 2719 5136 2720 5136 2420 5137 2720 5137 2684 5137 2721 5138 2722 5138 2477 5138 2477 5139 2722 5139 2723 5139 2477 5140 2723 5140 2442 5140 2442 5141 2723 5141 2724 5141 2442 5142 2724 5142 2443 5142 2443 5143 2724 5143 2725 5143 2443 5144 2725 5144 2444 5144 2444 5145 2725 5145 2726 5145 2444 5146 2726 5146 2445 5146 2445 5147 2726 5147 2727 5147 2445 5148 2727 5148 2446 5148 2446 5149 2727 5149 2728 5149 2446 5150 2728 5150 2447 5150 2447 5151 2728 5151 2729 5151 2447 5152 2729 5152 2448 5152 2448 5153 2729 5153 2730 5153 2448 5154 2730 5154 2449 5154 2449 5155 2730 5155 2731 5155 2449 5156 2731 5156 2450 5156 2450 5157 2731 5157 2732 5157 2450 5158 2732 5158 2451 5158 2451 5159 2732 5159 2733 5159 2451 5160 2733 5160 2452 5160 2452 5161 2733 5161 2734 5161 2452 5162 2734 5162 2453 5162 2453 5163 2734 5163 2735 5163 2453 5164 2735 5164 2454 5164 2454 5165 2735 5165 2736 5165 2454 5166 2736 5166 2455 5166 2455 5167 2736 5167 2737 5167 2455 5168 2737 5168 2456 5168 2456 5169 2737 5169 2738 5169 2456 5170 2738 5170 2457 5170 2457 5171 2738 5171 2739 5171 2457 5172 2739 5172 2458 5172 2458 5173 2739 5173 2740 5173 2458 5174 2740 5174 2459 5174 2459 5175 2740 5175 2741 5175 2459 5176 2741 5176 2460 5176 2460 5177 2741 5177 2742 5177 2460 5178 2742 5178 2461 5178 2461 5179 2742 5179 2743 5179 2461 5180 2743 5180 2462 5180 2462 5181 2743 5181 2744 5181 2462 5182 2744 5182 2463 5182 2463 5183 2744 5183 2745 5183 2463 5184 2745 5184 2464 5184 2464 5185 2745 5185 2746 5185 2464 5186 2746 5186 2465 5186 2465 5187 2746 5187 2747 5187 2465 5188 2747 5188 2466 5188 2466 5189 2747 5189 2748 5189 2466 5190 2748 5190 2467 5190 2467 5191 2748 5191 2749 5191 2467 5192 2749 5192 2468 5192 2468 5193 2749 5193 2750 5193 2468 5194 2750 5194 2469 5194 2469 5195 2750 5195 2751 5195 2469 5196 2751 5196 2470 5196 2470 5197 2751 5197 2752 5197 2470 5198 2752 5198 2471 5198 2471 5199 2752 5199 2753 5199 2471 5200 2753 5200 2472 5200 2472 5201 2753 5201 2754 5201 2472 5202 2754 5202 2473 5202 2473 5203 2754 5203 2755 5203 2473 5204 2755 5204 2474 5204 2474 5205 2755 5205 2756 5205 2474 5206 2756 5206 2475 5206 2475 5207 2756 5207 2757 5207 2475 5208 2757 5208 2476 5208 2476 5209 2757 5209 2721 5209 2476 5210 2721 5210 2477 5210 2481 5211 2758 5211 2482 5211 2482 5212 2758 5212 2759 5212 2482 5213 2759 5213 2492 5213 2492 5214 2759 5214 2760 5214 2492 5215 2760 5215 2493 5215 2493 5216 2760 5216 2761 5216 2493 5217 2761 5217 2489 5217 2489 5218 2761 5218 2762 5218 2489 5219 2762 5219 2490 5219 2490 5220 2762 5220 2763 5220 2490 5221 2763 5221 2491 5221 2491 5222 2763 5222 2764 5222 2491 5223 2764 5223 2486 5223 2486 5224 2764 5224 2765 5224 2486 5225 2765 5225 2487 5225 2487 5226 2765 5226 2766 5226 2487 5227 2766 5227 2488 5227 2488 5228 2766 5228 2767 5228 2488 5229 2767 5229 2483 5229 2483 5230 2767 5230 2768 5230 2483 5231 2768 5231 2484 5231 2484 5232 2768 5232 2769 5232 2484 5233 2769 5233 2485 5233 2485 5234 2769 5234 2770 5234 2485 5235 2770 5235 2478 5235 2478 5236 2770 5236 2771 5236 2478 5237 2771 5237 2479 5237 2479 5238 2771 5238 2772 5238 2479 5239 2772 5239 2481 5239 2481 5240 2772 5240 2758 5240 2499 5241 2773 5241 2586 5241 2586 5242 2773 5242 2774 5242 2586 5243 2774 5243 2587 5243 2587 5244 2774 5244 2775 5244 2587 5245 2775 5245 2588 5245 2588 5246 2775 5246 2776 5246 2588 5247 2776 5247 2580 5247 2580 5248 2776 5248 2777 5248 2580 5249 2777 5249 2581 5249 2581 5250 2777 5250 2778 5250 2581 5251 2778 5251 2582 5251 2582 5252 2778 5252 2583 5252 2583 5253 2778 5253 2779 5253 2583 5254 2779 5254 2584 5254 2584 5255 2779 5255 2780 5255 2584 5256 2780 5256 2585 5256 2585 5257 2780 5257 2781 5257 2585 5258 2781 5258 2573 5258 2573 5259 2781 5259 2782 5259 2573 5260 2782 5260 2574 5260 2574 5261 2782 5261 2575 5261 2575 5262 2782 5262 2783 5262 2575 5263 2783 5263 2576 5263 2576 5264 2783 5264 2784 5264 2576 5265 2784 5265 2577 5265 2577 5266 2784 5266 2785 5266 2577 5267 2785 5267 2578 5267 2578 5268 2785 5268 2786 5268 2578 5269 2786 5269 2579 5269 2786 5270 2787 5270 2579 5270 2579 5271 2787 5271 2788 5271 2579 5272 2788 5272 2567 5272 2567 5273 2788 5273 2789 5273 2567 5274 2789 5274 2568 5274 2568 5275 2789 5275 2790 5275 2565 5276 2564 5276 2791 5276 2791 5277 2564 5277 2792 5277 2564 5278 2563 5278 2792 5278 2792 5279 2563 5279 2572 5279 2792 5280 2572 5280 2793 5280 2793 5281 2572 5281 2571 5281 2793 5282 2571 5282 2794 5282 2794 5283 2571 5283 2570 5283 2794 5284 2570 5284 2790 5284 2790 5285 2570 5285 2569 5285 2790 5286 2569 5286 2568 5286 2795 5287 2566 5287 2796 5287 2796 5288 2566 5288 2565 5288 2796 5289 2565 5289 2797 5289 2797 5290 2565 5290 2791 5290 2558 5291 2557 5291 2798 5291 2798 5292 2557 5292 2495 5292 2798 5293 2495 5293 2795 5293 2795 5294 2495 5294 2494 5294 2795 5295 2494 5295 2566 5295 2798 5296 2799 5296 2558 5296 2558 5297 2799 5297 2800 5297 2558 5298 2800 5298 2559 5298 2559 5299 2800 5299 2801 5299 2559 5300 2801 5300 2560 5300 2560 5301 2801 5301 2802 5301 2560 5302 2802 5302 2561 5302 2561 5303 2802 5303 2803 5303 2561 5304 2803 5304 2562 5304 2562 5305 2803 5305 2804 5305 2562 5306 2804 5306 2551 5306 2551 5307 2804 5307 2552 5307 2552 5308 2804 5308 2805 5308 2552 5309 2805 5309 2553 5309 2553 5310 2805 5310 2806 5310 2553 5311 2806 5311 2554 5311 2554 5312 2806 5312 2807 5312 2554 5313 2807 5313 2555 5313 2555 5314 2807 5314 2808 5314 2555 5315 2808 5315 2556 5315 2556 5316 2808 5316 2809 5316 2556 5317 2809 5317 2547 5317 2547 5318 2809 5318 2548 5318 2548 5319 2809 5319 2810 5319 2548 5320 2810 5320 2549 5320 2549 5321 2810 5321 2811 5321 2549 5322 2811 5322 2550 5322 2550 5323 2811 5323 2812 5323 2550 5324 2812 5324 2544 5324 2544 5325 2812 5325 2813 5325 2544 5326 2813 5326 2545 5326 2545 5327 2813 5327 2814 5327 2545 5328 2814 5328 2546 5328 2546 5329 2814 5329 2815 5329 2546 5330 2815 5330 2539 5330 2539 5331 2815 5331 2816 5331 2539 5332 2816 5332 2540 5332 2540 5333 2816 5333 2817 5333 2540 5334 2817 5334 2541 5334 2541 5335 2817 5335 2818 5335 2541 5336 2818 5336 2542 5336 2542 5337 2818 5337 2819 5337 2542 5338 2819 5338 2543 5338 2543 5339 2819 5339 2820 5339 2543 5340 2820 5340 2533 5340 2533 5341 2820 5341 2821 5341 2533 5342 2821 5342 2534 5342 2534 5343 2821 5343 2822 5343 2534 5344 2822 5344 2535 5344 2535 5345 2822 5345 2536 5345 2536 5346 2822 5346 2823 5346 2536 5347 2823 5347 2537 5347 2537 5348 2823 5348 2824 5348 2537 5349 2824 5349 2538 5349 2538 5350 2824 5350 2825 5350 2538 5351 2825 5351 2528 5351 2528 5352 2825 5352 2826 5352 2528 5353 2826 5353 2529 5353 2529 5354 2826 5354 2530 5354 2530 5355 2826 5355 2827 5355 2530 5356 2827 5356 2828 5356 2530 5357 2828 5357 2531 5357 2531 5358 2828 5358 2829 5358 2531 5359 2829 5359 2532 5359 2532 5360 2829 5360 2830 5360 2532 5361 2830 5361 2522 5361 2830 5362 2831 5362 2522 5362 2522 5363 2831 5363 2832 5363 2522 5364 2832 5364 2523 5364 2523 5365 2832 5365 2833 5365 2523 5366 2833 5366 2524 5366 2524 5367 2833 5367 2525 5367 2525 5368 2833 5368 2834 5368 2525 5369 2834 5369 2526 5369 2526 5370 2834 5370 2835 5370 2526 5371 2835 5371 2527 5371 2527 5372 2835 5372 2836 5372 2527 5373 2836 5373 2516 5373 2516 5374 2836 5374 2837 5374 2516 5375 2837 5375 2517 5375 2517 5376 2837 5376 2838 5376 2517 5377 2838 5377 2518 5377 2518 5378 2838 5378 2839 5378 2518 5379 2839 5379 2519 5379 2519 5380 2839 5380 2840 5380 2519 5381 2840 5381 2520 5381 2520 5382 2840 5382 2841 5382 2520 5383 2841 5383 2521 5383 2521 5384 2841 5384 2496 5384 2496 5385 2841 5385 2842 5385 2496 5386 2842 5386 2497 5386 2497 5387 2842 5387 2843 5387 2497 5388 2843 5388 2510 5388 2510 5389 2843 5389 2844 5389 2510 5390 2844 5390 2511 5390 2511 5391 2844 5391 2845 5391 2511 5392 2845 5392 2512 5392 2512 5393 2845 5393 2846 5393 2512 5394 2846 5394 2513 5394 2513 5395 2846 5395 2847 5395 2513 5396 2847 5396 2514 5396 2514 5397 2847 5397 2848 5397 2514 5398 2848 5398 2515 5398 2515 5399 2848 5399 2849 5399 2515 5400 2849 5400 2503 5400 2503 5401 2849 5401 2504 5401 2504 5402 2849 5402 2850 5402 2504 5403 2850 5403 2505 5403 2505 5404 2850 5404 2851 5404 2505 5405 2851 5405 2506 5405 2851 5406 2852 5406 2506 5406 2506 5407 2852 5407 2853 5407 2506 5408 2853 5408 2507 5408 2507 5409 2853 5409 2508 5409 2508 5410 2853 5410 2854 5410 2508 5411 2854 5411 2509 5411 2509 5412 2854 5412 2500 5412 2500 5413 2854 5413 2855 5413 2500 5414 2855 5414 2501 5414 2501 5415 2855 5415 2856 5415 2501 5416 2856 5416 2502 5416 2502 5417 2856 5417 2857 5417 2502 5418 2857 5418 2498 5418 2498 5419 2857 5419 2858 5419 2498 5420 2858 5420 2499 5420 2499 5421 2858 5421 2859 5421 2499 5422 2859 5422 2773 5422 2594 5423 2860 5423 2681 5423 2681 5424 2860 5424 2861 5424 2681 5425 2861 5425 2682 5425 2682 5426 2861 5426 2862 5426 2682 5427 2862 5427 2683 5427 2683 5428 2862 5428 2863 5428 2683 5429 2863 5429 2675 5429 2675 5430 2863 5430 2864 5430 2675 5431 2864 5431 2676 5431 2676 5432 2864 5432 2865 5432 2676 5433 2865 5433 2677 5433 2677 5434 2865 5434 2866 5434 2677 5435 2866 5435 2678 5435 2678 5436 2866 5436 2867 5436 2678 5437 2867 5437 2679 5437 2679 5438 2867 5438 2868 5438 2679 5439 2868 5439 2680 5439 2680 5440 2868 5440 2869 5440 2680 5441 2869 5441 2668 5441 2668 5442 2869 5442 2870 5442 2668 5443 2870 5443 2669 5443 2669 5444 2870 5444 2670 5444 2670 5445 2870 5445 2871 5445 2670 5446 2871 5446 2671 5446 2671 5447 2871 5447 2872 5447 2671 5448 2872 5448 2672 5448 2672 5449 2872 5449 2873 5449 2672 5450 2873 5450 2673 5450 2673 5451 2873 5451 2874 5451 2673 5452 2874 5452 2875 5452 2876 5453 2663 5453 2877 5453 2877 5454 2663 5454 2662 5454 2877 5455 2662 5455 2875 5455 2875 5456 2662 5456 2674 5456 2875 5457 2674 5457 2673 5457 2660 5458 2659 5458 2878 5458 2878 5459 2659 5459 2879 5459 2659 5460 2658 5460 2879 5460 2879 5461 2658 5461 2667 5461 2879 5462 2667 5462 2880 5462 2880 5463 2667 5463 2666 5463 2880 5464 2666 5464 2881 5464 2881 5465 2666 5465 2665 5465 2881 5466 2665 5466 2876 5466 2876 5467 2665 5467 2664 5467 2876 5468 2664 5468 2663 5468 2878 5469 2882 5469 2660 5469 2660 5470 2882 5470 2883 5470 2660 5471 2883 5471 2661 5471 2661 5472 2883 5472 2884 5472 2661 5473 2884 5473 2589 5473 2589 5474 2884 5474 2590 5474 2590 5475 2884 5475 2885 5475 2590 5476 2885 5476 2652 5476 2652 5477 2885 5477 2653 5477 2653 5478 2885 5478 2886 5478 2653 5479 2886 5479 2654 5479 2654 5480 2886 5480 2887 5480 2654 5481 2887 5481 2655 5481 2655 5482 2887 5482 2888 5482 2655 5483 2888 5483 2656 5483 2656 5484 2888 5484 2889 5484 2656 5485 2889 5485 2657 5485 2657 5486 2889 5486 2890 5486 2657 5487 2890 5487 2646 5487 2650 5488 2891 5488 2651 5488 2651 5489 2891 5489 2892 5489 2651 5490 2892 5490 2642 5490 2646 5491 2890 5491 2647 5491 2647 5492 2890 5492 2893 5492 2647 5493 2893 5493 2648 5493 2648 5494 2893 5494 2894 5494 2648 5495 2894 5495 2649 5495 2649 5496 2894 5496 2895 5496 2649 5497 2895 5497 2650 5497 2650 5498 2895 5498 2896 5498 2650 5499 2896 5499 2891 5499 2642 5500 2892 5500 2643 5500 2643 5501 2892 5501 2897 5501 2643 5502 2897 5502 2644 5502 2644 5503 2897 5503 2898 5503 2644 5504 2898 5504 2645 5504 2645 5505 2898 5505 2899 5505 2645 5506 2899 5506 2639 5506 2639 5507 2899 5507 2900 5507 2639 5508 2900 5508 2640 5508 2640 5509 2900 5509 2901 5509 2640 5510 2901 5510 2641 5510 2641 5511 2901 5511 2902 5511 2641 5512 2902 5512 2634 5512 2634 5513 2902 5513 2635 5513 2635 5514 2902 5514 2903 5514 2635 5515 2903 5515 2636 5515 2636 5516 2903 5516 2904 5516 2636 5517 2904 5517 2637 5517 2637 5518 2904 5518 2905 5518 2637 5519 2905 5519 2638 5519 2638 5520 2905 5520 2906 5520 2638 5521 2906 5521 2628 5521 2628 5522 2906 5522 2907 5522 2628 5523 2907 5523 2629 5523 2629 5524 2907 5524 2908 5524 2629 5525 2908 5525 2630 5525 2630 5526 2908 5526 2909 5526 2630 5527 2909 5527 2631 5527 2631 5528 2909 5528 2910 5528 2631 5529 2910 5529 2632 5529 2632 5530 2910 5530 2911 5530 2632 5531 2911 5531 2633 5531 2633 5532 2911 5532 2912 5532 2633 5533 2912 5533 2623 5533 2623 5534 2912 5534 2913 5534 2623 5535 2913 5535 2624 5535 2624 5536 2913 5536 2625 5536 2625 5537 2913 5537 2914 5537 2625 5538 2914 5538 2915 5538 2625 5539 2915 5539 2626 5539 2626 5540 2915 5540 2916 5540 2626 5541 2916 5541 2627 5541 2627 5542 2916 5542 2917 5542 2627 5543 2917 5543 2617 5543 2617 5544 2917 5544 2918 5544 2617 5545 2918 5545 2618 5545 2618 5546 2918 5546 2919 5546 2618 5547 2919 5547 2619 5547 2619 5548 2919 5548 2620 5548 2620 5549 2919 5549 2920 5549 2620 5550 2920 5550 2621 5550 2621 5551 2920 5551 2921 5551 2621 5552 2921 5552 2622 5552 2622 5553 2921 5553 2922 5553 2622 5554 2922 5554 2611 5554 2611 5555 2922 5555 2923 5555 2611 5556 2923 5556 2612 5556 2612 5557 2923 5557 2924 5557 2612 5558 2924 5558 2613 5558 2613 5559 2924 5559 2925 5559 2613 5560 2925 5560 2614 5560 2614 5561 2925 5561 2926 5561 2614 5562 2926 5562 2615 5562 2615 5563 2926 5563 2927 5563 2615 5564 2927 5564 2616 5564 2616 5565 2927 5565 2591 5565 2591 5566 2927 5566 2928 5566 2591 5567 2928 5567 2592 5567 2592 5568 2928 5568 2929 5568 2592 5569 2929 5569 2605 5569 2605 5570 2929 5570 2606 5570 2606 5571 2929 5571 2930 5571 2606 5572 2930 5572 2607 5572 2607 5573 2930 5573 2931 5573 2607 5574 2931 5574 2608 5574 2608 5575 2931 5575 2932 5575 2608 5576 2932 5576 2609 5576 2609 5577 2932 5577 2933 5577 2609 5578 2933 5578 2610 5578 2610 5579 2933 5579 2934 5579 2610 5580 2934 5580 2600 5580 2600 5581 2934 5581 2601 5581 2601 5582 2934 5582 2935 5582 2601 5583 2935 5583 2602 5583 2602 5584 2935 5584 2936 5584 2602 5585 2936 5585 2598 5585 2598 5586 2936 5586 2937 5586 2598 5587 2937 5587 2599 5587 2937 5588 2938 5588 2599 5588 2599 5589 2938 5589 2939 5589 2599 5590 2939 5590 2603 5590 2603 5591 2939 5591 2940 5591 2603 5592 2940 5592 2604 5592 2604 5593 2940 5593 2595 5593 2595 5594 2940 5594 2941 5594 2595 5595 2941 5595 2596 5595 2596 5596 2941 5596 2942 5596 2596 5597 2942 5597 2597 5597 2597 5598 2942 5598 2943 5598 2597 5599 2943 5599 2593 5599 2593 5600 2943 5600 2944 5600 2593 5601 2944 5601 2594 5601 2594 5602 2944 5602 2945 5602 2594 5603 2945 5603 2860 5603 2689 5604 2688 5604 2946 5604 2946 5605 2947 5605 2689 5605 2689 5606 2947 5606 2948 5606 2689 5607 2948 5607 2690 5607 2948 5608 2949 5608 2690 5608 2690 5609 2949 5609 2950 5609 2690 5610 2950 5610 2691 5610 2950 5611 2951 5611 2691 5611 2691 5612 2951 5612 2952 5612 2691 5613 2952 5613 2692 5613 2952 5614 2953 5614 2692 5614 2692 5615 2953 5615 2954 5615 2692 5616 2954 5616 2693 5616 2954 5617 2955 5617 2693 5617 2693 5618 2955 5618 2956 5618 2693 5619 2956 5619 2694 5619 2956 5620 2957 5620 2694 5620 2694 5621 2957 5621 2958 5621 2694 5622 2958 5622 2695 5622 2958 5623 2959 5623 2695 5623 2695 5624 2959 5624 2960 5624 2695 5625 2960 5625 2696 5625 2960 5626 2961 5626 2696 5626 2696 5627 2961 5627 2962 5627 2696 5628 2962 5628 2697 5628 2962 5629 2963 5629 2697 5629 2697 5630 2963 5630 2964 5630 2697 5631 2964 5631 2698 5631 2964 5632 2965 5632 2698 5632 2698 5633 2965 5633 2966 5633 2698 5634 2966 5634 2699 5634 2966 5635 2967 5635 2699 5635 2699 5636 2967 5636 2968 5636 2699 5637 2968 5637 2700 5637 2968 5638 2969 5638 2700 5638 2700 5639 2969 5639 2970 5639 2700 5640 2970 5640 2701 5640 2970 5641 2971 5641 2701 5641 2701 5642 2971 5642 2972 5642 2701 5643 2972 5643 2702 5643 2972 5644 2973 5644 2702 5644 2702 5645 2973 5645 2974 5645 2702 5646 2974 5646 2703 5646 2974 5647 2975 5647 2703 5647 2703 5648 2975 5648 2976 5648 2703 5649 2976 5649 2704 5649 2976 5650 2977 5650 2704 5650 2704 5651 2977 5651 2978 5651 2704 5652 2978 5652 2705 5652 2978 5653 2979 5653 2705 5653 2705 5654 2979 5654 2980 5654 2705 5655 2980 5655 2706 5655 2980 5656 2981 5656 2706 5656 2706 5657 2981 5657 2982 5657 2706 5658 2982 5658 2707 5658 2982 5659 2983 5659 2707 5659 2707 5660 2983 5660 2984 5660 2707 5661 2984 5661 2708 5661 2984 5662 2985 5662 2708 5662 2708 5663 2985 5663 2986 5663 2708 5664 2986 5664 2709 5664 2986 5665 2987 5665 2709 5665 2709 5666 2987 5666 2988 5666 2709 5667 2988 5667 2710 5667 2988 5668 2989 5668 2710 5668 2710 5669 2989 5669 2990 5669 2710 5670 2990 5670 2711 5670 2990 5671 2991 5671 2711 5671 2711 5672 2991 5672 2992 5672 2711 5673 2992 5673 2712 5673 2992 5674 2993 5674 2712 5674 2712 5675 2993 5675 2994 5675 2712 5676 2994 5676 2713 5676 2994 5677 2995 5677 2713 5677 2713 5678 2995 5678 2996 5678 2713 5679 2996 5679 2714 5679 2996 5680 2997 5680 2714 5680 2714 5681 2997 5681 2998 5681 2714 5682 2998 5682 2715 5682 2999 5683 2716 5683 3000 5683 3000 5684 2716 5684 2715 5684 3000 5685 2715 5685 3001 5685 3001 5686 2715 5686 2998 5686 2999 5687 3002 5687 2716 5687 2716 5688 3002 5688 3003 5688 2716 5689 3003 5689 2717 5689 3003 5690 3004 5690 2717 5690 2717 5691 3004 5691 3005 5691 2717 5692 3005 5692 2718 5692 3005 5693 3006 5693 2718 5693 2718 5694 3006 5694 3007 5694 2718 5695 3007 5695 2719 5695 3007 5696 3008 5696 2719 5696 2719 5697 3008 5697 3009 5697 2719 5698 3009 5698 2720 5698 3009 5699 3010 5699 2720 5699 2720 5700 3010 5700 3011 5700 2720 5701 3011 5701 2684 5701 3011 5702 3012 5702 2684 5702 2684 5703 3012 5703 3013 5703 2684 5704 3013 5704 2685 5704 3013 5705 3014 5705 2685 5705 2685 5706 3014 5706 3015 5706 2685 5707 3015 5707 2686 5707 3015 5708 3016 5708 2686 5708 2686 5709 3016 5709 3017 5709 2686 5710 3017 5710 2687 5710 3017 5711 3018 5711 2687 5711 2687 5712 3018 5712 3019 5712 2687 5713 3019 5713 2688 5713 2688 5714 3019 5714 3020 5714 2688 5715 3020 5715 2946 5715 2742 5716 2741 5716 3021 5716 3021 5717 3022 5717 2742 5717 2742 5718 3022 5718 3023 5718 2742 5719 3023 5719 2743 5719 3024 5720 2745 5720 2744 5720 3023 5721 3025 5721 2743 5721 2743 5722 3025 5722 3026 5722 2743 5723 3026 5723 2744 5723 2744 5724 3026 5724 3027 5724 2744 5725 3027 5725 3024 5725 3028 5726 2747 5726 2746 5726 3024 5727 3029 5727 2745 5727 2745 5728 3029 5728 3030 5728 2745 5729 3030 5729 2746 5729 2746 5730 3030 5730 3031 5730 2746 5731 3031 5731 3028 5731 3032 5732 2749 5732 2748 5732 3028 5733 3033 5733 2747 5733 2747 5734 3033 5734 3034 5734 2747 5735 3034 5735 2748 5735 2748 5736 3034 5736 3035 5736 2748 5737 3035 5737 3032 5737 3032 5738 3036 5738 2749 5738 2749 5739 3036 5739 3037 5739 2749 5740 3037 5740 2750 5740 3037 5741 3038 5741 2750 5741 2750 5742 3038 5742 3039 5742 2750 5743 3039 5743 2751 5743 3039 5744 3040 5744 2751 5744 2751 5745 3040 5745 3041 5745 2751 5746 3041 5746 2752 5746 3042 5747 2754 5747 2753 5747 3041 5748 3043 5748 2752 5748 2752 5749 3043 5749 3044 5749 2752 5750 3044 5750 2753 5750 2753 5751 3044 5751 3045 5751 2753 5752 3045 5752 3042 5752 3042 5753 3046 5753 2754 5753 2754 5754 3046 5754 3047 5754 2754 5755 3047 5755 2755 5755 3048 5756 2757 5756 2756 5756 3047 5757 3049 5757 2755 5757 2755 5758 3049 5758 3050 5758 2755 5759 3050 5759 2756 5759 2756 5760 3050 5760 3051 5760 2756 5761 3051 5761 3048 5761 3052 5762 2722 5762 2721 5762 3048 5763 3053 5763 2757 5763 2757 5764 3053 5764 3054 5764 2757 5765 3054 5765 2721 5765 2721 5766 3054 5766 3055 5766 2721 5767 3055 5767 3052 5767 3056 5768 2724 5768 2723 5768 3052 5769 3057 5769 2722 5769 2722 5770 3057 5770 3058 5770 2722 5771 3058 5771 2723 5771 2723 5772 3058 5772 3059 5772 2723 5773 3059 5773 3056 5773 3060 5774 2726 5774 2725 5774 3056 5775 3061 5775 2724 5775 2724 5776 3061 5776 3062 5776 2724 5777 3062 5777 2725 5777 2725 5778 3062 5778 3063 5778 2725 5779 3063 5779 3060 5779 3060 5780 3064 5780 2726 5780 2726 5781 3064 5781 3065 5781 2726 5782 3065 5782 2727 5782 3066 5783 2729 5783 2728 5783 3065 5784 3067 5784 2727 5784 2727 5785 3067 5785 3068 5785 2727 5786 3068 5786 2728 5786 2728 5787 3068 5787 3069 5787 2728 5788 3069 5788 3066 5788 3066 5789 3070 5789 2729 5789 2729 5790 3070 5790 3071 5790 2729 5791 3071 5791 2730 5791 3071 5792 3072 5792 2730 5792 2730 5793 3072 5793 3073 5793 2730 5794 3073 5794 2731 5794 3073 5795 3074 5795 2731 5795 2731 5796 3074 5796 3075 5796 2731 5797 3075 5797 2732 5797 3076 5798 2734 5798 2733 5798 3075 5799 3077 5799 2732 5799 2732 5800 3077 5800 3078 5800 2732 5801 3078 5801 2733 5801 2733 5802 3078 5802 3079 5802 2733 5803 3079 5803 3076 5803 3076 5804 3080 5804 2734 5804 2734 5805 3080 5805 3081 5805 2734 5806 3081 5806 2735 5806 3081 5807 3082 5807 2735 5807 2735 5808 3082 5808 3083 5808 2735 5809 3083 5809 2736 5809 3084 5810 2738 5810 2737 5810 3083 5811 3085 5811 2736 5811 2736 5812 3085 5812 3086 5812 2736 5813 3086 5813 2737 5813 2737 5814 3086 5814 3087 5814 2737 5815 3087 5815 3084 5815 3084 5816 3088 5816 2738 5816 2738 5817 3088 5817 3089 5817 2738 5818 3089 5818 2739 5818 3089 5819 3090 5819 2739 5819 2739 5820 3090 5820 3091 5820 2739 5821 3091 5821 2740 5821 3091 5822 3092 5822 2740 5822 2740 5823 3092 5823 3093 5823 2740 5824 3093 5824 2741 5824 2741 5825 3093 5825 3094 5825 2741 5826 3094 5826 3021 5826 3095 5827 3096 5827 3097 5827 3097 5828 3096 5828 3098 5828 3097 5829 3098 5829 3099 5829 2771 5830 2770 5830 3100 5830 3100 5831 2770 5831 2769 5831 3100 5832 2769 5832 3095 5832 3095 5833 2769 5833 2768 5833 2768 5834 2767 5834 3095 5834 3095 5835 2767 5835 2766 5835 3095 5836 2766 5836 3096 5836 3096 5837 2766 5837 2765 5837 3096 5838 2765 5838 2764 5838 2764 5839 2763 5839 3096 5839 3096 5840 2763 5840 2762 5840 3096 5841 2762 5841 3101 5841 3101 5842 2762 5842 2761 5842 3101 5843 2761 5843 2760 5843 2760 5844 2759 5844 3101 5844 3101 5845 2759 5845 2758 5845 3101 5846 2758 5846 3100 5846 3100 5847 2758 5847 2772 5847 3100 5848 2772 5848 2771 5848 3102 5849 3103 5849 3104 5849 3104 5850 3103 5850 3101 5850 3104 5851 3101 5851 3100 5851 2786 5852 2785 5852 2962 5852 2962 5853 2785 5853 2784 5853 2784 5854 2783 5854 2962 5854 2962 5855 2783 5855 2782 5855 2962 5856 2782 5856 2781 5856 2781 5857 2780 5857 2962 5857 2962 5858 2780 5858 2779 5858 2962 5859 2779 5859 2778 5859 2775 5860 2963 5860 2776 5860 2776 5861 2963 5861 2962 5861 2776 5862 2962 5862 2777 5862 2777 5863 2962 5863 2778 5863 2859 5864 2964 5864 2773 5864 2773 5865 2964 5865 2963 5865 2773 5866 2963 5866 2774 5866 2774 5867 2963 5867 2775 5867 2795 5868 2796 5868 3062 5868 3062 5869 2796 5869 2797 5869 3062 5870 2797 5870 2791 5870 2794 5871 2960 5871 2793 5871 2793 5872 2960 5872 2792 5872 2794 5873 2790 5873 2960 5873 2960 5874 2790 5874 2789 5874 2960 5875 2789 5875 2961 5875 2961 5876 2789 5876 2788 5876 2961 5877 2788 5877 2962 5877 2962 5878 2788 5878 2787 5878 2962 5879 2787 5879 2786 5879 2816 5880 2815 5880 3058 5880 3058 5881 2815 5881 2814 5881 3058 5882 2814 5882 3059 5882 3059 5883 2814 5883 2813 5883 3059 5884 2813 5884 2812 5884 2812 5885 2811 5885 3059 5885 3059 5886 2811 5886 2810 5886 3059 5887 2810 5887 3056 5887 3056 5888 2810 5888 2809 5888 3056 5889 2809 5889 2808 5889 2808 5890 2807 5890 3056 5890 3056 5891 2807 5891 2806 5891 3056 5892 2806 5892 2805 5892 2805 5893 2804 5893 3056 5893 3056 5894 2804 5894 2803 5894 3056 5895 2803 5895 2802 5895 2802 5896 2801 5896 3056 5896 3056 5897 2801 5897 2800 5897 3056 5898 2800 5898 3061 5898 3061 5899 2800 5899 2799 5899 3061 5900 2799 5900 3062 5900 3062 5901 2799 5901 2798 5901 3062 5902 2798 5902 2795 5902 2828 5903 3052 5903 2829 5903 2829 5904 3052 5904 2830 5904 2828 5905 2827 5905 3052 5905 3052 5906 2827 5906 2826 5906 3052 5907 2826 5907 2825 5907 2825 5908 2824 5908 3052 5908 3052 5909 2824 5909 2823 5909 3052 5910 2823 5910 2822 5910 2822 5911 2821 5911 3052 5911 3052 5912 2821 5912 2820 5912 3052 5913 2820 5913 3057 5913 2820 5914 2819 5914 3057 5914 3057 5915 2819 5915 2818 5915 3057 5916 2818 5916 3058 5916 3058 5917 2818 5917 2817 5917 3058 5918 2817 5918 2816 5918 2967 5919 2966 5919 2844 5919 2844 5920 2843 5920 2967 5920 2967 5921 2843 5921 2842 5921 2967 5922 2842 5922 2968 5922 2968 5923 2842 5923 2841 5923 2841 5924 2840 5924 2968 5924 2968 5925 2840 5925 2839 5925 2968 5926 2839 5926 2838 5926 2835 5927 3054 5927 2836 5927 2836 5928 3054 5928 2837 5928 2835 5929 2834 5929 3054 5929 3054 5930 2834 5930 2833 5930 3054 5931 2833 5931 3055 5931 3055 5932 2833 5932 2832 5932 3055 5933 2832 5933 3052 5933 3052 5934 2832 5934 2831 5934 3052 5935 2831 5935 2830 5935 2859 5936 2858 5936 2964 5936 2964 5937 2858 5937 2857 5937 2964 5938 2857 5938 2965 5938 2857 5939 2856 5939 2965 5939 2965 5940 2856 5940 2855 5940 2965 5941 2855 5941 2966 5941 2966 5942 2855 5942 2854 5942 2966 5943 2854 5943 2853 5943 2853 5944 2852 5944 2966 5944 2966 5945 2852 5945 2851 5945 2966 5946 2851 5946 2850 5946 2850 5947 2849 5947 2966 5947 2966 5948 2849 5948 2848 5948 2966 5949 2848 5949 2847 5949 2847 5950 2846 5950 2966 5950 2966 5951 2846 5951 2845 5951 2966 5952 2845 5952 2844 5952 2864 5953 2863 5953 3000 5953 3000 5954 2863 5954 2862 5954 3000 5955 2862 5955 2999 5955 2999 5956 2862 5956 2861 5956 2861 5957 2860 5957 2999 5957 2999 5958 2860 5958 2945 5958 2999 5959 2945 5959 3002 5959 2942 5960 3003 5960 2943 5960 2943 5961 3003 5961 3002 5961 2943 5962 3002 5962 2944 5962 2944 5963 3002 5963 2945 5963 2942 5964 2941 5964 3003 5964 3003 5965 2941 5965 2940 5965 3003 5966 2940 5966 2939 5966 2894 5967 3023 5967 2895 5967 2895 5968 3023 5968 3022 5968 2894 5969 2893 5969 3023 5969 3023 5970 2893 5970 2890 5970 3023 5971 2890 5971 2889 5971 2889 5972 2888 5972 3023 5972 3023 5973 2888 5973 2887 5973 3023 5974 2887 5974 2886 5974 2886 5975 2885 5975 3023 5975 3023 5976 2885 5976 2884 5976 3023 5977 2884 5977 2883 5977 2883 5978 2882 5978 3023 5978 3023 5979 2882 5979 2878 5979 3023 5980 2878 5980 2879 5980 2881 5981 2998 5981 2880 5981 2880 5982 2998 5982 2879 5982 2881 5983 2876 5983 2998 5983 2998 5984 2876 5984 2877 5984 2998 5985 2877 5985 2875 5985 2875 5986 2874 5986 2998 5986 2998 5987 2874 5987 2873 5987 2998 5988 2873 5988 2872 5988 2872 5989 2871 5989 2998 5989 2998 5990 2871 5990 2870 5990 2998 5991 2870 5991 2869 5991 2869 5992 2868 5992 2998 5992 2998 5993 2868 5993 2867 5993 2998 5994 2867 5994 3001 5994 3001 5995 2867 5995 2866 5995 3001 5996 2866 5996 3000 5996 3000 5997 2866 5997 2865 5997 3000 5998 2865 5998 2864 5998 2908 5999 2907 5999 3093 5999 3093 6000 2907 6000 2906 6000 2903 6001 3094 6001 2904 6001 2904 6002 3094 6002 3093 6002 2904 6003 3093 6003 2905 6003 2905 6004 3093 6004 2906 6004 2900 6005 3021 6005 2901 6005 2901 6006 3021 6006 3094 6006 2901 6007 3094 6007 2902 6007 2902 6008 3094 6008 2903 6008 2900 6009 2899 6009 3021 6009 3021 6010 2899 6010 2898 6010 3021 6011 2898 6011 2897 6011 2897 6012 2892 6012 3021 6012 3021 6013 2892 6013 2891 6013 3021 6014 2891 6014 3022 6014 3022 6015 2891 6015 2896 6015 3022 6016 2896 6016 2895 6016 2933 6017 2932 6017 3005 6017 2939 6018 2938 6018 3003 6018 3003 6019 2938 6019 2937 6019 3003 6020 2937 6020 3004 6020 2937 6021 2936 6021 3004 6021 3004 6022 2936 6022 2935 6022 3004 6023 2935 6023 3005 6023 3005 6024 2935 6024 2934 6024 3005 6025 2934 6025 2933 6025 2932 6026 2931 6026 3005 6026 3005 6027 2931 6027 2930 6027 3005 6028 2930 6028 2929 6028 2929 6029 2928 6029 3005 6029 3005 6030 2928 6030 2927 6030 3005 6031 2927 6031 2926 6031 2926 6032 2925 6032 3005 6032 3005 6033 2925 6033 2924 6033 3005 6034 2924 6034 2923 6034 2922 6035 2921 6035 3091 6035 3091 6036 2921 6036 2920 6036 3091 6037 2920 6037 2919 6037 2919 6038 2918 6038 3091 6038 3091 6039 2918 6039 2917 6039 3091 6040 2917 6040 2916 6040 2916 6041 2915 6041 3091 6041 3091 6042 2915 6042 2914 6042 3091 6043 2914 6043 2913 6043 2913 6044 2912 6044 3091 6044 3091 6045 2912 6045 2911 6045 3091 6046 2911 6046 3092 6046 3092 6047 2911 6047 2910 6047 3092 6048 2910 6048 3093 6048 3093 6049 2910 6049 2909 6049 3093 6050 2909 6050 2908 6050 3096 6051 3076 6051 3079 6051 3096 6052 3079 6052 3098 6052 3103 6053 3018 6053 3101 6053 3101 6054 3018 6054 3017 6054 3101 6055 3017 6055 3096 6055 3079 6056 3078 6056 3098 6056 3098 6057 3078 6057 3077 6057 3098 6058 3077 6058 3099 6058 3077 6059 3075 6059 3099 6059 3099 6060 3075 6060 3074 6060 3099 6061 3074 6061 3097 6061 3095 6062 2950 6062 3100 6062 3100 6063 2950 6063 2949 6063 3100 6064 2949 6064 3104 6064 2949 6065 2948 6065 3104 6065 3104 6066 2948 6066 2947 6066 3104 6067 2947 6067 3102 6067 2947 6068 2946 6068 3102 6068 3102 6069 2946 6069 3020 6069 3102 6070 3020 6070 3103 6070 3103 6071 3020 6071 3019 6071 3103 6072 3019 6072 3018 6072 2879 6073 2998 6073 3023 6073 3023 6074 2998 6074 2997 6074 3023 6075 2997 6075 3025 6075 3025 6076 2997 6076 2996 6076 3025 6077 2996 6077 3026 6077 3026 6078 2996 6078 2995 6078 3026 6079 2995 6079 3027 6079 3027 6080 2995 6080 2994 6080 3027 6081 2994 6081 3024 6081 3024 6082 2994 6082 2993 6082 3024 6083 2993 6083 3029 6083 3029 6084 2993 6084 2992 6084 3029 6085 2992 6085 3030 6085 3030 6086 2992 6086 2991 6086 3030 6087 2991 6087 3031 6087 3031 6088 2991 6088 2990 6088 3031 6089 2990 6089 3028 6089 3028 6090 2990 6090 2989 6090 3028 6091 2989 6091 3033 6091 3033 6092 2989 6092 2988 6092 3033 6093 2988 6093 3034 6093 3034 6094 2988 6094 2987 6094 3034 6095 2987 6095 3035 6095 3035 6096 2987 6096 2986 6096 3035 6097 2986 6097 3032 6097 3032 6098 2986 6098 2985 6098 3032 6099 2985 6099 3036 6099 3036 6100 2985 6100 2984 6100 3036 6101 2984 6101 3037 6101 3037 6102 2984 6102 2983 6102 3037 6103 2983 6103 3038 6103 3038 6104 2983 6104 2982 6104 3038 6105 2982 6105 3039 6105 3039 6106 2982 6106 2981 6106 3039 6107 2981 6107 3040 6107 3040 6108 2981 6108 2980 6108 3040 6109 2980 6109 3041 6109 3041 6110 2980 6110 2979 6110 3041 6111 2979 6111 3043 6111 3043 6112 2979 6112 2978 6112 3043 6113 2978 6113 3044 6113 3044 6114 2978 6114 2977 6114 3044 6115 2977 6115 3045 6115 3045 6116 2977 6116 2976 6116 3045 6117 2976 6117 3042 6117 3042 6118 2976 6118 2975 6118 3042 6119 2975 6119 3046 6119 3046 6120 2975 6120 2974 6120 3046 6121 2974 6121 3047 6121 3047 6122 2974 6122 2973 6122 3047 6123 2973 6123 3049 6123 3049 6124 2973 6124 2972 6124 3049 6125 2972 6125 3050 6125 3050 6126 2972 6126 2971 6126 3050 6127 2971 6127 3051 6127 3051 6128 2971 6128 2970 6128 3051 6129 2970 6129 3048 6129 3048 6130 2970 6130 2969 6130 3048 6131 2969 6131 3053 6131 3053 6132 2969 6132 2968 6132 3053 6133 2968 6133 3054 6133 3054 6134 2968 6134 2838 6134 3054 6135 2838 6135 2837 6135 3096 6136 3017 6136 3076 6136 3076 6137 3017 6137 3016 6137 3076 6138 3016 6138 3080 6138 3080 6139 3016 6139 3015 6139 3080 6140 3015 6140 3081 6140 3081 6141 3015 6141 3014 6141 3081 6142 3014 6142 3082 6142 3082 6143 3014 6143 3013 6143 3082 6144 3013 6144 3083 6144 3083 6145 3013 6145 3012 6145 3083 6146 3012 6146 3085 6146 3085 6147 3012 6147 3011 6147 3085 6148 3011 6148 3086 6148 3086 6149 3011 6149 3010 6149 3086 6150 3010 6150 3087 6150 3087 6151 3010 6151 3009 6151 3087 6152 3009 6152 3084 6152 3084 6153 3009 6153 3008 6153 3084 6154 3008 6154 3088 6154 3088 6155 3008 6155 3007 6155 3088 6156 3007 6156 3089 6156 3089 6157 3007 6157 3006 6157 3089 6158 3006 6158 3090 6158 3090 6159 3006 6159 3005 6159 3090 6160 3005 6160 3091 6160 3091 6161 3005 6161 2923 6161 3091 6162 2923 6162 2922 6162 3074 6163 3073 6163 3097 6163 3097 6164 3073 6164 3072 6164 3097 6165 3072 6165 3095 6165 3095 6166 3072 6166 3071 6166 3095 6167 3071 6167 2950 6167 2950 6168 3071 6168 3070 6168 2950 6169 3070 6169 2951 6169 2951 6170 3070 6170 3066 6170 2951 6171 3066 6171 2952 6171 2952 6172 3066 6172 3069 6172 2952 6173 3069 6173 2953 6173 2953 6174 3069 6174 3068 6174 2953 6175 3068 6175 2954 6175 2954 6176 3068 6176 3067 6176 2954 6177 3067 6177 2955 6177 2955 6178 3067 6178 3065 6178 2955 6179 3065 6179 2956 6179 2956 6180 3065 6180 3064 6180 2956 6181 3064 6181 2957 6181 2957 6182 3064 6182 3060 6182 2957 6183 3060 6183 2958 6183 2958 6184 3060 6184 3063 6184 2958 6185 3063 6185 2959 6185 2959 6186 3063 6186 3062 6186 2959 6187 3062 6187 2960 6187 2960 6188 3062 6188 2791 6188 2960 6189 2791 6189 2792 6189 3105 6190 3106 6190 3107 6190 3108 6191 3106 6191 3105 6191 3109 6192 3108 6192 3105 6192 3110 6193 3111 6193 3112 6193 3113 6194 3114 6194 3115 6194 3116 6195 3117 6195 3118 6195 3119 6196 3120 6196 3121 6196 3122 6197 3123 6197 3124 6197 3122 6198 3124 6198 3125 6198 3126 6199 3127 6199 3123 6199 3123 6200 3127 6200 3124 6200 3124 6201 3128 6201 3129 6201 3129 6202 3128 6202 3130 6202 3120 6203 3126 6203 3121 6203 3121 6204 3126 6204 3123 6204 3121 6205 3123 6205 3131 6205 3131 6206 3123 6206 3122 6206 3131 6207 3122 6207 3132 6207 3132 6208 3122 6208 3125 6208 3130 6209 3133 6209 3134 6209 3134 6210 3133 6210 3135 6210 3134 6211 3135 6211 3136 6211 3117 6212 3119 6212 3118 6212 3118 6213 3119 6213 3121 6213 3118 6214 3121 6214 3137 6214 3137 6215 3121 6215 3131 6215 3137 6216 3131 6216 3138 6216 3138 6217 3131 6217 3132 6217 3135 6218 3139 6218 3136 6218 3136 6219 3139 6219 3140 6219 3136 6220 3140 6220 3141 6220 3114 6221 3116 6221 3115 6221 3115 6222 3116 6222 3118 6222 3115 6223 3118 6223 3142 6223 3142 6224 3118 6224 3137 6224 3142 6225 3137 6225 3143 6225 3143 6226 3137 6226 3138 6226 3140 6227 3144 6227 3141 6227 3141 6228 3144 6228 3145 6228 3141 6229 3145 6229 3146 6229 3111 6230 3113 6230 3112 6230 3112 6231 3113 6231 3115 6231 3112 6232 3115 6232 3147 6232 3147 6233 3115 6233 3142 6233 3147 6234 3142 6234 3148 6234 3148 6235 3142 6235 3143 6235 3145 6236 3149 6236 3146 6236 3146 6237 3149 6237 3150 6237 3146 6238 3150 6238 3151 6238 3151 6239 3150 6239 3152 6239 3151 6240 3152 6240 3105 6240 3105 6241 3153 6241 3151 6241 3151 6242 3153 6242 3154 6242 3151 6243 3154 6243 3146 6243 3146 6244 3154 6244 3155 6244 3146 6245 3155 6245 3141 6245 3141 6246 3155 6246 3156 6246 3141 6247 3156 6247 3136 6247 3136 6248 3156 6248 3157 6248 3136 6249 3157 6249 3134 6249 3134 6250 3157 6250 3158 6250 3105 6251 3159 6251 3153 6251 3153 6252 3159 6252 3160 6252 3153 6253 3160 6253 3154 6253 3154 6254 3160 6254 3161 6254 3154 6255 3161 6255 3155 6255 3155 6256 3161 6256 3162 6256 3155 6257 3162 6257 3156 6257 3156 6258 3162 6258 3163 6258 3156 6259 3163 6259 3157 6259 3157 6260 3163 6260 3164 6260 3157 6261 3164 6261 3158 6261 3158 6262 3164 6262 3124 6262 3109 6263 3110 6263 3108 6263 3108 6264 3110 6264 3112 6264 3108 6265 3112 6265 3106 6265 3106 6266 3112 6266 3147 6266 3106 6267 3147 6267 3107 6267 3107 6268 3147 6268 3148 6268 3124 6269 3164 6269 3125 6269 3125 6270 3164 6270 3163 6270 3125 6271 3163 6271 3132 6271 3132 6272 3163 6272 3162 6272 3132 6273 3162 6273 3138 6273 3138 6274 3162 6274 3161 6274 3138 6275 3161 6275 3143 6275 3143 6276 3161 6276 3160 6276 3143 6277 3160 6277 3148 6277 3148 6278 3160 6278 3159 6278 3148 6279 3159 6279 3107 6279 3107 6280 3159 6280 3105 6280 3130 6281 3134 6281 3129 6281 3129 6282 3134 6282 3158 6282 3129 6283 3158 6283 3124 6283 3165 6284 3166 6284 3167 6284 3168 6285 3166 6285 3165 6285 3169 6286 3168 6286 3165 6286 3170 6287 3171 6287 3172 6287 3173 6288 3174 6288 3175 6288 3176 6289 3177 6289 3178 6289 3179 6290 3180 6290 3181 6290 3182 6291 3183 6291 3184 6291 3182 6292 3184 6292 3185 6292 3186 6293 3187 6293 3183 6293 3183 6294 3187 6294 3184 6294 3184 6295 3188 6295 3189 6295 3189 6296 3188 6296 3190 6296 3180 6297 3186 6297 3181 6297 3181 6298 3186 6298 3183 6298 3181 6299 3183 6299 3191 6299 3191 6300 3183 6300 3182 6300 3191 6301 3182 6301 3192 6301 3192 6302 3182 6302 3185 6302 3190 6303 3193 6303 3194 6303 3194 6304 3193 6304 3195 6304 3194 6305 3195 6305 3196 6305 3177 6306 3179 6306 3178 6306 3178 6307 3179 6307 3181 6307 3178 6308 3181 6308 3197 6308 3197 6309 3181 6309 3191 6309 3197 6310 3191 6310 3198 6310 3198 6311 3191 6311 3192 6311 3195 6312 3199 6312 3196 6312 3196 6313 3199 6313 3200 6313 3196 6314 3200 6314 3201 6314 3174 6315 3176 6315 3175 6315 3175 6316 3176 6316 3178 6316 3175 6317 3178 6317 3202 6317 3202 6318 3178 6318 3197 6318 3202 6319 3197 6319 3203 6319 3203 6320 3197 6320 3198 6320 3200 6321 3204 6321 3201 6321 3201 6322 3204 6322 3205 6322 3201 6323 3205 6323 3206 6323 3171 6324 3173 6324 3172 6324 3172 6325 3173 6325 3175 6325 3172 6326 3175 6326 3207 6326 3207 6327 3175 6327 3202 6327 3207 6328 3202 6328 3208 6328 3208 6329 3202 6329 3203 6329 3205 6330 3209 6330 3206 6330 3206 6331 3209 6331 3210 6331 3206 6332 3210 6332 3211 6332 3211 6333 3210 6333 3212 6333 3211 6334 3212 6334 3165 6334 3165 6335 3213 6335 3211 6335 3211 6336 3213 6336 3214 6336 3211 6337 3214 6337 3206 6337 3206 6338 3214 6338 3215 6338 3206 6339 3215 6339 3201 6339 3201 6340 3215 6340 3216 6340 3201 6341 3216 6341 3196 6341 3196 6342 3216 6342 3217 6342 3196 6343 3217 6343 3194 6343 3194 6344 3217 6344 3218 6344 3165 6345 3219 6345 3213 6345 3213 6346 3219 6346 3220 6346 3213 6347 3220 6347 3214 6347 3214 6348 3220 6348 3221 6348 3214 6349 3221 6349 3215 6349 3215 6350 3221 6350 3222 6350 3215 6351 3222 6351 3216 6351 3216 6352 3222 6352 3223 6352 3216 6353 3223 6353 3217 6353 3217 6354 3223 6354 3224 6354 3217 6355 3224 6355 3218 6355 3218 6356 3224 6356 3184 6356 3169 6357 3170 6357 3168 6357 3168 6358 3170 6358 3172 6358 3168 6359 3172 6359 3166 6359 3166 6360 3172 6360 3207 6360 3166 6361 3207 6361 3167 6361 3167 6362 3207 6362 3208 6362 3184 6363 3224 6363 3185 6363 3185 6364 3224 6364 3223 6364 3185 6365 3223 6365 3192 6365 3192 6366 3223 6366 3222 6366 3192 6367 3222 6367 3198 6367 3198 6368 3222 6368 3221 6368 3198 6369 3221 6369 3203 6369 3203 6370 3221 6370 3220 6370 3203 6371 3220 6371 3208 6371 3208 6372 3220 6372 3219 6372 3208 6373 3219 6373 3167 6373 3167 6374 3219 6374 3165 6374 3190 6375 3194 6375 3189 6375 3189 6376 3194 6376 3218 6376 3189 6377 3218 6377 3184 6377 3225 6378 3226 6378 3227 6378 3228 6379 3226 6379 3225 6379 3229 6380 3228 6380 3225 6380 3230 6381 3231 6381 3232 6381 3233 6382 3234 6382 3235 6382 3236 6383 3237 6383 3238 6383 3239 6384 3240 6384 3241 6384 3242 6385 3243 6385 3244 6385 3242 6386 3244 6386 3245 6386 3246 6387 3247 6387 3243 6387 3243 6388 3247 6388 3244 6388 3244 6389 3248 6389 3249 6389 3249 6390 3248 6390 3250 6390 3240 6391 3246 6391 3241 6391 3241 6392 3246 6392 3243 6392 3241 6393 3243 6393 3251 6393 3251 6394 3243 6394 3242 6394 3251 6395 3242 6395 3252 6395 3252 6396 3242 6396 3245 6396 3250 6397 3253 6397 3254 6397 3254 6398 3253 6398 3255 6398 3254 6399 3255 6399 3256 6399 3237 6400 3239 6400 3238 6400 3238 6401 3239 6401 3241 6401 3238 6402 3241 6402 3257 6402 3257 6403 3241 6403 3251 6403 3257 6404 3251 6404 3258 6404 3258 6405 3251 6405 3252 6405 3255 6406 3259 6406 3256 6406 3256 6407 3259 6407 3260 6407 3256 6408 3260 6408 3261 6408 3234 6409 3236 6409 3235 6409 3235 6410 3236 6410 3238 6410 3235 6411 3238 6411 3262 6411 3262 6412 3238 6412 3257 6412 3262 6413 3257 6413 3263 6413 3263 6414 3257 6414 3258 6414 3260 6415 3264 6415 3261 6415 3261 6416 3264 6416 3265 6416 3261 6417 3265 6417 3266 6417 3231 6418 3233 6418 3232 6418 3232 6419 3233 6419 3235 6419 3232 6420 3235 6420 3267 6420 3267 6421 3235 6421 3262 6421 3267 6422 3262 6422 3268 6422 3268 6423 3262 6423 3263 6423 3265 6424 3269 6424 3266 6424 3266 6425 3269 6425 3270 6425 3266 6426 3270 6426 3271 6426 3271 6427 3270 6427 3272 6427 3271 6428 3272 6428 3225 6428 3225 6429 3273 6429 3271 6429 3271 6430 3273 6430 3274 6430 3271 6431 3274 6431 3266 6431 3266 6432 3274 6432 3275 6432 3266 6433 3275 6433 3261 6433 3261 6434 3275 6434 3276 6434 3261 6435 3276 6435 3256 6435 3256 6436 3276 6436 3277 6436 3256 6437 3277 6437 3254 6437 3254 6438 3277 6438 3278 6438 3225 6439 3279 6439 3273 6439 3273 6440 3279 6440 3280 6440 3273 6441 3280 6441 3274 6441 3274 6442 3280 6442 3281 6442 3274 6443 3281 6443 3275 6443 3275 6444 3281 6444 3282 6444 3275 6445 3282 6445 3276 6445 3276 6446 3282 6446 3283 6446 3276 6447 3283 6447 3277 6447 3277 6448 3283 6448 3284 6448 3277 6449 3284 6449 3278 6449 3278 6450 3284 6450 3244 6450 3229 6451 3230 6451 3228 6451 3228 6452 3230 6452 3232 6452 3228 6453 3232 6453 3226 6453 3226 6454 3232 6454 3267 6454 3226 6455 3267 6455 3227 6455 3227 6456 3267 6456 3268 6456 3244 6457 3284 6457 3245 6457 3245 6458 3284 6458 3283 6458 3245 6459 3283 6459 3252 6459 3252 6460 3283 6460 3282 6460 3252 6461 3282 6461 3258 6461 3258 6462 3282 6462 3281 6462 3258 6463 3281 6463 3263 6463 3263 6464 3281 6464 3280 6464 3263 6465 3280 6465 3268 6465 3268 6466 3280 6466 3279 6466 3268 6467 3279 6467 3227 6467 3227 6468 3279 6468 3225 6468 3250 6469 3254 6469 3249 6469 3249 6470 3254 6470 3278 6470 3249 6471 3278 6471 3244 6471 3285 6472 3286 6472 3287 6472 3288 6473 3286 6473 3285 6473 3289 6474 3288 6474 3285 6474 3290 6475 3291 6475 3292 6475 3293 6476 3294 6476 3295 6476 3296 6477 3297 6477 3298 6477 3299 6478 3300 6478 3301 6478 3302 6479 3303 6479 3304 6479 3302 6480 3304 6480 3305 6480 3306 6481 3307 6481 3303 6481 3303 6482 3307 6482 3304 6482 3304 6483 3308 6483 3309 6483 3309 6484 3308 6484 3310 6484 3300 6485 3306 6485 3301 6485 3301 6486 3306 6486 3303 6486 3301 6487 3303 6487 3311 6487 3311 6488 3303 6488 3302 6488 3311 6489 3302 6489 3312 6489 3312 6490 3302 6490 3305 6490 3310 6491 3313 6491 3314 6491 3314 6492 3313 6492 3315 6492 3314 6493 3315 6493 3316 6493 3297 6494 3299 6494 3298 6494 3298 6495 3299 6495 3301 6495 3298 6496 3301 6496 3317 6496 3317 6497 3301 6497 3311 6497 3317 6498 3311 6498 3318 6498 3318 6499 3311 6499 3312 6499 3315 6500 3319 6500 3316 6500 3316 6501 3319 6501 3320 6501 3316 6502 3320 6502 3321 6502 3294 6503 3296 6503 3295 6503 3295 6504 3296 6504 3298 6504 3295 6505 3298 6505 3322 6505 3322 6506 3298 6506 3317 6506 3322 6507 3317 6507 3323 6507 3323 6508 3317 6508 3318 6508 3320 6509 3324 6509 3321 6509 3321 6510 3324 6510 3325 6510 3321 6511 3325 6511 3326 6511 3291 6512 3293 6512 3292 6512 3292 6513 3293 6513 3295 6513 3292 6514 3295 6514 3327 6514 3327 6515 3295 6515 3322 6515 3327 6516 3322 6516 3328 6516 3328 6517 3322 6517 3323 6517 3325 6518 3329 6518 3326 6518 3326 6519 3329 6519 3330 6519 3326 6520 3330 6520 3331 6520 3331 6521 3330 6521 3332 6521 3331 6522 3332 6522 3285 6522 3285 6523 3333 6523 3331 6523 3331 6524 3333 6524 3334 6524 3331 6525 3334 6525 3326 6525 3326 6526 3334 6526 3335 6526 3326 6527 3335 6527 3321 6527 3321 6528 3335 6528 3336 6528 3321 6529 3336 6529 3316 6529 3316 6530 3336 6530 3337 6530 3316 6531 3337 6531 3314 6531 3314 6532 3337 6532 3338 6532 3285 6533 3339 6533 3333 6533 3333 6534 3339 6534 3340 6534 3333 6535 3340 6535 3334 6535 3334 6536 3340 6536 3341 6536 3334 6537 3341 6537 3335 6537 3335 6538 3341 6538 3342 6538 3335 6539 3342 6539 3336 6539 3336 6540 3342 6540 3343 6540 3336 6541 3343 6541 3337 6541 3337 6542 3343 6542 3344 6542 3337 6543 3344 6543 3338 6543 3338 6544 3344 6544 3304 6544 3289 6545 3290 6545 3288 6545 3288 6546 3290 6546 3292 6546 3288 6547 3292 6547 3286 6547 3286 6548 3292 6548 3327 6548 3286 6549 3327 6549 3287 6549 3287 6550 3327 6550 3328 6550 3304 6551 3344 6551 3305 6551 3305 6552 3344 6552 3343 6552 3305 6553 3343 6553 3312 6553 3312 6554 3343 6554 3342 6554 3312 6555 3342 6555 3318 6555 3318 6556 3342 6556 3341 6556 3318 6557 3341 6557 3323 6557 3323 6558 3341 6558 3340 6558 3323 6559 3340 6559 3328 6559 3328 6560 3340 6560 3339 6560 3328 6561 3339 6561 3287 6561 3287 6562 3339 6562 3285 6562 3310 6563 3314 6563 3309 6563 3309 6564 3314 6564 3338 6564 3309 6565 3338 6565 3304 6565 3345 6566 3346 6566 3347 6566 3348 6567 3346 6567 3345 6567 3349 6568 3348 6568 3345 6568 3350 6569 3351 6569 3352 6569 3353 6570 3354 6570 3355 6570 3356 6571 3357 6571 3358 6571 3359 6572 3360 6572 3361 6572 3362 6573 3363 6573 3364 6573 3362 6574 3364 6574 3365 6574 3366 6575 3367 6575 3363 6575 3363 6576 3367 6576 3364 6576 3364 6577 3368 6577 3369 6577 3369 6578 3368 6578 3370 6578 3360 6579 3366 6579 3361 6579 3361 6580 3366 6580 3363 6580 3361 6581 3363 6581 3371 6581 3371 6582 3363 6582 3362 6582 3371 6583 3362 6583 3372 6583 3372 6584 3362 6584 3365 6584 3370 6585 3373 6585 3374 6585 3374 6586 3373 6586 3375 6586 3374 6587 3375 6587 3376 6587 3357 6588 3359 6588 3358 6588 3358 6589 3359 6589 3361 6589 3358 6590 3361 6590 3377 6590 3377 6591 3361 6591 3371 6591 3377 6592 3371 6592 3378 6592 3378 6593 3371 6593 3372 6593 3375 6594 3379 6594 3376 6594 3376 6595 3379 6595 3380 6595 3376 6596 3380 6596 3381 6596 3354 6597 3356 6597 3355 6597 3355 6598 3356 6598 3358 6598 3355 6599 3358 6599 3382 6599 3382 6600 3358 6600 3377 6600 3382 6601 3377 6601 3383 6601 3383 6602 3377 6602 3378 6602 3380 6603 3384 6603 3381 6603 3381 6604 3384 6604 3385 6604 3381 6605 3385 6605 3386 6605 3351 6606 3353 6606 3352 6606 3352 6607 3353 6607 3355 6607 3352 6608 3355 6608 3387 6608 3387 6609 3355 6609 3382 6609 3387 6610 3382 6610 3388 6610 3388 6611 3382 6611 3383 6611 3385 6612 3389 6612 3386 6612 3386 6613 3389 6613 3390 6613 3386 6614 3390 6614 3391 6614 3391 6615 3390 6615 3392 6615 3391 6616 3392 6616 3345 6616 3345 6617 3393 6617 3391 6617 3391 6618 3393 6618 3394 6618 3391 6619 3394 6619 3386 6619 3386 6620 3394 6620 3395 6620 3386 6621 3395 6621 3381 6621 3381 6622 3395 6622 3396 6622 3381 6623 3396 6623 3376 6623 3376 6624 3396 6624 3397 6624 3376 6625 3397 6625 3374 6625 3374 6626 3397 6626 3398 6626 3345 6627 3399 6627 3393 6627 3393 6628 3399 6628 3400 6628 3393 6629 3400 6629 3394 6629 3394 6630 3400 6630 3401 6630 3394 6631 3401 6631 3395 6631 3395 6632 3401 6632 3402 6632 3395 6633 3402 6633 3396 6633 3396 6634 3402 6634 3403 6634 3396 6635 3403 6635 3397 6635 3397 6636 3403 6636 3404 6636 3397 6637 3404 6637 3398 6637 3398 6638 3404 6638 3364 6638 3349 6639 3350 6639 3348 6639 3348 6640 3350 6640 3352 6640 3348 6641 3352 6641 3346 6641 3346 6642 3352 6642 3387 6642 3346 6643 3387 6643 3347 6643 3347 6644 3387 6644 3388 6644 3364 6645 3404 6645 3365 6645 3365 6646 3404 6646 3403 6646 3365 6647 3403 6647 3372 6647 3372 6648 3403 6648 3402 6648 3372 6649 3402 6649 3378 6649 3378 6650 3402 6650 3401 6650 3378 6651 3401 6651 3383 6651 3383 6652 3401 6652 3400 6652 3383 6653 3400 6653 3388 6653 3388 6654 3400 6654 3399 6654 3388 6655 3399 6655 3347 6655 3347 6656 3399 6656 3345 6656 3370 6657 3374 6657 3369 6657 3369 6658 3374 6658 3398 6658 3369 6659 3398 6659 3364 6659 3405 6660 3406 6660 3407 6660 3408 6661 3406 6661 3405 6661 3409 6662 3408 6662 3405 6662 3410 6663 3411 6663 3412 6663 3413 6664 3414 6664 3415 6664 3416 6665 3417 6665 3418 6665 3419 6666 3420 6666 3421 6666 3422 6667 3423 6667 3424 6667 3422 6668 3424 6668 3425 6668 3426 6669 3427 6669 3423 6669 3423 6670 3427 6670 3424 6670 3424 6671 3428 6671 3429 6671 3429 6672 3428 6672 3430 6672 3420 6673 3426 6673 3421 6673 3421 6674 3426 6674 3423 6674 3421 6675 3423 6675 3431 6675 3431 6676 3423 6676 3422 6676 3431 6677 3422 6677 3432 6677 3432 6678 3422 6678 3425 6678 3430 6679 3433 6679 3434 6679 3434 6680 3433 6680 3435 6680 3434 6681 3435 6681 3436 6681 3417 6682 3419 6682 3418 6682 3418 6683 3419 6683 3421 6683 3418 6684 3421 6684 3437 6684 3437 6685 3421 6685 3431 6685 3437 6686 3431 6686 3438 6686 3438 6687 3431 6687 3432 6687 3435 6688 3439 6688 3436 6688 3436 6689 3439 6689 3440 6689 3436 6690 3440 6690 3441 6690 3414 6691 3416 6691 3415 6691 3415 6692 3416 6692 3418 6692 3415 6693 3418 6693 3442 6693 3442 6694 3418 6694 3437 6694 3442 6695 3437 6695 3443 6695 3443 6696 3437 6696 3438 6696 3440 6697 3444 6697 3441 6697 3441 6698 3444 6698 3445 6698 3441 6699 3445 6699 3446 6699 3411 6700 3413 6700 3412 6700 3412 6701 3413 6701 3415 6701 3412 6702 3415 6702 3447 6702 3447 6703 3415 6703 3442 6703 3447 6704 3442 6704 3448 6704 3448 6705 3442 6705 3443 6705 3445 6706 3449 6706 3446 6706 3446 6707 3449 6707 3450 6707 3446 6708 3450 6708 3451 6708 3451 6709 3450 6709 3452 6709 3451 6710 3452 6710 3405 6710 3405 6711 3453 6711 3451 6711 3451 6712 3453 6712 3454 6712 3451 6713 3454 6713 3446 6713 3446 6714 3454 6714 3455 6714 3446 6715 3455 6715 3441 6715 3441 6716 3455 6716 3456 6716 3441 6717 3456 6717 3436 6717 3436 6718 3456 6718 3457 6718 3436 6719 3457 6719 3434 6719 3434 6720 3457 6720 3458 6720 3405 6721 3459 6721 3453 6721 3453 6722 3459 6722 3460 6722 3453 6723 3460 6723 3454 6723 3454 6724 3460 6724 3461 6724 3454 6725 3461 6725 3455 6725 3455 6726 3461 6726 3462 6726 3455 6727 3462 6727 3456 6727 3456 6728 3462 6728 3463 6728 3456 6729 3463 6729 3457 6729 3457 6730 3463 6730 3464 6730 3457 6731 3464 6731 3458 6731 3458 6732 3464 6732 3424 6732 3409 6733 3410 6733 3408 6733 3408 6734 3410 6734 3412 6734 3408 6735 3412 6735 3406 6735 3406 6736 3412 6736 3447 6736 3406 6737 3447 6737 3407 6737 3407 6738 3447 6738 3448 6738 3424 6739 3464 6739 3425 6739 3425 6740 3464 6740 3463 6740 3425 6741 3463 6741 3432 6741 3432 6742 3463 6742 3462 6742 3432 6743 3462 6743 3438 6743 3438 6744 3462 6744 3461 6744 3438 6745 3461 6745 3443 6745 3443 6746 3461 6746 3460 6746 3443 6747 3460 6747 3448 6747 3448 6748 3460 6748 3459 6748 3448 6749 3459 6749 3407 6749 3407 6750 3459 6750 3405 6750 3430 6751 3434 6751 3429 6751 3429 6752 3434 6752 3458 6752 3429 6753 3458 6753 3424 6753 3465 6754 3466 6754 3467 6754 3468 6755 3466 6755 3465 6755 3469 6756 3468 6756 3465 6756 3470 6757 3471 6757 3472 6757 3473 6758 3474 6758 3475 6758 3476 6759 3477 6759 3478 6759 3479 6760 3480 6760 3481 6760 3482 6761 3483 6761 3484 6761 3482 6762 3484 6762 3485 6762 3486 6763 3487 6763 3483 6763 3483 6764 3487 6764 3484 6764 3484 6765 3488 6765 3489 6765 3489 6766 3488 6766 3490 6766 3480 6767 3486 6767 3481 6767 3481 6768 3486 6768 3483 6768 3481 6769 3483 6769 3491 6769 3491 6770 3483 6770 3482 6770 3491 6771 3482 6771 3492 6771 3492 6772 3482 6772 3485 6772 3490 6773 3493 6773 3494 6773 3494 6774 3493 6774 3495 6774 3494 6775 3495 6775 3496 6775 3477 6776 3479 6776 3478 6776 3478 6777 3479 6777 3481 6777 3478 6778 3481 6778 3497 6778 3497 6779 3481 6779 3491 6779 3497 6780 3491 6780 3498 6780 3498 6781 3491 6781 3492 6781 3495 6782 3499 6782 3496 6782 3496 6783 3499 6783 3500 6783 3496 6784 3500 6784 3501 6784 3474 6785 3476 6785 3475 6785 3475 6786 3476 6786 3478 6786 3475 6787 3478 6787 3502 6787 3502 6788 3478 6788 3497 6788 3502 6789 3497 6789 3503 6789 3503 6790 3497 6790 3498 6790 3500 6791 3504 6791 3501 6791 3501 6792 3504 6792 3505 6792 3501 6793 3505 6793 3506 6793 3471 6794 3473 6794 3472 6794 3472 6795 3473 6795 3475 6795 3472 6796 3475 6796 3507 6796 3507 6797 3475 6797 3502 6797 3507 6798 3502 6798 3508 6798 3508 6799 3502 6799 3503 6799 3505 6800 3509 6800 3506 6800 3506 6801 3509 6801 3510 6801 3506 6802 3510 6802 3511 6802 3511 6803 3510 6803 3512 6803 3511 6804 3512 6804 3465 6804 3465 6805 3513 6805 3511 6805 3511 6806 3513 6806 3514 6806 3511 6807 3514 6807 3506 6807 3506 6808 3514 6808 3515 6808 3506 6809 3515 6809 3501 6809 3501 6810 3515 6810 3516 6810 3501 6811 3516 6811 3496 6811 3496 6812 3516 6812 3517 6812 3496 6813 3517 6813 3494 6813 3494 6814 3517 6814 3518 6814 3465 6815 3519 6815 3513 6815 3513 6816 3519 6816 3520 6816 3513 6817 3520 6817 3514 6817 3514 6818 3520 6818 3521 6818 3514 6819 3521 6819 3515 6819 3515 6820 3521 6820 3522 6820 3515 6821 3522 6821 3516 6821 3516 6822 3522 6822 3523 6822 3516 6823 3523 6823 3517 6823 3517 6824 3523 6824 3524 6824 3517 6825 3524 6825 3518 6825 3518 6826 3524 6826 3484 6826 3469 6827 3470 6827 3468 6827 3468 6828 3470 6828 3472 6828 3468 6829 3472 6829 3466 6829 3466 6830 3472 6830 3507 6830 3466 6831 3507 6831 3467 6831 3467 6832 3507 6832 3508 6832 3484 6833 3524 6833 3485 6833 3485 6834 3524 6834 3523 6834 3485 6835 3523 6835 3492 6835 3492 6836 3523 6836 3522 6836 3492 6837 3522 6837 3498 6837 3498 6838 3522 6838 3521 6838 3498 6839 3521 6839 3503 6839 3503 6840 3521 6840 3520 6840 3503 6841 3520 6841 3508 6841 3508 6842 3520 6842 3519 6842 3508 6843 3519 6843 3467 6843 3467 6844 3519 6844 3465 6844 3490 6845 3494 6845 3489 6845 3489 6846 3494 6846 3518 6846 3489 6847 3518 6847 3484 6847 3144 6848 3525 6848 3526 6848 3527 6849 3149 6849 3526 6849 3526 6850 3149 6850 3145 6850 3526 6851 3145 6851 3144 6851 3109 6852 3105 6852 3528 6852 3528 6853 3105 6853 3152 6853 3528 6854 3152 6854 3527 6854 3527 6855 3152 6855 3150 6855 3527 6856 3150 6856 3149 6856 3109 6857 3528 6857 3110 6857 3110 6858 3528 6858 3529 6858 3110 6859 3529 6859 3111 6859 3111 6860 3529 6860 3530 6860 3111 6861 3530 6861 3113 6861 3113 6862 3530 6862 3114 6862 3114 6863 3530 6863 3531 6863 3114 6864 3531 6864 3116 6864 3116 6865 3531 6865 3117 6865 3117 6866 3531 6866 3532 6866 3117 6867 3532 6867 3119 6867 3119 6868 3532 6868 3120 6868 3120 6869 3532 6869 3533 6869 3120 6870 3533 6870 3126 6870 3126 6871 3533 6871 3127 6871 3127 6872 3533 6872 3534 6872 3127 6873 3534 6873 3124 6873 3535 6874 3133 6874 3536 6874 3536 6875 3133 6875 3130 6875 3536 6876 3130 6876 3534 6876 3534 6877 3130 6877 3128 6877 3534 6878 3128 6878 3124 6878 3144 6879 3140 6879 3525 6879 3525 6880 3140 6880 3139 6880 3525 6881 3139 6881 3535 6881 3535 6882 3139 6882 3135 6882 3535 6883 3135 6883 3133 6883 3204 6884 3537 6884 3538 6884 3539 6885 3209 6885 3538 6885 3538 6886 3209 6886 3205 6886 3538 6887 3205 6887 3204 6887 3540 6888 3165 6888 3541 6888 3541 6889 3165 6889 3212 6889 3541 6890 3212 6890 3539 6890 3539 6891 3212 6891 3210 6891 3539 6892 3210 6892 3209 6892 3542 6893 3171 6893 3543 6893 3543 6894 3171 6894 3170 6894 3543 6895 3170 6895 3540 6895 3540 6896 3170 6896 3169 6896 3540 6897 3169 6897 3165 6897 3544 6898 3174 6898 3542 6898 3542 6899 3174 6899 3173 6899 3542 6900 3173 6900 3171 6900 3545 6901 3177 6901 3544 6901 3544 6902 3177 6902 3176 6902 3544 6903 3176 6903 3174 6903 3546 6904 3180 6904 3545 6904 3545 6905 3180 6905 3179 6905 3545 6906 3179 6906 3177 6906 3547 6907 3187 6907 3546 6907 3546 6908 3187 6908 3186 6908 3546 6909 3186 6909 3180 6909 3548 6910 3193 6910 3549 6910 3549 6911 3193 6911 3190 6911 3549 6912 3190 6912 3550 6912 3550 6913 3190 6913 3188 6913 3550 6914 3188 6914 3547 6914 3547 6915 3188 6915 3184 6915 3547 6916 3184 6916 3187 6916 3204 6917 3200 6917 3537 6917 3537 6918 3200 6918 3199 6918 3537 6919 3199 6919 3548 6919 3548 6920 3199 6920 3195 6920 3548 6921 3195 6921 3193 6921 3264 6922 3551 6922 3552 6922 3553 6923 3269 6923 3552 6923 3552 6924 3269 6924 3265 6924 3552 6925 3265 6925 3264 6925 3229 6926 3225 6926 3554 6926 3554 6927 3225 6927 3272 6927 3554 6928 3272 6928 3553 6928 3553 6929 3272 6929 3270 6929 3553 6930 3270 6930 3269 6930 3229 6931 3554 6931 3230 6931 3230 6932 3554 6932 3555 6932 3230 6933 3555 6933 3231 6933 3231 6934 3555 6934 3556 6934 3231 6935 3556 6935 3233 6935 3233 6936 3556 6936 3234 6936 3234 6937 3556 6937 3557 6937 3234 6938 3557 6938 3236 6938 3236 6939 3557 6939 3237 6939 3237 6940 3557 6940 3558 6940 3237 6941 3558 6941 3239 6941 3239 6942 3558 6942 3240 6942 3240 6943 3558 6943 3559 6943 3240 6944 3559 6944 3246 6944 3246 6945 3559 6945 3247 6945 3247 6946 3559 6946 3560 6946 3247 6947 3560 6947 3244 6947 3561 6948 3253 6948 3562 6948 3562 6949 3253 6949 3250 6949 3562 6950 3250 6950 3560 6950 3560 6951 3250 6951 3248 6951 3560 6952 3248 6952 3244 6952 3264 6953 3260 6953 3551 6953 3551 6954 3260 6954 3259 6954 3551 6955 3259 6955 3561 6955 3561 6956 3259 6956 3255 6956 3561 6957 3255 6957 3253 6957 3324 6958 3563 6958 3564 6958 3565 6959 3329 6959 3564 6959 3564 6960 3329 6960 3325 6960 3564 6961 3325 6961 3324 6961 3289 6962 3285 6962 3566 6962 3566 6963 3285 6963 3332 6963 3566 6964 3332 6964 3565 6964 3565 6965 3332 6965 3330 6965 3565 6966 3330 6966 3329 6966 3289 6967 3566 6967 3290 6967 3290 6968 3566 6968 3567 6968 3290 6969 3567 6969 3291 6969 3291 6970 3567 6970 3568 6970 3291 6971 3568 6971 3293 6971 3293 6972 3568 6972 3294 6972 3294 6973 3568 6973 3569 6973 3294 6974 3569 6974 3296 6974 3296 6975 3569 6975 3297 6975 3297 6976 3569 6976 3570 6976 3297 6977 3570 6977 3299 6977 3299 6978 3570 6978 3300 6978 3300 6979 3570 6979 3571 6979 3300 6980 3571 6980 3306 6980 3306 6981 3571 6981 3307 6981 3307 6982 3571 6982 3572 6982 3307 6983 3572 6983 3304 6983 3573 6984 3313 6984 3574 6984 3574 6985 3313 6985 3310 6985 3574 6986 3310 6986 3572 6986 3572 6987 3310 6987 3308 6987 3572 6988 3308 6988 3304 6988 3324 6989 3320 6989 3563 6989 3563 6990 3320 6990 3319 6990 3563 6991 3319 6991 3573 6991 3573 6992 3319 6992 3315 6992 3573 6993 3315 6993 3313 6993 3384 6994 3575 6994 3576 6994 3577 6995 3389 6995 3576 6995 3576 6996 3389 6996 3385 6996 3576 6997 3385 6997 3384 6997 3349 6998 3345 6998 3578 6998 3578 6999 3345 6999 3392 6999 3578 7000 3392 7000 3577 7000 3577 7001 3392 7001 3390 7001 3577 7002 3390 7002 3389 7002 3349 7003 3578 7003 3350 7003 3350 7004 3578 7004 3579 7004 3350 7005 3579 7005 3351 7005 3351 7006 3579 7006 3580 7006 3351 7007 3580 7007 3353 7007 3353 7008 3580 7008 3354 7008 3354 7009 3580 7009 3581 7009 3354 7010 3581 7010 3356 7010 3356 7011 3581 7011 3357 7011 3357 7012 3581 7012 3582 7012 3357 7013 3582 7013 3359 7013 3359 7014 3582 7014 3360 7014 3360 7015 3582 7015 3583 7015 3360 7016 3583 7016 3366 7016 3366 7017 3583 7017 3367 7017 3367 7018 3583 7018 3584 7018 3367 7019 3584 7019 3364 7019 3585 7020 3373 7020 3586 7020 3586 7021 3373 7021 3370 7021 3586 7022 3370 7022 3584 7022 3584 7023 3370 7023 3368 7023 3584 7024 3368 7024 3364 7024 3384 7025 3380 7025 3575 7025 3575 7026 3380 7026 3379 7026 3575 7027 3379 7027 3585 7027 3585 7028 3379 7028 3375 7028 3585 7029 3375 7029 3373 7029 3444 7030 3587 7030 3588 7030 3589 7031 3449 7031 3588 7031 3588 7032 3449 7032 3445 7032 3588 7033 3445 7033 3444 7033 3590 7034 3405 7034 3591 7034 3591 7035 3405 7035 3452 7035 3591 7036 3452 7036 3589 7036 3589 7037 3452 7037 3450 7037 3589 7038 3450 7038 3449 7038 3592 7039 3411 7039 3593 7039 3593 7040 3411 7040 3410 7040 3593 7041 3410 7041 3590 7041 3590 7042 3410 7042 3409 7042 3590 7043 3409 7043 3405 7043 3594 7044 3414 7044 3592 7044 3592 7045 3414 7045 3413 7045 3592 7046 3413 7046 3411 7046 3595 7047 3417 7047 3594 7047 3594 7048 3417 7048 3416 7048 3594 7049 3416 7049 3414 7049 3596 7050 3420 7050 3595 7050 3595 7051 3420 7051 3419 7051 3595 7052 3419 7052 3417 7052 3597 7053 3427 7053 3596 7053 3596 7054 3427 7054 3426 7054 3596 7055 3426 7055 3420 7055 3598 7056 3433 7056 3599 7056 3599 7057 3433 7057 3430 7057 3599 7058 3430 7058 3600 7058 3600 7059 3430 7059 3428 7059 3600 7060 3428 7060 3597 7060 3597 7061 3428 7061 3424 7061 3597 7062 3424 7062 3427 7062 3444 7063 3440 7063 3587 7063 3587 7064 3440 7064 3439 7064 3587 7065 3439 7065 3598 7065 3598 7066 3439 7066 3435 7066 3598 7067 3435 7067 3433 7067 3504 7068 3601 7068 3602 7068 3603 7069 3509 7069 3602 7069 3602 7070 3509 7070 3505 7070 3602 7071 3505 7071 3504 7071 3469 7072 3465 7072 3604 7072 3604 7073 3465 7073 3512 7073 3604 7074 3512 7074 3603 7074 3603 7075 3512 7075 3510 7075 3603 7076 3510 7076 3509 7076 3469 7077 3604 7077 3470 7077 3470 7078 3604 7078 3605 7078 3470 7079 3605 7079 3471 7079 3471 7080 3605 7080 3606 7080 3471 7081 3606 7081 3473 7081 3473 7082 3606 7082 3474 7082 3474 7083 3606 7083 3607 7083 3474 7084 3607 7084 3476 7084 3476 7085 3607 7085 3477 7085 3477 7086 3607 7086 3608 7086 3477 7087 3608 7087 3479 7087 3479 7088 3608 7088 3480 7088 3480 7089 3608 7089 3609 7089 3480 7090 3609 7090 3486 7090 3486 7091 3609 7091 3487 7091 3487 7092 3609 7092 3610 7092 3487 7093 3610 7093 3484 7093 3611 7094 3493 7094 3612 7094 3612 7095 3493 7095 3490 7095 3612 7096 3490 7096 3610 7096 3610 7097 3490 7097 3488 7097 3610 7098 3488 7098 3484 7098 3504 7099 3500 7099 3601 7099 3601 7100 3500 7100 3499 7100 3601 7101 3499 7101 3611 7101 3611 7102 3499 7102 3495 7102 3611 7103 3495 7103 3493 7103 3613 7104 3614 7104 3615 7104 3615 7105 3614 7105 3616 7105 3615 7106 3616 7106 3617 7106 3617 7107 3616 7107 3618 7107 3618 7108 3616 7108 3619 7108 3618 7109 3619 7109 3620 7109 3620 7110 3619 7110 3621 7110 3621 7111 3619 7111 3622 7111 3621 7112 3622 7112 3623 7112 3623 7113 3622 7113 3624 7113 3624 7114 3622 7114 3625 7114 3624 7115 3625 7115 3626 7115 3626 7116 3625 7116 3627 7116 3627 7117 3625 7117 3628 7117 3627 7118 3628 7118 3629 7118 3629 7119 3628 7119 3630 7119 3630 7120 3628 7120 3631 7120 3630 7121 3631 7121 3632 7121 3633 7122 3621 7122 3623 7122 3624 7123 3634 7123 3623 7123 3634 7124 3624 7124 3635 7124 3621 7125 3633 7125 3620 7125 3620 7126 3633 7126 3636 7126 3620 7127 3636 7127 3618 7127 3624 7128 3626 7128 3635 7128 3635 7129 3626 7129 3627 7129 3635 7130 3627 7130 3637 7130 3623 7131 3634 7131 3638 7131 3638 7132 3634 7132 3635 7132 3638 7133 3635 7133 3639 7133 3639 7134 3635 7134 3637 7134 3639 7135 3637 7135 3640 7135 3623 7136 3641 7136 3642 7136 3642 7137 3641 7137 3643 7137 3642 7138 3643 7138 3644 7138 3644 7139 3643 7139 3645 7139 3644 7140 3645 7140 3646 7140 3623 7141 3647 7141 3633 7141 3633 7142 3647 7142 3648 7142 3633 7143 3648 7143 3636 7143 3636 7144 3648 7144 3649 7144 3636 7145 3649 7145 3650 7145 3618 7146 3636 7146 3617 7146 3617 7147 3636 7147 3650 7147 3617 7148 3650 7148 3615 7148 3627 7149 3629 7149 3637 7149 3637 7150 3629 7150 3630 7150 3637 7151 3630 7151 3632 7151 3632 7152 3651 7152 3637 7152 3637 7153 3651 7153 3652 7153 3637 7154 3652 7154 3640 7154 3640 7155 3652 7155 3653 7155 3640 7156 3653 7156 3654 7156 3654 7157 3645 7157 3640 7157 3640 7158 3645 7158 3643 7158 3640 7159 3643 7159 3639 7159 3639 7160 3643 7160 3641 7160 3639 7161 3641 7161 3638 7161 3638 7162 3641 7162 3623 7162 3654 7163 3655 7163 3645 7163 3645 7164 3655 7164 3656 7164 3645 7165 3656 7165 3646 7165 3646 7166 3656 7166 3657 7166 3646 7167 3657 7167 3658 7167 3658 7168 3649 7168 3646 7168 3646 7169 3649 7169 3648 7169 3646 7170 3648 7170 3644 7170 3644 7171 3648 7171 3647 7171 3644 7172 3647 7172 3642 7172 3642 7173 3647 7173 3623 7173 3613 7174 3615 7174 3659 7174 3659 7175 3615 7175 3650 7175 3659 7176 3650 7176 3660 7176 3660 7177 3650 7177 3649 7177 3660 7178 3649 7178 3661 7178 3661 7179 3649 7179 3658 7179 3614 7180 3613 7180 3662 7180 3662 7181 3613 7181 3663 7181 3662 7182 3663 7182 3664 7182 3665 7183 3666 7183 3667 7183 3532 7184 3531 7184 3667 7184 3668 7185 3669 7185 3670 7185 3671 7186 3672 7186 3673 7186 3664 7187 3674 7187 3675 7187 3590 7188 3591 7188 3676 7188 3677 7189 3541 7189 3678 7189 3678 7190 3541 7190 3539 7190 3678 7191 3539 7191 3679 7191 3539 7192 3538 7192 3679 7192 3679 7193 3538 7193 3537 7193 3679 7194 3537 7194 3680 7194 3680 7195 3537 7195 3548 7195 3680 7196 3548 7196 3669 7196 3669 7197 3548 7197 3549 7197 3669 7198 3549 7198 3670 7198 3549 7199 3550 7199 3670 7199 3670 7200 3550 7200 3547 7200 3670 7201 3547 7201 3681 7201 3681 7202 3547 7202 3546 7202 3681 7203 3546 7203 3545 7203 3545 7204 3544 7204 3673 7204 3544 7205 3542 7205 3673 7205 3673 7206 3542 7206 3543 7206 3673 7207 3543 7207 3677 7207 3677 7208 3543 7208 3540 7208 3677 7209 3540 7209 3541 7209 3676 7210 3591 7210 3682 7210 3591 7211 3589 7211 3682 7211 3682 7212 3589 7212 3588 7212 3682 7213 3588 7213 3587 7213 3599 7214 3600 7214 3683 7214 3683 7215 3600 7215 3597 7215 3590 7216 3676 7216 3593 7216 3593 7217 3676 7217 3684 7217 3593 7218 3684 7218 3592 7218 3592 7219 3684 7219 3685 7219 3592 7220 3685 7220 3594 7220 3594 7221 3685 7221 3686 7221 3594 7222 3686 7222 3595 7222 3595 7223 3686 7223 3687 7223 3595 7224 3687 7224 3596 7224 3596 7225 3687 7225 3688 7225 3596 7226 3688 7226 3597 7226 3616 7227 3614 7227 3675 7227 3675 7228 3614 7228 3662 7228 3675 7229 3662 7229 3664 7229 3631 7230 3628 7230 3689 7230 3689 7231 3628 7231 3625 7231 3689 7232 3625 7232 3690 7232 3690 7233 3625 7233 3622 7233 3690 7234 3622 7234 3619 7234 3691 7235 3692 7235 3693 7235 3693 7236 3692 7236 3694 7236 3693 7237 3694 7237 3695 7237 3695 7238 3694 7238 3696 7238 3692 7239 3631 7239 3694 7239 3694 7240 3631 7240 3689 7240 3694 7241 3689 7241 3557 7241 3557 7242 3689 7242 3558 7242 3557 7243 3556 7243 3694 7243 3694 7244 3556 7244 3555 7244 3694 7245 3555 7245 3696 7245 3696 7246 3555 7246 3554 7246 3696 7247 3554 7247 3697 7247 3697 7248 3554 7248 3553 7248 3697 7249 3553 7249 3672 7249 3561 7250 3673 7250 3551 7250 3551 7251 3673 7251 3672 7251 3551 7252 3672 7252 3552 7252 3552 7253 3672 7253 3553 7253 3561 7254 3562 7254 3673 7254 3673 7255 3562 7255 3560 7255 3673 7256 3560 7256 3689 7256 3689 7257 3560 7257 3559 7257 3689 7258 3559 7258 3558 7258 3678 7259 3698 7259 3677 7259 3677 7260 3698 7260 3699 7260 3677 7261 3699 7261 3673 7261 3673 7262 3699 7262 3700 7262 3673 7263 3700 7263 3671 7263 3531 7264 3530 7264 3681 7264 3526 7265 3701 7265 3670 7265 3670 7266 3701 7266 3702 7266 3670 7267 3702 7267 3668 7267 3530 7268 3529 7268 3681 7268 3681 7269 3529 7269 3528 7269 3681 7270 3528 7270 3670 7270 3670 7271 3528 7271 3527 7271 3670 7272 3527 7272 3526 7272 3526 7273 3525 7273 3701 7273 3701 7274 3525 7274 3535 7274 3701 7275 3535 7275 3703 7275 3703 7276 3535 7276 3536 7276 3703 7277 3536 7277 3666 7277 3666 7278 3536 7278 3534 7278 3666 7279 3534 7279 3667 7279 3667 7280 3534 7280 3533 7280 3667 7281 3533 7281 3532 7281 3704 7282 3705 7282 3667 7282 3667 7283 3705 7283 3706 7283 3667 7284 3706 7284 3665 7284 3707 7285 3607 7285 3606 7285 3704 7286 3602 7286 3601 7286 3601 7287 3708 7287 3704 7287 3704 7288 3708 7288 3709 7288 3704 7289 3709 7289 3705 7289 3606 7290 3605 7290 3707 7290 3707 7291 3605 7291 3604 7291 3707 7292 3604 7292 3704 7292 3704 7293 3604 7293 3603 7293 3704 7294 3603 7294 3602 7294 3601 7295 3611 7295 3708 7295 3708 7296 3611 7296 3612 7296 3708 7297 3612 7297 3710 7297 3710 7298 3612 7298 3610 7298 3710 7299 3610 7299 3711 7299 3711 7300 3610 7300 3609 7300 3711 7301 3609 7301 3608 7301 3712 7302 3713 7302 3707 7302 3707 7303 3713 7303 3714 7303 3608 7304 3607 7304 3711 7304 3711 7305 3607 7305 3707 7305 3711 7306 3707 7306 3715 7306 3715 7307 3707 7307 3714 7307 3598 7308 3599 7308 3712 7308 3712 7309 3599 7309 3683 7309 3712 7310 3683 7310 3713 7310 3713 7311 3683 7311 3716 7311 3597 7312 3688 7312 3683 7312 3683 7313 3688 7313 3717 7313 3683 7314 3717 7314 3716 7314 3718 7315 3580 7315 3719 7315 3719 7316 3580 7316 3579 7316 3719 7317 3579 7317 3720 7317 3578 7318 3577 7318 3721 7318 3721 7319 3577 7319 3576 7319 3721 7320 3576 7320 3575 7320 3585 7321 3586 7321 3676 7321 3676 7322 3586 7322 3584 7322 3676 7323 3584 7323 3684 7323 3684 7324 3584 7324 3583 7324 3684 7325 3583 7325 3722 7325 3722 7326 3583 7326 3582 7326 3722 7327 3582 7327 3718 7327 3718 7328 3582 7328 3581 7328 3718 7329 3581 7329 3580 7329 3579 7330 3578 7330 3720 7330 3720 7331 3578 7331 3721 7331 3720 7332 3721 7332 3723 7332 3723 7333 3721 7333 3724 7333 3724 7334 3721 7334 3725 7334 3725 7335 3721 7335 3726 7335 3725 7336 3726 7336 3727 7336 3566 7337 3565 7337 3675 7337 3675 7338 3565 7338 3564 7338 3564 7339 3563 7339 3675 7339 3675 7340 3563 7340 3690 7340 3675 7341 3690 7341 3616 7341 3616 7342 3690 7342 3619 7342 3563 7343 3573 7343 3690 7343 3690 7344 3573 7344 3574 7344 3690 7345 3574 7345 3726 7345 3726 7346 3574 7346 3572 7346 3726 7347 3572 7347 3571 7347 3571 7348 3570 7348 3726 7348 3726 7349 3570 7349 3569 7349 3726 7350 3569 7350 3727 7350 3727 7351 3569 7351 3568 7351 3727 7352 3568 7352 3728 7352 3728 7353 3568 7353 3567 7353 3728 7354 3567 7354 3729 7354 3567 7355 3566 7355 3729 7355 3729 7356 3566 7356 3675 7356 3729 7357 3675 7357 3730 7357 3730 7358 3675 7358 3674 7358 3531 7359 3681 7359 3667 7359 3667 7360 3681 7360 3731 7360 3667 7361 3731 7361 3704 7361 3704 7362 3731 7362 3732 7362 3704 7363 3732 7363 3707 7363 3707 7364 3732 7364 3682 7364 3707 7365 3682 7365 3712 7365 3712 7366 3682 7366 3587 7366 3712 7367 3587 7367 3598 7367 3545 7368 3673 7368 3681 7368 3681 7369 3673 7369 3689 7369 3681 7370 3689 7370 3731 7370 3731 7371 3689 7371 3690 7371 3731 7372 3690 7372 3732 7372 3732 7373 3690 7373 3726 7373 3732 7374 3726 7374 3682 7374 3682 7375 3726 7375 3721 7375 3682 7376 3721 7376 3676 7376 3676 7377 3721 7377 3575 7377 3676 7378 3575 7378 3585 7378 3691 7379 3733 7379 3692 7379 3692 7380 3733 7380 3632 7380 3692 7381 3632 7381 3631 7381 3663 7382 3613 7382 3734 7382 3734 7383 3613 7383 3659 7383 3734 7384 3659 7384 3735 7384 3735 7385 3659 7385 3660 7385 3735 7386 3660 7386 3736 7386 3736 7387 3660 7387 3661 7387 3736 7388 3661 7388 3737 7388 3737 7389 3661 7389 3658 7389 3737 7390 3658 7390 3738 7390 3738 7391 3658 7391 3657 7391 3738 7392 3657 7392 3739 7392 3739 7393 3657 7393 3656 7393 3739 7394 3656 7394 3740 7394 3740 7395 3656 7395 3655 7395 3740 7396 3655 7396 3741 7396 3741 7397 3655 7397 3654 7397 3741 7398 3654 7398 3742 7398 3742 7399 3654 7399 3653 7399 3742 7400 3653 7400 3743 7400 3743 7401 3653 7401 3652 7401 3743 7402 3652 7402 3744 7402 3744 7403 3652 7403 3651 7403 3744 7404 3651 7404 3733 7404 3733 7405 3651 7405 3632 7405 3674 7406 3664 7406 3663 7406 3745 7407 3730 7407 3674 7407 3674 7408 3663 7408 3745 7408 3745 7409 3663 7409 3734 7409 3745 7410 3734 7410 3735 7410 3738 7411 3746 7411 3737 7411 3737 7412 3746 7412 3745 7412 3737 7413 3745 7413 3736 7413 3736 7414 3745 7414 3735 7414 3743 7415 3744 7415 3747 7415 3743 7416 3747 7416 3742 7416 3738 7417 3739 7417 3746 7417 3746 7418 3739 7418 3740 7418 3746 7419 3740 7419 3747 7419 3747 7420 3740 7420 3741 7420 3747 7421 3741 7421 3742 7421 3744 7422 3733 7422 3747 7422 3747 7423 3733 7423 3691 7423 3747 7424 3691 7424 3693 7424 3748 7425 3688 7425 3749 7425 3749 7426 3688 7426 3687 7426 3749 7427 3687 7427 3750 7427 3750 7428 3687 7428 3686 7428 3750 7429 3686 7429 3751 7429 3714 7430 3713 7430 3752 7430 3752 7431 3713 7431 3716 7431 3752 7432 3716 7432 3748 7432 3748 7433 3716 7433 3717 7433 3748 7434 3717 7434 3688 7434 3714 7435 3752 7435 3715 7435 3715 7436 3752 7436 3753 7436 3715 7437 3753 7437 3711 7437 3711 7438 3753 7438 3754 7438 3711 7439 3754 7439 3710 7439 3710 7440 3754 7440 3708 7440 3708 7441 3754 7441 3755 7441 3708 7442 3755 7442 3709 7442 3709 7443 3755 7443 3705 7443 3705 7444 3755 7444 3756 7444 3705 7445 3756 7445 3706 7445 3706 7446 3756 7446 3757 7446 3706 7447 3757 7447 3665 7447 3665 7448 3757 7448 3666 7448 3666 7449 3757 7449 3758 7449 3666 7450 3758 7450 3703 7450 3703 7451 3758 7451 3701 7451 3701 7452 3758 7452 3759 7452 3701 7453 3759 7453 3702 7453 3702 7454 3759 7454 3668 7454 3668 7455 3759 7455 3760 7455 3668 7456 3760 7456 3669 7456 3669 7457 3760 7457 3761 7457 3669 7458 3761 7458 3680 7458 3680 7459 3761 7459 3679 7459 3679 7460 3761 7460 3762 7460 3679 7461 3762 7461 3678 7461 3678 7462 3762 7462 3763 7462 3678 7463 3763 7463 3698 7463 3698 7464 3763 7464 3764 7464 3698 7465 3764 7465 3699 7465 3765 7466 3672 7466 3766 7466 3766 7467 3672 7467 3671 7467 3766 7468 3671 7468 3764 7468 3764 7469 3671 7469 3700 7469 3764 7470 3700 7470 3699 7470 3693 7471 3695 7471 3747 7471 3747 7472 3695 7472 3696 7472 3747 7473 3696 7473 3765 7473 3765 7474 3696 7474 3697 7474 3765 7475 3697 7475 3672 7475 3730 7476 3745 7476 3729 7476 3729 7477 3745 7477 3767 7477 3729 7478 3767 7478 3728 7478 3728 7479 3767 7479 3727 7479 3727 7480 3767 7480 3768 7480 3727 7481 3768 7481 3725 7481 3769 7482 3720 7482 3770 7482 3770 7483 3720 7483 3723 7483 3770 7484 3723 7484 3768 7484 3768 7485 3723 7485 3724 7485 3768 7486 3724 7486 3725 7486 3686 7487 3685 7487 3751 7487 3751 7488 3685 7488 3684 7488 3751 7489 3684 7489 3771 7489 3771 7490 3684 7490 3722 7490 3771 7491 3722 7491 3772 7491 3772 7492 3722 7492 3718 7492 3772 7493 3718 7493 3769 7493 3769 7494 3718 7494 3719 7494 3769 7495 3719 7495 3720 7495 3768 7496 3773 7496 3770 7496 3770 7497 3773 7497 3774 7497 3770 7498 3774 7498 3769 7498 3769 7499 3774 7499 3775 7499 3769 7500 3775 7500 3772 7500 3772 7501 3775 7501 3776 7501 3772 7502 3776 7502 3771 7502 3771 7503 3776 7503 3777 7503 3771 7504 3777 7504 3751 7504 3751 7505 3777 7505 3778 7505 3751 7506 3778 7506 3750 7506 3750 7507 3778 7507 3779 7507 3750 7508 3779 7508 3749 7508 3764 7509 3780 7509 3766 7509 3766 7510 3780 7510 3781 7510 3766 7511 3781 7511 3765 7511 3765 7512 3781 7512 3782 7512 3765 7513 3782 7513 3747 7513 3747 7514 3782 7514 3783 7514 3747 7515 3783 7515 3746 7515 3746 7516 3783 7516 3784 7516 3746 7517 3784 7517 3745 7517 3745 7518 3784 7518 3785 7518 3745 7519 3785 7519 3767 7519 3767 7520 3785 7520 3786 7520 3767 7521 3786 7521 3768 7521 3768 7522 3786 7522 3787 7522 3768 7523 3787 7523 3773 7523 3757 7524 3788 7524 3758 7524 3758 7525 3788 7525 3789 7525 3758 7526 3789 7526 3759 7526 3759 7527 3789 7527 3790 7527 3759 7528 3790 7528 3760 7528 3760 7529 3790 7529 3791 7529 3760 7530 3791 7530 3761 7530 3761 7531 3791 7531 3792 7531 3761 7532 3792 7532 3762 7532 3762 7533 3792 7533 3793 7533 3762 7534 3793 7534 3763 7534 3763 7535 3793 7535 3794 7535 3763 7536 3794 7536 3764 7536 3764 7537 3794 7537 3795 7537 3764 7538 3795 7538 3780 7538 3779 7539 3796 7539 3749 7539 3749 7540 3796 7540 3797 7540 3749 7541 3797 7541 3748 7541 3748 7542 3797 7542 3798 7542 3748 7543 3798 7543 3752 7543 3752 7544 3798 7544 3799 7544 3752 7545 3799 7545 3753 7545 3753 7546 3799 7546 3800 7546 3753 7547 3800 7547 3754 7547 3754 7548 3800 7548 3801 7548 3754 7549 3801 7549 3755 7549 3755 7550 3801 7550 3802 7550 3755 7551 3802 7551 3756 7551 3756 7552 3802 7552 3803 7552 3756 7553 3803 7553 3757 7553 3757 7554 3803 7554 3804 7554 3757 7555 3804 7555 3788 7555 3777 7556 3776 7556 3805 7556 3775 7557 3806 7557 3776 7557 3776 7558 3806 7558 3807 7558 3776 7559 3807 7559 3805 7559 3774 7560 3808 7560 3775 7560 3775 7561 3808 7561 3809 7561 3775 7562 3809 7562 3806 7562 3773 7563 3810 7563 3774 7563 3774 7564 3810 7564 3811 7564 3774 7565 3811 7565 3808 7565 3787 7566 3812 7566 3773 7566 3773 7567 3812 7567 3813 7567 3773 7568 3813 7568 3810 7568 3786 7569 3814 7569 3787 7569 3787 7570 3814 7570 3815 7570 3787 7571 3815 7571 3812 7571 3785 7572 3816 7572 3786 7572 3786 7573 3816 7573 3817 7573 3786 7574 3817 7574 3814 7574 3784 7575 3818 7575 3785 7575 3785 7576 3818 7576 3819 7576 3785 7577 3819 7577 3816 7577 3783 7578 3820 7578 3784 7578 3784 7579 3820 7579 3821 7579 3784 7580 3821 7580 3818 7580 3782 7581 3822 7581 3783 7581 3783 7582 3822 7582 3823 7582 3783 7583 3823 7583 3820 7583 3781 7584 3824 7584 3782 7584 3782 7585 3824 7585 3825 7585 3782 7586 3825 7586 3822 7586 3780 7587 3826 7587 3781 7587 3781 7588 3826 7588 3827 7588 3781 7589 3827 7589 3824 7589 3795 7590 3828 7590 3780 7590 3780 7591 3828 7591 3829 7591 3780 7592 3829 7592 3826 7592 3794 7593 3830 7593 3795 7593 3795 7594 3830 7594 3831 7594 3795 7595 3831 7595 3828 7595 3793 7596 3832 7596 3794 7596 3794 7597 3832 7597 3833 7597 3794 7598 3833 7598 3830 7598 3792 7599 3834 7599 3793 7599 3793 7600 3834 7600 3835 7600 3793 7601 3835 7601 3832 7601 3791 7602 3836 7602 3792 7602 3792 7603 3836 7603 3837 7603 3792 7604 3837 7604 3834 7604 3790 7605 3838 7605 3791 7605 3791 7606 3838 7606 3839 7606 3791 7607 3839 7607 3836 7607 3789 7608 3840 7608 3790 7608 3790 7609 3840 7609 3841 7609 3790 7610 3841 7610 3838 7610 3788 7611 3842 7611 3789 7611 3789 7612 3842 7612 3843 7612 3789 7613 3843 7613 3840 7613 3804 7614 3844 7614 3788 7614 3788 7615 3844 7615 3845 7615 3788 7616 3845 7616 3842 7616 3803 7617 3846 7617 3804 7617 3804 7618 3846 7618 3847 7618 3804 7619 3847 7619 3844 7619 3802 7620 3848 7620 3803 7620 3803 7621 3848 7621 3849 7621 3803 7622 3849 7622 3846 7622 3801 7623 3850 7623 3802 7623 3802 7624 3850 7624 3851 7624 3802 7625 3851 7625 3848 7625 3800 7626 3852 7626 3801 7626 3801 7627 3852 7627 3853 7627 3801 7628 3853 7628 3850 7628 3799 7629 3854 7629 3800 7629 3800 7630 3854 7630 3855 7630 3800 7631 3855 7631 3852 7631 3798 7632 3856 7632 3799 7632 3799 7633 3856 7633 3857 7633 3799 7634 3857 7634 3854 7634 3797 7635 3858 7635 3798 7635 3798 7636 3858 7636 3859 7636 3798 7637 3859 7637 3856 7637 3796 7638 3860 7638 3797 7638 3797 7639 3860 7639 3861 7639 3797 7640 3861 7640 3858 7640 3779 7641 3862 7641 3796 7641 3796 7642 3862 7642 3863 7642 3796 7643 3863 7643 3860 7643 3778 7644 3864 7644 3779 7644 3779 7645 3864 7645 3865 7645 3779 7646 3865 7646 3862 7646 3805 7647 3866 7647 3777 7647 3777 7648 3866 7648 3867 7648 3777 7649 3867 7649 3778 7649 3778 7650 3867 7650 3868 7650 3778 7651 3868 7651 3864 7651 3823 7652 3822 7652 3869 7652 3870 7653 3871 7653 3830 7653 3835 7654 3872 7654 3832 7654 3832 7655 3872 7655 3870 7655 3832 7656 3870 7656 3833 7656 3833 7657 3870 7657 3830 7657 3873 7658 3874 7658 3826 7658 3826 7659 3829 7659 3873 7659 3873 7660 3829 7660 3828 7660 3873 7661 3828 7661 3871 7661 3871 7662 3828 7662 3831 7662 3871 7663 3831 7663 3830 7663 3869 7664 3822 7664 3875 7664 3822 7665 3825 7665 3875 7665 3875 7666 3825 7666 3824 7666 3875 7667 3824 7667 3874 7667 3874 7668 3824 7668 3827 7668 3874 7669 3827 7669 3826 7669 3823 7670 3869 7670 3820 7670 3820 7671 3869 7671 3876 7671 3820 7672 3876 7672 3821 7672 3821 7673 3876 7673 3877 7673 3821 7674 3877 7674 3818 7674 3818 7675 3877 7675 3878 7675 3818 7676 3878 7676 3819 7676 3819 7677 3878 7677 3879 7677 3819 7678 3879 7678 3816 7678 3816 7679 3879 7679 3817 7679 3817 7680 3879 7680 3880 7680 3817 7681 3880 7681 3814 7681 3814 7682 3880 7682 3815 7682 3815 7683 3880 7683 3881 7683 3815 7684 3881 7684 3812 7684 3812 7685 3881 7685 3813 7685 3813 7686 3881 7686 3882 7686 3813 7687 3882 7687 3810 7687 3810 7688 3882 7688 3811 7688 3811 7689 3882 7689 3883 7689 3811 7690 3883 7690 3808 7690 3808 7691 3883 7691 3809 7691 3809 7692 3883 7692 3884 7692 3809 7693 3884 7693 3806 7693 3806 7694 3884 7694 3807 7694 3807 7695 3884 7695 3885 7695 3807 7696 3885 7696 3805 7696 3805 7697 3885 7697 3886 7697 3805 7698 3886 7698 3866 7698 3866 7699 3886 7699 3887 7699 3866 7700 3887 7700 3867 7700 3888 7701 3864 7701 3887 7701 3887 7702 3864 7702 3868 7702 3887 7703 3868 7703 3867 7703 3889 7704 3890 7704 3860 7704 3860 7705 3863 7705 3889 7705 3889 7706 3863 7706 3862 7706 3889 7707 3862 7707 3888 7707 3888 7708 3862 7708 3865 7708 3888 7709 3865 7709 3864 7709 3891 7710 3892 7710 3856 7710 3856 7711 3859 7711 3891 7711 3891 7712 3859 7712 3858 7712 3891 7713 3858 7713 3890 7713 3890 7714 3858 7714 3861 7714 3890 7715 3861 7715 3860 7715 3893 7716 3894 7716 3852 7716 3852 7717 3855 7717 3893 7717 3893 7718 3855 7718 3854 7718 3893 7719 3854 7719 3892 7719 3892 7720 3854 7720 3857 7720 3892 7721 3857 7721 3856 7721 3895 7722 3851 7722 3896 7722 3896 7723 3851 7723 3850 7723 3896 7724 3850 7724 3894 7724 3894 7725 3850 7725 3853 7725 3894 7726 3853 7726 3852 7726 3897 7727 3849 7727 3895 7727 3895 7728 3849 7728 3848 7728 3895 7729 3848 7729 3851 7729 3898 7730 3847 7730 3897 7730 3897 7731 3847 7731 3846 7731 3897 7732 3846 7732 3849 7732 3899 7733 3845 7733 3898 7733 3898 7734 3845 7734 3844 7734 3898 7735 3844 7735 3847 7735 3900 7736 3843 7736 3899 7736 3899 7737 3843 7737 3842 7737 3899 7738 3842 7738 3845 7738 3901 7739 3841 7739 3900 7739 3900 7740 3841 7740 3840 7740 3900 7741 3840 7741 3843 7741 3835 7742 3834 7742 3872 7742 3872 7743 3834 7743 3837 7743 3872 7744 3837 7744 3902 7744 3902 7745 3837 7745 3836 7745 3902 7746 3836 7746 3903 7746 3903 7747 3836 7747 3839 7747 3903 7748 3839 7748 3901 7748 3901 7749 3839 7749 3838 7749 3901 7750 3838 7750 3841 7750 3904 7751 3905 7751 2480 7751 3906 7752 3907 7752 2480 7752 2480 7753 3907 7753 3908 7753 2480 7754 3908 7754 3904 7754 3909 7755 3910 7755 2480 7755 2480 7756 3910 7756 3911 7756 2480 7757 3911 7757 3906 7757 3912 7758 3913 7758 2480 7758 2480 7759 3913 7759 3914 7759 2480 7760 3914 7760 3909 7760 3915 7761 3916 7761 2480 7761 2480 7762 3916 7762 3917 7762 2480 7763 3917 7763 3912 7763 3918 7764 3919 7764 2480 7764 2480 7765 3919 7765 3920 7765 2480 7766 3920 7766 3915 7766 3921 7767 3922 7767 2480 7767 2480 7768 3922 7768 3923 7768 2480 7769 3923 7769 3918 7769 3924 7770 3925 7770 2480 7770 2480 7771 3925 7771 3926 7771 2480 7772 3926 7772 3921 7772 3927 7773 3928 7773 2480 7773 2480 7774 3928 7774 3929 7774 2480 7775 3929 7775 3924 7775 3930 7776 3931 7776 2480 7776 2480 7777 3931 7777 3932 7777 2480 7778 3932 7778 3927 7778 3933 7779 3934 7779 2480 7779 2480 7780 3934 7780 3935 7780 2480 7781 3935 7781 3930 7781 3905 7782 3936 7782 2480 7782 2480 7783 3936 7783 3937 7783 2480 7784 3937 7784 3933 7784 3877 7785 3876 7785 3913 7785 3913 7786 3876 7786 3869 7786 3913 7787 3869 7787 3914 7787 3914 7788 3869 7788 3875 7788 3914 7789 3875 7789 3909 7789 3909 7790 3875 7790 3874 7790 3909 7791 3874 7791 3910 7791 3910 7792 3874 7792 3873 7792 3910 7793 3873 7793 3911 7793 3911 7794 3873 7794 3871 7794 3911 7795 3871 7795 3906 7795 3906 7796 3871 7796 3870 7796 3906 7797 3870 7797 3907 7797 3907 7798 3870 7798 3872 7798 3907 7799 3872 7799 3908 7799 3908 7800 3872 7800 3902 7800 3908 7801 3902 7801 3904 7801 3904 7802 3902 7802 3903 7802 3904 7803 3903 7803 3905 7803 3905 7804 3903 7804 3901 7804 3905 7805 3901 7805 3936 7805 3936 7806 3901 7806 3900 7806 3936 7807 3900 7807 3937 7807 3937 7808 3900 7808 3899 7808 3937 7809 3899 7809 3933 7809 3933 7810 3899 7810 3898 7810 3933 7811 3898 7811 3934 7811 3934 7812 3898 7812 3897 7812 3934 7813 3897 7813 3935 7813 3935 7814 3897 7814 3895 7814 3935 7815 3895 7815 3930 7815 3930 7816 3895 7816 3896 7816 3930 7817 3896 7817 3931 7817 3931 7818 3896 7818 3894 7818 3931 7819 3894 7819 3932 7819 3932 7820 3894 7820 3893 7820 3932 7821 3893 7821 3927 7821 3927 7822 3893 7822 3892 7822 3927 7823 3892 7823 3928 7823 3928 7824 3892 7824 3891 7824 3928 7825 3891 7825 3929 7825 3929 7826 3891 7826 3890 7826 3929 7827 3890 7827 3924 7827 3924 7828 3890 7828 3889 7828 3924 7829 3889 7829 3925 7829 3925 7830 3889 7830 3888 7830 3925 7831 3888 7831 3926 7831 3926 7832 3888 7832 3887 7832 3926 7833 3887 7833 3921 7833 3921 7834 3887 7834 3886 7834 3921 7835 3886 7835 3922 7835 3922 7836 3886 7836 3885 7836 3922 7837 3885 7837 3923 7837 3923 7838 3885 7838 3884 7838 3923 7839 3884 7839 3918 7839 3918 7840 3884 7840 3883 7840 3918 7841 3883 7841 3919 7841 3919 7842 3883 7842 3882 7842 3919 7843 3882 7843 3920 7843 3920 7844 3882 7844 3881 7844 3920 7845 3881 7845 3915 7845 3915 7846 3881 7846 3880 7846 3915 7847 3880 7847 3916 7847 3916 7848 3880 7848 3879 7848 3916 7849 3879 7849 3917 7849 3917 7850 3879 7850 3878 7850 3917 7851 3878 7851 3912 7851 3912 7852 3878 7852 3877 7852 3912 7853 3877 7853 3913 7853 3938 7854 3939 7854 3940 7854 3941 7855 3939 7855 3938 7855 3938 7856 3942 7856 3943 7856 3944 7857 3942 7857 3938 7857 3940 7858 3944 7858 3938 7858 3938 7859 3945 7859 3946 7859 3947 7860 3945 7860 3938 7860 3943 7861 3947 7861 3938 7861 3938 7862 3948 7862 3949 7862 3950 7863 3948 7863 3938 7863 3946 7864 3950 7864 3938 7864 3938 7865 3951 7865 3952 7865 3953 7866 3951 7866 3938 7866 3949 7867 3953 7867 3938 7867 3938 7868 3954 7868 3955 7868 3956 7869 3954 7869 3938 7869 3952 7870 3956 7870 3938 7870 3938 7871 3957 7871 3958 7871 3959 7872 3957 7872 3938 7872 3955 7873 3959 7873 3938 7873 3938 7874 3960 7874 3961 7874 3962 7875 3960 7875 3938 7875 3938 7876 3963 7876 3964 7876 3965 7877 3963 7877 3938 7877 3961 7878 3965 7878 3938 7878 3938 7879 3966 7879 3967 7879 3968 7880 3966 7880 3938 7880 3964 7881 3968 7881 3938 7881 3967 7882 3941 7882 3938 7882 3958 7883 3962 7883 3938 7883 3969 7884 3939 7884 3941 7884 3969 7885 3970 7885 3939 7885 3939 7886 3970 7886 3971 7886 3939 7887 3971 7887 3940 7887 3971 7888 3972 7888 3940 7888 3940 7889 3972 7889 3973 7889 3940 7890 3973 7890 3944 7890 3973 7891 3974 7891 3944 7891 3944 7892 3974 7892 3975 7892 3944 7893 3975 7893 3942 7893 3975 7894 3976 7894 3942 7894 3942 7895 3976 7895 3977 7895 3942 7896 3977 7896 3943 7896 3977 7897 3978 7897 3943 7897 3943 7898 3978 7898 3979 7898 3943 7899 3979 7899 3947 7899 3979 7900 3980 7900 3947 7900 3947 7901 3980 7901 3981 7901 3947 7902 3981 7902 3945 7902 3981 7903 3982 7903 3945 7903 3945 7904 3982 7904 3983 7904 3945 7905 3983 7905 3946 7905 3983 7906 3984 7906 3946 7906 3946 7907 3984 7907 3985 7907 3946 7908 3985 7908 3950 7908 3985 7909 3986 7909 3950 7909 3950 7910 3986 7910 3987 7910 3950 7911 3987 7911 3948 7911 3987 7912 3988 7912 3948 7912 3948 7913 3988 7913 3989 7913 3948 7914 3989 7914 3949 7914 3989 7915 3990 7915 3949 7915 3949 7916 3990 7916 3991 7916 3949 7917 3991 7917 3953 7917 3991 7918 3992 7918 3953 7918 3953 7919 3992 7919 3993 7919 3953 7920 3993 7920 3951 7920 3993 7921 3994 7921 3951 7921 3951 7922 3994 7922 3995 7922 3951 7923 3995 7923 3952 7923 3952 7924 3995 7924 3996 7924 3952 7925 3996 7925 3956 7925 3956 7926 3996 7926 3997 7926 3956 7927 3997 7927 3998 7927 3998 7928 3999 7928 3956 7928 3956 7929 3999 7929 4000 7929 3956 7930 4000 7930 3954 7930 4000 7931 4001 7931 3954 7931 3954 7932 4001 7932 4002 7932 3954 7933 4002 7933 3955 7933 4002 7934 4003 7934 3955 7934 3955 7935 4003 7935 4004 7935 3955 7936 4004 7936 3959 7936 4004 7937 4005 7937 3959 7937 3959 7938 4005 7938 4006 7938 3959 7939 4006 7939 3957 7939 4006 7940 4007 7940 3957 7940 3957 7941 4007 7941 4008 7941 3957 7942 4008 7942 3958 7942 3958 7943 4008 7943 4009 7943 3958 7944 4009 7944 3962 7944 4009 7945 4010 7945 3962 7945 3962 7946 4010 7946 4011 7946 3962 7947 4011 7947 3960 7947 4011 7948 4012 7948 3960 7948 3960 7949 4012 7949 4013 7949 3960 7950 4013 7950 3961 7950 4013 7951 4014 7951 3961 7951 3961 7952 4014 7952 4015 7952 3961 7953 4015 7953 3965 7953 4015 7954 4016 7954 3965 7954 3965 7955 4016 7955 4017 7955 3965 7956 4017 7956 3963 7956 4017 7957 4018 7957 3963 7957 3963 7958 4018 7958 4019 7958 3963 7959 4019 7959 3964 7959 4019 7960 4020 7960 3964 7960 3964 7961 4020 7961 4021 7961 3964 7962 4021 7962 3968 7962 4021 7963 4022 7963 3968 7963 3968 7964 4022 7964 4023 7964 3968 7965 4023 7965 3966 7965 4023 7966 4024 7966 3966 7966 3966 7967 4024 7967 4025 7967 3966 7968 4025 7968 3967 7968 4025 7969 4026 7969 3967 7969 3967 7970 4026 7970 4027 7970 3967 7971 4027 7971 3941 7971 3941 7972 4027 7972 4028 7972 3941 7973 4028 7973 3969 7973 4029 7974 4030 7974 4031 7974 4031 7975 4032 7975 4029 7975 4029 7976 4032 7976 4033 7976 4029 7977 4033 7977 4034 7977 4029 7978 4035 7978 4030 7978 4030 7979 4035 7979 4036 7979 4030 7980 4036 7980 4037 7980 4034 7981 4038 7981 4029 7981 4029 7982 4038 7982 4039 7982 4029 7983 4039 7983 4040 7983 4040 7984 4041 7984 4029 7984 4029 7985 4041 7985 4042 7985 4029 7986 4042 7986 4043 7986 4043 7987 4044 7987 4029 7987 4029 7988 4044 7988 4045 7988 4029 7989 4045 7989 4046 7989 4037 7990 4047 7990 4030 7990 4030 7991 4047 7991 4048 7991 4030 7992 4048 7992 4049 7992 4049 7993 4050 7993 4030 7993 4030 7994 4050 7994 4051 7994 4030 7995 4051 7995 4052 7995 4052 7996 4051 7996 4053 7996 4054 7997 4055 7997 4045 7997 4045 7998 4056 7998 4057 7998 4055 7999 4058 7999 4045 7999 4045 8000 4058 8000 4059 8000 4045 8001 4059 8001 4060 8001 4061 8002 4062 8002 4045 8002 4045 8003 4062 8003 4063 8003 4045 8004 4063 8004 4046 8004 4053 8005 4051 8005 4064 8005 4064 8006 4051 8006 4065 8006 4064 8007 4065 8007 4066 8007 4057 8008 4067 8008 4045 8008 4045 8009 4067 8009 4068 8009 4045 8010 4068 8010 4054 8010 4060 8011 4069 8011 4045 8011 4045 8012 4069 8012 4070 8012 4045 8013 4070 8013 4061 8013 4066 8014 4071 8014 4064 8014 4064 8015 4071 8015 4072 8015 4064 8016 4072 8016 4073 8016 4073 8017 4072 8017 4074 8017 4074 8018 4075 8018 4073 8018 4073 8019 4075 8019 4076 8019 4073 8020 4076 8020 4077 8020 4078 8021 4079 8021 4026 8021 4026 8022 4025 8022 4078 8022 4078 8023 4025 8023 4024 8023 4078 8024 4024 8024 4080 8024 4024 8025 4023 8025 4080 8025 4080 8026 4023 8026 4022 8026 4080 8027 4022 8027 4081 8027 4022 8028 4021 8028 4081 8028 4081 8029 4021 8029 4020 8029 4081 8030 4020 8030 4082 8030 4020 8031 4019 8031 4082 8031 4082 8032 4019 8032 4018 8032 4082 8033 4018 8033 4083 8033 4018 8034 4017 8034 4083 8034 4083 8035 4017 8035 4016 8035 4083 8036 4016 8036 4084 8036 4016 8037 4015 8037 4084 8037 4084 8038 4015 8038 4014 8038 4084 8039 4014 8039 4085 8039 4085 8040 4014 8040 4013 8040 4085 8041 4013 8041 4086 8041 4086 8042 4013 8042 4012 8042 4012 8043 4011 8043 4086 8043 4086 8044 4011 8044 4010 8044 4086 8045 4010 8045 4087 8045 4010 8046 4009 8046 4087 8046 4087 8047 4009 8047 4008 8047 4087 8048 4008 8048 4088 8048 4008 8049 4007 8049 4088 8049 4088 8050 4007 8050 4006 8050 4088 8051 4006 8051 4089 8051 4006 8052 4005 8052 4089 8052 4089 8053 4005 8053 4004 8053 4089 8054 4004 8054 4090 8054 4004 8055 4003 8055 4090 8055 4090 8056 4003 8056 4002 8056 4090 8057 4002 8057 4091 8057 4002 8058 4001 8058 4091 8058 4091 8059 4001 8059 4000 8059 4091 8060 4000 8060 4092 8060 4000 8061 3999 8061 4092 8061 4092 8062 3999 8062 3998 8062 4092 8063 3998 8063 4093 8063 3998 8064 3997 8064 4093 8064 4093 8065 3997 8065 3996 8065 4093 8066 3996 8066 4094 8066 3996 8067 3995 8067 4094 8067 4094 8068 3995 8068 3994 8068 4094 8069 3994 8069 4095 8069 3994 8070 3993 8070 4095 8070 4095 8071 3993 8071 3992 8071 4095 8072 3992 8072 4096 8072 3992 8073 3991 8073 4096 8073 4096 8074 3991 8074 3990 8074 4096 8075 3990 8075 4097 8075 3990 8076 3989 8076 4097 8076 4097 8077 3989 8077 3988 8077 4097 8078 3988 8078 4098 8078 3988 8079 3987 8079 4098 8079 4098 8080 3987 8080 3986 8080 4098 8081 3986 8081 4099 8081 3986 8082 3985 8082 4099 8082 4099 8083 3985 8083 3984 8083 4099 8084 3984 8084 4100 8084 4100 8085 3984 8085 3983 8085 4100 8086 3983 8086 4101 8086 3983 8087 3982 8087 4101 8087 4101 8088 3982 8088 3981 8088 4101 8089 3981 8089 4102 8089 3981 8090 3980 8090 4102 8090 4102 8091 3980 8091 3979 8091 4102 8092 3979 8092 4103 8092 3979 8093 3978 8093 4103 8093 4103 8094 3978 8094 3977 8094 4103 8095 3977 8095 4104 8095 3977 8096 3976 8096 4104 8096 4104 8097 3976 8097 3975 8097 4104 8098 3975 8098 4105 8098 3975 8099 3974 8099 4105 8099 4105 8100 3974 8100 3973 8100 4105 8101 3973 8101 4106 8101 3973 8102 3972 8102 4106 8102 4106 8103 3972 8103 3971 8103 4106 8104 3971 8104 4107 8104 3971 8105 3970 8105 4107 8105 4107 8106 3970 8106 3969 8106 4107 8107 3969 8107 4108 8107 4108 8108 3969 8108 4028 8108 4108 8109 4028 8109 4079 8109 4079 8110 4028 8110 4027 8110 4079 8111 4027 8111 4026 8111 4109 8112 4110 8112 4111 8112 4110 8113 4109 8113 4112 8113 4112 8114 4109 8114 4113 8114 4112 8115 4113 8115 4114 8115 4115 8116 4114 8116 4113 8116 4115 8117 4113 8117 4116 8117 4116 8118 4113 8118 4109 8118 4116 8119 4109 8119 4111 8119 4117 8120 4118 8120 4119 8120 4118 8121 4117 8121 4120 8121 4120 8122 4117 8122 4121 8122 4120 8123 4121 8123 4122 8123 4123 8124 4122 8124 4121 8124 4123 8125 4121 8125 4124 8125 4124 8126 4121 8126 4117 8126 4124 8127 4117 8127 4119 8127 4125 8128 4126 8128 4127 8128 4127 8129 4126 8129 4128 8129 4128 8130 4126 8130 4129 8130 4129 8131 4126 8131 4130 8131 4129 8132 4130 8132 4131 8132 4131 8133 4130 8133 4132 8133 4132 8134 4130 8134 4133 8134 4133 8135 4130 8135 4134 8135 4134 8136 4130 8136 4126 8136 4134 8137 4126 8137 4125 8137 4135 8138 4136 8138 4137 8138 4137 8139 4136 8139 4138 8139 4138 8140 4136 8140 4139 8140 4139 8141 4136 8141 4140 8141 4139 8142 4140 8142 4141 8142 4141 8143 4140 8143 4142 8143 4142 8144 4140 8144 4143 8144 4143 8145 4140 8145 4144 8145 4144 8146 4140 8146 4136 8146 4144 8147 4136 8147 4135 8147 4145 8148 4146 8148 4147 8148 4146 8149 4145 8149 4148 8149 4148 8150 4145 8150 4149 8150 4148 8151 4149 8151 4150 8151 4151 8152 4150 8152 4149 8152 4151 8153 4149 8153 4152 8153 4152 8154 4149 8154 4145 8154 4152 8155 4145 8155 4147 8155 4153 8156 4154 8156 4155 8156 4154 8157 4153 8157 4156 8157 4156 8158 4153 8158 4157 8158 4156 8159 4157 8159 4158 8159 4159 8160 4158 8160 4157 8160 4159 8161 4157 8161 4160 8161 4160 8162 4157 8162 4153 8162 4160 8163 4153 8163 4155 8163 4161 8164 4162 8164 4163 8164 4162 8165 4161 8165 4164 8165 4164 8166 4161 8166 4165 8166 4164 8167 4165 8167 4166 8167 4167 8168 4166 8168 4165 8168 4167 8169 4165 8169 4168 8169 4168 8170 4165 8170 4161 8170 4168 8171 4161 8171 4163 8171 4169 8172 4170 8172 4171 8172 4171 8173 4170 8173 4172 8173 4172 8174 4170 8174 4173 8174 4173 8175 4170 8175 4174 8175 4173 8176 4174 8176 4175 8176 4175 8177 4174 8177 4176 8177 4176 8178 4174 8178 4177 8178 4177 8179 4174 8179 4178 8179 4178 8180 4174 8180 4170 8180 4178 8181 4170 8181 4169 8181 4179 8182 4180 8182 4181 8182 4180 8183 4179 8183 4182 8183 4182 8184 4179 8184 4183 8184 4182 8185 4183 8185 4184 8185 4185 8186 4184 8186 4183 8186 4185 8187 4183 8187 4186 8187 4186 8188 4183 8188 4179 8188 4186 8189 4179 8189 4181 8189 4187 8190 4188 8190 4189 8190 4188 8191 4187 8191 4190 8191 4190 8192 4187 8192 4191 8192 4190 8193 4191 8193 4192 8193 4193 8194 4192 8194 4191 8194 4193 8195 4191 8195 4194 8195 4194 8196 4191 8196 4187 8196 4194 8197 4187 8197 4189 8197 4195 8198 4196 8198 4197 8198 4196 8199 4195 8199 4198 8199 4198 8200 4195 8200 4199 8200 4198 8201 4199 8201 4200 8201 4201 8202 4200 8202 4199 8202 4201 8203 4199 8203 4202 8203 4202 8204 4199 8204 4195 8204 4202 8205 4195 8205 4197 8205 4203 8206 4204 8206 4205 8206 4204 8207 4203 8207 4206 8207 4206 8208 4203 8208 4207 8208 4206 8209 4207 8209 4208 8209 4209 8210 4208 8210 4207 8210 4209 8211 4207 8211 4210 8211 4210 8212 4207 8212 4203 8212 4210 8213 4203 8213 4205 8213 4211 8214 4212 8214 4213 8214 4212 8215 4211 8215 4214 8215 4214 8216 4211 8216 4215 8216 4214 8217 4215 8217 4216 8217 4217 8218 4216 8218 4215 8218 4217 8219 4215 8219 4218 8219 4218 8220 4215 8220 4211 8220 4218 8221 4211 8221 4213 8221 4219 8222 4220 8222 4221 8222 4220 8223 4219 8223 4222 8223 4222 8224 4219 8224 4223 8224 4222 8225 4223 8225 4224 8225 4225 8226 4224 8226 4223 8226 4225 8227 4223 8227 4226 8227 4226 8228 4223 8228 4219 8228 4226 8229 4219 8229 4221 8229 4227 8230 4228 8230 4229 8230 4228 8231 4227 8231 4230 8231 4230 8232 4227 8232 4231 8232 4230 8233 4231 8233 4232 8233 4233 8234 4232 8234 4231 8234 4233 8235 4231 8235 4234 8235 4234 8236 4231 8236 4227 8236 4234 8237 4227 8237 4229 8237 4235 8238 4236 8238 4237 8238 4237 8239 4236 8239 4238 8239 4238 8240 4236 8240 4239 8240 4239 8241 4236 8241 4240 8241 4239 8242 4240 8242 4241 8242 4241 8243 4240 8243 4242 8243 4242 8244 4240 8244 4243 8244 4243 8245 4240 8245 4244 8245 4244 8246 4240 8246 4236 8246 4244 8247 4236 8247 4235 8247 4245 8248 4246 8248 4247 8248 4247 8249 4246 8249 4248 8249 4248 8250 4246 8250 4249 8250 4249 8251 4246 8251 4250 8251 4249 8252 4250 8252 4251 8252 4251 8253 4250 8253 4252 8253 4252 8254 4250 8254 4253 8254 4253 8255 4250 8255 4254 8255 4254 8256 4250 8256 4246 8256 4254 8257 4246 8257 4245 8257 4255 8258 4256 8258 4257 8258 4256 8259 4255 8259 4258 8259 4258 8260 4255 8260 4259 8260 4258 8261 4259 8261 4260 8261 4261 8262 4260 8262 4259 8262 4261 8263 4259 8263 4262 8263 4262 8264 4259 8264 4255 8264 4262 8265 4255 8265 4257 8265 4263 8266 4264 8266 4265 8266 4265 8267 4264 8267 4266 8267 4266 8268 4264 8268 4267 8268 4267 8269 4264 8269 4268 8269 4267 8270 4268 8270 4269 8270 4269 8271 4268 8271 4270 8271 4270 8272 4268 8272 4271 8272 4271 8273 4268 8273 4272 8273 4272 8274 4268 8274 4264 8274 4272 8275 4264 8275 4263 8275 4273 8276 4274 8276 4275 8276 4274 8277 4273 8277 4276 8277 4276 8278 4273 8278 4277 8278 4276 8279 4277 8279 4278 8279 4279 8280 4278 8280 4277 8280 4279 8281 4277 8281 4280 8281 4280 8282 4277 8282 4273 8282 4280 8283 4273 8283 4275 8283 4281 8284 4282 8284 4283 8284 4282 8285 4281 8285 4284 8285 4284 8286 4281 8286 4285 8286 4284 8287 4285 8287 4286 8287 4287 8288 4286 8288 4285 8288 4287 8289 4285 8289 4288 8289 4288 8290 4285 8290 4281 8290 4288 8291 4281 8291 4283 8291 4289 8292 4290 8292 4291 8292 4290 8293 4289 8293 4292 8293 4292 8294 4289 8294 4293 8294 4292 8295 4293 8295 4294 8295 4295 8296 4294 8296 4293 8296 4295 8297 4293 8297 4296 8297 4296 8298 4293 8298 4289 8298 4296 8299 4289 8299 4291 8299 4297 8300 4298 8300 4299 8300 4299 8301 4298 8301 4300 8301 4300 8302 4298 8302 4301 8302 4301 8303 4298 8303 4302 8303 4301 8304 4302 8304 4303 8304 4303 8305 4302 8305 4304 8305 4304 8306 4302 8306 4305 8306 4305 8307 4302 8307 4306 8307 4306 8308 4302 8308 4298 8308 4306 8309 4298 8309 4297 8309 4307 8310 4308 8310 4309 8310 4308 8311 4307 8311 4310 8311 4310 8312 4307 8312 4311 8312 4310 8313 4311 8313 4312 8313 4313 8314 4312 8314 4311 8314 4313 8315 4311 8315 4314 8315 4314 8316 4311 8316 4307 8316 4314 8317 4307 8317 4309 8317 4315 8318 4316 8318 4317 8318 4316 8319 4315 8319 4318 8319 4318 8320 4315 8320 4319 8320 4318 8321 4319 8321 4320 8321 4321 8322 4320 8322 4319 8322 4321 8323 4319 8323 4322 8323 4322 8324 4319 8324 4315 8324 4322 8325 4315 8325 4317 8325 4323 8326 4324 8326 4325 8326 4324 8327 4323 8327 4326 8327 4326 8328 4323 8328 4327 8328 4326 8329 4327 8329 4328 8329 4329 8330 4328 8330 4327 8330 4329 8331 4327 8331 4330 8331 4330 8332 4327 8332 4323 8332 4330 8333 4323 8333 4325 8333 4331 8334 4332 8334 4333 8334 4332 8335 4331 8335 4334 8335 4334 8336 4331 8336 4335 8336 4334 8337 4335 8337 4336 8337 4337 8338 4336 8338 4335 8338 4337 8339 4335 8339 4338 8339 4338 8340 4335 8340 4331 8340 4338 8341 4331 8341 4333 8341 4339 8342 4340 8342 4341 8342 4341 8343 4340 8343 4342 8343 4342 8344 4340 8344 4343 8344 4343 8345 4340 8345 4344 8345 4343 8346 4344 8346 4345 8346 4345 8347 4344 8347 4346 8347 4346 8348 4344 8348 4347 8348 4347 8349 4344 8349 4348 8349 4348 8350 4344 8350 4340 8350 4348 8351 4340 8351 4339 8351 4349 8352 4350 8352 4351 8352 4350 8353 4349 8353 4352 8353 4352 8354 4349 8354 4353 8354 4352 8355 4353 8355 4354 8355 4355 8356 4354 8356 4353 8356 4355 8357 4353 8357 4356 8357 4356 8358 4353 8358 4349 8358 4356 8359 4349 8359 4351 8359 4357 8360 4358 8360 4359 8360 4358 8361 4357 8361 4360 8361 4360 8362 4357 8362 4361 8362 4360 8363 4361 8363 4362 8363 4363 8364 4362 8364 4361 8364 4363 8365 4361 8365 4364 8365 4364 8366 4361 8366 4357 8366 4364 8367 4357 8367 4359 8367 4365 8368 4366 8368 4367 8368 4366 8369 4365 8369 4368 8369 4368 8370 4365 8370 4369 8370 4368 8371 4369 8371 4370 8371 4371 8372 4370 8372 4369 8372 4371 8373 4369 8373 4372 8373 4372 8374 4369 8374 4365 8374 4372 8375 4365 8375 4367 8375 4373 8376 4374 8376 4375 8376 4374 8377 4373 8377 4376 8377 4376 8378 4373 8378 4377 8378 4376 8379 4377 8379 4378 8379 4379 8380 4378 8380 4377 8380 4379 8381 4377 8381 4380 8381 4380 8382 4377 8382 4373 8382 4380 8383 4373 8383 4375 8383 4381 8384 4382 8384 4383 8384 4382 8385 4381 8385 4384 8385 4384 8386 4381 8386 4385 8386 4384 8387 4385 8387 4386 8387 4387 8388 4386 8388 4385 8388 4387 8389 4385 8389 4388 8389 4388 8390 4385 8390 4381 8390 4388 8391 4381 8391 4383 8391 4389 8392 4390 8392 4391 8392 4390 8393 4389 8393 4392 8393 4392 8394 4389 8394 4393 8394 4392 8395 4393 8395 4394 8395 4395 8396 4394 8396 4393 8396 4395 8397 4393 8397 4396 8397 4396 8398 4393 8398 4389 8398 4396 8399 4389 8399 4391 8399 4397 8400 4398 8400 4399 8400 4398 8401 4397 8401 4400 8401 4400 8402 4397 8402 4401 8402 4400 8403 4401 8403 4402 8403 4403 8404 4402 8404 4401 8404 4403 8405 4401 8405 4404 8405 4404 8406 4401 8406 4397 8406 4404 8407 4397 8407 4399 8407 4405 8408 4406 8408 4407 8408 4406 8409 4405 8409 4408 8409 4408 8410 4405 8410 4409 8410 4408 8411 4409 8411 4410 8411 4411 8412 4410 8412 4409 8412 4411 8413 4409 8413 4412 8413 4412 8414 4409 8414 4405 8414 4412 8415 4405 8415 4407 8415 4413 8416 4414 8416 4415 8416 4414 8417 4413 8417 4416 8417 4416 8418 4413 8418 4417 8418 4416 8419 4417 8419 4418 8419 4419 8420 4418 8420 4417 8420 4419 8421 4417 8421 4420 8421 4420 8422 4417 8422 4413 8422 4420 8423 4413 8423 4415 8423 4421 8424 4422 8424 4423 8424 4422 8425 4421 8425 4424 8425 4424 8426 4421 8426 4425 8426 4424 8427 4425 8427 4426 8427 4427 8428 4426 8428 4425 8428 4427 8429 4425 8429 4428 8429 4428 8430 4425 8430 4421 8430 4428 8431 4421 8431 4423 8431 4429 8432 4430 8432 4431 8432 4431 8433 4430 8433 4432 8433 4432 8434 4430 8434 4433 8434 4433 8435 4430 8435 4434 8435 4433 8436 4434 8436 4435 8436 4435 8437 4434 8437 4436 8437 4436 8438 4434 8438 4437 8438 4437 8439 4434 8439 4438 8439 4438 8440 4434 8440 4430 8440 4438 8441 4430 8441 4429 8441 4439 8442 4440 8442 4441 8442 4440 8443 4439 8443 4442 8443 4442 8444 4439 8444 4443 8444 4442 8445 4443 8445 4444 8445 4445 8446 4444 8446 4443 8446 4445 8447 4443 8447 4446 8447 4446 8448 4443 8448 4439 8448 4446 8449 4439 8449 4441 8449 4447 8450 4448 8450 4449 8450 4449 8451 4448 8451 4450 8451 4449 8452 4450 8452 4451 8452 4451 8453 4450 8453 4452 8453 4451 8454 4452 8454 4453 8454 4453 8455 4452 8455 4454 8455 4453 8456 4454 8456 4455 8456 4456 8457 4457 8457 4458 8457 4458 8458 4457 8458 4459 8458 4458 8459 4459 8459 4460 8459 4460 8460 4459 8460 4461 8460 4460 8461 4461 8461 4454 8461 4454 8462 4461 8462 4462 8462 4454 8463 4462 8463 4455 8463 4463 8464 4464 8464 4456 8464 4456 8465 4464 8465 4465 8465 4456 8466 4465 8466 4457 8466 4466 8467 4467 8467 4468 8467 4468 8468 4467 8468 4469 8468 4468 8469 4469 8469 4463 8469 4463 8470 4469 8470 4470 8470 4463 8471 4470 8471 4464 8471 4471 8472 4472 8472 4466 8472 4466 8473 4472 8473 4473 8473 4466 8474 4473 8474 4467 8474 4474 8475 4475 8475 4471 8475 4471 8476 4475 8476 4476 8476 4471 8477 4476 8477 4472 8477 4477 8478 4478 8478 4479 8478 4479 8479 4478 8479 4480 8479 4479 8480 4480 8480 4481 8480 4481 8481 4480 8481 4482 8481 4481 8482 4482 8482 4474 8482 4474 8483 4482 8483 4483 8483 4474 8484 4483 8484 4475 8484 4477 8485 4479 8485 4484 8485 4484 8486 4479 8486 4485 8486 4484 8487 4485 8487 4486 8487 4486 8488 4485 8488 4487 8488 4486 8489 4487 8489 4488 8489 4488 8490 4487 8490 4489 8490 4488 8491 4489 8491 4490 8491 4491 8492 4492 8492 4493 8492 4493 8493 4492 8493 4494 8493 4493 8494 4494 8494 4495 8494 4495 8495 4494 8495 4496 8495 4495 8496 4496 8496 4489 8496 4489 8497 4496 8497 4497 8497 4489 8498 4497 8498 4490 8498 4498 8499 4499 8499 4491 8499 4491 8500 4499 8500 4500 8500 4491 8501 4500 8501 4492 8501 4501 8502 4502 8502 4503 8502 4503 8503 4502 8503 4504 8503 4503 8504 4504 8504 4498 8504 4498 8505 4504 8505 4505 8505 4498 8506 4505 8506 4499 8506 4506 8507 4507 8507 4508 8507 4508 8508 4507 8508 4509 8508 4508 8509 4509 8509 4501 8509 4501 8510 4509 8510 4510 8510 4501 8511 4510 8511 4502 8511 4506 8512 4508 8512 4511 8512 4511 8513 4508 8513 4512 8513 4511 8514 4512 8514 4513 8514 4513 8515 4512 8515 4514 8515 4513 8516 4514 8516 4515 8516 4515 8517 4514 8517 4516 8517 4515 8518 4516 8518 4517 8518 4518 8519 4519 8519 4520 8519 4520 8520 4519 8520 4521 8520 4520 8521 4521 8521 4522 8521 4522 8522 4521 8522 4523 8522 4522 8523 4523 8523 4524 8523 4524 8524 4523 8524 4525 8524 4524 8525 4525 8525 4516 8525 4516 8526 4525 8526 4526 8526 4516 8527 4526 8527 4517 8527 4518 8528 4520 8528 4527 8528 4527 8529 4520 8529 4528 8529 4527 8530 4528 8530 4529 8530 4529 8531 4528 8531 4530 8531 4529 8532 4530 8532 4531 8532 4531 8533 4530 8533 4532 8533 4531 8534 4532 8534 4533 8534 4533 8535 4532 8535 4534 8535 4534 8536 4532 8536 4535 8536 4534 8537 4535 8537 4536 8537 4536 8538 4535 8538 4537 8538 4537 8539 4535 8539 4538 8539 4537 8540 4538 8540 4539 8540 4539 8541 4538 8541 4540 8541 4539 8542 4540 8542 4541 8542 4541 8543 4540 8543 4542 8543 4542 8544 4540 8544 4543 8544 4542 8545 4543 8545 4544 8545 4545 8546 4546 8546 4547 8546 4547 8547 4546 8547 4548 8547 4547 8548 4548 8548 4549 8548 4549 8549 4548 8549 4550 8549 4549 8550 4550 8550 4551 8550 4551 8551 4550 8551 4552 8551 4551 8552 4552 8552 4543 8552 4543 8553 4552 8553 4553 8553 4543 8554 4553 8554 4544 8554 4545 8555 4547 8555 4554 8555 4554 8556 4547 8556 4555 8556 4554 8557 4555 8557 4556 8557 4556 8558 4555 8558 4557 8558 4556 8559 4557 8559 4558 8559 4558 8560 4557 8560 4559 8560 4558 8561 4559 8561 4560 8561 4561 8562 4562 8562 4563 8562 4563 8563 4562 8563 4564 8563 4563 8564 4564 8564 4565 8564 4565 8565 4564 8565 4566 8565 4565 8566 4566 8566 4559 8566 4559 8567 4566 8567 4567 8567 4559 8568 4567 8568 4560 8568 4568 8569 4569 8569 4561 8569 4561 8570 4569 8570 4570 8570 4561 8571 4570 8571 4562 8571 4571 8572 4572 8572 4568 8572 4568 8573 4572 8573 4573 8573 4568 8574 4573 8574 4569 8574 4447 8575 4574 8575 4448 8575 4448 8576 4574 8576 4575 8576 4448 8577 4575 8577 4576 8577 4576 8578 4575 8578 4577 8578 4576 8579 4577 8579 4571 8579 4571 8580 4577 8580 4578 8580 4571 8581 4578 8581 4572 8581 4579 8582 4077 8582 4580 8582 4580 8583 4077 8583 4076 8583 4580 8584 4076 8584 4581 8584 4581 8585 4076 8585 4075 8585 4581 8586 4075 8586 4582 8586 4582 8587 4075 8587 4074 8587 4582 8588 4074 8588 4583 8588 4583 8589 4074 8589 4072 8589 4583 8590 4072 8590 4584 8590 4584 8591 4072 8591 4071 8591 4584 8592 4071 8592 4585 8592 4585 8593 4071 8593 4066 8593 4585 8594 4066 8594 4586 8594 4586 8595 4066 8595 4065 8595 4586 8596 4065 8596 4587 8596 4587 8597 4065 8597 4051 8597 4587 8598 4051 8598 4588 8598 4588 8599 4051 8599 4050 8599 4588 8600 4050 8600 4589 8600 4589 8601 4050 8601 4049 8601 4589 8602 4049 8602 4590 8602 4590 8603 4049 8603 4048 8603 4590 8604 4048 8604 4591 8604 4591 8605 4048 8605 4047 8605 4591 8606 4047 8606 4592 8606 4592 8607 4047 8607 4037 8607 4592 8608 4037 8608 4593 8608 4593 8609 4037 8609 4036 8609 4593 8610 4036 8610 4594 8610 4594 8611 4036 8611 4035 8611 4594 8612 4035 8612 4595 8612 4595 8613 4035 8613 4029 8613 4595 8614 4029 8614 4596 8614 4596 8615 4029 8615 4046 8615 4596 8616 4046 8616 4597 8616 4597 8617 4046 8617 4063 8617 4597 8618 4063 8618 4598 8618 4598 8619 4063 8619 4062 8619 4598 8620 4062 8620 4599 8620 4599 8621 4062 8621 4061 8621 4599 8622 4061 8622 4600 8622 4600 8623 4061 8623 4070 8623 4600 8624 4070 8624 4601 8624 4601 8625 4070 8625 4069 8625 4601 8626 4069 8626 4602 8626 4602 8627 4069 8627 4060 8627 4602 8628 4060 8628 4603 8628 4603 8629 4060 8629 4059 8629 4603 8630 4059 8630 4604 8630 4604 8631 4059 8631 4058 8631 4604 8632 4058 8632 4605 8632 4605 8633 4058 8633 4055 8633 4605 8634 4055 8634 4606 8634 4606 8635 4055 8635 4054 8635 4606 8636 4054 8636 4607 8636 4607 8637 4054 8637 4068 8637 4607 8638 4068 8638 4608 8638 4608 8639 4068 8639 4067 8639 4608 8640 4067 8640 4609 8640 4609 8641 4067 8641 4057 8641 4609 8642 4057 8642 4610 8642 4610 8643 4057 8643 4056 8643 4610 8644 4056 8644 4611 8644 4611 8645 4056 8645 4045 8645 4611 8646 4045 8646 4612 8646 4612 8647 4045 8647 4044 8647 4612 8648 4044 8648 4613 8648 4613 8649 4044 8649 4043 8649 4613 8650 4043 8650 4614 8650 4614 8651 4043 8651 4042 8651 4614 8652 4042 8652 4615 8652 4615 8653 4042 8653 4041 8653 4615 8654 4041 8654 4616 8654 4616 8655 4041 8655 4040 8655 4616 8656 4040 8656 4617 8656 4617 8657 4040 8657 4039 8657 4617 8658 4039 8658 4618 8658 4618 8659 4039 8659 4038 8659 4618 8660 4038 8660 4619 8660 4619 8661 4038 8661 4034 8661 4619 8662 4034 8662 4620 8662 4620 8663 4034 8663 4033 8663 4620 8664 4033 8664 4621 8664 4621 8665 4033 8665 4032 8665 4621 8666 4032 8666 4622 8666 4622 8667 4032 8667 4031 8667 4622 8668 4031 8668 4623 8668 4623 8669 4031 8669 4030 8669 4623 8670 4030 8670 4624 8670 4624 8671 4030 8671 4052 8671 4624 8672 4052 8672 4625 8672 4625 8673 4052 8673 4053 8673 4625 8674 4053 8674 4626 8674 4626 8675 4053 8675 4064 8675 4626 8676 4064 8676 4627 8676 4627 8677 4064 8677 4073 8677 4627 8678 4073 8678 4579 8678 4579 8679 4073 8679 4077 8679 4579 8680 4628 8680 4627 8680 4627 8681 4628 8681 4629 8681 4627 8682 4629 8682 4626 8682 4626 8683 4629 8683 4630 8683 4626 8684 4630 8684 4625 8684 4625 8685 4630 8685 4631 8685 4625 8686 4631 8686 4624 8686 4624 8687 4631 8687 4632 8687 4624 8688 4632 8688 4623 8688 4623 8689 4632 8689 4633 8689 4623 8690 4633 8690 4622 8690 4622 8691 4633 8691 4634 8691 4622 8692 4634 8692 4621 8692 4621 8693 4634 8693 4635 8693 4621 8694 4635 8694 4620 8694 4620 8695 4635 8695 4636 8695 4620 8696 4636 8696 4619 8696 4619 8697 4636 8697 4637 8697 4619 8698 4637 8698 4618 8698 4618 8699 4637 8699 4638 8699 4618 8700 4638 8700 4617 8700 4617 8701 4638 8701 4639 8701 4617 8702 4639 8702 4616 8702 4616 8703 4639 8703 4640 8703 4616 8704 4640 8704 4615 8704 4615 8705 4640 8705 4641 8705 4615 8706 4641 8706 4614 8706 4614 8707 4641 8707 4642 8707 4614 8708 4642 8708 4613 8708 4613 8709 4642 8709 4643 8709 4613 8710 4643 8710 4612 8710 4612 8711 4643 8711 4644 8711 4612 8712 4644 8712 4611 8712 4611 8713 4644 8713 4645 8713 4611 8714 4645 8714 4610 8714 4610 8715 4645 8715 4646 8715 4610 8716 4646 8716 4609 8716 4609 8717 4646 8717 4647 8717 4609 8718 4647 8718 4608 8718 4608 8719 4647 8719 4648 8719 4608 8720 4648 8720 4607 8720 4607 8721 4648 8721 4649 8721 4607 8722 4649 8722 4606 8722 4606 8723 4649 8723 4650 8723 4606 8724 4650 8724 4605 8724 4605 8725 4650 8725 4651 8725 4605 8726 4651 8726 4604 8726 4604 8727 4651 8727 4652 8727 4604 8728 4652 8728 4603 8728 4603 8729 4652 8729 4653 8729 4603 8730 4653 8730 4602 8730 4602 8731 4653 8731 4654 8731 4602 8732 4654 8732 4601 8732 4601 8733 4654 8733 4655 8733 4601 8734 4655 8734 4600 8734 4600 8735 4655 8735 4656 8735 4600 8736 4656 8736 4599 8736 4599 8737 4656 8737 4657 8737 4599 8738 4657 8738 4598 8738 4598 8739 4657 8739 4658 8739 4598 8740 4658 8740 4597 8740 4597 8741 4658 8741 4659 8741 4597 8742 4659 8742 4596 8742 4596 8743 4659 8743 4660 8743 4596 8744 4660 8744 4595 8744 4595 8745 4660 8745 4661 8745 4595 8746 4661 8746 4594 8746 4594 8747 4661 8747 4662 8747 4594 8748 4662 8748 4593 8748 4593 8749 4662 8749 4663 8749 4593 8750 4663 8750 4592 8750 4592 8751 4663 8751 4664 8751 4592 8752 4664 8752 4591 8752 4591 8753 4664 8753 4665 8753 4591 8754 4665 8754 4590 8754 4590 8755 4665 8755 4666 8755 4590 8756 4666 8756 4589 8756 4589 8757 4666 8757 4667 8757 4589 8758 4667 8758 4588 8758 4588 8759 4667 8759 4668 8759 4588 8760 4668 8760 4587 8760 4587 8761 4668 8761 4669 8761 4587 8762 4669 8762 4586 8762 4586 8763 4669 8763 4670 8763 4586 8764 4670 8764 4585 8764 4585 8765 4670 8765 4671 8765 4585 8766 4671 8766 4584 8766 4584 8767 4671 8767 4672 8767 4584 8768 4672 8768 4583 8768 4583 8769 4672 8769 4673 8769 4583 8770 4673 8770 4582 8770 4582 8771 4673 8771 4674 8771 4582 8772 4674 8772 4581 8772 4581 8773 4674 8773 4675 8773 4581 8774 4675 8774 4580 8774 4580 8775 4675 8775 4676 8775 4580 8776 4676 8776 4579 8776 4579 8777 4676 8777 4628 8777 4628 8778 4677 8778 4629 8778 4629 8779 4677 8779 4678 8779 4629 8780 4678 8780 4630 8780 4630 8781 4678 8781 4679 8781 4630 8782 4679 8782 4631 8782 4631 8783 4679 8783 4680 8783 4631 8784 4680 8784 4632 8784 4632 8785 4680 8785 4681 8785 4632 8786 4681 8786 4633 8786 4633 8787 4681 8787 4682 8787 4633 8788 4682 8788 4634 8788 4634 8789 4682 8789 4683 8789 4634 8790 4683 8790 4635 8790 4635 8791 4683 8791 4684 8791 4635 8792 4684 8792 4636 8792 4636 8793 4684 8793 4685 8793 4636 8794 4685 8794 4637 8794 4637 8795 4685 8795 4686 8795 4637 8796 4686 8796 4638 8796 4638 8797 4686 8797 4687 8797 4638 8798 4687 8798 4639 8798 4639 8799 4687 8799 4688 8799 4639 8800 4688 8800 4640 8800 4640 8801 4688 8801 4689 8801 4640 8802 4689 8802 4641 8802 4641 8803 4689 8803 4690 8803 4641 8804 4690 8804 4642 8804 4642 8805 4690 8805 4691 8805 4642 8806 4691 8806 4643 8806 4643 8807 4691 8807 4692 8807 4643 8808 4692 8808 4644 8808 4644 8809 4692 8809 4693 8809 4644 8810 4693 8810 4645 8810 4645 8811 4693 8811 4694 8811 4645 8812 4694 8812 4646 8812 4646 8813 4694 8813 4695 8813 4646 8814 4695 8814 4647 8814 4647 8815 4695 8815 4696 8815 4647 8816 4696 8816 4648 8816 4648 8817 4696 8817 4697 8817 4648 8818 4697 8818 4649 8818 4649 8819 4697 8819 4698 8819 4649 8820 4698 8820 4650 8820 4650 8821 4698 8821 4699 8821 4650 8822 4699 8822 4651 8822 4651 8823 4699 8823 4700 8823 4651 8824 4700 8824 4652 8824 4652 8825 4700 8825 4701 8825 4652 8826 4701 8826 4653 8826 4653 8827 4701 8827 4702 8827 4653 8828 4702 8828 4654 8828 4654 8829 4702 8829 4703 8829 4654 8830 4703 8830 4655 8830 4655 8831 4703 8831 4704 8831 4655 8832 4704 8832 4656 8832 4656 8833 4704 8833 4705 8833 4656 8834 4705 8834 4657 8834 4657 8835 4705 8835 4706 8835 4657 8836 4706 8836 4658 8836 4658 8837 4706 8837 4707 8837 4658 8838 4707 8838 4659 8838 4659 8839 4707 8839 4708 8839 4659 8840 4708 8840 4660 8840 4660 8841 4708 8841 4709 8841 4660 8842 4709 8842 4661 8842 4661 8843 4709 8843 4710 8843 4661 8844 4710 8844 4662 8844 4662 8845 4710 8845 4711 8845 4662 8846 4711 8846 4663 8846 4663 8847 4711 8847 4712 8847 4663 8848 4712 8848 4664 8848 4664 8849 4712 8849 4713 8849 4664 8850 4713 8850 4665 8850 4665 8851 4713 8851 4714 8851 4665 8852 4714 8852 4666 8852 4666 8853 4714 8853 4715 8853 4666 8854 4715 8854 4667 8854 4667 8855 4715 8855 4716 8855 4667 8856 4716 8856 4668 8856 4668 8857 4716 8857 4717 8857 4668 8858 4717 8858 4669 8858 4669 8859 4717 8859 4718 8859 4669 8860 4718 8860 4670 8860 4670 8861 4718 8861 4719 8861 4670 8862 4719 8862 4671 8862 4671 8863 4719 8863 4720 8863 4671 8864 4720 8864 4672 8864 4672 8865 4720 8865 4721 8865 4672 8866 4721 8866 4673 8866 4673 8867 4721 8867 4722 8867 4673 8868 4722 8868 4674 8868 4674 8869 4722 8869 4723 8869 4674 8870 4723 8870 4675 8870 4675 8871 4723 8871 4724 8871 4675 8872 4724 8872 4676 8872 4676 8873 4724 8873 4725 8873 4676 8874 4725 8874 4628 8874 4628 8875 4725 8875 4677 8875 4677 8876 4726 8876 4678 8876 4678 8877 4726 8877 4727 8877 4678 8878 4727 8878 4679 8878 4679 8879 4727 8879 4728 8879 4679 8880 4728 8880 4680 8880 4680 8881 4728 8881 4729 8881 4680 8882 4729 8882 4681 8882 4681 8883 4729 8883 4730 8883 4681 8884 4730 8884 4682 8884 4682 8885 4730 8885 4731 8885 4682 8886 4731 8886 4683 8886 4683 8887 4731 8887 4732 8887 4683 8888 4732 8888 4684 8888 4684 8889 4732 8889 4733 8889 4684 8890 4733 8890 4685 8890 4685 8891 4733 8891 4734 8891 4685 8892 4734 8892 4686 8892 4686 8893 4734 8893 4735 8893 4686 8894 4735 8894 4687 8894 4687 8895 4735 8895 4736 8895 4687 8896 4736 8896 4688 8896 4688 8897 4736 8897 4737 8897 4688 8898 4737 8898 4689 8898 4689 8899 4737 8899 4738 8899 4689 8900 4738 8900 4690 8900 4690 8901 4738 8901 4739 8901 4690 8902 4739 8902 4691 8902 4691 8903 4739 8903 4740 8903 4691 8904 4740 8904 4692 8904 4692 8905 4740 8905 4741 8905 4692 8906 4741 8906 4693 8906 4693 8907 4741 8907 4742 8907 4693 8908 4742 8908 4694 8908 4694 8909 4742 8909 4743 8909 4694 8910 4743 8910 4695 8910 4695 8911 4743 8911 4744 8911 4695 8912 4744 8912 4696 8912 4696 8913 4744 8913 4745 8913 4696 8914 4745 8914 4697 8914 4697 8915 4745 8915 4746 8915 4697 8916 4746 8916 4698 8916 4698 8917 4746 8917 4747 8917 4698 8918 4747 8918 4699 8918 4699 8919 4747 8919 4748 8919 4699 8920 4748 8920 4700 8920 4700 8921 4748 8921 4749 8921 4700 8922 4749 8922 4701 8922 4701 8923 4749 8923 4750 8923 4701 8924 4750 8924 4702 8924 4702 8925 4750 8925 4751 8925 4702 8926 4751 8926 4703 8926 4703 8927 4751 8927 4752 8927 4703 8928 4752 8928 4704 8928 4704 8929 4752 8929 4753 8929 4704 8930 4753 8930 4705 8930 4705 8931 4753 8931 4754 8931 4705 8932 4754 8932 4706 8932 4706 8933 4754 8933 4755 8933 4706 8934 4755 8934 4707 8934 4707 8935 4755 8935 4756 8935 4707 8936 4756 8936 4708 8936 4708 8937 4756 8937 4757 8937 4708 8938 4757 8938 4709 8938 4709 8939 4757 8939 4758 8939 4709 8940 4758 8940 4710 8940 4710 8941 4758 8941 4759 8941 4710 8942 4759 8942 4711 8942 4711 8943 4759 8943 4760 8943 4711 8944 4760 8944 4712 8944 4712 8945 4760 8945 4761 8945 4712 8946 4761 8946 4713 8946 4713 8947 4761 8947 4762 8947 4713 8948 4762 8948 4714 8948 4714 8949 4762 8949 4763 8949 4714 8950 4763 8950 4715 8950 4715 8951 4763 8951 4764 8951 4715 8952 4764 8952 4716 8952 4716 8953 4764 8953 4765 8953 4716 8954 4765 8954 4717 8954 4717 8955 4765 8955 4766 8955 4717 8956 4766 8956 4718 8956 4718 8957 4766 8957 4767 8957 4718 8958 4767 8958 4719 8958 4719 8959 4767 8959 4768 8959 4719 8960 4768 8960 4720 8960 4720 8961 4768 8961 4769 8961 4720 8962 4769 8962 4721 8962 4721 8963 4769 8963 4770 8963 4721 8964 4770 8964 4722 8964 4722 8965 4770 8965 4771 8965 4722 8966 4771 8966 4723 8966 4723 8967 4771 8967 4772 8967 4723 8968 4772 8968 4724 8968 4724 8969 4772 8969 4773 8969 4724 8970 4773 8970 4725 8970 4725 8971 4773 8971 4774 8971 4725 8972 4774 8972 4677 8972 4677 8973 4774 8973 4726 8973 4726 8974 4775 8974 4727 8974 4727 8975 4775 8975 4776 8975 4727 8976 4776 8976 4728 8976 4728 8977 4776 8977 4777 8977 4728 8978 4777 8978 4729 8978 4729 8979 4777 8979 4778 8979 4729 8980 4778 8980 4730 8980 4730 8981 4778 8981 4779 8981 4730 8982 4779 8982 4731 8982 4731 8983 4779 8983 4780 8983 4731 8984 4780 8984 4732 8984 4732 8985 4780 8985 4781 8985 4732 8986 4781 8986 4733 8986 4733 8987 4781 8987 4782 8987 4733 8988 4782 8988 4734 8988 4734 8989 4782 8989 4783 8989 4734 8990 4783 8990 4735 8990 4735 8991 4783 8991 4784 8991 4735 8992 4784 8992 4736 8992 4736 8993 4784 8993 4785 8993 4736 8994 4785 8994 4737 8994 4737 8995 4785 8995 4786 8995 4737 8996 4786 8996 4738 8996 4738 8997 4786 8997 4787 8997 4738 8998 4787 8998 4739 8998 4739 8999 4787 8999 4788 8999 4739 9000 4788 9000 4740 9000 4740 9001 4788 9001 4789 9001 4740 9002 4789 9002 4741 9002 4741 9003 4789 9003 4790 9003 4741 9004 4790 9004 4742 9004 4742 9005 4790 9005 4791 9005 4742 9006 4791 9006 4743 9006 4743 9007 4791 9007 4792 9007 4743 9008 4792 9008 4744 9008 4744 9009 4792 9009 4793 9009 4744 9010 4793 9010 4745 9010 4745 9011 4793 9011 4794 9011 4745 9012 4794 9012 4746 9012 4746 9013 4794 9013 4795 9013 4746 9014 4795 9014 4747 9014 4747 9015 4795 9015 4796 9015 4747 9016 4796 9016 4748 9016 4748 9017 4796 9017 4797 9017 4748 9018 4797 9018 4749 9018 4749 9019 4797 9019 4798 9019 4749 9020 4798 9020 4750 9020 4750 9021 4798 9021 4799 9021 4750 9022 4799 9022 4751 9022 4751 9023 4799 9023 4800 9023 4751 9024 4800 9024 4752 9024 4752 9025 4800 9025 4801 9025 4752 9026 4801 9026 4753 9026 4753 9027 4801 9027 4802 9027 4753 9028 4802 9028 4754 9028 4754 9029 4802 9029 4803 9029 4754 9030 4803 9030 4755 9030 4755 9031 4803 9031 4804 9031 4755 9032 4804 9032 4756 9032 4756 9033 4804 9033 4805 9033 4756 9034 4805 9034 4757 9034 4757 9035 4805 9035 4806 9035 4757 9036 4806 9036 4758 9036 4758 9037 4806 9037 4807 9037 4758 9038 4807 9038 4759 9038 4759 9039 4807 9039 4808 9039 4759 9040 4808 9040 4760 9040 4760 9041 4808 9041 4809 9041 4760 9042 4809 9042 4761 9042 4761 9043 4809 9043 4810 9043 4761 9044 4810 9044 4762 9044 4762 9045 4810 9045 4811 9045 4762 9046 4811 9046 4763 9046 4763 9047 4811 9047 4812 9047 4763 9048 4812 9048 4764 9048 4764 9049 4812 9049 4813 9049 4764 9050 4813 9050 4765 9050 4765 9051 4813 9051 4814 9051 4765 9052 4814 9052 4766 9052 4766 9053 4814 9053 4815 9053 4766 9054 4815 9054 4767 9054 4767 9055 4815 9055 4816 9055 4767 9056 4816 9056 4768 9056 4768 9057 4816 9057 4817 9057 4768 9058 4817 9058 4769 9058 4769 9059 4817 9059 4818 9059 4769 9060 4818 9060 4770 9060 4770 9061 4818 9061 4819 9061 4770 9062 4819 9062 4771 9062 4771 9063 4819 9063 4820 9063 4771 9064 4820 9064 4772 9064 4772 9065 4820 9065 4821 9065 4772 9066 4821 9066 4773 9066 4773 9067 4821 9067 4822 9067 4773 9068 4822 9068 4774 9068 4774 9069 4822 9069 4823 9069 4774 9070 4823 9070 4726 9070 4726 9071 4823 9071 4775 9071 4775 9072 4824 9072 4776 9072 4776 9073 4824 9073 4825 9073 4776 9074 4825 9074 4777 9074 4777 9075 4825 9075 4826 9075 4777 9076 4826 9076 4778 9076 4778 9077 4826 9077 4827 9077 4778 9078 4827 9078 4779 9078 4779 9079 4827 9079 4828 9079 4779 9080 4828 9080 4780 9080 4780 9081 4828 9081 4829 9081 4780 9082 4829 9082 4781 9082 4781 9083 4829 9083 4830 9083 4781 9084 4830 9084 4782 9084 4782 9085 4830 9085 4831 9085 4782 9086 4831 9086 4783 9086 4783 9087 4831 9087 4832 9087 4783 9088 4832 9088 4784 9088 4784 9089 4832 9089 4833 9089 4784 9090 4833 9090 4785 9090 4785 9091 4833 9091 4834 9091 4785 9092 4834 9092 4786 9092 4786 9093 4834 9093 4835 9093 4786 9094 4835 9094 4787 9094 4787 9095 4835 9095 4836 9095 4787 9096 4836 9096 4788 9096 4788 9097 4836 9097 4837 9097 4788 9098 4837 9098 4789 9098 4789 9099 4837 9099 4838 9099 4789 9100 4838 9100 4790 9100 4790 9101 4838 9101 4839 9101 4790 9102 4839 9102 4791 9102 4791 9103 4839 9103 4840 9103 4791 9104 4840 9104 4792 9104 4792 9105 4840 9105 4841 9105 4792 9106 4841 9106 4793 9106 4793 9107 4841 9107 4842 9107 4793 9108 4842 9108 4794 9108 4794 9109 4842 9109 4843 9109 4794 9110 4843 9110 4795 9110 4795 9111 4843 9111 4844 9111 4795 9112 4844 9112 4796 9112 4796 9113 4844 9113 4845 9113 4796 9114 4845 9114 4797 9114 4797 9115 4845 9115 4846 9115 4797 9116 4846 9116 4798 9116 4798 9117 4846 9117 4847 9117 4798 9118 4847 9118 4799 9118 4799 9119 4847 9119 4848 9119 4799 9120 4848 9120 4800 9120 4800 9121 4848 9121 4849 9121 4800 9122 4849 9122 4801 9122 4801 9123 4849 9123 4850 9123 4801 9124 4850 9124 4802 9124 4802 9125 4850 9125 4851 9125 4802 9126 4851 9126 4803 9126 4803 9127 4851 9127 4852 9127 4803 9128 4852 9128 4804 9128 4804 9129 4852 9129 4853 9129 4804 9130 4853 9130 4805 9130 4805 9131 4853 9131 4854 9131 4805 9132 4854 9132 4806 9132 4806 9133 4854 9133 4855 9133 4806 9134 4855 9134 4807 9134 4807 9135 4855 9135 4856 9135 4807 9136 4856 9136 4808 9136 4808 9137 4856 9137 4857 9137 4808 9138 4857 9138 4809 9138 4809 9139 4857 9139 4858 9139 4809 9140 4858 9140 4810 9140 4810 9141 4858 9141 4859 9141 4810 9142 4859 9142 4811 9142 4811 9143 4859 9143 4860 9143 4811 9144 4860 9144 4812 9144 4812 9145 4860 9145 4861 9145 4812 9146 4861 9146 4813 9146 4813 9147 4861 9147 4862 9147 4813 9148 4862 9148 4814 9148 4814 9149 4862 9149 4863 9149 4814 9150 4863 9150 4815 9150 4815 9151 4863 9151 4864 9151 4815 9152 4864 9152 4816 9152 4816 9153 4864 9153 4865 9153 4816 9154 4865 9154 4817 9154 4817 9155 4865 9155 4866 9155 4817 9156 4866 9156 4818 9156 4818 9157 4866 9157 4867 9157 4818 9158 4867 9158 4819 9158 4819 9159 4867 9159 4868 9159 4819 9160 4868 9160 4820 9160 4820 9161 4868 9161 4869 9161 4820 9162 4869 9162 4821 9162 4821 9163 4869 9163 4870 9163 4821 9164 4870 9164 4822 9164 4822 9165 4870 9165 4871 9165 4822 9166 4871 9166 4823 9166 4823 9167 4871 9167 4872 9167 4823 9168 4872 9168 4775 9168 4775 9169 4872 9169 4824 9169 4824 9170 4873 9170 4825 9170 4825 9171 4873 9171 4874 9171 4825 9172 4874 9172 4826 9172 4826 9173 4874 9173 4875 9173 4826 9174 4875 9174 4827 9174 4827 9175 4875 9175 4876 9175 4827 9176 4876 9176 4828 9176 4828 9177 4876 9177 4877 9177 4828 9178 4877 9178 4829 9178 4829 9179 4877 9179 4878 9179 4829 9180 4878 9180 4830 9180 4830 9181 4878 9181 4879 9181 4830 9182 4879 9182 4831 9182 4831 9183 4879 9183 4880 9183 4831 9184 4880 9184 4832 9184 4832 9185 4880 9185 4881 9185 4832 9186 4881 9186 4833 9186 4833 9187 4881 9187 4882 9187 4833 9188 4882 9188 4834 9188 4834 9189 4882 9189 4883 9189 4834 9190 4883 9190 4835 9190 4835 9191 4883 9191 4884 9191 4835 9192 4884 9192 4836 9192 4836 9193 4884 9193 4885 9193 4836 9194 4885 9194 4837 9194 4837 9195 4885 9195 4886 9195 4837 9196 4886 9196 4838 9196 4838 9197 4886 9197 4887 9197 4838 9198 4887 9198 4839 9198 4839 9199 4887 9199 4888 9199 4839 9200 4888 9200 4840 9200 4840 9201 4888 9201 4889 9201 4840 9202 4889 9202 4841 9202 4841 9203 4889 9203 4890 9203 4841 9204 4890 9204 4842 9204 4842 9205 4890 9205 4891 9205 4842 9206 4891 9206 4843 9206 4843 9207 4891 9207 4892 9207 4843 9208 4892 9208 4844 9208 4844 9209 4892 9209 4893 9209 4844 9210 4893 9210 4845 9210 4845 9211 4893 9211 4894 9211 4845 9212 4894 9212 4846 9212 4846 9213 4894 9213 4895 9213 4846 9214 4895 9214 4847 9214 4847 9215 4895 9215 4896 9215 4847 9216 4896 9216 4848 9216 4848 9217 4896 9217 4897 9217 4848 9218 4897 9218 4849 9218 4849 9219 4897 9219 4898 9219 4849 9220 4898 9220 4850 9220 4850 9221 4898 9221 4899 9221 4850 9222 4899 9222 4851 9222 4851 9223 4899 9223 4900 9223 4851 9224 4900 9224 4852 9224 4852 9225 4900 9225 4901 9225 4852 9226 4901 9226 4853 9226 4853 9227 4901 9227 4902 9227 4853 9228 4902 9228 4854 9228 4854 9229 4902 9229 4903 9229 4854 9230 4903 9230 4855 9230 4855 9231 4903 9231 4904 9231 4855 9232 4904 9232 4856 9232 4856 9233 4904 9233 4905 9233 4856 9234 4905 9234 4857 9234 4857 9235 4905 9235 4906 9235 4857 9236 4906 9236 4858 9236 4858 9237 4906 9237 4907 9237 4858 9238 4907 9238 4859 9238 4859 9239 4907 9239 4908 9239 4859 9240 4908 9240 4860 9240 4860 9241 4908 9241 4909 9241 4860 9242 4909 9242 4861 9242 4861 9243 4909 9243 4910 9243 4861 9244 4910 9244 4862 9244 4862 9245 4910 9245 4911 9245 4862 9246 4911 9246 4863 9246 4863 9247 4911 9247 4912 9247 4863 9248 4912 9248 4864 9248 4864 9249 4912 9249 4913 9249 4864 9250 4913 9250 4865 9250 4865 9251 4913 9251 4914 9251 4865 9252 4914 9252 4866 9252 4866 9253 4914 9253 4915 9253 4866 9254 4915 9254 4867 9254 4867 9255 4915 9255 4916 9255 4867 9256 4916 9256 4868 9256 4868 9257 4916 9257 4917 9257 4868 9258 4917 9258 4869 9258 4869 9259 4917 9259 4918 9259 4869 9260 4918 9260 4870 9260 4870 9261 4918 9261 4919 9261 4870 9262 4919 9262 4871 9262 4871 9263 4919 9263 4920 9263 4871 9264 4920 9264 4872 9264 4872 9265 4920 9265 4921 9265 4872 9266 4921 9266 4824 9266 4824 9267 4921 9267 4873 9267 4873 9268 4922 9268 4874 9268 4874 9269 4922 9269 4923 9269 4874 9270 4923 9270 4875 9270 4875 9271 4923 9271 4924 9271 4875 9272 4924 9272 4876 9272 4876 9273 4924 9273 4925 9273 4876 9274 4925 9274 4877 9274 4877 9275 4925 9275 4926 9275 4877 9276 4926 9276 4878 9276 4878 9277 4926 9277 4927 9277 4878 9278 4927 9278 4879 9278 4879 9279 4927 9279 4928 9279 4879 9280 4928 9280 4880 9280 4880 9281 4928 9281 4929 9281 4880 9282 4929 9282 4881 9282 4881 9283 4929 9283 4930 9283 4881 9284 4930 9284 4882 9284 4882 9285 4930 9285 4931 9285 4882 9286 4931 9286 4883 9286 4883 9287 4931 9287 4932 9287 4883 9288 4932 9288 4884 9288 4884 9289 4932 9289 4933 9289 4884 9290 4933 9290 4885 9290 4885 9291 4933 9291 4934 9291 4885 9292 4934 9292 4886 9292 4886 9293 4934 9293 4935 9293 4886 9294 4935 9294 4887 9294 4887 9295 4935 9295 4936 9295 4887 9296 4936 9296 4888 9296 4888 9297 4936 9297 4937 9297 4888 9298 4937 9298 4889 9298 4889 9299 4937 9299 4938 9299 4889 9300 4938 9300 4890 9300 4890 9301 4938 9301 4939 9301 4890 9302 4939 9302 4891 9302 4891 9303 4939 9303 4940 9303 4891 9304 4940 9304 4892 9304 4892 9305 4940 9305 4941 9305 4892 9306 4941 9306 4893 9306 4893 9307 4941 9307 4942 9307 4893 9308 4942 9308 4894 9308 4894 9309 4942 9309 4943 9309 4894 9310 4943 9310 4895 9310 4895 9311 4943 9311 4944 9311 4895 9312 4944 9312 4896 9312 4896 9313 4944 9313 4945 9313 4896 9314 4945 9314 4897 9314 4897 9315 4945 9315 4946 9315 4897 9316 4946 9316 4898 9316 4898 9317 4946 9317 4947 9317 4898 9318 4947 9318 4899 9318 4899 9319 4947 9319 4948 9319 4899 9320 4948 9320 4900 9320 4900 9321 4948 9321 4949 9321 4900 9322 4949 9322 4901 9322 4901 9323 4949 9323 4950 9323 4901 9324 4950 9324 4902 9324 4902 9325 4950 9325 4951 9325 4902 9326 4951 9326 4903 9326 4903 9327 4951 9327 4952 9327 4903 9328 4952 9328 4904 9328 4904 9329 4952 9329 4953 9329 4904 9330 4953 9330 4905 9330 4905 9331 4953 9331 4954 9331 4905 9332 4954 9332 4906 9332 4906 9333 4954 9333 4955 9333 4906 9334 4955 9334 4907 9334 4907 9335 4955 9335 4956 9335 4907 9336 4956 9336 4908 9336 4908 9337 4956 9337 4957 9337 4908 9338 4957 9338 4909 9338 4909 9339 4957 9339 4958 9339 4909 9340 4958 9340 4910 9340 4910 9341 4958 9341 4959 9341 4910 9342 4959 9342 4911 9342 4911 9343 4959 9343 4960 9343 4911 9344 4960 9344 4912 9344 4912 9345 4960 9345 4961 9345 4912 9346 4961 9346 4913 9346 4913 9347 4961 9347 4962 9347 4913 9348 4962 9348 4914 9348 4914 9349 4962 9349 4963 9349 4914 9350 4963 9350 4915 9350 4915 9351 4963 9351 4964 9351 4915 9352 4964 9352 4916 9352 4916 9353 4964 9353 4965 9353 4916 9354 4965 9354 4917 9354 4917 9355 4965 9355 4966 9355 4917 9356 4966 9356 4918 9356 4918 9357 4966 9357 4967 9357 4918 9358 4967 9358 4919 9358 4919 9359 4967 9359 4968 9359 4919 9360 4968 9360 4920 9360 4920 9361 4968 9361 4969 9361 4920 9362 4969 9362 4921 9362 4921 9363 4969 9363 4970 9363 4921 9364 4970 9364 4873 9364 4873 9365 4970 9365 4922 9365 4922 9366 4540 9366 4923 9366 4923 9367 4540 9367 4538 9367 4923 9368 4538 9368 4924 9368 4924 9369 4538 9369 4535 9369 4924 9370 4535 9370 4925 9370 4925 9371 4535 9371 4532 9371 4925 9372 4532 9372 4926 9372 4926 9373 4532 9373 4530 9373 4926 9374 4530 9374 4927 9374 4927 9375 4530 9375 4528 9375 4927 9376 4528 9376 4928 9376 4928 9377 4528 9377 4520 9377 4928 9378 4520 9378 4929 9378 4929 9379 4520 9379 4522 9379 4929 9380 4522 9380 4930 9380 4930 9381 4522 9381 4524 9381 4930 9382 4524 9382 4931 9382 4931 9383 4524 9383 4516 9383 4931 9384 4516 9384 4932 9384 4932 9385 4516 9385 4514 9385 4932 9386 4514 9386 4933 9386 4933 9387 4514 9387 4512 9387 4933 9388 4512 9388 4934 9388 4934 9389 4512 9389 4508 9389 4934 9390 4508 9390 4935 9390 4935 9391 4508 9391 4501 9391 4935 9392 4501 9392 4936 9392 4936 9393 4501 9393 4503 9393 4936 9394 4503 9394 4937 9394 4937 9395 4503 9395 4498 9395 4937 9396 4498 9396 4938 9396 4938 9397 4498 9397 4491 9397 4938 9398 4491 9398 4939 9398 4939 9399 4491 9399 4493 9399 4939 9400 4493 9400 4940 9400 4940 9401 4493 9401 4495 9401 4940 9402 4495 9402 4941 9402 4941 9403 4495 9403 4489 9403 4941 9404 4489 9404 4942 9404 4942 9405 4489 9405 4487 9405 4942 9406 4487 9406 4943 9406 4943 9407 4487 9407 4485 9407 4943 9408 4485 9408 4944 9408 4944 9409 4485 9409 4479 9409 4944 9410 4479 9410 4945 9410 4945 9411 4479 9411 4481 9411 4945 9412 4481 9412 4946 9412 4946 9413 4481 9413 4474 9413 4946 9414 4474 9414 4947 9414 4947 9415 4474 9415 4471 9415 4947 9416 4471 9416 4948 9416 4948 9417 4471 9417 4466 9417 4948 9418 4466 9418 4949 9418 4949 9419 4466 9419 4468 9419 4949 9420 4468 9420 4950 9420 4950 9421 4468 9421 4463 9421 4950 9422 4463 9422 4951 9422 4951 9423 4463 9423 4456 9423 4951 9424 4456 9424 4952 9424 4952 9425 4456 9425 4458 9425 4952 9426 4458 9426 4953 9426 4953 9427 4458 9427 4460 9427 4953 9428 4460 9428 4954 9428 4954 9429 4460 9429 4454 9429 4954 9430 4454 9430 4955 9430 4955 9431 4454 9431 4452 9431 4955 9432 4452 9432 4956 9432 4956 9433 4452 9433 4450 9433 4956 9434 4450 9434 4957 9434 4957 9435 4450 9435 4448 9435 4957 9436 4448 9436 4958 9436 4958 9437 4448 9437 4576 9437 4958 9438 4576 9438 4959 9438 4959 9439 4576 9439 4571 9439 4959 9440 4571 9440 4960 9440 4960 9441 4571 9441 4568 9441 4960 9442 4568 9442 4961 9442 4961 9443 4568 9443 4561 9443 4961 9444 4561 9444 4962 9444 4962 9445 4561 9445 4563 9445 4962 9446 4563 9446 4963 9446 4963 9447 4563 9447 4565 9447 4963 9448 4565 9448 4964 9448 4964 9449 4565 9449 4559 9449 4964 9450 4559 9450 4965 9450 4965 9451 4559 9451 4557 9451 4965 9452 4557 9452 4966 9452 4966 9453 4557 9453 4555 9453 4966 9454 4555 9454 4967 9454 4967 9455 4555 9455 4547 9455 4967 9456 4547 9456 4968 9456 4968 9457 4547 9457 4549 9457 4968 9458 4549 9458 4969 9458 4969 9459 4549 9459 4551 9459 4969 9460 4551 9460 4970 9460 4970 9461 4551 9461 4543 9461 4970 9462 4543 9462 4922 9462 4922 9463 4543 9463 4540 9463 4971 9464 4972 9464 4973 9464 4973 9465 4972 9465 4974 9465 4974 9466 4972 9466 4975 9466 4975 9467 4972 9467 4976 9467 4975 9468 4976 9468 4977 9468 4977 9469 4976 9469 4978 9469 4978 9470 4976 9470 4979 9470 4979 9471 4976 9471 4980 9471 4980 9472 4976 9472 4972 9472 4980 9473 4972 9473 4971 9473 4981 9474 4982 9474 4983 9474 4982 9475 4981 9475 4984 9475 4984 9476 4981 9476 4985 9476 4984 9477 4985 9477 4986 9477 4987 9478 4986 9478 4985 9478 4987 9479 4985 9479 4988 9479 4988 9480 4985 9480 4981 9480 4988 9481 4981 9481 4983 9481 4989 9482 4990 9482 4991 9482 4990 9483 4989 9483 4992 9483 4992 9484 4989 9484 4993 9484 4992 9485 4993 9485 4994 9485 4995 9486 4994 9486 4993 9486 4995 9487 4993 9487 4996 9487 4996 9488 4993 9488 4989 9488 4996 9489 4989 9489 4991 9489 4997 9490 4998 9490 4999 9490 4999 9491 4998 9491 5000 9491 5000 9492 4998 9492 5001 9492 5001 9493 4998 9493 5002 9493 5001 9494 5002 9494 5003 9494 5003 9495 5002 9495 5004 9495 5004 9496 5002 9496 5005 9496 5005 9497 5002 9497 5006 9497 5006 9498 5002 9498 4998 9498 5006 9499 4998 9499 4997 9499 5007 9500 5008 9500 5009 9500 5009 9501 5008 9501 5010 9501 5010 9502 5008 9502 5011 9502 5011 9503 5008 9503 5012 9503 5011 9504 5012 9504 5013 9504 5013 9505 5012 9505 5014 9505 5014 9506 5012 9506 5015 9506 5015 9507 5012 9507 5016 9507 5016 9508 5012 9508 5008 9508 5016 9509 5008 9509 5007 9509 5017 9510 5018 9510 5019 9510 5018 9511 5017 9511 5020 9511 5020 9512 5017 9512 5021 9512 5020 9513 5021 9513 5022 9513 5023 9514 5022 9514 5021 9514 5023 9515 5021 9515 5024 9515 5024 9516 5021 9516 5017 9516 5024 9517 5017 9517 5019 9517 5025 9518 5026 9518 5027 9518 5027 9519 5026 9519 5028 9519 5028 9520 5026 9520 5029 9520 5029 9521 5026 9521 5030 9521 5029 9522 5030 9522 5031 9522 5031 9523 5030 9523 5032 9523 5032 9524 5030 9524 5033 9524 5033 9525 5030 9525 5034 9525 5034 9526 5030 9526 5026 9526 5034 9527 5026 9527 5025 9527 5035 9528 5036 9528 5037 9528 5036 9529 5035 9529 5038 9529 5038 9530 5035 9530 5039 9530 5038 9531 5039 9531 5040 9531 5041 9532 5040 9532 5039 9532 5041 9533 5039 9533 5042 9533 5042 9534 5039 9534 5035 9534 5042 9535 5035 9535 5037 9535 5043 9536 5044 9536 5045 9536 5044 9537 5043 9537 5046 9537 5046 9538 5043 9538 5047 9538 5046 9539 5047 9539 5048 9539 5049 9540 5048 9540 5047 9540 5049 9541 5047 9541 5050 9541 5050 9542 5047 9542 5043 9542 5050 9543 5043 9543 5045 9543 5051 9544 5052 9544 5053 9544 5052 9545 5051 9545 5054 9545 5054 9546 5051 9546 5055 9546 5054 9547 5055 9547 5056 9547 5057 9548 5056 9548 5055 9548 5057 9549 5055 9549 5058 9549 5058 9550 5055 9550 5051 9550 5058 9551 5051 9551 5053 9551 5059 9552 5060 9552 5061 9552 5060 9553 5059 9553 5062 9553 5062 9554 5059 9554 5063 9554 5062 9555 5063 9555 5064 9555 5065 9556 5064 9556 5063 9556 5065 9557 5063 9557 5066 9557 5066 9558 5063 9558 5059 9558 5066 9559 5059 9559 5061 9559 5067 9560 5068 9560 5069 9560 5069 9561 5068 9561 5070 9561 5070 9562 5068 9562 5071 9562 5071 9563 5068 9563 5072 9563 5071 9564 5072 9564 5073 9564 5073 9565 5072 9565 5074 9565 5074 9566 5072 9566 5075 9566 5075 9567 5072 9567 5076 9567 5076 9568 5072 9568 5068 9568 5076 9569 5068 9569 5067 9569 5077 9570 5078 9570 5079 9570 5078 9571 5077 9571 5080 9571 5080 9572 5077 9572 5081 9572 5080 9573 5081 9573 5082 9573 5083 9574 5082 9574 5081 9574 5083 9575 5081 9575 5084 9575 5084 9576 5081 9576 5077 9576 5084 9577 5077 9577 5079 9577 5085 9578 5086 9578 5087 9578 5087 9579 5086 9579 5088 9579 5088 9580 5086 9580 5089 9580 5089 9581 5086 9581 5090 9581 5089 9582 5090 9582 5091 9582 5091 9583 5090 9583 5092 9583 5092 9584 5090 9584 5093 9584 5093 9585 5090 9585 5094 9585 5094 9586 5090 9586 5086 9586 5094 9587 5086 9587 5085 9587 5095 9588 5096 9588 5097 9588 5096 9589 5095 9589 5098 9589 5098 9590 5095 9590 5099 9590 5098 9591 5099 9591 5100 9591 5101 9592 5100 9592 5099 9592 5101 9593 5099 9593 5102 9593 5102 9594 5099 9594 5095 9594 5102 9595 5095 9595 5097 9595 5103 9596 5104 9596 5105 9596 5104 9597 5103 9597 5106 9597 5106 9598 5103 9598 5107 9598 5106 9599 5107 9599 5108 9599 5109 9600 5108 9600 5107 9600 5109 9601 5107 9601 5110 9601 5110 9602 5107 9602 5103 9602 5110 9603 5103 9603 5105 9603 5111 9604 5112 9604 5113 9604 5112 9605 5111 9605 5114 9605 5114 9606 5111 9606 5115 9606 5114 9607 5115 9607 5116 9607 5117 9608 5116 9608 5115 9608 5117 9609 5115 9609 5118 9609 5118 9610 5115 9610 5111 9610 5118 9611 5111 9611 5113 9611 5119 9612 5120 9612 5121 9612 5120 9613 5119 9613 5122 9613 5122 9614 5119 9614 5123 9614 5122 9615 5123 9615 5124 9615 5125 9616 5124 9616 5123 9616 5125 9617 5123 9617 5126 9617 5126 9618 5123 9618 5119 9618 5126 9619 5119 9619 5121 9619 5127 9620 5128 9620 5129 9620 5128 9621 5127 9621 5130 9621 5130 9622 5127 9622 5131 9622 5130 9623 5131 9623 5132 9623 5133 9624 5132 9624 5131 9624 5133 9625 5131 9625 5134 9625 5134 9626 5131 9626 5127 9626 5134 9627 5127 9627 5129 9627 5135 9628 5136 9628 5137 9628 5137 9629 5136 9629 5138 9629 5138 9630 5136 9630 5139 9630 5139 9631 5136 9631 5140 9631 5139 9632 5140 9632 5141 9632 5141 9633 5140 9633 5142 9633 5142 9634 5140 9634 5143 9634 5143 9635 5140 9635 5144 9635 5144 9636 5140 9636 5136 9636 5144 9637 5136 9637 5135 9637 5145 9638 5146 9638 5147 9638 5146 9639 5145 9639 5148 9639 5148 9640 5145 9640 5149 9640 5148 9641 5149 9641 5150 9641 5151 9642 5150 9642 5149 9642 5151 9643 5149 9643 5152 9643 5152 9644 5149 9644 5145 9644 5152 9645 5145 9645 5147 9645 5153 9646 5154 9646 5155 9646 5154 9647 5153 9647 5156 9647 5156 9648 5153 9648 5157 9648 5156 9649 5157 9649 5158 9649 5159 9650 5158 9650 5157 9650 5159 9651 5157 9651 5160 9651 5160 9652 5157 9652 5153 9652 5160 9653 5153 9653 5155 9653 5161 9654 5162 9654 5163 9654 5162 9655 5161 9655 5164 9655 5164 9656 5161 9656 5165 9656 5164 9657 5165 9657 5166 9657 5167 9658 5166 9658 5165 9658 5167 9659 5165 9659 5168 9659 5168 9660 5165 9660 5161 9660 5168 9661 5161 9661 5163 9661 5169 9662 5170 9662 5171 9662 5170 9663 5169 9663 5172 9663 5172 9664 5169 9664 5173 9664 5172 9665 5173 9665 5174 9665 5175 9666 5174 9666 5173 9666 5175 9667 5173 9667 5176 9667 5176 9668 5173 9668 5169 9668 5176 9669 5169 9669 5171 9669 5177 9670 5178 9670 5179 9670 5178 9671 5177 9671 5180 9671 5180 9672 5177 9672 5181 9672 5180 9673 5181 9673 5182 9673 5183 9674 5182 9674 5181 9674 5183 9675 5181 9675 5184 9675 5184 9676 5181 9676 5177 9676 5184 9677 5177 9677 5179 9677 5185 9678 5186 9678 5187 9678 5186 9679 5185 9679 5188 9679 5188 9680 5185 9680 5189 9680 5188 9681 5189 9681 5190 9681 5191 9682 5190 9682 5189 9682 5191 9683 5189 9683 5192 9683 5192 9684 5189 9684 5185 9684 5192 9685 5185 9685 5187 9685 5193 9686 5194 9686 5195 9686 5195 9687 5194 9687 5196 9687 5196 9688 5194 9688 5197 9688 5197 9689 5194 9689 5198 9689 5197 9690 5198 9690 5199 9690 5199 9691 5198 9691 5200 9691 5200 9692 5198 9692 5201 9692 5201 9693 5198 9693 5202 9693 5202 9694 5198 9694 5194 9694 5202 9695 5194 9695 5193 9695 5203 9696 5204 9696 5205 9696 5204 9697 5203 9697 5206 9697 5206 9698 5203 9698 5207 9698 5206 9699 5207 9699 5208 9699 5209 9700 5208 9700 5207 9700 5209 9701 5207 9701 5210 9701 5210 9702 5207 9702 5203 9702 5210 9703 5203 9703 5205 9703 5211 9704 5212 9704 5213 9704 5212 9705 5211 9705 5214 9705 5214 9706 5211 9706 5215 9706 5214 9707 5215 9707 5216 9707 5217 9708 5216 9708 5215 9708 5217 9709 5215 9709 5218 9709 5218 9710 5215 9710 5211 9710 5218 9711 5211 9711 5213 9711 5219 9712 5220 9712 5221 9712 5220 9713 5219 9713 5222 9713 5222 9714 5219 9714 5223 9714 5222 9715 5223 9715 5224 9715 5225 9716 5224 9716 5223 9716 5225 9717 5223 9717 5226 9717 5226 9718 5223 9718 5219 9718 5226 9719 5219 9719 5221 9719 5227 9720 5228 9720 5229 9720 5228 9721 5227 9721 5230 9721 5230 9722 5227 9722 5231 9722 5230 9723 5231 9723 5232 9723 5233 9724 5232 9724 5231 9724 5233 9725 5231 9725 5234 9725 5234 9726 5231 9726 5227 9726 5234 9727 5227 9727 5229 9727 5235 9728 5236 9728 5237 9728 5237 9729 5236 9729 5238 9729 5238 9730 5236 9730 5239 9730 5239 9731 5236 9731 5240 9731 5239 9732 5240 9732 5241 9732 5241 9733 5240 9733 5242 9733 5242 9734 5240 9734 5243 9734 5243 9735 5240 9735 5244 9735 5244 9736 5240 9736 5236 9736 5244 9737 5236 9737 5235 9737 5245 9738 5246 9738 5247 9738 5246 9739 5245 9739 5248 9739 5248 9740 5245 9740 5249 9740 5248 9741 5249 9741 5250 9741 5251 9742 5250 9742 5249 9742 5251 9743 5249 9743 5252 9743 5252 9744 5249 9744 5245 9744 5252 9745 5245 9745 5247 9745 5253 9746 5254 9746 5255 9746 5255 9747 5254 9747 5256 9747 5256 9748 5254 9748 5257 9748 5257 9749 5254 9749 5258 9749 5257 9750 5258 9750 5259 9750 5259 9751 5258 9751 5260 9751 5260 9752 5258 9752 5261 9752 5261 9753 5258 9753 5262 9753 5262 9754 5258 9754 5254 9754 5262 9755 5254 9755 5253 9755 5263 9756 5264 9756 5265 9756 5264 9757 5263 9757 5266 9757 5266 9758 5263 9758 5267 9758 5266 9759 5267 9759 5268 9759 5269 9760 5268 9760 5267 9760 5269 9761 5267 9761 5270 9761 5270 9762 5267 9762 5263 9762 5270 9763 5263 9763 5265 9763 5271 9764 5272 9764 5273 9764 5272 9765 5271 9765 5274 9765 5274 9766 5271 9766 5275 9766 5274 9767 5275 9767 5276 9767 5277 9768 5276 9768 5275 9768 5277 9769 5275 9769 5278 9769 5278 9770 5275 9770 5271 9770 5278 9771 5271 9771 5273 9771 5279 9772 5280 9772 5281 9772 5280 9773 5279 9773 5282 9773 5282 9774 5279 9774 5283 9774 5282 9775 5283 9775 5284 9775 5285 9776 5284 9776 5283 9776 5285 9777 5283 9777 5286 9777 5286 9778 5283 9778 5279 9778 5286 9779 5279 9779 5281 9779 5287 9780 5288 9780 5289 9780 5288 9781 5287 9781 5290 9781 5290 9782 5287 9782 5291 9782 5290 9783 5291 9783 5292 9783 5293 9784 5292 9784 5291 9784 5293 9785 5291 9785 5294 9785 5294 9786 5291 9786 5287 9786 5294 9787 5287 9787 5289 9787 5295 9788 5296 9788 5297 9788 5296 9789 5295 9789 5298 9789 5298 9790 5295 9790 5299 9790 5298 9791 5299 9791 5300 9791 5301 9792 5300 9792 5299 9792 5301 9793 5299 9793 5302 9793 5302 9794 5299 9794 5295 9794 5302 9795 5295 9795 5297 9795 5303 9796 5304 9796 5305 9796 5305 9797 5304 9797 5306 9797 5306 9798 5304 9798 5307 9798 5307 9799 5304 9799 5308 9799 5307 9800 5308 9800 5309 9800 5309 9801 5308 9801 5310 9801 5310 9802 5308 9802 5311 9802 5311 9803 5308 9803 5312 9803 5312 9804 5308 9804 5304 9804 5312 9805 5304 9805 5303 9805 4093 9806 5313 9806 4092 9806 4092 9807 5313 9807 5314 9807 4092 9808 5314 9808 4091 9808 4091 9809 5314 9809 5315 9809 4091 9810 5315 9810 4090 9810 4090 9811 5315 9811 5316 9811 4090 9812 5316 9812 4089 9812 4089 9813 5316 9813 5317 9813 4089 9814 5317 9814 4088 9814 4088 9815 5317 9815 5318 9815 4088 9816 5318 9816 4087 9816 4087 9817 5318 9817 5319 9817 4087 9818 5319 9818 4086 9818 4086 9819 5319 9819 5320 9819 4086 9820 5320 9820 4085 9820 4085 9821 5320 9821 5321 9821 4085 9822 5321 9822 4084 9822 4084 9823 5321 9823 5322 9823 4084 9824 5322 9824 4083 9824 4103 9825 5323 9825 4102 9825 4102 9826 5323 9826 5324 9826 4102 9827 5324 9827 4101 9827 4101 9828 5324 9828 5325 9828 4101 9829 5325 9829 4100 9829 4100 9830 5325 9830 5326 9830 4100 9831 5326 9831 4099 9831 4099 9832 5326 9832 5327 9832 4099 9833 5327 9833 4098 9833 4098 9834 5327 9834 5328 9834 4098 9835 5328 9835 4097 9835 4097 9836 5328 9836 5329 9836 4097 9837 5329 9837 4096 9837 4096 9838 5329 9838 5330 9838 4096 9839 5330 9839 4095 9839 4095 9840 5330 9840 5331 9840 4095 9841 5331 9841 4094 9841 4094 9842 5331 9842 5332 9842 4094 9843 5332 9843 4093 9843 4093 9844 5332 9844 5333 9844 4093 9845 5333 9845 5313 9845 5322 9846 5334 9846 4083 9846 4083 9847 5334 9847 5335 9847 4083 9848 5335 9848 4082 9848 4082 9849 5335 9849 5336 9849 4082 9850 5336 9850 4081 9850 4081 9851 5336 9851 5337 9851 4081 9852 5337 9852 4080 9852 4080 9853 5337 9853 5338 9853 4080 9854 5338 9854 4078 9854 4078 9855 5338 9855 5339 9855 4078 9856 5339 9856 4079 9856 4079 9857 5339 9857 5340 9857 4079 9858 5340 9858 4108 9858 4108 9859 5340 9859 5341 9859 4108 9860 5341 9860 4107 9860 4107 9861 5341 9861 5342 9861 4107 9862 5342 9862 4106 9862 4106 9863 5342 9863 5343 9863 4106 9864 5343 9864 4105 9864 4105 9865 5343 9865 5344 9865 4105 9866 5344 9866 4104 9866 4104 9867 5344 9867 5345 9867 4104 9868 5345 9868 4103 9868 4103 9869 5345 9869 5346 9869 4103 9870 5346 9870 5323 9870 4422 9871 4424 9871 5347 9871 4435 9872 4436 9872 5348 9872 5128 9873 5130 9873 5349 9873 4500 9874 4499 9874 4263 9874 4245 9875 4247 9875 4486 9875 4235 9876 4237 9876 4550 9876 4241 9877 4242 9877 5350 9877 5212 9878 5214 9878 5351 9878 4519 9879 4518 9879 4169 9879 5309 9880 5310 9880 5352 9880 5352 9881 5310 9881 5311 9881 4114 9882 4115 9882 5353 9882 5296 9883 4504 9883 5297 9883 5297 9884 4504 9884 5354 9884 5297 9885 5354 9885 5302 9885 5302 9886 5354 9886 5301 9886 5301 9887 5354 9887 5353 9887 5301 9888 5353 9888 5300 9888 5300 9889 5353 9889 4115 9889 5300 9890 4115 9890 5298 9890 5298 9891 4115 9891 4116 9891 5298 9892 4116 9892 5296 9892 5296 9893 4116 9893 4111 9893 5296 9894 4111 9894 4504 9894 5353 9895 5352 9895 4114 9895 4114 9896 5352 9896 5311 9896 4114 9897 5311 9897 4112 9897 4112 9898 5311 9898 5312 9898 4112 9899 5312 9899 4110 9899 4110 9900 5312 9900 5303 9900 4132 9901 5355 9901 4131 9901 4131 9902 5355 9902 5353 9902 5289 9903 4128 9903 5294 9903 5294 9904 4128 9904 4129 9904 5294 9905 4129 9905 5293 9905 4504 9906 4502 9906 5288 9906 5288 9907 4502 9907 4510 9907 5288 9908 4510 9908 5289 9908 5289 9909 4510 9909 4509 9909 5289 9910 4509 9910 4128 9910 4129 9911 4131 9911 5293 9911 5293 9912 4131 9912 5353 9912 5293 9913 5353 9913 5292 9913 5292 9914 5353 9914 4123 9914 5292 9915 4123 9915 5290 9915 5290 9916 4123 9916 4124 9916 5290 9917 4124 9917 5288 9917 5288 9918 4124 9918 4119 9918 5288 9919 4119 9919 4504 9919 4504 9920 4119 9920 4118 9920 4504 9921 4118 9921 5354 9921 5354 9922 4118 9922 4120 9922 5354 9923 4120 9923 5353 9923 5353 9924 4120 9924 4122 9924 5353 9925 4122 9925 4123 9925 5284 9926 4133 9926 5282 9926 5282 9927 4133 9927 4134 9927 5282 9928 4134 9928 5280 9928 5280 9929 4134 9929 4125 9929 5280 9930 4125 9930 4509 9930 4509 9931 4125 9931 4127 9931 4509 9932 4127 9932 4128 9932 4132 9933 4133 9933 5355 9933 5355 9934 4133 9934 5284 9934 5355 9935 5284 9935 5356 9935 5356 9936 5284 9936 5285 9936 4142 9937 5356 9937 4141 9937 4141 9938 5356 9938 5285 9938 4141 9939 5285 9939 4139 9939 4139 9940 5285 9940 5286 9940 4139 9941 5286 9941 4138 9941 4138 9942 5286 9942 5281 9942 5357 9943 4152 9943 4147 9943 5273 9944 5272 9944 4506 9944 5276 9945 4143 9945 5274 9945 5274 9946 4143 9946 4144 9946 5274 9947 4144 9947 5272 9947 5272 9948 4144 9948 4135 9948 5272 9949 4135 9949 4506 9949 4506 9950 4135 9950 4137 9950 4506 9951 4137 9951 4507 9951 4507 9952 4137 9952 4138 9952 4507 9953 4138 9953 4509 9953 4509 9954 4138 9954 5281 9954 4509 9955 5281 9955 5280 9955 4142 9956 4143 9956 5356 9956 5356 9957 4143 9957 5276 9957 5356 9958 5276 9958 5358 9958 5358 9959 5276 9959 5277 9959 4151 9960 5358 9960 4150 9960 4150 9961 5358 9961 5277 9961 4150 9962 5277 9962 4148 9962 4148 9963 5277 9963 5278 9963 4148 9964 5278 9964 4146 9964 4146 9965 5278 9965 5273 9965 5266 9966 5358 9966 5357 9966 5357 9967 5358 9967 4151 9967 5357 9968 4151 9968 4152 9968 5266 9969 5268 9969 5358 9969 5358 9970 5268 9970 5269 9970 5358 9971 5269 9971 5359 9971 5256 9972 5257 9972 4160 9972 4159 9973 5359 9973 4158 9973 4158 9974 5359 9974 5269 9974 4158 9975 5269 9975 4156 9975 4156 9976 5269 9976 5270 9976 4156 9977 5270 9977 4154 9977 4154 9978 5270 9978 5265 9978 4155 9979 4154 9979 4526 9979 4526 9980 4154 9980 5265 9980 4526 9981 5265 9981 4517 9981 4517 9982 5265 9982 5264 9982 4517 9983 5264 9983 4515 9983 4515 9984 5264 9984 4513 9984 5273 9985 4506 9985 4146 9985 4146 9986 4506 9986 4511 9986 4146 9987 4511 9987 4147 9987 4147 9988 4511 9988 4513 9988 4147 9989 4513 9989 5357 9989 5357 9990 4513 9990 5264 9990 5357 9991 5264 9991 5266 9991 5261 9992 5360 9992 5359 9992 4160 9993 5257 9993 4159 9993 4159 9994 5257 9994 5259 9994 4159 9995 5259 9995 5359 9995 5359 9996 5259 9996 5260 9996 5359 9997 5260 9997 5261 9997 4167 9998 5360 9998 4166 9998 4166 9999 5360 9999 5261 9999 4166 10000 5261 10000 4164 10000 4164 10001 5261 10001 5262 10001 4164 10002 5262 10002 4162 10002 4523 10003 4171 10003 4172 10003 4523 10004 5253 10004 4525 10004 4525 10005 5253 10005 5255 10005 4525 10006 5255 10006 4526 10006 4526 10007 5255 10007 5256 10007 4526 10008 5256 10008 4155 10008 4155 10009 5256 10009 4160 10009 4518 10010 5229 10010 5228 10010 4171 10011 4523 10011 4169 10011 4169 10012 4523 10012 4521 10012 4169 10013 4521 10013 4519 10013 4177 10014 5361 10014 5360 10014 5262 10015 5253 10015 4162 10015 4162 10016 5253 10016 4523 10016 4162 10017 4523 10017 4163 10017 4163 10018 4523 10018 4172 10018 4163 10019 4172 10019 4168 10019 4168 10020 4172 10020 4173 10020 4168 10021 4173 10021 4167 10021 4167 10022 4173 10022 4175 10022 4167 10023 4175 10023 5360 10023 5360 10024 4175 10024 4176 10024 5360 10025 4176 10025 4177 10025 5251 10026 5361 10026 5250 10026 5250 10027 5361 10027 4177 10027 5250 10028 4177 10028 5248 10028 5248 10029 4177 10029 4178 10029 5248 10030 4178 10030 5246 10030 5234 10031 5362 10031 5233 10031 5233 10032 5362 10032 5361 10032 5233 10033 5361 10033 5232 10033 5232 10034 5361 10034 5251 10034 5232 10035 5251 10035 5230 10035 5230 10036 5251 10036 5252 10036 5230 10037 5252 10037 5228 10037 5228 10038 5252 10038 5247 10038 5228 10039 5247 10039 4518 10039 4518 10040 5247 10040 5246 10040 4518 10041 5246 10041 4169 10041 4169 10042 5246 10042 4178 10042 4188 10043 4190 10043 5362 10043 5362 10044 4190 10044 4192 10044 5362 10045 4192 10045 5361 10045 5361 10046 4192 10046 4193 10046 5241 10047 4185 10047 5239 10047 5239 10048 4185 10048 4186 10048 5239 10049 4186 10049 5238 10049 5238 10050 4186 10050 4181 10050 5238 10051 4181 10051 4529 10051 4189 10052 4180 10052 4194 10052 4194 10053 4180 10053 4182 10053 4194 10054 4182 10054 4193 10054 4193 10055 4182 10055 4184 10055 4193 10056 4184 10056 5361 10056 4181 10057 4180 10057 4529 10057 4529 10058 4180 10058 4189 10058 4529 10059 4189 10059 4527 10059 4527 10060 4189 10060 4188 10060 4527 10061 4188 10061 4518 10061 4518 10062 4188 10062 5362 10062 4518 10063 5362 10063 5229 10063 5229 10064 5362 10064 5234 10064 4184 10065 4185 10065 5361 10065 5361 10066 4185 10066 5241 10066 5361 10067 5241 10067 5363 10067 5363 10068 5241 10068 5242 10068 5363 10069 5242 10069 5243 10069 4202 10070 5351 10070 4201 10070 4201 10071 5351 10071 5364 10071 4201 10072 5364 10072 4200 10072 4200 10073 5364 10073 5363 10073 4534 10074 4197 10074 4533 10074 4533 10075 4197 10075 4196 10075 4533 10076 4196 10076 4531 10076 4531 10077 4196 10077 4529 10077 5220 10078 4529 10078 5221 10078 5221 10079 4529 10079 4196 10079 5221 10080 4196 10080 5226 10080 5226 10081 4196 10081 4198 10081 5226 10082 4198 10082 5225 10082 4198 10083 4200 10083 5225 10083 5225 10084 4200 10084 5363 10084 5225 10085 5363 10085 5224 10085 5224 10086 5363 10086 5243 10086 5224 10087 5243 10087 5222 10087 5222 10088 5243 10088 5244 10088 5222 10089 5244 10089 5220 10089 5220 10090 5244 10090 5235 10090 5220 10091 5235 10091 4529 10091 4529 10092 5235 10092 5237 10092 4529 10093 5237 10093 5238 10093 5217 10094 5365 10094 5364 10094 5351 10095 5214 10095 5364 10095 5364 10096 5214 10096 5216 10096 5364 10097 5216 10097 5217 10097 4205 10098 4537 10098 5366 10098 5213 10099 4204 10099 5218 10099 5218 10100 4204 10100 4206 10100 5218 10101 4206 10101 5217 10101 5217 10102 4206 10102 4208 10102 5217 10103 4208 10103 5365 10103 5365 10104 4208 10104 4209 10104 5365 10105 4209 10105 5366 10105 5366 10106 4209 10106 4210 10106 5366 10107 4210 10107 4205 10107 4205 10108 4204 10108 4537 10108 4537 10109 4204 10109 5213 10109 4537 10110 5213 10110 4536 10110 4536 10111 5213 10111 5212 10111 4536 10112 5212 10112 4534 10112 4534 10113 5212 10113 5351 10113 4534 10114 5351 10114 4197 10114 4197 10115 5351 10115 4202 10115 5366 10116 5206 10116 5208 10116 5366 10117 5208 10117 5365 10117 5365 10118 5208 10118 5209 10118 5365 10119 5209 10119 5367 10119 4217 10120 5367 10120 4216 10120 4216 10121 5367 10121 5209 10121 4216 10122 5209 10122 4214 10122 4214 10123 5209 10123 5210 10123 4214 10124 5210 10124 4212 10124 4541 10125 4542 10125 5205 10125 5206 10126 5366 10126 5204 10126 5204 10127 5366 10127 4537 10127 5204 10128 4537 10128 5205 10128 5205 10129 4537 10129 4539 10129 5205 10130 4539 10130 4541 10130 5201 10131 5368 10131 5367 10131 5210 10132 5205 10132 4212 10132 4212 10133 5205 10133 4542 10133 4212 10134 4542 10134 4213 10134 4213 10135 4542 10135 5196 10135 4213 10136 5196 10136 4218 10136 4218 10137 5196 10137 5197 10137 4218 10138 5197 10138 4217 10138 4217 10139 5197 10139 5199 10139 4217 10140 5199 10140 5367 10140 5367 10141 5199 10141 5200 10141 5367 10142 5200 10142 5201 10142 5190 10143 5191 10143 5368 10143 5187 10144 4553 10144 5369 10144 5368 10145 5191 10145 5369 10145 5369 10146 5191 10146 5192 10146 5369 10147 5192 10147 5187 10147 4221 10148 5186 10148 4226 10148 4226 10149 5186 10149 5188 10149 4226 10150 5188 10150 4225 10150 5187 10151 5186 10151 4553 10151 4553 10152 5186 10152 4221 10152 4553 10153 4221 10153 4544 10153 4544 10154 4221 10154 4220 10154 4544 10155 4220 10155 4542 10155 5188 10156 5190 10156 4225 10156 4225 10157 5190 10157 5368 10157 4225 10158 5368 10158 4224 10158 4224 10159 5368 10159 5201 10159 4224 10160 5201 10160 4222 10160 4222 10161 5201 10161 5202 10161 4222 10162 5202 10162 4220 10162 4220 10163 5202 10163 5193 10163 4220 10164 5193 10164 4542 10164 4542 10165 5193 10165 5195 10165 4542 10166 5195 10166 5196 10166 4233 10167 5350 10167 5368 10167 5179 10168 4238 10168 5184 10168 5184 10169 4238 10169 4239 10169 5184 10170 4239 10170 5183 10170 4237 10171 4238 10171 4550 10171 4550 10172 4238 10172 5179 10172 4550 10173 5179 10173 4552 10173 4552 10174 5179 10174 5178 10174 4552 10175 5178 10175 4553 10175 4239 10176 4241 10176 5183 10176 5183 10177 4241 10177 5350 10177 5183 10178 5350 10178 5182 10178 5182 10179 5350 10179 4233 10179 5182 10180 4233 10180 5180 10180 5180 10181 4233 10181 4234 10181 5180 10182 4234 10182 5178 10182 5178 10183 4234 10183 4229 10183 5178 10184 4229 10184 4553 10184 4553 10185 4229 10185 4228 10185 4553 10186 4228 10186 5369 10186 5369 10187 4228 10187 4230 10187 5369 10188 4230 10188 5368 10188 5368 10189 4230 10189 4232 10189 5368 10190 4232 10190 4233 10190 4550 10191 4548 10191 5010 10191 5010 10192 4548 10192 4546 10192 5010 10193 4546 10193 5009 10193 4410 10194 4243 10194 4408 10194 4408 10195 4243 10195 4244 10195 4408 10196 4244 10196 4406 10196 4242 10197 4243 10197 5350 10197 5350 10198 4243 10198 4410 10198 5350 10199 4410 10199 5370 10199 5370 10200 4410 10200 4411 10200 5371 10201 5142 10201 5143 10201 4252 10202 5372 10202 4251 10202 4251 10203 5372 10203 5371 10203 5171 10204 4248 10204 5176 10204 5176 10205 4248 10205 4249 10205 5176 10206 4249 10206 5175 10206 4247 10207 4248 10207 4486 10207 4486 10208 4248 10208 5171 10208 4486 10209 5171 10209 4484 10209 4484 10210 5171 10210 5170 10210 4484 10211 5170 10211 4477 10211 4486 10212 4488 10212 5162 10212 5162 10213 4488 10213 4490 10213 5162 10214 4490 10214 5163 10214 5163 10215 4490 10215 4497 10215 5163 10216 4497 10216 5373 10216 4260 10217 4253 10217 4258 10217 4258 10218 4253 10218 4254 10218 4258 10219 4254 10219 4256 10219 4252 10220 4253 10220 5372 10220 5372 10221 4253 10221 4260 10221 5372 10222 4260 10222 5374 10222 5374 10223 4260 10223 4261 10223 4254 10224 4245 10224 4256 10224 4256 10225 4245 10225 4486 10225 4256 10226 4486 10226 4257 10226 4257 10227 4486 10227 5162 10227 4257 10228 5162 10228 4262 10228 4262 10229 5162 10229 5164 10229 4262 10230 5164 10230 4261 10230 4261 10231 5164 10231 5166 10231 4261 10232 5166 10232 5374 10232 5374 10233 5166 10233 5167 10233 5374 10234 5167 10234 5373 10234 5373 10235 5167 10235 5168 10235 5373 10236 5168 10236 5163 10236 5374 10237 5150 10237 5151 10237 4269 10238 4279 10238 4267 10238 4267 10239 4279 10239 4280 10239 4267 10240 4280 10240 4266 10240 4266 10241 4280 10241 4275 10241 4275 10242 4274 10242 4497 10242 5150 10243 5374 10243 5148 10243 5148 10244 5374 10244 5373 10244 5148 10245 5373 10245 5146 10245 5146 10246 5373 10246 4497 10246 5146 10247 4497 10247 5147 10247 5147 10248 4497 10248 4274 10248 5147 10249 4274 10249 5152 10249 5152 10250 4274 10250 4276 10250 5152 10251 4276 10251 5151 10251 5151 10252 4276 10252 4278 10252 5151 10253 4278 10253 5374 10253 4111 10254 4110 10254 4504 10254 4504 10255 4110 10255 5303 10255 4504 10256 5303 10256 4505 10256 4505 10257 5303 10257 5305 10257 4505 10258 5305 10258 4499 10258 4499 10259 5305 10259 5306 10259 4275 10260 4497 10260 4266 10260 4266 10261 4497 10261 4496 10261 4266 10262 4496 10262 4265 10262 4265 10263 4496 10263 4494 10263 4265 10264 4494 10264 4263 10264 4263 10265 4494 10265 4492 10265 4263 10266 4492 10266 4500 10266 4278 10267 4279 10267 5374 10267 5374 10268 4279 10268 4269 10268 5374 10269 4269 10269 5375 10269 5375 10270 4269 10270 4270 10270 5375 10271 4270 10271 4271 10271 5159 10272 5375 10272 5158 10272 5158 10273 5375 10273 4271 10273 5158 10274 4271 10274 5156 10274 5156 10275 4271 10275 4272 10275 5156 10276 4272 10276 5154 10276 4272 10277 4263 10277 5154 10277 5154 10278 4263 10278 4499 10278 5154 10279 4499 10279 5155 10279 5155 10280 4499 10280 5306 10280 5155 10281 5306 10281 5160 10281 5160 10282 5306 10282 5307 10282 5160 10283 5307 10283 5159 10283 5159 10284 5307 10284 5309 10284 5159 10285 5309 10285 5375 10285 5375 10286 5309 10286 5352 10286 5133 10287 5371 10287 5376 10287 5349 10288 5130 10288 5376 10288 5376 10289 5130 10289 5132 10289 5376 10290 5132 10290 5133 10290 4249 10291 4251 10291 5175 10291 5175 10292 4251 10292 5371 10292 5175 10293 5371 10293 5174 10293 5174 10294 5371 10294 5143 10294 5174 10295 5143 10295 5172 10295 5172 10296 5143 10296 5144 10296 5172 10297 5144 10297 5170 10297 5170 10298 5144 10298 5135 10298 5170 10299 5135 10299 4477 10299 4477 10300 5135 10300 5137 10300 4477 10301 5137 10301 5138 10301 4287 10302 5371 10302 4286 10302 4286 10303 5371 10303 5133 10303 4286 10304 5133 10304 4284 10304 4284 10305 5133 10305 5134 10305 4284 10306 5134 10306 4282 10306 4282 10307 5134 10307 5129 10307 5142 10308 5371 10308 5141 10308 5141 10309 5371 10309 4287 10309 5141 10310 4287 10310 5139 10310 5139 10311 4287 10311 4288 10311 5139 10312 4288 10312 5138 10312 5138 10313 4288 10313 4283 10313 5138 10314 4283 10314 4477 10314 4283 10315 4282 10315 4477 10315 4477 10316 4282 10316 5129 10316 4477 10317 5129 10317 4478 10317 4478 10318 5129 10318 5128 10318 4478 10319 5128 10319 4480 10319 4480 10320 5128 10320 4482 10320 5376 10321 5377 10321 4305 10321 4305 10322 5377 10322 4304 10322 5349 10323 4296 10323 4291 10323 5128 10324 5349 10324 4482 10324 4482 10325 5349 10325 4291 10325 4482 10326 4291 10326 4290 10326 5125 10327 5376 10327 5124 10327 5124 10328 5376 10328 4305 10328 5124 10329 4305 10329 5122 10329 5122 10330 4305 10330 4306 10330 5122 10331 4306 10331 5120 10331 5120 10332 4306 10332 4297 10332 4296 10333 5349 10333 4295 10333 4295 10334 5349 10334 5376 10334 4295 10335 5376 10335 4294 10335 4294 10336 5376 10336 5125 10336 4294 10337 5125 10337 4292 10337 4292 10338 5125 10338 5126 10338 4292 10339 5126 10339 4290 10339 4290 10340 5126 10340 5121 10340 4290 10341 5121 10341 4482 10341 5378 10342 4310 10342 4312 10342 5378 10343 4312 10343 5379 10343 5379 10344 4312 10344 4313 10344 5379 10345 4313 10345 5377 10345 5121 10346 5120 10346 4482 10346 4482 10347 5120 10347 4297 10347 4482 10348 4297 10348 4483 10348 4483 10349 4297 10349 4299 10349 4483 10350 4299 10350 4475 10350 4475 10351 4299 10351 4300 10351 5117 10352 5377 10352 5116 10352 5116 10353 5377 10353 4313 10353 5116 10354 4313 10354 5114 10354 5114 10355 4313 10355 4314 10355 5114 10356 4314 10356 5112 10356 5112 10357 4314 10357 4309 10357 4304 10358 5377 10358 4303 10358 4303 10359 5377 10359 5117 10359 4303 10360 5117 10360 4301 10360 4301 10361 5117 10361 5118 10361 4301 10362 5118 10362 4300 10362 4300 10363 5118 10363 5113 10363 4300 10364 5113 10364 4475 10364 5113 10365 5112 10365 4475 10365 4475 10366 5112 10366 4309 10366 4475 10367 4309 10367 4476 10367 4476 10368 4309 10368 4308 10368 4476 10369 4308 10369 4472 10369 4317 10370 4447 10370 5380 10370 5381 10371 4320 10371 5382 10371 5382 10372 4320 10372 4321 10372 5382 10373 4321 10373 5380 10373 5380 10374 4321 10374 4322 10374 5380 10375 4322 10375 4317 10375 5105 10376 4316 10376 5110 10376 5110 10377 4316 10377 4318 10377 5110 10378 4318 10378 5109 10378 5104 10379 4577 10379 5105 10379 5105 10380 4577 10380 4575 10380 4317 10381 4316 10381 4447 10381 4447 10382 4316 10382 5105 10382 4447 10383 5105 10383 4574 10383 4574 10384 5105 10384 4575 10384 5382 10385 5100 10385 5101 10385 4328 10386 4329 10386 5383 10386 5383 10387 5382 10387 4328 10387 4328 10388 5382 10388 5101 10388 4328 10389 5101 10389 4326 10389 4326 10390 5101 10390 5102 10390 4326 10391 5102 10391 4324 10391 5085 10392 5087 10392 4451 10392 4451 10393 5087 10393 5088 10393 4451 10394 5097 10394 4449 10394 4449 10395 5097 10395 5096 10395 5100 10396 5382 10396 5098 10396 5098 10397 5382 10397 5380 10397 5098 10398 5380 10398 5096 10398 5096 10399 5380 10399 4447 10399 5096 10400 4447 10400 4449 10400 5102 10401 5097 10401 4324 10401 4324 10402 5097 10402 4451 10402 4324 10403 4451 10403 4325 10403 4325 10404 4451 10404 5088 10404 4325 10405 5088 10405 4330 10405 4330 10406 5088 10406 5089 10406 4330 10407 5089 10407 4329 10407 4329 10408 5089 10408 5091 10408 4329 10409 5091 10409 5383 10409 5383 10410 5091 10410 5092 10410 5383 10411 5092 10411 5093 10411 4336 10412 4337 10412 5384 10412 5384 10413 5383 10413 4336 10413 4336 10414 5383 10414 5093 10414 4336 10415 5093 10415 4334 10415 4334 10416 5093 10416 5094 10416 4334 10417 5094 10417 4332 10417 5079 10418 5078 10418 4462 10418 5094 10419 5085 10419 4332 10419 4332 10420 5085 10420 4451 10420 4332 10421 4451 10421 4333 10421 4333 10422 4451 10422 4342 10422 4333 10423 4342 10423 4338 10423 4338 10424 4342 10424 4343 10424 4338 10425 4343 10425 4337 10425 4337 10426 4343 10426 4345 10426 4337 10427 4345 10427 5384 10427 5384 10428 4345 10428 4346 10428 5384 10429 4346 10429 4347 10429 4451 10430 4453 10430 4342 10430 4342 10431 4453 10431 4455 10431 4342 10432 4455 10432 4341 10432 4341 10433 4455 10433 4462 10433 4341 10434 4462 10434 4339 10434 4339 10435 4462 10435 5078 10435 4339 10436 5078 10436 4348 10436 4348 10437 5078 10437 5080 10437 4348 10438 5080 10438 4347 10438 4347 10439 5080 10439 5082 10439 4347 10440 5082 10440 5384 10440 5384 10441 5082 10441 5083 10441 5384 10442 5083 10442 5385 10442 5079 10443 5060 10443 5084 10443 5084 10444 5060 10444 5062 10444 5084 10445 5062 10445 5083 10445 5083 10446 5062 10446 5064 10446 5083 10447 5064 10447 5385 10447 5385 10448 5064 10448 5065 10448 5385 10449 5065 10449 5386 10449 5386 10450 5065 10450 5066 10450 5386 10451 5066 10451 5061 10451 5386 10452 4360 10452 4362 10452 5386 10453 4362 10453 5385 10453 5385 10454 4362 10454 4363 10454 5385 10455 4363 10455 5387 10455 4355 10456 5387 10456 4354 10456 4354 10457 5387 10457 4363 10457 4354 10458 4363 10458 4352 10458 4352 10459 4363 10459 4364 10459 4352 10460 4364 10460 4350 10460 4359 10461 4358 10461 4459 10461 4459 10462 4457 10462 4359 10462 4359 10463 4457 10463 4465 10463 4359 10464 4465 10464 4464 10464 5079 10465 4462 10465 5060 10465 5060 10466 4462 10466 4461 10466 5060 10467 4461 10467 5061 10467 5061 10468 4461 10468 4459 10468 5061 10469 4459 10469 5386 10469 5386 10470 4459 10470 4358 10470 5386 10471 4358 10471 4360 10471 4364 10472 4359 10472 4350 10472 4350 10473 4359 10473 4464 10473 4350 10474 4464 10474 4351 10474 4351 10475 4464 10475 5070 10475 4351 10476 5070 10476 4356 10476 4356 10477 5070 10477 5071 10477 4356 10478 5071 10478 4355 10478 4355 10479 5071 10479 5073 10479 4355 10480 5073 10480 5387 10480 5387 10481 5073 10481 5074 10481 5387 10482 5074 10482 5075 10482 4367 10483 4469 10483 5388 10483 5387 10484 4370 10484 5389 10484 5389 10485 4370 10485 4371 10485 5389 10486 4371 10486 5388 10486 5388 10487 4371 10487 4372 10487 5388 10488 4372 10488 4367 10488 5053 10489 4366 10489 5058 10489 5058 10490 4366 10490 4368 10490 5058 10491 4368 10491 5057 10491 4367 10492 4366 10492 4469 10492 4469 10493 4366 10493 5053 10493 4469 10494 5053 10494 4470 10494 4470 10495 5053 10495 5052 10495 4470 10496 5052 10496 4464 10496 4368 10497 4370 10497 5057 10497 5057 10498 4370 10498 5387 10498 5057 10499 5387 10499 5056 10499 5056 10500 5387 10500 5075 10500 5056 10501 5075 10501 5054 10501 5054 10502 5075 10502 5076 10502 5054 10503 5076 10503 5052 10503 5052 10504 5076 10504 5067 10504 5052 10505 5067 10505 4464 10505 4464 10506 5067 10506 5069 10506 4464 10507 5069 10507 5070 10507 4378 10508 4379 10508 5379 10508 5379 10509 4379 10509 5378 10509 5378 10510 4379 10510 4380 10510 5378 10511 4380 10511 4375 10511 4469 10512 4467 10512 4374 10512 4374 10513 4467 10513 4473 10513 4374 10514 4473 10514 4375 10514 4375 10515 4473 10515 4472 10515 4375 10516 4472 10516 5378 10516 5378 10517 4472 10517 4308 10517 5378 10518 4308 10518 4310 10518 5379 10519 5389 10519 4378 10519 4378 10520 5389 10520 5049 10520 4378 10521 5049 10521 4376 10521 4376 10522 5049 10522 5050 10522 4376 10523 5050 10523 4374 10523 4374 10524 5050 10524 5045 10524 4374 10525 5045 10525 4469 10525 4469 10526 5045 10526 5044 10526 4469 10527 5044 10527 5388 10527 5388 10528 5044 10528 5046 10528 5388 10529 5046 10529 5389 10529 5389 10530 5046 10530 5048 10530 5389 10531 5048 10531 5049 10531 4384 10532 4386 10532 5390 10532 5390 10533 4386 10533 4387 10533 5390 10534 4387 10534 5391 10534 5028 10535 5029 10535 5042 10535 5041 10536 5391 10536 5040 10536 5040 10537 5391 10537 4387 10537 5040 10538 4387 10538 5038 10538 5038 10539 4387 10539 4388 10539 5038 10540 4388 10540 5036 10540 5036 10541 4388 10541 4383 10541 5037 10542 5036 10542 4567 10542 4567 10543 5036 10543 4383 10543 4567 10544 4383 10544 4560 10544 4560 10545 4383 10545 4382 10545 5392 10546 4556 10546 4382 10546 4382 10547 4556 10547 4558 10547 4382 10548 4558 10548 4560 10548 5033 10549 5393 10549 5391 10549 5042 10550 5029 10550 5041 10550 5041 10551 5029 10551 5031 10551 5041 10552 5031 10552 5391 10552 5391 10553 5031 10553 5032 10553 5391 10554 5032 10554 5033 10554 4395 10555 5393 10555 4394 10555 4394 10556 5393 10556 5033 10556 4394 10557 5033 10557 4392 10557 4392 10558 5033 10558 5034 10558 4392 10559 5034 10559 4390 10559 4564 10560 5025 10560 4566 10560 4566 10561 5025 10561 5027 10561 4566 10562 5027 10562 4567 10562 4567 10563 5027 10563 5028 10563 4567 10564 5028 10564 5037 10564 5037 10565 5028 10565 5042 10565 5015 10566 5390 10566 5370 10566 4244 10567 4235 10567 4406 10567 4406 10568 4235 10568 4550 10568 4406 10569 4550 10569 4407 10569 4407 10570 4550 10570 5010 10570 4407 10571 5010 10571 4412 10571 4412 10572 5010 10572 5011 10572 4412 10573 5011 10573 4411 10573 4411 10574 5011 10574 5013 10574 4411 10575 5013 10575 5370 10575 5370 10576 5013 10576 5014 10576 5370 10577 5014 10577 5015 10577 5023 10578 5024 10578 4400 10578 4402 10579 4403 10579 5390 10579 5390 10580 4403 10580 5392 10580 5390 10581 5392 10581 4384 10581 4384 10582 5392 10582 4382 10582 4400 10583 5024 10583 4398 10583 4403 10584 4404 10584 5392 10584 5392 10585 4404 10585 4399 10585 5392 10586 4399 10586 4556 10586 4556 10587 4399 10587 4398 10587 4556 10588 4398 10588 5019 10588 5019 10589 4398 10589 5024 10589 4400 10590 4402 10590 5023 10590 5023 10591 4402 10591 5390 10591 5023 10592 5390 10592 5022 10592 5022 10593 5390 10593 5015 10593 5022 10594 5015 10594 5020 10594 5020 10595 5015 10595 5016 10595 5020 10596 5016 10596 5018 10596 5018 10597 5016 10597 5007 10597 5019 10598 5018 10598 4556 10598 4556 10599 5018 10599 5007 10599 4556 10600 5007 10600 4554 10600 4554 10601 5007 10601 5009 10601 4554 10602 5009 10602 4545 10602 4545 10603 5009 10603 4546 10603 5005 10604 5394 10604 5393 10604 5034 10605 5025 10605 4390 10605 4390 10606 5025 10606 4564 10606 4390 10607 4564 10607 4391 10607 4391 10608 4564 10608 5000 10608 4391 10609 5000 10609 4396 10609 4396 10610 5000 10610 5001 10610 4396 10611 5001 10611 4395 10611 4395 10612 5001 10612 5003 10612 4395 10613 5003 10613 5393 10613 5393 10614 5003 10614 5004 10614 5393 10615 5004 10615 5005 10615 4569 10616 4991 10616 4990 10616 4419 10617 5394 10617 4418 10617 4418 10618 5394 10618 5005 10618 4418 10619 5005 10619 4416 10619 4416 10620 5005 10620 5006 10620 4416 10621 5006 10621 4414 10621 4414 10622 5006 10622 4997 10622 4996 10623 5347 10623 4995 10623 4995 10624 5347 10624 5394 10624 4995 10625 5394 10625 4994 10625 4994 10626 5394 10626 4419 10626 4994 10627 4419 10627 4992 10627 4992 10628 4419 10628 4420 10628 4992 10629 4420 10629 4990 10629 4990 10630 4420 10630 4415 10630 4990 10631 4415 10631 4569 10631 4562 10632 4997 10632 4564 10632 4564 10633 4997 10633 4999 10633 4564 10634 4999 10634 5000 10634 4415 10635 4414 10635 4569 10635 4569 10636 4414 10636 4997 10636 4569 10637 4997 10637 4570 10637 4570 10638 4997 10638 4562 10638 4427 10639 5348 10639 5394 10639 5347 10640 4424 10640 5394 10640 5394 10641 4424 10641 4426 10641 5394 10642 4426 10642 4427 10642 4987 10643 4988 10643 4433 10643 4429 10644 4431 10644 4572 10644 4572 10645 4431 10645 4432 10645 4433 10646 4988 10646 4432 10646 4432 10647 4988 10647 4983 10647 4432 10648 4983 10648 4572 10648 4433 10649 4435 10649 4987 10649 4987 10650 4435 10650 5348 10650 4987 10651 5348 10651 4986 10651 4986 10652 5348 10652 4427 10652 4986 10653 4427 10653 4984 10653 4984 10654 4427 10654 4428 10654 4984 10655 4428 10655 4982 10655 4982 10656 4428 10656 4423 10656 4983 10657 4982 10657 4572 10657 4572 10658 4982 10658 4423 10658 4572 10659 4423 10659 4573 10659 4573 10660 4423 10660 4422 10660 4573 10661 4422 10661 4569 10661 4569 10662 4422 10662 5347 10662 4569 10663 5347 10663 4991 10663 4991 10664 5347 10664 4996 10664 4318 10665 4320 10665 5109 10665 5109 10666 4320 10666 5381 10666 5109 10667 5381 10667 5108 10667 5108 10668 5381 10668 4979 10668 5108 10669 4979 10669 5106 10669 5106 10670 4979 10670 4980 10670 5106 10671 4980 10671 5104 10671 5104 10672 4980 10672 4971 10672 5104 10673 4971 10673 4577 10673 4577 10674 4971 10674 4973 10674 4577 10675 4973 10675 4578 10675 4578 10676 4973 10676 4974 10676 4578 10677 4974 10677 4572 10677 4444 10678 4437 10678 4442 10678 4442 10679 4437 10679 4438 10679 4442 10680 4438 10680 4440 10680 4436 10681 4437 10681 5348 10681 5348 10682 4437 10682 4444 10682 5348 10683 4444 10683 5381 10683 5381 10684 4444 10684 4445 10684 4438 10685 4429 10685 4440 10685 4440 10686 4429 10686 4572 10686 4440 10687 4572 10687 4441 10687 4441 10688 4572 10688 4974 10688 4441 10689 4974 10689 4446 10689 4446 10690 4974 10690 4975 10690 4446 10691 4975 10691 4445 10691 4445 10692 4975 10692 4977 10692 4445 10693 4977 10693 5381 10693 5381 10694 4977 10694 4978 10694 5381 10695 4978 10695 4979 10695 5341 10696 5383 10696 5342 10696 5342 10697 5383 10697 5384 10697 5342 10698 5384 10698 5343 10698 5343 10699 5384 10699 5385 10699 5343 10700 5385 10700 5344 10700 5344 10701 5385 10701 5387 10701 5344 10702 5387 10702 5345 10702 5345 10703 5387 10703 5389 10703 5345 10704 5389 10704 5346 10704 5346 10705 5389 10705 5379 10705 5346 10706 5379 10706 5323 10706 5323 10707 5379 10707 5377 10707 5323 10708 5377 10708 5324 10708 5324 10709 5377 10709 5376 10709 5324 10710 5376 10710 5325 10710 5325 10711 5376 10711 5371 10711 5325 10712 5371 10712 5326 10712 5326 10713 5371 10713 5372 10713 5326 10714 5372 10714 5327 10714 5327 10715 5372 10715 5374 10715 5327 10716 5374 10716 5328 10716 5328 10717 5374 10717 5375 10717 5328 10718 5375 10718 5329 10718 5329 10719 5375 10719 5352 10719 5329 10720 5352 10720 5330 10720 5330 10721 5352 10721 5353 10721 5330 10722 5353 10722 5331 10722 5331 10723 5353 10723 5355 10723 5331 10724 5355 10724 5332 10724 5332 10725 5355 10725 5356 10725 5332 10726 5356 10726 5333 10726 5333 10727 5356 10727 5358 10727 5333 10728 5358 10728 5313 10728 5313 10729 5358 10729 5359 10729 5313 10730 5359 10730 5314 10730 5314 10731 5359 10731 5360 10731 5314 10732 5360 10732 5315 10732 5315 10733 5360 10733 5361 10733 5315 10734 5361 10734 5316 10734 5316 10735 5361 10735 5363 10735 5316 10736 5363 10736 5317 10736 5317 10737 5363 10737 5364 10737 5317 10738 5364 10738 5318 10738 5318 10739 5364 10739 5365 10739 5318 10740 5365 10740 5319 10740 5319 10741 5365 10741 5367 10741 5319 10742 5367 10742 5320 10742 5320 10743 5367 10743 5368 10743 5320 10744 5368 10744 5321 10744 5321 10745 5368 10745 5350 10745 5321 10746 5350 10746 5322 10746 5322 10747 5350 10747 5370 10747 5322 10748 5370 10748 5334 10748 5334 10749 5370 10749 5390 10749 5334 10750 5390 10750 5335 10750 5335 10751 5390 10751 5391 10751 5335 10752 5391 10752 5336 10752 5336 10753 5391 10753 5393 10753 5336 10754 5393 10754 5337 10754 5337 10755 5393 10755 5394 10755 5337 10756 5394 10756 5338 10756 5338 10757 5394 10757 5348 10757 5338 10758 5348 10758 5339 10758 5339 10759 5348 10759 5381 10759 5339 10760 5381 10760 5340 10760 5340 10761 5381 10761 5382 10761 5340 10762 5382 10762 5341 10762 5341 10763 5382 10763 5383 10763 5395 10764 5396 10764 5397 10764 5397 10765 5396 10765 5398 10765 5397 10766 5398 10766 5399 10766 5399 10767 5398 10767 5400 10767 5399 10768 5400 10768 5401 10768 5401 10769 5400 10769 5402 10769 5401 10770 5402 10770 5403 10770 5403 10771 5402 10771 5404 10771 5403 10772 5404 10772 5405 10772 5405 10773 5404 10773 5406 10773 5405 10774 5406 10774 5407 10774 5407 10775 5406 10775 5408 10775 5407 10776 5408 10776 5409 10776 5409 10777 5408 10777 5410 10777 5409 10778 5410 10778 5411 10778 5411 10779 5410 10779 5412 10779 5411 10780 5412 10780 5413 10780 5413 10781 5412 10781 5414 10781 5413 10782 5414 10782 5415 10782 5415 10783 5414 10783 5416 10783 5415 10784 5416 10784 5417 10784 5417 10785 5416 10785 5418 10785 5417 10786 5418 10786 5419 10786 5419 10787 5418 10787 5420 10787 5419 10788 5420 10788 5421 10788 5421 10789 5420 10789 5422 10789 5421 10790 5422 10790 5423 10790 5423 10791 5422 10791 5424 10791 5423 10792 5424 10792 5425 10792 5425 10793 5424 10793 5426 10793 5425 10794 5426 10794 5427 10794 5427 10795 5426 10795 5428 10795 5427 10796 5428 10796 5429 10796 5429 10797 5428 10797 5430 10797 5429 10798 5430 10798 5431 10798 5431 10799 5430 10799 5432 10799 5431 10800 5432 10800 5433 10800 5433 10801 5432 10801 5434 10801 5433 10802 5434 10802 5435 10802 5435 10803 5434 10803 5436 10803 5435 10804 5436 10804 5437 10804 5437 10805 5436 10805 5438 10805 5437 10806 5438 10806 5439 10806 5439 10807 5438 10807 5440 10807 5439 10808 5440 10808 5441 10808 5441 10809 5440 10809 5442 10809 5441 10810 5442 10810 5443 10810 5443 10811 5442 10811 5444 10811 5443 10812 5444 10812 5445 10812 5445 10813 5444 10813 5446 10813 5445 10814 5446 10814 5447 10814 5447 10815 5446 10815 5448 10815 5447 10816 5448 10816 5449 10816 5449 10817 5448 10817 5450 10817 5449 10818 5450 10818 5451 10818 5451 10819 5450 10819 5452 10819 5451 10820 5452 10820 5453 10820 5453 10821 5452 10821 5454 10821 5453 10822 5454 10822 5455 10822 5455 10823 5454 10823 5456 10823 5455 10824 5456 10824 5457 10824 5457 10825 5456 10825 5458 10825 5457 10826 5458 10826 5459 10826 5459 10827 5458 10827 5460 10827 5459 10828 5460 10828 5461 10828 5461 10829 5460 10829 5462 10829 5461 10830 5462 10830 5463 10830 5463 10831 5462 10831 5464 10831 5463 10832 5464 10832 5465 10832 5465 10833 5464 10833 5466 10833 5465 10834 5466 10834 5467 10834 5467 10835 5466 10835 5468 10835 5467 10836 5468 10836 5469 10836 5469 10837 5468 10837 5470 10837 5469 10838 5470 10838 5471 10838 5471 10839 5470 10839 5472 10839 5471 10840 5472 10840 5473 10840 5473 10841 5472 10841 5474 10841 5473 10842 5474 10842 5475 10842 5475 10843 5474 10843 5476 10843 5475 10844 5476 10844 5477 10844 5477 10845 5476 10845 5478 10845 5477 10846 5478 10846 5479 10846 5479 10847 5478 10847 5480 10847 5479 10848 5480 10848 5481 10848 5481 10849 5480 10849 5482 10849 5481 10850 5482 10850 5483 10850 5483 10851 5482 10851 5484 10851 5483 10852 5484 10852 5485 10852 5485 10853 5484 10853 5486 10853 5485 10854 5486 10854 5487 10854 5487 10855 5486 10855 5488 10855 5487 10856 5488 10856 5489 10856 5489 10857 5488 10857 5490 10857 5489 10858 5490 10858 5491 10858 5491 10859 5490 10859 5492 10859 5491 10860 5492 10860 5493 10860 5493 10861 5492 10861 5494 10861 5493 10862 5494 10862 5495 10862 5495 10863 5494 10863 5496 10863 5495 10864 5496 10864 5497 10864 5497 10865 5496 10865 5498 10865 5497 10866 5498 10866 5499 10866 5499 10867 5498 10867 5500 10867 5499 10868 5500 10868 5501 10868 5501 10869 5500 10869 5502 10869 5501 10870 5502 10870 5503 10870 5503 10871 5502 10871 5504 10871 5503 10872 5504 10872 5505 10872 5505 10873 5504 10873 5506 10873 5505 10874 5506 10874 5507 10874 5507 10875 5506 10875 5508 10875 5507 10876 5508 10876 5509 10876 5509 10877 5508 10877 5510 10877 5509 10878 5510 10878 5511 10878 5511 10879 5510 10879 5512 10879 5511 10880 5512 10880 5513 10880 5513 10881 5512 10881 5514 10881 5513 10882 5514 10882 5515 10882 5515 10883 5514 10883 5516 10883 5515 10884 5516 10884 5517 10884 5517 10885 5516 10885 5518 10885 5517 10886 5518 10886 5519 10886 5519 10887 5518 10887 5520 10887 5519 10888 5520 10888 5521 10888 5521 10889 5520 10889 5522 10889 5521 10890 5522 10890 5523 10890 5523 10891 5522 10891 5524 10891 5523 10892 5524 10892 5525 10892 5525 10893 5524 10893 5526 10893 5525 10894 5526 10894 5527 10894 5527 10895 5526 10895 5528 10895 5527 10896 5528 10896 5529 10896 5529 10897 5528 10897 5530 10897 5529 10898 5530 10898 5531 10898 5531 10899 5530 10899 5532 10899 5531 10900 5532 10900 5533 10900 5533 10901 5532 10901 5534 10901 5533 10902 5534 10902 5535 10902 5535 10903 5534 10903 5536 10903 5535 10904 5536 10904 5537 10904 5537 10905 5536 10905 5538 10905 5537 10906 5538 10906 5539 10906 5539 10907 5538 10907 5540 10907 5539 10908 5540 10908 5541 10908 5541 10909 5540 10909 5542 10909 5541 10910 5542 10910 5543 10910 5543 10911 5542 10911 5544 10911 5543 10912 5544 10912 5545 10912 5545 10913 5544 10913 5546 10913 5545 10914 5546 10914 5547 10914 5547 10915 5546 10915 5548 10915 5547 10916 5548 10916 5549 10916 5549 10917 5548 10917 5550 10917 5549 10918 5550 10918 5551 10918 5551 10919 5550 10919 5552 10919 5551 10920 5552 10920 5553 10920 5553 10921 5552 10921 5554 10921 5553 10922 5554 10922 5555 10922 5555 10923 5554 10923 5556 10923 5555 10924 5556 10924 5557 10924 5557 10925 5556 10925 5558 10925 5557 10926 5558 10926 5559 10926 5559 10927 5558 10927 5560 10927 5559 10928 5560 10928 5561 10928 5561 10929 5560 10929 5562 10929 5561 10930 5562 10930 5563 10930 5563 10931 5562 10931 5564 10931 5563 10932 5564 10932 5565 10932 5565 10933 5564 10933 5566 10933 5565 10934 5566 10934 5567 10934 5567 10935 5566 10935 5568 10935 5567 10936 5568 10936 5569 10936 5569 10937 5568 10937 5570 10937 5569 10938 5570 10938 5571 10938 5571 10939 5570 10939 5572 10939 5571 10940 5572 10940 5573 10940 5573 10941 5572 10941 5574 10941 5573 10942 5574 10942 5575 10942 5575 10943 5574 10943 5576 10943 5575 10944 5576 10944 5577 10944 5577 10945 5576 10945 5578 10945 5577 10946 5578 10946 5579 10946 5579 10947 5578 10947 5580 10947 5579 10948 5580 10948 5581 10948 5581 10949 5580 10949 5582 10949 5581 10950 5582 10950 5395 10950 5395 10951 5582 10951 5396 10951 5583 10952 5584 10952 5483 10952 5483 10953 5584 10953 5481 10953 5481 10954 5584 10954 5479 10954 5479 10955 5584 10955 5585 10955 5479 10956 5585 10956 5477 10956 5477 10957 5585 10957 5475 10957 5475 10958 5585 10958 5586 10958 5475 10959 5586 10959 5473 10959 5473 10960 5586 10960 5587 10960 5473 10961 5587 10961 5471 10961 5471 10962 5587 10962 5469 10962 5469 10963 5587 10963 5588 10963 5469 10964 5588 10964 5467 10964 5467 10965 5588 10965 5465 10965 5465 10966 5588 10966 5589 10966 5465 10967 5589 10967 5463 10967 5463 10968 5589 10968 5590 10968 5463 10969 5590 10969 5461 10969 5461 10970 5590 10970 5459 10970 5459 10971 5590 10971 5591 10971 5459 10972 5591 10972 5457 10972 5457 10973 5591 10973 5455 10973 5455 10974 5591 10974 5592 10974 5455 10975 5592 10975 5453 10975 5453 10976 5592 10976 5451 10976 5451 10977 5592 10977 5593 10977 5451 10978 5593 10978 5449 10978 5449 10979 5593 10979 5594 10979 5449 10980 5594 10980 5447 10980 5447 10981 5594 10981 5445 10981 5445 10982 5594 10982 5595 10982 5445 10983 5595 10983 5443 10983 5443 10984 5595 10984 5441 10984 5441 10985 5595 10985 5596 10985 5441 10986 5596 10986 5439 10986 5439 10987 5596 10987 5597 10987 5439 10988 5597 10988 5437 10988 5437 10989 5597 10989 5435 10989 5435 10990 5597 10990 5598 10990 5435 10991 5598 10991 5433 10991 5433 10992 5598 10992 5431 10992 5431 10993 5598 10993 5599 10993 5431 10994 5599 10994 5429 10994 5429 10995 5599 10995 5600 10995 5429 10996 5600 10996 5427 10996 5601 10997 5421 10997 5602 10997 5602 10998 5421 10998 5423 10998 5602 10999 5423 10999 5600 10999 5600 11000 5423 11000 5425 11000 5600 11001 5425 11001 5427 11001 5603 11002 5415 11002 5604 11002 5604 11003 5415 11003 5417 11003 5604 11004 5417 11004 5601 11004 5601 11005 5417 11005 5419 11005 5601 11006 5419 11006 5421 11006 5605 11007 5411 11007 5603 11007 5603 11008 5411 11008 5413 11008 5603 11009 5413 11009 5415 11009 5606 11010 5405 11010 5607 11010 5607 11011 5405 11011 5407 11011 5607 11012 5407 11012 5605 11012 5605 11013 5407 11013 5409 11013 5605 11014 5409 11014 5411 11014 5608 11015 5401 11015 5606 11015 5606 11016 5401 11016 5403 11016 5606 11017 5403 11017 5405 11017 5609 11018 5397 11018 5608 11018 5608 11019 5397 11019 5399 11019 5608 11020 5399 11020 5401 11020 5610 11021 5579 11021 5611 11021 5611 11022 5579 11022 5581 11022 5611 11023 5581 11023 5609 11023 5609 11024 5581 11024 5395 11024 5609 11025 5395 11025 5397 11025 5612 11026 5575 11026 5610 11026 5610 11027 5575 11027 5577 11027 5610 11028 5577 11028 5579 11028 5613 11029 5569 11029 5614 11029 5614 11030 5569 11030 5571 11030 5614 11031 5571 11031 5612 11031 5612 11032 5571 11032 5573 11032 5612 11033 5573 11033 5575 11033 5615 11034 5565 11034 5613 11034 5613 11035 5565 11035 5567 11035 5613 11036 5567 11036 5569 11036 5616 11037 5561 11037 5615 11037 5615 11038 5561 11038 5563 11038 5615 11039 5563 11039 5565 11039 5617 11040 5555 11040 5618 11040 5618 11041 5555 11041 5557 11041 5618 11042 5557 11042 5616 11042 5616 11043 5557 11043 5559 11043 5616 11044 5559 11044 5561 11044 5619 11045 5551 11045 5617 11045 5617 11046 5551 11046 5553 11046 5617 11047 5553 11047 5555 11047 5620 11048 5545 11048 5621 11048 5621 11049 5545 11049 5547 11049 5621 11050 5547 11050 5619 11050 5619 11051 5547 11051 5549 11051 5619 11052 5549 11052 5551 11052 5622 11053 5541 11053 5620 11053 5620 11054 5541 11054 5543 11054 5620 11055 5543 11055 5545 11055 5531 11056 5533 11056 5623 11056 5623 11057 5533 11057 5535 11057 5623 11058 5535 11058 5624 11058 5624 11059 5535 11059 5537 11059 5624 11060 5537 11060 5622 11060 5622 11061 5537 11061 5539 11061 5622 11062 5539 11062 5541 11062 5531 11063 5623 11063 5529 11063 5529 11064 5623 11064 5625 11064 5529 11065 5625 11065 5527 11065 5527 11066 5625 11066 5626 11066 5527 11067 5626 11067 5525 11067 5525 11068 5626 11068 5523 11068 5523 11069 5626 11069 5627 11069 5523 11070 5627 11070 5521 11070 5521 11071 5627 11071 5628 11071 5521 11072 5628 11072 5519 11072 5519 11073 5628 11073 5517 11073 5517 11074 5628 11074 5629 11074 5517 11075 5629 11075 5515 11075 5515 11076 5629 11076 5513 11076 5513 11077 5629 11077 5630 11077 5513 11078 5630 11078 5511 11078 5511 11079 5630 11079 5631 11079 5511 11080 5631 11080 5509 11080 5632 11081 5503 11081 5633 11081 5633 11082 5503 11082 5505 11082 5633 11083 5505 11083 5631 11083 5631 11084 5505 11084 5507 11084 5631 11085 5507 11085 5509 11085 5634 11086 5497 11086 5635 11086 5635 11087 5497 11087 5499 11087 5635 11088 5499 11088 5632 11088 5632 11089 5499 11089 5501 11089 5632 11090 5501 11090 5503 11090 5636 11091 5493 11091 5634 11091 5634 11092 5493 11092 5495 11092 5634 11093 5495 11093 5497 11093 5483 11094 5485 11094 5583 11094 5583 11095 5485 11095 5487 11095 5583 11096 5487 11096 5637 11096 5637 11097 5487 11097 5489 11097 5637 11098 5489 11098 5636 11098 5636 11099 5489 11099 5491 11099 5636 11100 5491 11100 5493 11100 5638 11101 5639 11101 5640 11101 5640 11102 5639 11102 5641 11102 5642 11103 5643 11103 5644 11103 5644 11104 5643 11104 5645 11104 5644 11105 5645 11105 5641 11105 5641 11106 5645 11106 5646 11106 5641 11107 5646 11107 5640 11107 5642 11108 5644 11108 5647 11108 5647 11109 5644 11109 5648 11109 5647 11110 5648 11110 5649 11110 5649 11111 5648 11111 5650 11111 5650 11112 5648 11112 5651 11112 5650 11113 5651 11113 5652 11113 5652 11114 5651 11114 5653 11114 5653 11115 5651 11115 5654 11115 5653 11116 5654 11116 5655 11116 5656 11117 5657 11117 5654 11117 5654 11118 5657 11118 5658 11118 5654 11119 5658 11119 5655 11119 5659 11120 5660 11120 5661 11120 5661 11121 5660 11121 5662 11121 5661 11122 5662 11122 5656 11122 5656 11123 5662 11123 5663 11123 5656 11124 5663 11124 5657 11124 5659 11125 5661 11125 5664 11125 5664 11126 5661 11126 5665 11126 5664 11127 5665 11127 5666 11127 5666 11128 5665 11128 5667 11128 5667 11129 5665 11129 5668 11129 5667 11130 5668 11130 5669 11130 5669 11131 5668 11131 5670 11131 5670 11132 5668 11132 5671 11132 5670 11133 5671 11133 5672 11133 5672 11134 5671 11134 5673 11134 5673 11135 5671 11135 5674 11135 5673 11136 5674 11136 5675 11136 5676 11137 5677 11137 5674 11137 5674 11138 5677 11138 5678 11138 5674 11139 5678 11139 5675 11139 5679 11140 5680 11140 5681 11140 5681 11141 5680 11141 5682 11141 5681 11142 5682 11142 5676 11142 5676 11143 5682 11143 5683 11143 5676 11144 5683 11144 5677 11144 5679 11145 5681 11145 5684 11145 5684 11146 5681 11146 5685 11146 5684 11147 5685 11147 5686 11147 5686 11148 5685 11148 5687 11148 5687 11149 5685 11149 5688 11149 5687 11150 5688 11150 5689 11150 5690 11151 5691 11151 5688 11151 5688 11152 5691 11152 5692 11152 5688 11153 5692 11153 5689 11153 5693 11154 5694 11154 5690 11154 5690 11155 5694 11155 5695 11155 5690 11156 5695 11156 5691 11156 5696 11157 5697 11157 5698 11157 5698 11158 5697 11158 5699 11158 5698 11159 5699 11159 5693 11159 5693 11160 5699 11160 5700 11160 5693 11161 5700 11161 5694 11161 5696 11162 5698 11162 5701 11162 5701 11163 5698 11163 5702 11163 5701 11164 5702 11164 5703 11164 5703 11165 5702 11165 5704 11165 5704 11166 5702 11166 5705 11166 5704 11167 5705 11167 5706 11167 5707 11168 5708 11168 5705 11168 5705 11169 5708 11169 5709 11169 5705 11170 5709 11170 5706 11170 5710 11171 5711 11171 5712 11171 5712 11172 5711 11172 5713 11172 5712 11173 5713 11173 5707 11173 5707 11174 5713 11174 5714 11174 5707 11175 5714 11175 5708 11175 5710 11176 5712 11176 5715 11176 5715 11177 5712 11177 5716 11177 5715 11178 5716 11178 5717 11178 5717 11179 5716 11179 5718 11179 5718 11180 5716 11180 5719 11180 5718 11181 5719 11181 5720 11181 5721 11182 5722 11182 5719 11182 5719 11183 5722 11183 5723 11183 5719 11184 5723 11184 5720 11184 5724 11185 5725 11185 5726 11185 5726 11186 5725 11186 5727 11186 5726 11187 5727 11187 5721 11187 5721 11188 5727 11188 5728 11188 5721 11189 5728 11189 5722 11189 5724 11190 5726 11190 5729 11190 5729 11191 5726 11191 5730 11191 5729 11192 5730 11192 5731 11192 5731 11193 5730 11193 5732 11193 5732 11194 5730 11194 5733 11194 5732 11195 5733 11195 5734 11195 5735 11196 5736 11196 5733 11196 5733 11197 5736 11197 5737 11197 5733 11198 5737 11198 5734 11198 5738 11199 5739 11199 5735 11199 5735 11200 5739 11200 5740 11200 5735 11201 5740 11201 5736 11201 5741 11202 5742 11202 5743 11202 5743 11203 5742 11203 5744 11203 5743 11204 5744 11204 5738 11204 5738 11205 5744 11205 5745 11205 5738 11206 5745 11206 5739 11206 5741 11207 5743 11207 5746 11207 5746 11208 5743 11208 5747 11208 5746 11209 5747 11209 5748 11209 5748 11210 5747 11210 5749 11210 5749 11211 5747 11211 5750 11211 5749 11212 5750 11212 5751 11212 5751 11213 5750 11213 5752 11213 5752 11214 5750 11214 5753 11214 5752 11215 5753 11215 5754 11215 5754 11216 5753 11216 5755 11216 5755 11217 5753 11217 5756 11217 5755 11218 5756 11218 5757 11218 5758 11219 5759 11219 5756 11219 5756 11220 5759 11220 5760 11220 5756 11221 5760 11221 5757 11221 5761 11222 5762 11222 5763 11222 5763 11223 5762 11223 5764 11223 5763 11224 5764 11224 5758 11224 5758 11225 5764 11225 5765 11225 5758 11226 5765 11226 5759 11226 5761 11227 5763 11227 5766 11227 5766 11228 5763 11228 5767 11228 5766 11229 5767 11229 5768 11229 5768 11230 5767 11230 5769 11230 5769 11231 5767 11231 5770 11231 5769 11232 5770 11232 5771 11232 5772 11233 5773 11233 5770 11233 5770 11234 5773 11234 5774 11234 5770 11235 5774 11235 5771 11235 5775 11236 5776 11236 5772 11236 5772 11237 5776 11237 5777 11237 5772 11238 5777 11238 5773 11238 5778 11239 5779 11239 5780 11239 5780 11240 5779 11240 5781 11240 5780 11241 5781 11241 5775 11241 5775 11242 5781 11242 5782 11242 5775 11243 5782 11243 5776 11243 5778 11244 5780 11244 5783 11244 5783 11245 5780 11245 5784 11245 5783 11246 5784 11246 5785 11246 5785 11247 5784 11247 5786 11247 5786 11248 5784 11248 5787 11248 5786 11249 5787 11249 5788 11249 5789 11250 5790 11250 5787 11250 5787 11251 5790 11251 5791 11251 5787 11252 5791 11252 5788 11252 5792 11253 5793 11253 5794 11253 5794 11254 5793 11254 5795 11254 5794 11255 5795 11255 5789 11255 5789 11256 5795 11256 5796 11256 5789 11257 5796 11257 5790 11257 5792 11258 5794 11258 5797 11258 5797 11259 5794 11259 5798 11259 5797 11260 5798 11260 5799 11260 5799 11261 5798 11261 5800 11261 5800 11262 5798 11262 5801 11262 5800 11263 5801 11263 5802 11263 5803 11264 5804 11264 5801 11264 5801 11265 5804 11265 5805 11265 5801 11266 5805 11266 5802 11266 5806 11267 5807 11267 5803 11267 5803 11268 5807 11268 5808 11268 5803 11269 5808 11269 5804 11269 5809 11270 5810 11270 5811 11270 5811 11271 5810 11271 5812 11271 5811 11272 5812 11272 5806 11272 5806 11273 5812 11273 5813 11273 5806 11274 5813 11274 5807 11274 5809 11275 5811 11275 5814 11275 5814 11276 5811 11276 5815 11276 5814 11277 5815 11277 5816 11277 5816 11278 5815 11278 5817 11278 5817 11279 5815 11279 5818 11279 5817 11280 5818 11280 5819 11280 5820 11281 5821 11281 5818 11281 5818 11282 5821 11282 5822 11282 5818 11283 5822 11283 5819 11283 5638 11284 5823 11284 5639 11284 5639 11285 5823 11285 5824 11285 5639 11286 5824 11286 5820 11286 5820 11287 5824 11287 5825 11287 5820 11288 5825 11288 5821 11288 5636 11289 5826 11289 5637 11289 5637 11290 5826 11290 5827 11290 5637 11291 5827 11291 5583 11291 5583 11292 5827 11292 5828 11292 5583 11293 5828 11293 5584 11293 5584 11294 5828 11294 5829 11294 5584 11295 5829 11295 5585 11295 5585 11296 5829 11296 5830 11296 5585 11297 5830 11297 5586 11297 5586 11298 5830 11298 5831 11298 5586 11299 5831 11299 5587 11299 5587 11300 5831 11300 5832 11300 5587 11301 5832 11301 5588 11301 5588 11302 5832 11302 5833 11302 5588 11303 5833 11303 5589 11303 5589 11304 5833 11304 5834 11304 5589 11305 5834 11305 5590 11305 5590 11306 5834 11306 5835 11306 5590 11307 5835 11307 5591 11307 5591 11308 5835 11308 5836 11308 5591 11309 5836 11309 5592 11309 5592 11310 5836 11310 5837 11310 5592 11311 5837 11311 5593 11311 5593 11312 5837 11312 5838 11312 5593 11313 5838 11313 5594 11313 5594 11314 5838 11314 5839 11314 5594 11315 5839 11315 5595 11315 5595 11316 5839 11316 5840 11316 5595 11317 5840 11317 5596 11317 5596 11318 5840 11318 5841 11318 5596 11319 5841 11319 5597 11319 5597 11320 5841 11320 5842 11320 5597 11321 5842 11321 5598 11321 5598 11322 5842 11322 5843 11322 5598 11323 5843 11323 5599 11323 5599 11324 5843 11324 5844 11324 5599 11325 5844 11325 5600 11325 5600 11326 5844 11326 5845 11326 5600 11327 5845 11327 5602 11327 5602 11328 5845 11328 5846 11328 5602 11329 5846 11329 5601 11329 5601 11330 5846 11330 5847 11330 5601 11331 5847 11331 5604 11331 5604 11332 5847 11332 5848 11332 5604 11333 5848 11333 5603 11333 5603 11334 5848 11334 5849 11334 5603 11335 5849 11335 5605 11335 5605 11336 5849 11336 5850 11336 5605 11337 5850 11337 5607 11337 5607 11338 5850 11338 5851 11338 5607 11339 5851 11339 5606 11339 5606 11340 5851 11340 5852 11340 5606 11341 5852 11341 5608 11341 5608 11342 5852 11342 5853 11342 5608 11343 5853 11343 5609 11343 5609 11344 5853 11344 5854 11344 5609 11345 5854 11345 5611 11345 5611 11346 5854 11346 5855 11346 5611 11347 5855 11347 5610 11347 5610 11348 5855 11348 5856 11348 5610 11349 5856 11349 5612 11349 5612 11350 5856 11350 5857 11350 5612 11351 5857 11351 5614 11351 5614 11352 5857 11352 5858 11352 5614 11353 5858 11353 5613 11353 5613 11354 5858 11354 5859 11354 5613 11355 5859 11355 5615 11355 5615 11356 5859 11356 5860 11356 5615 11357 5860 11357 5616 11357 5616 11358 5860 11358 5861 11358 5616 11359 5861 11359 5618 11359 5618 11360 5861 11360 5862 11360 5618 11361 5862 11361 5617 11361 5617 11362 5862 11362 5863 11362 5617 11363 5863 11363 5619 11363 5619 11364 5863 11364 5864 11364 5619 11365 5864 11365 5621 11365 5621 11366 5864 11366 5865 11366 5621 11367 5865 11367 5620 11367 5620 11368 5865 11368 5866 11368 5620 11369 5866 11369 5622 11369 5622 11370 5866 11370 5867 11370 5622 11371 5867 11371 5624 11371 5624 11372 5867 11372 5868 11372 5624 11373 5868 11373 5623 11373 5623 11374 5868 11374 5869 11374 5623 11375 5869 11375 5625 11375 5625 11376 5869 11376 5870 11376 5625 11377 5870 11377 5626 11377 5626 11378 5870 11378 5871 11378 5626 11379 5871 11379 5627 11379 5627 11380 5871 11380 5872 11380 5627 11381 5872 11381 5628 11381 5628 11382 5872 11382 5873 11382 5628 11383 5873 11383 5629 11383 5629 11384 5873 11384 5874 11384 5629 11385 5874 11385 5630 11385 5630 11386 5874 11386 5875 11386 5630 11387 5875 11387 5631 11387 5631 11388 5875 11388 5876 11388 5631 11389 5876 11389 5633 11389 5633 11390 5876 11390 5877 11390 5633 11391 5877 11391 5632 11391 5632 11392 5877 11392 5878 11392 5632 11393 5878 11393 5635 11393 5635 11394 5878 11394 5879 11394 5635 11395 5879 11395 5634 11395 5634 11396 5879 11396 5880 11396 5634 11397 5880 11397 5636 11397 5636 11398 5880 11398 5826 11398 5826 11399 5639 11399 5827 11399 5827 11400 5639 11400 5820 11400 5827 11401 5820 11401 5828 11401 5828 11402 5820 11402 5818 11402 5828 11403 5818 11403 5829 11403 5829 11404 5818 11404 5815 11404 5829 11405 5815 11405 5830 11405 5830 11406 5815 11406 5811 11406 5830 11407 5811 11407 5831 11407 5831 11408 5811 11408 5806 11408 5831 11409 5806 11409 5832 11409 5832 11410 5806 11410 5803 11410 5832 11411 5803 11411 5833 11411 5833 11412 5803 11412 5801 11412 5833 11413 5801 11413 5834 11413 5834 11414 5801 11414 5798 11414 5834 11415 5798 11415 5835 11415 5835 11416 5798 11416 5794 11416 5835 11417 5794 11417 5836 11417 5836 11418 5794 11418 5789 11418 5836 11419 5789 11419 5837 11419 5837 11420 5789 11420 5787 11420 5837 11421 5787 11421 5838 11421 5838 11422 5787 11422 5784 11422 5838 11423 5784 11423 5839 11423 5839 11424 5784 11424 5780 11424 5839 11425 5780 11425 5840 11425 5840 11426 5780 11426 5775 11426 5840 11427 5775 11427 5841 11427 5841 11428 5775 11428 5772 11428 5841 11429 5772 11429 5842 11429 5842 11430 5772 11430 5770 11430 5842 11431 5770 11431 5843 11431 5843 11432 5770 11432 5767 11432 5843 11433 5767 11433 5844 11433 5844 11434 5767 11434 5763 11434 5844 11435 5763 11435 5845 11435 5845 11436 5763 11436 5758 11436 5845 11437 5758 11437 5846 11437 5846 11438 5758 11438 5756 11438 5846 11439 5756 11439 5847 11439 5847 11440 5756 11440 5753 11440 5847 11441 5753 11441 5848 11441 5848 11442 5753 11442 5750 11442 5848 11443 5750 11443 5849 11443 5849 11444 5750 11444 5747 11444 5849 11445 5747 11445 5850 11445 5850 11446 5747 11446 5743 11446 5850 11447 5743 11447 5851 11447 5851 11448 5743 11448 5738 11448 5851 11449 5738 11449 5852 11449 5852 11450 5738 11450 5735 11450 5852 11451 5735 11451 5853 11451 5853 11452 5735 11452 5733 11452 5853 11453 5733 11453 5854 11453 5854 11454 5733 11454 5730 11454 5854 11455 5730 11455 5855 11455 5855 11456 5730 11456 5726 11456 5855 11457 5726 11457 5856 11457 5856 11458 5726 11458 5721 11458 5856 11459 5721 11459 5857 11459 5857 11460 5721 11460 5719 11460 5857 11461 5719 11461 5858 11461 5858 11462 5719 11462 5716 11462 5858 11463 5716 11463 5859 11463 5859 11464 5716 11464 5712 11464 5859 11465 5712 11465 5860 11465 5860 11466 5712 11466 5707 11466 5860 11467 5707 11467 5861 11467 5861 11468 5707 11468 5705 11468 5861 11469 5705 11469 5862 11469 5862 11470 5705 11470 5702 11470 5862 11471 5702 11471 5863 11471 5863 11472 5702 11472 5698 11472 5863 11473 5698 11473 5864 11473 5864 11474 5698 11474 5693 11474 5864 11475 5693 11475 5865 11475 5865 11476 5693 11476 5690 11476 5865 11477 5690 11477 5866 11477 5866 11478 5690 11478 5688 11478 5866 11479 5688 11479 5867 11479 5867 11480 5688 11480 5685 11480 5867 11481 5685 11481 5868 11481 5868 11482 5685 11482 5681 11482 5868 11483 5681 11483 5869 11483 5869 11484 5681 11484 5676 11484 5869 11485 5676 11485 5870 11485 5870 11486 5676 11486 5674 11486 5870 11487 5674 11487 5871 11487 5871 11488 5674 11488 5671 11488 5871 11489 5671 11489 5872 11489 5872 11490 5671 11490 5668 11490 5872 11491 5668 11491 5873 11491 5873 11492 5668 11492 5665 11492 5873 11493 5665 11493 5874 11493 5874 11494 5665 11494 5661 11494 5874 11495 5661 11495 5875 11495 5875 11496 5661 11496 5656 11496 5875 11497 5656 11497 5876 11497 5876 11498 5656 11498 5654 11498 5876 11499 5654 11499 5877 11499 5877 11500 5654 11500 5651 11500 5877 11501 5651 11501 5878 11501 5878 11502 5651 11502 5648 11502 5878 11503 5648 11503 5879 11503 5879 11504 5648 11504 5644 11504 5879 11505 5644 11505 5880 11505 5880 11506 5644 11506 5641 11506 5880 11507 5641 11507 5826 11507 5826 11508 5641 11508 5639 11508 5881 11509 5882 11509 5883 11509 5883 11510 5882 11510 5884 11510 5883 11511 5884 11511 5885 11511 5885 11512 5884 11512 5886 11512 5885 11513 5886 11513 5887 11513 5887 11514 5886 11514 5888 11514 5887 11515 5888 11515 5889 11515 5889 11516 5888 11516 5890 11516 5889 11517 5890 11517 5891 11517 5891 11518 5890 11518 5892 11518 5891 11519 5892 11519 5893 11519 5893 11520 5892 11520 5894 11520 5893 11521 5894 11521 5895 11521 5895 11522 5894 11522 5896 11522 5895 11523 5896 11523 5897 11523 5897 11524 5896 11524 5898 11524 5897 11525 5898 11525 5899 11525 5899 11526 5898 11526 5900 11526 5899 11527 5900 11527 5901 11527 5901 11528 5900 11528 5902 11528 5901 11529 5902 11529 5903 11529 5903 11530 5902 11530 5904 11530 5903 11531 5904 11531 5905 11531 5905 11532 5904 11532 5906 11532 5905 11533 5906 11533 5907 11533 5907 11534 5906 11534 5908 11534 5907 11535 5908 11535 5909 11535 5909 11536 5908 11536 5910 11536 5909 11537 5910 11537 5911 11537 5911 11538 5910 11538 5912 11538 5911 11539 5912 11539 5913 11539 5913 11540 5912 11540 5914 11540 5913 11541 5914 11541 5915 11541 5915 11542 5914 11542 5916 11542 5915 11543 5916 11543 5917 11543 5917 11544 5916 11544 5918 11544 5917 11545 5918 11545 5919 11545 5919 11546 5918 11546 5920 11546 5919 11547 5920 11547 5921 11547 5921 11548 5920 11548 5922 11548 5921 11549 5922 11549 5923 11549 5923 11550 5922 11550 5924 11550 5923 11551 5924 11551 5925 11551 5925 11552 5924 11552 5926 11552 5925 11553 5926 11553 5927 11553 5927 11554 5926 11554 5928 11554 5927 11555 5928 11555 5929 11555 5929 11556 5928 11556 5930 11556 5929 11557 5930 11557 5931 11557 5931 11558 5930 11558 5932 11558 5931 11559 5932 11559 5933 11559 5933 11560 5932 11560 5934 11560 5933 11561 5934 11561 5935 11561 5935 11562 5934 11562 5936 11562 5935 11563 5936 11563 5937 11563 5937 11564 5936 11564 5938 11564 5937 11565 5938 11565 5939 11565 5939 11566 5938 11566 5940 11566 5939 11567 5940 11567 5941 11567 5941 11568 5940 11568 5942 11568 5941 11569 5942 11569 5943 11569 5943 11570 5942 11570 5944 11570 5943 11571 5944 11571 5945 11571 5945 11572 5944 11572 5946 11572 5945 11573 5946 11573 5947 11573 5947 11574 5946 11574 5948 11574 5947 11575 5948 11575 5949 11575 5949 11576 5948 11576 5950 11576 5949 11577 5950 11577 5951 11577 5951 11578 5950 11578 5952 11578 5951 11579 5952 11579 5953 11579 5953 11580 5952 11580 5954 11580 5953 11581 5954 11581 5955 11581 5955 11582 5954 11582 5956 11582 5955 11583 5956 11583 5957 11583 5957 11584 5956 11584 5958 11584 5957 11585 5958 11585 5959 11585 5959 11586 5958 11586 5960 11586 5959 11587 5960 11587 5961 11587 5961 11588 5960 11588 5962 11588 5961 11589 5962 11589 5963 11589 5963 11590 5962 11590 5964 11590 5963 11591 5964 11591 5965 11591 5965 11592 5964 11592 5966 11592 5965 11593 5966 11593 5967 11593 5967 11594 5966 11594 5968 11594 5967 11595 5968 11595 5969 11595 5969 11596 5968 11596 5970 11596 5969 11597 5970 11597 5971 11597 5971 11598 5970 11598 5972 11598 5971 11599 5972 11599 5973 11599 5973 11600 5972 11600 5974 11600 5973 11601 5974 11601 5975 11601 5975 11602 5974 11602 5976 11602 5975 11603 5976 11603 5977 11603 5977 11604 5976 11604 5978 11604 5977 11605 5978 11605 5979 11605 5979 11606 5978 11606 5980 11606 5979 11607 5980 11607 5981 11607 5981 11608 5980 11608 5982 11608 5981 11609 5982 11609 5983 11609 5983 11610 5982 11610 5984 11610 5983 11611 5984 11611 5985 11611 5985 11612 5984 11612 5986 11612 5985 11613 5986 11613 5987 11613 5987 11614 5986 11614 5988 11614 5987 11615 5988 11615 5989 11615 5989 11616 5988 11616 5990 11616 5989 11617 5990 11617 5881 11617 5881 11618 5990 11618 5882 11618 5991 11619 5992 11619 5500 11619 5500 11620 5992 11620 5502 11620 5502 11621 5992 11621 5504 11621 5504 11622 5992 11622 5993 11622 5504 11623 5993 11623 5506 11623 5506 11624 5993 11624 5508 11624 5508 11625 5993 11625 5994 11625 5508 11626 5994 11626 5510 11626 5510 11627 5994 11627 5995 11627 5510 11628 5995 11628 5512 11628 5512 11629 5995 11629 5514 11629 5514 11630 5995 11630 5996 11630 5514 11631 5996 11631 5516 11631 5516 11632 5996 11632 5518 11632 5518 11633 5996 11633 5997 11633 5518 11634 5997 11634 5520 11634 5520 11635 5997 11635 5998 11635 5520 11636 5998 11636 5522 11636 5522 11637 5998 11637 5524 11637 5524 11638 5998 11638 5999 11638 5524 11639 5999 11639 5526 11639 5526 11640 5999 11640 5528 11640 5528 11641 5999 11641 6000 11641 5528 11642 6000 11642 5530 11642 5530 11643 6000 11643 5532 11643 5532 11644 6000 11644 6001 11644 5532 11645 6001 11645 5534 11645 5534 11646 6001 11646 6002 11646 5534 11647 6002 11647 5536 11647 5536 11648 6002 11648 5538 11648 5538 11649 6002 11649 6003 11649 5538 11650 6003 11650 5540 11650 5540 11651 6003 11651 5542 11651 5542 11652 6003 11652 6004 11652 5542 11653 6004 11653 5544 11653 5544 11654 6004 11654 6005 11654 5544 11655 6005 11655 5546 11655 5546 11656 6005 11656 5548 11656 5548 11657 6005 11657 6006 11657 5548 11658 6006 11658 5550 11658 5550 11659 6006 11659 5552 11659 5552 11660 6006 11660 6007 11660 5552 11661 6007 11661 5554 11661 5554 11662 6007 11662 6008 11662 5554 11663 6008 11663 5556 11663 6009 11664 5562 11664 6010 11664 6010 11665 5562 11665 5560 11665 6010 11666 5560 11666 6008 11666 6008 11667 5560 11667 5558 11667 6008 11668 5558 11668 5556 11668 6011 11669 5568 11669 6012 11669 6012 11670 5568 11670 5566 11670 6012 11671 5566 11671 6009 11671 6009 11672 5566 11672 5564 11672 6009 11673 5564 11673 5562 11673 6013 11674 5572 11674 6011 11674 6011 11675 5572 11675 5570 11675 6011 11676 5570 11676 5568 11676 6014 11677 5578 11677 6015 11677 6015 11678 5578 11678 5576 11678 6015 11679 5576 11679 6013 11679 6013 11680 5576 11680 5574 11680 6013 11681 5574 11681 5572 11681 6016 11682 5582 11682 6014 11682 6014 11683 5582 11683 5580 11683 6014 11684 5580 11684 5578 11684 6017 11685 5398 11685 6016 11685 6016 11686 5398 11686 5396 11686 6016 11687 5396 11687 5582 11687 6018 11688 5404 11688 6019 11688 6019 11689 5404 11689 5402 11689 6019 11690 5402 11690 6017 11690 6017 11691 5402 11691 5400 11691 6017 11692 5400 11692 5398 11692 6020 11693 5408 11693 6018 11693 6018 11694 5408 11694 5406 11694 6018 11695 5406 11695 5404 11695 6021 11696 5414 11696 6022 11696 6022 11697 5414 11697 5412 11697 6022 11698 5412 11698 6020 11698 6020 11699 5412 11699 5410 11699 6020 11700 5410 11700 5408 11700 6023 11701 5418 11701 6021 11701 6021 11702 5418 11702 5416 11702 6021 11703 5416 11703 5414 11703 6024 11704 5422 11704 6023 11704 6023 11705 5422 11705 5420 11705 6023 11706 5420 11706 5418 11706 6025 11707 5428 11707 6026 11707 6026 11708 5428 11708 5426 11708 6026 11709 5426 11709 6024 11709 6024 11710 5426 11710 5424 11710 6024 11711 5424 11711 5422 11711 6027 11712 5432 11712 6025 11712 6025 11713 5432 11713 5430 11713 6025 11714 5430 11714 5428 11714 6028 11715 5438 11715 6029 11715 6029 11716 5438 11716 5436 11716 6029 11717 5436 11717 6027 11717 6027 11718 5436 11718 5434 11718 6027 11719 5434 11719 5432 11719 6030 11720 5442 11720 6028 11720 6028 11721 5442 11721 5440 11721 6028 11722 5440 11722 5438 11722 5452 11723 5450 11723 6031 11723 6031 11724 5450 11724 5448 11724 6031 11725 5448 11725 6032 11725 6032 11726 5448 11726 5446 11726 6032 11727 5446 11727 6030 11727 6030 11728 5446 11728 5444 11728 6030 11729 5444 11729 5442 11729 5452 11730 6031 11730 5454 11730 5454 11731 6031 11731 6033 11731 5454 11732 6033 11732 5456 11732 5456 11733 6033 11733 6034 11733 5456 11734 6034 11734 5458 11734 5458 11735 6034 11735 5460 11735 5460 11736 6034 11736 6035 11736 5460 11737 6035 11737 5462 11737 5462 11738 6035 11738 6036 11738 5462 11739 6036 11739 5464 11739 5464 11740 6036 11740 5466 11740 5466 11741 6036 11741 6037 11741 5466 11742 6037 11742 5468 11742 5468 11743 6037 11743 5470 11743 5470 11744 6037 11744 6038 11744 5470 11745 6038 11745 5472 11745 5472 11746 6038 11746 6039 11746 5472 11747 6039 11747 5474 11747 6040 11748 5480 11748 6041 11748 6041 11749 5480 11749 5478 11749 6041 11750 5478 11750 6039 11750 6039 11751 5478 11751 5476 11751 6039 11752 5476 11752 5474 11752 6042 11753 5486 11753 6043 11753 6043 11754 5486 11754 5484 11754 6043 11755 5484 11755 6040 11755 6040 11756 5484 11756 5482 11756 6040 11757 5482 11757 5480 11757 6044 11758 5490 11758 6042 11758 6042 11759 5490 11759 5488 11759 6042 11760 5488 11760 5486 11760 5500 11761 5498 11761 5991 11761 5991 11762 5498 11762 5496 11762 5991 11763 5496 11763 6045 11763 6045 11764 5496 11764 5494 11764 6045 11765 5494 11765 6044 11765 6044 11766 5494 11766 5492 11766 6044 11767 5492 11767 5490 11767 5881 11768 6046 11768 5989 11768 5989 11769 6046 11769 6047 11769 5989 11770 6047 11770 5987 11770 5987 11771 6047 11771 6048 11771 5987 11772 6048 11772 5985 11772 5985 11773 6048 11773 6049 11773 5985 11774 6049 11774 5983 11774 5983 11775 6049 11775 6050 11775 5983 11776 6050 11776 5981 11776 5981 11777 6050 11777 6051 11777 5981 11778 6051 11778 5979 11778 5979 11779 6051 11779 6052 11779 5979 11780 6052 11780 5977 11780 5977 11781 6052 11781 6053 11781 5977 11782 6053 11782 5975 11782 5975 11783 6053 11783 6054 11783 5975 11784 6054 11784 5973 11784 5973 11785 6054 11785 6055 11785 5973 11786 6055 11786 5971 11786 5971 11787 6055 11787 6056 11787 5971 11788 6056 11788 5969 11788 5969 11789 6056 11789 6057 11789 5969 11790 6057 11790 5967 11790 5967 11791 6057 11791 6058 11791 5967 11792 6058 11792 5965 11792 5965 11793 6058 11793 6059 11793 5965 11794 6059 11794 5963 11794 5963 11795 6059 11795 6060 11795 5963 11796 6060 11796 5961 11796 5961 11797 6060 11797 6061 11797 5961 11798 6061 11798 5959 11798 5959 11799 6061 11799 6062 11799 5959 11800 6062 11800 5957 11800 5957 11801 6062 11801 6063 11801 5957 11802 6063 11802 5955 11802 5955 11803 6063 11803 6064 11803 5955 11804 6064 11804 5953 11804 5953 11805 6064 11805 6065 11805 5953 11806 6065 11806 5951 11806 5951 11807 6065 11807 6066 11807 5951 11808 6066 11808 5949 11808 5949 11809 6066 11809 6067 11809 5949 11810 6067 11810 5947 11810 5947 11811 6067 11811 6068 11811 5947 11812 6068 11812 5945 11812 5945 11813 6068 11813 6069 11813 5945 11814 6069 11814 5943 11814 5943 11815 6069 11815 6070 11815 5943 11816 6070 11816 5941 11816 5941 11817 6070 11817 6071 11817 5941 11818 6071 11818 5939 11818 5939 11819 6071 11819 6072 11819 5939 11820 6072 11820 5937 11820 5937 11821 6072 11821 6073 11821 5937 11822 6073 11822 5935 11822 5935 11823 6073 11823 6074 11823 5935 11824 6074 11824 5933 11824 5933 11825 6074 11825 6075 11825 5933 11826 6075 11826 5931 11826 5931 11827 6075 11827 6076 11827 5931 11828 6076 11828 5929 11828 5929 11829 6076 11829 6077 11829 5929 11830 6077 11830 5927 11830 5927 11831 6077 11831 6078 11831 5927 11832 6078 11832 5925 11832 5925 11833 6078 11833 6079 11833 5925 11834 6079 11834 5923 11834 5923 11835 6079 11835 6080 11835 5923 11836 6080 11836 5921 11836 5921 11837 6080 11837 6081 11837 5921 11838 6081 11838 5919 11838 5919 11839 6081 11839 6082 11839 5919 11840 6082 11840 5917 11840 5917 11841 6082 11841 6083 11841 5917 11842 6083 11842 5915 11842 5915 11843 6083 11843 6084 11843 5915 11844 6084 11844 5913 11844 5913 11845 6084 11845 6085 11845 5913 11846 6085 11846 5911 11846 5911 11847 6085 11847 6086 11847 5911 11848 6086 11848 5909 11848 5909 11849 6086 11849 6087 11849 5909 11850 6087 11850 5907 11850 5907 11851 6087 11851 6088 11851 5907 11852 6088 11852 5905 11852 5905 11853 6088 11853 6089 11853 5905 11854 6089 11854 5903 11854 5903 11855 6089 11855 6090 11855 5903 11856 6090 11856 5901 11856 5901 11857 6090 11857 6091 11857 5901 11858 6091 11858 5899 11858 5899 11859 6091 11859 6092 11859 5899 11860 6092 11860 5897 11860 5897 11861 6092 11861 6093 11861 5897 11862 6093 11862 5895 11862 5895 11863 6093 11863 6094 11863 5895 11864 6094 11864 5893 11864 5893 11865 6094 11865 6095 11865 5893 11866 6095 11866 5891 11866 5891 11867 6095 11867 6096 11867 5891 11868 6096 11868 5889 11868 5889 11869 6096 11869 6097 11869 5889 11870 6097 11870 5887 11870 5887 11871 6097 11871 6098 11871 5887 11872 6098 11872 5885 11872 5885 11873 6098 11873 6099 11873 5885 11874 6099 11874 5883 11874 5883 11875 6099 11875 6100 11875 5883 11876 6100 11876 5881 11876 5881 11877 6100 11877 6046 11877 6046 11878 6044 11878 6047 11878 6047 11879 6044 11879 6042 11879 6047 11880 6042 11880 6048 11880 6048 11881 6042 11881 6043 11881 6048 11882 6043 11882 6049 11882 6049 11883 6043 11883 6040 11883 6049 11884 6040 11884 6050 11884 6050 11885 6040 11885 6041 11885 6050 11886 6041 11886 6051 11886 6051 11887 6041 11887 6039 11887 6051 11888 6039 11888 6052 11888 6052 11889 6039 11889 6038 11889 6052 11890 6038 11890 6053 11890 6053 11891 6038 11891 6037 11891 6053 11892 6037 11892 6054 11892 6054 11893 6037 11893 6036 11893 6054 11894 6036 11894 6055 11894 6055 11895 6036 11895 6035 11895 6055 11896 6035 11896 6056 11896 6056 11897 6035 11897 6034 11897 6056 11898 6034 11898 6057 11898 6057 11899 6034 11899 6033 11899 6057 11900 6033 11900 6058 11900 6058 11901 6033 11901 6031 11901 6058 11902 6031 11902 6059 11902 6059 11903 6031 11903 6032 11903 6059 11904 6032 11904 6060 11904 6060 11905 6032 11905 6030 11905 6060 11906 6030 11906 6061 11906 6061 11907 6030 11907 6028 11907 6061 11908 6028 11908 6062 11908 6062 11909 6028 11909 6029 11909 6062 11910 6029 11910 6063 11910 6063 11911 6029 11911 6027 11911 6063 11912 6027 11912 6064 11912 6064 11913 6027 11913 6025 11913 6064 11914 6025 11914 6065 11914 6065 11915 6025 11915 6026 11915 6065 11916 6026 11916 6066 11916 6066 11917 6026 11917 6024 11917 6066 11918 6024 11918 6067 11918 6067 11919 6024 11919 6023 11919 6067 11920 6023 11920 6068 11920 6068 11921 6023 11921 6021 11921 6068 11922 6021 11922 6069 11922 6069 11923 6021 11923 6022 11923 6069 11924 6022 11924 6070 11924 6070 11925 6022 11925 6020 11925 6070 11926 6020 11926 6071 11926 6071 11927 6020 11927 6018 11927 6071 11928 6018 11928 6072 11928 6072 11929 6018 11929 6019 11929 6072 11930 6019 11930 6073 11930 6073 11931 6019 11931 6017 11931 6073 11932 6017 11932 6074 11932 6074 11933 6017 11933 6016 11933 6074 11934 6016 11934 6075 11934 6075 11935 6016 11935 6014 11935 6075 11936 6014 11936 6076 11936 6076 11937 6014 11937 6015 11937 6076 11938 6015 11938 6077 11938 6077 11939 6015 11939 6013 11939 6077 11940 6013 11940 6078 11940 6078 11941 6013 11941 6011 11941 6078 11942 6011 11942 6079 11942 6079 11943 6011 11943 6012 11943 6079 11944 6012 11944 6080 11944 6080 11945 6012 11945 6009 11945 6080 11946 6009 11946 6081 11946 6081 11947 6009 11947 6010 11947 6081 11948 6010 11948 6082 11948 6082 11949 6010 11949 6008 11949 6082 11950 6008 11950 6083 11950 6083 11951 6008 11951 6007 11951 6083 11952 6007 11952 6084 11952 6084 11953 6007 11953 6006 11953 6084 11954 6006 11954 6085 11954 6085 11955 6006 11955 6005 11955 6085 11956 6005 11956 6086 11956 6086 11957 6005 11957 6004 11957 6086 11958 6004 11958 6087 11958 6087 11959 6004 11959 6003 11959 6087 11960 6003 11960 6088 11960 6088 11961 6003 11961 6002 11961 6088 11962 6002 11962 6089 11962 6089 11963 6002 11963 6001 11963 6089 11964 6001 11964 6090 11964 6090 11965 6001 11965 6000 11965 6090 11966 6000 11966 6091 11966 6091 11967 6000 11967 5999 11967 6091 11968 5999 11968 6092 11968 6092 11969 5999 11969 5998 11969 6092 11970 5998 11970 6093 11970 6093 11971 5998 11971 5997 11971 6093 11972 5997 11972 6094 11972 6094 11973 5997 11973 5996 11973 6094 11974 5996 11974 6095 11974 6095 11975 5996 11975 5995 11975 6095 11976 5995 11976 6096 11976 6096 11977 5995 11977 5994 11977 6096 11978 5994 11978 6097 11978 6097 11979 5994 11979 5993 11979 6097 11980 5993 11980 6098 11980 6098 11981 5993 11981 5992 11981 6098 11982 5992 11982 6099 11982 6099 11983 5992 11983 5991 11983 6099 11984 5991 11984 6100 11984 6100 11985 5991 11985 6045 11985 6100 11986 6045 11986 6046 11986 6046 11987 6045 11987 6044 11987 5700 11988 5699 11988 6101 11988 5822 11989 5821 11989 6102 11989 5793 11990 5792 11990 6103 11990 5816 11991 5817 11991 6104 11991 5652 11992 5653 11992 6105 11992 5785 11993 5786 11993 6106 11993 5670 11994 6107 11994 5669 11994 5669 11995 6107 11995 6108 11995 5669 11996 6108 11996 5667 11996 5823 11997 6109 11997 5824 11997 5824 11998 6109 11998 6102 11998 5824 11999 6102 11999 5825 11999 5825 12000 6102 12000 5821 12000 6104 12001 5817 12001 6102 12001 6102 12002 5817 12002 5819 12002 6102 12003 5819 12003 5822 12003 6110 12004 5813 12004 5812 12004 6111 12005 5802 12005 5805 12005 5715 12006 6112 12006 5710 12006 5710 12007 6112 12007 6113 12007 5714 12008 5713 12008 6113 12008 6113 12009 5713 12009 5711 12009 6113 12010 5711 12010 5710 12010 5699 12011 5697 12011 6101 12011 6101 12012 5697 12012 5696 12012 6101 12013 5696 12013 6114 12013 6114 12014 5696 12014 5701 12014 5700 12015 6101 12015 5694 12015 5694 12016 6101 12016 6115 12016 5694 12017 6115 12017 5695 12017 5660 12018 5659 12018 6116 12018 6116 12019 5659 12019 5664 12019 6116 12020 5664 12020 6108 12020 6108 12021 5664 12021 5666 12021 6108 12022 5666 12022 5667 12022 5660 12023 6116 12023 5662 12023 5662 12024 6116 12024 6117 12024 5662 12025 6117 12025 5663 12025 5813 12026 6110 12026 5807 12026 5807 12027 6110 12027 6118 12027 5807 12028 6118 12028 5808 12028 5793 12029 6103 12029 5795 12029 5795 12030 6103 12030 6119 12030 5795 12031 6119 12031 5796 12031 5771 12032 5774 12032 6120 12032 5714 12033 6113 12033 5708 12033 5708 12034 6113 12034 6121 12034 5708 12035 6121 12035 5709 12035 5701 12036 5703 12036 6114 12036 6114 12037 5703 12037 5704 12037 6114 12038 5704 12038 6121 12038 6121 12039 5704 12039 5706 12039 6121 12040 5706 12040 5709 12040 5680 12041 5679 12041 6122 12041 6122 12042 5679 12042 5684 12042 6122 12043 5684 12043 6123 12043 6123 12044 5684 12044 5686 12044 6123 12045 5686 12045 5687 12045 5670 12046 5672 12046 6107 12046 6107 12047 5672 12047 5673 12047 6107 12048 5673 12048 6124 12048 6124 12049 5673 12049 5675 12049 6124 12050 5675 12050 5678 12050 5812 12051 5810 12051 6110 12051 6110 12052 5810 12052 5809 12052 6110 12053 5809 12053 6104 12053 6104 12054 5809 12054 5814 12054 6104 12055 5814 12055 5816 12055 6111 12056 5805 12056 6118 12056 6118 12057 5805 12057 5804 12057 6118 12058 5804 12058 5808 12058 5792 12059 5797 12059 6103 12059 6103 12060 5797 12060 5799 12060 6103 12061 5799 12061 6111 12061 6111 12062 5799 12062 5800 12062 6111 12063 5800 12063 5802 12063 5777 12064 5776 12064 6125 12064 5759 12065 6126 12065 5760 12065 5760 12066 6126 12066 6127 12066 5760 12067 6127 12067 5757 12067 5745 12068 5744 12068 6128 12068 5687 12069 5689 12069 6123 12069 6123 12070 5689 12070 5692 12070 6123 12071 5692 12071 6115 12071 6115 12072 5692 12072 5691 12072 6115 12073 5691 12073 5695 12073 5678 12074 5677 12074 6124 12074 6124 12075 5677 12075 5683 12075 6124 12076 5683 12076 6122 12076 6122 12077 5683 12077 5682 12077 6122 12078 5682 12078 5680 12078 5653 12079 5655 12079 6105 12079 6105 12080 5655 12080 5658 12080 6105 12081 5658 12081 6117 12081 6117 12082 5658 12082 5657 12082 6117 12083 5657 12083 5663 12083 5652 12084 6105 12084 5650 12084 5650 12085 6105 12085 6129 12085 5650 12086 6129 12086 5649 12086 5823 12087 5638 12087 6109 12087 6109 12088 5638 12088 5640 12088 6109 12089 5640 12089 6130 12089 6130 12090 5640 12090 5646 12090 6130 12091 5646 12091 5645 12091 5786 12092 5788 12092 6106 12092 6106 12093 5788 12093 5791 12093 6106 12094 5791 12094 6119 12094 6119 12095 5791 12095 5790 12095 6119 12096 5790 12096 5796 12096 5785 12097 6106 12097 5783 12097 5783 12098 6106 12098 6131 12098 5783 12099 6131 12099 5778 12099 5645 12100 5643 12100 6130 12100 6130 12101 5643 12101 5642 12101 6130 12102 5642 12102 6129 12102 6129 12103 5642 12103 5647 12103 6129 12104 5647 12104 5649 12104 5776 12105 5782 12105 6125 12105 6125 12106 5782 12106 5781 12106 6125 12107 5781 12107 6131 12107 6131 12108 5781 12108 5779 12108 6131 12109 5779 12109 5778 12109 5759 12110 5765 12110 6126 12110 6126 12111 5765 12111 5764 12111 6126 12112 5764 12112 6132 12112 6132 12113 5764 12113 5762 12113 6132 12114 5762 12114 5761 12114 5751 12115 6133 12115 5749 12115 5749 12116 6133 12116 6134 12116 5749 12117 6134 12117 5748 12117 5744 12118 5742 12118 6128 12118 6128 12119 5742 12119 5741 12119 6128 12120 5741 12120 6134 12120 6134 12121 5741 12121 5746 12121 6134 12122 5746 12122 5748 12122 6120 12123 5774 12123 6125 12123 6125 12124 5774 12124 5773 12124 6125 12125 5773 12125 5777 12125 5751 12126 5752 12126 6133 12126 6133 12127 5752 12127 5754 12127 6133 12128 5754 12128 6127 12128 6127 12129 5754 12129 5755 12129 6127 12130 5755 12130 5757 12130 5745 12131 6128 12131 5739 12131 5739 12132 6128 12132 6135 12132 5739 12133 6135 12133 5740 12133 5725 12134 5724 12134 6136 12134 6136 12135 5724 12135 5729 12135 6136 12136 5729 12136 2346 12136 2346 12137 5729 12137 5731 12137 2346 12138 5731 12138 5732 12138 5761 12139 5766 12139 6132 12139 6132 12140 5766 12140 5768 12140 6132 12141 5768 12141 6120 12141 6120 12142 5768 12142 5769 12142 6120 12143 5769 12143 5771 12143 5732 12144 5734 12144 2346 12144 2346 12145 5734 12145 5737 12145 2346 12146 5737 12146 6135 12146 6135 12147 5737 12147 5736 12147 6135 12148 5736 12148 5740 12148 5715 12149 5717 12149 6112 12149 6112 12150 5717 12150 5718 12150 6112 12151 5718 12151 6137 12151 6137 12152 5718 12152 5720 12152 6137 12153 5720 12153 5723 12153 5723 12154 5722 12154 6137 12154 6137 12155 5722 12155 5728 12155 6137 12156 5728 12156 6136 12156 6136 12157 5728 12157 5727 12157 6136 12158 5727 12158 5725 12158 6138 12159 5940 12159 6139 12159 6139 12160 5940 12160 5938 12160 6139 12161 5938 12161 6140 12161 6141 12162 5914 12162 6142 12162 6142 12163 5914 12163 5912 12163 6142 12164 5912 12164 6143 12164 6144 12165 5928 12165 6145 12165 6145 12166 5928 12166 5926 12166 6145 12167 5926 12167 6146 12167 5938 12168 5936 12168 6140 12168 6140 12169 5936 12169 5934 12169 6140 12170 5934 12170 6147 12170 6147 12171 5934 12171 5932 12171 6147 12172 5932 12172 6144 12172 6144 12173 5932 12173 5930 12173 6144 12174 5930 12174 5928 12174 6148 12175 5946 12175 6149 12175 6149 12176 5946 12176 5944 12176 6149 12177 5944 12177 6138 12177 6138 12178 5944 12178 5942 12178 6138 12179 5942 12179 5940 12179 6150 12180 5986 12180 6151 12180 6151 12181 5986 12181 5984 12181 6151 12182 5984 12182 6152 12182 6153 12183 5902 12183 6154 12183 6154 12184 5902 12184 5900 12184 6154 12185 5900 12185 6155 12185 5912 12186 5910 12186 6143 12186 6143 12187 5910 12187 5908 12187 6143 12188 5908 12188 6156 12188 6156 12189 5908 12189 5906 12189 6156 12190 5906 12190 6153 12190 6153 12191 5906 12191 5904 12191 6153 12192 5904 12192 5902 12192 5926 12193 5924 12193 6146 12193 6146 12194 5924 12194 5922 12194 6146 12195 5922 12195 6157 12195 6157 12196 5922 12196 5920 12196 6157 12197 5920 12197 6158 12197 6158 12198 5920 12198 5918 12198 6158 12199 5918 12199 6141 12199 6141 12200 5918 12200 5916 12200 6141 12201 5916 12201 5914 12201 6159 12202 5954 12202 6160 12202 6160 12203 5954 12203 5952 12203 6160 12204 5952 12204 6161 12204 6161 12205 5952 12205 5950 12205 6161 12206 5950 12206 6148 12206 6148 12207 5950 12207 5948 12207 6148 12208 5948 12208 5946 12208 5984 12209 5982 12209 6152 12209 6152 12210 5982 12210 5980 12210 6152 12211 5980 12211 6162 12211 6162 12212 5980 12212 5978 12212 6162 12213 5978 12213 6163 12213 6163 12214 5978 12214 5976 12214 6163 12215 5976 12215 6164 12215 6165 12216 5888 12216 6166 12216 6166 12217 5888 12217 5886 12217 6166 12218 5886 12218 6167 12218 5886 12219 5884 12219 6167 12219 6167 12220 5884 12220 5882 12220 6167 12221 5882 12221 2477 12221 2477 12222 5882 12222 5990 12222 2477 12223 5990 12223 6150 12223 6150 12224 5990 12224 5988 12224 6150 12225 5988 12225 5986 12225 5900 12226 5898 12226 6155 12226 6155 12227 5898 12227 5896 12227 6155 12228 5896 12228 6168 12228 6168 12229 5896 12229 5894 12229 6168 12230 5894 12230 6169 12230 6169 12231 5894 12231 5892 12231 6169 12232 5892 12232 6165 12232 6165 12233 5892 12233 5890 12233 6165 12234 5890 12234 5888 12234 6170 12235 5960 12235 6171 12235 6171 12236 5960 12236 5958 12236 6171 12237 5958 12237 6159 12237 6159 12238 5958 12238 5956 12238 6159 12239 5956 12239 5954 12239 6172 12240 5966 12240 6173 12240 6173 12241 5966 12241 5964 12241 6173 12242 5964 12242 6170 12242 6170 12243 5964 12243 5962 12243 6170 12244 5962 12244 5960 12244 5976 12245 5974 12245 6164 12245 6164 12246 5974 12246 5972 12246 6164 12247 5972 12247 6174 12247 6174 12248 5972 12248 5970 12248 6174 12249 5970 12249 6172 12249 6172 12250 5970 12250 5968 12250 6172 12251 5968 12251 5966 12251 2346 12252 6140 12252 6136 12252 6136 12253 6140 12253 6147 12253 6136 12254 6147 12254 6137 12254 6137 12255 6147 12255 6144 12255 6137 12256 6144 12256 6112 12256 6112 12257 6144 12257 6145 12257 6112 12258 6145 12258 6113 12258 6113 12259 6145 12259 6146 12259 6113 12260 6146 12260 6121 12260 6121 12261 6146 12261 6157 12261 6121 12262 6157 12262 6114 12262 6114 12263 6157 12263 6158 12263 6114 12264 6158 12264 6101 12264 6101 12265 6158 12265 6141 12265 6101 12266 6141 12266 6115 12266 6115 12267 6141 12267 6142 12267 6115 12268 6142 12268 6123 12268 6123 12269 6142 12269 6143 12269 6123 12270 6143 12270 6122 12270 6122 12271 6143 12271 6156 12271 6122 12272 6156 12272 6124 12272 6124 12273 6156 12273 6153 12273 6124 12274 6153 12274 6107 12274 6107 12275 6153 12275 6154 12275 6107 12276 6154 12276 6108 12276 6108 12277 6154 12277 6155 12277 6108 12278 6155 12278 6116 12278 6116 12279 6155 12279 6168 12279 6116 12280 6168 12280 6117 12280 6117 12281 6168 12281 6169 12281 6117 12282 6169 12282 6105 12282 6105 12283 6169 12283 6165 12283 6105 12284 6165 12284 6129 12284 6129 12285 6165 12285 6166 12285 6129 12286 6166 12286 6130 12286 6130 12287 6166 12287 6167 12287 6130 12288 6167 12288 6109 12288 6109 12289 6167 12289 2477 12289 6109 12290 2477 12290 6102 12290 6102 12291 2477 12291 6150 12291 6102 12292 6150 12292 6104 12292 6104 12293 6150 12293 6151 12293 6104 12294 6151 12294 6110 12294 6110 12295 6151 12295 6152 12295 6110 12296 6152 12296 6118 12296 6118 12297 6152 12297 6162 12297 6118 12298 6162 12298 6111 12298 6111 12299 6162 12299 6163 12299 6111 12300 6163 12300 6103 12300 6103 12301 6163 12301 6164 12301 6103 12302 6164 12302 6119 12302 6119 12303 6164 12303 6174 12303 6119 12304 6174 12304 6106 12304 6106 12305 6174 12305 6172 12305 6106 12306 6172 12306 6131 12306 6131 12307 6172 12307 6173 12307 6131 12308 6173 12308 6125 12308 6125 12309 6173 12309 6170 12309 6125 12310 6170 12310 6120 12310 6120 12311 6170 12311 6171 12311 6120 12312 6171 12312 6132 12312 6132 12313 6171 12313 6159 12313 6132 12314 6159 12314 6126 12314 6126 12315 6159 12315 6160 12315 6126 12316 6160 12316 6127 12316 6127 12317 6160 12317 6161 12317 6127 12318 6161 12318 6133 12318 6133 12319 6161 12319 6148 12319 6133 12320 6148 12320 6134 12320 6134 12321 6148 12321 6149 12321 6134 12322 6149 12322 6128 12322 6128 12323 6149 12323 6138 12323 6128 12324 6138 12324 6135 12324 6135 12325 6138 12325 6139 12325 6135 12326 6139 12326 2346 12326 2346 12327 6139 12327 6140 12327 6175 12328 6176 12328 6177 12328 6177 12329 6176 12329 6178 12329 6177 12330 6178 12330 6179 12330 6179 12331 6178 12331 6180 12331 6179 12332 6180 12332 6181 12332 6181 12333 6180 12333 6182 12333 6181 12334 6182 12334 6183 12334 6183 12335 6182 12335 6184 12335 6183 12336 6184 12336 6185 12336 6185 12337 6184 12337 6186 12337 6185 12338 6186 12338 6187 12338 6187 12339 6186 12339 6188 12339 6187 12340 6188 12340 6189 12340 6189 12341 6188 12341 6190 12341 6189 12342 6190 12342 6191 12342 6191 12343 6190 12343 6192 12343 6191 12344 6192 12344 6193 12344 6193 12345 6192 12345 6194 12345 6193 12346 6194 12346 6195 12346 6195 12347 6194 12347 6196 12347 6195 12348 6196 12348 6197 12348 6197 12349 6196 12349 6198 12349 6197 12350 6198 12350 6199 12350 6199 12351 6198 12351 6200 12351 6199 12352 6200 12352 6201 12352 6201 12353 6200 12353 6202 12353 6201 12354 6202 12354 6203 12354 6203 12355 6202 12355 6204 12355 6203 12356 6204 12356 6205 12356 6205 12357 6204 12357 6206 12357 6205 12358 6206 12358 6207 12358 6207 12359 6206 12359 6208 12359 6207 12360 6208 12360 6209 12360 6209 12361 6208 12361 6210 12361 6209 12362 6210 12362 6211 12362 6211 12363 6210 12363 6212 12363 6211 12364 6212 12364 6213 12364 6212 12365 6214 12365 6213 12365 6213 12366 6214 12366 6215 12366 6213 12367 6215 12367 6216 12367 6216 12368 6215 12368 6217 12368 6216 12369 6217 12369 6218 12369 6218 12370 6217 12370 6219 12370 6218 12371 6219 12371 6220 12371 6220 12372 6219 12372 6221 12372 6220 12373 6221 12373 6222 12373 6222 12374 6221 12374 6223 12374 6222 12375 6223 12375 6224 12375 6224 12376 6223 12376 6225 12376 6224 12377 6225 12377 6226 12377 6226 12378 6225 12378 6227 12378 6226 12379 6227 12379 6228 12379 6228 12380 6227 12380 6229 12380 6228 12381 6229 12381 6230 12381 6230 12382 6229 12382 6231 12382 6230 12383 6231 12383 6232 12383 6232 12384 6231 12384 6233 12384 6232 12385 6233 12385 6234 12385 6234 12386 6233 12386 6235 12386 6234 12387 6235 12387 6236 12387 6236 12388 6235 12388 6237 12388 6236 12389 6237 12389 6238 12389 6238 12390 6237 12390 6239 12390 6238 12391 6239 12391 6240 12391 6240 12392 6239 12392 6241 12392 6240 12393 6241 12393 6242 12393 6242 12394 6241 12394 6243 12394 6242 12395 6243 12395 6244 12395 6244 12396 6243 12396 6245 12396 6244 12397 6245 12397 6246 12397 6246 12398 6245 12398 6247 12398 6246 12399 6247 12399 6248 12399 6248 12400 6247 12400 6249 12400 6248 12401 6249 12401 6175 12401 6175 12402 6249 12402 6250 12402 6175 12403 6250 12403 6176 12403 6251 12404 6252 12404 6235 12404 6235 12405 6252 12405 6253 12405 6235 12406 6253 12406 6237 12406 6237 12407 6253 12407 6254 12407 6237 12408 6254 12408 6239 12408 6239 12409 6254 12409 6255 12409 6239 12410 6255 12410 6241 12410 6241 12411 6255 12411 6256 12411 6241 12412 6256 12412 6243 12412 6243 12413 6256 12413 6257 12413 6243 12414 6257 12414 6245 12414 6245 12415 6257 12415 6258 12415 6245 12416 6258 12416 6247 12416 6247 12417 6258 12417 6259 12417 6247 12418 6259 12418 6249 12418 6249 12419 6259 12419 6260 12419 6249 12420 6260 12420 6250 12420 6250 12421 6260 12421 6261 12421 6250 12422 6261 12422 6176 12422 6176 12423 6261 12423 6262 12423 6176 12424 6262 12424 6178 12424 6178 12425 6262 12425 6263 12425 6178 12426 6263 12426 6180 12426 6180 12427 6263 12427 6264 12427 6180 12428 6264 12428 6182 12428 6182 12429 6264 12429 6265 12429 6182 12430 6265 12430 6184 12430 6184 12431 6265 12431 6266 12431 6184 12432 6266 12432 6186 12432 6186 12433 6266 12433 6267 12433 6186 12434 6267 12434 6188 12434 6188 12435 6267 12435 6268 12435 6188 12436 6268 12436 6190 12436 6190 12437 6268 12437 6269 12437 6190 12438 6269 12438 6192 12438 6192 12439 6269 12439 6270 12439 6192 12440 6270 12440 6194 12440 6194 12441 6270 12441 6271 12441 6194 12442 6271 12442 6196 12442 6196 12443 6271 12443 6272 12443 6196 12444 6272 12444 6198 12444 6198 12445 6272 12445 6273 12445 6198 12446 6273 12446 6200 12446 6200 12447 6273 12447 6274 12447 6200 12448 6274 12448 6202 12448 6202 12449 6274 12449 6275 12449 6202 12450 6275 12450 6204 12450 6204 12451 6275 12451 6276 12451 6204 12452 6276 12452 6206 12452 6206 12453 6276 12453 6277 12453 6206 12454 6277 12454 6208 12454 6208 12455 6277 12455 6278 12455 6208 12456 6278 12456 6210 12456 6210 12457 6278 12457 6279 12457 6210 12458 6279 12458 6212 12458 6212 12459 6279 12459 6280 12459 6212 12460 6280 12460 6214 12460 6214 12461 6280 12461 6281 12461 6214 12462 6281 12462 6215 12462 6215 12463 6281 12463 6282 12463 6215 12464 6282 12464 6217 12464 6217 12465 6282 12465 6283 12465 6217 12466 6283 12466 6219 12466 6219 12467 6283 12467 6284 12467 6219 12468 6284 12468 6221 12468 6221 12469 6284 12469 6285 12469 6221 12470 6285 12470 6223 12470 6223 12471 6285 12471 6286 12471 6223 12472 6286 12472 6225 12472 6225 12473 6286 12473 6287 12473 6225 12474 6287 12474 6227 12474 6227 12475 6287 12475 6288 12475 6227 12476 6288 12476 6229 12476 6229 12477 6288 12477 6289 12477 6229 12478 6289 12478 6231 12478 6231 12479 6289 12479 6290 12479 6231 12480 6290 12480 6251 12480 6251 12481 6290 12481 6252 12481 6291 12482 6292 12482 6293 12482 6293 12483 6292 12483 6234 12483 6293 12484 6234 12484 6294 12484 6294 12485 6234 12485 6236 12485 6294 12486 6236 12486 6295 12486 6295 12487 6236 12487 6238 12487 6295 12488 6238 12488 6296 12488 6296 12489 6238 12489 6240 12489 6296 12490 6240 12490 6297 12490 6297 12491 6240 12491 6242 12491 6297 12492 6242 12492 6298 12492 6298 12493 6242 12493 6244 12493 6298 12494 6244 12494 6299 12494 6299 12495 6244 12495 6246 12495 6299 12496 6246 12496 6300 12496 6300 12497 6246 12497 6248 12497 6300 12498 6248 12498 6301 12498 6301 12499 6248 12499 6175 12499 6301 12500 6175 12500 6302 12500 6302 12501 6175 12501 6177 12501 6302 12502 6177 12502 6303 12502 6303 12503 6177 12503 6179 12503 6303 12504 6179 12504 6304 12504 6304 12505 6179 12505 6181 12505 6304 12506 6181 12506 6305 12506 6305 12507 6181 12507 6183 12507 6305 12508 6183 12508 6306 12508 6306 12509 6183 12509 6185 12509 6306 12510 6185 12510 6307 12510 6307 12511 6185 12511 6187 12511 6307 12512 6187 12512 6308 12512 6308 12513 6187 12513 6189 12513 6308 12514 6189 12514 6309 12514 6309 12515 6189 12515 6191 12515 6309 12516 6191 12516 6310 12516 6310 12517 6191 12517 6193 12517 6310 12518 6193 12518 6311 12518 6311 12519 6193 12519 6195 12519 6311 12520 6195 12520 6312 12520 6312 12521 6195 12521 6197 12521 6312 12522 6197 12522 6313 12522 6313 12523 6197 12523 6199 12523 6313 12524 6199 12524 6314 12524 6314 12525 6199 12525 6201 12525 6314 12526 6201 12526 6315 12526 6315 12527 6201 12527 6203 12527 6315 12528 6203 12528 6316 12528 6316 12529 6203 12529 6205 12529 6316 12530 6205 12530 6317 12530 6317 12531 6205 12531 6207 12531 6317 12532 6207 12532 6318 12532 6318 12533 6207 12533 6209 12533 6318 12534 6209 12534 6319 12534 6319 12535 6209 12535 6211 12535 6319 12536 6211 12536 6320 12536 6320 12537 6211 12537 6213 12537 6320 12538 6213 12538 6321 12538 6321 12539 6213 12539 6216 12539 6321 12540 6216 12540 6322 12540 6322 12541 6216 12541 6218 12541 6322 12542 6218 12542 6323 12542 6323 12543 6218 12543 6220 12543 6323 12544 6220 12544 6324 12544 6324 12545 6220 12545 6222 12545 6324 12546 6222 12546 6325 12546 6325 12547 6222 12547 6224 12547 6325 12548 6224 12548 6326 12548 6326 12549 6224 12549 6226 12549 6326 12550 6226 12550 6327 12550 6327 12551 6226 12551 6228 12551 6327 12552 6228 12552 6328 12552 6328 12553 6228 12553 6230 12553 6328 12554 6230 12554 6291 12554 6291 12555 6230 12555 6292 12555 6301 12556 6260 12556 6300 12556 6300 12557 6260 12557 6259 12557 6300 12558 6259 12558 6299 12558 6299 12559 6259 12559 6258 12559 6299 12560 6258 12560 6298 12560 6298 12561 6258 12561 6257 12561 6298 12562 6257 12562 6297 12562 6297 12563 6257 12563 6256 12563 6297 12564 6256 12564 6296 12564 6296 12565 6256 12565 6255 12565 6296 12566 6255 12566 6295 12566 6295 12567 6255 12567 6254 12567 6295 12568 6254 12568 6294 12568 6294 12569 6254 12569 6253 12569 6294 12570 6253 12570 6293 12570 6293 12571 6253 12571 6252 12571 6293 12572 6252 12572 6291 12572 6291 12573 6252 12573 6290 12573 6291 12574 6290 12574 6328 12574 6328 12575 6290 12575 6289 12575 6328 12576 6289 12576 6327 12576 6327 12577 6289 12577 6288 12577 6327 12578 6288 12578 6326 12578 6326 12579 6288 12579 6287 12579 6326 12580 6287 12580 6325 12580 6325 12581 6287 12581 6286 12581 6325 12582 6286 12582 6324 12582 6324 12583 6286 12583 6285 12583 6324 12584 6285 12584 6323 12584 6323 12585 6285 12585 6284 12585 6323 12586 6284 12586 6322 12586 6322 12587 6284 12587 6283 12587 6322 12588 6283 12588 6321 12588 6321 12589 6283 12589 6282 12589 6321 12590 6282 12590 6320 12590 6282 12591 6281 12591 6320 12591 6320 12592 6281 12592 6280 12592 6320 12593 6280 12593 6319 12593 6319 12594 6280 12594 6279 12594 6319 12595 6279 12595 6318 12595 6318 12596 6279 12596 6278 12596 6318 12597 6278 12597 6317 12597 6317 12598 6278 12598 6277 12598 6317 12599 6277 12599 6316 12599 6316 12600 6277 12600 6276 12600 6316 12601 6276 12601 6315 12601 6315 12602 6276 12602 6275 12602 6315 12603 6275 12603 6314 12603 6314 12604 6275 12604 6274 12604 6314 12605 6274 12605 6313 12605 6313 12606 6274 12606 6273 12606 6313 12607 6273 12607 6312 12607 6312 12608 6273 12608 6272 12608 6312 12609 6272 12609 6311 12609 6311 12610 6272 12610 6271 12610 6311 12611 6271 12611 6310 12611 6310 12612 6271 12612 6270 12612 6310 12613 6270 12613 6309 12613 6309 12614 6270 12614 6269 12614 6309 12615 6269 12615 6308 12615 6308 12616 6269 12616 6268 12616 6308 12617 6268 12617 6307 12617 6307 12618 6268 12618 6267 12618 6307 12619 6267 12619 6306 12619 6306 12620 6267 12620 6266 12620 6306 12621 6266 12621 6305 12621 6305 12622 6266 12622 6265 12622 6305 12623 6265 12623 6304 12623 6304 12624 6265 12624 6264 12624 6304 12625 6264 12625 6303 12625 6303 12626 6264 12626 6263 12626 6303 12627 6263 12627 6302 12627 6302 12628 6263 12628 6262 12628 6302 12629 6262 12629 6301 12629 6301 12630 6262 12630 6261 12630 6301 12631 6261 12631 6260 12631 6329 12632 6330 12632 6331 12632 6329 12633 6331 12633 6332 12633 6332 12634 6331 12634 6333 12634 6332 12635 6333 12635 6334 12635 6334 12636 6333 12636 6335 12636 6334 12637 6335 12637 6336 12637 6337 12638 6338 12638 6339 12638 6337 12639 6339 12639 6340 12639 6340 12640 6339 12640 6341 12640 6340 12641 6341 12641 6342 12641 6343 12642 6344 12642 6345 12642 6343 12643 6345 12643 6346 12643 6346 12644 6345 12644 6347 12644 6346 12645 6347 12645 6348 12645 6349 12646 6350 12646 6351 12646 6349 12647 6351 12647 6352 12647 6352 12648 6351 12648 6353 12648 6352 12649 6353 12649 6354 12649 6355 12650 6356 12650 6357 12650 6355 12651 6357 12651 6358 12651 6358 12652 6357 12652 6359 12652 6358 12653 6359 12653 6360 12653 6360 12654 6359 12654 6361 12654 6360 12655 6361 12655 6362 12655 6363 12656 6364 12656 6365 12656 6363 12657 6365 12657 6366 12657 6366 12658 6365 12658 6367 12658 6366 12659 6367 12659 6368 12659 6330 12660 6329 12660 6361 12660 6361 12661 6329 12661 6362 12661 6338 12662 6337 12662 6335 12662 6335 12663 6337 12663 6336 12663 6344 12664 6343 12664 6341 12664 6341 12665 6343 12665 6342 12665 6350 12666 6349 12666 6347 12666 6347 12667 6349 12667 6348 12667 6354 12668 6353 12668 6363 12668 6363 12669 6353 12669 6364 12669 6356 12670 6355 12670 6367 12670 6367 12671 6355 12671 6368 12671 6336 12672 6369 12672 6370 12672 6371 12673 6372 12673 6329 12673 6342 12674 6343 12674 6373 12674 6373 12675 6374 12675 6342 12675 6342 12676 6374 12676 6375 12676 6342 12677 6375 12677 6340 12677 6340 12678 6375 12678 6376 12678 6340 12679 6376 12679 6337 12679 6376 12680 6377 12680 6337 12680 6337 12681 6377 12681 6378 12681 6337 12682 6378 12682 6336 12682 6336 12683 6378 12683 6379 12683 6336 12684 6379 12684 6369 12684 6329 12685 6372 12685 6362 12685 6380 12686 6381 12686 6368 12686 6354 12687 6363 12687 6382 12687 6382 12688 6383 12688 6354 12688 6354 12689 6383 12689 6384 12689 6354 12690 6384 12690 6352 12690 6352 12691 6384 12691 6385 12691 6352 12692 6385 12692 6349 12692 6385 12693 6386 12693 6349 12693 6349 12694 6386 12694 6387 12694 6349 12695 6387 12695 6348 12695 6348 12696 6387 12696 6388 12696 6388 12697 6389 12697 6348 12697 6348 12698 6389 12698 6390 12698 6348 12699 6390 12699 6346 12699 6346 12700 6390 12700 6391 12700 6346 12701 6391 12701 6343 12701 6343 12702 6391 12702 6392 12702 6343 12703 6392 12703 6373 12703 6334 12704 6336 12704 6332 12704 6332 12705 6336 12705 6370 12705 6332 12706 6370 12706 6329 12706 6329 12707 6370 12707 6393 12707 6329 12708 6393 12708 6371 12708 6368 12709 6381 12709 6366 12709 6366 12710 6381 12710 6394 12710 6366 12711 6394 12711 6363 12711 6363 12712 6394 12712 6395 12712 6363 12713 6395 12713 6382 12713 6372 12714 6396 12714 6362 12714 6362 12715 6396 12715 6397 12715 6362 12716 6397 12716 6360 12716 6360 12717 6397 12717 6398 12717 6360 12718 6398 12718 6358 12718 6358 12719 6398 12719 6355 12719 6398 12720 6399 12720 6355 12720 6355 12721 6399 12721 6400 12721 6355 12722 6400 12722 6368 12722 6368 12723 6400 12723 6401 12723 6368 12724 6401 12724 6380 12724 6402 12725 6403 12725 6330 12725 6404 12726 6405 12726 6335 12726 6406 12727 6407 12727 6361 12727 6361 12728 6407 12728 6408 12728 6361 12729 6408 12729 6330 12729 6330 12730 6408 12730 6409 12730 6330 12731 6409 12731 6402 12731 6335 12732 6405 12732 6338 12732 6353 12733 6410 12733 6364 12733 6364 12734 6410 12734 6411 12734 6356 12735 6367 12735 6412 12735 6331 12736 6330 12736 6333 12736 6333 12737 6330 12737 6403 12737 6333 12738 6403 12738 6335 12738 6335 12739 6403 12739 6413 12739 6335 12740 6413 12740 6404 12740 6405 12741 6414 12741 6338 12741 6338 12742 6414 12742 6415 12742 6338 12743 6415 12743 6339 12743 6339 12744 6415 12744 6416 12744 6339 12745 6416 12745 6341 12745 6411 12746 6417 12746 6364 12746 6364 12747 6417 12747 6418 12747 6364 12748 6418 12748 6365 12748 6365 12749 6418 12749 6419 12749 6365 12750 6419 12750 6367 12750 6367 12751 6419 12751 6420 12751 6367 12752 6420 12752 6412 12752 6412 12753 6421 12753 6356 12753 6356 12754 6421 12754 6422 12754 6356 12755 6422 12755 6357 12755 6357 12756 6422 12756 6406 12756 6357 12757 6406 12757 6359 12757 6359 12758 6406 12758 6361 12758 6416 12759 6423 12759 6341 12759 6341 12760 6423 12760 6424 12760 6341 12761 6424 12761 6344 12761 6344 12762 6424 12762 6425 12762 6425 12763 6426 12763 6344 12763 6344 12764 6426 12764 6427 12764 6344 12765 6427 12765 6345 12765 6345 12766 6427 12766 6428 12766 6345 12767 6428 12767 6347 12767 6428 12768 6429 12768 6347 12768 6347 12769 6429 12769 6430 12769 6347 12770 6430 12770 6350 12770 6430 12771 6431 12771 6350 12771 6350 12772 6431 12772 6432 12772 6350 12773 6432 12773 6351 12773 6351 12774 6432 12774 6433 12774 6351 12775 6433 12775 6353 12775 6353 12776 6433 12776 6434 12776 6353 12777 6434 12777 6410 12777 6398 12778 6406 12778 6399 12778 6399 12779 6406 12779 6422 12779 6399 12780 6422 12780 6400 12780 6400 12781 6422 12781 6421 12781 6400 12782 6421 12782 6401 12782 6401 12783 6421 12783 6412 12783 6401 12784 6412 12784 6380 12784 6380 12785 6412 12785 6420 12785 6380 12786 6420 12786 6381 12786 6381 12787 6420 12787 6419 12787 6381 12788 6419 12788 6394 12788 6394 12789 6419 12789 6418 12789 6394 12790 6418 12790 6395 12790 6395 12791 6418 12791 6417 12791 6395 12792 6417 12792 6382 12792 6382 12793 6417 12793 6411 12793 6382 12794 6411 12794 6383 12794 6383 12795 6411 12795 6410 12795 6383 12796 6410 12796 6384 12796 6384 12797 6410 12797 6434 12797 6384 12798 6434 12798 6385 12798 6385 12799 6434 12799 6433 12799 6385 12800 6433 12800 6386 12800 6386 12801 6433 12801 6432 12801 6386 12802 6432 12802 6387 12802 6387 12803 6432 12803 6431 12803 6387 12804 6431 12804 6388 12804 6388 12805 6431 12805 6430 12805 6388 12806 6430 12806 6389 12806 6389 12807 6430 12807 6429 12807 6389 12808 6429 12808 6390 12808 6390 12809 6429 12809 6428 12809 6390 12810 6428 12810 6391 12810 6391 12811 6428 12811 6427 12811 6391 12812 6427 12812 6392 12812 6392 12813 6427 12813 6426 12813 6392 12814 6426 12814 6373 12814 6373 12815 6426 12815 6425 12815 6373 12816 6425 12816 6374 12816 6374 12817 6425 12817 6424 12817 6374 12818 6424 12818 6375 12818 6375 12819 6424 12819 6423 12819 6375 12820 6423 12820 6376 12820 6376 12821 6423 12821 6416 12821 6376 12822 6416 12822 6377 12822 6377 12823 6416 12823 6415 12823 6377 12824 6415 12824 6378 12824 6378 12825 6415 12825 6414 12825 6378 12826 6414 12826 6379 12826 6379 12827 6414 12827 6405 12827 6379 12828 6405 12828 6369 12828 6369 12829 6405 12829 6404 12829 6369 12830 6404 12830 6370 12830 6370 12831 6404 12831 6413 12831 6370 12832 6413 12832 6393 12832 6393 12833 6413 12833 6403 12833 6393 12834 6403 12834 6371 12834 6371 12835 6403 12835 6402 12835 6371 12836 6402 12836 6372 12836 6372 12837 6402 12837 6409 12837 6372 12838 6409 12838 6396 12838 6396 12839 6409 12839 6408 12839 6396 12840 6408 12840 6397 12840 6397 12841 6408 12841 6407 12841 6397 12842 6407 12842 6398 12842 6398 12843 6407 12843 6406 12843</p>
        </triangles>
      </mesh>
    </geometry>
  </library_geometries>
  <library_visual_scenes>
    <visual_scene id="Scene" name="Scene">
      <node id="wrist3" name="wrist3" type="NODE">
        <matrix sid="transform">1 0 0 0 0 1 0 0 0 0 1 0 0 0 0 1</matrix>
        <instance_geometry url="#wrist3-mesh" name="wrist3"/>
      </node>
    </visual_scene>
  </library_visual_scenes>
  <scene>
    <instance_visual_scene url="#Scene"/>
  </scene>
</COLLADA>